dataset,repeat,alpha,delta,arm,label,fdp,pool_risk,correct,total,units,supp_units
Wainberg,0,0.05,0.5,goco-N,top2097,0.04488315961511403,0.04617441611813754,187,636,294,111
Wainberg,0,0.05,0.1,goco-N,top2097,0.04488315961511403,0.04617441611813754,187,636,294,111
Wainberg,0,0.1,0.5,goco-N,top3994,0.09421957463061303,0.0928748361108544,235,1255,539,140
Wainberg,0,0.1,0.1,goco-N,top3994,0.09421957463061303,0.0928748361108544,235,1255,539,140
Wainberg,0,0.2,0.5,goco-N,top11197,0.19494356798757553,0.1910553787362219,431,3462,1041,231
Wainberg,0,0.2,0.1,goco-N,top11197,0.19494356798757553,0.1910553787362219,431,3462,1041,231
Wainberg,1,0.05,0.5,goco-N,top1844,0.04559388128404591,0.04622274196667443,141,591,285,90
Wainberg,1,0.05,0.1,goco-N,top1844,0.04559388128404591,0.04622274196667443,141,591,285,90
Wainberg,1,0.1,0.5,goco-N,top3087,0.08485338063746675,0.08889533747606206,170,961,481,110
Wainberg,1,0.1,0.1,goco-N,top3087,0.08485338063746675,0.08889533747606206,170,961,481,110
Wainberg,1,0.2,0.5,goco-N,top9843,0.18336577708675642,0.1857919780192861,368,2939,1002,210
Wainberg,1,0.2,0.1,goco-N,top9843,0.18336577708675642,0.1857919780192861,368,2939,1002,210
Wainberg,2,0.05,0.5,goco-N,top1844,0.04603861384148424,0.047205967519017115,156,564,288,88
Wainberg,2,0.05,0.1,goco-N,top1621,0.044079795726059974,0.044492936227019934,150,501,280,87
Wainberg,2,0.1,0.5,goco-N,top3512,0.09774810457588001,0.09901384834729891,193,1098,547,112
Wainberg,2,0.1,0.1,goco-N,top3087,0.08920179300086435,0.08971020693848691,187,966,506,109
Wainberg,2,0.2,0.5,goco-N,top11197,0.19836665638427986,0.19282337591338083,364,3368,1048,194
Wainberg,2,0.2,0.1,goco-N,top11197,0.19836665638427986,0.19282337591338083,364,3368,1048,194
Wainberg,3,0.05,0.5,goco-N,top2097,0.05224629153502095,0.04796738552806087,211,676,337,110
Wainberg,3,0.05,0.1,goco-N,top2097,0.05224629153502095,0.04796738552806087,211,676,337,110
Wainberg,3,0.1,0.5,goco-N,top3994,0.10005430056084341,0.095346426153672,266,1305,585,149
Wainberg,3,0.1,0.1,goco-N,top3994,0.10005430056084341,0.095346426153672,266,1305,585,149
Wainberg,3,0.2,0.5,goco-N,top11197,0.1888271600122592,0.19123056498274466,430,3381,1024,234
Wainberg,3,0.2,0.1,goco-N,top11197,0.1888271600122592,0.19123056498274466,430,3381,1024,234
Wainberg,4,0.05,0.5,goco-N,top1844,0.045971618433627716,0.04471558076113124,206,637,301,97
Wainberg,4,0.05,0.1,goco-N,top1844,0.045971618433627716,0.04471558076113124,206,637,301,97
Wainberg,4,0.1,0.5,goco-N,top3087,0.09279751778168832,0.0897070663927857,242,1039,539,125
Wainberg,4,0.1,0.1,goco-N,top3087,0.09279751778168832,0.0897070663927857,242,1039,539,125
Wainberg,4,0.2,0.5,goco-N,top8653,0.19602296477032652,0.19288737177866308,423,2878,1070,221
Wainberg,4,0.2,0.1,goco-N,top8653,0.19602296477032652,0.19288737177866308,423,2878,1070,221
Wainberg,5,0.05,0.5,goco-N,top1844,0.04704441295302418,0.048886320620404336,175,569,308,105
Wainberg,5,0.05,0.1,goco-N,top1621,0.041367916943054125,0.04336197511012846,165,506,275,97
Wainberg,5,0.1,0.5,goco-N,top3994,0.08857890854513903,0.09053509300628126,227,1155,519,135
Wainberg,5,0.1,0.1,goco-N,top3994,0.08857890854513903,0.09053509300628126,227,1155,519,135
Wainberg,5,0.2,0.5,goco-N,top11197,0.18391567329503913,0.18454383450450818,395,3335,988,206
Wainberg,5,0.2,0.1,goco-N,top11197,0.18391567329503913,0.18454383450450818,395,3335,988,206
Wainberg,6,0.05,0.5,goco-N,top1844,0.042720205431264945,0.04461692702107756,157,519,275,87
Wainberg,6,0.05,0.1,goco-N,top1844,0.042720205431264945,0.04461692702107756,157,519,275,87
Wainberg,6,0.1,0.5,goco-N,top3994,0.08302666507077651,0.08588372193718657,218,1223,483,128
Wainberg,6,0.1,0.1,goco-N,top3994,0.08302666507077651,0.08588372193718657,218,1223,483,128
Wainberg,6,0.2,0.5,goco-N,top12736,0.19689135897948173,0.1971423961553883,408,3794,1056,228
Wainberg,6,0.2,0.1,goco-N,top11197,0.18103149309376107,0.18022769925014026,370,3353,973,209
Wainberg,7,0.05,0.5,goco-N,top1844,0.04475459990972866,0.0434918452399986,177,569,288,100
Wainberg,7,0.05,0.1,goco-N,top1844,0.04475459990972866,0.0434918452399986,177,569,288,100
Wainberg,7,0.1,0.5,goco-N,top3087,0.09268395527365557,0.09132830236945608,202,956,530,120
Wainberg,7,0.1,0.1,goco-N,top3087,0.09268395527365557,0.09132830236945608,202,956,530,120
Wainberg,7,0.2,0.5,goco-N,top9843,0.19984258606753827,0.19742383652317236,336,3013,1073,208
Wainberg,7,0.2,0.1,goco-N,top8653,0.1893061695351691,0.1866510139997136,315,2673,1020,193
Wainberg,8,0.05,0.5,goco-N,top2386,0.05865821423546202,0.052841558137020676,257,841,375,129
Wainberg,8,0.05,0.1,goco-N,top2097,0.049073766976890656,0.04459839336026462,253,740,330,127
Wainberg,8,0.1,0.5,goco-N,top4544,0.10239870818173899,0.09688742550684161,321,1536,599,167
Wainberg,8,0.1,0.1,goco-N,top4544,0.10239870818173899,0.09688742550684161,321,1536,599,167
Wainberg,8,0.2,0.5,goco-N,top11197,0.18581547147682353,0.18612474777677493,493,3527,1016,240
Wainberg,8,0.2,0.1,goco-N,top11197,0.18581547147682353,0.18612474777677493,493,3527,1016,240
Wainberg,9,0.05,0.5,goco-N,top2097,0.05024806770347403,0.045730213282356456,218,766,327,114
Wainberg,9,0.05,0.1,goco-N,top2097,0.05024806770347403,0.045730213282356456,218,766,327,114
Wainberg,9,0.1,0.5,goco-N,top4544,0.10098087094182492,0.09910669937402264,283,1586,579,152
Wainberg,9,0.1,0.1,goco-N,top3994,0.08714508538549136,0.08388778140013056,270,1411,509,142
Wainberg,9,0.2,0.5,goco-N,top11197,0.18778012826539786,0.18371559835764242,456,3674,1011,235
Wainberg,9,0.2,0.1,goco-N,top11197,0.18778012826539786,0.18371559835764242,456,3674,1011,235
Wainberg,10,0.05,0.5,goco-N,top2386,0.051271900089966786,0.05011489555383144,213,748,325,109
Wainberg,10,0.05,0.1,goco-N,top2097,0.048347774007335004,0.045825668610423725,201,657,310,105
Wainberg,10,0.1,0.5,goco-N,top5169,0.09436358983726979,0.09701244642964514,294,1581,542,145
Wainberg,10,0.1,0.1,goco-N,top4544,0.08545333295846078,0.08705938410567261,285,1436,498,142
Wainberg,10,0.2,0.5,goco-N,top12736,0.1959079880409777,0.1974272899752554,476,3852,1053,228
Wainberg,10,0.2,0.1,goco-N,top11197,0.17662932948343785,0.17768748906286722,441,3405,957,213
Wainberg,11,0.05,0.5,goco-N,top1844,0.04606022231602645,0.04702787129624977,145,561,283,78
Wainberg,11,0.05,0.1,goco-N,top1621,0.040410862529900095,0.04185107951024236,131,488,252,70
Wainberg,11,0.1,0.5,goco-N,top3087,0.08663808987785349,0.08998087756617479,174,933,491,101
Wainberg,11,0.1,0.1,goco-N,top3087,0.08663808987785349,0.08998087756617479,174,933,491,101
Wainberg,11,0.2,0.5,goco-N,top9843,0.1861188965259931,0.18955305722291355,334,2813,997,192
Wainberg,11,0.2,0.1,goco-N,top9843,0.1861188965259931,0.18955305722291355,334,2813,997,192
Wainberg,12,0.05,0.5,goco-N,top2097,0.054536409137506646,0.04902879353811467,172,718,337,105
Wainberg,12,0.05,0.1,goco-N,top2097,0.054536409137506646,0.04902879353811467,172,718,337,105
Wainberg,12,0.1,0.5,goco-N,top3994,0.10272286634148178,0.09517458027570584,217,1353,581,136
Wainberg,12,0.1,0.1,goco-N,top3994,0.10272286634148178,0.09517458027570584,217,1353,581,136
Wainberg,12,0.2,0.5,goco-N,top11197,0.1967302285440368,0.19143993543092577,393,3554,1047,217
Wainberg,12,0.2,0.1,goco-N,top11197,0.1967302285440368,0.19143993543092577,393,3554,1047,217
Wainberg,13,0.05,0.5,goco-N,top1844,0.044371327396865605,0.045264435216950165,173,590,279,92
Wainberg,13,0.05,0.1,goco-N,top1844,0.044371327396865605,0.045264435216950165,173,590,279,92
Wainberg,13,0.1,0.5,goco-N,top3512,0.09678157837191184,0.09547562200569586,201,1177,533,110
Wainberg,13,0.1,0.1,goco-N,top3512,0.09678157837191184,0.09547562200569586,201,1177,533,110
Wainberg,13,0.2,0.5,goco-N,top11197,0.19160576342213073,0.18917934447780804,365,3336,1015,192
Wainberg,13,0.2,0.1,goco-N,top11197,0.19160576342213073,0.18917934447780804,365,3336,1015,192
Wainberg,14,0.05,0.5,goco-N,top2097,0.05223266953955009,0.050222795143653395,191,717,332,111
Wainberg,14,0.05,0.1,goco-N,top1844,0.048804871082203286,0.04536999991449516,183,642,313,104
Wainberg,14,0.1,0.5,goco-N,top3512,0.08643270590915415,0.08541137631917876,217,1182,500,132
Wainberg,14,0.1,0.1,goco-N,top3512,0.08643270590915415,0.08541137631917876,217,1182,500,132
Wainberg,14,0.2,0.5,goco-N,top11197,0.1907466487009543,0.1914299991713688,379,3391,1014,204
Wainberg,14,0.2,0.1,goco-N,top11197,0.1907466487009543,0.1914299991713688,379,3391,1014,204
Wainberg,15,0.05,0.5,goco-N,top2097,0.04699896510787182,0.048172832365586504,178,639,301,102
Wainberg,15,0.05,0.1,goco-N,top1844,0.04299985929365414,0.04399719013155524,164,568,278,95
Wainberg,15,0.1,0.5,goco-N,top3994,0.08905089739302488,0.09065814759934476,242,1254,513,135
Wainberg,15,0.1,0.1,goco-N,top3994,0.08905089739302488,0.09065814759934476,242,1254,513,135
Wainberg,15,0.2,0.5,goco-N,top11197,0.19003154648089604,0.1886695785756751,402,3335,1012,203
Wainberg,15,0.2,0.1,goco-N,top11197,0.19003154648089604,0.1886695785756751,402,3335,1012,203
Wainberg,16,0.05,0.5,goco-N,top1621,0.03782186576614606,0.040479495296589924,118,451,241,79
Wainberg,16,0.05,0.1,goco-N,top1621,0.03782186576614606,0.040479495296589924,118,451,241,79
Wainberg,16,0.1,0.5,goco-N,top3087,0.09653510623329112,0.09783716576541057,155,927,537,107
Wainberg,16,0.1,0.1,goco-N,top2714,0.08514140987758549,0.08705194559221995,143,809,479,98
Wainberg,16,0.2,0.5,goco-N,top8653,0.1907253503496644,0.1929432881965418,281,2643,1012,183
Wainberg,16,0.2,0.1,goco-N,top8653,0.1907253503496644,0.1929432881965418,281,2643,1012,183
Wainberg,17,0.05,0.5,goco-N,top1844,0.04903925280666522,0.046619784386849,161,586,296,83
Wainberg,17,0.05,0.1,goco-N,top1844,0.04903925280666522,0.046619784386849,161,586,296,83
Wainberg,17,0.1,0.5,goco-N,top3512,0.0901012019732999,0.08673537359210387,208,1164,509,116
Wainberg,17,0.1,0.1,goco-N,top3512,0.0901012019732999,0.08673537359210387,208,1164,509,116
Wainberg,17,0.2,0.5,goco-N,top11197,0.20100876462202075,0.19401469257354348,403,3570,1064,213
Wainberg,17,0.2,0.1,goco-N,top11197,0.20100876462202075,0.19401469257354348,403,3570,1064,213
Wainberg,18,0.05,0.5,goco-N,top1844,0.04609577960147821,0.04706944050595123,184,602,296,101
Wainberg,18,0.05,0.1,goco-N,top1621,0.04286638622856436,0.04228620287361054,167,519,276,93
Wainberg,18,0.1,0.5,goco-N,top3512,0.09957032386358486,0.09910712945897403,224,1153,558,125
Wainberg,18,0.1,0.1,goco-N,top3087,0.08332753506380998,0.08485477474759714,219,1010,482,122
Wainberg,18,0.2,0.5,goco-N,top9843,0.19150863558841608,0.19038190394778295,404,3068,1024,209
Wainberg,18,0.2,0.1,goco-N,top9843,0.19150863558841608,0.19038190394778295,404,3068,1024,209
Wainberg,19,0.05,0.5,goco-N,top1844,0.048420403760209584,0.045947900440513875,173,607,311,108
Wainberg,19,0.05,0.1,goco-N,top1844,0.048420403760209584,0.045947900440513875,173,607,311,108
Wainberg,19,0.1,0.5,goco-N,top3512,0.10116015732309527,0.09973683622821856,235,1130,591,151
Wainberg,19,0.1,0.1,goco-N,top3087,0.0895811976120123,0.08879774327364899,219,1003,528,140
Wainberg,19,0.2,0.5,goco-N,top9843,0.19477636271378357,0.19320265403674602,384,3108,1044,215
Wainberg,19,0.2,0.1,goco-N,top9843,0.19477636271378357,0.19320265403674602,384,3108,1044,215
Wainberg,20,0.05,0.5,goco-N,top1844,0.04360295325892625,0.04688342366587178,204,579,295,108
Wainberg,20,0.05,0.1,goco-N,top1621,0.03796086658053733,0.040518459049060526,181,499,257,93
Wainberg,20,0.1,0.5,goco-N,top3512,0.09270271553407898,0.09636217897473615,257,1109,545,138
Wainberg,20,0.1,0.1,goco-N,top3087,0.07784814559297464,0.08262760952261479,250,964,474,134
Wainberg,20,0.2,0.5,goco-N,top11197,0.19841065797401472,0.19888329726493825,409,3344,1065,216
Wainberg,20,0.2,0.1,goco-N,top9843,0.18146758813034836,0.18455185049615072,391,2971,981,201
Wainberg,21,0.05,0.5,goco-N,top1844,0.05083670023518061,0.047718892863106724,136,600,311,88
Wainberg,21,0.05,0.1,goco-N,top1844,0.05083670023518061,0.047718892863106724,136,600,311,88
Wainberg,21,0.1,0.5,goco-N,top3994,0.1008726306056403,0.09929181773008718,200,1196,567,125
Wainberg,21,0.1,0.1,goco-N,top3512,0.09088072122052704,0.089403174501662,182,1064,516,117
Wainberg,21,0.2,0.5,goco-N,top11197,0.19295056253005746,0.1940438312239864,400,3305,1031,211
Wainberg,21,0.2,0.1,goco-N,top11197,0.19295056253005746,0.1940438312239864,400,3305,1031,211
Wainberg,22,0.05,0.5,goco-N,top1844,0.052416151809355695,0.04691508065936487,187,640,342,110
Wainberg,22,0.05,0.1,goco-N,top1844,0.052416151809355695,0.04691508065936487,187,640,342,110
Wainberg,22,0.1,0.5,goco-N,top3512,0.10505883474435605,0.10131666141339023,266,1182,622,162
Wainberg,22,0.1,0.1,goco-N,top3087,0.09337669037964522,0.08898679524251105,258,1052,568,158
Wainberg,22,0.2,0.5,goco-N,top9843,0.20478665439630223,0.2004450666237457,445,3097,1119,254
Wainberg,22,0.2,0.1,goco-N,top8653,0.19139361939594104,0.1887072643228113,412,2747,1052,234
Wainberg,23,0.05,0.5,goco-N,top2097,0.05120587927151878,0.04989306410164659,209,697,328,108
Wainberg,23,0.05,0.1,goco-N,top1844,0.043341567091039444,0.04240300345295069,199,606,290,105
Wainberg,23,0.1,0.5,goco-N,top3512,0.08608403579910545,0.08358705643440079,235,1159,501,125
Wainberg,23,0.1,0.1,goco-N,top3512,0.08608403579910545,0.08358705643440079,235,1159,501,125
Wainberg,23,0.2,0.5,goco-N,top11197,0.18891772294579232,0.18798763112195657,433,3474,1018,213
Wainberg,23,0.2,0.1,goco-N,top11197,0.18891772294579232,0.18798763112195657,433,3474,1018,213
Wainberg,24,0.05,0.5,goco-N,top1844,0.04661450481416712,0.04684022020110659,190,593,312,110
Wainberg,24,0.05,0.1,goco-N,top1844,0.04661450481416712,0.04684022020110659,190,593,312,110
Wainberg,24,0.1,0.5,goco-N,top5169,0.0966317080003179,0.09851444891680282,286,1548,565,157
Wainberg,24,0.1,0.1,goco-N,top4544,0.08571584221828052,0.08779959879355875,277,1362,514,155
Wainberg,24,0.2,0.5,goco-N,top12736,0.1888637271128822,0.18877613480027,460,3663,1023,237
Wainberg,24,0.2,0.1,goco-N,top12736,0.1888637271128822,0.18877613480027,460,3663,1023,237
Wainberg,25,0.05,0.5,goco-N,top1621,0.04363655550865344,0.0451090397467464,134,465,287,95
Wainberg,25,0.05,0.1,goco-N,top1621,0.04363655550865344,0.0451090397467464,134,465,287,95
Wainberg,25,0.1,0.5,goco-N,top2714,0.08950154776980443,0.0913402453254722,153,815,511,108
Wainberg,25,0.1,0.1,goco-N,top2714,0.08950154776980443,0.0913402453254722,153,815,511,108
Wainberg,25,0.2,0.5,goco-N,top8653,0.19353493874916416,0.19272601293767833,306,2664,1029,185
Wainberg,25,0.2,0.1,goco-N,top8653,0.19353493874916416,0.19272601293767833,306,2664,1029,185
Wainberg,26,0.05,0.5,goco-N,top1621,0.046361735914289735,0.04433194311843625,151,538,298,92
Wainberg,26,0.05,0.1,goco-N,top1621,0.046361735914289735,0.04433194311843625,151,538,298,92
Wainberg,26,0.1,0.5,goco-N,top3087,0.09974854070464033,0.0996033598636483,196,991,568,118
Wainberg,26,0.1,0.1,goco-N,top2714,0.08789403106625562,0.08826026496269197,190,876,510,115
Wainberg,26,0.2,0.5,goco-N,top8653,0.19292553923727415,0.19201402673615126,347,2654,1034,194
Wainberg,26,0.2,0.1,goco-N,top8653,0.19292553923727415,0.19201402673615126,347,2654,1034,194
Wainberg,27,0.05,0.5,goco-N,top1844,0.04505768960180104,0.04641157060784215,165,561,294,101
Wainberg,27,0.05,0.1,goco-N,top1844,0.04505768960180104,0.04641157060784215,165,561,294,101
Wainberg,27,0.1,0.5,goco-N,top3512,0.09881672663437119,0.09866500287534406,231,1084,577,147
Wainberg,27,0.1,0.1,goco-N,top3087,0.08693524827969741,0.08822035743597476,215,951,514,138
Wainberg,27,0.2,0.5,goco-N,top8653,0.18262656566265684,0.18438883623899452,350,2616,987,203
Wainberg,27,0.2,0.1,goco-N,top8653,0.18262656566265684,0.18438883623899452,350,2616,987,203
Wainberg,28,0.05,0.5,goco-N,top1844,0.05372804813497089,0.05077921824140607,173,606,333,92
Wainberg,28,0.05,0.1,goco-N,top1621,0.04339668469047954,0.041004165061498864,158,523,281,86
Wainberg,28,0.1,0.5,goco-N,top2714,0.08926862851514603,0.08654897297176578,186,886,509,103
Wainberg,28,0.1,0.1,goco-N,top2714,0.08926862851514603,0.08654897297176578,186,886,509,103
Wainberg,28,0.2,0.5,goco-N,top7607,0.20129653131447137,0.19663022032877817,318,2470,1078,186
Wainberg,28,0.2,0.1,goco-N,top7607,0.20129653131447137,0.19663022032877817,318,2470,1078,186
Wainberg,29,0.05,0.5,goco-N,top1621,0.04164620028908758,0.041647233448147976,169,504,270,86
Wainberg,29,0.05,0.1,goco-N,top1621,0.04164620028908758,0.041647233448147976,169,504,270,86
Wainberg,29,0.1,0.5,goco-N,top3087,0.09466655946183174,0.09685400346321907,212,963,532,110
Wainberg,29,0.1,0.1,goco-N,top2714,0.0818059994505752,0.08368079608670533,203,856,470,106
Wainberg,29,0.2,0.5,goco-N,top9843,0.2011631654307889,0.19847956514505932,375,3032,1064,199
Wainberg,29,0.2,0.1,goco-N,top8653,0.18813357975451686,0.1872627962181251,338,2678,998,183
Wainberg,30,0.05,0.5,goco-N,top1844,0.04809041387766588,0.04824238312982597,176,607,312,100
Wainberg,30,0.05,0.1,goco-N,top1621,0.04361011508542112,0.044676127600855,158,528,283,90
Wainberg,30,0.1,0.5,goco-N,top4544,0.0989535278100851,0.09934105433559309,260,1429,565,141
Wainberg,30,0.1,0.1,goco-N,top3994,0.09442087156312567,0.09316735185711618,252,1298,547,137
Wainberg,30,0.2,0.5,goco-N,top12736,0.20399259295030034,0.20039964756111472,451,3752,1085,218
Wainberg,30,0.2,0.1,goco-N,top11197,0.18392510100082732,0.18257936847876574,418,3308,991,213
Wainberg,31,0.05,0.5,goco-N,top1844,0.04069366096592775,0.043630801492939665,197,602,263,95
Wainberg,31,0.05,0.1,goco-N,top1844,0.04069366096592775,0.043630801492939665,197,602,263,95
Wainberg,31,0.1,0.5,goco-N,top3994,0.08973079327923145,0.09565402478155162,249,1299,512,130
Wainberg,31,0.1,0.1,goco-N,top3512,0.07739851021826538,0.08201309942325026,242,1148,451,124
Wainberg,31,0.2,0.5,goco-N,top11197,0.18068528079913368,0.1851448859463675,402,3377,963,209
Wainberg,31,0.2,0.1,goco-N,top11197,0.18068528079913368,0.1851448859463675,402,3377,963,209
Wainberg,32,0.05,0.5,goco-N,top2097,0.05162180814354727,0.048990843056970386,196,705,320,103
Wainberg,32,0.05,0.1,goco-N,top1844,0.04430398935992012,0.04135378456693969,177,615,278,94
Wainberg,32,0.1,0.5,goco-N,top3512,0.10644139641606927,0.10066042762490177,243,1172,601,137
Wainberg,32,0.1,0.1,goco-N,top3087,0.09220109190560856,0.08865576269199203,231,1024,529,127
Wainberg,32,0.2,0.5,goco-N,top9843,0.2072233298805692,0.1991985210240574,385,3077,1106,222
Wainberg,32,0.2,0.1,goco-N,top8653,0.1959619530720206,0.18783126466295655,369,2725,1054,212
Wainberg,33,0.05,0.5,goco-N,top1844,0.04434159480592575,0.044190074200626435,164,574,292,102
Wainberg,33,0.05,0.1,goco-N,top1844,0.04434159480592575,0.044190074200626435,164,574,292,102
Wainberg,33,0.1,0.5,goco-N,top5879,0.1022347311709912,0.10016589263577956,301,1877,584,159
Wainberg,33,0.1,0.1,goco-N,top5169,0.09144264259027873,0.09064238096896719,283,1639,532,152
Wainberg,33,0.2,0.5,goco-N,top12736,0.18817415502003126,0.18831151257647946,462,3928,1013,228
Wainberg,33,0.2,0.1,goco-N,top12736,0.18817415502003126,0.18831151257647946,462,3928,1013,228
Wainberg,34,0.05,0.5,goco-N,top1844,0.041616642819682075,0.04463395829558334,158,554,268,91
Wainberg,34,0.05,0.1,goco-N,top1844,0.041616642819682075,0.04463395829558334,158,554,268,91
Wainberg,34,0.1,0.5,goco-N,top4544,0.09150842532543672,0.09430439533499681,260,1308,537,148
Wainberg,34,0.1,0.1,goco-N,top4544,0.09150842532543672,0.09430439533499681,260,1308,537,148
Wainberg,34,0.2,0.5,goco-N,top11197,0.17942296869069016,0.18515139107565007,425,3256,969,223
Wainberg,34,0.2,0.1,goco-N,top11197,0.17942296869069016,0.18515139107565007,425,3256,969,223
Wainberg,35,0.05,0.5,goco-N,top1621,0.03826056805161913,0.04136154266650222,166,491,264,100
Wainberg,35,0.05,0.1,goco-N,top1621,0.03826056805161913,0.04136154266650222,166,491,264,100
Wainberg,35,0.1,0.5,goco-N,top3087,0.09276233358124451,0.09340088234741768,216,993,545,136
Wainberg,35,0.1,0.1,goco-N,top3087,0.09276233358124451,0.09340088234741768,216,993,545,136
Wainberg,35,0.2,0.5,goco-N,top9843,0.1942941532694593,0.19501510719181575,413,3018,1051,223
Wainberg,35,0.2,0.1,goco-N,top8653,0.18200186029438875,0.18188358413384795,388,2686,995,218
Wainberg,36,0.05,0.5,goco-N,top2097,0.04447074313051519,0.046693568030805,155,602,276,91
Wainberg,36,0.05,0.1,goco-N,top1844,0.039316535675758976,0.04116054483634298,150,535,252,89
Wainberg,36,0.1,0.5,goco-N,top4544,0.08264371995904288,0.08798382629557239,208,1337,471,127
Wainberg,36,0.1,0.1,goco-N,top4544,0.08264371995904288,0.08798382629557239,208,1337,471,127
Wainberg,36,0.2,0.5,goco-N,top12736,0.18076046796281198,0.1898723901949783,433,3762,974,226
Wainberg,36,0.2,0.1,goco-N,top12736,0.18076046796281198,0.1898723901949783,433,3762,974,226
Wainberg,37,0.05,0.5,goco-N,top1844,0.05142069833922937,0.048984381195074124,183,615,333,111
Wainberg,37,0.05,0.1,goco-N,top1621,0.04422306622602106,0.04217883515632372,171,538,295,103
Wainberg,37,0.1,0.5,goco-N,top3087,0.0939925242901182,0.09728873200118365,200,969,543,126
Wainberg,37,0.1,0.1,goco-N,top2714,0.08265661804074637,0.08549612754853697,197,852,488,123
Wainberg,37,0.2,0.5,goco-N,top9843,0.19632471632979848,0.19775405365380472,385,3097,1057,214
Wainberg,37,0.2,0.1,goco-N,top8653,0.1838913166263703,0.18424648014839667,335,2722,990,189
Wainberg,38,0.05,0.5,goco-N,top1844,0.03850605037287182,0.04223797697592984,137,525,242,79
Wainberg,38,0.05,0.1,goco-N,top1844,0.03850605037287182,0.04223797697592984,137,525,242,79
Wainberg,38,0.1,0.5,goco-N,top3994,0.09269959555945204,0.09661930382120322,199,1187,516,118
Wainberg,38,0.1,0.1,goco-N,top3512,0.07925938209813263,0.08498020758309187,190,1033,452,114
Wainberg,38,0.2,0.5,goco-N,top11197,0.18771337186424772,0.18923974711803998,390,3144,993,196
Wainberg,38,0.2,0.1,goco-N,top11197,0.18771337186424772,0.18923974711803998,390,3144,993,196
Wainberg,39,0.05,0.5,goco-N,top2097,0.045354261727203894,0.047393849555298725,202,660,306,118
Wainberg,39,0.05,0.1,goco-N,top1844,0.0404468766541371,0.04276211692321435,193,586,281,113
Wainberg,39,0.1,0.5,goco-N,top3994,0.09430599564358534,0.09366305685950428,231,1258,540,135
Wainberg,39,0.1,0.1,goco-N,top3994,0.09430599564358534,0.09366305685950428,231,1258,540,135
Wainberg,39,0.2,0.5,goco-N,top11197,0.17826853019678107,0.18496884206943132,439,3444,964,225
Wainberg,39,0.2,0.1,goco-N,top11197,0.17826853019678107,0.18496884206943132,439,3444,964,225
Wainberg,40,0.05,0.5,goco-N,top1844,0.048562669214843125,0.04924062044181636,144,546,299,88
Wainberg,40,0.05,0.1,goco-N,top1621,0.04504562905787051,0.04421395952700912,134,496,276,79
Wainberg,40,0.1,0.5,goco-N,top3512,0.09116638134156074,0.09501042958016744,179,1027,509,105
Wainberg,40,0.1,0.1,goco-N,top3087,0.08510604177024607,0.08836824521198938,173,911,480,101
Wainberg,40,0.2,0.5,goco-N,top9843,0.19071180272343743,0.18992872353509493,321,2908,1018,188
Wainberg,40,0.2,0.1,goco-N,top9843,0.19071180272343743,0.18992872353509493,321,2908,1018,188
Wainberg,41,0.05,0.5,goco-N,top1621,0.044786829886027855,0.0462110781702762,138,494,296,102
Wainberg,41,0.05,0.1,goco-N,top1621,0.044786829886027855,0.0462110781702762,138,494,296,102
Wainberg,41,0.1,0.5,goco-N,top3087,0.0916214782825167,0.09035959838808942,199,981,544,142
Wainberg,41,0.1,0.1,goco-N,top3087,0.0916214782825167,0.09035959838808942,199,981,544,142
Wainberg,41,0.2,0.5,goco-N,top9843,0.19662091825520717,0.19328094821796765,412,3152,1067,235
Wainberg,41,0.2,0.1,goco-N,top9843,0.19662091825520717,0.19328094821796765,412,3152,1067,235
Wainberg,42,0.05,0.5,goco-N,top1844,0.043050549656712594,0.043723685761470156,181,603,280,94
Wainberg,42,0.05,0.1,goco-N,top1844,0.043050549656712594,0.043723685761470156,181,603,280,94
Wainberg,42,0.1,0.5,goco-N,top3512,0.09127614213093319,0.09495612711211504,211,1142,514,112
Wainberg,42,0.1,0.1,goco-N,top3087,0.07770602011843042,0.08124513242258583,202,1000,445,106
Wainberg,42,0.2,0.5,goco-N,top11197,0.19421704668597747,0.195909607696164,401,3374,1041,211
Wainberg,42,0.2,0.1,goco-N,top9843,0.1806346012577545,0.18239915902782064,378,2988,973,196
Wainberg,43,0.05,0.5,goco-N,top2097,0.0505031926939905,0.049267130259040205,154,619,311,87
Wainberg,43,0.05,0.1,goco-N,top1844,0.04148039826596179,0.04173031918205824,149,531,265,82
Wainberg,43,0.1,0.5,goco-N,top3512,0.09064235797034446,0.09348491759149516,171,1078,502,97
Wainberg,43,0.1,0.1,goco-N,top3512,0.09064235797034446,0.09348491759149516,171,1078,502,97
Wainberg,43,0.2,0.5,goco-N,top11197,0.19124385207033132,0.19097151883974328,367,3470,1017,195
Wainberg,43,0.2,0.1,goco-N,top11197,0.19124385207033132,0.19097151883974328,367,3470,1017,195
Wainberg,44,0.05,0.5,goco-N,top1621,0.05217625814924253,0.0484245216435736,139,516,323,95
Wainberg,44,0.05,0.1,goco-N,top1621,0.05217625814924253,0.0484245216435736,139,516,323,95
Wainberg,44,0.1,0.5,goco-N,top2714,0.0946635443258491,0.09381687033525399,171,868,541,119
Wainberg,44,0.1,0.1,goco-N,top2714,0.0946635443258491,0.09381687033525399,171,868,541,119
Wainberg,44,0.2,0.5,goco-N,top8653,0.2023084274667221,0.1946333526414797,319,2673,1075,196
Wainberg,44,0.2,0.1,goco-N,top8653,0.2023084274667221,0.1946333526414797,319,2673,1075,196
Wainberg,45,0.05,0.5,goco-N,top1844,0.046603758560280296,0.046152792472701015,180,593,299,99
Wainberg,45,0.05,0.1,goco-N,top1844,0.046603758560280296,0.046152792472701015,180,593,299,99
Wainberg,45,0.1,0.5,goco-N,top3512,0.08679518150814056,0.08908698182264836,244,1081,514,141
Wainberg,45,0.1,0.1,goco-N,top3512,0.08679518150814056,0.08908698182264836,244,1081,514,141
Wainberg,45,0.2,0.5,goco-N,top11197,0.1917479573677503,0.19664073384973507,428,3271,1039,229
Wainberg,45,0.2,0.1,goco-N,top9843,0.17746388972075472,0.18222353713600478,400,2852,974,219
Wainberg,46,0.05,0.5,goco-N,top1844,0.03806097635772604,0.04256014279229193,211,567,277,115
Wainberg,46,0.05,0.1,goco-N,top1844,0.03806097635772604,0.04256014279229193,211,567,277,115
Wainberg,46,0.1,0.5,goco-N,top3994,0.0935471855427533,0.09589385439781667,309,1279,573,171
Wainberg,46,0.1,0.1,goco-N,top3512,0.08235852311939268,0.08566041534076653,300,1122,521,169
Wainberg,46,0.2,0.5,goco-N,top9843,0.19386177053550355,0.19195278436127522,426,3114,1055,230
Wainberg,46,0.2,0.1,goco-N,top9843,0.19386177053550355,0.19195278436127522,426,3114,1055,230
Wainberg,47,0.05,0.5,goco-N,top1844,0.040858023946880005,0.04498081412080709,193,563,283,108
Wainberg,47,0.05,0.1,goco-N,top1844,0.040858023946880005,0.04498081412080709,193,563,283,108
Wainberg,47,0.1,0.5,goco-N,top3994,0.08567886548046953,0.0900170467017478,272,1300,514,150
Wainberg,47,0.1,0.1,goco-N,top3994,0.08567886548046953,0.0900170467017478,272,1300,514,150
Wainberg,47,0.2,0.5,goco-N,top11197,0.18704296737019316,0.19439284850011496,440,3408,1015,223
Wainberg,47,0.2,0.1,goco-N,top9843,0.17202446096095708,0.17798694549177269,413,3019,942,212
Wainberg,48,0.05,0.5,goco-N,top1621,0.033962994231039816,0.03951272688697943,145,434,236,88
Wainberg,48,0.05,0.1,goco-N,top1621,0.033962994231039816,0.03951272688697943,145,434,236,88
Wainberg,48,0.1,0.5,goco-N,top3512,0.07984551731066471,0.08945393536286217,214,1044,479,136
Wainberg,48,0.1,0.1,goco-N,top3512,0.07984551731066471,0.08945393536286217,214,1044,479,136
Wainberg,48,0.2,0.5,goco-N,top11197,0.18853052788166033,0.1942647704183343,439,3429,1025,230
Wainberg,48,0.2,0.1,goco-N,top9843,0.1738871890380615,0.17890662120523773,385,3017,944,204
Wainberg,49,0.05,0.5,goco-N,top1425,0.0429682003658365,0.043696045424853024,148,457,287,99
Wainberg,49,0.05,0.1,goco-N,top1425,0.0429682003658365,0.043696045424853024,148,457,287,99
Wainberg,49,0.1,0.5,goco-N,top2714,0.08469935744102058,0.08811899457872022,209,845,518,144
Wainberg,49,0.1,0.1,goco-N,top2714,0.08469935744102058,0.08811899457872022,209,845,518,144
Wainberg,49,0.2,0.5,goco-N,top8653,0.19590758352025206,0.1950666791522557,338,2761,1058,211
Wainberg,49,0.2,0.1,goco-N,top8653,0.19590758352025206,0.1950666791522557,338,2761,1058,211
Wainberg,50,0.05,0.5,goco-N,top2097,0.05245666579562738,0.04935165178745903,210,696,336,108
Wainberg,50,0.05,0.1,goco-N,top1844,0.04626273894952663,0.04493459290152924,194,607,303,103
Wainberg,50,0.1,0.5,goco-N,top3512,0.09880132882454536,0.09818711128243313,248,1144,565,129
Wainberg,50,0.1,0.1,goco-N,top3087,0.08035571904292883,0.08029180301076186,245,999,476,126
Wainberg,50,0.2,0.5,goco-N,top9843,0.18619048910489783,0.18697951037951227,452,3040,1007,220
Wainberg,50,0.2,0.1,goco-N,top9843,0.18619048910489783,0.18697951037951227,452,3040,1007,220
Wainberg,51,0.05,0.5,goco-N,top2097,0.04626845997677572,0.0480114353540312,190,699,297,104
Wainberg,51,0.05,0.1,goco-N,top1844,0.043370424074307565,0.04436980223825106,178,617,283,99
Wainberg,51,0.1,0.5,goco-N,top4544,0.08693461498850616,0.08853603878977333,266,1510,507,144
Wainberg,51,0.1,0.1,goco-N,top4544,0.08693461498850616,0.08853603878977333,266,1510,507,144
Wainberg,51,0.2,0.5,goco-N,top12736,0.18869749961008214,0.19099331199291414,512,3881,1024,243
Wainberg,51,0.2,0.1,goco-N,top12736,0.18869749961008214,0.19099331199291414,512,3881,1024,243
Wainberg,52,0.05,0.5,goco-N,top2097,0.04879332887458679,0.04907434165084534,184,651,315,108
Wainberg,52,0.05,0.1,goco-N,top1844,0.043080651232825146,0.04192411469407601,174,576,283,101
Wainberg,52,0.1,0.5,goco-N,top4544,0.09735854672272992,0.09852927332174606,254,1411,562,153
Wainberg,52,0.1,0.1,goco-N,top3994,0.08139023427911143,0.08412112626498838,244,1246,488,149
Wainberg,52,0.2,0.5,goco-N,top11197,0.18423060376488476,0.18830067705515988,437,3418,992,225
Wainberg,52,0.2,0.1,goco-N,top11197,0.18423060376488476,0.18830067705515988,437,3418,992,225
Wainberg,53,0.05,0.5,goco-N,top2097,0.055141979403271084,0.051051863587503236,206,697,351,112
Wainberg,53,0.05,0.1,goco-N,top1844,0.046558892306042994,0.04341448620555197,195,602,306,106
Wainberg,53,0.1,0.5,goco-N,top3994,0.10208203866392974,0.09859054954052553,272,1346,583,146
Wainberg,53,0.1,0.1,goco-N,top3512,0.09389485215783232,0.09030421008830311,258,1188,545,141
Wainberg,53,0.2,0.5,goco-N,top11197,0.19465142485562656,0.18940251254643456,447,3497,1059,239
Wainberg,53,0.2,0.1,goco-N,top11197,0.19465142485562656,0.18940251254643456,447,3497,1059,239
Wainberg,54,0.05,0.5,goco-N,top1621,0.041199900423201395,0.04183802635789974,137,467,270,85
Wainberg,54,0.05,0.1,goco-N,top1621,0.041199900423201395,0.04183802635789974,137,467,270,85
Wainberg,54,0.1,0.5,goco-N,top3087,0.09534362499748737,0.09434955809032487,178,931,536,108
Wainberg,54,0.1,0.1,goco-N,top3087,0.09534362499748737,0.09434955809032487,178,931,536,108
Wainberg,54,0.2,0.5,goco-N,top9843,0.19501912837739568,0.1978752474161583,350,2893,1048,206
Wainberg,54,0.2,0.1,goco-N,top8653,0.18369487444550142,0.1869938032255723,321,2559,989,189
Wainberg,55,0.05,0.5,goco-N,top1844,0.0452874262129222,0.04587335515932069,209,601,308,116
Wainberg,55,0.05,0.1,goco-N,top1844,0.0452874262129222,0.04587335515932069,209,601,308,116
Wainberg,55,0.1,0.5,goco-N,top3087,0.0950814985164922,0.09253719919038245,242,1039,556,136
Wainberg,55,0.1,0.1,goco-N,top3087,0.0950814985164922,0.09253719919038245,242,1039,556,136
Wainberg,55,0.2,0.5,goco-N,top9843,0.1872768128571988,0.19225597719872833,424,3221,1027,233
Wainberg,55,0.2,0.1,goco-N,top9843,0.1872768128571988,0.19225597719872833,424,3221,1027,233
Wainberg,56,0.05,0.5,goco-N,top1621,0.04145175447412678,0.042842849884707074,153,485,267,84
Wainberg,56,0.05,0.1,goco-N,top1621,0.04145175447412678,0.042842849884707074,153,485,267,84
Wainberg,56,0.1,0.5,goco-N,top3087,0.09277737880523866,0.09395671452477643,179,986,524,107
Wainberg,56,0.1,0.1,goco-N,top3087,0.09277737880523866,0.09395671452477643,179,986,524,107
Wainberg,56,0.2,0.5,goco-N,top9843,0.19163112590787998,0.1896010603186864,343,3082,1011,182
Wainberg,56,0.2,0.1,goco-N,top9843,0.19163112590787998,0.1896010603186864,343,3082,1011,182
Wainberg,57,0.05,0.5,goco-N,top2097,0.04790087907964649,0.04797112960617042,209,674,307,106
Wainberg,57,0.05,0.1,goco-N,top1844,0.04245512472612515,0.0423062272282888,196,599,280,102
Wainberg,57,0.1,0.5,goco-N,top4544,0.09917480858806313,0.09470899522957209,310,1415,574,155
Wainberg,57,0.1,0.1,goco-N,top4544,0.09917480858806313,0.09470899522957209,310,1415,574,155
Wainberg,57,0.2,0.5,goco-N,top12736,0.20349758415669597,0.1991164554216422,488,3911,1087,225
Wainberg,57,0.2,0.1,goco-N,top11197,0.19176892939480442,0.18606615726730655,463,3462,1032,213
Wainberg,58,0.05,0.5,goco-N,top1844,0.04564580862596903,0.047688167540436276,182,578,307,114
Wainberg,58,0.05,0.1,goco-N,top1621,0.04133952441255101,0.04311743128486006,172,507,289,111
Wainberg,58,0.1,0.5,goco-N,top4544,0.09321931200205727,0.09509773308173922,263,1417,542,146
Wainberg,58,0.1,0.1,goco-N,top4544,0.09321931200205727,0.09509773308173922,263,1417,542,146
Wainberg,58,0.2,0.5,goco-N,top12736,0.1905442220093655,0.19396144590331563,471,3790,1026,221
Wainberg,58,0.2,0.1,goco-N,top11197,0.17144803212187565,0.1763079270873728,433,3342,935,210
Wainberg,59,0.05,0.5,goco-N,top1844,0.05233145389857082,0.04964013533658275,142,611,320,98
Wainberg,59,0.05,0.1,goco-N,top1621,0.046740135480110155,0.04352628846121635,136,527,295,95
Wainberg,59,0.1,0.5,goco-N,top3512,0.10608252670831818,0.10148861612456407,168,1178,579,112
Wainberg,59,0.1,0.1,goco-N,top3087,0.09362223361273592,0.0891088945837451,160,1037,519,107
Wainberg,59,0.2,0.5,goco-N,top11197,0.19206910584354311,0.1900102491839254,388,3657,1023,207
Wainberg,59,0.2,0.1,goco-N,top11197,0.19206910584354311,0.1900102491839254,388,3657,1023,207
Wainberg,60,0.05,0.5,goco-N,top1844,0.04734123633975892,0.04544820853121943,151,574,296,97
Wainberg,60,0.05,0.1,goco-N,top1844,0.04734123633975892,0.04544820853121943,151,574,296,97
Wainberg,60,0.1,0.5,goco-N,top3512,0.09816889116699164,0.09831637311763937,178,1070,548,119
Wainberg,60,0.1,0.1,goco-N,top3087,0.08664554396403276,0.08502992649668695,173,944,492,114
Wainberg,60,0.2,0.5,goco-N,top9843,0.19234420739275107,0.189756393722287,331,3015,1021,197
Wainberg,60,0.2,0.1,goco-N,top9843,0.19234420739275107,0.189756393722287,331,3015,1021,197
Wainberg,61,0.05,0.5,goco-N,top1844,0.049218493504057034,0.04894480456035152,190,603,318,103
Wainberg,61,0.05,0.1,goco-N,top1621,0.04125258799171842,0.041820009044771615,187,529,281,102
Wainberg,61,0.1,0.5,goco-N,top3512,0.1020396557384738,0.1004503402955742,220,1137,574,122
Wainberg,61,0.1,0.1,goco-N,top3087,0.09158567676402204,0.09059382833916776,212,1001,526,119
Wainberg,61,0.2,0.5,goco-N,top11197,0.20224560219967386,0.20027904057237686,439,3657,1080,225
Wainberg,61,0.2,0.1,goco-N,top9843,0.1874244261012136,0.1865550134246645,394,3199,1011,211
Wainberg,62,0.05,0.5,goco-N,top1844,0.04375163319865726,0.043237457231477636,208,604,290,102
Wainberg,62,0.05,0.1,goco-N,top1844,0.04375163319865726,0.043237457231477636,208,604,290,102
Wainberg,62,0.1,0.5,goco-N,top3512,0.09051510611240454,0.09036736000154924,239,1108,518,123
Wainberg,62,0.1,0.1,goco-N,top3512,0.09051510611240454,0.09036736000154924,239,1108,518,123
Wainberg,62,0.2,0.5,goco-N,top9843,0.18216152598234697,0.18420476695060353,419,3005,997,222
Wainberg,62,0.2,0.1,goco-N,top9843,0.18216152598234697,0.18420476695060353,419,3005,997,222
Wainberg,63,0.05,0.5,goco-N,top1621,0.04597187496617636,0.0470141688537749,142,471,294,89
Wainberg,63,0.05,0.1,goco-N,top1425,0.04037744477275925,0.04100597959901512,128,413,262,82
Wainberg,63,0.1,0.5,goco-N,top3087,0.09461890356255068,0.09518555739800903,184,960,538,117
Wainberg,63,0.1,0.1,goco-N,top3087,0.09461890356255068,0.09518555739800903,184,960,538,117
Wainberg,63,0.2,0.5,goco-N,top9843,0.18930764745841008,0.18981829702508654,344,2872,1012,191
Wainberg,63,0.2,0.1,goco-N,top9843,0.18930764745841008,0.18981829702508654,344,2872,1012,191
Wainberg,64,0.05,0.5,goco-N,top2386,0.05670728420306301,0.05204677215932932,182,748,343,100
Wainberg,64,0.05,0.1,goco-N,top2097,0.049657401366983475,0.045085993851382525,166,657,302,87
Wainberg,64,0.1,0.5,goco-N,top4544,0.09808587057115846,0.09388765915589774,226,1430,547,130
Wainberg,64,0.1,0.1,goco-N,top4544,0.09808587057115846,0.09388765915589774,226,1430,547,130
Wainberg,64,0.2,0.5,goco-N,top12736,0.19745442066763996,0.19499969846623785,432,3814,1053,233
Wainberg,64,0.2,0.1,goco-N,top12736,0.19745442066763996,0.19499969846623785,432,3814,1053,233
Wainberg,65,0.05,0.5,goco-N,top1844,0.045713594991957665,0.045125674375741616,191,647,290,101
Wainberg,65,0.05,0.1,goco-N,top1844,0.045713594991957665,0.045125674375741616,191,647,290,101
Wainberg,65,0.1,0.5,goco-N,top3994,0.0919367040726264,0.09369135046764313,252,1262,528,136
Wainberg,65,0.1,0.1,goco-N,top3994,0.0919367040726264,0.09369135046764313,252,1262,528,136
Wainberg,65,0.2,0.5,goco-N,top11197,0.19014186270056938,0.1855385425330539,431,3326,1017,219
Wainberg,65,0.2,0.1,goco-N,top11197,0.19014186270056938,0.1855385425330539,431,3326,1017,219
Wainberg,66,0.05,0.5,goco-N,top2097,0.04874753078636574,0.046616283431267606,140,714,290,80
Wainberg,66,0.05,0.1,goco-N,top2097,0.04874753078636574,0.046616283431267606,140,714,290,80
Wainberg,66,0.1,0.5,goco-N,top4544,0.09772963778097492,0.09594158759732331,217,1554,537,114
Wainberg,66,0.1,0.1,goco-N,top4544,0.09772963778097492,0.09594158759732331,217,1554,537,114
Wainberg,66,0.2,0.5,goco-N,top11197,0.17588491489359184,0.1792855802970435,405,3501,931,192
Wainberg,66,0.2,0.1,goco-N,top11197,0.17588491489359184,0.1792855802970435,405,3501,931,192
Wainberg,67,0.05,0.5,goco-N,top2097,0.04962239990205376,0.04977935731365207,214,675,323,112
Wainberg,67,0.05,0.1,goco-N,top1844,0.043253427661405705,0.04365593526339217,195,581,289,103
Wainberg,67,0.1,0.5,goco-N,top4544,0.0918330485544611,0.09192450962736244,297,1432,539,152
Wainberg,67,0.1,0.1,goco-N,top4544,0.0918330485544611,0.09192450962736244,297,1432,539,152
Wainberg,67,0.2,0.5,goco-N,top12736,0.2071940362908503,0.196666373743737,470,3955,1104,233
Wainberg,67,0.2,0.1,goco-N,top12736,0.2071940362908503,0.196666373743737,470,3955,1104,233
Wainberg,68,0.05,0.5,goco-N,top2097,0.04704290538503286,0.046350178332239526,225,746,309,117
Wainberg,68,0.05,0.1,goco-N,top2097,0.04704290538503286,0.046350178332239526,225,746,309,117
Wainberg,68,0.1,0.5,goco-N,top4544,0.09769996048613236,0.0980242227363123,312,1559,565,155
Wainberg,68,0.1,0.1,goco-N,top3994,0.08727460582068508,0.0877924020957995,294,1373,513,147
Wainberg,68,0.2,0.5,goco-N,top11197,0.19177281032482751,0.19217851341745182,523,3642,1042,252
Wainberg,68,0.2,0.1,goco-N,top11197,0.19177281032482751,0.19217851341745182,523,3642,1042,252
Wainberg,69,0.05,0.5,goco-N,top1844,0.04971870151798391,0.04578228138375869,165,605,314,102
Wainberg,69,0.05,0.1,goco-N,top1844,0.04971870151798391,0.04578228138375869,165,605,314,102
Wainberg,69,0.1,0.5,goco-N,top3994,0.10599469183787462,0.09871704136306565,227,1370,596,133
Wainberg,69,0.1,0.1,goco-N,top3994,0.10599469183787462,0.09871704136306565,227,1370,596,133
Wainberg,69,0.2,0.5,goco-N,top12736,0.21601925637663477,0.20443154627762902,431,4100,1149,236
Wainberg,69,0.2,0.1,goco-N,top11197,0.2018760051749169,0.19332007543563864,395,3654,1082,225
Wainberg,70,0.05,0.5,goco-N,top2097,0.04576616280394246,0.04693900717643243,159,614,284,86
Wainberg,70,0.05,0.1,goco-N,top1844,0.03845872948869994,0.041145265021452146,156,523,249,83
Wainberg,70,0.1,0.5,goco-N,top4544,0.09911758601606639,0.09878685598998647,213,1385,555,124
Wainberg,70,0.1,0.1,goco-N,top3994,0.09111742520881398,0.08976598566556357,199,1237,514,114
Wainberg,70,0.2,0.5,goco-N,top11197,0.17670871164964763,0.1825910244700281,395,3323,950,205
Wainberg,70,0.2,0.1,goco-N,top11197,0.17670871164964763,0.1825910244700281,395,3323,950,205
Wainberg,71,0.05,0.5,goco-N,top1844,0.04524647061582478,0.04579990143127674,174,560,299,105
Wainberg,71,0.05,0.1,goco-N,top1844,0.04524647061582478,0.04579990143127674,174,560,299,105
Wainberg,71,0.1,0.5,goco-N,top5169,0.0932886909301008,0.0946675851934764,290,1545,552,162
Wainberg,71,0.1,0.1,goco-N,top5169,0.0932886909301008,0.0946675851934764,290,1545,552,162
Wainberg,71,0.2,0.5,goco-N,top12736,0.18635542843035124,0.18710909289977792,456,3787,1005,233
Wainberg,71,0.2,0.1,goco-N,top12736,0.18635542843035124,0.18710909289977792,456,3787,1005,233
Wainberg,72,0.05,0.5,goco-N,top1844,0.04369274785062037,0.045779591885817705,206,622,296,109
Wainberg,72,0.05,0.1,goco-N,top1844,0.04369274785062037,0.045779591885817705,206,622,296,109
Wainberg,72,0.1,0.5,goco-N,top3994,0.09276727505410494,0.09411558553222289,284,1334,535,139
Wainberg,72,0.1,0.1,goco-N,top3994,0.09276727505410494,0.09411558553222289,284,1334,535,139
Wainberg,72,0.2,0.5,goco-N,top11197,0.19260311327515162,0.1952552085151844,443,3476,1027,210
Wainberg,72,0.2,0.1,goco-N,top9843,0.1796121928833208,0.1841759796336311,419,3053,964,200
Wainberg,73,0.05,0.5,goco-N,top1844,0.05081760437395726,0.04905942749945563,201,595,328,107
Wainberg,73,0.05,0.1,goco-N,top1621,0.04356770990371666,0.042197460764115714,189,524,290,102
Wainberg,73,0.1,0.5,goco-N,top3087,0.09247160137831306,0.09269164942221574,212,966,526,116
Wainberg,73,0.1,0.1,goco-N,top3087,0.09247160137831306,0.09269164942221574,212,966,526,116
Wainberg,73,0.2,0.5,goco-N,top9843,0.2031550743029604,0.1991754208328157,365,3014,1076,201
Wainberg,73,0.2,0.1,goco-N,top8653,0.1903486737627281,0.1876723548352251,339,2663,1010,187
Wainberg,74,0.05,0.5,goco-N,top1621,0.037786186657018224,0.04270832676917798,141,448,246,78
Wainberg,74,0.05,0.1,goco-N,top1621,0.037786186657018224,0.04270832676917798,141,448,246,78
Wainberg,74,0.1,0.5,goco-N,top3087,0.08390294277271905,0.09044717463484381,168,900,474,95
Wainberg,74,0.1,0.1,goco-N,top3087,0.08390294277271905,0.09044717463484381,168,900,474,95
Wainberg,74,0.2,0.5,goco-N,top9843,0.1803768753642118,0.18838916321747218,317,2848,958,174
Wainberg,74,0.2,0.1,goco-N,top9843,0.1803768753642118,0.18838916321747218,317,2848,958,174
Wainberg,75,0.05,0.5,goco-N,top1844,0.048172713384828196,0.047786007910876005,203,618,321,111
Wainberg,75,0.05,0.1,goco-N,top1621,0.04277838385056621,0.04178276407611617,197,548,293,106
Wainberg,75,0.1,0.5,goco-N,top3087,0.09512016991966338,0.09688251288321637,244,1032,563,140
Wainberg,75,0.1,0.1,goco-N,top2714,0.08495891039685889,0.08513363370908218,233,911,511,133
Wainberg,75,0.2,0.5,goco-N,top8653,0.19175870503962525,0.1972175368306216,408,2686,1048,222
Wainberg,75,0.2,0.1,goco-N,top7607,0.1766158961122088,0.18332911351015674,384,2380,972,208
Wainberg,76,0.05,0.5,goco-N,top1844,0.04549320924373689,0.04372612594737112,164,564,290,93
Wainberg,76,0.05,0.1,goco-N,top1844,0.04549320924373689,0.04372612594737112,164,564,290,93
Wainberg,76,0.1,0.5,goco-N,top3087,0.09528742621292219,0.0953373923141774,176,947,526,99
Wainberg,76,0.1,0.1,goco-N,top3087,0.09528742621292219,0.0953373923141774,176,947,526,99
Wainberg,76,0.2,0.5,goco-N,top9843,0.1886821857478785,0.19263941007150664,315,2912,997,181
Wainberg,76,0.2,0.1,goco-N,top9843,0.1886821857478785,0.19263941007150664,315,2912,997,181
Wainberg,77,0.05,0.5,goco-N,top1844,0.04363681438396508,0.04559716810332358,164,556,280,92
Wainberg,77,0.05,0.1,goco-N,top1844,0.04363681438396508,0.04559716810332358,164,556,280,92
Wainberg,77,0.1,0.5,goco-N,top4544,0.09480799680232957,0.09542469773950822,235,1406,531,128
Wainberg,77,0.1,0.1,goco-N,top4544,0.09480799680232957,0.09542469773950822,235,1406,531,128
Wainberg,77,0.2,0.5,goco-N,top12736,0.1994369213525105,0.19727571124039972,442,3782,1057,210
Wainberg,77,0.2,0.1,goco-N,top11197,0.18359318314101106,0.18105343287710762,412,3352,981,200
Wainberg,78,0.05,0.5,goco-N,top1844,0.04532829805624234,0.04603956250104685,144,558,283,93
Wainberg,78,0.05,0.1,goco-N,top1844,0.04532829805624234,0.04603956250104685,144,558,283,93
Wainberg,78,0.1,0.5,goco-N,top3512,0.0935238076964544,0.09262162096316158,222,1082,530,135
Wainberg,78,0.1,0.1,goco-N,top3512,0.0935238076964544,0.09262162096316158,222,1082,530,135
Wainberg,78,0.2,0.5,goco-N,top9843,0.20131026893762669,0.19752442496134295,371,3005,1076,212
Wainberg,78,0.2,0.1,goco-N,top8653,0.18779472819865886,0.18520484629410577,356,2671,1010,202
Wainberg,79,0.05,0.5,goco-N,top1844,0.04274290270491199,0.04596242484212939,173,546,282,94
Wainberg,79,0.05,0.1,goco-N,top1621,0.037548493437054006,0.0407810860730312,154,469,252,85
Wainberg,79,0.1,0.5,goco-N,top3087,0.0952315624434662,0.0927836228243834,190,958,535,105
Wainberg,79,0.1,0.1,goco-N,top3087,0.0952315624434662,0.0927836228243834,190,958,535,105
Wainberg,79,0.2,0.5,goco-N,top9843,0.19216087421206723,0.18803803305817812,354,2981,1023,191
Wainberg,79,0.2,0.1,goco-N,top9843,0.19216087421206723,0.18803803305817812,354,2981,1023,191
Wainberg,80,0.05,0.5,goco-N,top2097,0.0500999106423336,0.04856320985849652,174,679,312,99
Wainberg,80,0.05,0.1,goco-N,top1844,0.04509729752448199,0.043025686159699525,159,594,280,87
Wainberg,80,0.1,0.5,goco-N,top3512,0.09608852347877253,0.09546987908029476,208,1143,542,122
Wainberg,80,0.1,0.1,goco-N,top3512,0.09608852347877253,0.09546987908029476,208,1143,542,122
Wainberg,80,0.2,0.5,goco-N,top11197,0.197026246432519,0.19395945142711227,408,3563,1047,216
Wainberg,80,0.2,0.1,goco-N,top11197,0.197026246432519,0.19395945142711227,408,3563,1047,216
Wainberg,81,0.05,0.5,goco-N,top2386,0.04985527750376408,0.04890370902055948,170,653,303,88
Wainberg,81,0.05,0.1,goco-N,top2097,0.043411520753971033,0.04320509128624004,162,563,269,81
Wainberg,81,0.1,0.5,goco-N,top3994,0.09234628602070809,0.09004484900793688,206,1231,519,114
Wainberg,81,0.1,0.1,goco-N,top3994,0.09234628602070809,0.09004484900793688,206,1231,519,114
Wainberg,81,0.2,0.5,goco-N,top12736,0.2135876859019535,0.20354502511805148,390,3962,1121,221
Wainberg,81,0.2,0.1,goco-N,top11197,0.1972316200413221,0.1879419833805244,359,3493,1036,200
Wainberg,82,0.05,0.5,goco-N,top1844,0.04651726667872721,0.04646262890195356,188,602,312,117
Wainberg,82,0.05,0.1,goco-N,top1844,0.04651726667872721,0.04646262890195356,188,602,312,117
Wainberg,82,0.1,0.5,goco-N,top3994,0.09106559977708141,0.09009691361599094,251,1291,534,150
Wainberg,82,0.1,0.1,goco-N,top3994,0.09106559977708141,0.09009691361599094,251,1291,534,150
Wainberg,82,0.2,0.5,goco-N,top11197,0.18382301391868008,0.18479325580258119,425,3452,984,221
Wainberg,82,0.2,0.1,goco-N,top11197,0.18382301391868008,0.18479325580258119,425,3452,984,221
Wainberg,83,0.05,0.5,goco-N,top1844,0.04451597017025467,0.04434369573834927,149,567,275,78
Wainberg,83,0.05,0.1,goco-N,top1844,0.04451597017025467,0.04434369573834927,149,567,275,78
Wainberg,83,0.1,0.5,goco-N,top3087,0.08857416503575219,0.08742687960415713,182,988,493,100
Wainberg,83,0.1,0.1,goco-N,top3087,0.08857416503575219,0.08742687960415713,182,988,493,100
Wainberg,83,0.2,0.5,goco-N,top9843,0.19463464746846454,0.1927806630464563,347,2989,1034,195
Wainberg,83,0.2,0.1,goco-N,top9843,0.19463464746846454,0.1927806630464563,347,2989,1034,195
Wainberg,84,0.05,0.5,goco-N,top1621,0.03966662646485357,0.040695609935849114,114,472,248,70
Wainberg,84,0.05,0.1,goco-N,top1621,0.03966662646485357,0.040695609935849114,114,472,248,70
Wainberg,84,0.1,0.5,goco-N,top3087,0.09494562704777985,0.09556684838315675,141,943,522,92
Wainberg,84,0.1,0.1,goco-N,top3087,0.09494562704777985,0.09556684838315675,141,943,522,92
Wainberg,84,0.2,0.5,goco-N,top9843,0.19674004974532003,0.19621266556763442,307,3035,1035,174
Wainberg,84,0.2,0.1,goco-N,top8653,0.18657359244104707,0.18550113422542475,261,2664,974,153
Wainberg,85,0.05,0.5,goco-N,top2097,0.049003818193506465,0.04926067330354542,117,637,288,76
Wainberg,85,0.05,0.1,goco-N,top1844,0.045838930457069556,0.0453798276608797,113,559,272,74
Wainberg,85,0.1,0.5,goco-N,top5169,0.09963079115085423,0.09920753271310938,164,1634,534,102
Wainberg,85,0.1,0.1,goco-N,top4544,0.09011644080598467,0.08988803858205757,153,1434,487,98
Wainberg,85,0.2,0.5,goco-N,top12736,0.19558332050325547,0.191555165776047,353,3812,1025,191
Wainberg,85,0.2,0.1,goco-N,top12736,0.19558332050325547,0.191555165776047,353,3812,1025,191
Wainberg,86,0.05,0.5,goco-N,top1844,0.04391227294350975,0.04297642776186568,187,601,292,105
Wainberg,86,0.05,0.1,goco-N,top1844,0.04391227294350975,0.04297642776186568,187,601,292,105
Wainberg,86,0.1,0.5,goco-N,top3087,0.09098331959771386,0.0916759423794246,228,1008,529,130
Wainberg,86,0.1,0.1,goco-N,top3087,0.09098331959771386,0.0916759423794246,228,1008,529,130
Wainberg,86,0.2,0.5,goco-N,top9843,0.18933694579946408,0.19277562176596033,438,3024,1030,230
Wainberg,86,0.2,0.1,goco-N,top9843,0.18933694579946408,0.19277562176596033,438,3024,1030,230
Wainberg,87,0.05,0.5,goco-N,top1844,0.04424614595572806,0.045004420873221436,174,590,276,84
Wainberg,87,0.05,0.1,goco-N,top1844,0.04424614595572806,0.045004420873221436,174,590,276,84
Wainberg,87,0.1,0.5,goco-N,top3512,0.09548746068902253,0.09698791586684449,206,1117,529,108
Wainberg,87,0.1,0.1,goco-N,top3087,0.08498925972015883,0.08612836944539165,196,990,475,101
Wainberg,87,0.2,0.5,goco-N,top9843,0.18904017222400504,0.18925523741010752,350,2896,1007,195
Wainberg,87,0.2,0.1,goco-N,top9843,0.18904017222400504,0.18925523741010752,350,2896,1007,195
Wainberg,88,0.05,0.5,goco-N,top1844,0.047872452062293895,0.04779439511862802,182,626,303,97
Wainberg,88,0.05,0.1,goco-N,top1621,0.044796880339303305,0.04442649448101436,172,543,290,96
Wainberg,88,0.1,0.5,goco-N,top3087,0.09717416800155236,0.09570010106979134,206,1006,547,112
Wainberg,88,0.1,0.1,goco-N,top3087,0.09717416800155236,0.09570010106979134,206,1006,547,112
Wainberg,88,0.2,0.5,goco-N,top9843,0.194019752175471,0.19336155167039565,412,2905,1058,227
Wainberg,88,0.2,0.1,goco-N,top9843,0.194019752175471,0.19336155167039565,412,2905,1058,227
Wainberg,89,0.05,0.5,goco-N,top1844,0.044153148807011204,0.04634549352628846,166,556,296,105
Wainberg,89,0.05,0.1,goco-N,top1621,0.035317292809905726,0.03973108554009011,156,474,250,98
Wainberg,89,0.1,0.5,goco-N,top3512,0.09942360650465336,0.09959141541479999,206,1077,568,128
Wainberg,89,0.1,0.1,goco-N,top3087,0.08791332489095258,0.08742945636456013,199,971,514,126
Wainberg,89,0.2,0.5,goco-N,top9843,0.18552713722709752,0.18626754719020608,346,2935,989,191
Wainberg,89,0.2,0.1,goco-N,top9843,0.18552713722709752,0.18626754719020608,346,2935,989,191
Wainberg,90,0.05,0.5,goco-N,top2097,0.046323795453174936,0.048184485425076355,149,634,293,94
Wainberg,90,0.05,0.1,goco-N,top1844,0.04273578363384189,0.04514020040224753,141,571,273,89
Wainberg,90,0.1,0.5,goco-N,top6688,0.09382492122532303,0.09646160460846905,306,1930,534,155
Wainberg,90,0.1,0.1,goco-N,top5879,0.08368365832166348,0.08553561791508668,282,1681,484,147
Wainberg,90,0.2,0.5,goco-N,top14487,0.19982833117278204,0.19859942273324288,478,4371,1070,245
Wainberg,90,0.2,0.1,goco-N,top12736,0.17495857585710584,0.17534271941663868,446,3796,950,234
Wainberg,91,0.05,0.5,goco-N,top1844,0.0434560171272733,0.04505956843659353,157,585,273,88
Wainberg,91,0.05,0.1,goco-N,top1844,0.0434560171272733,0.04505956843659353,157,585,273,88
Wainberg,91,0.1,0.5,goco-N,top3087,0.09468359193454169,0.09514408228266828,174,1006,524,104
Wainberg,91,0.1,0.1,goco-N,top3087,0.09468359193454169,0.09514408228266828,174,1006,524,104
Wainberg,91,0.2,0.5,goco-N,top11197,0.20713027712961227,0.20235466592512932,399,3499,1091,208
Wainberg,91,0.2,0.1,goco-N,top9843,0.19381685611621072,0.18992117573968711,359,3107,1026,194
Wainberg,92,0.05,0.5,goco-N,top1844,0.04916958129811654,0.04652099044114521,155,606,309,93
Wainberg,92,0.05,0.1,goco-N,top1844,0.04916958129811654,0.04652099044114521,155,606,309,93
Wainberg,92,0.1,0.5,goco-N,top3512,0.10406155567616099,0.10053540452590752,214,1177,585,127
Wainberg,92,0.1,0.1,goco-N,top3087,0.09154681501135702,0.09018092764311546,203,1037,525,120
Wainberg,92,0.2,0.5,goco-N,top9843,0.2028989957263046,0.1978806699390929,338,3133,1076,203
Wainberg,92,0.2,0.1,goco-N,top8653,0.19204760930172496,0.18661009886369792,322,2810,1023,195
Wainberg,93,0.05,0.5,goco-N,top1844,0.041829484009728836,0.04595969239655487,166,533,282,98
Wainberg,93,0.05,0.1,goco-N,top1621,0.03611772004553769,0.04029087104711445,150,458,250,91
Wainberg,93,0.1,0.5,goco-N,top3512,0.0917537096832158,0.09392071284417812,223,1093,532,128
Wainberg,93,0.1,0.1,goco-N,top3512,0.0917537096832158,0.09392071284417812,223,1093,532,128
Wainberg,93,0.2,0.5,goco-N,top9843,0.1850636780864539,0.1878415023395471,364,2923,988,190
Wainberg,93,0.2,0.1,goco-N,top9843,0.1850636780864539,0.1878415023395471,364,2923,988,190
Wainberg,94,0.05,0.5,goco-N,top1844,0.04487209123131454,0.04783650408477125,160,575,295,101
Wainberg,94,0.05,0.1,goco-N,top1621,0.03814659438867965,0.04108768512919058,152,509,259,95
Wainberg,94,0.1,0.5,goco-N,top3512,0.0913972840629658,0.0950016055524942,204,1079,525,127
Wainberg,94,0.1,0.1,goco-N,top3087,0.0805764102461021,0.08332793705504803,183,965,466,113
Wainberg,94,0.2,0.5,goco-N,top9843,0.17720895337977827,0.1849294701244497,372,2916,966,203
Wainberg,94,0.2,0.1,goco-N,top9843,0.17720895337977827,0.1849294701244497,372,2916,966,203
Wainberg,95,0.05,0.5,goco-N,top1844,0.04757672150559445,0.04687733827902664,144,558,299,93
Wainberg,95,0.05,0.1,goco-N,top1844,0.04757672150559445,0.04687733827902664,144,558,299,93
Wainberg,95,0.1,0.5,goco-N,top3994,0.09474547660491096,0.09377104360836334,228,1231,544,137
Wainberg,95,0.1,0.1,goco-N,top3994,0.09474547660491096,0.09377104360836334,228,1231,544,137
Wainberg,95,0.2,0.5,goco-N,top11197,0.19067911057355305,0.19276674432029783,415,3415,1040,235
Wainberg,95,0.2,0.1,goco-N,top11197,0.19067911057355305,0.19276674432029783,415,3415,1040,235
Wainberg,96,0.05,0.5,goco-N,top2097,0.04983515733832323,0.04768235340694011,198,773,311,98
Wainberg,96,0.05,0.1,goco-N,top2097,0.04983515733832323,0.04768235340694011,198,773,311,98
Wainberg,96,0.1,0.5,goco-N,top6688,0.10074405867376146,0.09658809414929186,336,2279,564,148
Wainberg,96,0.1,0.1,goco-N,top6688,0.10074405867376146,0.09658809414929186,336,2279,564,148
Wainberg,96,0.2,0.5,goco-N,top12736,0.17472898572341472,0.17229226870433204,507,4051,950,226
Wainberg,96,0.2,0.1,goco-N,top12736,0.17472898572341472,0.17229226870433204,507,4051,950,226
Wainberg,97,0.05,0.5,goco-N,top2386,0.049741452089489234,0.04818295004717798,227,814,319,110
Wainberg,97,0.05,0.1,goco-N,top2097,0.046633600675390456,0.044101715105936,222,732,303,107
Wainberg,97,0.1,0.5,goco-N,top6688,0.1024739686576401,0.1007822817814242,358,2172,587,174
Wainberg,97,0.1,0.1,goco-N,top5879,0.09336977995079387,0.09131989860146521,329,1918,541,158
Wainberg,97,0.2,0.5,goco-N,top12736,0.1820527749817548,0.18117582004361307,514,4066,985,239
Wainberg,97,0.2,0.1,goco-N,top12736,0.1820527749817548,0.18117582004361307,514,4066,985,239
Wainberg,98,0.05,0.5,goco-N,top1844,0.0466221392930975,0.04708485050729159,161,597,289,87
Wainberg,98,0.05,0.1,goco-N,top1621,0.03983807044697715,0.040578734393366823,147,520,249,77
Wainberg,98,0.1,0.5,goco-N,top3512,0.09423455747854229,0.09617976421239338,216,1087,534,118
Wainberg,98,0.1,0.1,goco-N,top3087,0.07900661319825523,0.08328717048379378,202,931,457,109
Wainberg,98,0.2,0.5,goco-N,top9843,0.18916181986554817,0.19093217491368017,389,2858,1013,192
Wainberg,98,0.2,0.1,goco-N,top9843,0.18916181986554817,0.19093217491368017,389,2858,1013,192
Wainberg,99,0.05,0.5,goco-N,top2097,0.04554982679718855,0.04755782463061435,171,612,285,91
Wainberg,99,0.05,0.1,goco-N,top1844,0.04353948488076812,0.04400412256286333,155,532,273,85
Wainberg,99,0.1,0.5,goco-N,top3512,0.08129495967191196,0.08270732654804555,199,1084,463,112
Wainberg,99,0.1,0.1,goco-N,top3512,0.08129495967191196,0.08270732654804555,199,1084,463,112
Wainberg,99,0.2,0.5,goco-N,top11197,0.18964791391678223,0.19245269696108924,373,3351,1015,206
Wainberg,99,0.2,0.1,goco-N,top11197,0.18964791391678223,0.19245269696108924,373,3351,1015,206
Sanger,0,0.05,0.5,goco-N,top3315,0.04759666736150498,0.04901208989810916,448,998,329,151
Sanger,0,0.05,0.1,goco-N,top2914,0.04079525053769175,0.042472068500283774,426,866,295,144
Sanger,0,0.1,0.5,goco-N,top6314,0.09389931906891298,0.09197655875809584,653,1933,558,215
Sanger,0,0.1,0.1,goco-N,top6314,0.09389931906891298,0.09197655875809584,653,1933,558,215
Sanger,0,0.2,0.5,goco-N,top64182,0.19996727156637792,0.1981567125444576,1629,20568,987,404
Sanger,0,0.2,0.1,goco-N,top56424,0.19237270412118052,0.19122275338354627,1553,18248,956,388
Sanger,1,0.05,0.5,goco-N,top3315,0.04349371606370487,0.04654418321843865,410,972,296,138
Sanger,1,0.05,0.1,goco-N,top2914,0.036736459515678,0.04081266229599078,372,852,262,127
Sanger,1,0.1,0.5,goco-N,top6314,0.09745102912174423,0.09343143583536416,618,1963,560,208
Sanger,1,0.1,0.1,goco-N,top6314,0.09745102912174423,0.09343143583536416,618,1963,560,208
Sanger,1,0.2,0.5,goco-N,top56424,0.2069614640662488,0.20229899706659074,1501,17357,1018,384
Sanger,1,0.2,0.1,goco-N,top43607,0.2012258600667498,0.19591813605991504,1306,13464,998,348
Sanger,2,0.05,0.5,goco-N,top2914,0.04827199094737465,0.047611819323440455,324,880,302,122
Sanger,2,0.05,0.1,goco-N,top2562,0.03863442144517172,0.03889447736083726,310,763,258,115
Sanger,2,0.1,0.5,goco-N,top6314,0.09198165503340948,0.09542832731788393,523,1912,530,207
Sanger,2,0.1,0.1,goco-N,top5551,0.08224822923162953,0.08618488336109346,478,1677,483,190
Sanger,2,0.2,0.5,goco-N,top56424,0.1852441761603071,0.190745661332666,1373,16866,915,381
Sanger,2,0.2,0.1,goco-N,top56424,0.1852441761603071,0.190745661332666,1373,16866,915,381
Sanger,3,0.05,0.5,goco-N,top3315,0.04776837322190066,0.04818612876760224,443,1012,332,159
Sanger,3,0.05,0.1,goco-N,top2914,0.042993331168023216,0.04334895705258473,394,874,293,131
Sanger,3,0.1,0.5,goco-N,top6314,0.09094942254518457,0.09165145200160747,677,2012,545,227
Sanger,3,0.1,0.1,goco-N,top6314,0.09094942254518457,0.09165145200160747,677,2012,545,227
Sanger,3,0.2,0.5,goco-N,top64182,0.20946381587363963,0.20110379391544414,1742,20042,1032,430
Sanger,3,0.2,0.1,goco-N,top56424,0.2033991199764923,0.1953699982499578,1675,17746,1008,411
Sanger,4,0.05,0.5,goco-N,top2914,0.046163466370633226,0.046584538722703975,383,906,308,146
Sanger,4,0.05,0.1,goco-N,top2914,0.046163466370633226,0.046584538722703975,383,906,308,146
Sanger,4,0.1,0.5,goco-N,top7182,0.09863092630532193,0.09937837750364507,680,2296,570,243
Sanger,4,0.1,0.1,goco-N,top6314,0.09051800237993853,0.09056662962996488,634,2017,531,228
Sanger,4,0.2,0.5,goco-N,top56424,0.1946136322464588,0.1963212366089611,1580,16704,969,401
Sanger,4,0.2,0.1,goco-N,top49603,0.18524614202906356,0.1895784278456277,1482,14561,929,381
Sanger,5,0.05,0.5,goco-N,top2914,0.04327227643577028,0.04320396186299,336,813,290,130
Sanger,5,0.05,0.1,goco-N,top2914,0.04327227643577028,0.04320396186299,336,813,290,130
Sanger,5,0.1,0.5,goco-N,top7182,0.1036075686823332,0.10078321854743948,591,2178,592,219
Sanger,5,0.1,0.1,goco-N,top6314,0.09595125980080858,0.0923205785837519,547,1902,555,206
Sanger,5,0.2,0.5,goco-N,top64182,0.19708328321901997,0.19614702404236126,1551,20593,971,397
Sanger,5,0.2,0.1,goco-N,top56424,0.19024903203746374,0.188653696375551,1429,18335,940,366
Sanger,6,0.05,0.5,goco-N,top2562,0.03810750279955207,0.041046583731513195,388,795,289,153
Sanger,6,0.05,0.1,goco-N,top2562,0.03810750279955207,0.041046583731513195,388,795,289,153
Sanger,6,0.1,0.5,goco-N,top6314,0.09522909184139206,0.0956446573984721,627,2039,557,225
Sanger,6,0.1,0.1,goco-N,top6314,0.09522909184139206,0.0956446573984721,627,2039,557,225
Sanger,6,0.2,0.5,goco-N,top64182,0.19084303508866937,0.19126855577166213,1474,19641,937,377
Sanger,6,0.2,0.1,goco-N,top64182,0.19084303508866937,0.19126855577166213,1474,19641,937,377
Sanger,7,0.05,0.5,goco-N,top3771,0.04062907106580119,0.04486868440082978,518,1090,301,157
Sanger,7,0.05,0.1,goco-N,top3771,0.04062907106580119,0.04486868440082978,518,1090,301,157
Sanger,7,0.1,0.5,goco-N,top7182,0.086499572743727,0.09178860829789978,724,2138,516,207
Sanger,7,0.1,0.1,goco-N,top7182,0.086499572743727,0.09178860829789978,724,2138,516,207
Sanger,7,0.2,0.5,goco-N,top49603,0.1877198596175261,0.19530372969783547,1367,14392,942,350
Sanger,7,0.2,0.1,goco-N,top43607,0.18175944771120633,0.18959878777983516,1296,12707,918,327
Sanger,8,0.05,0.5,goco-N,top2562,0.043745364378063145,0.045082464625470296,350,798,312,147
Sanger,8,0.05,0.1,goco-N,top2562,0.043745364378063145,0.045082464625470296,350,798,312,147
Sanger,8,0.1,0.5,goco-N,top6314,0.09231953099122586,0.09426919709892527,598,1889,555,223
Sanger,8,0.1,0.1,goco-N,top6314,0.09231953099122586,0.09426919709892527,598,1889,555,223
Sanger,8,0.2,0.5,goco-N,top56424,0.19148215720243683,0.19574498341070315,1476,16874,953,377
Sanger,8,0.2,0.1,goco-N,top49603,0.18564898804396665,0.18885224431852465,1423,14945,931,372
Sanger,9,0.05,0.5,goco-N,top2914,0.04629423021920223,0.045195743977187584,298,840,292,118
Sanger,9,0.05,0.1,goco-N,top2914,0.04629423021920223,0.045195743977187584,298,840,292,118
Sanger,9,0.1,0.5,goco-N,top6314,0.08689271337318238,0.08966924859760833,538,1842,496,193
Sanger,9,0.1,0.1,goco-N,top6314,0.08689271337318238,0.08966924859760833,538,1842,496,193
Sanger,9,0.2,0.5,goco-N,top64182,0.19385424097745296,0.19564256533252808,1528,19145,953,404
Sanger,9,0.2,0.1,goco-N,top56424,0.18849578783822243,0.190258147646926,1415,16935,932,375
Sanger,10,0.05,0.5,goco-N,top2562,0.041910441804058826,0.0423511418043776,304,748,291,133
Sanger,10,0.05,0.1,goco-N,top2562,0.041910441804058826,0.0423511418043776,304,748,291,133
Sanger,10,0.1,0.5,goco-N,top6314,0.09526359347566779,0.09783173461298472,519,1893,549,207
Sanger,10,0.1,0.1,goco-N,top5551,0.0859332045334285,0.08983250303228657,492,1653,509,198
Sanger,10,0.2,0.5,goco-N,top64182,0.19929955919179657,0.19976224997812092,1464,19713,980,402
Sanger,10,0.2,0.1,goco-N,top56424,0.19413351753808294,0.19372301438320425,1345,17636,955,377
Sanger,11,0.05,0.5,goco-N,top2562,0.03954016246289482,0.04095097694224365,334,734,277,135
Sanger,11,0.05,0.1,goco-N,top2562,0.03954016246289482,0.04095097694224365,334,734,277,135
Sanger,11,0.1,0.5,goco-N,top5551,0.08341746097625155,0.08942097344752241,523,1596,493,193
Sanger,11,0.1,0.1,goco-N,top5551,0.08341746097625155,0.08942097344752241,523,1596,493,193
Sanger,11,0.2,0.5,goco-N,top56424,0.1847640479241349,0.19331346435475227,1565,16813,921,378
Sanger,11,0.2,0.1,goco-N,top49603,0.18071922735703375,0.18880178965526087,1494,14849,906,365
Sanger,12,0.05,0.5,goco-N,top3315,0.04781128352796885,0.046222872613109235,350,913,304,127
Sanger,12,0.05,0.1,goco-N,top3315,0.04781128352796885,0.046222872613109235,350,913,304,127
Sanger,12,0.1,0.5,goco-N,top6314,0.09036800269324824,0.0900252250194979,537,1855,514,184
Sanger,12,0.1,0.1,goco-N,top6314,0.09036800269324824,0.0900252250194979,537,1855,514,184
Sanger,12,0.2,0.5,goco-N,top38336,0.1916872120548207,0.19474815765017284,1151,12083,941,320
Sanger,12,0.2,0.1,goco-N,top33702,0.1879559791173238,0.19041930076955224,1091,10664,927,310
Sanger,13,0.05,0.5,goco-N,top2562,0.04861810828216204,0.04871098820799853,248,702,304,119
Sanger,13,0.05,0.1,goco-N,top2252,0.0429776811467741,0.04289113140517769,223,610,272,108
Sanger,13,0.1,0.5,goco-N,top6314,0.10196351917002558,0.09831756174955789,469,1913,564,199
Sanger,13,0.1,0.1,goco-N,top5551,0.09626426545371278,0.09217881092499641,434,1664,539,190
Sanger,13,0.2,0.5,goco-N,top56424,0.2009097579344413,0.1963726213657053,1471,18290,988,394
Sanger,13,0.2,0.1,goco-N,top56424,0.2009097579344413,0.1963726213657053,1471,18290,988,394
Sanger,14,0.05,0.5,goco-N,top3771,0.05223039061224951,0.05065519920347984,433,1112,347,151
Sanger,14,0.05,0.1,goco-N,top3315,0.04561320289763739,0.04413241105673287,398,988,311,139
Sanger,14,0.1,0.5,goco-N,top7182,0.09809661148970326,0.09692679323465571,632,2142,568,212
Sanger,14,0.1,0.1,goco-N,top6314,0.08716361195545703,0.0869904215196432,586,1851,520,202
Sanger,14,0.2,0.5,goco-N,top56424,0.19660083739053222,0.19748153882044917,1335,16538,965,362
Sanger,14,0.2,0.1,goco-N,top49603,0.1906964794157527,0.1915957135098697,1262,14546,943,351
Sanger,15,0.05,0.5,goco-N,top2562,0.03294877264082192,0.04107856617187065,302,666,252,137
Sanger,15,0.05,0.1,goco-N,top2562,0.03294877264082192,0.04107856617187065,302,666,252,137
Sanger,15,0.1,0.5,goco-N,top5551,0.08220523271969157,0.0889874981013373,488,1596,489,196
Sanger,15,0.1,0.1,goco-N,top5551,0.08220523271969157,0.0889874981013373,488,1596,489,196
Sanger,15,0.2,0.5,goco-N,top38336,0.19020189070578353,0.19404550840921383,1234,11898,943,352
Sanger,15,0.2,0.1,goco-N,top33702,0.18546348175846186,0.1885396089581764,1120,10471,920,330
Sanger,16,0.05,0.5,goco-N,top3315,0.043601899531350824,0.04513682969680582,428,955,301,144
Sanger,16,0.05,0.1,goco-N,top3315,0.043601899531350824,0.04513682969680582,428,955,301,144
Sanger,16,0.1,0.5,goco-N,top6314,0.09378509943459551,0.09230298206261252,607,1863,549,204
Sanger,16,0.1,0.1,goco-N,top6314,0.09378509943459551,0.09230298206261252,607,1863,549,204
Sanger,16,0.2,0.5,goco-N,top64182,0.20609858071495768,0.19793184757000923,1605,19294,1012,405
Sanger,16,0.2,0.1,goco-N,top64182,0.20609858071495768,0.19793184757000923,1605,19294,1012,405
Sanger,17,0.05,0.5,goco-N,top2914,0.04989017918749162,0.04817458362095221,387,948,320,125
Sanger,17,0.05,0.1,goco-N,top2562,0.04325279672424129,0.04215428790893446,358,834,290,121
Sanger,17,0.1,0.5,goco-N,top6314,0.0892797194815819,0.09019767316027673,604,2032,526,208
Sanger,17,0.1,0.1,goco-N,top6314,0.0892797194815819,0.09019767316027673,604,2032,526,208
Sanger,17,0.2,0.5,goco-N,top56424,0.1899326008541658,0.19392989324094242,1504,17581,945,389
Sanger,17,0.2,0.1,goco-N,top49603,0.184410764131865,0.18653543791969485,1427,15759,920,364
Sanger,18,0.05,0.5,goco-N,top2562,0.04161396398798414,0.04326763675311858,416,829,313,167
Sanger,18,0.05,0.1,goco-N,top2562,0.04161396398798414,0.04326763675311858,416,829,313,167
Sanger,18,0.1,0.5,goco-N,top6314,0.09696613328192276,0.09865973035405175,701,2124,585,249
Sanger,18,0.1,0.1,goco-N,top5551,0.08671565858232766,0.0892666457692902,652,1846,537,236
Sanger,18,0.2,0.5,goco-N,top56424,0.1903663538327318,0.19498002979979948,1628,18294,951,396
Sanger,18,0.2,0.1,goco-N,top49603,0.1855201141441446,0.190393111089313,1527,16335,934,379
Sanger,19,0.05,0.5,goco-N,top2562,0.044488881778915364,0.043023047092988126,339,808,300,138
Sanger,19,0.05,0.1,goco-N,top2562,0.044488881778915364,0.043023047092988126,339,808,300,138
Sanger,19,0.1,0.5,goco-N,top5551,0.09632724032220112,0.09315174311382048,530,1815,550,210
Sanger,19,0.1,0.1,goco-N,top5551,0.09632724032220112,0.09315174311382048,530,1815,550,210
Sanger,19,0.2,0.5,goco-N,top56424,0.20180097824429175,0.19977181320077989,1479,16964,992,411
Sanger,19,0.2,0.1,goco-N,top43607,0.1937511992972439,0.19118966230799395,1283,13241,960,380
Sanger,20,0.05,0.5,goco-N,top2562,0.05074507115380576,0.04823273066909702,366,886,335,141
Sanger,20,0.05,0.1,goco-N,top2562,0.05074507115380576,0.04823273066909702,366,886,335,141
Sanger,20,0.1,0.5,goco-N,top6314,0.10515661737897485,0.10036381400950294,569,2153,589,212
Sanger,20,0.1,0.1,goco-N,top5551,0.09612216015911425,0.09113370208381087,541,1896,551,203
Sanger,20,0.2,0.5,goco-N,top64182,0.19552724030055374,0.1927069456215983,1668,20305,969,430
Sanger,20,0.2,0.1,goco-N,top64182,0.19552724030055374,0.1927069456215983,1668,20305,969,430
Sanger,21,0.05,0.5,goco-N,top2914,0.04256870925208078,0.04365865253965231,351,890,301,157
Sanger,21,0.05,0.1,goco-N,top2914,0.04256870925208078,0.04365865253965231,351,890,301,157
Sanger,21,0.1,0.5,goco-N,top5551,0.08509094713589463,0.08781361476309194,536,1814,508,211
Sanger,21,0.1,0.1,goco-N,top5551,0.08509094713589463,0.08781361476309194,536,1814,508,211
Sanger,21,0.2,0.5,goco-N,top64182,0.19082276481143542,0.19554287116167163,1684,19307,946,418
Sanger,21,0.2,0.1,goco-N,top56424,0.18357798875810097,0.18784477438985855,1608,17391,914,406
Sanger,22,0.05,0.5,goco-N,top2914,0.04615079706905015,0.047927221236544214,294,838,286,113
Sanger,22,0.05,0.1,goco-N,top2562,0.041374632584039076,0.04139066356913636,267,744,260,103
Sanger,22,0.1,0.5,goco-N,top5551,0.09312638214093981,0.09465533715162981,462,1637,527,176
Sanger,22,0.1,0.1,goco-N,top5551,0.09312638214093981,0.09465533715162981,462,1637,527,176
Sanger,22,0.2,0.5,goco-N,top56424,0.20036752309589304,0.19859627431501767,1472,17537,989,393
Sanger,22,0.2,0.1,goco-N,top43607,0.19363345844681829,0.1924502372203583,1257,13513,960,353
Sanger,23,0.05,0.5,goco-N,top2914,0.04754031647088758,0.04755888327210265,361,822,317,139
Sanger,23,0.05,0.1,goco-N,top2562,0.03955061735576853,0.040602783588153446,333,708,273,123
Sanger,23,0.1,0.5,goco-N,top6314,0.09671767317722789,0.09759041288241195,615,1898,570,225
Sanger,23,0.1,0.1,goco-N,top5551,0.09035803819501587,0.08942089767202345,574,1686,540,213
Sanger,23,0.2,0.5,goco-N,top64182,0.1966172055021552,0.19515341250912394,1664,20787,972,406
Sanger,23,0.2,0.1,goco-N,top64182,0.1966172055021552,0.19515341250912394,1664,20787,972,406
Sanger,24,0.05,0.5,goco-N,top2914,0.04788892269855317,0.048029244299041304,275,818,300,113
Sanger,24,0.05,0.1,goco-N,top2562,0.04092358555964379,0.040432394647890654,254,719,265,105
Sanger,24,0.1,0.5,goco-N,top6314,0.0957033577685778,0.09476216188171824,490,1899,543,184
Sanger,24,0.1,0.1,goco-N,top6314,0.0957033577685778,0.09476216188171824,490,1899,543,184
Sanger,24,0.2,0.5,goco-N,top49603,0.19631076645882486,0.19836460071795875,1397,15372,969,375
Sanger,24,0.2,0.1,goco-N,top43607,0.19215248616101932,0.1935418960182654,1292,13577,949,352
Sanger,25,0.05,0.5,goco-N,top2562,0.039436445724239676,0.04238770692454352,296,700,267,126
Sanger,25,0.05,0.1,goco-N,top2562,0.039436445724239676,0.04238770692454352,296,700,267,126
Sanger,25,0.1,0.5,goco-N,top5551,0.0905330025206845,0.09356397716461866,466,1599,514,180
Sanger,25,0.1,0.1,goco-N,top5551,0.0905330025206845,0.09356397716461866,466,1599,514,180
Sanger,25,0.2,0.5,goco-N,top56424,0.19072906923372876,0.19319583030993046,1394,16428,938,365
Sanger,25,0.2,0.1,goco-N,top56424,0.19072906923372876,0.19319583030993046,1394,16428,938,365
Sanger,26,0.05,0.5,goco-N,top2562,0.040147887449119256,0.041565127705681555,287,724,275,133
Sanger,26,0.05,0.1,goco-N,top2562,0.040147887449119256,0.041565127705681555,287,724,275,133
Sanger,26,0.1,0.5,goco-N,top5551,0.09339042318885545,0.09193282955505842,494,1694,542,210
Sanger,26,0.1,0.1,goco-N,top5551,0.09339042318885545,0.09193282955505842,494,1694,542,210
Sanger,26,0.2,0.5,goco-N,top64182,0.1973439419807899,0.1967154450590487,1636,20457,975,436
Sanger,26,0.2,0.1,goco-N,top56424,0.191120563359573,0.18986319130936713,1518,18201,952,418
Sanger,27,0.05,0.5,goco-N,top2562,0.0470331454038061,0.047104344363059,301,760,304,125
Sanger,27,0.05,0.1,goco-N,top2562,0.0470331454038061,0.047104344363059,301,760,304,125
Sanger,27,0.1,0.5,goco-N,top5551,0.09929895602564957,0.09926618588953204,494,1748,550,182
Sanger,27,0.1,0.1,goco-N,top4880,0.09002392710952407,0.08979819755329198,470,1506,510,174
Sanger,27,0.2,0.5,goco-N,top64182,0.19743907001075808,0.1973855413014552,1634,20613,972,420
Sanger,27,0.2,0.1,goco-N,top56424,0.18759320185548453,0.1884751017249873,1535,18561,931,397
Sanger,28,0.05,0.5,goco-N,top2914,0.04293019783501306,0.04416680269296527,356,858,305,144
Sanger,28,0.05,0.1,goco-N,top2914,0.04293019783501306,0.04416680269296527,356,858,305,144
Sanger,28,0.1,0.5,goco-N,top6314,0.09449853630910977,0.0979793218272208,557,1897,561,225
Sanger,28,0.1,0.1,goco-N,top5551,0.0852784172476551,0.08810970885497008,509,1653,517,209
Sanger,28,0.2,0.5,goco-N,top49603,0.19928698513436569,0.19970354027494802,1455,15936,985,371
Sanger,28,0.2,0.1,goco-N,top38336,0.1893535736965468,0.1907720171318297,1300,12568,947,348
Sanger,29,0.05,0.5,goco-N,top3315,0.045886524822695035,0.04482360796460968,367,932,304,138
Sanger,29,0.05,0.1,goco-N,top3315,0.045886524822695035,0.04482360796460968,367,932,304,138
Sanger,29,0.1,0.5,goco-N,top7182,0.10118911821886108,0.09902344259173836,599,2168,574,218
Sanger,29,0.1,0.1,goco-N,top6314,0.08992860596575766,0.08740503220197335,573,1898,523,208
Sanger,29,0.2,0.5,goco-N,top64182,0.1967741127340933,0.1939982960594327,1557,20554,967,421
Sanger,29,0.2,0.1,goco-N,top64182,0.1967741127340933,0.1939982960594327,1557,20554,967,421
Sanger,30,0.05,0.5,goco-N,top2914,0.0448579782790309,0.04702628283280669,387,801,303,133
Sanger,30,0.05,0.1,goco-N,top2562,0.037292344336017344,0.03999461553764757,342,689,259,119
Sanger,30,0.1,0.5,goco-N,top6314,0.09843014658079195,0.09903407829361241,593,1848,571,208
Sanger,30,0.1,0.1,goco-N,top5551,0.08643085810705949,0.08743696595216059,567,1608,518,199
Sanger,30,0.2,0.5,goco-N,top56424,0.19633980961681158,0.19706807470839685,1369,17448,966,345
Sanger,30,0.2,0.1,goco-N,top49603,0.18853125341426819,0.19158792714818904,1284,15433,934,333
Sanger,31,0.05,0.5,goco-N,top2914,0.048394732056546166,0.04917287248592765,414,879,330,150
Sanger,31,0.05,0.1,goco-N,top2562,0.03813180846775471,0.0399048609655462,392,766,282,141
Sanger,31,0.1,0.5,goco-N,top5551,0.09700198315177566,0.09406831644338723,619,1773,572,223
Sanger,31,0.1,0.1,goco-N,top5551,0.09700198315177566,0.09406831644338723,619,1773,572,223
Sanger,31,0.2,0.5,goco-N,top49603,0.20871454213121024,0.20274042353864646,1613,16694,1034,439
Sanger,31,0.2,0.1,goco-N,top38336,0.20313397476277267,0.19527095661995741,1404,13041,1013,395
Sanger,32,0.05,0.5,goco-N,top2914,0.0446725453220414,0.04486253195105923,389,885,318,147
Sanger,32,0.05,0.1,goco-N,top2914,0.0446725453220414,0.04486253195105923,389,885,318,147
Sanger,32,0.1,0.5,goco-N,top6314,0.09570189747843429,0.09384169771279911,592,1924,548,190
Sanger,32,0.1,0.1,goco-N,top6314,0.09570189747843429,0.09384169771279911,592,1924,548,190
Sanger,32,0.2,0.5,goco-N,top64182,0.19322010933380146,0.19611375126208735,1419,19225,954,385
Sanger,32,0.2,0.1,goco-N,top56424,0.1892109908829596,0.19156813414951485,1324,16991,939,367
Sanger,33,0.05,0.5,goco-N,top2914,0.04513516469843457,0.04590715530478164,399,905,320,150
Sanger,33,0.05,0.1,goco-N,top2914,0.04513516469843457,0.04590715530478164,399,905,320,150
Sanger,33,0.1,0.5,goco-N,top6314,0.0989805074201255,0.09578685294026698,635,1997,579,217
Sanger,33,0.1,0.1,goco-N,top6314,0.0989805074201255,0.09578685294026698,635,1997,579,217
Sanger,33,0.2,0.5,goco-N,top56424,0.20458151671276623,0.19839513247501636,1519,17992,1009,385
Sanger,33,0.2,0.1,goco-N,top49603,0.19645935202668968,0.19107091502900617,1437,15863,976,370
Sanger,34,0.05,0.5,goco-N,top3315,0.0504440729768442,0.04900191365324033,392,971,335,144
Sanger,34,0.05,0.1,goco-N,top2914,0.04401238285534445,0.042094477289582426,356,857,302,137
Sanger,34,0.1,0.5,goco-N,top6314,0.09679126335901252,0.09567614918143351,565,1875,556,193
Sanger,34,0.1,0.1,goco-N,top6314,0.09679126335901252,0.09567614918143351,565,1875,556,193
Sanger,34,0.2,0.5,goco-N,top64182,0.19389033362444388,0.19180643608932516,1534,19659,956,384
Sanger,34,0.2,0.1,goco-N,top64182,0.19389033362444388,0.19180643608932516,1534,19659,956,384
Sanger,35,0.05,0.5,goco-N,top2562,0.04314660765388649,0.04322051059007094,362,839,293,134
Sanger,35,0.05,0.1,goco-N,top2562,0.04314660765388649,0.04322051059007094,362,839,293,134
Sanger,35,0.1,0.5,goco-N,top6314,0.09403480611488763,0.09476430884755047,610,2024,545,211
Sanger,35,0.1,0.1,goco-N,top6314,0.09403480611488763,0.09476430884755047,610,2024,545,211
Sanger,35,0.2,0.5,goco-N,top64182,0.20490875907133618,0.20043656285854272,1604,20109,1011,398
Sanger,35,0.2,0.1,goco-N,top56424,0.1929669270286079,0.18867327692818567,1485,17920,958,373
Sanger,36,0.05,0.5,goco-N,top2562,0.04123989573432957,0.044733868306309904,290,710,284,126
Sanger,36,0.05,0.1,goco-N,top2562,0.04123989573432957,0.044733868306309904,290,710,284,126
Sanger,36,0.1,0.5,goco-N,top6314,0.09656773241700632,0.09855811489344901,572,1870,549,192
Sanger,36,0.1,0.1,goco-N,top5551,0.08782802451276549,0.08971458026530428,526,1615,514,183
Sanger,36,0.2,0.5,goco-N,top43607,0.1950369523014703,0.19687201782630573,1141,13573,961,329
Sanger,36,0.2,0.1,goco-N,top33702,0.18910346031962075,0.19155520221590186,1027,10613,940,312
Sanger,37,0.05,0.5,goco-N,top3315,0.05024818648158418,0.049074650562897316,394,1062,339,156
Sanger,37,0.05,0.1,goco-N,top2914,0.044007451115513824,0.042043239772812685,363,941,304,146
Sanger,37,0.1,0.5,goco-N,top6314,0.09802170512202789,0.09461919401222967,620,2072,578,223
Sanger,37,0.1,0.1,goco-N,top6314,0.09802170512202789,0.09461919401222967,620,2072,578,223
Sanger,37,0.2,0.5,goco-N,top56424,0.20380720877279832,0.20043594168273707,1660,18741,1011,428
Sanger,37,0.2,0.1,goco-N,top49603,0.20005524930763013,0.19411607148182586,1578,16660,997,414
Sanger,38,0.05,0.5,goco-N,top3315,0.0533617005117565,0.050711148368273104,491,1099,356,164
Sanger,38,0.05,0.1,goco-N,top2914,0.04393385947137347,0.043008948475657435,453,966,315,158
Sanger,38,0.1,0.5,goco-N,top6314,0.09369817876536801,0.09248903326028803,692,2047,556,222
Sanger,38,0.1,0.1,goco-N,top6314,0.09369817876536801,0.09248903326028803,692,2047,556,222
Sanger,38,0.2,0.5,goco-N,top64182,0.19879384055133667,0.1973783562598611,1635,19374,994,403
Sanger,38,0.2,0.1,goco-N,top56424,0.19366649337951639,0.1933740260693552,1555,17256,974,387
Sanger,39,0.05,0.5,goco-N,top3315,0.05341731593750218,0.05081761465633739,465,1101,362,173
Sanger,39,0.05,0.1,goco-N,top2914,0.04677579583013661,0.045701331662544496,420,955,324,161
Sanger,39,0.1,0.5,goco-N,top7182,0.10218713020735286,0.09645484294031194,726,2384,601,257
Sanger,39,0.1,0.1,goco-N,top7182,0.10218713020735286,0.09645484294031194,726,2384,601,257
Sanger,39,0.2,0.5,goco-N,top64182,0.2077070552662937,0.20062492738210075,1749,21211,1019,418
Sanger,39,0.2,0.1,goco-N,top56424,0.19883465158900654,0.1927401987109711,1687,18962,982,403
Sanger,40,0.05,0.5,goco-N,top3315,0.05047621471473655,0.04937034157568605,414,1055,337,154
Sanger,40,0.05,0.1,goco-N,top2914,0.0439570153623905,0.042418886513585864,375,937,304,145
Sanger,40,0.1,0.5,goco-N,top6314,0.09598363562529297,0.09384399517461514,627,2011,558,205
Sanger,40,0.1,0.1,goco-N,top6314,0.09598363562529297,0.09384399517461514,627,2011,558,205
Sanger,40,0.2,0.5,goco-N,top56424,0.19807765311711056,0.19778743006197758,1597,17324,982,397
Sanger,40,0.2,0.1,goco-N,top49603,0.19316185421268878,0.19342834208724824,1503,15219,962,379
Sanger,41,0.05,0.5,goco-N,top2914,0.045614004944912,0.04518877829973597,359,899,304,135
Sanger,41,0.05,0.1,goco-N,top2914,0.045614004944912,0.04518877829973597,359,899,304,135
Sanger,41,0.1,0.5,goco-N,top6314,0.09987472716343465,0.0963283370625344,589,2058,575,218
Sanger,41,0.1,0.1,goco-N,top6314,0.09987472716343465,0.0963283370625344,589,2058,575,218
Sanger,41,0.2,0.5,goco-N,top64182,0.19616156762853582,0.19569682567233507,1708,20708,967,415
Sanger,41,0.2,0.1,goco-N,top56424,0.19165221406797683,0.18972637795548616,1608,18587,946,391
Sanger,42,0.05,0.5,goco-N,top2562,0.03888193242616535,0.04185665503497855,268,701,261,117
Sanger,42,0.05,0.1,goco-N,top2562,0.03888193242616535,0.04185665503497855,268,701,261,117
Sanger,42,0.1,0.5,goco-N,top5551,0.08290415072050011,0.09008398252373499,452,1533,491,189
Sanger,42,0.1,0.1,goco-N,top5551,0.08290415072050011,0.09008398252373499,452,1533,491,189
Sanger,42,0.2,0.5,goco-N,top56424,0.18418666449496976,0.19024665346447212,1296,16830,913,365
Sanger,42,0.2,0.1,goco-N,top56424,0.18418666449496976,0.19024665346447212,1296,16830,913,365
Sanger,43,0.05,0.5,goco-N,top3315,0.0500479357646211,0.04931922816392123,373,910,318,129
Sanger,43,0.05,0.1,goco-N,top2914,0.04084973070975311,0.04211915803503473,342,777,277,124
Sanger,43,0.1,0.5,goco-N,top6314,0.09059709680900815,0.09195151241519849,576,1780,526,210
Sanger,43,0.1,0.1,goco-N,top6314,0.09059709680900815,0.09195151241519849,576,1780,526,210
Sanger,43,0.2,0.5,goco-N,top64182,0.20206843177452857,0.20051229569993909,1598,19822,998,408
Sanger,43,0.2,0.1,goco-N,top49603,0.19178208663103763,0.19044546214407942,1409,15466,957,377
Sanger,44,0.05,0.5,goco-N,top2914,0.05040883155664791,0.047603173741488286,392,915,343,156
Sanger,44,0.05,0.1,goco-N,top2914,0.05040883155664791,0.047603173741488286,392,915,343,156
Sanger,44,0.1,0.5,goco-N,top6314,0.10640475125092323,0.10026707995328528,577,2053,598,208
Sanger,44,0.1,0.1,goco-N,top5551,0.09925182993162704,0.09340611217099899,542,1799,566,196
Sanger,44,0.2,0.5,goco-N,top64182,0.20021741227156598,0.19467596306441193,1715,21017,988,428
Sanger,44,0.2,0.1,goco-N,top64182,0.20021741227156598,0.19467596306441193,1715,21017,988,428
Sanger,45,0.05,0.5,goco-N,top2562,0.04285777305934081,0.045294546462718445,275,693,287,125
Sanger,45,0.05,0.1,goco-N,top2562,0.04285777305934081,0.045294546462718445,275,693,287,125
Sanger,45,0.1,0.5,goco-N,top5551,0.08745886314755295,0.09311287409914165,438,1560,494,176
Sanger,45,0.1,0.1,goco-N,top5551,0.08745886314755295,0.09311287409914165,438,1560,494,176
Sanger,45,0.2,0.5,goco-N,top56424,0.18632964619626904,0.19031379981357177,1533,17327,922,382
Sanger,45,0.2,0.1,goco-N,top56424,0.18632964619626904,0.19031379981357177,1533,17327,922,382
Sanger,46,0.05,0.5,goco-N,top2914,0.04976548398720851,0.047388411891658884,336,881,320,131
Sanger,46,0.05,0.1,goco-N,top2914,0.04976548398720851,0.047388411891658884,336,881,320,131
Sanger,46,0.1,0.5,goco-N,top6314,0.09295467534829237,0.09114903895918304,575,1961,551,217
Sanger,46,0.1,0.1,goco-N,top6314,0.09295467534829237,0.09114903895918304,575,1961,551,217
Sanger,46,0.2,0.5,goco-N,top64182,0.2035608119318463,0.20034501714978098,1636,20489,1001,416
Sanger,46,0.2,0.1,goco-N,top56424,0.1967859243705805,0.19418211693668874,1511,18205,975,401
Sanger,47,0.05,0.5,goco-N,top2914,0.046810021507669886,0.045878174364468484,263,788,283,102
Sanger,47,0.05,0.1,goco-N,top2914,0.046810021507669886,0.045878174364468484,263,788,283,102
Sanger,47,0.1,0.5,goco-N,top6314,0.09727627823800672,0.09417053311088927,476,1818,543,182
Sanger,47,0.1,0.1,goco-N,top6314,0.09727627823800672,0.09417053311088927,476,1818,543,182
Sanger,47,0.2,0.5,goco-N,top56424,0.19942054242433568,0.19707692775123256,1252,17063,971,335
Sanger,47,0.2,0.1,goco-N,top49603,0.19500534332299674,0.19315101129399997,1147,15073,950,322
Sanger,48,0.05,0.5,goco-N,top2914,0.04663205402287149,0.047575517649974614,390,868,339,165
Sanger,48,0.05,0.1,goco-N,top2562,0.041484977011292806,0.04262731226790345,359,771,311,153
Sanger,48,0.1,0.5,goco-N,top6314,0.09569534270558577,0.09581886660357343,640,1975,566,232
Sanger,48,0.1,0.1,goco-N,top6314,0.09569534270558577,0.09581886660357343,640,1975,566,232
Sanger,48,0.2,0.5,goco-N,top56424,0.20058110379077843,0.1969813469429306,1496,17606,988,398
Sanger,48,0.2,0.1,goco-N,top49603,0.1944574922418705,0.19071927751496046,1400,15574,962,375
Sanger,49,0.05,0.5,goco-N,top2914,0.04865381538953767,0.045175768389920816,324,824,323,143
Sanger,49,0.05,0.1,goco-N,top2914,0.04865381538953767,0.045175768389920816,324,824,323,143
Sanger,49,0.1,0.5,goco-N,top6314,0.09535178582770969,0.09106215879499996,521,1910,547,214
Sanger,49,0.1,0.1,goco-N,top6314,0.09535178582770969,0.09106215879499996,521,1910,547,214
Sanger,49,0.2,0.5,goco-N,top56424,0.18811152681052395,0.19154907233676824,1466,17371,929,390
Sanger,49,0.2,0.1,goco-N,top56424,0.18811152681052395,0.19154907233676824,1466,17371,929,390
Sanger,50,0.05,0.5,goco-N,top2562,0.039272116461366184,0.04236130701010898,307,757,271,120
Sanger,50,0.05,0.1,goco-N,top2562,0.039272116461366184,0.04236130701010898,307,757,271,120
Sanger,50,0.1,0.5,goco-N,top6314,0.09605626281408682,0.09658612796410386,544,1926,551,201
Sanger,50,0.1,0.1,goco-N,top5551,0.08582321619364112,0.08806349099936385,507,1678,503,188
Sanger,50,0.2,0.5,goco-N,top49603,0.1929119177256834,0.19629536429462285,1328,15523,945,348
Sanger,50,0.2,0.1,goco-N,top43607,0.18575830757021988,0.1892277203908189,1246,13634,914,336
Sanger,51,0.05,0.5,goco-N,top2914,0.03695666471142395,0.042489256656607556,408,883,278,150
Sanger,51,0.05,0.1,goco-N,top2914,0.03695666471142395,0.042489256656607556,408,883,278,150
Sanger,51,0.1,0.5,goco-N,top6314,0.08887424054474972,0.09471249167460787,622,1959,530,218
Sanger,51,0.1,0.1,goco-N,top5551,0.07992965787478666,0.08390732046597656,582,1711,484,201
Sanger,51,0.2,0.5,goco-N,top56424,0.18575107807700006,0.1916884087254724,1506,17098,922,374
Sanger,51,0.2,0.1,goco-N,top56424,0.18575107807700006,0.1916884087254724,1506,17098,922,374
Sanger,52,0.05,0.5,goco-N,top2914,0.04617729042141137,0.04548204567611898,388,941,315,144
Sanger,52,0.05,0.1,goco-N,top2914,0.04617729042141137,0.04548204567611898,388,941,315,144
Sanger,52,0.1,0.5,goco-N,top5551,0.08173530681089472,0.09113198711061929,580,1710,496,195
Sanger,52,0.1,0.1,goco-N,top5551,0.08173530681089472,0.09113198711061929,580,1710,496,195
Sanger,52,0.2,0.5,goco-N,top43607,0.1910375197538487,0.19694001915617323,1298,13863,948,343
Sanger,52,0.2,0.1,goco-N,top33702,0.18538005805842353,0.19160196982348934,1166,10910,927,322
Sanger,53,0.05,0.5,goco-N,top2562,0.047737808415300016,0.046558966109984994,310,773,310,126
Sanger,53,0.05,0.1,goco-N,top2562,0.047737808415300016,0.046558966109984994,310,773,310,126
Sanger,53,0.1,0.5,goco-N,top5551,0.09624075315004767,0.09724184857796861,526,1719,546,180
Sanger,53,0.1,0.1,goco-N,top4880,0.08644516861762103,0.08670304010305502,482,1511,503,171
Sanger,53,0.2,0.5,goco-N,top56424,0.1958531185570827,0.19460820482072422,1476,17725,968,383
Sanger,53,0.2,0.1,goco-N,top56424,0.1958531185570827,0.19460820482072422,1476,17725,968,383
Sanger,54,0.05,0.5,goco-N,top2914,0.03964610106827352,0.04235469087488196,353,831,270,132
Sanger,54,0.05,0.1,goco-N,top2914,0.03964610106827352,0.04235469087488196,353,831,270,132
Sanger,54,0.1,0.5,goco-N,top6314,0.08275268901808655,0.0886584503714517,551,1818,489,204
Sanger,54,0.1,0.1,goco-N,top6314,0.08275268901808655,0.0886584503714517,551,1818,489,204
Sanger,54,0.2,0.5,goco-N,top64182,0.18276776610028314,0.19138571019362255,1517,18653,901,397
Sanger,54,0.2,0.1,goco-N,top56424,0.17546822109941493,0.18479634469624173,1439,16454,873,382
Sanger,55,0.05,0.5,goco-N,top2914,0.04372351674703298,0.04506711611215912,350,863,310,140
Sanger,55,0.05,0.1,goco-N,top2914,0.04372351674703298,0.04506711611215912,350,863,310,140
Sanger,55,0.1,0.5,goco-N,top5551,0.08673912818402642,0.09111974595584436,523,1647,527,212
Sanger,55,0.1,0.1,goco-N,top5551,0.08673912818402642,0.09111974595584436,523,1647,527,212
Sanger,55,0.2,0.5,goco-N,top49603,0.17904516718362345,0.18979982437764567,1560,14837,911,388
Sanger,55,0.2,0.1,goco-N,top43607,0.17424465705997208,0.18504326095206608,1486,13070,893,374
Sanger,56,0.05,0.5,goco-N,top3315,0.04684460183340362,0.04870949937022791,383,979,325,161
Sanger,56,0.05,0.1,goco-N,top2914,0.04132796592483043,0.04425279882257739,361,850,301,152
Sanger,56,0.1,0.5,goco-N,top6314,0.08870911264391287,0.0923902383017835,547,1876,526,223
Sanger,56,0.1,0.1,goco-N,top6314,0.08870911264391287,0.0923902383017835,547,1876,526,223
Sanger,56,0.2,0.5,goco-N,top56424,0.18963119425459082,0.19492831559442242,1376,16947,934,385
Sanger,56,0.2,0.1,goco-N,top49603,0.18384515438750307,0.1892143321409528,1269,15064,910,361
Sanger,57,0.05,0.5,goco-N,top2914,0.043782957660459,0.04673573935060932,322,853,298,140
Sanger,57,0.05,0.1,goco-N,top2562,0.03607822748360263,0.039613497239095075,301,749,261,129
Sanger,57,0.1,0.5,goco-N,top6314,0.09488907690456087,0.09658208268587189,561,1953,547,225
Sanger,57,0.1,0.1,goco-N,top5551,0.08513610130071496,0.08674157009269555,518,1709,503,208
Sanger,57,0.2,0.5,goco-N,top56424,0.19409554694262238,0.19404182153262164,1542,17376,962,399
Sanger,57,0.2,0.1,goco-N,top56424,0.19409554694262238,0.19404182153262164,1542,17376,962,399
Sanger,58,0.05,0.5,goco-N,top3315,0.05269784713233761,0.049385253025664176,425,1019,354,159
Sanger,58,0.05,0.1,goco-N,top2914,0.04542621867369908,0.04247124630386467,376,866,306,138
Sanger,58,0.1,0.5,goco-N,top6314,0.09876111504594477,0.09780630900158317,594,1986,574,223
Sanger,58,0.1,0.1,goco-N,top5551,0.08793047083854671,0.08626397398087941,564,1733,521,210
Sanger,58,0.2,0.5,goco-N,top49603,0.19125404787425754,0.19628594111482808,1433,15403,958,390
Sanger,58,0.2,0.1,goco-N,top43607,0.18497017798700027,0.18948026296807738,1350,13661,933,372
Sanger,59,0.05,0.5,goco-N,top2914,0.04326161147549725,0.044507215599624346,360,838,293,128
Sanger,59,0.05,0.1,goco-N,top2914,0.04326161147549725,0.044507215599624346,360,838,293,128
Sanger,59,0.1,0.5,goco-N,top7182,0.09889122957201475,0.09830399036882352,596,2151,563,208
Sanger,59,0.1,0.1,goco-N,top6314,0.08967175539403983,0.08975545666403804,562,1885,521,196
Sanger,59,0.2,0.5,goco-N,top56424,0.1978252803207846,0.1962453009420208,1362,16932,968,353
Sanger,59,0.2,0.1,goco-N,top49603,0.18968812637195112,0.18821066575363982,1289,14893,935,340
Sanger,60,0.05,0.5,goco-N,top3315,0.05059937884685924,0.04763760453093886,389,985,323,134
Sanger,60,0.05,0.1,goco-N,top3315,0.05059937884685924,0.04763760453093886,389,985,323,134
Sanger,60,0.1,0.5,goco-N,top6314,0.09414602568018021,0.09473013302995757,608,1993,551,206
Sanger,60,0.1,0.1,goco-N,top6314,0.09414602568018021,0.09473013302995757,608,1993,551,206
Sanger,60,0.2,0.5,goco-N,top56424,0.1989983235902729,0.19656042137161017,1478,17831,978,397
Sanger,60,0.2,0.1,goco-N,top49603,0.19493979463637476,0.19187631103800346,1413,15956,965,383
Sanger,61,0.05,0.5,goco-N,top2914,0.050977881145854276,0.04948006158538367,357,927,330,144
Sanger,61,0.05,0.1,goco-N,top2562,0.04512098577048185,0.04561101795370661,296,788,286,119
Sanger,61,0.1,0.5,goco-N,top6314,0.10283239085873266,0.09640853023544166,596,2087,584,217
Sanger,61,0.1,0.1,goco-N,top6314,0.10283239085873266,0.09640853023544166,596,2087,584,217
Sanger,61,0.2,0.5,goco-N,top64182,0.19938444259953012,0.19503887592403646,1629,20654,985,415
Sanger,61,0.2,0.1,goco-N,top64182,0.19938444259953012,0.19503887592403646,1629,20654,985,415
Sanger,62,0.05,0.5,goco-N,top2914,0.0473350122566248,0.044714526555610375,401,946,327,161
Sanger,62,0.05,0.1,goco-N,top2914,0.0473350122566248,0.044714526555610375,401,946,327,161
Sanger,62,0.1,0.5,goco-N,top6314,0.09708170515561333,0.09432045062567215,576,1986,557,214
Sanger,62,0.1,0.1,goco-N,top6314,0.09708170515561333,0.09432045062567215,576,1986,557,214
Sanger,62,0.2,0.5,goco-N,top64182,0.1902548752352117,0.19270386266459302,1561,18781,941,404
Sanger,62,0.2,0.1,goco-N,top64182,0.1902548752352117,0.19270386266459302,1561,18781,941,404
Sanger,63,0.05,0.5,goco-N,top2914,0.041591967507421036,0.0457188908269374,339,778,287,129
Sanger,63,0.05,0.1,goco-N,top2562,0.03524650756733623,0.03866937046846728,317,695,255,122
Sanger,63,0.1,0.5,goco-N,top6314,0.09677538921811278,0.09573595533950986,571,1823,554,201
Sanger,63,0.1,0.1,goco-N,top6314,0.09677538921811278,0.09573595533950986,571,1823,554,201
Sanger,63,0.2,0.5,goco-N,top64182,0.19957240470542595,0.19767662822135176,1618,19625,980,413
Sanger,63,0.2,0.1,goco-N,top56424,0.19440840458883651,0.19204059552117533,1542,17387,959,393
Sanger,64,0.05,0.5,goco-N,top2914,0.043653982573355475,0.04599854252388402,418,895,304,143
Sanger,64,0.05,0.1,goco-N,top2914,0.043653982573355475,0.04599854252388402,418,895,304,143
Sanger,64,0.1,0.5,goco-N,top6314,0.09238590587332435,0.09353217863677844,645,2024,545,213
Sanger,64,0.1,0.1,goco-N,top6314,0.09238590587332435,0.09353217863677844,645,2024,545,213
Sanger,64,0.2,0.5,goco-N,top56424,0.1973513874199596,0.1973230115536869,1617,17747,978,391
Sanger,64,0.2,0.1,goco-N,top49603,0.19169481501791127,0.1925474119161617,1517,15689,954,378
Sanger,65,0.05,0.5,goco-N,top3315,0.04624622484644881,0.0468908269871172,455,1068,316,152
Sanger,65,0.05,0.1,goco-N,top3315,0.04624622484644881,0.0468908269871172,455,1068,316,152
Sanger,65,0.1,0.5,goco-N,top6314,0.09531815546653173,0.09363148739591665,639,2040,543,212
Sanger,65,0.1,0.1,goco-N,top6314,0.09531815546653173,0.09363148739591665,639,2040,543,212
Sanger,65,0.2,0.5,goco-N,top56424,0.19463141828845734,0.19362262149048343,1642,18621,972,399
Sanger,65,0.2,0.1,goco-N,top56424,0.19463141828845734,0.19362262149048343,1642,18621,972,399
Sanger,66,0.05,0.5,goco-N,top2562,0.04599558877472058,0.04365334861407292,313,774,305,129
Sanger,66,0.05,0.1,goco-N,top2562,0.04599558877472058,0.04365334861407292,313,774,305,129
Sanger,66,0.1,0.5,goco-N,top5551,0.09299442821574018,0.091202143583421,517,1695,553,216
Sanger,66,0.1,0.1,goco-N,top5551,0.09299442821574018,0.091202143583421,517,1695,553,216
Sanger,66,0.2,0.5,goco-N,top64182,0.2067748591687515,0.2021916615578669,1586,20860,1015,423
Sanger,66,0.2,0.1,goco-N,top56424,0.2028801964454923,0.19744978092255955,1473,18639,998,401
Sanger,67,0.05,0.5,goco-N,top2914,0.046070503466920036,0.04548360851824314,340,881,306,146
Sanger,67,0.05,0.1,goco-N,top2914,0.046070503466920036,0.04548360851824314,340,881,306,146
Sanger,67,0.1,0.5,goco-N,top6314,0.09239056327522173,0.0960452125731666,561,1945,531,207
Sanger,67,0.1,0.1,goco-N,top5551,0.08379318536122922,0.08818191538753485,520,1709,490,195
Sanger,67,0.2,0.5,goco-N,top56424,0.1913363283734343,0.19216488252606628,1570,18050,950,391
Sanger,67,0.2,0.1,goco-N,top56424,0.1913363283734343,0.19216488252606628,1570,18050,950,391
Sanger,68,0.05,0.5,goco-N,top2914,0.04588638809243512,0.04586219744277518,402,949,320,159
Sanger,68,0.05,0.1,goco-N,top2914,0.04588638809243512,0.04586219744277518,402,949,320,159
Sanger,68,0.1,0.5,goco-N,top6314,0.09642659225805923,0.09697661415901672,643,2056,560,216
Sanger,68,0.1,0.1,goco-N,top5551,0.0848294716226584,0.08615394114902057,598,1815,506,206
Sanger,68,0.2,0.5,goco-N,top49603,0.1904898202036478,0.1947831510751008,1317,15082,945,374
Sanger,68,0.2,0.1,goco-N,top43607,0.1856498357661587,0.19065393021980653,1240,13381,925,356
Sanger,69,0.05,0.5,goco-N,top2562,0.03646821761043486,0.04164866011548104,365,733,268,134
Sanger,69,0.05,0.1,goco-N,top2562,0.03646821761043486,0.04164866011548104,365,733,268,134
Sanger,69,0.1,0.5,goco-N,top5551,0.0746697598268641,0.08326505635352216,583,1630,458,190
Sanger,69,0.1,0.1,goco-N,top5551,0.0746697598268641,0.08326505635352216,583,1630,458,190
Sanger,69,0.2,0.5,goco-N,top43607,0.18416726513507023,0.19220190156924266,1366,13402,934,365
Sanger,69,0.2,0.1,goco-N,top38336,0.17960354682024118,0.18801123905771477,1273,11827,916,351
Sanger,70,0.05,0.5,goco-N,top2914,0.048353669473490304,0.04761566550026653,362,922,315,136
Sanger,70,0.05,0.1,goco-N,top2562,0.041905384027444495,0.039869683168810253,336,819,282,126
Sanger,70,0.1,0.5,goco-N,top6314,0.09290466524445536,0.0953657062473779,600,2062,546,217
Sanger,70,0.1,0.1,goco-N,top5551,0.08548957193282336,0.08751314635972747,554,1796,507,202
Sanger,70,0.2,0.5,goco-N,top56424,0.1820118653757859,0.1909774099385891,1536,17764,910,382
Sanger,70,0.2,0.1,goco-N,top49603,0.17852154939432374,0.18674487605398565,1418,15821,895,363
Sanger,71,0.05,0.5,goco-N,top2914,0.043556198684978086,0.04352907238068095,318,807,282,121
Sanger,71,0.05,0.1,goco-N,top2914,0.043556198684978086,0.04352907238068095,318,807,282,121
Sanger,71,0.1,0.5,goco-N,top6314,0.09833369097519404,0.09740121604753112,562,1852,563,215
Sanger,71,0.1,0.1,goco-N,top5551,0.08490949482270871,0.0849703586804518,513,1591,501,201
Sanger,71,0.2,0.5,goco-N,top64182,0.2022863867416343,0.19958378386695916,1663,20290,989,411
Sanger,71,0.2,0.1,goco-N,top56424,0.19684866172577956,0.19493834393963486,1571,18101,967,389
Sanger,72,0.05,0.5,goco-N,top2914,0.046981869495572565,0.04667358657453593,292,815,286,108
Sanger,72,0.05,0.1,goco-N,top2914,0.046981869495572565,0.04667358657453593,292,815,286,108
Sanger,72,0.1,0.5,goco-N,top5551,0.10034772493899033,0.09879884188744577,433,1634,547,164
Sanger,72,0.1,0.1,goco-N,top4880,0.0903212581149164,0.09032646058906617,407,1406,496,147
Sanger,72,0.2,0.5,goco-N,top38336,0.18986711208304194,0.19488006239311342,1103,11969,944,319
Sanger,72,0.2,0.1,goco-N,top33702,0.18464664215683996,0.18961962595763104,1024,10480,923,310
Sanger,73,0.05,0.5,goco-N,top2914,0.038103082061648696,0.04288351232256584,329,784,242,97
Sanger,73,0.05,0.1,goco-N,top2914,0.038103082061648696,0.04288351232256584,329,784,242,97
Sanger,73,0.1,0.5,goco-N,top6314,0.09354975064485567,0.09676924613402868,468,1791,522,173
Sanger,73,0.1,0.1,goco-N,top5551,0.08396632693072323,0.08779070213617929,446,1557,474,160
Sanger,73,0.2,0.5,goco-N,top64182,0.1879782147530686,0.19531358034475663,1334,18682,915,369
Sanger,73,0.2,0.1,goco-N,top56424,0.18308319402730724,0.18940235113070691,1195,16647,893,349
Sanger,74,0.05,0.5,goco-N,top2914,0.044803634837229454,0.04554194965294465,427,906,323,162
Sanger,74,0.05,0.1,goco-N,top2914,0.044803634837229454,0.04554194965294465,427,906,323,162
Sanger,74,0.1,0.5,goco-N,top6314,0.09208137528568365,0.09351590408643407,648,1930,545,226
Sanger,74,0.1,0.1,goco-N,top6314,0.09208137528568365,0.09351590408643407,648,1930,545,226
Sanger,74,0.2,0.5,goco-N,top64182,0.20017143001735502,0.19630516269419393,1659,20244,987,422
Sanger,74,0.2,0.1,goco-N,top64182,0.20017143001735502,0.19630516269419393,1659,20244,987,422
Sanger,75,0.05,0.5,goco-N,top2914,0.040836692236468276,0.04588667782666439,404,871,301,153
Sanger,75,0.05,0.1,goco-N,top2562,0.035832364723742106,0.03893611903427534,381,789,274,146
Sanger,75,0.1,0.5,goco-N,top6314,0.09677846107253192,0.09719737390908921,625,1926,566,211
Sanger,75,0.1,0.1,goco-N,top5551,0.08720917750987367,0.08972565810834901,576,1681,525,202
Sanger,75,0.2,0.5,goco-N,top49603,0.19155611229215858,0.19455201659244029,1325,15274,947,360
Sanger,75,0.2,0.1,goco-N,top43607,0.186376512394869,0.18914330643834953,1246,13542,928,340
Sanger,76,0.05,0.5,goco-N,top2914,0.04343906187131271,0.045963618957572824,374,846,310,154
Sanger,76,0.05,0.1,goco-N,top2914,0.04343906187131271,0.045963618957572824,374,846,310,154
Sanger,76,0.1,0.5,goco-N,top6314,0.09279550704474021,0.0936873371236444,606,1966,540,215
Sanger,76,0.1,0.1,goco-N,top6314,0.09279550704474021,0.0936873371236444,606,1966,540,215
Sanger,76,0.2,0.5,goco-N,top56424,0.19682326933572508,0.19681042767863013,1612,18166,972,388
Sanger,76,0.2,0.1,goco-N,top49603,0.19315872585378846,0.19189348410873364,1509,16235,956,372
Sanger,77,0.05,0.5,goco-N,top2562,0.04333259498992982,0.043205086688505985,273,666,296,129
Sanger,77,0.05,0.1,goco-N,top2562,0.04333259498992982,0.043205086688505985,273,666,296,129
Sanger,77,0.1,0.5,goco-N,top5551,0.09779745984141411,0.09513953614689726,437,1578,562,189
Sanger,77,0.1,0.1,goco-N,top5551,0.09779745984141411,0.09513953614689726,437,1578,562,189
Sanger,77,0.2,0.5,goco-N,top56424,0.1950295157254221,0.1959466641207741,1482,17703,961,390
Sanger,77,0.2,0.1,goco-N,top49603,0.19027464390208007,0.1910163501532326,1374,15583,940,372
Sanger,78,0.05,0.5,goco-N,top2562,0.04767665456355266,0.045336273622457096,270,704,290,106
Sanger,78,0.05,0.1,goco-N,top2562,0.04767665456355266,0.045336273622457096,270,704,290,106
Sanger,78,0.1,0.5,goco-N,top5551,0.09732851308792843,0.09594332340494088,455,1594,549,185
Sanger,78,0.1,0.1,goco-N,top5551,0.09732851308792843,0.09594332340494088,455,1594,549,185
Sanger,78,0.2,0.5,goco-N,top56424,0.18937633757929262,0.19485387211185143,1398,17349,928,372
Sanger,78,0.2,0.1,goco-N,top43607,0.1824869463855104,0.18777563949787582,1160,13529,900,332
Sanger,79,0.05,0.5,goco-N,top2914,0.048997477575305114,0.046300131697981965,405,946,341,155
Sanger,79,0.05,0.1,goco-N,top2914,0.048997477575305114,0.046300131697981965,405,946,341,155
Sanger,79,0.1,0.5,goco-N,top6314,0.09433630275352801,0.09133321481095275,661,2135,559,218
Sanger,79,0.1,0.1,goco-N,top6314,0.09433630275352801,0.09133321481095275,661,2135,559,218
Sanger,79,0.2,0.5,goco-N,top64182,0.19654107190295167,0.19420348036192783,1706,20593,971,405
Sanger,79,0.2,0.1,goco-N,top64182,0.19654107190295167,0.19420348036192783,1706,20593,971,405
Sanger,80,0.05,0.5,goco-N,top2914,0.03974882340503841,0.04532307987932382,388,792,283,134
Sanger,80,0.05,0.1,goco-N,top2562,0.03636374077583484,0.04049213995843838,331,687,249,110
Sanger,80,0.1,0.5,goco-N,top6314,0.08850106096466678,0.09357685041204133,601,1783,517,194
Sanger,80,0.1,0.1,goco-N,top6314,0.08850106096466678,0.09357685041204133,601,1783,517,194
Sanger,80,0.2,0.5,goco-N,top56424,0.1801987125664889,0.1896645418632643,1534,16764,901,379
Sanger,80,0.2,0.1,goco-N,top56424,0.1801987125664889,0.1896645418632643,1534,16764,901,379
Sanger,81,0.05,0.5,goco-N,top2914,0.0487601175731075,0.04511159885870643,391,922,317,136
Sanger,81,0.05,0.1,goco-N,top2914,0.0487601175731075,0.04511159885870643,391,922,317,136
Sanger,81,0.1,0.5,goco-N,top6314,0.1029979183191214,0.09792327808345441,605,2027,599,220
Sanger,81,0.1,0.1,goco-N,top6314,0.1029979183191214,0.09792327808345441,605,2027,599,220
Sanger,81,0.2,0.5,goco-N,top64182,0.20369788121767643,0.20005418860750915,1680,20289,1005,415
Sanger,81,0.2,0.1,goco-N,top56424,0.1957980686390983,0.19121879708698927,1619,18072,975,401
Sanger,82,0.05,0.5,goco-N,top2914,0.04453780728416787,0.04441066002329718,414,921,316,162
Sanger,82,0.05,0.1,goco-N,top2914,0.04453780728416787,0.04441066002329718,414,921,316,162
Sanger,82,0.1,0.5,goco-N,top6314,0.09387496539792173,0.09280181356490513,631,1997,553,227
Sanger,82,0.1,0.1,goco-N,top6314,0.09387496539792173,0.09280181356490513,631,1997,553,227
Sanger,82,0.2,0.5,goco-N,top56424,0.2006682374284863,0.1978260205244683,1467,17351,991,378
Sanger,82,0.2,0.1,goco-N,top49603,0.19450015944834592,0.19205771033936817,1391,15452,966,363
Sanger,83,0.05,0.5,goco-N,top3315,0.050571915331153856,0.047946515553069266,439,1040,345,159
Sanger,83,0.05,0.1,goco-N,top3315,0.050571915331153856,0.047946515553069266,439,1040,345,159
Sanger,83,0.1,0.5,goco-N,top6314,0.10000585884096783,0.09703204214097554,600,2003,578,213
Sanger,83,0.1,0.1,goco-N,top6314,0.10000585884096783,0.09703204214097554,600,2003,578,213
Sanger,83,0.2,0.5,goco-N,top64182,0.19454553909883757,0.1912002123504512,1666,20563,957,405
Sanger,83,0.2,0.1,goco-N,top64182,0.19454553909883757,0.1912002123504512,1666,20563,957,405
Sanger,84,0.05,0.5,goco-N,top2562,0.04328285252137436,0.04287644059141409,314,774,292,129
Sanger,84,0.05,0.1,goco-N,top2562,0.04328285252137436,0.04287644059141409,314,774,292,129
Sanger,84,0.1,0.5,goco-N,top6314,0.09164049258311824,0.09569162327054441,554,1955,527,194
Sanger,84,0.1,0.1,goco-N,top5551,0.0850715142764415,0.08853103038936022,515,1721,498,186
Sanger,84,0.2,0.5,goco-N,top56424,0.18508881820601938,0.19265778104432454,1446,17242,923,377
Sanger,84,0.2,0.1,goco-N,top49603,0.1809636933249314,0.18839699443299898,1357,15253,906,361
Sanger,85,0.05,0.5,goco-N,top2562,0.0421508397040312,0.0450374704293492,274,748,300,143
Sanger,85,0.05,0.1,goco-N,top2562,0.0421508397040312,0.0450374704293492,274,748,300,143
Sanger,85,0.1,0.5,goco-N,top5551,0.08414388025810197,0.08807762143517735,553,1678,524,216
Sanger,85,0.1,0.1,goco-N,top5551,0.08414388025810197,0.08807762143517735,553,1678,524,216
Sanger,85,0.2,0.5,goco-N,top43607,0.19025086617353829,0.19381094394729292,1379,13831,954,377
Sanger,85,0.2,0.1,goco-N,top38336,0.18514297798884766,0.18888243186973167,1303,12221,933,362
Sanger,86,0.05,0.5,goco-N,top2914,0.04679574003202222,0.04478402053331033,323,878,302,130
Sanger,86,0.05,0.1,goco-N,top2914,0.04679574003202222,0.04478402053331033,323,878,302,130
Sanger,86,0.1,0.5,goco-N,top5551,0.09252192842618374,0.09026842033992401,487,1695,525,176
Sanger,86,0.1,0.1,goco-N,top5551,0.09252192842618374,0.09026842033992401,487,1695,525,176
Sanger,86,0.2,0.5,goco-N,top64182,0.203453591966568,0.19785186596529525,1509,20803,998,402
Sanger,86,0.2,0.1,goco-N,top56424,0.19573295711732042,0.18991789563370495,1389,18386,967,378
Sanger,87,0.05,0.5,goco-N,top2562,0.05230674203238593,0.04926572498603551,231,747,302,94
Sanger,87,0.05,0.1,goco-N,top2252,0.04531163560838813,0.043281939503108414,215,650,266,86
Sanger,87,0.1,0.5,goco-N,top5551,0.09904022598031556,0.09608099937931244,390,1658,548,168
Sanger,87,0.1,0.1,goco-N,top5551,0.09904022598031556,0.09608099937931244,390,1658,548,168
Sanger,87,0.2,0.5,goco-N,top56424,0.19575362076195915,0.19310425426945665,1362,18230,962,377
Sanger,87,0.2,0.1,goco-N,top56424,0.19575362076195915,0.19310425426945665,1362,18230,962,377
Sanger,88,0.05,0.5,goco-N,top2914,0.05011627541302793,0.04816375620100334,440,977,353,167
Sanger,88,0.05,0.1,goco-N,top2914,0.05011627541302793,0.04816375620100334,440,977,353,167
Sanger,88,0.1,0.5,goco-N,top6314,0.09542269959890097,0.09475191442349892,666,2086,570,242
Sanger,88,0.1,0.1,goco-N,top6314,0.09542269959890097,0.09475191442349892,666,2086,570,242
Sanger,88,0.2,0.5,goco-N,top64182,0.19844794621108222,0.19609103109109546,1721,20076,985,414
Sanger,88,0.2,0.1,goco-N,top56424,0.19368447695923147,0.19165675249878267,1623,17835,969,393
Sanger,89,0.05,0.5,goco-N,top2914,0.05050186158248868,0.04855420139065731,329,935,316,125
Sanger,89,0.05,0.1,goco-N,top2562,0.042977328755604234,0.042108198462232946,306,812,277,112
Sanger,89,0.1,0.5,goco-N,top5551,0.09209032415420074,0.09102168993981449,468,1780,517,176
Sanger,89,0.1,0.1,goco-N,top5551,0.09209032415420074,0.09102168993981449,468,1780,517,176
Sanger,89,0.2,0.5,goco-N,top56424,0.1961411822375839,0.19683013997049406,1617,18329,970,411
Sanger,89,0.2,0.1,goco-N,top49603,0.19077449734952273,0.19103138401692965,1537,16221,948,402
Sanger,90,0.05,0.5,goco-N,top2914,0.04605839252931013,0.045987127751153066,361,968,312,143
Sanger,90,0.05,0.1,goco-N,top2914,0.04605839252931013,0.045987127751153066,361,968,312,143
Sanger,90,0.1,0.5,goco-N,top6314,0.08597982476284301,0.09027196694519053,619,2056,517,213
Sanger,90,0.1,0.1,goco-N,top6314,0.08597982476284301,0.09027196694519053,619,2056,517,213
Sanger,90,0.2,0.5,goco-N,top49603,0.18828489545672558,0.1936734874176488,1471,15703,936,374
Sanger,90,0.2,0.1,goco-N,top43607,0.18359530738172702,0.1887291078717891,1378,13913,915,360
Sanger,91,0.05,0.5,goco-N,top3315,0.05003102533897607,0.04795328766180449,433,1022,329,147
Sanger,91,0.05,0.1,goco-N,top3315,0.05003102533897607,0.04795328766180449,433,1022,329,147
Sanger,91,0.1,0.5,goco-N,top6314,0.09421196858239872,0.09684189045138057,632,1985,550,211
Sanger,91,0.1,0.1,goco-N,top5551,0.08393660091308466,0.08602709986798332,583,1723,500,194
Sanger,91,0.2,0.5,goco-N,top38336,0.1943802584753257,0.19731633613119223,1421,13089,982,369
Sanger,91,0.2,0.1,goco-N,top33702,0.18941221732486327,0.19154976156610576,1334,11499,961,359
Sanger,92,0.05,0.5,goco-N,top2914,0.05024945298939107,0.047198904846797916,383,1013,327,144
Sanger,92,0.05,0.1,goco-N,top2914,0.05024945298939107,0.047198904846797916,383,1013,327,144
Sanger,92,0.1,0.5,goco-N,top6314,0.09457942522086069,0.09222904948226754,652,2131,553,218
Sanger,92,0.1,0.1,goco-N,top6314,0.09457942522086069,0.09222904948226754,652,2131,553,218
Sanger,92,0.2,0.5,goco-N,top56424,0.2013027547191324,0.19649415033494447,1584,17641,997,402
Sanger,92,0.2,0.1,goco-N,top56424,0.2013027547191324,0.19649415033494447,1584,17641,997,402
Sanger,93,0.05,0.5,goco-N,top2914,0.05331484740219343,0.04878691069695201,282,852,323,117
Sanger,93,0.05,0.1,goco-N,top2914,0.05331484740219343,0.04878691069695201,282,852,323,117
Sanger,93,0.1,0.5,goco-N,top5551,0.0945365639514281,0.09271009860691601,460,1669,527,172
Sanger,93,0.1,0.1,goco-N,top5551,0.0945365639514281,0.09271009860691601,460,1669,527,172
Sanger,93,0.2,0.5,goco-N,top56424,0.19195701221072903,0.19374731797371586,1344,17765,948,372
Sanger,93,0.2,0.1,goco-N,top56424,0.19195701221072903,0.19374731797371586,1344,17765,948,372
Sanger,94,0.05,0.5,goco-N,top2914,0.04198833143961923,0.04414131127761046,411,866,302,150
Sanger,94,0.05,0.1,goco-N,top2914,0.04198833143961923,0.04414131127761046,411,866,302,150
Sanger,94,0.1,0.5,goco-N,top6314,0.09239038353708007,0.09681131609160988,620,1903,545,217
Sanger,94,0.1,0.1,goco-N,top5551,0.08313488997869932,0.0878694023816696,583,1666,504,205
Sanger,94,0.2,0.5,goco-N,top56424,0.19399671118247058,0.19717824478846158,1478,17167,962,388
Sanger,94,0.2,0.1,goco-N,top49603,0.19008800668682618,0.19302818734949997,1366,15119,946,372
Sanger,95,0.05,0.5,goco-N,top2914,0.04380979043353063,0.044276138257999864,388,933,303,133
Sanger,95,0.05,0.1,goco-N,top2914,0.04380979043353063,0.044276138257999864,388,933,303,133
Sanger,95,0.1,0.5,goco-N,top6314,0.09716486723173616,0.09670091716980954,607,2046,559,208
Sanger,95,0.1,0.1,goco-N,top5551,0.08651347547366289,0.08607959657492548,574,1785,509,192
Sanger,95,0.2,0.5,goco-N,top56424,0.1949540714214614,0.19567467233684258,1592,17785,961,400
Sanger,95,0.2,0.1,goco-N,top49603,0.1899172155462992,0.19092515788882425,1477,15752,940,386
Sanger,96,0.05,0.5,goco-N,top2914,0.049916061293440915,0.04653523535176145,370,865,322,136
Sanger,96,0.05,0.1,goco-N,top2914,0.049916061293440915,0.04653523535176145,370,865,322,136
Sanger,96,0.1,0.5,goco-N,top6314,0.10309896414105622,0.09922541959692294,617,2004,599,231
Sanger,96,0.1,0.1,goco-N,top5551,0.0921094576693681,0.08909481502535525,585,1742,552,219
Sanger,96,0.2,0.5,goco-N,top56424,0.20038454830486205,0.19660655518626766,1547,18919,988,410
Sanger,96,0.2,0.1,goco-N,top56424,0.20038454830486205,0.19660655518626766,1547,18919,988,410
Sanger,97,0.05,0.5,goco-N,top2914,0.04152059089349123,0.04355169102500594,308,816,262,106
Sanger,97,0.05,0.1,goco-N,top2914,0.04152059089349123,0.04355169102500594,308,816,262,106
Sanger,97,0.1,0.5,goco-N,top6314,0.08753059664203547,0.09316631384688222,517,1797,498,182
Sanger,97,0.1,0.1,goco-N,top6314,0.08753059664203547,0.09316631384688222,517,1797,498,182
Sanger,97,0.2,0.5,goco-N,top56424,0.18738945951897185,0.19261946958691153,1390,16641,921,357
Sanger,97,0.2,0.1,goco-N,top49603,0.1818867283068094,0.18736947326927147,1322,14630,899,349
Sanger,98,0.05,0.5,goco-N,top2914,0.05315167351001618,0.04642866816114559,339,853,337,129
Sanger,98,0.05,0.1,goco-N,top2914,0.05315167351001618,0.04642866816114559,339,853,337,129
Sanger,98,0.1,0.5,goco-N,top5551,0.09511974836162966,0.08951094914556883,491,1730,538,184
Sanger,98,0.1,0.1,goco-N,top5551,0.09511974836162966,0.08951094914556883,491,1730,538,184
Sanger,98,0.2,0.5,goco-N,top56424,0.19795488196528707,0.19762844838724383,1412,17970,962,366
Sanger,98,0.2,0.1,goco-N,top49603,0.18846443405169314,0.19008627863282698,1311,15916,921,351
Sanger,99,0.05,0.5,goco-N,top2914,0.04394467779620273,0.04287753639638829,346,849,282,117
Sanger,99,0.05,0.1,goco-N,top2914,0.04394467779620273,0.04287753639638829,346,849,282,117
Sanger,99,0.1,0.5,goco-N,top6314,0.09800820061649908,0.09866053231715462,559,1981,547,194
Sanger,99,0.1,0.1,goco-N,top5551,0.08739029938049941,0.08838378712614949,518,1728,497,181
Sanger,99,0.2,0.5,goco-N,top49603,0.18752677692698352,0.1922099384134153,1403,15809,921,354
Sanger,99,0.2,0.1,goco-N,top49603,0.18752677692698352,0.1922099384134153,1403,15809,921,354
DRIVE,0,0.05,0.5,goco-N,top980,0.034137538706504225,0.04239562799907627,93,270,94,46
DRIVE,0,0.05,0.1,goco-N,top861,0.031476253631426046,0.03949830182588803,80,234,86,41
DRIVE,0,0.1,0.5,goco-N,top3555,0.08373510197214117,0.09377439339868805,212,1022,197,74
DRIVE,0,0.1,0.1,goco-N,top2748,0.0767080016947391,0.08687104964059247,191,752,189,74
DRIVE,0,0.2,0.5,goco-N,top27934,0.17959004569087175,0.18535033822682478,718,7287,370,161
DRIVE,0,0.2,0.1,goco-N,top27934,0.17959004569087175,0.18535033822682478,718,7287,370,161
DRIVE,1,0.05,0.5,goco-N,top980,0.047854616647720095,0.04785273818430317,72,269,113,32
DRIVE,1,0.05,0.1,goco-N,top861,0.04290577238853101,0.04264979936067469,60,236,100,27
DRIVE,1,0.1,0.5,goco-N,top3555,0.09647046417747605,0.09777352794196137,140,1021,209,62
DRIVE,1,0.1,0.1,goco-N,top2748,0.08896315338321235,0.09089398814200036,135,752,197,60
DRIVE,1,0.2,0.5,goco-N,top27934,0.1828418162885058,0.1865430128089506,623,8328,372,167
DRIVE,1,0.2,0.1,goco-N,top27934,0.1828418162885058,0.1865430128089506,623,8328,372,167
DRIVE,2,0.05,0.5,goco-N,top861,0.041727085175361035,0.045065470927539895,69,207,107,35
DRIVE,2,0.05,0.1,goco-N,top757,0.03533451223106395,0.03836147249940353,61,177,92,30
DRIVE,2,0.1,0.5,goco-N,top2748,0.09957218460569013,0.09903613814223892,166,805,220,62
DRIVE,2,0.1,0.1,goco-N,top2123,0.08646534589086592,0.08661089078507442,151,608,197,56
DRIVE,2,0.2,0.5,goco-N,top27934,0.19224117233970292,0.18549618505280138,756,8171,394,178
DRIVE,2,0.2,0.1,goco-N,top27934,0.19224117233970292,0.18549618505280138,756,8171,394,178
DRIVE,3,0.05,0.5,goco-N,top1115,0.04921771714875163,0.044782430213464695,116,362,121,44
DRIVE,3,0.05,0.1,goco-N,top1115,0.04921771714875163,0.044782430213464695,116,362,121,44
DRIVE,3,0.1,0.5,goco-N,top3555,0.11185294118652384,0.1021783833979763,228,1188,247,81
DRIVE,3,0.1,0.1,goco-N,top2748,0.10466566765252949,0.09643357395112917,201,913,235,72
DRIVE,3,0.2,0.5,goco-N,top27934,0.18701677330739858,0.18526998139639198,713,8761,383,170
DRIVE,3,0.2,0.1,goco-N,top27934,0.18701677330739858,0.18526998139639198,713,8761,383,170
DRIVE,4,0.05,0.5,goco-N,top1115,0.0453770367563471,0.045764548350755246,121,346,123,51
DRIVE,4,0.05,0.1,goco-N,top980,0.0369243400277883,0.04078924906511113,108,288,105,47
DRIVE,4,0.1,0.5,goco-N,top5953,0.09282728734099509,0.09655011448785163,233,1824,202,75
DRIVE,4,0.1,0.1,goco-N,top5233,0.09126136586104099,0.09310840017028564,211,1624,199,69
DRIVE,4,0.2,0.5,goco-N,top27934,0.18095553315046634,0.18397990856266913,696,8283,373,167
DRIVE,4,0.2,0.1,goco-N,top27934,0.18095553315046634,0.18397990856266913,696,8283,373,167
DRIVE,5,0.05,0.5,goco-N,top861,0.04521535935329039,0.047551471516988755,62,225,107,30
DRIVE,5,0.05,0.1,goco-N,top757,0.04074017936086902,0.04341669824428446,53,196,95,26
DRIVE,5,0.1,0.5,goco-N,top3126,0.09178658873370668,0.0967881900151283,150,860,203,57
DRIVE,5,0.1,0.1,goco-N,top2415,0.08504445893040058,0.0897683164659292,133,649,189,52
DRIVE,5,0.2,0.5,goco-N,top27934,0.18193154684399387,0.18521162784325007,651,7848,373,168
DRIVE,5,0.2,0.1,goco-N,top27934,0.18193154684399387,0.18521162784325007,651,7848,373,168
DRIVE,6,0.05,0.5,goco-N,top1115,0.04760272736400058,0.04517890450251193,109,339,119,43
DRIVE,6,0.05,0.1,goco-N,top1115,0.04760272736400058,0.04517890450251193,109,339,119,43
DRIVE,6,0.1,0.5,goco-N,top2748,0.08629853187155417,0.09149891064074242,179,872,194,71
DRIVE,6,0.1,0.1,goco-N,top2748,0.08629853187155417,0.09149891064074242,179,872,194,71
DRIVE,6,0.2,0.5,goco-N,top27934,0.17141808924959454,0.18440184748713392,647,7922,350,161
DRIVE,6,0.2,0.1,goco-N,top27934,0.17141808924959454,0.18440184748713392,647,7922,350,161
DRIVE,7,0.05,0.5,goco-N,top861,0.03664898320070734,0.043563639425708386,105,273,104,49
DRIVE,7,0.05,0.1,goco-N,top757,0.03332449160035367,0.03910740600395773,100,245,99,47
DRIVE,7,0.1,0.5,goco-N,top7702,0.08886650066641777,0.09578280404007848,266,2765,198,87
DRIVE,7,0.1,0.1,goco-N,top5953,0.08006004501899339,0.08815525427903591,227,2218,182,78
DRIVE,7,0.2,0.5,goco-N,top27934,0.1709143104712094,0.1839681269492546,643,7947,353,164
DRIVE,7,0.2,0.1,goco-N,top27934,0.1709143104712094,0.1839681269492546,643,7947,353,164
DRIVE,8,0.05,0.5,goco-N,top1115,0.05501155932190415,0.05107889556165419,86,343,128,39
DRIVE,8,0.05,0.1,goco-N,top980,0.044151415231270044,0.04374654976234991,79,297,105,35
DRIVE,8,0.1,0.5,goco-N,top4600,0.09830342738807397,0.09729328039223381,188,1408,218,81
DRIVE,8,0.1,0.1,goco-N,top4044,0.09365793541272259,0.0931781588556199,180,1221,210,76
DRIVE,8,0.2,0.5,goco-N,top27934,0.1885611936998475,0.1854431546168974,725,8194,388,184
DRIVE,8,0.2,0.1,goco-N,top27934,0.1885611936998475,0.1854431546168974,725,8194,388,184
DRIVE,9,0.05,0.5,goco-N,top980,0.05532146014904636,0.0513929238067169,113,341,137,46
DRIVE,9,0.05,0.1,goco-N,top861,0.047240116205633446,0.04531549548790928,108,296,123,45
DRIVE,9,0.1,0.5,goco-N,top9966,0.11071480096996583,0.10275490581076976,234,2606,229,81
DRIVE,9,0.1,0.1,goco-N,top8761,0.1054093356885849,0.09709860146393212,218,2288,219,76
DRIVE,9,0.2,0.5,goco-N,top27934,0.19879607138675262,0.1859350051305214,697,8576,407,175
DRIVE,9,0.2,0.1,goco-N,top27934,0.19879607138675262,0.1859350051305214,697,8576,407,175
DRIVE,10,0.05,0.5,goco-N,top861,0.04175066312997347,0.04416214054145089,65,204,104,35
DRIVE,10,0.05,0.1,goco-N,top861,0.04175066312997347,0.04416214054145089,65,204,104,35
DRIVE,10,0.1,0.5,goco-N,top5233,0.0909226455558842,0.09541901542041625,164,1586,192,64
DRIVE,10,0.1,0.1,goco-N,top4044,0.08573764245301226,0.08907514147168402,139,1186,182,56
DRIVE,10,0.2,0.5,goco-N,top27934,0.17999311413331504,0.1843688925986108,747,8294,368,160
DRIVE,10,0.2,0.1,goco-N,top27934,0.17999311413331504,0.1843688925986108,747,8294,368,160
DRIVE,11,0.05,0.5,goco-N,top1115,0.05961538461538462,0.052027353234249785,104,358,139,38
DRIVE,11,0.05,0.1,goco-N,top980,0.05092396109637489,0.045369528300562775,93,311,119,33
DRIVE,11,0.1,0.5,goco-N,top3555,0.11539226276153627,0.10450817399359225,213,1108,255,74
DRIVE,11,0.1,0.1,goco-N,top2748,0.11097258826457486,0.09839363107407222,196,922,247,71
DRIVE,11,0.2,0.5,goco-N,top27934,0.187309125019899,0.18365584192611661,688,8809,384,175
DRIVE,11,0.2,0.1,goco-N,top27934,0.187309125019899,0.18365584192611661,688,8809,384,175
DRIVE,12,0.05,0.5,goco-N,top1268,0.04930192412951033,0.047877033566688744,160,412,133,59
DRIVE,12,0.05,0.1,goco-N,top1115,0.04529112649802305,0.04163497422118112,137,355,120,49
DRIVE,12,0.1,0.5,goco-N,top6771,0.1023698520254215,0.10007749801682007,256,2030,220,83
DRIVE,12,0.1,0.1,goco-N,top5233,0.09540441980068125,0.09251518037355912,241,1583,210,79
DRIVE,12,0.2,0.5,goco-N,top27934,0.19311699489891018,0.18526927019020897,668,8243,398,173
DRIVE,12,0.2,0.1,goco-N,top27934,0.19311699489891018,0.18526927019020897,668,8243,398,173
DRIVE,13,0.05,0.5,goco-N,top980,0.04798787419477075,0.04660157849813022,89,294,119,40
DRIVE,13,0.05,0.1,goco-N,top861,0.04504231400783124,0.04194096452717142,80,261,115,37
DRIVE,13,0.1,0.5,goco-N,top4600,0.09711120043527462,0.09820922038017206,189,1430,214,77
DRIVE,13,0.1,0.1,goco-N,top4044,0.09561330405076338,0.09438468142692004,175,1253,211,73
DRIVE,13,0.2,0.5,goco-N,top27934,0.177785225581688,0.18529794377313277,726,8424,368,172
DRIVE,13,0.2,0.1,goco-N,top27934,0.177785225581688,0.18529794377313277,726,8424,368,172
DRIVE,14,0.05,0.5,goco-N,top1115,0.04385327316361799,0.04660834057385782,83,329,104,41
DRIVE,14,0.05,0.1,goco-N,top980,0.03944757743946385,0.04204362499494345,69,292,93,35
DRIVE,14,0.1,0.5,goco-N,top4600,0.09560263803954053,0.0968952413018953,154,1222,201,63
DRIVE,14,0.1,0.1,goco-N,top3555,0.08828038778005728,0.0911977662529531,136,912,188,59
DRIVE,14,0.2,0.5,goco-N,top27934,0.1819351228732432,0.18398239584650802,624,7779,369,158
DRIVE,14,0.2,0.1,goco-N,top27934,0.1819351228732432,0.18398239584650802,624,7779,369,158
DRIVE,15,0.05,0.5,goco-N,top1115,0.05031765169696204,0.0499134964652206,115,349,134,53
DRIVE,15,0.05,0.1,goco-N,top980,0.04273841101427308,0.041936594695215386,102,307,117,48
DRIVE,15,0.1,0.5,goco-N,top4044,0.09670404365988772,0.098790252333926,180,1199,211,78
DRIVE,15,0.1,0.1,goco-N,top2748,0.08852730583967906,0.0906273423463471,160,818,201,70
DRIVE,15,0.2,0.5,goco-N,top27934,0.1884402949020118,0.18618927447897404,598,8157,381,158
DRIVE,15,0.2,0.1,goco-N,top27934,0.1884402949020118,0.18618927447897404,598,8157,381,158
DRIVE,16,0.05,0.5,goco-N,top1268,0.051715927750410506,0.04977200959959581,119,421,128,47
DRIVE,16,0.05,0.1,goco-N,top980,0.043377541998231656,0.043489747800092626,102,314,118,44
DRIVE,16,0.1,0.5,goco-N,top3126,0.0948159586401286,0.09608270046565022,187,994,208,61
DRIVE,16,0.1,0.1,goco-N,top2748,0.09189396939605543,0.09260072001526656,176,895,203,59
DRIVE,16,0.2,0.5,goco-N,top27934,0.17767312180009592,0.18093052747243743,688,8202,363,163
DRIVE,16,0.2,0.1,goco-N,top27934,0.17767312180009592,0.18093052747243743,688,8202,363,163
DRIVE,17,0.05,0.5,goco-N,top1268,0.05171829202333181,0.04841432857347976,116,386,127,47
DRIVE,17,0.05,0.1,goco-N,top1115,0.04466495190633122,0.04316735332650452,106,342,112,44
DRIVE,17,0.1,0.5,goco-N,top3555,0.10630581286800747,0.09923215293626064,179,1076,236,78
DRIVE,17,0.1,0.1,goco-N,top3126,0.0989813211136022,0.0941083417972477,171,943,223,74
DRIVE,17,0.2,0.5,goco-N,top27934,0.18977512138388114,0.1835123749703587,679,8463,389,174
DRIVE,17,0.2,0.1,goco-N,top27934,0.18977512138388114,0.1835123749703587,679,8463,389,174
DRIVE,18,0.05,0.5,goco-N,top980,0.047464546947305564,0.048538032848377675,103,293,114,37
DRIVE,18,0.05,0.1,goco-N,top861,0.0444600227358848,0.0426390467769778,96,254,109,35
DRIVE,18,0.1,0.5,goco-N,top3555,0.09644431222126348,0.09607307755553952,186,1198,208,66
DRIVE,18,0.1,0.1,goco-N,top3126,0.09223649751217981,0.09084407437587479,181,1062,200,64
DRIVE,18,0.2,0.5,goco-N,top27934,0.1821057735889094,0.18640976994044756,720,8221,371,171
DRIVE,18,0.2,0.1,goco-N,top27934,0.1821057735889094,0.18640976994044756,720,8221,371,171
DRIVE,19,0.05,0.5,goco-N,top861,0.04063239442549787,0.04603233145673463,94,238,110,41
DRIVE,19,0.05,0.1,goco-N,top757,0.033196496989600435,0.04015922136611792,86,205,92,36
DRIVE,19,0.1,0.5,goco-N,top3555,0.0992287686997804,0.09909004422943471,213,1082,218,68
DRIVE,19,0.1,0.1,goco-N,top2748,0.09279065544875961,0.0927568726613399,190,834,211,66
DRIVE,19,0.2,0.5,goco-N,top27934,0.18676325397879154,0.1839097546439899,693,8164,381,163
DRIVE,19,0.2,0.1,goco-N,top27934,0.18676325397879154,0.1839097546439899,693,8164,381,163
DRIVE,20,0.05,0.5,goco-N,top1268,0.05513957307060755,0.051395947112127485,112,397,135,47
DRIVE,20,0.05,0.1,goco-N,top1115,0.04736726874657909,0.045024927425457925,101,338,118,44
DRIVE,20,0.1,0.5,goco-N,top4600,0.09760991622585546,0.09824295434252658,204,1396,218,81
DRIVE,20,0.1,0.1,goco-N,top3555,0.08991128605389948,0.0915612774858628,187,1055,207,76
DRIVE,20,0.2,0.5,goco-N,top27934,0.17342117540563473,0.18490071608605385,635,7839,356,167
DRIVE,20,0.2,0.1,goco-N,top27934,0.17342117540563473,0.18490071608605385,635,7839,356,167
DRIVE,21,0.05,0.5,goco-N,top980,0.04586206896551724,0.0462003219297649,94,272,115,38
DRIVE,21,0.05,0.1,goco-N,top861,0.039310344827586205,0.03965743952481353,85,234,96,29
DRIVE,21,0.1,0.5,goco-N,top3555,0.09982240682942962,0.0992955617505241,177,1080,222,77
DRIVE,21,0.1,0.1,goco-N,top3126,0.09369239211298702,0.09396886666704396,174,933,213,76
DRIVE,21,0.2,0.5,goco-N,top27934,0.1881382963084228,0.1851590449494818,690,8341,383,171
DRIVE,21,0.2,0.1,goco-N,top27934,0.1881382963084228,0.1851590449494818,690,8341,383,171
DRIVE,22,0.05,0.5,goco-N,top980,0.041451307313376276,0.04415718700201459,91,272,113,46
DRIVE,22,0.05,0.1,goco-N,top980,0.041451307313376276,0.04415718700201459,91,272,113,46
DRIVE,22,0.1,0.5,goco-N,top5953,0.09751664740905668,0.09813536581451335,275,1997,214,80
DRIVE,22,0.1,0.1,goco-N,top4600,0.09194244662975458,0.09250495610751289,252,1547,206,78
DRIVE,22,0.2,0.5,goco-N,top27934,0.1893664618415062,0.18496383657136248,705,8419,390,173
DRIVE,22,0.2,0.1,goco-N,top27934,0.1893664618415062,0.18496383657136248,705,8419,390,173
DRIVE,23,0.05,0.5,goco-N,top861,0.04625931539724643,0.04669482742427039,83,275,117,40
DRIVE,23,0.05,0.1,goco-N,top757,0.041688139446760135,0.0413865489064428,79,241,107,37
DRIVE,23,0.1,0.5,goco-N,top3555,0.09909774979471912,0.09969629399446572,176,1082,216,68
DRIVE,23,0.1,0.1,goco-N,top2415,0.08916619778688743,0.09169089786331165,154,711,198,62
DRIVE,23,0.2,0.5,goco-N,top27934,0.18932470169253504,0.18311471171878205,711,8166,386,159
DRIVE,23,0.2,0.1,goco-N,top27934,0.18932470169253504,0.18311471171878205,711,8166,386,159
DRIVE,24,0.05,0.5,goco-N,top1268,0.0520069703358828,0.04897667417561316,144,458,139,65
DRIVE,24,0.05,0.1,goco-N,top1115,0.047107125117735196,0.04431833811144156,129,394,126,58
DRIVE,24,0.1,0.5,goco-N,top7702,0.11449140952522467,0.10318842706443773,333,3071,246,109
DRIVE,24,0.1,0.1,goco-N,top6771,0.1075435109870681,0.09853257413679153,309,2709,233,102
DRIVE,24,0.2,0.5,goco-N,top27934,0.19889394389925988,0.18263338885583777,776,9368,409,189
DRIVE,24,0.2,0.1,goco-N,top27934,0.19889394389925988,0.18263338885583777,776,9368,409,189
DRIVE,25,0.05,0.5,goco-N,top1115,0.04959559597490632,0.046911855704959156,101,342,126,44
DRIVE,25,0.05,0.1,goco-N,top1115,0.04959559597490632,0.046911855704959156,101,342,126,44
DRIVE,25,0.1,0.5,goco-N,top9966,0.10123000969559523,0.09676758118002615,285,3202,215,93
DRIVE,25,0.1,0.1,goco-N,top8761,0.0982014209470962,0.09296796603806005,261,2773,210,86
DRIVE,25,0.2,0.5,goco-N,top27934,0.1903587229162927,0.18495465336492992,746,8871,388,176
DRIVE,25,0.2,0.1,goco-N,top27934,0.1903587229162927,0.18495465336492992,746,8871,388,176
DRIVE,26,0.05,0.5,goco-N,top1268,0.04953412487895246,0.048360333791368275,119,385,124,48
DRIVE,26,0.05,0.1,goco-N,top1115,0.04550166308786999,0.04455870438629059,109,341,115,45
DRIVE,26,0.1,0.5,goco-N,top6771,0.09822005062894877,0.09861750463306791,212,2016,209,68
DRIVE,26,0.1,0.1,goco-N,top5953,0.09417794586177425,0.09414383328478446,205,1752,203,66
DRIVE,26,0.2,0.5,goco-N,top27934,0.17755042710685429,0.1853493104970649,619,8190,363,162
DRIVE,26,0.2,0.1,goco-N,top27934,0.17755042710685429,0.1853493104970649,619,8190,363,162
DRIVE,27,0.05,0.5,goco-N,top1115,0.049837066852981976,0.047528134994978495,112,350,128,47
DRIVE,27,0.05,0.1,goco-N,top980,0.04195977173430754,0.04194024906226498,100,306,110,42
DRIVE,27,0.1,0.5,goco-N,top4600,0.09086619131886263,0.09439224142139091,221,1444,205,79
DRIVE,27,0.1,0.1,goco-N,top4044,0.08930312703112378,0.09173108611781998,202,1250,201,73
DRIVE,27,0.2,0.5,goco-N,top27934,0.17547472546580054,0.1870496748534954,744,8310,363,170
DRIVE,27,0.2,0.1,goco-N,top24557,0.16590651800398595,0.17517516303178932,653,7421,342,155
DRIVE,28,0.05,0.5,goco-N,top1115,0.05101886619127998,0.0471307325153479,116,365,129,47
DRIVE,28,0.05,0.1,goco-N,top1115,0.05101886619127998,0.0471307325153479,116,365,129,47
DRIVE,28,0.1,0.5,goco-N,top2748,0.10475215708694943,0.09936927508250593,194,840,242,81
DRIVE,28,0.1,0.1,goco-N,top2415,0.09687136509924775,0.09253841988618743,181,758,223,73
DRIVE,28,0.2,0.5,goco-N,top27934,0.19496873083680222,0.18496401767721668,721,8604,398,174
DRIVE,28,0.2,0.1,goco-N,top27934,0.19496873083680222,0.18496401767721668,721,8604,398,174
DRIVE,29,0.05,0.5,goco-N,top980,0.0456309208033346,0.04646295594571457,103,287,117,43
DRIVE,29,0.05,0.1,goco-N,top861,0.03799334764852006,0.040261603020223705,96,252,101,41
DRIVE,29,0.1,0.5,goco-N,top2748,0.09638512754560499,0.09860002533079455,201,855,219,75
DRIVE,29,0.1,0.1,goco-N,top2123,0.08047412357757186,0.08276662992180232,171,651,187,66
DRIVE,29,0.2,0.5,goco-N,top27934,0.17551391594578786,0.18327923279767797,682,8435,359,176
DRIVE,29,0.2,0.1,goco-N,top27934,0.17551391594578786,0.18327923279767797,682,8435,359,176
DRIVE,30,0.05,0.5,goco-N,top1268,0.06028061976337838,0.05317446920895197,88,392,142,47
DRIVE,30,0.05,0.1,goco-N,top1115,0.05416041812593537,0.04527275406585751,79,348,127,41
DRIVE,30,0.1,0.5,goco-N,top4044,0.11519115713842198,0.10350614674411632,254,1326,259,94
DRIVE,30,0.1,0.1,goco-N,top3555,0.10809105802931741,0.09590554741770833,235,1154,247,91
DRIVE,30,0.2,0.5,goco-N,top27934,0.18983867722767464,0.18469342380912665,711,8864,390,185
DRIVE,30,0.2,0.1,goco-N,top27934,0.18983867722767464,0.18469342380912665,711,8864,390,185
DRIVE,31,0.05,0.5,goco-N,top980,0.041757496850335044,0.04602955841682632,114,290,109,42
DRIVE,31,0.05,0.1,goco-N,top861,0.03723937129772674,0.040526814770846596,104,258,97,36
DRIVE,31,0.1,0.5,goco-N,top2748,0.08723192290397082,0.09495536379486227,211,809,203,76
DRIVE,31,0.1,0.1,goco-N,top2415,0.07995973517422342,0.08633513369230743,197,711,190,72
DRIVE,31,0.2,0.5,goco-N,top27934,0.1728767365306456,0.1841176621182726,663,7536,353,160
DRIVE,31,0.2,0.1,goco-N,top27934,0.1728767365306456,0.1841176621182726,663,7536,353,160
DRIVE,32,0.05,0.5,goco-N,top1115,0.04351744041399214,0.04573425297563228,135,351,131,65
DRIVE,32,0.05,0.1,goco-N,top980,0.04055021606745744,0.04196764920902852,118,308,121,59
DRIVE,32,0.1,0.5,goco-N,top4044,0.0968037600959652,0.09835081189480407,222,1401,223,89
DRIVE,32,0.1,0.1,goco-N,top3126,0.08813686983683999,0.0900497968345337,210,1055,210,85
DRIVE,32,0.2,0.5,goco-N,top27934,0.19368448144241326,0.1830713086580305,782,9002,398,186
DRIVE,32,0.2,0.1,goco-N,top27934,0.19368448144241326,0.1830713086580305,782,9002,398,186
DRIVE,33,0.05,0.5,goco-N,top1443,0.04714050317498594,0.04863629984319639,143,447,122,53
DRIVE,33,0.05,0.1,goco-N,top1268,0.04340844978776014,0.04224287207045827,136,393,114,50
DRIVE,33,0.1,0.5,goco-N,top4600,0.10723763782756483,0.1015137990641999,256,1609,234,91
DRIVE,33,0.1,0.1,goco-N,top3555,0.10081227907598672,0.09423207382202804,237,1223,222,83
DRIVE,33,0.2,0.5,goco-N,top27934,0.18656282009495495,0.18511578221273706,714,8251,381,174
DRIVE,33,0.2,0.1,goco-N,top27934,0.18656282009495495,0.18511578221273706,714,8251,381,174
DRIVE,34,0.05,0.5,goco-N,top980,0.04787166856132374,0.04587231414817621,88,326,117,39
DRIVE,34,0.05,0.1,goco-N,top980,0.04787166856132374,0.04587231414817621,88,326,117,39
DRIVE,34,0.1,0.5,goco-N,top3555,0.09273341146293246,0.09477614325554312,196,1182,207,75
DRIVE,34,0.1,0.1,goco-N,top3126,0.08812142415958184,0.08870511435233332,189,1058,197,71
DRIVE,34,0.2,0.5,goco-N,top27934,0.19303017516909296,0.18643845746325566,733,8576,395,181
DRIVE,34,0.2,0.1,goco-N,top27934,0.19303017516909296,0.18643845746325566,733,8576,395,181
DRIVE,35,0.05,0.5,goco-N,top1268,0.051699507389162555,0.0487790817101162,140,392,135,49
DRIVE,35,0.05,0.1,goco-N,top1115,0.03948612689992,0.038887191990640266,132,339,110,46
DRIVE,35,0.1,0.5,goco-N,top4600,0.09727931907830396,0.09818456106692859,265,1446,221,90
DRIVE,35,0.1,0.1,goco-N,top3126,0.09010100658750717,0.09211025080776353,239,943,211,83
DRIVE,35,0.2,0.5,goco-N,top27934,0.19155470917395825,0.18614993764834414,724,8631,392,176
DRIVE,35,0.2,0.1,goco-N,top27934,0.19155470917395825,0.18614993764834414,724,8631,392,176
DRIVE,36,0.05,0.5,goco-N,top1268,0.05380322742391708,0.04951173985656744,142,427,132,46
DRIVE,36,0.05,0.1,goco-N,top1115,0.04766620352827249,0.044759933553037,122,371,117,41
DRIVE,36,0.1,0.5,goco-N,top3126,0.09822401848771017,0.09662797004588886,239,1038,224,79
DRIVE,36,0.1,0.1,goco-N,top2748,0.09148190089454984,0.08998784109067666,231,927,214,76
DRIVE,36,0.2,0.5,goco-N,top27934,0.19655975066422304,0.1859574417695309,675,8998,401,173
DRIVE,36,0.2,0.1,goco-N,top27934,0.19655975066422304,0.1859574417695309,675,8998,401,173
DRIVE,37,0.05,0.5,goco-N,top1115,0.03815418298176918,0.043776484346776126,87,282,97,35
DRIVE,37,0.05,0.1,goco-N,top980,0.034044250768388705,0.03936364401881643,74,239,87,30
DRIVE,37,0.1,0.5,goco-N,top2415,0.08680530197771577,0.09340843064980996,181,658,204,69
DRIVE,37,0.1,0.1,goco-N,top2123,0.07777063932236346,0.08442212800693064,163,581,185,63
DRIVE,37,0.2,0.5,goco-N,top27934,0.17272323785218555,0.18419818471604676,684,7832,357,165
DRIVE,37,0.2,0.1,goco-N,top27934,0.17272323785218555,0.18419818471604676,684,7832,357,165
DRIVE,38,0.05,0.5,goco-N,top1268,0.05138431418272267,0.04727582982888022,94,367,119,40
DRIVE,38,0.05,0.1,goco-N,top1268,0.05138431418272267,0.04727582982888022,94,367,119,40
DRIVE,38,0.1,0.5,goco-N,top5233,0.11190145765196949,0.10342056328604492,214,1982,236,81
DRIVE,38,0.1,0.1,goco-N,top4044,0.10088940022486288,0.09284654966771363,196,1543,215,71
DRIVE,38,0.2,0.5,goco-N,top27934,0.18700994510036778,0.1828702357263791,705,8748,383,176
DRIVE,38,0.2,0.1,goco-N,top27934,0.18700994510036778,0.1828702357263791,705,8748,383,176
DRIVE,39,0.05,0.5,goco-N,top980,0.04415287777356743,0.04459231406181008,88,293,110,38
DRIVE,39,0.05,0.1,goco-N,top980,0.04415287777356743,0.04459231406181008,88,293,110,38
DRIVE,39,0.1,0.5,goco-N,top4600,0.09314355931324077,0.09521701549349491,210,1610,205,68
DRIVE,39,0.1,0.1,goco-N,top4044,0.08876064726594099,0.0920849802926174,198,1423,198,66
DRIVE,39,0.2,0.5,goco-N,top27934,0.17830952974451217,0.18331514456062828,762,8313,368,175
DRIVE,39,0.2,0.1,goco-N,top27934,0.17830952974451217,0.18331514456062828,762,8313,368,175
DRIVE,40,0.05,0.5,goco-N,top980,0.050476152200290135,0.04744135813101331,128,339,140,57
DRIVE,40,0.05,0.1,goco-N,top861,0.04446417567107223,0.04088564692012968,120,301,127,52
DRIVE,40,0.1,0.5,goco-N,top5233,0.1052836224906778,0.10002170893849355,270,1779,232,99
DRIVE,40,0.1,0.1,goco-N,top4600,0.10073062896066438,0.09562669017349211,255,1556,224,96
DRIVE,40,0.2,0.5,goco-N,top27934,0.19173143749614285,0.18555913575141547,733,8459,393,189
DRIVE,40,0.2,0.1,goco-N,top27934,0.19173143749614285,0.18555913575141547,733,8459,393,189
DRIVE,41,0.05,0.5,goco-N,top980,0.05247863247863248,0.049391290014632196,71,295,123,37
DRIVE,41,0.05,0.1,goco-N,top861,0.04344006568144499,0.04291806336899175,64,254,104,34
DRIVE,41,0.1,0.5,goco-N,top4600,0.10306440673689135,0.09982883640943584,171,1453,223,81
DRIVE,41,0.1,0.1,goco-N,top4044,0.10128668114656571,0.09612237468568559,155,1268,220,76
DRIVE,41,0.2,0.5,goco-N,top27934,0.1867410682530122,0.18649872423585956,708,8359,382,173
DRIVE,41,0.2,0.1,goco-N,top27934,0.1867410682530122,0.18649872423585956,708,8359,382,173
DRIVE,42,0.05,0.5,goco-N,top1268,0.06224306344996,0.05379730103868035,147,462,162,60
DRIVE,42,0.05,0.1,goco-N,top1115,0.05493221338048924,0.04850069470759127,140,411,147,57
DRIVE,42,0.1,0.5,goco-N,top3126,0.1079071694802291,0.10185339388703091,247,1098,252,89
DRIVE,42,0.1,0.1,goco-N,top2415,0.09662470355012093,0.09255392468467831,230,878,233,85
DRIVE,42,0.2,0.5,goco-N,top27934,0.18847050261855802,0.1849548776333332,731,8860,388,181
DRIVE,42,0.2,0.1,goco-N,top27934,0.18847050261855802,0.1849548776333332,731,8860,388,181
DRIVE,43,0.05,0.5,goco-N,top980,0.041914235190097265,0.04470437608368643,98,298,112,42
DRIVE,43,0.05,0.1,goco-N,top861,0.03561892130857648,0.037859228893711655,90,263,96,36
DRIVE,43,0.1,0.5,goco-N,top2748,0.09237172016018169,0.09640288353628801,203,867,218,88
DRIVE,43,0.1,0.1,goco-N,top2415,0.08618789403935292,0.09002877854855712,192,765,209,86
DRIVE,43,0.2,0.5,goco-N,top27934,0.18750555711353836,0.18613261482284513,746,7738,389,173
DRIVE,43,0.2,0.1,goco-N,top27934,0.18750555711353836,0.18613261482284513,746,7738,389,173
DRIVE,44,0.05,0.5,goco-N,top980,0.052178013557323905,0.04782355575459024,84,329,116,30
DRIVE,44,0.05,0.1,goco-N,top980,0.052178013557323905,0.04782355575459024,84,329,116,30
DRIVE,44,0.1,0.5,goco-N,top4044,0.10830778993118757,0.09999497085417733,171,1387,231,66
DRIVE,44,0.1,0.1,goco-N,top3555,0.10527622483609511,0.09645469772268621,163,1222,227,65
DRIVE,44,0.2,0.5,goco-N,top27934,0.1968697007198111,0.1868357257872236,687,9074,401,177
DRIVE,44,0.2,0.1,goco-N,top27934,0.1968697007198111,0.1868357257872236,687,9074,401,177
DRIVE,45,0.05,0.5,goco-N,top980,0.03501420035902794,0.04115294348052969,111,291,97,40
DRIVE,45,0.05,0.1,goco-N,top980,0.03501420035902794,0.04115294348052969,111,291,97,40
DRIVE,45,0.1,0.5,goco-N,top5953,0.0983006544312156,0.09824254056343877,239,1966,221,86
DRIVE,45,0.1,0.1,goco-N,top5233,0.09451142945088223,0.0938639444897253,225,1715,214,80
DRIVE,45,0.2,0.5,goco-N,top27934,0.184006876985125,0.18638079970225738,786,8611,378,172
DRIVE,45,0.2,0.1,goco-N,top27934,0.184006876985125,0.18638079970225738,786,8611,378,172
DRIVE,46,0.05,0.5,goco-N,top1268,0.06386171594394406,0.05330521405420191,145,446,158,59
DRIVE,46,0.05,0.1,goco-N,top1115,0.05848699487956782,0.04899374277358362,134,391,147,54
DRIVE,46,0.1,0.5,goco-N,top4044,0.10601842717677108,0.09930604327128917,224,1337,236,88
DRIVE,46,0.1,0.1,goco-N,top3555,0.10208997657988547,0.09527733334318977,214,1159,231,86
DRIVE,46,0.2,0.5,goco-N,top27934,0.18363362177996836,0.18320025919143906,710,8666,378,177
DRIVE,46,0.2,0.1,goco-N,top27934,0.18363362177996836,0.18320025919143906,710,8666,378,177
DRIVE,47,0.05,0.5,goco-N,top1115,0.048905098732684935,0.046813161295919906,98,364,124,48
DRIVE,47,0.05,0.1,goco-N,top1115,0.048905098732684935,0.046813161295919906,98,364,124,48
DRIVE,47,0.1,0.5,goco-N,top7702,0.09385552233113294,0.09590880497044492,279,2723,204,100
DRIVE,47,0.1,0.1,goco-N,top6771,0.08841352570250037,0.0894927202026665,257,2437,195,95
DRIVE,47,0.2,0.5,goco-N,top27934,0.1830519973271428,0.18616849514006398,742,8375,377,170
DRIVE,47,0.2,0.1,goco-N,top27934,0.1830519973271428,0.18616849514006398,742,8375,377,170
DRIVE,48,0.05,0.5,goco-N,top980,0.045987345987345996,0.0470033635683503,77,255,110,29
DRIVE,48,0.05,0.1,goco-N,top861,0.04441604372638855,0.04404405497243693,69,220,106,26
DRIVE,48,0.1,0.5,goco-N,top5233,0.09384070601264285,0.09453629077380282,151,1549,198,56
DRIVE,48,0.1,0.1,goco-N,top4600,0.09285083032695765,0.09121514141748262,139,1341,196,51
DRIVE,48,0.2,0.5,goco-N,top27934,0.18953528874258796,0.18637926011783318,668,8540,389,174
DRIVE,48,0.2,0.1,goco-N,top27934,0.18953528874258796,0.18637926011783318,668,8540,389,174
DRIVE,49,0.05,0.5,goco-N,top1115,0.045476860304446504,0.046984002096734194,123,348,126,61
DRIVE,49,0.05,0.1,goco-N,top980,0.043140952769599984,0.04394216599786891,114,309,121,59
DRIVE,49,0.1,0.5,goco-N,top4600,0.09559608806483195,0.09782072757481942,273,1607,222,105
DRIVE,49,0.1,0.1,goco-N,top3555,0.08731257462403798,0.08906168296196118,233,1241,205,96
DRIVE,49,0.2,0.5,goco-N,top27934,0.17501950616772916,0.18285880148306352,763,8452,358,175
DRIVE,49,0.2,0.1,goco-N,top27934,0.17501950616772916,0.18285880148306352,763,8452,358,175
DRIVE,50,0.05,0.5,goco-N,top861,0.03478337754199823,0.04282591610177817,58,207,86,24
DRIVE,50,0.05,0.1,goco-N,top757,0.030993221338048927,0.03904719801271526,51,178,77,21
DRIVE,50,0.1,0.5,goco-N,top4600,0.09430498673346302,0.09691417022003875,134,1231,205,57
DRIVE,50,0.1,0.1,goco-N,top2748,0.09077663722507323,0.09238408579057548,112,734,198,51
DRIVE,50,0.2,0.5,goco-N,top27934,0.18231724454572826,0.1836200098063622,581,8047,368,162
DRIVE,50,0.2,0.1,goco-N,top27934,0.18231724454572826,0.1836200098063622,581,8047,368,162
DRIVE,51,0.05,0.5,goco-N,top1115,0.04814828849311608,0.04387688939413077,132,371,130,54
DRIVE,51,0.05,0.1,goco-N,top1115,0.04814828849311608,0.04387688939413077,132,371,130,54
DRIVE,51,0.1,0.5,goco-N,top3555,0.10854402348483451,0.10108461240631463,223,1197,241,83
DRIVE,51,0.1,0.1,goco-N,top3126,0.1024096880131363,0.09544542710321098,216,1052,230,81
DRIVE,51,0.2,0.5,goco-N,top27934,0.19337000676960966,0.18277499294325114,774,9349,397,189
DRIVE,51,0.2,0.1,goco-N,top27934,0.19337000676960966,0.18277499294325114,774,9349,397,189
DRIVE,52,0.05,0.5,goco-N,top757,0.043598585322723246,0.04508792612240888,65,217,111,35
DRIVE,52,0.05,0.1,goco-N,top666,0.03778956675508399,0.04022820091785608,60,192,98,33
DRIVE,52,0.1,0.5,goco-N,top2748,0.0837980298433321,0.09167681061108782,153,879,192,66
DRIVE,52,0.1,0.1,goco-N,top2415,0.08135218598083319,0.08859272976350849,146,761,188,64
DRIVE,52,0.2,0.5,goco-N,top27934,0.17452519561252097,0.18294494748785925,679,8076,359,162
DRIVE,52,0.2,0.1,goco-N,top27934,0.17452519561252097,0.18294494748785925,679,8076,359,162
DRIVE,53,0.05,0.5,goco-N,top980,0.042996505410298515,0.044639032742481016,78,277,107,37
DRIVE,53,0.05,0.1,goco-N,top980,0.042996505410298515,0.044639032742481016,78,277,107,37
DRIVE,53,0.1,0.5,goco-N,top3555,0.09228041206306783,0.09618196749015621,154,1067,202,75
DRIVE,53,0.1,0.1,goco-N,top2748,0.08747555862940477,0.09013821677389879,140,805,194,68
DRIVE,53,0.2,0.5,goco-N,top27934,0.18191989569392936,0.18352433947224728,670,8590,368,171
DRIVE,53,0.2,0.1,goco-N,top27934,0.18191989569392936,0.18352433947224728,670,8590,368,171
DRIVE,54,0.05,0.5,goco-N,top980,0.035658862210586346,0.04121804759735794,122,284,102,47
DRIVE,54,0.05,0.1,goco-N,top980,0.035658862210586346,0.04121804759735794,122,284,102,47
DRIVE,54,0.1,0.5,goco-N,top3126,0.09451369681916522,0.09649119920921058,274,1036,221,80
DRIVE,54,0.1,0.1,goco-N,top2415,0.08539483505000746,0.08851607008768812,239,776,202,72
DRIVE,54,0.2,0.5,goco-N,top27934,0.1781220771503888,0.1846572655292601,742,8140,367,178
DRIVE,54,0.2,0.1,goco-N,top27934,0.1781220771503888,0.1846572655292601,742,8140,367,178
DRIVE,55,0.05,0.5,goco-N,top980,0.04029670447442331,0.04495771003728564,102,304,109,47
DRIVE,55,0.05,0.1,goco-N,top861,0.03534575504071524,0.03889827188235676,89,267,96,41
DRIVE,55,0.1,0.5,goco-N,top4044,0.09034907652647063,0.09611036319950425,220,1434,202,78
DRIVE,55,0.1,0.1,goco-N,top3126,0.08653578005342306,0.09075580247136504,206,1104,197,76
DRIVE,55,0.2,0.5,goco-N,top27934,0.17516372897017696,0.18313538296623783,782,8144,364,175
DRIVE,55,0.2,0.1,goco-N,top27934,0.17516372897017696,0.18313538296623783,782,8144,364,175
DRIVE,56,0.05,0.5,goco-N,top1115,0.04626798488867455,0.04462020737882807,110,303,118,40
DRIVE,56,0.05,0.1,goco-N,top1115,0.04626798488867455,0.04462020737882807,110,303,118,40
DRIVE,56,0.1,0.5,goco-N,top4044,0.09428755924502746,0.09727772401566856,245,1122,215,87
DRIVE,56,0.1,0.1,goco-N,top3555,0.0871721171058041,0.09175351014400111,236,1012,202,85
DRIVE,56,0.2,0.5,goco-N,top27934,0.17944599016262283,0.18504310299291452,659,8348,369,169
DRIVE,56,0.2,0.1,goco-N,top27934,0.17944599016262283,0.18504310299291452,659,8348,369,169
DRIVE,57,0.05,0.5,goco-N,top1268,0.0569112879457707,0.051421331394806195,117,384,142,48
DRIVE,57,0.05,0.1,goco-N,top1115,0.0485764809902741,0.04395152151120321,101,326,122,42
DRIVE,57,0.1,0.5,goco-N,top4600,0.10534737098095157,0.10152936269848784,200,1554,229,76
DRIVE,57,0.1,0.1,goco-N,top3126,0.09897470124774399,0.09392231106767329,179,972,220,69
DRIVE,57,0.2,0.5,goco-N,top27934,0.19272330561550174,0.18531105678945228,738,9519,395,176
DRIVE,57,0.2,0.1,goco-N,top27934,0.19272330561550174,0.18531105678945228,738,9519,395,176
DRIVE,58,0.05,0.5,goco-N,top1443,0.04752356838563736,0.047885384092280645,118,469,114,41
DRIVE,58,0.05,0.1,goco-N,top1268,0.04156592449695898,0.04267496233013474,113,417,102,37
DRIVE,58,0.1,0.5,goco-N,top5953,0.08262420258960398,0.09211010775691462,224,1993,181,71
DRIVE,58,0.1,0.1,goco-N,top5233,0.08095243353688959,0.08832056019074795,208,1793,180,68
DRIVE,58,0.2,0.5,goco-N,top27934,0.1775710407625067,0.1839948853243277,692,8410,364,170
DRIVE,58,0.2,0.1,goco-N,top27934,0.1775710407625067,0.1839948853243277,692,8410,364,170
DRIVE,59,0.05,0.5,goco-N,top861,0.04594164456233422,0.04587168578547889,76,231,115,39
DRIVE,59,0.05,0.1,goco-N,top757,0.04080459770114943,0.0411094301611543,70,203,103,34
DRIVE,59,0.1,0.5,goco-N,top2748,0.09858794532313035,0.09859901012148202,151,814,217,68
DRIVE,59,0.1,0.1,goco-N,top2415,0.0939056710116322,0.09144914538891756,146,719,209,65
DRIVE,59,0.2,0.5,goco-N,top27934,0.19064898120783605,0.18649811129173446,769,8822,391,189
DRIVE,59,0.2,0.1,goco-N,top27934,0.19064898120783605,0.18649811129173446,769,8822,391,189
DRIVE,60,0.05,0.5,goco-N,top1268,0.047431371310681654,0.04881527389454153,119,376,126,49
DRIVE,60,0.05,0.1,goco-N,top980,0.03973264283609112,0.0417592263812423,94,292,108,44
DRIVE,60,0.1,0.5,goco-N,top4600,0.08689166935867301,0.0925509260360336,203,1430,195,82
DRIVE,60,0.1,0.1,goco-N,top4044,0.08453144496675165,0.08929018725413616,194,1263,192,76
DRIVE,60,0.2,0.5,goco-N,top27934,0.17957663479381697,0.18317180047980047,643,7782,368,163
DRIVE,60,0.2,0.1,goco-N,top27934,0.17957663479381697,0.18317180047980047,643,7782,368,163
DRIVE,61,0.05,0.5,goco-N,top1115,0.04960780598711633,0.04901267315060418,114,336,125,45
DRIVE,61,0.05,0.1,goco-N,top980,0.04460801650456823,0.0445275286654597,104,299,115,43
DRIVE,61,0.1,0.5,goco-N,top3126,0.09003738556961945,0.09536609836621449,204,946,205,66
DRIVE,61,0.1,0.1,goco-N,top2748,0.08681181945701001,0.09152001214898828,203,849,201,66
DRIVE,61,0.2,0.5,goco-N,top27934,0.17835341135579047,0.18180170029865914,563,7546,363,152
DRIVE,61,0.2,0.1,goco-N,top27934,0.17835341135579047,0.18180170029865914,563,7546,363,152
DRIVE,62,0.05,0.5,goco-N,top1268,0.04647004336659509,0.04467416363968088,144,373,124,51
DRIVE,62,0.05,0.1,goco-N,top1268,0.04647004336659509,0.04467416363968088,144,373,124,51
DRIVE,62,0.1,0.5,goco-N,top4044,0.10177067572343748,0.10002494777104809,243,1226,231,81
DRIVE,62,0.1,0.1,goco-N,top3555,0.09834956818317614,0.0950585338326176,234,1078,225,76
DRIVE,62,0.2,0.5,goco-N,top27934,0.17742566079236866,0.1840878256127532,625,8112,363,166
DRIVE,62,0.2,0.1,goco-N,top27934,0.17742566079236866,0.1840878256127532,625,8112,363,166
DRIVE,63,0.05,0.5,goco-N,top980,0.04390446718032925,0.04311973908790885,90,295,108,36
DRIVE,63,0.05,0.1,goco-N,top980,0.04390446718032925,0.04311973908790885,90,295,108,36
DRIVE,63,0.1,0.5,goco-N,top5233,0.10294801261756083,0.10078389159232787,251,1561,228,88
DRIVE,63,0.1,0.1,goco-N,top3555,0.09167649267988703,0.09232290000679762,193,1019,204,64
DRIVE,63,0.2,0.5,goco-N,top27934,0.17832625544925,0.1844425538529158,747,8528,368,179
DRIVE,63,0.2,0.1,goco-N,top27934,0.17832625544925,0.1844425538529158,747,8528,368,179
DRIVE,64,0.05,0.5,goco-N,top1115,0.054980448375673834,0.05113981312920306,115,373,139,51
DRIVE,64,0.05,0.1,goco-N,top980,0.0489701103494207,0.044071373169516405,102,325,125,48
DRIVE,64,0.1,0.5,goco-N,top5953,0.10483824865968173,0.10112038232553448,276,1960,230,89
DRIVE,64,0.1,0.1,goco-N,top4044,0.09890947722278046,0.09463862883133382,222,1337,220,80
DRIVE,64,0.2,0.5,goco-N,top27934,0.18623640897348853,0.18501396658626348,788,8483,383,178
DRIVE,64,0.2,0.1,goco-N,top27934,0.18623640897348853,0.18501396658626348,788,8483,383,178
DRIVE,65,0.05,0.5,goco-N,top1115,0.04813186813186813,0.04543124500021052,156,396,125,52
DRIVE,65,0.05,0.1,goco-N,top1115,0.04813186813186813,0.04543124500021052,156,396,125,52
DRIVE,65,0.1,0.5,goco-N,top4600,0.09836582867596429,0.0975796852704917,261,1613,224,88
DRIVE,65,0.1,0.1,goco-N,top3555,0.09238894405536023,0.09185600118389332,257,1261,215,87
DRIVE,65,0.2,0.5,goco-N,top27934,0.17970026664408376,0.18525452517753288,718,8535,371,175
DRIVE,65,0.2,0.1,goco-N,top27934,0.17970026664408376,0.18525452517753288,718,8535,371,175
DRIVE,66,0.05,0.5,goco-N,top1115,0.04791472219464105,0.048231795654170434,78,320,114,36
DRIVE,66,0.05,0.1,goco-N,top980,0.04435194116228598,0.04263889931661815,71,277,108,34
DRIVE,66,0.1,0.5,goco-N,top4600,0.10873202190919462,0.10213033303487581,156,1265,234,70
DRIVE,66,0.1,0.1,goco-N,top3555,0.10003615341811628,0.09511767357979228,137,993,219,63
DRIVE,66,0.2,0.5,goco-N,top27934,0.18073724036543978,0.185549058995189,634,8163,369,174
DRIVE,66,0.2,0.1,goco-N,top27934,0.18073724036543978,0.185549058995189,634,8163,369,174
DRIVE,67,0.05,0.5,goco-N,top980,0.04771167529788219,0.0482291973671284,90,314,120,41
DRIVE,67,0.05,0.1,goco-N,top861,0.04465959328028294,0.04316997179066145,81,279,111,35
DRIVE,67,0.1,0.5,goco-N,top3126,0.10104337851781371,0.09981010157668227,150,1051,223,66
DRIVE,67,0.1,0.1,goco-N,top2123,0.09555017926370711,0.09346248096469141,129,671,212,55
DRIVE,67,0.2,0.5,goco-N,top27934,0.195223434978762,0.1845599367876503,697,8400,400,168
DRIVE,67,0.2,0.1,goco-N,top27934,0.195223434978762,0.1845599367876503,697,8400,400,168
DRIVE,68,0.05,0.5,goco-N,top980,0.04010189044671803,0.04648625321039114,79,262,106,40
DRIVE,68,0.05,0.1,goco-N,top757,0.029779167192960296,0.037074719660926556,63,191,81,33
DRIVE,68,0.1,0.5,goco-N,top4600,0.0867454584893462,0.09305269978417884,150,1270,189,59
DRIVE,68,0.1,0.1,goco-N,top4044,0.08207320582133176,0.08898577757150834,144,1111,180,53
DRIVE,68,0.2,0.5,goco-N,top27934,0.18171891227366058,0.18501455676033368,589,7942,369,152
DRIVE,68,0.2,0.1,goco-N,top27934,0.18171891227366058,0.18501455676033368,589,7942,369,152
DRIVE,69,0.05,0.5,goco-N,top1268,0.051719169424739725,0.048802754243150566,151,441,134,60
DRIVE,69,0.05,0.1,goco-N,top1115,0.04870520284313388,0.04379816236190085,136,395,125,54
DRIVE,69,0.1,0.5,goco-N,top3555,0.10746595391654298,0.1013052813502803,278,1247,248,100
DRIVE,69,0.1,0.1,goco-N,top3126,0.10327604555446161,0.09532517364045305,258,1116,239,97
DRIVE,69,0.2,0.5,goco-N,top27934,0.1842474005887388,0.18416938123247048,682,8271,378,172
DRIVE,69,0.2,0.1,goco-N,top27934,0.1842474005887388,0.18416938123247048,682,8271,378,172
DRIVE,70,0.05,0.5,goco-N,top1115,0.03884957070633463,0.04537379311915121,114,312,106,38
DRIVE,70,0.05,0.1,goco-N,top980,0.03463264704644015,0.039374734215583025,102,281,95,35
DRIVE,70,0.1,0.5,goco-N,top4044,0.09660388176350161,0.0981016084237358,211,1133,218,74
DRIVE,70,0.1,0.1,goco-N,top3126,0.0871226246605442,0.09009949328166125,195,919,199,66
DRIVE,70,0.2,0.5,goco-N,top27934,0.18544043832421903,0.18383802622356046,611,7805,376,161
DRIVE,70,0.2,0.1,goco-N,top27934,0.18544043832421903,0.18383802622356046,611,7805,376,161
DRIVE,71,0.05,0.5,goco-N,top1115,0.05458507010231148,0.0483221759083828,105,377,137,48
DRIVE,71,0.05,0.1,goco-N,top1115,0.05458507010231148,0.0483221759083828,105,377,137,48
DRIVE,71,0.1,0.5,goco-N,top5233,0.11386611833083793,0.10423721773676171,253,1744,253,97
DRIVE,71,0.1,0.1,goco-N,top3555,0.10480240027086088,0.09679174058669839,222,1219,237,87
DRIVE,71,0.2,0.5,goco-N,top27934,0.19900423691139765,0.18631979715717475,747,9039,403,182
DRIVE,71,0.2,0.1,goco-N,top27934,0.19900423691139765,0.18631979715717475,747,9039,403,182
DRIVE,72,0.05,0.5,goco-N,top980,0.04753841943497116,0.046346995915961434,86,283,121,41
DRIVE,72,0.05,0.1,goco-N,top980,0.04753841943497116,0.046346995915961434,86,283,121,41
DRIVE,72,0.1,0.5,goco-N,top5233,0.10498019048309389,0.10147159512274372,191,1523,228,76
DRIVE,72,0.1,0.1,goco-N,top3555,0.09752981470589163,0.09403528464992064,158,1001,218,70
DRIVE,72,0.2,0.5,goco-N,top27934,0.18518919626625405,0.18445716268106066,625,8504,376,165
DRIVE,72,0.2,0.1,goco-N,top27934,0.18518919626625405,0.18445716268106066,625,8504,376,165
DRIVE,73,0.05,0.5,goco-N,top1268,0.0552976142631315,0.0510048312037702,132,380,138,41
DRIVE,73,0.05,0.1,goco-N,top1115,0.04742847191123053,0.043385733040905455,125,338,119,36
DRIVE,73,0.1,0.5,goco-N,top4600,0.1108307722499668,0.1033363120274683,227,1443,244,75
DRIVE,73,0.1,0.1,goco-N,top3555,0.09605950283138613,0.09197820812926091,205,1080,217,65
DRIVE,73,0.2,0.5,goco-N,top27934,0.19543943884535306,0.18786378248084099,765,8734,399,183
DRIVE,73,0.2,0.1,goco-N,top27934,0.19543943884535306,0.18786378248084099,765,8734,399,183
DRIVE,74,0.05,0.5,goco-N,top1268,0.05633739528964993,0.049761217758565235,106,370,133,51
DRIVE,74,0.05,0.1,goco-N,top1115,0.050833627027260984,0.04523784938904302,88,314,121,47
DRIVE,74,0.1,0.5,goco-N,top11336,0.11569374851025739,0.10496899220103048,347,3598,242,101
DRIVE,74,0.1,0.1,goco-N,top8761,0.10752211394484346,0.09566104146560793,265,2702,226,86
DRIVE,74,0.2,0.5,goco-N,top27934,0.1875273583977983,0.18406012634129418,730,8705,386,184
DRIVE,74,0.2,0.1,goco-N,top27934,0.1875273583977983,0.18406012634129418,730,8705,386,184
DRIVE,75,0.05,0.5,goco-N,top980,0.03644141299313713,0.041396292085947264,99,261,95,34
DRIVE,75,0.05,0.1,goco-N,top980,0.03644141299313713,0.041396292085947264,99,261,95,34
DRIVE,75,0.1,0.5,goco-N,top3126,0.08970764339350873,0.09343452206548165,180,929,199,67
DRIVE,75,0.1,0.1,goco-N,top2748,0.08736944414684722,0.08988048224598448,174,817,197,66
DRIVE,75,0.2,0.5,goco-N,top27934,0.17035197306052435,0.18353630694176704,722,8191,349,169
DRIVE,75,0.2,0.1,goco-N,top27934,0.17035197306052435,0.18353630694176704,722,8191,349,169
DRIVE,76,0.05,0.5,goco-N,top1268,0.048118184497494845,0.04659272400651711,142,407,129,58
DRIVE,76,0.05,0.1,goco-N,top1115,0.040045050734705906,0.03980456325283911,121,352,109,53
DRIVE,76,0.1,0.5,goco-N,top4044,0.1023657799826074,0.10060613186112988,252,1278,229,91
DRIVE,76,0.1,0.1,goco-N,top2748,0.09075264059114894,0.08971919137375198,204,859,210,78
DRIVE,76,0.2,0.5,goco-N,top27934,0.17696557055891285,0.18401047109781984,746,8800,362,173
DRIVE,76,0.2,0.1,goco-N,top27934,0.17696557055891285,0.18401047109781984,746,8800,362,173
DRIVE,77,0.05,0.5,goco-N,top1268,0.054628015662498426,0.05101557397313365,101,354,125,35
DRIVE,77,0.05,0.1,goco-N,top1115,0.04746601762516881,0.04570824453021363,91,300,110,32
DRIVE,77,0.1,0.5,goco-N,top6771,0.10482979382273773,0.09954964814033394,211,1867,223,83
DRIVE,77,0.1,0.1,goco-N,top5233,0.09735696828660813,0.09385806200734022,185,1327,210,70
DRIVE,77,0.2,0.5,goco-N,top27934,0.1824965908579176,0.18285521112713699,733,8227,375,176
DRIVE,77,0.2,0.1,goco-N,top27934,0.1824965908579176,0.18285521112713699,733,8227,375,176
DRIVE,78,0.05,0.5,goco-N,top1115,0.04020852710507883,0.04305537055537056,132,332,122,57
DRIVE,78,0.05,0.1,goco-N,top1115,0.04020852710507883,0.04305537055537056,132,332,122,57
DRIVE,78,0.1,0.5,goco-N,top5233,0.09967458070761391,0.09977768204598655,296,1751,230,87
DRIVE,78,0.1,0.1,goco-N,top4044,0.09130989620234807,0.09158115528434632,271,1320,218,82
DRIVE,78,0.2,0.5,goco-N,top27934,0.1798118807494656,0.18430049446461935,763,8550,372,180
DRIVE,78,0.2,0.1,goco-N,top27934,0.1798118807494656,0.18430049446461935,763,8550,372,180
DRIVE,79,0.05,0.5,goco-N,top980,0.052988505747126435,0.05050261041640351,102,301,136,52
DRIVE,79,0.05,0.1,goco-N,top757,0.044230137678413536,0.04190644604437708,83,234,116,43
DRIVE,79,0.1,0.5,goco-N,top3555,0.10106790558655124,0.0994864417219603,223,1081,233,93
DRIVE,79,0.1,0.1,goco-N,top2748,0.09220830211406786,0.0929476766737691,213,882,220,90
DRIVE,79,0.2,0.5,goco-N,top27934,0.19271669357197133,0.184259886255484,673,7924,393,180
DRIVE,79,0.2,0.1,goco-N,top27934,0.19271669357197133,0.184259886255484,673,7924,393,180
DRIVE,80,0.05,0.5,goco-N,top1115,0.05600648393751842,0.05101143870374641,149,406,148,60
DRIVE,80,0.05,0.1,goco-N,top980,0.04964443602374637,0.044445674671138864,144,353,136,58
DRIVE,80,0.1,0.5,goco-N,top3126,0.09811033378443956,0.09655540297090363,255,1195,229,86
DRIVE,80,0.1,0.1,goco-N,top2748,0.09276522085208762,0.0921043396047088,242,1053,219,82
DRIVE,80,0.2,0.5,goco-N,top27934,0.18112728917429596,0.18325560108366262,801,8700,377,182
DRIVE,80,0.2,0.1,goco-N,top27934,0.18112728917429596,0.18325560108366262,801,8700,377,182
DRIVE,81,0.05,0.5,goco-N,top861,0.033530167150856806,0.042829858519513694,60,208,94,38
DRIVE,81,0.05,0.1,goco-N,top757,0.030879752431476566,0.03867402074298625,54,176,85,33
DRIVE,81,0.1,0.5,goco-N,top3126,0.07905434382887963,0.0910457240764048,137,865,180,65
DRIVE,81,0.1,0.1,goco-N,top2748,0.07575796587732928,0.08721123511469735,129,747,175,63
DRIVE,81,0.2,0.5,goco-N,top27934,0.17775713249009267,0.1860523345088472,628,8067,363,162
DRIVE,81,0.2,0.1,goco-N,top27934,0.17775713249009267,0.1860523345088472,628,8067,363,162
DRIVE,82,0.05,0.5,goco-N,top980,0.053064751340613406,0.04789999272757893,81,329,127,42
DRIVE,82,0.05,0.1,goco-N,top980,0.053064751340613406,0.04789999272757893,81,329,127,42
DRIVE,82,0.1,0.5,goco-N,top5233,0.11873766482791456,0.10378310498657177,242,1836,255,98
DRIVE,82,0.1,0.1,goco-N,top4600,0.11697587502272681,0.10132050606699598,226,1620,253,94
DRIVE,82,0.2,0.5,goco-N,top27934,0.20186945822525162,0.1851877319168677,835,9414,417,199
DRIVE,82,0.2,0.1,goco-N,top27934,0.20186945822525162,0.1851877319168677,835,9414,417,199
DRIVE,83,0.05,0.5,goco-N,top1268,0.04851458885941644,0.048018201466477325,74,356,115,35
DRIVE,83,0.05,0.1,goco-N,top1115,0.04226558881731295,0.0416037921210335,68,321,103,33
DRIVE,83,0.1,0.5,goco-N,top4600,0.09689783627676238,0.09736702380314732,145,1353,203,61
DRIVE,83,0.1,0.1,goco-N,top3555,0.09124872420639189,0.0907115546621281,133,1047,194,58
DRIVE,83,0.2,0.5,goco-N,top27934,0.17279769634691053,0.18421737255535703,584,8131,350,165
DRIVE,83,0.2,0.1,goco-N,top27934,0.17279769634691053,0.18421737255535703,584,8131,350,165
DRIVE,84,0.05,0.5,goco-N,top980,0.04248957938613111,0.04575751196440851,104,285,110,40
DRIVE,84,0.05,0.1,goco-N,top861,0.03322344322344322,0.03788542236818099,100,253,92,38
DRIVE,84,0.1,0.5,goco-N,top2748,0.08769751569416515,0.09272907267602228,207,819,201,67
DRIVE,84,0.1,0.1,goco-N,top2415,0.07931511420622128,0.08246773376467638,197,725,186,67
DRIVE,84,0.2,0.5,goco-N,top27934,0.1757360014559369,0.18401310907836588,674,7659,360,167
DRIVE,84,0.2,0.1,goco-N,top27934,0.1757360014559369,0.18401310907836588,674,7659,360,167
DRIVE,85,0.05,0.5,goco-N,top861,0.04213443644478128,0.04363416277209381,92,288,109,40
DRIVE,85,0.05,0.1,goco-N,top861,0.04213443644478128,0.04363416277209381,92,288,109,40
DRIVE,85,0.1,0.5,goco-N,top3126,0.08860537941247223,0.09571941331288103,180,1024,203,74
DRIVE,85,0.1,0.1,goco-N,top2415,0.08383023620863911,0.08888961666610551,158,757,193,65
DRIVE,85,0.2,0.5,goco-N,top27934,0.18499311849765676,0.18486694392687075,713,8303,377,176
DRIVE,85,0.2,0.1,goco-N,top27934,0.18499311849765676,0.18486694392687075,713,8303,377,176
DRIVE,86,0.05,0.5,goco-N,top980,0.04529459046700426,0.045993470131401155,68,246,108,32
DRIVE,86,0.05,0.1,goco-N,top861,0.03981811292156119,0.04161284437146506,57,211,96,28
DRIVE,86,0.1,0.5,goco-N,top4044,0.09696830576468995,0.09739183124784566,157,1088,212,64
DRIVE,86,0.1,0.1,goco-N,top3555,0.09261080128821358,0.09266880205183914,149,934,204,63
DRIVE,86,0.2,0.5,goco-N,top27934,0.17703162375765535,0.18580430074726653,554,7070,360,159
DRIVE,86,0.2,0.1,goco-N,top27934,0.17703162375765535,0.18580430074726653,554,7070,360,159
DRIVE,87,0.05,0.5,goco-N,top1115,0.04351055075193006,0.04490006162419956,148,357,126,56
DRIVE,87,0.05,0.1,goco-N,top1115,0.04351055075193006,0.04490006162419956,148,357,126,56
DRIVE,87,0.1,0.5,goco-N,top5233,0.10045592644813471,0.09947901393552223,254,2034,224,95
DRIVE,87,0.1,0.1,goco-N,top4044,0.09528361167841091,0.09306546117469114,241,1569,217,91
DRIVE,87,0.2,0.5,goco-N,top27934,0.18582988307792464,0.1819374319013446,787,8565,381,175
DRIVE,87,0.2,0.1,goco-N,top27934,0.18582988307792464,0.1819374319013446,787,8565,381,175
DRIVE,88,0.05,0.5,goco-N,top1115,0.03737327364648319,0.04103564281283114,117,324,102,42
DRIVE,88,0.05,0.1,goco-N,top1115,0.03737327364648319,0.04103564281283114,117,324,102,42
DRIVE,88,0.1,0.5,goco-N,top4600,0.09559823373193674,0.09796258102158809,240,1281,215,81
DRIVE,88,0.1,0.1,goco-N,top3555,0.08998744996829963,0.09249381400217907,223,1016,208,77
DRIVE,88,0.2,0.5,goco-N,top27934,0.18623019930010543,0.1840904536189575,694,8387,380,179
DRIVE,88,0.2,0.1,goco-N,top27934,0.18623019930010543,0.1840904536189575,694,8387,380,179
DRIVE,89,0.05,0.5,goco-N,top1115,0.05239947791671929,0.04940121819432164,101,354,135,57
DRIVE,89,0.05,0.1,goco-N,top980,0.04650351564144667,0.04331824624928073,88,309,120,49
DRIVE,89,0.1,0.5,goco-N,top4044,0.09770749856824629,0.09802554012167708,206,1413,229,91
DRIVE,89,0.1,0.1,goco-N,top3126,0.09120497657944998,0.09197238831914027,198,1055,218,89
DRIVE,89,0.2,0.5,goco-N,top27934,0.18622238498239496,0.18748810046203174,711,8790,386,180
DRIVE,89,0.2,0.1,goco-N,top27934,0.18622238498239496,0.18748810046203174,711,8790,386,180
DRIVE,90,0.05,0.5,goco-N,top1268,0.04619343300377783,0.04473530718225678,131,402,118,49
DRIVE,90,0.05,0.1,goco-N,top1268,0.04619343300377783,0.04473530718225678,131,402,118,49
DRIVE,90,0.1,0.5,goco-N,top4600,0.09056631055224974,0.09515869973940615,247,1596,206,88
DRIVE,90,0.1,0.1,goco-N,top4044,0.08999827656430513,0.09261631913372985,230,1408,204,83
DRIVE,90,0.2,0.5,goco-N,top27934,0.1895267166427858,0.18484366129309718,706,8882,385,163
DRIVE,90,0.2,0.1,goco-N,top27934,0.1895267166427858,0.18484366129309718,706,8882,385,163
DRIVE,91,0.05,0.5,goco-N,top1115,0.04860187263370288,0.04690908560935086,85,329,117,35
DRIVE,91,0.05,0.1,goco-N,top980,0.039671722324242216,0.041176695394202024,79,284,100,32
DRIVE,91,0.1,0.5,goco-N,top3555,0.10012160841639944,0.09980855830147825,208,1112,224,84
DRIVE,91,0.1,0.1,goco-N,top2748,0.08936397893294445,0.08942928726361699,182,891,205,74
DRIVE,91,0.2,0.5,goco-N,top27934,0.19012268365600601,0.18613828228542129,743,8508,389,184
DRIVE,91,0.2,0.1,goco-N,top27934,0.19012268365600601,0.18613828228542129,743,8508,389,184
DRIVE,92,0.05,0.5,goco-N,top757,0.053313123657951246,0.04822407477579892,53,224,123,33
DRIVE,92,0.05,0.1,goco-N,top757,0.053313123657951246,0.04822407477579892,53,224,123,33
DRIVE,92,0.1,0.5,goco-N,top5233,0.09314923905792626,0.09531295449538346,154,1598,198,64
DRIVE,92,0.1,0.1,goco-N,top4600,0.08955297227608897,0.09125049158430326,150,1429,192,64
DRIVE,92,0.2,0.5,goco-N,top27934,0.18516533763527127,0.18354017253610347,705,8542,379,177
DRIVE,92,0.2,0.1,goco-N,top27934,0.18516533763527127,0.18354017253610347,705,8542,379,177
DRIVE,93,0.05,0.5,goco-N,top1115,0.04851745955194231,0.048388835842416746,111,336,125,49
DRIVE,93,0.05,0.1,goco-N,top980,0.04203246944626255,0.04270409274388054,104,300,113,48
DRIVE,93,0.1,0.5,goco-N,top4600,0.0893037422160774,0.09556700569822665,248,1487,202,78
DRIVE,93,0.1,0.1,goco-N,top3126,0.08429952298785415,0.08788872041435666,227,993,194,75
DRIVE,93,0.2,0.5,goco-N,top27934,0.17019878942920824,0.1845914854450552,723,8030,351,174
DRIVE,93,0.2,0.1,goco-N,top27934,0.17019878942920824,0.1845914854450552,723,8030,351,174
DRIVE,94,0.05,0.5,goco-N,top1115,0.0517683465959328,0.04689858672617293,124,346,141,60
DRIVE,94,0.05,0.1,goco-N,top1115,0.0517683465959328,0.04689858672617293,124,346,141,60
DRIVE,94,0.1,0.5,goco-N,top3126,0.10952476165164327,0.10116839990813133,198,1026,239,76
DRIVE,94,0.1,0.1,goco-N,top2748,0.09706635756019436,0.09195290472675667,178,853,218,74
DRIVE,94,0.2,0.5,goco-N,top27934,0.191354098853116,0.1833665826418508,766,8129,394,193
DRIVE,94,0.2,0.1,goco-N,top27934,0.191354098853116,0.1833665826418508,766,8129,394,193
DRIVE,95,0.05,0.5,goco-N,top1115,0.04274036308519068,0.0465203761755486,104,334,113,49
DRIVE,95,0.05,0.1,goco-N,top980,0.038825082963014,0.04083760330444681,93,295,105,43
DRIVE,95,0.1,0.5,goco-N,top4600,0.09167067122291626,0.0963086800055835,234,1665,209,88
DRIVE,95,0.1,0.1,goco-N,top3555,0.08799492641645659,0.09060709747705643,218,1317,203,83
DRIVE,95,0.2,0.5,goco-N,top27934,0.1803969250415403,0.1876958823837326,746,8629,374,184
DRIVE,95,0.2,0.1,goco-N,top27934,0.1803969250415403,0.1876958823837326,746,8629,374,184
DRIVE,96,0.05,0.5,goco-N,top1115,0.04625929625929626,0.046701638080948425,118,346,122,47
DRIVE,96,0.05,0.1,goco-N,top980,0.042887457370215994,0.04335171852413231,110,297,116,45
DRIVE,96,0.1,0.5,goco-N,top3126,0.08858830295240032,0.09510017186998418,177,941,199,69
DRIVE,96,0.1,0.1,goco-N,top2748,0.08445445231849631,0.0907449501167012,174,824,195,67
DRIVE,96,0.2,0.5,goco-N,top27934,0.17680386442033225,0.18308219620824676,647,7664,362,165
DRIVE,96,0.2,0.1,goco-N,top27934,0.17680386442033225,0.18308219620824676,647,7664,362,165
DRIVE,97,0.05,0.5,goco-N,top980,0.04400802557301231,0.044636194191897106,64,268,104,32
DRIVE,97,0.05,0.1,goco-N,top980,0.04400802557301231,0.044636194191897106,64,268,104,32
DRIVE,97,0.1,0.5,goco-N,top5953,0.09630382487396971,0.09847420587982314,155,1871,199,68
DRIVE,97,0.1,0.1,goco-N,top4600,0.0900701168521426,0.09081065300438566,126,1378,187,61
DRIVE,97,0.2,0.5,goco-N,top27934,0.18430231252065,0.1866139409825737,669,8182,378,171
DRIVE,97,0.2,0.1,goco-N,top27934,0.18430231252065,0.1866139409825737,669,8182,378,171
DRIVE,98,0.05,0.5,goco-N,top980,0.041981390257252324,0.045283847697640794,96,278,116,46
DRIVE,98,0.05,0.1,goco-N,top861,0.03736895288619426,0.041217071561899146,77,240,97,35
DRIVE,98,0.1,0.5,goco-N,top3126,0.09672420342570844,0.09889201161542611,169,966,214,66
DRIVE,98,0.1,0.1,goco-N,top2415,0.0851669187478206,0.08885032946014898,157,702,197,65
DRIVE,98,0.2,0.5,goco-N,top27934,0.18496276524209967,0.1840499712018182,798,8248,384,190
DRIVE,98,0.2,0.1,goco-N,top27934,0.18496276524209967,0.1840499712018182,798,8248,384,190
DRIVE,99,0.05,0.5,goco-N,top1268,0.0526807100945032,0.0504691744545856,88,343,127,42
DRIVE,99,0.05,0.1,goco-N,top1115,0.045504610332196535,0.044976278510761275,78,289,109,35
DRIVE,99,0.1,0.5,goco-N,top4044,0.10863096067262083,0.10058948724470526,179,1158,235,70
DRIVE,99,0.1,0.1,goco-N,top3555,0.10687222738946876,0.09796014065832999,172,1025,232,68
DRIVE,99,0.2,0.5,goco-N,top27934,0.19418573864631028,0.18622178254330363,716,9084,394,169
DRIVE,99,0.2,0.1,goco-N,top27934,0.19418573864631028,0.18622178254330363,716,9084,394,169
HAP1,0,0.05,0.5,goco-N,top1728,0.04462691719682399,0.04417794769547986,173,531,272,83
HAP1,0,0.05,0.1,goco-N,top1728,0.04462691719682399,0.04417794769547986,173,531,272,83
HAP1,0,0.1,0.5,goco-N,top3292,0.09006501955902756,0.0861016349633436,243,1014,500,120
HAP1,0,0.1,0.1,goco-N,top3292,0.09006501955902756,0.0861016349633436,243,1014,500,120
HAP1,0,0.2,0.5,goco-N,top6268,0.1948699170119629,0.188989056944896,350,1954,1005,176
HAP1,0,0.2,0.1,goco-N,top6268,0.1948699170119629,0.188989056944896,350,1954,1005,176
HAP1,1,0.05,0.5,goco-N,top1519,0.044499437658558835,0.04420219088994056,135,477,268,78
HAP1,1,0.05,0.1,goco-N,top1519,0.044499437658558835,0.04420219088994056,135,477,268,78
HAP1,1,0.1,0.5,goco-N,top2894,0.0939425483034005,0.0915138107770154,208,911,524,123
HAP1,1,0.1,0.1,goco-N,top2894,0.0939425483034005,0.0915138107770154,208,911,524,123
HAP1,1,0.2,0.5,goco-N,top6268,0.20387214624897712,0.2004825456815854,295,1951,1042,175
HAP1,1,0.2,0.1,goco-N,top5511,0.1792988124712492,0.17751878885187208,284,1709,928,167
HAP1,2,0.05,0.5,goco-N,top1728,0.04031968497627189,0.04384870767937074,210,518,249,77
HAP1,2,0.05,0.1,goco-N,top1728,0.04031968497627189,0.04384870767937074,210,518,249,77
HAP1,2,0.1,0.5,goco-N,top3292,0.09205604215205707,0.09554634909027492,286,1026,506,115
HAP1,2,0.1,0.1,goco-N,top2894,0.07891338428324975,0.08156841659754654,279,904,445,111
HAP1,2,0.2,0.5,goco-N,top6268,0.19829593538354665,0.19929727529181393,369,1924,1014,168
HAP1,2,0.2,0.1,goco-N,top5511,0.17038631254193426,0.171077526192869,350,1708,882,157
HAP1,3,0.05,0.5,goco-N,top1519,0.04789909749963012,0.045016521181634364,131,480,282,80
HAP1,3,0.05,0.1,goco-N,top1519,0.04789909749963012,0.045016521181634364,131,480,282,80
HAP1,3,0.1,0.5,goco-N,top2894,0.09496504260152729,0.09188960365909618,209,913,529,124
HAP1,3,0.1,0.1,goco-N,top2894,0.09496504260152729,0.09188960365909618,209,913,529,124
HAP1,3,0.2,0.5,goco-N,top5511,0.19996834427593416,0.19120696306407756,285,1779,1025,164
HAP1,3,0.2,0.1,goco-N,top5511,0.19996834427593416,0.19120696306407756,285,1779,1025,164
HAP1,4,0.05,0.5,goco-N,top1728,0.03973316911012886,0.04089604276469817,172,491,230,64
HAP1,4,0.05,0.1,goco-N,top1728,0.03973316911012886,0.04089604276469817,172,491,230,64
HAP1,4,0.1,0.5,goco-N,top3292,0.09585446065086115,0.0945594357633234,236,994,510,102
HAP1,4,0.1,0.1,goco-N,top3292,0.09585446065086115,0.0945594357633234,236,994,510,102
HAP1,4,0.2,0.5,goco-N,top6268,0.1925404970339681,0.18904900540417285,321,1901,969,147
HAP1,4,0.2,0.1,goco-N,top6268,0.1925404970339681,0.18904900540417285,321,1901,969,147
HAP1,5,0.05,0.5,goco-N,top1966,0.049323141767624396,0.047693073247352134,170,572,288,82
HAP1,5,0.05,0.1,goco-N,top1966,0.049323141767624396,0.047693073247352134,170,572,288,82
HAP1,5,0.1,0.5,goco-N,top3744,0.09686706869002706,0.09883804714877721,263,1076,530,132
HAP1,5,0.1,0.1,goco-N,top3292,0.08343260036208337,0.08528038479976903,245,946,465,123
HAP1,5,0.2,0.5,goco-N,top7131,0.20155168660700185,0.19911750860711086,340,2153,1020,175
HAP1,5,0.2,0.1,goco-N,top6268,0.17712757112096894,0.17475159188688225,322,1866,910,167
HAP1,6,0.05,0.5,goco-N,top1966,0.0468915003014698,0.047185951340447854,243,664,279,80
HAP1,6,0.05,0.1,goco-N,top1728,0.037839798699484374,0.03733195920668839,233,597,235,76
HAP1,6,0.1,0.5,goco-N,top3292,0.09137398462294075,0.0915847096016746,307,1095,507,118
HAP1,6,0.1,0.1,goco-N,top3292,0.09137398462294075,0.0915847096016746,307,1095,507,118
HAP1,6,0.2,0.5,goco-N,top6268,0.20721460848442078,0.19979022259977558,388,2052,1057,167
HAP1,6,0.2,0.1,goco-N,top5511,0.1854261477076219,0.17476855647487366,365,1822,953,152
HAP1,7,0.05,0.5,goco-N,top1728,0.037090276937147774,0.042530844983130825,98,377,224,69
HAP1,7,0.05,0.1,goco-N,top1728,0.037090276937147774,0.042530844983130825,98,377,224,69
HAP1,7,0.1,0.5,goco-N,top3292,0.0867397939634957,0.09103051318985629,157,807,470,100
HAP1,7,0.1,0.1,goco-N,top3292,0.0867397939634957,0.09103051318985629,157,807,470,100
HAP1,7,0.2,0.5,goco-N,top6268,0.18163079148563416,0.18518746742960115,258,1709,937,158
HAP1,7,0.2,0.1,goco-N,top6268,0.18163079148563416,0.18518746742960115,258,1709,937,158
HAP1,8,0.05,0.5,goco-N,top2236,0.05573916464342133,0.05146968759320748,255,729,347,114
HAP1,8,0.05,0.1,goco-N,top1966,0.04881576797302067,0.04482301564471574,238,641,312,108
HAP1,8,0.1,0.5,goco-N,top3744,0.09862862535648566,0.09001949057347745,314,1224,555,140
HAP1,8,0.1,0.1,goco-N,top3744,0.09862862535648566,0.09001949057347745,314,1224,555,140
HAP1,8,0.2,0.5,goco-N,top7131,0.20477880099546825,0.1934136128070516,409,2305,1056,190
HAP1,8,0.2,0.1,goco-N,top7131,0.20477880099546825,0.1934136128070516,409,2305,1056,190
HAP1,9,0.05,0.5,goco-N,top1728,0.05005949338672375,0.04926348060329549,137,526,292,77
HAP1,9,0.05,0.1,goco-N,top1519,0.04052261326728704,0.04167383337101491,127,442,245,72
HAP1,9,0.1,0.5,goco-N,top2894,0.08859548108403092,0.08609498963790936,185,887,479,102
HAP1,9,0.1,0.1,goco-N,top2894,0.08859548108403092,0.08609498963790936,185,887,479,102
HAP1,9,0.2,0.5,goco-N,top6268,0.20317600528034238,0.1997112668781017,257,1926,1007,138
HAP1,9,0.2,0.1,goco-N,top5511,0.17939835892627617,0.17692174947319228,244,1691,900,131
HAP1,10,0.05,0.5,goco-N,top1728,0.05467780173172982,0.05010700019022256,141,551,312,81
HAP1,10,0.05,0.1,goco-N,top1519,0.048125250988100526,0.04362272995206862,137,489,280,77
HAP1,10,0.1,0.5,goco-N,top3292,0.10044591880477366,0.09318103852058579,266,1075,537,113
HAP1,10,0.1,0.1,goco-N,top3292,0.10044591880477366,0.09318103852058579,266,1075,537,113
HAP1,10,0.2,0.5,goco-N,top6268,0.19618964944187164,0.18676325708904395,353,2031,992,157
HAP1,10,0.2,0.1,goco-N,top6268,0.19618964944187164,0.18676325708904395,353,2031,992,157
HAP1,11,0.05,0.5,goco-N,top1966,0.04352473733299299,0.04618004731030553,229,575,270,92
HAP1,11,0.05,0.1,goco-N,top1728,0.03705799674508063,0.0388090954110455,217,503,239,85
HAP1,11,0.1,0.5,goco-N,top3292,0.08775730036059401,0.08858119918069449,293,979,489,123
HAP1,11,0.1,0.1,goco-N,top3292,0.08775730036059401,0.08858119918069449,293,979,489,123
HAP1,11,0.2,0.5,goco-N,top6268,0.19303404930025575,0.19635844308360123,371,1870,987,173
HAP1,11,0.2,0.1,goco-N,top5511,0.16858214013575493,0.1715496589244016,353,1651,875,164
HAP1,12,0.05,0.5,goco-N,top1966,0.04547824269807861,0.04597634565227058,218,655,273,85
HAP1,12,0.05,0.1,goco-N,top1966,0.04547824269807861,0.04597634565227058,218,655,273,85
HAP1,12,0.1,0.5,goco-N,top3292,0.09473214569698826,0.09580348954288541,282,1065,522,118
HAP1,12,0.1,0.1,goco-N,top2894,0.07677763756271981,0.07803184399161268,266,942,438,114
HAP1,12,0.2,0.5,goco-N,top6268,0.19100611194746675,0.18878998945906045,378,1974,977,155
HAP1,12,0.2,0.1,goco-N,top6268,0.19100611194746675,0.18878998945906045,378,1974,977,155
HAP1,13,0.05,0.5,goco-N,top1966,0.04872410727883002,0.04792754815502264,212,684,283,80
HAP1,13,0.05,0.1,goco-N,top1728,0.04138807171327695,0.04092255645168755,203,597,250,79
HAP1,13,0.1,0.5,goco-N,top3292,0.0967035003533561,0.09476919562536291,273,1123,519,114
HAP1,13,0.1,0.1,goco-N,top3292,0.0967035003533561,0.09476919562536291,273,1123,519,114
HAP1,13,0.2,0.5,goco-N,top6268,0.18751001644640217,0.18933205750244314,366,2078,956,160
HAP1,13,0.2,0.1,goco-N,top6268,0.18751001644640217,0.18933205750244314,366,2078,956,160
HAP1,14,0.05,0.5,goco-N,top1728,0.054466782617823166,0.04897811232854652,121,491,295,59
HAP1,14,0.05,0.1,goco-N,top1728,0.054466782617823166,0.04897811232854652,121,491,295,59
HAP1,14,0.1,0.5,goco-N,top2894,0.09317267646817352,0.09095433163411616,172,806,487,84
HAP1,14,0.1,0.1,goco-N,top2894,0.09317267646817352,0.09095433163411616,172,806,487,84
HAP1,14,0.2,0.5,goco-N,top5511,0.1843993302143664,0.18034225503483184,240,1599,930,129
HAP1,14,0.2,0.1,goco-N,top5511,0.1843993302143664,0.18034225503483184,240,1599,930,129
HAP1,15,0.05,0.5,goco-N,top1728,0.048213723228220026,0.04723028807354545,173,510,272,65
HAP1,15,0.05,0.1,goco-N,top1728,0.048213723228220026,0.04723028807354545,173,510,272,65
HAP1,15,0.1,0.5,goco-N,top3292,0.09823294686595231,0.09323664736904864,239,988,534,114
HAP1,15,0.1,0.1,goco-N,top3292,0.09823294686595231,0.09323664736904864,239,988,534,114
HAP1,15,0.2,0.5,goco-N,top6268,0.20269734649366358,0.19793868603744214,301,1871,1020,150
HAP1,15,0.2,0.1,goco-N,top5511,0.1767596778229826,0.17155447172307384,291,1634,901,144
HAP1,16,0.05,0.5,goco-N,top1728,0.04447706088851229,0.04545835631055338,146,452,265,76
HAP1,16,0.05,0.1,goco-N,top1728,0.04447706088851229,0.04545835631055338,146,452,265,76
HAP1,16,0.1,0.5,goco-N,top2894,0.07586442477568037,0.08345331219760033,214,798,427,104
HAP1,16,0.1,0.1,goco-N,top2894,0.07586442477568037,0.08345331219760033,214,798,427,104
HAP1,16,0.2,0.5,goco-N,top6268,0.17826287046064948,0.18580865382889958,296,1792,900,143
HAP1,16,0.2,0.1,goco-N,top6268,0.17826287046064948,0.18580865382889958,296,1792,900,143
HAP1,17,0.05,0.5,goco-N,top1728,0.04261619428064169,0.04433634230016831,110,428,247,67
HAP1,17,0.05,0.1,goco-N,top1728,0.04261619428064169,0.04433634230016831,110,428,247,67
HAP1,17,0.1,0.5,goco-N,top3292,0.08886531522183985,0.0885762748495771,174,863,473,92
HAP1,17,0.1,0.1,goco-N,top3292,0.08886531522183985,0.0885762748495771,174,863,473,92
HAP1,17,0.2,0.5,goco-N,top6268,0.1868078857725016,0.1867398706438887,220,1755,929,118
HAP1,17,0.2,0.1,goco-N,top6268,0.1868078857725016,0.1867398706438887,220,1755,929,118
HAP1,18,0.05,0.5,goco-N,top1966,0.04233517520686353,0.044485603892218825,169,494,242,61
HAP1,18,0.05,0.1,goco-N,top1966,0.04233517520686353,0.044485603892218825,169,494,242,61
HAP1,18,0.1,0.5,goco-N,top3292,0.09422702452763117,0.096590549190048,222,883,504,96
HAP1,18,0.1,0.1,goco-N,top2894,0.07759245391503125,0.08032639218021854,211,764,422,87
HAP1,18,0.2,0.5,goco-N,top5511,0.18674456384061966,0.1866748911691031,281,1576,952,142
HAP1,18,0.2,0.1,goco-N,top5511,0.18674456384061966,0.1866748911691031,281,1576,952,142
HAP1,19,0.05,0.5,goco-N,top1519,0.0461646616440225,0.04376240303892324,131,430,281,82
HAP1,19,0.05,0.1,goco-N,top1519,0.0461646616440225,0.04376240303892324,131,430,281,82
HAP1,19,0.1,0.5,goco-N,top2894,0.10332176146090925,0.09768470790441494,197,885,574,128
HAP1,19,0.1,0.1,goco-N,top2894,0.10332176146090925,0.09768470790441494,197,885,574,128
HAP1,19,0.2,0.5,goco-N,top5511,0.20599064840076822,0.19827703075968375,265,1717,1056,164
HAP1,19,0.2,0.1,goco-N,top5511,0.20599064840076822,0.19827703075968375,265,1717,1056,164
HAP1,20,0.05,0.5,goco-N,top1966,0.055354332751137006,0.05162442807804547,162,661,300,74
HAP1,20,0.05,0.1,goco-N,top1728,0.04883524708757732,0.0448098916585379,152,575,269,68
HAP1,20,0.1,0.5,goco-N,top3744,0.10341390816639505,0.10080201219727603,230,1223,538,110
HAP1,20,0.1,0.1,goco-N,top3292,0.08882965414305981,0.08521731750776033,214,1082,466,98
HAP1,20,0.2,0.5,goco-N,top6268,0.19541632714643412,0.1892166857663457,293,2059,978,150
HAP1,20,0.2,0.1,goco-N,top6268,0.19541632714643412,0.1892166857663457,293,2059,978,150
HAP1,21,0.05,0.5,goco-N,top1966,0.045368344852366155,0.044699179749381014,186,552,278,88
HAP1,21,0.05,0.1,goco-N,top1966,0.045368344852366155,0.044699179749381014,186,552,278,88
HAP1,21,0.1,0.5,goco-N,top3292,0.08897563389906932,0.0865608508858921,274,990,507,131
HAP1,21,0.1,0.1,goco-N,top3292,0.08897563389906932,0.0865608508858921,274,990,507,131
HAP1,21,0.2,0.5,goco-N,top6268,0.19495013943249628,0.19040539523380098,375,1963,1008,177
HAP1,21,0.2,0.1,goco-N,top6268,0.19495013943249628,0.19040539523380098,375,1963,1008,177
HAP1,22,0.05,0.5,goco-N,top1728,0.0468847946486216,0.042375815829103755,158,530,257,61
HAP1,22,0.05,0.1,goco-N,top1728,0.0468847946486216,0.042375815829103755,158,530,257,61
HAP1,22,0.1,0.5,goco-N,top2894,0.09159614592478302,0.0882218023288442,190,866,473,85
HAP1,22,0.1,0.1,goco-N,top2894,0.09159614592478302,0.0882218023288442,190,866,473,85
HAP1,22,0.2,0.5,goco-N,top6268,0.20125595304674584,0.19837950591855585,286,1904,1004,144
HAP1,22,0.2,0.1,goco-N,top5511,0.18444197136092663,0.17884174781744433,271,1682,920,133
HAP1,23,0.05,0.5,goco-N,top1728,0.04402895993552895,0.041976716055721834,214,555,264,76
HAP1,23,0.05,0.1,goco-N,top1728,0.04402895993552895,0.041976716055721834,214,555,264,76
HAP1,23,0.1,0.5,goco-N,top3292,0.09724811923259968,0.09589800497451013,271,1063,524,105
HAP1,23,0.1,0.1,goco-N,top3292,0.09724811923259968,0.09589800497451013,271,1063,524,105
HAP1,23,0.2,0.5,goco-N,top6268,0.2005041896493645,0.19975097278064666,344,1954,1016,154
HAP1,23,0.2,0.1,goco-N,top5511,0.17376077722019975,0.1744310700583915,326,1702,890,140
HAP1,24,0.05,0.5,goco-N,top1966,0.04494213343247964,0.047381785334612944,152,590,266,82
HAP1,24,0.05,0.1,goco-N,top1728,0.035817931390501295,0.03903008498139826,141,509,220,75
HAP1,24,0.1,0.5,goco-N,top3744,0.10464079511489982,0.10008030121995143,224,1173,571,127
HAP1,24,0.1,0.1,goco-N,top3292,0.08724269696533715,0.08515525449863258,213,1028,487,119
HAP1,24,0.2,0.5,goco-N,top6268,0.18867282870408972,0.1798422340287203,287,2048,964,161
HAP1,24,0.2,0.1,goco-N,top6268,0.18867282870408972,0.1798422340287203,287,2048,964,161
HAP1,25,0.05,0.5,goco-N,top2236,0.0527090438042502,0.05061417002717491,158,674,303,86
HAP1,25,0.05,0.1,goco-N,top1966,0.043314691300709945,0.04144096993076133,143,589,252,76
HAP1,25,0.1,0.5,goco-N,top3292,0.09057402133300935,0.08860256004619077,204,1020,497,119
HAP1,25,0.1,0.1,goco-N,top3292,0.09057402133300935,0.08860256004619077,204,1020,497,119
HAP1,25,0.2,0.5,goco-N,top6268,0.18610378377355738,0.1850926921695137,280,1934,960,175
HAP1,25,0.2,0.1,goco-N,top6268,0.18610378377355738,0.1850926921695137,280,1934,960,175
HAP1,26,0.05,0.5,goco-N,top1966,0.04745668593870991,0.048595853926559934,133,528,276,73
HAP1,26,0.05,0.1,goco-N,top1728,0.04285699874914256,0.044780296959649225,117,456,252,65
HAP1,26,0.1,0.5,goco-N,top3292,0.09110964957777051,0.09158330132406917,179,916,486,94
HAP1,26,0.1,0.1,goco-N,top3292,0.09110964957777051,0.09158330132406917,179,916,486,94
HAP1,26,0.2,0.5,goco-N,top6268,0.18664562397144957,0.18488669308630012,274,1814,943,143
HAP1,26,0.2,0.1,goco-N,top6268,0.18664562397144957,0.18488669308630012,274,1814,943,143
HAP1,27,0.05,0.5,goco-N,top1728,0.04215126829812625,0.04625629492797857,240,583,269,91
HAP1,27,0.05,0.1,goco-N,top1519,0.03634290082359323,0.039863296862214875,221,521,229,76
HAP1,27,0.1,0.5,goco-N,top2894,0.08414083154464101,0.08626723358859349,279,962,475,116
HAP1,27,0.1,0.1,goco-N,top2894,0.08414083154464101,0.08626723358859349,279,962,475,116
HAP1,27,0.2,0.5,goco-N,top5511,0.18623991137872226,0.18889195333764452,365,1800,968,161
HAP1,27,0.2,0.1,goco-N,top5511,0.18623991137872226,0.18889195333764452,365,1800,968,161
HAP1,28,0.05,0.5,goco-N,top1728,0.04021252087164204,0.04199989704800495,122,406,238,69
HAP1,28,0.05,0.1,goco-N,top1728,0.04021252087164204,0.04199989704800495,122,406,238,69
HAP1,28,0.1,0.5,goco-N,top3292,0.0932752882320126,0.09348336832609594,189,870,502,108
HAP1,28,0.1,0.1,goco-N,top3292,0.0932752882320126,0.09348336832609594,189,870,502,108
HAP1,28,0.2,0.5,goco-N,top6268,0.20410805535639087,0.1968404312662878,256,1810,1020,150
HAP1,28,0.2,0.1,goco-N,top6268,0.20410805535639087,0.1968404312662878,256,1810,1020,150
HAP1,29,0.05,0.5,goco-N,top1728,0.04811362627607634,0.048685782556750296,121,435,278,69
HAP1,29,0.05,0.1,goco-N,top1519,0.03823790501553485,0.03928400315386127,116,372,232,67
HAP1,29,0.1,0.5,goco-N,top3292,0.09192038999354735,0.09084051489688849,173,861,496,96
HAP1,29,0.1,0.1,goco-N,top3292,0.09192038999354735,0.09084051489688849,173,861,496,96
HAP1,29,0.2,0.5,goco-N,top6268,0.1916154697551432,0.1894842950571291,237,1800,964,136
HAP1,29,0.2,0.1,goco-N,top6268,0.1916154697551432,0.1894842950571291,237,1800,964,136
HAP1,30,0.05,0.5,goco-N,top2236,0.04575715793675181,0.04847006564849127,182,599,266,73
HAP1,30,0.05,0.1,goco-N,top1966,0.03829464153615285,0.041625605469588114,165,525,229,69
HAP1,30,0.1,0.5,goco-N,top3292,0.08268889636649289,0.0873371859154118,229,934,461,111
HAP1,30,0.1,0.1,goco-N,top3292,0.08268889636649289,0.0873371859154118,229,934,461,111
HAP1,30,0.2,0.5,goco-N,top6268,0.1800093325393508,0.18202588235434433,285,1862,920,147
HAP1,30,0.2,0.1,goco-N,top6268,0.1800093325393508,0.18202588235434433,285,1862,920,147
HAP1,31,0.05,0.5,goco-N,top1966,0.043272512921314524,0.045584669858353334,205,549,273,96
HAP1,31,0.05,0.1,goco-N,top1966,0.043272512921314524,0.045584669858353334,205,549,273,96
HAP1,31,0.1,0.5,goco-N,top3292,0.08440836280527837,0.08438037133452453,274,962,473,125
HAP1,31,0.1,0.1,goco-N,top3292,0.08440836280527837,0.08438037133452453,274,962,473,125
HAP1,31,0.2,0.5,goco-N,top6268,0.18646143315443897,0.1883057918715338,348,1852,950,158
HAP1,31,0.2,0.1,goco-N,top6268,0.18646143315443897,0.1883057918715338,348,1852,950,158
HAP1,32,0.05,0.5,goco-N,top1728,0.04920783780583617,0.047164793103066774,144,546,268,55
HAP1,32,0.05,0.1,goco-N,top1728,0.04920783780583617,0.047164793103066774,144,546,268,55
HAP1,32,0.1,0.5,goco-N,top2894,0.08769638543220006,0.08706925158685715,191,886,468,87
HAP1,32,0.1,0.1,goco-N,top2894,0.08769638543220006,0.08706925158685715,191,886,468,87
HAP1,32,0.2,0.5,goco-N,top5511,0.18850842885672509,0.1919022694367297,267,1717,960,137
HAP1,32,0.2,0.1,goco-N,top5511,0.18850842885672509,0.1919022694367297,267,1717,960,137
HAP1,33,0.05,0.5,goco-N,top1966,0.04100147051427065,0.04516491539102474,181,539,250,78
HAP1,33,0.05,0.1,goco-N,top1728,0.034861508981499534,0.03727818547810752,172,483,220,74
HAP1,33,0.1,0.5,goco-N,top3292,0.09567185935052973,0.09548063459322462,225,967,514,105
HAP1,33,0.1,0.1,goco-N,top3292,0.09567185935052973,0.09548063459322462,225,967,514,105
HAP1,33,0.2,0.5,goco-N,top6268,0.19127037793506693,0.19325796593341416,298,1906,965,151
HAP1,33,0.2,0.1,goco-N,top6268,0.19127037793506693,0.19325796593341416,298,1906,965,151
HAP1,34,0.05,0.5,goco-N,top1728,0.0426904339187961,0.04459536821942504,116,449,242,59
HAP1,34,0.05,0.1,goco-N,top1728,0.0426904339187961,0.04459536821942504,116,449,242,59
HAP1,34,0.1,0.5,goco-N,top3292,0.0942421568420237,0.09461096431802156,192,903,505,102
HAP1,34,0.1,0.1,goco-N,top3292,0.0942421568420237,0.09461096431802156,192,903,505,102
HAP1,34,0.2,0.5,goco-N,top6268,0.18554744929578484,0.18701397146387327,260,1758,950,150
HAP1,34,0.2,0.1,goco-N,top6268,0.18554744929578484,0.18701397146387327,260,1758,950,150
HAP1,35,0.05,0.5,goco-N,top1728,0.0409997108232794,0.043153231424425384,136,554,237,71
HAP1,35,0.05,0.1,goco-N,top1728,0.0409997108232794,0.043153231424425384,136,554,237,71
HAP1,35,0.1,0.5,goco-N,top3292,0.08870040332257376,0.09202098605394211,207,1043,480,107
HAP1,35,0.1,0.1,goco-N,top3292,0.08870040332257376,0.09202098605394211,207,1043,480,107
HAP1,35,0.2,0.5,goco-N,top6268,0.1676859844045856,0.17930773159443153,316,1904,868,163
HAP1,35,0.2,0.1,goco-N,top6268,0.1676859844045856,0.17930773159443153,316,1904,868,163
HAP1,36,0.05,0.5,goco-N,top1728,0.051548280343220426,0.047756211748666254,174,570,307,93
HAP1,36,0.05,0.1,goco-N,top1728,0.051548280343220426,0.047756211748666254,174,570,307,93
HAP1,36,0.1,0.5,goco-N,top2894,0.08679138093252607,0.08466548636877087,229,926,490,124
HAP1,36,0.1,0.1,goco-N,top2894,0.08679138093252607,0.08466548636877087,229,926,490,124
HAP1,36,0.2,0.5,goco-N,top5511,0.19475739251871074,0.18972804026276763,289,1733,989,157
HAP1,36,0.2,0.1,goco-N,top5511,0.19475739251871074,0.18972804026276763,289,1733,989,157
HAP1,37,0.05,0.5,goco-N,top1728,0.045662309160977604,0.043762343446751166,157,520,265,75
HAP1,37,0.05,0.1,goco-N,top1728,0.045662309160977604,0.043762343446751166,157,520,265,75
HAP1,37,0.1,0.5,goco-N,top3292,0.08981001121480482,0.08889038460633059,224,1007,488,110
HAP1,37,0.1,0.1,goco-N,top3292,0.08981001121480482,0.08889038460633059,224,1007,488,110
HAP1,37,0.2,0.5,goco-N,top6268,0.1799173283194588,0.18395735635689534,277,1913,903,142
HAP1,37,0.2,0.1,goco-N,top6268,0.1799173283194588,0.18395735635689534,277,1913,903,142
HAP1,38,0.05,0.5,goco-N,top1728,0.0479332671077012,0.04888853235502148,145,494,266,66
HAP1,38,0.05,0.1,goco-N,top1519,0.04283301277309267,0.04285066867179606,133,437,242,64
HAP1,38,0.1,0.5,goco-N,top3292,0.10043239629036997,0.09460762930040734,208,988,534,105
HAP1,38,0.1,0.1,goco-N,top3292,0.10043239629036997,0.09460762930040734,208,988,534,105
HAP1,38,0.2,0.5,goco-N,top6268,0.18965700085040965,0.1856395219551448,275,1883,953,139
HAP1,38,0.2,0.1,goco-N,top6268,0.18965700085040965,0.1856395219551448,275,1883,953,139
HAP1,39,0.05,0.5,goco-N,top1966,0.04509930322180655,0.04651178243538966,198,599,274,88
HAP1,39,0.05,0.1,goco-N,top1728,0.03862613334868719,0.03848674713996049,179,529,235,76
HAP1,39,0.1,0.5,goco-N,top3292,0.0844588658847067,0.08880923934687376,257,983,472,119
HAP1,39,0.1,0.1,goco-N,top3292,0.0844588658847067,0.08880923934687376,257,983,472,119
HAP1,39,0.2,0.5,goco-N,top6268,0.18428021507356587,0.18604738769640575,318,1884,940,158
HAP1,39,0.2,0.1,goco-N,top6268,0.18428021507356587,0.18604738769640575,318,1884,940,158
HAP1,40,0.05,0.5,goco-N,top1966,0.04864351939917852,0.047844353292644456,169,609,285,80
HAP1,40,0.05,0.1,goco-N,top1728,0.04065976436149538,0.03906989736439359,162,535,247,76
HAP1,40,0.1,0.5,goco-N,top3744,0.10199011146913943,0.09892516036004172,221,1124,545,108
HAP1,40,0.1,0.1,goco-N,top3292,0.08380368183131164,0.0830048612947984,208,985,455,97
HAP1,40,0.2,0.5,goco-N,top7131,0.20184851811454937,0.19643751755286237,286,2142,1013,150
HAP1,40,0.2,0.1,goco-N,top7131,0.20184851811454937,0.19643751755286237,286,2142,1013,150
HAP1,41,0.05,0.5,goco-N,top1966,0.04458936854022976,0.04584499192234947,160,580,236,48
HAP1,41,0.05,0.1,goco-N,top1966,0.04458936854022976,0.04584499192234947,160,580,236,48
HAP1,41,0.1,0.5,goco-N,top3292,0.08969586392135896,0.08962666514168866,211,1000,471,86
HAP1,41,0.1,0.1,goco-N,top3292,0.08969586392135896,0.08962666514168866,211,1000,471,86
HAP1,41,0.2,0.5,goco-N,top6268,0.19163133601717972,0.1868038368877604,294,1902,964,135
HAP1,41,0.2,0.1,goco-N,top6268,0.19163133601717972,0.1868038368877604,294,1902,964,135
HAP1,42,0.05,0.5,goco-N,top1728,0.03887441197479426,0.0404478455344326,207,496,246,81
HAP1,42,0.05,0.1,goco-N,top1728,0.03887441197479426,0.0404478455344326,207,496,246,81
HAP1,42,0.1,0.5,goco-N,top3292,0.09050935726819495,0.0907143623166077,276,978,499,119
HAP1,42,0.1,0.1,goco-N,top3292,0.09050935726819495,0.0907143623166077,276,978,499,119
HAP1,42,0.2,0.5,goco-N,top6268,0.1747612653968845,0.17752138086300642,368,1905,896,158
HAP1,42,0.2,0.1,goco-N,top6268,0.1747612653968845,0.17752138086300642,368,1905,896,158
HAP1,43,0.05,0.5,goco-N,top1966,0.04768686521349637,0.047355320124960604,174,550,283,83
HAP1,43,0.05,0.1,goco-N,top1728,0.03866213248703262,0.038541609136371675,167,483,239,78
HAP1,43,0.1,0.5,goco-N,top3744,0.10083582609381543,0.09778650906832767,248,1103,553,128
HAP1,43,0.1,0.1,goco-N,top3292,0.08842963670693364,0.08434206116571323,225,970,483,111
HAP1,43,0.2,0.5,goco-N,top6268,0.18919002500712395,0.19039606688922456,300,1848,966,158
HAP1,43,0.2,0.1,goco-N,top6268,0.18919002500712395,0.19039606688922456,300,1848,966,158
HAP1,44,0.05,0.5,goco-N,top1966,0.04454280458917954,0.04495285245108228,227,628,268,84
HAP1,44,0.05,0.1,goco-N,top1966,0.04454280458917954,0.04495285245108228,227,628,268,84
HAP1,44,0.1,0.5,goco-N,top3744,0.09792569714662837,0.09840446483634283,285,1177,529,118
HAP1,44,0.1,0.1,goco-N,top3292,0.08252894220260312,0.08207203573760215,276,1045,458,115
HAP1,44,0.2,0.5,goco-N,top6268,0.1847348276990757,0.18368325800327134,341,1962,933,143
HAP1,44,0.2,0.1,goco-N,top6268,0.1847348276990757,0.18368325800327134,341,1962,933,143
HAP1,45,0.05,0.5,goco-N,top1966,0.05431776578874566,0.04936461285316406,127,675,304,74
HAP1,45,0.05,0.1,goco-N,top1966,0.05431776578874566,0.04936461285316406,127,675,304,74
HAP1,45,0.1,0.5,goco-N,top3292,0.09678046715330338,0.09403359159040267,179,1094,521,108
HAP1,45,0.1,0.1,goco-N,top3292,0.09678046715330338,0.09403359159040267,179,1094,521,108
HAP1,45,0.2,0.5,goco-N,top5511,0.17011023695444466,0.1741607570864056,235,1743,869,141
HAP1,45,0.2,0.1,goco-N,top5511,0.17011023695444466,0.1741607570864056,235,1743,869,141
HAP1,46,0.05,0.5,goco-N,top1966,0.050795613643999704,0.049112223800421614,243,650,291,77
HAP1,46,0.05,0.1,goco-N,top1728,0.04093107676548147,0.03903009610244562,233,578,244,73
HAP1,46,0.1,0.5,goco-N,top3292,0.09518072303974008,0.09349013153699844,293,1057,516,109
HAP1,46,0.1,0.1,goco-N,top3292,0.09518072303974008,0.09349013153699844,293,1057,516,109
HAP1,46,0.2,0.5,goco-N,top6268,0.1809444470731663,0.1808327311690082,385,1965,926,155
HAP1,46,0.2,0.1,goco-N,top6268,0.1809444470731663,0.1808327311690082,385,1965,926,155
HAP1,47,0.05,0.5,goco-N,top1966,0.04892113379934217,0.04432936168295896,235,647,288,80
HAP1,47,0.05,0.1,goco-N,top1966,0.04892113379934217,0.04432936168295896,235,647,288,80
HAP1,47,0.1,0.5,goco-N,top3744,0.09915275284685116,0.09688236784360499,288,1174,526,106
HAP1,47,0.1,0.1,goco-N,top3744,0.09915275284685116,0.09688236784360499,288,1174,526,106
HAP1,47,0.2,0.5,goco-N,top6268,0.1846019945891212,0.1817664786557156,350,1910,931,139
HAP1,47,0.2,0.1,goco-N,top6268,0.1846019945891212,0.1817664786557156,350,1910,931,139
HAP1,48,0.05,0.5,goco-N,top1966,0.04644579827454274,0.047304709525377665,202,619,266,76
HAP1,48,0.05,0.1,goco-N,top1728,0.03753494843493125,0.03789046765441143,194,547,224,72
HAP1,48,0.1,0.5,goco-N,top3292,0.09656599592203116,0.09553180602943616,249,1020,507,99
HAP1,48,0.1,0.1,goco-N,top3292,0.09656599592203116,0.09553180602943616,249,1020,507,99
HAP1,48,0.2,0.5,goco-N,top5511,0.17489577454922026,0.1746437375968399,304,1689,884,137
HAP1,48,0.2,0.1,goco-N,top5511,0.17489577454922026,0.1746437375968399,304,1689,884,137
HAP1,49,0.05,0.5,goco-N,top1966,0.05120527805281467,0.04966470057880744,165,644,296,91
HAP1,49,0.05,0.1,goco-N,top1728,0.048912459058580014,0.04635943498337499,145,570,279,81
HAP1,49,0.1,0.5,goco-N,top3292,0.09253942403339697,0.092228204601473,210,1059,491,110
HAP1,49,0.1,0.1,goco-N,top3292,0.09253942403339697,0.092228204601473,210,1059,491,110
HAP1,49,0.2,0.5,goco-N,top6268,0.18854902976025584,0.18796941601733544,287,1956,948,149
HAP1,49,0.2,0.1,goco-N,top6268,0.18854902976025584,0.18796941601733544,287,1956,948,149
HAP1,50,0.05,0.5,goco-N,top2236,0.048351180308570454,0.04887278666541928,218,655,282,84
HAP1,50,0.05,0.1,goco-N,top1966,0.03869955946843626,0.03805203068063878,209,579,233,77
HAP1,50,0.1,0.5,goco-N,top3292,0.08695716548579398,0.08448612697199707,253,967,469,103
HAP1,50,0.1,0.1,goco-N,top3292,0.08695716548579398,0.08448612697199707,253,967,469,103
HAP1,50,0.2,0.5,goco-N,top6268,0.18246137950304436,0.18205259058972018,302,1835,915,133
HAP1,50,0.2,0.1,goco-N,top6268,0.18246137950304436,0.18205259058972018,302,1835,915,133
HAP1,51,0.05,0.5,goco-N,top1728,0.04516456012794229,0.04630900999649478,146,468,269,79
HAP1,51,0.05,0.1,goco-N,top1728,0.04516456012794229,0.04630900999649478,146,468,269,79
HAP1,51,0.1,0.5,goco-N,top2894,0.08445590263166829,0.08848747889489265,205,816,471,110
HAP1,51,0.1,0.1,goco-N,top2894,0.08445590263166829,0.08848747889489265,205,816,471,110
HAP1,51,0.2,0.5,goco-N,top5511,0.1730919823629544,0.17921444808391243,279,1606,897,159
HAP1,51,0.2,0.1,goco-N,top5511,0.1730919823629544,0.17921444808391243,279,1606,897,159
HAP1,52,0.05,0.5,goco-N,top1966,0.04290421496558989,0.04304541072414545,208,585,251,69
HAP1,52,0.05,0.1,goco-N,top1966,0.04290421496558989,0.04304541072414545,208,585,251,69
HAP1,52,0.1,0.5,goco-N,top3292,0.09319954149912056,0.09307581675168619,245,969,492,89
HAP1,52,0.1,0.1,goco-N,top3292,0.09319954149912056,0.09307581675168619,245,969,492,89
HAP1,52,0.2,0.5,goco-N,top5511,0.18097055952489693,0.17763370946230791,298,1630,906,120
HAP1,52,0.2,0.1,goco-N,top5511,0.18097055952489693,0.17763370946230791,298,1630,906,120
HAP1,53,0.05,0.5,goco-N,top1966,0.05264508074087885,0.04988464882819222,184,587,310,85
HAP1,53,0.05,0.1,goco-N,top1728,0.04158575243787545,0.04046058872725684,178,503,257,82
HAP1,53,0.1,0.5,goco-N,top3292,0.09396625943240584,0.09380349409967154,223,987,511,106
HAP1,53,0.1,0.1,goco-N,top3292,0.09396625943240584,0.09380349409967154,223,987,511,106
HAP1,53,0.2,0.5,goco-N,top6268,0.19615745378416719,0.195635429069795,305,1925,997,150
HAP1,53,0.2,0.1,goco-N,top5511,0.1731050789878474,0.1734629702349594,283,1708,886,141
HAP1,54,0.05,0.5,goco-N,top2236,0.04594580397627315,0.04697508962147366,139,644,253,61
HAP1,54,0.05,0.1,goco-N,top1966,0.039907290889314856,0.04154688575747853,123,555,223,56
HAP1,54,0.1,0.5,goco-N,top3292,0.08461146109575654,0.08721672442307941,183,972,446,83
HAP1,54,0.1,0.1,goco-N,top3292,0.08461146109575654,0.08721672442307941,183,972,446,83
HAP1,54,0.2,0.5,goco-N,top6268,0.18751231686278627,0.18077400686780226,282,1977,952,146
HAP1,54,0.2,0.1,goco-N,top6268,0.18751231686278627,0.18077400686780226,282,1977,952,146
HAP1,55,0.05,0.5,goco-N,top1966,0.04933576067523907,0.04511576973525496,177,643,284,79
HAP1,55,0.05,0.1,goco-N,top1966,0.04933576067523907,0.04511576973525496,177,643,284,79
HAP1,55,0.1,0.5,goco-N,top3292,0.08710628156826329,0.08743465792076544,229,1027,474,107
HAP1,55,0.1,0.1,goco-N,top3292,0.08710628156826329,0.08743465792076544,229,1027,474,107
HAP1,55,0.2,0.5,goco-N,top6268,0.18846244254493025,0.18839390216794463,297,1903,951,149
HAP1,55,0.2,0.1,goco-N,top6268,0.18846244254493025,0.18839390216794463,297,1903,951,149
HAP1,56,0.05,0.5,goco-N,top1966,0.04458255394923171,0.04673563513021699,205,599,277,94
HAP1,56,0.05,0.1,goco-N,top1728,0.038015296183571815,0.03892520034463794,195,527,242,86
HAP1,56,0.1,0.5,goco-N,top3292,0.0895188470046992,0.09166034637760909,257,992,505,130
HAP1,56,0.1,0.1,goco-N,top3292,0.0895188470046992,0.09166034637760909,257,992,505,130
HAP1,56,0.2,0.5,goco-N,top6268,0.1830521557207055,0.18737362006828545,335,1926,944,170
HAP1,56,0.2,0.1,goco-N,top6268,0.1830521557207055,0.18737362006828545,335,1926,944,170
HAP1,57,0.05,0.5,goco-N,top1728,0.05568997629583515,0.05150186114455977,144,581,306,69
HAP1,57,0.05,0.1,goco-N,top1519,0.04686470628547859,0.04405168301639674,140,514,264,66
HAP1,57,0.1,0.5,goco-N,top3292,0.09964507369633867,0.09260721279302626,217,1072,535,111
HAP1,57,0.1,0.1,goco-N,top3292,0.09964507369633867,0.09260721279302626,217,1072,535,111
HAP1,57,0.2,0.5,goco-N,top6268,0.192489026112985,0.1822221160276293,316,1986,988,169
HAP1,57,0.2,0.1,goco-N,top6268,0.192489026112985,0.1822221160276293,316,1986,988,169
HAP1,58,0.05,0.5,goco-N,top1519,0.047621689599053114,0.04648814941202868,119,448,271,66
HAP1,58,0.05,0.1,goco-N,top1519,0.047621689599053114,0.04648814941202868,119,448,271,66
HAP1,58,0.1,0.5,goco-N,top3292,0.10599869657004005,0.09948004673108043,196,1014,559,103
HAP1,58,0.1,0.1,goco-N,top2894,0.09533187875398261,0.0889317604031319,178,901,505,96
HAP1,58,0.2,0.5,goco-N,top6268,0.20292621401730826,0.1976735897825553,290,1977,1021,150
HAP1,58,0.2,0.1,goco-N,top5511,0.17813585513074431,0.17133503399992497,273,1738,907,142
HAP1,59,0.05,0.5,goco-N,top1728,0.04453763778796507,0.046134388318497095,125,498,247,58
HAP1,59,0.05,0.1,goco-N,top1728,0.04453763778796507,0.046134388318497095,125,498,247,58
HAP1,59,0.1,0.5,goco-N,top3292,0.10431009209090047,0.10093315484232435,204,987,564,117
HAP1,59,0.1,0.1,goco-N,top2894,0.08729574085551062,0.08757468747253871,182,844,474,99
HAP1,59,0.2,0.5,goco-N,top6268,0.19180279947462697,0.1862333756543356,317,1996,988,174
HAP1,59,0.2,0.1,goco-N,top6268,0.19180279947462697,0.1862333756543356,317,1996,988,174
HAP1,60,0.05,0.5,goco-N,top1728,0.037519388068655714,0.041413527826088856,136,497,231,72
HAP1,60,0.05,0.1,goco-N,top1728,0.037519388068655714,0.041413527826088856,136,497,231,72
HAP1,60,0.1,0.5,goco-N,top3292,0.0801640861727413,0.08592057231371478,199,943,443,103
HAP1,60,0.1,0.1,goco-N,top3292,0.0801640861727413,0.08592057231371478,199,943,443,103
HAP1,60,0.2,0.5,goco-N,top6268,0.1802482065762604,0.18091224356796876,294,1887,934,162
HAP1,60,0.2,0.1,goco-N,top6268,0.1802482065762604,0.18091224356796876,294,1887,934,162
HAP1,61,0.05,0.5,goco-N,top1728,0.044852542289293286,0.04341483548096952,145,516,253,66
HAP1,61,0.05,0.1,goco-N,top1728,0.044852542289293286,0.04341483548096952,145,516,253,66
HAP1,61,0.1,0.5,goco-N,top3292,0.09609699156093439,0.09559989428760891,191,984,505,92
HAP1,61,0.1,0.1,goco-N,top3292,0.09609699156093439,0.09559989428760891,191,984,505,92
HAP1,61,0.2,0.5,goco-N,top6268,0.19212988244786428,0.19559488493156643,262,1923,968,143
HAP1,61,0.2,0.1,goco-N,top5511,0.17217059361663656,0.17427208200983266,249,1709,875,136
HAP1,62,0.05,0.5,goco-N,top1966,0.05770113153601836,0.0511834752662842,173,622,327,83
HAP1,62,0.05,0.1,goco-N,top1728,0.047514713426830606,0.04150599057215504,160,546,273,71
HAP1,62,0.1,0.5,goco-N,top3292,0.10329590086727629,0.10046791705565405,223,1008,551,107
HAP1,62,0.1,0.1,goco-N,top2894,0.09003010816426261,0.08580597526550414,215,901,489,105
HAP1,62,0.2,0.5,goco-N,top6268,0.1976966050908765,0.19283514150592146,292,1905,991,140
HAP1,62,0.2,0.1,goco-N,top6268,0.1976966050908765,0.19283514150592146,292,1905,991,140
HAP1,63,0.05,0.5,goco-N,top1966,0.04695587931110561,0.04760699346897669,274,693,296,98
HAP1,63,0.05,0.1,goco-N,top1728,0.037745937011948935,0.03845444084660605,255,617,240,83
HAP1,63,0.1,0.5,goco-N,top3744,0.0995746596845669,0.09869039755387528,332,1237,556,133
HAP1,63,0.1,0.1,goco-N,top3292,0.0887755223791047,0.08715135681210484,320,1110,505,129
HAP1,63,0.2,0.5,goco-N,top6268,0.17629224349618663,0.1778180081408181,400,1985,916,162
HAP1,63,0.2,0.1,goco-N,top6268,0.17629224349618663,0.1778180081408181,400,1985,916,162
HAP1,64,0.05,0.5,goco-N,top1966,0.04612006822392974,0.045016518934336114,172,649,276,82
HAP1,64,0.05,0.1,goco-N,top1966,0.04612006822392974,0.045016518934336114,172,649,276,82
HAP1,64,0.1,0.5,goco-N,top3744,0.10086891119680734,0.09495130540213706,241,1251,543,112
HAP1,64,0.1,0.1,goco-N,top3744,0.10086891119680734,0.09495130540213706,241,1251,543,112
HAP1,64,0.2,0.5,goco-N,top6268,0.1948402468855747,0.1865402710330424,315,2085,991,156
HAP1,64,0.2,0.1,goco-N,top6268,0.1948402468855747,0.1865402710330424,315,2085,991,156
HAP1,65,0.05,0.5,goco-N,top1966,0.045196373970508456,0.047082668624421196,238,589,286,102
HAP1,65,0.05,0.1,goco-N,top1728,0.03693912966133339,0.038782712305157285,220,511,238,88
HAP1,65,0.1,0.5,goco-N,top3292,0.0918536528015556,0.09050278673106839,279,988,511,128
HAP1,65,0.1,0.1,goco-N,top3292,0.0918536528015556,0.09050278673106839,279,988,511,128
HAP1,65,0.2,0.5,goco-N,top6268,0.1983194210332149,0.1952933999374987,343,1906,999,156
HAP1,65,0.2,0.1,goco-N,top6268,0.1983194210332149,0.1952933999374987,343,1906,999,156
HAP1,66,0.05,0.5,goco-N,top1966,0.04856825499302197,0.04943970768427049,185,584,288,88
HAP1,66,0.05,0.1,goco-N,top1728,0.03993291132106046,0.041465876186249015,170,504,243,80
HAP1,66,0.1,0.5,goco-N,top3292,0.0796066315939818,0.0818728882514849,212,942,435,100
HAP1,66,0.1,0.1,goco-N,top3292,0.0796066315939818,0.0818728882514849,212,942,435,100
HAP1,66,0.2,0.5,goco-N,top6268,0.19701600233342223,0.19608615452346248,271,1888,989,141
HAP1,66,0.2,0.1,goco-N,top5511,0.16941612957709143,0.16913758198552953,260,1655,860,133
HAP1,67,0.05,0.5,goco-N,top1966,0.04887961582315347,0.04727338055570664,175,561,289,82
HAP1,67,0.05,0.1,goco-N,top1966,0.04887961582315347,0.04727338055570664,175,561,289,82
HAP1,67,0.1,0.5,goco-N,top3292,0.08818942901165472,0.0899593579436203,243,979,499,126
HAP1,67,0.1,0.1,goco-N,top3292,0.08818942901165472,0.0899593579436203,243,979,499,126
HAP1,67,0.2,0.5,goco-N,top6268,0.18990856947124493,0.19023583864913626,297,1900,961,151
HAP1,67,0.2,0.1,goco-N,top6268,0.18990856947124493,0.19023583864913626,297,1900,961,151
HAP1,68,0.05,0.5,goco-N,top1519,0.04372917239095667,0.044618967105977896,150,474,267,82
HAP1,68,0.05,0.1,goco-N,top1519,0.04372917239095667,0.044618967105977896,150,474,267,82
HAP1,68,0.1,0.5,goco-N,top2894,0.09078796797890862,0.09121081850062136,200,878,493,105
HAP1,68,0.1,0.1,goco-N,top2894,0.09078796797890862,0.09121081850062136,200,878,493,105
HAP1,68,0.2,0.5,goco-N,top6268,0.2039993862788946,0.20067933321904763,289,1959,1032,158
HAP1,68,0.2,0.1,goco-N,top5511,0.18118671921313154,0.17901649088785665,271,1701,925,150
HAP1,69,0.05,0.5,goco-N,top1966,0.051645321345491234,0.04811001384766336,253,647,304,82
HAP1,69,0.05,0.1,goco-N,top1966,0.051645321345491234,0.04811001384766336,253,647,304,82
HAP1,69,0.1,0.5,goco-N,top3292,0.08784903378831904,0.089621425621499,306,1012,492,118
HAP1,69,0.1,0.1,goco-N,top3292,0.08784903378831904,0.089621425621499,306,1012,492,118
HAP1,69,0.2,0.5,goco-N,top6268,0.1803413922871134,0.18320505746396312,369,1872,935,162
HAP1,69,0.2,0.1,goco-N,top6268,0.1803413922871134,0.18320505746396312,369,1872,935,162
HAP1,70,0.05,0.5,goco-N,top1966,0.05054263867512869,0.049468336935047985,114,535,270,55
HAP1,70,0.05,0.1,goco-N,top1728,0.046539846822802884,0.04419657067792887,107,478,248,50
HAP1,70,0.1,0.5,goco-N,top3292,0.10465635488937752,0.09926007552228147,163,952,532,80
HAP1,70,0.1,0.1,goco-N,top2894,0.0894578365117646,0.08569957007040896,147,817,456,69
HAP1,70,0.2,0.5,goco-N,top5511,0.18290208402020103,0.177129925886649,227,1611,903,110
HAP1,70,0.2,0.1,goco-N,top5511,0.18290208402020103,0.177129925886649,227,1611,903,110
HAP1,71,0.05,0.5,goco-N,top1728,0.04135702661002262,0.04382880604965317,176,490,249,79
HAP1,71,0.05,0.1,goco-N,top1728,0.04135702661002262,0.04382880604965317,176,490,249,79
HAP1,71,0.1,0.5,goco-N,top3292,0.0940752893848766,0.09437456716118167,231,941,501,106
HAP1,71,0.1,0.1,goco-N,top3292,0.0940752893848766,0.09437456716118167,231,941,501,106
HAP1,71,0.2,0.5,goco-N,top6268,0.19460059962723078,0.19484922726822612,297,1794,978,147
HAP1,71,0.2,0.1,goco-N,top5511,0.16518541307419296,0.16486519951187942,278,1580,834,131
HAP1,72,0.05,0.5,goco-N,top1728,0.048666712781226765,0.04809665402698222,139,508,277,70
HAP1,72,0.05,0.1,goco-N,top1519,0.04475073799308154,0.0439259411906993,121,453,251,60
HAP1,72,0.1,0.5,goco-N,top3292,0.10000694835288443,0.0985829396211958,186,988,529,98
HAP1,72,0.1,0.1,goco-N,top2894,0.08917922774359806,0.08750300941326943,169,868,474,88
HAP1,72,0.2,0.5,goco-N,top6268,0.1889303097435117,0.1896567542953316,269,1881,965,151
HAP1,72,0.2,0.1,goco-N,top6268,0.1889303097435117,0.1896567542953316,269,1881,965,151
HAP1,73,0.05,0.5,goco-N,top1966,0.04343231894937148,0.04446503248425275,156,542,258,78
HAP1,73,0.05,0.1,goco-N,top1966,0.04343231894937148,0.04446503248425275,156,542,258,78
HAP1,73,0.1,0.5,goco-N,top3292,0.08677769971152988,0.0879325607886652,207,944,474,110
HAP1,73,0.1,0.1,goco-N,top3292,0.08677769971152988,0.0879325607886652,207,944,474,110
HAP1,73,0.2,0.5,goco-N,top6268,0.1797900450374571,0.18334865270664352,266,1813,910,151
HAP1,73,0.2,0.1,goco-N,top6268,0.1797900450374571,0.18334865270664352,266,1813,910,151
HAP1,74,0.05,0.5,goco-N,top1728,0.04197552429077063,0.044529221541137816,110,459,249,70
HAP1,74,0.05,0.1,goco-N,top1728,0.04197552429077063,0.044529221541137816,110,459,249,70
HAP1,74,0.1,0.5,goco-N,top3292,0.08640500705544414,0.09349053239730527,166,853,470,99
HAP1,74,0.1,0.1,goco-N,top2894,0.0791384517821732,0.08420486663618945,154,763,432,90
HAP1,74,0.2,0.5,goco-N,top5511,0.166080859023602,0.1740762687886657,220,1497,864,145
HAP1,74,0.2,0.1,goco-N,top5511,0.166080859023602,0.1740762687886657,220,1497,864,145
HAP1,75,0.05,0.5,goco-N,top1728,0.04960506401917853,0.04579655980887089,185,567,301,99
HAP1,75,0.05,0.1,goco-N,top1728,0.04960506401917853,0.04579655980887089,185,567,301,99
HAP1,75,0.1,0.5,goco-N,top3744,0.09891089427291158,0.09689347741551499,314,1226,546,136
HAP1,75,0.1,0.1,goco-N,top3744,0.09891089427291158,0.09689347741551499,314,1226,546,136
HAP1,75,0.2,0.5,goco-N,top7131,0.199932473716577,0.1981281563499461,403,2269,1025,183
HAP1,75,0.2,0.1,goco-N,top6268,0.1686083861926076,0.16810567361313006,379,1992,878,169
HAP1,76,0.05,0.5,goco-N,top1966,0.036429117437772565,0.04170514411859286,191,548,234,89
HAP1,76,0.05,0.1,goco-N,top1966,0.036429117437772565,0.04170514411859286,191,548,234,89
HAP1,76,0.1,0.5,goco-N,top3292,0.08211483378809296,0.08651419406480433,236,945,456,110
HAP1,76,0.1,0.1,goco-N,top3292,0.08211483378809296,0.08651419406480433,236,945,456,110
HAP1,76,0.2,0.5,goco-N,top6268,0.17851623912928138,0.1800291575628697,320,1765,923,158
HAP1,76,0.2,0.1,goco-N,top6268,0.17851623912928138,0.1800291575628697,320,1765,923,158
HAP1,77,0.05,0.5,goco-N,top2236,0.04393626830279921,0.0452023685208558,197,581,276,93
HAP1,77,0.05,0.1,goco-N,top2236,0.04393626830279921,0.0452023685208558,197,581,276,93
HAP1,77,0.1,0.5,goco-N,top3744,0.09643496502018473,0.09812809460800262,258,1028,540,131
HAP1,77,0.1,0.1,goco-N,top3292,0.08237556990004706,0.08108411630832907,241,888,468,119
HAP1,77,0.2,0.5,goco-N,top6268,0.18656402245804782,0.1901421211032872,325,1755,966,173
HAP1,77,0.2,0.1,goco-N,top6268,0.18656402245804782,0.1901421211032872,325,1755,966,173
HAP1,78,0.05,0.5,goco-N,top1728,0.04609779553188341,0.046822167738723434,122,536,260,65
HAP1,78,0.05,0.1,goco-N,top1519,0.03922457246358711,0.040392154778528505,113,476,226,60
HAP1,78,0.1,0.5,goco-N,top3292,0.09007681978720594,0.09167322932857777,177,991,486,101
HAP1,78,0.1,0.1,goco-N,top3292,0.09007681978720594,0.09167322932857777,177,991,486,101
HAP1,78,0.2,0.5,goco-N,top6268,0.18453308910034824,0.18463771844080726,249,1906,935,147
HAP1,78,0.2,0.1,goco-N,top6268,0.18453308910034824,0.18463771844080726,249,1906,935,147
HAP1,79,0.05,0.5,goco-N,top1728,0.04859702314125828,0.049094642665469805,112,513,266,58
HAP1,79,0.05,0.1,goco-N,top1519,0.03925854851483425,0.04044422769847694,103,452,220,54
HAP1,79,0.1,0.5,goco-N,top3744,0.09509112297355422,0.09824124316392278,209,1113,503,97
HAP1,79,0.1,0.1,goco-N,top3292,0.08367213312580274,0.08497117045088513,200,997,449,93
HAP1,79,0.2,0.5,goco-N,top6268,0.17792243708792774,0.17830000473922908,276,1907,892,135
HAP1,79,0.2,0.1,goco-N,top6268,0.17792243708792774,0.17830000473922908,276,1907,892,135
HAP1,80,0.05,0.5,goco-N,top1728,0.04589261530007203,0.04678202444264964,116,428,263,64
HAP1,80,0.05,0.1,goco-N,top1519,0.03644965036443066,0.03836858266258557,101,364,213,56
HAP1,80,0.1,0.5,goco-N,top3744,0.09586812617771338,0.09762224883829816,219,995,529,120
HAP1,80,0.1,0.1,goco-N,top3292,0.08299193667702323,0.0855496849815536,203,865,464,109
HAP1,80,0.2,0.5,goco-N,top6268,0.18079990530991535,0.18518875577705934,308,1748,953,176
HAP1,80,0.2,0.1,goco-N,top6268,0.18079990530991535,0.18518875577705934,308,1748,953,176
HAP1,81,0.05,0.5,goco-N,top1728,0.04075724911277508,0.0427077003974474,138,490,237,66
HAP1,81,0.05,0.1,goco-N,top1728,0.04075724911277508,0.0427077003974474,138,490,237,66
HAP1,81,0.1,0.5,goco-N,top2894,0.0861545676792015,0.09013472431137767,179,821,465,95
HAP1,81,0.1,0.1,goco-N,top2894,0.0861545676792015,0.09013472431137767,179,821,465,95
HAP1,81,0.2,0.5,goco-N,top5511,0.18523859721429628,0.19301277099987008,235,1599,940,136
HAP1,81,0.2,0.1,goco-N,top4845,0.16291725270586788,0.16998453405130468,225,1393,836,129
HAP1,82,0.05,0.5,goco-N,top1966,0.043458281374393226,0.04400725355183738,119,471,246,65
HAP1,82,0.05,0.1,goco-N,top1966,0.043458281374393226,0.04400725355183738,119,471,246,65
HAP1,82,0.1,0.5,goco-N,top3744,0.10121588323152904,0.09978471733252592,183,1007,533,106
HAP1,82,0.1,0.1,goco-N,top3292,0.0874476887958912,0.08701048595911001,169,862,468,98
HAP1,82,0.2,0.5,goco-N,top6268,0.1970282961804071,0.19197285895913732,237,1758,984,139
HAP1,82,0.2,0.1,goco-N,top6268,0.1970282961804071,0.19197285895913732,237,1758,984,139
HAP1,83,0.05,0.5,goco-N,top2236,0.04291121114278473,0.0424115642347449,168,736,249,73
HAP1,83,0.05,0.1,goco-N,top2236,0.04291121114278473,0.0424115642347449,168,736,249,73
HAP1,83,0.1,0.5,goco-N,top3744,0.08468342499508491,0.08627014296478443,234,1182,460,105
HAP1,83,0.1,0.1,goco-N,top3744,0.08468342499508491,0.08627014296478443,234,1182,460,105
HAP1,83,0.2,0.5,goco-N,top7131,0.19185704055171185,0.1942076603206798,306,2234,955,135
HAP1,83,0.2,0.1,goco-N,top6268,0.1617486802507652,0.16582167387579522,293,1967,816,128
HAP1,84,0.05,0.5,goco-N,top1966,0.04967988604251365,0.045949676457147974,283,670,309,103
HAP1,84,0.05,0.1,goco-N,top1966,0.04967988604251365,0.045949676457147974,283,670,309,103
HAP1,84,0.1,0.5,goco-N,top3744,0.10954329800780148,0.10223159901620955,362,1261,596,135
HAP1,84,0.1,0.1,goco-N,top3292,0.09588755102744706,0.0883436859670131,343,1111,532,128
HAP1,84,0.2,0.5,goco-N,top6268,0.19238135732286424,0.18604274535322177,430,2093,987,178
HAP1,84,0.2,0.1,goco-N,top6268,0.19238135732286424,0.18604274535322177,430,2093,987,178
HAP1,85,0.05,0.5,goco-N,top1966,0.052005695664687976,0.04607882250247984,189,660,299,77
HAP1,85,0.05,0.1,goco-N,top1966,0.052005695664687976,0.04607882250247984,189,660,299,77
HAP1,85,0.1,0.5,goco-N,top3744,0.09283590769408541,0.08904478467995035,263,1233,513,124
HAP1,85,0.1,0.1,goco-N,top3744,0.09283590769408541,0.08904478467995035,263,1233,513,124
HAP1,85,0.2,0.5,goco-N,top6268,0.1846350843649296,0.18623412001403072,316,2009,944,156
HAP1,85,0.2,0.1,goco-N,top6268,0.1846350843649296,0.18623412001403072,316,2009,944,156
HAP1,86,0.05,0.5,goco-N,top1519,0.038860443570829725,0.041287601246544875,134,440,232,73
HAP1,86,0.05,0.1,goco-N,top1519,0.038860443570829725,0.041287601246544875,134,440,232,73
HAP1,86,0.1,0.5,goco-N,top2894,0.07793841016211189,0.08490888252317456,211,835,439,109
HAP1,86,0.1,0.1,goco-N,top2894,0.07793841016211189,0.08490888252317456,211,835,439,109
HAP1,86,0.2,0.5,goco-N,top5511,0.17262710397545064,0.17978313614326621,289,1620,899,162
HAP1,86,0.2,0.1,goco-N,top5511,0.17262710397545064,0.17978313614326621,289,1620,899,162
HAP1,87,0.05,0.5,goco-N,top2236,0.047163774419100656,0.04865584280761832,145,544,270,73
HAP1,87,0.05,0.1,goco-N,top1966,0.039497424950154646,0.04074606557083264,135,460,232,68
HAP1,87,0.1,0.5,goco-N,top3744,0.10001171339387052,0.099797383349403,209,1002,530,105
HAP1,87,0.1,0.1,goco-N,top3292,0.08238318587020317,0.08430098850047817,189,849,445,98
HAP1,87,0.2,0.5,goco-N,top6268,0.17966705743661032,0.1783122889870047,263,1735,900,131
HAP1,87,0.2,0.1,goco-N,top6268,0.17966705743661032,0.1783122889870047,263,1735,900,131
HAP1,88,0.05,0.5,goco-N,top1728,0.04228032878498924,0.04441120763801634,203,567,263,87
HAP1,88,0.05,0.1,goco-N,top1728,0.04228032878498924,0.04441120763801634,203,567,263,87
HAP1,88,0.1,0.5,goco-N,top3292,0.09545848728050237,0.09837846444870413,269,1028,535,125
HAP1,88,0.1,0.1,goco-N,top2894,0.0828101773618862,0.08444485722559403,259,932,472,118
HAP1,88,0.2,0.5,goco-N,top5511,0.17723364239121006,0.1756063785469023,327,1693,916,151
HAP1,88,0.2,0.1,goco-N,top5511,0.17723364239121006,0.1756063785469023,327,1693,916,151
HAP1,89,0.05,0.5,goco-N,top1519,0.04588648516744389,0.044685720651100144,116,462,253,65
HAP1,89,0.05,0.1,goco-N,top1519,0.04588648516744389,0.044685720651100144,116,462,253,65
HAP1,89,0.1,0.5,goco-N,top2894,0.09144647764820867,0.09037355410540836,172,899,484,99
HAP1,89,0.1,0.1,goco-N,top2894,0.09144647764820867,0.09037355410540836,172,899,484,99
HAP1,89,0.2,0.5,goco-N,top5511,0.17677248744991755,0.17977576558515482,241,1732,897,141
HAP1,89,0.2,0.1,goco-N,top5511,0.17677248744991755,0.17977576558515482,241,1732,897,141
HAP1,90,0.05,0.5,goco-N,top2236,0.043481749269865116,0.0436479855131778,158,586,256,79
HAP1,90,0.05,0.1,goco-N,top2236,0.043481749269865116,0.0436479855131778,158,586,256,79
HAP1,90,0.1,0.5,goco-N,top3744,0.09894285722813372,0.0972235481451293,203,1016,525,107
HAP1,90,0.1,0.1,goco-N,top3292,0.08016311093507185,0.08009677056545883,191,881,434,98
HAP1,90,0.2,0.5,goco-N,top6268,0.17445044968734777,0.17541040938589542,250,1703,876,132
HAP1,90,0.2,0.1,goco-N,top6268,0.17445044968734777,0.17541040938589542,250,1703,876,132
HAP1,91,0.05,0.5,goco-N,top1966,0.03815712817044375,0.04174829933263134,220,575,253,96
HAP1,91,0.05,0.1,goco-N,top1966,0.03815712817044375,0.04174829933263134,220,575,253,96
HAP1,91,0.1,0.5,goco-N,top3292,0.08220904785289528,0.08436342704971804,271,999,465,123
HAP1,91,0.1,0.1,goco-N,top3292,0.08220904785289528,0.08436342704971804,271,999,465,123
HAP1,91,0.2,0.5,goco-N,top6268,0.1838401869823742,0.1830297820306565,342,1937,951,167
HAP1,91,0.2,0.1,goco-N,top6268,0.1838401869823742,0.1830297820306565,342,1937,951,167
HAP1,92,0.05,0.5,goco-N,top1966,0.04760279369857903,0.047832486419201715,157,592,286,92
HAP1,92,0.05,0.1,goco-N,top1728,0.03996614422712958,0.03954339006491692,146,528,248,87
HAP1,92,0.1,0.5,goco-N,top3292,0.08924761213043504,0.09100763647590102,213,988,498,125
HAP1,92,0.1,0.1,goco-N,top3292,0.08924761213043504,0.09100763647590102,213,988,498,125
HAP1,92,0.2,0.5,goco-N,top6268,0.17710331361770246,0.1839678283992193,289,1866,913,169
HAP1,92,0.2,0.1,goco-N,top6268,0.17710331361770246,0.1839678283992193,289,1866,913,169
HAP1,93,0.05,0.5,goco-N,top1966,0.04483003290373034,0.04673395836723764,180,535,266,75
HAP1,93,0.05,0.1,goco-N,top1728,0.03550666159633773,0.03886374288217529,168,467,216,66
HAP1,93,0.1,0.5,goco-N,top2894,0.08542431776693117,0.08630957574598026,211,814,463,93
HAP1,93,0.1,0.1,goco-N,top2894,0.08542431776693117,0.08630957574598026,211,814,463,93
HAP1,93,0.2,0.5,goco-N,top5511,0.1860664922461209,0.1820289471814472,289,1591,944,138
HAP1,93,0.2,0.1,goco-N,top5511,0.1860664922461209,0.1820289471814472,289,1591,944,138
HAP1,94,0.05,0.5,goco-N,top1728,0.04862951407950233,0.04816466813673153,152,525,287,86
HAP1,94,0.05,0.1,goco-N,top1519,0.04101506115095839,0.04220810938667522,143,452,250,81
HAP1,94,0.1,0.5,goco-N,top3292,0.09774019592822591,0.09362223675602879,236,1041,541,130
HAP1,94,0.1,0.1,goco-N,top3292,0.09774019592822591,0.09362223675602879,236,1041,541,130
HAP1,94,0.2,0.5,goco-N,top6268,0.18918988156018757,0.18641915602116366,324,1955,973,173
HAP1,94,0.2,0.1,goco-N,top6268,0.18918988156018757,0.18641915602116366,324,1955,973,173
HAP1,95,0.05,0.5,goco-N,top1519,0.04841137742269566,0.048856623107621774,144,489,283,78
HAP1,95,0.05,0.1,goco-N,top1336,0.03973405829264684,0.041749990446173314,134,429,239,73
HAP1,95,0.1,0.5,goco-N,top2894,0.08989176787112872,0.09035106531777638,187,916,481,99
HAP1,95,0.1,0.1,goco-N,top2894,0.08989176787112872,0.09035106531777638,187,916,481,99
HAP1,95,0.2,0.5,goco-N,top6268,0.19400895631807175,0.18903085169305162,271,1972,982,154
HAP1,95,0.2,0.1,goco-N,top6268,0.19400895631807175,0.18903085169305162,271,1972,982,154
HAP1,96,0.05,0.5,goco-N,top1519,0.04970746814954538,0.048191200105314615,119,480,283,74
HAP1,96,0.05,0.1,goco-N,top1336,0.041408768772284076,0.041570603698877114,110,420,241,68
HAP1,96,0.1,0.5,goco-N,top3292,0.10984790549664834,0.0999160883765841,206,1053,594,131
HAP1,96,0.1,0.1,goco-N,top3292,0.10984790549664834,0.0999160883765841,206,1053,594,131
HAP1,96,0.2,0.5,goco-N,top6268,0.19858469131105616,0.19695060136631679,278,1884,1014,174
HAP1,96,0.2,0.1,goco-N,top5511,0.17561376816278326,0.17194573401797125,261,1665,909,164
HAP1,97,0.05,0.5,goco-N,top1728,0.04270024927481652,0.04405681527297151,142,497,254,71
HAP1,97,0.05,0.1,goco-N,top1728,0.04270024927481652,0.04405681527297151,142,497,254,71
HAP1,97,0.1,0.5,goco-N,top3292,0.09249150822053619,0.09447568857799661,192,946,502,104
HAP1,97,0.1,0.1,goco-N,top3292,0.09249150822053619,0.09447568857799661,192,946,502,104
HAP1,97,0.2,0.5,goco-N,top6268,0.18748454164566017,0.19309627996444267,280,1885,950,150
HAP1,97,0.2,0.1,goco-N,top5511,0.16602056768501508,0.1693404177043638,265,1660,850,142
HAP1,98,0.05,0.5,goco-N,top1728,0.05120752897051166,0.048443587613583174,112,506,295,78
HAP1,98,0.05,0.1,goco-N,top1728,0.05120752897051166,0.048443587613583174,112,506,295,78
HAP1,98,0.1,0.5,goco-N,top2894,0.09322363351990516,0.08999689855770637,154,828,496,101
HAP1,98,0.1,0.1,goco-N,top2894,0.09322363351990516,0.08999689855770637,154,828,496,101
HAP1,98,0.2,0.5,goco-N,top5511,0.19390995634827388,0.18703379804852352,238,1669,987,152
HAP1,98,0.2,0.1,goco-N,top5511,0.19390995634827388,0.18703379804852352,238,1669,987,152
HAP1,99,0.05,0.5,goco-N,top1966,0.044377399121074225,0.045326236959984556,179,545,271,86
HAP1,99,0.05,0.1,goco-N,top1966,0.044377399121074225,0.045326236959984556,179,545,271,86
HAP1,99,0.1,0.5,goco-N,top3744,0.09773532031311133,0.09867620836755214,263,1102,537,124
HAP1,99,0.1,0.1,goco-N,top3292,0.07610322835811657,0.07935068237868838,249,951,436,119
HAP1,99,0.2,0.5,goco-N,top6268,0.1849255549916682,0.18472032751638304,310,1912,944,149
HAP1,99,0.2,0.1,goco-N,top6268,0.1849255549916682,0.18472032751638304,310,1912,944,149
