dataset,repeat,rule,label,fdp,correct,total,units,supp_units,fmax,prec,rec
Wainberg,0,Fmax,score>=1076.8,0.034760914742946625,202.0,481.0,273,125,0.3150721121279968,0.3470788227646885,0.28847014229789364
Wainberg,0,Fmax-full,score>=601.638,0.22971650958061218,608.0,5037.0,1235,304,0.0019249658852297927,0.10898656845092773,0.0009710585617508098
Wainberg,0,Floor,score>=600.821,0.22971650958061218,608.0,5037.0,1235,304,,,
Wainberg,0,Top-1,top1,0.21971295905445334,194.0,1235.0,1235,194,,,
Wainberg,0,Top-3,top3,0.22586886168566203,405.0,2795.0,1235,267,,,
Wainberg,1,Fmax,score>=913.645,0.07299862056970596,262.0,1010.0,472,163,0.32125400717612734,0.2542614792332505,0.4361775858271186
Wainberg,1,Fmax-full,score>=601.638,0.22879016399383545,541.0,4942.0,1232,289,0.002036663166389301,0.10839137706829366,0.0010279894932282785
Wainberg,1,Floor,score>=600.821,0.22879016399383545,541.0,4943.0,1232,289,,,
Wainberg,1,Top-1,top1,0.21907978049810045,194.0,1232.0,1232,194,,,
Wainberg,1,Top-3,top3,0.22513015336991699,385.0,2760.0,1232,254,,,
Wainberg,2,Fmax,score>=911.135,0.07204030454158783,281.0,1038.0,459,159,0.3250488168445699,0.25809334150326796,0.4389132147159671
Wainberg,2,Fmax-full,score>=601.638,0.23520058393478394,562.0,4968.0,1253,277,0.0020417536420033982,0.11246156192675577,0.0010302287868718795
Wainberg,2,Floor,score>=600.821,0.23520058393478394,562.0,4968.0,1253,277,,,
Wainberg,2,Top-1,top1,0.22731110173068805,176.0,1253.0,1253,176,,,
Wainberg,2,Top-3,top3,0.23223582383565503,370.0,2797.0,1253,237,,,
Wainberg,3,Fmax,score>=911.135,0.07498358190059662,262.0,1006.0,478,162,0.32990993832326765,0.25794994513798125,0.4575529462613458
Wainberg,3,Fmax-full,score>=601.638,0.2263668030500412,583.0,4889.0,1223,300,0.0019995294504691597,0.1071958528679601,0.0010091768375195447
Wainberg,3,Floor,score>=600.821,0.2263668030500412,583.0,4889.0,1223,300,,,
Wainberg,3,Top-1,top1,0.21844660194174756,188.0,1223.0,1223,188,,,
Wainberg,3,Top-3,top3,0.22379344308428314,383.0,2764.0,1223,254,,,
Wainberg,4,Fmax,score>=1116.68,0.037703774869441986,228.0,573.0,292,129,0.31907010204523667,0.3518989550293781,0.29184382608207576
Wainberg,4,Fmax-full,score>=601.638,0.23578177392482758,663.0,5252.0,1272,314,0.001840397612577764,0.10749859294965156,0.0009281438109955253
Wainberg,4,Floor,score>=600.821,0.23578177392482758,663.0,5252.0,1272,314,,,
Wainberg,4,Top-1,top1,0.22773322076825664,193.0,1272.0,1272,193,,,
Wainberg,4,Top-3,top3,0.23114534965526948,439.0,2914.0,1272,270,,,
Wainberg,5,Fmax,score>=913.645,0.06962421536445618,246.0,959.0,445,154,0.32743732691175303,0.2580907087246797,0.44774133868170585
Wainberg,5,Fmax-full,score>=601.638,0.23062117397785187,544.0,4893.0,1231,277,0.0020836983903625944,0.11170862121158764,0.0010516574666770899
Wainberg,5,Floor,score>=600.821,0.23062117397785187,544.0,4894.0,1231,277,,,
Wainberg,5,Top-1,top1,0.22182355424229633,180.0,1231.0,1231,180,,,
Wainberg,5,Top-3,top3,0.22706486562543973,377.0,2758.0,1231,250,,,
Wainberg,6,Fmax,score>=911.135,0.07195696979761124,228.0,976.0,451,141,0.3303284086537521,0.26322822464738765,0.44334181015795376
Wainberg,6,Fmax-full,score>=601.638,0.22913241386413574,486.0,4817.0,1217,262,0.002083845117965141,0.11356578587333938,0.001051570313573825
Wainberg,6,Floor,score>=600.821,0.22913241386413574,486.0,4817.0,1217,262,,,
Wainberg,6,Top-1,top1,0.2228788518362178,161.0,1217.0,1217,161,,,
Wainberg,6,Top-3,top3,0.22650204024201492,329.0,2691.0,1217,226,,,
Wainberg,7,Fmax,score>=911.135,0.07360709458589554,271.0,1025.0,471,166,0.3221340392075602,0.2566963174187766,0.43234983142817257
Wainberg,7,Fmax-full,score>=601.638,0.2328922301530838,526.0,4880.0,1244,280,0.0020593909718244724,0.11143424028471678,0.0010392990108000948
Wainberg,7,Floor,score>=600.821,0.2328922301530838,526.0,4882.0,1244,280,,,
Wainberg,7,Top-1,top1,0.22520050654284507,177.0,1244.0,1244,177,,,
Wainberg,7,Top-3,top3,0.22917546081328272,372.0,2770.0,1244,245,,,
Wainberg,8,Fmax,score>=911.135,0.07667172700166702,309.0,1104.0,491,169,0.3230574899856403,0.2563634584223111,0.436655167748918
Wainberg,8,Fmax-full,score>=601.638,0.23308293521404266,619.0,5195.0,1250,291,0.0019270642564042418,0.1098888137577716,0.000972055348414991
Wainberg,8,Floor,score>=600.821,0.23308293521404266,619.0,5195.0,1250,291,,,
Wainberg,8,Top-1,top1,0.22646686365555085,177.0,1250.0,1250,177,,,
Wainberg,8,Top-3,top3,0.22928099057267487,397.0,2834.0,1250,244,,,
Wainberg,9,Fmax,score>=911.135,0.075764000415802,263.0,1125.0,473,163,0.3333818343505522,0.264958261654077,0.44944875515398497
Wainberg,9,Fmax-full,score>=601.638,0.23272326588630676,577.0,5175.0,1244,300,0.001994154129722343,0.11115543653806383,0.0010061019148864118
Wainberg,9,Floor,score>=600.821,0.23272326588630676,577.0,5177.0,1244,300,,,
Wainberg,9,Top-1,top1,0.22562262558041368,175.0,1244.0,1244,175,,,
Wainberg,9,Top-3,top3,0.22942169691853104,374.0,2787.0,1244,249,,,
Wainberg,10,Fmax,score>=1076.8,0.03361072763800621,168.0,461.0,249,102,0.3332446361808286,0.3626115097463312,0.30827807293716397
Wainberg,10,Fmax-full,score>=601.638,0.23174624145030975,554.0,4929.0,1234,271,0.0020515896530724402,0.1126338557541598,0.001035222954015568
Wainberg,10,Floor,score>=600.821,0.23174624145030975,554.0,4929.0,1234,271,,,
Wainberg,10,Top-1,top1,0.2241452089489236,172.0,1234.0,1234,172,,,
Wainberg,10,Top-3,top3,0.22850710567046575,366.0,2733.0,1234,229,,,
Wainberg,11,Fmax,score>=913.645,0.07032805681228638,260.0,996.0,449,156,0.3229329286255775,0.25843091227590653,0.43034252812114265
Wainberg,11,Fmax-full,score>=601.638,0.2281440794467926,510.0,4761.0,1214,267,0.002039674604572463,0.11286840534177331,0.0010291361975815854
Wainberg,11,Floor,score>=600.821,0.2281440794467926,510.0,4762.0,1214,267,,,
Wainberg,11,Top-1,top1,0.22119037568594344,166.0,1214.0,1214,166,,,
Wainberg,11,Top-3,top3,0.22446179822710005,358.0,2722.0,1214,239,,,
Wainberg,12,Fmax,score>=929,0.07619266211986542,261.0,1080.0,472,159,0.33356527214029896,0.2681532394727674,0.44118612939876417
Wainberg,12,Fmax-full,score>=601.638,0.23196765780448914,554.0,5095.0,1235,282,0.002015057939230963,0.11269000371297201,0.0010166182616189686
Wainberg,12,Floor,score>=600.821,0.23196765780448914,554.0,5095.0,1235,282,,,
Wainberg,12,Top-1,top1,0.22477838750527648,170.0,1235.0,1235,170,,,
Wainberg,12,Top-3,top3,0.22878851836217814,364.0,2788.0,1235,242,,,
Wainberg,13,Fmax,score>=1076.8,0.03824147209525108,164.0,490.0,268,103,0.3360397310340409,0.3779951641817048,0.3024674666771932
Wainberg,13,Fmax-full,score>=601.638,0.22964146733283997,549.0,4904.0,1227,273,0.002073448299314936,0.11133158041829878,0.001046468910191587
Wainberg,13,Floor,score>=600.821,0.22964146733283997,549.0,4905.0,1227,273,,,
Wainberg,13,Top-1,top1,0.223723089911355,167.0,1227.0,1227,167,,,
Wainberg,13,Top-3,top3,0.22667792317433516,368.0,2793.0,1227,237,,,
Wainberg,14,Fmax,score>=1076.8,0.0396534763276577,165.0,523.0,280,112,0.32886453275797306,0.3767606744355562,0.29177259956382523
Wainberg,14,Fmax-full,score>=601.638,0.2328810691833496,535.0,4936.0,1240,270,0.0020494213673895047,0.11265220575747283,0.0010341172549394458
Wainberg,14,Floor,score>=600.821,0.2328810691833496,535.0,4937.0,1240,270,,,
Wainberg,14,Top-1,top1,0.22604474461798227,169.0,1240.0,1240,169,,,
Wainberg,14,Top-3,top3,0.22952722667792316,366.0,2744.0,1240,232,,,
Wainberg,15,Fmax,score>=929,0.06999772787094116,257.0,981.0,445,156,0.32306732824932505,0.2592802515303394,0.4284803201469869
Wainberg,15,Fmax-full,score>=601.638,0.23194639384746552,526.0,4739.0,1237,265,0.0021030178909236964,0.11203841685917412,0.0010614711210298522
Wainberg,15,Floor,score>=600.821,0.23194639384746552,526.0,4740.0,1237,265,,,
Wainberg,15,Top-1,top1,0.2228788518362178,181.0,1237.0,1237,181,,,
Wainberg,15,Top-3,top3,0.22857745884339384,356.0,2714.0,1237,234,,,
Wainberg,16,Fmax,score>=1076.8,0.034921810030937195,129.0,407.0,243,90,0.34278141846958143,0.3777264284800334,0.31375469410107965
Wainberg,16,Fmax-full,score>=601.638,0.2307116985321045,510.0,4951.0,1223,267,0.0021371218558382432,0.1143141518325067,0.0010786436379615584
Wainberg,16,Floor,score>=600.821,0.2307116985321045,510.0,4951.0,1223,267,,,
Wainberg,16,Top-1,top1,0.22477838750527648,158.0,1223.0,1223,158,,,
Wainberg,16,Top-3,top3,0.22790910370057693,335.0,2751.0,1223,227,,,
Wainberg,17,Fmax,score>=1076.8,0.03793016076087952,171.0,514.0,269,108,0.3303838310844538,0.37470828926301675,0.29543648056546384
Wainberg,17,Fmax-full,score>=601.638,0.235549658536911,540.0,5051.0,1239,272,0.002072229157445399,0.11735709751431567,0.0010453436394918655
Wainberg,17,Floor,score>=600.821,0.235549658536911,540.0,5053.0,1239,272,,,
Wainberg,17,Top-1,top1,0.22815533980582525,158.0,1239.0,1239,158,,,
Wainberg,17,Top-3,top3,0.23213029407626287,345.0,2770.0,1239,234,,,
Wainberg,18,Fmax,score>=1076.8,0.03737872466444969,200.0,506.0,277,119,0.32252168514790003,0.36262093195839534,0.2904078817273261
Wainberg,18,Fmax-full,score>=601.638,0.23268544673919678,598.0,4938.0,1240,283,0.0020244939129985757,0.11232982336956522,0.001021451647563886
Wainberg,18,Floor,score>=600.821,0.23268544673919678,598.0,4939.0,1240,283,,,
Wainberg,18,Top-1,top1,0.2228788518362178,184.0,1240.0,1240,184,,,
Wainberg,18,Top-3,top3,0.228682988602786,385.0,2766.0,1240,243,,,
Wainberg,19,Fmax,score>=911.135,0.07614262402057648,267.0,1096.0,475,152,0.3310423428377199,0.2652652107708827,0.44019681485434914
Wainberg,19,Fmax-full,score>=601.638,0.22961334884166718,536.0,5035.0,1222,274,0.00203341379117594,0.1128214715139453,0.0010259524131208282
Wainberg,19,Floor,score>=600.821,0.22961334884166718,536.0,5036.0,1222,274,,,
Wainberg,19,Top-1,top1,0.22055719712959054,177.0,1222.0,1222,177,,,
Wainberg,19,Top-3,top3,0.22604474461798227,352.0,2723.0,1222,239,,,
Wainberg,20,Fmax,score>=911.135,0.07139521092176437,227.0,969.0,439,137,0.33928331909366155,0.26889236687958296,0.4595972017004953
Wainberg,20,Fmax-full,score>=601.638,0.2299194633960724,515.0,4829.0,1220,263,0.0021011607109644812,0.11393536977817358,0.0010603577496641297
Wainberg,20,Floor,score>=600.821,0.2299194633960724,515.0,4830.0,1220,263,,,
Wainberg,20,Top-1,top1,0.22330097087378642,162.0,1220.0,1220,162,,,
Wainberg,20,Top-3,top3,0.22713521879836782,348.0,2693.0,1220,227,,,
Wainberg,21,Fmax,score>=911.135,0.07255920767784119,279.0,1034.0,460,155,0.3255566205146368,0.25969774477949764,0.43616804288276223
Wainberg,21,Fmax-full,score>=601.638,0.2313530296087265,551.0,4878.0,1231,272,0.002033456536514886,0.11291092278722586,0.001025966784839271
Wainberg,21,Floor,score>=600.821,0.2313530296087265,551.0,4881.0,1231,272,,,
Wainberg,21,Top-1,top1,0.2235120303925707,172.0,1231.0,1231,172,,,
Wainberg,21,Top-3,top3,0.22766286759532856,362.0,2753.0,1231,236,,,
Wainberg,22,Fmax,score>=911.135,0.0747596025466919,265.0,1034.0,473,164,0.3261290187683267,0.26045600941639074,0.43608663361368133
Wainberg,22,Fmax-full,score>=601.638,0.23640936613082886,547.0,4956.0,1256,284,0.002036771178752169,0.11353335358872202,0.0010276031115163823
Wainberg,22,Floor,score>=600.821,0.23640936613082886,547.0,4958.0,1256,284,,,
Wainberg,22,Top-1,top1,0.22773322076825664,177.0,1256.0,1256,177,,,
Wainberg,22,Top-3,top3,0.23269311945968763,369.0,2792.0,1256,247,,,
Wainberg,23,Fmax,score>=913.645,0.07368050515651703,271.0,1056.0,464,153,0.32782024298734364,0.26290500612187206,0.4353032144698811
Wainberg,23,Fmax-full,score>=601.638,0.22941608726978302,545.0,5013.0,1221,265,0.002036213603093924,0.11280508509321549,0.001027379272054678
Wainberg,23,Floor,score>=600.821,0.22941608726978302,545.0,5015.0,1221,265,,,
Wainberg,23,Top-1,top1,0.22266779231743353,166.0,1221.0,1221,166,,,
Wainberg,23,Top-3,top3,0.22625580413676658,354.0,2751.0,1221,232,,,
Wainberg,24,Fmax,score>=911.135,0.07031096518039703,259.0,967.0,453,157,0.32386643312818275,0.2546187801945508,0.44485070230483087
Wainberg,24,Fmax-full,score>=601.638,0.2283022403717041,548.0,4714.0,1222,277,0.0020597598416247135,0.11067418593912029,0.0010395534979438072
Wainberg,24,Floor,score>=600.821,0.2283022403717041,548.0,4715.0,1222,277,,,
Wainberg,24,Top-1,top1,0.22161249472351202,172.0,1222.0,1222,172,,,
Wainberg,24,Top-3,top3,0.22425073870831574,377.0,2725.0,1222,251,,,
Wainberg,25,Fmax,score>=911.135,0.06937375664710999,250.0,961.0,437,141,0.3333456379007154,0.26146746161653706,0.4597255463569662
Wainberg,25,Fmax-full,score>=601.638,0.2289768010377884,545.0,4761.0,1221,269,0.00205970368328209,0.11208598170514426,0.001039401920659961
Wainberg,25,Floor,score>=600.821,0.2289768010377884,545.0,4762.0,1221,269,,,
Wainberg,25,Top-1,top1,0.2222456732798649,168.0,1221.0,1221,168,,,
Wainberg,25,Top-3,top3,0.22646686365555085,357.0,2724.0,1221,230,,,
Wainberg,26,Fmax,score>=929,0.07226600497961044,295.0,1064.0,461,161,0.3197213720155067,0.2582431560390992,0.41961670679811613
Wainberg,26,Fmax-full,score>=601.638,0.23491887748241425,551.0,4984.0,1243,264,0.001969927588371844,0.11508716381359897,0.000993466291733665
Wainberg,26,Floor,score>=600.821,0.23491887748241425,551.0,4984.0,1243,264,,,
Wainberg,26,Top-1,top1,0.22583368509919796,173.0,1243.0,1243,173,,,
Wainberg,26,Top-3,top3,0.23065287744477278,372.0,2796.0,1243,232,,,
Wainberg,27,Fmax,score>=929,0.06876541674137115,239.0,948.0,444,154,0.3267546345159263,0.2545686111873267,0.45608231840735747
Wainberg,27,Fmax-full,score>=601.638,0.22430483996868134,553.0,4914.0,1204,288,0.00203140493525271,0.10966702942502576,0.001025197533463395
Wainberg,27,Floor,score>=600.821,0.22430483996868134,553.0,4916.0,1204,288,,,
Wainberg,27,Top-1,top1,0.21422541156606162,189.0,1204.0,1204,189,,,
Wainberg,27,Top-3,top3,0.22126072885887157,363.0,2735.0,1204,249,,,
Wainberg,28,Fmax,score>=913.645,0.07730323076248169,286.0,1114.0,488,161,0.3300564897814143,0.2623994387113131,0.44472412354947133
Wainberg,28,Fmax-full,score>=601.638,0.2342991977930069,587.0,5006.0,1253,284,0.0019304268661576656,0.11096928221291383,0.0009736825468282562
Wainberg,28,Floor,score>=600.821,0.2342991977930069,587.0,5006.0,1253,284,,,
Wainberg,28,Top-1,top1,0.22667792317433516,179.0,1253.0,1253,179,,,
Wainberg,28,Top-3,top3,0.2308991135500211,381.0,2775.0,1253,245,,,
Wainberg,29,Fmax,score>=911.135,0.07343849539756775,272.0,993.0,462,157,0.32999433460929334,0.2622121460875322,0.44503698791046364
Wainberg,29,Fmax-full,score>=601.638,0.23387347161769867,561.0,4870.0,1246,275,0.0020307739256973972,0.11243532060454971,0.0010246403401450682
Wainberg,29,Floor,score>=600.821,0.23387347161769867,561.0,4871.0,1246,275,,,
Wainberg,29,Top-1,top1,0.22604474461798227,175.0,1246.0,1246,175,,,
Wainberg,29,Top-3,top3,0.23037146475306036,367.0,2755.0,1246,241,,,
Wainberg,30,Fmax,score>=929,0.07132887095212936,244.0,987.0,439,130,0.3363364328761541,0.2691710471229588,0.44816580490365465
Wainberg,30,Fmax-full,score>=601.638,0.2353004515171051,515.0,4760.0,1238,252,0.0020806778278878255,0.11725337214464937,0.0010496520264733605
Wainberg,30,Floor,score>=600.821,0.2353004515171051,515.0,4761.0,1238,252,,,
Wainberg,30,Top-1,top1,0.22921063739974673,152.0,1238.0,1238,152,,,
Wainberg,30,Top-3,top3,0.2318840579710145,346.0,2782.0,1238,223,,,
Wainberg,31,Fmax,score>=913.645,0.07294279336929321,282.0,1044.0,466,162,0.3230424750755728,0.2582257516864554,0.43130295771301885
Wainberg,31,Fmax-full,score>=601.638,0.22831466794013977,567.0,4953.0,1213,275,0.0019738477213055083,0.11345260904050547,0.000995584446369794
Wainberg,31,Floor,score>=600.821,0.22831466794013977,567.0,4955.0,1213,275,,,
Wainberg,31,Top-1,top1,0.21844660194174756,178.0,1213.0,1213,178,,,
Wainberg,31,Top-3,top3,0.22460250457295625,368.0,2735.0,1213,239,,,
Wainberg,32,Fmax,score>=913.645,0.07477302849292755,283.0,1087.0,470,166,0.32637557959875196,0.2636175029444559,0.4283508964701624
Wainberg,32,Fmax-full,score>=601.638,0.23936757445335388,560.0,5092.0,1263,277,0.0020195811348948404,0.11627211176162014,0.0010186371443646769
Wainberg,32,Floor,score>=600.821,0.23936757445335388,560.0,5092.0,1263,277,,,
Wainberg,32,Top-1,top1,0.2323765301815112,162.0,1263.0,1263,162,,,
Wainberg,32,Top-3,top3,0.2355072463768116,363.0,2840.0,1263,240,,,
Wainberg,33,Fmax,score>=913.645,0.07418036460876465,267.0,1020.0,468,151,0.3291614337202816,0.2623577477797022,0.4416070502173222
Wainberg,33,Fmax-full,score>=601.638,0.23209956288337708,548.0,4986.0,1235,269,0.002065416661889859,0.11290704939100478,0.001042241227288252
Wainberg,33,Floor,score>=600.821,0.23209956288337708,548.0,4988.0,1235,269,,,
Wainberg,33,Top-1,top1,0.2241452089489236,173.0,1235.0,1235,173,,,
Wainberg,33,Top-3,top3,0.22928099057267487,350.0,2750.0,1235,227,,,
Wainberg,34,Fmax,score>=911.135,0.07046695053577423,244.0,982.0,441,142,0.33303226424354293,0.26351088006305956,0.45238338622896357
Wainberg,34,Fmax-full,score>=601.638,0.2248992919921875,532.0,4850.0,1192,264,0.0021211561826641003,0.11428582435840211,0.0010705125001754662
Wainberg,34,Floor,score>=600.821,0.2248992919921875,532.0,4851.0,1192,264,,,
Wainberg,34,Top-1,top1,0.2169691853102575,164.0,1192.0,1192,164,,,
Wainberg,34,Top-3,top3,0.221577318137048,349.0,2637.0,1192,236,,,
Wainberg,35,Fmax,score>=911.135,0.0786987766623497,295.0,1138.0,494,168,0.3268400816935018,0.2634804626229187,0.430319872731275
Wainberg,35,Fmax-full,score>=601.638,0.23375217616558075,570.0,5058.0,1244,282,0.001983045496439847,0.11285351494470568,0.0010003114112942476
Wainberg,35,Floor,score>=600.821,0.23375217616558075,570.0,5058.0,1244,282,,,
Wainberg,35,Top-1,top1,0.2245673279864922,180.0,1244.0,1244,180,,,
Wainberg,35,Top-3,top3,0.22998452230195585,378.0,2774.0,1244,247,,,
Wainberg,36,Fmax,score>=911.135,0.06674186885356903,252.0,921.0,425,141,0.3288292389891077,0.2582027107342336,0.4526406271489477
Wainberg,36,Fmax-full,score>=601.638,0.21710307896137238,514.0,4681.0,1162,270,0.002042053011019888,0.11077509853260985,0.0010305249697190573
Wainberg,36,Floor,score>=600.821,0.21710307896137238,514.0,4681.0,1162,270,,,
Wainberg,36,Top-1,top1,0.21063739974672857,164.0,1162.0,1162,164,,,
Wainberg,36,Top-3,top3,0.2134867032503166,359.0,2614.0,1162,230,,,
Wainberg,37,Fmax,score>=911.135,0.07005307823419571,323.0,1121.0,464,180,0.31216716291851254,0.24578098776640186,0.4276865787379805
Wainberg,37,Fmax-full,score>=601.638,0.2301306426525116,619.0,5148.0,1230,289,0.0019991986954854507,0.11121095230922336,0.0010086655539833557
Wainberg,37,Floor,score>=600.821,0.2301306426525116,619.0,5149.0,1230,289,,,
Wainberg,37,Top-1,top1,0.21823554242296328,196.0,1230.0,1230,196,,,
Wainberg,37,Top-3,top3,0.22513015336991699,396.0,2738.0,1230,256,,,
Wainberg,38,Fmax,score>=911.135,0.06571254134178162,257.0,951.0,428,149,0.32127968913302457,0.25175769618981114,0.4438462547553456
Wainberg,38,Fmax-full,score>=601.638,0.2273440808057785,528.0,4635.0,1217,271,0.002085629912065908,0.11064204814271157,0.001052737133414193
Wainberg,38,Floor,score>=600.821,0.2273440808057785,528.0,4636.0,1217,271,,,
Wainberg,38,Top-1,top1,0.22203461376108063,165.0,1217.0,1217,165,,,
Wainberg,38,Top-3,top3,0.22467285774588433,355.0,2705.0,1217,240,,,
Wainberg,39,Fmax,score>=929,0.07599461823701859,300.0,1075.0,493,176,0.31578393214321265,0.2523671064349135,0.42176956237989083
Wainberg,39,Fmax-full,score>=601.638,0.22680048644542694,585.0,5052.0,1216,292,0.0019826425976345683,0.1100604717548077,0.0010003313434850962
Wainberg,39,Floor,score>=600.821,0.22680048644542694,585.0,5052.0,1216,292,,,
Wainberg,39,Top-1,top1,0.2176023638666104,185.0,1216.0,1216,185,,,
Wainberg,39,Top-3,top3,0.2224919093851133,394.0,2761.0,1216,253,,,
Wainberg,40,Fmax,score>=913.645,0.06708874553442001,288.0,973.0,447,165,0.3128224845906231,0.2456051864412292,0.4306952976829709
Wainberg,40,Fmax-full,score>=601.638,0.22882094979286194,560.0,4890.0,1226,282,0.0019551211158285987,0.11029358015789957,0.0009863024115592325
Wainberg,40,Floor,score>=600.821,0.22882094979286194,560.0,4891.0,1226,282,,,
Wainberg,40,Top-1,top1,0.22140143520472774,177.0,1226.0,1226,177,,,
Wainberg,40,Top-3,top3,0.22502462361052486,388.0,2754.0,1226,247,,,
Wainberg,41,Fmax,score>=1076.8,0.03963865712285042,191.0,519.0,287,120,0.32454328981182484,0.3696108910345262,0.28927165687729084
Wainberg,41,Fmax-full,score>=601.638,0.23494593799114227,581.0,5024.0,1256,292,0.0020431507920599993,0.11110827888630202,0.0010310553446222115
Wainberg,41,Floor,score>=600.821,0.23494593799114227,581.0,5025.0,1256,292,,,
Wainberg,41,Top-1,top1,0.22857745884339384,173.0,1256.0,1256,173,,,
Wainberg,41,Top-3,top3,0.2311101730688054,387.0,2815.0,1256,253,,,
Wainberg,42,Fmax,score>=1076.8,0.038841817528009415,198.0,517.0,281,118,0.3243054665555975,0.36962191060709115,0.2888872643919229
Wainberg,42,Fmax-full,score>=601.638,0.2299492210149765,581.0,4839.0,1231,287,0.0019434332953202592,0.11060469755683296,0.0009803293227466723
Wainberg,42,Floor,score>=600.821,0.2299492210149765,581.0,4839.0,1231,287,,,
Wainberg,42,Top-1,top1,0.22140143520472774,182.0,1231.0,1231,182,,,
Wainberg,42,Top-3,top3,0.22622062755030256,390.0,2774.0,1231,250,,,
Wainberg,43,Fmax,score>=911.135,0.07187572121620178,268.0,989.0,457,152,0.32702608722143933,0.2587495290110962,0.4442512010347377
Wainberg,43,Fmax-full,score>=601.638,0.23584920167922974,539.0,4998.0,1256,275,0.002017647667830696,0.11260513460440168,0.0010179435397626923
Wainberg,43,Floor,score>=600.821,0.23584920167922974,539.0,4998.0,1256,275,,,
Wainberg,43,Top-1,top1,0.22541156606162938,188.0,1256.0,1256,188,,,
Wainberg,43,Top-3,top3,0.2323765301815112,374.0,2816.0,1256,246,,,
Wainberg,44,Fmax,score>=1076.8,0.04079344868659973,161.0,513.0,283,109,0.3390467812555324,0.3824200996985802,0.304509882881976
Wainberg,44,Fmax-full,score>=601.638,0.2410946935415268,551.0,5045.0,1277,286,0.002006016524412357,0.11479607461790874,0.0010118490958902727
Wainberg,44,Floor,score>=600.821,0.2410946935415268,551.0,5046.0,1277,286,,,
Wainberg,44,Top-1,top1,0.23448712536935415,166.0,1277.0,1277,166,,,
Wainberg,44,Top-3,top3,0.23803996060222318,359.0,2816.0,1277,247,,,
Wainberg,45,Fmax,score>=911.135,0.07011178135871887,267.0,1018.0,448,153,0.32823077445482945,0.2571909229327923,0.45349175364512795
Wainberg,45,Fmax-full,score>=601.638,0.22767488658428192,557.0,4832.0,1222,279,0.0020210352328922715,0.10964673619512616,0.0010199172979382563
Wainberg,45,Floor,score>=600.821,0.22767488658428192,557.0,4834.0,1222,279,,,
Wainberg,45,Top-1,top1,0.21950189953566906,182.0,1222.0,1222,182,,,
Wainberg,45,Top-3,top3,0.22411003236245958,380.0,2697.0,1222,244,,,
Wainberg,46,Fmax,score>=1076.8,0.03739924356341362,176.0,474.0,277,118,0.3215266468239911,0.36277523949032736,0.28870055927509347
Wainberg,46,Fmax-full,score>=601.638,0.2311880886554718,560.0,5078.0,1242,287,0.0020595513616654846,0.10924256242114079,0.0010395752432022006
Wainberg,46,Floor,score>=600.821,0.2311880886554718,560.0,5079.0,1242,287,,,
Wainberg,46,Top-1,top1,0.2249894470240608,176.0,1242.0,1242,176,,,
Wainberg,46,Top-3,top3,0.2277683973547207,381.0,2795.0,1242,251,,,
Wainberg,47,Fmax,score>=929,0.07114963233470917,271.0,992.0,456,155,0.32480214228578314,0.256766032281323,0.44189154716468804
Wainberg,47,Fmax-full,score>=601.638,0.22756518423557281,562.0,4811.0,1218,272,0.002051127351453373,0.11069672610539999,0.0010351539894396875
Wainberg,47,Floor,score>=600.821,0.22756518423557281,562.0,4811.0,1218,272,,,
Wainberg,47,Top-1,top1,0.21950189953566906,178.0,1218.0,1218,178,,,
Wainberg,47,Top-3,top3,0.22428591529477981,376.0,2721.0,1218,237,,,
Wainberg,48,Fmax,score>=911.135,0.0654626116156578,268.0,1004.0,418,147,0.3288794825440119,0.25742175424699304,0.4552532829930091
Wainberg,48,Fmax-full,score>=601.638,0.22380898892879486,554.0,4790.0,1202,274,0.0020153655045642305,0.10947193757308295,0.001017044587947925
Wainberg,48,Floor,score>=600.821,0.22380898892879486,554.0,4790.0,1202,274,,,
Wainberg,48,Top-1,top1,0.21844660194174756,167.0,1202.0,1202,167,,,
Wainberg,48,Top-3,top3,0.22073308006191084,368.0,2668.0,1202,233,,,
Wainberg,49,Fmax,score>=911.135,0.06982125341892242,295.0,1067.0,458,173,0.3191029854020531,0.2489777180685926,0.44421830848679733
Wainberg,49,Fmax-full,score>=601.638,0.2327565997838974,603.0,5116.0,1253,309,0.001911881921130618,0.10841549834032145,0.0009644448400002217
Wainberg,49,Floor,score>=600.821,0.2327565997838974,603.0,5116.0,1253,309,,,
Wainberg,49,Top-1,top1,0.22477838750527648,188.0,1253.0,1253,188,,,
Wainberg,49,Top-3,top3,0.22945687350499508,389.0,2805.0,1253,261,,,
Wainberg,50,Fmax,score>=911.135,0.07108744233846664,314.0,1025.0,465,172,0.3157544807647592,0.24967453647667254,0.4294018287008942
Wainberg,50,Fmax-full,score>=601.638,0.22716179490089417,611.0,4899.0,1219,289,0.0019718912167171697,0.10972962985381238,0.0009948848745733234
Wainberg,50,Floor,score>=600.821,0.22716179490089417,611.0,4901.0,1219,289,,,
Wainberg,50,Top-1,top1,0.21865766146053187,183.0,1219.0,1219,183,,,
Wainberg,50,Top-3,top3,0.22301955818207403,394.0,2773.0,1219,253,,,
Wainberg,51,Fmax,score>=911.135,0.07154959440231323,301.0,1100.0,463,165,0.3187402603949035,0.25313309988577787,0.43025359819745246
Wainberg,51,Fmax-full,score>=601.638,0.2293447107076645,576.0,4926.0,1228,272,0.0019905581089083722,0.11053683495992271,0.001004322018907695
Wainberg,51,Floor,score>=600.821,0.2293447107076645,576.0,4927.0,1228,272,,,
Wainberg,51,Top-1,top1,0.22119037568594344,180.0,1228.0,1228,180,,,
Wainberg,51,Top-3,top3,0.22548191923455752,383.0,2740.0,1228,239,,,
Wainberg,52,Fmax,score>=911.135,0.07037637382745743,296.0,1013.0,465,171,0.3120708954366651,0.2465110528077318,0.4251362834696169
Wainberg,52,Fmax-full,score>=601.638,0.22351643443107605,586.0,4869.0,1203,283,0.0019406586247030018,0.10868997888250666,0.0009790699551048487
Wainberg,52,Floor,score>=600.821,0.22351643443107605,586.0,4872.0,1203,283,,,
Wainberg,52,Top-1,top1,0.2154917686787674,182.0,1203.0,1203,182,,,
Wainberg,52,Top-3,top3,0.2205923737160546,383.0,2696.0,1203,238,,,
Wainberg,53,Fmax,score>=911.135,0.07635191082954407,311.0,1107.0,502,189,0.30692997561587015,0.24693225608261643,0.4054409245998031
Wainberg,53,Fmax-full,score>=601.638,0.2385123074054718,569.0,5034.0,1273,289,0.001988074977245237,0.11173679424288573,0.0010029600634053626
Wainberg,53,Floor,score>=600.821,0.2385123074054718,569.0,5036.0,1273,289,,,
Wainberg,53,Top-1,top1,0.22857745884339384,190.0,1273.0,1273,190,,,
Wainberg,53,Top-3,top3,0.23445194878289013,395.0,2841.0,1273,252,,,
Wainberg,54,Fmax,score>=1076.8,0.03427924960851669,193.0,498.0,267,119,0.3185851392027283,0.34963417053222656,0.2926009089560491
Wainberg,54,Fmax-full,score>=601.638,0.22405564785003662,579.0,4884.0,1202,289,0.0019550301011822028,0.10987304519878562,0.00098628984302594
Wainberg,54,Floor,score>=600.821,0.22405564785003662,579.0,4885.0,1202,289,,,
Wainberg,54,Top-1,top1,0.2165470662726889,176.0,1202.0,1202,176,,,
Wainberg,54,Top-3,top3,0.2206979034754467,373.0,2691.0,1202,243,,,
Wainberg,55,Fmax,score>=1116.68,0.03859449550509453,220.0,541.0,295,135,0.31051319354804896,0.35570485296855403,0.27551012902954664
Wainberg,55,Fmax-full,score>=601.638,0.2289850413799286,653.0,5107.0,1245,313,0.0018735907083714508,0.10467443167124892,0.0009452550180722412
Wainberg,55,Floor,score>=600.821,0.2289850413799286,653.0,5107.0,1245,313,,,
Wainberg,55,Top-1,top1,0.21992401857323765,203.0,1245.0,1245,203,,,
Wainberg,55,Top-3,top3,0.22453215140002816,444.0,2832.0,1245,279,,,
Wainberg,56,Fmax,score>=911.135,0.07455271482467651,253.0,1038.0,459,147,0.33561588342227644,0.26920803721879377,0.44551483301483297
Wainberg,56,Fmax-full,score>=601.638,0.23552681505680084,525.0,4937.0,1242,265,0.002039214032957938,0.11639766513865624,0.0010286173819242974
Wainberg,56,Floor,score>=600.821,0.23552681505680084,525.0,4938.0,1242,265,,,
Wainberg,56,Top-1,top1,0.22731110173068805,165.0,1242.0,1242,165,,,
Wainberg,56,Top-3,top3,0.2323061770085831,345.0,2782.0,1242,230,,,
Wainberg,57,Fmax,score>=1076.8,0.036219239234924316,193.0,502.0,271,116,0.3197254711469403,0.3599960759000958,0.2875580720092916
Wainberg,57,Fmax-full,score>=601.638,0.23560981452465057,581.0,4975.0,1252,275,0.00202399773036398,0.11344880354891612,0.0010211074636165538
Wainberg,57,Floor,score>=600.821,0.23560981452465057,581.0,4976.0,1252,275,,,
Wainberg,57,Top-1,top1,0.22942169691853104,165.0,1252.0,1252,165,,,
Wainberg,57,Top-3,top3,0.23223582383565503,373.0,2795.0,1252,237,,,
Wainberg,58,Fmax,score>=1116.68,0.03348258137702942,171.0,447.0,250,107,0.3201622360829218,0.3631279501907562,0.2862882796216131
Wainberg,58,Fmax-full,score>=601.638,0.2298094928264618,571.0,4914.0,1220,256,0.0020401098284799127,0.11375546891866364,0.001029284596299085
Wainberg,58,Floor,score>=600.821,0.2298094928264618,571.0,4915.0,1220,256,,,
Wainberg,58,Top-1,top1,0.2235120303925707,161.0,1220.0,1220,161,,,
Wainberg,58,Top-3,top3,0.22650204024201492,368.0,2721.0,1220,228,,,
Wainberg,59,Fmax,score>=1076.8,0.03633163496851921,207.0,540.0,280,124,0.3184582373740584,0.3516588469631554,0.2909858512094934
Wainberg,59,Fmax-full,score>=601.638,0.22684410214424133,627.0,5260.0,1224,305,0.001931589371499126,0.10766928800452914,0.0009745362868538066
Wainberg,59,Floor,score>=600.821,0.22684410214424133,627.0,5261.0,1224,305,,,
Wainberg,59,Top-1,top1,0.2178134233853947,192.0,1224.0,1224,192,,,
Wainberg,59,Top-3,top3,0.22319544111439427,394.0,2784.0,1224,265,,,
Wainberg,60,Fmax,score>=1076.8,0.03636178746819496,175.0,467.0,265,113,0.3298898386125392,0.36702949310017524,0.2995758111857183
Wainberg,60,Fmax-full,score>=601.638,0.2364821434020996,545.0,4860.0,1262,285,0.0020053646227866377,0.11179001758360169,0.0010117571015316575
Wainberg,60,Floor,score>=600.821,0.2364821434020996,545.0,4861.0,1262,285,,,
Wainberg,60,Top-1,top1,0.22899957788096242,177.0,1262.0,1262,177,,,
Wainberg,60,Top-3,top3,0.23353735753482482,373.0,2829.0,1262,246,,,
Wainberg,61,Fmax,score>=911.135,0.07499954104423523,306.0,1116.0,485,177,0.32149323551765546,0.2530514949816836,0.44068280204643845
Wainberg,61,Fmax-full,score>=601.638,0.2305750995874405,630.0,5191.0,1240,304,0.0019637407223390075,0.10885194463315218,0.0009908076814842404
Wainberg,61,Floor,score>=600.821,0.2305750995874405,630.0,5191.0,1240,304,,,
Wainberg,61,Top-1,top1,0.223723089911355,180.0,1240.0,1240,180,,,
Wainberg,61,Top-3,top3,0.2261854509638385,399.0,2811.0,1240,261,,,
Wainberg,62,Fmax,score>=913.645,0.07088860869407654,308.0,1031.0,459,160,0.32541049474538725,0.2539784187909261,0.45274663753437344
Wainberg,62,Fmax-full,score>=601.638,0.22556184232234955,644.0,4923.0,1223,295,0.0019143723164100823,0.10587711782706064,0.0009659185823201371
Wainberg,62,Floor,score>=600.821,0.22556184232234955,644.0,4923.0,1223,295,,,
Wainberg,62,Top-1,top1,0.21844660194174756,188.0,1223.0,1223,188,,,
Wainberg,62,Top-3,top3,0.22189390741522447,414.0,2733.0,1223,257,,,
Wainberg,63,Fmax,score>=911.135,0.07273980975151062,250.0,988.0,453,141,0.33192900049816004,0.26530384286864556,0.44323848472078586
Wainberg,63,Fmax-full,score>=601.638,0.2256694883108139,508.0,4720.0,1197,253,0.0020847235877731332,0.11401869190155929,0.0010519790128944678
Wainberg,63,Floor,score>=600.821,0.2256694883108139,508.0,4721.0,1197,253,,,
Wainberg,63,Top-1,top1,0.21823554242296328,163.0,1197.0,1197,163,,,
Wainberg,63,Top-3,top3,0.22235120303925707,348.0,2717.0,1197,219,,,
Wainberg,64,Fmax,score>=911.135,0.07376240938901901,252.0,1009.0,464,156,0.3327171864584859,0.2622677228687852,0.45491487191955204
Wainberg,64,Fmax-full,score>=601.638,0.23043906688690186,555.0,4929.0,1232,290,0.002012841624519471,0.11110122791810288,0.0010156209087763292
Wainberg,64,Floor,score>=600.821,0.23043906688690186,555.0,4930.0,1232,290,,,
Wainberg,64,Top-1,top1,0.2228788518362178,176.0,1232.0,1232,176,,,
Wainberg,64,Top-3,top3,0.22678345293372731,378.0,2763.0,1232,246,,,
Wainberg,65,Fmax,score>=911.135,0.07118811458349228,286.0,1055.0,454,163,0.32472558569681037,0.25778842060982515,0.4386164274322167
Wainberg,65,Fmax-full,score>=601.638,0.23581856489181519,588.0,5029.0,1256,285,0.001995766579475577,0.1125544214131908,0.0010068094457183188
Wainberg,65,Floor,score>=600.821,0.23581856489181519,588.0,5029.0,1256,285,,,
Wainberg,65,Top-1,top1,0.22710004221190375,180.0,1256.0,1256,180,,,
Wainberg,65,Top-3,top3,0.23220064724919096,377.0,2819.0,1256,247,,,
Wainberg,66,Fmax,score>=911.135,0.07094921916723251,284.0,1057.0,458,162,0.32194013805268373,0.25396315731219393,0.43960758499630465
Wainberg,66,Fmax-full,score>=601.638,0.22920234501361847,582.0,5105.0,1221,275,0.0020114838684263895,0.11245524018240864,0.001014817944909827
Wainberg,66,Floor,score>=600.821,0.22920234501361847,582.0,5106.0,1221,275,,,
Wainberg,66,Top-1,top1,0.22034613761080624,177.0,1221.0,1221,177,,,
Wainberg,66,Top-3,top3,0.22513015336991699,362.0,2729.0,1221,239,,,
Wainberg,67,Fmax,score>=1076.8,0.03687787801027298,196.0,505.0,269,109,0.32585074554497645,0.3668936128526646,0.29306660006660024
Wainberg,67,Fmax-full,score>=601.638,0.23947982490062714,560.0,5034.0,1272,281,0.0020195854561693904,0.1136616087278513,0.0010188443474007552
Wainberg,67,Floor,score>=600.821,0.23947982490062714,560.0,5034.0,1272,281,,,
Wainberg,67,Top-1,top1,0.23195441114394258,173.0,1272.0,1272,173,,,
Wainberg,67,Top-3,top3,0.23589418882791616,372.0,2818.0,1272,244,,,
Wainberg,68,Fmax,score>=957.152,0.06974940747022629,288.0,1061.0,447,160,0.32276478427619004,0.2610870010551365,0.42259676101329763
Wainberg,68,Fmax-full,score>=601.638,0.22810450196266174,614.0,4999.0,1224,290,0.0018970222780891435,0.10973497230426864,0.0009567812249656976
Wainberg,68,Floor,score>=600.821,0.22810450196266174,614.0,4999.0,1224,290,,,
Wainberg,68,Top-1,top1,0.22182355424229633,173.0,1224.0,1224,173,,,
Wainberg,68,Top-3,top3,0.22495427043759678,378.0,2724.0,1224,248,,,
Wainberg,69,Fmax,score>=1076.8,0.03853394091129303,166.0,492.0,276,106,0.3291087849279767,0.37230516726921553,0.2948939693179323
Wainberg,69,Fmax-full,score>=601.638,0.2413439303636551,514.0,5133.0,1278,280,0.0020321677641325503,0.11490034897393814,0.001025149458022374
Wainberg,69,Floor,score>=600.821,0.2413439303636551,514.0,5133.0,1278,280,,,
Wainberg,69,Top-1,top1,0.2323765301815112,177.0,1278.0,1278,177,,,
Wainberg,69,Top-3,top3,0.23712536935415787,366.0,2837.0,1278,242,,,
Wainberg,70,Fmax,score>=1076.8,0.036336321383714676,166.0,466.0,260,104,0.32965059381309103,0.3717346663084428,0.2961261586261587
Wainberg,70,Fmax-full,score>=601.638,0.23231422901153564,534.0,4774.0,1231,265,0.0020370188681043083,0.11449001698487343,0.0010276514776333468
Wainberg,70,Floor,score>=600.821,0.23231422901153564,534.0,4774.0,1231,265,,,
Wainberg,70,Top-1,top1,0.2249894470240608,165.0,1231.0,1231,165,,,
Wainberg,70,Top-3,top3,0.2289292247080344,361.0,2743.0,1231,229,,,
Wainberg,71,Fmax,score>=911.135,0.0732269361615181,259.0,1023.0,451,136,0.33836722932745983,0.26880468274842156,0.45650331541570216
Wainberg,71,Fmax-full,score>=601.638,0.2312372922897339,533.0,5057.0,1219,269,0.002070937253260207,0.11639737292547911,0.0010447628150647681
Wainberg,71,Floor,score>=600.821,0.2312372922897339,533.0,5058.0,1219,269,,,
Wainberg,71,Top-1,top1,0.2241452089489236,157.0,1219.0,1219,157,,,
Wainberg,71,Top-3,top3,0.22734627831715212,350.0,2758.0,1219,224,,,
Wainberg,72,Fmax,score>=957.152,0.07063036412000656,271.0,994.0,449,155,0.32098347080542605,0.2636744815877669,0.41012259022004166
Wainberg,72,Fmax-full,score>=601.638,0.22761383652687073,566.0,5033.0,1212,264,0.0020597870927715587,0.11261411030211203,0.001039399198239832
Wainberg,72,Floor,score>=600.821,0.22761383652687073,566.0,5033.0,1212,264,,,
Wainberg,72,Top-1,top1,0.22203461376108063,160.0,1212.0,1212,160,,,
Wainberg,72,Top-3,top3,0.22365273673842692,363.0,2721.0,1212,232,,,
Wainberg,73,Fmax,score>=1076.8,0.036395203322172165,175.0,478.0,264,107,0.32959027517591294,0.36826010032167333,0.29826989907883583
Wainberg,73,Fmax-full,score>=601.638,0.23351319134235382,546.0,4884.0,1247,282,0.0020365001116006256,0.11153069234127114,0.0010276321050492023
Wainberg,73,Floor,score>=600.821,0.23351319134235382,546.0,4884.0,1247,282,,,
Wainberg,73,Top-1,top1,0.22562262558041368,178.0,1247.0,1247,178,,,
Wainberg,73,Top-3,top3,0.23058252427184467,365.0,2748.0,1247,241,,,
Wainberg,74,Fmax,score>=911.135,0.06690385937690735,285.0,976.0,435,155,0.3177724455683652,0.25212923511522545,0.4296285675402442
Wainberg,74,Fmax-full,score>=601.638,0.22553953528404236,539.0,4729.0,1201,263,0.0020517901080427375,0.11259124274113118,0.0010353286342833798
Wainberg,74,Floor,score>=600.821,0.22553953528404236,539.0,4729.0,1201,263,,,
Wainberg,74,Top-1,top1,0.21591388771633602,178.0,1201.0,1201,178,,,
Wainberg,74,Top-3,top3,0.22168284789644016,367.0,2689.0,1201,234,,,
Wainberg,75,Fmax,score>=1076.8,0.036639098078012466,188.0,500.0,269,113,0.323776711702605,0.36512043633057406,0.29084358623832307
Wainberg,75,Fmax-full,score>=601.638,0.2255200892686844,575.0,4877.0,1208,285,0.0020213321342431086,0.110422738688403,0.001020001836701266
Wainberg,75,Floor,score>=600.821,0.2255200892686844,575.0,4877.0,1208,285,,,
Wainberg,75,Top-1,top1,0.2163360067539046,183.0,1208.0,1208,183,,,
Wainberg,75,Top-3,top3,0.2224215562121852,372.0,2713.0,1208,245,,,
Wainberg,76,Fmax,score>=929,0.07385455071926117,284.0,1080.0,475,168,0.3234987812873843,0.2555238268241556,0.4407472331181252
Wainberg,76,Fmax-full,score>=601.638,0.22787955403327942,602.0,5047.0,1230,292,0.001946319551679466,0.1075139883692591,0.000982048761985378
Wainberg,76,Floor,score>=600.821,0.22787955403327942,602.0,5048.0,1230,292,,,
Wainberg,76,Top-1,top1,0.22097931616715913,183.0,1230.0,1230,183,,,
Wainberg,76,Top-3,top3,0.22516532995638106,380.0,2773.0,1230,260,,,
Wainberg,77,Fmax,score>=911.135,0.07001733034849167,272.0,1004.0,441,147,0.3302180947364384,0.26155481259684915,0.44776528902089463
Wainberg,77,Fmax-full,score>=601.638,0.23343345522880554,567.0,4861.0,1240,262,0.0020458820696547617,0.11356254245923914,0.0010322391694172438
Wainberg,77,Floor,score>=600.821,0.23343345522880554,567.0,4861.0,1240,262,,,
Wainberg,77,Top-1,top1,0.22731110173068805,163.0,1240.0,1240,163,,,
Wainberg,77,Top-3,top3,0.23072323061770086,353.0,2752.0,1240,223,,,
Wainberg,78,Fmax,score>=1076.8,0.03818946331739426,172.0,494.0,274,113,0.3328627192036901,0.37171007972946285,0.30136691181933006
Wainberg,78,Fmax-full,score>=601.638,0.2300209254026413,567.0,4804.0,1234,290,0.002048973164405884,0.10979650484857688,0.0010341358722854661
Wainberg,78,Floor,score>=600.821,0.2300209254026413,567.0,4806.0,1234,290,,,
Wainberg,78,Top-1,top1,0.2228788518362178,178.0,1234.0,1234,178,,,
Wainberg,78,Top-3,top3,0.22678345293372731,368.0,2711.0,1234,250,,,
Wainberg,79,Fmax,score>=929,0.07098107784986496,238.0,1001.0,441,135,0.33725848227696126,0.2663050778999856,0.4597536574705525
Wainberg,79,Fmax-full,score>=601.638,0.22804942727088928,524.0,4917.0,1218,274,0.0020387705902989157,0.11148868728021445,0.0010287919480502557
Wainberg,79,Floor,score>=600.821,0.22804942727088928,524.0,4919.0,1218,274,,,
Wainberg,79,Top-1,top1,0.2239341494301393,157.0,1218.0,1218,157,,,
Wainberg,79,Top-3,top3,0.22541156606162938,351.0,2754.0,1218,232,,,
Wainberg,80,Fmax,score>=929,0.07751663029193878,272.0,1070.0,484,159,0.32946377205245314,0.26574513733730204,0.433375790875791
Wainberg,80,Fmax-full,score>=601.638,0.2331368774175644,540.0,5146.0,1235,281,0.0020392521155773863,0.114613586001926,0.0010287782811836076
Wainberg,80,Floor,score>=600.821,0.2331368774175644,540.0,5146.0,1235,281,,,
Wainberg,80,Top-1,top1,0.2239341494301393,174.0,1235.0,1235,174,,,
Wainberg,80,Top-3,top3,0.22952722667792316,368.0,2822.0,1235,240,,,
Wainberg,81,Fmax,score>=911.135,0.07510653883218765,237.0,984.0,462,150,0.331254473159306,0.2696122301651744,0.4294382015190398
Wainberg,81,Fmax-full,score>=601.638,0.23945292830467224,469.0,5021.0,1253,263,0.0020832072119388,0.11950126983834512,0.0010507623188585633
Wainberg,81,Floor,score>=600.821,0.23945292830467224,469.0,5021.0,1253,263,,,
Wainberg,81,Top-1,top1,0.2302659349936682,162.0,1253.0,1253,162,,,
Wainberg,81,Top-3,top3,0.23582383565498807,328.0,2805.0,1253,229,,,
Wainberg,82,Fmax,score>=911.135,0.07398650050163269,283.0,1081.0,464,160,0.32984380022964377,0.26326363797930347,0.44150063187330263
Wainberg,82,Fmax-full,score>=601.638,0.22904539108276367,565.0,5014.0,1215,287,0.0019912074303971134,0.11403494999326509,0.0010043725801146617
Wainberg,82,Floor,score>=600.821,0.22904539108276367,565.0,5015.0,1215,287,,,
Wainberg,82,Top-1,top1,0.22013507809202196,172.0,1215.0,1215,172,,,
Wainberg,82,Top-3,top3,0.22513015336991699,375.0,2760.0,1215,243,,,
Wainberg,83,Fmax,score>=913.645,0.07208327949047089,267.0,983.0,456,149,0.3280758094909927,0.2613463615303609,0.44056509551970974
Wainberg,83,Fmax-full,score>=601.638,0.23226810991764069,523.0,4743.0,1233,270,0.0020772087887408115,0.11379972056826314,0.0010481706271695031
Wainberg,83,Floor,score>=600.821,0.23226810991764069,523.0,4743.0,1233,270,,,
Wainberg,83,Top-1,top1,0.22583368509919796,163.0,1233.0,1233,163,,,
Wainberg,83,Top-3,top3,0.22956240326438723,344.0,2754.0,1233,228,,,
Wainberg,84,Fmax,score>=911.135,0.06987075507640839,271.0,1011.0,456,161,0.3160395647335812,0.25059466655027934,0.42775008599596287
Wainberg,84,Fmax-full,score>=601.638,0.23352722823619843,536.0,5024.0,1241,264,0.0020888912492781795,0.11340872513061609,0.0010541539293389807
Wainberg,84,Floor,score>=600.821,0.23352722823619843,536.0,5024.0,1241,264,,,
Wainberg,84,Top-1,top1,0.2243562684677079,178.0,1241.0,1241,178,,,
Wainberg,84,Top-3,top3,0.22966793302377939,373.0,2764.0,1241,234,,,
Wainberg,85,Fmax,score>=929,0.07220406085252762,228.0,944.0,451,144,0.33326912064843084,0.26487029319585753,0.44929216242839004
Wainberg,85,Fmax-full,score>=601.638,0.23638586699962616,517.0,4831.0,1257,263,0.002056710982035114,0.11318434761319651,0.0010377844568346837
Wainberg,85,Floor,score>=600.821,0.23638586699962616,517.0,4831.0,1257,263,,,
Wainberg,85,Top-1,top1,0.23068805403123682,164.0,1257.0,1257,164,,,
Wainberg,85,Top-3,top3,0.23406500633178556,341.0,2783.0,1257,220,,,
Wainberg,86,Fmax,score>=911.135,0.06824902445077896,286.0,1029.0,452,167,0.314757714708626,0.24624761181550034,0.4360831656606306
Wainberg,86,Fmax-full,score>=601.638,0.22939588129520416,587.0,4858.0,1234,292,0.0020040515983231625,0.10876854655230389,0.0010113427530278507
Wainberg,86,Floor,score>=600.821,0.22939588129520416,587.0,4859.0,1234,292,,,
Wainberg,86,Top-1,top1,0.21907978049810045,196.0,1234.0,1234,196,,,
Wainberg,86,Top-3,top3,0.22607992120444634,384.0,2734.0,1234,245,,,
Wainberg,87,Fmax,score>=913.645,0.0713210329413414,243.0,937.0,452,148,0.3309838254985616,0.26073574931204985,0.4530440964264492
Wainberg,87,Fmax-full,score>=601.638,0.2310362607240677,529.0,4887.0,1233,285,0.002075489207101799,0.1117745372340714,0.0010474695904917097
Wainberg,87,Floor,score>=600.821,0.2310362607240677,529.0,4888.0,1233,285,,,
Wainberg,87,Top-1,top1,0.2230899113550021,176.0,1233.0,1233,176,,,
Wainberg,87,Top-3,top3,0.22801463345996908,357.0,2776.0,1233,246,,,
Wainberg,88,Fmax,score>=1116.68,0.03693307191133499,212.0,520.0,289,128,0.31073965129823994,0.34907228583531663,0.27999283094824495
Wainberg,88,Fmax-full,score>=601.638,0.23344211280345917,631.0,5015.0,1260,303,0.001835150987785853,0.10736716783192864,0.0009254848223224729
Wainberg,88,Floor,score>=600.821,0.23344211280345917,631.0,5016.0,1260,303,,,
Wainberg,88,Top-1,top1,0.2239341494301393,199.0,1260.0,1260,199,,,
Wainberg,88,Top-3,top3,0.22931616715913888,417.0,2806.0,1260,268,,,
Wainberg,89,Fmax,score>=911.135,0.06682296097278595,235.0,954.0,421,142,0.33101819851023995,0.26122474498422,0.4517032917257132
Wainberg,89,Fmax-full,score>=601.638,0.22770152986049652,499.0,4683.0,1208,262,0.0020826420380568368,0.11397809427876139,0.0010509224042404483
Wainberg,89,Floor,score>=600.821,0.22770152986049652,499.0,4684.0,1208,262,,,
Wainberg,89,Top-1,top1,0.22055719712959054,163.0,1208.0,1208,163,,,
Wainberg,89,Top-3,top3,0.2252708597157732,332.0,2708.0,1208,221,,,
Wainberg,90,Fmax,score>=911.135,0.07038136571645737,273.0,1041.0,448,158,0.3247693109818953,0.25837146244295867,0.43709716209716215
Wainberg,90,Fmax-full,score>=601.638,0.232741117477417,533.0,5007.0,1238,274,0.002045076590077428,0.11303858380786735,0.0010318725342544784
Wainberg,90,Floor,score>=600.821,0.232741117477417,533.0,5008.0,1238,274,,,
Wainberg,90,Top-1,top1,0.22562262558041368,169.0,1238.0,1238,169,,,
Wainberg,90,Top-3,top3,0.22889404812157027,367.0,2767.0,1238,243,,,
Wainberg,91,Fmax,score>=929,0.07559684664011002,296.0,1096.0,479,165,0.32403792603126597,0.26056403712989495,0.4283959951768172
Wainberg,91,Fmax-full,score>=601.638,0.23802784085273743,576.0,5070.0,1256,274,0.0019834835503901,0.11621563415420602,0.001000277780431115
Wainberg,91,Floor,score>=600.821,0.23802784085273743,576.0,5071.0,1256,274,,,
Wainberg,91,Top-1,top1,0.22815533980582525,175.0,1256.0,1256,175,,,
Wainberg,91,Top-3,top3,0.23466300830167444,363.0,2831.0,1256,229,,,
Wainberg,92,Fmax,score>=913.645,0.07661889493465424,278.0,1090.0,485,164,0.3269700107516286,0.2614122868041407,0.43641555744359495
Wainberg,92,Fmax-full,score>=601.638,0.23553943634033203,560.0,4994.0,1261,289,0.0020245975703447367,0.11053626121301792,0.00102165517447518
Wainberg,92,Floor,score>=600.821,0.23553943634033203,560.0,4995.0,1261,289,,,
Wainberg,92,Top-1,top1,0.22688898269311947,186.0,1261.0,1261,186,,,
Wainberg,92,Top-3,top3,0.23241170676797526,376.0,2822.0,1261,248,,,
Wainberg,93,Fmax,score>=911.135,0.07144900411367416,273.0,1011.0,454,155,0.32707159585536305,0.2589371691849152,0.4438667496886675
Wainberg,93,Fmax-full,score>=601.638,0.2299160361289978,553.0,4841.0,1215,274,0.0020607742859309673,0.11545751111260776,0.0010396655170743204
Wainberg,93,Floor,score>=600.821,0.2299160361289978,553.0,4842.0,1215,274,,,
Wainberg,93,Top-1,top1,0.22013507809202196,172.0,1215.0,1215,172,,,
Wainberg,93,Top-3,top3,0.22681862952019138,361.0,2726.0,1215,226,,,
Wainberg,94,Fmax,score>=911.135,0.07101911306381226,270.0,978.0,451,154,0.3274351978737518,0.25910999202639884,0.44469862198869825
Wainberg,94,Fmax-full,score>=601.638,0.2228647917509079,557.0,4740.0,1197,276,0.0019810205274499652,0.10946461793247195,0.0009995549159800682
Wainberg,94,Floor,score>=600.821,0.2228647917509079,557.0,4741.0,1197,276,,,
Wainberg,94,Top-1,top1,0.2167581257914732,170.0,1197.0,1197,170,,,
Wainberg,94,Top-3,top3,0.21971295905445334,373.0,2695.0,1197,238,,,
Wainberg,95,Fmax,score>=929,0.06801576912403107,242.0,960.0,436,149,0.3301206828481094,0.2567811178504874,0.4621022699000755
Wainberg,95,Fmax-full,score>=601.638,0.22758327424526215,550.0,4826.0,1232,293,0.0020053636305402034,0.10640795678262119,0.001012219960519329
Wainberg,95,Floor,score>=600.821,0.22758327424526215,550.0,4827.0,1232,293,,,
Wainberg,95,Top-1,top1,0.2228788518362178,176.0,1232.0,1232,176,,,
Wainberg,95,Top-3,top3,0.22544674264809345,376.0,2747.0,1232,249,,,
Wainberg,96,Fmax,score>=911.135,0.07109460979700089,312.0,1112.0,461,169,0.31784636756893897,0.25251383197095706,0.4287853851217903
Wainberg,96,Fmax-full,score>=601.638,0.23053045570850372,608.0,5159.0,1234,280,0.0018920450006778976,0.11063444064086363,0.000954181598503725
Wainberg,96,Floor,score>=600.821,0.23053045570850372,608.0,5161.0,1234,280,,,
Wainberg,96,Top-1,top1,0.22076825664837485,188.0,1234.0,1234,188,,,
Wainberg,96,Top-3,top3,0.22629098072323064,385.0,2781.0,1234,251,,,
Wainberg,97,Fmax,score>=911.135,0.0716789960861206,279.0,1071.0,450,150,0.3307648239542777,0.26269087614836517,0.4464611693527356
Wainberg,97,Fmax-full,score>=601.638,0.23287047445774078,562.0,5087.0,1236,267,0.0020034352080186353,0.11386763482261093,0.0010106081369789712
Wainberg,97,Floor,score>=600.821,0.23287047445774078,562.0,5087.0,1236,267,,,
Wainberg,97,Top-1,top1,0.22583368509919796,166.0,1236.0,1236,166,,,
Wainberg,97,Top-3,top3,0.22970310961024346,355.0,2775.0,1236,223,,,
Wainberg,98,Fmax,score>=911.135,0.06798572093248367,268.0,938.0,434,147,0.3256747130229206,0.2574884177994554,0.44298217807833196
Wainberg,98,Fmax-full,score>=601.638,0.22840602695941925,536.0,4619.0,1211,255,0.002079689044335234,0.11421224630897038,0.0010493987651916266
Wainberg,98,Floor,score>=600.821,0.22840602695941925,536.0,4620.0,1211,255,,,
Wainberg,98,Top-1,top1,0.21929084001688476,172.0,1211.0,1211,172,,,
Wainberg,98,Top-3,top3,0.22604474461798227,344.0,2723.0,1211,223,,,
Wainberg,99,Fmax,score>=929,0.0693323016166687,247.0,957.0,435,147,0.32798421634871955,0.2631797615701621,0.43512879326312176
Wainberg,99,Fmax-full,score>=601.638,0.22636055946350098,510.0,4876.0,1198,261,0.0020660651704283097,0.11483746863081719,0.0010424096917593393
Wainberg,99,Floor,score>=600.821,0.22636055946350098,510.0,4876.0,1198,261,,,
Wainberg,99,Top-1,top1,0.21971295905445334,157.0,1198.0,1198,157,,,
Wainberg,99,Top-3,top3,0.22301955818207403,336.0,2678.0,1198,228,,,
Sanger,0,Fmax,score>=263.705,0.13943931460380554,651.0,5221.0,726,243,0.1853234967062542,0.13410296536512523,0.29985160007423756
Sanger,0,Fmax-full,score>=100.273,0.22630879282951355,1695.0,22455.0,1104,428,0.006107267831449212,0.08736686915322334,0.003164229601739942
Sanger,0,Floor,score>=100.167,0.22630900144577026,1695.0,22457.0,1104,428,,,
Sanger,0,Top-1,top1,0.2127659574468085,154.0,1104.0,1104,154,,,
Sanger,0,Top-3,top3,0.21593878312803286,407.0,3145.0,1104,239,,,
Sanger,1,Fmax,score>=204.22,0.16087917983531952,831.0,8105.0,807,283,0.188437328442453,0.11978045101196096,0.44150098686582306
Sanger,1,Fmax-full,score>=100.273,0.22880549728870392,1694.0,21579.0,1112,424,0.006285872069819069,0.08887537937538297,0.003258155507662733
Sanger,1,Floor,score>=100.167,0.22882148623466492,1694.0,21582.0,1112,424,,,
Sanger,1,Top-1,top1,0.2143337066069429,155.0,1112.0,1112,155,,,
Sanger,1,Top-3,top3,0.21881298992161255,399.0,3161.0,1112,233,,,
Sanger,2,Fmax,score>=205.638,0.15368154644966125,824.0,7702.0,775,287,0.18516005344175723,0.11823133157528334,0.4267174671469087
Sanger,2,Fmax-full,score>=100.273,0.22487474977970123,1641.0,20946.0,1095,426,0.006142674589196398,0.0880722325276344,0.00318231392315403
Sanger,2,Floor,score>=100.167,0.22487474977970123,1641.0,20947.0,1095,426,,,
Sanger,2,Top-1,top1,0.21455767077267637,137.0,1095.0,1095,137,,,
Sanger,2,Top-3,top3,0.2147443075774543,398.0,3075.0,1095,246,,,
Sanger,3,Fmax,score>=263.705,0.14309798181056976,677.0,5226.0,743,253,0.18611935332794682,0.13507330267278997,0.29918574202633846
Sanger,3,Fmax-full,score>=100.273,0.2328348606824875,1814.0,22099.0,1139,450,0.006082529381592762,0.08625582386187698,0.0031524146026822237
Sanger,3,Floor,score>=100.167,0.2328348606824875,1814.0,22100.0,1139,450,,,
Sanger,3,Top-1,top1,0.21903695408734603,161.0,1139.0,1139,161,,,
Sanger,3,Top-3,top3,0.22232176185143715,430.0,3240.0,1139,259,,,
Sanger,4,Fmax,score>=244.853,0.147905170917511,701.0,6014.0,760,261,0.18456505070721424,0.12542591237555709,0.34922863891765477
Sanger,4,Fmax-full,score>=100.273,0.22608661651611328,1765.0,21608.0,1110,444,0.0060171420604541925,0.08483247547687782,0.00311919273307951
Sanger,4,Floor,score>=100.167,0.22608661651611328,1765.0,21608.0,1110,444,,,
Sanger,4,Top-1,top1,0.21366181410974244,156.0,1110.0,1110,156,,,
Sanger,4,Top-3,top3,0.21578947368421053,427.0,3149.0,1110,251,,,
Sanger,5,Fmax,score>=263.705,0.14153887331485748,590.0,5221.0,727,220,0.19223108123880236,0.1391645768509955,0.31071261310344706
Sanger,5,Fmax-full,score>=100.273,0.2254859060049057,1633.0,22354.0,1100,426,0.006222614945324674,0.08735767516375147,0.0032262113486957768
Sanger,5,Floor,score>=100.167,0.22548611462116241,1633.0,22357.0,1100,426,,,
Sanger,5,Top-1,top1,0.21321388577827546,148.0,1100.0,1100,148,,,
Sanger,5,Top-3,top3,0.21560283687943263,408.0,3133.0,1100,235,,,
Sanger,6,Fmax,score>=263.705,0.14175057411193848,604.0,5057.0,724,220,0.19351944343181726,0.14125950829150274,0.3071527250763992
Sanger,6,Fmax-full,score>=100.273,0.2240581512451172,1620.0,21644.0,1093,414,0.006307101636529531,0.08736295243467788,0.003271647878361201
Sanger,6,Floor,score>=100.167,0.2240583747625351,1620.0,21646.0,1093,414,,,
Sanger,6,Top-1,top1,0.2116461366181411,148.0,1093.0,1093,148,,,
Sanger,6,Top-3,top3,0.21440836132885405,395.0,3132.0,1093,228,,,
Sanger,7,Fmax,score>=263.705,0.13487312197685242,542.0,4839.0,691,215,0.19419739960856314,0.13987946107627766,0.3174818164986911
Sanger,7,Fmax-full,score>=100.273,0.2165573686361313,1629.0,20632.0,1065,417,0.006301001618424488,0.08430663098910703,0.003272804020649819
Sanger,7,Floor,score>=100.167,0.216557577252388,1629.0,20635.0,1065,417,,,
Sanger,7,Top-1,top1,0.20447928331466966,152.0,1065.0,1065,152,,,
Sanger,7,Top-3,top3,0.20698021649869355,408.0,3028.0,1065,235,,,
Sanger,8,Fmax,score>=263.705,0.13813820481300354,581.0,4946.0,711,222,0.19091723456971216,0.13833333129523148,0.30799292390977
Sanger,8,Fmax-full,score>=100.273,0.22268949449062347,1638.0,21041.0,1096,424,0.0062108643044261405,0.083914366534048,0.0032247717886749326
Sanger,8,Floor,score>=100.167,0.22268949449062347,1638.0,21042.0,1096,424,,,
Sanger,8,Top-1,top1,0.20940649496080627,161.0,1096.0,1096,161,,,
Sanger,8,Top-3,top3,0.2143710339678985,400.0,3107.0,1096,234,,,
Sanger,9,Fmax,score>=204.22,0.16084058582782745,797.0,8243.0,809,285,0.18742550784004874,0.11875510784928299,0.44440184137894573
Sanger,9,Fmax-full,score>=100.273,0.22690145671367645,1643.0,21316.0,1102,431,0.006348036732501885,0.08911354541778564,0.0032912448967536883
Sanger,9,Floor,score>=100.167,0.22691763937473297,1643.0,21319.0,1102,431,,,
Sanger,9,Top-1,top1,0.2154535274356103,140.0,1102.0,1102,140,,,
Sanger,9,Top-3,top3,0.2179917879805898,379.0,3107.0,1102,230,,,
Sanger,10,Fmax,score>=263.705,0.14034374058246613,527.0,4977.0,718,225,0.19411513408162856,0.14059136746197762,0.31344509187778385
Sanger,10,Fmax-full,score>=100.273,0.2255237102508545,1591.0,21618.0,1101,432,0.006296171954870678,0.08706715087413974,0.0032661812557076095
Sanger,10,Floor,score>=100.167,0.2255237102508545,1591.0,21618.0,1101,432,,,
Sanger,10,Top-1,top1,0.2165733482642777,134.0,1101.0,1101,134,,,
Sanger,10,Top-3,top3,0.21758118701007842,370.0,3129.0,1101,225,,,
Sanger,11,Fmax,score>=263.705,0.1341705620288849,625.0,5016.0,695,231,0.187367721385056,0.13603975615582128,0.30089623711042435
Sanger,11,Fmax-full,score>=100.273,0.21667815744876862,1666.0,21121.0,1062,402,0.006219804777662234,0.08557064936711238,0.003227188409422281
Sanger,11,Floor,score>=100.167,0.2166941612958908,1666.0,21123.0,1062,402,,,
Sanger,11,Top-1,top1,0.20582306830907054,143.0,1062.0,1062,143,,,
Sanger,11,Top-3,top3,0.20645763344531542,402.0,3011.0,1062,234,,,
Sanger,12,Fmax,score>=263.705,0.14092887938022614,579.0,5200.0,708,209,0.20130281377557363,0.14718350578756895,0.31836575779875015
Sanger,12,Fmax-full,score>=100.273,0.2240205705165863,1644.0,22186.0,1087,417,0.00645537970390099,0.08942427848149272,0.003348552892426016
Sanger,12,Floor,score>=100.167,0.22403676807880402,1644.0,22188.0,1087,417,,,
Sanger,12,Top-1,top1,0.212989921612542,136.0,1087.0,1087,136,,,
Sanger,12,Top-3,top3,0.21575214632325496,360.0,3088.0,1087,217,,,
Sanger,13,Fmax,score>=263.705,0.14419393241405487,634.0,5311.0,739,237,0.1903901125467099,0.14007816120419694,0.29709950902568855
Sanger,13,Fmax-full,score>=100.273,0.2270442545413971,1659.0,22430.0,1106,440,0.00616097183861261,0.0879375117485512,0.003192313943047552
Sanger,13,Floor,score>=100.167,0.2270604521036148,1659.0,22434.0,1106,440,,,
Sanger,13,Top-1,top1,0.2143337066069429,149.0,1106.0,1106,149,,,
Sanger,13,Top-3,top3,0.21731989548338934,401.0,3180.0,1106,236,,,
Sanger,14,Fmax,score>=263.705,0.13366955518722534,493.0,4737.0,684,204,0.19371952281718,0.1402546822886456,0.3130558781398658
Sanger,14,Fmax-full,score>=100.273,0.22358542680740356,1445.0,20876.0,1087,400,0.006459202889751508,0.08866978321260618,0.0033516789648077513
Sanger,14,Floor,score>=100.167,0.22358542680740356,1445.0,20877.0,1087,400,,,
Sanger,14,Top-1,top1,0.2127659574468085,137.0,1087.0,1087,137,,,
Sanger,14,Top-3,top3,0.21511758118701008,363.0,3096.0,1087,217,,,
Sanger,15,Fmax,score>=263.705,0.1368391215801239,606.0,5100.0,706,232,0.19102780900275396,0.1374566854797435,0.31302227519819903
Sanger,15,Fmax-full,score>=100.273,0.21895650029182434,1748.0,21551.0,1072,434,0.0062589059210931,0.08596777013830237,0.0032476769439147603
Sanger,15,Floor,score>=100.167,0.21897271275520325,1748.0,21555.0,1072,434,,,
Sanger,15,Top-1,top1,0.20627099664053752,151.0,1072.0,1072,151,,,
Sanger,15,Top-3,top3,0.20892123926838374,409.0,3070.0,1072,243,,,
Sanger,16,Fmax,score>=263.705,0.14600583910942078,601.0,5233.0,744,229,0.1954708457090169,0.14235612062307504,0.3118112521948265
Sanger,16,Fmax-full,score>=100.273,0.231428861618042,1698.0,21933.0,1129,435,0.006209998084079001,0.08738478379338051,0.0032193920614273772
Sanger,16,Floor,score>=100.167,0.23144488036632538,1698.0,21935.0,1129,435,,,
Sanger,16,Top-1,top1,0.22127659574468084,141.0,1129.0,1129,141,,,
Sanger,16,Top-3,top3,0.22220977976857037,400.0,3232.0,1129,231,,,
Sanger,17,Fmax,score>=263.705,0.14169637858867645,583.0,5238.0,723,231,0.19380601970787725,0.14162540605584661,0.3068692486117785
Sanger,17,Fmax-full,score>=100.273,0.22471624612808228,1670.0,21890.0,1097,431,0.006215161239284007,0.0870852702774732,0.003222576130317785
Sanger,17,Floor,score>=100.167,0.22471624612808228,1670.0,21893.0,1097,431,,,
Sanger,17,Top-1,top1,0.21187010078387458,151.0,1097.0,1097,151,,,
Sanger,17,Top-3,top3,0.21567749160134378,392.0,3120.0,1097,235,,,
Sanger,18,Fmax,score>=244.853,0.14488907158374786,718.0,6240.0,745,257,0.18491759931045776,0.12522728114198795,0.35333843904712564
Sanger,18,Fmax-full,score>=100.273,0.22171765565872192,1820.0,22263.0,1096,443,0.005913244703476864,0.08222335851108852,0.0030669033618361107
Sanger,18,Floor,score>=100.167,0.22171765565872192,1820.0,22265.0,1096,443,,,
Sanger,18,Top-1,top1,0.21007838745800672,158.0,1096.0,1096,158,,,
Sanger,18,Top-3,top3,0.21321388577827546,420.0,3113.0,1096,254,,,
Sanger,19,Fmax,score>=263.705,0.14433635771274567,669.0,5132.0,752,252,0.18540127676126014,0.13371158913137832,0.3022399979630109
Sanger,19,Fmax-full,score>=100.273,0.2302013635635376,1832.0,21266.0,1133,464,0.00590525031663926,0.0837742272645129,0.0030604923014886957
Sanger,19,Floor,score>=100.167,0.2302013635635376,1832.0,21267.0,1133,464,,,
Sanger,19,Top-1,top1,0.2181410974244121,159.0,1133.0,1133,159,,,
Sanger,19,Top-3,top3,0.21948488241881298,449.0,3236.0,1133,265,,,
Sanger,20,Fmax,score>=263.705,0.14072924852371216,669.0,5374.0,733,243,0.18604318459100455,0.13392282969916044,0.30458039057324643
Sanger,20,Fmax-full,score>=100.273,0.22443710267543793,1811.0,22229.0,1099,448,0.006069119701216481,0.08588662149382438,0.003145704381043441
Sanger,20,Floor,score>=100.167,0.22445310652256012,1811.0,22231.0,1099,448,,,
Sanger,20,Top-1,top1,0.21366181410974244,145.0,1099.0,1099,145,,,
Sanger,20,Top-3,top3,0.21571481896229938,405.0,3158.0,1099,240,,,
Sanger,21,Fmax,score>=263.705,0.1346139907836914,623.0,5014.0,705,239,0.18461377344759602,0.13212916967243007,0.3062715493633307
Sanger,21,Fmax-full,score>=100.273,0.21766363084316254,1731.0,21181.0,1070,435,0.006069654769927132,0.08444592393474815,0.0031479591034497875
Sanger,21,Floor,score>=100.167,0.21766383945941925,1731.0,21182.0,1070,435,,,
Sanger,21,Top-1,top1,0.20335946248600223,162.0,1070.0,1070,162,,,
Sanger,21,Top-3,top3,0.20634565136244867,433.0,3077.0,1070,245,,,
Sanger,22,Fmax,score>=244.853,0.1497107893228531,682.0,6189.0,763,264,0.18731124914998454,0.1285586906468264,0.34496237213921754
Sanger,22,Fmax-full,score>=100.273,0.2276603877544403,1705.0,21893.0,1113,430,0.006174151241829603,0.08651209008511304,0.0032013103735301137
Sanger,22,Floor,score>=100.167,0.2276603877544403,1705.0,21894.0,1113,430,,,
Sanger,22,Top-1,top1,0.21478163493840985,154.0,1113.0,1113,154,,,
Sanger,22,Top-3,top3,0.2187010078387458,395.0,3168.0,1113,255,,,
Sanger,23,Fmax,score>=263.705,0.14031775295734406,619.0,5467.0,720,234,0.19170720581509354,0.13950429256493446,0.30634084291390584
Sanger,23,Fmax-full,score>=100.273,0.2250828593969345,1711.0,22620.0,1096,421,0.00625617405921109,0.08807895151972306,0.003243270418538859
Sanger,23,Floor,score>=100.167,0.2250828593969345,1711.0,22622.0,1096,421,,,
Sanger,23,Top-1,top1,0.21478163493840985,137.0,1096.0,1096,137,,,
Sanger,23,Top-3,top3,0.21519223590892128,399.0,3154.0,1096,238,,,
Sanger,24,Fmax,score>=244.853,0.1485704779624939,702.0,6214.0,762,265,0.18500200735923328,0.1261291679597546,0.3469435480438417
Sanger,24,Fmax-full,score>=100.273,0.22770802676677704,1688.0,21283.0,1116,438,0.006088299614471376,0.08551930369866334,0.0031565090768054323
Sanger,24,Floor,score>=100.167,0.22770802676677704,1688.0,21284.0,1116,438,,,
Sanger,24,Top-1,top1,0.212989921612542,165.0,1116.0,1116,165,,,
Sanger,24,Top-3,top3,0.2170212765957447,426.0,3163.0,1116,263,,,
Sanger,25,Fmax,score>=263.705,0.1380813717842102,586.0,5075.0,713,223,0.18888603281601224,0.13716689028219486,0.30321348920053875
Sanger,25,Fmax-full,score>=100.273,0.221511572599411,1567.0,21238.0,1075,409,0.006301971933454996,0.08931766682533762,0.0032662127859989236
Sanger,25,Floor,score>=100.167,0.221511572599411,1567.0,21241.0,1075,409,,,
Sanger,25,Top-1,top1,0.20963045912653974,139.0,1075.0,1075,139,,,
Sanger,25,Top-3,top3,0.21112355356476298,384.0,3046.0,1075,226,,,
Sanger,26,Fmax,score>=263.705,0.1384139209985733,583.0,5245.0,713,237,0.19201863270194017,0.13804288881014934,0.3153051859830949
Sanger,26,Fmax-full,score>=100.273,0.2218622863292694,1731.0,22288.0,1086,457,0.006164780958129601,0.08603678282743656,0.003196924873163292
Sanger,26,Floor,score>=100.167,0.2218782901763916,1731.0,22290.0,1086,457,,,
Sanger,26,Top-1,top1,0.21052631578947367,146.0,1086.0,1086,146,,,
Sanger,26,Top-3,top3,0.21284061216871972,398.0,3114.0,1086,238,,,
Sanger,27,Fmax,score>=263.705,0.13979801535606384,655.0,5214.0,729,237,0.1847283204150451,0.13350963308528607,0.29970502893895046
Sanger,27,Fmax-full,score>=100.273,0.22211074829101562,1699.0,21983.0,1084,435,0.00624825152737901,0.0871761313143213,0.003240246274121218
Sanger,27,Floor,score>=100.167,0.22212673723697662,1699.0,21985.0,1084,435,,,
Sanger,27,Top-1,top1,0.20716685330347145,159.0,1084.0,1084,159,,,
Sanger,27,Top-3,top3,0.21127286300858533,416.0,3109.0,1084,249,,,
Sanger,28,Fmax,score>=263.705,0.13754697144031525,578.0,5290.0,706,219,0.1931997366516973,0.13931363169651054,0.3150665597197684
Sanger,28,Fmax-full,score>=100.273,0.2224329710006714,1680.0,22266.0,1086,420,0.006241261195001435,0.08702595633749637,0.003236693972979822
Sanger,28,Floor,score>=100.167,0.2224491685628891,1680.0,22270.0,1086,420,,,
Sanger,28,Top-1,top1,0.21254199328107504,137.0,1086.0,1086,137,,,
Sanger,28,Top-3,top3,0.21444568868980965,377.0,3092.0,1086,227,,,
Sanger,29,Fmax,score>=263.705,0.14110499620437622,572.0,5153.0,726,230,0.19134775397670548,0.13852454876077586,0.30928758149679064
Sanger,29,Fmax-full,score>=100.273,0.22447408735752106,1639.0,22261.0,1090,437,0.0063362071940270895,0.0891495225588975,0.00328483672985309
Sanger,29,Floor,score>=100.167,0.22447429597377777,1639.0,22262.0,1090,437,,,
Sanger,29,Top-1,top1,0.212989921612542,139.0,1090.0,1090,139,,,
Sanger,29,Top-3,top3,0.21485628966032105,384.0,3116.0,1090,234,,,
Sanger,30,Fmax,score>=244.853,0.14744894206523895,623.0,5869.0,744,229,0.19269896454166946,0.13223852608618233,0.35501401458941423
Sanger,30,Fmax-full,score>=100.273,0.2231912463903427,1602.0,21733.0,1093,407,0.006242187857399844,0.0858562168048578,0.0032388338555064443
Sanger,30,Floor,score>=100.167,0.2232072502374649,1602.0,21736.0,1093,407,,,
Sanger,30,Top-1,top1,0.21209406494960806,146.0,1093.0,1093,146,,,
Sanger,30,Top-3,top3,0.2135498320268757,404.0,3137.0,1093,230,,,
Sanger,31,Fmax,score>=263.705,0.14545121788978577,758.0,5801.0,766,284,0.17964567279989163,0.1293570347738324,0.2939029055752111
Sanger,31,Fmax-full,score>=100.273,0.22784091532230377,2001.0,23192.0,1120,487,0.005729814467190925,0.08431358547495821,0.002965678585989729
Sanger,31,Floor,score>=100.167,0.22784091532230377,2001.0,23194.0,1120,487,,,
Sanger,31,Top-1,top1,0.21522956326987683,159.0,1120.0,1120,159,,,
Sanger,31,Top-3,top3,0.21653602090332214,451.0,3211.0,1120,273,,,
Sanger,32,Fmax,score>=263.705,0.14215286076068878,552.0,5051.0,730,222,0.19027757529880168,0.13925929291171596,0.30029031212953644
Sanger,32,Fmax-full,score>=100.273,0.22192126512527466,1492.0,21208.0,1085,412,0.006344141419496856,0.08649365532800676,0.0032928321262978557
Sanger,32,Floor,score>=100.167,0.22193726897239685,1492.0,21209.0,1085,412,,,
Sanger,32,Top-1,top1,0.20716685330347145,160.0,1085.0,1085,160,,,
Sanger,32,Top-3,top3,0.211832773422919,401.0,3071.0,1085,230,,,
Sanger,33,Fmax,score>=263.705,0.14145947992801666,612.0,5376.0,729,235,0.19021989986405424,0.13792797495312034,0.30637384105303217
Sanger,33,Fmax-full,score>=100.273,0.2314610630273819,1672.0,22399.0,1127,427,0.0061045833446081955,0.08816152719350961,0.0031617566956445515
Sanger,33,Floor,score>=100.167,0.2314610630273819,1672.0,22400.0,1127,427,,,
Sanger,33,Top-1,top1,0.22015677491601343,144.0,1127.0,1127,144,,,
Sanger,33,Top-3,top3,0.22209779768570365,401.0,3190.0,1127,233,,,
Sanger,34,Fmax,score>=263.705,0.13983716070652008,597.0,5081.0,718,232,0.19042749312690693,0.13925295496833395,0.3010679810742826
Sanger,34,Fmax-full,score>=100.273,0.2285943180322647,1592.0,21984.0,1108,410,0.006330018723647892,0.08993322361981206,0.0032804581393065485
Sanger,34,Floor,score>=100.167,0.2285943180322647,1592.0,21985.0,1108,410,,,
Sanger,34,Top-1,top1,0.2192609182530795,129.0,1108.0,1108,129,,,
Sanger,34,Top-3,top3,0.22071668533034713,358.0,3140.0,1108,219,,,
Sanger,35,Fmax,score>=244.853,0.14689673483371735,719.0,6319.0,751,252,0.18611322514137096,0.12735293495300432,0.34554820763438837
Sanger,35,Fmax-full,score>=100.273,0.22677752375602722,1736.0,22018.0,1114,427,0.0061273903468812806,0.08460652397790547,0.0031788031265663663
Sanger,35,Floor,score>=100.167,0.22677752375602722,1736.0,22019.0,1114,427,,,
Sanger,35,Top-1,top1,0.2143337066069429,157.0,1114.0,1114,157,,,
Sanger,35,Top-3,top3,0.21638671145949984,426.0,3176.0,1114,243,,,
Sanger,36,Fmax,score>=263.705,0.13688284158706665,578.0,5189.0,706,218,0.1896506686581246,0.1375713953540412,0.30518024926178566
Sanger,36,Fmax-full,score>=100.273,0.22543573379516602,1602.0,21972.0,1098,395,0.006258615565428631,0.08798215392971187,0.003244714249834958
Sanger,36,Floor,score>=100.167,0.22543592751026154,1602.0,21975.0,1098,395,,,
Sanger,36,Top-1,top1,0.21522956326987683,137.0,1098.0,1098,137,,,
Sanger,36,Top-3,top3,0.21675998506905564,384.0,3135.0,1098,218,,,
Sanger,37,Fmax,score>=263.705,0.14226393401622772,640.0,5427.0,734,248,0.1897921341652529,0.13749877127552831,0.3062738121894905
Sanger,37,Fmax-full,score>=100.273,0.2275353968143463,1799.0,22578.0,1121,465,0.005888931791994724,0.08341648502642598,0.0030522037097912404
Sanger,37,Floor,score>=100.167,0.2275514155626297,1799.0,22579.0,1121,465,,,
Sanger,37,Top-1,top1,0.21209406494960806,174.0,1121.0,1121,174,,,
Sanger,37,Top-3,top3,0.21702127659574472,436.0,3191.0,1121,261,,,
Sanger,38,Fmax,score>=263.705,0.14232313632965088,620.0,5024.0,743,235,0.18415691474137488,0.13299537635780312,0.29928961895485456
Sanger,38,Fmax-full,score>=100.273,0.22536151111125946,1697.0,21323.0,1108,421,0.006169439353567574,0.0842814673272165,0.003201910275664706
Sanger,38,Floor,score>=100.167,0.22536151111125946,1697.0,21324.0,1108,421,,,
Sanger,38,Top-1,top1,0.2116461366181411,163.0,1108.0,1108,163,,,
Sanger,38,Top-3,top3,0.21534154535274355,431.0,3158.0,1108,243,,,
Sanger,39,Fmax,score>=263.705,0.14190053939819336,636.0,5369.0,726,233,0.1943400624471763,0.14063644862770325,0.3143955476541002
Sanger,39,Fmax-full,score>=100.273,0.23030425608158112,1818.0,23291.0,1122,444,0.00606134769198568,0.08792286670114112,0.0031388697077307666
Sanger,39,Floor,score>=100.167,0.23030425608158112,1818.0,23292.0,1122,444,,,
Sanger,39,Top-1,top1,0.22015677491601343,139.0,1122.0,1122,139,,,
Sanger,39,Top-3,top3,0.2214259051885032,392.0,3215.0,1122,239,,,
Sanger,40,Fmax,score>=263.705,0.14125412702560425,627.0,5005.0,735,240,0.18612781012603924,0.13428824288504465,0.30315558592808994
Sanger,40,Fmax-full,score>=100.273,0.2260492891073227,1740.0,21760.0,1105,423,0.006215283142125856,0.08655676097668472,0.003223370007779635
Sanger,40,Floor,score>=100.167,0.2260492891073227,1740.0,21761.0,1105,423,,,
Sanger,40,Top-1,top1,0.21321388577827546,153.0,1105.0,1105,153,,,
Sanger,40,Top-3,top3,0.21534154535274358,420.0,3133.0,1105,248,,,
Sanger,41,Fmax,score>=263.705,0.14158523082733154,643.0,5580.0,729,245,0.19024739838753923,0.1382623505492946,0.30487801148633226
Sanger,41,Fmax-full,score>=100.273,0.22417449951171875,1794.0,22774.0,1096,440,0.0061548317950708585,0.08649844186712966,0.0031909422956626315
Sanger,41,Floor,score>=100.167,0.22417470812797546,1794.0,22775.0,1096,440,,,
Sanger,41,Top-1,top1,0.2103023516237402,157.0,1096.0,1096,157,,,
Sanger,41,Top-3,top3,0.2141097424412094,412.0,3134.0,1096,242,,,
Sanger,42,Fmax,score>=263.705,0.13677334785461426,508.0,4920.0,701,206,0.1934941491059669,0.13981112640506005,0.31409764961525977
Sanger,42,Fmax-full,score>=100.273,0.21982629597187042,1504.0,20726.0,1071,409,0.006419885350264734,0.08781939572415634,0.003331722589862058
Sanger,42,Floor,score>=100.167,0.21982629597187042,1504.0,20727.0,1071,409,,,
Sanger,42,Top-1,top1,0.20895856662933932,138.0,1071.0,1071,138,,,
Sanger,42,Top-3,top3,0.21037700634565137,382.0,3037.0,1071,231,,,
Sanger,43,Fmax,score>=263.705,0.14368170499801636,634.0,5167.0,742,244,0.18871667124604669,0.13715688606985763,0.30239097711650853
Sanger,43,Fmax-full,score>=100.273,0.22347788512706757,1703.0,21789.0,1096,438,0.006076342420822929,0.08528626011575653,0.0031503985512120023
Sanger,43,Floor,score>=100.167,0.22349388897418976,1703.0,21790.0,1096,438,,,
Sanger,43,Top-1,top1,0.20985442329227325,159.0,1096.0,1096,159,,,
Sanger,43,Top-3,top3,0.2143337066069429,404.0,3145.0,1096,243,,,
Sanger,44,Fmax,score>=204.22,0.16055165231227875,887.0,8846.0,810,313,0.18586093676618448,0.1176025649797638,0.44296443975891686
Sanger,44,Fmax-full,score>=100.273,0.22722119092941284,1828.0,23193.0,1113,457,0.0061142667142075405,0.08574279330206086,0.0031701646175343956
Sanger,44,Floor,score>=100.167,0.22722119092941284,1828.0,23196.0,1113,457,,,
Sanger,44,Top-1,top1,0.21366181410974244,159.0,1113.0,1113,159,,,
Sanger,44,Top-3,top3,0.21769316909294512,413.0,3190.0,1113,249,,,
Sanger,45,Fmax,score>=263.705,0.13945935666561127,598.0,4978.0,716,227,0.19204530024101682,0.13927340676598515,0.3092061884281523
Sanger,45,Fmax-full,score>=100.273,0.2232007086277008,1672.0,21190.0,1094,427,0.006243086259128045,0.08551669492157077,0.003239802897254306
Sanger,45,Floor,score>=100.167,0.2232007086277008,1672.0,21190.0,1094,427,,,
Sanger,45,Top-1,top1,0.21007838745800672,156.0,1094.0,1094,156,,,
Sanger,45,Top-3,top3,0.213437849944009,408.0,3105.0,1094,240,,,
Sanger,46,Fmax,score>=265.875,0.1393933743238449,645.0,5193.0,723,238,0.18879643165530502,0.13552403662254264,0.31107530528652727
Sanger,46,Fmax-full,score>=100.273,0.228382870554924,1780.0,22632.0,1115,451,0.006112086385503149,0.0870613544465609,0.003167219496446773
Sanger,46,Floor,score>=100.167,0.22838307917118073,1780.0,22636.0,1115,451,,,
Sanger,46,Top-1,top1,0.21366181410974244,161.0,1115.0,1115,161,,,
Sanger,46,Top-3,top3,0.2182157521463233,412.0,3185.0,1115,249,,,
Sanger,47,Fmax,score>=263.705,0.1424611359834671,581.0,5257.0,728,223,0.19213773165235215,0.14110333578927176,0.30100581720344066
Sanger,47,Fmax-full,score>=100.273,0.22515562176704407,1578.0,21566.0,1092,399,0.00639943525436832,0.08962474778468507,0.003318180911201012
Sanger,47,Floor,score>=100.167,0.22517161071300507,1578.0,21567.0,1092,399,,,
Sanger,47,Top-1,top1,0.2127659574468085,142.0,1092.0,1092,142,,,
Sanger,47,Top-3,top3,0.21567749160134378,377.0,3116.0,1092,214,,,
Sanger,48,Fmax,score>=263.705,0.14415597915649414,605.0,5196.0,743,245,0.18829343493040288,0.13791053015906532,0.29667944630843657
Sanger,48,Fmax-full,score>=100.273,0.22689323127269745,1640.0,21784.0,1102,427,0.006239344970547084,0.08909921646118164,0.00323286634471178
Sanger,48,Floor,score>=100.167,0.22689323127269745,1640.0,21785.0,1102,427,,,
Sanger,48,Top-1,top1,0.21119820828667413,159.0,1102.0,1102,159,,,
Sanger,48,Top-3,top3,0.2156401642403882,409.0,3150.0,1102,253,,,
Sanger,49,Fmax,score>=263.705,0.1395411640405655,571.0,5251.0,712,221,0.19394780850983204,0.14151879976380546,0.30808536829606414
Sanger,49,Fmax-full,score>=100.273,0.22181367874145508,1556.0,21824.0,1074,417,0.0064001336307872095,0.09019075773967289,0.0033177854760247415
Sanger,49,Floor,score>=100.167,0.22181367874145508,1556.0,21826.0,1074,417,,,
Sanger,49,Top-1,top1,0.21007838745800672,136.0,1074.0,1074,136,,,
Sanger,49,Top-3,top3,0.21276595744680854,363.0,3058.0,1074,226,,,
Sanger,50,Fmax,score>=263.705,0.1410660296678543,560.0,5349.0,717,213,0.19620283700009647,0.14300664341146604,0.31241697600379414
Sanger,50,Fmax-full,score>=100.273,0.22537831962108612,1623.0,21710.0,1092,411,0.006389671195723402,0.09001164417786357,0.003312404703019011
Sanger,50,Floor,score>=100.167,0.22537831962108612,1623.0,21711.0,1092,411,,,
Sanger,50,Top-1,top1,0.21522956326987683,131.0,1092.0,1092,131,,,
Sanger,50,Top-3,top3,0.21713325867861144,362.0,3084.0,1092,216,,,
Sanger,51,Fmax,score>=263.705,0.13553158938884735,603.0,4950.0,695,225,0.19121635154084893,0.13958733108262186,0.3034548979109289
Sanger,51,Fmax-full,score>=100.273,0.22027966380119324,1639.0,21147.0,1075,410,0.006285360196527997,0.0871914692905634,0.0032601884918403517
Sanger,51,Floor,score>=100.167,0.22027966380119324,1639.0,21147.0,1075,410,,,
Sanger,51,Top-1,top1,0.2087346024636058,143.0,1075.0,1075,143,,,
Sanger,51,Top-3,top3,0.21060097051138485,395.0,3062.0,1075,238,,,
Sanger,52,Fmax,score>=263.705,0.1344386488199234,623.0,5244.0,699,241,0.1860269089914122,0.13471808972032256,0.30046048455912167
Sanger,52,Fmax-full,score>=100.273,0.21602082252502441,1739.0,21504.0,1060,414,0.006074735113780227,0.08514553248928108,0.0031497266832114126
Sanger,52,Floor,score>=100.167,0.21602082252502441,1739.0,21506.0,1060,414,,,
Sanger,52,Top-1,top1,0.206494960806271,138.0,1060.0,1060,138,,,
Sanger,52,Top-3,top3,0.20698021649869355,397.0,3026.0,1060,239,,,
Sanger,53,Fmax,score>=263.705,0.13943947851657867,620.0,5096.0,724,233,0.18759768530430243,0.1351318087543841,0.30666096488943534
Sanger,53,Fmax-full,score>=100.273,0.22817936539649963,1727.0,21442.0,1124,440,0.006099110917741084,0.08346590683909266,0.0031652009505785173
Sanger,53,Floor,score>=100.167,0.22817936539649963,1727.0,21444.0,1124,440,,,
Sanger,53,Top-1,top1,0.21567749160134378,161.0,1124.0,1124,161,,,
Sanger,53,Top-3,top3,0.21821575214632327,437.0,3193.0,1124,249,,,
Sanger,54,Fmax,score>=263.705,0.13337579369544983,563.0,4871.0,689,238,0.18860550510197227,0.13699097602848676,0.30262740076174377
Sanger,54,Fmax-full,score>=100.273,0.21833275258541107,1560.0,20484.0,1059,414,0.006375921497591685,0.08946266716551515,0.003305759975915478
Sanger,54,Floor,score>=100.167,0.2183329313993454,1560.0,20487.0,1059,414,,,
Sanger,54,Top-1,top1,0.20627099664053752,138.0,1059.0,1059,138,,,
Sanger,54,Top-3,top3,0.21022769690182905,355.0,3011.0,1059,227,,,
Sanger,55,Fmax,score>=265.429,0.13161219656467438,617.0,4816.0,695,238,0.1808402521283206,0.12929006243615002,0.300757470566485
Sanger,55,Fmax-full,score>=100.273,0.21066588163375854,1707.0,20455.0,1047,431,0.006059151045724315,0.08055024885538659,0.0031479739765153543
Sanger,55,Floor,score>=100.167,0.21066588163375854,1707.0,20456.0,1047,431,,,
Sanger,55,Top-1,top1,0.19664053751399777,169.0,1047.0,1047,169,,,
Sanger,55,Top-3,top3,0.19917879805897723,455.0,2993.0,1047,260,,,
Sanger,56,Fmax,score>=263.705,0.13525620102882385,578.0,5037.0,701,236,0.18918580496205215,0.13584268812415332,0.3115108103023418
Sanger,56,Fmax-full,score>=100.273,0.22068701684474945,1660.0,21331.0,1081,444,0.006360257024443348,0.08577417597573009,0.0033025733816139076
Sanger,56,Floor,score>=100.167,0.22068701684474945,1660.0,21333.0,1081,444,,,
Sanger,56,Top-1,top1,0.20828667413213886,151.0,1081.0,1081,151,,,
Sanger,56,Top-3,top3,0.21097424412094065,403.0,3073.0,1081,240,,,
Sanger,57,Fmax,score>=263.705,0.13962875306606293,645.0,5170.0,728,242,0.18486606939937222,0.13357560294015067,0.3000979002923574
Sanger,57,Fmax-full,score>=100.273,0.2261536568403244,1680.0,21825.0,1101,433,0.006159847169195455,0.08816544407282617,0.003191410583002746
Sanger,57,Floor,score>=100.167,0.2261536568403244,1680.0,21826.0,1101,433,,,
Sanger,57,Top-1,top1,0.21254199328107504,152.0,1101.0,1101,152,,,
Sanger,57,Top-3,top3,0.2154535274356103,413.0,3153.0,1101,233,,,
Sanger,58,Fmax,score>=263.705,0.13819411396980286,565.0,5101.0,710,228,0.19228801001508578,0.13898777147344762,0.3118969712236804
Sanger,58,Fmax-full,score>=100.273,0.21964909136295319,1624.0,21499.0,1076,440,0.0062358569614710474,0.08574979211227524,0.003235576535417315
Sanger,58,Floor,score>=100.167,0.21964909136295319,1624.0,21501.0,1076,440,,,
Sanger,58,Top-1,top1,0.20783874580067188,148.0,1076.0,1076,148,,,
Sanger,58,Top-3,top3,0.21030235162374022,404.0,3074.0,1076,236,,,
Sanger,59,Fmax,score>=263.705,0.1363343894481659,567.0,4903.0,700,215,0.19027169643816647,0.13916723175406176,0.300689907386324
Sanger,59,Fmax-full,score>=100.273,0.22757144272327423,1508.0,21300.0,1106,394,0.006350065872715242,0.0888584059355591,0.003292685099129617
Sanger,59,Floor,score>=100.167,0.22757144272327423,1508.0,21301.0,1106,394,,,
Sanger,59,Top-1,top1,0.21522956326987683,145.0,1106.0,1106,145,,,
Sanger,59,Top-3,top3,0.21821575214632327,382.0,3141.0,1106,232,,,
Sanger,60,Fmax,score>=204.22,0.159405916929245,806.0,8415.0,803,294,0.18570277678945277,0.1181636913184575,0.43345178152393105
Sanger,60,Fmax-full,score>=100.273,0.23036184906959534,1587.0,22032.0,1117,430,0.0062832644353248476,0.08981583451006876,0.0032555052355848426
Sanger,60,Floor,score>=100.167,0.23037786781787872,1587.0,22034.0,1117,430,,,
Sanger,60,Top-1,top1,0.21679731243001119,149.0,1117.0,1117,149,,,
Sanger,60,Top-3,top3,0.22019410227696903,391.0,3155.0,1117,235,,,
Sanger,61,Fmax,score>=263.705,0.14568966627120972,543.0,5288.0,737,225,0.19898992875238444,0.14510408009974846,0.31654034618584187
Sanger,61,Fmax-full,score>=100.273,0.23411117494106293,1669.0,22704.0,1137,433,0.006281713378149829,0.08923644415222773,0.0032554384119248647
Sanger,61,Floor,score>=100.167,0.23411117494106293,1669.0,22705.0,1137,433,,,
Sanger,61,Top-1,top1,0.22396416573348266,137.0,1137.0,1137,137,,,
Sanger,61,Top-3,top3,0.2256438969764838,384.0,3232.0,1137,227,,,
Sanger,62,Fmax,score>=263.705,0.1350909322500229,607.0,5034.0,698,240,0.1878826939091403,0.13692725109078033,0.2992406618107859
Sanger,62,Fmax-full,score>=100.273,0.22067178785800934,1647.0,20874.0,1081,434,0.006129022552490629,0.08574782633495072,0.003178091983012658
Sanger,62,Floor,score>=100.167,0.22068779170513153,1647.0,20875.0,1081,434,,,
Sanger,62,Top-1,top1,0.20828667413213886,151.0,1081.0,1081,151,,,
Sanger,62,Top-3,top3,0.2120194102276969,391.0,3077.0,1081,236,,,
Sanger,63,Fmax,score>=263.705,0.1383977234363556,602.0,4946.0,710,222,0.19235676759648035,0.13952318602652938,0.30958993569140686
Sanger,63,Fmax-full,score>=100.273,0.22638405859470367,1693.0,21946.0,1100,435,0.006276994406240765,0.08892290411658067,0.003253321855390012
Sanger,63,Floor,score>=100.167,0.22640006244182587,1693.0,21948.0,1100,435,,,
Sanger,63,Top-1,top1,0.2154535274356103,138.0,1100.0,1100,138,,,
Sanger,63,Top-3,top3,0.21843971631205678,368.0,3146.0,1100,226,,,
Sanger,64,Fmax,score>=263.705,0.14157961308956146,654.0,5450.0,733,242,0.18703883037304384,0.13618959341476214,0.29848413246630157
Sanger,64,Fmax-full,score>=100.273,0.22405500710010529,1754.0,22180.0,1096,425,0.006063674555410072,0.086290456128139,0.003142240709870954
Sanger,64,Floor,score>=100.167,0.2240712195634842,1754.0,22183.0,1096,425,,,
Sanger,64,Top-1,top1,0.20940649496080627,161.0,1096.0,1096,161,,,
Sanger,64,Top-3,top3,0.21463232549458755,406.0,3119.0,1096,237,,,
Sanger,65,Fmax,score>=263.705,0.14239434897899628,578.0,5479.0,727,226,0.19614423738869907,0.14143680207152085,0.3198687448000509
Sanger,65,Fmax-full,score>=100.273,0.22781749069690704,1775.0,22889.0,1115,443,0.0061507794345508895,0.08607019215506294,0.0031893489247838093
Sanger,65,Floor,score>=100.167,0.22781768441200256,1775.0,22891.0,1115,443,,,
Sanger,65,Top-1,top1,0.21388577827547592,160.0,1115.0,1115,160,,,
Sanger,65,Top-3,top3,0.2175811870100784,422.0,3159.0,1115,235,,,
Sanger,66,Fmax,score>=263.705,0.14602027833461761,623.0,5393.0,751,249,0.19019158899823313,0.1387719826016285,0.3021470625766553
Sanger,66,Fmax-full,score>=100.273,0.2296164184808731,1699.0,22954.0,1119,453,0.006171585176642305,0.08779121785945795,0.0031982070631633255
Sanger,66,Floor,score>=100.167,0.2296164184808731,1699.0,22956.0,1119,453,,,
Sanger,66,Top-1,top1,0.21366181410974244,165.0,1119.0,1119,165,,,
Sanger,66,Top-3,top3,0.21795446061963422,423.0,3192.0,1119,255,,,
Sanger,67,Fmax,score>=244.853,0.14530983567237854,670.0,6459.0,743,246,0.18701935509368522,0.12729356283478965,0.35233306983541596
Sanger,67,Fmax-full,score>=100.273,0.22579438984394073,1682.0,22188.0,1103,427,0.0062356679837012145,0.0868259860743485,0.0032339623325068284
Sanger,67,Floor,score>=100.167,0.22579438984394073,1682.0,22189.0,1103,427,,,
Sanger,67,Top-1,top1,0.2103023516237402,164.0,1103.0,1103,164,,,
Sanger,67,Top-3,top3,0.21478163493840985,413.0,3124.0,1103,248,,,
Sanger,68,Fmax,score>=263.705,0.13586491346359253,623.0,5055.0,706,242,0.18514580921309254,0.13490091003346247,0.2950332516240613
Sanger,68,Fmax-full,score>=100.273,0.21827390789985657,1642.0,21335.0,1069,419,0.006138052844415192,0.08584990760694357,0.0031828078056068483
Sanger,68,Floor,score>=100.167,0.21827390789985657,1642.0,21335.0,1069,419,,,
Sanger,68,Top-1,top1,0.2053751399776036,152.0,1069.0,1069,152,,,
Sanger,68,Top-3,top3,0.2082120194102277,408.0,3063.0,1069,237,,,
Sanger,69,Fmax,score>=263.705,0.13827098906040192,644.0,5134.0,713,233,0.1893417010034971,0.13766640632201788,0.30312425373695473
Sanger,69,Fmax-full,score>=100.273,0.2172311544418335,1754.0,21181.0,1070,425,0.006213581754214097,0.08370099244294343,0.0032265532094652998
Sanger,69,Floor,score>=100.167,0.2172313630580902,1754.0,21182.0,1070,425,,,
Sanger,69,Top-1,top1,0.20492721164613661,155.0,1070.0,1070,155,,,
Sanger,69,Top-3,top3,0.20761478163493843,416.0,3059.0,1070,243,,,
Sanger,70,Fmax,score>=263.705,0.13597027957439423,639.0,5308.0,707,244,0.18691071233236864,0.1346689052682705,0.30537361572967003
Sanger,70,Fmax-full,score>=100.273,0.21374155580997467,1781.0,21862.0,1050,438,0.006141750163390724,0.08475179511591632,0.0031863276716444784
Sanger,70,Floor,score>=100.167,0.21374155580997467,1781.0,21862.0,1050,438,,,
Sanger,70,Top-1,top1,0.19932810750279956,160.0,1050.0,1050,160,,,
Sanger,70,Top-3,top3,0.2032848077640911,417.0,3007.0,1050,244,,,
Sanger,71,Fmax,score>=263.705,0.14411289989948273,608.0,5367.0,742,239,0.19097779345576985,0.13831258821888132,0.30841144218909866
Sanger,71,Fmax-full,score>=100.273,0.22562432289123535,1723.0,22144.0,1094,430,0.006297174644923288,0.08973064600864303,0.0032630868189808737
Sanger,71,Floor,score>=100.167,0.22564050555229187,1723.0,22148.0,1094,430,,,
Sanger,71,Top-1,top1,0.21388577827547592,139.0,1094.0,1094,139,,,
Sanger,71,Top-3,top3,0.21578947368421056,385.0,3117.0,1094,236,,,
Sanger,72,Fmax,score>=263.705,0.136903315782547,574.0,5110.0,703,223,0.1906131968310254,0.13914249901198222,0.30251912463123654
Sanger,72,Fmax-full,score>=100.273,0.21756461262702942,1555.0,21434.0,1059,404,0.006407386721724709,0.08814510033307421,0.003324525491107044
Sanger,72,Floor,score>=100.167,0.2175806164741516,1555.0,21437.0,1059,404,,,
Sanger,72,Top-1,top1,0.20783874580067188,131.0,1059.0,1059,131,,,
Sanger,72,Top-3,top3,0.2088465845464726,365.0,3011.0,1059,219,,,
Sanger,73,Fmax,score>=263.705,0.13876529037952423,488.0,4829.0,699,205,0.1986148912529853,0.14602200422738992,0.3104186934307128
Sanger,73,Fmax-full,score>=100.273,0.2169724851846695,1422.0,20404.0,1050,396,0.006562414680737997,0.09027486336724133,0.003404967187951053
Sanger,73,Floor,score>=100.167,0.2169724851846695,1422.0,20406.0,1050,396,,,
Sanger,73,Top-1,top1,0.20895856662933932,117.0,1050.0,1050,117,,,
Sanger,73,Top-3,top3,0.21056364315042927,317.0,3000.0,1050,194,,,
Sanger,74,Fmax,score>=263.705,0.14214056730270386,657.0,5378.0,739,247,0.1864399631767806,0.13458496971427503,0.30330018131899195
Sanger,74,Fmax-full,score>=100.273,0.22728362679481506,1777.0,22378.0,1110,447,0.0060887263927769325,0.08692676819230322,0.0031548529620547697
Sanger,74,Floor,score>=100.167,0.22728362679481506,1777.0,22380.0,1110,447,,,
Sanger,74,Top-1,top1,0.21321388577827546,158.0,1110.0,1110,158,,,
Sanger,74,Top-3,top3,0.21649869354236656,424.0,3174.0,1110,259,,,
Sanger,75,Fmax,score>=263.705,0.1381750851869583,558.0,4976.0,712,226,0.1920670968013232,0.13792239495043485,0.3161981787984908
Sanger,75,Fmax-full,score>=100.273,0.22370649874210358,1644.0,21446.0,1092,432,0.006331531674296605,0.0871071366484527,0.0032851595668288
Sanger,75,Floor,score>=100.167,0.22372271120548248,1644.0,21449.0,1092,432,,,
Sanger,75,Top-1,top1,0.2116461366181411,147.0,1092.0,1092,147,,,
Sanger,75,Top-3,top3,0.21567749160134378,377.0,3126.0,1092,231,,,
Sanger,76,Fmax,score>=204.22,0.15903350710868835,894.0,8561.0,807,295,0.18215252236907742,0.11541322709140667,0.43191107942346646
Sanger,76,Fmax-full,score>=100.273,0.22117117047309875,1756.0,21841.0,1082,422,0.006155822348613274,0.08625781037086665,0.0031918033199863885
Sanger,76,Floor,score>=100.167,0.22117137908935547,1756.0,21844.0,1082,422,,,
Sanger,76,Top-1,top1,0.20492721164613661,167.0,1082.0,1082,167,,,
Sanger,76,Top-3,top3,0.21019036954087347,422.0,3090.0,1082,248,,,
Sanger,77,Fmax,score>=263.705,0.13452062010765076,607.0,4774.0,697,227,0.18881402491384255,0.13594345012510958,0.308982081995619
Sanger,77,Fmax-full,score>=100.273,0.22164566814899445,1653.0,21609.0,1081,430,0.006184068319843226,0.08743262484941035,0.0032053920955011856
Sanger,77,Floor,score>=100.167,0.22164586186408997,1653.0,21610.0,1081,430,,,
Sanger,77,Top-1,top1,0.20851063829787234,150.0,1081.0,1081,150,,,
Sanger,77,Top-3,top3,0.21022769690182905,417.0,3079.0,1081,244,,,
Sanger,78,Fmax,score>=263.705,0.13599854707717896,640.0,4959.0,714,246,0.18210505227207827,0.1311677124311679,0.2977214533288518
Sanger,78,Fmax-full,score>=100.273,0.219481959939003,1700.0,21586.0,1072,434,0.006314690539154208,0.08687354717475568,0.0032764241207965147
Sanger,78,Floor,score>=100.167,0.219481959939003,1700.0,21587.0,1072,434,,,
Sanger,78,Top-1,top1,0.2053751399776036,155.0,1072.0,1072,155,,,
Sanger,78,Top-3,top3,0.20981709593131767,389.0,3072.0,1072,232,,,
Sanger,79,Fmax,score>=263.705,0.13969583809375763,631.0,5403.0,730,251,0.18416973959571173,0.13272137465721376,0.300754962736111
Sanger,79,Fmax-full,score>=100.273,0.22343192994594574,1781.0,22712.0,1098,430,0.006215498373498925,0.08449271762984777,0.0032264210397034217
Sanger,79,Floor,score>=100.167,0.22344794869422913,1781.0,22715.0,1098,430,,,
Sanger,79,Top-1,top1,0.20963045912653974,162.0,1098.0,1098,162,,,
Sanger,79,Top-3,top3,0.21235535647629714,433.0,3136.0,1098,260,,,
Sanger,80,Fmax,score>=263.705,0.1339511126279831,657.0,4932.0,699,232,0.1854931027009329,0.1334442531525426,0.30410794048340006
Sanger,80,Fmax-full,score>=100.273,0.21334552764892578,1734.0,21034.0,1049,431,0.006086443245655125,0.0844254024723139,0.0031570204636668553
Sanger,80,Floor,score>=100.167,0.21334552764892578,1734.0,21035.0,1049,431,,,
Sanger,80,Top-1,top1,0.20291153415453528,143.0,1049.0,1049,143,,,
Sanger,80,Top-3,top3,0.20421799178798059,405.0,2989.0,1049,244,,,
Sanger,81,Fmax,score>=263.705,0.14132177829742432,612.0,5153.0,728,248,0.18999999909746298,0.13807530176071894,0.30451680966521194
Sanger,81,Fmax-full,score>=100.273,0.22915545105934143,1723.0,22435.0,1117,432,0.006138311118509206,0.08769928757942964,0.0031804600748219173
Sanger,81,Floor,score>=100.167,0.22915545105934143,1723.0,22436.0,1117,432,,,
Sanger,81,Top-1,top1,0.21724524076147816,147.0,1117.0,1117,147,,,
Sanger,81,Top-3,top3,0.21843971631205678,417.0,3177.0,1117,246,,,
Sanger,82,Fmax,score>=263.705,0.13893181085586548,619.0,5217.0,726,247,0.1829059264627651,0.1327557195239345,0.2939490006522268
Sanger,82,Fmax-full,score>=100.273,0.2239910066127777,1689.0,21576.0,1099,426,0.006150124508117532,0.08510949487942901,0.003190331020645111
Sanger,82,Floor,score>=100.167,0.2240070104598999,1689.0,21579.0,1099,426,,,
Sanger,82,Top-1,top1,0.21097424412094065,157.0,1099.0,1099,157,,,
Sanger,82,Top-3,top3,0.2135498320268757,426.0,3149.0,1099,252,,,
Sanger,83,Fmax,score>=263.705,0.13915354013442993,601.0,5348.0,717,218,0.19108728765635968,0.13795692267888823,0.31077312203235363
Sanger,83,Fmax-full,score>=100.273,0.22489528357982635,1702.0,22337.0,1094,421,0.006268235834960192,0.0884630613237898,0.0032492335479865843
Sanger,83,Floor,score>=100.167,0.22489549219608307,1702.0,22340.0,1094,421,,,
Sanger,83,Top-1,top1,0.2114221724524076,150.0,1094.0,1094,150,,,
Sanger,83,Top-3,top3,0.21537887271369915,389.0,3131.0,1094,225,,,
Sanger,84,Fmax,score>=263.705,0.13824130594730377,578.0,5159.0,703,220,0.19513544169390704,0.14264632865480664,0.3087423913657415
Sanger,84,Fmax-full,score>=100.273,0.21715225279331207,1636.0,21575.0,1062,425,0.006288567357669545,0.08638483487642729,0.003263054154411257
Sanger,84,Floor,score>=100.167,0.21716825664043427,1636.0,21579.0,1062,425,,,
Sanger,84,Top-1,top1,0.20559910414333707,144.0,1062.0,1062,144,,,
Sanger,84,Top-3,top3,0.20907054871220604,371.0,3029.0,1062,234,,,
Sanger,85,Fmax,score>=263.705,0.13840307295322418,620.0,5344.0,719,249,0.18596260915675117,0.13495221767572343,0.29896974664643633
Sanger,85,Fmax-full,score>=100.273,0.22176986932754517,1691.0,22114.0,1086,430,0.006209763804303395,0.08587667808769653,0.003221350217091958
Sanger,85,Floor,score>=100.167,0.22176986932754517,1691.0,22114.0,1086,430,,,
Sanger,85,Top-1,top1,0.20582306830907054,167.0,1086.0,1086,167,,,
Sanger,85,Top-3,top3,0.21007838745800672,428.0,3097.0,1086,248,,,
Sanger,86,Fmax,score>=263.705,0.14211250841617584,572.0,5122.0,729,229,0.19087018728984478,0.13966465053138027,0.3013575070752892
Sanger,86,Fmax-full,score>=100.273,0.22999468445777893,1565.0,22448.0,1118,419,0.006354635184259884,0.08881368577105445,0.0032952038044476535
Sanger,86,Floor,score>=100.167,0.22999468445777893,1565.0,22449.0,1118,419,,,
Sanger,86,Top-1,top1,0.21746920492721164,147.0,1118.0,1118,147,,,
Sanger,86,Top-3,top3,0.21941022769690186,403.0,3181.0,1118,232,,,
Sanger,87,Fmax,score>=263.705,0.14188674092292786,603.0,5148.0,731,232,0.1903889756962659,0.1380375115446342,0.30671061660839993
Sanger,87,Fmax-full,score>=100.273,0.22853203117847443,1639.0,22231.0,1113,425,0.006283608366267277,0.08803899861541904,0.003258073437861828
Sanger,87,Floor,score>=100.167,0.22853203117847443,1639.0,22232.0,1113,425,,,
Sanger,87,Top-1,top1,0.21366181410974244,159.0,1113.0,1113,159,,,
Sanger,87,Top-3,top3,0.21795446061963422,415.0,3187.0,1113,243,,,
Sanger,88,Fmax,score>=263.705,0.1395896077156067,632.0,5061.0,730,243,0.18491219313955579,0.13243867785484487,0.3062524428330123
Sanger,88,Fmax-full,score>=100.273,0.22770632803440094,1801.0,22332.0,1117,439,0.0060819623524763465,0.08515698146257981,0.003153597066953604
Sanger,88,Floor,score>=100.167,0.22772231698036194,1801.0,22334.0,1117,439,,,
Sanger,88,Top-1,top1,0.21254199328107504,168.0,1117.0,1117,168,,,
Sanger,88,Top-3,top3,0.21668533034714446,440.0,3180.0,1117,256,,,
Sanger,89,Fmax,score>=263.705,0.1387682408094406,664.0,5396.0,721,244,0.18645695602747445,0.1348931313126343,0.3018357367950784
Sanger,89,Fmax-full,score>=100.273,0.2252432405948639,1785.0,22166.0,1101,436,0.006080296785919721,0.08657817848023844,0.0031507866524634665
Sanger,89,Floor,score>=100.167,0.2252434641122818,1785.0,22170.0,1101,436,,,
Sanger,89,Top-1,top1,0.21231802911534153,153.0,1101.0,1101,153,,,
Sanger,89,Top-3,top3,0.2137737961926092,429.0,3144.0,1101,253,,,
Sanger,90,Fmax,score>=263.705,0.13087061047554016,617.0,4973.0,685,238,0.18472093985162985,0.132502577433528,0.3048669110307889
Sanger,90,Fmax-full,score>=100.273,0.21469606459140778,1686.0,21579.0,1052,428,0.006186915324894884,0.08568339146873503,0.0032093250553406213
Sanger,90,Floor,score>=100.167,0.2146962583065033,1686.0,21581.0,1052,428,,,
Sanger,90,Top-1,top1,0.2026875699888018,147.0,1052.0,1052,147,,,
Sanger,90,Top-3,top3,0.20507652108995897,399.0,2987.0,1052,234,,,
Sanger,91,Fmax,score>=263.705,0.1421576738357544,622.0,5436.0,735,243,0.19078379178837637,0.13669964231136525,0.31568020962567106
Sanger,91,Fmax-full,score>=100.273,0.22489354014396667,1847.0,22905.0,1105,445,0.005989726014244222,0.08453868020079683,0.0031048554595250414
Sanger,91,Floor,score>=100.167,0.22489354014396667,1847.0,22906.0,1105,445,,,
Sanger,91,Top-1,top1,0.2127659574468085,155.0,1105.0,1105,155,,,
Sanger,91,Top-3,top3,0.21664800298618891,399.0,3139.0,1105,247,,,
Sanger,92,Fmax,score>=263.705,0.1415984183549881,584.0,4968.0,731,230,0.19103050576386357,0.13726983158518746,0.3140101776645888
Sanger,92,Fmax-full,score>=100.273,0.22801372408866882,1725.0,22042.0,1115,439,0.006061008624757848,0.08641420086552501,0.0031406452244155314
Sanger,92,Floor,score>=100.167,0.22801372408866882,1725.0,22044.0,1115,439,,,
Sanger,92,Top-1,top1,0.21612541993281076,150.0,1115.0,1115,150,,,
Sanger,92,Top-3,top3,0.2187383351997014,409.0,3195.0,1115,247,,,
Sanger,93,Fmax,score>=263.705,0.14289481937885284,555.0,5335.0,733,238,0.1913902374953577,0.13969546189948695,0.30381976269732597
Sanger,93,Fmax-full,score>=100.273,0.22136615216732025,1564.0,21908.0,1075,429,0.0062221303156308975,0.08906669012127948,0.003223666589313239
Sanger,93,Floor,score>=100.167,0.22136634588241577,1564.0,21911.0,1075,429,,,
Sanger,93,Top-1,top1,0.21388577827547592,120.0,1075.0,1075,120,,,
Sanger,93,Top-3,top3,0.21381112355356477,355.0,3072.0,1075,228,,,
Sanger,94,Fmax,score>=263.705,0.13543358445167542,608.0,5073.0,704,243,0.1877362670932919,0.1347861222817864,0.30920683341690264
Sanger,94,Fmax-full,score>=100.273,0.22260919213294983,1737.0,21605.0,1093,439,0.006213581484037642,0.08484459888522103,0.00322487745040943
Sanger,94,Floor,score>=100.167,0.22262518107891083,1737.0,21607.0,1093,439,,,
Sanger,94,Top-1,top1,0.2116461366181411,148.0,1093.0,1093,148,,,
Sanger,94,Top-3,top3,0.21332586786114224,409.0,3099.0,1093,247,,,
Sanger,95,Fmax,score>=204.22,0.16339388489723206,887.0,8587.0,825,305,0.18515305384937827,0.11731075411368462,0.43907667313709087
Sanger,95,Fmax-full,score>=100.273,0.2240041047334671,1782.0,22227.0,1091,438,0.006075188178427257,0.08797899065941328,0.0031462216633223253
Sanger,95,Floor,score>=100.167,0.2240041047334671,1782.0,22229.0,1091,438,,,
Sanger,95,Top-1,top1,0.21097424412094065,149.0,1091.0,1091,149,,,
Sanger,95,Top-3,top3,0.214147069802165,402.0,3132.0,1091,239,,,
Sanger,96,Fmax,score>=263.705,0.1456414759159088,641.0,5523.0,755,263,0.18745503312234457,0.1356646935289294,0.30320388087341366
Sanger,96,Fmax-full,score>=100.273,0.2245589941740036,1796.0,23020.0,1104,465,0.005999428116310188,0.08431249265096633,0.0031103766696955735
Sanger,96,Floor,score>=100.167,0.2245589941740036,1796.0,23023.0,1104,465,,,
Sanger,96,Top-1,top1,0.21119820828667413,161.0,1104.0,1104,161,,,
Sanger,96,Top-3,top3,0.21422172452407615,426.0,3180.0,1104,253,,,
Sanger,97,Fmax,score>=204.22,0.15138599276542664,791.0,7982.0,762,275,0.18534819716364712,0.1183429583752871,0.4272619461550366
Sanger,97,Fmax-full,score>=100.273,0.2170318067073822,1530.0,20883.0,1053,391,0.006469259844944658,0.08933028502224871,0.0033561555758078888
Sanger,97,Floor,score>=100.167,0.2170318067073822,1530.0,20883.0,1053,391,,,
Sanger,97,Top-1,top1,0.2038073908174692,143.0,1053.0,1053,143,,,
Sanger,97,Top-3,top3,0.20627099664053755,384.0,3013.0,1053,220,,,
Sanger,98,Fmax,score>=204.22,0.16223406791687012,780.0,8581.0,807,279,0.19311617154138547,0.1229863816237538,0.4493414804904308
Sanger,98,Fmax-full,score>=100.273,0.22692523896694183,1613.0,22170.0,1099,428,0.006368960712649853,0.09022124279675613,0.0033009933659484164
Sanger,98,Floor,score>=100.167,0.22692546248435974,1613.0,22172.0,1099,428,,,
Sanger,98,Top-1,top1,0.2154535274356103,137.0,1099.0,1099,137,,,
Sanger,98,Top-3,top3,0.21832773422919,360.0,3125.0,1099,223,,,
Sanger,99,Fmax,score>=263.705,0.13717684149742126,678.0,5433.0,709,244,0.18752963182601987,0.13682118775635485,0.29795853514203907
Sanger,99,Fmax-full,score>=100.273,0.22263795137405396,1738.0,22038.0,1085,424,0.006198302464627935,0.08773542588470423,0.0032126337597550773
Sanger,99,Floor,score>=100.167,0.22265395522117615,1738.0,22041.0,1085,424,,,
Sanger,99,Top-1,top1,0.2103023516237402,146.0,1085.0,1085,146,,,
Sanger,99,Top-3,top3,0.21325121313923107,386.0,3091.0,1085,235,,,
DRIVE,0,Fmax,score>=204.22,0.09465157240629196,342.0,2400.0,209,107,0.20727983501988892,0.13922684128220017,0.40547079702648703
DRIVE,0,Fmax-full,score>=100.273,0.17959003150463104,718.0,7287.0,370,161,0.004446041187923273,0.07791936557923732,0.0022883053915583873
DRIVE,0,Floor,score>=100.167,0.17959003150463104,718.0,7287.0,370,161,,,
DRIVE,0,Top-1,top1,0.16763925729442972,54.0,370.0,370,54,,,
DRIVE,0,Top-3,top3,0.16923076923076924,149.0,1003.0,370,89,,,
DRIVE,1,Fmax,score>=256.276,0.0932183712720871,187.0,1584.0,205,86,0.22146995308797976,0.17676717943779924,0.2964358087563829
DRIVE,1,Fmax-full,score>=100.273,0.18284110724925995,623.0,8326.0,372,167,0.004720819843854032,0.08273297427745348,0.002429731276100636
DRIVE,1,Floor,score>=100.167,0.18284180760383606,623.0,8328.0,372,167,,,
DRIVE,1,Top-1,top1,0.1713527851458886,49.0,372.0,372,49,,,
DRIVE,1,Top-3,top3,0.17577365163572062,122.0,1030.0,372,78,,,
DRIVE,2,Fmax,score>=256.276,0.09495079517364502,270.0,1661.0,218,102,0.20637132023861332,0.16094509692902262,0.2875240304765822
DRIVE,2,Fmax-full,score>=100.273,0.19224119186401367,756.0,8170.0,394,178,0.004321948106154755,0.07989794647638698,0.0022210459688273847
DRIVE,2,Floor,score>=100.167,0.19224119186401367,756.0,8171.0,394,178,,,
DRIVE,2,Top-1,top1,0.1830238726790451,49.0,394.0,394,49,,,
DRIVE,2,Top-3,top3,0.18284703801945182,144.0,1082.0,394,91,,,
DRIVE,3,Fmax,score>=206.09,0.10841843485832214,337.0,2802.0,234,113,0.21769748892662688,0.14988149966833728,0.3975948720884234
DRIVE,3,Fmax-full,score>=100.273,0.18701677024364471,713.0,8759.0,383,170,0.004498903543891208,0.08020871002926354,0.002314357895829027
DRIVE,3,Floor,score>=100.167,0.18701677024364471,713.0,8761.0,383,170,,,
DRIVE,3,Top-1,top1,0.17453580901856763,54.0,383.0,383,54,,,
DRIVE,3,Top-3,top3,0.17789566755084,139.0,1054.0,383,89,,,
DRIVE,4,Fmax,score>=246.766,0.09779202938079834,227.0,1907.0,210,84,0.22870852939404548,0.1758934269106485,0.32685143534425837
DRIVE,4,Fmax-full,score>=100.273,0.18095554411411285,696.0,8283.0,373,167,0.004505708313005997,0.07770304041584646,0.002320121741940461
DRIVE,4,Floor,score>=100.167,0.18095554411411285,696.0,8283.0,373,167,,,
DRIVE,4,Top-1,top1,0.17559681697612733,42.0,373.0,373,42,,,
DRIVE,4,Top-3,top3,0.17435897435897438,129.0,1034.0,373,84,,,
DRIVE,5,Fmax,score>=206.09,0.09453656524419785,307.0,2345.0,211,109,0.20490978423574727,0.13792020718400344,0.39843435541354905
DRIVE,5,Fmax-full,score>=100.273,0.18193084001541138,651.0,7847.0,373,168,0.004525754516985384,0.07977104401561622,0.0023289427287682195
DRIVE,5,Floor,score>=100.167,0.18193155527114868,651.0,7848.0,373,168,,,
DRIVE,5,Top-1,top1,0.1713527851458886,50.0,373.0,373,50,,,
DRIVE,5,Top-3,top3,0.1728558797524315,139.0,1035.0,373,89,,,
DRIVE,6,Fmax,score>=257.495,0.08771025389432907,228.0,1564.0,197,86,0.21284613465952046,0.16835530081008943,0.289298262093598
DRIVE,6,Fmax-full,score>=100.273,0.17141810059547424,647.0,7922.0,350,161,0.004648024872597785,0.0812499063056812,0.0023924441453272416
DRIVE,6,Floor,score>=100.167,0.17141810059547424,647.0,7922.0,350,161,,,
DRIVE,6,Top-1,top1,0.16339522546419097,42.0,350.0,350,42,,,
DRIVE,6,Top-3,top3,0.1616268788682582,134.0,975.0,350,87,,,
DRIVE,7,Fmax,score>=204.22,0.09530413895845413,313.0,2626.0,209,101,0.2101681307479857,0.14144315977354308,0.40879517198676385
DRIVE,7,Fmax-full,score>=100.273,0.17091430723667145,643.0,7946.0,353,164,0.004568515677548992,0.0771730211046007,0.0023539322952143955
DRIVE,7,Floor,score>=100.167,0.17091430723667145,643.0,7947.0,353,164,,,
DRIVE,7,Top-1,top1,0.16074270557029177,50.0,353.0,353,50,,,
DRIVE,7,Top-3,top3,0.16109637488947834,146.0,977.0,353,87,,,
DRIVE,8,Fmax,score>=265.875,0.09305470436811447,240.0,1572.0,209,90,0.2160016953165088,0.18073868090664147,0.26836007990360217
DRIVE,8,Fmax-full,score>=100.273,0.18856120109558105,725.0,8192.0,388,184,0.004285510900184192,0.07827765772489989,0.0022030615749010145
DRIVE,8,Floor,score>=100.167,0.18856120109558105,725.0,8194.0,388,184,,,
DRIVE,8,Top-1,top1,0.176657824933687,55.0,388.0,388,55,,,
DRIVE,8,Top-3,top3,0.1812555260831123,137.0,1075.0,388,87,,,
DRIVE,9,Fmax,score>=252.332,0.1013258844614029,227.0,1702.0,224,95,0.21811014133245668,0.1748812259771885,0.289728062759325
DRIVE,9,Fmax-full,score>=100.273,0.1987953782081604,697.0,8573.0,407,175,0.004477276998145115,0.08035800331517269,0.0023027903561866976
DRIVE,9,Floor,score>=100.167,0.19879606366157532,697.0,8576.0,407,175,,,
DRIVE,9,Top-1,top1,0.18249336870026525,63.0,407.0,407,63,,,
DRIVE,9,Top-3,top3,0.18956675508399648,149.0,1129.0,407,96,,,
DRIVE,10,Fmax,score>=205.996,0.10193229466676712,336.0,2478.0,225,105,0.20987850368275826,0.14133521311800643,0.4075070695541709
DRIVE,10,Fmax-full,score>=100.273,0.17999312281608582,747.0,8293.0,368,160,0.004545479133946982,0.08083200988086811,0.002338490497686671
DRIVE,10,Floor,score>=100.167,0.17999312281608582,747.0,8294.0,368,160,,,
DRIVE,10,Top-1,top1,0.1702917771883289,47.0,368.0,368,47,,,
DRIVE,10,Top-3,top3,0.1709106984969054,137.0,1024.0,368,84,,,
DRIVE,11,Fmax,score>=205.996,0.10922862589359283,305.0,2651.0,240,117,0.2109131715660015,0.1430024154313648,0.4016570317223267
DRIVE,11,Fmax-full,score>=100.273,0.1873084157705307,688.0,8808.0,384,175,0.004692159961104397,0.07978723478208642,0.0024171544794959923
DRIVE,11,Floor,score>=100.167,0.1873091161251068,688.0,8809.0,384,175,,,
DRIVE,11,Top-1,top1,0.17453580901856763,55.0,384.0,384,55,,,
DRIVE,11,Top-3,top3,0.17754199823165343,144.0,1059.0,384,94,,,
DRIVE,12,Fmax,score>=220.428,0.10902103036642075,267.0,2333.0,236,99,0.2177225827963199,0.1533315621170343,0.37534900494934625
DRIVE,12,Fmax-full,score>=100.273,0.19311699271202087,668.0,8242.0,398,173,0.004407075582556776,0.07754904252511484,0.002267981965018344
DRIVE,12,Floor,score>=100.167,0.19311699271202087,668.0,8243.0,398,173,,,
DRIVE,12,Top-1,top1,0.18461538461538463,50.0,398.0,398,50,,,
DRIVE,12,Top-3,top3,0.18603006189213087,136.0,1090.0,398,90,,,
DRIVE,13,Fmax,score>=257.495,0.08617649227380753,236.0,1758.0,194,94,0.21113091494057326,0.16755319510394262,0.285344011041183
DRIVE,13,Fmax-full,score>=100.273,0.1777852326631546,726.0,8424.0,368,172,0.004455484978148079,0.07617672231106684,0.002294854119411228
DRIVE,13,Floor,score>=100.167,0.1777852326631546,726.0,8424.0,368,172,,,
DRIVE,13,Top-1,top1,0.16710875331564987,53.0,368.0,368,53,,,
DRIVE,13,Top-3,top3,0.16861184792219278,146.0,1014.0,368,92,,,
DRIVE,14,Fmax,score>=265.875,0.08698926866054535,192.0,1467.0,192,76,0.22066889016431665,0.1858705120322145,0.2714983799165859
DRIVE,14,Fmax-full,score>=100.273,0.181935116648674,624.0,7779.0,369,158,0.00484324591380129,0.08390201513070408,0.002493594355036277
DRIVE,14,Floor,score>=100.167,0.181935116648674,624.0,7779.0,369,158,,,
DRIVE,14,Top-1,top1,0.1740053050397878,41.0,369.0,369,41,,,
DRIVE,14,Top-3,top3,0.17524314765694077,114.0,1012.0,369,76,,,
DRIVE,15,Fmax,score>=252.332,0.09699096530675888,211.0,1633.0,208,86,0.22493188321517552,0.18527502264858278,0.2861886124727725
DRIVE,15,Fmax-full,score>=100.273,0.18843957781791687,598.0,8155.0,381,158,0.00466674211640203,0.08534104761822946,0.0023989628289972104
DRIVE,15,Floor,score>=100.167,0.18844029307365417,598.0,8157.0,381,158,,,
DRIVE,15,Top-1,top1,0.18143236074270558,39.0,381.0,381,39,,,
DRIVE,15,Top-3,top3,0.18028293545534926,123.0,1049.0,381,80,,,
DRIVE,16,Fmax,score>=205.996,0.1015436053276062,328.0,2586.0,224,111,0.2080123138057781,0.1415685017903646,0.3919881959931904
DRIVE,16,Fmax-full,score>=100.273,0.17767243087291718,688.0,8200.0,363,163,0.004569215811824116,0.0810782291467516,0.002350849731094864
DRIVE,16,Floor,score>=100.167,0.1776731312274933,688.0,8202.0,363,163,,,
DRIVE,16,Top-1,top1,0.1660477453580902,50.0,363.0,363,50,,,
DRIVE,16,Top-3,top3,0.1687002652519894,133.0,1015.0,363,85,,,
DRIVE,17,Fmax,score>=205.996,0.10817312449216843,314.0,2465.0,234,113,0.21681866270111352,0.14895022410266803,0.3983038631689948
DRIVE,17,Fmax-full,score>=100.273,0.18977442383766174,679.0,8461.0,389,174,0.004414602858791098,0.07984150015884522,0.0022700595911328892
DRIVE,17,Floor,score>=100.167,0.18977512419223785,679.0,8463.0,389,174,,,
DRIVE,17,Top-1,top1,0.18249336870026525,45.0,389.0,389,45,,,
DRIVE,17,Top-3,top3,0.18090185676392573,138.0,1066.0,389,93,,,
DRIVE,18,Fmax,score>=265.875,0.08716945350170135,219.0,1545.0,199,88,0.209457271109524,0.1746821074993476,0.26151981117862017
DRIVE,18,Fmax-full,score>=100.273,0.18210507929325104,720.0,8218.0,371,171,0.0045564503681240695,0.08220526184698548,0.002343163285185233
DRIVE,18,Floor,score>=100.167,0.18210574984550476,720.0,8221.0,371,171,,,
DRIVE,18,Top-1,top1,0.17188328912466844,47.0,371.0,371,47,,,
DRIVE,18,Top-3,top3,0.17329796640141468,133.0,1022.0,371,90,,,
DRIVE,19,Fmax,score>=204.22,0.10329379886388779,326.0,2601.0,226,107,0.210875764198016,0.14230749420960154,0.40696389078544287
DRIVE,19,Fmax-full,score>=100.273,0.18676254153251648,693.0,8161.0,381,163,0.004587696138797157,0.0817527900894979,0.002360067664471373
DRIVE,19,Floor,score>=100.167,0.1867632418870926,693.0,8164.0,381,163,,,
DRIVE,19,Top-1,top1,0.17771883289124668,46.0,381.0,381,46,,,
DRIVE,19,Top-3,top3,0.17842617152961981,134.0,1050.0,381,85,,,
DRIVE,20,Fmax,score>=265.429,0.08204064518213272,202.0,1319.0,189,82,0.20822874731022295,0.17072241757892057,0.26685451978514185
DRIVE,20,Fmax-full,score>=100.273,0.17342117428779602,635.0,7839.0,356,167,0.004540423016176475,0.0793330885190311,0.0023370901465632117
DRIVE,20,Floor,score>=100.167,0.17342117428779602,635.0,7839.0,356,167,,,
DRIVE,20,Top-1,top1,0.16074270557029177,53.0,356.0,356,53,,,
DRIVE,20,Top-3,top3,0.16595932802829358,127.0,980.0,356,81,,,
DRIVE,21,Fmax,score>=204.22,0.108519047498703,312.0,2605.0,236,113,0.21376443178919063,0.14471793897224194,0.40881401857469485
DRIVE,21,Fmax-full,score>=100.273,0.18813829123973846,690.0,8341.0,383,171,0.004571394588156125,0.08261379202885026,0.0023507357110529176
DRIVE,21,Floor,score>=100.167,0.18813829123973846,690.0,8341.0,383,171,,,
DRIVE,21,Top-1,top1,0.17506631299734748,53.0,383.0,383,53,,,
DRIVE,21,Top-3,top3,0.17612732095490716,149.0,1050.0,383,95,,,
DRIVE,22,Fmax,score>=256.276,0.0962347462773323,216.0,1753.0,214,91,0.21953687021710294,0.17313167716883407,0.2999277286421269
DRIVE,22,Fmax-full,score>=100.273,0.1893664449453354,705.0,8418.0,390,173,0.0046255243392482465,0.0779043425113783,0.0023835222837672847
DRIVE,22,Floor,score>=100.167,0.1893664449453354,705.0,8419.0,390,173,,,
DRIVE,22,Top-1,top1,0.17984084880636605,51.0,390.0,390,51,,,
DRIVE,22,Top-3,top3,0.18010610079575598,147.0,1082.0,390,99,,,
DRIVE,23,Fmax,score>=204.22,0.102292001247406,334.0,2572.0,222,107,0.21463760836773135,0.145153256799902,0.41173250479528234
DRIVE,23,Fmax-full,score>=100.273,0.18932470679283142,711.0,8165.0,386,159,0.004457293574619684,0.08202497926476883,0.002290891082860512
DRIVE,23,Floor,score>=100.167,0.18932470679283142,711.0,8166.0,386,159,,,
DRIVE,23,Top-1,top1,0.17559681697612733,55.0,386.0,386,55,,,
DRIVE,23,Top-3,top3,0.17816091954022992,150.0,1047.0,386,92,,,
DRIVE,24,Fmax,score>=205.996,0.11169985681772232,345.0,2934.0,244,129,0.21199208522162916,0.1453682385958158,0.39135378728509296
DRIVE,24,Fmax-full,score>=100.273,0.1988939344882965,776.0,9368.0,409,189,0.004228009046116111,0.07841958585964977,0.0021725718656459675
DRIVE,24,Floor,score>=100.167,0.1988939344882965,776.0,9368.0,409,189,,,
DRIVE,24,Top-1,top1,0.18726790450928382,56.0,409.0,409,56,,,
DRIVE,24,Top-3,top3,0.18974358974358976,152.0,1121.0,409,104,,,
DRIVE,25,Fmax,score>=256.276,0.09741249680519104,236.0,1723.0,215,91,0.22171905488409438,0.17607713501750794,0.29930303651210816
DRIVE,25,Fmax-full,score>=100.273,0.1903587132692337,746.0,8871.0,388,176,0.004456258764328287,0.08215446384875125,0.002290243584908404
DRIVE,25,Floor,score>=100.167,0.1903587132692337,746.0,8871.0,388,176,,,
DRIVE,25,Top-1,top1,0.18249336870026525,44.0,388.0,388,44,,,
DRIVE,25,Top-3,top3,0.18231653404067197,131.0,1071.0,388,83,,,
DRIVE,26,Fmax,score>=256.276,0.0873541459441185,211.0,1571.0,194,81,0.21528893409516373,0.17272169290766543,0.2856995567170581
DRIVE,26,Fmax-full,score>=100.273,0.17754973471164703,619.0,8189.0,363,162,0.004689774994544812,0.08082098531245654,0.002414953383930197
DRIVE,26,Floor,score>=100.167,0.17755043506622314,619.0,8190.0,363,162,,,
DRIVE,26,Top-1,top1,0.17188328912466844,39.0,363.0,363,39,,,
DRIVE,26,Top-3,top3,0.1702917771883289,122.0,1009.0,363,75,,,
DRIVE,27,Fmax,score>=149.934,0.12629492580890656,505.0,4566.0,272,144,0.2004336756355801,0.11896889570558813,0.6358068323821972
DRIVE,27,Fmax-full,score>=100.273,0.17547471821308136,744.0,8309.0,363,170,0.004384946738165277,0.0764701682017563,0.002257189156035441
DRIVE,27,Floor,score>=100.167,0.17547471821308136,744.0,8310.0,363,170,,,
DRIVE,27,Top-1,top1,0.16445623342175067,53.0,363.0,363,53,,,
DRIVE,27,Top-3,top3,0.16463306808134395,154.0,1005.0,363,90,,,
DRIVE,28,Fmax,score>=256.276,0.0948835089802742,226.0,1714.0,209,90,0.22002305930112892,0.17644530995155924,0.29218596863662644
DRIVE,28,Fmax-full,score>=100.273,0.19496873021125793,721.0,8601.0,398,174,0.004462709208483555,0.08158893938417788,0.0022940952154092914
DRIVE,28,Floor,score>=100.167,0.19496873021125793,721.0,8604.0,398,174,,,
DRIVE,28,Top-1,top1,0.1883289124668435,43.0,398.0,398,43,,,
DRIVE,28,Top-3,top3,0.18638373121131743,138.0,1080.0,398,91,,,
DRIVE,29,Fmax,score>=246.766,0.10027403384447098,213.0,1769.0,219,85,0.2228190928633127,0.1702237968365845,0.32244831595863066
DRIVE,29,Fmax-full,score>=100.273,0.17551392316818237,682.0,8435.0,359,176,0.004595148617774068,0.08064291141885988,0.002364953528883852
DRIVE,29,Floor,score>=100.167,0.17551392316818237,682.0,8435.0,359,176,,,
DRIVE,29,Top-1,top1,0.16657824933687002,45.0,359.0,359,45,,,
DRIVE,29,Top-3,top3,0.16923076923076924,118.0,992.0,359,77,,,
DRIVE,30,Fmax,score>=205.996,0.1127970963716507,348.0,2774.0,245,121,0.2155973680494352,0.14770678334612838,0.3989815886243974
DRIVE,30,Fmax-full,score>=100.273,0.18983867764472961,711.0,8864.0,390,185,0.004287522856778271,0.07892513275146484,0.0022036159605843407
DRIVE,30,Floor,score>=100.167,0.18983867764472961,711.0,8864.0,390,185,,,
DRIVE,30,Top-1,top1,0.17771883289124668,55.0,390.0,390,55,,,
DRIVE,30,Top-3,top3,0.17984084880636605,149.0,1087.0,390,91,,,
DRIVE,31,Fmax,score>=257.495,0.08366701006889343,242.0,1508.0,190,88,0.2084514724122857,0.1647407960700223,0.28373483876916367
DRIVE,31,Fmax-full,score>=100.273,0.1728767305612564,663.0,7533.0,353,160,0.004419783886231712,0.08124256868435867,0.0022716843889953957
DRIVE,31,Floor,score>=100.167,0.1728767305612564,663.0,7536.0,353,160,,,
DRIVE,31,Top-1,top1,0.16339522546419097,45.0,353.0,353,45,,,
DRIVE,31,Top-3,top3,0.16445623342175067,127.0,979.0,353,80,,,
DRIVE,32,Fmax,score>=206.09,0.10896816849708557,349.0,2770.0,238,115,0.21573589808171081,0.14538683002892555,0.4179916553950059
DRIVE,32,Fmax-full,score>=100.273,0.19368447363376617,782.0,9000.0,398,186,0.004276330169648413,0.07878711488511828,0.002197810389056982
DRIVE,32,Floor,score>=100.167,0.19368447363376617,782.0,9002.0,398,186,,,
DRIVE,32,Top-1,top1,0.18090185676392573,57.0,398.0,398,57,,,
DRIVE,32,Top-3,top3,0.18373121131741824,153.0,1099.0,398,93,,,
DRIVE,33,Fmax,score>=246.766,0.0932648628950119,237.0,1846.0,206,93,0.218019160613214,0.16533427084645919,0.3199843497146128
DRIVE,33,Fmax-full,score>=100.273,0.18656212091445923,714.0,8249.0,381,174,0.004419283664925356,0.08132395922934697,0.0022713565408545282
DRIVE,33,Floor,score>=100.167,0.18656280636787415,714.0,8251.0,381,174,,,
DRIVE,33,Top-1,top1,0.176657824933687,48.0,381.0,381,48,,,
DRIVE,33,Top-3,top3,0.17754199823165343,139.0,1063.0,381,88,,,
DRIVE,34,Fmax,score>=256.276,0.09771158546209335,250.0,1719.0,220,104,0.211486114290235,0.16847923474434096,0.2839750528179618
DRIVE,34,Fmax-full,score>=100.273,0.19303017854690552,733.0,8575.0,395,181,0.004417100502996906,0.08055215063392085,0.0022708105278909617
DRIVE,34,Floor,score>=100.167,0.19303017854690552,733.0,8576.0,395,181,,,
DRIVE,34,Top-1,top1,0.18090185676392573,54.0,395.0,395,54,,,
DRIVE,34,Top-3,top3,0.1834659593280283,147.0,1085.0,395,94,,,
DRIVE,35,Fmax,score>=265.875,0.0903322771191597,236.0,1645.0,205,93,0.2081633192556168,0.17681741210421348,0.2530179323967345
DRIVE,35,Fmax-full,score>=100.273,0.1915540099143982,724.0,8630.0,392,176,0.004496759489333234,0.0805242867305361,0.002312961704440519
DRIVE,35,Floor,score>=100.167,0.1915547102689743,724.0,8631.0,392,176,,,
DRIVE,35,Top-1,top1,0.17877984084880635,55.0,392.0,392,55,,,
DRIVE,35,Top-3,top3,0.18028293545534926,154.0,1073.0,392,98,,,
DRIVE,36,Fmax,score>=191.044,0.12221844494342804,335.0,3237.0,263,121,0.21427142496669094,0.1404240211743987,0.45194328429004926
DRIVE,36,Fmax-full,score>=100.273,0.19655975699424744,675.0,8996.0,401,173,0.004494276763222932,0.08187217579486063,0.0023105560084052106
DRIVE,36,Floor,score>=100.167,0.19655975699424744,675.0,8998.0,401,173,,,
DRIVE,36,Top-1,top1,0.18408488063660478,54.0,401.0,401,54,,,
DRIVE,36,Top-3,top3,0.1856763925729443,153.0,1116.0,401,89,,,
DRIVE,37,Fmax,score>=246.766,0.08840803056955338,229.0,1712.0,199,96,0.20949824952265517,0.15874884664182873,0.3079423775441019
DRIVE,37,Fmax-full,score>=100.273,0.17272253334522247,684.0,7830.0,357,165,0.004602309470203132,0.07686054377266056,0.0023721761474714133
DRIVE,37,Floor,score>=100.167,0.17272324860095978,684.0,7832.0,357,165,,,
DRIVE,37,Top-1,top1,0.16339522546419097,49.0,357.0,357,49,,,
DRIVE,37,Top-3,top3,0.16374889478337756,143.0,996.0,357,95,,,
DRIVE,38,Fmax,score>=246.766,0.0961405336856842,241.0,2001.0,212,96,0.2168140130142683,0.16617630939094388,0.3118382143144112
DRIVE,38,Fmax-full,score>=100.273,0.18700993061065674,705.0,8748.0,383,176,0.004440362340418302,0.08019404145502257,0.002283397284052258
DRIVE,38,Floor,score>=100.167,0.18700993061065674,705.0,8748.0,383,176,,,
DRIVE,38,Top-1,top1,0.17824933687002653,47.0,383.0,383,47,,,
DRIVE,38,Top-3,top3,0.17780725022104332,139.0,1055.0,383,89,,,
DRIVE,39,Fmax,score>=256.276,0.0918552353978157,249.0,1915.0,204,96,0.21774550067136728,0.1731591815790854,0.2932549836685177
DRIVE,39,Fmax-full,score>=100.273,0.17830953001976013,762.0,8312.0,368,175,0.004422839996055595,0.07728217378825417,0.0022765635880514527
DRIVE,39,Floor,score>=100.167,0.17830953001976013,762.0,8313.0,368,175,,,
DRIVE,39,Top-1,top1,0.16816976127320954,51.0,368.0,368,51,,,
DRIVE,39,Top-3,top3,0.17055702917771884,137.0,1005.0,368,88,,,
DRIVE,40,Fmax,score>=154.078,0.13778327405452728,482.0,4384.0,293,154,0.20804233540708714,0.12592920064926147,0.5979223480248771
DRIVE,40,Fmax-full,score>=100.273,0.19173143804073334,733.0,8459.0,393,189,0.004274224379679195,0.07985102540467222,0.0021958822134174262
DRIVE,40,Floor,score>=100.167,0.19173143804073334,733.0,8459.0,393,189,,,
DRIVE,40,Top-1,top1,0.17771883289124668,58.0,393.0,393,58,,,
DRIVE,40,Top-3,top3,0.1799292661361627,159.0,1086.0,393,99,,,
DRIVE,41,Fmax,score>=265.429,0.0901741310954094,194.0,1430.0,202,85,0.2188952269157094,0.18024334448650792,0.2786496249007734
DRIVE,41,Fmax-full,score>=100.273,0.18674106895923615,708.0,8359.0,382,173,0.004549720507677497,0.08066329956054688,0.002340877503579457
DRIVE,41,Floor,score>=100.167,0.18674106895923615,708.0,8359.0,382,173,,,
DRIVE,41,Top-1,top1,0.17984084880636605,43.0,382.0,382,43,,,
DRIVE,41,Top-3,top3,0.18001768346595934,126.0,1068.0,382,82,,,
DRIVE,42,Fmax,score>=265.875,0.0995965525507927,223.0,1703.0,222,93,0.21826083044550545,0.1844250193813391,0.267301743165544
DRIVE,42,Fmax-full,score>=100.273,0.1884705126285553,731.0,8859.0,388,181,0.004435833625410286,0.07808204319166101,0.002282758460831532
DRIVE,42,Floor,score>=100.167,0.1884705126285553,731.0,8860.0,388,181,,,
DRIVE,42,Top-1,top1,0.1793103448275862,50.0,388.0,388,50,,,
DRIVE,42,Top-3,top3,0.1793103448275862,146.0,1087.0,388,94,,,
DRIVE,43,Fmax,score>=257.495,0.08786293119192123,265.0,1601.0,202,103,0.20458100745829272,0.16039136407797228,0.28237987057057806
DRIVE,43,Fmax-full,score>=100.273,0.1875055730342865,746.0,7737.0,389,173,0.004227115571923646,0.07494246754859321,0.00217489505613598
DRIVE,43,Floor,score>=100.167,0.1875055730342865,746.0,7738.0,389,173,,,
DRIVE,43,Top-1,top1,0.1740053050397878,61.0,389.0,389,61,,,
DRIVE,43,Top-3,top3,0.17674624226348368,167.0,1070.0,389,99,,,
DRIVE,44,Fmax,score>=256.276,0.10191547870635986,214.0,1750.0,224,84,0.22468375911985494,0.1783892697301404,0.30342736939581694
DRIVE,44,Fmax-full,score>=100.273,0.19686970114707947,687.0,9072.0,401,177,0.004539239317493808,0.08255077543712798,0.002333783824614052
DRIVE,44,Floor,score>=100.167,0.19686970114707947,687.0,9074.0,401,177,,,
DRIVE,44,Top-1,top1,0.18673740053050397,49.0,401.0,401,49,,,
DRIVE,44,Top-3,top3,0.18868258178603006,134.0,1107.0,401,84,,,
DRIVE,45,Fmax,score>=191.044,0.10912853479385376,421.0,3161.0,238,125,0.2067404447731489,0.13472615414314065,0.44414794059334506
DRIVE,45,Fmax-full,score>=100.273,0.18400688469409943,786.0,8611.0,378,172,0.004205478751861612,0.07899294719437129,0.0021602436148779854
DRIVE,45,Floor,score>=100.167,0.18400688469409943,786.0,8611.0,378,172,,,
DRIVE,45,Top-1,top1,0.16923076923076924,59.0,378.0,378,59,,,
DRIVE,45,Top-3,top3,0.17206012378426175,157.0,1048.0,378,95,,,
DRIVE,46,Fmax,score>=256.276,0.09987908601760864,238.0,1747.0,223,100,0.2132603514596054,0.17190105479250672,0.2808272225513377
DRIVE,46,Fmax-full,score>=100.273,0.18363292515277863,710.0,8664.0,378,177,0.0044319503375436775,0.07819552874673007,0.0022806050029492
DRIVE,46,Floor,score>=100.167,0.18363362550735474,710.0,8666.0,378,177,,,
DRIVE,46,Top-1,top1,0.1724137931034483,53.0,378.0,378,53,,,
DRIVE,46,Top-3,top3,0.17365163572060127,150.0,1056.0,378,95,,,
DRIVE,47,Fmax,score>=256.276,0.09052442759275436,244.0,1705.0,206,97,0.20695246467453915,0.16452382511123087,0.27886939973638775
DRIVE,47,Fmax-full,score>=100.273,0.18305200338363647,742.0,8374.0,377,170,0.004391464087844999,0.07799984344654838,0.0022593333330808217
DRIVE,47,Floor,score>=100.167,0.18305200338363647,742.0,8375.0,377,170,,,
DRIVE,47,Top-1,top1,0.17188328912466844,53.0,377.0,377,53,,,
DRIVE,47,Top-3,top3,0.17303271441202478,150.0,1036.0,377,98,,,
DRIVE,48,Fmax,score>=204.22,0.10419324785470963,319.0,2552.0,232,115,0.203988538070402,0.13582127793390947,0.40952459035847183
DRIVE,48,Fmax-full,score>=100.273,0.18953529000282288,668.0,8539.0,389,174,0.004496398983311556,0.07932509589441043,0.0023137755746349136
DRIVE,48,Floor,score>=100.167,0.18953529000282288,668.0,8540.0,389,174,,,
DRIVE,48,Top-1,top1,0.17824933687002653,53.0,389.0,389,53,,,
DRIVE,48,Top-3,top3,0.18010610079575598,146.0,1068.0,389,89,,,
DRIVE,49,Fmax,score>=154.078,0.12848146259784698,486.0,4501.0,272,147,0.2100505976331938,0.1271720343747045,0.6030812476301199
DRIVE,49,Fmax-full,score>=100.273,0.1750195026397705,763.0,8452.0,358,175,0.0043745390361306456,0.08062895209388396,0.0022482593870681144
DRIVE,49,Floor,score>=100.167,0.1750195026397705,763.0,8452.0,358,175,,,
DRIVE,49,Top-1,top1,0.1623342175066313,52.0,358.0,358,52,,,
DRIVE,49,Top-3,top3,0.16569407603890365,135.0,1006.0,358,86,,,
DRIVE,50,Fmax,score>=205.996,0.10117616504430771,259.0,2343.0,217,93,0.22112209592547408,0.15128769953028592,0.4107022296246872
DRIVE,50,Fmax-full,score>=100.273,0.18231654167175293,581.0,8046.0,368,162,0.004759573483534873,0.08573096870575975,0.0024477328080720353
DRIVE,50,Floor,score>=100.167,0.18231725692749023,581.0,8047.0,368,162,,,
DRIVE,50,Top-1,top1,0.1713527851458886,45.0,368.0,368,45,,,
DRIVE,50,Top-3,top3,0.17276746242263485,127.0,1007.0,368,75,,,
DRIVE,51,Fmax,score>=256.276,0.1004209816455841,262.0,1842.0,225,97,0.2164911738395939,0.1705301667907583,0.2963677049767276
DRIVE,51,Fmax-full,score>=100.273,0.1933699995279312,774.0,9347.0,397,189,0.004358944259783632,0.07916682248859737,0.0022411718603390016
DRIVE,51,Floor,score>=100.167,0.1933699995279312,774.0,9349.0,397,189,,,
DRIVE,51,Top-1,top1,0.17718832891246683,63.0,397.0,397,63,,,
DRIVE,51,Top-3,top3,0.18019451812555265,168.0,1099.0,397,101,,,
DRIVE,52,Fmax,score>=205.996,0.10062793642282486,304.0,2505.0,221,111,0.210022144290308,0.14313248551791982,0.3942796038558048
DRIVE,52,Fmax-full,score>=100.273,0.174525186419487,679.0,8075.0,359,162,0.004634886204209974,0.07857897854590601,0.002387865792918125
DRIVE,52,Floor,score>=100.167,0.174525186419487,679.0,8076.0,359,162,,,
DRIVE,52,Top-1,top1,0.16286472148541115,52.0,359.0,359,52,,,
DRIVE,52,Top-3,top3,0.16657824933687002,133.0,996.0,359,90,,,
DRIVE,53,Fmax,score>=205.996,0.10395362973213196,294.0,2647.0,226,115,0.21513932430401728,0.14682134465214045,0.40236548945083644
DRIVE,53,Fmax-full,score>=100.273,0.1819199025630951,670.0,8590.0,368,171,0.004549033868295631,0.08489463686676367,0.002337133973289668
DRIVE,53,Floor,score>=100.167,0.1819199025630951,670.0,8590.0,368,171,,,
DRIVE,53,Top-1,top1,0.1702917771883289,47.0,368.0,368,47,,,
DRIVE,53,Top-3,top3,0.1728558797524315,126.0,1032.0,368,85,,,
DRIVE,54,Fmax,score>=204.22,0.10298441350460052,360.0,2724.0,226,115,0.20988989123249846,0.14122351040184275,0.4085248053898375
DRIVE,54,Fmax-full,score>=100.273,0.17812208831310272,742.0,8139.0,367,178,0.004196813226503094,0.07791834996399266,0.0021564824983015822
DRIVE,54,Floor,score>=100.167,0.17812208831310272,742.0,8140.0,367,178,,,
DRIVE,54,Top-1,top1,0.16551724137931034,55.0,367.0,367,55,,,
DRIVE,54,Top-3,top3,0.167816091954023,152.0,1017.0,367,93,,,
DRIVE,55,Fmax,score>=257.495,0.08953340351581573,270.0,1731.0,201,90,0.21330466469031684,0.16858116948873844,0.2903263769310466
DRIVE,55,Fmax-full,score>=100.273,0.17516373097896576,782.0,8142.0,364,175,0.004291207947206825,0.07478891555344341,0.002208976861091933
DRIVE,55,Floor,score>=100.167,0.17516373097896576,782.0,8144.0,364,175,,,
DRIVE,55,Top-1,top1,0.16710875331564987,49.0,364.0,364,49,,,
DRIVE,55,Top-3,top3,0.16569407603890365,151.0,1002.0,364,95,,,
DRIVE,56,Fmax,score>=206.09,0.10314733535051346,289.0,2555.0,226,103,0.21284746676776667,0.14405424266942815,0.4074032110045757
DRIVE,56,Fmax-full,score>=100.273,0.179445281624794,659.0,8347.0,369,169,0.004548477908242036,0.07864638752526158,0.0023419621086637186
DRIVE,56,Floor,score>=100.167,0.17944598197937012,659.0,8348.0,369,169,,,
DRIVE,56,Top-1,top1,0.1687002652519894,51.0,369.0,369,51,,,
DRIVE,56,Top-3,top3,0.17046861184792222,141.0,1028.0,369,87,,,
DRIVE,57,Fmax,score>=256.276,0.10021337121725082,250.0,1809.0,227,101,0.20898111099560407,0.16608276698180754,0.2817577119316077
DRIVE,57,Fmax-full,score>=100.273,0.1927233189344406,738.0,9518.0,395,176,0.004313621351483069,0.0798849702018905,0.002216658127673388
DRIVE,57,Floor,score>=100.167,0.1927233189344406,738.0,9519.0,395,176,,,
DRIVE,57,Top-1,top1,0.18143236074270558,53.0,395.0,395,53,,,
DRIVE,57,Top-3,top3,0.18267020335985856,148.0,1100.0,395,96,,,
DRIVE,58,Fmax,score>=257.495,0.0876937210559845,226.0,1671.0,200,89,0.20922321826820117,0.1631788034908107,0.29146687658933623
DRIVE,58,Fmax-full,score>=100.273,0.17757104337215424,692.0,8409.0,364,170,0.004531856922104906,0.07984215751257134,0.0023321140936023122
DRIVE,58,Floor,score>=100.167,0.17757104337215424,692.0,8410.0,364,170,,,
DRIVE,58,Top-1,top1,0.1660477453580902,51.0,364.0,364,51,,,
DRIVE,58,Top-3,top3,0.1685234305923961,137.0,1004.0,364,85,,,
DRIVE,59,Fmax,score>=205.996,0.1147150993347168,354.0,2870.0,249,125,0.21648846887109502,0.14810727313884253,0.4021710064447589
DRIVE,59,Fmax-full,score>=100.273,0.19064897298812866,769.0,8820.0,391,189,0.004230223664256399,0.07962126354125557,0.0021728323867391164
DRIVE,59,Floor,score>=100.167,0.19064897298812866,769.0,8822.0,391,189,,,
DRIVE,59,Top-1,top1,0.17771883289124668,56.0,391.0,391,56,,,
DRIVE,59,Top-3,top3,0.17984084880636605,154.0,1088.0,391,99,,,
DRIVE,60,Fmax,score>=154.078,0.1281309872865677,406.0,3874.0,278,139,0.1972894726624387,0.11816805774018965,0.5970632073494155
DRIVE,60,Fmax-full,score>=100.273,0.17957593500614166,643.0,7781.0,368,163,0.00448113541506389,0.07995240213620317,0.00230516718184551
DRIVE,60,Floor,score>=100.167,0.17957663536071777,643.0,7782.0,368,163,,,
DRIVE,60,Top-1,top1,0.16710875331564987,53.0,368.0,368,53,,,
DRIVE,60,Top-3,top3,0.17099911582670205,137.0,1022.0,368,89,,,
DRIVE,61,Fmax,score>=191.044,0.10374175012111664,293.0,2635.0,224,106,0.21157060902649988,0.13814624566682346,0.45158892616488033
DRIVE,61,Fmax-full,score>=100.273,0.17835339903831482,563.0,7544.0,363,152,0.004771455082113623,0.08250609706585876,0.002456766852706455
DRIVE,61,Floor,score>=100.167,0.17835339903831482,563.0,7546.0,363,152,,,
DRIVE,61,Top-1,top1,0.1660477453580902,50.0,363.0,363,50,,,
DRIVE,61,Top-3,top3,0.16976127320954906,127.0,998.0,363,82,,,
DRIVE,62,Fmax,score>=205.996,0.1038210466504097,256.0,2430.0,223,94,0.22330060040660327,0.15109049855230475,0.4277184250433092
DRIVE,62,Fmax-full,score>=100.273,0.17742566764354706,625.0,8112.0,363,166,0.004644452445275902,0.08056086454296006,0.0023911529670813877
DRIVE,62,Floor,score>=100.167,0.17742566764354706,625.0,8112.0,363,166,,,
DRIVE,62,Top-1,top1,0.1702917771883289,42.0,363.0,363,42,,,
DRIVE,62,Top-3,top3,0.17108753315649866,119.0,994.0,363,77,,,
DRIVE,63,Fmax,score>=256.276,0.09281820058822632,264.0,1840.0,209,100,0.2107750790109203,0.16831787045663982,0.2818768939255281
DRIVE,63,Fmax-full,score>=100.273,0.17832624912261963,747.0,8526.0,368,179,0.004328644476305932,0.07731747893945749,0.0022266521648808763
DRIVE,63,Floor,score>=100.167,0.17832624912261963,747.0,8528.0,368,179,,,
DRIVE,63,Top-1,top1,0.16763925729442972,52.0,368.0,368,52,,,
DRIVE,63,Top-3,top3,0.1702033598585323,141.0,1031.0,368,84,,,
DRIVE,64,Fmax,score>=220.428,0.09950169920921326,334.0,2469.0,221,112,0.20621073705759238,0.14334308442615326,0.367303193439557
DRIVE,64,Fmax-full,score>=100.273,0.1862364113330841,788.0,8482.0,383,178,0.004258778793851532,0.07853523401948237,0.002188734323038935
DRIVE,64,Floor,score>=100.167,0.1862364113330841,788.0,8483.0,383,178,,,
DRIVE,64,Top-1,top1,0.17506631299734748,53.0,383.0,383,53,,,
DRIVE,64,Top-3,top3,0.17674624226348365,147.0,1058.0,383,91,,,
DRIVE,65,Fmax,score>=269.966,0.09248106926679611,246.0,1697.0,210,97,0.20178565666165987,0.17122955322265626,0.24561612649760658
DRIVE,65,Fmax-full,score>=100.273,0.17970025539398193,718.0,8534.0,371,175,0.004375655340274379,0.07711762878897482,0.0022517086606475803
DRIVE,65,Floor,score>=100.167,0.17970025539398193,718.0,8535.0,371,175,,,
DRIVE,65,Top-1,top1,0.16923076923076924,52.0,371.0,371,52,,,
DRIVE,65,Top-3,top3,0.1695844385499558,152.0,1038.0,371,92,,,
DRIVE,66,Fmax,score>=265.429,0.09114274382591248,210.0,1484.0,207,92,0.2094664878611383,0.17543792724609375,0.2598722229889993
DRIVE,66,Fmax-full,score>=100.273,0.18073724210262299,634.0,8162.0,369,174,0.004592502526648655,0.08137351588199013,0.0023629299716704678
DRIVE,66,Floor,score>=100.167,0.18073724210262299,634.0,8163.0,369,174,,,
DRIVE,66,Top-1,top1,0.16392572944297082,60.0,369.0,369,60,,,
DRIVE,66,Top-3,top3,0.16976127320954906,143.0,1029.0,369,91,,,
DRIVE,67,Fmax,score>=205.996,0.10824853926897049,321.0,2651.0,234,106,0.21802187914914006,0.14921846209831957,0.40456222453402907
DRIVE,67,Fmax-full,score>=100.273,0.19522343575954437,697.0,8400.0,400,168,0.004502356857666708,0.08001505415843424,0.0023163475612987456
DRIVE,67,Floor,score>=100.167,0.19522343575954437,697.0,8400.0,400,168,,,
DRIVE,67,Top-1,top1,0.18143236074270558,58.0,400.0,400,58,,,
DRIVE,67,Top-3,top3,0.18638373121131743,144.0,1106.0,400,86,,,
DRIVE,68,Fmax,score>=205.996,0.10460460931062698,243.0,2549.0,222,91,0.22568088045046958,0.15538185373003632,0.41214795968007506
DRIVE,68,Fmax-full,score>=100.273,0.18171891570091248,589.0,7941.0,369,152,0.004770974554034389,0.0834456440582788,0.0024556888381141793
DRIVE,68,Floor,score>=100.167,0.18171891570091248,589.0,7942.0,369,152,,,
DRIVE,68,Top-1,top1,0.1740053050397878,41.0,369.0,369,41,,,
DRIVE,68,Top-3,top3,0.1748894783377542,116.0,1014.0,369,72,,,
DRIVE,69,Fmax,score>=257.495,0.09357267618179321,245.0,1782.0,210,94,0.21147191496921036,0.16885581874448385,0.28286075595580706
DRIVE,69,Fmax-full,score>=100.273,0.18424740433692932,682.0,8270.0,378,172,0.0043874280745983835,0.07950584273532504,0.002255960173299925
DRIVE,69,Floor,score>=100.167,0.18424740433692932,682.0,8271.0,378,172,,,
DRIVE,69,Top-1,top1,0.1729442970822281,52.0,378.0,378,52,,,
DRIVE,69,Top-3,top3,0.17524314765694077,141.0,1050.0,378,91,,,
DRIVE,70,Fmax,score>=205.996,0.09823359549045563,279.0,2302.0,217,101,0.2084625786320856,0.14114741128367086,0.39852443532990256
DRIVE,70,Fmax-full,score>=100.273,0.18544045090675354,611.0,7803.0,376,161,0.004726648483234017,0.0841219193779319,0.002431638789606762
DRIVE,70,Floor,score>=100.167,0.18544045090675354,611.0,7805.0,376,161,,,
DRIVE,70,Top-1,top1,0.1724137931034483,51.0,376.0,376,51,,,
DRIVE,70,Top-3,top3,0.1768346595932803,126.0,1026.0,376,84,,,
DRIVE,71,Fmax,score>=150.205,0.14207163453102112,510.0,4985.0,298,158,0.21403934422601814,0.12940539842770424,0.6186497196785193
DRIVE,71,Fmax-full,score>=100.273,0.19900354743003845,747.0,9036.0,403,182,0.0045362356308282815,0.08509716526870817,0.0023302259596312985
DRIVE,71,Floor,score>=100.167,0.19900423288345337,747.0,9039.0,403,182,,,
DRIVE,71,Top-1,top1,0.18673740053050397,51.0,403.0,403,51,,,
DRIVE,71,Top-3,top3,0.1885057471264368,141.0,1104.0,403,91,,,
DRIVE,72,Fmax,score>=252.332,0.09644667059183121,196.0,1724.0,209,84,0.22593324539439683,0.18146390105379787,0.2992726796645212
DRIVE,72,Fmax-full,score>=100.273,0.18518850207328796,625.0,8501.0,376,165,0.004693623479405001,0.08358586399603643,0.0024146058016547194
DRIVE,72,Floor,score>=100.167,0.18518920242786407,625.0,8504.0,376,165,,,
DRIVE,72,Top-1,top1,0.17877984084880635,39.0,376.0,376,39,,,
DRIVE,72,Top-3,top3,0.17833775419982317,117.0,1046.0,376,79,,,
DRIVE,73,Fmax,score>=252.332,0.10120543837547302,273.0,1811.0,225,94,0.2181448572399596,0.17262812089613724,0.29625935490452915
DRIVE,73,Fmax-full,score>=100.273,0.1954394429922104,765.0,8733.0,399,183,0.004308970275856571,0.08155290552804534,0.002212947336379423
DRIVE,73,Floor,score>=100.167,0.1954394429922104,765.0,8734.0,399,183,,,
DRIVE,73,Top-1,top1,0.18249336870026525,55.0,399.0,399,55,,,
DRIVE,73,Top-3,top3,0.18417329796640142,153.0,1108.0,399,89,,,
DRIVE,74,Fmax,score>=256.276,0.09598670899868011,251.0,1680.0,220,99,0.20801601655206742,0.16153182331313434,0.2920634385108072
DRIVE,74,Fmax-full,score>=100.273,0.1875266432762146,730.0,8704.0,386,184,0.004402825722723912,0.07815591820843143,0.0022652170894854277
DRIVE,74,Floor,score>=100.167,0.1875273585319519,730.0,8705.0,386,184,,,
DRIVE,74,Top-1,top1,0.1729442970822281,60.0,386.0,386,60,,,
DRIVE,74,Top-3,top3,0.17541998231653405,164.0,1085.0,386,103,,,
DRIVE,75,Fmax,score>=265.875,0.08351169526576996,241.0,1502.0,197,93,0.20109084146388298,0.16377926071071824,0.26041838801585393
DRIVE,75,Fmax-full,score>=100.273,0.17035198211669922,722.0,8189.0,349,169,0.004511908492953489,0.08005510311398292,0.0023213705092030076
DRIVE,75,Floor,score>=100.167,0.17035198211669922,722.0,8191.0,349,169,,,
DRIVE,75,Top-1,top1,0.15862068965517243,50.0,349.0,349,50,,,
DRIVE,75,Top-3,top3,0.1610079575596817,134.0,967.0,349,87,,,
DRIVE,76,Fmax,score>=256.276,0.09448250383138657,254.0,1759.0,208,85,0.2213912634695046,0.1765863259633382,0.29666305898094847
DRIVE,76,Fmax-full,score>=100.273,0.17696557939052582,746.0,8798.0,362,173,0.004509288172349709,0.08061877780490452,0.002319513302665769
DRIVE,76,Floor,score>=100.167,0.17696557939052582,746.0,8800.0,362,173,,,
DRIVE,76,Top-1,top1,0.16816976127320954,45.0,362.0,362,45,,,
DRIVE,76,Top-3,top3,0.16905393457117596,130.0,1011.0,362,81,,,
DRIVE,77,Fmax,score>=256.276,0.09095729142427444,250.0,1528.0,208,103,0.20748741440737556,0.1627426306406657,0.28616664235878736
DRIVE,77,Fmax-full,score>=100.273,0.1824965924024582,733.0,8226.0,375,176,0.0042756531913320135,0.0788983556839901,0.0021973663435991943
DRIVE,77,Floor,score>=100.167,0.1824965924024582,733.0,8227.0,375,176,,,
DRIVE,77,Top-1,top1,0.1702917771883289,54.0,375.0,375,54,,,
DRIVE,77,Top-3,top3,0.17064544650751548,158.0,1027.0,375,102,,,
DRIVE,78,Fmax,score>=256.276,0.09472518414258957,260.0,1763.0,213,102,0.21283273006833353,0.16888191624691612,0.2877073730733896
DRIVE,78,Fmax-full,score>=100.273,0.17981186509132385,763.0,8549.0,372,180,0.0043770255994874715,0.07631710781140275,0.002253124684993805
DRIVE,78,Floor,score>=100.167,0.17981186509132385,763.0,8550.0,372,180,,,
DRIVE,78,Top-1,top1,0.16710875331564987,57.0,372.0,372,57,,,
DRIVE,78,Top-3,top3,0.16799292661361628,162.0,1028.0,372,99,,,
DRIVE,79,Fmax,score>=256.276,0.0932936817407608,231.0,1560.0,212,90,0.2106791946433879,0.16495906605440028,0.291460523921117
DRIVE,79,Fmax-full,score>=100.273,0.19271668791770935,673.0,7923.0,393,180,0.004550938256983019,0.08198826551711738,0.002340424317486193
DRIVE,79,Floor,score>=100.167,0.19271668791770935,673.0,7924.0,393,180,,,
DRIVE,79,Top-1,top1,0.18037135278514588,53.0,393.0,393,53,,,
DRIVE,79,Top-3,top3,0.18249336870026525,147.0,1078.0,393,94,,,
DRIVE,80,Fmax,score>=246.766,0.09489618986845016,282.0,1916.0,215,99,0.20733243656814923,0.15622349294548896,0.3081419047148101
DRIVE,80,Fmax-full,score>=100.273,0.18112660944461823,801.0,8698.0,377,182,0.004230887364228691,0.07389880681442001,0.0021777854529220087
DRIVE,80,Floor,score>=100.167,0.18112727999687195,801.0,8700.0,377,182,,,
DRIVE,80,Top-1,top1,0.16923076923076924,58.0,377.0,377,58,,,
DRIVE,80,Top-3,top3,0.170026525198939,165.0,1048.0,377,100,,,
DRIVE,81,Fmax,score>=204.22,0.09624842554330826,289.0,2514.0,211,107,0.2102316711539413,0.14155690363906392,0.4083270057385411
DRIVE,81,Fmax-full,score>=100.273,0.1777564287185669,628.0,8066.0,363,162,0.0047181464596169126,0.08125440111680078,0.0024296125970010283
DRIVE,81,Floor,score>=100.167,0.1777571141719818,628.0,8067.0,363,162,,,
DRIVE,81,Top-1,top1,0.16551724137931034,51.0,363.0,363,51,,,
DRIVE,81,Top-3,top3,0.16896551724137931,131.0,992.0,363,84,,,
DRIVE,82,Fmax,score>=257.495,0.10866976529359818,252.0,1890.0,239,96,0.22618851569143564,0.17855483227158442,0.3084837922311607
DRIVE,82,Fmax-full,score>=100.273,0.20186875760555267,835.0,9412.0,417,199,0.004098819044319827,0.07633066572381195,0.002105952445695263
DRIVE,82,Floor,score>=100.167,0.20186945796012878,835.0,9414.0,417,199,,,
DRIVE,82,Top-1,top1,0.1920424403183024,55.0,417.0,417,55,,,
DRIVE,82,Top-3,top3,0.19328028293545538,158.0,1151.0,417,97,,,
DRIVE,83,Fmax,score>=205.996,0.10536246746778488,264.0,2477.0,225,105,0.22158080455154588,0.1533312257897655,0.3993253252631067
DRIVE,83,Fmax-full,score>=100.273,0.17279769480228424,584.0,8130.0,350,165,0.004715368387431062,0.08410140924286424,0.0024256854348377564
DRIVE,83,Floor,score>=100.167,0.17279769480228424,584.0,8131.0,350,165,,,
DRIVE,83,Top-1,top1,0.16392572944297082,41.0,350.0,350,41,,,
DRIVE,83,Top-3,top3,0.16463306808134395,117.0,972.0,350,78,,,
DRIVE,84,Fmax,score>=318.407,0.06983847916126251,155.0,903.0,164,67,0.21309478819543626,0.20790499732607887,0.21855031077519116
DRIVE,84,Fmax-full,score>=100.273,0.17573530972003937,674.0,7658.0,360,167,0.004624741504422954,0.080086295726294,0.0023811220528236667
DRIVE,84,Floor,score>=100.167,0.17573599517345428,674.0,7659.0,360,167,,,
DRIVE,84,Top-1,top1,0.16392572944297082,51.0,360.0,360,51,,,
DRIVE,84,Top-3,top3,0.16816976127320954,127.0,991.0,360,81,,,
DRIVE,85,Fmax,score>=252.977,0.09257348626852036,235.0,1787.0,206,96,0.21669567143839422,0.17137718985600728,0.2945984115945766
DRIVE,85,Fmax-full,score>=100.273,0.18499311804771423,713.0,8301.0,377,176,0.004480543679517537,0.08213430286127295,0.002303090273775005
DRIVE,85,Floor,score>=100.167,0.18499311804771423,713.0,8303.0,377,176,,,
DRIVE,85,Top-1,top1,0.17718832891246683,43.0,377.0,377,43,,,
DRIVE,85,Top-3,top3,0.17577365163572062,137.0,1030.0,377,84,,,
DRIVE,86,Fmax,score>=206.09,0.09466873854398727,259.0,1969.0,208,101,0.20966690366967083,0.14301986145458634,0.3926335548830792
DRIVE,86,Fmax-full,score>=100.273,0.17703093588352203,554.0,7068.0,360,159,0.0047192505109339795,0.08279392724555242,0.0024288473560942067
DRIVE,86,Floor,score>=100.167,0.17703163623809814,554.0,7070.0,360,159,,,
DRIVE,86,Top-1,top1,0.16710875331564987,45.0,360.0,360,45,,,
DRIVE,86,Top-3,top3,0.16940760389036252,122.0,988.0,360,81,,,
DRIVE,87,Fmax,score>=205.996,0.10086552798748016,361.0,2771.0,224,124,0.20478658973436212,0.13920149626555267,0.3872316307664547
DRIVE,87,Fmax-full,score>=100.273,0.18582989275455475,787.0,8564.0,381,175,0.004308949104663204,0.07975725743340309,0.002214288909810999
DRIVE,87,Floor,score>=100.167,0.18582989275455475,787.0,8565.0,381,175,,,
DRIVE,87,Top-1,top1,0.1740053050397878,53.0,381.0,381,53,,,
DRIVE,87,Top-3,top3,0.17471264367816094,155.0,1056.0,381,99,,,
DRIVE,88,Fmax,score>=265.429,0.09333859384059906,178.0,1450.0,203,80,0.22771142736611277,0.19103001048729853,0.2818277467961011
DRIVE,88,Fmax-full,score>=100.273,0.18622949719429016,694.0,8384.0,380,179,0.00462555689535119,0.08165465893388606,0.0023801948501512384
DRIVE,88,Floor,score>=100.167,0.18623021245002747,694.0,8387.0,380,179,,,
DRIVE,88,Top-1,top1,0.17877984084880635,43.0,380.0,380,43,,,
DRIVE,88,Top-3,top3,0.17948717948717952,121.0,1033.0,380,89,,,
DRIVE,89,Fmax,score>=256.276,0.09673266112804413,201.0,1753.0,214,88,0.22301670311010088,0.17511181086930544,0.30700263127794514
DRIVE,89,Fmax-full,score>=100.273,0.18622168898582458,711.0,8787.0,386,180,0.004445846761511785,0.07534779587837115,0.002290498040210818
DRIVE,89,Floor,score>=100.167,0.1862223744392395,711.0,8790.0,386,180,,,
DRIVE,89,Top-1,top1,0.17612732095490716,54.0,386.0,386,54,,,
DRIVE,89,Top-3,top3,0.17807250221043325,147.0,1058.0,386,95,,,
DRIVE,90,Fmax,score>=257.495,0.08718863874673843,243.0,1868.0,197,93,0.20960921863496326,0.1663527478996945,0.2832666454929231
DRIVE,90,Fmax-full,score>=100.273,0.1895267218351364,706.0,8881.0,385,163,0.004541991918106346,0.08350585450332276,0.00233448376143822
DRIVE,90,Floor,score>=100.167,0.1895267218351364,706.0,8882.0,385,163,,,
DRIVE,90,Top-1,top1,0.17718832891246683,51.0,385.0,385,51,,,
DRIVE,90,Top-3,top3,0.18001768346595934,133.0,1040.0,385,87,,,
DRIVE,91,Fmax,score>=205.996,0.10877233743667603,341.0,2596.0,244,125,0.20218784304422185,0.13475607358492336,0.404698425169073
DRIVE,91,Fmax-full,score>=100.273,0.19012199342250824,743.0,8506.0,389,184,0.004337032572442113,0.08059190747937249,0.002228478789908561
DRIVE,91,Floor,score>=100.167,0.19012266397476196,743.0,8508.0,389,184,,,
DRIVE,91,Top-1,top1,0.1724137931034483,64.0,389.0,389,64,,,
DRIVE,91,Top-3,top3,0.18037135278514588,147.0,1072.0,389,95,,,
DRIVE,92,Fmax,score>=268.588,0.09347496926784515,222.0,1460.0,212,84,0.21439812956621826,0.17702847591285542,0.2717663911353424
DRIVE,92,Fmax-full,score>=100.273,0.18516534566879272,705.0,8541.0,379,177,0.004403718809956478,0.08042294252769323,0.002263839943290208
DRIVE,92,Floor,score>=100.167,0.18516534566879272,705.0,8542.0,379,177,,,
DRIVE,92,Top-1,top1,0.17188328912466844,55.0,379.0,379,55,,,
DRIVE,92,Top-3,top3,0.1753315649867374,143.0,1051.0,379,88,,,
DRIVE,93,Fmax,score>=265.875,0.08756383508443832,237.0,1490.0,199,90,0.21047531969747355,0.17623410792340813,0.26123088698582125
DRIVE,93,Fmax-full,score>=100.273,0.17019878327846527,723.0,8030.0,351,174,0.0043532326509875775,0.07771849815460774,0.002239331980885103
DRIVE,93,Floor,score>=100.167,0.17019878327846527,723.0,8030.0,351,174,,,
DRIVE,93,Top-1,top1,0.15490716180371353,59.0,351.0,351,59,,,
DRIVE,93,Top-3,top3,0.16109637488947834,142.0,960.0,351,89,,,
DRIVE,94,Fmax,score>=252.332,0.09363790601491928,244.0,1483.0,219,102,0.20244248544248683,0.15296519886363635,0.2992296816167516
DRIVE,94,Fmax-full,score>=100.273,0.19135409593582153,766.0,8127.0,394,193,0.004248815226788771,0.07797154193649644,0.002183910292673244
DRIVE,94,Floor,score>=100.167,0.19135409593582153,766.0,8129.0,394,193,,,
DRIVE,94,Top-1,top1,0.17506631299734748,64.0,394.0,394,64,,,
DRIVE,94,Top-3,top3,0.18019451812555262,163.0,1090.0,394,103,,,
DRIVE,95,Fmax,score>=256.276,0.09233899414539337,253.0,1838.0,206,93,0.21763425308896547,0.17162019088555175,0.29736154159231093
DRIVE,95,Fmax-full,score>=100.273,0.1803969144821167,746.0,8628.0,374,184,0.004423939485623047,0.07547863968857774,0.002278750587999867
DRIVE,95,Floor,score>=100.167,0.1803969144821167,746.0,8629.0,374,184,,,
DRIVE,95,Top-1,top1,0.16923076923076924,55.0,374.0,374,55,,,
DRIVE,95,Top-3,top3,0.1713527851458886,147.0,1025.0,374,93,,,
DRIVE,96,Fmax,score>=205.996,0.09804240614175797,298.0,2408.0,214,102,0.2135112179080132,0.145176738392223,0.4033830170958595
DRIVE,96,Fmax-full,score>=100.273,0.17680315673351288,647.0,7662.0,362,165,0.004718502499092605,0.08027862548828125,0.0024306849143166595
DRIVE,96,Floor,score>=100.167,0.176803857088089,647.0,7664.0,362,165,,,
DRIVE,96,Top-1,top1,0.16392572944297082,53.0,362.0,362,53,,,
DRIVE,96,Top-3,top3,0.16693191865605664,140.0,985.0,362,91,,,
DRIVE,97,Fmax,score>=252.332,0.09127181023359299,207.0,1667.0,203,85,0.21911420924107758,0.17155923043779556,0.303143356940536
DRIVE,97,Fmax-full,score>=100.273,0.18430231511592865,669.0,8181.0,378,171,0.004478092658994468,0.07962292459755461,0.0023038315092767853
DRIVE,97,Floor,score>=100.167,0.18430231511592865,669.0,8182.0,378,171,,,
DRIVE,97,Top-1,top1,0.18037135278514588,38.0,378.0,378,38,,,
DRIVE,97,Top-3,top3,0.17763041556145007,127.0,1038.0,378,83,,,
DRIVE,98,Fmax,score>=256.276,0.09401198476552963,281.0,1666.0,215,101,0.2074140152961893,0.16252542701382466,0.28656033065983716
DRIVE,98,Fmax-full,score>=100.273,0.18496276438236237,798.0,8248.0,384,190,0.004172308603442899,0.0747512869519905,0.0021460460216132563
DRIVE,98,Floor,score>=100.167,0.18496276438236237,798.0,8248.0,384,190,,,
DRIVE,98,Top-1,top1,0.17718832891246683,50.0,384.0,384,50,,,
DRIVE,98,Top-3,top3,0.17648099027409372,150.0,1069.0,384,90,,,
DRIVE,99,Fmax,score>=220.428,0.11282751709222794,307.0,2583.0,241,104,0.22258684799599104,0.15915701082437345,0.37007524639103595
DRIVE,99,Fmax-full,score>=100.273,0.1941850334405899,716.0,9083.0,394,169,0.0045439265664125265,0.08411934848205285,0.0023350296493179824
DRIVE,99,Floor,score>=100.167,0.1941857486963272,716.0,9084.0,394,169,,,
DRIVE,99,Top-1,top1,0.18355437665782492,48.0,394.0,394,48,,,
DRIVE,99,Top-3,top3,0.18514588859416445,135.0,1100.0,394,87,,,
HAP1,0,Fmax,score>=455.567,0.07449306547641754,132.0,829.0,386,74,0.08143447400676802,0.14474458431978837,0.056654328854310265
HAP1,0,Fmax-full,score>=100.273,0.9859282970428467,1327.0,101790.0,4506,627,0.004328354003552853,0.013778582021124888,0.002567440198402985
HAP1,0,Floor,score>=100.273,0.9859282970428467,1327.0,101790.0,4506,627,,,
HAP1,0,Top-1,top1,0.978029294274301,99.0,4506.0,4506,99,,,
HAP1,0,Top-3,top3,0.9820609557626868,242.0,13508.0,4506,178,,,
HAP1,1,Fmax,score>=455.567,0.07447729259729385,164.0,919.0,401,96,0.07303190430807299,0.12969220227093514,0.05082662424100056
HAP1,1,Fmax-full,score>=100.273,0.9844909310340881,1444.0,101074.0,4506,609,0.004207580792295713,0.01316257572237572,0.002504009217687603
HAP1,1,Floor,score>=100.273,0.9844909310340881,1444.0,101074.0,4506,609,,,
HAP1,1,Top-1,top1,0.9766977363515313,105.0,4506.0,4506,105,,,
HAP1,1,Top-3,top3,0.9796197662376089,275.0,13509.0,4506,199,,,
HAP1,2,Fmax,score>=455.567,0.06733407825231552,121.0,809.0,353,76,0.08214663123609958,0.1402861115682191,0.058077344581282074
HAP1,2,Fmax-full,score>=100.273,0.9862817525863647,1302.0,102325.0,4505,587,0.00439198867046334,0.014023948990167128,0.0026037056649633357
HAP1,2,Floor,score>=100.273,0.9862817525863647,1302.0,102325.0,4505,587,,,
HAP1,2,Top-1,top1,0.9804704837993786,87.0,4505.0,4505,87,,,
HAP1,2,Top-3,top3,0.9823198698032255,236.0,13505.0,4505,171,,,
HAP1,3,Fmax,score>=455.567,0.0704767107963562,155.0,835.0,376,84,0.07785717656283721,0.13392247310301073,0.05488156239580858
HAP1,3,Fmax-full,score>=100.273,0.9848455190658569,1358.0,102049.0,4506,647,0.004185811388056334,0.013314514827809914,0.002483246704116384
HAP1,3,Floor,score>=100.273,0.9848455190658569,1358.0,102049.0,4506,647,,,
HAP1,3,Top-1,top1,0.9782512205947625,98.0,4506.0,4506,98,,,
HAP1,3,Top-3,top3,0.9816540908418406,248.0,13510.0,4506,180,,,
HAP1,4,Fmax,score>=455.567,0.07502351701259613,136.0,894.0,392,77,0.08236017268042499,0.1415791148126263,0.05807068315961601
HAP1,4,Fmax-full,score>=100.273,0.9864736795425415,1286.0,101753.0,4505,598,0.004482949058205891,0.01410615546226683,0.0026649337095831995
HAP1,4,Floor,score>=100.273,0.9864736795425415,1286.0,101753.0,4505,598,,,
HAP1,4,Top-1,top1,0.9811362627607634,84.0,4505.0,4505,84,,,
HAP1,4,Top-3,top3,0.9837623908862259,216.0,13507.0,4505,159,,,
HAP1,5,Fmax,score>=455.567,0.07219964265823364,132.0,830.0,381,83,0.07794873443738459,0.13783711310531285,0.05433911646245216
HAP1,5,Fmax-full,score>=100.273,0.9860596060752869,1336.0,101504.0,4506,601,0.004369735889759263,0.013834881190624109,0.0025946226666870307
HAP1,5,Floor,score>=100.273,0.9860596060752869,1336.0,101504.0,4506,601,,,
HAP1,5,Top-1,top1,0.9778073679538394,100.0,4506.0,4506,100,,,
HAP1,5,Top-3,top3,0.9828376978843025,232.0,13512.0,4506,172,,,
HAP1,6,Fmax,score>=455.567,0.07280758768320084,138.0,866.0,381,82,0.079811882363118,0.14096072815706956,0.05566456271001728
HAP1,6,Fmax-full,score>=100.273,0.9864684343338013,1385.0,102345.0,4506,598,0.0043262379212860875,0.014010125763192001,0.0025580781022961664
HAP1,6,Floor,score>=100.273,0.9864684343338013,1385.0,102345.0,4506,598,,,
HAP1,6,Top-1,top1,0.9786950732356857,96.0,4506.0,4506,96,,,
HAP1,6,Top-3,top3,0.9826897470039947,234.0,13511.0,4506,174,,,
HAP1,7,Fmax,score>=410.208,0.13672702014446259,133.0,1615.0,668,79,0.08718252713234431,0.0973927802646283,0.07890993812967224
HAP1,7,Fmax-full,score>=100.273,0.9867311120033264,1330.0,102500.0,4505,599,0.004464044976794307,0.014216529885376045,0.002647719539906045
HAP1,7,Floor,score>=100.273,0.9867311120033264,1330.0,102500.0,4505,599,,,
HAP1,7,Top-1,top1,0.9800266311584553,89.0,4505.0,4505,89,,,
HAP1,7,Top-3,top3,0.9841692558070722,211.0,13504.0,4505,158,,,
HAP1,8,Fmax,score>=455.567,0.08132666349411011,139.0,973.0,422,82,0.08269106415164908,0.1447481949363599,0.05787753401216408
HAP1,8,Fmax-full,score>=100.273,0.9847359657287598,1443.0,102602.0,4506,660,0.0042018484044138125,0.013267574420973587,0.002496197844431389
HAP1,8,Floor,score>=100.273,0.9847359657287598,1443.0,102602.0,4506,660,,,
HAP1,8,Top-1,top1,0.9771415889924545,103.0,4506.0,4506,103,,,
HAP1,8,Top-3,top3,0.9819499926024561,244.0,13514.0,4506,178,,,
HAP1,9,Fmax,score>=455.567,0.06869162619113922,120.0,814.0,363,75,0.0814179284418688,0.13751508829979922,0.05782792011045265
HAP1,9,Fmax-full,score>=100.273,0.9862456321716309,1311.0,101752.0,4506,601,0.004319351841079162,0.013914646934988973,0.002556461252976826
HAP1,9,Floor,score>=100.273,0.9862456321716309,1311.0,101752.0,4506,601,,,
HAP1,9,Top-1,top1,0.9782512205947625,98.0,4506.0,4506,98,,,
HAP1,9,Top-3,top3,0.9828376978843025,232.0,13512.0,4506,168,,,
HAP1,10,Fmax,score>=404.949,0.1354687362909317,138.0,1688.0,668,89,0.08350822267126433,0.09246406749803193,0.07613406244119159
HAP1,10,Fmax-full,score>=100.273,0.9859678149223328,1383.0,103289.0,4506,613,0.004334197583606772,0.013795572355450543,0.0025709623898698838
HAP1,10,Floor,score>=100.273,0.9859678149223328,1383.0,103289.0,4506,613,,,
HAP1,10,Top-1,top1,0.979138925876609,94.0,4506.0,4506,94,,,
HAP1,10,Top-3,top3,0.9824308329634562,237.0,13509.0,4506,175,,,
HAP1,11,Fmax,score>=487.438,0.0686444491147995,137.0,834.0,367,82,0.0788906475071265,0.14144299184675696,0.05469992314893166
HAP1,11,Fmax-full,score>=100.273,0.9852083325386047,1412.0,102031.0,4505,616,0.004309973587393549,0.01356383133732776,0.0025620366104637145
HAP1,11,Floor,score>=100.273,0.9852083325386047,1412.0,102031.0,4505,616,,,
HAP1,11,Top-1,top1,0.9798047048379938,90.0,4505.0,4505,90,,,
HAP1,11,Top-3,top3,0.979767717117917,270.0,13512.0,4505,194,,,
HAP1,12,Fmax,score>=455.567,0.07256115972995758,136.0,830.0,379,77,0.0805780911102211,0.14165200850798138,0.0563028551799978
HAP1,12,Fmax-full,score>=100.273,0.9867613315582275,1315.0,103231.0,4506,605,0.00443409650074306,0.014135702708848568,0.002629452432538209
HAP1,12,Floor,score>=100.273,0.9867613315582275,1315.0,103231.0,4506,605,,,
HAP1,12,Top-1,top1,0.9782512205947625,98.0,4506.0,4506,98,,,
HAP1,12,Top-3,top3,0.9828746856043795,231.0,13505.0,4506,172,,,
HAP1,13,Fmax,score>=455.567,0.07046571373939514,128.0,865.0,366,76,0.08345020668103519,0.14357630981992714,0.05881851154799751
HAP1,13,Fmax-full,score>=100.273,0.986064612865448,1421.0,102109.0,4505,635,0.0043377345544894945,0.013930820162495394,0.002568799610947749
HAP1,13,Floor,score>=100.273,0.986064612865448,1421.0,102109.0,4505,635,,,
HAP1,13,Top-1,top1,0.9800266311584553,89.0,4505.0,4505,89,,,
HAP1,13,Top-3,top3,0.9825417961236871,233.0,13508.0,4505,167,,,
HAP1,14,Fmax,score>=474.977,0.07385040819644928,133.0,865.0,384,71,0.08309448708609195,0.14403676222881953,0.05838968234225153
HAP1,14,Fmax-full,score>=100.273,0.9861733913421631,1347.0,101728.0,4506,598,0.004377358467745439,0.013883660547878223,0.0025982837180670596
HAP1,14,Floor,score>=100.273,0.9861733913421631,1347.0,101728.0,4506,598,,,
HAP1,14,Top-1,top1,0.9784731469152241,97.0,4506.0,4506,97,,,
HAP1,14,Top-3,top3,0.9813581890812251,252.0,13511.0,4506,178,,,
HAP1,15,Fmax,score>=455.567,0.06910297274589539,130.0,833.0,368,81,0.07957947726586735,0.13475232927986744,0.05646181223256323
HAP1,15,Fmax-full,score>=100.273,0.9858123064041138,1327.0,102440.0,4506,598,0.004318910387147149,0.013728914394213563,0.0025625204235191473
HAP1,15,Floor,score>=100.273,0.9858123064041138,1327.0,102440.0,4506,598,,,
HAP1,15,Top-1,top1,0.9789169995561473,95.0,4506.0,4506,95,,,
HAP1,15,Top-3,top3,0.9819499926024561,244.0,13508.0,4506,172,,,
HAP1,16,Fmax,score>=410.208,0.1319565773010254,171.0,1631.0,662,101,0.07511152362617159,0.08707180194585407,0.06604017295701829
HAP1,16,Fmax-full,score>=100.273,0.9856168627738953,1337.0,101473.0,4506,604,0.004318425504097298,0.01364517465912739,0.002565116911084403
HAP1,16,Floor,score>=100.273,0.9856168627738953,1337.0,101473.0,4506,604,,,
HAP1,16,Top-1,top1,0.9775854416333777,101.0,4506.0,4506,101,,,
HAP1,16,Top-3,top3,0.9806184346796865,262.0,13513.0,4506,187,,,
HAP1,17,Fmax,score>=455.567,0.07624635845422745,121.0,916.0,393,73,0.08289743062690137,0.14695678887339686,0.05773179151007343
HAP1,17,Fmax-full,score>=100.273,0.9872159361839294,1199.0,102046.0,4506,581,0.004542472286179011,0.014330515339453237,0.002698999157253034
HAP1,17,Floor,score>=100.273,0.9872159361839294,1199.0,102046.0,4506,581,,,
HAP1,17,Top-1,top1,0.9782512205947625,98.0,4506.0,4506,98,,,
HAP1,17,Top-3,top3,0.9836144400059179,221.0,13506.0,4506,162,,,
HAP1,18,Fmax,score>=404.949,0.1314471960067749,171.0,1656.0,662,108,0.07441140223078739,0.08441086494028947,0.0665301241938272
HAP1,18,Fmax-full,score>=100.273,0.9867240786552429,1322.0,102260.0,4506,593,0.004379689532819214,0.014119684826598616,0.0025918132820625796
HAP1,18,Floor,score>=100.273,0.9867240786552429,1322.0,102260.0,4506,593,,,
HAP1,18,Top-1,top1,0.9764758100310696,106.0,4506.0,4506,106,,,
HAP1,18,Top-3,top3,0.9818760171623022,245.0,13508.0,4506,181,,,
HAP1,19,Fmax,score>=455.567,0.07789944857358932,120.0,870.0,396,70,0.08690602540328224,0.15262934779899578,0.06074764263371633
HAP1,19,Fmax-full,score>=100.273,0.9858224987983704,1395.0,102835.0,4505,590,0.004447646460498834,0.013827111482030656,0.0026500291170710065
HAP1,19,Floor,score>=100.273,0.9858224987983704,1395.0,102835.0,4505,590,,,
HAP1,19,Top-1,top1,0.9806924101198402,86.0,4505.0,4505,86,,,
HAP1,19,Top-3,top3,0.9825417961236871,233.0,13509.0,4505,173,,,
HAP1,20,Fmax,score>=455.567,0.07289829850196838,123.0,881.0,377,72,0.08489581322327949,0.14532494950916927,0.05996225893906029
HAP1,20,Fmax-full,score>=100.273,0.9861369729042053,1339.0,102033.0,4506,613,0.00437110309147246,0.013868085349035867,0.0025944213713660867
HAP1,20,Floor,score>=100.273,0.9861369729042053,1339.0,102033.0,4506,613,,,
HAP1,20,Top-1,top1,0.9798047048379938,91.0,4506.0,4506,91,,,
HAP1,20,Top-3,top3,0.9824678206835331,237.0,13508.0,4506,173,,,
HAP1,21,Fmax,score>=455.567,0.07323591411113739,139.0,897.0,388,81,0.07883443451612718,0.13626736169573905,0.05545970253663978
HAP1,21,Fmax-full,score>=100.273,0.9857149124145508,1356.0,101345.0,4505,609,0.004320803605000177,0.013780951976141187,0.00256204680884691
HAP1,21,Floor,score>=100.273,0.9857149124145508,1356.0,101345.0,4505,609,,,
HAP1,21,Top-1,top1,0.9786950732356857,95.0,4505.0,4505,95,,,
HAP1,21,Top-3,top3,0.980174582038763,265.0,13504.0,4505,191,,,
HAP1,22,Fmax,score>=455.567,0.07505740970373154,137.0,873.0,393,81,0.07787954873681074,0.14076324639292812,0.05383129198918676
HAP1,22,Fmax-full,score>=100.273,0.9858353734016418,1355.0,102284.0,4506,622,0.004285617507795998,0.013738829051122716,0.0025387747179176387
HAP1,22,Floor,score>=100.273,0.9858353734016418,1355.0,102284.0,4506,622,,,
HAP1,22,Top-1,top1,0.9766977363515313,105.0,4506.0,4506,105,,,
HAP1,22,Top-3,top3,0.9810622873206096,256.0,13511.0,4506,189,,,
HAP1,23,Fmax,score>=455.567,0.07542210072278976,119.0,845.0,389,74,0.0861282387230586,0.14660931621239842,0.060974350186190435
HAP1,23,Fmax-full,score>=100.273,0.9866359829902649,1389.0,102577.0,4506,626,0.004306132790341974,0.014081944977535253,0.0025416775181702628
HAP1,23,Floor,score>=100.273,0.9866359829902649,1389.0,102577.0,4506,626,,,
HAP1,23,Top-1,top1,0.9818020417221482,82.0,4506.0,4506,82,,,
HAP1,23,Top-3,top3,0.9830966119248411,228.0,13506.0,4506,166,,,
HAP1,24,Fmax,score>=410.208,0.14087596535682678,172.0,1740.0,697,94,0.08080169734114508,0.09248108591441645,0.07174150032045414
HAP1,24,Fmax-full,score>=100.273,0.9849700331687927,1398.0,102083.0,4506,659,0.004160444080506427,0.013367892286818998,0.002463589346546716
HAP1,24,Floor,score>=100.273,0.9849700331687927,1398.0,102083.0,4506,659,,,
HAP1,24,Top-1,top1,0.979138925876609,94.0,4506.0,4506,94,,,
HAP1,24,Top-3,top3,0.9812842136410712,253.0,13506.0,4506,181,,,
HAP1,25,Fmax,score>=455.567,0.07341833412647247,148.0,905.0,381,80,0.08092230356673123,0.1440986972578303,0.056257596943675964
HAP1,25,Fmax-full,score>=100.273,0.9852833151817322,1408.0,102791.0,4506,611,0.004259967385067975,0.013502142924422441,0.0025289255678586906
HAP1,25,Floor,score>=100.273,0.9852833151817322,1408.0,102791.0,4506,611,,,
HAP1,25,Top-1,top1,0.9793608521970706,93.0,4506.0,4506,93,,,
HAP1,25,Top-3,top3,0.9820979434827638,242.0,13513.0,4506,178,,,
HAP1,26,Fmax,score>=474.977,0.07031644135713577,115.0,810.0,370,69,0.08315947980550228,0.13959923306026975,0.05921781080770993
HAP1,26,Fmax-full,score>=100.273,0.986562192440033,1227.0,101961.0,4506,580,0.004453091225761932,0.014050344639337903,0.0026458275505345545
HAP1,26,Floor,score>=100.273,0.986562192440033,1227.0,101961.0,4506,580,,,
HAP1,26,Top-1,top1,0.979138925876609,94.0,4506.0,4506,94,,,
HAP1,26,Top-3,top3,0.9823568575233023,238.0,13505.0,4506,171,,,
HAP1,27,Fmax,score>=455.567,0.06345965713262558,139.0,772.0,342,82,0.07744186314253236,0.13155104291491113,0.054872054520978326
HAP1,27,Fmax-full,score>=100.273,0.98582923412323,1396.0,102796.0,4506,610,0.004375363772368786,0.013736196173413274,0.002602103336087428
HAP1,27,Floor,score>=100.273,0.98582923412323,1396.0,102796.0,4506,610,,,
HAP1,27,Top-1,top1,0.9760319573901465,108.0,4506.0,4506,108,,,
HAP1,27,Top-3,top3,0.9810622873206096,256.0,13509.0,4506,182,,,
HAP1,28,Fmax,score>=455.567,0.06874801963567734,107.0,796.0,354,61,0.08732341823542343,0.1463828973010578,0.06222014751580591
HAP1,28,Fmax-full,score>=100.273,0.9876313805580139,1250.0,102312.0,4506,617,0.0044315780111812125,0.014508575668777644,0.002615187535136332
HAP1,28,Floor,score>=100.273,0.9876313805580139,1250.0,102312.0,4506,617,,,
HAP1,28,Top-1,top1,0.9824678206835331,79.0,4506.0,4506,79,,,
HAP1,28,Top-3,top3,0.9840952803669183,215.0,13507.0,4506,165,,,
HAP1,29,Fmax,score>=404.949,0.13807463645935059,121.0,1710.0,666,70,0.08732085851650466,0.10109928398375298,0.0768476000701481
HAP1,29,Fmax-full,score>=100.273,0.988539457321167,1120.0,103816.0,4506,565,0.004664100509395623,0.014897816303419725,0.0027648498444203403
HAP1,29,Floor,score>=100.273,0.988539457321167,1120.0,103816.0,4506,565,,,
HAP1,29,Top-1,top1,0.9835774522858411,74.0,4506.0,4506,74,,,
HAP1,29,Top-3,top3,0.9862775558514574,185.0,13506.0,4506,138,,,
HAP1,30,Fmax,score>=410.208,0.13250069320201874,148.0,1700.0,648,86,0.08272290674135382,0.09676191218330053,0.07224151937736606
HAP1,30,Fmax-full,score>=100.273,0.9867566823959351,1296.0,100938.0,4506,606,0.00442057608408943,0.014133683782225726,0.002620018066549604
HAP1,30,Floor,score>=100.273,0.9867566823959351,1296.0,100938.0,4506,606,,,
HAP1,30,Top-1,top1,0.9804704837993786,88.0,4506.0,4506,88,,,
HAP1,30,Top-3,top3,0.9840213049267643,216.0,13510.0,4506,163,,,
HAP1,31,Fmax,score>=455.567,0.06998287886381149,133.0,810.0,368,75,0.08132572868453719,0.13920719275313817,0.057441795846309956
HAP1,31,Fmax-full,score>=100.273,0.9859986901283264,1347.0,102205.0,4506,616,0.004398030009149564,0.013808820926416252,0.0026155307519437976
HAP1,31,Floor,score>=100.273,0.9859986901283264,1347.0,102205.0,4506,616,,,
HAP1,31,Top-1,top1,0.9789169995561473,95.0,4506.0,4506,95,,,
HAP1,31,Top-3,top3,0.9822089066429947,240.0,13510.0,4506,173,,,
HAP1,32,Fmax,score>=404.949,0.13465070724487305,147.0,1667.0,660,87,0.08208932925496625,0.09473198440474302,0.07242385251341164
HAP1,32,Fmax-full,score>=100.273,0.9865719676017761,1319.0,101867.0,4506,608,0.00440558736137773,0.014054455063634013,0.0026122130728650017
HAP1,32,Floor,score>=100.273,0.9865719676017761,1319.0,101867.0,4506,608,,,
HAP1,32,Top-1,top1,0.9813581890812251,84.0,4506.0,4506,84,,,
HAP1,32,Top-3,top3,0.9828746856043795,231.0,13505.0,4506,169,,,
HAP1,33,Fmax,score>=455.567,0.06986891478300095,130.0,830.0,368,74,0.08244969498296709,0.13863026479656776,0.05867241968732043
HAP1,33,Fmax-full,score>=100.273,0.9855471849441528,1347.0,102392.0,4506,607,0.004347447653365189,0.013615257969299915,0.0025866995007303353
HAP1,33,Floor,score>=100.273,0.9855471849441528,1347.0,102392.0,4506,607,,,
HAP1,33,Top-1,top1,0.9778073679538394,100.0,4506.0,4506,100,,,
HAP1,33,Top-3,top3,0.9818390294422252,245.0,13503.0,4506,173,,,
HAP1,34,Fmax,score>=404.949,0.13971386849880219,156.0,1688.0,688,94,0.08172785878430353,0.09309577449039587,0.07283409476206901
HAP1,34,Fmax-full,score>=100.273,0.9860092401504517,1312.0,101346.0,4506,620,0.004284601304524116,0.013813292754543481,0.0025355364667036854
HAP1,34,Floor,score>=100.273,0.9860092401504517,1312.0,101346.0,4506,620,,,
HAP1,34,Top-1,top1,0.9795827785175322,92.0,4506.0,4506,92,,,
HAP1,34,Top-3,top3,0.9820239680426098,243.0,13513.0,4506,182,,,
HAP1,35,Fmax,score>=455.567,0.07182985544204712,123.0,822.0,372,71,0.08221538347958371,0.14471430380242134,0.05741787008200281
HAP1,35,Fmax-full,score>=100.273,0.9870762825012207,1250.0,101089.0,4506,581,0.00450322079940641,0.014270641320010047,0.002673420562741058
HAP1,35,Floor,score>=100.273,0.9870762825012207,1250.0,101089.0,4506,581,,,
HAP1,35,Top-1,top1,0.9813581890812251,84.0,4506.0,4506,84,,,
HAP1,35,Top-3,top3,0.9837623908862259,219.0,13509.0,4506,160,,,
HAP1,36,Fmax,score>=410.208,0.13762684166431427,181.0,1752.0,684,98,0.07896632357644402,0.09063030282656352,0.06996228600019505
HAP1,36,Fmax-full,score>=100.273,0.9851946830749512,1452.0,102412.0,4506,619,0.004259898215504095,0.013464204230680912,0.0025302121292219075
HAP1,36,Floor,score>=100.273,0.9851946830749512,1452.0,102412.0,4506,619,,,
HAP1,36,Top-1,top1,0.979138925876609,94.0,4506.0,4506,94,,,
HAP1,36,Top-3,top3,0.9815801154016867,249.0,13512.0,4506,179,,,
HAP1,37,Fmax,score>=455.567,0.07217270135879517,145.0,851.0,381,80,0.07969842341534347,0.13769864437925367,0.05607781549582663
HAP1,37,Fmax-full,score>=100.273,0.9861666560173035,1321.0,101991.0,4506,597,0.004321717116114826,0.013880818665543554,0.002559265179334855
HAP1,37,Floor,score>=100.273,0.9861666560173035,1321.0,101991.0,4506,597,,,
HAP1,37,Top-1,top1,0.980248557478917,89.0,4506.0,4506,89,,,
HAP1,37,Top-3,top3,0.9828746856043795,231.0,13507.0,4506,166,,,
HAP1,38,Fmax,score>=455.567,0.07245489209890366,125.0,847.0,376,70,0.08340199977256581,0.14402867877294148,0.05869516422613771
HAP1,38,Fmax-full,score>=101.237,0.9872860312461853,1241.0,101267.0,4505,558,0.0045401791212893615,0.014486033131420011,0.002691940446210035
HAP1,38,Floor,score>=100.273,0.9872865080833435,1246.0,101295.0,4505,559,,,
HAP1,38,Top-1,top1,0.9820239680426098,80.0,4505.0,4505,80,,,
HAP1,38,Top-3,top3,0.9830226364846871,226.0,13506.0,4505,163,,,
HAP1,39,Fmax,score>=410.208,0.14130207896232605,135.0,1720.0,687,87,0.0862739825794554,0.09965347917112585,0.07606189669848201
HAP1,39,Fmax-full,score>=100.273,0.9857590198516846,1328.0,102003.0,4506,607,0.004350596525226977,0.013706051610487461,0.002585672362949416
HAP1,39,Floor,score>=100.273,0.9857590198516846,1328.0,102003.0,4506,607,,,
HAP1,39,Top-1,top1,0.9806924101198402,87.0,4506.0,4506,87,,,
HAP1,39,Top-3,top3,0.9826157715638407,235.0,13510.0,4506,183,,,
HAP1,40,Fmax,score>=455.567,0.07234454154968262,129.0,850.0,376,72,0.08412507970039934,0.14346489938748938,0.0595104302811813
HAP1,40,Fmax-full,score>=100.273,0.9861729741096497,1336.0,102458.0,4506,598,0.004378108108403773,0.013883490731620226,0.002598817926066777
HAP1,40,Floor,score>=100.273,0.9861729741096497,1336.0,102458.0,4506,598,,,
HAP1,40,Top-1,top1,0.9798047048379938,91.0,4506.0,4506,91,,,
HAP1,40,Top-3,top3,0.9824678206835331,237.0,13513.0,4506,170,,,
HAP1,41,Fmax,score>=404.949,0.14401660859584808,150.0,1707.0,702,91,0.08452734467688121,0.09745791558336558,0.07462606911240686
HAP1,41,Fmax-full,score>=100.273,0.9856981039047241,1366.0,101589.0,4505,631,0.004293022906456849,0.01377379569985555,0.0025427786572556556
HAP1,41,Floor,score>=100.273,0.9856981039047241,1366.0,101589.0,4505,631,,,
HAP1,41,Top-1,top1,0.9811362627607634,84.0,4505.0,4505,84,,,
HAP1,41,Top-3,top3,0.9824308329634562,234.0,13509.0,4505,175,,,
HAP1,42,Fmax,score>=455.567,0.07354625314474106,164.0,924.0,400,98,0.07283949903727438,0.1258169587675508,0.051256881081739
HAP1,42,Fmax-full,score>=100.273,0.9858697652816772,1332.0,100646.0,4506,613,0.0043030493666056276,0.013753492757571727,0.002550513754228435
HAP1,42,Floor,score>=100.273,0.9858697652816772,1332.0,100646.0,4506,613,,,
HAP1,42,Top-1,top1,0.9747003994673769,114.0,4506.0,4506,114,,,
HAP1,42,Top-3,top3,0.9802115697588402,267.0,13502.0,4506,190,,,
HAP1,43,Fmax,score>=455.567,0.07406971603631973,131.0,811.0,384,72,0.08472459886374177,0.14451910756545427,0.05992906219533604
HAP1,43,Fmax-full,score>=100.273,0.985421895980835,1386.0,101725.0,4505,604,0.004278675803981176,0.013655418902493848,0.00253676187449421
HAP1,43,Floor,score>=100.273,0.985421895980835,1386.0,101725.0,4505,604,,,
HAP1,43,Top-1,top1,0.9793608521970706,92.0,4505.0,4505,92,,,
HAP1,43,Top-3,top3,0.9809513241603787,254.0,13503.0,4505,178,,,
HAP1,44,Fmax,score>=404.949,0.13286375999450684,157.0,1652.0,664,97,0.07855907727902832,0.08730638421522145,0.07140494969323323
HAP1,44,Fmax-full,score>=100.273,0.9862589836120605,1297.0,100857.0,4505,576,0.0043951003450399895,0.014014160086588418,0.0026062314098512836
HAP1,44,Floor,score>=100.273,0.9862589836120605,1297.0,100857.0,4505,576,,,
HAP1,44,Top-1,top1,0.9760319573901465,107.0,4505.0,4505,107,,,
HAP1,44,Top-3,top3,0.981284213641071,250.0,13508.0,4505,173,,,
HAP1,45,Fmax,score>=404.949,0.14203433692455292,160.0,1808.0,694,92,0.082395985593883,0.09634774451744386,0.07197373625084845
HAP1,45,Fmax-full,score>=100.273,0.9858434200286865,1361.0,101555.0,4506,620,0.004421642066623816,0.013742277627438945,0.0026346815925949087
HAP1,45,Floor,score>=100.273,0.9858434200286865,1361.0,101555.0,4506,620,,,
HAP1,45,Top-1,top1,0.9813581890812251,84.0,4506.0,4506,84,,,
HAP1,45,Top-3,top3,0.9829116733244563,231.0,13505.0,4506,173,,,
HAP1,46,Fmax,score>=404.949,0.13362109661102295,180.0,1736.0,664,97,0.07897298573474142,0.08947721874440899,0.07067594034208885
HAP1,46,Fmax-full,score>=100.273,0.9860625267028809,1308.0,100242.0,4506,589,0.0043543244850699535,0.013836145378322524,0.0025837187470872706
HAP1,46,Floor,score>=100.273,0.9860625267028809,1308.0,100242.0,4506,589,,,
HAP1,46,Top-1,top1,0.9789169995561473,95.0,4506.0,4506,95,,,
HAP1,46,Top-3,top3,0.9820609557626868,242.0,13507.0,4506,173,,,
HAP1,47,Fmax,score>=455.567,0.07330692559480667,127.0,831.0,381,74,0.08425534965369831,0.14352626648297195,0.05963029451150406
HAP1,47,Fmax-full,score>=101.237,0.9858922958374023,1452.0,102517.0,4506,638,0.004360530000164082,0.013794933730206798,0.00258953672199121
HAP1,47,Floor,score>=100.273,0.9858949184417725,1457.0,102548.0,4506,639,,,
HAP1,47,Top-1,top1,0.980248557478917,89.0,4506.0,4506,89,,,
HAP1,47,Top-3,top3,0.9821719189229177,241.0,13515.0,4506,172,,,
HAP1,48,Fmax,score>=455.567,0.07376668602228165,130.0,884.0,387,80,0.08079963605558316,0.14000489052072868,0.056785984473224436
HAP1,48,Fmax-full,score>=100.273,0.9870511293411255,1311.0,102508.0,4506,586,0.004422281430454644,0.014259850004811751,0.0026169222097449495
HAP1,48,Floor,score>=100.273,0.9870511293411255,1311.0,102508.0,4506,586,,,
HAP1,48,Top-1,top1,0.978029294274301,99.0,4506.0,4506,99,,,
HAP1,48,Top-3,top3,0.9820979434827638,242.0,13502.0,4506,178,,,
HAP1,49,Fmax,score>=404.949,0.1325654536485672,188.0,1729.0,664,111,0.07454016288673034,0.08645130963119235,0.06551376347363373
HAP1,49,Fmax-full,score>=100.273,0.9856216311454773,1370.0,102075.0,4506,593,0.004250938522961374,0.013647203745697292,0.002517564704027801
HAP1,49,Floor,score>=100.273,0.9856216311454773,1370.0,102075.0,4506,593,,,
HAP1,49,Top-1,top1,0.9769196626719929,104.0,4506.0,4506,104,,,
HAP1,49,Top-3,top3,0.9809883118804559,257.0,13511.0,4506,188,,,
HAP1,50,Fmax,score>=455.567,0.06815212965011597,109.0,777.0,353,60,0.08728343698452928,0.14435917132467196,0.06255204177185854
HAP1,50,Fmax-full,score>=100.273,0.9870502352714539,1252.0,101969.0,4506,576,0.004477585683898245,0.01425947989245458,0.002655756811487941
HAP1,50,Floor,score>=100.273,0.9870502352714539,1252.0,101969.0,4506,576,,,
HAP1,50,Top-1,top1,0.9815801154016867,83.0,4506.0,4506,83,,,
HAP1,50,Top-3,top3,0.9841692558070719,214.0,13506.0,4506,154,,,
HAP1,51,Fmax,score>=455.567,0.071837417781353,124.0,882.0,377,73,0.08156335218976521,0.1398989258505294,0.0575612488655967
HAP1,51,Fmax-full,score>=100.273,0.9865713119506836,1245.0,101317.0,4506,585,0.004467180098494186,0.014054188002168446,0.002655643529787193
HAP1,51,Floor,score>=100.273,0.9865713119506836,1245.0,101317.0,4506,585,,,
HAP1,51,Top-1,top1,0.9800266311584553,90.0,4506.0,4506,90,,,
HAP1,51,Top-3,top3,0.9829116733244563,231.0,13508.0,4506,164,,,
HAP1,52,Fmax,score>=455.567,0.07227528095245361,117.0,821.0,373,67,0.08729903502153677,0.14601580086400953,0.062261899600955406
HAP1,52,Fmax-full,score>=100.273,0.98594731092453,1356.0,101587.0,4506,630,0.004352158527146766,0.013786821738190217,0.002583918897576664
HAP1,52,Floor,score>=100.273,0.98594731092453,1356.0,101587.0,4506,630,,,
HAP1,52,Top-1,top1,0.9798047048379938,91.0,4506.0,4506,91,,,
HAP1,52,Top-3,top3,0.9825417961236871,236.0,13509.0,4506,171,,,
HAP1,53,Fmax,score>=455.567,0.0728948563337326,130.0,840.0,375,73,0.08409768703743828,0.14724325350699852,0.05885682068650522
HAP1,53,Fmax-full,score>=100.273,0.9862832427024841,1278.0,101786.0,4506,614,0.0043452026577449655,0.013930782382340613,0.0025740406767405135
HAP1,53,Floor,score>=100.273,0.9862832427024841,1278.0,101786.0,4506,614,,,
HAP1,53,Top-1,top1,0.9809143364403018,86.0,4506.0,4506,86,,,
HAP1,53,Top-3,top3,0.9827637224441487,233.0,13507.0,4506,170,,,
HAP1,54,Fmax,score>=455.567,0.06990775465965271,137.0,866.0,368,78,0.08150906305326426,0.13882682028781163,0.057690323083407824
HAP1,54,Fmax-full,score>=100.273,0.9857155680656433,1346.0,102484.0,4505,636,0.00430791781226233,0.013781232073752854,0.0025529810072220235
HAP1,54,Floor,score>=100.273,0.9857155680656433,1346.0,102484.0,4505,636,,,
HAP1,54,Top-1,top1,0.9809143364403018,85.0,4505.0,4505,85,,,
HAP1,54,Top-3,top3,0.9825417961236871,233.0,13508.0,4505,162,,,
HAP1,55,Fmax,score>=455.567,0.07802586257457733,128.0,904.0,405,79,0.08029454283518558,0.14435647157264342,0.05561426857215972
HAP1,55,Fmax-full,score>=100.273,0.9850183725357056,1434.0,103174.0,4506,631,0.004292502573072048,0.013388611321715526,0.00255598683766081
HAP1,55,Floor,score>=100.273,0.9850183725357056,1434.0,103174.0,4506,631,,,
HAP1,55,Top-1,top1,0.9773635153129161,102.0,4506.0,4506,102,,,
HAP1,55,Top-3,top3,0.9818020417221482,246.0,13509.0,4506,178,,,
HAP1,56,Fmax,score>=455.567,0.0737355500459671,129.0,869.0,383,77,0.08270208829940683,0.14377594866071428,0.058045312603592004
HAP1,56,Fmax-full,score>=100.273,0.985126256942749,1404.0,101750.0,4505,618,0.004211647500255503,0.013528721899910981,0.002494034658467704
HAP1,56,Floor,score>=100.273,0.985126256942749,1404.0,101750.0,4505,618,,,
HAP1,56,Top-1,top1,0.980248557478917,88.0,4505.0,4505,88,,,
HAP1,56,Top-3,top3,0.9806554223997634,258.0,13501.0,4505,187,,,
HAP1,57,Fmax,score>=455.567,0.06982559710741043,118.0,827.0,361,72,0.08378271837525521,0.14513454203355805,0.058888955796070445
HAP1,57,Fmax-full,score>=100.273,0.9862915277481079,1244.0,102730.0,4506,598,0.004454525767805828,0.013934281758392139,0.002651000131377708
HAP1,57,Floor,score>=100.273,0.9862915277481079,1244.0,102730.0,4506,598,,,
HAP1,57,Top-1,top1,0.9806924101198402,87.0,4506.0,4506,87,,,
HAP1,57,Top-3,top3,0.9832815505252257,226.0,13511.0,4506,165,,,
HAP1,58,Fmax,score>=455.567,0.07295246422290802,109.0,822.0,378,66,0.08618205152017612,0.14463109970092775,0.06137776151860663
HAP1,58,Fmax-full,score>=100.273,0.9860042333602905,1335.0,102194.0,4506,608,0.004359712412258617,0.013811151908555926,0.002588389631894514
HAP1,58,Floor,score>=100.273,0.9860042333602905,1335.0,102194.0,4506,608,,,
HAP1,58,Top-1,top1,0.979138925876609,94.0,4506.0,4506,94,,,
HAP1,58,Top-3,top3,0.9826897470039947,234.0,13513.0,4506,165,,,
HAP1,59,Fmax,score>=455.567,0.07133448123931885,143.0,864.0,371,76,0.08237293493560117,0.14316201021867514,0.05782109432750072
HAP1,59,Fmax-full,score>=100.273,0.986972987651825,1299.0,102538.0,4506,596,0.004433402537427119,0.014226381687776443,0.0026258515827316336
HAP1,59,Floor,score>=100.273,0.986972987651825,1299.0,102538.0,4506,596,,,
HAP1,59,Top-1,top1,0.9811362627607634,85.0,4506.0,4506,85,,,
HAP1,59,Top-3,top3,0.9839103417665335,217.0,13506.0,4506,155,,,
HAP1,60,Fmax,score>=455.567,0.07040154933929443,123.0,851.0,372,75,0.08284036571735137,0.13745024188108423,0.05928575084344376
HAP1,60,Fmax-full,score>=100.273,0.9864525198936462,1329.0,102341.0,4505,595,0.004458508303482194,0.014097044307831373,0.002647998838636715
HAP1,60,Floor,score>=100.273,0.9864525198936462,1329.0,102341.0,4505,595,,,
HAP1,60,Top-1,top1,0.9784731469152241,96.0,4505.0,4505,96,,,
HAP1,60,Top-3,top3,0.9821719189229177,238.0,13509.0,4505,174,,,
HAP1,61,Fmax,score>=455.567,0.06968741118907928,119.0,821.0,362,73,0.08051517302455498,0.14348551205226354,0.05595753653370581
HAP1,61,Fmax-full,score>=100.273,0.986902117729187,1283.0,101876.0,4506,575,0.004452938764152619,0.014196041183014482,0.002640616687574299
HAP1,61,Floor,score>=100.273,0.986902117729187,1283.0,101876.0,4506,575,,,
HAP1,61,Top-1,top1,0.980248557478917,89.0,4506.0,4506,89,,,
HAP1,61,Top-3,top3,0.9834295014055335,224.0,13512.0,4506,166,,,
HAP1,62,Fmax,score>=404.949,0.13812485337257385,172.0,1776.0,686,100,0.07668600289934477,0.08964652769027218,0.06699962347746051
HAP1,62,Fmax-full,score>=100.273,0.9859750866889954,1294.0,101163.0,4506,592,0.0042963325856714765,0.013798652270830608,0.002544254355633428
HAP1,62,Floor,score>=100.273,0.9859750866889954,1294.0,101163.0,4506,592,,,
HAP1,62,Top-1,top1,0.9786950732356857,96.0,4506.0,4506,96,,,
HAP1,62,Top-3,top3,0.981284213641071,253.0,13507.0,4506,180,,,
HAP1,63,Fmax,score>=455.567,0.07514455914497375,122.0,862.0,384,75,0.08541352566934735,0.1500605532997533,0.05969607996931494
HAP1,63,Fmax-full,score>=100.273,0.9857334494590759,1393.0,101687.0,4506,611,0.00435463368761927,0.013695083221926127,0.002588916496268674
HAP1,63,Floor,score>=100.273,0.9857334494590759,1393.0,101687.0,4506,611,,,
HAP1,63,Top-1,top1,0.9811362627607634,85.0,4506.0,4506,85,,,
HAP1,63,Top-3,top3,0.9820979434827637,242.0,13507.0,4506,179,,,
HAP1,64,Fmax,score>=474.977,0.07855679839849472,131.0,931.0,414,85,0.08090401655614748,0.13873834293600507,0.05710096542378919
HAP1,64,Fmax-full,score>=100.273,0.9851382970809937,1458.0,102716.0,4505,649,0.004239779402377113,0.013533844928766853,0.0025136123201758044
HAP1,64,Floor,score>=100.273,0.9851382970809937,1458.0,102716.0,4505,649,,,
HAP1,64,Top-1,top1,0.9744784731469153,114.0,4505.0,4505,114,,,
HAP1,64,Top-3,top3,0.9806924101198402,258.0,13507.0,4505,186,,,
HAP1,65,Fmax,score>=410.208,0.1365249752998352,178.0,1793.0,683,106,0.07563592880479271,0.08799158914103164,0.06632294962104689
HAP1,65,Fmax-full,score>=100.273,0.9858794808387756,1439.0,102048.0,4506,609,0.0043047632158891595,0.01375774542112667,0.0025515717290639137
HAP1,65,Floor,score>=100.273,0.9858794808387756,1439.0,102048.0,4506,609,,,
HAP1,65,Top-1,top1,0.9786950732356857,96.0,4506.0,4506,96,,,
HAP1,65,Top-3,top3,0.9819499926024559,244.0,13511.0,4506,174,,,
HAP1,66,Fmax,score>=455.567,0.06804612278938293,141.0,852.0,358,72,0.08293113332632913,0.13907488505045573,0.0590806186592782
HAP1,66,Fmax-full,score>=100.273,0.9862092733383179,1389.0,103176.0,4506,621,0.004380968168137273,0.013899060124778548,0.0026002880180290883
HAP1,66,Floor,score>=100.273,0.9862092733383179,1389.0,103176.0,4506,621,,,
HAP1,66,Top-1,top1,0.9771415889924545,103.0,4506.0,4506,103,,,
HAP1,66,Top-3,top3,0.9819499926024561,244.0,13507.0,4506,174,,,
HAP1,67,Fmax,score>=455.567,0.06828081607818604,113.0,856.0,357,72,0.08371493465679737,0.1412041311655669,0.059493163420011944
HAP1,67,Fmax-full,score>=100.273,0.9867869019508362,1255.0,100912.0,4506,595,0.004434133129107315,0.014146659486041836,0.0026290994129510173
HAP1,67,Floor,score>=100.273,0.9867869019508362,1255.0,100912.0,4506,595,,,
HAP1,67,Top-1,top1,0.979138925876609,94.0,4506.0,4506,94,,,
HAP1,67,Top-3,top3,0.9828376978843023,232.0,13504.0,4506,176,,,
HAP1,68,Fmax,score>=410.208,0.12993504106998444,162.0,1675.0,646,92,0.08016593766542351,0.0905647035475153,0.07190922043679937
HAP1,68,Fmax-full,score>=100.273,0.9851914048194885,1392.0,101986.0,4506,617,0.004278246931979577,0.013462738295462314,0.002543221386279198
HAP1,68,Floor,score>=100.273,0.9851914048194885,1392.0,101986.0,4506,617,,,
HAP1,68,Top-1,top1,0.9800266311584553,90.0,4506.0,4506,90,,,
HAP1,68,Top-3,top3,0.9811732504808405,254.0,13513.0,4506,186,,,
HAP1,69,Fmax,score>=455.567,0.07747356593608856,136.0,880.0,406,86,0.08062975861646482,0.1404312742707875,0.05654887868710763
HAP1,69,Fmax-full,score>=100.273,0.9856173992156982,1423.0,102606.0,4506,639,0.004300093878393664,0.013645382212331606,0.0025521841305802943
HAP1,69,Floor,score>=100.273,0.9856173992156982,1423.0,102606.0,4506,639,,,
HAP1,69,Top-1,top1,0.9766977363515313,105.0,4506.0,4506,105,,,
HAP1,69,Top-3,top3,0.9818760171623022,245.0,13510.0,4506,186,,,
HAP1,70,Fmax,score>=455.567,0.06958595663309097,111.0,842.0,364,70,0.08437852859209502,0.1410580321446361,0.06019226019226023
HAP1,70,Fmax-full,score>=100.273,0.9864620566368103,1275.0,102166.0,4506,585,0.0044447595921349,0.014007407251643055,0.0026414685064320683
HAP1,70,Floor,score>=100.273,0.9864620566368103,1275.0,102166.0,4506,585,,,
HAP1,70,Top-1,top1,0.9806924101198402,87.0,4506.0,4506,87,,,
HAP1,70,Top-3,top3,0.9834295014055335,224.0,13510.0,4506,164,,,
HAP1,71,Fmax,score>=404.949,0.1291433423757553,152.0,1669.0,643,99,0.07805647775349481,0.08881451450498765,0.06962308475745538
HAP1,71,Fmax-full,score>=100.273,0.9862143397331238,1305.0,101792.0,4505,614,0.004384939113587629,0.01399501185918775,0.002599748144263284
HAP1,71,Floor,score>=100.273,0.9862143397331238,1305.0,101792.0,4505,614,,,
HAP1,71,Top-1,top1,0.978029294274301,98.0,4505.0,4505,98,,,
HAP1,71,Top-3,top3,0.9823198698032255,236.0,13504.0,4505,179,,,
HAP1,72,Fmax,score>=404.949,0.14106681942939758,161.0,1765.0,702,100,0.07889792074727878,0.08879309185480667,0.07098706688899915
HAP1,72,Fmax-full,score>=100.273,0.9862483739852905,1338.0,100944.0,4506,637,0.004379202057256692,0.013915822586005868,0.002598458446263778
HAP1,72,Floor,score>=100.273,0.9862483739852905,1338.0,100944.0,4506,637,,,
HAP1,72,Top-1,top1,0.9771415889924545,103.0,4506.0,4506,103,,,
HAP1,72,Top-3,top3,0.9819499926024561,244.0,13505.0,4506,178,,,
HAP1,73,Fmax,score>=455.567,0.06701435148715973,109.0,788.0,348,67,0.0846302433250567,0.14342659751137535,0.06002398711308635
HAP1,73,Fmax-full,score>=100.273,0.9876294732093811,1157.0,101841.0,4506,567,0.004526624107205547,0.01450776867869691,0.00268167128413696
HAP1,73,Floor,score>=100.273,0.9876294732093811,1157.0,101841.0,4506,567,,,
HAP1,73,Top-1,top1,0.980248557478917,89.0,4506.0,4506,89,,,
HAP1,73,Top-3,top3,0.9841692558070719,214.0,13507.0,4506,159,,,
HAP1,74,Fmax,score>=455.567,0.06749226152896881,103.0,812.0,353,64,0.08428585012574735,0.1410736336892481,0.06009514796226071
HAP1,74,Fmax-full,score>=100.273,0.9866648316383362,1231.0,102242.0,4505,592,0.004453360540821195,0.014188076031623014,0.002641189172683827
HAP1,74,Floor,score>=100.273,0.9866648316383362,1231.0,102242.0,4505,592,,,
HAP1,74,Top-1,top1,0.9786950732356857,95.0,4505.0,4505,95,,,
HAP1,74,Top-3,top3,0.9832445628051487,223.0,13505.0,4505,164,,,
HAP1,75,Fmax,score>=455.567,0.07240082323551178,136.0,872.0,384,84,0.0789461489936718,0.13591493130821386,0.05562916752271109
HAP1,75,Fmax-full,score>=100.273,0.9858762621879578,1370.0,101196.0,4505,630,0.004285093964394032,0.013850166563165036,0.002534642705770397
HAP1,75,Floor,score>=100.273,0.9858762621879578,1370.0,101196.0,4505,630,,,
HAP1,75,Top-1,top1,0.978029294274301,98.0,4505.0,4505,98,,,
HAP1,75,Top-3,top3,0.9803595206391478,262.0,13510.0,4505,192,,,
HAP1,76,Fmax,score>=404.949,0.13176099956035614,181.0,1683.0,657,104,0.07672260963929867,0.08820561897611226,0.06788502748231218
HAP1,76,Fmax-full,score>=100.273,0.9858996868133545,1319.0,101949.0,4505,624,0.004397159048668578,0.013860173159188046,0.0026130813562601626
HAP1,76,Floor,score>=100.273,0.9858996868133545,1319.0,101949.0,4505,624,,,
HAP1,76,Top-1,top1,0.979138925876609,93.0,4505.0,4505,93,,,
HAP1,76,Top-3,top3,0.9810622873206096,253.0,13509.0,4505,183,,,
HAP1,77,Fmax,score>=455.567,0.07469581812620163,132.0,817.0,387,71,0.08549851645950786,0.14481155798437947,0.06065497937838364
HAP1,77,Fmax-full,score>=100.273,0.9855823516845703,1419.0,102035.0,4506,618,0.004322116777891331,0.013630364359156521,0.002568247226052483
HAP1,77,Floor,score>=100.273,0.9855823516845703,1419.0,102035.0,4506,618,,,
HAP1,77,Top-1,top1,0.979138925876609,94.0,4506.0,4506,94,,,
HAP1,77,Top-3,top3,0.9824678206835331,237.0,13513.0,4506,166,,,
HAP1,78,Fmax,score>=455.567,0.07200135290622711,140.0,865.0,382,81,0.08031531640299223,0.13583291284569868,0.05701298320925564
HAP1,78,Fmax-full,score>=100.273,0.9853459000587463,1388.0,101759.0,4506,626,0.004369673239458224,0.013529008727290022,0.0026056263441487358
HAP1,78,Floor,score>=100.273,0.9853459000587463,1388.0,101759.0,4506,626,,,
HAP1,78,Top-1,top1,0.9811362627607634,85.0,4506.0,4506,85,,,
HAP1,78,Top-3,top3,0.9819499926024559,244.0,13510.0,4506,168,,,
HAP1,79,Fmax,score>=404.949,0.1319228708744049,142.0,1656.0,641,77,0.08694148703724383,0.09780945015551529,0.07824716090171051
HAP1,79,Fmax-full,score>=100.273,0.9877750873565674,1225.0,102721.0,4506,591,0.004482952429223252,0.014570169622115922,0.002648998362709777
HAP1,79,Floor,score>=100.273,0.9877750873565674,1225.0,102721.0,4506,591,,,
HAP1,79,Top-1,top1,0.9844651575676875,70.0,4506.0,4506,70,,,
HAP1,79,Top-3,top3,0.9843911821275337,211.0,13511.0,4506,152,,,
HAP1,80,Fmax,score>=455.567,0.0717150866985321,128.0,839.0,375,75,0.08117254258584097,0.14122282311168424,0.05695453299994981
HAP1,80,Fmax-full,score>=100.273,0.9855860471725464,1362.0,102942.0,4505,615,0.004299730501401231,0.01372577274664287,0.0025491359426779102
HAP1,80,Floor,score>=100.273,0.9855860471725464,1362.0,102942.0,4505,615,,,
HAP1,80,Top-1,top1,0.979138925876609,93.0,4505.0,4505,93,,,
HAP1,80,Top-3,top3,0.9818760171623022,242.0,13504.0,4505,183,,,
HAP1,81,Fmax,score>=455.567,0.07244449853897095,144.0,889.0,379,78,0.08091308056234375,0.14105400805858487,0.05672664814455863
HAP1,81,Fmax-full,score>=100.273,0.9853979349136353,1433.0,101891.0,4506,621,0.00426727140912863,0.013551309811085828,0.0025323510013331584
HAP1,81,Floor,score>=100.273,0.9853979349136353,1433.0,101891.0,4506,621,,,
HAP1,81,Top-1,top1,0.9789169995561473,95.0,4506.0,4506,95,,,
HAP1,81,Top-3,top3,0.9815061399615327,250.0,13511.0,4506,180,,,
HAP1,82,Fmax,score>=455.567,0.07154355198144913,140.0,884.0,373,77,0.08163944244944402,0.1422901218220339,0.057240762543722803
HAP1,82,Fmax-full,score>=100.273,0.9865591526031494,1377.0,102244.0,4506,618,0.004314759231452128,0.014049006429168055,0.002548771548837289
HAP1,82,Floor,score>=100.273,0.9865591526031494,1377.0,102244.0,4506,618,,,
HAP1,82,Top-1,top1,0.9798047048379938,91.0,4506.0,4506,91,,,
HAP1,82,Top-3,top3,0.9835774522858411,222.0,13508.0,4506,166,,,
HAP1,83,Fmax,score>=455.567,0.07105725258588791,117.0,876.0,370,69,0.08522072182097354,0.14272017951484198,0.0607468722161116
HAP1,83,Fmax-full,score>=100.273,0.986659049987793,1234.0,101914.0,4505,587,0.004418108090610364,0.014185636424963887,0.002616509162331501
HAP1,83,Floor,score>=100.273,0.986659049987793,1234.0,101914.0,4505,587,,,
HAP1,83,Top-1,top1,0.9806924101198402,86.0,4505.0,4505,86,,,
HAP1,83,Top-3,top3,0.9818760171623022,242.0,13507.0,4505,180,,,
HAP1,84,Fmax,score>=474.977,0.07351669669151306,142.0,895.0,393,84,0.08011329955447673,0.13339243100557713,0.05724764738030078
HAP1,84,Fmax-full,score>=100.273,0.9854605793952942,1460.0,102181.0,4506,617,0.004233921085412291,0.013578133522744161,0.0025079782812203614
HAP1,84,Floor,score>=100.273,0.9854605793952942,1460.0,102181.0,4506,617,,,
HAP1,84,Top-1,top1,0.9769196626719929,104.0,4506.0,4506,104,,,
HAP1,84,Top-3,top3,0.9795088030773784,277.0,13505.0,4506,200,,,
HAP1,85,Fmax,score>=404.949,0.14285138249397278,179.0,1837.0,707,108,0.07787102828935552,0.09107252661116845,0.06801225233877248
HAP1,85,Fmax-full,score>=100.273,0.9856031537055969,1437.0,102102.0,4506,621,0.004221391454954854,0.013639302209726945,0.0024971289413138814
HAP1,85,Floor,score>=100.273,0.9856031537055969,1437.0,102102.0,4506,621,,,
HAP1,85,Top-1,top1,0.9769196626719929,104.0,4506.0,4506,104,,,
HAP1,85,Top-3,top3,0.9812472259209942,253.0,13511.0,4506,187,,,
HAP1,86,Fmax,score>=455.567,0.07050269097089767,103.0,800.0,365,68,0.08654825671849528,0.1447219250583969,0.06173337780757346
HAP1,86,Fmax-full,score>=100.273,0.9859917759895325,1346.0,102060.0,4505,597,0.004383322307386265,0.013899574040323468,0.002601928864011737
HAP1,86,Floor,score>=100.273,0.9859917759895325,1346.0,102060.0,4505,597,,,
HAP1,86,Top-1,top1,0.9798047048379938,90.0,4505.0,4505,90,,,
HAP1,86,Top-3,top3,0.9824678206835331,234.0,13507.0,4505,178,,,
HAP1,87,Fmax,score>=455.567,0.06513990461826324,100.0,784.0,335,62,0.08475133062585971,0.14634016869773328,0.05964787796484856
HAP1,87,Fmax-full,score>=100.273,0.9862445592880249,1284.0,102141.0,4506,633,0.0044134150296915,0.013914204251581375,0.002622642549087278
HAP1,87,Floor,score>=100.273,0.9862445592880249,1284.0,102141.0,4506,633,,,
HAP1,87,Top-1,top1,0.9798047048379938,91.0,4506.0,4506,91,,,
HAP1,87,Top-3,top3,0.9829856487646103,230.0,13510.0,4506,175,,,
HAP1,88,Fmax,score>=455.567,0.07333793491125107,149.0,932.0,387,86,0.07860660049699085,0.1377867688815164,0.054988667872777446
HAP1,88,Fmax-full,score>=100.273,0.98655104637146,1347.0,102883.0,4506,623,0.004294982919639987,0.014045511407379554,0.0025350954132782938
HAP1,88,Floor,score>=100.273,0.98655104637146,1347.0,102883.0,4506,623,,,
HAP1,88,Top-1,top1,0.9775854416333777,101.0,4506.0,4506,101,,,
HAP1,88,Top-3,top3,0.9821719189229174,241.0,13515.0,4506,175,,,
HAP1,89,Fmax,score>=455.567,0.06989013403654099,132.0,874.0,371,80,0.08114058459257223,0.1358247002189834,0.05784979308686206
HAP1,89,Fmax-full,score>=100.273,0.9846996665000916,1468.0,103161.0,4506,636,0.004149894348811052,0.013251983256500137,0.002460148201310204
HAP1,89,Floor,score>=100.273,0.9846996665000916,1468.0,103161.0,4506,636,,,
HAP1,89,Top-1,top1,0.9773635153129161,102.0,4506.0,4506,102,,,
HAP1,89,Top-3,top3,0.9810622873206096,256.0,13512.0,4506,191,,,
HAP1,90,Fmax,score>=455.567,0.07342711091041565,119.0,823.0,384,74,0.07871472792853693,0.1412060560841855,0.05456622002294123
HAP1,90,Fmax-full,score>=100.273,0.9870793223381042,1274.0,101991.0,4506,611,0.004440742029464324,0.014271928730444599,0.002629450700475615
HAP1,90,Floor,score>=100.273,0.9870793223381042,1274.0,101991.0,4506,611,,,
HAP1,90,Top-1,top1,0.9786950732356857,96.0,4506.0,4506,96,,,
HAP1,90,Top-3,top3,0.9830596242047639,229.0,13510.0,4506,173,,,
HAP1,91,Fmax,score>=455.567,0.06843693554401398,137.0,815.0,364,77,0.08183601935302025,0.13526666457754388,0.058663715936373644
HAP1,91,Fmax-full,score>=100.273,0.9856722354888916,1365.0,102495.0,4506,608,0.004392313397337261,0.013668879267038428,0.0026165542299751363
HAP1,91,Floor,score>=100.273,0.9856722354888916,1365.0,102495.0,4506,608,,,
HAP1,91,Top-1,top1,0.9784731469152241,97.0,4506.0,4506,97,,,
HAP1,91,Top-3,top3,0.9810622873206094,256.0,13511.0,4506,174,,,
HAP1,92,Fmax,score>=455.567,0.07010237872600555,145.0,819.0,371,83,0.07947769603587676,0.13690289623170185,0.05599152656338737
HAP1,92,Fmax-full,score>=100.273,0.985836386680603,1378.0,102060.0,4506,634,0.004260315310848122,0.013739228191900058,0.0025210219905751454
HAP1,92,Floor,score>=100.273,0.985836386680603,1378.0,102060.0,4506,634,,,
HAP1,92,Top-1,top1,0.9786950732356857,96.0,4506.0,4506,96,,,
HAP1,92,Top-3,top3,0.9816171031217636,248.0,13507.0,4506,186,,,
HAP1,93,Fmax,score>=404.949,0.13734829425811768,174.0,1743.0,686,101,0.07714183667160292,0.08738906368132561,0.06904556522657002
HAP1,93,Fmax-full,score>=100.273,0.9857025742530823,1375.0,102920.0,4505,627,0.004208931358206562,0.013775675111291344,0.0024839272781993866
HAP1,93,Floor,score>=100.273,0.9857025742530823,1375.0,102920.0,4505,627,,,
HAP1,93,Top-1,top1,0.9766977363515313,104.0,4505.0,4505,104,,,
HAP1,93,Top-3,top3,0.9803965083592246,262.0,13509.0,4505,189,,,
HAP1,94,Fmax,score>=455.567,0.07087888568639755,135.0,844.0,372,75,0.08401650919636437,0.1398778876655527,0.060039316931591896
HAP1,94,Fmax-full,score>=100.273,0.9854109287261963,1433.0,103026.0,4506,617,0.004359654833514799,0.013556899233389612,0.0025974786053436206
HAP1,94,Floor,score>=100.273,0.9854109287261963,1433.0,103026.0,4506,617,,,
HAP1,94,Top-1,top1,0.979138925876609,94.0,4506.0,4506,94,,,
HAP1,94,Top-3,top3,0.9816540908418406,248.0,13510.0,4506,178,,,
HAP1,95,Fmax,score>=455.567,0.07088182866573334,141.0,857.0,377,85,0.07779479053343656,0.13501142833073213,0.054639189782068866
HAP1,95,Fmax-full,score>=100.273,0.9849922060966492,1398.0,101802.0,4505,613,0.004241043199125163,0.013471298986953407,0.002516671722214672
HAP1,95,Floor,score>=100.273,0.9849922060966492,1398.0,101802.0,4505,613,,,
HAP1,95,Top-1,top1,0.9773635153129161,101.0,4505.0,4505,101,,,
HAP1,95,Top-3,top3,0.9803965083592248,262.0,13508.0,4505,183,,,
HAP1,96,Fmax,score>=455.567,0.07641046494245529,143.0,915.0,403,81,0.08083922488948721,0.13784450062534265,0.05718889081594128
HAP1,96,Fmax-full,score>=100.273,0.9858556389808655,1329.0,102943.0,4505,602,0.004368952286251003,0.013841297772984235,0.0025938446803999535
HAP1,96,Floor,score>=100.273,0.9858556389808655,1329.0,102943.0,4505,602,,,
HAP1,96,Top-1,top1,0.9762538837106081,106.0,4505.0,4505,106,,,
HAP1,96,Top-3,top3,0.9812102382009175,251.0,13506.0,4505,185,,,
HAP1,97,Fmax,score>=474.977,0.06958049535751343,124.0,834.0,365,76,0.0820230182830474,0.14070319061450168,0.05788296578879856
HAP1,97,Fmax-full,score>=100.273,0.9864046573638916,1381.0,102159.0,4506,605,0.0043730416526634895,0.013982802762706739,0.0025918072843673203
HAP1,97,Floor,score>=100.273,0.9864046573638916,1381.0,102159.0,4506,605,,,
HAP1,97,Top-1,top1,0.9809143364403018,86.0,4506.0,4506,86,,,
HAP1,97,Top-3,top3,0.9824678206835331,237.0,13512.0,4506,183,,,
HAP1,98,Fmax,score>=455.567,0.0727962926030159,137.0,863.0,377,73,0.08381502572686379,0.14480324094601305,0.0589756620191403
HAP1,98,Fmax-full,score>=100.273,0.9863285422325134,1352.0,101759.0,4506,598,0.004377417563252649,0.013950192235487461,0.002596008264685628
HAP1,98,Floor,score>=100.273,0.9863285422325134,1352.0,101759.0,4506,598,,,
HAP1,98,Top-1,top1,0.9795827785175322,92.0,4506.0,4506,92,,,
HAP1,98,Top-3,top3,0.9812102382009175,254.0,13508.0,4506,177,,,
HAP1,99,Fmax,score>=455.567,0.07047099620103836,118.0,850.0,362,69,0.08271938236151864,0.14742616244724818,0.05748754038835565
HAP1,99,Fmax-full,score>=100.273,0.9865730404853821,1194.0,102793.0,4505,588,0.004452937251679968,0.01414870852999572,0.002642259834681694
HAP1,99,Floor,score>=100.273,0.9865730404853821,1194.0,102793.0,4505,588,,,
HAP1,99,Top-1,top1,0.9793608521970706,92.0,4505.0,4505,92,,,
HAP1,99,Top-3,top3,0.9824678206835331,234.0,13508.0,4505,166,,,
