gene,community
A1BG,63
A1CF,74
A2M,75
A2ML1,76
A4GALT,14
A4GNT,77
AAAS,8
AACS,54
AADAC,14
AADACL2,78
AADACL3,79
AADACL4,80
AADAT,60
AAGAB,52
AAK1,81
AAMDC,82
AAMP,47
AANAT,83
AAR2,65
AARD,84
AARS,27
AARS2,55
AARSD1,73
AASDH,85
AASDHPPT,11
AASS,86
AATF,87
AATK,71
ABAT,88
ABCA1,55
ABCA10,89
ABCA12,60
ABCA13,14
ABCA2,14
ABCA3,14
ABCA4,90
ABCA5,91
ABCA6,92
ABCA7,93
ABCA8,94
ABCA9,95
ABCB1,96
ABCB10,10
ABCB11,97
ABCB4,98
ABCB5,99
ABCB6,65
ABCB8,100
ABCB9,101
ABCC1,14
ABCC10,14
ABCC11,102
ABCC12,103
ABCC2,104
ABCC3,50
ABCC4,73
ABCC5,54
ABCC6,105
ABCC8,106
ABCC9,107
ABCD2,108
ABCD3,109
ABCD4,11
ABCE1,27
ABCF1,73
ABCF2,29
ABCF3,37
ABCG1,110
ABCG2,111
ABCG4,112
ABCG5,113
ABCG8,114
ABHD1,115
ABHD10,14
ABHD11,8
ABHD12,29
ABHD12B,116
ABHD13,73
ABHD14A,63
ABHD14B,14
ABHD15,71
ABHD16A,3
ABHD16B,14
ABHD17A,14
ABHD17B,117
ABHD17C,14
ABHD2,60
ABHD3,60
ABHD4,118
ABHD5,41
ABHD6,119
ABHD8,0
ABI1,41
ABI2,120
ABI3BP,121
ABL1,47
ABL2,60
ABLIM1,122
ABLIM2,123
ABLIM3,124
ABR,14
ABRA,125
ABRACL,126
ABT1,47
ABTB1,127
ABTB2,128
ACAA1,37
ACAA2,0
ACACA,11
ACACB,60
ACAD10,129
ACAD11,130
ACAD8,131
ACAD9,0
ACADL,29
ACADM,132
ACADS,71
ACADSB,60
ACADVL,14
ACAN,133
ACAP1,134
ACAP2,5
ACAP3,29
ACAT1,60
ACAT2,11
ACBD3,14
ACBD4,135
ACBD5,37
ACBD6,136
ACBD7,41
ACCS,60
ACCSL,137
ACD,3
ACE,138
ACER1,139
ACER2,140
ACER3,73
ACHE,141
ACIN1,142
ACKR1,143
ACKR2,144
ACKR3,145
ACKR4,146
ACLY,50
ACO1,147
ACO2,0
ACOT1,4
ACOT11,148
ACOT12,149
ACOT13,150
ACOT2,65
ACOT4,73
ACOT6,151
ACOT8,152
ACOX1,37
ACOX2,153
ACOX3,14
ACOXL,154
ACP1,155
ACP2,60
ACP5,156
ACP6,54
ACPP,157
ACR,158
ACRBP,159
ACRV1,160
ACSBG1,161
ACSBG2,162
ACSF2,60
ACSF3,163
ACSL1,14
ACSL3,37
ACSL5,164
ACSL6,165
ACSM1,166
ACSM2A,167
ACSM2B,168
ACSM3,169
ACSM4,170
ACSM5,171
ACSM6,38
ACSS1,172
ACSS2,173
ACSS3,174
ACTA1,175
ACTA2,176
ACTB,27
ACTBL2,177
ACTC1,70
ACTG1,41
ACTG2,178
ACTL10,179
ACTL6A,50
ACTL6B,180
ACTL7A,181
ACTL7B,182
ACTL8,60
ACTL9,183
ACTN1,184
ACTN2,185
ACTN4,186
ACTR10,47
ACTR1A,60
ACTR1B,37
ACTR2,41
ACTR3,41
ACTR3B,187
ACTR3C,188
ACTR5,70
ACTR6,50
ACTR8,70
ACTRT2,189
ACTRT3,190
ACVR1,4
ACVR1B,60
ACVR1C,191
ACVR2A,4
ACVR2B,71
ACVRL1,192
ACY1,52
ACY3,193
ACYP1,14
ACYP2,60
ADA,194
ADAD1,195
ADAD2,196
ADAL,60
ADAM10,4
ADAM11,197
ADAM12,198
ADAM15,21
ADAM17,199
ADAM18,200
ADAM2,201
ADAM20,202
ADAM21,203
ADAM22,204
ADAM23,205
ADAM28,206
ADAM29,207
ADAM30,208
ADAM32,209
ADAM33,210
ADAM7,211
ADAM8,10
ADAM9,212
ADAMDEC1,213
ADAMTS1,71
ADAMTS10,214
ADAMTS12,215
ADAMTS14,38
ADAMTS15,216
ADAMTS16,217
ADAMTS17,218
ADAMTS18,219
ADAMTS19,220
ADAMTS20,221
ADAMTS3,222
ADAMTS4,223
ADAMTS5,224
ADAMTS6,225
ADAMTS7,226
ADAMTS8,227
ADAMTS9,228
ADAMTSL1,229
ADAMTSL2,230
ADAMTSL4,14
ADAP1,231
ADAP2,232
ADAR,27
ADARB1,233
ADARB2,234
ADAT1,235
ADAT2,47
ADAT3,47
ADCK1,236
ADCK2,65
ADCK5,237
ADCY1,238
ADCY10,239
ADCY2,240
ADCY4,241
ADCY5,242
ADCY6,21
ADCY7,243
ADCY8,244
ADCY9,245
ADCYAP1,246
ADCYAP1R1,247
ADD1,60
ADD2,14
ADD3,56
ADH1A,248
ADH1B,249
ADH4,250
ADH5,251
ADH6,252
ADH7,253
ADHFE1,254
ADI1,41
ADIG,255
ADIPOQ,256
ADIPOR2,70
ADIRF,10
ADK,14
ADM,257
ADM2,258
ADM5,259
ADNP,55
ADNP2,260
ADO,29
ADORA1,261
ADORA2A,14
ADORA2B,21
ADORA3,262
ADPGK,73
ADPRH,60
ADPRHL1,263
ADPRHL2,29
ADPRM,4
ADRA1A,264
ADRA1B,265
ADRA1D,266
ADRA2A,29
ADRA2B,267
ADRA2C,268
ADRB1,269
ADRB2,270
ADRB3,271
ADRM1,27
ADSL,11
ADTRP,272
AEBP1,60
AEBP2,60
AEN,56
AFAP1,73
AFAP1L1,273
AFAP1L2,10
AFF1,50
AFF3,14
AFF4,274
AFG3L2,54
AFM,275
AFMID,63
AFP,276
AFTPH,52
AGA,14
AGAP1,14
AGAP2,277
AGAP3,52
AGAP4,278
AGAP5,73
AGAP6,279
AGAP9,55
AGBL1,280
AGBL2,281
AGBL3,282
AGBL4,283
AGBL5,284
AGER,285
AGFG1,52
AGFG2,30
AGK,286
AGL,287
AGMAT,288
AGMO,289
AGO1,38
AGO2,10
AGO3,63
AGO4,290
AGPAT2,291
AGPAT3,41
AGPAT4,70
AGPAT5,14
AGPS,37
AGR2,60
AGR3,292
AGRN,14
AGRP,293
AGT,294
AGTPBP1,295
AGTR1,296
AGTRAP,29
AGXT,297
AGXT2,298
AHCTF1,8
AHCY,11
AHCYL1,11
AHCYL2,73
AHI1,65
AHNAK,52
AHNAK2,299
AHR,63
AHRR,70
AHSA1,14
AHSG,300
AHSP,301
AICDA,302
AIDA,60
AIF1,303
AIF1L,56
AIFM2,73
AIFM3,304
AIG1,11
AIM2,73
AIMP2,52
AIP,63
AIPL1,305
AIRE,306
AJAP1,307
AJUBA,5
AK1,14
AK2,60
AK3,52
AK4,71
AK5,308
AK6,47
AK7,60
AK8,309
AK9,60
AKAP1,310
AKAP10,60
AKAP11,311
AKAP12,29
AKAP13,10
AKAP3,312
AKAP5,313
AKAP6,314
AKAP7,60
AKAP8,315
AKAP8L,73
AKIP1,48
AKIRIN1,63
AKIRIN2,27
AKNA,60
AKNAD1,316
AKR1A1,29
AKR1B1,317
AKR1B15,318
AKR1C1,3
AKR1C2,319
AKR1C3,320
AKR1C4,3
AKR1D1,321
AKR1E2,322
AKR7A2,4
AKR7A3,30
AKT1,71
AKT1S1,41
AKT2,71
AKT3,323
AKTIP,11
ALAD,11
ALAS1,11
ALB,324
ALCAM,47
ALDH16A1,325
ALDH18A1,52
ALDH1A1,326
ALDH1A2,327
ALDH1B1,14
ALDH1L1,328
ALDH1L2,14
ALDH2,30
ALDH3A1,60
ALDH3A2,329
ALDH3B2,29
ALDH4A1,60
ALDH5A1,330
ALDH6A1,331
ALDH7A1,60
ALDH8A1,332
ALDH9A1,7
ALDOA,11
ALDOB,333
ALDOC,29
ALG1,27
ALG10,73
ALG10B,334
ALG11,27
ALG12,73
ALG14,27
ALG1L,335
ALG2,27
ALG3,73
ALG5,73
ALG6,73
ALG8,73
ALG9,73
ALK,29
ALKBH1,5
ALKBH2,336
ALKBH3,56
ALKBH4,14
ALKBH5,14
ALKBH6,27
ALKBH7,337
ALKBH8,47
ALLC,338
ALMS1,339
ALOX12B,340
ALOX15,341
ALOX15B,342
ALOX5,29
ALOX5AP,343
ALOXE3,344
ALPI,345
ALPK1,346
ALPK2,347
ALPK3,60
ALPL,348
ALPP,349
ALS2,350
ALS2CL,351
ALX1,352
ALX3,353
ALX4,354
ALYREF,21
AMACR,14
AMBN,355
AMBP,56
AMBRA1,60
AMD1,47
AMDHD1,356
AMDHD2,54
AMER2,357
AMER3,358
AMFR,37
AMH,359
AMHR2,360
AMIGO1,361
AMIGO2,362
AMIGO3,363
AMN,364
AMN1,60
AMOTL1,60
AMOTL2,5
AMPD1,365
AMPD2,366
AMPD3,367
AMPH,5
AMT,368
AMTN,369
AMY1A,370
AMY2A,371
AMY2B,372
AMZ1,29
AMZ2,373
ANAPC1,50
ANAPC10,50
ANAPC11,71
ANAPC13,21
ANAPC15,21
ANAPC16,374
ANAPC2,27
ANAPC4,27
ANAPC5,21
ANAPC7,29
ANG,375
ANGEL1,60
ANGEL2,54
ANGPT1,376
ANGPT2,377
ANGPT4,378
ANGPTL1,379
ANGPTL2,380
ANGPTL3,381
ANGPTL4,382
ANGPTL5,383
ANGPTL6,384
ANGPTL7,385
ANHX,386
ANK1,387
ANK2,388
ANK3,389
ANKAR,390
ANKDD1A,391
ANKEF1,392
ANKFY1,52
ANKH,52
ANKHD1,393
ANKIB1,41
ANKK1,394
ANKLE1,395
ANKLE2,27
ANKMY1,14
ANKMY2,21
ANKRA2,60
ANKRD1,396
ANKRD10,397
ANKRD11,70
ANKRD12,398
ANKRD13A,399
ANKRD13B,400
ANKRD13C,14
ANKRD16,14
ANKRD17,14
ANKRD2,401
ANKRD23,402
ANKRD26,403
ANKRD27,404
ANKRD28,405
ANKRD30A,406
ANKRD31,407
ANKRD33,408
ANKRD34B,409
ANKRD37,410
ANKRD40,411
ANKRD44,47
ANKRD45,412
ANKRD46,413
ANKRD49,11
ANKRD50,414
ANKRD52,10
ANKRD53,415
ANKRD54,60
ANKRD6,416
ANKRD61,417
ANKRD7,14
ANKRD9,418
ANKS1A,419
ANKS1B,420
ANKS3,421
ANKS4B,422
ANKS6,5
ANKZF1,52
ANLN,5
ANO1,60
ANO10,423
ANO3,424
ANO4,11
ANO5,425
ANO6,426
ANO7,427
ANO8,60
ANO9,428
ANP32A,54
ANP32B,54
ANP32E,14
ANPEP,60
ANTXR1,55
ANTXR2,429
ANTXRL,430
ANXA1,73
ANXA10,431
ANXA11,23
ANXA13,432
ANXA2,60
ANXA2R,10
ANXA3,433
ANXA4,30
ANXA5,434
ANXA6,60
ANXA7,48
ANXA8,60
ANXA8L1,14
ANXA9,60
AOAH,435
AOC1,14
AOC2,30
AOC3,436
AOX1,437
AP1AR,438
AP1B1,52
AP1G1,52
AP1G2,60
AP1M1,52
AP1M2,52
AP1S1,52
AP1S3,73
AP2A1,52
AP2A2,52
AP2B1,52
AP2M1,52
AP2S1,52
AP3B1,71
AP3B2,60
AP3D1,71
AP3M1,27
AP3M2,14
AP3S1,439
AP3S2,54
AP4B1,60
AP4E1,41
AP4M1,14
AP4S1,60
AP5B1,14
AP5M1,14
AP5S1,440
AP5Z1,441
APAF1,442
APBA1,443
APBA2,444
APBA3,445
APBB1,446
APBB1IP,447
APBB2,448
APBB3,4
APC,11
APC2,60
APCDD1,449
APCDD1L,450
APCS,451
APEH,38
APEX1,65
APH1A,4
APH1B,60
API5,52
APIP,452
APLF,453
APLNR,454
APLP1,71
APLP2,455
APMAP,30
APOA1,456
APOA2,457
APOA4,458
APOA5,459
APOB,460
APOBEC1,461
APOBEC2,462
APOBEC3A,463
APOBEC3B,464
APOBEC3C,14
APOBEC3D,465
APOBEC3F,466
APOBEC3G,47
APOBEC3H,467
APOBEC4,468
APOBR,469
APOC1,5
APOC2,14
APOC3,470
APOC4,73
APOD,471
APOE,29
APOF,472
APOH,473
APOL1,474
APOL2,475
APOL3,476
APOL5,477
APOL6,65
APOLD1,14
APOM,14
APP,11
APPBP2,60
APPL1,41
APPL2,478
APRT,47
APTX,14
AQP1,50
AQP10,479
AQP11,480
AQP12B,481
AQP2,482
AQP3,483
AQP4,484
AQP5,485
AQP6,486
AQP7,487
AQP8,488
AQP9,489
AQR,27
ARAP1,490
ARAP2,29
ARAP3,14
ARC,56
ARCN1,27
AREG,491
AREL1,492
ARF1,47
ARF3,60
ARF4,27
ARF5,47
ARF6,5
ARFGAP1,14
ARFGAP2,38
ARFGAP3,14
ARFGEF1,4
ARFGEF2,14
ARFIP1,60
ARFIP2,493
ARFRP1,30
ARG1,494
ARG2,495
ARGFX,496
ARGLU1,14
ARHGAP1,4
ARHGAP10,497
ARHGAP11A,70
ARHGAP11B,70
ARHGAP12,60
ARHGAP15,14
ARHGAP17,69
ARHGAP18,498
ARHGAP19,54
ARHGAP20,499
ARHGAP21,5
ARHGAP22,500
ARHGAP23,501
ARHGAP24,502
ARHGAP25,503
ARHGAP26,504
ARHGAP28,47
ARHGAP29,41
ARHGAP30,505
ARHGAP31,506
ARHGAP32,507
ARHGAP33,14
ARHGAP35,5
ARHGAP39,508
ARHGAP44,509
ARHGAP5,14
ARHGAP8,510
ARHGAP9,10
ARHGDIA,73
ARHGDIB,511
ARHGDIG,512
ARHGEF1,5
ARHGEF10,60
ARHGEF10L,60
ARHGEF11,64
ARHGEF12,50
ARHGEF15,513
ARHGEF16,11
ARHGEF17,514
ARHGEF18,515
ARHGEF19,60
ARHGEF2,60
ARHGEF25,516
ARHGEF26,41
ARHGEF28,60
ARHGEF3,5
ARHGEF33,517
ARHGEF37,518
ARHGEF38,519
ARHGEF39,29
ARHGEF4,520
ARHGEF40,521
ARHGEF5,73
ARHGEF7,41
ARID1A,63
ARID1B,63
ARID2,63
ARID3C,522
ARID4A,3
ARID4B,70
ARID5A,60
ARID5B,523
ARIH1,52
ARIH2,11
ARIH2OS,30
ARL1,30
ARL10,60
ARL11,524
ARL13B,60
ARL14,525
ARL14EP,63
ARL15,47
ARL16,73
ARL17A,526
ARL2,27
ARL2BP,29
ARL3,527
ARL4A,528
ARL4C,54
ARL4D,14
ARL5A,73
ARL5B,30
ARL5C,529
ARL6,530
ARL6IP1,531
ARL6IP5,60
ARL6IP6,532
ARL8A,60
ARL8B,71
ARL9,10
ARMC1,533
ARMC10,27
ARMC12,534
ARMC2,535
ARMC3,536
ARMC4,537
ARMC5,538
ARMC6,3
ARMC7,47
ARMC8,539
ARMC9,54
ARMS2,540
ARNT,63
ARNT2,11
ARNTL,14
ARNTL2,73
ARPC1A,60
ARPC1B,29
ARPC2,41
ARPC3,41
ARPC4,41
ARPC5,14
ARPC5L,541
ARPIN,542
ARPP19,4
ARPP21,543
ARRB1,29
ARRB2,544
ARRDC1,60
ARRDC2,38
ARRDC4,4
ARSA,14
ARSB,14
ARSI,545
ARSJ,546
ARSK,60
ART1,547
ART3,548
ART4,549
ART5,550
ARTN,551
ARV1,14
ARVCF,54
AS3MT,552
ASAH1,553
ASAH2,554
ASAH2B,555
ASAP1,73
ASAP2,56
ASAP3,60
ASB1,556
ASB10,557
ASB13,558
ASB14,559
ASB15,560
ASB16,55
ASB17,561
ASB18,562
ASB2,563
ASB3,564
ASB4,565
ASB5,566
ASB6,60
ASB7,567
ASB8,14
ASCC1,65
ASCC2,60
ASCL1,29
ASCL2,4
ASCL3,568
ASCL4,569
ASCL5,30
ASF1A,70
ASF1B,70
ASGR1,570
ASGR2,571
ASH1L,70
ASH2L,63
ASIC1,29
ASIC2,572
ASIC3,573
ASIC4,574
ASIC5,575
ASIP,576
ASL,10
ASNA1,30
ASNS,52
ASNSD1,60
ASPA,577
ASPDH,578
ASPG,579
ASPH,71
ASPHD1,41
ASPHD2,580
ASPM,21
ASPRV1,0
ASPSCR1,71
ASRGL1,73
ASS1,581
ASTE1,582
ASTL,583
ASTN1,584
ASTN2,585
ASXL1,29
ASXL3,586
ASZ1,587
ATAD1,588
ATAD2,60
ATAD2B,589
ATAD3C,590
ATAD5,4
ATAT1,73
ATCAY,591
ATE1,60
ATF1,592
ATF3,593
ATF4,52
ATF5,594
ATF6,0
ATF6B,595
ATF7,596
ATF7IP,71
ATF7IP2,597
ATG10,52
ATG101,52
ATG12,52
ATG13,52
ATG14,52
ATG16L1,52
ATG16L2,60
ATG2A,54
ATG2B,60
ATG3,52
ATG4B,52
ATG4C,60
ATG4D,14
ATG5,598
ATG7,52
ATG9A,52
ATIC,11
ATL1,599
ATL2,60
ATM,45
ATMIN,45
ATN1,54
ATOH1,60
ATOH7,600
ATOH8,38
ATOX1,27
ATP10A,601
ATP10B,602
ATP10D,603
ATP11A,14
ATP11B,73
ATP12A,604
ATP13A1,73
ATP13A2,14
ATP13A4,605
ATP13A5,606
ATP1A1,11
ATP1A2,607
ATP1A3,29
ATP1A4,27
ATP1B1,608
ATP1B2,609
ATP1B3,11
ATP2A1,610
ATP2A3,4
ATP2B1,611
ATP2B2,73
ATP2B4,14
ATP2C1,73
ATP2C2,612
ATP4A,613
ATP4B,614
ATP6AP1L,615
ATP6V0A1,45
ATP6V0A2,4
ATP6V0A4,616
ATP6V0B,50
ATP6V0C,617
ATP6V0D1,50
ATP6V0D2,618
ATP6V0E2,4
ATP6V1A,50
ATP6V1B1,10
ATP6V1B2,50
ATP6V1C1,50
ATP6V1C2,65
ATP6V1D,50
ATP6V1E1,50
ATP6V1E2,14
ATP6V1F,50
ATP6V1G1,50
ATP6V1G2,29
ATP6V1G3,619
ATP6V1H,50
ATP7B,14
ATP8A1,620
ATP8A2,621
ATP8B1,622
ATP8B2,623
ATP8B3,60
ATP8B4,56
ATP9A,63
ATP9B,14
ATPAF1,14
ATPAF2,0
ATR,624
ATRAID,21
ATRIP,45
ATRN,14
ATRNL1,625
ATXN1,29
ATXN10,626
ATXN1L,14
ATXN2,10
ATXN2L,4
ATXN3,60
ATXN7,50
ATXN7L1,627
ATXN7L3,50
ATXN7L3B,30
AUH,55
AUNIP,45
AUP1,73
AURKA,14
AURKAIP1,55
AURKB,27
AURKC,628
AUTS2,21
AVEN,60
AVIL,10
AVL9,60
AVP,629
AVPI1,60
AVPR1A,630
AVPR1B,631
AXIN1,11
AXIN2,60
AXL,30
AZGP1,632
AZI2,633
AZIN1,11
AZIN2,60
AZU1,634
B2M,37
B3GALNT1,14
B3GALNT2,635
B3GALT1,636
B3GALT2,637
B3GALT4,14
B3GALT5,638
B3GALT6,30
B3GAT1,639
B3GAT2,640
B3GAT3,30
B3GNT2,30
B3GNT3,641
B3GNT4,642
B3GNT5,30
B3GNT6,643
B3GNT7,644
B3GNT8,645
B3GNT9,646
B3GNTL1,647
B4GALNT1,4
B4GALNT2,648
B4GALNT3,52
B4GALNT4,649
B4GALT1,650
B4GALT2,0
B4GALT3,30
B4GALT4,10
B4GALT5,30
B4GALT6,38
B4GALT7,30
B9D1,21
B9D2,651
BAALC,652
BAAT,653
BABAM1,654
BACE1,14
BACE2,14
BACH1,73
BACH2,655
BAD,14
BAG1,60
BAG2,73
BAG3,73
BAG4,656
BAG5,27
BAG6,55
BAHD1,70
BAIAP2,14
BAIAP2L1,73
BAIAP2L2,657
BAIAP3,60
BAK1,658
BAMBI,73
BANF1,27
BANF2,659
BANK1,660
BANP,661
BAP1,662
BARD1,45
BARHL1,663
BARHL2,664
BARX1,52
BARX2,14
BASP1,665
BATF,666
BATF2,667
BATF3,3
BAX,668
BAZ1A,14
BAZ1B,30
BAZ2A,60
BAZ2B,70
BBC3,669
BBIP1,670
BBOX1,671
BBS1,672
BBS10,673
BBS12,14
BBS2,47
BBS4,14
BBS5,674
BBS7,675
BBS9,60
BBX,676
BCAM,677
BCAP29,678
BCAR1,41
BCAR3,41
BCAS1,14
BCAS2,30
BCAS3,679
BCAS4,60
BCAT1,60
BCAT2,52
BCCIP,47
BCDIN3D,14
BCHE,680
BCKDHA,681
BCKDHB,682
BCKDK,60
BCL10,3
BCL11A,70
BCL11B,60
BCL2,70
BCL2A1,683
BCL2L1,684
BCL2L10,685
BCL2L11,60
BCL2L12,4
BCL2L13,14
BCL2L14,686
BCL2L15,687
BCL2L2,73
BCL3,14
BCL6,60
BCL6B,688
BCL7A,689
BCL7C,14
BCL9L,70
BCO1,73
BCO2,690
BCR,691
BCS1L,0
BDH1,692
BDH2,21
BDKRB1,693
BDKRB2,30
BDNF,41
BDP1,40
BEAN1,694
BECN1,52
BEGAIN,695
BEND3,696
BEND5,697
BEND6,698
BEND7,699
BEST1,10
BEST2,700
BEST3,701
BEST4,702
BET1,47
BET1L,65
BFAR,30
BFSP1,703
BFSP2,704
BGLAP,705
BHLHA15,706
BHLHE22,60
BHLHE41,4
BHMT,707
BHMT2,708
BICC1,709
BICD1,73
BICD2,14
BID,30
BIK,710
BIN1,711
BIN2,712
BIN3,713
BIRC2,3
BIRC3,3
BIRC5,27
BIRC6,73
BIRC7,714
BIRC8,715
BIVM,716
BLCAP,29
BLID,717
BLK,718
BLM,45
BLMH,719
BLNK,14
BLOC1S1,720
BLOC1S2,71
BLOC1S3,721
BLOC1S4,10
BLOC1S5,722
BLOC1S6,60
BLVRA,10
BLVRB,30
BLZF1,71
BMF,60
BMI1,70
BMP1,10
BMP10,723
BMP2,724
BMP2K,725
BMP3,726
BMP4,727
BMP5,728
BMP6,729
BMP7,730
BMP8A,731
BMP8B,30
BMPER,4
BMPR1A,4
BMPR1B,732
BMPR2,4
BMS1,47
BNC1,733
BNC2,734
BNIP1,30
BNIP2,60
BNIP3L,735
BNIPL,736
BOC,737
BOD1,29
BOD1L1,50
BOD1L2,738
BOK,29
BOLA1,21
BOLA2,739
BOLA3,0
BOLL,740
BOP1,47
BORA,741
BPGM,742
BPI,743
BPIFA1,744
BPIFA2,745
BPIFA3,47
BPIFB1,746
BPIFB2,747
BPIFB3,748
BPIFB4,749
BPIFB6,750
BPIFC,751
BPNT1,29
BPTF,30
BRAF,21
BRAP,71
BRAT1,30
BRCA1,45
BRCA2,45
BRD1,70
BRD2,50
BRD3,752
BRD4,50
BRD7,63
BRD8,50
BRD9,50
BRDT,753
BRF1,27
BRF2,27
BRI3,71
BRI3BP,754
BRICD5,10
BRINP1,755
BRINP2,756
BRINP3,757
BRIP1,45
BRIX1,73
BRK1,41
BRMS1,758
BRMS1L,759
BROX,760
BRPF1,70
BRPF3,14
BRSK1,14
BRSK2,761
BRWD1,60
BSCL2,762
BSDC1,60
BSG,11
BSN,763
BSND,764
BSPH1,765
BSPRY,766
BST1,767
BST2,18
BSX,768
BTAF1,50
BTBD1,54
BTBD10,769
BTBD11,770
BTBD17,771
BTBD18,772
BTBD2,773
BTBD3,14
BTBD6,73
BTBD7,47
BTBD8,774
BTBD9,5
BTC,775
BTD,776
BTF3,50
BTF3L4,60
BTG1,14
BTG2,73
BTG3,27
BTG4,777
BTLA,778
BTN1A1,779
BTN2A1,780
BTN2A2,781
BTN3A2,782
BTNL3,783
BTNL8,784
BTNL9,785
BTRC,60
BUB1,60
BUB1B,27
BUB3,27
BUD13,47
BUD31,27
BVES,786
BYSL,787
BZW1,60
BZW2,788
C10orf105,789
C10orf111,790
C10orf25,60
C10orf62,791
C10orf67,792
C10orf88,52
C10orf95,793
C11orf1,38
C11orf21,794
C11orf24,14
C11orf44,795
C11orf45,796
C11orf49,60
C11orf52,797
C11orf54,798
C11orf65,799
C11orf68,800
C11orf74,801
C11orf87,802
C12orf10,60
C12orf29,803
C12orf4,804
C12orf40,805
C12orf49,37
C12orf50,806
C12orf57,807
C12orf65,0
C12orf66,41
C12orf73,60
C14orf119,14
C14orf93,10
C15orf39,5
C15orf41,808
C15orf61,71
C15orf62,809
C16orf46,37
C16orf54,810
C16orf58,56
C16orf70,70
C16orf72,60
C16orf74,811
C16orf78,5
C16orf87,812
C16orf89,813
C16orf92,814
C17orf58,3
C17orf67,815
C17orf75,38
C17orf77,816
C17orf78,817
C17orf80,818
C17orf82,819
C17orf99,820
C18orf25,821
C18orf32,822
C19orf12,54
C19orf18,823
C19orf25,30
C19orf44,11
C19orf47,3
C19orf57,824
C19orf73,14
C1D,47
C1GALT1,5
C1QA,825
C1QB,826
C1QBP,0
C1QC,827
C1QL1,828
C1QL2,829
C1QL3,830
C1QL4,831
C1QTNF1,14
C1QTNF2,832
C1QTNF3,833
C1QTNF4,834
C1QTNF5,835
C1QTNF6,60
C1QTNF7,836
C1QTNF8,837
C1QTNF9,838
C1QTNF9B,27
C1RL,14
C1S,14
C1orf105,839
C1orf109,47
C1orf115,5
C1orf127,840
C1orf131,55
C1orf159,60
C1orf162,841
C1orf174,842
C1orf185,843
C1orf189,844
C1orf194,845
C1orf198,846
C1orf21,847
C1orf210,848
C1orf216,54
C1orf43,14
C1orf50,849
C1orf52,850
C1orf54,52
C1orf61,851
C2,852
C20orf141,853
C20orf194,854
C21orf33,71
C22orf23,71
C22orf24,855
C22orf39,73
C22orf46,56
C2CD2,856
C2CD2L,60
C2CD3,48
C2CD4A,857
C2CD4B,858
C2CD4C,859
C2CD5,41
C2orf15,860
C2orf16,861
C2orf42,60
C2orf49,60
C2orf50,862
C2orf66,863
C2orf69,60
C2orf83,864
C2orf88,865
C3,866
C3AR1,14
C3orf18,867
C3orf20,868
C3orf33,48
C3orf62,869
C3orf80,870
C4A,73
C4BPA,871
C4BPB,70
C4orf19,872
C4orf3,60
C4orf33,873
C4orf46,874
C4orf47,875
C4orf48,876
C5,877
C5AR1,878
C5AR2,60
C5orf22,879
C5orf24,14
C5orf30,880
C5orf38,881
C5orf46,882
C5orf51,883
C5orf60,884
C5orf63,885
C5orf64,886
C6,887
C6orf120,14
C6orf15,888
C6orf226,29
C6orf89,4
C7,889
C7orf25,890
C7orf31,891
C7orf61,892
C8A,893
C8B,894
C8G,895
C8orf33,3
C8orf37,14
C8orf44,14
C8orf48,896
C8orf74,897
C8orf88,60
C9,898
C9orf116,899
C9orf129,900
C9orf135,901
C9orf16,54
C9orf43,902
C9orf47,903
C9orf57,904
C9orf64,14
C9orf72,905
C9orf78,38
CA1,906
CA10,907
CA11,908
CA12,909
CA13,910
CA14,911
CA2,60
CA3,11
CA4,912
CA5A,10
CA6,913
CA7,914
CA8,915
CA9,916
CAAP1,917
CAB39,5
CAB39L,918
CABIN1,70
CABLES1,919
CABLES2,920
CABP1,921
CABP2,922
CABP4,73
CABP5,923
CABP7,41
CABS1,924
CABYR,10
CACFD1,60
CACHD1,925
CACNA1A,926
CACNA1B,927
CACNA1C,52
CACNA1D,928
CACNA1E,929
CACNA1G,930
CACNA1H,931
CACNA1I,932
CACNA1S,933
CACNA2D1,934
CACNA2D2,14
CACNA2D3,14
CACNA2D4,935
CACNB1,41
CACNB2,936
CACNB3,60
CACNB4,10
CACNG1,937
CACNG2,938
CACNG3,939
CACNG4,14
CACNG5,940
CACNG6,941
CACNG7,942
CACNG8,943
CACTIN,73
CACUL1,60
CACYBP,944
CAD,11
CADM1,63
CADM2,945
CADM3,946
CADM4,3
CADPS,947
CADPS2,73
CAGE1,948
CALB1,949
CALB2,950
CALCB,951
CALCOCO1,73
CALCOCO2,63
CALCR,952
CALCRL,953
CALD1,60
CALHM1,954
CALHM2,955
CALHM3,956
CALM2,4
CALM3,14
CALML3,14
CALML4,29
CALML5,957
CALML6,958
CALN1,959
CALR,63
CALR3,47
CALU,960
CALY,961
CAMK1,962
CAMK1D,60
CAMK1G,963
CAMK2A,964
CAMK2B,30
CAMK2D,965
CAMK2G,60
CAMK2N1,70
CAMK2N2,966
CAMK4,967
CAMKK1,968
CAMKK2,56
CAMKMT,37
CAMKV,969
CAMLG,30
CAMP,970
CAMSAP1,70
CAMSAP3,41
CAMTA1,14
CAMTA2,41
CAND1,52
CAND2,47
CANT1,71
CANX,73
CAP1,27
CAP2,971
CAPG,972
CAPN1,14
CAPN10,14
CAPN11,973
CAPN12,974
CAPN13,975
CAPN14,976
CAPN15,30
CAPN2,60
CAPN3,977
CAPN5,978
CAPN7,56
CAPN9,70
CAPNS1,14
CAPNS2,979
CAPRIN1,10
CAPRIN2,14
CAPS,980
CAPS2,981
CAPSL,982
CAPZA1,983
CAPZA2,984
CAPZA3,985
CAPZB,27
CARD10,3
CARD11,986
CARD14,14
CARD17,987
CARD18,988
CARD6,73
CARD8,29
CARD9,14
CARF,60
CARHSP1,989
CARM1,990
CARNS1,991
CARS,27
CARS2,0
CARTPT,992
CASC3,993
CASC4,14
CASD1,41
CASKIN1,994
CASKIN2,10
CASP1,995
CASP10,996
CASP14,997
CASP2,60
CASP3,21
CASP4,998
CASP5,999
CASP6,1000
CASP7,4
CASP8,14
CASP9,65
CASQ1,1001
CASQ2,1002
CASR,1003
CASS4,1004
CAST,60
CASZ1,1005
CAT,41
CATSPER1,60
CATSPER2,14
CATSPER3,1006
CATSPER4,1007
CATSPERD,1008
CATSPERG,4
CAV1,14
CAV2,29
CAV3,1009
CBFA2T2,1010
CBFA2T3,70
CBFB,70
CBL,70
CBLB,1011
CBLC,60
CBLL1,47
CBLN1,1012
CBLN2,1013
CBLN3,1014
CBLN4,1015
CBR1,1016
CBR3,52
CBR4,29
CBS,60
CBWD1,37
CBWD2,65
CBWD3,14
CBWD5,29
CBWD6,1017
CBX2,73
CBX3,1018
CBX4,1019
CBX5,29
CBX6,1020
CBX7,14
CBX8,54
CBY1,71
CC2D1A,1021
CC2D1B,37
CC2D2A,1022
CCAR1,60
CCAR2,60
CCBE1,1023
CCDC102A,29
CCDC102B,1024
CCDC103,1025
CCDC105,1026
CCDC106,54
CCDC107,11
CCDC110,1027
CCDC113,63
CCDC114,1028
CCDC115,50
CCDC116,1029
CCDC117,47
CCDC12,10
CCDC121,50
CCDC124,30
CCDC125,14
CCDC126,1030
CCDC13,1031
CCDC130,8
CCDC134,73
CCDC136,1032
CCDC137,47
CCDC14,1033
CCDC146,73
CCDC148,1034
CCDC15,1035
CCDC150,1036
CCDC151,1037
CCDC153,1038
CCDC155,1039
CCDC167,73
CCDC17,1040
CCDC172,1041
CCDC174,4
CCDC180,1042
CCDC181,1043
CCDC182,60
CCDC184,60
CCDC185,1044
CCDC186,1045
CCDC24,73
CCDC25,73
CCDC28A,14
CCDC28B,60
CCDC3,4
CCDC33,1046
CCDC36,1047
CCDC38,1048
CCDC39,1049
CCDC40,1050
CCDC42,1051
CCDC43,65
CCDC47,50
CCDC50,3
CCDC59,47
CCDC6,43
CCDC60,1052
CCDC61,29
CCDC62,1053
CCDC63,1054
CCDC65,14
CCDC66,1055
CCDC68,14
CCDC69,1056
CCDC70,1057
CCDC71L,70
CCDC77,48
CCDC8,1058
CCDC80,1059
CCDC81,1060
CCDC84,47
CCDC85A,1061
CCDC85B,56
CCDC85C,1062
CCDC86,47
CCDC87,71
CCDC88A,1063
CCDC88B,1064
CCDC88C,1065
CCDC89,1066
CCDC9,14
CCDC90B,60
CCDC91,60
CCDC92,38
CCDC93,71
CCDC96,1067
CCER1,1068
CCER2,29
CCHCR1,70
CCIN,1069
CCK,1070
CCKAR,1071
CCKBR,1072
CCL1,1073
CCL11,1074
CCL13,1075
CCL14,54
CCL15,1076
CCL17,1077
CCL18,1078
CCL19,1079
CCL2,1080
CCL20,1081
CCL21,1082
CCL22,1083
CCL23,1084
CCL24,1085
CCL25,1086
CCL26,1087
CCL27,1088
CCL28,1089
CCL3,1090
CCL4,1091
CCL5,1092
CCL7,1093
CCL8,1094
CCM2,5
CCM2L,1095
CCNA1,3
CCNA2,45
CCNB1,45
CCNB1IP1,73
CCNB2,47
CCNC,50
CCND1,46
CCND2,3
CCND3,73
CCNDBP1,38
CCNE1,45
CCNE2,45
CCNF,60
CCNG2,54
CCNH,54
CCNI,4
CCNI2,1096
CCNJ,60
CCNK,47
CCNL1,60
CCNL2,27
CCNO,1097
CCNT1,60
CCNT2,65
CCNY,1098
CCNYL1,60
CCP110,48
CCPG1,1099
CCR1,1100
CCR10,1101
CCR2,1102
CCR3,1103
CCR4,1104
CCR5,1105
CCR6,1106
CCR7,1107
CCR8,1108
CCR9,1109
CCRL2,1110
CCS,21
CCSAP,1111
CCSER2,1112
CCT2,27
CCT3,27
CCT4,21
CCT5,14
CCT6A,21
CCT6B,60
CCT7,1113
CCT8,27
CCT8L2,1114
CCZ1B,41
CD101,1115
CD109,1116
CD14,34
CD151,41
CD160,1117
CD163,1118
CD163L1,1119
CD164,30
CD164L2,1120
CD180,1121
CD19,60
CD1B,1122
CD1C,1123
CD1D,1124
CD1E,1125
CD2,1126
CD200,1127
CD200R1,1128
CD200R1L,1129
CD209,1130
CD22,1131
CD226,1132
CD244,1133
CD247,1134
CD248,1135
CD27,14
CD274,1136
CD276,21
CD28,1137
CD2AP,1138
CD2BP2,65
CD300A,1139
CD300C,1140
CD300E,1141
CD300LD,1142
CD300LF,1143
CD300LG,1144
CD302,29
CD320,73
CD33,1145
CD34,1146
CD36,1147
CD37,0
CD38,1148
CD3D,1149
CD3E,1150
CD3EAP,27
CD3G,73
CD4,1151
CD40,1152
CD44,10
CD46,60
CD47,10
CD48,1153
CD5,1154
CD52,1155
CD53,1156
CD58,10
CD59,1157
CD5L,1158
CD6,1159
CD63,1160
CD68,29
CD69,1161
CD7,1162
CD70,1163
CD72,52
CD74,1164
CD79A,1165
CD79B,1166
CD80,1167
CD81,1168
CD82,70
CD83,30
CD84,1169
CD86,1170
CD8A,1171
CD8B,1172
CD9,63
CD93,1173
CD96,1174
CD97,14
CDA,4
CDADC1,60
CDAN1,19
CDC123,27
CDC14A,71
CDC14B,4
CDC16,21
CDC20,27
CDC20B,1175
CDC23,27
CDC25A,4
CDC25B,45
CDC25C,60
CDC26,27
CDC27,27
CDC37,27
CDC37L1,1176
CDC40,47
CDC42,41
CDC42BPB,1177
CDC42BPG,49
CDC42EP1,14
CDC42EP2,1178
CDC42EP3,14
CDC42EP4,60
CDC42EP5,1179
CDC42SE1,14
CDC42SE2,4
CDC45,27
CDC5L,27
CDC6,21
CDC7,45
CDC73,50
CDCA2,54
CDCA3,8
CDCA4,1180
CDCA5,45
CDCA7,1181
CDCA7L,14
CDCA8,27
CDCP2,1182
CDH1,41
CDH10,1183
CDH11,1184
CDH12,1185
CDH13,0
CDH15,1186
CDH16,1187
CDH17,1188
CDH18,1189
CDH19,1190
CDH2,41
CDH20,1191
CDH22,1192
CDH23,65
CDH24,3
CDH26,1193
CDH3,29
CDH4,14
CDH5,1194
CDH6,65
CDH7,1195
CDH8,1196
CDH9,1197
CDHR1,1198
CDHR2,60
CDHR3,1199
CDHR4,1200
CDHR5,1201
CDIP1,52
CDIPT,47
CDK1,27
CDK10,63
CDK11A,60
CDK12,21
CDK13,47
CDK14,1202
CDK15,1203
CDK17,1204
CDK18,60
CDK19,10
CDK2,45
CDK20,52
CDK2AP1,54
CDK2AP2,30
CDK3,4
CDK4,46
CDK5,60
CDK5R1,1205
CDK5R2,3
CDK5RAP1,47
CDK5RAP2,21
CDK5RAP3,73
CDK6,73
CDK7,27
CDK8,45
CDK9,1206
CDKAL1,1207
CDKL1,1208
CDKL2,1209
CDKL3,1210
CDKL4,1211
CDKN1A,45
CDKN1B,60
CDKN2A,1212
CDKN2AIP,47
CDKN2AIPNL,1213
CDKN2C,60
CDKN2D,1214
CDKN3,1215
CDNF,1216
CDO1,1217
CDON,38
CDPF1,41
CDR2,4
CDR2L,54
CDRT15L2,1218
CDS1,1219
CDS2,3
CDSN,1220
CDT1,21
CDV3,1221
CDX1,1222
CDX2,1223
CDYL,1224
CDYL2,60
CEACAM1,14
CEACAM16,1225
CEACAM19,63
CEACAM21,1226
CEACAM3,1227
CEACAM4,1228
CEACAM5,1229
CEACAM6,1230
CEACAM7,1231
CEACAM8,1232
CEBPA,52
CEBPB,14
CEBPD,14
CEBPE,14
CEBPG,1233
CEBPZ,60
CEL,1234
CELA1,1235
CELA2A,1236
CELA2B,1237
CELA3A,1238
CELA3B,1239
CELF1,14
CELF2,73
CELF3,1240
CELF4,10
CELF5,1241
CELF6,1242
CELSR1,1243
CELSR2,1244
CELSR3,1245
CEMIP,1246
CEMP1,29
CEND1,1247
CENPA,21
CENPB,14
CENPBD1,1248
CENPC,47
CENPE,60
CENPF,21
CENPH,21
CENPJ,48
CENPK,21
CENPL,21
CENPM,14
CENPN,21
CENPO,35
CENPP,35
CENPQ,35
CENPT,21
CENPU,35
CENPV,60
CENPW,21
CEP104,1249
CEP112,1250
CEP120,48
CEP128,1251
CEP135,48
CEP152,48
CEP162,1252
CEP164,54
CEP170,1253
CEP170B,38
CEP19,1254
CEP192,21
CEP250,3
CEP290,60
CEP350,48
CEP41,60
CEP44,48
CEP55,52
CEP57,48
CEP57L1,1255
CEP63,48
CEP68,60
CEP70,60
CEP72,48
CEP76,1256
CEP78,14
CEP83,1257
CEP85,21
CEP89,73
CEP95,11
CEP97,48
CEPT1,1258
CER1,1259
CERCAM,38
CERK,60
CERKL,1260
CERS1,1261
CERS2,37
CERS3,1262
CERS4,14
CERS5,60
CERS6,11
CES1,1263
CES2,52
CES3,73
CES4A,1264
CES5A,1265
CETN1,1266
CETN3,63
CETP,1267
CFAP20,8
CFAP221,38
CFAP43,1268
CFAP44,60
CFB,1269
CFC1,1270
CFC1B,1271
CFD,65
CFDP1,50
CFHR1,1272
CFHR3,1273
CFHR5,1274
CFI,1275
CFL1,27
CFL2,52
CFLAR,3
CFTR,1276
CGA,1277
CGB2,1278
CGB7,1279
CGGBP1,1280
CGN,10
CGNL1,1281
CGREF1,1282
CGRRF1,73
CH25H,1283
CHAC1,14
CHAC2,1284
CHAD,1285
CHADL,4
CHAF1A,70
CHAF1B,27
CHAMP1,3
CHAT,1286
CHCHD1,0
CHCHD10,1287
CHCHD2,11
CHCHD3,54
CHCHD4,47
CHCHD5,7
CHCHD6,1288
CHCHD7,1289
CHD1,14
CHD1L,1290
CHD2,47
CHD3,30
CHD4,48
CHD5,1291
CHD6,1292
CHD7,60
CHD8,63
CHD9,1293
CHDH,1294
CHEK1,27
CHEK2,45
CHERP,27
CHFR,14
CHGA,1295
CHI3L1,63
CHI3L2,1296
CHIA,1297
CHIC2,3
CHID1,1298
CHIT1,1299
CHKA,73
CHKB,63
CHL1,1300
CHMP1A,52
CHMP1B,52
CHMP2A,52
CHMP2B,1301
CHMP3,52
CHMP4A,29
CHMP4B,1302
CHMP4C,21
CHMP5,52
CHMP6,52
CHMP7,10
CHN1,1303
CHN2,4
CHODL,1304
CHORDC1,1305
CHP1,11
CHP2,1306
CHPF,73
CHPF2,60
CHPT1,14
CHRAC1,14
CHRD,1307
CHRDL2,1308
CHRFAM7A,1309
CHRM1,1310
CHRM2,1311
CHRM3,4
CHRM4,10
CHRM5,1312
CHRNA1,1313
CHRNA10,1314
CHRNA2,1315
CHRNA3,1316
CHRNA4,1317
CHRNA5,60
CHRNA6,1318
CHRNA7,1319
CHRNA9,1320
CHRNB1,29
CHRNB2,1321
CHRNB3,1322
CHRNB4,1323
CHRND,1324
CHRNE,1325
CHRNG,1326
CHST1,1327
CHST10,21
CHST11,29
CHST12,60
CHST13,1328
CHST14,73
CHST15,1329
CHST2,1330
CHST3,60
CHST4,1331
CHST5,1332
CHST6,1333
CHST8,1334
CHST9,1335
CHSY3,1336
CHTF18,45
CHTF8,45
CHTOP,52
CHUK,3
CHURC1,1337
CIAO1,47
CIAPIN1,47
CIART,60
CIB1,1338
CIB2,1339
CIB3,1340
CIB4,1341
CIC,14
CIDEA,1342
CIDEB,60
CIDEC,1343
CIITA,1344
CILP,1345
CILP2,1346
CINP,47
CIPC,1347
CIR1,63
CIRBP,10
CISD1,1348
CISD2,1349
CISD3,14
CISH,1350
CIT,52
CITED2,3
CITED4,30
CIZ1,63
CKAP2,8
CKAP2L,73
CKAP4,14
CKAP5,21
CKB,29
CKLF,1351
CKM,1352
CKMT2,1353
CKS1B,45
CKS2,63
CLASRP,8
CLC,1354
CLCA1,1355
CLCA2,1356
CLCA4,1357
CLCC1,60
CLCF1,1358
CLCN1,1359
CLCN2,4
CLCN3,14
CLCN6,73
CLCN7,29
CLCNKA,1360
CLCNKB,29
CLDN1,11
CLDN10,1361
CLDN11,1362
CLDN14,1363
CLDN15,1364
CLDN16,1365
CLDN17,1366
CLDN18,1367
CLDN19,1368
CLDN20,1369
CLDN22,1370
CLDN23,1371
CLDN24,1372
CLDN25,1373
CLDN3,1374
CLDN4,1375
CLDN5,1376
CLDN6,1377
CLDN7,1378
CLDN8,1379
CLDN9,1380
CLDND1,27
CLDND2,1381
CLEC10A,1382
CLEC11A,1383
CLEC12A,1384
CLEC12B,1385
CLEC14A,1386
CLEC16A,30
CLEC17A,1387
CLEC18A,1388
CLEC18B,54
CLEC18C,1389
CLEC1A,1390
CLEC1B,1391
CLEC2A,1392
CLEC2B,1393
CLEC2D,1394
CLEC2L,1395
CLEC3B,1396
CLEC4A,1397
CLEC4C,1398
CLEC4D,1399
CLEC4E,1400
CLEC4F,1401
CLEC4G,1402
CLEC4M,1403
CLEC5A,1404
CLEC6A,1405
CLEC7A,1406
CLEC9A,1407
CLECL1,1408
CLGN,1409
CLHC1,1410
CLIC1,14
CLIC3,1411
CLIC4,60
CLIC5,1412
CLIC6,1413
CLINT1,14
CLIP1,1414
CLIP2,30
CLIP3,3
CLIP4,73
CLK1,14
CLK2,10
CLK3,14
CLK4,60
CLMN,1415
CLMP,54
CLN3,71
CLN5,1416
CLN6,29
CLNK,1417
CLNS1A,27
CLOCK,1418
CLP1,14
CLPB,54
CLPP,0
CLPS,1419
CLPSL1,1420
CLPSL2,1421
CLPTM1,60
CLPTM1L,1422
CLPX,0
CLRN1,1423
CLRN2,1424
CLSTN1,45
CLSTN2,14
CLSTN3,14
CLTA,60
CLTB,1425
CLTC,52
CLTCL1,14
CLU,1426
CLUAP1,29
CLUH,54
CLUL1,1427
CLVS1,1428
CLVS2,1429
CLYBL,73
CMA1,1430
CMAS,11
CMBL,29
CMC2,60
CMIP,63
CMKLR1,1431
CMPK1,11
CMPK2,60
CMSS1,11
CMTM1,1432
CMTM2,1433
CMTM3,1434
CMTM4,14
CMTM5,1435
CMTM6,5
CMTM7,1436
CMTM8,4
CMTR1,47
CMTR2,38
CMYA5,1437
CNBD2,1438
CNBP,17
CNDP1,1439
CNDP2,50
CNEP1R1,8
CNFN,1440
CNGA1,1441
CNGA3,1442
CNGA4,1443
CNGB1,1444
CNGB3,14
CNIH1,30
CNIH2,1445
CNIH4,27
CNKSR1,1446
CNKSR3,71
CNN1,1447
CNN2,54
CNN3,10
CNNM1,60
CNNM2,45
CNNM3,1448
CNNM4,73
CNOT1,63
CNOT10,63
CNOT11,63
CNOT2,53
CNOT3,53
CNOT4,4
CNOT6,1449
CNOT6L,14
CNOT7,14
CNOT8,1450
CNP,14
CNPPD1,1451
CNPY1,1452
CNPY2,73
CNPY3,1453
CNPY4,4
CNR1,1454
CNR2,1455
CNRIP1,1456
CNST,1457
CNTD1,1458
CNTD2,1459
CNTF,14
CNTFR,1460
CNTLN,1461
CNTN1,1462
CNTN2,1463
CNTN3,1464
CNTN4,1465
CNTN5,1466
CNTN6,41
CNTNAP1,65
CNTNAP2,1467
CNTNAP3,65
CNTNAP3B,54
CNTNAP4,1468
CNTNAP5,1469
CNTRL,65
CNTROB,48
COA1,4
COA3,0
COA4,0
COA5,0
COA6,0
COA7,0
COASY,11
COBL,12
COBLL1,1470
COCH,1471
COG1,30
COG2,30
COG3,30
COG4,30
COG5,30
COG6,30
COG7,30
COG8,30
COIL,47
COL10A1,1472
COL11A2,14
COL12A1,60
COL13A1,60
COL14A1,1473
COL15A1,1474
COL16A1,1475
COL17A1,1476
COL18A1,1477
COL19A1,1478
COL1A1,1479
COL1A2,1480
COL20A1,1481
COL21A1,1482
COL22A1,1483
COL23A1,1484
COL24A1,1485
COL25A1,1486
COL27A1,1487
COL28A1,1488
COL2A1,1489
COL3A1,1490
COL4A1,60
COL4A2,60
COL4A3,1491
COL4A4,1492
COL5A1,14
COL5A2,14
COL5A3,1493
COL6A1,1494
COL6A2,1495
COL6A3,1496
COL6A6,1497
COL7A1,1498
COL8A1,1499
COL8A2,1500
COL9A1,1501
COL9A2,1502
COL9A3,14
COLCA2,1503
COLEC10,1504
COLEC11,1505
COLEC12,1506
COLGALT1,1507
COLGALT2,1508
COLQ,1509
COMMD1,14
COMMD10,71
COMMD2,71
COMMD3,71
COMMD4,71
COMMD5,71
COMMD6,71
COMMD7,71
COMMD8,71
COMMD9,71
COMP,1510
COMT,8
COMTD1,73
COPA,27
COPB1,27
COPB2,27
COPE,30
COPG1,27
COPRS,14
COPS2,52
COPS3,52
COPS4,52
COPS5,52
COPS6,52
COPS7A,52
COPS7B,1511
COPS8,52
COPZ1,27
COQ10A,65
COQ10B,60
COQ2,0
COQ3,0
COQ4,0
COQ5,0
COQ6,0
COQ7,0
COQ9,73
CORIN,1512
CORO1A,14
CORO1B,73
CORO1C,14
CORO2A,1513
CORO2B,1514
CORO6,1515
CORO7,1516
CORT,1517
COTL1,1518
COX10,0
COX11,0
COX14,0
COX15,0
COX16,0
COX17,0
COX18,0
COX19,0
COX20,0
COX4I1,0
COX4I2,1519
COX5A,0
COX5B,0
COX6A1,0
COX6A2,1520
COX6B1,0
COX6B2,1521
COX6C,0
COX7A1,1522
COX7A2,60
COX7A2L,29
COX7B2,1523
COX7C,0
COX8A,0
COX8C,1524
CP,1525
CPA1,1526
CPA2,1527
CPA3,1528
CPA4,1529
CPA5,1530
CPA6,1531
CPAMD8,1532
CPB1,1533
CPB2,1534
CPD,73
CPE,60
CPEB1,1535
CPEB2,1536
CPEB3,1537
CPED1,52
CPLX1,1538
CPLX2,1539
CPLX3,1540
CPLX4,1541
CPM,29
CPN1,1542
CPN2,1543
CPNE1,37
CPNE2,52
CPNE3,54
CPNE4,1544
CPNE5,1545
CPNE6,1546
CPNE7,60
CPNE8,47
CPNE9,1547
CPO,1548
CPOX,0
CPPED1,1549
CPQ,1550
CPS1,1551
CPSF1,1552
CPSF2,1553
CPSF3,47
CPSF4,27
CPSF4L,1554
CPSF6,47
CPSF7,3
CPT1A,1555
CPT1B,14
CPT1C,1556
CPT2,60
CPTP,1557
CPVL,1558
CPXM1,1559
CPXM2,1560
CPZ,1561
CR1,1562
CR1L,1563
CR2,1564
CRABP1,1565
CRABP2,37
CRACR2A,1566
CRACR2B,1567
CRADD,60
CRAT,73
CRB1,1568
CRB2,1569
CRB3,41
CRBN,1570
CRCP,27
CRCT1,1571
CREB1,1572
CREB3,29
CREB3L1,1573
CREB3L2,1574
CREB3L3,1575
CREB3L4,1576
CREB5,14
CREBBP,48
CREBL2,48
CREBRF,1577
CREBZF,0
CREG1,52
CREG2,65
CRELD1,1578
CRELD2,60
CREM,54
CRH,50
CRHBP,1579
CRHR1,1580
CRHR2,1581
CRIM1,62
CRIP1,1582
CRIP2,30
CRIP3,1583
CRIPAK,60
CRIPT,47
CRISP1,1584
CRISP2,1585
CRISP3,1586
CRISPLD1,14
CRISPLD2,1587
CRK,41
CRKL,41
CRLF1,47
CRLF3,1588
CRLS1,54
CRMP1,52
CRNKL1,10
CRNN,1589
CROCC,30
CROT,1590
CRP,1591
CRTAC1,1592
CRTAM,1593
CRTAP,1594
CRTC1,21
CRTC2,21
CRTC3,21
CRX,1595
CRY1,1596
CRY2,56
CRYAA,1597
CRYAB,29
CRYBA1,1598
CRYBA2,1599
CRYBA4,1600
CRYBB1,1601
CRYBB2,1602
CRYBB3,1603
CRYGA,60
CRYGB,1604
CRYGC,1605
CRYGD,1606
CRYGN,1607
CRYGS,60
CRYL1,60
CRYM,1608
CRYZ,73
CRYZL1,50
CS,0
CSAD,30
CSDC2,1609
CSDE1,63
CSE1L,27
CSF1,1610
CSF1R,1611
CSF2,1612
CSF2RB,70
CSF3,1613
CSF3R,1614
CSGALNACT1,47
CSGALNACT2,1615
CSH2,1616
CSHL1,1617
CSK,71
CSMD1,1618
CSMD2,1619
CSMD3,1620
CSN1S1,1621
CSN2,1622
CSN3,1623
CSNK1A1,11
CSNK1A1L,1624
CSNK1D,47
CSNK1E,63
CSNK1G1,10
CSNK1G2,4
CSNK1G3,14
CSNK2A1,4
CSNK2A2,4
CSNK2A3,4
CSNK2B,4
CSPG4,1625
CSPG5,52
CSPP1,60
CSRNP1,30
CSRNP2,1626
CSRNP3,1627
CSRP1,1628
CSRP2,14
CSRP3,1629
CST1,1630
CST11,1631
CST2,1632
CST3,52
CST4,1633
CST5,1634
CST6,1635
CST7,1636
CST8,1637
CST9,1638
CST9L,1639
CSTA,1640
CSTB,14
CSTF1,27
CSTF2T,60
CSTF3,27
CSTL1,1641
CTAGE1,1642
CTAGE15,14
CTAGE4,1643
CTAGE5,1644
CTAGE9,73
CTBP1,41
CTBP2,41
CTBS,14
CTC1,3
CTCF,1645
CTCFL,1646
CTDNEP1,8
CTDP1,11
CTDSP1,60
CTDSP2,41
CTDSPL,14
CTDSPL2,1647
CTF1,1648
CTH,14
CTHRC1,1649
CTIF,14
CTLA4,14
CTNNA1,41
CTNNA2,4
CTNNA3,1650
CTNNAL1,1651
CTNNB1,41
CTNNBIP1,11
CTNNBL1,27
CTNND1,41
CTNND2,1652
CTNS,1653
CTPS1,11
CTR9,50
CTRB1,1654
CTRB2,1655
CTRC,1656
CTRL,1657
CTSA,1658
CTSB,41
CTSC,4
CTSD,71
CTSE,1659
CTSF,41
CTSG,1660
CTSH,60
CTSK,14
CTSL,1661
CTSO,1662
CTSS,14
CTSV,1663
CTSW,14
CTSZ,63
CTTN,60
CTTNBP2,1664
CTTNBP2NL,1665
CTU1,47
CTU2,47
CTXN1,54
CTXN2,1666
CTXN3,1667
CUBN,1668
CUEDC1,58
CUEDC2,60
CUL1,45
CUL2,71
CUL3,52
CUL4A,38
CUL5,11
CUL7,10
CUL9,54
CUTA,14
CUTC,1669
CUX1,1670
CUX2,1671
CUZD1,1672
CWC22,27
CWC25,63
CWC27,1673
CWF19L1,47
CWF19L2,47
CWH43,1674
CX3CL1,1675
CXADR,1676
CXCL1,1677
CXCL10,1678
CXCL11,60
CXCL12,71
CXCL13,1679
CXCL14,1680
CXCL16,14
CXCL17,1681
CXCL2,73
CXCL3,1682
CXCL5,1683
CXCL6,1684
CXCL8,60
CXCL9,1685
CXCR1,1686
CXCR2,1687
CXCR4,3
CXCR5,1688
CXCR6,1689
CXXC1,50
CXXC4,30
CXXC5,21
CYB561,60
CYB561A3,60
CYB561D1,47
CYB561D2,52
CYB5A,11
CYB5B,37
CYB5D1,1690
CYB5D2,60
CYB5R1,60
CYB5R2,1691
CYB5R3,11
CYB5R4,21
CYB5RL,1692
CYBA,60
CYBRD1,60
CYC1,0
CYCS,0
CYFIP1,41
CYGB,14
CYHR1,70
CYLC2,1693
CYLD,3
CYP11A1,1694
CYP11B1,1695
CYP11B2,1696
CYP17A1,1697
CYP19A1,1698
CYP1A1,1699
CYP1A2,1700
CYP1B1,1701
CYP20A1,29
CYP21A2,1702
CYP24A1,1703
CYP26A1,1704
CYP26B1,1705
CYP26C1,1706
CYP27A1,70
CYP27B1,60
CYP27C1,1707
CYP2A13,1708
CYP2A6,1709
CYP2A7,1710
CYP2B6,1711
CYP2C18,1712
CYP2C19,1713
CYP2C8,1714
CYP2C9,1715
CYP2D6,1716
CYP2E1,1717
CYP2F1,1718
CYP2J2,5
CYP2R1,1719
CYP2S1,54
CYP2U1,60
CYP2W1,1720
CYP39A1,14
CYP3A4,1721
CYP3A43,1722
CYP3A5,1723
CYP3A7,1724
CYP46A1,1725
CYP4A11,1726
CYP4A22,1727
CYP4F11,1728
CYP4F12,1729
CYP4F2,1730
CYP4F22,60
CYP4F3,1731
CYP4V2,1732
CYP4X1,1733
CYP4Z1,1734
CYP51A1,73
CYP7A1,1735
CYP8B1,1736
CYS1,1737
CYSLTR2,1738
CYSRT1,48
CYSTM1,73
CYTH1,4
CYTH2,14
CYTH3,41
CYTH4,1739
CYTIP,1740
CYTL1,1741
CYYR1,1742
D2HGDH,14
DAAM1,1743
DAAM2,30
DAB1,1744
DAB2,60
DAB2IP,1745
DACH1,14
DACT1,1746
DACT2,1747
DACT3,1748
DAD1,27
DAG1,10
DAGLA,1749
DAGLB,60
DALRD3,14
DAND5,1750
DAO,1751
DAOA,1752
DAP,11
DAP3,55
DAPK1,73
DAPK2,1753
DAPK3,5
DAPL1,1754
DAPP1,56
DARS,0
DARS2,0
DAW1,60
DAZAP1,63
DAZAP2,1755
DAZL,1756
DBF4,45
DBF4B,14
DBH,1757
DBI,1758
DBN1,60
DBNDD1,10
DBNDD2,14
DBNL,14
DBP,60
DBR1,27
DBT,4
DBX2,1759
DCAF10,30
DCAF11,1760
DCAF12,60
DCAF13,29
DCAF16,1761
DCAF17,1762
DCAF4,14
DCAF5,3
DCAF6,60
DCAF8,14
DCAKD,14
DCBLD1,1763
DCBLD2,14
DCC,1764
DCD,1765
DCDC1,1766
DCDC2,1767
DCDC2B,1768
DCHS2,1769
DCK,1770
DCLK1,1771
DCLK2,1772
DCLK3,1773
DCLRE1A,1774
DCLRE1B,3
DCLRE1C,1775
DCN,1776
DCP1B,1777
DCP2,17
DCPS,11
DCST1,1778
DCST2,54
DCSTAMP,1779
DCT,1780
DCTD,1781
DCTN1,14
DCTN2,14
DCTN3,14
DCTN4,47
DCTN5,47
DCTN6,47
DCTPP1,52
DCUN1D1,11
DCUN1D2,41
DCUN1D3,1782
DCUN1D4,1783
DCUN1D5,14
DCXR,73
DDA1,21
DDAH1,1784
DDAH2,14
DDB1,52
DDB2,50
DDC,1785
DDHD1,73
DDHD2,60
DDI1,47
DDI2,56
DDIT3,73
DDIT4,41
DDIT4L,1786
DDN,4
DDO,1787
DDOST,27
DDR1,1788
DDR2,1789
DDRGK1,73
DDTL,65
DDX1,47
DDX10,50
DDX11,45
DDX17,47
DDX18,27
DDX19A,14
DDX19B,71
DDX20,27
DDX21,47
DDX23,65
DDX24,14
DDX25,1790
DDX27,54
DDX28,55
DDX31,47
DDX39A,52
DDX39B,21
DDX4,1791
DDX41,27
DDX42,47
DDX43,1792
DDX46,1793
DDX47,1794
DDX49,27
DDX5,38
DDX50,14
DDX51,29
DDX52,47
DDX54,47
DDX55,47
DDX56,47
DDX58,14
DDX59,47
DDX6,17
DDX60,1795
DDX60L,1796
DEAF1,4
DEC1,1797
DECR1,14
DECR2,1798
DEDD,4
DEDD2,1799
DEF6,71
DEF8,10
DEFA1,1800
DEFA4,1801
DEFA5,1802
DEFA6,1803
DEFB1,60
DEFB104A,1804
DEFB105A,1805
DEFB106A,1806
DEFB108B,1807
DEFB112,1808
DEFB113,1809
DEFB114,1810
DEFB115,1811
DEFB116,1812
DEFB118,1813
DEFB119,1814
DEFB121,1815
DEFB123,1816
DEFB124,1817
DEFB125,1818
DEFB126,1819
DEFB128,1820
DEFB129,1821
DEFB132,1822
DEFB134,1823
DEFB135,1824
DEFB136,1825
DEFB4A,1826
DEGS2,1827
DEK,1828
DENND1A,1829
DENND1B,60
DENND1C,1830
DENND2A,1831
DENND2C,1832
DENND2D,1833
DENND3,54
DENND4A,5
DENND4B,30
DENND4C,5
DENND5A,1834
DENND5B,1835
DENND6A,1836
DENND6B,1837
DENR,55
DEPDC1,14
DEPDC1B,1838
DEPDC4,1839
DEPDC5,41
DEPDC7,1840
DEPTOR,1841
DERA,1842
DERL1,73
DERL2,73
DERL3,73
DES,1843
DESI1,60
DESI2,1844
DET1,21
DFFA,1845
DFFB,29
DGAT1,41
DGAT2,1846
DGCR2,14
DGCR6,10
DGCR6L,14
DGCR8,10
DGKA,29
DGKB,1847
DGKD,60
DGKE,73
DGKG,65
DGKH,1848
DGKI,1849
DGKQ,30
DGKZ,70
DGUOK,14
DHCR24,60
DHCR7,1850
DHDDS,27
DHDH,60
DHFR,11
DHH,1851
DHODH,11
DHPS,47
DHRS1,60
DHRS11,10
DHRS12,1852
DHRS13,63
DHRS2,54
DHRS3,60
DHRS4,38
DHRS4L2,1853
DHRS7,1854
DHRS7B,37
DHRS7C,1855
DHRS9,1856
DHTKD1,1857
DHX15,1858
DHX16,60
DHX29,63
DHX30,55
DHX32,14
DHX33,47
DHX34,47
DHX35,47
DHX36,1859
DHX37,73
DHX38,1860
DHX40,1861
DHX57,29
DHX58,14
DHX8,50
DHX9,21
DIABLO,14
DIAPH1,5
DIAPH3,5
DICER1,10
DIDO1,1862
DIEXF,60
DIMT1,47
DIO1,1863
DIO2,38
DIO3,1864
DIP2A,14
DIP2B,5
DIP2C,1865
DIRAS1,1866
DIRAS2,1867
DIRAS3,1868
DIS3,47
DIS3L,60
DIS3L2,65
DISC1,1869
DISP1,1870
DISP2,1871
DIXDC1,60
DKK1,1872
DKK2,1873
DKK3,60
DKK4,1874
DKKL1,1875
DLAT,0
DLC1,1876
DLD,0
DLEC1,1877
DLG1,41
DLG2,1878
DLG4,1879
DLG5,10
DLGAP1,1880
DLGAP2,1881
DLGAP3,1882
DLGAP4,1883
DLGAP5,21
DLK1,73
DLK2,1884
DLL3,14
DLL4,1885
DLST,11
DLX1,10
DLX2,14
DLX3,70
DLX4,1886
DLX5,4
DLX6,73
DMAP1,50
DMBT1,1887
DMBX1,1888
DMC1,1889
DMGDH,1890
DMKN,4
DMP1,1891
DMPK,73
DMRT1,1892
DMRT3,1893
DMRTA1,1894
DMRTA2,1895
DMRTB1,1896
DMRTC2,1897
DMTF1,60
DMTN,1898
DMWD,14
DMXL1,73
DMXL2,52
DNAAF1,1899
DNAAF2,60
DNAAF3,1900
DNAH1,1901
DNAH10,21
DNAH11,14
DNAH12,1902
DNAH14,1903
DNAH2,1904
DNAH3,1905
DNAH5,14
DNAH6,1906
DNAH7,1907
DNAH9,1908
DNAI1,29
DNAI2,1909
DNAJA1,73
DNAJA2,73
DNAJA3,54
DNAJA4,1910
DNAJB1,20
DNAJB11,73
DNAJB12,14
DNAJB13,1911
DNAJB14,73
DNAJB2,52
DNAJB4,14
DNAJB5,65
DNAJB6,56
DNAJB7,1912
DNAJB8,1913
DNAJB9,60
DNAJC1,1914
DNAJC10,4
DNAJC11,54
DNAJC12,60
DNAJC13,71
DNAJC14,60
DNAJC15,54
DNAJC16,30
DNAJC17,27
DNAJC18,1915
DNAJC19,44
DNAJC2,47
DNAJC21,73
DNAJC22,1916
DNAJC24,47
DNAJC27,1917
DNAJC28,1918
DNAJC3,73
DNAJC30,38
DNAJC4,41
DNAJC5,60
DNAJC5B,1919
DNAJC5G,1920
DNAJC6,60
DNAJC7,73
DNAJC8,48
DNAJC9,19
DNAL1,1921
DNAL4,29
DNALI1,1922
DNASE1,4
DNASE1L2,54
DNASE1L3,1923
DNASE2,60
DNASE2B,1924
DND1,3
DNER,1925
DNHD1,1926
DNLZ,55
DNM1,60
DNM1L,41
DNM2,52
DNM3,60
DNMBP,4
DNMT1,27
DNMT3A,1927
DNMT3B,63
DNMT3L,1928
DNPEP,1929
DNPH1,60
DNTT,1930
DNTTIP1,65
DNTTIP2,70
DOC2A,41
DOCK10,41
DOCK2,60
DOCK3,1931
DOCK4,11
DOCK5,41
DOCK6,1932
DOCK8,60
DOCK9,1933
DOHH,47
DOK1,60
DOK2,1934
DOK3,1935
DOK4,1936
DOK5,1937
DOK6,1938
DOK7,1939
DOLK,47
DOLPP1,73
DONSON,27
DOT1L,70
DPAGT1,27
DPCD,52
DPEP1,1940
DPEP2,1941
DPEP3,1942
DPF1,30
DPF2,63
DPF3,1943
DPH1,47
DPH2,47
DPH3,47
DPH5,47
DPH6,1944
DPH7,47
DPM1,73
DPM2,73
DPM3,73
DPP10,1945
DPP3,65
DPP4,1946
DPP7,47
DPP8,71
DPP9,1947
DPPA2,1948
DPPA3,1949
DPPA4,1950
DPPA5,1951
DPRX,1952
DPT,1953
DPY19L1,47
DPY19L2,1954
DPY19L3,60
DPY19L4,73
DPY30,63
DPYD,1955
DPYS,1956
DPYSL2,1957
DPYSL3,1958
DPYSL4,1959
DPYSL5,1960
DQX1,52
DR1,50
DRAM1,1961
DRAM2,60
DRAP1,50
DRAXIN,1962
DRC1,1963
DRD1,1964
DRD2,1965
DRD3,1966
DRD4,27
DRD5,1967
DRG1,5
DRG2,47
DRGX,1968
DRICH1,14
DROSHA,10
DSC1,1969
DSC2,14
DSC3,1970
DSCAM,1971
DSCAML1,1972
DSCC1,45
DSE,1973
DSEL,1974
DSG1,1975
DSG2,1976
DSG3,1977
DSG4,1978
DSN1,21
DSP,1979
DSPP,1980
DST,1981
DSTN,14
DSTYK,60
DTD1,52
DTD2,60
DTHD1,1982
DTL,27
DTNA,1983
DTNB,1984
DTNBP1,60
DTX1,1985
DTX2,41
DTX3,14
DTX3L,1986
DTX4,1987
DTYMK,11
DUOX1,14
DUOX2,1988
DUOXA1,1989
DUOXA2,1990
DUPD1,1991
DUS1L,21
DUS2,47
DUS3L,73
DUS4L,1992
DUSP1,14
DUSP10,1993
DUSP11,30
DUSP12,14
DUSP13,1994
DUSP14,41
DUSP15,60
DUSP16,60
DUSP18,41
DUSP19,60
DUSP2,73
DUSP22,1995
DUSP23,14
DUSP26,1996
DUSP27,1997
DUSP28,56
DUSP3,1998
DUSP4,21
DUSP5,21
DUSP6,14
DUSP7,1999
DUSP8,52
DUT,27
DUXA,2000
DVL1,14
DVL2,2001
DVL3,73
DXO,14
DYDC1,2002
DYDC2,2003
DYM,14
DYNAP,2004
DYNC1H1,27
DYNC1I1,2005
DYNC1I2,47
DYNC1LI1,60
DYNC1LI2,60
DYNC2H1,52
DYNC2LI1,60
DYNLL1,45
DYNLL2,60
DYNLRB1,47
DYNLRB2,2006
DYNLT1,14
DYRK1A,60
DYRK1B,37
DYRK2,25
DYRK4,14
DYSF,2007
DYTN,2008
DZANK1,2009
DZIP1,2010
DZIP1L,2011
DZIP3,10
E2F1,45
E2F2,60
E2F3,45
E2F4,29
E2F5,2012
E2F6,14
E2F8,50
E4F1,27
EAF1,50
EAF2,60
EAPP,2013
EARS2,55
EBAG9,2014
EBF1,60
EBF2,2015
EBF3,54
EBF4,2016
EBI3,30
EBNA1BP2,73
EBPL,70
ECD,2017
ECE1,41
ECE2,14
ECEL1,2018
ECH1,2019
ECHDC1,2020
ECHDC2,60
ECHDC3,2021
ECHS1,63
ECI1,10
ECI2,2022
ECM1,30
ECM2,2023
ECSIT,0
ECT2,27
ECT2L,2024
EDAR,2025
EDARADD,37
EDC3,14
EDC4,17
EDDM3A,2026
EDDM3B,2027
EDEM1,54
EDEM2,73
EDEM3,73
EDF1,10
EDIL3,14
EDN1,2028
EDN2,2029
EDN3,2030
EDNRA,2031
EDNRB,2032
EDRF1,73
EEA1,2033
EED,70
EEF1A1,27
EEF1A2,2034
EEF1B2,14
EEF1D,14
EEF1E1,54
EEF2,27
EEF2K,2035
EEFSEC,70
EEPD1,4
EFCAB1,2036
EFCAB11,2037
EFCAB12,48
EFCAB14,2038
EFCAB2,3
EFCAB3,2039
EFCAB5,2040
EFCAB6,2041
EFCAB7,60
EFCAB9,2042
EFCC1,2043
EFEMP1,60
EFEMP2,2044
EFHC1,60
EFHD1,2045
EFHD2,60
EFNA1,14
EFNA2,2046
EFNA3,2047
EFNA4,2048
EFNA5,73
EFNB2,54
EFNB3,14
EFR3B,73
EFS,2049
EFTUD2,27
EGF,14
EGFL7,0
EGFL8,73
EGFLAM,2050
EGFR,30
EGLN1,71
EGLN2,14
EGLN3,73
EGR1,4
EGR2,2051
EGR3,2052
EGR4,2053
EHBP1,29
EHBP1L1,47
EHD1,10
EHD2,2054
EHD3,14
EHD4,2055
EHF,2056
EHHADH,2057
EHMT1,3
EHMT2,3
EID1,2058
EID2,65
EID2B,60
EID3,2059
EIF1,29
EIF1AD,47
EIF1B,14
EIF2A,47
EIF2AK1,38
EIF2AK2,2060
EIF2AK3,2061
EIF2AK4,52
EIF2B1,47
EIF2B2,27
EIF2B3,27
EIF2B4,41
EIF2B5,2062
EIF2D,2063
EIF2S1,27
EIF2S2,2064
EIF3A,63
EIF3B,27
EIF3C,54
EIF3CL,27
EIF3D,63
EIF3E,63
EIF3F,63
EIF3G,27
EIF3H,63
EIF3I,63
EIF3J,2065
EIF3K,63
EIF3L,63
EIF3M,63
EIF4A1,63
EIF4A2,2066
EIF4A3,27
EIF4B,27
EIF4E,63
EIF4E1B,2067
EIF4E2,2068
EIF4E3,2069
EIF4EBP1,2070
EIF4EBP2,11
EIF4EBP3,2071
EIF4ENIF1,17
EIF4G1,63
EIF4G2,63
EIF4H,60
EIF5,14
EIF5A,47
EIF5A2,2072
EIF5AL1,47
EIF5B,29
EIF6,27
ELAC1,2073
ELAC2,27
ELANE,2074
ELAVL1,21
ELAVL2,2075
ELAVL3,2076
ELAVL4,2077
ELF1,10
ELF2,47
ELF3,27
ELF5,2078
ELFN1,2079
ELFN2,2080
ELK3,2081
ELK4,2082
ELL,50
ELL2,73
ELL3,2083
ELMO1,60
ELMO2,41
ELMO3,41
ELMOD1,2084
ELMOD2,2085
ELMOD3,4
ELMSAN1,65
ELN,2086
ELOF1,50
ELOVL1,37
ELOVL2,29
ELOVL3,29
ELOVL4,2087
ELOVL5,2088
ELOVL6,2089
ELOVL7,60
ELP2,47
ELP3,47
ELP4,47
ELP5,47
ELP6,47
ELSPBP1,2090
EMC1,50
EMC10,2091
EMC2,50
EMC3,50
EMC4,50
EMC6,50
EMC7,50
EMC8,50
EMC9,14
EMCN,2092
EME1,45
EME2,29
EMID1,2093
EMILIN1,11
EMILIN2,48
EMILIN3,2094
EML1,71
EML2,2095
EML3,38
EML4,29
EML5,2096
EML6,4
EMP1,2097
EMP2,4
EMP3,50
EMX1,2098
EMX2,2099
EN1,2100
EN2,14
ENAH,14
ENAM,2101
ENC1,2102
ENDOD1,11
ENDOG,2103
ENDOU,2104
ENDOV,2105
ENG,14
ENGASE,54
ENHO,2106
ENKD1,60
ENKUR,2107
ENO1,11
ENO2,2108
ENO3,14
ENOPH1,14
ENOSF1,2109
ENOX1,2110
ENPEP,10
ENPP1,14
ENPP2,2111
ENPP3,2112
ENPP4,3
ENPP5,2113
ENPP6,2114
ENPP7,2115
ENSA,2116
ENTPD1,60
ENTPD2,14
ENTPD3,2117
ENTPD4,2118
ENTPD5,73
ENTPD6,60
ENTPD7,2119
ENY2,50
EOGT,29
EOMES,2120
EP300,48
EP400,50
EPAS1,63
EPB41,2121
EPB41L1,2122
EPB41L2,63
EPB41L3,29
EPB41L4A,60
EPB41L4B,2123
EPB41L5,0
EPB42,2124
EPC1,50
EPC2,50
EPCAM,71
EPDR1,2125
EPG5,52
EPGN,2126
EPHA1,56
EPHA10,73
EPHA2,4
EPHA3,2127
EPHA4,5
EPHA5,2128
EPHA6,2129
EPHA7,60
EPHB1,14
EPHB2,2130
EPHB3,60
EPHB4,2131
EPHB6,14
EPHX1,2132
EPHX2,2133
EPHX3,2134
EPHX4,2135
EPM2A,15
EPM2AIP1,14
EPN1,52
EPN2,2136
EPN3,14
EPO,2137
EPOR,2138
EPPIN,2139
EPRS,27
EPS15,73
EPS15L1,52
EPS8,2140
EPS8L1,2141
EPS8L2,2142
EPS8L3,2143
EPX,2144
EPYC,2145
EQTN,2146
ERAL1,55
ERAP1,65
ERAP2,60
ERBB2,54
ERBB3,54
ERBB4,70
ERC1,29
ERC2,2147
ERCC1,45
ERCC2,47
ERCC3,54
ERCC4,45
ERCC5,48
ERCC6,2148
ERCC6L2,2149
ERCC8,14
EREG,2150
ERF,59
ERG,2151
ERGIC1,2152
ERGIC2,30
ERGIC3,2153
ERH,27
ERI1,56
ERI2,60
ERI3,2154
ERLEC1,14
ERLIN1,29
ERLIN2,63
ERMAP,2155
ERMARD,14
ERMN,2156
ERMP1,5
ERN1,73
ERN2,8
ERP27,63
ERP44,14
ERRFI1,60
ERVFRD-1,2157
ERVV-1,2158
ERVV-2,2159
ERVW-1,2160
ESAM,2161
ESCO1,47
ESCO2,45
ESD,60
ESF1,4
ESM1,2162
ESPL1,27
ESPN,2163
ESPNL,2164
ESR1,70
ESR2,2165
ESRP1,4
ESRP2,14
ESRRA,2166
ESRRB,2167
ESRRG,73
ESYT1,4
ESYT2,56
ESYT3,2168
ETAA1,45
ETF1,27
ETFA,2169
ETFB,29
ETFDH,14
ETHE1,60
ETNK1,14
ETNPPL,2170
ETS1,0
ETS2,60
ETV1,14
ETV2,70
ETV3,2171
ETV3L,2172
ETV4,60
ETV5,50
ETV6,70
ETV7,29
EVA1A,2173
EVA1B,47
EVC,2174
EVC2,2175
EVI2A,2176
EVI2B,14
EVI5,30
EVI5L,47
EVL,2177
EVPL,2178
EVPLL,2179
EVX1,2180
EVX2,2181
EXD1,2182
EXD2,2183
EXD3,2184
EXO1,60
EXO5,2185
EXOC1,5
EXOC2,5
EXOC3,5
EXOC3L1,2186
EXOC3L2,2187
EXOC3L4,2188
EXOC4,5
EXOC5,5
EXOC6,2189
EXOC6B,2190
EXOC7,5
EXOC8,5
EXOG,2191
EXOSC1,47
EXOSC10,47
EXOSC2,47
EXOSC3,10
EXOSC4,47
EXOSC5,47
EXOSC6,47
EXOSC7,47
EXOSC8,47
EXOSC9,47
EXPH5,73
EXT1,30
EXT2,30
EXTL1,2192
EXTL2,14
EXTL3,30
EYA1,30
EYA2,2193
EYA3,63
EYA4,2194
EYS,2195
EZH1,2196
EZH2,70
EZR,41
F10,2197
F11,2198
F11R,41
F12,60
F13A1,2199
F2,2200
F2R,2201
F2RL1,2202
F2RL2,2203
F2RL3,2204
F5,2205
F7,60
FA2H,2206
FAAH,2207
FABP1,2208
FABP12,2209
FABP2,2210
FABP3,2211
FABP4,2212
FABP5,2213
FABP6,2214
FABP7,2215
FADD,2216
FADS1,2217
FADS2,2218
FADS3,3
FADS6,2219
FAF1,2220
FAF2,73
FAH,50
FAHD1,2221
FAHD2A,2222
FAIM,60
FAIM2,2223
FAM102A,14
FAM104A,63
FAM107A,2224
FAM110A,2225
FAM110B,11
FAM110C,5
FAM114A1,60
FAM114A2,2226
FAM117B,65
FAM118A,2227
FAM118B,2228
FAM120A,3
FAM120B,2229
FAM122A,43
FAM124A,2230
FAM124B,2231
FAM126A,2232
FAM126B,60
FAM131B,2233
FAM131C,2234
FAM135A,2235
FAM135B,2236
FAM136A,54
FAM13A,60
FAM13C,2237
FAM151A,2238
FAM151B,2239
FAM155A,2240
FAM160A2,60
FAM161A,2241
FAM161B,14
FAM162A,4
FAM162B,2242
FAM163A,2243
FAM163B,2244
FAM166A,2245
FAM167A,14
FAM168A,2246
FAM168B,2247
FAM169A,14
FAM170A,2248
FAM170B,2249
FAM171A1,2250
FAM171A2,2251
FAM171B,29
FAM172A,2252
FAM174A,2253
FAM174B,71
FAM180A,2254
FAM183A,2255
FAM184A,2256
FAM185A,4
FAM186B,2257
FAM187B,2258
FAM189A1,2259
FAM189A2,2260
FAM189B,2261
FAM192A,14
FAM193B,2262
FAM200A,2263
FAM200B,14
FAM204A,2264
FAM205A,2265
FAM207A,10
FAM209A,2266
FAM209B,73
FAM20A,2267
FAM20B,30
FAM20C,2268
FAM210A,21
FAM210B,73
FAM214A,2269
FAM214B,2270
FAM217B,2271
FAM218A,2272
FAM220A,50
FAM222B,30
FAM24A,2273
FAM24B,56
FAM32A,70
FAM3B,14
FAM3C,2274
FAM3D,4
FAM47E,55
FAM49A,29
FAM49B,5
FAM50B,73
FAM53A,70
FAM53B,73
FAM53C,14
FAM71A,2275
FAM71B,10
FAM71C,2276
FAM72B,52
FAM76A,2277
FAM76B,60
FAM81B,2278
FAM83A,50
FAM83C,2279
FAM83D,21
FAM83E,2280
FAM83G,2281
FAM83H,41
FAM86B2,2282
FAM89B,10
FAM8A1,2283
FAM90A1,2284
FAM91A1,73
FAM92B,2285
FAM98A,2286
FAM98B,47
FAM98C,41
FAN1,2287
FANCA,45
FANCC,45
FANCD2,45
FANCE,45
FANCF,45
FANCG,45
FANCI,45
FANCL,45
FANCM,45
FANK1,2288
FAP,2289
FAR1,37
FAR2,2290
FARP1,2291
FARP2,2292
FARS2,55
FARSA,2293
FARSB,27
FAS,60
FASLG,2294
FASN,11
FASTKD1,29
FASTKD2,0
FASTKD3,2295
FASTKD5,0
FAT1,60
FAT2,2296
FAT4,2297
FAU,27
FAXC,3
FAXDC2,2298
FBF1,5
FBL,27
FBLIM1,14
FBLN1,14
FBLN2,14
FBLN5,2299
FBLN7,2300
FBN1,63
FBN3,62
FBP1,2301
FBP2,2302
FBXL12,2303
FBXL13,2304
FBXL14,60
FBXL15,55
FBXL16,2305
FBXL18,2306
FBXL19,3
FBXL20,2307
FBXL22,2308
FBXL3,70
FBXL4,30
FBXL5,63
FBXL6,73
FBXL7,60
FBXL8,2309
FBXO10,2310
FBXO11,2311
FBXO15,2312
FBXO17,2313
FBXO2,60
FBXO21,70
FBXO22,3
FBXO24,2314
FBXO25,29
FBXO27,2315
FBXO28,60
FBXO3,2316
FBXO30,2317
FBXO31,2318
FBXO32,2319
FBXO33,60
FBXO34,2320
FBXO38,2321
FBXO39,2322
FBXO4,14
FBXO40,2323
FBXO41,60
FBXO42,43
FBXO43,2324
FBXO44,60
FBXO45,10
FBXO46,14
FBXO48,2325
FBXO5,45
FBXO6,5
FBXO7,70
FBXO8,73
FBXO9,14
FBXW10,2326
FBXW12,2327
FBXW2,2328
FBXW4,38
FBXW5,14
FBXW7,50
FBXW8,2329
FBXW9,2330
FCAMR,2331
FCAR,2332
FCER1G,2333
FCER2,2334
FCGBP,2335
FCGR1B,2336
FCGR2A,2337
FCGR2B,2338
FCGR3A,2339
FCGR3B,2340
FCGRT,2341
FCHO1,14
FCHO2,52
FCHSD1,2342
FCHSD2,60
FCN1,2343
FCN2,2344
FCN3,2345
FCRL1,2346
FCRL2,2347
FCRL3,2348
FCRL4,2349
FCRL5,2350
FCRL6,2351
FCRLA,2352
FCRLB,2353
FDCSP,2354
FDFT1,11
FDPS,11
FDX1,0
FDXACB1,2355
FDXR,55
FECH,0
FEM1A,54
FEM1B,37
FEN1,45
FER,2356
FER1L6,2357
FERD3L,14
FERMT1,41
FERMT2,41
FERMT3,2358
FES,2359
FETUB,2360
FEZ1,2361
FEZF1,2362
FEZF2,2363
FFAR1,2364
FFAR2,2365
FFAR3,2366
FFAR4,2367
FGA,2368
FGB,2369
FGD2,2370
FGD3,2371
FGD4,30
FGD5,2372
FGD6,47
FGF1,2373
FGF10,2374
FGF11,2375
FGF12,2376
FGF14,2377
FGF17,2378
FGF18,2379
FGF19,2380
FGF2,2381
FGF20,2382
FGF21,2383
FGF22,2384
FGF23,2385
FGF3,2386
FGF4,2387
FGF5,2388
FGF6,2389
FGF7,2390
FGF8,2391
FGF9,2392
FGFBP1,2393
FGFBP2,2394
FGFBP3,5
FGFR1,30
FGFR1OP,48
FGFR1OP2,30
FGFR3,21
FGFR4,29
FGFRL1,14
FGG,60
FGGY,2395
FGL1,2396
FGL2,2397
FGR,2398
FH,11
FHIT,11
FHL2,5
FHL3,2399
FHL5,2400
FHOD1,29
FHOD3,14
FIBCD1,2401
FIBIN,2402
FIBP,41
FICD,60
FIG4,1
FIGLA,2403
FIGN,14
FIGNL1,2404
FILIP1,2405
FILIP1L,2406
FIS1,2407
FITM1,2408
FITM2,37
FIZ1,27
FJX1,16
FKBP10,60
FKBP11,2409
FKBP14,2410
FKBP15,2411
FKBP1A,73
FKBP1B,2412
FKBP2,14
FKBP3,14
FKBP4,54
FKBP5,29
FKBP6,2413
FKBP7,2414
FKBP8,60
FKBP9,14
FKBPL,11
FKRP,2415
FKTN,2416
FLAD1,29
FLCN,71
FLG,2417
FLG2,2418
FLI1,21
FLII,5
FLNB,37
FLNC,21
FLOT2,14
FLRT1,2419
FLRT2,2420
FLRT3,2421
FLT1,2422
FLT3,70
FLT3LG,2423
FLT4,2424
FLVCR1,73
FLVCR2,2425
FLYWCH1,60
FLYWCH2,14
FMN1,2426
FMN2,2427
FMNL1,14
FMNL2,5
FMNL3,38
FMO1,2428
FMO2,2429
FMO3,2430
FMO4,2431
FMO5,2432
FMOD,2433
FN1,60
FN3KRP,47
FNBP1,14
FNBP1L,2434
FNBP4,8
FNDC1,2435
FNDC3A,2436
FNDC3B,73
FNDC4,29
FNDC5,27
FNDC7,2437
FNDC8,2438
FNIP1,71
FNIP2,2439
FNTA,47
FOCAD,60
FOLH1,2440
FOLR1,2441
FOLR2,2442
FOPNL,60
FOS,54
FOSB,73
FOSL1,3
FOSL2,14
FOXA1,70
FOXA2,29
FOXA3,2443
FOXB1,20
FOXB2,2444
FOXC1,60
FOXC2,2445
FOXD2,2446
FOXD3,2447
FOXD4,2448
FOXD4L1,2449
FOXD4L4,2450
FOXD4L5,2451
FOXD4L6,2452
FOXE1,5
FOXE3,2453
FOXF1,14
FOXF2,2454
FOXG1,2455
FOXH1,73
FOXI1,2456
FOXI2,2457
FOXJ1,2458
FOXJ2,60
FOXJ3,14
FOXK1,27
FOXK2,27
FOXL2,63
FOXL2NB,29
FOXM1,45
FOXN1,2459
FOXN3,2460
FOXO1,41
FOXO3,60
FOXP1,2461
FOXP2,2462
FOXP4,14
FOXQ1,2463
FOXR1,60
FOXRED1,0
FOXRED2,14
FOXS1,47
FPGS,11
FPGT,14
FPR1,2464
FPR2,2465
FPR3,2466
FRA10AC1,2467
FRAS1,2468
FRAT1,2469
FRAT2,54
FREM1,2470
FREM2,2471
FREM3,2472
FRG1,60
FRG2B,2473
FRG2C,2474
FRK,2475
FRMD1,2476
FRMD3,70
FRMD4A,21
FRMD4B,2477
FRMD5,14
FRMD6,10
FRMD8,2478
FRMPD1,2479
FRMPD2,2480
FRRS1,6
FRRS1L,2481
FRS2,30
FRS3,14
FRY,2482
FRYL,2483
FRZB,2484
FSBP,2485
FSCB,2486
FSCN1,73
FSCN2,2487
FSCN3,2488
FSD1,2489
FSD2,2490
FSHR,2491
FST,10
FSTL1,2492
FSTL3,14
FSTL5,73
FTCD,2493
FTH1,65
FTL,60
FTMT,2494
FTO,4
FTSJ3,47
FUBP1,4
FUBP3,60
FUCA1,55
FUCA2,2495
FUOM,14
FURIN,73
FUS,63
FUT1,65
FUT10,14
FUT11,54
FUT2,60
FUT3,2496
FUT4,65
FUT5,60
FUT6,2497
FUT7,2498
FUT9,2499
FUZ,60
FXN,47
FXR1,14
FXR2,14
FXYD1,2500
FXYD2,2501
FXYD3,60
FXYD4,2502
FXYD5,73
FXYD6,2503
FXYD7,2504
FYCO1,30
FYTTD1,14
FZD1,73
FZD2,73
FZD3,2505
FZD4,60
FZD5,14
FZD6,60
FZD7,14
FZD8,4
FZD9,14
FZR1,52
G0S2,59
G2E3,2506
G3BP1,10
G3BP2,4
G6PC,2507
G6PC2,2508
G6PC3,2509
GAA,10
GAB1,30
GAB2,30
GABARAP,14
GABARAPL1,2510
GABARAPL2,2511
GABBR1,54
GABBR2,2512
GABPA,60
GABPB1,60
GABPB2,73
GABRA1,2513
GABRA2,2514
GABRA4,2515
GABRA5,2516
GABRA6,2517
GABRB1,2518
GABRB2,2519
GABRB3,2520
GABRD,2521
GABRG1,2522
GABRG2,2523
GABRG3,2524
GABRP,2525
GABRR1,2526
GABRR2,14
GAD1,70
GAD2,2527
GADD45A,2528
GADD45B,65
GADD45G,29
GADD45GIP1,55
GADL1,2529
GAK,21
GAL,2530
GAL3ST1,2531
GAL3ST2,2532
GAL3ST3,2533
GAL3ST4,2534
GALC,2535
GALE,11
GALK1,60
GALK2,48
GALM,2536
GALNS,2537
GALNT1,2538
GALNT10,30
GALNT11,2539
GALNT12,29
GALNT14,29
GALNT15,2540
GALNT16,2541
GALNT18,2542
GALNT2,60
GALNT3,60
GALNT4,14
GALNT5,2543
GALNT6,2544
GALNT8,2545
GALNT9,14
GALNTL5,2546
GALNTL6,2547
GALR1,2548
GALR2,2549
GALR3,65
GALT,54
GAMT,52
GAN,60
GANAB,73
GANC,10
GAPDH,11
GAPDHS,2550
GAPT,2551
GAPVD1,5
GAR1,65
GARNL3,2552
GARS,27
GART,11
GAS1,2553
GAS2,2554
GAS2L1,14
GAS2L2,2555
GAS6,54
GAS7,2556
GAS8,2557
GAST,2558
GATA2,29
GATA3,70
GATA4,65
GATA5,2559
GATA6,41
GATAD1,70
GATAD2A,65
GATAD2B,48
GATC,55
GATM,2560
GBA,14
GBA2,60
GBE1,2561
GBF1,4
GBGT1,2562
GBP1,14
GBP2,2563
GBP3,2564
GBP4,2565
GBP5,2566
GBP6,2567
GBP7,2568
GBX1,2569
GBX2,2570
GC,2571
GCA,2572
GCAT,37
GCC1,60
GCC2,30
GCDH,2573
GCFC2,55
GCG,2574
GCGR,2575
GCH1,14
GCHFR,56
GCK,2576
GCKR,2577
GCLC,11
GCLM,11
GCM1,2578
GCM2,2579
GCNT1,2580
GCNT2,0
GCNT3,2581
GCSAM,2582
GCSAML,2583
GCSH,0
GDA,2584
GDAP1,14
GDAP2,71
GDE1,14
GDF1,32
GDF10,2585
GDF11,41
GDF2,2586
GDF3,2587
GDF5,2588
GDF6,2589
GDF7,29
GDF9,2590
GDI2,30
GDNF,2591
GDPD1,14
GDPD3,2592
GDPD4,2593
GDPD5,2594
GDPGP1,2595
GEM,2596
GEMIN4,27
GEMIN5,27
GEMIN6,27
GEMIN7,27
GEN1,45
GET4,2597
GFAP,2598
GFER,47
GFI1,70
GFI1B,70
GFM1,55
GFM2,0
GFOD1,2599
GFOD2,2600
GFPT1,11
GFPT2,2601
GFRA1,2602
GFRA2,2603
GFRA3,2604
GFRA4,2605
GFRAL,60
GFY,2606
GGA1,14
GGA2,2607
GGA3,14
GGACT,38
GGCT,60
GGCX,60
GGH,60
GGN,2608
GGNBP2,63
GGPS1,27
GGT1,14
GGT5,2609
GGT6,54
GGT7,30
GGTLC1,2610
GGTLC2,2611
GH1,2612
GH2,2613
GHDC,60
GHITM,2614
GHR,2615
GHRH,2616
GHRHR,2617
GHRL,2618
GHSR,2619
GID4,60
GID8,5
GIGYF1,52
GIGYF2,10
GIMAP1,2620
GIMAP2,60
GIMAP4,2621
GIMAP5,2622
GIMAP6,2623
GIMAP7,2624
GIMAP8,2625
GIN1,2626
GINM1,2627
GINS1,27
GINS2,27
GINS3,27
GINS4,14
GIP,2628
GIPC1,2629
GIPC2,2630
GIPR,2631
GIT1,41
GIT2,60
GJA1,60
GJA10,2632
GJA3,2633
GJA4,2634
GJA5,2635
GJA9,48
GJB2,10
GJB3,52
GJB4,2636
GJB5,2637
GJB6,2638
GJB7,2639
GJC2,2640
GJC3,2641
GJD2,2642
GJD3,2643
GJD4,2644
GK2,2645
GK5,14
GKAP1,2646
GKN1,2647
GKN2,2648
GLB1,2649
GLB1L,2650
GLB1L3,2651
GLCCI1,30
GLCE,30
GLDC,2652
GLDN,2653
GLE1,50
GLG1,14
GLI1,10
GLI2,2654
GLI3,2655
GLI4,4
GLIPR1,10
GLIPR1L1,2656
GLIPR1L2,2657
GLIPR2,60
GLIS1,2658
GLIS2,2659
GLIS3,10
GLMN,38
GLO1,14
GLP1R,2660
GLP2R,2661
GLRA1,2662
GLRA3,2663
GLRB,2664
GLRX,2665
GLRX2,60
GLRX3,47
GLRX5,0
GLS,11
GLS2,2666
GLT1D1,2667
GLT6D1,2668
GLT8D1,14
GLT8D2,65
GLTP,37
GLTPD2,73
GLUD1,30
GLYAT,2669
GLYATL1,2670
GLYATL2,2671
GLYATL3,2672
GLYCTK,2673
GLYR1,60
GM2A,14
GMCL1,2674
GMEB1,60
GMEB2,60
GMFB,60
GMFG,2675
GMIP,2676
GML,2677
GMNC,2678
GMNN,27
GMPPA,11
GMPPB,11
GMPR,21
GMPR2,14
GMPS,11
GNA11,30
GNA12,14
GNA13,50
GNA14,2679
GNA15,41
GNAI1,29
GNAI2,50
GNAI3,50
GNAL,2680
GNAO1,29
GNAQ,60
GNAS,56
GNAT1,2681
GNAT2,2682
GNAT3,2683
GNAZ,2684
GNB1,63
GNB1L,47
GNB2,50
GNB3,2685
GNB4,60
GNB5,60
GNE,30
GNG11,2686
GNG12,2687
GNG13,2688
GNG2,2689
GNG3,2690
GNG4,2691
GNG5,50
GNG7,2692
GNG8,2693
GNGT1,2694
GNGT2,2695
GNL1,47
GNL2,47
GNL3,14
GNLY,2696
GNMT,14
GNPAT,37
GNPDA1,14
GNPDA2,14
GNPNAT1,11
GNPTAB,71
GNPTG,29
GNRH2,2697
GNRHR,2698
GNS,2699
GOLGA1,30
GOLGA2,30
GOLGA3,14
GOLGA5,2700
GOLGA6A,2701
GOLGA6B,2702
GOLGA6D,2703
GOLGA6L10,2704
GOLGA6L9,2705
GOLGA7,21
GOLGA7B,41
GOLGA8B,2706
GOLGA8H,2707
GOLGA8K,2708
GOLGA8M,2709
GOLGA8O,2710
GOLGA8R,2711
GOLGB1,2712
GOLIM4,50
GOLM1,2713
GOLPH3,2714
GOLPH3L,55
GOLT1A,2715
GOLT1B,30
GON4L,27
GOPC,14
GORASP1,60
GORASP2,30
GOSR1,2716
GOSR2,30
GOT1,4
GOT1L1,2717
GOT2,0
GP1BA,2718
GP1BB,14
GP2,2719
GP5,2720
GP6,2721
GP9,2722
GPA33,2723
GPAA1,73
GPAM,30
GPANK1,2724
GPAT2,2725
GPATCH1,47
GPATCH11,2726
GPATCH2,2727
GPATCH2L,2728
GPATCH3,38
GPATCH4,73
GPATCH8,45
GPBAR1,2729
GPBP1,63
GPBP1L1,29
GPC1,4
GPC2,2730
GPC5,2731
GPC6,2732
GPCPD1,60
GPD1,2733
GPD1L,4
GPD2,2734
GPER1,2735
GPHA2,2736
GPHN,73
GPI,11
GPIHBP1,2737
GPLD1,2738
GPM6A,2739
GPN1,27
GPN2,27
GPN3,27
GPNMB,2740
GPR1,2741
GPR107,30
GPR108,4
GPR12,2742
GPR132,2743
GPR135,60
GPR137,11
GPR137B,2744
GPR137C,52
GPR139,2745
GPR141,2746
GPR142,2747
GPR146,4
GPR148,2748
GPR149,2749
GPR15,2750
GPR150,2751
GPR151,2752
GPR152,52
GPR153,60
GPR155,2753
GPR156,2754
GPR157,10
GPR158,2755
GPR160,2756
GPR161,2757
GPR162,73
GPR17,2758
GPR171,2759
GPR176,2760
GPR179,2761
GPR18,73
GPR180,65
GPR182,2762
GPR183,2763
GPR19,2764
GPR20,2765
GPR21,2766
GPR22,2767
GPR25,2768
GPR26,21
GPR27,14
GPR3,29
GPR31,2769
GPR32,2770
GPR35,2771
GPR37,29
GPR37L1,2772
GPR39,14
GPR4,2773
GPR45,2774
GPR52,2775
GPR55,2776
GPR6,2777
GPR61,2778
GPR62,2779
GPR63,14
GPR65,2780
GPR68,2781
GPR75,14
GPR78,2782
GPR83,2783
GPR84,2784
GPR85,2785
GPR87,2786
GPR88,2787
GPR89A,30
GPRC5A,2788
GPRC5B,63
GPRC5C,2789
GPRC5D,2790
GPRC6A,2791
GPRIN1,60
GPRIN2,2792
GPS1,52
GPS2,70
GPSM1,2793
GPSM2,54
GPSM3,14
GPT,70
GPT2,2794
GPX1,60
GPX2,2795
GPX3,2796
GPX4,70
GPX5,2797
GPX6,2798
GPX7,2799
GPX8,60
GRAMD1A,29
GRAMD1B,2800
GRAMD1C,2801
GRAMD4,2802
GRAP,2803
GRAP2,2804
GRASP,70
GRB10,60
GRB14,2805
GRB2,30
GRB7,60
GREB1L,0
GREM1,2806
GRHL1,52
GRHL2,3
GRHL3,60
GRHPR,63
GRIA2,2807
GRIA4,2808
GRID1,2809
GRID2,2810
GRID2IP,14
GRIK1,2811
GRIK2,2812
GRIK3,2813
GRIK4,2814
GRIK5,29
GRIN1,2815
GRIN2A,2816
GRIN2B,29
GRIN2C,2817
GRIN2D,3
GRIN3A,2818
GRIN3B,2819
GRINA,60
GRIP1,2820
GRK4,2821
GRK5,54
GRK6,2822
GRK7,2823
GRM1,2824
GRM2,2825
GRM3,2826
GRM4,2827
GRM5,2828
GRM6,2829
GRM7,2830
GRM8,2831
GRN,4
GRP,2832
GRPEL1,14
GRPEL2,14
GRSF1,0
GRTP1,60
GRWD1,47
GRXCR1,2833
GRXCR2,2834
GSAP,11
GSC2,2835
GSDMA,2836
GSDMB,60
GSDMC,2837
GSDMD,5
GSE1,70
GSG1,2838
GSG1L,2839
GSK3A,29
GSK3B,29
GSKIP,2840
GSN,4
GSR,73
GSS,11
GSTA1,2841
GSTA3,2842
GSTA4,2843
GSTCD,2844
GSTK1,2845
GSTM1,14
GSTM2,5
GSTM3,2846
GSTM4,2847
GSTM5,2848
GSTO1,60
GSTO2,2849
GSTP1,41
GSTT2,2850
GSTT2B,29
GSTZ1,4
GSX1,2851
GSX2,2852
GTF2A1,47
GTF2A1L,2853
GTF2A2,47
GTF2B,50
GTF2E1,27
GTF2E2,27
GTF2F1,4
GTF2F2,54
GTF2H1,47
GTF2H2,47
GTF2H2C,47
GTF2H3,47
GTF2H4,47
GTF2H5,50
GTF2IRD1,2854
GTF2IRD2,47
GTF3A,40
GTF3C1,47
GTF3C2,47
GTF3C3,47
GTF3C4,47
GTF3C5,27
GTF3C6,47
GTPBP1,60
GTPBP10,0
GTPBP2,60
GTPBP3,0
GTPBP4,2855
GTPBP8,0
GTSE1,21
GTSF1,2856
GTSF1L,2857
GUCA1A,2858
GUCA1B,2859
GUCA1C,2860
GUCA2B,2861
GUCD1,63
GUCY1A2,2862
GUCY2C,2863
GUCY2D,2864
GUF1,60
GUK1,47
GULP1,14
GUSB,54
GXYLT1,29
GXYLT2,2865
GYPA,2866
GYPB,2867
GYPC,56
GYPE,2868
GYS1,21
GYS2,2869
GZF1,30
GZMA,2870
GZMB,2871
GZMH,2872
GZMK,2873
GZMM,29
H1F0,71
H1FNT,2874
H1FOO,2875
H1FX,14
H2AFJ,29
H2AFV,54
H2AFX,45
H2AFY,14
H2AFY2,14
H2AFZ,50
H3F3C,2876
H6PD,56
HAAO,2877
HABP2,2878
HABP4,2879
HACE1,2880
HACL1,14
HADH,60
HADHA,47
HADHB,2881
HAGH,29
HAGHL,55
HAL,2882
HAMP,2883
HAND1,2884
HAND2,29
HAO1,2885
HAO2,2886
HAP1,2887
HAPLN1,2888
HAPLN2,2889
HAPLN3,2890
HAPLN4,2891
HARBI1,60
HARS,71
HARS2,55
HAS1,2892
HAS2,2893
HAS3,2894
HAT1,0
HAUS1,21
HAUS2,21
HAUS3,21
HAUS4,21
HAUS5,21
HAUS6,21
HAUS8,21
HAVCR2,2895
HAX1,54
HBA1,11
HBD,2896
HBE1,2897
HBEGF,60
HBG1,2898
HBG2,2899
HBM,2900
HBP1,60
HBQ1,41
HBS1L,60
HBZ,2901
HCAR1,2902
HCAR2,14
HCAR3,2903
HCFC1R1,73
HCK,73
HCLS1,2904
HCN1,2905
HCN2,21
HCN3,29
HCN4,2906
HCRT,2907
HCRTR1,2908
HCRTR2,2909
HCST,2910
HDAC1,73
HDAC10,14
HDAC11,2911
HDAC2,48
HDAC3,70
HDAC4,4
HDAC5,14
HDAC7,60
HDAC9,29
HDC,2912
HDDC2,2913
HDDC3,14
HDGF,2914
HDHD2,2915
HDHD3,65
HEATR1,47
HEATR3,27
HEATR5B,52
HEATR6,65
HEATR9,14
HEBP1,2916
HEBP2,2917
HECA,2918
HECTD1,60
HECTD2,2919
HECTD3,2920
HECW1,2921
HECW2,2922
HEG1,2923
HELB,2924
HELLS,2925
HELQ,30
HELZ2,11
HEMGN,2926
HEMK1,55
HENMT1,60
HEPACAM,2927
HEPACAM2,2928
HEPHL1,2929
HEPN1,2930
HERC1,14
HERC2,10
HERC3,14
HERC4,14
HERC5,73
HERC6,14
HERPUD1,73
HERPUD2,14
HES1,27
HES2,2931
HES3,2932
HES4,10
HES5,2933
HES6,2934
HES7,45
HESX1,38
HEXA,14
HEXIM1,54
HEXIM2,60
HEY1,73
HEY2,2935
HEYL,2936
HFE,2937
HFM1,2938
HGD,10
HGF,2939
HGFAC,2940
HGS,52
HGSNAT,2941
HHAT,60
HHATL,2942
HHEX,2943
HHIP,2944
HHIPL1,2945
HHIPL2,2946
HHLA2,2947
HHLA3,2948
HIBADH,3
HIBCH,2949
HIC1,2950
HIC2,14
HID1,14
HIF1A,63
HIF1AN,71
HIF3A,2951
HIGD1A,14
HIGD1B,2952
HIGD1C,2953
HIGD2A,0
HILPDA,2954
HINFP,60
HINT1,2955
HINT2,2956
HINT3,0
HIP1,4
HIP1R,2957
HIPK1,60
HIPK3,2958
HIPK4,2959
HIRA,70
HIRIP3,2960
HIST1H1B,2961
HIST1H1C,14
HIST1H1D,2962
HIST1H1E,2963
HIST1H1T,2964
HIST1H2AA,2965
HIST1H2AB,2966
HIST1H2AC,29
HIST1H2AD,2967
HIST1H2AH,2968
HIST1H2AJ,29
HIST1H2BA,2969
HIST1H2BB,2970
HIST1H2BD,29
HIST1H2BH,2971
HIST1H2BJ,29
HIST1H2BK,29
HIST1H2BL,2972
HIST1H2BM,29
HIST1H2BN,2973
HIST1H2BO,2974
HIST1H4G,2975
HIST2H2AA3,29
HIST2H2AB,14
HIST2H2AC,29
HIST2H2BE,29
HIST2H2BF,29
HIST2H3A,2976
HIST3H2A,55
HIST3H2BB,2977
HIST3H3,2978
HIVEP1,48
HIVEP2,4
HIVEP3,14
HJURP,47
HK1,2979
HK2,11
HK3,2980
HKDC1,29
HLA-A,5
HLA-B,30
HLA-C,29
HLA-DMA,14
HLA-DMB,63
HLA-DOA,2981
HLA-DOB,60
HLA-DPA1,2982
HLA-DPB1,2983
HLA-DQA1,29
HLA-DQA2,2984
HLA-DQB1,2985
HLA-DQB2,2986
HLA-DRA,29
HLA-DRB1,2987
HLA-DRB5,2988
HLA-E,2989
HLA-F,14
HLA-G,2990
HLCS,11
HLF,2991
HM13,55
HMBOX1,14
HMBS,0
HMCES,29
HMCN1,65
HMG20A,2992
HMG20B,2993
HMGA1,60
HMGA2,73
HMGB1,2994
HMGCL,60
HMGCLL1,2995
HMGCR,11
HMGCS1,11
HMGCS2,2996
HMGN1,2997
HMGN2,56
HMGN3,60
HMGN4,2998
HMGXB3,5
HMGXB4,30
HMHB1,2999
HMMR,21
HMOX1,14
HMOX2,3000
HMSD,52
HMX1,3001
HMX2,3002
HMX3,70
HNF1A,41
HNF1B,41
HNF4A,41
HNF4G,41
HNMT,29
HNRNPA0,60
HNRNPA1,50
HNRNPA1L2,3003
HNRNPA2B1,3004
HNRNPAB,60
HNRNPC,3005
HNRNPCL1,3006
HNRNPD,60
HNRNPDL,14
HNRNPF,63
HNRNPH1,47
HNRNPH3,3007
HNRNPK,27
HNRNPL,41
HNRNPLL,54
HNRNPM,24
HNRNPR,60
HNRNPU,71
HNRNPUL1,60
HNRNPUL2,41
HOGA1,3008
HOMER1,30
HOMER2,60
HOMER3,60
HOMEZ,30
HOOK1,3009
HOOK2,3010
HOOK3,3011
HOPX,3012
HORMAD1,3013
HORMAD2,3014
HOXA1,14
HOXA10,14
HOXA11,4
HOXA13,63
HOXA2,3015
HOXA3,41
HOXA4,3016
HOXA5,3017
HOXA6,14
HOXA7,3018
HOXA9,14
HOXB1,3019
HOXB13,10
HOXB2,14
HOXB3,3020
HOXB4,3021
HOXB5,60
HOXB6,11
HOXB7,10
HOXB8,73
HOXB9,3022
HOXC10,30
HOXC11,3023
HOXC12,3024
HOXC13,56
HOXC4,3025
HOXC5,3026
HOXC6,70
HOXC8,60
HOXC9,3027
HOXD1,14
HOXD10,3028
HOXD11,3029
HOXD12,3030
HOXD13,3031
HOXD3,3032
HOXD4,65
HOXD8,60
HOXD9,65
HP,3033
HP1BP3,3034
HPCA,3035
HPCAL1,3036
HPCAL4,3037
HPD,3038
HPDL,3039
HPGD,3040
HPGDS,3041
HPN,3042
HPR,3043
HPS1,14
HPS3,60
HPS4,60
HPS5,52
HPS6,52
HPSE,3044
HPSE2,3045
HPX,3046
HR,3047
HRAS,3
HRC,3048
HRCT1,3049
HRG,3050
HRH1,3051
HRH2,3052
HRH3,3053
HRH4,3054
HRK,70
HRNR,3055
HS1BP3,71
HS2ST1,30
HS3ST1,3056
HS3ST2,3057
HS3ST3A1,3058
HS3ST3B1,3059
HS3ST4,3060
HS3ST5,3061
HS3ST6,3062
HS6ST1,30
HS6ST3,3063
HSBP1,41
HSBP1L1,14
HSCB,47
HSD11B1,3064
HSD11B1L,55
HSD11B2,41
HSD17B1,14
HSD17B11,3065
HSD17B12,37
HSD17B13,3066
HSD17B14,3067
HSD17B2,3068
HSD17B3,3069
HSD17B4,37
HSD17B6,30
HSD17B7,60
HSD17B8,60
HSD3B1,3070
HSD3B2,3071
HSD3B7,3072
HSDL1,70
HSDL2,4
HSF1,56
HSF2,56
HSF2BP,47
HSF4,70
HSF5,3073
HSP90AA1,63
HSP90AB1,63
HSP90B1,73
HSPA12A,3074
HSPA12B,3075
HSPA13,47
HSPA14,47
HSPA1A,14
HSPA1B,3076
HSPA1L,3077
HSPA2,3078
HSPA4,56
HSPA4L,3079
HSPA5,27
HSPA6,3080
HSPA8,47
HSPA9,27
HSPB2,60
HSPB3,3081
HSPB6,3082
HSPB7,3083
HSPB8,29
HSPB9,3084
HSPBAP1,60
HSPBP1,0
HSPD1,47
HSPE1,27
HSPG2,60
HSPH1,3085
HTATIP2,3086
HTN1,3087
HTN3,3088
HTR1A,3089
HTR1B,3090
HTR1D,3091
HTR1E,3092
HTR1F,3093
HTR2A,3094
HTR2B,63
HTR3A,3095
HTR3B,3096
HTR3C,3097
HTR3D,3098
HTR3E,3099
HTR4,3100
HTR5A,3101
HTR6,60
HTR7,3102
HTRA1,30
HTRA2,54
HTRA3,3103
HTRA4,3104
HTT,30
HUNK,3105
HUS1,45
HUS1B,3106
HVCN1,3107
HYAL1,3108
HYAL2,73
HYAL3,10
HYAL4,3109
HYDIN,3110
HYI,16
HYKK,3111
HYLS1,48
HYOU1,27
HYPK,47
IAPP,3112
IARS,3113
IARS2,47
IBA57,0
IBSP,3114
IBTK,60
ICA1,3115
ICA1L,3116
ICAM1,47
ICAM2,10
ICAM3,3117
ICAM4,60
ICAM5,63
ICE1,3118
ICE2,50
ICK,60
ICMT,21
ICOS,3119
ICOSLG,3120
ID1,14
ID2,11
ID3,3121
ID4,60
IDE,73
IDH1,21
IDH2,29
IDH3B,3122
IDI1,60
IDI2,3123
IDNK,3124
IDO1,54
IDUA,27
IER2,3125
IER3,56
IER3IP1,30
IER5,4
IFFO1,3126
IFFO2,3127
IFI16,3128
IFI27,3129
IFI27L1,3130
IFI27L2,3131
IFI30,38
IFI35,27
IFI44,11
IFI44L,3132
IFI6,3133
IFIH1,30
IFIT1,3134
IFIT1B,3135
IFIT2,52
IFIT3,47
IFIT5,60
IFITM1,3136
IFITM2,41
IFITM3,29
IFITM5,3137
IFNA1,3138
IFNA10,3139
IFNA14,3140
IFNA16,3141
IFNA17,3142
IFNA2,3143
IFNA21,3144
IFNA4,3145
IFNA5,3146
IFNA6,3147
IFNA7,3148
IFNA8,3149
IFNAR1,47
IFNAR2,3150
IFNB1,3151
IFNE,3152
IFNG,3153
IFNGR1,3154
IFNGR2,3155
IFNK,3156
IFNL1,3157
IFNL2,3158
IFNL3,3159
IFNLR1,3160
IFNW1,3161
IFRD1,50
IFRD2,3162
IFT122,60
IFT140,60
IFT172,60
IFT20,54
IFT22,27
IFT27,60
IFT43,14
IFT52,3163
IFT57,41
IFT74,14
IFT80,38
IFT81,14
IFT88,3164
IGDCC3,3165
IGDCC4,3166
IGF1,3167
IGF1R,73
IGF2BP1,14
IGF2BP2,60
IGF2BP3,5
IGFALS,10
IGFBP1,3168
IGFBP2,3169
IGFBP3,60
IGFBP4,60
IGFBP5,21
IGFBP6,70
IGFBP7,3170
IGFBPL1,3171
IGFL1,3172
IGFL2,3173
IGFL3,3174
IGFL4,3175
IGFLR1,3176
IGFN1,14
IGHMBP2,10
IGIP,4
IGLL1,3177
IGLL5,3178
IGLON5,3179
IGSF10,3180
IGSF11,3181
IGSF21,3182
IGSF22,3183
IGSF23,3184
IGSF3,14
IGSF5,3185
IGSF6,3186
IGSF8,3187
IGSF9,29
IGSF9B,3188
IHH,3189
IK,27
IKBIP,3190
IKBKB,3
IKBKE,3191
IKZF1,3
IKZF2,14
IKZF3,73
IKZF4,52
IKZF5,73
IL10,3192
IL10RA,3193
IL10RB,3194
IL11,3195
IL11RA,3196
IL12A,3197
IL12B,3198
IL12RB1,3199
IL12RB2,3200
IL13,3201
IL15,14
IL15RA,60
IL16,3202
IL17A,3203
IL17B,3204
IL17C,3205
IL17D,3206
IL17F,3207
IL17RA,3208
IL17RB,29
IL17RC,3209
IL17RD,3210
IL17RE,30
IL17REL,3211
IL18,29
IL18BP,14
IL18R1,52
IL18RAP,3212
IL19,3213
IL1A,3214
IL1B,3215
IL1F10,3216
IL1R1,3
IL1R2,3217
IL1RAP,3
IL1RL1,3218
IL1RL2,3219
IL1RN,3220
IL2,3221
IL20,3222
IL20RA,3223
IL21,3224
IL21R,3225
IL22,3226
IL22RA1,52
IL22RA2,3227
IL23A,3228
IL23R,3229
IL24,3230
IL25,3231
IL26,3232
IL27,3233
IL27RA,14
IL2RA,3234
IL2RB,3235
IL3,3236
IL31,3237
IL31RA,3238
IL32,54
IL33,3239
IL34,3240
IL36A,3241
IL36B,3242
IL36G,3243
IL36RN,3244
IL37,3245
IL4,3246
IL4I1,14
IL4R,3247
IL5,3248
IL5RA,3249
IL6,55
IL6R,3
IL6ST,3
IL7,3250
IL7R,3251
IL9,3252
ILDR1,3253
ILDR2,60
ILF2,14
ILF3,14
ILK,41
ILKAP,3254
ILVBL,3255
IMMP2L,3256
IMMT,54
IMP3,47
IMP4,47
IMPA1,30
IMPA2,3257
IMPACT,14
IMPAD1,63
IMPDH2,11
IMPG1,3258
IMPG2,3259
INA,14
INCA1,60
INCENP,27
INF2,3260
ING1,70
ING2,70
ING3,50
ING4,3261
ING5,70
INHA,3262
INHBA,54
INHBB,3263
INHBC,10
INHBE,60
INMT,3264
INO80,70
INO80B,70
INO80C,70
INO80D,70
INO80E,70
INPP1,3265
INPP4A,14
INPP4B,3266
INPP5A,3
INPP5B,63
INPP5E,60
INPP5F,3267
INPP5J,3268
INPP5K,30
INPPL1,4
INS,3269
INSC,3270
INSIG1,73
INSIG2,14
INSL3,3271
INSL4,3272
INSL5,3273
INSL6,3274
INSM1,3275
INSM2,29
INSR,73
INSRR,3276
INTS1,50
INTS10,50
INTS12,50
INTS2,50
INTS3,27
INTS4,27
INTS5,50
INTS6,50
INTS7,50
INTS8,50
INTS9,30
INTU,3277
INVS,54
IP6K1,0
IP6K2,54
IP6K3,60
IPCEF1,3278
IPMK,11
IPO13,27
IPO4,11
IPO5,11
IPO7,27
IPO8,4
IPO9,38
IPPK,11
IQCA1,3279
IQCB1,3280
IQCD,3
IQCE,60
IQCF1,3281
IQCF2,3282
IQCF3,3283
IQCF5,3284
IQCF6,3285
IQCG,3286
IQGAP1,3287
IQGAP2,14
IQGAP3,70
IQSEC1,65
IQSEC3,3288
IQUB,3289
IRAK1BP1,60
IRAK2,3290
IRAK3,3291
IRAK4,3
IREB2,47
IRF1,47
IRF2,73
IRF2BP1,3292
IRF3,3293
IRF4,3
IRF5,3294
IRF6,3
IRF7,3295
IRF8,70
IRF9,3296
IRGC,3297
IRGM,3298
IRGQ,3299
IRS1,73
IRS2,73
IRX2,3300
IRX3,14
IRX4,3301
IRX5,70
IRX6,3302
ISCA1,0
ISCA2,0
ISCU,27
ISG15,47
ISG20,14
ISG20L2,47
ISL1,29
ISL2,3303
ISLR,3304
ISLR2,3305
ISM2,3306
ISOC1,60
ISOC2,14
IST1,52
ISX,3307
ISY1,3308
ISYNA1,14
ITCH,56
ITFG1,3309
ITFG2,3310
ITGA1,14
ITGA10,3311
ITGA11,3312
ITGA2,14
ITGA2B,55
ITGA3,41
ITGA4,3313
ITGA5,3314
ITGA6,48
ITGA7,3315
ITGA8,3316
ITGA9,3317
ITGAD,3318
ITGAE,3319
ITGAL,3320
ITGAM,3321
ITGAV,41
ITGAX,3322
ITGB1,41
ITGB1BP1,5
ITGB2,3323
ITGB3BP,14
ITGB4,48
ITGB5,41
ITGB6,3324
ITGB7,27
ITGB8,52
ITGBL1,60
ITIH1,3325
ITIH2,3326
ITIH3,3327
ITIH4,3328
ITK,3329
ITLN1,3330
ITLN2,3331
ITM2B,41
ITM2C,14
ITPA,55
ITPK1,11
ITPKA,29
ITPKB,3332
ITPKC,29
ITPR1,3333
ITPR2,50
ITPR3,48
ITPRIP,56
ITPRIPL1,3334
ITPRIPL2,3335
ITSN1,27
ITSN2,52
IVD,63
IVL,3336
IVNS1ABP,3337
IWS1,50
IYD,3338
IZUMO1,3339
IZUMO2,3340
IZUMO3,3341
IZUMO4,60
JADE1,3342
JADE2,70
JAG1,54
JAG2,3343
JAGN1,56
JAK1,47
JAK2,70
JAK3,63
JAKMIP1,3344
JAKMIP2,3345
JAKMIP3,3346
JAM2,3347
JAM3,3348
JARID2,3349
JAZF1,27
JDP2,3350
JKAMP,14
JMJD4,3351
JMJD6,63
JMJD7,3352
JMJD8,60
JMY,5
JOSD1,73
JOSD2,3353
JPH1,3354
JPH2,3355
JPH3,3356
JPH4,14
JSRP1,3357
JTB,30
JUN,14
JUNB,3
JUND,3358
JUP,8
KAAG1,65
KALRN,3359
KANK1,3360
KANK2,3361
KANK3,3362
KANK4,3363
KANSL1,50
KANSL1L,3364
KANSL2,50
KANSL3,50
KAT2A,50
KAT2B,38
KAT5,50
KAT6A,70
KAT6B,70
KAT7,70
KAT8,4
KATNA1,14
KATNAL1,3365
KATNAL2,3366
KATNB1,48
KATNBL1,3367
KAZALD1,3368
KAZN,3369
KBTBD13,3370
KBTBD2,73
KBTBD6,4
KBTBD7,3371
KBTBD8,3372
KCMF1,73
KCNA1,3373
KCNA10,3374
KCNA2,3375
KCNA3,3376
KCNA4,3377
KCNA5,3378
KCNA6,55
KCNA7,14
KCNAB2,73
KCNAB3,29
KCNB1,3379
KCNB2,3380
KCNC1,3381
KCNC2,3382
KCNC3,3383
KCNC4,73
KCND2,3384
KCND3,3385
KCNE1,3386
KCNE2,3387
KCNE3,3388
KCNE4,60
KCNG1,3389
KCNG2,3390
KCNG3,29
KCNG4,3391
KCNH1,3392
KCNH3,60
KCNH4,3393
KCNH5,3394
KCNH6,3395
KCNH7,3396
KCNH8,3397
KCNIP1,3398
KCNIP2,54
KCNIP3,54
KCNIP4,29
KCNJ1,3399
KCNJ10,65
KCNJ11,3400
KCNJ12,3401
KCNJ13,70
KCNJ14,29
KCNJ15,3402
KCNJ2,3403
KCNJ3,3404
KCNJ4,3405
KCNJ5,3406
KCNJ6,3407
KCNJ8,3408
KCNJ9,3409
KCNK1,3410
KCNK10,3411
KCNK12,3412
KCNK13,3413
KCNK15,3414
KCNK16,3415
KCNK17,3416
KCNK18,3417
KCNK2,3418
KCNK3,3419
KCNK4,3420
KCNK5,4
KCNK6,60
KCNK7,3421
KCNK9,3422
KCNMA1,60
KCNMB1,3423
KCNMB2,3424
KCNMB3,3425
KCNMB4,27
KCNN1,3426
KCNN2,3427
KCNN3,3428
KCNN4,14
KCNQ1,3429
KCNQ2,3430
KCNQ3,3431
KCNQ4,3432
KCNQ5,60
KCNRG,3433
KCNS1,3434
KCNS2,3435
KCNS3,3436
KCNT1,3437
KCNT2,3438
KCNU1,3439
KCNV1,3440
KCNV2,3441
KCTD1,3442
KCTD10,52
KCTD11,60
KCTD12,73
KCTD13,3443
KCTD14,3444
KCTD15,27
KCTD16,3445
KCTD17,14
KCTD18,60
KCTD19,3446
KCTD2,14
KCTD20,3447
KCTD21,0
KCTD3,60
KCTD4,60
KCTD5,70
KCTD6,3448
KCTD7,3449
KCTD8,3450
KCTD9,3451
KDELR1,50
KDELR2,60
KDELR3,60
KDF1,3
KDM1A,41
KDM1B,60
KDM2A,50
KDM2B,70
KDM3A,14
KDM3B,72
KDM4A,4
KDM4B,3452
KDM4C,3453
KDM4D,3454
KDM4E,3455
KDM5A,70
KDM5B,3
KDM6B,3456
KDM7A,5
KDM8,63
KDR,3457
KDSR,37
KEAP1,52
KEL,3458
KERA,3459
KHDC1,60
KHDC1L,52
KHDC3L,3460
KHDRBS1,14
KHDRBS2,3461
KHDRBS3,3462
KHK,65
KHNYN,3463
KHSRP,4
KIAA0100,14
KIAA0232,3464
KIAA0319,60
KIAA0319L,60
KIAA0408,3465
KIAA0513,3466
KIAA0556,14
KIAA0586,60
KIAA0753,3467
KIAA1107,3468
KIAA1109,3469
KIAA1143,60
KIAA1191,3470
KIAA1217,3471
KIAA1324,3472
KIAA1324L,4
KIAA1328,3473
KIAA1522,3
KIAA1549,45
KIAA1549L,3474
KIAA1586,3475
KIAA1614,3476
KIAA1958,70
KIAA2013,63
KIDINS220,41
KIF11,27
KIF12,3477
KIF13A,10
KIF13B,56
KIF14,52
KIF15,21
KIF16B,71
KIF17,3478
KIF18A,3479
KIF18B,21
KIF19,3480
KIF1A,3481
KIF1B,10
KIF1C,14
KIF20A,27
KIF20B,54
KIF21A,3482
KIF21B,3483
KIF22,73
KIF23,3484
KIF24,3485
KIF25,3486
KIF26A,73
KIF27,30
KIF2A,48
KIF2B,3487
KIF2C,21
KIF3A,3488
KIF3B,60
KIF3C,14
KIF4B,3489
KIF5A,4
KIF5B,29
KIF6,3490
KIF7,14
KIF9,73
KIFAP3,3491
KIFC1,21
KIFC2,60
KIFC3,3492
KIN,3493
KIR2DL1,3494
KIR2DL3,3495
KIR2DL4,3496
KIR3DL1,3497
KIR3DL2,3498
KIR3DL3,3499
KIRREL2,3500
KIRREL3,3501
KISS1,3502
KISS1R,3503
KIT,3504
KITLG,3505
KL,3506
KLB,29
KLC1,63
KLC2,41
KLC3,60
KLC4,60
KLF1,11
KLF10,3507
KLF11,3508
KLF12,4
KLF13,14
KLF14,3509
KLF15,3510
KLF16,3511
KLF17,3512
KLF2,3513
KLF3,3
KLF4,60
KLF5,3
KLF6,3514
KLF7,3515
KLHDC1,3516
KLHDC10,14
KLHDC2,3517
KLHDC3,73
KLHDC4,60
KLHDC7A,3518
KLHDC8A,3519
KLHDC8B,29
KLHDC9,54
KLHL1,3520
KLHL10,3521
KLHL11,60
KLHL12,41
KLHL14,3522
KLHL17,3523
KLHL18,3524
KLHL2,60
KLHL20,47
KLHL21,60
KLHL22,14
KLHL23,3525
KLHL24,3526
KLHL25,14
KLHL29,3527
KLHL3,30
KLHL31,3528
KLHL35,3529
KLHL36,3530
KLHL38,3531
KLHL40,3532
KLHL41,3533
KLHL42,41
KLHL5,3534
KLHL6,3535
KLHL7,60
KLHL8,3536
KLHL9,73
KLK1,3537
KLK10,3538
KLK11,3539
KLK12,3540
KLK13,60
KLK14,3541
KLK15,3542
KLK2,3543
KLK3,3544
KLK4,3545
KLK5,65
KLK6,3546
KLK7,3547
KLK8,70
KLKB1,3548
KLLN,73
KLRB1,3549
KLRC1,3550
KLRC2,3551
KLRC3,3552
KLRC4,3553
KLRD1,3554
KLRF1,3555
KLRF2,3556
KLRG1,3557
KLRG2,3558
KLRK1,3559
KMT2A,70
KMT2B,50
KMT2C,41
KMT2D,41
KMT2E,50
KNCN,3560
KNDC1,3561
KNG1,3562
KNOP1,3563
KNSTRN,27
KNTC1,21
KPNA1,5
KPNA2,8
KPNA3,10
KPNA4,10
KPNA5,3564
KPNA6,14
KPNA7,14
KPNB1,27
KPRP,3565
KPTN,3566
KRAS,21
KRBA2,60
KRBOX1,3567
KREMEN1,14
KREMEN2,3568
KRI1,27
KRIT1,5
KRR1,47
KRT1,3569
KRT10,3570
KRT12,3571
KRT13,73
KRT14,47
KRT15,41
KRT16,3572
KRT17,54
KRT18,5
KRT19,0
KRT2,3573
KRT20,3574
KRT222,48
KRT23,3575
KRT24,3576
KRT25,3577
KRT26,3578
KRT27,3579
KRT28,3580
KRT3,3581
KRT31,3582
KRT32,3583
KRT33A,3584
KRT33B,3585
KRT35,3586
KRT36,3587
KRT37,3588
KRT38,3589
KRT39,3590
KRT4,3591
KRT40,3592
KRT5,3593
KRT6A,3594
KRT6B,14
KRT6C,3595
KRT7,3596
KRT71,3597
KRT72,3598
KRT73,3599
KRT74,3600
KRT75,3601
KRT76,3602
KRT77,3603
KRT78,3604
KRT79,3605
KRT80,37
KRT81,3606
KRT82,3607
KRT83,3608
KRT84,3609
KRT85,3610
KRT86,10
KRT9,3611
KRTAP1-1,4
KRTAP1-3,3612
KRTAP1-4,3613
KRTAP1-5,3614
KRTAP10-1,3615
KRTAP10-10,3616
KRTAP10-11,3617
KRTAP10-12,3618
KRTAP10-3,3619
KRTAP10-4,3620
KRTAP10-5,60
KRTAP10-6,3621
KRTAP10-8,3622
KRTAP10-9,3623
KRTAP11-1,3624
KRTAP12-1,3625
KRTAP12-2,3626
KRTAP12-3,3627
KRTAP12-4,3628
KRTAP13-1,73
KRTAP13-2,3629
KRTAP13-3,3630
KRTAP13-4,3631
KRTAP15-1,3632
KRTAP16-1,3633
KRTAP17-1,3634
KRTAP19-1,3635
KRTAP19-2,3636
KRTAP19-3,3637
KRTAP19-4,3638
KRTAP19-5,3639
KRTAP19-6,3640
KRTAP19-7,3641
KRTAP19-8,3642
KRTAP2-2,3643
KRTAP2-4,3644
KRTAP20-1,3645
KRTAP20-2,3646
KRTAP20-3,3647
KRTAP21-1,3648
KRTAP21-2,3649
KRTAP21-3,3650
KRTAP22-1,3651
KRTAP22-2,3652
KRTAP23-1,60
KRTAP24-1,3653
KRTAP25-1,3654
KRTAP26-1,52
KRTAP27-1,3655
KRTAP29-1,3656
KRTAP3-1,3657
KRTAP3-2,3658
KRTAP3-3,3659
KRTAP4-11,3660
KRTAP4-2,3661
KRTAP4-3,3662
KRTAP4-4,3663
KRTAP4-5,3664
KRTAP4-6,3665
KRTAP4-7,3666
KRTAP4-8,3667
KRTAP4-9,3668
KRTAP5-1,3669
KRTAP5-10,3670
KRTAP5-3,3671
KRTAP5-5,3672
KRTAP5-7,3673
KRTAP5-8,3674
KRTAP5-9,3675
KRTAP6-1,3676
KRTAP6-2,3677
KRTAP8-1,3678
KRTAP9-1,3679
KRTAP9-2,3680
KRTAP9-3,3681
KRTAP9-4,3682
KRTAP9-7,3683
KRTAP9-8,3684
KRTAP9-9,3685
KRTCAP2,60
KRTCAP3,3686
KRTDAP,3687
KSR1,3688
KSR2,3689
KTI12,47
KTN1,14
KXD1,71
KY,3690
KYNU,3691
L1TD1,3692
L2HGDH,3693
L3HYPDH,60
L3MBTL1,60
L3MBTL2,4
L3MBTL3,3694
L3MBTL4,3695
LACC1,3696
LACRT,3697
LACTB,14
LACTB2,3698
LAD1,3699
LAG3,4
LAIR1,3700
LAIR2,3701
LALBA,3702
LAMA1,3703
LAMA2,3704
LAMA3,48
LAMA4,73
LAMA5,60
LAMB1,38
LAMB2,10
LAMB3,14
LAMB4,3705
LAMC1,3706
LAMC2,3707
LAMC3,29
LAMP1,63
LAMP3,54
LAMP5,3708
LAMTOR1,71
LAMTOR2,71
LAMTOR3,71
LAMTOR4,71
LAMTOR5,3709
LANCL1,30
LANCL2,3710
LAP3,10
LAPTM4A,70
LAPTM4B,3711
LAPTM5,3712
LARP1,54
LARP1B,38
LARP4,54
LARP4B,54
LARP6,3713
LARP7,54
LARS,27
LARS2,55
LASP1,3
LAT,60
LAT2,3714
LATS2,5
LAX1,3715
LAYN,0
LBH,14
LBP,3716
LBR,8
LBX1,3717
LBX2,3718
LCA5,3719
LCA5L,3720
LCAT,73
LCE1A,3
LCE1B,3721
LCE1C,3722
LCE1D,3723
LCE1E,3724
LCE1F,3725
LCE2A,3726
LCE2B,3727
LCE2C,3728
LCE3A,3729
LCE3B,3730
LCE3D,3731
LCE3E,3732
LCE4A,3733
LCE5A,3734
LCE6A,3735
LCK,4
LCLAT1,3736
LCMT1,21
LCMT2,52
LCN1,3737
LCN10,3738
LCN12,63
LCN15,3739
LCN2,3740
LCN6,73
LCN8,3741
LCN9,3742
LCNL1,3743
LCOR,60
LCORL,3744
LCP1,29
LCP2,3745
LCT,3746
LCTL,14
LDB1,70
LDB2,3747
LDB3,5
LDHA,52
LDHAL6A,3748
LDHB,3749
LDHC,3750
LDHD,29
LDLR,30
LDLRAD1,3751
LDLRAD2,3752
LDLRAD3,14
LDLRAD4,60
LDLRAP1,63
LEAP2,3753
LECT2,3754
LEF1,65
LEFTY1,3755
LEFTY2,3756
LEMD1,3757
LEMD2,10
LEMD3,8
LENEP,3758
LENG1,52
LENG8,3759
LENG9,73
LEO1,50
LEP,3760
LEPR,3761
LEPROT,3762
LEPROTL1,3763
LETM1,47
LETM2,5
LETMD1,5
LFNG,29
LGALS1,3764
LGALS12,3765
LGALS13,3766
LGALS14,4
LGALS16,3767
LGALS2,3768
LGALS3,3769
LGALS3BP,14
LGALS4,73
LGALS8,3770
LGALS9,3771
LGALS9B,3772
LGALS9C,3773
LGALSL,3774
LGI1,3775
LGI2,3776
LGI3,3777
LGI4,3778
LGMN,3779
LGR4,3780
LGR5,3781
LGR6,3782
LGSN,3783
LHB,3784
LHCGR,3785
LHFPL2,3786
LHFPL4,3787
LHFPL5,3788
LHPP,54
LHX1,3789
LHX2,3790
LHX3,3791
LHX4,3792
LHX5,3793
LHX6,65
LHX9,3794
LIAS,0
LIF,14
LIFR,38
LIG1,45
LIG3,55
LIG4,47
LILRA1,3795
LILRA2,3796
LILRA4,0
LILRA5,3797
LILRA6,3798
LILRB1,3799
LILRB2,3800
LILRB4,3801
LILRB5,3802
LIM2,3803
LIMA1,4
LIMCH1,3804
LIMD1,73
LIMD2,14
LIME1,3805
LIMK1,60
LIMK2,5
LIMS1,41
LIMS2,3806
LIMS3,3807
LIN28A,3808
LIN28B,41
LIN37,45
LIN52,3809
LIN54,45
LIN7A,3810
LIN7B,60
LIN7C,3811
LIN9,38
LINGO1,3812
LINGO2,3813
LINGO3,3814
LINGO4,3815
LIPA,3816
LIPC,3817
LIPE,3818
LIPF,3819
LIPG,3820
LIPH,3821
LIPI,3822
LIPJ,3823
LIPK,3824
LIPM,3825
LIPN,3826
LIPT1,0
LIPT2,0
LITAF,60
LIX1,3827
LIX1L,3828
LLGL1,3829
LLGL2,55
LLPH,70
LMAN1,29
LMAN1L,3830
LMAN2,3831
LMAN2L,3832
LMBR1,21
LMBR1L,60
LMBRD1,3833
LMBRD2,3834
LMF1,3835
LMF2,52
LMLN,14
LMNA,8
LMNB1,8
LMNB2,3836
LMNTD1,71
LMO2,70
LMO3,3837
LMO4,3838
LMO7,60
LMOD1,3839
LMOD2,3840
LMOD3,3841
LMTK2,38
LMTK3,3842
LMX1A,3843
LMX1B,70
LNPEP,4
LNX1,29
LNX2,3844
LONP1,47
LONP2,56
LONRF1,73
LOR,3845
LOX,3846
LOXHD1,3847
LOXL1,5
LOXL2,14
LOXL3,14
LOXL4,3848
LPA,3849
LPAR1,50
LPAR2,50
LPAR3,3850
LPAR5,54
LPAR6,3851
LPCAT1,26
LPCAT2,3852
LPCAT3,3853
LPCAT4,60
LPGAT1,54
LPIN1,3854
LPIN2,3855
LPIN3,3856
LPL,3857
LPO,3858
LRAT,3859
LRBA,14
LRCH1,3860
LRCH3,38
LRCH4,60
LRFN1,3861
LRFN2,3862
LRFN3,65
LRFN4,3863
LRFN5,3864
LRG1,27
LRGUK,3865
LRIF1,70
LRIG1,4
LRIG2,21
LRIG3,3866
LRIT1,3867
LRIT2,3868
LRIT3,3869
LRMP,3870
LRP1,60
LRP10,52
LRP11,61
LRP12,65
LRP1B,3871
LRP2,3872
LRP2BP,3873
LRP3,3
LRP4,60
LRP5,14
LRP5L,47
LRP6,14
LRP8,5
LRPAP1,14
LRPPRC,55
LRR1,3874
LRRC1,3875
LRRC10,3876
LRRC14,3877
LRRC14B,3878
LRRC15,3879
LRRC17,3880
LRRC18,3881
LRRC19,3882
LRRC20,3883
LRRC23,3884
LRRC24,60
LRRC25,3885
LRRC26,3886
LRRC29,29
LRRC3,3887
LRRC32,14
LRRC34,3888
LRRC37A2,29
LRRC37A3,3889
LRRC37B,0
LRRC38,3890
LRRC39,3891
LRRC3B,3892
LRRC3C,3893
LRRC4,3894
LRRC40,60
LRRC41,4
LRRC45,29
LRRC47,60
LRRC49,29
LRRC4B,3895
LRRC4C,3896
LRRC52,3897
LRRC55,3898
LRRC56,3899
LRRC57,73
LRRC59,63
LRRC6,3900
LRRC61,3901
LRRC66,3902
LRRC7,3903
LRRC70,3904
LRRC75A,14
LRRC75B,5
LRRC8A,60
LRRC8B,60
LRRC8C,3905
LRRC8D,3906
LRRC8E,3907
LRRCC1,14
LRRD1,3908
LRRFIP2,3909
LRRIQ3,3910
LRRK1,54
LRRK2,3911
LRRN2,3912
LRRN3,3913
LRRN4,3914
LRRTM1,3915
LRRTM2,3916
LRRTM3,3917
LRRTM4,3918
LRSAM1,4
LRTM1,3919
LRTM2,3920
LRTOMT,3921
LRWD1,21
LSAMP,3922
LSG1,47
LSM1,10
LSM10,65
LSM11,65
LSM14A,17
LSM14B,29
LSM2,27
LSM3,27
LSM4,27
LSM5,27
LSM6,27
LSM7,27
LSM8,27
LSMEM1,0
LSMEM2,3923
LSR,3924
LSS,11
LST1,3925
LTA,3926
LTA4H,14
LTB,3927
LTB4R,31
LTB4R2,29
LTBP1,14
LTBP2,3928
LTBP3,60
LTBR,3929
LTC4S,3930
LTF,3931
LTK,3932
LTN1,56
LTV1,10
LUC7L,3933
LUC7L3,3
LUM,30
LURAP1,3934
LURAP1L,41
LUZP1,5
LUZP2,3935
LXN,14
LY6D,3936
LY6E,5
LY6G5B,3937
LY6G5C,3938
LY6G6C,3939
LY6G6D,3940
LY6G6F,3941
LY6H,3942
LY6K,3943
LY75,3944
LY86,3945
LY9,3946
LY96,14
LYAR,3947
LYG1,60
LYG2,14
LYL1,70
LYN,3948
LYNX1,60
LYPD1,73
LYPD2,3949
LYPD3,3950
LYPD4,3951
LYPD5,3952
LYPD6,3
LYPD6B,3953
LYPLA1,60
LYPLAL1,4
LYRM1,29
LYRM4,47
LYRM7,0
LYSMD1,70
LYSMD3,3954
LYSMD4,3955
LYVE1,3956
LYZ,29
LYZL1,3957
LYZL4,3958
LYZL6,3959
LZIC,3960
LZTFL1,10
LZTR1,3961
LZTS1,3962
LZTS2,41
LZTS3,3963
M1AP,3964
M6PR,52
MAATS1,3965
MAB21L1,29
MAB21L2,3966
MAB21L3,3967
MACC1,3968
MACF1,60
MACROD1,38
MACROD2,3969
MAD1L1,3
MAD2L1,27
MAD2L1BP,21
MAD2L2,45
MADD,70
MAEA,5
MAEL,3970
MAF,3971
MAF1,3972
MAFA,3973
MAFB,3974
MAFF,4
MAFG,27
MAG,3975
MAGEF1,3976
MAGI1,60
MAGI2,3977
MAGI3,56
MAGOH,27
MAK,3978
MAK16,27
MALL,3979
MALSU1,55
MALT1,3980
MAMDC2,3981
MAMDC4,65
MAML1,4
MAML2,50
MAML3,3982
MAMSTR,3983
MAN1A1,3984
MAN1A2,30
MAN1B1,3985
MAN1C1,14
MAN2A1,30
MAN2A2,60
MAN2B1,3986
MAN2B2,14
MAN2C1,60
MANBA,30
MANBAL,60
MANEA,73
MANF,73
MANSC1,29
MANSC4,3987
MAP10,3988
MAP1A,3989
MAP1B,56
MAP1LC3A,3990
MAP1LC3B,60
MAP1LC3B2,60
MAP1LC3C,3991
MAP1S,60
MAP2,3992
MAP2K1,21
MAP2K2,21
MAP2K3,65
MAP2K4,14
MAP2K5,4
MAP2K6,30
MAP2K7,14
MAP3K1,14
MAP3K10,14
MAP3K11,14
MAP3K12,60
MAP3K13,5
MAP3K19,3993
MAP3K2,4
MAP3K3,3994
MAP3K4,65
MAP3K5,5
MAP3K6,10
MAP3K7,3
MAP3K7CL,60
MAP3K8,48
MAP3K9,14
MAP4,29
MAP4K1,3995
MAP4K2,29
MAP4K3,3996
MAP4K4,5
MAP6,71
MAP6D1,3997
MAP7,3998
MAP7D1,29
MAP9,3999
MAPK1,21
MAPK10,4000
MAPK11,54
MAPK12,27
MAPK13,14
MAPK14,65
MAPK15,21
MAPK1IP1L,63
MAPK3,14
MAPK4,29
MAPK6,11
MAPK7,4
MAPK8,14
MAPK8IP1,4001
MAPK8IP3,14
MAPK9,4002
MAPKAP1,71
MAPKAPK2,41
MAPKAPK3,30
MAPKAPK5,11
MAPKBP1,4003
MAPRE1,21
MAPRE2,37
MAPRE3,4004
MAPT,65
MARC1,4005
MARCH1,4006
MARCH10,4007
MARCH11,4008
MARCH2,4009
MARCH3,0
MARCH4,4010
MARCH5,73
MARCH6,37
MARCH7,73
MARCH8,4011
MARCH9,71
MARCKS,5
MARCKSL1,14
MARCO,4012
MARK1,4013
MARK2,65
MARK3,65
MARK4,65
MARS,60
MARS2,55
MARVELD2,4014
MARVELD3,4015
MAS1,4016
MASP1,4017
MASP2,47
MAST1,4018
MAST2,14
MAST3,65
MAST4,4019
MASTL,27
MAT1A,4020
MAT2A,11
MAT2B,4021
MATK,60
MATN1,4022
MATN2,73
MATN3,4023
MATN4,4024
MATR3,24
MAU2,3
MAVS,4025
MAX,47
MAZ,14
MB,60
MB21D2,60
MBD1,14
MBD2,65
MBD3,48
MBD3L1,4026
MBD3L2,4027
MBD3L5,4028
MBD4,21
MBD5,4029
MBD6,4030
MBL2,4031
MBLAC1,11
MBLAC2,73
MBNL1,11
MBNL2,73
MBOAT1,38
MBOAT4,4032
MBOAT7,73
MBP,4033
MBTD1,21
MBTPS1,37
MC1R,73
MC2R,4034
MC3R,4035
MC4R,4036
MC5R,60
MCAM,14
MCAT,0
MCC,14
MCCC1,55
MCCC2,4
MCCD1,4037
MCEE,60
MCEMP1,63
MCF2L,4038
MCF2L2,4039
MCFD2,29
MCHR1,4040
MCHR2,4041
MCIDAS,60
MCL1,73
MCM10,73
MCM2,29
MCM3,27
MCM3AP,4042
MCM4,27
MCM5,27
MCM6,27
MCM7,14
MCM8,45
MCM9,45
MCMBP,27
MCMDC2,4043
MCOLN1,4044
MCOLN2,4045
MCOLN3,4046
MCPH1,65
MCRS1,50
MCTP1,14
MCTP2,4047
MCU,14
MCUR1,4048
MDC1,45
MDFI,4049
MDFIC,14
MDGA1,14
MDGA2,4050
MDH1,4051
MDH1B,4052
MDH2,0
MDK,4053
MDM1,60
MDM2,47
MDM4,47
MDN1,47
MDP1,73
ME1,14
ME2,4
ME3,4054
MEA1,73
MEAF6,70
MECOM,41
MECR,0
MED1,50
MED10,50
MED11,50
MED12L,4055
MED13,50
MED13L,50
MED15,50
MED16,50
MED17,50
MED18,50
MED19,50
MED20,50
MED21,50
MED22,50
MED23,50
MED24,50
MED25,50
MED26,50
MED27,50
MED28,50
MED29,50
MED30,27
MED31,47
MED4,50
MED6,50
MED7,50
MED8,50
MED9,50
MEDAG,4056
MEF2A,60
MEF2B,60
MEF2C,73
MEF2D,70
MEFV,4057
MEGF10,4058
MEGF11,4059
MEGF8,14
MEGF9,4060
MEI1,4061
MEI4,4062
MEIG1,4063
MEIOB,4064
MEIS1,4065
MEIS2,29
MEIS3,4066
MELK,70
MEMO1,5
MEN1,70
MEOX1,4067
MEOX2,4068
MEP1A,4069
MEP1B,4070
MEPCE,54
MEPE,4071
MERTK,60
MESP1,65
MESP2,14
MEST,14
MET,73
METAP1,65
METAP1D,4072
METAP2,65
METRN,30
METRNL,4
METTL1,47
METTL11B,4073
METTL14,47
METTL15,14
METTL16,27
METTL17,0
METTL18,4074
METTL21A,4075
METTL21C,4076
METTL22,4077
METTL23,38
METTL24,4078
METTL25,4079
METTL2A,14
METTL2B,14
METTL3,47
METTL4,4080
METTL5,63
METTL6,60
METTL7A,4081
METTL7B,54
METTL9,4082
MEX3A,14
MEX3C,14
MEX3D,14
MFAP1,52
MFAP2,4083
MFAP3L,4084
MFAP4,27
MFAP5,4085
MFF,14
MFGE8,60
MFHAS1,29
MFN1,60
MFN2,54
MFNG,29
MFRP,4086
MFSD1,14
MFSD10,63
MFSD11,52
MFSD12,60
MFSD2A,60
MFSD3,4087
MFSD5,60
MFSD6,4088
MFSD6L,4089
MFSD8,4
MFSD9,11
MGA,47
MGAM,4090
MGARP,4091
MGAT1,30
MGAT2,30
MGAT3,4092
MGAT4A,4093
MGAT4B,38
MGAT4C,4094
MGAT4D,4
MGAT5,30
MGAT5B,4095
MGLL,4096
MGME1,4097
MGMT,4098
MGP,4099
MGRN1,14
MGST1,4100
MGST2,4101
MGST3,4102
MIA,4103
MIA2,4104
MIA3,30
MIB1,73
MIB2,14
MICA,63
MICAL1,4105
MICAL3,14
MICALCL,4106
MICALL1,30
MICALL2,14
MICB,4107
MICU1,0
MICU2,4108
MICU3,14
MIDN,60
MIEF1,41
MIEF2,60
MIEN1,4109
MIER1,65
MIER2,21
MIER3,48
MIF,38
MIF4GD,14
MIIP,48
MINK1,14
MINPP1,55
MIOS,71
MIOX,4110
MIP,4111
MIPEP,55
MIPOL1,4112
MIS12,21
MIS18A,47
MIS18BP1,47
MISP,4113
MITD1,60
MITF,21
MIXL1,4114
MKI67,27
MKKS,4115
MKLN1,5
MKNK1,4116
MKNK2,70
MKRN1,73
MKRN2,4117
MKRN3,4118
MKS1,27
MKX,60
MLANA,4119
MLC1,4120
MLF1,4121
MLF2,70
MLH1,60
MLH3,4122
MLIP,4123
MLKL,14
MLLT1,70
MLLT10,70
MLLT11,4124
MLLT6,60
MLN,4125
MLNR,4126
MLPH,4127
MLST8,71
MLX,60
MLXIPL,4128
MLYCD,4129
MMAA,71
MMAB,4130
MMACHC,4131
MMADHC,0
MMD,73
MMD2,4132
MME,4133
MMEL1,4134
MMP1,60
MMP10,4135
MMP11,4136
MMP13,4137
MMP14,4138
MMP15,60
MMP16,4139
MMP19,4140
MMP2,50
MMP20,4141
MMP21,4142
MMP23B,4143
MMP24,60
MMP25,4144
MMP26,4145
MMP27,4146
MMP28,4147
MMP3,4148
MMP7,60
MMP8,4149
MMP9,4150
MMRN1,4151
MMRN2,4152
MMS19,47
MMS22L,45
MN1,4153
MNAT1,47
MND1,14
MNDA,4154
MNS1,4155
MNT,4156
MOAP1,73
MOB1A,5
MOB1B,4157
MOB2,5
MOB3A,4158
MOB3B,4159
MOB3C,14
MOB4,4160
MOBP,4161
MOCOS,71
MOCS1,4162
MOCS2,65
MOCS3,47
MOGAT1,4163
MOGAT2,4164
MOGAT3,4165
MOGS,73
MOK,60
MON1A,4166
MON1B,41
MON2,30
MORC2,71
MORC3,4167
MORF4L1,70
MORN2,4168
MORN3,4169
MORN4,38
MOS,4170
MOSPD3,4171
MOV10,0
MOV10L1,52
MOXD1,4172
MPC1,0
MPC2,0
MPDU1,73
MPDZ,4173
MPEG1,4174
MPG,41
MPHOSPH10,65
MPHOSPH6,47
MPHOSPH8,71
MPHOSPH9,65
MPI,73
MPL,60
MPLKIP,41
MPND,71
MPO,4175
MPP2,60
MPP3,56
MPP4,4176
MPP5,41
MPP6,60
MPP7,4177
MPPE1,14
MPPED1,4178
MPPED2,4179
MPRIP,41
MPST,63
MPV17,4180
MPV17L,0
MPV17L2,0
MPZ,4181
MPZL1,4182
MPZL2,11
MPZL3,4183
MR1,4184
MRAP,4185
MRAP2,4186
MRAS,4187
MRC1,4188
MRC2,4189
MREG,4190
MRFAP1,73
MRFAP1L1,60
MRGBP,50
MRGPRD,4191
MRGPRE,4192
MRGPRF,4193
MRGPRG,4194
MRGPRX1,4195
MRGPRX2,4196
MRGPRX3,4197
MRGPRX4,4198
MRI1,5
MRM1,14
MRO,4199
MROH2B,4200
MROH7,4201
MRPL1,0
MRPL10,55
MRPL11,55
MRPL12,55
MRPL13,55
MRPL14,55
MRPL15,55
MRPL16,55
MRPL17,55
MRPL18,55
MRPL19,55
MRPL2,55
MRPL20,55
MRPL21,55
MRPL22,55
MRPL23,55
MRPL24,55
MRPL27,55
MRPL28,55
MRPL3,55
MRPL30,55
MRPL32,55
MRPL33,55
MRPL34,55
MRPL35,55
MRPL36,55
MRPL37,55
MRPL38,55
MRPL39,55
MRPL4,55
MRPL40,55
MRPL41,55
MRPL42,55
MRPL43,55
MRPL44,55
MRPL45,55
MRPL46,55
MRPL47,55
MRPL48,55
MRPL49,55
MRPL50,55
MRPL51,55
MRPL53,55
MRPL54,55
MRPL55,55
MRPL57,55
MRPL9,55
MRPS10,55
MRPS11,55
MRPS12,55
MRPS14,55
MRPS15,55
MRPS16,55
MRPS17,55
MRPS18A,55
MRPS18B,55
MRPS18C,55
MRPS2,55
MRPS21,55
MRPS22,55
MRPS23,55
MRPS24,55
MRPS25,55
MRPS26,55
MRPS27,55
MRPS28,55
MRPS30,55
MRPS31,55
MRPS33,55
MRPS34,55
MRPS35,55
MRPS36,4
MRPS5,55
MRPS6,55
MRPS7,55
MRPS9,55
MRRF,0
MRS2,29
MRTO4,47
MRVI1,4202
MS4A1,4203
MS4A10,4204
MS4A12,4205
MS4A13,4206
MS4A14,4207
MS4A15,4208
MS4A2,4209
MS4A3,4210
MS4A4A,4211
MS4A6A,4212
MS4A6E,4213
MS4A7,4214
MS4A8,4215
MSANTD1,4216
MSANTD3,4217
MSANTD4,4218
MSC,4219
MSGN1,4220
MSH2,14
MSH4,4221
MSH5,14
MSH6,4222
MSI1,56
MSI2,4
MSL1,50
MSLN,4223
MSMB,4224
MSMO1,11
MSMP,4225
MSR1,4226
MSRA,4227
MSRB1,4
MSRB2,14
MSRB3,63
MSS51,4228
MST1,14
MST1R,14
MSTN,4229
MSTO1,21
MSX1,0
MSX2,14
MT1A,4230
MT1B,4231
MT1E,4232
MT1F,29
MT1G,4233
MT1H,4234
MT1HL1,4235
MT1M,4236
MT1X,60
MT2A,30
MT3,63
MT4,4237
MTA1,63
MTA2,65
MTA3,14
MTAP,4238
MTBP,27
MTCH1,14
MTCH2,54
MTCL1,4239
MTDH,14
MTERF2,4240
MTERF3,55
MTERF4,55
MTF1,4241
MTF2,70
MTFMT,0
MTFP1,60
MTFR1,4242
MTFR1L,29
MTFR2,4243
MTG1,55
MTG2,55
MTHFD1,11
MTHFD1L,63
MTHFD2,63
MTHFD2L,4244
MTHFR,60
MTHFS,73
MTHFSD,4245
MTIF2,0
MTIF3,0
MTMR10,69
MTMR11,14
MTMR12,4246
MTMR2,4247
MTMR3,30
MTMR4,4
MTMR6,71
MTMR7,4248
MTMR9,71
MTNR1A,4249
MTO1,0
MTOR,71
MTPAP,55
MTR,11
MTRF1,0
MTRF1L,0
MTRNR2L1,4250
MTRNR2L2,4251
MTRNR2L3,4252
MTRNR2L4,4253
MTRNR2L5,4254
MTRNR2L6,4255
MTRNR2L7,4256
MTRNR2L8,27
MTRNR2L9,4257
MTRR,11
MTSS1,65
MTTP,4258
MTURN,60
MTUS1,4259
MTUS2,4260
MTX1,54
MTX2,54
MTX3,54
MUC1,52
MUC12,4261
MUC15,4262
MUC16,4263
MUC17,4264
MUC20,4265
MUC21,4266
MUC22,4267
MUC4,4268
MUC5B,4269
MUC6,4270
MUC7,4271
MUCL1,4272
MUL1,14
MUS81,45
MUSK,4273
MUSTN1,4274
MUTYH,41
MVB12A,11
MVB12B,4275
MVD,11
MVK,11
MVP,14
MX1,4276
MX2,4277
MXD1,4278
MXD3,41
MXD4,70
MXI1,27
MXRA7,5
MXRA8,60
MYADM,4
MYADML2,14
MYB,70
MYBBP1A,47
MYBL1,14
MYBL2,21
MYBPC1,4279
MYBPC2,4280
MYBPC3,4281
MYBPH,4282
MYBPHL,4283
MYC,47
MYCBP,4284
MYCBPAP,4285
MYCL,54
MYCN,29
MYCT1,4286
MYD88,3
MYEF2,4287
MYF5,4288
MYH1,4289
MYH10,73
MYH11,4290
MYH13,4291
MYH14,60
MYH15,4292
MYH2,4293
MYH3,4294
MYH4,60
MYH6,4295
MYH7,4296
MYH7B,29
MYH8,4297
MYH9,5
MYL1,4298
MYL10,4299
MYL12A,11
MYL12B,5
MYL2,4300
MYL3,4301
MYL4,4302
MYL5,4303
MYL6,5
MYL6B,4304
MYL7,4305
MYL9,38
MYLIP,65
MYLK,4306
MYLK2,4307
MYLK3,4308
MYLK4,65
MYLPF,4309
MYNN,60
MYO10,11
MYO15A,60
MYO16,4310
MYO18A,4311
MYO18B,4312
MYO19,4313
MYO1A,4314
MYO1B,41
MYO1C,4315
MYO1D,4316
MYO1E,4317
MYO1F,4318
MYO1G,14
MYO1H,4319
MYO3A,4320
MYO3B,4321
MYO5A,4322
MYO5B,4323
MYO5C,71
MYO6,60
MYO7A,4324
MYO7B,25
MYO9A,4325
MYO9B,5
MYOC,4326
MYOCD,4327
MYOD1,29
MYOF,4328
MYOG,4329
MYOM1,4330
MYOM2,4331
MYOM3,4332
MYOT,4333
MYOZ1,4334
MYOZ2,4335
MYOZ3,4336
MYPN,4337
MYPOP,41
MYRF,41
MYRIP,4338
MYSM1,50
MYT1,29
MYZAP,4339
MZB1,41
MZF1,14
MZT1,4340
MZT2A,14
MZT2B,4341
N4BP1,4342
N4BP2,14
N4BP2L2,4343
N4BP3,4344
N6AMT1,47
NAA11,14
NAA15,47
NAA16,14
NAA20,47
NAA25,47
NAA30,30
NAA35,30
NAA38,4345
NAA40,71
NAA50,47
NAA60,4346
NAAA,14
NAALAD2,4347
NAALADL1,4348
NAALADL2,4349
NAB1,60
NAB2,60
NABP1,4350
NACA,27
NACAD,4351
NACC1,41
NACC2,55
NADK,14
NADK2,52
NADSYN1,60
NAE1,27
NAF1,47
NAGA,30
NAGK,4352
NAGLU,4
NAGPA,14
NAGS,10
NAIF1,14
NAIP,21
NALCN,54
NAMPT,11
NANOG,4353
NANOGNB,4354
NANOS1,65
NANOS2,4355
NANOS3,4356
NANP,73
NANS,11
NAP1L4,4357
NAP1L5,54
NAPA,27
NAPB,4358
NAPEPLD,54
NAPG,30
NAPRT,27
NAPSA,48
NARF,54
NARS,27
NARS2,55
NASP,4359
NAT1,29
NAT10,47
NAT14,60
NAT16,4360
NAT2,4361
NAT8,4362
NAT8L,4363
NAT9,14
NAV1,14
NAV2,29
NAV3,14
NBAS,30
NBEA,4364
NBEAL2,54
NBL1,4365
NBN,45
NBPF11,14
NBPF15,14
NBPF6,4366
NBR1,14
NCALD,4367
NCAM2,4368
NCAN,4369
NCAPD2,27
NCAPD3,14
NCAPG,27
NCAPG2,14
NCAPH,4370
NCAPH2,14
NCBP1,47
NCBP2,47
NCCRP1,4371
NCDN,65
NCEH1,4372
NCF1,4373
NCF2,4374
NCF4,4375
NCK2,4376
NCKAP1,41
NCKAP1L,70
NCKAP5,4377
NCKAP5L,4378
NCKIPSD,14
NCL,47
NCLN,50
NCMAP,4379
NCOA1,14
NCOA2,4380
NCOA3,70
NCOA4,52
NCOA5,3
NCOA6,41
NCOA7,4381
NCOR1,70
NCOR2,56
NCR1,4382
NCR2,4383
NCR3,4384
NCR3LG1,60
NCS1,4385
NCSTN,4
NDC1,8
NDC80,14
NDE1,47
NDEL1,60
NDFIP1,4386
NDFIP2,4387
NDN,63
NDNF,4388
NDOR1,47
NDRG1,4389
NDRG2,54
NDRG3,60
NDRG4,60
NDST1,30
NDST2,4390
NDST3,4391
NDST4,4392
NDUFA10,0
NDUFA11,0
NDUFA12,14
NDUFA13,0
NDUFA2,0
NDUFA3,0
NDUFA4,0
NDUFA4L2,4393
NDUFA5,0
NDUFA6,0
NDUFA7,4394
NDUFA8,0
NDUFA9,0
NDUFAB1,55
NDUFAF1,0
NDUFAF2,71
NDUFAF3,0
NDUFAF4,0
NDUFAF5,0
NDUFAF6,0
NDUFAF7,0
NDUFB1,73
NDUFB10,0
NDUFB2,0
NDUFB3,0
NDUFB4,0
NDUFB5,0
NDUFB6,0
NDUFB7,0
NDUFB8,0
NDUFB9,0
NDUFC1,0
NDUFC2,0
NDUFS1,0
NDUFS2,0
NDUFS3,0
NDUFS4,30
NDUFS5,0
NDUFS6,0
NDUFS7,0
NDUFS8,0
NDUFV1,0
NDUFV2,0
NDUFV3,60
NEB,4395
NEBL,65
NECAB1,4396
NECAB2,4397
NECAB3,14
NECAP1,4398
NECAP2,70
NEDD1,27
NEDD4,4399
NEDD4L,30
NEDD8,27
NEDD9,41
NEFH,4400
NEFM,4401
NEGR1,4402
NEIL1,52
NEIL2,29
NEK1,48
NEK10,4403
NEK11,4404
NEK2,4405
NEK4,4406
NEK5,4407
NEK6,21
NEK8,29
NEK9,50
NELFA,47
NELFB,47
NELFCD,47
NELFE,47
NELL2,4408
NEMF,73
NENF,4409
NEO1,4
NES,4410
NET1,60
NETO1,4411
NETO2,65
NEU1,29
NEU2,4412
NEU3,60
NEU4,4413
NEURL1,14
NEURL1B,4414
NEURL2,4415
NEURL4,10
NEUROD1,14
NEUROD2,4416
NEUROD4,4417
NEUROD6,4418
NEUROG1,14
NEUROG2,4419
NEUROG3,4420
NF1,4421
NF2,5
NFAM1,4422
NFASC,4423
NFAT5,27
NFATC1,4424
NFATC2,21
NFATC2IP,47
NFATC3,38
NFATC4,70
NFE2,4425
NFE2L1,56
NFE2L2,73
NFE2L3,71
NFIA,37
NFIB,37
NFIC,37
NFIL3,3
NFIX,14
NFKB1,3
NFKB2,3
NFKBIA,3
NFKBIB,3
NFKBID,29
NFKBIE,3
NFKBIL1,4426
NFKBIZ,27
NFRKB,70
NFS1,47
NFU1,0
NFX1,60
NFXL1,52
NFYA,47
NFYC,47
NGB,4427
NGEF,4428
NGF,10
NGFR,56
NGLY1,56
NGRN,55
NHEJ1,4429
NHLH1,4430
NHLRC1,4431
NHLRC3,4
NHLRC4,4432
NHP2,47
NHSL1,4433
NICN1,4434
NID1,52
NID2,4435
NIFK,14
NIM1K,4436
NIN,4437
NINJ1,60
NINJ2,4438
NINL,4439
NIP7,27
NIPA1,4440
NIPA2,60
NIPAL1,4
NIPAL2,60
NIPAL3,4441
NIPBL,3
NIPSNAP1,54
NIPSNAP3A,5
NIPSNAP3B,4442
NISCH,10
NIT1,4
NIT2,4443
NKAIN1,4444
NKAIN2,4445
NKAIN3,4446
NKAIN4,4447
NKAPL,4448
NKD1,4449
NKD2,60
NKG7,4450
NKIRAS1,68
NKIRAS2,71
NKTR,8
NKX1-2,4451
NKX2-1,14
NKX2-2,4452
NKX2-3,4453
NKX2-4,4454
NKX2-5,4455
NKX2-8,4456
NKX3-1,14
NKX3-2,4457
NKX6-1,4458
NKX6-2,4459
NKX6-3,4460
NLE1,50
NLGN1,4461
NLGN2,4462
NLK,11
NLN,63
NLRC4,4463
NLRC5,60
NLRP1,4464
NLRP10,4465
NLRP11,4466
NLRP12,4467
NLRP13,4468
NLRP2,4469
NLRP3,4470
NLRP4,4471
NLRP5,4472
NLRP6,4473
NLRP7,4474
NLRP8,4475
NLRP9,4476
NLRX1,4477
NMB,4478
NMBR,4479
NMD3,54
NME1,4480
NME2,14
NME3,41
NME4,29
NME5,4481
NME6,55
NME7,65
NME8,4482
NME9,4483
NMI,73
NMNAT1,11
NMNAT2,4484
NMNAT3,4485
NMRAL1,60
NMRK1,4486
NMRK2,4487
NMS,4488
NMT2,4489
NMU,63
NMUR1,4490
NMUR2,4491
NNAT,60
NNMT,4492
NNT,41
NOA1,0
NOB1,47
NOC3L,47
NOC4L,47
NOD1,47
NOD2,4493
NODAL,4494
NOG,60
NOL10,47
NOL11,60
NOL12,47
NOL3,60
NOL4,4495
NOL4L,60
NOL6,47
NOL7,47
NOL8,4
NOL9,47
NOLC1,47
NOM1,47
NOMO1,4496
NOMO2,73
NOMO3,4497
NOP10,47
NOP14,47
NOP16,47
NOP2,47
NOP56,10
NOP58,21
NOP9,47
NOS1,4498
NOS1AP,14
NOS2,4499
NOS3,4500
NOSIP,4501
NOSTRIN,0
NOTCH1,4
NOTCH2,4
NOTCH3,4502
NOTCH4,4503
NOTO,4504
NOTUM,4505
NOVA1,4506
NOVA2,4
NOX4,4507
NOX5,4508
NOXA1,14
NOXO1,4509
NOXRED1,4510
NPAP1,4511
NPAS1,4512
NPAS2,4513
NPAS3,4514
NPAS4,4515
NPAT,29
NPB,52
NPBWR1,4516
NPBWR2,4517
NPC1,71
NPC1L1,4518
NPC2,71
NPDC1,10
NPEPL1,4519
NPEPPS,4520
NPFF,60
NPFFR1,4521
NPFFR2,4522
NPHP1,4523
NPHP3,56
NPHS1,4524
NPHS2,4525
NPIPA1,27
NPIPA5,49
NPIPA7,4526
NPIPB5,4527
NPIPB6,4528
NPL,14
NPLOC4,50
NPM1,27
NPM2,4529
NPM3,14
NPNT,54
NPPA,14
NPPB,4530
NPPC,4531
NPR1,4532
NPR2,4533
NPR3,4534
NPRL2,41
NPSR1,4535
NPTN,14
NPTX1,29
NPTX2,56
NPTXR,14
NPVF,4536
NPW,4537
NPY,4538
NPY1R,4539
NPY2R,4540
NPY4R,60
NPY5R,4541
NQO1,60
NQO2,4542
NR0B2,4543
NR1D1,4544
NR1D2,4545
NR1H2,0
NR1H3,4
NR1H4,4546
NR1I2,4547
NR1I3,4548
NR2C1,4549
NR2C2AP,47
NR2E1,4550
NR2F1,4551
NR2F2,14
NR2F6,14
NR3C2,4552
NR4A1,4
NR4A2,60
NR4A3,4553
NR5A1,14
NR5A2,29
NR6A1,4554
NRAP,4555
NRARP,4556
NRAS,21
NRBF2,21
NRBP1,5
NRBP2,27
NRCAM,4557
NRDE2,4
NREP,4558
NRF1,4559
NRG1,4560
NRG2,71
NRG3,4561
NRGN,4562
NRIP1,4563
NRIP2,4564
NRIP3,10
NRL,14
NRM,60
NRN1,4565
NRN1L,4566
NRP1,4567
NRP2,60
NRROS,4568
NRSN1,4569
NRSN2,4570
NRTN,4571
NRXN1,4572
NRXN2,4573
NRXN3,4574
NSA2,27
NSD1,4575
NSF,27
NSFL1C,4576
NSG1,4577
NSL1,60
NSMAF,14
NSMCE1,47
NSMCE2,47
NSMCE4A,47
NSMF,14
NSRP1,63
NSUN2,47
NSUN3,0
NSUN4,55
NSUN5,47
NSUN6,4578
NSUN7,4579
NT5C,65
NT5C1A,4580
NT5C1B,4581
NT5C2,4
NT5C3A,11
NT5C3B,54
NT5DC1,4582
NT5DC2,29
NT5DC3,4583
NT5E,60
NT5M,60
NTAN1,11
NTF3,60
NTF4,4584
NTHL1,65
NTM,4585
NTMT1,14
NTN1,4
NTN3,4586
NTN4,4587
NTN5,4588
NTNG1,4589
NTNG2,4590
NTPCR,14
NTRK1,4591
NTRK2,4592
NTRK3,4593
NTS,4594
NTSR1,63
NTSR2,4595
NUAK1,29
NUAK2,4596
NUB1,13
NUBP1,27
NUBP2,47
NUBPL,0
NUCB1,4597
NUCB2,4598
NUCKS1,60
NUDCD1,73
NUDCD2,14
NUDCD3,60
NUDT1,14
NUDT12,14
NUDT13,14
NUDT14,15
NUDT15,10
NUDT16,52
NUDT16L1,60
NUDT17,4599
NUDT19,60
NUDT2,60
NUDT21,27
NUDT22,3
NUDT3,56
NUDT4,14
NUDT5,11
NUDT6,4600
NUDT7,65
NUDT8,4601
NUDT9,3
NUF2,27
NUFIP1,4602
NUFIP2,4
NUGGC,4603
NUMA1,4604
NUMB,14
NUMBL,29
NUP107,40
NUP133,8
NUP153,8
NUP155,8
NUP160,8
NUP188,8
NUP205,8
NUP210,56
NUP210L,4605
NUP214,70
NUP35,8
NUP37,8
NUP43,8
NUP50,8
NUP54,70
NUP62,70
NUP85,27
NUP88,8
NUP93,47
NUP98,8
NUPR1,4606
NUS1,27
NUSAP1,27
NUTF2,27
NUTM1,4607
NVL,63
NWD1,4608
NXF1,4609
NXNL1,0
NXNL2,4
NXPE1,4610
NXPE2,4611
NXPE3,27
NXPE4,4612
NXPH1,4613
NXPH2,4614
NXPH3,4615
NXPH4,10
NXT1,4616
NYAP1,29
NYAP2,4617
NYNRIN,4618
OARD1,14
OAS1,60
OAS2,14
OAS3,4619
OASL,60
OAZ1,63
OAZ2,73
OAZ3,4620
OBP2A,4621
OBSCN,4622
OBSL1,4623
OC90,4624
OCA2,4625
OCIAD1,54
OCIAD2,4626
OCLM,60
OCLN,60
OCM,4627
OCM2,4628
OCSTAMP,4629
ODAM,4630
ODC1,4631
ODF1,4632
ODF2,38
ODF2L,14
ODF3,4633
ODF3L2,4634
ODF4,4635
OGDH,11
OGDHL,60
OGFOD1,73
OGFOD2,14
OGFOD3,3
OGFRL1,60
OGG1,60
OGN,4636
OIP5,47
OIT3,4637
OLA1,60
OLAH,4638
OLFM1,4639
OLFM2,4640
OLFM3,4641
OLFM4,4642
OLFML1,4643
OLFML2A,60
OLFML2B,4644
OLFML3,41
OLIG1,4645
OLIG2,4646
OLIG3,4647
OLR1,4648
OMA1,38
OMD,4649
OMG,4650
OMP,4651
ONECUT1,65
ONECUT2,60
ONECUT3,4652
OOEP,4653
OPA1,55
OPA3,0
OPALIN,4654
OPCML,4655
OPN1SW,4
OPN3,5
OPN4,4656
OPN5,4657
OPRD1,4658
OPRK1,4659
OPRL1,4660
OPRM1,4661
OPTC,4662
OPTN,4663
OR10A4,4664
OR10A5,4665
OR10A6,4666
OR10A7,4667
OR10AD1,4668
OR10AG1,4669
OR10C1,4670
OR10G2,4671
OR10G3,4672
OR10G4,4673
OR10G7,4674
OR10G8,4675
OR10G9,4676
OR10H1,4677
OR10H2,4678
OR10H3,4679
OR10H5,4680
OR10J1,4681
OR10J3,4682
OR10J5,4683
OR10K1,4684
OR10K2,4685
OR10P1,4686
OR10Q1,4687
OR10R2,4688
OR10S1,4689
OR10T2,4690
OR10V1,4691
OR10X1,4692
OR10Z1,4693
OR11A1,4694
OR11G2,4695
OR11H1,4696
OR11H12,4697
OR11H4,4698
OR11H6,4699
OR11L1,4700
OR12D2,4701
OR13A1,4702
OR13C2,4703
OR13C3,4704
OR13C4,4705
OR13C5,4706
OR13C8,4707
OR13C9,4708
OR13D1,4709
OR13F1,4710
OR13J1,4711
OR14A16,4712
OR14I1,4713
OR14J1,4714
OR1A1,4715
OR1A2,4716
OR1B1,4717
OR1C1,4718
OR1D2,4719
OR1D5,4720
OR1E1,4721
OR1E2,4722
OR1F1,4723
OR1G1,4724
OR1I1,4725
OR1J1,4726
OR1J2,4727
OR1J4,41
OR1K1,4728
OR1L1,4729
OR1L3,4730
OR1L4,4731
OR1L6,4732
OR1L8,4733
OR1M1,4734
OR1N1,4735
OR1N2,4736
OR1Q1,4737
OR1S1,4738
OR2A1,4739
OR2A14,4740
OR2A2,4741
OR2A25,4742
OR2A4,21
OR2A5,4743
OR2A7,27
OR2AE1,4744
OR2AG1,4745
OR2AG2,4746
OR2AK2,4747
OR2AP1,4748
OR2AT4,4749
OR2B11,4750
OR2B2,4751
OR2B6,4752
OR2C1,4753
OR2C3,4754
OR2D2,4755
OR2F1,4756
OR2F2,4757
OR2G2,4758
OR2G6,4759
OR2H2,4760
OR2J2,4761
OR2J3,4762
OR2K2,4763
OR2L5,4764
OR2L8,4765
OR2M3,4766
OR2M4,4767
OR2M5,4768
OR2M7,4769
OR2S2,4770
OR2T1,4771
OR2T11,4772
OR2T12,4773
OR2T2,4774
OR2T27,4775
OR2T33,4776
OR2T34,4777
OR2T35,4778
OR2T4,4779
OR2T5,4780
OR2T6,4781
OR2T8,4782
OR2V2,4783
OR2W1,4784
OR2W3,4785
OR2Y1,4786
OR2Z1,4787
OR3A1,4788
OR3A2,4789
OR3A3,4790
OR4A15,4791
OR4A16,4792
OR4A47,4793
OR4B1,4794
OR4C11,4795
OR4C12,4796
OR4C13,4797
OR4C15,4798
OR4C16,4799
OR4C3,60
OR4C46,4800
OR4D1,4801
OR4D2,4802
OR4D5,4803
OR4D9,4804
OR4E2,4805
OR4F21,4806
OR4F4,4807
OR4F5,4808
OR4F6,4809
OR4K1,4810
OR4K13,4811
OR4K14,4812
OR4K15,4813
OR4K17,4814
OR4K2,4815
OR4K5,4816
OR4M1,4817
OR4M2,4818
OR4N2,4819
OR4N4,4820
OR4N5,4821
OR4P4,4822
OR4Q3,4823
OR4S1,4824
OR4S2,4825
OR4X1,4826
OR4X2,4827
OR51A2,4828
OR51A7,4829
OR51B2,4830
OR51B4,4831
OR51B6,4832
OR51D1,4833
OR51E2,4834
OR51F1,4835
OR51F2,4836
OR51G1,4837
OR51G2,4838
OR51I1,4839
OR51I2,4840
OR51L1,4841
OR51M1,4842
OR51T1,4843
OR52A1,4844
OR52A5,4845
OR52B2,4846
OR52B4,4847
OR52B6,4848
OR52E2,4849
OR52E4,4850
OR52E8,4851
OR52I2,4852
OR52K1,4853
OR52L1,4854
OR52M1,4855
OR52N1,4856
OR52N4,4857
OR52W1,4858
OR56A1,4859
OR56A4,4860
OR56B1,4861
OR56B4,4862
OR5A1,4863
OR5A2,4864
OR5AC2,4865
OR5AK2,4866
OR5AN1,4867
OR5AP2,4868
OR5AR1,4869
OR5AS1,4870
OR5AU1,4871
OR5B12,4872
OR5B17,4873
OR5B2,4874
OR5B21,4875
OR5B3,4876
OR5C1,4877
OR5D16,4878
OR5D18,4879
OR5H1,4880
OR5H14,4881
OR5H15,4882
OR5H2,4883
OR5H6,4884
OR5I1,4885
OR5K1,4886
OR5K3,4887
OR5K4,4888
OR5L1,4889
OR5M3,4890
OR5M8,4891
OR5M9,4892
OR5P2,4893
OR5P3,4894
OR5T2,4895
OR5V1,4896
OR6B1,4897
OR6B2,4898
OR6B3,4899
OR6C1,4900
OR6C2,4901
OR6C3,4902
OR6C4,4903
OR6C6,4904
OR6C65,4905
OR6C68,4906
OR6C70,4907
OR6C75,4908
OR6C76,4909
OR6F1,4910
OR6K2,4911
OR6K3,4912
OR6K6,4913
OR6M1,4914
OR6N1,4915
OR6N2,4916
OR6P1,4917
OR6Q1,4918
OR6S1,4919
OR6T1,4920
OR6V1,4921
OR6X1,4922
OR6Y1,4923
OR7A10,4924
OR7A5,4925
OR7C1,4926
OR7C2,4927
OR7D2,4928
OR7D4,4929
OR7E24,4930
OR7G1,4931
OR7G2,4932
OR7G3,4933
OR8B2,4934
OR8B4,4935
OR8B8,4936
OR8D1,4937
OR8D2,4938
OR8D4,4939
OR8G5,55
OR8H1,4940
OR8H2,4941
OR8H3,4942
OR8I2,4943
OR8J3,4944
OR8K1,4945
OR8K5,4946
OR8S1,4947
OR9A2,4948
OR9A4,4949
OR9G1,4950
OR9G4,4951
OR9K2,4952
OR9Q2,4953
ORAI1,29
ORAI2,4954
ORAI3,60
ORC1,14
ORC2,47
ORC3,47
ORC4,47
ORC5,47
ORC6,47
ORM1,4955
ORM2,4956
ORMDL1,38
ORMDL2,14
ORMDL3,14
OS9,4
OSBP,5
OSBP2,4957
OSBPL10,60
OSBPL11,14
OSBPL1A,60
OSBPL2,18
OSBPL3,4958
OSBPL6,60
OSBPL7,71
OSBPL8,37
OSCAR,4959
OSCP1,4960
OSER1,0
OSGEP,47
OSGEPL1,73
OSGIN1,30
OSGIN2,4
OSM,4961
OSMR,4962
OSR1,4963
OSR2,4964
OST4,73
OSTC,73
OSTF1,4965
OSTM1,14
OSTN,4966
OTOA,4967
OTOF,4968
OTOG,4969
OTOL1,4970
OTOP1,4971
OTOP2,4972
OTOP3,4973
OTOR,4974
OTOS,4975
OTP,4976
OTUB1,4
OTUD1,4977
OTUD3,11
OTUD4,60
OTUD6B,4978
OTUD7A,4979
OTUD7B,37
OTULIN,4980
OTX1,60
OTX2,14
OVCA2,47
OVGP1,4981
OVOL2,33
OXA1L,55
OXCT1,29
OXCT2,14
OXER1,70
OXGR1,4982
OXNAD1,4983
OXR1,4984
OXSM,0
OXSR1,4985
OXT,4986
OXTR,14
P2RX1,4987
P2RX2,4988
P2RX3,4989
P2RX4,3
P2RX5,60
P2RX6,60
P2RX7,4990
P2RY1,4991
P2RY11,60
P2RY12,4992
P2RY13,4993
P2RY14,4994
P2RY2,4995
P2RY6,4996
P4HA1,4997
P4HA2,4998
P4HA3,4999
P4HB,73
P4HTM,5000
PA2G4,47
PAAF1,60
PABPC1L,5001
PABPC3,5002
PABPN1,5003
PABPN1L,5004
PACRG,5005
PACRGL,5006
PACS1,70
PACS2,14
PACSIN1,5007
PACSIN2,73
PACSIN3,60
PADI1,60
PADI2,5008
PADI3,60
PADI4,5009
PAEP,5010
PAF1,5011
PAFAH1B1,27
PAFAH1B2,4
PAFAH1B3,60
PAFAH2,5012
PAG1,5013
PAGR1,3
PAH,5014
PAICS,11
PAIP1,50
PAIP2,14
PAIP2B,5015
PAK1,3
PAK1IP1,47
PAK2,14
PAK4,41
PAK6,54
PALB2,45
PALD1,5016
PALLD,5017
PALM,63
PALM2,5018
PALM3,5
PALMD,5019
PAM,5020
PAM16,54
PAMR1,5021
PAN2,14
PAN3,14
PANK1,5022
PANK2,14
PANK3,4
PANK4,5
PANX1,4
PANX2,60
PANX3,5023
PAOX,14
PAPLN,29
PAPOLA,47
PAPOLG,5024
PAPPA,45
PAPPA2,5025
PAPSS1,30
PAPSS2,11
PAQR3,11
PAQR4,4
PAQR5,70
PAQR6,5026
PAQR7,5027
PAQR8,5028
PAQR9,5029
PARD3,41
PARD3B,11
PARD6A,37
PARD6B,41
PARD6G,14
PARK7,14
PARL,54
PARM1,5030
PARN,47
PARP10,9
PARP11,63
PARP12,5031
PARP14,14
PARP15,5032
PARP16,54
PARP2,5033
PARP3,27
PARP4,60
PARP6,63
PARP8,27
PARP9,5034
PARPBP,60
PARS2,55
PARVA,41
PARVB,54
PARVG,5035
PATE1,5036
PATE2,5037
PATE3,5038
PATE4,5039
PATL2,5040
PATZ1,70
PAWR,5041
PAX1,5042
PAX2,5043
PAX3,29
PAX4,5044
PAX5,60
PAX6,52
PAX7,60
PAX8,41
PAX9,4
PAXBP1,47
PAXIP1,3
PBK,60
PBLD,65
PBOV1,5045
PBRM1,63
PBX1,29
PBX2,29
PBX3,5046
PBX4,5047
PBXIP1,5048
PC,0
PCBD1,41
PCBD2,5049
PCBP1,63
PCBP2,63
PCBP3,3
PCBP4,5050
PCCA,5051
PCCB,5052
PCDH10,5053
PCDH12,5054
PCDH15,5055
PCDH17,5056
PCDH18,5057
PCDH20,5058
PCDH7,5059
PCDH8,5060
PCDH9,5061
PCDHA1,5062
PCDHA10,5063
PCDHA11,5064
PCDHA12,5065
PCDHA13,5066
PCDHA3,5067
PCDHA4,5068
PCDHA5,5069
PCDHA6,5070
PCDHA7,5071
PCDHA9,5072
PCDHAC1,5073
PCDHAC2,5074
PCDHB1,5075
PCDHB10,5076
PCDHB11,10
PCDHB12,5077
PCDHB13,60
PCDHB14,5078
PCDHB15,5079
PCDHB16,29
PCDHB2,30
PCDHB3,5080
PCDHB4,5081
PCDHB5,5082
PCDHB6,5083
PCDHB7,5084
PCDHB8,38
PCDHGA1,5085
PCDHGA10,11
PCDHGA11,5086
PCDHGA12,5087
PCDHGA2,5088
PCDHGA3,5089
PCDHGA4,5090
PCDHGA5,5091
PCDHGA6,5092
PCDHGA7,5093
PCDHGA8,5094
PCDHGA9,5095
PCDHGB1,5096
PCDHGB2,5097
PCDHGB3,5098
PCDHGB4,5099
PCDHGB6,5100
PCDHGB7,5101
PCDHGC3,14
PCDHGC4,5102
PCDHGC5,5103
PCED1A,5104
PCED1B,47
PCF11,47
PCGF1,70
PCGF2,65
PCGF3,4
PCGF6,47
PCID2,47
PCIF1,14
PCK1,5105
PCK2,55
PCLO,14
PCM1,48
PCMT1,5106
PCMTD1,29
PCMTD2,5
PCNA,27
PCNP,73
PCNT,48
PCOLCE,60
PCOLCE2,5107
PCP2,5108
PCP4,5109
PCSK1,5110
PCSK2,50
PCSK4,5111
PCSK5,5112
PCSK7,60
PCSK9,5113
PCTP,56
PCYOX1,5114
PCYOX1L,28
PCYT1A,73
PCYT2,37
PDAP1,29
PDC,5115
PDCD1,5116
PDCD10,5
PDCD11,47
PDCD1LG2,5117
PDCD2,47
PDCD4,73
PDCD5,21
PDCD6,14
PDCD6IP,52
PDCD7,5
PDCL,50
PDCL3,21
PDE10A,5118
PDE11A,5119
PDE12,0
PDE1A,5120
PDE1B,5121
PDE1C,5122
PDE2A,5123
PDE3A,14
PDE3B,5124
PDE4A,29
PDE4B,27
PDE4C,5125
PDE4D,63
PDE4DIP,5126
PDE5A,60
PDE6A,5127
PDE6B,5128
PDE6C,5129
PDE6D,41
PDE6G,14
PDE6H,5130
PDE7A,60
PDE7B,5131
PDE8A,4
PDE8B,5132
PDE9A,73
PDF,14
PDGFA,52
PDGFB,27
PDGFC,5133
PDGFRA,60
PDGFRB,14
PDGFRL,5134
PDHA2,5135
PDHB,0
PDHX,0
PDIA2,10
PDIA3,73
PDIA4,60
PDIA5,5136
PDIA6,5137
PDIK1L,54
PDILT,63
PDK1,29
PDK2,60
PDK4,15
PDLIM1,5138
PDLIM2,5139
PDLIM3,5140
PDLIM4,5141
PDLIM5,14
PDLIM7,4
PDP1,10
PDP2,14
PDPK1,71
PDPN,5142
PDPR,30
PDRG1,27
PDS5A,50
PDS5B,50
PDSS1,0
PDSS2,0
PDX1,60
PDXDC1,60
PDXK,11
PDXP,14
PDYN,5143
PDZD2,5144
PDZD3,5145
PDZD7,5146
PDZD8,5
PDZK1,10
PDZK1IP1,5147
PDZRN3,14
PDZRN4,5148
PEA15,21
PEAK1,5149
PEAR1,5150
PEBP1,10
PEBP4,54
PECR,56
PEF1,5151
PEG10,5152
PEG3,30
PELI1,5153
PELI2,5154
PELI3,5155
PELO,60
PELP1,47
PEMT,60
PENK,5156
PEPD,14
PER1,5157
PER2,5
PER3,5158
PERP,5159
PES1,27
PET100,0
PET117,0
PEX1,37
PEX10,37
PEX11A,5160
PEX11B,54
PEX11G,5161
PEX12,37
PEX13,37
PEX14,37
PEX16,37
PEX19,37
PEX2,37
PEX26,37
PEX3,37
PEX5,37
PEX5L,5162
PEX6,37
PEX7,37
PF4,5163
PF4V1,5164
PFAS,11
PFDN1,21
PFDN2,27
PFDN4,21
PFDN5,21
PFDN6,27
PFKFB2,5165
PFKFB3,54
PFKFB4,60
PFKL,10
PFKM,5166
PFKP,11
PFN1,5
PFN2,14
PFN4,5167
PGA3,5168
PGAM1,11
PGAM2,38
PGAM5,5
PGAP1,5169
PGAP2,73
PGAP3,65
PGBD1,5170
PGBD3,5171
PGC,5172
PGD,11
PGF,14
PGGT1B,47
PGK2,5173
PGLS,52
PGLYRP1,5174
PGLYRP2,5175
PGLYRP3,5176
PGLYRP4,5177
PGM1,73
PGM2,14
PGM2L1,60
PGM3,11
PGM5,5178
PGP,11
PGPEP1,5179
PGPEP1L,5180
PGR,5181
PGRMC2,60
PGS1,55
PHACTR2,14
PHACTR3,5182
PHACTR4,70
PHAX,50
PHB,14
PHB2,14
PHC1,5183
PHC2,14
PHC3,5184
PHF1,60
PHF10,63
PHF11,29
PHF12,70
PHF13,70
PHF14,5185
PHF19,5186
PHF2,52
PHF20,4
PHF20L1,5187
PHF21A,29
PHF21B,5188
PHF23,5189
PHF5A,27
PHF7,71
PHGDH,14
PHIP,71
PHKB,14
PHKG1,60
PHKG2,21
PHLDA1,52
PHLDA2,14
PHLDA3,5190
PHLDB1,39
PHLDB2,5191
PHLDB3,60
PHLPP1,5
PHLPP2,5192
PHOSPHO1,5193
PHOSPHO2,14
PHOX2A,29
PHOX2B,5194
PHPT1,70
PHRF1,14
PHTF1,60
PHTF2,5195
PHYH,5196
PHYHD1,5197
PHYHIP,5198
PHYHIPL,5199
PHYKPL,38
PI15,5200
PI16,5201
PI3,60
PI4K2A,29
PI4K2B,60
PI4KA,63
PI4KB,37
PIANP,5202
PIAS1,65
PIAS2,5203
PIAS3,38
PIAS4,65
PIBF1,38
PICALM,52
PICK1,14
PID1,5204
PIDD1,60
PIEZO1,14
PIFO,5205
PIGB,60
PIGC,73
PIGF,14
PIGG,73
PIGH,73
PIGK,5206
PIGL,52
PIGM,73
PIGN,73
PIGO,73
PIGP,73
PIGQ,73
PIGR,5207
PIGS,73
PIGT,73
PIGU,73
PIGV,73
PIGW,73
PIGY,73
PIGZ,5208
PIH1D1,5209
PIH1D2,4
PIK3AP1,5210
PIK3C2A,5211
PIK3C2B,14
PIK3C2G,5212
PIK3C3,52
PIK3CA,54
PIK3CB,71
PIK3CD,60
PIK3CG,5213
PIK3IP1,63
PIK3R1,4
PIK3R2,34
PIK3R3,5214
PIK3R4,52
PIK3R5,50
PIKFYVE,5215
PILRA,5216
PILRB,56
PIM1,41
PIM3,5217
PIN1,60
PINK1,29
PINLYP,5218
PINX1,47
PIP,5219
PIP4K2A,60
PIP4K2B,27
PIP4K2C,60
PIP5K1A,14
PIP5K1B,5220
PIP5K1C,38
PIP5KL1,73
PIPOX,5221
PIRT,5222
PISD,65
PITHD1,5223
PITPNA,5224
PITPNC1,14
PITPNM1,60
PITPNM2,5225
PITPNM3,5226
PITX1,14
PITX2,5227
PITX3,60
PIWIL1,5228
PIWIL2,5229
PIWIL3,5230
PIWIL4,5231
PJA2,5232
PKD1,5233
PKD1L1,5234
PKD2,60
PKD2L1,5235
PKD2L2,5236
PKDCC,65
PKDREJ,5237
PKHD1,5238
PKHD1L1,5239
PKIA,5240
PKIB,14
PKIG,14
PKLR,5241
PKM,11
PKMYT1,5242
PKN1,60
PKN2,41
PKN3,60
PKNOX1,47
PKNOX2,5243
PKP2,3
PKP3,5244
PKP4,5245
PLA1A,5246
PLA2G10,5247
PLA2G12A,60
PLA2G12B,5248
PLA2G15,60
PLA2G1B,5249
PLA2G2D,5250
PLA2G2E,5251
PLA2G2F,5252
PLA2G3,5253
PLA2G4B,5254
PLA2G4C,60
PLA2G4D,5255
PLA2G4E,5256
PLA2G4F,60
PLA2G5,5257
PLA2G6,5258
PLA2G7,5259
PLA2R1,5260
PLAA,56
PLAC8,5261
PLAC9,5262
PLAG1,5263
PLAGL1,5264
PLAGL2,63
PLAT,5265
PLAU,60
PLAUR,29
PLB1,5266
PLBD1,5267
PLBD2,5268
PLCB1,5269
PLCB2,5270
PLCB3,4
PLCB4,52
PLCD1,5
PLCE1,14
PLCG1,10
PLCG2,5271
PLCH1,71
PLCH2,60
PLCL1,5272
PLCL2,29
PLCXD2,71
PLCXD3,5273
PLCZ1,5274
PLD1,5275
PLD2,5276
PLD3,10
PLD4,5277
PLD6,37
PLEC,52
PLEK,5278
PLEK2,5279
PLEKHA1,65
PLEKHA3,5280
PLEKHA4,5281
PLEKHA5,65
PLEKHA7,0
PLEKHA8,73
PLEKHB1,71
PLEKHB2,5282
PLEKHF1,73
PLEKHF2,5283
PLEKHG1,5284
PLEKHG2,4
PLEKHG3,14
PLEKHG4,29
PLEKHG4B,5285
PLEKHG5,5286
PLEKHG6,5287
PLEKHG7,5288
PLEKHH1,5289
PLEKHH2,5290
PLEKHH3,5291
PLEKHJ1,60
PLEKHM1,5292
PLEKHM2,73
PLEKHM3,5293
PLEKHO1,5294
PLEKHO2,5295
PLEKHS1,5296
PLG,5297
PLIN1,5298
PLIN2,4
PLIN3,63
PLIN4,5299
PLIN5,5300
PLK1,27
PLK2,5
PLK3,5301
PLK4,48
PLK5,5302
PLLP,38
PLN,5303
PLOD1,5304
PLOD2,60
PLOD3,4
PLRG1,47
PLS1,60
PLSCR1,5305
PLSCR2,5306
PLSCR3,60
PLSCR4,5307
PLSCR5,5308
PLTP,56
PLVAP,5309
PLXDC1,5310
PLXDC2,5311
PLXNA1,5
PLXNA2,56
PLXNA4,14
PLXNB1,5312
PLXNB2,60
PLXNC1,5313
PLXND1,38
PM20D1,5314
PM20D2,73
PMAIP1,5315
PMCH,5316
PMEL,29
PMEPA1,60
PMF1,21
PMFBP1,5317
PML,14
PMM1,60
PMM2,73
PMP2,5318
PMP22,60
PMPCB,47
PMS1,3
PMS2,5319
PMVK,11
PNISR,50
PNKD,65
PNKP,47
PNLDC1,5320
PNLIP,5321
PNLIPRP1,5322
PNLIPRP3,5323
PNMA1,60
PNMA2,5324
PNMT,38
PNN,14
PNOC,5325
PNP,14
PNPLA1,5326
PNPLA2,38
PNPLA3,5327
PNPLA5,5328
PNPLA6,30
PNPLA7,5329
PNPLA8,55
PNPO,14
PNPT1,55
PNRC1,71
PNRC2,17
POC1A,48
POC1B,48
POC5,48
PODN,5330
PODNL1,5331
PODXL,5332
PODXL2,5333
POFUT1,4
POFUT2,52
POGK,5334
POGLUT1,4
POGZ,5335
POLA2,5336
POLB,5337
POLD1,27
POLD2,27
POLD3,27
POLD4,38
POLDIP3,52
POLE,27
POLE2,45
POLE3,45
POLE4,45
POLG,55
POLG2,55
POLH,60
POLI,38
POLK,5338
POLL,14
POLM,14
POLN,5339
POLQ,45
POLR1A,27
POLR1B,27
POLR1C,27
POLR1D,5340
POLR1E,27
POLR2A,27
POLR2B,47
POLR2C,27
POLR2D,27
POLR2E,27
POLR2F,50
POLR2G,27
POLR2H,50
POLR2I,27
POLR2J,27
POLR2K,29
POLR2L,27
POLR2M,5341
POLR3A,27
POLR3B,27
POLR3C,27
POLR3D,27
POLR3E,27
POLR3F,27
POLR3G,29
POLR3GL,5342
POLR3H,27
POLR3K,27
POLRMT,55
POM121,8
POM121C,8
POM121L12,5343
POM121L2,5344
POMC,5345
POMGNT1,0
POMGNT2,41
POMK,5346
POMP,5347
POMT1,14
POMT2,14
POMZP3,5348
PON1,5349
PON2,5350
PON3,5351
POP1,47
POP4,47
POP5,47
POP7,47
POPDC3,5352
POR,5353
POSTN,5354
POT1,3
POTED,5355
POTEE,5356
POTEF,5357
POTEI,29
POU1F1,5358
POU2AF1,73
POU2F1,5359
POU2F2,56
POU2F3,5360
POU3F1,5361
POU3F3,14
POU4F1,60
POU4F2,5362
POU4F3,14
POU5F1,5363
POU5F1B,5364
POU5F2,14
POU6F1,60
POU6F2,5365
PP2D1,5366
PPA1,47
PPA2,55
PPAN,5367
PPARA,60
PPARD,60
PPARG,14
PPARGC1A,5368
PPARGC1B,5369
PPAT,11
PPBP,52
PPCDC,11
PPCS,11
PPDPF,5370
PPEF2,5371
PPFIA2,29
PPFIA3,63
PPFIBP1,71
PPFIBP2,29
PPHLN1,71
PPIA,5372
PPIAL4D,5373
PPIAL4G,5374
PPIB,54
PPIC,14
PPID,5375
PPIE,47
PPIF,5376
PPIG,60
PPIH,47
PPIL1,63
PPIL2,10
PPIL3,38
PPIL4,5377
PPIL6,5378
PPIP5K1,5379
PPL,14
PPM1A,36
PPM1B,36
PPM1D,47
PPM1E,5380
PPM1F,5
PPM1G,47
PPM1H,5381
PPM1J,5382
PPM1K,14
PPM1L,30
PPM1M,71
PPM1N,5383
PPME1,21
PPOX,11
PPP1CA,47
PPP1CB,41
PPP1CC,47
PPP1R10,21
PPP1R11,21
PPP1R12A,41
PPP1R12B,5384
PPP1R12C,41
PPP1R13B,5385
PPP1R13L,11
PPP1R14A,54
PPP1R14B,30
PPP1R14D,5386
PPP1R15A,5387
PPP1R15B,73
PPP1R16A,70
PPP1R16B,5388
PPP1R17,5389
PPP1R18,47
PPP1R1A,5390
PPP1R1B,5391
PPP1R1C,5392
PPP1R2,47
PPP1R21,52
PPP1R26,5393
PPP1R27,5394
PPP1R32,5395
PPP1R35,48
PPP1R36,14
PPP1R37,5396
PPP1R3A,5397
PPP1R3B,37
PPP1R3C,5398
PPP1R3D,5399
PPP1R3E,14
PPP1R3G,5400
PPP1R42,5401
PPP1R7,47
PPP1R8,50
PPP1R9A,5402
PPP2CA,21
PPP2CB,5403
PPP2R1A,21
PPP2R1B,14
PPP2R2A,21
PPP2R2B,5404
PPP2R2C,5405
PPP2R3A,5406
PPP2R3C,48
PPP2R5A,55
PPP2R5B,5407
PPP2R5C,21
PPP2R5D,21
PPP2R5E,21
PPP3CA,14
PPP3CB,5408
PPP3CC,60
PPP3R1,5409
PPP3R2,5410
PPP4C,21
PPP4R1,47
PPP4R2,21
PPP4R4,5411
PPP5C,14
PPP6C,21
PPP6R1,60
PPP6R2,5412
PPP6R3,21
PPRC1,11
PPT1,14
PPT2,5413
PPTC7,30
PPWD1,47
PPY,5414
PRAC1,5415
PRADC1,63
PRAME,5416
PRAMEF10,5417
PRAMEF11,5418
PRAMEF12,5419
PRAMEF14,5420
PRAMEF17,5421
PRAMEF20,5422
PRAMEF4,5423
PRAMEF6,5424
PRAMEF7,5425
PRAMEF8,5426
PRB1,5427
PRB2,27
PRB4,5428
PRC1,27
PRCC,27
PRCD,5429
PRCP,29
PRDM1,73
PRDM10,5430
PRDM11,5431
PRDM12,5432
PRDM13,60
PRDM14,5433
PRDM15,73
PRDM16,5434
PRDM2,14
PRDM4,5435
PRDM5,5436
PRDM6,5437
PRDM7,5438
PRDM8,5439
PRDM9,5440
PRDX2,3
PRDX3,71
PRDX5,4
PRDX6,70
PREB,60
PRELID1,27
PRELID2,5441
PRELP,5442
PREP,41
PREPL,0
PREX1,50
PREX2,5443
PRF1,5444
PRG2,5445
PRG3,5446
PRG4,5447
PRICKLE1,65
PRICKLE2,14
PRICKLE4,73
PRIM1,27
PRIMA1,5448
PRKAA1,63
PRKAB1,63
PRKAB2,4
PRKACA,21
PRKACB,60
PRKACG,5449
PRKAG1,14
PRKAG2,5450
PRKAG3,5451
PRKAR1A,63
PRKAR1B,30
PRKAR2A,29
PRKAR2B,5452
PRKCA,5453
PRKCB,5454
PRKCD,60
PRKCE,14
PRKCG,5455
PRKCH,14
PRKCI,41
PRKCQ,5456
PRKCSH,73
PRKCZ,60
PRKD1,5457
PRKD2,3
PRKD3,56
PRKG1,5458
PRKG2,70
PRKRA,27
PRKRIP1,8
PRL,5459
PRLH,5460
PRLHR,5461
PRLR,5462
PRM1,5463
PRM2,5464
PRMT1,27
PRMT2,73
PRMT3,5465
PRMT5,47
PRMT6,52
PRMT7,63
PRMT8,5466
PRMT9,5467
PRND,5468
PRNP,0
PROC,5469
PROCA1,14
PROCR,5470
PRODH,41
PRODH2,5471
PROK1,5472
PROK2,5473
PROKR1,5474
PROKR2,5475
PROM1,5476
PROM2,5477
PROS1,5478
PROSER2,60
PROX1,0
PROX2,5479
PROZ,5480
PRPF18,73
PRPF19,50
PRPF3,73
PRPF31,27
PRPF38A,27
PRPF38B,27
PRPF39,21
PRPF4,73
PRPF40A,63
PRPF40B,60
PRPF4B,11
PRPF6,27
PRPF8,27
PRPH,5481
PRPH2,5482
PRPS1L1,5483
PRPSAP1,14
PRPSAP2,3
PRR11,5484
PRR12,3
PRR13,14
PRR14,5485
PRR15,60
PRR16,5486
PRR19,14
PRR27,5487
PRR3,3
PRR4,5488
PRR5,5489
PRR5L,73
PRR7,60
PRRC1,73
PRRC2A,63
PRRC2B,30
PRRC2C,63
PRRG2,5490
PRRG4,52
PRRT1,5491
PRRT2,5492
PRRT3,5493
PRRT4,5494
PRRX1,5495
PRRX2,5496
PRSS1,5497
PRSS12,63
PRSS16,5498
PRSS21,27
PRSS22,5499
PRSS23,11
PRSS27,5500
PRSS3,5501
PRSS33,5502
PRSS35,29
PRSS36,5503
PRSS37,5504
PRSS38,5505
PRSS45,5506
PRSS48,5507
PRSS50,5508
PRSS53,5509
PRSS54,5510
PRSS55,5511
PRSS58,5512
PRSS8,5513
PRTFDC1,14
PRTG,5514
PRTN3,5515
PRUNE2,27
PRX,60
PSAP,71
PSAPL1,5516
PSAT1,14
PSCA,5517
PSD,60
PSD2,5518
PSD3,5519
PSD4,29
PSEN1,4
PSEN2,5520
PSENEN,4
PSG1,5521
PSG11,5522
PSG2,5523
PSG3,5524
PSG4,5525
PSG5,5526
PSG6,5527
PSG8,5528
PSG9,5529
PSIP1,70
PSKH1,5530
PSKH2,5531
PSMA1,27
PSMA2,27
PSMA3,27
PSMA4,27
PSMA5,27
PSMA6,27
PSMA7,27
PSMA8,5532
PSMB1,27
PSMB10,14
PSMB11,5533
PSMB2,27
PSMB3,27
PSMB4,27
PSMB5,27
PSMB6,27
PSMB7,27
PSMB8,5534
PSMB9,10
PSMC1,27
PSMC2,27
PSMC3,27
PSMC3IP,14
PSMC4,27
PSMC5,27
PSMC6,5535
PSMD1,27
PSMD11,27
PSMD12,27
PSMD13,27
PSMD14,27
PSMD2,27
PSMD3,27
PSMD4,27
PSMD5,5536
PSMD6,27
PSMD7,27
PSMD8,27
PSMD9,60
PSME1,27
PSME2,29
PSME3,47
PSMF1,63
PSMG1,27
PSMG2,27
PSMG4,27
PSORS1C2,5537
PSPC1,60
PSPH,14
PSPN,5538
PSRC1,56
PSTK,5539
PSTPIP1,60
PSTPIP2,5540
PTAFR,5541
PTAR1,30
PTBP1,5542
PTBP2,4
PTBP3,60
PTCD1,55
PTCD2,5543
PTCD3,55
PTCH1,14
PTCH2,5544
PTCHD3,5545
PTCHD4,5546
PTCRA,48
PTDSS1,5
PTEN,41
PTER,5547
PTF1A,5548
PTGDR,5549
PTGDR2,5550
PTGDS,47
PTGER1,5551
PTGER2,5552
PTGER3,14
PTGER4,5553
PTGES,5
PTGES2,60
PTGES3,14
PTGES3L,5554
PTGFR,5555
PTGFRN,41
PTGIR,5556
PTGIS,5557
PTGR1,38
PTGR2,5558
PTGS1,5559
PTGS2,5560
PTH,5561
PTH1R,5562
PTH2,5563
PTH2R,5564
PTHLH,10
PTK2,41
PTK2B,5
PTK6,14
PTK7,5565
PTMA,5566
PTMS,56
PTOV1,60
PTP4A1,60
PTP4A3,60
PTPDC1,5567
PTPMT1,55
PTPN1,3
PTPN11,30
PTPN12,5568
PTPN13,65
PTPN14,5
PTPN18,52
PTPN2,3
PTPN21,73
PTPN22,5569
PTPN23,52
PTPN3,5570
PTPN4,3
PTPN5,5571
PTPN6,50
PTPN7,60
PTPN9,5572
PTPRA,60
PTPRB,5
PTPRCAP,5573
PTPRD,5574
PTPRF,5575
PTPRG,30
PTPRH,5576
PTPRJ,5577
PTPRK,5578
PTPRM,33
PTPRN,5579
PTPRN2,5580
PTPRO,5581
PTPRR,5582
PTPRS,5583
PTPRT,5584
PTPRU,14
PTPRZ1,5585
PTRH1,5586
PTRH2,47
PTRHD1,38
PTS,5587
PTTG1,5588
PTTG1IP,11
PTTG2,5589
PTX3,5590
PTX4,5591
PUF60,27
PUM1,65
PUM2,65
PURA,5
PURB,14
PURG,5592
PUS10,5593
PUS3,47
PUS7,73
PUS7L,5594
PUSL1,41
PVALB,5595
PVR,41
PVRIG,21
PWP1,47
PWP2,47
PWWP2A,30
PWWP2B,5596
PXDC1,5
PXDN,5597
PXDNL,5598
PXK,5599
PXMP2,14
PXMP4,54
PXN,41
PXT1,5600
PXYLP1,65
PYCARD,5601
PYCR1,38
PYCR2,63
PYDC1,5602
PYGB,60
PYGL,14
PYGM,5603
PYGO1,5604
PYGO2,70
PYHIN1,5605
PYROXD1,47
PYROXD2,5606
PYURF,0
PYY,5607
PZP,5608
QARS,60
QDPR,5609
QKI,47
QPCT,60
QPCTL,37
QPRT,5610
QRFP,5611
QRFPR,5612
QRICH1,70
QRICH2,5613
QRSL1,55
QSOX1,60
QSOX2,55
QTRT1,41
R3HCC1,11
R3HCC1L,60
R3HDM1,29
R3HDM2,29
R3HDM4,5614
R3HDML,5615
RAB10,5
RAB11A,52
RAB11B,54
RAB11FIP1,5616
RAB11FIP2,5617
RAB11FIP3,10
RAB11FIP4,60
RAB11FIP5,14
RAB12,5618
RAB13,4
RAB14,30
RAB15,60
RAB17,4
RAB18,30
RAB19,71
RAB1A,30
RAB1B,30
RAB20,5619
RAB21,71
RAB22A,29
RAB23,60
RAB24,60
RAB25,5620
RAB26,70
RAB27A,60
RAB27B,5621
RAB28,5622
RAB29,5623
RAB2A,30
RAB2B,14
RAB30,5624
RAB31,5625
RAB32,5626
RAB33B,5627
RAB34,52
RAB35,5
RAB36,14
RAB37,5628
RAB38,5629
RAB39A,5630
RAB3A,60
RAB3B,5631
RAB3C,5632
RAB3D,54
RAB3GAP1,30
RAB3GAP2,30
RAB3IL1,5633
RAB3IP,5634
RAB40B,30
RAB40C,73
RAB42,5635
RAB43,56
RAB4A,60
RAB4B,14
RAB5A,14
RAB5B,4
RAB5C,52
RAB6A,30
RAB6B,5636
RAB6C,5637
RAB7A,71
RAB8A,5
RAB8B,65
RABAC1,73
RABEP1,60
RABEP2,41
RABEPK,14
RABGAP1,4
RABGAP1L,5638
RABGEF1,52
RABGGTA,27
RABGGTB,27
RABIF,5
RABL2A,51
RABL2B,14
RABL3,30
RABL6,14
RAC1,41
RAC2,60
RAC3,14
RACGAP1,5
RAD1,45
RAD17,45
RAD18,45
RAD21,66
RAD21L1,5639
RAD23A,60
RAD23B,56
RAD50,47
RAD51,45
RAD51AP1,5640
RAD51AP2,5641
RAD51B,5642
RAD51C,45
RAD51D,45
RAD52,5643
RAD54B,5644
RAD54L,14
RAD54L2,10
RAD9A,45
RAD9B,5645
RADIL,5646
RAE1,27
RAET1E,5647
RAET1G,5648
RAET1L,5649
RAF1,21
RAG1,5650
RAG2,5651
RAI1,14
RAI14,5652
RALA,10
RALB,5653
RALBP1,5654
RALGAPA1,54
RALGAPA2,5655
RALGAPB,54
RALGDS,14
RALGPS1,5656
RALGPS2,5657
RALY,41
RALYL,5658
RAMP1,5659
RAMP2,5660
RAMP3,5661
RAN,27
RANBP1,5662
RANBP10,5
RANBP17,5663
RANBP2,60
RANBP3,27
RANBP3L,5664
RANBP6,5665
RANBP9,5
RANGAP1,54
RANGRF,5666
RAP1A,37
RAP1B,37
RAP1GAP,5667
RAP1GAP2,55
RAP1GDS1,5668
RAP2A,41
RAP2B,5
RAPGEF1,41
RAPGEF2,41
RAPGEF3,5669
RAPGEF4,5670
RAPGEF5,5671
RAPGEF6,68
RAPGEFL1,5
RAPH1,41
RAPSN,5672
RARA,14
RARB,71
RARG,14
RARRES1,5673
RARS,27
RARS2,55
RASA1,4
RASA2,10
RASA3,10
RASA4,5674
RASA4B,5675
RASAL1,5676
RASAL2,60
RASAL3,65
RASD1,14
RASD2,5677
RASEF,42
RASGEF1A,5678
RASGEF1B,5679
RASGEF1C,5680
RASGRF1,5681
RASGRF2,5682
RASGRP1,5683
RASGRP2,5684
RASGRP3,5685
RASGRP4,5686
RASIP1,5687
RASL10A,5688
RASL10B,5689
RASL11A,60
RASL11B,14
RASL12,5690
RASSF1,5691
RASSF2,5692
RASSF3,56
RASSF4,60
RASSF5,27
RASSF6,5693
RASSF7,41
RASSF8,41
RASSF9,5694
RAVER1,73
RAVER2,14
RAX,5695
RAX2,5696
RB1,60
RB1CC1,52
RBAK,5697
RBBP4,47
RBBP5,63
RBBP6,47
RBBP8,5698
RBBP8NL,5699
RBBP9,60
RBCK1,5700
RBFA,55
RBFOX1,5701
RBFOX3,5702
RBKS,5703
RBL1,5704
RBL2,5705
RBM11,5706
RBM12,47
RBM12B,0
RBM15,47
RBM15B,52
RBM17,27
RBM18,47
RBM19,47
RBM20,5707
RBM22,5708
RBM23,14
RBM24,5709
RBM25,5710
RBM26,70
RBM28,21
RBM33,47
RBM34,5711
RBM38,5
RBM39,63
RBM4,5712
RBM42,5713
RBM43,60
RBM44,5714
RBM45,5715
RBM46,5716
RBM47,41
RBM48,47
RBM4B,65
RBM5,60
RBM6,5717
RBM7,14
RBM8A,70
RBMS1,29
RBMS2,5718
RBMS3,5
RBMXL2,5719
RBP1,5720
RBP2,5721
RBP3,5722
RBP4,14
RBP5,5723
RBP7,5724
RBPJ,4
RBPJL,5725
RBPMS,30
RBPMS2,5726
RBX1,38
RC3H1,73
RC3H2,73
RCAN1,5727
RCAN2,5728
RCAN3,5729
RCBTB1,5730
RCBTB2,5731
RCC1,27
RCC2,48
RCCD1,70
RCE1,21
RCHY1,11
RCL1,47
RCN2,56
RCN3,27
RCOR1,41
RCOR2,29
RCOR3,5
RCSD1,5732
RCVRN,5733
RD3,5734
RDH10,60
RDH11,5735
RDH12,5736
RDH13,47
RDH14,5737
RDH16,5738
RDH5,5739
RDH8,5740
RDM1,14
RDX,14
REC114,5741
REC8,5742
RECK,5743
RECQL,14
RECQL5,56
REEP1,5744
REEP2,5745
REEP3,5746
REEP4,63
REEP5,14
REEP6,54
REG1A,5747
REG1B,5748
REG3A,5749
REG3G,5750
REG4,32
REL,5751
RELA,3
RELB,3
RELL1,5752
RELL2,70
RELN,5753
RELT,60
REM1,5754
REM2,54
REN,5755
REP15,5756
REPIN1,41
REPS1,5757
RER1,73
RERE,0
RERG,5758
RERGL,21
RESP18,5759
REST,4
RET,14
RETN,5760
RETNLB,5761
RETSAT,14
REV1,14
REV3L,14
REXO1,5762
REXO2,0
REXO4,60
RFC1,5763
RFC2,27
RFC3,27
RFC4,50
RFC5,27
RFESD,14
RFK,11
RFNG,14
RFPL1,5764
RFPL2,5765
RFPL3,5766
RFPL4A,5767
RFPL4AL1,5768
RFPL4B,5769
RFT1,27
RFTN1,5770
RFTN2,5771
RFWD3,45
RFX1,5772
RFX2,29
RFX3,5773
RFX4,4
RFX5,14
RFX6,5774
RFX8,5775
RFXANK,47
RFXAP,38
RGCC,3
RGL1,4
RGL2,5776
RGL3,60
RGL4,14
RGMA,5777
RGMB,4
RGP1,30
RGPD1,5778
RGPD2,5779
RGPD4,27
RGR,5780
RGS10,60
RGS11,5781
RGS12,3
RGS13,5782
RGS14,52
RGS16,5783
RGS17,5784
RGS18,5785
RGS19,14
RGS2,5786
RGS20,14
RGS21,5787
RGS22,5788
RGS3,73
RGS4,3
RGS5,5789
RGS6,5790
RGS7BP,5791
RGS8,5792
RGS9BP,42
RHAG,5793
RHBDD1,71
RHBDD2,5794
RHBDD3,14
RHBDF1,14
RHBDF2,60
RHBDL1,73
RHBDL2,5795
RHBDL3,5796
RHCG,5797
RHD,5798
RHEB,71
RHEBL1,70
RHNO1,45
RHO,5799
RHOA,50
RHOB,21
RHOBTB1,14
RHOBTB2,54
RHOBTB3,60
RHOC,50
RHOD,29
RHOF,41
RHOG,41
RHOH,60
RHOJ,3
RHOQ,60
RHOT1,60
RHOU,5800
RHOV,56
RHPN1,73
RHPN2,5801
RIC1,30
RIC3,5802
RIC8A,50
RIC8B,5803
RICTOR,71
RILP,55
RILPL1,5804
RILPL2,29
RIMBP2,5805
RIMBP3,5806
RIMBP3B,5807
RIMKLA,5808
RIMKLB,5809
RIMS1,5810
RIMS2,5811
RIMS3,5812
RIMS4,5813
RIN1,5814
RIN2,60
RIN3,5815
RING1,70
RINL,5816
RINT1,30
RIOK1,47
RIOK2,5817
RIOK3,14
RIPK1,3
RIPK2,14
RIPK3,5818
RIPK4,3
RIPPLY2,5819
RIPPLY3,5820
RIT1,30
RIT2,5821
RITA1,60
RLBP1,5822
RLF,72
RLN1,5823
RLN2,5824
RLN3,5825
RMDN1,14
RMDN2,5826
RMDN3,38
RMI1,45
RMI2,45
RMND1,0
RMND5A,5
RMND5B,73
RNASE1,5827
RNASE10,5828
RNASE11,5829
RNASE12,5830
RNASE13,5831
RNASE3,5832
RNASE4,5833
RNASE6,5834
RNASE7,5835
RNASE8,5836
RNASE9,5837
RNASEH1,55
RNASEH2A,47
RNASEH2B,47
RNASEH2C,47
RNASEK,5838
RNASEL,60
RNASET2,14
RND1,5839
RND2,5840
RND3,14
RNF103,29
RNF11,60
RNF111,4
RNF112,5841
RNF113B,5842
RNF114,65
RNF115,60
RNF121,60
RNF122,5843
RNF123,29
RNF125,5844
RNF126,55
RNF13,5845
RNF130,73
RNF133,5846
RNF135,4
RNF138,14
RNF139,60
RNF14,60
RNF141,5847
RNF144A,5848
RNF144B,5849
RNF145,10
RNF146,5
RNF148,5850
RNF149,14
RNF150,5851
RNF151,5852
RNF152,65
RNF157,60
RNF165,5853
RNF166,55
RNF167,5854
RNF168,45
RNF169,5
RNF17,5855
RNF170,14
RNF175,5856
RNF180,5857
RNF181,30
RNF182,5858
RNF183,5859
RNF185,3
RNF186,5860
RNF19A,5861
RNF19B,60
RNF2,5862
RNF20,47
RNF208,14
RNF212,5863
RNF212B,44
RNF213,5864
RNF214,5865
RNF215,14
RNF216,3
RNF217,5
RNF220,5866
RNF222,5867
RNF223,5868
RNF224,73
RNF24,30
RNF25,47
RNF31,3
RNF32,5869
RNF34,29
RNF38,60
RNF39,5870
RNF4,47
RNF40,11
RNF41,14
RNF43,60
RNF44,55
RNF5,14
RNF6,60
RNF7,11
RNF8,45
RNFT1,14
RNGTT,27
RNLS,5871
RNMT,27
RNPC3,27
RNPEP,5872
RNPS1,47
ROBO1,5873
ROBO2,5874
ROBO3,60
ROBO4,5875
ROCK1,5
ROCK2,5
ROGDI,52
ROM1,5876
ROMO1,54
ROPN1,5877
ROPN1B,5878
ROPN1L,5879
ROR1,5880
ROR2,5881
RORA,29
RORB,5882
RORC,3
ROS1,5883
RP1,5884
RP1L1,5885
RP9,5886
RPA1,27
RPA2,63
RPA3,27
RPAIN,63
RPAP1,27
RPAP2,5887
RPAP3,47
RPE,11
RPE65,5888
RPEL1,5889
RPF1,47
RPF2,27
RPGRIP1,5890
RPGRIP1L,5891
RPH3A,5892
RPH3AL,21
RPIA,11
RPL10A,27
RPL10L,5893
RPL11,27
RPL12,27
RPL13,27
RPL13A,27
RPL14,27
RPL15,27
RPL17,27
RPL18,27
RPL18A,27
RPL19,27
RPL21,27
RPL22,60
RPL22L1,29
RPL23,27
RPL23A,27
RPL24,27
RPL26,27
RPL26L1,48
RPL27,27
RPL27A,27
RPL28,27
RPL29,14
RPL3,27
RPL30,27
RPL31,27
RPL32,27
RPL34,27
RPL35,27
RPL35A,27
RPL36,27
RPL37,27
RPL37A,27
RPL38,27
RPL39L,5894
RPL3L,5895
RPL4,27
RPL5,27
RPL6,27
RPL7,27
RPL7A,27
RPL7L1,65
RPL8,27
RPL9,27
RPLP0,27
RPLP1,27
RPLP2,27
RPN1,27
RPN2,73
RPP14,47
RPP21,47
RPP25,60
RPP25L,47
RPP30,47
RPP38,47
RPP40,47
RPRD1A,0
RPRD1B,47
RPRD2,47
RPRML,5896
RPS10,37
RPS11,27
RPS12,21
RPS13,27
RPS14,27
RPS15,27
RPS15A,27
RPS16,27
RPS17,27
RPS18,27
RPS19,27
RPS19BP1,11
RPS2,14
RPS20,27
RPS21,27
RPS23,27
RPS24,27
RPS25,70
RPS26,27
RPS27A,27
RPS27L,47
RPS28,27
RPS29,27
RPS3,27
RPS3A,27
RPS5,5897
RPS6,27
RPS6KA1,70
RPS6KA2,5898
RPS6KA4,5899
RPS6KA5,52
RPS6KB1,30
RPS6KB2,5
RPS6KC1,48
RPS6KL1,50
RPS7,27
RPS8,27
RPS9,27
RPSA,14
RPTN,5900
RPTOR,71
RPUSD1,5901
RPUSD2,66
RPUSD3,0
RPUSD4,55
RRAD,5902
RRAGA,71
RRAGC,71
RRAGD,60
RRAS,5903
RRAS2,60
RRBP1,73
RRH,5904
RRM1,27
RRM2,27
RRM2B,5905
RRN3,5906
RRNAD1,14
RRP1,47
RRP12,47
RRP15,60
RRP1B,5907
RRP36,30
RRP7A,5908
RRP8,5909
RRP9,47
RRS1,47
RSAD1,60
RSBN1,14
RSBN1L,5910
RSC1A1,65
RSF1,30
RSL1D1,47
RSL24D1,27
RSPH1,5911
RSPH3,5912
RSPH4A,5913
RSPH6A,5914
RSPH9,5915
RSPO1,5916
RSPO2,5917
RSPO3,5918
RSPO4,5919
RSPRY1,27
RSRC2,55
RSRP1,70
RSU1,41
RTBDN,5920
RTCA,60
RTCB,47
RTEL1,5921
RTF1,63
RTKN,3
RTKN2,60
RTL1,5922
RTN1,5923
RTN2,41
RTN3,5924
RTN4,14
RTN4IP1,0
RTN4R,5925
RTN4RL1,5926
RTN4RL2,5927
RTP1,5928
RTP2,5929
RTP3,5930
RTP4,5931
RTP5,5932
RTTN,48
RUFY1,5933
RUFY2,14
RUFY3,63
RUNDC1,14
RUNDC3A,5934
RUNX1,70
RUNX1T1,29
RUNX2,70
RUNX3,5935
RUSC1,41
RUSC2,60
RUVBL1,27
RUVBL2,4
RWDD1,65
RWDD2B,63
RWDD3,5936
RWDD4,5937
RXFP1,5938
RXFP2,5939
RXFP3,5940
RXFP4,5941
RXRA,14
RXRB,5942
RXRG,5943
RYR1,14
RYR2,5944
RYR3,5945
S100A1,10
S100A10,14
S100A11,5946
S100A12,5947
S100A13,73
S100A14,5
S100A16,5948
S100A2,5949
S100A3,14
S100A4,4
S100A5,5950
S100A6,27
S100A7,5951
S100A7A,5952
S100A8,5953
S100A9,5954
S100B,3
S100P,5955
S100PBP,5956
S1PR1,5957
S1PR2,5958
S1PR3,5959
S1PR4,5960
S1PR5,60
SAA1,5961
SAA2,5962
SAA4,5963
SAAL1,14
SAC3D1,5964
SACM1L,27
SACS,37
SAE1,47
SAFB,5965
SAFB2,5966
SAG,5967
SALL1,14
SALL2,5968
SALL3,5969
SALL4,30
SAMD11,5970
SAMD14,5971
SAMD3,5972
SAMD4A,5973
SAMD4B,50
SAMD5,14
SAMD7,5974
SAMD8,63
SAMD9,5975
SAMD9L,5976
SAMHD1,11
SAMM50,54
SAMSN1,5977
SAP130,70
SAP18,47
SAP25,5978
SAP30,70
SAP30BP,27
SAPCD2,3
SAR1A,30
SAR1B,29
SARAF,5979
SARDH,5980
SARNP,52
SARS,27
SARS2,55
SART1,5981
SASH1,5982
SASS6,48
SAT2,73
SATB1,60
SAV1,5983
SAYSD1,73
SBDS,73
SBF1,5
SBF2,5
SBK1,5984
SBK2,5985
SBNO1,27
SBNO2,3
SBSN,5986
SBSPON,5987
SC5D,60
SCAF1,60
SCAF11,63
SCAF8,47
SCAI,5988
SCAMP2,5989
SCAMP3,5990
SCAMP4,60
SCAMP5,60
SCAND1,14
SCAP,37
SCAPER,5991
SCARA3,5992
SCARA5,5993
SCARB1,56
SCARB2,14
SCARF1,5994
SCARF2,5995
SCCPDH,5996
SCD,37
SCD5,5997
SCEL,38
SCFD1,30
SCFD2,30
SCG2,5998
SCG3,5999
SCG5,6000
SCGB1A1,6001
SCGB1C1,6002
SCGB1D1,6003
SCGB1D2,6004
SCGB1D4,6005
SCGB2A1,6006
SCGB2A2,6007
SCGB2B2,6008
SCGB3A1,6009
SCGB3A2,6010
SCGN,6011
SCHIP1,6012
SCIMP,6013
SCIN,6014
SCLT1,54
SCLY,6015
SCMH1,0
SCML4,6016
SCN10A,6017
SCN11A,6018
SCN1A,6019
SCN1B,60
SCN2A,6020
SCN2B,6021
SCN3A,6022
SCN3B,6023
SCN4A,6024
SCN4B,6025
SCN5A,6026
SCN7A,6027
SCN8A,6028
SCN9A,6029
SCNM1,47
SCNN1A,6030
SCNN1B,6031
SCNN1D,6032
SCNN1G,6033
SCO1,0
SCO2,0
SCOC,14
SCP2,37
SCP2D1,6034
SCPEP1,60
SCRIB,47
SCRN1,56
SCRN2,70
SCRN3,60
SCRT1,6035
SCRT2,6036
SCTR,6037
SCUBE1,6038
SCUBE2,6039
SCUBE3,6040
SCX,6041
SCYL1,30
SCYL2,6042
SCYL3,71
SDAD1,50
SDC2,6043
SDC3,14
SDC4,30
SDCBP,30
SDCBP2,6044
SDE2,27
SDF2,73
SDF2L1,14
SDF4,73
SDHA,11
SDHAF1,0
SDHAF2,60
SDHB,11
SDHC,11
SDHD,11
SDK1,6045
SDK2,6046
SDR16C5,6047
SDR39U1,6048
SDR42E1,6049
SDR9C7,6050
SDS,6051
SDSL,6052
SEBOX,63
SEC11C,60
SEC13,27
SEC14L1,37
SEC14L2,14
SEC14L3,6053
SEC14L4,6054
SEC16A,27
SEC16B,6055
SEC22A,14
SEC22C,6056
SEC23A,37
SEC23B,30
SEC23IP,30
SEC24A,30
SEC24B,60
SEC24C,30
SEC24D,6057
SEC31A,30
SEC61A1,27
SEC61A2,6058
SEC61B,41
SEC61G,14
SEC62,73
SEC63,73
SECISBP2,70
SECISBP2L,60
SECTM1,14
SEH1L,71
SEL1L,73
SEL1L2,6059
SEL1L3,55
SELE,6060
SELENBP1,60
SELL,21
SELP,6061
SELPLG,27
SEMA3A,6062
SEMA3C,63
SEMA3D,6063
SEMA3E,6064
SEMA3F,54
SEMA3G,50
SEMA4A,6065
SEMA4B,14
SEMA4C,14
SEMA4D,14
SEMA4F,73
SEMA4G,60
SEMA5A,6066
SEMA5B,41
SEMA6A,6067
SEMA6B,6068
SEMA6C,73
SEMA6D,6069
SEMA7A,60
SEMG1,6070
SEMG2,6071
SENP1,65
SENP2,8
SENP6,6072
SENP7,63
SENP8,11
SEPHS1,70
SEPHS2,70
SEPSECS,70
SERAC1,10
SERBP1,10
SERF1A,6073
SERF2,60
SERGEF,60
SERHL2,14
SERINC1,6074
SERINC2,14
SERINC3,73
SERINC4,71
SERINC5,6075
SERP1,73
SERP2,41
SERPINA1,6076
SERPINA10,6077
SERPINA11,6078
SERPINA12,6079
SERPINA3,3
SERPINA4,6080
SERPINA6,6081
SERPINA9,6082
SERPINB10,6083
SERPINB12,6084
SERPINB13,6085
SERPINB2,6086
SERPINB3,6087
SERPINB4,6088
SERPINB5,6089
SERPINB7,6090
SERPINB8,14
SERPINC1,6091
SERPIND1,6092
SERPINE1,0
SERPINE2,2
SERPINE3,6093
SERPINF1,6094
SERPINF2,6095
SERPINH1,60
SERPINI1,6096
SERPINI2,6097
SERTAD1,14
SERTAD2,6098
SERTAD3,60
SERTAD4,6099
SERTM1,6100
SESN1,6101
SESN2,6102
SESN3,6103
SESTD1,6104
SET,14
SETBP1,6105
SETD1A,50
SETD1B,50
SETD2,14
SETD3,10
SETD4,6106
SETD5,70
SETD6,6107
SETD7,14
SETD9,14
SETDB1,71
SETDB2,63
SETMAR,73
SETX,6108
SEZ6,6109
SEZ6L,6110
SEZ6L2,6111
SF1,27
SF3A1,27
SF3A2,27
SF3A3,27
SF3B1,27
SF3B2,27
SF3B3,27
SF3B4,27
SF3B5,60
SF3B6,6112
SFI1,4
SFMBT1,6113
SFMBT2,10
SFN,6114
SFPQ,27
SFR1,45
SFRP1,6115
SFRP2,6116
SFRP4,60
SFRP5,6117
SFSWAP,8
SFT2D1,45
SFT2D2,60
SFT2D3,14
SFTA2,6118
SFTA3,54
SFTPA1,6119
SFTPA2,6120
SFTPB,41
SFTPC,6121
SFTPD,6122
SFXN1,63
SFXN2,6123
SFXN3,6124
SFXN4,0
SFXN5,63
SGCA,6125
SGCB,6126
SGCD,6127
SGCE,14
SGCG,6128
SGCZ,6129
SGIP1,6130
SGK1,56
SGK2,6131
SGK3,6132
SGMS1,11
SGMS2,6133
SGPL1,48
SGPP1,14
SGPP2,6134
SGSH,60
SGSM1,6135
SGSM2,6136
SGSM3,6137
SGTA,14
SGTB,6138
SH2B1,63
SH2B3,6139
SH2D1B,6140
SH2D2A,6141
SH2D3A,6142
SH2D3C,6143
SH2D4A,6144
SH2D4B,6145
SH2D5,6146
SH2D6,6147
SH2D7,6148
SH3BGR,6149
SH3BGRL2,6150
SH3BGRL3,60
SH3BP1,14
SH3BP2,6151
SH3BP4,6152
SH3BP5,6153
SH3BP5L,60
SH3D19,14
SH3D21,6154
SH3GL1,52
SH3GL2,6155
SH3GL3,6156
SH3GLB1,6157
SH3GLB2,14
SH3PXD2A,29
SH3PXD2B,30
SH3RF1,14
SH3TC2,60
SH3YL1,6158
SHANK1,6159
SHARPIN,70
SHB,4
SHBG,29
SHC1,30
SHC2,6160
SHC3,6161
SHC4,6162
SHCBP1,6163
SHD,6164
SHE,6165
SHF,6166
SHH,6167
SHISA2,6168
SHISA3,6169
SHISA4,6170
SHISA5,60
SHISA6,6171
SHISA7,6172
SHISA9,60
SHKBP1,11
SHMT1,6173
SHMT2,63
SHOC2,21
SHOX2,6174
SHPK,29
SHPRH,10
SHQ1,47
SHROOM1,6175
SHROOM3,6176
SI,6177
SIAE,6178
SIAH1,6179
SIAH2,60
SIAH3,11
SIDT1,6180
SIDT2,21
SIGIRR,14
SIGLEC1,6181
SIGLEC10,6182
SIGLEC11,60
SIGLEC12,60
SIGLEC15,6183
SIGLEC5,6184
SIGLEC6,6185
SIGLEC7,6186
SIGLEC8,6187
SIGLEC9,6188
SIGLECL1,6189
SIGMAR1,54
SIK1,70
SIK2,65
SIK3,73
SIKE1,4
SIL1,60
SIM1,6190
SIM2,6191
SIMC1,54
SIN3A,70
SIN3B,70
SIPA1,52
SIPA1L1,6192
SIPA1L2,6193
SIPA1L3,11
SIRPA,60
SIRPB1,14
SIRPB2,6194
SIRPG,6195
SIRT1,48
SIRT2,60
SIRT3,73
SIRT4,29
SIRT5,6196
SIRT6,3
SIRT7,50
SIT1,6197
SIVA1,4
SIX3,60
SIX4,63
SIX5,6198
SIX6,6199
SKA1,21
SKA2,41
SKA3,21
SKAP1,14
SKAP2,73
SKI,3
SKIL,3
SKIV2L,60
SKOR1,6200
SKOR2,6201
SKP1,27
SKP2,45
SLA,6202
SLA2,6203
SLAIN1,6204
SLAIN2,14
SLAMF1,6205
SLAMF6,6206
SLAMF7,6207
SLAMF8,6208
SLAMF9,6209
SLBP,65
SLC10A1,6210
SLC10A2,6211
SLC10A4,27
SLC10A5,6212
SLC10A6,6213
SLC10A7,30
SLC11A1,6214
SLC11A2,45
SLC12A1,6215
SLC12A2,30
SLC12A3,6216
SLC12A4,60
SLC12A5,6217
SLC12A6,37
SLC12A7,14
SLC12A8,14
SLC12A9,6218
SLC13A1,6219
SLC13A2,6220
SLC13A3,6221
SLC13A4,6222
SLC13A5,6223
SLC14A1,6224
SLC14A2,6225
SLC15A1,6226
SLC15A2,6227
SLC16A1,11
SLC16A10,6228
SLC16A11,14
SLC16A12,6229
SLC16A13,14
SLC16A14,6230
SLC16A3,60
SLC16A4,6231
SLC16A6,6232
SLC16A7,6233
SLC16A8,60
SLC16A9,6234
SLC17A1,6235
SLC17A2,6236
SLC17A3,6237
SLC17A4,6238
SLC17A5,71
SLC17A7,60
SLC17A8,6239
SLC17A9,6240
SLC18A1,6241
SLC18A2,47
SLC18A3,6242
SLC18B1,60
SLC19A1,73
SLC19A2,52
SLC19A3,9
SLC1A1,6243
SLC1A2,6244
SLC1A3,55
SLC1A4,29
SLC1A5,60
SLC1A6,6245
SLC1A7,6246
SLC20A1,11
SLC20A2,14
SLC22A1,6247
SLC22A10,6248
SLC22A11,6249
SLC22A12,6250
SLC22A13,6251
SLC22A14,6252
SLC22A15,21
SLC22A16,6253
SLC22A17,6254
SLC22A2,6255
SLC22A23,6256
SLC22A25,6257
SLC22A3,6258
SLC22A4,6259
SLC22A5,60
SLC22A6,6260
SLC22A7,6261
SLC22A8,6262
SLC22A9,6263
SLC23A1,6264
SLC23A2,30
SLC23A3,14
SLC24A1,6265
SLC24A2,6266
SLC24A3,6267
SLC24A4,6268
SLC24A5,6269
SLC25A1,0
SLC25A10,60
SLC25A11,4
SLC25A12,60
SLC25A13,0
SLC25A15,60
SLC25A16,14
SLC25A17,47
SLC25A18,6270
SLC25A19,0
SLC25A2,6271
SLC25A20,51
SLC25A21,6272
SLC25A22,71
SLC25A23,0
SLC25A24,60
SLC25A25,29
SLC25A26,55
SLC25A27,60
SLC25A28,30
SLC25A29,6273
SLC25A3,0
SLC25A30,73
SLC25A31,6274
SLC25A32,63
SLC25A33,60
SLC25A34,4
SLC25A35,6275
SLC25A36,29
SLC25A37,47
SLC25A38,4
SLC25A39,60
SLC25A4,47
SLC25A40,14
SLC25A41,6276
SLC25A42,60
SLC25A44,55
SLC25A45,0
SLC25A46,41
SLC25A47,6277
SLC25A51,0
SLC25A52,6278
SLC26A1,48
SLC26A10,6279
SLC26A11,60
SLC26A2,6280
SLC26A3,6281
SLC26A4,6282
SLC26A5,6283
SLC26A6,49
SLC26A7,6284
SLC26A8,6285
SLC26A9,6286
SLC27A1,73
SLC27A2,14
SLC27A3,54
SLC27A4,63
SLC27A5,3
SLC27A6,6287
SLC28A1,6288
SLC28A2,6289
SLC28A3,6290
SLC29A1,21
SLC29A2,73
SLC29A3,30
SLC29A4,65
SLC2A1,11
SLC2A10,6291
SLC2A11,6292
SLC2A12,6293
SLC2A13,6294
SLC2A14,71
SLC2A2,29
SLC2A3,6295
SLC2A4,6296
SLC2A4RG,29
SLC2A5,6297
SLC2A6,56
SLC2A7,6298
SLC2A8,71
SLC2A9,6299
SLC30A1,4
SLC30A2,6300
SLC30A3,6301
SLC30A4,6302
SLC30A5,38
SLC30A6,6303
SLC30A7,60
SLC30A8,6304
SLC30A9,0
SLC31A1,0
SLC32A1,6305
SLC33A1,73
SLC34A1,6306
SLC34A2,6307
SLC34A3,6308
SLC35A1,6309
SLC35A3,30
SLC35A4,6310
SLC35A5,6311
SLC35B1,27
SLC35B2,30
SLC35B3,6312
SLC35B4,73
SLC35C1,14
SLC35C2,6313
SLC35D1,60
SLC35D2,6314
SLC35D3,6315
SLC35E1,52
SLC35E2B,6316
SLC35E3,29
SLC35E4,6317
SLC35F1,6318
SLC35F2,14
SLC35F3,6319
SLC35F5,14
SLC35F6,6320
SLC35G1,29
SLC35G2,65
SLC35G3,6321
SLC35G5,6322
SLC35G6,6323
SLC36A1,73
SLC36A2,6324
SLC36A3,6325
SLC36A4,6326
SLC37A1,60
SLC37A2,65
SLC37A3,21
SLC38A1,60
SLC38A10,47
SLC38A11,6327
SLC38A2,52
SLC38A4,6328
SLC38A6,6329
SLC38A7,56
SLC38A8,6330
SLC38A9,14
SLC39A1,14
SLC39A10,27
SLC39A11,14
SLC39A12,6331
SLC39A13,14
SLC39A14,60
SLC39A2,6332
SLC39A3,41
SLC39A4,6333
SLC39A5,6334
SLC39A6,27
SLC39A7,27
SLC39A8,14
SLC39A9,30
SLC3A1,6335
SLC3A2,11
SLC40A1,14
SLC41A1,6336
SLC41A2,6337
SLC41A3,61
SLC43A2,6338
SLC44A1,60
SLC44A2,47
SLC44A3,6339
SLC44A4,6340
SLC44A5,6341
SLC45A1,6342
SLC45A2,6343
SLC45A3,6344
SLC45A4,6345
SLC46A2,6346
SLC46A3,10
SLC47A1,6347
SLC47A2,70
SLC48A1,30
SLC4A10,6348
SLC4A11,14
SLC4A1AP,60
SLC4A3,4
SLC4A4,6349
SLC4A5,6350
SLC4A7,11
SLC4A8,6351
SLC4A9,6352
SLC50A1,60
SLC51A,6353
SLC51B,6354
SLC52A1,6355
SLC52A2,6356
SLC52A3,6357
SLC5A1,6358
SLC5A10,6359
SLC5A11,6360
SLC5A12,6361
SLC5A2,6362
SLC5A3,70
SLC5A4,73
SLC5A5,6363
SLC5A6,5
SLC5A7,6364
SLC5A8,6365
SLC5A9,6366
SLC6A1,6367
SLC6A11,6368
SLC6A12,6369
SLC6A13,6370
SLC6A15,6371
SLC6A16,6372
SLC6A17,6373
SLC6A18,6374
SLC6A19,6375
SLC6A2,6376
SLC6A20,6377
SLC6A3,52
SLC6A4,6378
SLC6A5,6379
SLC6A7,6380
SLC6A9,60
SLC7A1,11
SLC7A10,6381
SLC7A11,11
SLC7A13,6382
SLC7A14,6383
SLC7A2,47
SLC7A4,6384
SLC7A5,11
SLC7A6,6385
SLC7A6OS,27
SLC7A7,70
SLC7A8,60
SLC7A9,6386
SLC8A1,6387
SLC8A2,6388
SLC8A3,6389
SLC8B1,21
SLC9A1,6390
SLC9A2,6391
SLC9A3,65
SLC9A3R1,73
SLC9A3R2,14
SLC9A4,27
SLC9A5,6392
SLC9A8,6393
SLC9A9,6394
SLC9B1,6395
SLC9B2,54
SLC9C1,6396
SLC9C2,6397
SLCO1A2,63
SLCO1B1,6398
SLCO1B3,6399
SLCO1B7,6400
SLCO1C1,6401
SLCO2A1,6402
SLCO2B1,6403
SLCO3A1,6404
SLCO4A1,47
SLCO4C1,6405
SLCO5A1,6406
SLCO6A1,6407
SLFN11,6408
SLFN12L,6409
SLFN13,6410
SLFN14,6411
SLFN5,6412
SLFNL1,6413
SLIRP,0
SLIT1,6414
SLIT2,10
SLIT3,6415
SLITRK1,6416
SLITRK3,6417
SLITRK5,14
SLITRK6,6418
SLK,41
SLMAP,27
SLN,6419
SLPI,6420
SLTM,14
SLU7,27
SLURP1,6421
SLX1A,45
SLX4,45
SLX4IP,14
SMAD1,4
SMAD2,6422
SMAD3,4
SMAD4,4
SMAD6,73
SMAD7,73
SMAD9,30
SMAGP,37
SMAP1,6423
SMAP2,6424
SMARCA2,6425
SMARCA4,63
SMARCA5,30
SMARCAD1,6426
SMARCAL1,50
SMARCB1,63
SMARCC1,63
SMARCC2,63
SMARCD1,63
SMARCD2,63
SMARCD3,6427
SMARCE1,63
SMC1B,6428
SMC2,27
SMC3,3
SMC4,54
SMC5,47
SMC6,47
SMCHD1,70
SMCO2,6429
SMCO3,6430
SMCO4,30
SMCP,6431
SMCR8,60
SMDT1,6432
SMG1,6433
SMG5,60
SMG6,17
SMG7,17
SMG8,17
SMG9,17
SMIM1,6434
SMIM12,14
SMIM13,73
SMIM14,6435
SMIM15,4
SMIM17,6436
SMIM18,6437
SMIM19,6438
SMIM2,6439
SMIM20,60
SMIM21,6440
SMIM22,6441
SMIM24,6442
SMIM3,56
SMIM4,6443
SMIM5,6444
SMIM6,6445
SMIM7,5
SMIM8,6446
SMLR1,6447
SMNDC1,6448
SMO,10
SMOC1,6449
SMOC2,6450
SMOX,48
SMPD1,60
SMPD2,73
SMPD3,6451
SMPD4,8
SMPDL3A,63
SMPDL3B,6452
SMR3B,6453
SMTN,14
SMTNL2,6454
SMU1,27
SMUG1,14
SMURF1,73
SMURF2,8
SMYD1,6455
SMYD2,6456
SMYD3,6457
SMYD4,6458
SMYD5,10
SNAI1,4
SNAI2,60
SNAI3,6459
SNAP23,3
SNAP25,6460
SNAP29,30
SNAP91,6461
SNAPC1,27
SNAPC2,27
SNAPC3,27
SNAPC4,27
SNAPC5,27
SNAPIN,71
SNCA,37
SNCAIP,6462
SNCB,6463
SNCG,6464
SNED1,6465
SNF8,52
SNIP1,50
SNN,6466
SNPH,6467
SNRK,21
SNRNP200,27
SNRNP25,27
SNRNP35,47
SNRNP40,63
SNRNP48,6468
SNRNP70,6469
SNRPA,6470
SNRPA1,27
SNRPB,27
SNRPB2,60
SNRPD1,27
SNRPD2,27
SNRPD3,27
SNRPE,27
SNRPF,27
SNRPG,27
SNTA1,6471
SNTB1,54
SNTB2,6472
SNTG1,6473
SNTN,6474
SNUPN,6475
SNURF,5
SNW1,27
SNX1,60
SNX10,6476
SNX11,6477
SNX13,6478
SNX14,6479
SNX15,6480
SNX16,60
SNX17,71
SNX18,14
SNX19,6481
SNX20,6482
SNX21,6483
SNX22,73
SNX24,6484
SNX25,60
SNX27,71
SNX29,6485
SNX3,60
SNX30,6486
SNX31,6487
SNX32,6488
SNX33,6489
SNX4,14
SNX5,60
SNX6,30
SNX7,30
SNX8,29
SNX9,52
SOAT1,14
SOAT2,6490
SOBP,6491
SOCS1,60
SOCS2,6492
SOCS3,14
SOCS4,60
SOCS5,60
SOCS6,6493
SOCS7,14
SOD1,27
SOD2,47
SOD3,52
SOGA1,63
SOGA3,6494
SOHLH1,6495
SOHLH2,6496
SON,63
SORBS1,14
SORBS2,29
SORBS3,6497
SORCS1,6498
SORCS2,14
SORCS3,6499
SORD,37
SORT1,29
SOS1,30
SOS2,30
SOST,6500
SOSTDC1,6501
SOX1,6502
SOX10,21
SOX11,14
SOX12,10
SOX14,6503
SOX15,60
SOX17,41
SOX18,6504
SOX2,4
SOX21,6505
SOX30,6506
SOX4,10
SOX5,6507
SOX6,6508
SOX7,54
SOX8,6509
SOX9,21
SP1,3
SP100,6510
SP110,3
SP140,6511
SP140L,6512
SP3,3
SP4,6513
SP5,6514
SP6,6515
SP7,6516
SP8,4
SP9,6517
SPA17,6518
SPACA1,6519
SPACA3,6520
SPACA4,6521
SPACA7,6522
SPAG1,6523
SPAG11B,6524
SPAG16,6525
SPAG17,6526
SPAG4,56
SPAG5,21
SPAG6,6527
SPAG7,60
SPAG8,6528
SPAG9,6529
SPAM1,6530
SPARC,29
SPARCL1,6531
SPAST,50
SPATA13,29
SPATA16,6532
SPATA18,6533
SPATA19,6534
SPATA2,6535
SPATA20,6536
SPATA21,6537
SPATA22,6538
SPATA24,14
SPATA25,14
SPATA31A1,6539
SPATA31A3,6540
SPATA31A6,6541
SPATA31A7,6542
SPATA31D1,6543
SPATA31E1,6544
SPATA32,6545
SPATA33,63
SPATA4,6546
SPATA5,6547
SPATA5L1,47
SPATA6,6548
SPATA6L,6549
SPATA7,29
SPATA9,6550
SPATC1,6551
SPATC1L,6552
SPATS2,6553
SPC24,27
SPCS1,47
SPCS2,6554
SPCS3,47
SPDEF,70
SPDL1,4
SPDYA,6555
SPDYC,6556
SPDYE1,6557
SPDYE2,6558
SPDYE3,6559
SPDYE4,6560
SPECC1,6561
SPECC1L,41
SPEF1,6562
SPEF2,6563
SPEG,6564
SPEM1,6565
SPEN,6566
SPERT,6567
SPESP1,10
SPG11,55
SPG21,71
SPG7,30
SPHK1,5
SPHK2,14
SPHKAP,6568
SPI1,70
SPIB,6569
SPIC,6570
SPICE1,48
SPIDR,14
SPIN1,54
SPINK1,6571
SPINK13,6572
SPINK14,6573
SPINK2,6574
SPINK4,6575
SPINK5,6576
SPINK6,6577
SPINK7,6578
SPINK8,6579
SPINK9,6580
SPINT1,14
SPINT2,30
SPINT3,60
SPINT4,6581
SPIRE1,52
SPIRE2,10
SPN,6582
SPNS1,71
SPNS2,6583
SPNS3,6584
SPO11,29
SPOCD1,6585
SPOCK1,60
SPOCK2,6586
SPOCK3,6587
SPON2,6588
SPOPL,60
SPP1,14
SPP2,6589
SPPL2A,6590
SPPL2C,6591
SPPL3,30
SPR,55
SPRED1,6592
SPRED2,6593
SPRED3,6594
SPRN,6595
SPRR1A,6596
SPRR1B,6597
SPRR2E,6598
SPRR2F,6599
SPRR2G,6600
SPRR3,6601
SPRR4,6602
SPRTN,45
SPRY1,6603
SPRY2,6604
SPRY4,60
SPRYD4,14
SPRYD7,6605
SPSB1,14
SPSB2,6606
SPSB3,6607
SPSB4,6608
SPTA1,6609
SPTAN1,14
SPTB,6610
SPTBN1,6611
SPTBN2,56
SPTBN4,6612
SPTBN5,6613
SPTLC1,37
SPTLC2,37
SPTLC3,6614
SPTSSA,37
SPTSSB,6615
SPTY2D1,73
SPX,14
SPZ1,6616
SQLE,11
SQSTM1,73
SRA1,6617
SRBD1,65
SRC,41
SRCAP,50
SRCIN1,6618
SRD5A1,60
SREBF1,37
SREBF2,29
SREK1,47
SREK1IP1,73
SRF,6619
SRFBP1,47
SRGAP1,6620
SRGAP3,6621
SRGN,60
SRI,60
SRL,6622
SRM,60
SRMS,6623
SRP14,27
SRP19,47
SRP54,27
SRP68,65
SRP72,65
SRP9,27
SRPK1,14
SRPK2,6624
SRPRB,47
SRR,60
SRRD,4
SRRM1,21
SRRM2,63
SRRM4,6625
SRRT,14
SRSF1,6626
SRSF10,6627
SRSF12,6628
SRSF2,27
SRSF3,27
SRSF4,52
SRSF5,37
SRSF6,71
SRSF7,27
SRXN1,28
SS18,63
SS18L1,29
SS18L2,27
SSB,47
SSBP1,55
SSBP2,14
SSBP3,70
SSBP4,14
SSC4D,65
SSC5D,6629
SSH1,4
SSH2,41
SSH3,14
SSMEM1,6630
SSNA1,6631
SSPN,6632
SSR1,73
SSR2,73
SSR3,73
SSRP1,21
SST,6633
SSTR1,6634
SSTR2,6635
SSTR3,6636
SSTR4,6637
SSTR5,6638
SSU72,27
SSX2IP,14
ST13,73
ST14,60
ST18,6639
ST20,6640
ST3GAL1,6641
ST3GAL2,38
ST3GAL3,73
ST3GAL4,29
ST3GAL5,5
ST3GAL6,6642
ST5,50
ST6GAL1,6643
ST6GAL2,6644
ST6GALNAC1,14
ST6GALNAC2,56
ST6GALNAC3,6645
ST6GALNAC4,29
ST6GALNAC5,6646
ST6GALNAC6,6647
ST7,60
ST7L,14
ST8SIA1,6648
ST8SIA2,6649
ST8SIA3,6650
ST8SIA4,6651
ST8SIA5,6652
ST8SIA6,6653
STAB1,6654
STAB2,6655
STAC,60
STAC2,6656
STAC3,60
STAG1,3
STAG3,6657
STAM,21
STAM2,52
STAMBP,52
STAMBPL1,60
STAP1,6658
STAP2,47
STAR,6659
STARD10,6660
STARD13,14
STARD3,60
STARD3NL,60
STARD4,23
STARD5,6661
STARD6,6662
STARD7,14
STARD9,21
STAT1,47
STAT2,47
STAT3,3
STAT4,6663
STAT5A,6664
STAT5B,70
STAT6,60
STATH,6665
STAU1,6666
STAU2,14
STBD1,6667
STC1,6668
STC2,6669
STEAP1,6670
STEAP1B,6671
STEAP2,6672
STEAP3,52
STEAP4,11
STH,6673
STIL,48
STIM2,65
STIP1,63
STK10,6674
STK11,65
STK11IP,6675
STK16,6676
STK17A,54
STK17B,5
STK19,30
STK24,5
STK25,4
STK3,5
STK31,6677
STK32B,6678
STK32C,6679
STK33,6680
STK36,29
STK38,5
STK38L,5
STK39,26
STK4,5
STK40,21
STKLD1,60
STMN2,38
STMN3,37
STMN4,6681
STMND1,6682
STOML1,60
STOML2,54
STOML3,6683
STON1,6684
STON2,6685
STOX1,6686
STOX2,6687
STPG1,60
STRA6,6688
STRA8,6689
STRADA,65
STRADB,6690
STRAP,63
STRBP,14
STRC,6691
STRIP1,6692
STRIP2,6693
STRN,60
STRN3,14
STRN4,6694
STT3A,73
STUB1,3
STX10,55
STX11,6695
STX12,6696
STX16,30
STX18,30
STX19,6697
STX1A,54
STX1B,6698
STX2,37
STX3,41
STX4,3
STX5,6699
STX6,6700
STX7,73
STX8,3
STXBP1,6701
STXBP2,6702
STXBP3,3
STXBP4,6703
STXBP5,2
STXBP5L,6704
STXBP6,6705
STYK1,6706
STYX,6707
STYXL1,6708
SUB1,63
SUCLA2,4
SUCLG1,4
SUCLG2,30
SUCNR1,6709
SUCO,73
SUDS3,70
SUFU,6710
SUGCT,60
SUGP1,6711
SUGP2,52
SUGT1,47
SULF1,6712
SULF2,14
SULT1A1,63
SULT1A2,6713
SULT1A4,21
SULT1B1,6714
SULT1C2,60
SULT1C3,6715
SULT1C4,6716
SULT1E1,6717
SULT2A1,6718
SULT2B1,63
SULT4A1,54
SULT6B1,6719
SUMF1,6720
SUMF2,14
SUMO1,6721
SUMO2,65
SUMO3,60
SUN1,6722
SUN2,73
SUN3,56
SUN5,6723
SUOX,60
SUPT16H,27
SUPT20H,50
SUPT3H,50
SUPT4H1,50
SUPT5H,50
SUPT6H,54
SUPT7L,50
SUPV3L1,55
SURF1,0
SURF2,14
SURF4,73
SURF6,47
SUSD1,6724
SUSD2,6725
SUSD3,6726
SUSD4,6727
SUSD5,6728
SUV39H2,4
SUZ12,70
SV2A,6729
SV2B,6730
SV2C,6731
SVEP1,6732
SVIL,27
SVIP,55
SVOPL,6733
SWAP70,6734
SWSAP1,60
SWT1,60
SYBU,6735
SYCE1,6736
SYCE1L,6737
SYCE2,6738
SYCE3,6739
SYCN,6740
SYCP1,6741
SYCP2,6742
SYCP2L,6743
SYCP3,6744
SYDE1,6745
SYDE2,6746
SYK,6747
SYMPK,52
SYN3,6748
SYNC,6749
SYNDIG1,60
SYNDIG1L,6750
SYNE1,6751
SYNE2,60
SYNE3,6752
SYNE4,6753
SYNGAP1,54
SYNGR1,30
SYNGR2,60
SYNGR3,6754
SYNGR4,6755
SYNJ1,60
SYNJ2,14
SYNJ2BP,14
SYNPO,6756
SYNPO2,6757
SYNPO2L,6758
SYNPR,6759
SYNRG,21
SYPL1,6760
SYPL2,6761
SYS1,30
SYT1,6762
SYT10,6763
SYT11,6764
SYT12,14
SYT13,14
SYT14,6765
SYT15,38
SYT16,6766
SYT17,38
SYT2,6767
SYT3,6768
SYT4,6769
SYT5,6770
SYT6,6771
SYT7,14
SYT8,6772
SYT9,6773
SYTL1,10
SYTL2,14
SYVN1,73
SZT2,41
TAAR1,6774
TAAR2,6775
TAAR5,6776
TAAR6,6777
TAAR8,6778
TAB1,14
TAB2,3
TAC1,6779
TAC3,6780
TAC4,6781
TACC1,6782
TACC2,14
TACC3,21
TACO1,0
TACR1,6783
TACR2,6784
TACR3,6785
TACSTD2,6786
TADA1,50
TADA2A,45
TADA2B,50
TADA3,50
TAF10,50
TAF11,50
TAF12,50
TAF13,50
TAF15,73
TAF1A,47
TAF1B,47
TAF1C,47
TAF1D,47
TAF1L,6787
TAF2,50
TAF3,50
TAF4,50
TAF4B,14
TAF5,50
TAF5L,50
TAF6,50
TAF6L,50
TAF7,50
TAF8,50
TAF9,14
TAGAP,6788
TAGLN,54
TAGLN2,6789
TAGLN3,6790
TAL1,37
TAL2,60
TALDO1,11
TAMM41,6791
TANC1,6792
TANC2,6793
TANGO2,29
TANGO6,47
TANK,14
TAOK1,5
TAOK2,5
TAOK3,65
TAP1,4
TAP2,4
TAPBP,73
TAPBPL,60
TAPT1,73
TARBP1,10
TARBP2,14
TARDBP,8
TARM1,6794
TARS2,55
TARSL2,6795
TAS1R1,6796
TAS1R2,6797
TAS1R3,6798
TAS2R1,6799
TAS2R10,6800
TAS2R13,6801
TAS2R14,6802
TAS2R16,6803
TAS2R19,6804
TAS2R20,6805
TAS2R3,6806
TAS2R30,6807
TAS2R31,6808
TAS2R38,6809
TAS2R39,6810
TAS2R4,6811
TAS2R40,6812
TAS2R41,6813
TAS2R43,6814
TAS2R46,6815
TAS2R5,6816
TAS2R50,6817
TAS2R60,6818
TAS2R7,6819
TAS2R8,6820
TAS2R9,6821
TASP1,6822
TAT,6823
TATDN1,14
TATDN2,60
TATDN3,56
TAX1BP1,47
TAX1BP3,41
TBATA,6824
TBC1D1,6825
TBC1D10A,52
TBC1D10B,60
TBC1D10C,6826
TBC1D12,6827
TBC1D13,30
TBC1D14,21
TBC1D16,60
TBC1D17,6828
TBC1D19,6829
TBC1D2,14
TBC1D20,30
TBC1D21,6830
TBC1D22A,6831
TBC1D22B,30
TBC1D23,30
TBC1D24,60
TBC1D26,6832
TBC1D28,6833
TBC1D29,6834
TBC1D2B,29
TBC1D3,6835
TBC1D30,6836
TBC1D31,48
TBC1D32,6837
TBC1D3B,55
TBC1D3C,27
TBC1D3F,6838
TBC1D3H,6839
TBC1D4,60
TBC1D5,71
TBC1D7,6840
TBC1D8,14
TBC1D9,6841
TBC1D9B,63
TBCA,47
TBCB,71
TBCC,27
TBCCD1,6842
TBCD,14
TBCE,14
TBCEL,6843
TBCK,52
TBK1,22
TBKBP1,14
TBL1XR1,70
TBL2,60
TBL3,47
TBP,47
TBPL1,70
TBPL2,6844
TBR1,6845
TBRG1,70
TBRG4,0
TBX1,6846
TBX10,6847
TBX15,63
TBX18,6848
TBX19,60
TBX2,65
TBX20,14
TBX21,6849
TBX3,5
TBX4,6850
TBX5,6851
TBX6,6852
TBXA2R,6853
TBXAS1,6854
TC2N,29
TCAIM,6855
TCAP,27
TCEA1,50
TCEA2,60
TCEA3,14
TCEANC2,6856
TCERG1,8
TCERG1L,6857
TCF12,73
TCF15,6858
TCF19,60
TCF20,12
TCF21,6859
TCF23,6860
TCF24,6861
TCF25,60
TCF3,73
TCF4,38
TCF7,30
TCF7L1,41
TCF7L2,41
TCFL5,14
TCHH,6862
TCHHL1,6863
TCHP,73
TCIRG1,29
TCL1A,6864
TCL1B,6865
TCN1,14
TCN2,5
TCOF1,27
TCP1,21
TCP10,6866
TCP10L,6867
TCP10L2,6868
TCP11,6869
TCP11L1,14
TCP11L2,6870
TCTA,52
TCTE1,6871
TCTE3,6872
TCTEX1D1,6873
TCTEX1D2,14
TCTEX1D4,6874
TCTN1,52
TCTN2,63
TCTN3,6875
TDG,6876
TDGF1,6877
TDO2,6878
TDP1,60
TDP2,65
TDRD1,6879
TDRD10,6880
TDRD12,6881
TDRD3,14
TDRD5,6882
TDRD6,6883
TDRD7,6884
TDRD9,6885
TDRKH,6886
TDRP,6887
TEAD1,41
TEAD2,6888
TEAD3,60
TEAD4,6889
TEC,60
TECPR1,4
TECPR2,73
TECR,37
TECRL,6890
TECTA,6891
TECTB,6892
TEDDM1,6893
TEF,29
TEFM,55
TEK,6894
TEKT1,6895
TEKT2,6896
TEKT3,6897
TEKT4,54
TEKT5,6898
TELO2,47
TEN1,3
TENM3,6899
TENM4,6900
TEP1,70
TEPP,6901
TERF1,3
TERF2,3
TERF2IP,50
TERT,52
TES,14
TESC,6902
TESK1,50
TESK2,6903
TESPA1,6904
TET1,6905
TET2,6906
TET3,14
TEX10,47
TEX101,6907
TEX12,6908
TEX14,14
TEX15,6909
TEX19,14
TEX2,52
TEX22,6910
TEX26,6911
TEX261,6912
TEX264,38
TEX29,6913
TEX30,14
TEX35,6914
TEX37,6915
TEX38,6916
TEX9,6917
TF,6918
TFAM,55
TFAP2A,70
TFAP2B,29
TFAP2C,70
TFAP2D,6919
TFAP2E,6920
TFAP4,3
TFB1M,55
TFB2M,55
TFCP2,6921
TFDP1,45
TFDP2,41
TFEB,47
TFEC,6922
TFF1,6923
TFF2,6924
TFF3,6925
TFG,52
TFIP11,6926
TFPI,6927
TFPI2,47
TFPT,70
TFR2,14
TFRC,11
TG,6928
TGDS,73
TGFA,55
TGFB1,65
TGFB1I1,6929
TGFB2,6930
TGFB3,6931
TGFBI,60
TGFBR1,4
TGFBR2,4
TGFBR3,6932
TGFBR3L,6933
TGFBRAP1,52
TGIF1,14
TGIF2,14
TGM1,6934
TGM2,14
TGM3,6935
TGM4,6936
TGM5,73
TGM6,6937
TGM7,6938
TGOLN2,60
TGS1,60
TH,6939
THADA,54
THAP1,27
THAP10,6940
THAP11,0
THAP2,73
THAP3,73
THAP4,60
THAP5,6941
THAP6,27
THAP7,14
THAP8,6942
THAP9,6943
THBD,6944
THBS1,6945
THBS2,6946
THBS3,60
THBS4,14
THEM4,34
THEM5,6947
THEM6,5
THEMIS,6948
THEMIS2,6949
THG1L,50
THNSL2,27
THOC1,21
THOC3,6950
THOC5,47
THOC6,52
THOC7,47
THOP1,14
THPO,6951
THRA,14
THRAP3,47
THRB,6952
THRSP,60
THSD1,60
THSD4,6953
THSD7A,6954
THTPA,14
THUMPD1,60
THUMPD2,60
THUMPD3,60
THY1,6955
THYN1,6956
TIA1,73
TIAF1,54
TIAM1,14
TIAM2,6957
TICAM1,6958
TICAM2,6959
TICRR,45
TIE1,6960
TIFA,6961
TIFAB,6962
TIGD2,6963
TIGD3,6964
TIGD4,6965
TIGD5,60
TIGD6,70
TIGD7,6966
TIGIT,6967
TIMD4,6968
TIMELESS,45
TIMM10,47
TIMM10B,47
TIMM13,54
TIMM17A,54
TIMM21,6969
TIMM22,47
TIMM23,54
TIMM44,54
TIMM50,10
TIMM8B,6970
TIMM9,47
TIMMDC1,0
TIMP2,6971
TIMP3,73
TIMP4,6972
TINAG,63
TINAGL1,71
TINF2,3
TIPARP,14
TIPIN,45
TIPRL,21
TIRAP,6973
TJAP1,14
TJP1,41
TJP2,6974
TJP3,14
TK1,60
TK2,30
TKT,11
TKTL2,6975
TLCD1,30
TLCD2,63
TLE1,6976
TLE2,6977
TLE3,0
TLE4,6978
TLE6,6979
TLK2,70
TLL1,29
TLL2,4
TLN1,41
TLN2,60
TLR1,6980
TLR10,6981
TLR2,6982
TLR3,6983
TLR4,6984
TLR5,6985
TLR6,6986
TLR9,29
TLX1,6987
TLX2,29
TM2D1,73
TM2D2,73
TM2D3,73
TM4SF1,6988
TM4SF18,60
TM4SF19,6989
TM4SF20,6990
TM4SF4,6991
TM4SF5,6992
TM6SF1,6993
TM6SF2,6994
TM7SF2,6995
TM7SF3,14
TM9SF1,14
TM9SF2,30
TM9SF3,30
TM9SF4,11
TMA16,47
TMA7,64
TMBIM1,3
TMBIM4,4
TMBIM6,6996
TMC1,6997
TMC2,6998
TMC3,6999
TMC4,14
TMC5,14
TMC6,29
TMC7,7000
TMC8,54
TMCC1,7001
TMCC2,7002
TMCC3,7003
TMCO1,60
TMCO2,7004
TMCO3,60
TMCO4,60
TMCO5A,7005
TMCO6,27
TMED1,47
TMED10,30
TMED2,30
TMED3,60
TMED4,55
TMED5,14
TMED6,7006
TMED7,7007
TMED9,14
TMEFF1,7008
TMEFF2,7009
TMEM100,7010
TMEM101,70
TMEM102,71
TMEM104,14
TMEM105,7011
TMEM106A,7012
TMEM106B,7013
TMEM106C,37
TMEM107,73
TMEM108,7014
TMEM109,63
TMEM11,54
TMEM115,73
TMEM116,7015
TMEM117,60
TMEM119,7016
TMEM120B,7017
TMEM121,7018
TMEM123,60
TMEM125,14
TMEM126A,7019
TMEM127,52
TMEM128,63
TMEM129,14
TMEM130,7020
TMEM131,7021
TMEM132B,7022
TMEM132D,7023
TMEM132E,7024
TMEM134,60
TMEM135,7025
TMEM139,60
TMEM140,7026
TMEM141,65
TMEM143,7027
TMEM144,7028
TMEM145,7029
TMEM147,50
TMEM14A,60
TMEM14B,7030
TMEM14C,29
TMEM150A,27
TMEM150B,7031
TMEM150C,7032
TMEM151A,7033
TMEM151B,7034
TMEM154,10
TMEM155,7035
TMEM156,7036
TMEM158,7037
TMEM159,7038
TMEM160,30
TMEM161A,14
TMEM161B,11
TMEM163,7039
TMEM165,30
TMEM167A,30
TMEM167B,29
TMEM168,7040
TMEM169,7041
TMEM17,7042
TMEM170A,7043
TMEM170B,7044
TMEM171,7045
TMEM173,22
TMEM174,7046
TMEM175,7047
TMEM176A,7048
TMEM176B,7049
TMEM177,60
TMEM178A,7050
TMEM178B,7051
TMEM179,7052
TMEM179B,60
TMEM18,7053
TMEM181,7054
TMEM182,73
TMEM183A,60
TMEM184A,14
TMEM184B,38
TMEM184C,60
TMEM185B,3
TMEM186,54
TMEM189,37
TMEM19,7055
TMEM190,60
TMEM192,7056
TMEM196,7057
TMEM198,38
TMEM199,50
TMEM200A,7058
TMEM200B,7059
TMEM200C,7060
TMEM201,8
TMEM202,7061
TMEM203,7062
TMEM204,52
TMEM205,29
TMEM207,7063
TMEM208,73
TMEM209,55
TMEM210,7064
TMEM211,7065
TMEM212,7066
TMEM213,7067
TMEM214,29
TMEM215,7068
TMEM216,14
TMEM217,14
TMEM218,7069
TMEM219,7070
TMEM220,7071
TMEM221,7072
TMEM222,14
TMEM223,71
TMEM225,7073
TMEM229A,7074
TMEM229B,0
TMEM230,63
TMEM231,7075
TMEM232,7076
TMEM233,7077
TMEM234,3
TMEM235,7078
TMEM236,7079
TMEM237,7080
TMEM238,63
TMEM239,7081
TMEM240,7082
TMEM241,55
TMEM242,0
TMEM243,29
TMEM244,7083
TMEM245,41
TMEM246,7084
TMEM247,7085
TMEM248,7086
TMEM249,7087
TMEM251,71
TMEM252,7088
TMEM253,7089
TMEM254,7090
TMEM255B,7091
TMEM256,54
TMEM258,27
TMEM259,4
TMEM26,7092
TMEM262,7093
TMEM263,21
TMEM30B,14
TMEM33,60
TMEM37,7094
TMEM38A,60
TMEM38B,60
TMEM39A,7095
TMEM39B,60
TMEM40,7096
TMEM41A,37
TMEM41B,73
TMEM42,7097
TMEM43,7098
TMEM44,60
TMEM45A,7099
TMEM50A,7100
TMEM50B,60
TMEM51,29
TMEM52,7101
TMEM52B,7102
TMEM53,14
TMEM54,60
TMEM59,7103
TMEM59L,41
TMEM60,7104
TMEM61,7105
TMEM62,7106
TMEM63A,60
TMEM63B,4
TMEM63C,7107
TMEM64,15
TMEM65,60
TMEM67,4
TMEM68,7108
TMEM69,14
TMEM70,0
TMEM71,7109
TMEM72,7110
TMEM74,7111
TMEM74B,7112
TMEM79,47
TMEM80,70
TMEM81,54
TMEM82,7113
TMEM86A,7114
TMEM86B,7115
TMEM87A,14
TMEM87B,29
TMEM88,7116
TMEM88B,7117
TMEM89,7118
TMEM8A,52
TMEM8B,73
TMEM9,5
TMEM91,7119
TMEM92,7120
TMEM95,7121
TMEM97,60
TMEM98,7122
TMEM99,7123
TMEM9B,14
TMF1,29
TMIE,7124
TMIGD1,7125
TMIGD2,7126
TMOD1,7127
TMOD2,7128
TMOD3,5
TMOD4,7129
TMPO,8
TMPPE,7130
TMPRSS11A,7131
TMPRSS11B,7132
TMPRSS11D,7133
TMPRSS11E,7134
TMPRSS11F,7135
TMPRSS12,7136
TMPRSS13,7137
TMPRSS15,7138
TMPRSS2,7139
TMPRSS3,60
TMPRSS4,7140
TMPRSS5,7141
TMPRSS6,7142
TMPRSS7,7143
TMPRSS9,7144
TMSB10,60
TMTC1,7145
TMTC2,7146
TMTC3,7147
TMTC4,52
TMUB1,7148
TMUB2,63
TMX1,60
TMX2,11
TMX3,60
TMX4,41
TNC,10
TNFAIP1,7149
TNFAIP3,3
TNFAIP6,7150
TNFAIP8,7151
TNFAIP8L1,14
TNFAIP8L2,5
TNFAIP8L3,7152
TNFRSF10A,14
TNFRSF10B,14
TNFRSF10C,7153
TNFRSF10D,7154
TNFRSF11A,7155
TNFRSF11B,7156
TNFRSF12A,0
TNFRSF13B,7157
TNFRSF13C,7158
TNFRSF14,10
TNFRSF17,7159
TNFRSF18,7160
TNFRSF19,14
TNFRSF1A,7161
TNFRSF1B,7162
TNFRSF21,7163
TNFRSF25,7164
TNFRSF4,7165
TNFRSF9,7166
TNFSF10,63
TNFSF11,7167
TNFSF12,7168
TNFSF13,29
TNFSF13B,7169
TNFSF14,7170
TNFSF15,7171
TNFSF18,7172
TNFSF4,7173
TNFSF8,7174
TNFSF9,7175
TNIK,7176
TNIP1,3
TNIP2,7177
TNIP3,7178
TNK1,7179
TNK2,7180
TNKS,7181
TNKS1BP1,29
TNKS2,73
TNN,7182
TNNC1,7183
TNNC2,7184
TNNI1,7185
TNNI2,7186
TNNI3,7187
TNNI3K,7188
TNNT1,47
TNNT2,7189
TNP1,7190
TNP2,7191
TNPO2,7192
TNPO3,63
TNR,7193
TNRC18,55
TNRC6A,10
TNRC6B,52
TNRC6C,14
TNS1,68
TNS3,41
TNS4,14
TNXB,7194
TOB1,52
TOB2,14
TOE1,50
TOLLIP,7195
TOM1,14
TOM1L1,14
TOM1L2,60
TOMM20,38
TOMM20L,7196
TOMM22,38
TOMM34,11
TOMM40,7197
TOMM40L,7198
TOMM5,7199
TOMM6,7200
TOMM7,60
TONSL,45
TOP1,27
TOP1MT,10
TOP2A,47
TOP2B,60
TOP3A,45
TOP3B,14
TOPAZ1,7201
TOPBP1,45
TOPORS,14
TOR1A,71
TOR1AIP2,7202
TOR1B,14
TOR2A,0
TOR3A,60
TOR4A,63
TOX,60
TOX2,7203
TOX3,7204
TOX4,21
TP53,45
TP53AIP1,7205
TP53BP1,45
TP53BP2,41
TP53I11,7206
TP53I13,60
TP53I3,7207
TP53INP1,38
TP53INP2,60
TP53RK,47
TP53TG5,7208
TP63,60
TP73,56
TPBG,7209
TPBGL,7210
TPCN1,7211
TPCN2,63
TPD52,7212
TPD52L1,7213
TPD52L2,30
TPD52L3,7214
TPGS1,14
TPGS2,60
TPH1,7215
TPH2,7216
TPI1,11
TPK1,11
TPM1,7217
TPM2,14
TPM3,14
TPM4,60
TPMT,27
TPP1,7218
TPP2,29
TPPP,7219
TPPP2,7220
TPPP3,3
TPR,52
TPRA1,52
TPRG1,7221
TPRG1L,47
TPRKB,47
TPRN,7222
TPRX1,7223
TPSAB1,7224
TPSG1,7225
TPST1,21
TPST2,14
TPT1,47
TPTE,7226
TPTE2,7227
TPX2,21
TRA2A,50
TRA2B,60
TRABD2A,7228
TRABD2B,7229
TRADD,10
TRAF1,7230
TRAF2,3
TRAF3,3
TRAF3IP1,41
TRAF3IP2,7231
TRAF3IP3,14
TRAF4,4
TRAF5,7232
TRAF6,3
TRAF7,4
TRAFD1,60
TRAIP,45
TRAK1,54
TRAK2,48
TRAM1,7233
TRAM1L1,60
TRAM2,73
TRAP1,60
TRAPPC1,30
TRAPPC10,14
TRAPPC11,30
TRAPPC12,30
TRAPPC13,30
TRAPPC2L,30
TRAPPC3,27
TRAPPC3L,7234
TRAPPC4,30
TRAPPC5,7235
TRAPPC6A,29
TRAPPC6B,14
TRAPPC8,27
TRAPPC9,7236
TRAT1,7237
TRDMT1,7238
TRDN,7239
TREM1,7240
TREM2,7241
TREML1,7242
TREML2,7243
TREML4,7244
TRERF1,65
TREX1,54
TRH,7245
TRHDE,7246
TRHR,7247
TRIAP1,47
TRIB1,21
TRIB3,3
TRIM10,0
TRIM13,7248
TRIM14,7249
TRIM16,60
TRIM16L,52
TRIM17,7250
TRIM2,7251
TRIM21,14
TRIM22,7252
TRIM23,10
TRIM24,70
TRIM25,60
TRIM26,60
TRIM27,5
TRIM28,29
TRIM29,7253
TRIM3,7254
TRIM31,14
TRIM32,38
TRIM33,70
TRIM34,7255
TRIM35,7256
TRIM36,10
TRIM37,48
TRIM38,60
TRIM39,60
TRIM4,71
TRIM40,73
TRIM41,7257
TRIM42,7258
TRIM43,7259
TRIM45,14
TRIM46,7260
TRIM47,52
TRIM48,7261
TRIM49B,7262
TRIM49C,7263
TRIM49D1,60
TRIM5,60
TRIM50,7264
TRIM52,56
TRIM54,14
TRIM55,7265
TRIM56,7266
TRIM58,7267
TRIM59,7268
TRIM6,7269
TRIM60,7270
TRIM61,7271
TRIM62,7272
TRIM63,7273
TRIM64B,7274
TRIM65,10
TRIM67,7275
TRIM68,7276
TRIM69,14
TRIM7,4
TRIM71,11
TRIM72,7277
TRIM73,73
TRIM74,7278
TRIM8,21
TRIM9,14
TRIML1,7279
TRIML2,7280
TRIO,41
TRIOBP,14
TRIP10,60
TRIP11,30
TRIP12,60
TRIP13,21
TRIP4,60
TRIP6,48
TRMT1,47
TRMT10A,47
TRMT10B,29
TRMT10C,55
TRMT11,7281
TRMT112,47
TRMT12,65
TRMT13,60
TRMT1L,7282
TRMT2A,37
TRMT44,7283
TRMT5,27
TRMT6,47
TRMT61A,47
TRMT61B,60
TRMU,54
TRNAU1AP,21
TRNP1,71
TRNT1,27
TROAP,63
TRPA1,7284
TRPC1,60
TRPC3,7285
TRPC4,7286
TRPC4AP,63
TRPC6,7287
TRPC7,7288
TRPM1,7289
TRPM2,4
TRPM3,7290
TRPM4,56
TRPM5,7291
TRPM6,7292
TRPM7,11
TRPM8,7293
TRPS1,70
TRPT1,52
TRPV1,73
TRPV2,60
TRPV3,7294
TRPV4,71
TRPV5,7295
TRPV6,38
TRRAP,50
TRUB1,7296
TRUB2,55
TSACC,60
TSC1,41
TSC2,41
TSC22D1,7297
TSC22D2,5
TSC22D4,7298
TSEN15,7299
TSEN2,27
TSEN34,27
TSEN54,27
TSFM,55
TSG101,52
TSGA10,7300
TSHB,7301
TSHR,7302
TSHZ1,7303
TSHZ2,7304
TSHZ3,7305
TSKS,7306
TSKU,60
TSLP,7307
TSN,7308
TSNARE1,73
TSNAX,38
TSNAXIP1,7309
TSPAN1,7310
TSPAN11,7311
TSPAN12,14
TSPAN13,60
TSPAN14,14
TSPAN15,7312
TSPAN16,7313
TSPAN17,7314
TSPAN18,7315
TSPAN19,7316
TSPAN2,0
TSPAN3,7317
TSPAN31,73
TSPAN32,7318
TSPAN33,7319
TSPAN4,7320
TSPAN5,7321
TSPAN8,7322
TSPAN9,60
TSPEAR,58
TSPO,60
TSPO2,7323
TSPYL1,54
TSPYL4,7324
TSPYL5,27
TSPYL6,7325
TSR1,47
TSSC4,38
TSSK1B,7326
TSSK2,14
TSSK3,7327
TSSK4,11
TSSK6,7328
TST,7329
TSTA3,14
TSTD1,7330
TSTD2,7331
TTBK1,7332
TTBK2,10
TTC1,47
TTC12,7333
TTC14,7334
TTC17,7335
TTC19,4
TTC21A,7336
TTC21B,7337
TTC23,7338
TTC23L,7339
TTC26,7340
TTC27,60
TTC28,14
TTC3,60
TTC30A,7341
TTC30B,30
TTC32,7342
TTC33,7343
TTC36,7344
TTC37,60
TTC38,10
TTC39B,7345
TTC39C,65
TTC4,47
TTC5,11
TTC7A,41
TTC7B,29
TTC8,7346
TTC9,7347
TTC9C,14
TTF1,27
TTF2,54
TTI1,47
TTI2,47
TTK,27
TTL,63
TTLL1,60
TTLL10,7348
TTLL11,7349
TTLL12,7350
TTLL2,7351
TTLL3,7352
TTLL4,14
TTLL5,48
TTLL6,7353
TTLL7,7354
TTLL9,7355
TTN,7356
TTPA,7357
TTPAL,60
TTR,7358
TTYH1,7359
TTYH2,7360
TTYH3,60
TUB,65
TUBA1A,7361
TUBA1B,21
TUBA1C,27
TUBA3C,7362
TUBA3D,7363
TUBA3E,7364
TUBA4A,4
TUBA8,7365
TUBAL3,7366
TUBB,21
TUBB1,7367
TUBB2A,3
TUBB3,7368
TUBB4A,7369
TUBB4B,21
TUBB6,14
TUBD1,48
TUBE1,48
TUBG1,21
TUBG2,56
TUBGCP2,21
TUBGCP3,63
TUBGCP4,21
TUBGCP5,21
TUBGCP6,21
TUFM,55
TUFT1,21
TULP1,7370
TULP2,7371
TULP3,7372
TULP4,14
TUSC2,41
TUSC3,7373
TUT1,41
TVP23A,7374
TVP23B,60
TVP23C,7375
TWF1,41
TWF2,55
TWIST1,29
TWIST2,60
TWISTNB,60
TWSG1,7376
TXK,7377
TXLNA,7378
TXLNB,7379
TXN,7380
TXN2,0
TXNDC11,73
TXNDC12,7381
TXNDC15,41
TXNDC16,54
TXNDC17,52
TXNDC2,7382
TXNDC5,7383
TXNDC8,7384
TXNDC9,21
TXNIP,60
TXNL1,38
TXNL4A,27
TXNL4B,47
TXNRD1,52
TXNRD2,14
TYK2,47
TYMP,14
TYMS,11
TYR,7385
TYRO3,7386
TYROBP,7387
TYRP1,7388
TYSND1,14
TYW1,29
TYW1B,29
TYW3,65
TYW5,65
U2AF1,27
U2AF1L4,54
U2AF2,27
U2SURP,27
UACA,47
UAP1L1,7389
UBA2,65
UBA3,27
UBA5,73
UBA52,27
UBA6,73
UBA7,11
UBAC1,4
UBAC2,7390
UBAP1,52
UBAP1L,10
UBAP2,73
UBAP2L,4
UBASH3A,21
UBASH3B,7391
UBB,56
UBC,56
UBD,7392
UBE2B,30
UBE2C,21
UBE2D1,7393
UBE2D3,47
UBE2D4,14
UBE2E1,60
UBE2E2,7394
UBE2E3,4
UBE2F,11
UBE2G1,63
UBE2G2,73
UBE2H,5
UBE2I,14
UBE2J1,73
UBE2J2,37
UBE2K,45
UBE2L3,47
UBE2M,27
UBE2N,3
UBE2O,14
UBE2Q1,45
UBE2Q2,7395
UBE2QL1,7396
UBE2R2,11
UBE2S,21
UBE2T,45
UBE2U,7397
UBE2V2,73
UBE2W,14
UBE2Z,41
UBE3A,41
UBE3B,7398
UBE3C,7399
UBE3D,7400
UBE4A,7401
UBE4B,56
UBFD1,63
UBIAD1,11
UBL3,56
UBL4B,7402
UBL5,27
UBL7,56
UBLCP1,7403
UBN1,70
UBN2,70
UBOX5,14
UBP1,70
UBQLN3,7404
UBQLN4,10
UBQLNL,7405
UBR1,60
UBR2,7406
UBR4,73
UBR5,70
UBR7,7407
UBTD1,0
UBTD2,7408
UBTF,27
UBXN10,7409
UBXN11,7410
UBXN2A,70
UBXN2B,45
UBXN4,4
UBXN6,29
UBXN7,60
UCHL1,14
UCHL3,29
UCHL5,70
UCK1,37
UCK2,38
UCKL1,56
UCMA,7411
UCN,14
UCN2,7412
UCN3,7413
UCP1,7414
UCP2,60
UCP3,7415
UEVLD,52
UFC1,73
UFL1,73
UFM1,73
UFSP2,73
UGCG,30
UGDH,30
UGGT1,73
UGGT2,7416
UGP2,11
UGT1A10,7417
UGT1A3,11
UGT1A4,7418
UGT1A5,7419
UGT1A6,7420
UGT1A7,7421
UGT1A9,7422
UGT2A1,14
UGT2A3,7423
UGT2B11,7424
UGT2B15,7425
UGT2B17,7426
UGT2B28,7427
UGT2B4,7428
UGT2B7,7429
UGT3A1,7430
UGT3A2,7431
UGT8,7432
UHMK1,60
UHRF1BP1,60
UHRF1BP1L,41
UHRF2,4
UIMC1,7433
ULBP1,37
ULBP2,7434
ULBP3,14
ULK1,52
ULK2,41
ULK3,50
ULK4,73
UMOD,7435
UMODL1,7436
UMPS,11
UNC119,50
UNC119B,7437
UNC13A,7438
UNC13B,14
UNC13C,7439
UNC13D,7440
UNC45A,5
UNC45B,7441
UNC50,30
UNC5A,7442
UNC5B,4
UNC5C,7443
UNC5CL,7444
UNC5D,7445
UNC79,7446
UNC80,7447
UNC93A,7448
UNCX,7449
UNG,70
UNK,60
UNKL,7450
UPB1,7451
UPF1,27
UPF2,4
UPF3A,52
UPK1A,7452
UPK1B,7453
UPK2,7454
UPK3A,47
UPK3B,7455
UPP1,7456
UPP2,7457
UQCC1,0
UQCC2,0
UQCC3,0
UQCR10,0
UQCR11,4
UQCRB,0
UQCRC1,0
UQCRC2,0
UQCRFS1,0
UQCRH,14
UQCRQ,0
URAD,7458
URB1,47
URB2,47
URGCP,60
URI1,27
URM1,47
UROC1,7459
UROS,0
USB1,14
USE1,30
USF1,57
USF2,57
USH1C,7460
USH1G,7461
USH2A,7462
USHBP1,7463
USP1,45
USP10,10
USP12,7464
USP13,73
USP14,56
USP15,56
USP16,60
USP17L10,55
USP17L12,30
USP17L13,7465
USP17L2,7466
USP17L5,7467
USP18,14
USP19,73
USP2,7468
USP20,7469
USP21,65
USP22,50
USP24,30
USP25,7470
USP28,45
USP29,7471
USP3,60
USP30,7472
USP31,7473
USP32,7474
USP33,3
USP34,7475
USP35,38
USP36,27
USP37,45
USP38,38
USP39,27
USP4,7476
USP40,29
USP42,71
USP43,7477
USP44,7478
USP45,7479
USP46,7480
USP47,7481
USP48,4
USP49,60
USP5,27
USP50,7482
USP53,41
USP54,11
USP6,7483
USP6NL,7484
USP7,47
USP8,52
USPL1,50
UTF1,7485
UTP14C,60
UTP15,47
UTP18,47
UTP20,47
UTP23,14
UTP3,65
UTP6,7486
UTRN,7487
UTS2,7488
UTS2B,7489
UTS2R,7490
UVRAG,52
UVSSA,60
UXS1,11
VAC14,1
VAMP1,7491
VAMP2,7492
VAMP3,14
VAMP4,60
VAMP5,7493
VAMP8,14
VANGL1,3
VANGL2,7494
VAPA,73
VAPB,60
VARS2,55
VASH1,7495
VASH2,7496
VASN,7497
VASP,41
VAT1,14
VAT1L,7498
VAV1,63
VAV2,41
VAV3,7499
VAX1,7500
VAX2,7501
VCAM1,7502
VCAN,7503
VCL,41
VCP,27
VCPIP1,60
VCPKMT,71
VDAC1,11
VDAC2,73
VDAC3,4
VDR,10
VEGFA,7504
VEGFB,14
VEGFC,7505
VENTX,27
VEPH1,10
VEZF1,7506
VEZT,47
VGF,21
VGLL2,29
VGLL3,14
VGLL4,65
VHL,71
VIL1,7507
VILL,30
VIM,4
VIP,7508
VIPAS39,30
VIPR1,7509
VIT,7510
VKORC1,65
VKORC1L1,5
VLDLR,4
VMAC,52
VMO1,7511
VMP1,50
VN1R1,7512
VN1R2,7513
VN1R4,7514
VNN1,7515
VNN2,7516
VOPP1,71
VPREB1,7517
VPREB3,7518
VPS13A,7519
VPS13B,4
VPS13C,7520
VPS16,71
VPS18,71
VPS25,52
VPS26A,71
VPS26B,7521
VPS28,27
VPS29,71
VPS33A,7522
VPS33B,7523
VPS35,71
VPS36,52
VPS37A,52
VPS37B,60
VPS37C,7524
VPS37D,7525
VPS39,71
VPS41,71
VPS45,52
VPS4A,52
VPS4B,52
VPS51,30
VPS52,30
VPS53,30
VPS54,30
VPS72,50
VPS8,52
VPS9D1,29
VRK1,10
VRK2,65
VRK3,7526
VRTN,7527
VSIG10,60
VSIG10L,21
VSIG2,7528
VSIG8,7529
VSNL1,7530
VSTM1,7531
VSTM2A,7532
VSTM2B,7533
VSTM2L,7534
VSTM4,7535
VSTM5,7536
VSX1,7537
VSX2,7538
VTA1,52
VTCN1,7539
VTI1A,30
VTI1B,54
VTN,7540
VWA1,29
VWA2,7541
VWA3A,7542
VWA3B,7543
VWA5A,7544
VWA7,7545
VWA8,65
VWC2,7546
VWC2L,7547
VWCE,7548
VWDE,7549
VWF,7550
WAC,50
WARS,7551
WARS2,55
WASF1,7552
WASF2,41
WASF3,7553
WASL,41
WBP1,7554
WBP11,27
WBP1L,14
WBP2,60
WBP2NL,7555
WBP4,7556
WDFY1,7557
WDFY2,7558
WDFY3,60
WDFY4,7559
WDHD1,45
WDPCP,7560
WDR1,27
WDR11,7561
WDR12,47
WDR18,47
WDR19,7562
WDR24,71
WDR25,14
WDR26,5
WDR3,47
WDR33,27
WDR34,70
WDR35,7563
WDR36,14
WDR37,70
WDR4,47
WDR41,7564
WDR43,27
WDR45B,47
WDR46,7565
WDR47,60
WDR48,45
WDR5,47
WDR54,60
WDR55,47
WDR59,71
WDR5B,47
WDR6,3
WDR61,50
WDR62,29
WDR63,7566
WDR66,7567
WDR7,7568
WDR70,27
WDR72,7569
WDR73,30
WDR74,29
WDR75,47
WDR76,4
WDR77,27
WDR78,7570
WDR81,52
WDR82,7571
WDR83,47
WDR83OS,60
WDR90,30
WDR91,52
WDR92,7572
WDR93,7573
WDSUB1,14
WDTC1,29
WDYHV1,14
WEE1,21
WEE2,7574
WFDC1,7575
WFDC10A,7576
WFDC10B,7577
WFDC11,7578
WFDC12,7579
WFDC13,7580
WFDC2,7581
WFDC3,7582
WFDC5,7583
WFDC6,7584
WFDC8,7585
WFDC9,7586
WFIKKN1,7587
WFIKKN2,7588
WFS1,60
WHAMM,70
WIF1,7589
WIPF1,60
WIPF2,60
WIPF3,60
WIPI1,7590
WIPI2,52
WISP1,7591
WISP2,7592
WIZ,3
WLS,14
WNK1,5
WNK4,14
WNT1,7593
WNT10A,14
WNT10B,7594
WNT11,7595
WNT16,56
WNT2,7596
WNT2B,7597
WNT3,7598
WNT3A,54
WNT4,7599
WNT5A,27
WNT5B,7600
WNT6,7601
WNT7A,7602
WNT7B,7603
WNT8A,7604
WNT8B,7605
WNT9A,7606
WNT9B,7607
WRAP53,50
WRAP73,48
WRB,30
WRNIP1,60
WSB1,70
WSB2,73
WSCD1,11
WSCD2,7608
WT1,29
WTAP,47
WTIP,7609
WWC1,7610
WWC2,7611
WWOX,0
WWP1,60
WWP2,52
WWTR1,41
XAB2,27
XAF1,73
XBP1,73
XCL1,7612
XCR1,7613
XDH,7614
XIRP1,7615
XIRP2,7616
XKR3,7617
XKR4,7618
XKR6,50
XKR7,60
XKR8,55
XKR9,14
XPA,41
XPC,14
XPNPEP1,29
XPNPEP3,55
XPO1,27
XPO4,21
XPO5,10
XPO6,5
XPO7,45
XPR1,41
XRCC1,48
XRCC2,45
XRCC3,45
XRCC4,47
XRCC6,47
XRN1,17
XRN2,7619
XRRA1,7620
XXYLT1,14
XYLB,7621
XYLT1,70
XYLT2,30
YAF2,4
YAP1,41
YARS,27
YARS2,55
YBEY,0
YBX1,29
YBX2,7622
YBX3,50
YDJC,7623
YEATS2,45
YEATS4,50
YES1,41
YIF1A,29
YIF1B,4
YIPF1,7624
YIPF2,60
YIPF3,7625
YIPF4,7626
YIPF5,30
YIPF7,7627
YJEFN3,55
YKT6,30
YLPM1,7628
YME1L1,54
YOD1,29
YPEL1,7629
YPEL2,14
YPEL3,14
YPEL4,7630
YPEL5,5
YRDC,11
YTHDC1,47
YTHDC2,7631
YTHDF1,7632
YTHDF2,47
YWHAB,38
YWHAE,38
YWHAG,38
YWHAH,4
YWHAQ,38
YWHAZ,38
YY1,14
YY1AP1,55
ZACN,7633
ZADH2,7634
ZAP70,60
ZAR1,7635
ZAR1L,7636
ZBBX,7637
ZBED2,0
ZBED3,7638
ZBED4,37
ZBED6,7639
ZBED8,56
ZBED9,7640
ZBP1,7641
ZBTB1,14
ZBTB10,14
ZBTB11,60
ZBTB12,60
ZBTB14,7642
ZBTB16,60
ZBTB18,29
ZBTB2,3
ZBTB20,7643
ZBTB21,14
ZBTB22,60
ZBTB24,70
ZBTB25,60
ZBTB26,24
ZBTB3,14
ZBTB32,7644
ZBTB34,41
ZBTB37,7645
ZBTB38,60
ZBTB39,41
ZBTB4,38
ZBTB40,7646
ZBTB41,38
ZBTB42,7647
ZBTB43,7648
ZBTB45,5
ZBTB46,7649
ZBTB47,7650
ZBTB48,7651
ZBTB49,7652
ZBTB5,11
ZBTB6,14
ZBTB7A,60
ZBTB7B,65
ZBTB7C,7653
ZBTB8A,7654
ZBTB8B,7655
ZBTB8OS,45
ZBTB9,14
ZC2HC1A,60
ZC2HC1B,7656
ZC2HC1C,7657
ZC3H10,14
ZC3H11A,55
ZC3H12C,7658
ZC3H13,47
ZC3H14,7659
ZC3H18,60
ZC3H3,14
ZC3H4,54
ZC3H6,29
ZC3H7A,60
ZC3H7B,52
ZC3H8,27
ZC3HAV1,7660
ZC3HAV1L,7661
ZC3HC1,52
ZCCHC10,4
ZCCHC14,7662
ZCCHC17,73
ZCCHC2,41
ZCCHC24,7663
ZCCHC3,7664
ZCCHC4,7665
ZCCHC7,47
ZCCHC9,47
ZCRB1,47
ZCWPW1,7666
ZCWPW2,7667
ZDBF2,7668
ZDHHC1,65
ZDHHC11,7669
ZDHHC12,60
ZDHHC13,27
ZDHHC14,7670
ZDHHC16,7671
ZDHHC17,7672
ZDHHC18,47
ZDHHC19,7673
ZDHHC2,60
ZDHHC20,56
ZDHHC21,7674
ZDHHC22,7675
ZDHHC23,7676
ZDHHC24,60
ZDHHC3,7677
ZDHHC4,52
ZDHHC6,7678
ZDHHC7,60
ZDHHC8,54
ZEB1,41
ZEB2,21
ZER1,41
ZFAND1,54
ZFAND2B,7679
ZFAND3,27
ZFAND4,7680
ZFAND5,29
ZFAND6,60
ZFAT,30
ZFC3H1,14
ZFHX2,7681
ZFHX3,7682
ZFHX4,10
ZFP1,71
ZFP14,7683
ZFP2,7684
ZFP28,71
ZFP3,54
ZFP30,7685
ZFP36,60
ZFP36L1,65
ZFP36L2,70
ZFP37,7686
ZFP41,73
ZFP42,7687
ZFP57,7688
ZFP64,70
ZFP69,7689
ZFP69B,8
ZFP82,7690
ZFP90,14
ZFP91,4
ZFPL1,50
ZFPM1,70
ZFPM2,7691
ZFR,14
ZFR2,7692
ZFYVE1,29
ZFYVE16,14
ZFYVE19,7693
ZFYVE26,54
ZFYVE27,60
ZFYVE28,14
ZFYVE9,7694
ZG16,7695
ZG16B,7696
ZGLP1,4
ZGPAT,14
ZGRF1,45
ZHX1,60
ZHX2,41
ZHX3,7697
ZIC1,7698
ZIC2,70
ZIC4,7699
ZIC5,60
ZIK1,7700
ZIM2,7701
ZIM3,7702
ZKSCAN1,41
ZKSCAN2,8
ZKSCAN3,7703
ZKSCAN4,7704
ZKSCAN5,29
ZKSCAN7,7705
ZKSCAN8,7706
ZMAT2,14
ZMAT3,7707
ZMAT4,7708
ZMAT5,27
ZMIZ1,70
ZMIZ2,7709
ZMPSTE24,10
ZMYM1,7710
ZMYM2,60
ZMYM4,29
ZMYM5,7711
ZMYM6,50
ZMYND10,27
ZMYND11,7712
ZMYND12,7713
ZMYND15,7714
ZMYND19,5
ZMYND8,50
ZNF10,3
ZNF100,14
ZNF101,29
ZNF106,55
ZNF107,7715
ZNF112,7716
ZNF114,14
ZNF117,14
ZNF12,7717
ZNF121,52
ZNF124,60
ZNF132,14
ZNF133,38
ZNF134,60
ZNF135,10
ZNF136,7718
ZNF138,14
ZNF14,7719
ZNF140,7720
ZNF141,39
ZNF148,54
ZNF154,7721
ZNF155,27
ZNF16,7722
ZNF160,52
ZNF165,7723
ZNF169,29
ZNF17,60
ZNF174,0
ZNF175,7724
ZNF177,7725
ZNF18,7726
ZNF180,7727
ZNF181,13
ZNF184,7728
ZNF189,7729
ZNF19,14
ZNF195,60
ZNF197,14
ZNF2,7730
ZNF20,7731
ZNF200,14
ZNF202,14
ZNF205,47
ZNF207,27
ZNF208,7732
ZNF211,7733
ZNF212,30
ZNF213,7734
ZNF214,7735
ZNF217,41
ZNF219,14
ZNF22,60
ZNF221,7736
ZNF222,7737
ZNF223,14
ZNF224,11
ZNF225,73
ZNF226,63
ZNF227,14
ZNF229,7738
ZNF23,7739
ZNF230,52
ZNF232,29
ZNF233,7740
ZNF234,52
ZNF235,7741
ZNF236,52
ZNF239,7742
ZNF24,4
ZNF248,7743
ZNF25,60
ZNF250,10
ZNF253,7744
ZNF254,4
ZNF256,54
ZNF257,7745
ZNF26,67
ZNF263,21
ZNF264,11
ZNF266,10
ZNF267,7746
ZNF273,60
ZNF276,38
ZNF277,10
ZNF28,47
ZNF280A,24
ZNF280B,7747
ZNF280D,60
ZNF281,54
ZNF282,7748
ZNF283,3
ZNF284,7749
ZNF285,55
ZNF286A,7750
ZNF286B,7751
ZNF287,7752
ZNF296,3
ZNF3,41
ZNF30,7753
ZNF300,7754
ZNF302,73
ZNF304,7755
ZNF311,7756
ZNF317,29
ZNF318,60
ZNF319,14
ZNF32,0
ZNF320,7757
ZNF322,60
ZNF324,11
ZNF324B,10
ZNF326,30
ZNF329,7758
ZNF330,60
ZNF331,7759
ZNF333,60
ZNF334,7760
ZNF335,7761
ZNF337,73
ZNF33A,7762
ZNF33B,60
ZNF34,7763
ZNF341,60
ZNF343,7764
ZNF345,60
ZNF346,14
ZNF347,7765
ZNF35,10
ZNF350,7766
ZNF354A,7767
ZNF354B,7768
ZNF358,7769
ZNF362,60
ZNF365,7770
ZNF366,7771
ZNF37A,14
ZNF382,7772
ZNF383,60
ZNF384,7773
ZNF385A,7774
ZNF385D,7775
ZNF391,7776
ZNF394,56
ZNF395,7777
ZNF396,7778
ZNF397,14
ZNF398,7779
ZNF404,60
ZNF407,7780
ZNF408,14
ZNF410,7781
ZNF414,27
ZNF415,7782
ZNF416,7783
ZNF417,7784
ZNF418,7785
ZNF419,7786
ZNF420,7787
ZNF423,7788
ZNF425,63
ZNF426,7789
ZNF428,60
ZNF429,7790
ZNF43,30
ZNF430,60
ZNF431,63
ZNF432,60
ZNF433,7791
ZNF436,60
ZNF438,14
ZNF439,7792
ZNF44,7793
ZNF440,14
ZNF441,7794
ZNF442,30
ZNF443,7795
ZNF444,29
ZNF445,7796
ZNF446,27
ZNF45,7797
ZNF451,47
ZNF454,7798
ZNF460,60
ZNF461,7799
ZNF462,7800
ZNF467,7801
ZNF468,52
ZNF469,7802
ZNF470,7803
ZNF471,7804
ZNF473,7805
ZNF474,7806
ZNF479,7807
ZNF48,5
ZNF480,29
ZNF483,7808
ZNF484,7809
ZNF485,29
ZNF486,60
ZNF488,7810
ZNF490,7811
ZNF491,7812
ZNF492,60
ZNF493,47
ZNF497,7813
ZNF500,7814
ZNF501,4
ZNF502,14
ZNF503,11
ZNF506,29
ZNF507,7815
ZNF510,7816
ZNF511,27
ZNF512,60
ZNF512B,21
ZNF513,60
ZNF514,27
ZNF517,14
ZNF518B,7817
ZNF519,7818
ZNF521,7819
ZNF524,63
ZNF526,14
ZNF527,7820
ZNF528,67
ZNF529,7821
ZNF530,7822
ZNF532,50
ZNF534,7823
ZNF536,7824
ZNF540,7825
ZNF541,7826
ZNF543,7827
ZNF544,7828
ZNF546,7829
ZNF547,7830
ZNF548,7831
ZNF549,63
ZNF550,63
ZNF551,60
ZNF552,60
ZNF554,7832
ZNF555,7833
ZNF556,7834
ZNF557,7835
ZNF558,7836
ZNF559,7837
ZNF560,14
ZNF561,7838
ZNF562,30
ZNF563,7839
ZNF564,7840
ZNF565,7841
ZNF566,7842
ZNF567,7843
ZNF568,7844
ZNF569,73
ZNF570,7845
ZNF571,4
ZNF572,7846
ZNF573,14
ZNF574,47
ZNF575,7847
ZNF576,65
ZNF577,7848
ZNF578,7849
ZNF579,4
ZNF580,60
ZNF581,60
ZNF583,7850
ZNF584,5
ZNF585A,7851
ZNF585B,7852
ZNF586,7853
ZNF587,7854
ZNF587B,4
ZNF589,7855
ZNF592,7856
ZNF593,47
ZNF594,14
ZNF596,7857
ZNF597,5
ZNF599,7858
ZNF600,7859
ZNF605,29
ZNF606,7860
ZNF607,7861
ZNF608,4
ZNF609,54
ZNF610,7862
ZNF611,7863
ZNF613,7864
ZNF614,7865
ZNF615,7866
ZNF616,7867
ZNF618,7868
ZNF619,73
ZNF620,7869
ZNF621,47
ZNF622,47
ZNF623,11
ZNF624,7870
ZNF625,7871
ZNF626,7872
ZNF627,29
ZNF628,29
ZNF629,10
ZNF638,3
ZNF639,7873
ZNF641,7874
ZNF644,3
ZNF646,31
ZNF648,7875
ZNF649,6
ZNF652,70
ZNF653,73
ZNF654,7876
ZNF655,14
ZNF658,7877
ZNF660,7878
ZNF662,7879
ZNF664,7880
ZNF665,7881
ZNF667,7882
ZNF668,7883
ZNF669,60
ZNF670,7884
ZNF671,7885
ZNF672,3
ZNF675,60
ZNF677,7886
ZNF679,7887
ZNF680,7888
ZNF681,7889
ZNF682,7890
ZNF683,7891
ZNF684,7892
ZNF687,29
ZNF688,7893
ZNF689,41
ZNF69,7894
ZNF691,7895
ZNF692,14
ZNF695,7896
ZNF696,60
ZNF697,7897
ZNF699,7898
ZNF7,63
ZNF70,7899
ZNF700,7900
ZNF701,73
ZNF703,14
ZNF704,7901
ZNF705A,7902
ZNF705B,7903
ZNF705D,7904
ZNF706,7905
ZNF707,7906
ZNF709,7907
ZNF71,50
ZNF713,14
ZNF714,60
ZNF716,7908
ZNF721,7909
ZNF726,7910
ZNF728,7911
ZNF729,7912
ZNF732,7913
ZNF736,60
ZNF737,38
ZNF74,14
ZNF740,63
ZNF746,27
ZNF747,27
ZNF749,14
ZNF750,7914
ZNF75A,7915
ZNF76,60
ZNF763,7916
ZNF764,7917
ZNF765,7918
ZNF766,7919
ZNF768,14
ZNF77,41
ZNF770,7920
ZNF771,21
ZNF772,30
ZNF773,7921
ZNF774,7922
ZNF775,29
ZNF776,7923
ZNF777,7924
ZNF778,29
ZNF780A,7925
ZNF780B,60
ZNF781,7926
ZNF782,54
ZNF783,14
ZNF784,10
ZNF785,60
ZNF787,29
ZNF789,60
ZNF79,60
ZNF790,7927
ZNF791,7928
ZNF792,10
ZNF793,60
ZNF799,7929
ZNF8,7930
ZNF80,3
ZNF800,70
ZNF804A,7931
ZNF804B,7932
ZNF805,7933
ZNF808,7934
ZNF813,7935
ZNF814,54
ZNF816,7936
ZNF821,41
ZNF823,7937
ZNF827,7938
ZNF829,55
ZNF83,7939
ZNF830,27
ZNF831,7940
ZNF835,7941
ZNF836,7942
ZNF839,14
ZNF84,7943
ZNF841,7944
ZNF843,7945
ZNF844,7946
ZNF845,29
ZNF846,7947
ZNF85,14
ZNF850,7948
ZNF853,7949
ZNF860,7950
ZNF862,14
ZNF865,7951
ZNF878,7952
ZNF879,7953
ZNF880,38
ZNF891,7954
ZNF90,7955
ZNF91,60
ZNF92,7956
ZNF98,63
ZNF99,7957
ZNFX1,47
ZNHIT1,50
ZNHIT2,27
ZNHIT3,47
ZNHIT6,21
ZNRD1,27
ZNRF1,65
ZNRF2,30
ZNRF3,11
ZNRF4,7958
ZP1,7959
ZP2,7960
ZP3,7961
ZP4,7962
ZPBP,7963
ZPBP2,7964
ZPLD1,7965
ZPR1,47
ZRANB1,60
ZRANB2,7966
ZRANB3,7967
ZSCAN1,7968
ZSCAN10,7969
ZSCAN16,41
ZSCAN18,7970
ZSCAN2,14
ZSCAN20,47
ZSCAN21,7971
ZSCAN22,7972
ZSCAN23,7973
ZSCAN25,73
ZSCAN29,60
ZSCAN30,27
ZSCAN31,7974
ZSCAN32,35
ZSCAN4,7975
ZSCAN5A,7976
ZSCAN5B,7977
ZSCAN9,14
ZSWIM1,14
ZSWIM2,7978
ZSWIM3,7979
ZSWIM4,7980
ZSWIM5,7981
ZSWIM6,7982
ZSWIM7,60
ZSWIM8,60
ZW10,30
ZWILCH,56
ZWINT,27
ZXDC,60
ZYG11A,7983
ZYG11B,7984
ZZEF1,10
ZZZ3,45
