repeat,alpha,delta,method,threshold,fdp,pool_risk,supp_genes,supp_terms,calls,genes
0,0.05,0.5,Multilabel,37.784172,0.03155781213939534,0.031446403780527,338,771,1027,394
0,0.05,0.5,Hoeffding/LTT,37.784172,0.03155781213939534,0.031446403780527,338,771,1027,394
0,0.05,0.5,Hoeffding-Bentkus,37.784172,0.03155781213939534,0.031446403780527,338,771,1027,394
0,0.05,0.5,IID-normal,37.784172,0.03155781213939534,0.031446403780527,338,771,1027,394
0,0.05,0.5,Empirical Bernstein,37.784172,0.03155781213939534,0.031446403780527,338,771,1027,394
0,0.05,0.5,Platt calibration,44.566222,0.018216401261635512,0.019801091483555938,162,436,588,200
0,0.05,0.5,Isotonic calibration,37.784172,0.03155781213939534,0.031446403780527,338,771,1027,394
0,0.05,0.1,Multilabel,37.784172,0.03155781213939534,0.031446403780527,338,771,1027,394
0,0.05,0.1,Hoeffding/LTT,37.784172,0.03155781213939534,0.031446403780527,338,771,1027,394
0,0.05,0.1,Hoeffding-Bentkus,37.784172,0.03155781213939534,0.031446403780527,338,771,1027,394
0,0.05,0.1,IID-normal,37.784172,0.03155781213939534,0.031446403780527,338,771,1027,394
0,0.05,0.1,Empirical Bernstein,37.784172,0.03155781213939534,0.031446403780527,338,771,1027,394
0,0.05,0.1,Platt calibration,44.566222,0.018216401261635512,0.019801091483555938,162,436,588,200
0,0.05,0.1,Isotonic calibration,37.784172,0.03155781213939534,0.031446403780527,338,771,1027,394
0,0.1,0.5,Multilabel,27.159271,0.09262674051850142,0.08979508182707234,568,1315,2071,749
0,0.1,0.5,Hoeffding/LTT,32.034209,0.06041221119573301,0.05813385206157719,454,1045,1513,573
0,0.1,0.5,Hoeffding-Bentkus,32.034209,0.06041221119573301,0.05813385206157719,454,1045,1513,573
0,0.1,0.5,IID-normal,27.159271,0.09262674051850142,0.08979508182707234,568,1315,2071,749
0,0.1,0.5,Empirical Bernstein,32.034209,0.06041221119573301,0.05813385206157719,454,1045,1513,573
0,0.1,0.5,Platt calibration,32.034209,0.06041221119573301,0.05813385206157719,454,1045,1513,573
0,0.1,0.5,Isotonic calibration,32.034209,0.06041221119573301,0.05813385206157719,454,1045,1513,573
0,0.1,0.1,Multilabel,32.034209,0.06041221119573301,0.05813385206157719,454,1045,1513,573
0,0.1,0.1,Hoeffding/LTT,32.034209,0.06041221119573301,0.05813385206157719,454,1045,1513,573
0,0.1,0.1,Hoeffding-Bentkus,32.034209,0.06041221119573301,0.05813385206157719,454,1045,1513,573
0,0.1,0.1,IID-normal,32.034209,0.06041221119573301,0.05813385206157719,454,1045,1513,573
0,0.1,0.1,Empirical Bernstein,32.034209,0.06041221119573301,0.05813385206157719,454,1045,1513,573
0,0.1,0.1,Platt calibration,32.034209,0.06041221119573301,0.05813385206157719,454,1045,1513,573
0,0.1,0.1,Isotonic calibration,32.034209,0.06041221119573301,0.05813385206157719,454,1045,1513,573
0,0.2,0.5,Multilabel,19.522089,0.15991294202118114,0.1537619571414272,766,1927,3449,1077
0,0.2,0.5,Hoeffding/LTT,19.522089,0.15991294202118114,0.1537619571414272,766,1927,3449,1077
0,0.2,0.5,Hoeffding-Bentkus,19.522089,0.15991294202118114,0.1537619571414272,766,1927,3449,1077
0,0.2,0.5,IID-normal,19.522089,0.15991294202118114,0.1537619571414272,766,1927,3449,1077
0,0.2,0.5,Empirical Bernstein,19.522089,0.15991294202118114,0.1537619571414272,766,1927,3449,1077
0,0.2,0.5,Platt calibration,19.522089,0.15991294202118114,0.1537619571414272,766,1927,3449,1077
0,0.2,0.5,Isotonic calibration,19.522089,0.15991294202118114,0.1537619571414272,766,1927,3449,1077
0,0.2,0.1,Multilabel,19.522089,0.15991294202118114,0.1537619571414272,766,1927,3449,1077
0,0.2,0.1,Hoeffding/LTT,19.522089,0.15991294202118114,0.1537619571414272,766,1927,3449,1077
0,0.2,0.1,Hoeffding-Bentkus,19.522089,0.15991294202118114,0.1537619571414272,766,1927,3449,1077
0,0.2,0.1,IID-normal,19.522089,0.15991294202118114,0.1537619571414272,766,1927,3449,1077
0,0.2,0.1,Empirical Bernstein,19.522089,0.15991294202118114,0.1537619571414272,766,1927,3449,1077
0,0.2,0.1,Platt calibration,19.522089,0.15991294202118114,0.1537619571414272,766,1927,3449,1077
0,0.2,0.1,Isotonic calibration,19.522089,0.15991294202118114,0.1537619571414272,766,1927,3449,1077
1,0.05,0.5,Multilabel,37.784172,0.03303395132958946,0.03133069865889771,381,773,1042,433
1,0.05,0.5,Hoeffding/LTT,37.784172,0.03303395132958946,0.03133069865889771,381,773,1042,433
1,0.05,0.5,Hoeffding-Bentkus,37.784172,0.03303395132958946,0.03133069865889771,381,773,1042,433
1,0.05,0.5,IID-normal,37.784172,0.03303395132958946,0.03133069865889771,381,773,1042,433
1,0.05,0.5,Empirical Bernstein,37.784172,0.03303395132958946,0.03133069865889771,381,773,1042,433
1,0.05,0.5,Platt calibration,44.566222,0.02126125086545119,0.01996086456986931,177,414,580,224
1,0.05,0.5,Isotonic calibration,37.784172,0.03303395132958946,0.03133069865889771,381,773,1042,433
1,0.05,0.1,Multilabel,37.784172,0.03303395132958946,0.03133069865889771,381,773,1042,433
1,0.05,0.1,Hoeffding/LTT,37.784172,0.03303395132958946,0.03133069865889771,381,773,1042,433
1,0.05,0.1,Hoeffding-Bentkus,37.784172,0.03303395132958946,0.03133069865889771,381,773,1042,433
1,0.05,0.1,IID-normal,37.784172,0.03303395132958946,0.03133069865889771,381,773,1042,433
1,0.05,0.1,Empirical Bernstein,37.784172,0.03303395132958946,0.03133069865889771,381,773,1042,433
1,0.05,0.1,Platt calibration,44.566222,0.02126125086545119,0.01996086456986931,177,414,580,224
1,0.05,0.1,Isotonic calibration,37.784172,0.03303395132958946,0.03133069865889771,381,773,1042,433
1,0.1,0.5,Multilabel,27.159271,0.08586339974869864,0.08861037593265081,608,1353,2096,757
1,0.1,0.5,Hoeffding/LTT,32.034209,0.05623163320255403,0.05642456214138678,507,1079,1540,600
1,0.1,0.5,Hoeffding-Bentkus,32.034209,0.05623163320255403,0.05642456214138678,507,1079,1540,600
1,0.1,0.5,IID-normal,27.159271,0.08586339974869864,0.08861037593265081,608,1353,2096,757
1,0.1,0.5,Empirical Bernstein,32.034209,0.05623163320255403,0.05642456214138678,507,1079,1540,600
1,0.1,0.5,Platt calibration,32.034209,0.05623163320255403,0.05642456214138678,507,1079,1540,600
1,0.1,0.5,Isotonic calibration,32.034209,0.05623163320255403,0.05642456214138678,507,1079,1540,600
1,0.1,0.1,Multilabel,32.034209,0.05623163320255403,0.05642456214138678,507,1079,1540,600
1,0.1,0.1,Hoeffding/LTT,32.034209,0.05623163320255403,0.05642456214138678,507,1079,1540,600
1,0.1,0.1,Hoeffding-Bentkus,32.034209,0.05623163320255403,0.05642456214138678,507,1079,1540,600
1,0.1,0.1,IID-normal,32.034209,0.05623163320255403,0.05642456214138678,507,1079,1540,600
1,0.1,0.1,Empirical Bernstein,32.034209,0.05623163320255403,0.05642456214138678,507,1079,1540,600
1,0.1,0.1,Platt calibration,32.034209,0.05623163320255403,0.05642456214138678,507,1079,1540,600
1,0.1,0.1,Isotonic calibration,32.034209,0.05623163320255403,0.05642456214138678,507,1079,1540,600
1,0.2,0.5,Multilabel,19.522089,0.14485353185676286,0.1518054576353801,829,2006,3438,1077
1,0.2,0.5,Hoeffding/LTT,19.522089,0.14485353185676286,0.1518054576353801,829,2006,3438,1077
1,0.2,0.5,Hoeffding-Bentkus,19.522089,0.14485353185676286,0.1518054576353801,829,2006,3438,1077
1,0.2,0.5,IID-normal,19.522089,0.14485353185676286,0.1518054576353801,829,2006,3438,1077
1,0.2,0.5,Empirical Bernstein,19.522089,0.14485353185676286,0.1518054576353801,829,2006,3438,1077
1,0.2,0.5,Platt calibration,19.522089,0.14485353185676286,0.1518054576353801,829,2006,3438,1077
1,0.2,0.5,Isotonic calibration,19.522089,0.14485353185676286,0.1518054576353801,829,2006,3438,1077
1,0.2,0.1,Multilabel,19.522089,0.14485353185676286,0.1518054576353801,829,2006,3438,1077
1,0.2,0.1,Hoeffding/LTT,19.522089,0.14485353185676286,0.1518054576353801,829,2006,3438,1077
1,0.2,0.1,Hoeffding-Bentkus,19.522089,0.14485353185676286,0.1518054576353801,829,2006,3438,1077
1,0.2,0.1,IID-normal,19.522089,0.14485353185676286,0.1518054576353801,829,2006,3438,1077
1,0.2,0.1,Empirical Bernstein,19.522089,0.14485353185676286,0.1518054576353801,829,2006,3438,1077
1,0.2,0.1,Platt calibration,19.522089,0.14485353185676286,0.1518054576353801,829,2006,3438,1077
1,0.2,0.1,Isotonic calibration,19.522089,0.14485353185676286,0.1518054576353801,829,2006,3438,1077
2,0.05,0.5,Multilabel,37.784172,0.029473036387414414,0.030686391675728165,360,758,998,406
2,0.05,0.5,Hoeffding/LTT,37.784172,0.029473036387414414,0.030686391675728165,360,758,998,406
2,0.05,0.5,Hoeffding-Bentkus,37.784172,0.029473036387414414,0.030686391675728165,360,758,998,406
2,0.05,0.5,IID-normal,37.784172,0.029473036387414414,0.030686391675728165,360,758,998,406
2,0.05,0.5,Empirical Bernstein,37.784172,0.029473036387414414,0.030686391675728165,360,758,998,406
2,0.05,0.5,Platt calibration,44.566222,0.017471728594507272,0.01939178515007899,161,413,546,197
2,0.05,0.5,Isotonic calibration,37.784172,0.029473036387414414,0.030686391675728165,360,758,998,406
2,0.05,0.1,Multilabel,37.784172,0.029473036387414414,0.030686391675728165,360,758,998,406
2,0.05,0.1,Hoeffding/LTT,37.784172,0.029473036387414414,0.030686391675728165,360,758,998,406
2,0.05,0.1,Hoeffding-Bentkus,37.784172,0.029473036387414414,0.030686391675728165,360,758,998,406
2,0.05,0.1,IID-normal,37.784172,0.029473036387414414,0.030686391675728165,360,758,998,406
2,0.05,0.1,Empirical Bernstein,37.784172,0.029473036387414414,0.030686391675728165,360,758,998,406
2,0.05,0.1,Platt calibration,44.566222,0.017471728594507272,0.01939178515007899,161,413,546,197
2,0.05,0.1,Isotonic calibration,37.784172,0.029473036387414414,0.030686391675728165,360,758,998,406
2,0.1,0.5,Multilabel,27.159271,0.0863231787060543,0.08846449429980235,585,1310,2022,737
2,0.1,0.5,Hoeffding/LTT,32.034209,0.05630086929763827,0.05705254132386833,490,1049,1501,583
2,0.1,0.5,Hoeffding-Bentkus,32.034209,0.05630086929763827,0.05705254132386833,490,1049,1501,583
2,0.1,0.5,IID-normal,27.159271,0.0863231787060543,0.08846449429980235,585,1310,2022,737
2,0.1,0.5,Empirical Bernstein,32.034209,0.05630086929763827,0.05705254132386833,490,1049,1501,583
2,0.1,0.5,Platt calibration,32.034209,0.05630086929763827,0.05705254132386833,490,1049,1501,583
2,0.1,0.5,Isotonic calibration,32.034209,0.05630086929763827,0.05705254132386833,490,1049,1501,583
2,0.1,0.1,Multilabel,32.034209,0.05630086929763827,0.05705254132386833,490,1049,1501,583
2,0.1,0.1,Hoeffding/LTT,32.034209,0.05630086929763827,0.05705254132386833,490,1049,1501,583
2,0.1,0.1,Hoeffding-Bentkus,32.034209,0.05630086929763827,0.05705254132386833,490,1049,1501,583
2,0.1,0.1,IID-normal,32.034209,0.05630086929763827,0.05705254132386833,490,1049,1501,583
2,0.1,0.1,Empirical Bernstein,32.034209,0.05630086929763827,0.05705254132386833,490,1049,1501,583
2,0.1,0.1,Platt calibration,32.034209,0.05630086929763827,0.05705254132386833,490,1049,1501,583
2,0.1,0.1,Isotonic calibration,32.034209,0.05630086929763827,0.05705254132386833,490,1049,1501,583
2,0.2,0.5,Multilabel,19.522089,0.14630689540221042,0.15187415330133985,782,1930,3314,1049
2,0.2,0.5,Hoeffding/LTT,19.522089,0.14630689540221042,0.15187415330133985,782,1930,3314,1049
2,0.2,0.5,Hoeffding-Bentkus,19.522089,0.14630689540221042,0.15187415330133985,782,1930,3314,1049
2,0.2,0.5,IID-normal,19.522089,0.14630689540221042,0.15187415330133985,782,1930,3314,1049
2,0.2,0.5,Empirical Bernstein,19.522089,0.14630689540221042,0.15187415330133985,782,1930,3314,1049
2,0.2,0.5,Platt calibration,19.522089,0.14630689540221042,0.15187415330133985,782,1930,3314,1049
2,0.2,0.5,Isotonic calibration,19.522089,0.14630689540221042,0.15187415330133985,782,1930,3314,1049
2,0.2,0.1,Multilabel,19.522089,0.14630689540221042,0.15187415330133985,782,1930,3314,1049
2,0.2,0.1,Hoeffding/LTT,19.522089,0.14630689540221042,0.15187415330133985,782,1930,3314,1049
2,0.2,0.1,Hoeffding-Bentkus,19.522089,0.14630689540221042,0.15187415330133985,782,1930,3314,1049
2,0.2,0.1,IID-normal,19.522089,0.14630689540221042,0.15187415330133985,782,1930,3314,1049
2,0.2,0.1,Empirical Bernstein,19.522089,0.14630689540221042,0.15187415330133985,782,1930,3314,1049
2,0.2,0.1,Platt calibration,19.522089,0.14630689540221042,0.15187415330133985,782,1930,3314,1049
2,0.2,0.1,Isotonic calibration,19.522089,0.14630689540221042,0.15187415330133985,782,1930,3314,1049
3,0.05,0.5,Multilabel,37.784172,0.03219837423391543,0.03200407083700922,350,771,1024,409
3,0.05,0.5,Hoeffding/LTT,37.784172,0.03219837423391543,0.03200407083700922,350,771,1024,409
3,0.05,0.5,Hoeffding-Bentkus,37.784172,0.03219837423391543,0.03200407083700922,350,771,1024,409
3,0.05,0.5,IID-normal,37.784172,0.03219837423391543,0.03200407083700922,350,771,1024,409
3,0.05,0.5,Empirical Bernstein,37.784172,0.03219837423391543,0.03200407083700922,350,771,1024,409
3,0.05,0.5,Platt calibration,44.566222,0.020605815831987076,0.020617908947292832,145,426,582,192
3,0.05,0.5,Isotonic calibration,37.784172,0.03219837423391543,0.03200407083700922,350,771,1024,409
3,0.05,0.1,Multilabel,37.784172,0.03219837423391543,0.03200407083700922,350,771,1024,409
3,0.05,0.1,Hoeffding/LTT,44.566222,0.020605815831987076,0.020617908947292832,145,426,582,192
3,0.05,0.1,Hoeffding-Bentkus,37.784172,0.03219837423391543,0.03200407083700922,350,771,1024,409
3,0.05,0.1,IID-normal,37.784172,0.03219837423391543,0.03200407083700922,350,771,1024,409
3,0.05,0.1,Empirical Bernstein,37.784172,0.03219837423391543,0.03200407083700922,350,771,1024,409
3,0.05,0.1,Platt calibration,44.566222,0.020605815831987076,0.020617908947292832,145,426,582,192
3,0.05,0.1,Isotonic calibration,37.784172,0.03219837423391543,0.03200407083700922,350,771,1024,409
3,0.1,0.5,Multilabel,27.159271,0.09418352693796958,0.09099923575634475,571,1284,2061,747
3,0.1,0.5,Hoeffding/LTT,32.034209,0.06392350693643101,0.05856859044062836,474,1037,1521,598
3,0.1,0.5,Hoeffding-Bentkus,32.034209,0.06392350693643101,0.05856859044062836,474,1037,1521,598
3,0.1,0.5,IID-normal,27.159271,0.09418352693796958,0.09099923575634475,571,1284,2061,747
3,0.1,0.5,Empirical Bernstein,32.034209,0.06392350693643101,0.05856859044062836,474,1037,1521,598
3,0.1,0.5,Platt calibration,32.034209,0.06392350693643101,0.05856859044062836,474,1037,1521,598
3,0.1,0.5,Isotonic calibration,32.034209,0.06392350693643101,0.05856859044062836,474,1037,1521,598
3,0.1,0.1,Multilabel,32.034209,0.06392350693643101,0.05856859044062836,474,1037,1521,598
3,0.1,0.1,Hoeffding/LTT,32.034209,0.06392350693643101,0.05856859044062836,474,1037,1521,598
3,0.1,0.1,Hoeffding-Bentkus,32.034209,0.06392350693643101,0.05856859044062836,474,1037,1521,598
3,0.1,0.1,IID-normal,32.034209,0.06392350693643101,0.05856859044062836,474,1037,1521,598
3,0.1,0.1,Empirical Bernstein,32.034209,0.06392350693643101,0.05856859044062836,474,1037,1521,598
3,0.1,0.1,Platt calibration,32.034209,0.06392350693643101,0.05856859044062836,474,1037,1521,598
3,0.1,0.1,Isotonic calibration,32.034209,0.06392350693643101,0.05856859044062836,474,1037,1521,598
3,0.2,0.5,Multilabel,19.522089,0.15616633680446282,0.15493641638891534,772,1888,3409,1063
3,0.2,0.5,Hoeffding/LTT,19.522089,0.15616633680446282,0.15493641638891534,772,1888,3409,1063
3,0.2,0.5,Hoeffding-Bentkus,19.522089,0.15616633680446282,0.15493641638891534,772,1888,3409,1063
3,0.2,0.5,IID-normal,19.522089,0.15616633680446282,0.15493641638891534,772,1888,3409,1063
3,0.2,0.5,Empirical Bernstein,19.522089,0.15616633680446282,0.15493641638891534,772,1888,3409,1063
3,0.2,0.5,Platt calibration,23.026196,0.12878888119598944,0.12244995657317931,672,1582,2729,913
3,0.2,0.5,Isotonic calibration,19.522089,0.15616633680446282,0.15493641638891534,772,1888,3409,1063
3,0.2,0.1,Multilabel,19.522089,0.15616633680446282,0.15493641638891534,772,1888,3409,1063
3,0.2,0.1,Hoeffding/LTT,19.522089,0.15616633680446282,0.15493641638891534,772,1888,3409,1063
3,0.2,0.1,Hoeffding-Bentkus,19.522089,0.15616633680446282,0.15493641638891534,772,1888,3409,1063
3,0.2,0.1,IID-normal,19.522089,0.15616633680446282,0.15493641638891534,772,1888,3409,1063
3,0.2,0.1,Empirical Bernstein,19.522089,0.15616633680446282,0.15493641638891534,772,1888,3409,1063
3,0.2,0.1,Platt calibration,23.026196,0.12878888119598944,0.12244995657317931,672,1582,2729,913
3,0.2,0.1,Isotonic calibration,19.522089,0.15616633680446282,0.15493641638891534,772,1888,3409,1063
4,0.05,0.5,Multilabel,37.784172,0.030237710593122545,0.031948334051414624,343,726,981,396
4,0.05,0.5,Hoeffding/LTT,37.784172,0.030237710593122545,0.031948334051414624,343,726,981,396
4,0.05,0.5,Hoeffding-Bentkus,37.784172,0.030237710593122545,0.031948334051414624,343,726,981,396
4,0.05,0.5,IID-normal,37.784172,0.030237710593122545,0.031948334051414624,343,726,981,396
4,0.05,0.5,Empirical Bernstein,37.784172,0.030237710593122545,0.031948334051414624,343,726,981,396
4,0.05,0.5,Platt calibration,44.566222,0.019041464728056002,0.02090962947005601,151,400,556,191
4,0.05,0.5,Isotonic calibration,37.784172,0.030237710593122545,0.031948334051414624,343,726,981,396
4,0.05,0.1,Multilabel,37.784172,0.030237710593122545,0.031948334051414624,343,726,981,396
4,0.05,0.1,Hoeffding/LTT,44.566222,0.019041464728056002,0.02090962947005601,151,400,556,191
4,0.05,0.1,Hoeffding-Bentkus,37.784172,0.030237710593122545,0.031948334051414624,343,726,981,396
4,0.05,0.1,IID-normal,37.784172,0.030237710593122545,0.031948334051414624,343,726,981,396
4,0.05,0.1,Empirical Bernstein,37.784172,0.030237710593122545,0.031948334051414624,343,726,981,396
4,0.05,0.1,Platt calibration,44.566222,0.019041464728056002,0.02090962947005601,151,400,556,191
4,0.05,0.1,Isotonic calibration,37.784172,0.030237710593122545,0.031948334051414624,343,726,981,396
4,0.1,0.5,Multilabel,32.034209,0.056900915455035,0.05881252436347223,461,992,1470,559
4,0.1,0.5,Hoeffding/LTT,32.034209,0.056900915455035,0.05881252436347223,461,992,1470,559
4,0.1,0.5,Hoeffding-Bentkus,32.034209,0.056900915455035,0.05881252436347223,461,992,1470,559
4,0.1,0.5,IID-normal,32.034209,0.056900915455035,0.05881252436347223,461,992,1470,559
4,0.1,0.5,Empirical Bernstein,32.034209,0.056900915455035,0.05881252436347223,461,992,1470,559
4,0.1,0.5,Platt calibration,32.034209,0.056900915455035,0.05881252436347223,461,992,1470,559
4,0.1,0.5,Isotonic calibration,32.034209,0.056900915455035,0.05881252436347223,461,992,1470,559
4,0.1,0.1,Multilabel,32.034209,0.056900915455035,0.05881252436347223,461,992,1470,559
4,0.1,0.1,Hoeffding/LTT,32.034209,0.056900915455035,0.05881252436347223,461,992,1470,559
4,0.1,0.1,Hoeffding-Bentkus,32.034209,0.056900915455035,0.05881252436347223,461,992,1470,559
4,0.1,0.1,IID-normal,32.034209,0.056900915455035,0.05881252436347223,461,992,1470,559
4,0.1,0.1,Empirical Bernstein,32.034209,0.056900915455035,0.05881252436347223,461,992,1470,559
4,0.1,0.1,Platt calibration,32.034209,0.056900915455035,0.05881252436347223,461,992,1470,559
4,0.1,0.1,Isotonic calibration,32.034209,0.056900915455035,0.05881252436347223,461,992,1470,559
4,0.2,0.5,Multilabel,19.522089,0.159659892252784,0.15576152986751868,763,1824,3317,1070
4,0.2,0.5,Hoeffding/LTT,19.522089,0.159659892252784,0.15576152986751868,763,1824,3317,1070
4,0.2,0.5,Hoeffding-Bentkus,19.522089,0.159659892252784,0.15576152986751868,763,1824,3317,1070
4,0.2,0.5,IID-normal,19.522089,0.159659892252784,0.15576152986751868,763,1824,3317,1070
4,0.2,0.5,Empirical Bernstein,19.522089,0.159659892252784,0.15576152986751868,763,1824,3317,1070
4,0.2,0.5,Platt calibration,19.522089,0.159659892252784,0.15576152986751868,763,1824,3317,1070
4,0.2,0.5,Isotonic calibration,19.522089,0.159659892252784,0.15576152986751868,763,1824,3317,1070
4,0.2,0.1,Multilabel,19.522089,0.159659892252784,0.15576152986751868,763,1824,3317,1070
4,0.2,0.1,Hoeffding/LTT,19.522089,0.159659892252784,0.15576152986751868,763,1824,3317,1070
4,0.2,0.1,Hoeffding-Bentkus,19.522089,0.159659892252784,0.15576152986751868,763,1824,3317,1070
4,0.2,0.1,IID-normal,19.522089,0.159659892252784,0.15576152986751868,763,1824,3317,1070
4,0.2,0.1,Empirical Bernstein,19.522089,0.159659892252784,0.15576152986751868,763,1824,3317,1070
4,0.2,0.1,Platt calibration,19.522089,0.159659892252784,0.15576152986751868,763,1824,3317,1070
4,0.2,0.1,Isotonic calibration,19.522089,0.159659892252784,0.15576152986751868,763,1824,3317,1070
5,0.05,0.5,Multilabel,37.784172,0.030767110290535166,0.030889677068587022,353,707,968,399
5,0.05,0.5,Hoeffding/LTT,37.784172,0.030767110290535166,0.030889677068587022,353,707,968,399
5,0.05,0.5,Hoeffding-Bentkus,37.784172,0.030767110290535166,0.030889677068587022,353,707,968,399
5,0.05,0.5,IID-normal,37.784172,0.030767110290535166,0.030889677068587022,353,707,968,399
5,0.05,0.5,Empirical Bernstein,37.784172,0.030767110290535166,0.030889677068587022,353,707,968,399
5,0.05,0.5,Platt calibration,44.566222,0.02025694284175706,0.01991995958228186,149,365,526,194
5,0.05,0.5,Isotonic calibration,37.784172,0.030767110290535166,0.030889677068587022,353,707,968,399
5,0.05,0.1,Multilabel,37.784172,0.030767110290535166,0.030889677068587022,353,707,968,399
5,0.05,0.1,Hoeffding/LTT,37.784172,0.030767110290535166,0.030889677068587022,353,707,968,399
5,0.05,0.1,Hoeffding-Bentkus,37.784172,0.030767110290535166,0.030889677068587022,353,707,968,399
5,0.05,0.1,IID-normal,37.784172,0.030767110290535166,0.030889677068587022,353,707,968,399
5,0.05,0.1,Empirical Bernstein,37.784172,0.030767110290535166,0.030889677068587022,353,707,968,399
5,0.05,0.1,Platt calibration,44.566222,0.02025694284175706,0.01991995958228186,149,365,526,194
5,0.05,0.1,Isotonic calibration,37.784172,0.030767110290535166,0.030889677068587022,353,707,968,399
5,0.1,0.5,Multilabel,32.034209,0.06061350873144088,0.057947407384611176,480,1005,1487,589
5,0.1,0.5,Hoeffding/LTT,32.034209,0.06061350873144088,0.057947407384611176,480,1005,1487,589
5,0.1,0.5,Hoeffding-Bentkus,32.034209,0.06061350873144088,0.057947407384611176,480,1005,1487,589
5,0.1,0.5,IID-normal,32.034209,0.06061350873144088,0.057947407384611176,480,1005,1487,589
5,0.1,0.5,Empirical Bernstein,32.034209,0.06061350873144088,0.057947407384611176,480,1005,1487,589
5,0.1,0.5,Platt calibration,32.034209,0.06061350873144088,0.057947407384611176,480,1005,1487,589
5,0.1,0.5,Isotonic calibration,32.034209,0.06061350873144088,0.057947407384611176,480,1005,1487,589
5,0.1,0.1,Multilabel,32.034209,0.06061350873144088,0.057947407384611176,480,1005,1487,589
5,0.1,0.1,Hoeffding/LTT,32.034209,0.06061350873144088,0.057947407384611176,480,1005,1487,589
5,0.1,0.1,Hoeffding-Bentkus,32.034209,0.06061350873144088,0.057947407384611176,480,1005,1487,589
5,0.1,0.1,IID-normal,32.034209,0.06061350873144088,0.057947407384611176,480,1005,1487,589
5,0.1,0.1,Empirical Bernstein,32.034209,0.06061350873144088,0.057947407384611176,480,1005,1487,589
5,0.1,0.1,Platt calibration,32.034209,0.06061350873144088,0.057947407384611176,480,1005,1487,589
5,0.1,0.1,Isotonic calibration,32.034209,0.06061350873144088,0.057947407384611176,480,1005,1487,589
5,0.2,0.5,Multilabel,19.522089,0.15539138208766642,0.1550581754642504,804,1900,3390,1099
5,0.2,0.5,Hoeffding/LTT,19.522089,0.15539138208766642,0.1550581754642504,804,1900,3390,1099
5,0.2,0.5,Hoeffding-Bentkus,19.522089,0.15539138208766642,0.1550581754642504,804,1900,3390,1099
5,0.2,0.5,IID-normal,19.522089,0.15539138208766642,0.1550581754642504,804,1900,3390,1099
5,0.2,0.5,Empirical Bernstein,19.522089,0.15539138208766642,0.1550581754642504,804,1900,3390,1099
5,0.2,0.5,Platt calibration,19.522089,0.15539138208766642,0.1550581754642504,804,1900,3390,1099
5,0.2,0.5,Isotonic calibration,19.522089,0.15539138208766642,0.1550581754642504,804,1900,3390,1099
5,0.2,0.1,Multilabel,19.522089,0.15539138208766642,0.1550581754642504,804,1900,3390,1099
5,0.2,0.1,Hoeffding/LTT,19.522089,0.15539138208766642,0.1550581754642504,804,1900,3390,1099
5,0.2,0.1,Hoeffding-Bentkus,19.522089,0.15539138208766642,0.1550581754642504,804,1900,3390,1099
5,0.2,0.1,IID-normal,19.522089,0.15539138208766642,0.1550581754642504,804,1900,3390,1099
5,0.2,0.1,Empirical Bernstein,19.522089,0.15539138208766642,0.1550581754642504,804,1900,3390,1099
5,0.2,0.1,Platt calibration,19.522089,0.15539138208766642,0.1550581754642504,804,1900,3390,1099
5,0.2,0.1,Isotonic calibration,19.522089,0.15539138208766642,0.1550581754642504,804,1900,3390,1099
6,0.05,0.5,Multilabel,37.784172,0.03115162704823448,0.03118742434500728,346,685,951,401
6,0.05,0.5,Hoeffding/LTT,37.784172,0.03115162704823448,0.03118742434500728,346,685,951,401
6,0.05,0.5,Hoeffding-Bentkus,37.784172,0.03115162704823448,0.03118742434500728,346,685,951,401
6,0.05,0.5,IID-normal,37.784172,0.03115162704823448,0.03118742434500728,346,685,951,401
6,0.05,0.5,Empirical Bernstein,37.784172,0.03115162704823448,0.03118742434500728,346,685,951,401
6,0.05,0.5,Platt calibration,44.566222,0.019643434110316178,0.01981455550768347,149,359,524,193
6,0.05,0.5,Isotonic calibration,37.784172,0.03115162704823448,0.03118742434500728,346,685,951,401
6,0.05,0.1,Multilabel,37.784172,0.03115162704823448,0.03118742434500728,346,685,951,401
6,0.05,0.1,Hoeffding/LTT,37.784172,0.03115162704823448,0.03118742434500728,346,685,951,401
6,0.05,0.1,Hoeffding-Bentkus,37.784172,0.03115162704823448,0.03118742434500728,346,685,951,401
6,0.05,0.1,IID-normal,37.784172,0.03115162704823448,0.03118742434500728,346,685,951,401
6,0.05,0.1,Empirical Bernstein,37.784172,0.03115162704823448,0.03118742434500728,346,685,951,401
6,0.05,0.1,Platt calibration,44.566222,0.019643434110316178,0.01981455550768347,149,359,524,193
6,0.05,0.1,Isotonic calibration,37.784172,0.03115162704823448,0.03118742434500728,346,685,951,401
6,0.1,0.5,Multilabel,32.034209,0.06096686924635228,0.058698400730391245,451,941,1425,570
6,0.1,0.5,Hoeffding/LTT,32.034209,0.06096686924635228,0.058698400730391245,451,941,1425,570
6,0.1,0.5,Hoeffding-Bentkus,32.034209,0.06096686924635228,0.058698400730391245,451,941,1425,570
6,0.1,0.5,IID-normal,32.034209,0.06096686924635228,0.058698400730391245,451,941,1425,570
6,0.1,0.5,Empirical Bernstein,32.034209,0.06096686924635228,0.058698400730391245,451,941,1425,570
6,0.1,0.5,Platt calibration,32.034209,0.06096686924635228,0.058698400730391245,451,941,1425,570
6,0.1,0.5,Isotonic calibration,32.034209,0.06096686924635228,0.058698400730391245,451,941,1425,570
6,0.1,0.1,Multilabel,32.034209,0.06096686924635228,0.058698400730391245,451,941,1425,570
6,0.1,0.1,Hoeffding/LTT,32.034209,0.06096686924635228,0.058698400730391245,451,941,1425,570
6,0.1,0.1,Hoeffding-Bentkus,32.034209,0.06096686924635228,0.058698400730391245,451,941,1425,570
6,0.1,0.1,IID-normal,32.034209,0.06096686924635228,0.058698400730391245,451,941,1425,570
6,0.1,0.1,Empirical Bernstein,32.034209,0.06096686924635228,0.058698400730391245,451,941,1425,570
6,0.1,0.1,Platt calibration,32.034209,0.06096686924635228,0.058698400730391245,451,941,1425,570
6,0.1,0.1,Isotonic calibration,32.034209,0.06096686924635228,0.058698400730391245,451,941,1425,570
6,0.2,0.5,Multilabel,19.522089,0.15432849146904074,0.155327704632961,760,1804,3290,1059
6,0.2,0.5,Hoeffding/LTT,19.522089,0.15432849146904074,0.155327704632961,760,1804,3290,1059
6,0.2,0.5,Hoeffding-Bentkus,19.522089,0.15432849146904074,0.155327704632961,760,1804,3290,1059
6,0.2,0.5,IID-normal,19.522089,0.15432849146904074,0.155327704632961,760,1804,3290,1059
6,0.2,0.5,Empirical Bernstein,19.522089,0.15432849146904074,0.155327704632961,760,1804,3290,1059
6,0.2,0.5,Platt calibration,19.522089,0.15432849146904074,0.155327704632961,760,1804,3290,1059
6,0.2,0.5,Isotonic calibration,19.522089,0.15432849146904074,0.155327704632961,760,1804,3290,1059
6,0.2,0.1,Multilabel,19.522089,0.15432849146904074,0.155327704632961,760,1804,3290,1059
6,0.2,0.1,Hoeffding/LTT,19.522089,0.15432849146904074,0.155327704632961,760,1804,3290,1059
6,0.2,0.1,Hoeffding-Bentkus,19.522089,0.15432849146904074,0.155327704632961,760,1804,3290,1059
6,0.2,0.1,IID-normal,19.522089,0.15432849146904074,0.155327704632961,760,1804,3290,1059
6,0.2,0.1,Empirical Bernstein,19.522089,0.15432849146904074,0.155327704632961,760,1804,3290,1059
6,0.2,0.1,Platt calibration,19.522089,0.15432849146904074,0.155327704632961,760,1804,3290,1059
6,0.2,0.1,Isotonic calibration,19.522089,0.15432849146904074,0.155327704632961,760,1804,3290,1059
7,0.05,0.5,Multilabel,37.784172,0.029939995384260325,0.03100610882008986,366,707,956,415
7,0.05,0.5,Hoeffding/LTT,37.784172,0.029939995384260325,0.03100610882008986,366,707,956,415
7,0.05,0.5,Hoeffding-Bentkus,37.784172,0.029939995384260325,0.03100610882008986,366,707,956,415
7,0.05,0.5,IID-normal,37.784172,0.029939995384260325,0.03100610882008986,366,707,956,415
7,0.05,0.5,Empirical Bernstein,37.784172,0.029939995384260325,0.03100610882008986,366,707,956,415
7,0.05,0.5,Platt calibration,44.566222,0.0194695745826602,0.019290869083523114,151,350,503,194
7,0.05,0.5,Isotonic calibration,37.784172,0.029939995384260325,0.03100610882008986,366,707,956,415
7,0.05,0.1,Multilabel,37.784172,0.029939995384260325,0.03100610882008986,366,707,956,415
7,0.05,0.1,Hoeffding/LTT,44.566222,0.0194695745826602,0.019290869083523114,151,350,503,194
7,0.05,0.1,Hoeffding-Bentkus,37.784172,0.029939995384260325,0.03100610882008986,366,707,956,415
7,0.05,0.1,IID-normal,37.784172,0.029939995384260325,0.03100610882008986,366,707,956,415
7,0.05,0.1,Empirical Bernstein,37.784172,0.029939995384260325,0.03100610882008986,366,707,956,415
7,0.05,0.1,Platt calibration,44.566222,0.0194695745826602,0.019290869083523114,151,350,503,194
7,0.05,0.1,Isotonic calibration,37.784172,0.029939995384260325,0.03100610882008986,366,707,956,415
7,0.1,0.5,Multilabel,32.034209,0.05289624842936637,0.05653928417554009,479,988,1421,567
7,0.1,0.5,Hoeffding/LTT,32.034209,0.05289624842936637,0.05653928417554009,479,988,1421,567
7,0.1,0.5,Hoeffding-Bentkus,32.034209,0.05289624842936637,0.05653928417554009,479,988,1421,567
7,0.1,0.5,IID-normal,32.034209,0.05289624842936637,0.05653928417554009,479,988,1421,567
7,0.1,0.5,Empirical Bernstein,32.034209,0.05289624842936637,0.05653928417554009,479,988,1421,567
7,0.1,0.5,Platt calibration,32.034209,0.05289624842936637,0.05653928417554009,479,988,1421,567
7,0.1,0.5,Isotonic calibration,32.034209,0.05289624842936637,0.05653928417554009,479,988,1421,567
7,0.1,0.1,Multilabel,32.034209,0.05289624842936637,0.05653928417554009,479,988,1421,567
7,0.1,0.1,Hoeffding/LTT,32.034209,0.05289624842936637,0.05653928417554009,479,988,1421,567
7,0.1,0.1,Hoeffding-Bentkus,32.034209,0.05289624842936637,0.05653928417554009,479,988,1421,567
7,0.1,0.1,IID-normal,32.034209,0.05289624842936637,0.05653928417554009,479,988,1421,567
7,0.1,0.1,Empirical Bernstein,32.034209,0.05289624842936637,0.05653928417554009,479,988,1421,567
7,0.1,0.1,Platt calibration,32.034209,0.05289624842936637,0.05653928417554009,479,988,1421,567
7,0.1,0.1,Isotonic calibration,32.034209,0.05289624842936637,0.05653928417554009,479,988,1421,567
7,0.2,0.5,Multilabel,19.522089,0.15003607503607505,0.1528496947066529,787,1848,3298,1068
7,0.2,0.5,Hoeffding/LTT,19.522089,0.15003607503607505,0.1528496947066529,787,1848,3298,1068
7,0.2,0.5,Hoeffding-Bentkus,19.522089,0.15003607503607505,0.1528496947066529,787,1848,3298,1068
7,0.2,0.5,IID-normal,19.522089,0.15003607503607505,0.1528496947066529,787,1848,3298,1068
7,0.2,0.5,Empirical Bernstein,19.522089,0.15003607503607505,0.1528496947066529,787,1848,3298,1068
7,0.2,0.5,Platt calibration,19.522089,0.15003607503607505,0.1528496947066529,787,1848,3298,1068
7,0.2,0.5,Isotonic calibration,19.522089,0.15003607503607505,0.1528496947066529,787,1848,3298,1068
7,0.2,0.1,Multilabel,19.522089,0.15003607503607505,0.1528496947066529,787,1848,3298,1068
7,0.2,0.1,Hoeffding/LTT,19.522089,0.15003607503607505,0.1528496947066529,787,1848,3298,1068
7,0.2,0.1,Hoeffding-Bentkus,19.522089,0.15003607503607505,0.1528496947066529,787,1848,3298,1068
7,0.2,0.1,IID-normal,19.522089,0.15003607503607505,0.1528496947066529,787,1848,3298,1068
7,0.2,0.1,Empirical Bernstein,19.522089,0.15003607503607505,0.1528496947066529,787,1848,3298,1068
7,0.2,0.1,Platt calibration,19.522089,0.15003607503607505,0.1528496947066529,787,1848,3298,1068
7,0.2,0.1,Isotonic calibration,19.522089,0.15003607503607505,0.1528496947066529,787,1848,3298,1068
8,0.05,0.5,Multilabel,37.784172,0.030532989717157732,0.03193021104750962,325,721,974,379
8,0.05,0.5,Hoeffding/LTT,37.784172,0.030532989717157732,0.03193021104750962,325,721,974,379
8,0.05,0.5,Hoeffding-Bentkus,37.784172,0.030532989717157732,0.03193021104750962,325,721,974,379
8,0.05,0.5,IID-normal,37.784172,0.030532989717157732,0.03193021104750962,325,721,974,379
8,0.05,0.5,Empirical Bernstein,37.784172,0.030532989717157732,0.03193021104750962,325,721,974,379
8,0.05,0.5,Platt calibration,44.566222,0.019773828756058157,0.020330163517367307,145,402,559,188
8,0.05,0.5,Isotonic calibration,37.784172,0.030532989717157732,0.03193021104750962,325,721,974,379
8,0.05,0.1,Multilabel,37.784172,0.030532989717157732,0.03193021104750962,325,721,974,379
8,0.05,0.1,Hoeffding/LTT,44.566222,0.019773828756058157,0.020330163517367307,145,402,559,188
8,0.05,0.1,Hoeffding-Bentkus,37.784172,0.030532989717157732,0.03193021104750962,325,721,974,379
8,0.05,0.1,IID-normal,37.784172,0.030532989717157732,0.03193021104750962,325,721,974,379
8,0.05,0.1,Empirical Bernstein,37.784172,0.030532989717157732,0.03193021104750962,325,721,974,379
8,0.05,0.1,Platt calibration,44.566222,0.019773828756058157,0.020330163517367307,145,402,559,188
8,0.05,0.1,Isotonic calibration,37.784172,0.030532989717157732,0.03193021104750962,325,721,974,379
8,0.1,0.5,Multilabel,32.034209,0.059296997204913195,0.059667682238772286,466,985,1462,574
8,0.1,0.5,Hoeffding/LTT,32.034209,0.059296997204913195,0.059667682238772286,466,985,1462,574
8,0.1,0.5,Hoeffding-Bentkus,32.034209,0.059296997204913195,0.059667682238772286,466,985,1462,574
8,0.1,0.5,IID-normal,32.034209,0.059296997204913195,0.059667682238772286,466,985,1462,574
8,0.1,0.5,Empirical Bernstein,32.034209,0.059296997204913195,0.059667682238772286,466,985,1462,574
8,0.1,0.5,Platt calibration,32.034209,0.059296997204913195,0.059667682238772286,466,985,1462,574
8,0.1,0.5,Isotonic calibration,32.034209,0.059296997204913195,0.059667682238772286,466,985,1462,574
8,0.1,0.1,Multilabel,32.034209,0.059296997204913195,0.059667682238772286,466,985,1462,574
8,0.1,0.1,Hoeffding/LTT,32.034209,0.059296997204913195,0.059667682238772286,466,985,1462,574
8,0.1,0.1,Hoeffding-Bentkus,32.034209,0.059296997204913195,0.059667682238772286,466,985,1462,574
8,0.1,0.1,IID-normal,32.034209,0.059296997204913195,0.059667682238772286,466,985,1462,574
8,0.1,0.1,Empirical Bernstein,32.034209,0.059296997204913195,0.059667682238772286,466,985,1462,574
8,0.1,0.1,Platt calibration,32.034209,0.059296997204913195,0.059667682238772286,466,985,1462,574
8,0.1,0.1,Isotonic calibration,32.034209,0.059296997204913195,0.059667682238772286,466,985,1462,574
8,0.2,0.5,Multilabel,19.522089,0.15567769781824708,0.15626799088938254,732,1771,3279,1030
8,0.2,0.5,Hoeffding/LTT,19.522089,0.15567769781824708,0.15626799088938254,732,1771,3279,1030
8,0.2,0.5,Hoeffding-Bentkus,19.522089,0.15567769781824708,0.15626799088938254,732,1771,3279,1030
8,0.2,0.5,IID-normal,19.522089,0.15567769781824708,0.15626799088938254,732,1771,3279,1030
8,0.2,0.5,Empirical Bernstein,19.522089,0.15567769781824708,0.15626799088938254,732,1771,3279,1030
8,0.2,0.5,Platt calibration,23.026196,0.12129394568812986,0.12309905076492753,639,1489,2576,870
8,0.2,0.5,Isotonic calibration,19.522089,0.15567769781824708,0.15626799088938254,732,1771,3279,1030
8,0.2,0.1,Multilabel,19.522089,0.15567769781824708,0.15626799088938254,732,1771,3279,1030
8,0.2,0.1,Hoeffding/LTT,19.522089,0.15567769781824708,0.15626799088938254,732,1771,3279,1030
8,0.2,0.1,Hoeffding-Bentkus,19.522089,0.15567769781824708,0.15626799088938254,732,1771,3279,1030
8,0.2,0.1,IID-normal,19.522089,0.15567769781824708,0.15626799088938254,732,1771,3279,1030
8,0.2,0.1,Empirical Bernstein,19.522089,0.15567769781824708,0.15626799088938254,732,1771,3279,1030
8,0.2,0.1,Platt calibration,23.026196,0.12129394568812986,0.12309905076492753,639,1489,2576,870
8,0.2,0.1,Isotonic calibration,19.522089,0.15567769781824708,0.15626799088938254,732,1771,3279,1030
9,0.05,0.5,Multilabel,37.784172,0.03168551427032849,0.03160810029885859,347,696,953,402
9,0.05,0.5,Hoeffding/LTT,37.784172,0.03168551427032849,0.03160810029885859,347,696,953,402
9,0.05,0.5,Hoeffding-Bentkus,37.784172,0.03168551427032849,0.03160810029885859,347,696,953,402
9,0.05,0.5,IID-normal,37.784172,0.03168551427032849,0.03160810029885859,347,696,953,402
9,0.05,0.5,Empirical Bernstein,37.784172,0.03168551427032849,0.03160810029885859,347,696,953,402
9,0.05,0.5,Platt calibration,44.566222,0.02025848142164782,0.01990880367657619,159,359,520,199
9,0.05,0.5,Isotonic calibration,37.784172,0.03168551427032849,0.03160810029885859,347,696,953,402
9,0.05,0.1,Multilabel,37.784172,0.03168551427032849,0.03160810029885859,347,696,953,402
9,0.05,0.1,Hoeffding/LTT,37.784172,0.03168551427032849,0.03160810029885859,347,696,953,402
9,0.05,0.1,Hoeffding-Bentkus,37.784172,0.03168551427032849,0.03160810029885859,347,696,953,402
9,0.05,0.1,IID-normal,37.784172,0.03168551427032849,0.03160810029885859,347,696,953,402
9,0.05,0.1,Empirical Bernstein,37.784172,0.03168551427032849,0.03160810029885859,347,696,953,402
9,0.05,0.1,Platt calibration,44.566222,0.02025848142164782,0.01990880367657619,159,359,520,199
9,0.05,0.1,Isotonic calibration,37.784172,0.03168551427032849,0.03160810029885859,347,696,953,402
9,0.1,0.5,Multilabel,27.159271,0.09248865297330565,0.09045823844402043,567,1223,1991,742
9,0.1,0.5,Hoeffding/LTT,32.034209,0.05800894940636459,0.05755186427579793,462,957,1422,569
9,0.1,0.5,Hoeffding-Bentkus,32.034209,0.05800894940636459,0.05755186427579793,462,957,1422,569
9,0.1,0.5,IID-normal,27.159271,0.09248865297330565,0.09045823844402043,567,1223,1991,742
9,0.1,0.5,Empirical Bernstein,32.034209,0.05800894940636459,0.05755186427579793,462,957,1422,569
9,0.1,0.5,Platt calibration,32.034209,0.05800894940636459,0.05755186427579793,462,957,1422,569
9,0.1,0.5,Isotonic calibration,32.034209,0.05800894940636459,0.05755186427579793,462,957,1422,569
9,0.1,0.1,Multilabel,32.034209,0.05800894940636459,0.05755186427579793,462,957,1422,569
9,0.1,0.1,Hoeffding/LTT,32.034209,0.05800894940636459,0.05755186427579793,462,957,1422,569
9,0.1,0.1,Hoeffding-Bentkus,32.034209,0.05800894940636459,0.05755186427579793,462,957,1422,569
9,0.1,0.1,IID-normal,32.034209,0.05800894940636459,0.05755186427579793,462,957,1422,569
9,0.1,0.1,Empirical Bernstein,32.034209,0.05800894940636459,0.05755186427579793,462,957,1422,569
9,0.1,0.1,Platt calibration,32.034209,0.05800894940636459,0.05755186427579793,462,957,1422,569
9,0.1,0.1,Isotonic calibration,32.034209,0.05800894940636459,0.05755186427579793,462,957,1422,569
9,0.2,0.5,Multilabel,19.522089,0.1540100170875615,0.15448787592798793,747,1789,3266,1044
9,0.2,0.5,Hoeffding/LTT,19.522089,0.1540100170875615,0.15448787592798793,747,1789,3266,1044
9,0.2,0.5,Hoeffding-Bentkus,19.522089,0.1540100170875615,0.15448787592798793,747,1789,3266,1044
9,0.2,0.5,IID-normal,19.522089,0.1540100170875615,0.15448787592798793,747,1789,3266,1044
9,0.2,0.5,Empirical Bernstein,19.522089,0.1540100170875615,0.15448787592798793,747,1789,3266,1044
9,0.2,0.5,Platt calibration,19.522089,0.1540100170875615,0.15448787592798793,747,1789,3266,1044
9,0.2,0.5,Isotonic calibration,19.522089,0.1540100170875615,0.15448787592798793,747,1789,3266,1044
9,0.2,0.1,Multilabel,19.522089,0.1540100170875615,0.15448787592798793,747,1789,3266,1044
9,0.2,0.1,Hoeffding/LTT,19.522089,0.1540100170875615,0.15448787592798793,747,1789,3266,1044
9,0.2,0.1,Hoeffding-Bentkus,19.522089,0.1540100170875615,0.15448787592798793,747,1789,3266,1044
9,0.2,0.1,IID-normal,19.522089,0.1540100170875615,0.15448787592798793,747,1789,3266,1044
9,0.2,0.1,Empirical Bernstein,19.522089,0.1540100170875615,0.15448787592798793,747,1789,3266,1044
9,0.2,0.1,Platt calibration,19.522089,0.1540100170875615,0.15448787592798793,747,1789,3266,1044
9,0.2,0.1,Isotonic calibration,19.522089,0.1540100170875615,0.15448787592798793,747,1789,3266,1044
10,0.05,0.5,Multilabel,37.784172,0.02952714311357284,0.03203681192425268,369,764,1030,416
10,0.05,0.5,Hoeffding/LTT,37.784172,0.02952714311357284,0.03203681192425268,369,764,1030,416
10,0.05,0.5,Hoeffding-Bentkus,37.784172,0.02952714311357284,0.03203681192425268,369,764,1030,416
10,0.05,0.5,IID-normal,37.784172,0.02952714311357284,0.03203681192425268,369,764,1030,416
10,0.05,0.5,Empirical Bernstein,37.784172,0.02952714311357284,0.03203681192425268,369,764,1030,416
10,0.05,0.5,Platt calibration,44.566222,0.02040656973613355,0.020366580496912253,165,421,584,212
10,0.05,0.5,Isotonic calibration,37.784172,0.02952714311357284,0.03203681192425268,369,764,1030,416
10,0.05,0.1,Multilabel,37.784172,0.02952714311357284,0.03203681192425268,369,764,1030,416
10,0.05,0.1,Hoeffding/LTT,44.566222,0.02040656973613355,0.020366580496912253,165,421,584,212
10,0.05,0.1,Hoeffding-Bentkus,37.784172,0.02952714311357284,0.03203681192425268,369,764,1030,416
10,0.05,0.1,IID-normal,37.784172,0.02952714311357284,0.03203681192425268,369,764,1030,416
10,0.05,0.1,Empirical Bernstein,37.784172,0.02952714311357284,0.03203681192425268,369,764,1030,416
10,0.05,0.1,Platt calibration,44.566222,0.02040656973613355,0.020366580496912253,165,421,584,212
10,0.05,0.1,Isotonic calibration,37.784172,0.02952714311357284,0.03203681192425268,369,764,1030,416
10,0.1,0.5,Multilabel,32.034209,0.05510449521758084,0.05783824193184382,467,1018,1491,565
10,0.1,0.5,Hoeffding/LTT,32.034209,0.05510449521758084,0.05783824193184382,467,1018,1491,565
10,0.1,0.5,Hoeffding-Bentkus,32.034209,0.05510449521758084,0.05783824193184382,467,1018,1491,565
10,0.1,0.5,IID-normal,32.034209,0.05510449521758084,0.05783824193184382,467,1018,1491,565
10,0.1,0.5,Empirical Bernstein,32.034209,0.05510449521758084,0.05783824193184382,467,1018,1491,565
10,0.1,0.5,Platt calibration,32.034209,0.05510449521758084,0.05783824193184382,467,1018,1491,565
10,0.1,0.5,Isotonic calibration,32.034209,0.05510449521758084,0.05783824193184382,467,1018,1491,565
10,0.1,0.1,Multilabel,32.034209,0.05510449521758084,0.05783824193184382,467,1018,1491,565
10,0.1,0.1,Hoeffding/LTT,32.034209,0.05510449521758084,0.05783824193184382,467,1018,1491,565
10,0.1,0.1,Hoeffding-Bentkus,32.034209,0.05510449521758084,0.05783824193184382,467,1018,1491,565
10,0.1,0.1,IID-normal,32.034209,0.05510449521758084,0.05783824193184382,467,1018,1491,565
10,0.1,0.1,Empirical Bernstein,32.034209,0.05510449521758084,0.05783824193184382,467,1018,1491,565
10,0.1,0.1,Platt calibration,32.034209,0.05510449521758084,0.05783824193184382,467,1018,1491,565
10,0.1,0.1,Isotonic calibration,32.034209,0.05510449521758084,0.05783824193184382,467,1018,1491,565
10,0.2,0.5,Multilabel,19.522089,0.15226221364347373,0.1546057298534679,774,1875,3308,1065
10,0.2,0.5,Hoeffding/LTT,19.522089,0.15226221364347373,0.1546057298534679,774,1875,3308,1065
10,0.2,0.5,Hoeffding-Bentkus,19.522089,0.15226221364347373,0.1546057298534679,774,1875,3308,1065
10,0.2,0.5,IID-normal,19.522089,0.15226221364347373,0.1546057298534679,774,1875,3308,1065
10,0.2,0.5,Empirical Bernstein,19.522089,0.15226221364347373,0.1546057298534679,774,1875,3308,1065
10,0.2,0.5,Platt calibration,23.026196,0.12355565812754828,0.12205411426382991,676,1573,2671,916
10,0.2,0.5,Isotonic calibration,19.522089,0.15226221364347373,0.1546057298534679,774,1875,3308,1065
10,0.2,0.1,Multilabel,19.522089,0.15226221364347373,0.1546057298534679,774,1875,3308,1065
10,0.2,0.1,Hoeffding/LTT,19.522089,0.15226221364347373,0.1546057298534679,774,1875,3308,1065
10,0.2,0.1,Hoeffding-Bentkus,19.522089,0.15226221364347373,0.1546057298534679,774,1875,3308,1065
10,0.2,0.1,IID-normal,19.522089,0.15226221364347373,0.1546057298534679,774,1875,3308,1065
10,0.2,0.1,Empirical Bernstein,19.522089,0.15226221364347373,0.1546057298534679,774,1875,3308,1065
10,0.2,0.1,Platt calibration,23.026196,0.12355565812754828,0.12205411426382991,676,1573,2671,916
10,0.2,0.1,Isotonic calibration,19.522089,0.15226221364347373,0.1546057298534679,774,1875,3308,1065
11,0.05,0.5,Multilabel,37.784172,0.026198169089929998,0.03098657529937151,351,731,980,392
11,0.05,0.5,Hoeffding/LTT,37.784172,0.026198169089929998,0.03098657529937151,351,731,980,392
11,0.05,0.5,Hoeffding-Bentkus,37.784172,0.026198169089929998,0.03098657529937151,351,731,980,392
11,0.05,0.5,IID-normal,37.784172,0.026198169089929998,0.03098657529937151,351,731,980,392
11,0.05,0.5,Empirical Bernstein,37.784172,0.026198169089929998,0.03098657529937151,351,731,980,392
11,0.05,0.5,Platt calibration,44.566222,0.01708131394722671,0.01949731745347859,149,390,541,186
11,0.05,0.5,Isotonic calibration,37.784172,0.026198169089929998,0.03098657529937151,351,731,980,392
11,0.05,0.1,Multilabel,37.784172,0.026198169089929998,0.03098657529937151,351,731,980,392
11,0.05,0.1,Hoeffding/LTT,44.566222,0.01708131394722671,0.01949731745347859,149,390,541,186
11,0.05,0.1,Hoeffding-Bentkus,37.784172,0.026198169089929998,0.03098657529937151,351,731,980,392
11,0.05,0.1,IID-normal,37.784172,0.026198169089929998,0.03098657529937151,351,731,980,392
11,0.05,0.1,Empirical Bernstein,37.784172,0.026198169089929998,0.03098657529937151,351,731,980,392
11,0.05,0.1,Platt calibration,44.566222,0.01708131394722671,0.01949731745347859,149,390,541,186
11,0.05,0.1,Isotonic calibration,37.784172,0.026198169089929998,0.03098657529937151,351,731,980,392
11,0.1,0.5,Multilabel,32.034209,0.054191476267405184,0.05835256765351553,469,999,1440,567
11,0.1,0.5,Hoeffding/LTT,32.034209,0.054191476267405184,0.05835256765351553,469,999,1440,567
11,0.1,0.5,Hoeffding-Bentkus,32.034209,0.054191476267405184,0.05835256765351553,469,999,1440,567
11,0.1,0.5,IID-normal,32.034209,0.054191476267405184,0.05835256765351553,469,999,1440,567
11,0.1,0.5,Empirical Bernstein,32.034209,0.054191476267405184,0.05835256765351553,469,999,1440,567
11,0.1,0.5,Platt calibration,32.034209,0.054191476267405184,0.05835256765351553,469,999,1440,567
11,0.1,0.5,Isotonic calibration,32.034209,0.054191476267405184,0.05835256765351553,469,999,1440,567
11,0.1,0.1,Multilabel,32.034209,0.054191476267405184,0.05835256765351553,469,999,1440,567
11,0.1,0.1,Hoeffding/LTT,32.034209,0.054191476267405184,0.05835256765351553,469,999,1440,567
11,0.1,0.1,Hoeffding-Bentkus,32.034209,0.054191476267405184,0.05835256765351553,469,999,1440,567
11,0.1,0.1,IID-normal,32.034209,0.054191476267405184,0.05835256765351553,469,999,1440,567
11,0.1,0.1,Empirical Bernstein,32.034209,0.054191476267405184,0.05835256765351553,469,999,1440,567
11,0.1,0.1,Platt calibration,32.034209,0.054191476267405184,0.05835256765351553,469,999,1440,567
11,0.1,0.1,Isotonic calibration,32.034209,0.054191476267405184,0.05835256765351553,469,999,1440,567
11,0.2,0.5,Multilabel,19.522089,0.15940075810027346,0.15424388371932532,753,1840,3311,1058
11,0.2,0.5,Hoeffding/LTT,19.522089,0.15940075810027346,0.15424388371932532,753,1840,3311,1058
11,0.2,0.5,Hoeffding-Bentkus,19.522089,0.15940075810027346,0.15424388371932532,753,1840,3311,1058
11,0.2,0.5,IID-normal,19.522089,0.15940075810027346,0.15424388371932532,753,1840,3311,1058
11,0.2,0.5,Empirical Bernstein,19.522089,0.15940075810027346,0.15424388371932532,753,1840,3311,1058
11,0.2,0.5,Platt calibration,19.522089,0.15940075810027346,0.15424388371932532,753,1840,3311,1058
11,0.2,0.5,Isotonic calibration,19.522089,0.15940075810027346,0.15424388371932532,753,1840,3311,1058
11,0.2,0.1,Multilabel,19.522089,0.15940075810027346,0.15424388371932532,753,1840,3311,1058
11,0.2,0.1,Hoeffding/LTT,19.522089,0.15940075810027346,0.15424388371932532,753,1840,3311,1058
11,0.2,0.1,Hoeffding-Bentkus,19.522089,0.15940075810027346,0.15424388371932532,753,1840,3311,1058
11,0.2,0.1,IID-normal,19.522089,0.15940075810027346,0.15424388371932532,753,1840,3311,1058
11,0.2,0.1,Empirical Bernstein,19.522089,0.15940075810027346,0.15424388371932532,753,1840,3311,1058
11,0.2,0.1,Platt calibration,19.522089,0.15940075810027346,0.15424388371932532,753,1840,3311,1058
11,0.2,0.1,Isotonic calibration,19.522089,0.15940075810027346,0.15424388371932532,753,1840,3311,1058
12,0.05,0.5,Multilabel,37.784172,0.03288637587506731,0.03158954986561622,367,746,1038,421
12,0.05,0.5,Hoeffding/LTT,37.784172,0.03288637587506731,0.03158954986561622,367,746,1038,421
12,0.05,0.5,Hoeffding-Bentkus,37.784172,0.03288637587506731,0.03158954986561622,367,746,1038,421
12,0.05,0.5,IID-normal,37.784172,0.03288637587506731,0.03158954986561622,367,746,1038,421
12,0.05,0.5,Empirical Bernstein,37.784172,0.03288637587506731,0.03158954986561622,367,746,1038,421
12,0.05,0.5,Platt calibration,44.566222,0.02059658435264251,0.019955478960218296,155,389,565,201
12,0.05,0.5,Isotonic calibration,37.784172,0.03288637587506731,0.03158954986561622,367,746,1038,421
12,0.05,0.1,Multilabel,37.784172,0.03288637587506731,0.03158954986561622,367,746,1038,421
12,0.05,0.1,Hoeffding/LTT,37.784172,0.03288637587506731,0.03158954986561622,367,746,1038,421
12,0.05,0.1,Hoeffding-Bentkus,37.784172,0.03288637587506731,0.03158954986561622,367,746,1038,421
12,0.05,0.1,IID-normal,37.784172,0.03288637587506731,0.03158954986561622,367,746,1038,421
12,0.05,0.1,Empirical Bernstein,37.784172,0.03288637587506731,0.03158954986561622,367,746,1038,421
12,0.05,0.1,Platt calibration,44.566222,0.02059658435264251,0.019955478960218296,155,389,565,201
12,0.05,0.1,Isotonic calibration,37.784172,0.03288637587506731,0.03158954986561622,367,746,1038,421
12,0.1,0.5,Multilabel,32.034209,0.05707798035746339,0.058054307461890386,494,1035,1522,593
12,0.1,0.5,Hoeffding/LTT,32.034209,0.05707798035746339,0.058054307461890386,494,1035,1522,593
12,0.1,0.5,Hoeffding-Bentkus,32.034209,0.05707798035746339,0.058054307461890386,494,1035,1522,593
12,0.1,0.5,IID-normal,32.034209,0.05707798035746339,0.058054307461890386,494,1035,1522,593
12,0.1,0.5,Empirical Bernstein,32.034209,0.05707798035746339,0.058054307461890386,494,1035,1522,593
12,0.1,0.5,Platt calibration,32.034209,0.05707798035746339,0.058054307461890386,494,1035,1522,593
12,0.1,0.5,Isotonic calibration,32.034209,0.05707798035746339,0.058054307461890386,494,1035,1522,593
12,0.1,0.1,Multilabel,32.034209,0.05707798035746339,0.058054307461890386,494,1035,1522,593
12,0.1,0.1,Hoeffding/LTT,32.034209,0.05707798035746339,0.058054307461890386,494,1035,1522,593
12,0.1,0.1,Hoeffding-Bentkus,32.034209,0.05707798035746339,0.058054307461890386,494,1035,1522,593
12,0.1,0.1,IID-normal,32.034209,0.05707798035746339,0.058054307461890386,494,1035,1522,593
12,0.1,0.1,Empirical Bernstein,32.034209,0.05707798035746339,0.058054307461890386,494,1035,1522,593
12,0.1,0.1,Platt calibration,32.034209,0.05707798035746339,0.058054307461890386,494,1035,1522,593
12,0.1,0.1,Isotonic calibration,32.034209,0.05707798035746339,0.058054307461890386,494,1035,1522,593
12,0.2,0.5,Multilabel,19.522089,0.15262376826189428,0.15375548741554773,789,1937,3417,1081
12,0.2,0.5,Hoeffding/LTT,19.522089,0.15262376826189428,0.15375548741554773,789,1937,3417,1081
12,0.2,0.5,Hoeffding-Bentkus,19.522089,0.15262376826189428,0.15375548741554773,789,1937,3417,1081
12,0.2,0.5,IID-normal,19.522089,0.15262376826189428,0.15375548741554773,789,1937,3417,1081
12,0.2,0.5,Empirical Bernstein,19.522089,0.15262376826189428,0.15375548741554773,789,1937,3417,1081
12,0.2,0.5,Platt calibration,19.522089,0.15262376826189428,0.15375548741554773,789,1937,3417,1081
12,0.2,0.5,Isotonic calibration,19.522089,0.15262376826189428,0.15375548741554773,789,1937,3417,1081
12,0.2,0.1,Multilabel,19.522089,0.15262376826189428,0.15375548741554773,789,1937,3417,1081
12,0.2,0.1,Hoeffding/LTT,19.522089,0.15262376826189428,0.15375548741554773,789,1937,3417,1081
12,0.2,0.1,Hoeffding-Bentkus,19.522089,0.15262376826189428,0.15375548741554773,789,1937,3417,1081
12,0.2,0.1,IID-normal,19.522089,0.15262376826189428,0.15375548741554773,789,1937,3417,1081
12,0.2,0.1,Empirical Bernstein,19.522089,0.15262376826189428,0.15375548741554773,789,1937,3417,1081
12,0.2,0.1,Platt calibration,19.522089,0.15262376826189428,0.15375548741554773,789,1937,3417,1081
12,0.2,0.1,Isotonic calibration,19.522089,0.15262376826189428,0.15375548741554773,789,1937,3417,1081
13,0.05,0.5,Multilabel,37.784172,0.031237274662153498,0.031333263234922006,357,722,996,409
13,0.05,0.5,Hoeffding/LTT,37.784172,0.031237274662153498,0.031333263234922006,357,722,996,409
13,0.05,0.5,Hoeffding-Bentkus,37.784172,0.031237274662153498,0.031333263234922006,357,722,996,409
13,0.05,0.5,IID-normal,37.784172,0.031237274662153498,0.031333263234922006,357,722,996,409
13,0.05,0.5,Empirical Bernstein,37.784172,0.031237274662153498,0.031333263234922006,357,722,996,409
13,0.05,0.5,Platt calibration,44.566222,0.018591814754981156,0.020243609076547465,158,389,552,196
13,0.05,0.5,Isotonic calibration,37.784172,0.031237274662153498,0.031333263234922006,357,722,996,409
13,0.05,0.1,Multilabel,37.784172,0.031237274662153498,0.031333263234922006,357,722,996,409
13,0.05,0.1,Hoeffding/LTT,44.566222,0.018591814754981156,0.020243609076547465,158,389,552,196
13,0.05,0.1,Hoeffding-Bentkus,37.784172,0.031237274662153498,0.031333263234922006,357,722,996,409
13,0.05,0.1,IID-normal,37.784172,0.031237274662153498,0.031333263234922006,357,722,996,409
13,0.05,0.1,Empirical Bernstein,37.784172,0.031237274662153498,0.031333263234922006,357,722,996,409
13,0.05,0.1,Platt calibration,44.566222,0.018591814754981156,0.020243609076547465,158,389,552,196
13,0.05,0.1,Isotonic calibration,37.784172,0.031237274662153498,0.031333263234922006,357,722,996,409
13,0.1,0.5,Multilabel,27.159271,0.09232069133523092,0.09028303515862758,585,1259,2009,757
13,0.1,0.5,Hoeffding/LTT,32.034209,0.05524835243736697,0.05683044904016468,485,1006,1459,585
13,0.1,0.5,Hoeffding-Bentkus,32.034209,0.05524835243736697,0.05683044904016468,485,1006,1459,585
13,0.1,0.5,IID-normal,27.159271,0.09232069133523092,0.09028303515862758,585,1259,2009,757
13,0.1,0.5,Empirical Bernstein,32.034209,0.05524835243736697,0.05683044904016468,485,1006,1459,585
13,0.1,0.5,Platt calibration,32.034209,0.05524835243736697,0.05683044904016468,485,1006,1459,585
13,0.1,0.5,Isotonic calibration,32.034209,0.05524835243736697,0.05683044904016468,485,1006,1459,585
13,0.1,0.1,Multilabel,32.034209,0.05524835243736697,0.05683044904016468,485,1006,1459,585
13,0.1,0.1,Hoeffding/LTT,32.034209,0.05524835243736697,0.05683044904016468,485,1006,1459,585
13,0.1,0.1,Hoeffding-Bentkus,32.034209,0.05524835243736697,0.05683044904016468,485,1006,1459,585
13,0.1,0.1,IID-normal,32.034209,0.05524835243736697,0.05683044904016468,485,1006,1459,585
13,0.1,0.1,Empirical Bernstein,32.034209,0.05524835243736697,0.05683044904016468,485,1006,1459,585
13,0.1,0.1,Platt calibration,32.034209,0.05524835243736697,0.05683044904016468,485,1006,1459,585
13,0.1,0.1,Isotonic calibration,32.034209,0.05524835243736697,0.05683044904016468,485,1006,1459,585
13,0.2,0.5,Multilabel,19.522089,0.15365708784125587,0.1548769454252005,797,1913,3382,1073
13,0.2,0.5,Hoeffding/LTT,19.522089,0.15365708784125587,0.1548769454252005,797,1913,3382,1073
13,0.2,0.5,Hoeffding-Bentkus,19.522089,0.15365708784125587,0.1548769454252005,797,1913,3382,1073
13,0.2,0.5,IID-normal,19.522089,0.15365708784125587,0.1548769454252005,797,1913,3382,1073
13,0.2,0.5,Empirical Bernstein,19.522089,0.15365708784125587,0.1548769454252005,797,1913,3382,1073
13,0.2,0.5,Platt calibration,19.522089,0.15365708784125587,0.1548769454252005,797,1913,3382,1073
13,0.2,0.5,Isotonic calibration,19.522089,0.15365708784125587,0.1548769454252005,797,1913,3382,1073
13,0.2,0.1,Multilabel,19.522089,0.15365708784125587,0.1548769454252005,797,1913,3382,1073
13,0.2,0.1,Hoeffding/LTT,19.522089,0.15365708784125587,0.1548769454252005,797,1913,3382,1073
13,0.2,0.1,Hoeffding-Bentkus,19.522089,0.15365708784125587,0.1548769454252005,797,1913,3382,1073
13,0.2,0.1,IID-normal,19.522089,0.15365708784125587,0.1548769454252005,797,1913,3382,1073
13,0.2,0.1,Empirical Bernstein,19.522089,0.15365708784125587,0.1548769454252005,797,1913,3382,1073
13,0.2,0.1,Platt calibration,19.522089,0.15365708784125587,0.1548769454252005,797,1913,3382,1073
13,0.2,0.1,Isotonic calibration,19.522089,0.15365708784125587,0.1548769454252005,797,1913,3382,1073
14,0.05,0.5,Multilabel,37.784172,0.030663384362899712,0.03131590960382429,349,711,966,404
14,0.05,0.5,Hoeffding/LTT,37.784172,0.030663384362899712,0.03131590960382429,349,711,966,404
14,0.05,0.5,Hoeffding-Bentkus,37.784172,0.030663384362899712,0.03131590960382429,349,711,966,404
14,0.05,0.5,IID-normal,37.784172,0.030663384362899712,0.03131590960382429,349,711,966,404
14,0.05,0.5,Empirical Bernstein,37.784172,0.030663384362899712,0.03131590960382429,349,711,966,404
14,0.05,0.5,Platt calibration,44.566222,0.0184798830679283,0.020071269567715065,151,365,518,190
14,0.05,0.5,Isotonic calibration,37.784172,0.030663384362899712,0.03131590960382429,349,711,966,404
14,0.05,0.1,Multilabel,37.784172,0.030663384362899712,0.03131590960382429,349,711,966,404
14,0.05,0.1,Hoeffding/LTT,44.566222,0.0184798830679283,0.020071269567715065,151,365,518,190
14,0.05,0.1,Hoeffding-Bentkus,37.784172,0.030663384362899712,0.03131590960382429,349,711,966,404
14,0.05,0.1,IID-normal,37.784172,0.030663384362899712,0.03131590960382429,349,711,966,404
14,0.05,0.1,Empirical Bernstein,37.784172,0.030663384362899712,0.03131590960382429,349,711,966,404
14,0.05,0.1,Platt calibration,44.566222,0.0184798830679283,0.020071269567715065,151,365,518,190
14,0.05,0.1,Isotonic calibration,37.784172,0.030663384362899712,0.03131590960382429,349,711,966,404
14,0.1,0.5,Multilabel,27.159271,0.09369348924276226,0.09026640815740342,570,1233,1992,752
14,0.1,0.5,Hoeffding/LTT,32.034209,0.06088224735236043,0.05799173180689768,475,991,1465,593
14,0.1,0.5,Hoeffding-Bentkus,32.034209,0.06088224735236043,0.05799173180689768,475,991,1465,593
14,0.1,0.5,IID-normal,27.159271,0.09369348924276226,0.09026640815740342,570,1233,1992,752
14,0.1,0.5,Empirical Bernstein,32.034209,0.06088224735236043,0.05799173180689768,475,991,1465,593
14,0.1,0.5,Platt calibration,32.034209,0.06088224735236043,0.05799173180689768,475,991,1465,593
14,0.1,0.5,Isotonic calibration,32.034209,0.06088224735236043,0.05799173180689768,475,991,1465,593
14,0.1,0.1,Multilabel,32.034209,0.06088224735236043,0.05799173180689768,475,991,1465,593
14,0.1,0.1,Hoeffding/LTT,32.034209,0.06088224735236043,0.05799173180689768,475,991,1465,593
14,0.1,0.1,Hoeffding-Bentkus,32.034209,0.06088224735236043,0.05799173180689768,475,991,1465,593
14,0.1,0.1,IID-normal,32.034209,0.06088224735236043,0.05799173180689768,475,991,1465,593
14,0.1,0.1,Empirical Bernstein,32.034209,0.06088224735236043,0.05799173180689768,475,991,1465,593
14,0.1,0.1,Platt calibration,32.034209,0.06088224735236043,0.05799173180689768,475,991,1465,593
14,0.1,0.1,Isotonic calibration,32.034209,0.06088224735236043,0.05799173180689768,475,991,1465,593
14,0.2,0.5,Multilabel,19.522089,0.1518099177792231,0.15367302852492423,790,1879,3338,1075
14,0.2,0.5,Hoeffding/LTT,19.522089,0.1518099177792231,0.15367302852492423,790,1879,3338,1075
14,0.2,0.5,Hoeffding-Bentkus,19.522089,0.1518099177792231,0.15367302852492423,790,1879,3338,1075
14,0.2,0.5,IID-normal,19.522089,0.1518099177792231,0.15367302852492423,790,1879,3338,1075
14,0.2,0.5,Empirical Bernstein,19.522089,0.1518099177792231,0.15367302852492423,790,1879,3338,1075
14,0.2,0.5,Platt calibration,19.522089,0.1518099177792231,0.15367302852492423,790,1879,3338,1075
14,0.2,0.5,Isotonic calibration,19.522089,0.1518099177792231,0.15367302852492423,790,1879,3338,1075
14,0.2,0.1,Multilabel,19.522089,0.1518099177792231,0.15367302852492423,790,1879,3338,1075
14,0.2,0.1,Hoeffding/LTT,19.522089,0.1518099177792231,0.15367302852492423,790,1879,3338,1075
14,0.2,0.1,Hoeffding-Bentkus,19.522089,0.1518099177792231,0.15367302852492423,790,1879,3338,1075
14,0.2,0.1,IID-normal,19.522089,0.1518099177792231,0.15367302852492423,790,1879,3338,1075
14,0.2,0.1,Empirical Bernstein,19.522089,0.1518099177792231,0.15367302852492423,790,1879,3338,1075
14,0.2,0.1,Platt calibration,19.522089,0.1518099177792231,0.15367302852492423,790,1879,3338,1075
14,0.2,0.1,Isotonic calibration,19.522089,0.1518099177792231,0.15367302852492423,790,1879,3338,1075
15,0.05,0.5,Multilabel,37.784172,0.029272764571633716,0.03102816417389877,343,659,915,393
15,0.05,0.5,Hoeffding/LTT,37.784172,0.029272764571633716,0.03102816417389877,343,659,915,393
15,0.05,0.5,Hoeffding-Bentkus,37.784172,0.029272764571633716,0.03102816417389877,343,659,915,393
15,0.05,0.5,IID-normal,37.784172,0.029272764571633716,0.03102816417389877,343,659,915,393
15,0.05,0.5,Empirical Bernstein,37.784172,0.029272764571633716,0.03102816417389877,343,659,915,393
15,0.05,0.5,Platt calibration,44.566222,0.01826871297792138,0.020170005744650294,140,339,500,178
15,0.05,0.5,Isotonic calibration,37.784172,0.029272764571633716,0.03102816417389877,343,659,915,393
15,0.05,0.1,Multilabel,37.784172,0.029272764571633716,0.03102816417389877,343,659,915,393
15,0.05,0.1,Hoeffding/LTT,44.566222,0.01826871297792138,0.020170005744650294,140,339,500,178
15,0.05,0.1,Hoeffding-Bentkus,37.784172,0.029272764571633716,0.03102816417389877,343,659,915,393
15,0.05,0.1,IID-normal,37.784172,0.029272764571633716,0.03102816417389877,343,659,915,393
15,0.05,0.1,Empirical Bernstein,37.784172,0.029272764571633716,0.03102816417389877,343,659,915,393
15,0.05,0.1,Platt calibration,44.566222,0.01826871297792138,0.020170005744650294,140,339,500,178
15,0.05,0.1,Isotonic calibration,37.784172,0.029272764571633716,0.03102816417389877,343,659,915,393
15,0.1,0.5,Multilabel,32.034209,0.05674680103597713,0.05860043392626331,446,920,1367,556
15,0.1,0.5,Hoeffding/LTT,32.034209,0.05674680103597713,0.05860043392626331,446,920,1367,556
15,0.1,0.5,Hoeffding-Bentkus,32.034209,0.05674680103597713,0.05860043392626331,446,920,1367,556
15,0.1,0.5,IID-normal,32.034209,0.05674680103597713,0.05860043392626331,446,920,1367,556
15,0.1,0.5,Empirical Bernstein,32.034209,0.05674680103597713,0.05860043392626331,446,920,1367,556
15,0.1,0.5,Platt calibration,32.034209,0.05674680103597713,0.05860043392626331,446,920,1367,556
15,0.1,0.5,Isotonic calibration,32.034209,0.05674680103597713,0.05860043392626331,446,920,1367,556
15,0.1,0.1,Multilabel,32.034209,0.05674680103597713,0.05860043392626331,446,920,1367,556
15,0.1,0.1,Hoeffding/LTT,32.034209,0.05674680103597713,0.05860043392626331,446,920,1367,556
15,0.1,0.1,Hoeffding-Bentkus,32.034209,0.05674680103597713,0.05860043392626331,446,920,1367,556
15,0.1,0.1,IID-normal,32.034209,0.05674680103597713,0.05860043392626331,446,920,1367,556
15,0.1,0.1,Empirical Bernstein,32.034209,0.05674680103597713,0.05860043392626331,446,920,1367,556
15,0.1,0.1,Platt calibration,32.034209,0.05674680103597713,0.05860043392626331,446,920,1367,556
15,0.1,0.1,Isotonic calibration,32.034209,0.05674680103597713,0.05860043392626331,446,920,1367,556
15,0.2,0.5,Multilabel,19.522089,0.15032716968904367,0.15595821730569684,782,1809,3254,1057
15,0.2,0.5,Hoeffding/LTT,19.522089,0.15032716968904367,0.15595821730569684,782,1809,3254,1057
15,0.2,0.5,Hoeffding-Bentkus,19.522089,0.15032716968904367,0.15595821730569684,782,1809,3254,1057
15,0.2,0.5,IID-normal,19.522089,0.15032716968904367,0.15595821730569684,782,1809,3254,1057
15,0.2,0.5,Empirical Bernstein,19.522089,0.15032716968904367,0.15595821730569684,782,1809,3254,1057
15,0.2,0.5,Platt calibration,23.026196,0.11693591814754982,0.12206796297436108,670,1483,2531,884
15,0.2,0.5,Isotonic calibration,19.522089,0.15032716968904367,0.15595821730569684,782,1809,3254,1057
15,0.2,0.1,Multilabel,19.522089,0.15032716968904367,0.15595821730569684,782,1809,3254,1057
15,0.2,0.1,Hoeffding/LTT,19.522089,0.15032716968904367,0.15595821730569684,782,1809,3254,1057
15,0.2,0.1,Hoeffding-Bentkus,19.522089,0.15032716968904367,0.15595821730569684,782,1809,3254,1057
15,0.2,0.1,IID-normal,19.522089,0.15032716968904367,0.15595821730569684,782,1809,3254,1057
15,0.2,0.1,Empirical Bernstein,19.522089,0.15032716968904367,0.15595821730569684,782,1809,3254,1057
15,0.2,0.1,Platt calibration,23.026196,0.11693591814754982,0.12206796297436108,670,1483,2531,884
15,0.2,0.1,Isotonic calibration,19.522089,0.15032716968904367,0.15595821730569684,782,1809,3254,1057
16,0.05,0.5,Multilabel,37.784172,0.030570556709490472,0.03021091928082449,360,699,944,411
16,0.05,0.5,Hoeffding/LTT,37.784172,0.030570556709490472,0.03021091928082449,360,699,944,411
16,0.05,0.5,Hoeffding-Bentkus,37.784172,0.030570556709490472,0.03021091928082449,360,699,944,411
16,0.05,0.5,IID-normal,37.784172,0.030570556709490472,0.03021091928082449,360,699,944,411
16,0.05,0.5,Empirical Bernstein,37.784172,0.030570556709490472,0.03021091928082449,360,699,944,411
16,0.05,0.5,Platt calibration,44.566222,0.019824986537425957,0.019752236310293183,149,345,498,196
16,0.05,0.5,Isotonic calibration,37.784172,0.030570556709490472,0.03021091928082449,360,699,944,411
16,0.05,0.1,Multilabel,37.784172,0.030570556709490472,0.03021091928082449,360,699,944,411
16,0.05,0.1,Hoeffding/LTT,37.784172,0.030570556709490472,0.03021091928082449,360,699,944,411
16,0.05,0.1,Hoeffding-Bentkus,37.784172,0.030570556709490472,0.03021091928082449,360,699,944,411
16,0.05,0.1,IID-normal,37.784172,0.030570556709490472,0.03021091928082449,360,699,944,411
16,0.05,0.1,Empirical Bernstein,37.784172,0.030570556709490472,0.03021091928082449,360,699,944,411
16,0.05,0.1,Platt calibration,44.566222,0.019824986537425957,0.019752236310293183,149,345,498,196
16,0.05,0.1,Isotonic calibration,37.784172,0.030570556709490472,0.03021091928082449,360,699,944,411
16,0.1,0.5,Multilabel,27.159271,0.08731517809062236,0.0897793524274567,587,1251,1974,744
16,0.1,0.5,Hoeffding/LTT,32.034209,0.05466548708875042,0.05738773141024326,473,973,1415,562
16,0.1,0.5,Hoeffding-Bentkus,32.034209,0.05466548708875042,0.05738773141024326,473,973,1415,562
16,0.1,0.5,IID-normal,27.159271,0.08731517809062236,0.0897793524274567,587,1251,1974,744
16,0.1,0.5,Empirical Bernstein,32.034209,0.05466548708875042,0.05738773141024326,473,973,1415,562
16,0.1,0.5,Platt calibration,32.034209,0.05466548708875042,0.05738773141024326,473,973,1415,562
16,0.1,0.5,Isotonic calibration,32.034209,0.05466548708875042,0.05738773141024326,473,973,1415,562
16,0.1,0.1,Multilabel,32.034209,0.05466548708875042,0.05738773141024326,473,973,1415,562
16,0.1,0.1,Hoeffding/LTT,32.034209,0.05466548708875042,0.05738773141024326,473,973,1415,562
16,0.1,0.1,Hoeffding-Bentkus,32.034209,0.05466548708875042,0.05738773141024326,473,973,1415,562
16,0.1,0.1,IID-normal,32.034209,0.05466548708875042,0.05738773141024326,473,973,1415,562
16,0.1,0.1,Empirical Bernstein,32.034209,0.05466548708875042,0.05738773141024326,473,973,1415,562
16,0.1,0.1,Platt calibration,32.034209,0.05466548708875042,0.05738773141024326,473,973,1415,562
16,0.1,0.1,Isotonic calibration,32.034209,0.05466548708875042,0.05738773141024326,473,973,1415,562
16,0.2,0.5,Multilabel,19.522089,0.15800780712735477,0.15383533510149194,787,1876,3354,1087
16,0.2,0.5,Hoeffding/LTT,19.522089,0.15800780712735477,0.15383533510149194,787,1876,3354,1087
16,0.2,0.5,Hoeffding-Bentkus,19.522089,0.15800780712735477,0.15383533510149194,787,1876,3354,1087
16,0.2,0.5,IID-normal,19.522089,0.15800780712735477,0.15383533510149194,787,1876,3354,1087
16,0.2,0.5,Empirical Bernstein,19.522089,0.15800780712735477,0.15383533510149194,787,1876,3354,1087
16,0.2,0.5,Platt calibration,19.522089,0.15800780712735477,0.15383533510149194,787,1876,3354,1087
16,0.2,0.5,Isotonic calibration,19.522089,0.15800780712735477,0.15383533510149194,787,1876,3354,1087
16,0.2,0.1,Multilabel,19.522089,0.15800780712735477,0.15383533510149194,787,1876,3354,1087
16,0.2,0.1,Hoeffding/LTT,19.522089,0.15800780712735477,0.15383533510149194,787,1876,3354,1087
16,0.2,0.1,Hoeffding-Bentkus,19.522089,0.15800780712735477,0.15383533510149194,787,1876,3354,1087
16,0.2,0.1,IID-normal,19.522089,0.15800780712735477,0.15383533510149194,787,1876,3354,1087
16,0.2,0.1,Empirical Bernstein,19.522089,0.15800780712735477,0.15383533510149194,787,1876,3354,1087
16,0.2,0.1,Platt calibration,19.522089,0.15800780712735477,0.15383533510149194,787,1876,3354,1087
16,0.2,0.1,Isotonic calibration,19.522089,0.15800780712735477,0.15383533510149194,787,1876,3354,1087
17,0.05,0.5,Multilabel,37.784172,0.029975126291766036,0.03091822934832414,354,735,1011,399
17,0.05,0.5,Hoeffding/LTT,37.784172,0.029975126291766036,0.03091822934832414,354,735,1011,399
17,0.05,0.5,Hoeffding-Bentkus,37.784172,0.029975126291766036,0.03091822934832414,354,735,1011,399
17,0.05,0.5,IID-normal,37.784172,0.029975126291766036,0.03091822934832414,354,735,1011,399
17,0.05,0.5,Empirical Bernstein,37.784172,0.029975126291766036,0.03091822934832414,354,735,1011,399
17,0.05,0.5,Platt calibration,44.566222,0.02044041849373029,0.020303748384317106,166,387,569,207
17,0.05,0.5,Isotonic calibration,37.784172,0.029975126291766036,0.03091822934832414,354,735,1011,399
17,0.05,0.1,Multilabel,37.784172,0.029975126291766036,0.03091822934832414,354,735,1011,399
17,0.05,0.1,Hoeffding/LTT,37.784172,0.029975126291766036,0.03091822934832414,354,735,1011,399
17,0.05,0.1,Hoeffding-Bentkus,37.784172,0.029975126291766036,0.03091822934832414,354,735,1011,399
17,0.05,0.1,IID-normal,37.784172,0.029975126291766036,0.03091822934832414,354,735,1011,399
17,0.05,0.1,Empirical Bernstein,37.784172,0.029975126291766036,0.03091822934832414,354,735,1011,399
17,0.05,0.1,Platt calibration,44.566222,0.02044041849373029,0.020303748384317106,166,387,569,207
17,0.05,0.1,Isotonic calibration,37.784172,0.029975126291766036,0.03091822934832414,354,735,1011,399
17,0.1,0.5,Multilabel,32.034209,0.056845141933994925,0.05805131545652873,480,1020,1496,581
17,0.1,0.5,Hoeffding/LTT,32.034209,0.056845141933994925,0.05805131545652873,480,1020,1496,581
17,0.1,0.5,Hoeffding-Bentkus,32.034209,0.056845141933994925,0.05805131545652873,480,1020,1496,581
17,0.1,0.5,IID-normal,32.034209,0.056845141933994925,0.05805131545652873,480,1020,1496,581
17,0.1,0.5,Empirical Bernstein,32.034209,0.056845141933994925,0.05805131545652873,480,1020,1496,581
17,0.1,0.5,Platt calibration,32.034209,0.056845141933994925,0.05805131545652873,480,1020,1496,581
17,0.1,0.5,Isotonic calibration,32.034209,0.056845141933994925,0.05805131545652873,480,1020,1496,581
17,0.1,0.1,Multilabel,32.034209,0.056845141933994925,0.05805131545652873,480,1020,1496,581
17,0.1,0.1,Hoeffding/LTT,32.034209,0.056845141933994925,0.05805131545652873,480,1020,1496,581
17,0.1,0.1,Hoeffding-Bentkus,32.034209,0.056845141933994925,0.05805131545652873,480,1020,1496,581
17,0.1,0.1,IID-normal,32.034209,0.056845141933994925,0.05805131545652873,480,1020,1496,581
17,0.1,0.1,Empirical Bernstein,32.034209,0.056845141933994925,0.05805131545652873,480,1020,1496,581
17,0.1,0.1,Platt calibration,32.034209,0.056845141933994925,0.05805131545652873,480,1020,1496,581
17,0.1,0.1,Isotonic calibration,32.034209,0.056845141933994925,0.05805131545652873,480,1020,1496,581
17,0.2,0.5,Multilabel,19.522089,0.15535613462107808,0.15355009596177197,805,1930,3434,1096
17,0.2,0.5,Hoeffding/LTT,19.522089,0.15535613462107808,0.15355009596177197,805,1930,3434,1096
17,0.2,0.5,Hoeffding-Bentkus,19.522089,0.15535613462107808,0.15355009596177197,805,1930,3434,1096
17,0.2,0.5,IID-normal,19.522089,0.15535613462107808,0.15355009596177197,805,1930,3434,1096
17,0.2,0.5,Empirical Bernstein,19.522089,0.15535613462107808,0.15355009596177197,805,1930,3434,1096
17,0.2,0.5,Platt calibration,19.522089,0.15535613462107808,0.15355009596177197,805,1930,3434,1096
17,0.2,0.5,Isotonic calibration,19.522089,0.15535613462107808,0.15355009596177197,805,1930,3434,1096
17,0.2,0.1,Multilabel,19.522089,0.15535613462107808,0.15355009596177197,805,1930,3434,1096
17,0.2,0.1,Hoeffding/LTT,19.522089,0.15535613462107808,0.15355009596177197,805,1930,3434,1096
17,0.2,0.1,Hoeffding-Bentkus,19.522089,0.15535613462107808,0.15355009596177197,805,1930,3434,1096
17,0.2,0.1,IID-normal,19.522089,0.15535613462107808,0.15355009596177197,805,1930,3434,1096
17,0.2,0.1,Empirical Bernstein,19.522089,0.15535613462107808,0.15355009596177197,805,1930,3434,1096
17,0.2,0.1,Platt calibration,19.522089,0.15535613462107808,0.15355009596177197,805,1930,3434,1096
17,0.2,0.1,Isotonic calibration,19.522089,0.15535613462107808,0.15355009596177197,805,1930,3434,1096
18,0.05,0.5,Multilabel,37.784172,0.0327966253814396,0.03113895385814817,355,732,1002,407
18,0.05,0.5,Hoeffding/LTT,37.784172,0.0327966253814396,0.03113895385814817,355,732,1002,407
18,0.05,0.5,Hoeffding-Bentkus,37.784172,0.0327966253814396,0.03113895385814817,355,732,1002,407
18,0.05,0.5,IID-normal,37.784172,0.0327966253814396,0.03113895385814817,355,732,1002,407
18,0.05,0.5,Empirical Bernstein,37.784172,0.0327966253814396,0.03113895385814817,355,732,1002,407
18,0.05,0.5,Platt calibration,44.566222,0.018804523424878837,0.01999587103260089,151,387,540,191
18,0.05,0.5,Isotonic calibration,37.784172,0.0327966253814396,0.03113895385814817,355,732,1002,407
18,0.05,0.1,Multilabel,37.784172,0.0327966253814396,0.03113895385814817,355,732,1002,407
18,0.05,0.1,Hoeffding/LTT,37.784172,0.0327966253814396,0.03113895385814817,355,732,1002,407
18,0.05,0.1,Hoeffding-Bentkus,37.784172,0.0327966253814396,0.03113895385814817,355,732,1002,407
18,0.05,0.1,IID-normal,37.784172,0.0327966253814396,0.03113895385814817,355,732,1002,407
18,0.05,0.1,Empirical Bernstein,37.784172,0.0327966253814396,0.03113895385814817,355,732,1002,407
18,0.05,0.1,Platt calibration,44.566222,0.018804523424878837,0.01999587103260089,151,387,540,191
18,0.05,0.1,Isotonic calibration,37.784172,0.0327966253814396,0.03113895385814817,355,732,1002,407
18,0.1,0.5,Multilabel,27.159271,0.08732261456009438,0.08877177325044623,577,1276,2012,742
18,0.1,0.5,Hoeffding/LTT,32.034209,0.05451496268943765,0.05687806466834903,485,1012,1466,582
18,0.1,0.5,Hoeffding-Bentkus,32.034209,0.05451496268943765,0.05687806466834903,485,1012,1466,582
18,0.1,0.5,IID-normal,27.159271,0.08732261456009438,0.08877177325044623,577,1276,2012,742
18,0.1,0.5,Empirical Bernstein,32.034209,0.05451496268943765,0.05687806466834903,485,1012,1466,582
18,0.1,0.5,Platt calibration,32.034209,0.05451496268943765,0.05687806466834903,485,1012,1466,582
18,0.1,0.5,Isotonic calibration,32.034209,0.05451496268943765,0.05687806466834903,485,1012,1466,582
18,0.1,0.1,Multilabel,32.034209,0.05451496268943765,0.05687806466834903,485,1012,1466,582
18,0.1,0.1,Hoeffding/LTT,32.034209,0.05451496268943765,0.05687806466834903,485,1012,1466,582
18,0.1,0.1,Hoeffding-Bentkus,32.034209,0.05451496268943765,0.05687806466834903,485,1012,1466,582
18,0.1,0.1,IID-normal,32.034209,0.05451496268943765,0.05687806466834903,485,1012,1466,582
18,0.1,0.1,Empirical Bernstein,32.034209,0.05451496268943765,0.05687806466834903,485,1012,1466,582
18,0.1,0.1,Platt calibration,32.034209,0.05451496268943765,0.05687806466834903,485,1012,1466,582
18,0.1,0.1,Isotonic calibration,32.034209,0.05451496268943765,0.05687806466834903,485,1012,1466,582
18,0.2,0.5,Multilabel,19.522089,0.15354631008912106,0.15258743960812038,794,1898,3344,1078
18,0.2,0.5,Hoeffding/LTT,19.522089,0.15354631008912106,0.15258743960812038,794,1898,3344,1078
18,0.2,0.5,Hoeffding-Bentkus,19.522089,0.15354631008912106,0.15258743960812038,794,1898,3344,1078
18,0.2,0.5,IID-normal,19.522089,0.15354631008912106,0.15258743960812038,794,1898,3344,1078
18,0.2,0.5,Empirical Bernstein,19.522089,0.15354631008912106,0.15258743960812038,794,1898,3344,1078
18,0.2,0.5,Platt calibration,19.522089,0.15354631008912106,0.15258743960812038,794,1898,3344,1078
18,0.2,0.5,Isotonic calibration,19.522089,0.15354631008912106,0.15258743960812038,794,1898,3344,1078
18,0.2,0.1,Multilabel,19.522089,0.15354631008912106,0.15258743960812038,794,1898,3344,1078
18,0.2,0.1,Hoeffding/LTT,19.522089,0.15354631008912106,0.15258743960812038,794,1898,3344,1078
18,0.2,0.1,Hoeffding-Bentkus,19.522089,0.15354631008912106,0.15258743960812038,794,1898,3344,1078
18,0.2,0.1,IID-normal,19.522089,0.15354631008912106,0.15258743960812038,794,1898,3344,1078
18,0.2,0.1,Empirical Bernstein,19.522089,0.15354631008912106,0.15258743960812038,794,1898,3344,1078
18,0.2,0.1,Platt calibration,19.522089,0.15354631008912106,0.15258743960812038,794,1898,3344,1078
18,0.2,0.1,Isotonic calibration,19.522089,0.15354631008912106,0.15258743960812038,794,1898,3344,1078
19,0.05,0.5,Multilabel,37.784172,0.035790445418878374,0.03201167907921462,387,808,1109,452
19,0.05,0.5,Hoeffding/LTT,37.784172,0.035790445418878374,0.03201167907921462,387,808,1109,452
19,0.05,0.5,Hoeffding-Bentkus,37.784172,0.035790445418878374,0.03201167907921462,387,808,1109,452
19,0.05,0.5,IID-normal,37.784172,0.035790445418878374,0.03201167907921462,387,808,1109,452
19,0.05,0.5,Empirical Bernstein,37.784172,0.035790445418878374,0.03201167907921462,387,808,1109,452
19,0.05,0.5,Platt calibration,44.566222,0.021448572967151316,0.019898930058882665,163,427,608,210
19,0.05,0.5,Isotonic calibration,37.784172,0.035790445418878374,0.03201167907921462,387,808,1109,452
19,0.05,0.1,Multilabel,37.784172,0.035790445418878374,0.03201167907921462,387,808,1109,452
19,0.05,0.1,Hoeffding/LTT,37.784172,0.035790445418878374,0.03201167907921462,387,808,1109,452
19,0.05,0.1,Hoeffding-Bentkus,37.784172,0.035790445418878374,0.03201167907921462,387,808,1109,452
19,0.05,0.1,IID-normal,37.784172,0.035790445418878374,0.03201167907921462,387,808,1109,452
19,0.05,0.1,Empirical Bernstein,37.784172,0.035790445418878374,0.03201167907921462,387,808,1109,452
19,0.05,0.1,Platt calibration,44.566222,0.021448572967151316,0.019898930058882665,163,427,608,210
19,0.05,0.1,Isotonic calibration,37.784172,0.035790445418878374,0.03201167907921462,387,808,1109,452
19,0.1,0.5,Multilabel,27.159271,0.09773610790573634,0.09155925367418258,613,1362,2170,797
19,0.1,0.5,Hoeffding/LTT,32.034209,0.06609021206759495,0.05936365175109251,503,1081,1615,631
19,0.1,0.5,Hoeffding-Bentkus,32.034209,0.06609021206759495,0.05936365175109251,503,1081,1615,631
19,0.1,0.5,IID-normal,27.159271,0.09773610790573634,0.09155925367418258,613,1362,2170,797
19,0.1,0.5,Empirical Bernstein,32.034209,0.06609021206759495,0.05936365175109251,503,1081,1615,631
19,0.1,0.5,Platt calibration,32.034209,0.06609021206759495,0.05936365175109251,503,1081,1615,631
19,0.1,0.5,Isotonic calibration,32.034209,0.06609021206759495,0.05936365175109251,503,1081,1615,631
19,0.1,0.1,Multilabel,32.034209,0.06609021206759495,0.05936365175109251,503,1081,1615,631
19,0.1,0.1,Hoeffding/LTT,32.034209,0.06609021206759495,0.05936365175109251,503,1081,1615,631
19,0.1,0.1,Hoeffding-Bentkus,32.034209,0.06609021206759495,0.05936365175109251,503,1081,1615,631
19,0.1,0.1,IID-normal,32.034209,0.06609021206759495,0.05936365175109251,503,1081,1615,631
19,0.1,0.1,Empirical Bernstein,32.034209,0.06609021206759495,0.05936365175109251,503,1081,1615,631
19,0.1,0.1,Platt calibration,32.034209,0.06609021206759495,0.05936365175109251,503,1081,1615,631
19,0.1,0.1,Isotonic calibration,32.034209,0.06609021206759495,0.05936365175109251,503,1081,1615,631
19,0.2,0.5,Multilabel,19.522089,0.1635654374345812,0.15574214011848653,816,1991,3529,1119
19,0.2,0.5,Hoeffding/LTT,19.522089,0.1635654374345812,0.15574214011848653,816,1991,3529,1119
19,0.2,0.5,Hoeffding-Bentkus,19.522089,0.1635654374345812,0.15574214011848653,816,1991,3529,1119
19,0.2,0.5,IID-normal,19.522089,0.1635654374345812,0.15574214011848653,816,1991,3529,1119
19,0.2,0.5,Empirical Bernstein,19.522089,0.1635654374345812,0.15574214011848653,816,1991,3529,1119
19,0.2,0.5,Platt calibration,19.522089,0.1635654374345812,0.15574214011848653,816,1991,3529,1119
19,0.2,0.5,Isotonic calibration,19.522089,0.1635654374345812,0.15574214011848653,816,1991,3529,1119
19,0.2,0.1,Multilabel,19.522089,0.1635654374345812,0.15574214011848653,816,1991,3529,1119
19,0.2,0.1,Hoeffding/LTT,19.522089,0.1635654374345812,0.15574214011848653,816,1991,3529,1119
19,0.2,0.1,Hoeffding-Bentkus,19.522089,0.1635654374345812,0.15574214011848653,816,1991,3529,1119
19,0.2,0.1,IID-normal,19.522089,0.1635654374345812,0.15574214011848653,816,1991,3529,1119
19,0.2,0.1,Empirical Bernstein,19.522089,0.1635654374345812,0.15574214011848653,816,1991,3529,1119
19,0.2,0.1,Platt calibration,19.522089,0.1635654374345812,0.15574214011848653,816,1991,3529,1119
19,0.2,0.1,Isotonic calibration,19.522089,0.1635654374345812,0.15574214011848653,816,1991,3529,1119
20,0.05,0.5,Multilabel,37.784172,0.028646690771084952,0.03223445524985809,351,707,950,399
20,0.05,0.5,Hoeffding/LTT,37.784172,0.028646690771084952,0.03223445524985809,351,707,950,399
20,0.05,0.5,Hoeffding-Bentkus,37.784172,0.028646690771084952,0.03223445524985809,351,707,950,399
20,0.05,0.5,IID-normal,37.784172,0.028646690771084952,0.03223445524985809,351,707,950,399
20,0.05,0.5,Empirical Bernstein,37.784172,0.028646690771084952,0.03223445524985809,351,707,950,399
20,0.05,0.5,Platt calibration,44.566222,0.017831371643972613,0.02051789048234546,150,377,530,189
20,0.05,0.5,Isotonic calibration,37.784172,0.028646690771084952,0.03223445524985809,351,707,950,399
20,0.05,0.1,Multilabel,37.784172,0.028646690771084952,0.03223445524985809,351,707,950,399
20,0.05,0.1,Hoeffding/LTT,44.566222,0.017831371643972613,0.02051789048234546,150,377,530,189
20,0.05,0.1,Hoeffding-Bentkus,37.784172,0.028646690771084952,0.03223445524985809,351,707,950,399
20,0.05,0.1,IID-normal,37.784172,0.028646690771084952,0.03223445524985809,351,707,950,399
20,0.05,0.1,Empirical Bernstein,37.784172,0.028646690771084952,0.03223445524985809,351,707,950,399
20,0.05,0.1,Platt calibration,44.566222,0.017831371643972613,0.02051789048234546,150,377,530,189
20,0.05,0.1,Isotonic calibration,37.784172,0.028646690771084952,0.03223445524985809,351,707,950,399
20,0.1,0.5,Multilabel,27.159271,0.09876900787240044,0.09247566217352947,574,1231,2033,765
20,0.1,0.5,Hoeffding/LTT,32.034209,0.05810639279944611,0.05907889832652865,488,1000,1463,592
20,0.1,0.5,Hoeffding-Bentkus,32.034209,0.05810639279944611,0.05907889832652865,488,1000,1463,592
20,0.1,0.5,IID-normal,27.159271,0.09876900787240044,0.09247566217352947,574,1231,2033,765
20,0.1,0.5,Empirical Bernstein,32.034209,0.05810639279944611,0.05907889832652865,488,1000,1463,592
20,0.1,0.5,Platt calibration,32.034209,0.05810639279944611,0.05907889832652865,488,1000,1463,592
20,0.1,0.5,Isotonic calibration,32.034209,0.05810639279944611,0.05907889832652865,488,1000,1463,592
20,0.1,0.1,Multilabel,32.034209,0.05810639279944611,0.05907889832652865,488,1000,1463,592
20,0.1,0.1,Hoeffding/LTT,32.034209,0.05810639279944611,0.05907889832652865,488,1000,1463,592
20,0.1,0.1,Hoeffding-Bentkus,32.034209,0.05810639279944611,0.05907889832652865,488,1000,1463,592
20,0.1,0.1,IID-normal,32.034209,0.05810639279944611,0.05907889832652865,488,1000,1463,592
20,0.1,0.1,Empirical Bernstein,32.034209,0.05810639279944611,0.05907889832652865,488,1000,1463,592
20,0.1,0.1,Platt calibration,32.034209,0.05810639279944611,0.05907889832652865,488,1000,1463,592
20,0.1,0.1,Isotonic calibration,32.034209,0.05810639279944611,0.05907889832652865,488,1000,1463,592
20,0.2,0.5,Multilabel,19.522089,0.15835241405516043,0.15526813652621493,785,1847,3376,1079
20,0.2,0.5,Hoeffding/LTT,19.522089,0.15835241405516043,0.15526813652621493,785,1847,3376,1079
20,0.2,0.5,Hoeffding-Bentkus,19.522089,0.15835241405516043,0.15526813652621493,785,1847,3376,1079
20,0.2,0.5,IID-normal,19.522089,0.15835241405516043,0.15526813652621493,785,1847,3376,1079
20,0.2,0.5,Empirical Bernstein,19.522089,0.15835241405516043,0.15526813652621493,785,1847,3376,1079
20,0.2,0.5,Platt calibration,19.522089,0.15835241405516043,0.15526813652621493,785,1847,3376,1079
20,0.2,0.5,Isotonic calibration,19.522089,0.15835241405516043,0.15526813652621493,785,1847,3376,1079
20,0.2,0.1,Multilabel,19.522089,0.15835241405516043,0.15526813652621493,785,1847,3376,1079
20,0.2,0.1,Hoeffding/LTT,19.522089,0.15835241405516043,0.15526813652621493,785,1847,3376,1079
20,0.2,0.1,Hoeffding-Bentkus,19.522089,0.15835241405516043,0.15526813652621493,785,1847,3376,1079
20,0.2,0.1,IID-normal,19.522089,0.15835241405516043,0.15526813652621493,785,1847,3376,1079
20,0.2,0.1,Empirical Bernstein,19.522089,0.15835241405516043,0.15526813652621493,785,1847,3376,1079
20,0.2,0.1,Platt calibration,19.522089,0.15835241405516043,0.15526813652621493,785,1847,3376,1079
20,0.2,0.1,Isotonic calibration,19.522089,0.15835241405516043,0.15526813652621493,785,1847,3376,1079
21,0.05,0.5,Multilabel,37.784172,0.03156986434853963,0.0327661346026275,342,730,995,399
21,0.05,0.5,Hoeffding/LTT,37.784172,0.03156986434853963,0.0327661346026275,342,730,995,399
21,0.05,0.5,Hoeffding-Bentkus,37.784172,0.03156986434853963,0.0327661346026275,342,730,995,399
21,0.05,0.5,IID-normal,37.784172,0.03156986434853963,0.0327661346026275,342,730,995,399
21,0.05,0.5,Empirical Bernstein,37.784172,0.03156986434853963,0.0327661346026275,342,730,995,399
21,0.05,0.5,Platt calibration,44.566222,0.020950457727517503,0.020830640528507825,149,405,572,198
21,0.05,0.5,Isotonic calibration,37.784172,0.03156986434853963,0.0327661346026275,342,730,995,399
21,0.05,0.1,Multilabel,37.784172,0.03156986434853963,0.0327661346026275,342,730,995,399
21,0.05,0.1,Hoeffding/LTT,44.566222,0.020950457727517503,0.020830640528507825,149,405,572,198
21,0.05,0.1,Hoeffding-Bentkus,37.784172,0.03156986434853963,0.0327661346026275,342,730,995,399
21,0.05,0.1,IID-normal,37.784172,0.03156986434853963,0.0327661346026275,342,730,995,399
21,0.05,0.1,Empirical Bernstein,37.784172,0.03156986434853963,0.0327661346026275,342,730,995,399
21,0.05,0.1,Platt calibration,44.566222,0.020950457727517503,0.020830640528507825,149,405,572,198
21,0.05,0.1,Isotonic calibration,37.784172,0.03156986434853963,0.0327661346026275,342,730,995,399
21,0.1,0.5,Multilabel,32.034209,0.05411236761802189,0.057857476252026016,468,997,1458,562
21,0.1,0.5,Hoeffding/LTT,32.034209,0.05411236761802189,0.057857476252026016,468,997,1458,562
21,0.1,0.5,Hoeffding-Bentkus,32.034209,0.05411236761802189,0.057857476252026016,468,997,1458,562
21,0.1,0.5,IID-normal,32.034209,0.05411236761802189,0.057857476252026016,468,997,1458,562
21,0.1,0.5,Empirical Bernstein,32.034209,0.05411236761802189,0.057857476252026016,468,997,1458,562
21,0.1,0.5,Platt calibration,32.034209,0.05411236761802189,0.057857476252026016,468,997,1458,562
21,0.1,0.5,Isotonic calibration,32.034209,0.05411236761802189,0.057857476252026016,468,997,1458,562
21,0.1,0.1,Multilabel,32.034209,0.05411236761802189,0.057857476252026016,468,997,1458,562
21,0.1,0.1,Hoeffding/LTT,32.034209,0.05411236761802189,0.057857476252026016,468,997,1458,562
21,0.1,0.1,Hoeffding-Bentkus,32.034209,0.05411236761802189,0.057857476252026016,468,997,1458,562
21,0.1,0.1,IID-normal,32.034209,0.05411236761802189,0.057857476252026016,468,997,1458,562
21,0.1,0.1,Empirical Bernstein,32.034209,0.05411236761802189,0.057857476252026016,468,997,1458,562
21,0.1,0.1,Platt calibration,32.034209,0.05411236761802189,0.057857476252026016,468,997,1458,562
21,0.1,0.1,Isotonic calibration,32.034209,0.05411236761802189,0.057857476252026016,468,997,1458,562
21,0.2,0.5,Multilabel,19.522089,0.1497447822326659,0.1539844185686495,779,1829,3281,1051
21,0.2,0.5,Hoeffding/LTT,19.522089,0.1497447822326659,0.1539844185686495,779,1829,3281,1051
21,0.2,0.5,Hoeffding-Bentkus,19.522089,0.1497447822326659,0.1539844185686495,779,1829,3281,1051
21,0.2,0.5,IID-normal,19.522089,0.1497447822326659,0.1539844185686495,779,1829,3281,1051
21,0.2,0.5,Empirical Bernstein,19.522089,0.1497447822326659,0.1539844185686495,779,1829,3281,1051
21,0.2,0.5,Platt calibration,19.522089,0.1497447822326659,0.1539844185686495,779,1829,3281,1051
21,0.2,0.5,Isotonic calibration,19.522089,0.1497447822326659,0.1539844185686495,779,1829,3281,1051
21,0.2,0.1,Multilabel,19.522089,0.1497447822326659,0.1539844185686495,779,1829,3281,1051
21,0.2,0.1,Hoeffding/LTT,19.522089,0.1497447822326659,0.1539844185686495,779,1829,3281,1051
21,0.2,0.1,Hoeffding-Bentkus,19.522089,0.1497447822326659,0.1539844185686495,779,1829,3281,1051
21,0.2,0.1,IID-normal,19.522089,0.1497447822326659,0.1539844185686495,779,1829,3281,1051
21,0.2,0.1,Empirical Bernstein,19.522089,0.1497447822326659,0.1539844185686495,779,1829,3281,1051
21,0.2,0.1,Platt calibration,19.522089,0.1497447822326659,0.1539844185686495,779,1829,3281,1051
21,0.2,0.1,Isotonic calibration,19.522089,0.1497447822326659,0.1539844185686495,779,1829,3281,1051
22,0.05,0.5,Multilabel,37.784172,0.02903248967869323,0.03084112109586043,334,699,935,380
22,0.05,0.5,Hoeffding/LTT,37.784172,0.02903248967869323,0.03084112109586043,334,699,935,380
22,0.05,0.5,Hoeffding-Bentkus,37.784172,0.02903248967869323,0.03084112109586043,334,699,935,380
22,0.05,0.5,IID-normal,37.784172,0.02903248967869323,0.03084112109586043,334,699,935,380
22,0.05,0.5,Empirical Bernstein,37.784172,0.02903248967869323,0.03084112109586043,334,699,935,380
22,0.05,0.5,Platt calibration,44.566222,0.017597122855604275,0.019472569294844175,146,379,524,182
22,0.05,0.5,Isotonic calibration,37.784172,0.02903248967869323,0.03084112109586043,334,699,935,380
22,0.05,0.1,Multilabel,37.784172,0.02903248967869323,0.03084112109586043,334,699,935,380
22,0.05,0.1,Hoeffding/LTT,44.566222,0.017597122855604275,0.019472569294844175,146,379,524,182
22,0.05,0.1,Hoeffding-Bentkus,37.784172,0.02903248967869323,0.03084112109586043,334,699,935,380
22,0.05,0.1,IID-normal,37.784172,0.02903248967869323,0.03084112109586043,334,699,935,380
22,0.05,0.1,Empirical Bernstein,37.784172,0.02903248967869323,0.03084112109586043,334,699,935,380
22,0.05,0.1,Platt calibration,44.566222,0.017597122855604275,0.019472569294844175,146,379,524,182
22,0.05,0.1,Isotonic calibration,37.784172,0.02903248967869323,0.03084112109586043,334,699,935,380
22,0.1,0.5,Multilabel,27.159271,0.0970375926353309,0.08947972446195195,549,1204,1976,736
22,0.1,0.5,Hoeffding/LTT,32.034209,0.061797830602354026,0.056881826046517994,446,942,1416,561
22,0.1,0.5,Hoeffding-Bentkus,27.159271,0.0970375926353309,0.08947972446195195,549,1204,1976,736
22,0.1,0.5,IID-normal,27.159271,0.0970375926353309,0.08947972446195195,549,1204,1976,736
22,0.1,0.5,Empirical Bernstein,32.034209,0.061797830602354026,0.056881826046517994,446,942,1416,561
22,0.1,0.5,Platt calibration,32.034209,0.061797830602354026,0.056881826046517994,446,942,1416,561
22,0.1,0.5,Isotonic calibration,32.034209,0.061797830602354026,0.056881826046517994,446,942,1416,561
22,0.1,0.1,Multilabel,27.159271,0.0970375926353309,0.08947972446195195,549,1204,1976,736
22,0.1,0.1,Hoeffding/LTT,32.034209,0.061797830602354026,0.056881826046517994,446,942,1416,561
22,0.1,0.1,Hoeffding-Bentkus,32.034209,0.061797830602354026,0.056881826046517994,446,942,1416,561
22,0.1,0.1,IID-normal,27.159271,0.0970375926353309,0.08947972446195195,549,1204,1976,736
22,0.1,0.1,Empirical Bernstein,32.034209,0.061797830602354026,0.056881826046517994,446,942,1416,561
22,0.1,0.1,Platt calibration,32.034209,0.061797830602354026,0.056881826046517994,446,942,1416,561
22,0.1,0.1,Isotonic calibration,32.034209,0.061797830602354026,0.056881826046517994,446,942,1416,561
22,0.2,0.5,Multilabel,19.522089,0.15937777264917813,0.1532391955189241,764,1805,3329,1062
22,0.2,0.5,Hoeffding/LTT,19.522089,0.15937777264917813,0.1532391955189241,764,1805,3329,1062
22,0.2,0.5,Hoeffding-Bentkus,19.522089,0.15937777264917813,0.1532391955189241,764,1805,3329,1062
22,0.2,0.5,IID-normal,19.522089,0.15937777264917813,0.1532391955189241,764,1805,3329,1062
22,0.2,0.5,Empirical Bernstein,19.522089,0.15937777264917813,0.1532391955189241,764,1805,3329,1062
22,0.2,0.5,Platt calibration,19.522089,0.15937777264917813,0.1532391955189241,764,1805,3329,1062
22,0.2,0.5,Isotonic calibration,19.522089,0.15937777264917813,0.1532391955189241,764,1805,3329,1062
22,0.2,0.1,Multilabel,19.522089,0.15937777264917813,0.1532391955189241,764,1805,3329,1062
22,0.2,0.1,Hoeffding/LTT,19.522089,0.15937777264917813,0.1532391955189241,764,1805,3329,1062
22,0.2,0.1,Hoeffding-Bentkus,19.522089,0.15937777264917813,0.1532391955189241,764,1805,3329,1062
22,0.2,0.1,IID-normal,19.522089,0.15937777264917813,0.1532391955189241,764,1805,3329,1062
22,0.2,0.1,Empirical Bernstein,19.522089,0.15937777264917813,0.1532391955189241,764,1805,3329,1062
22,0.2,0.1,Platt calibration,19.522089,0.15937777264917813,0.1532391955189241,764,1805,3329,1062
22,0.2,0.1,Isotonic calibration,19.522089,0.15937777264917813,0.1532391955189241,764,1805,3329,1062
23,0.05,0.5,Multilabel,37.784172,0.03175859681513963,0.030098761822695472,337,705,961,394
23,0.05,0.5,Hoeffding/LTT,37.784172,0.03175859681513963,0.030098761822695472,337,705,961,394
23,0.05,0.5,Hoeffding-Bentkus,37.784172,0.03175859681513963,0.030098761822695472,337,705,961,394
23,0.05,0.5,IID-normal,37.784172,0.03175859681513963,0.030098761822695472,337,705,961,394
23,0.05,0.5,Empirical Bernstein,37.784172,0.03175859681513963,0.030098761822695472,337,705,961,394
23,0.05,0.5,Platt calibration,44.566222,0.019619201477036698,0.019183156890502862,146,386,527,190
23,0.05,0.5,Isotonic calibration,37.784172,0.03175859681513963,0.030098761822695472,337,705,961,394
23,0.05,0.1,Multilabel,37.784172,0.03175859681513963,0.030098761822695472,337,705,961,394
23,0.05,0.1,Hoeffding/LTT,37.784172,0.03175859681513963,0.030098761822695472,337,705,961,394
23,0.05,0.1,Hoeffding-Bentkus,37.784172,0.03175859681513963,0.030098761822695472,337,705,961,394
23,0.05,0.1,IID-normal,37.784172,0.03175859681513963,0.030098761822695472,337,705,961,394
23,0.05,0.1,Empirical Bernstein,37.784172,0.03175859681513963,0.030098761822695472,337,705,961,394
23,0.05,0.1,Platt calibration,44.566222,0.019619201477036698,0.019183156890502862,146,386,527,190
23,0.05,0.1,Isotonic calibration,37.784172,0.03175859681513963,0.030098761822695472,337,705,961,394
23,0.1,0.5,Multilabel,27.159271,0.0902128368848886,0.09031017692155133,539,1179,1923,707
23,0.1,0.5,Hoeffding/LTT,32.034209,0.059167500064107495,0.05741307796995001,439,946,1418,549
23,0.1,0.5,Hoeffding-Bentkus,32.034209,0.059167500064107495,0.05741307796995001,439,946,1418,549
23,0.1,0.5,IID-normal,27.159271,0.0902128368848886,0.09031017692155133,539,1179,1923,707
23,0.1,0.5,Empirical Bernstein,32.034209,0.059167500064107495,0.05741307796995001,439,946,1418,549
23,0.1,0.5,Platt calibration,32.034209,0.059167500064107495,0.05741307796995001,439,946,1418,549
23,0.1,0.5,Isotonic calibration,32.034209,0.059167500064107495,0.05741307796995001,439,946,1418,549
23,0.1,0.1,Multilabel,32.034209,0.059167500064107495,0.05741307796995001,439,946,1418,549
23,0.1,0.1,Hoeffding/LTT,32.034209,0.059167500064107495,0.05741307796995001,439,946,1418,549
23,0.1,0.1,Hoeffding-Bentkus,32.034209,0.059167500064107495,0.05741307796995001,439,946,1418,549
23,0.1,0.1,IID-normal,32.034209,0.059167500064107495,0.05741307796995001,439,946,1418,549
23,0.1,0.1,Empirical Bernstein,32.034209,0.059167500064107495,0.05741307796995001,439,946,1418,549
23,0.1,0.1,Platt calibration,32.034209,0.059167500064107495,0.05741307796995001,439,946,1418,549
23,0.1,0.1,Isotonic calibration,32.034209,0.059167500064107495,0.05741307796995001,439,946,1418,549
23,0.2,0.5,Multilabel,19.522089,0.1590923077999007,0.15469240475164645,766,1792,3279,1066
23,0.2,0.5,Hoeffding/LTT,19.522089,0.1590923077999007,0.15469240475164645,766,1792,3279,1066
23,0.2,0.5,Hoeffding-Bentkus,19.522089,0.1590923077999007,0.15469240475164645,766,1792,3279,1066
23,0.2,0.5,IID-normal,19.522089,0.1590923077999007,0.15469240475164645,766,1792,3279,1066
23,0.2,0.5,Empirical Bernstein,19.522089,0.1590923077999007,0.15469240475164645,766,1792,3279,1066
23,0.2,0.5,Platt calibration,19.522089,0.1590923077999007,0.15469240475164645,766,1792,3279,1066
23,0.2,0.5,Isotonic calibration,19.522089,0.1590923077999007,0.15469240475164645,766,1792,3279,1066
23,0.2,0.1,Multilabel,19.522089,0.1590923077999007,0.15469240475164645,766,1792,3279,1066
23,0.2,0.1,Hoeffding/LTT,19.522089,0.1590923077999007,0.15469240475164645,766,1792,3279,1066
23,0.2,0.1,Hoeffding-Bentkus,19.522089,0.1590923077999007,0.15469240475164645,766,1792,3279,1066
23,0.2,0.1,IID-normal,19.522089,0.1590923077999007,0.15469240475164645,766,1792,3279,1066
23,0.2,0.1,Empirical Bernstein,19.522089,0.1590923077999007,0.15469240475164645,766,1792,3279,1066
23,0.2,0.1,Platt calibration,19.522089,0.1590923077999007,0.15469240475164645,766,1792,3279,1066
23,0.2,0.1,Isotonic calibration,19.522089,0.1590923077999007,0.15469240475164645,766,1792,3279,1066
24,0.05,0.5,Multilabel,37.784172,0.0282206323563351,0.03177471225457008,332,642,869,373
24,0.05,0.5,Hoeffding/LTT,37.784172,0.0282206323563351,0.03177471225457008,332,642,869,373
24,0.05,0.5,Hoeffding-Bentkus,37.784172,0.0282206323563351,0.03177471225457008,332,642,869,373
24,0.05,0.5,IID-normal,37.784172,0.0282206323563351,0.03177471225457008,332,642,869,373
24,0.05,0.5,Empirical Bernstein,37.784172,0.0282206323563351,0.03177471225457008,332,642,869,373
24,0.05,0.5,Platt calibration,44.566222,0.018407185168089854,0.020134999281918715,139,317,459,178
24,0.05,0.5,Isotonic calibration,37.784172,0.0282206323563351,0.03177471225457008,332,642,869,373
24,0.05,0.1,Multilabel,37.784172,0.0282206323563351,0.03177471225457008,332,642,869,373
24,0.05,0.1,Hoeffding/LTT,44.566222,0.018407185168089854,0.020134999281918715,139,317,459,178
24,0.05,0.1,Hoeffding-Bentkus,37.784172,0.0282206323563351,0.03177471225457008,332,642,869,373
24,0.05,0.1,IID-normal,37.784172,0.0282206323563351,0.03177471225457008,332,642,869,373
24,0.05,0.1,Empirical Bernstein,37.784172,0.0282206323563351,0.03177471225457008,332,642,869,373
24,0.05,0.1,Platt calibration,44.566222,0.018407185168089854,0.020134999281918715,139,317,459,178
24,0.05,0.1,Isotonic calibration,37.784172,0.0282206323563351,0.03177471225457008,332,642,869,373
24,0.1,0.5,Multilabel,32.034209,0.05536066876939251,0.058661983750846296,439,900,1331,536
24,0.1,0.5,Hoeffding/LTT,32.034209,0.05536066876939251,0.058661983750846296,439,900,1331,536
24,0.1,0.5,Hoeffding-Bentkus,32.034209,0.05536066876939251,0.058661983750846296,439,900,1331,536
24,0.1,0.5,IID-normal,32.034209,0.05536066876939251,0.058661983750846296,439,900,1331,536
24,0.1,0.5,Empirical Bernstein,32.034209,0.05536066876939251,0.058661983750846296,439,900,1331,536
24,0.1,0.5,Platt calibration,32.034209,0.05536066876939251,0.058661983750846296,439,900,1331,536
24,0.1,0.5,Isotonic calibration,32.034209,0.05536066876939251,0.058661983750846296,439,900,1331,536
24,0.1,0.1,Multilabel,32.034209,0.05536066876939251,0.058661983750846296,439,900,1331,536
24,0.1,0.1,Hoeffding/LTT,32.034209,0.05536066876939251,0.058661983750846296,439,900,1331,536
24,0.1,0.1,Hoeffding-Bentkus,32.034209,0.05536066876939251,0.058661983750846296,439,900,1331,536
24,0.1,0.1,IID-normal,32.034209,0.05536066876939251,0.058661983750846296,439,900,1331,536
24,0.1,0.1,Empirical Bernstein,32.034209,0.05536066876939251,0.058661983750846296,439,900,1331,536
24,0.1,0.1,Platt calibration,32.034209,0.05536066876939251,0.058661983750846296,439,900,1331,536
24,0.1,0.1,Isotonic calibration,32.034209,0.05536066876939251,0.058661983750846296,439,900,1331,536
24,0.2,0.5,Multilabel,19.522089,0.15547760084109033,0.15575040504758297,751,1726,3178,1045
24,0.2,0.5,Hoeffding/LTT,19.522089,0.15547760084109033,0.15575040504758297,751,1726,3178,1045
24,0.2,0.5,Hoeffding-Bentkus,19.522089,0.15547760084109033,0.15575040504758297,751,1726,3178,1045
24,0.2,0.5,IID-normal,19.522089,0.15547760084109033,0.15575040504758297,751,1726,3178,1045
24,0.2,0.5,Empirical Bernstein,19.522089,0.15547760084109033,0.15575040504758297,751,1726,3178,1045
24,0.2,0.5,Platt calibration,23.026196,0.11934174423673616,0.12371544661236605,650,1432,2503,866
24,0.2,0.5,Isotonic calibration,19.522089,0.15547760084109033,0.15575040504758297,751,1726,3178,1045
24,0.2,0.1,Multilabel,19.522089,0.15547760084109033,0.15575040504758297,751,1726,3178,1045
24,0.2,0.1,Hoeffding/LTT,19.522089,0.15547760084109033,0.15575040504758297,751,1726,3178,1045
24,0.2,0.1,Hoeffding-Bentkus,19.522089,0.15547760084109033,0.15575040504758297,751,1726,3178,1045
24,0.2,0.1,IID-normal,19.522089,0.15547760084109033,0.15575040504758297,751,1726,3178,1045
24,0.2,0.1,Empirical Bernstein,19.522089,0.15547760084109033,0.15575040504758297,751,1726,3178,1045
24,0.2,0.1,Platt calibration,23.026196,0.11934174423673616,0.12371544661236605,650,1432,2503,866
24,0.2,0.1,Isotonic calibration,19.522089,0.15547760084109033,0.15575040504758297,751,1726,3178,1045
25,0.05,0.5,Multilabel,37.784172,0.03194066210221299,0.0311866549722,356,815,1065,417
25,0.05,0.5,Hoeffding/LTT,37.784172,0.03194066210221299,0.0311866549722,356,815,1065,417
25,0.05,0.5,Hoeffding-Bentkus,37.784172,0.03194066210221299,0.0311866549722,356,815,1065,417
25,0.05,0.5,IID-normal,37.784172,0.03194066210221299,0.0311866549722,356,815,1065,417
25,0.05,0.5,Empirical Bernstein,37.784172,0.03194066210221299,0.0311866549722,356,815,1065,417
25,0.05,0.5,Platt calibration,44.566222,0.018578352180936994,0.019583871894298433,171,484,629,210
25,0.05,0.5,Isotonic calibration,37.784172,0.03194066210221299,0.0311866549722,356,815,1065,417
25,0.05,0.1,Multilabel,37.784172,0.03194066210221299,0.0311866549722,356,815,1065,417
25,0.05,0.1,Hoeffding/LTT,37.784172,0.03194066210221299,0.0311866549722,356,815,1065,417
25,0.05,0.1,Hoeffding-Bentkus,37.784172,0.03194066210221299,0.0311866549722,356,815,1065,417
25,0.05,0.1,IID-normal,37.784172,0.03194066210221299,0.0311866549722,356,815,1065,417
25,0.05,0.1,Empirical Bernstein,37.784172,0.03194066210221299,0.0311866549722,356,815,1065,417
25,0.05,0.1,Platt calibration,44.566222,0.018578352180936994,0.019583871894298433,171,484,629,210
25,0.05,0.1,Isotonic calibration,37.784172,0.03194066210221299,0.0311866549722,356,815,1065,417
25,0.1,0.5,Multilabel,27.159271,0.08990101802702771,0.09006175499066495,586,1363,2089,753
25,0.1,0.5,Hoeffding/LTT,32.034209,0.0597169013001,0.05723018095648428,477,1091,1552,588
25,0.1,0.5,Hoeffding-Bentkus,32.034209,0.0597169013001,0.05723018095648428,477,1091,1552,588
25,0.1,0.5,IID-normal,27.159271,0.08990101802702771,0.09006175499066495,586,1363,2089,753
25,0.1,0.5,Empirical Bernstein,32.034209,0.0597169013001,0.05723018095648428,477,1091,1552,588
25,0.1,0.5,Platt calibration,32.034209,0.0597169013001,0.05723018095648428,477,1091,1552,588
25,0.1,0.5,Isotonic calibration,32.034209,0.0597169013001,0.05723018095648428,477,1091,1552,588
25,0.1,0.1,Multilabel,32.034209,0.0597169013001,0.05723018095648428,477,1091,1552,588
25,0.1,0.1,Hoeffding/LTT,32.034209,0.0597169013001,0.05723018095648428,477,1091,1552,588
25,0.1,0.1,Hoeffding-Bentkus,32.034209,0.0597169013001,0.05723018095648428,477,1091,1552,588
25,0.1,0.1,IID-normal,32.034209,0.0597169013001,0.05723018095648428,477,1091,1552,588
25,0.1,0.1,Empirical Bernstein,32.034209,0.0597169013001,0.05723018095648428,477,1091,1552,588
25,0.1,0.1,Platt calibration,32.034209,0.0597169013001,0.05723018095648428,477,1091,1552,588
25,0.1,0.1,Isotonic calibration,32.034209,0.0597169013001,0.05723018095648428,477,1091,1552,588
25,0.2,0.5,Multilabel,19.522089,0.15318072252644144,0.15392945115586218,783,1975,3408,1068
25,0.2,0.5,Hoeffding/LTT,19.522089,0.15318072252644144,0.15392945115586218,783,1975,3408,1068
25,0.2,0.5,Hoeffding-Bentkus,19.522089,0.15318072252644144,0.15392945115586218,783,1975,3408,1068
25,0.2,0.5,IID-normal,19.522089,0.15318072252644144,0.15392945115586218,783,1975,3408,1068
25,0.2,0.5,Empirical Bernstein,19.522089,0.15318072252644144,0.15392945115586218,783,1975,3408,1068
25,0.2,0.5,Platt calibration,19.522089,0.15318072252644144,0.15392945115586218,783,1975,3408,1068
25,0.2,0.5,Isotonic calibration,19.522089,0.15318072252644144,0.15392945115586218,783,1975,3408,1068
25,0.2,0.1,Multilabel,19.522089,0.15318072252644144,0.15392945115586218,783,1975,3408,1068
25,0.2,0.1,Hoeffding/LTT,19.522089,0.15318072252644144,0.15392945115586218,783,1975,3408,1068
25,0.2,0.1,Hoeffding-Bentkus,19.522089,0.15318072252644144,0.15392945115586218,783,1975,3408,1068
25,0.2,0.1,IID-normal,19.522089,0.15318072252644144,0.15392945115586218,783,1975,3408,1068
25,0.2,0.1,Empirical Bernstein,19.522089,0.15318072252644144,0.15392945115586218,783,1975,3408,1068
25,0.2,0.1,Platt calibration,19.522089,0.15318072252644144,0.15392945115586218,783,1975,3408,1068
25,0.2,0.1,Isotonic calibration,19.522089,0.15318072252644144,0.15392945115586218,783,1975,3408,1068
26,0.05,0.5,Multilabel,37.784172,0.03423571043926456,0.03126820848977248,341,662,915,404
26,0.05,0.5,Hoeffding/LTT,37.784172,0.03423571043926456,0.03126820848977248,341,662,915,404
26,0.05,0.5,Hoeffding-Bentkus,37.784172,0.03423571043926456,0.03126820848977248,341,662,915,404
26,0.05,0.5,IID-normal,37.784172,0.03423571043926456,0.03126820848977248,341,662,915,404
26,0.05,0.5,Empirical Bernstein,37.784172,0.03423571043926456,0.03126820848977248,341,662,915,404
26,0.05,0.5,Platt calibration,44.566222,0.021844372644049544,0.019873797213844607,131,333,486,183
26,0.05,0.5,Isotonic calibration,37.784172,0.03423571043926456,0.03126820848977248,341,662,915,404
26,0.05,0.1,Multilabel,37.784172,0.03423571043926456,0.03126820848977248,341,662,915,404
26,0.05,0.1,Hoeffding/LTT,37.784172,0.03423571043926456,0.03126820848977248,341,662,915,404
26,0.05,0.1,Hoeffding-Bentkus,37.784172,0.03423571043926456,0.03126820848977248,341,662,915,404
26,0.05,0.1,IID-normal,37.784172,0.03423571043926456,0.03126820848977248,341,662,915,404
26,0.05,0.1,Empirical Bernstein,37.784172,0.03423571043926456,0.03126820848977248,341,662,915,404
26,0.05,0.1,Platt calibration,44.566222,0.021844372644049544,0.019873797213844607,131,333,486,183
26,0.05,0.1,Isotonic calibration,37.784172,0.03423571043926456,0.03126820848977248,341,662,915,404
26,0.1,0.5,Multilabel,32.034209,0.06020616970536195,0.058004426458217934,469,946,1398,581
26,0.1,0.5,Hoeffding/LTT,32.034209,0.06020616970536195,0.058004426458217934,469,946,1398,581
26,0.1,0.5,Hoeffding-Bentkus,32.034209,0.06020616970536195,0.058004426458217934,469,946,1398,581
26,0.1,0.5,IID-normal,32.034209,0.06020616970536195,0.058004426458217934,469,946,1398,581
26,0.1,0.5,Empirical Bernstein,32.034209,0.06020616970536195,0.058004426458217934,469,946,1398,581
26,0.1,0.5,Platt calibration,32.034209,0.06020616970536195,0.058004426458217934,469,946,1398,581
26,0.1,0.5,Isotonic calibration,32.034209,0.06020616970536195,0.058004426458217934,469,946,1398,581
26,0.1,0.1,Multilabel,32.034209,0.06020616970536195,0.058004426458217934,469,946,1398,581
26,0.1,0.1,Hoeffding/LTT,32.034209,0.06020616970536195,0.058004426458217934,469,946,1398,581
26,0.1,0.1,Hoeffding-Bentkus,32.034209,0.06020616970536195,0.058004426458217934,469,946,1398,581
26,0.1,0.1,IID-normal,32.034209,0.06020616970536195,0.058004426458217934,469,946,1398,581
26,0.1,0.1,Empirical Bernstein,32.034209,0.06020616970536195,0.058004426458217934,469,946,1398,581
26,0.1,0.1,Platt calibration,32.034209,0.06020616970536195,0.058004426458217934,469,946,1398,581
26,0.1,0.1,Isotonic calibration,32.034209,0.06020616970536195,0.058004426458217934,469,946,1398,581
26,0.2,0.5,Multilabel,19.522089,0.1451282849263463,0.15366719217160837,769,1811,3210,1023
26,0.2,0.5,Hoeffding/LTT,19.522089,0.1451282849263463,0.15366719217160837,769,1811,3210,1023
26,0.2,0.5,Hoeffding-Bentkus,19.522089,0.1451282849263463,0.15366719217160837,769,1811,3210,1023
26,0.2,0.5,IID-normal,19.522089,0.1451282849263463,0.15366719217160837,769,1811,3210,1023
26,0.2,0.5,Empirical Bernstein,19.522089,0.1451282849263463,0.15366719217160837,769,1811,3210,1023
26,0.2,0.5,Platt calibration,23.026196,0.11539041464728056,0.12082957195516437,671,1511,2543,873
26,0.2,0.5,Isotonic calibration,19.522089,0.1451282849263463,0.15366719217160837,769,1811,3210,1023
26,0.2,0.1,Multilabel,19.522089,0.1451282849263463,0.15366719217160837,769,1811,3210,1023
26,0.2,0.1,Hoeffding/LTT,19.522089,0.1451282849263463,0.15366719217160837,769,1811,3210,1023
26,0.2,0.1,Hoeffding-Bentkus,19.522089,0.1451282849263463,0.15366719217160837,769,1811,3210,1023
26,0.2,0.1,IID-normal,19.522089,0.1451282849263463,0.15366719217160837,769,1811,3210,1023
26,0.2,0.1,Empirical Bernstein,19.522089,0.1451282849263463,0.15366719217160837,769,1811,3210,1023
26,0.2,0.1,Platt calibration,23.026196,0.11539041464728056,0.12082957195516437,671,1511,2543,873
26,0.2,0.1,Isotonic calibration,19.522089,0.1451282849263463,0.15366719217160837,769,1811,3210,1023
27,0.05,0.5,Multilabel,37.784172,0.03104597789573557,0.03180087093001784,355,724,1007,403
27,0.05,0.5,Hoeffding/LTT,37.784172,0.03104597789573557,0.03180087093001784,355,724,1007,403
27,0.05,0.5,Hoeffding-Bentkus,37.784172,0.03104597789573557,0.03180087093001784,355,724,1007,403
27,0.05,0.5,IID-normal,37.784172,0.03104597789573557,0.03180087093001784,355,724,1007,403
27,0.05,0.5,Empirical Bernstein,37.784172,0.03104597789573557,0.03180087093001784,355,724,1007,403
27,0.05,0.5,Platt calibration,44.566222,0.01948034464189553,0.020658301019675425,151,390,567,192
27,0.05,0.5,Isotonic calibration,37.784172,0.03104597789573557,0.03180087093001784,355,724,1007,403
27,0.05,0.1,Multilabel,37.784172,0.03104597789573557,0.03180087093001784,355,724,1007,403
27,0.05,0.1,Hoeffding/LTT,44.566222,0.01948034464189553,0.020658301019675425,151,390,567,192
27,0.05,0.1,Hoeffding-Bentkus,37.784172,0.03104597789573557,0.03180087093001784,355,724,1007,403
27,0.05,0.1,IID-normal,37.784172,0.03104597789573557,0.03180087093001784,355,724,1007,403
27,0.05,0.1,Empirical Bernstein,37.784172,0.03104597789573557,0.03180087093001784,355,724,1007,403
27,0.05,0.1,Platt calibration,44.566222,0.01948034464189553,0.020658301019675425,151,390,567,192
27,0.05,0.1,Isotonic calibration,37.784172,0.03104597789573557,0.03180087093001784,355,724,1007,403
27,0.1,0.5,Multilabel,32.034209,0.06135536066876939,0.05831704827557908,463,986,1499,578
27,0.1,0.5,Hoeffding/LTT,32.034209,0.06135536066876939,0.05831704827557908,463,986,1499,578
27,0.1,0.5,Hoeffding-Bentkus,32.034209,0.06135536066876939,0.05831704827557908,463,986,1499,578
27,0.1,0.5,IID-normal,32.034209,0.06135536066876939,0.05831704827557908,463,986,1499,578
27,0.1,0.5,Empirical Bernstein,32.034209,0.06135536066876939,0.05831704827557908,463,986,1499,578
27,0.1,0.5,Platt calibration,32.034209,0.06135536066876939,0.05831704827557908,463,986,1499,578
27,0.1,0.5,Isotonic calibration,32.034209,0.06135536066876939,0.05831704827557908,463,986,1499,578
27,0.1,0.1,Multilabel,32.034209,0.06135536066876939,0.05831704827557908,463,986,1499,578
27,0.1,0.1,Hoeffding/LTT,32.034209,0.06135536066876939,0.05831704827557908,463,986,1499,578
27,0.1,0.1,Hoeffding-Bentkus,32.034209,0.06135536066876939,0.05831704827557908,463,986,1499,578
27,0.1,0.1,IID-normal,32.034209,0.06135536066876939,0.05831704827557908,463,986,1499,578
27,0.1,0.1,Empirical Bernstein,32.034209,0.06135536066876939,0.05831704827557908,463,986,1499,578
27,0.1,0.1,Platt calibration,32.034209,0.06135536066876939,0.05831704827557908,463,986,1499,578
27,0.1,0.1,Isotonic calibration,32.034209,0.06135536066876939,0.05831704827557908,463,986,1499,578
27,0.2,0.5,Multilabel,19.522089,0.16031426659859618,0.15529200262612583,764,1860,3406,1070
27,0.2,0.5,Hoeffding/LTT,19.522089,0.16031426659859618,0.15529200262612583,764,1860,3406,1070
27,0.2,0.5,Hoeffding-Bentkus,19.522089,0.16031426659859618,0.15529200262612583,764,1860,3406,1070
27,0.2,0.5,IID-normal,19.522089,0.16031426659859618,0.15529200262612583,764,1860,3406,1070
27,0.2,0.5,Empirical Bernstein,19.522089,0.16031426659859618,0.15529200262612583,764,1860,3406,1070
27,0.2,0.5,Platt calibration,19.522089,0.16031426659859618,0.15529200262612583,764,1860,3406,1070
27,0.2,0.5,Isotonic calibration,19.522089,0.16031426659859618,0.15529200262612583,764,1860,3406,1070
27,0.2,0.1,Multilabel,19.522089,0.16031426659859618,0.15529200262612583,764,1860,3406,1070
27,0.2,0.1,Hoeffding/LTT,19.522089,0.16031426659859618,0.15529200262612583,764,1860,3406,1070
27,0.2,0.1,Hoeffding-Bentkus,19.522089,0.16031426659859618,0.15529200262612583,764,1860,3406,1070
27,0.2,0.1,IID-normal,19.522089,0.16031426659859618,0.15529200262612583,764,1860,3406,1070
27,0.2,0.1,Empirical Bernstein,19.522089,0.16031426659859618,0.15529200262612583,764,1860,3406,1070
27,0.2,0.1,Platt calibration,19.522089,0.16031426659859618,0.15529200262612583,764,1860,3406,1070
27,0.2,0.1,Isotonic calibration,19.522089,0.16031426659859618,0.15529200262612583,764,1860,3406,1070
28,0.05,0.5,Multilabel,37.784172,0.030011411134189807,0.030886086662153013,359,719,968,411
28,0.05,0.5,Hoeffding/LTT,37.784172,0.030011411134189807,0.030886086662153013,359,719,968,411
28,0.05,0.5,Hoeffding-Bentkus,37.784172,0.030011411134189807,0.030886086662153013,359,719,968,411
28,0.05,0.5,IID-normal,37.784172,0.030011411134189807,0.030886086662153013,359,719,968,411
28,0.05,0.5,Empirical Bernstein,37.784172,0.030011411134189807,0.030886086662153013,359,719,968,411
28,0.05,0.5,Platt calibration,44.566222,0.01841795522732518,0.019588359902340948,158,380,529,200
28,0.05,0.5,Isotonic calibration,37.784172,0.030011411134189807,0.030886086662153013,359,719,968,411
28,0.05,0.1,Multilabel,37.784172,0.030011411134189807,0.030886086662153013,359,719,968,411
28,0.05,0.1,Hoeffding/LTT,44.566222,0.01841795522732518,0.019588359902340948,158,380,529,200
28,0.05,0.1,Hoeffding-Bentkus,37.784172,0.030011411134189807,0.030886086662153013,359,719,968,411
28,0.05,0.1,IID-normal,37.784172,0.030011411134189807,0.030886086662153013,359,719,968,411
28,0.05,0.1,Empirical Bernstein,37.784172,0.030011411134189807,0.030886086662153013,359,719,968,411
28,0.05,0.1,Platt calibration,44.566222,0.01841795522732518,0.019588359902340948,158,380,529,200
28,0.05,0.1,Isotonic calibration,37.784172,0.030011411134189807,0.030886086662153013,359,719,968,411
28,0.1,0.5,Multilabel,32.034209,0.056347539554324685,0.05768385445518146,480,1006,1460,584
28,0.1,0.5,Hoeffding/LTT,32.034209,0.056347539554324685,0.05768385445518146,480,1006,1460,584
28,0.1,0.5,Hoeffding-Bentkus,32.034209,0.056347539554324685,0.05768385445518146,480,1006,1460,584
28,0.1,0.5,IID-normal,32.034209,0.056347539554324685,0.05768385445518146,480,1006,1460,584
28,0.1,0.5,Empirical Bernstein,32.034209,0.056347539554324685,0.05768385445518146,480,1006,1460,584
28,0.1,0.5,Platt calibration,32.034209,0.056347539554324685,0.05768385445518146,480,1006,1460,584
28,0.1,0.5,Isotonic calibration,32.034209,0.056347539554324685,0.05768385445518146,480,1006,1460,584
28,0.1,0.1,Multilabel,32.034209,0.056347539554324685,0.05768385445518146,480,1006,1460,584
28,0.1,0.1,Hoeffding/LTT,32.034209,0.056347539554324685,0.05768385445518146,480,1006,1460,584
28,0.1,0.1,Hoeffding-Bentkus,32.034209,0.056347539554324685,0.05768385445518146,480,1006,1460,584
28,0.1,0.1,IID-normal,32.034209,0.056347539554324685,0.05768385445518146,480,1006,1460,584
28,0.1,0.1,Empirical Bernstein,32.034209,0.056347539554324685,0.05768385445518146,480,1006,1460,584
28,0.1,0.1,Platt calibration,32.034209,0.056347539554324685,0.05768385445518146,480,1006,1460,584
28,0.1,0.1,Isotonic calibration,32.034209,0.056347539554324685,0.05768385445518146,480,1006,1460,584
28,0.2,0.5,Multilabel,19.522089,0.14676550876873978,0.15335478795463717,780,1886,3292,1057
28,0.2,0.5,Hoeffding/LTT,19.522089,0.14676550876873978,0.15335478795463717,780,1886,3292,1057
28,0.2,0.5,Hoeffding-Bentkus,19.522089,0.14676550876873978,0.15335478795463717,780,1886,3292,1057
28,0.2,0.5,IID-normal,19.522089,0.14676550876873978,0.15335478795463717,780,1886,3292,1057
28,0.2,0.5,Empirical Bernstein,19.522089,0.14676550876873978,0.15335478795463717,780,1886,3292,1057
28,0.2,0.5,Platt calibration,19.522089,0.14676550876873978,0.15335478795463717,780,1886,3292,1057
28,0.2,0.5,Isotonic calibration,19.522089,0.14676550876873978,0.15335478795463717,780,1886,3292,1057
28,0.2,0.1,Multilabel,19.522089,0.14676550876873978,0.15335478795463717,780,1886,3292,1057
28,0.2,0.1,Hoeffding/LTT,19.522089,0.14676550876873978,0.15335478795463717,780,1886,3292,1057
28,0.2,0.1,Hoeffding-Bentkus,19.522089,0.14676550876873978,0.15335478795463717,780,1886,3292,1057
28,0.2,0.1,IID-normal,19.522089,0.14676550876873978,0.15335478795463717,780,1886,3292,1057
28,0.2,0.1,Empirical Bernstein,19.522089,0.14676550876873978,0.15335478795463717,780,1886,3292,1057
28,0.2,0.1,Platt calibration,19.522089,0.14676550876873978,0.15335478795463717,780,1886,3292,1057
28,0.2,0.1,Isotonic calibration,19.522089,0.14676550876873978,0.15335478795463717,780,1886,3292,1057
29,0.05,0.5,Multilabel,37.784172,0.03397569043772598,0.030970803156822112,364,710,990,421
29,0.05,0.5,Hoeffding/LTT,37.784172,0.03397569043772598,0.030970803156822112,364,710,990,421
29,0.05,0.5,Hoeffding-Bentkus,37.784172,0.03397569043772598,0.030970803156822112,364,710,990,421
29,0.05,0.5,IID-normal,37.784172,0.03397569043772598,0.030970803156822112,364,710,990,421
29,0.05,0.5,Empirical Bernstein,37.784172,0.03397569043772598,0.030970803156822112,364,710,990,421
29,0.05,0.5,Platt calibration,44.566222,0.021755519655358102,0.019821736320551488,154,353,527,201
29,0.05,0.5,Isotonic calibration,37.784172,0.03397569043772598,0.030970803156822112,364,710,990,421
29,0.05,0.1,Multilabel,37.784172,0.03397569043772598,0.030970803156822112,364,710,990,421
29,0.05,0.1,Hoeffding/LTT,37.784172,0.03397569043772598,0.030970803156822112,364,710,990,421
29,0.05,0.1,Hoeffding-Bentkus,37.784172,0.03397569043772598,0.030970803156822112,364,710,990,421
29,0.05,0.1,IID-normal,37.784172,0.03397569043772598,0.030970803156822112,364,710,990,421
29,0.05,0.1,Empirical Bernstein,37.784172,0.03397569043772598,0.030970803156822112,364,710,990,421
29,0.05,0.1,Platt calibration,44.566222,0.021755519655358102,0.019821736320551488,154,353,527,201
29,0.05,0.1,Isotonic calibration,37.784172,0.03397569043772598,0.030970803156822112,364,710,990,421
29,0.1,0.5,Multilabel,27.159271,0.09383632074262122,0.09011402959862674,588,1255,2038,761
29,0.1,0.5,Hoeffding/LTT,32.034209,0.06149049926917455,0.05720026090286754,485,993,1496,596
29,0.1,0.5,Hoeffding-Bentkus,32.034209,0.06149049926917455,0.05720026090286754,485,993,1496,596
29,0.1,0.5,IID-normal,27.159271,0.09383632074262122,0.09011402959862674,588,1255,2038,761
29,0.1,0.5,Empirical Bernstein,32.034209,0.06149049926917455,0.05720026090286754,485,993,1496,596
29,0.1,0.5,Platt calibration,32.034209,0.06149049926917455,0.05720026090286754,485,993,1496,596
29,0.1,0.5,Isotonic calibration,32.034209,0.06149049926917455,0.05720026090286754,485,993,1496,596
29,0.1,0.1,Multilabel,32.034209,0.06149049926917455,0.05720026090286754,485,993,1496,596
29,0.1,0.1,Hoeffding/LTT,32.034209,0.06149049926917455,0.05720026090286754,485,993,1496,596
29,0.1,0.1,Hoeffding-Bentkus,32.034209,0.06149049926917455,0.05720026090286754,485,993,1496,596
29,0.1,0.1,IID-normal,32.034209,0.06149049926917455,0.05720026090286754,485,993,1496,596
29,0.1,0.1,Empirical Bernstein,32.034209,0.06149049926917455,0.05720026090286754,485,993,1496,596
29,0.1,0.1,Platt calibration,32.034209,0.06149049926917455,0.05720026090286754,485,993,1496,596
29,0.1,0.1,Isotonic calibration,32.034209,0.06149049926917455,0.05720026090286754,485,993,1496,596
29,0.2,0.5,Multilabel,19.522089,0.15554723323705552,0.15446369897037712,793,1874,3372,1082
29,0.2,0.5,Hoeffding/LTT,19.522089,0.15554723323705552,0.15446369897037712,793,1874,3372,1082
29,0.2,0.5,Hoeffding-Bentkus,19.522089,0.15554723323705552,0.15446369897037712,793,1874,3372,1082
29,0.2,0.5,IID-normal,19.522089,0.15554723323705552,0.15446369897037712,793,1874,3372,1082
29,0.2,0.5,Empirical Bernstein,19.522089,0.15554723323705552,0.15446369897037712,793,1874,3372,1082
29,0.2,0.5,Platt calibration,19.522089,0.15554723323705552,0.15446369897037712,793,1874,3372,1082
29,0.2,0.5,Isotonic calibration,19.522089,0.15554723323705552,0.15446369897037712,793,1874,3372,1082
29,0.2,0.1,Multilabel,19.522089,0.15554723323705552,0.15446369897037712,793,1874,3372,1082
29,0.2,0.1,Hoeffding/LTT,19.522089,0.15554723323705552,0.15446369897037712,793,1874,3372,1082
29,0.2,0.1,Hoeffding-Bentkus,19.522089,0.15554723323705552,0.15446369897037712,793,1874,3372,1082
29,0.2,0.1,IID-normal,19.522089,0.15554723323705552,0.15446369897037712,793,1874,3372,1082
29,0.2,0.1,Empirical Bernstein,19.522089,0.15554723323705552,0.15446369897037712,793,1874,3372,1082
29,0.2,0.1,Platt calibration,19.522089,0.15554723323705552,0.15446369897037712,793,1874,3372,1082
29,0.2,0.1,Isotonic calibration,19.522089,0.15554723323705552,0.15446369897037712,793,1874,3372,1082
30,0.05,0.5,Multilabel,37.784172,0.030771341385234758,0.03139977123981863,350,742,975,405
30,0.05,0.5,Hoeffding/LTT,37.784172,0.030771341385234758,0.03139977123981863,350,742,975,405
30,0.05,0.5,Hoeffding-Bentkus,37.784172,0.030771341385234758,0.03139977123981863,350,742,975,405
30,0.05,0.5,IID-normal,37.784172,0.030771341385234758,0.03139977123981863,350,742,975,405
30,0.05,0.5,Empirical Bernstein,37.784172,0.030771341385234758,0.03139977123981863,350,742,975,405
30,0.05,0.5,Platt calibration,44.566222,0.016963997230556197,0.019697867298578198,157,394,521,193
30,0.05,0.5,Isotonic calibration,37.784172,0.030771341385234758,0.03139977123981863,350,742,975,405
30,0.05,0.1,Multilabel,37.784172,0.030771341385234758,0.03139977123981863,350,742,975,405
30,0.05,0.1,Hoeffding/LTT,44.566222,0.016963997230556197,0.019697867298578198,157,394,521,193
30,0.05,0.1,Hoeffding-Bentkus,37.784172,0.030771341385234758,0.03139977123981863,350,742,975,405
30,0.05,0.1,IID-normal,37.784172,0.030771341385234758,0.03139977123981863,350,742,975,405
30,0.05,0.1,Empirical Bernstein,37.784172,0.030771341385234758,0.03139977123981863,350,742,975,405
30,0.05,0.1,Platt calibration,44.566222,0.016963997230556197,0.019697867298578198,157,394,521,193
30,0.05,0.1,Isotonic calibration,37.784172,0.030771341385234758,0.03139977123981863,350,742,975,405
30,0.1,0.5,Multilabel,32.034209,0.05217067979588174,0.05758640056625839,464,1013,1420,559
30,0.1,0.5,Hoeffding/LTT,32.034209,0.05217067979588174,0.05758640056625839,464,1013,1420,559
30,0.1,0.5,Hoeffding-Bentkus,32.034209,0.05217067979588174,0.05758640056625839,464,1013,1420,559
30,0.1,0.5,IID-normal,32.034209,0.05217067979588174,0.05758640056625839,464,1013,1420,559
30,0.1,0.5,Empirical Bernstein,32.034209,0.05217067979588174,0.05758640056625839,464,1013,1420,559
30,0.1,0.5,Platt calibration,32.034209,0.05217067979588174,0.05758640056625839,464,1013,1420,559
30,0.1,0.5,Isotonic calibration,32.034209,0.05217067979588174,0.05758640056625839,464,1013,1420,559
30,0.1,0.1,Multilabel,32.034209,0.05217067979588174,0.05758640056625839,464,1013,1420,559
30,0.1,0.1,Hoeffding/LTT,32.034209,0.05217067979588174,0.05758640056625839,464,1013,1420,559
30,0.1,0.1,Hoeffding-Bentkus,32.034209,0.05217067979588174,0.05758640056625839,464,1013,1420,559
30,0.1,0.1,IID-normal,32.034209,0.05217067979588174,0.05758640056625839,464,1013,1420,559
30,0.1,0.1,Empirical Bernstein,32.034209,0.05217067979588174,0.05758640056625839,464,1013,1420,559
30,0.1,0.1,Platt calibration,32.034209,0.05217067979588174,0.05758640056625839,464,1013,1420,559
30,0.1,0.1,Isotonic calibration,32.034209,0.05217067979588174,0.05758640056625839,464,1013,1420,559
30,0.2,0.5,Multilabel,19.522089,0.13463673196306475,0.15240186533271408,773,1887,3186,1009
30,0.2,0.5,Hoeffding/LTT,19.522089,0.13463673196306475,0.15240186533271408,773,1887,3186,1009
30,0.2,0.5,Hoeffding-Bentkus,19.522089,0.13463673196306475,0.15240186533271408,773,1887,3186,1009
30,0.2,0.5,IID-normal,19.522089,0.13463673196306475,0.15240186533271408,773,1887,3186,1009
30,0.2,0.5,Empirical Bernstein,19.522089,0.13463673196306475,0.15240186533271408,773,1887,3186,1009
30,0.2,0.5,Platt calibration,23.026196,0.10940418493730286,0.1197741634353009,681,1591,2567,876
30,0.2,0.5,Isotonic calibration,19.522089,0.13463673196306475,0.15240186533271408,773,1887,3186,1009
30,0.2,0.1,Multilabel,19.522089,0.13463673196306475,0.15240186533271408,773,1887,3186,1009
30,0.2,0.1,Hoeffding/LTT,19.522089,0.13463673196306475,0.15240186533271408,773,1887,3186,1009
30,0.2,0.1,Hoeffding-Bentkus,19.522089,0.13463673196306475,0.15240186533271408,773,1887,3186,1009
30,0.2,0.1,IID-normal,19.522089,0.13463673196306475,0.15240186533271408,773,1887,3186,1009
30,0.2,0.1,Empirical Bernstein,19.522089,0.13463673196306475,0.15240186533271408,773,1887,3186,1009
30,0.2,0.1,Platt calibration,23.026196,0.10940418493730286,0.1197741634353009,681,1591,2567,876
30,0.2,0.1,Isotonic calibration,19.522089,0.13463673196306475,0.15240186533271408,773,1887,3186,1009
31,0.05,0.5,Multilabel,37.784172,0.036583839782547374,0.031263164823591365,359,756,1055,428
31,0.05,0.5,Hoeffding/LTT,37.784172,0.036583839782547374,0.031263164823591365,359,756,1055,428
31,0.05,0.5,Hoeffding-Bentkus,37.784172,0.036583839782547374,0.031263164823591365,359,756,1055,428
31,0.05,0.5,IID-normal,37.784172,0.036583839782547374,0.031263164823591365,359,756,1055,428
31,0.05,0.5,Empirical Bernstein,37.784172,0.036583839782547374,0.031263164823591365,359,756,1055,428
31,0.05,0.5,Platt calibration,44.566222,0.02370490037695207,0.01930022978601178,167,419,603,221
31,0.05,0.5,Isotonic calibration,37.784172,0.036583839782547374,0.031263164823591365,359,756,1055,428
31,0.05,0.1,Multilabel,37.784172,0.036583839782547374,0.031263164823591365,359,756,1055,428
31,0.05,0.1,Hoeffding/LTT,37.784172,0.036583839782547374,0.031263164823591365,359,756,1055,428
31,0.05,0.1,Hoeffding-Bentkus,37.784172,0.036583839782547374,0.031263164823591365,359,756,1055,428
31,0.05,0.1,IID-normal,37.784172,0.036583839782547374,0.031263164823591365,359,756,1055,428
31,0.05,0.1,Empirical Bernstein,37.784172,0.036583839782547374,0.031263164823591365,359,756,1055,428
31,0.05,0.1,Platt calibration,44.566222,0.02370490037695207,0.01930022978601178,167,419,603,221
31,0.05,0.1,Isotonic calibration,37.784172,0.036583839782547374,0.031263164823591365,359,756,1055,428
31,0.1,0.5,Multilabel,27.159271,0.09610405928661178,0.09192808244940945,563,1250,2051,746
31,0.1,0.5,Hoeffding/LTT,32.034209,0.060327973946713846,0.057986046996710505,460,1010,1510,576
31,0.1,0.5,Hoeffding-Bentkus,32.034209,0.060327973946713846,0.057986046996710505,460,1010,1510,576
31,0.1,0.5,IID-normal,27.159271,0.09610405928661178,0.09192808244940945,563,1250,2051,746
31,0.1,0.5,Empirical Bernstein,32.034209,0.060327973946713846,0.057986046996710505,460,1010,1510,576
31,0.1,0.5,Platt calibration,32.034209,0.060327973946713846,0.057986046996710505,460,1010,1510,576
31,0.1,0.5,Isotonic calibration,32.034209,0.060327973946713846,0.057986046996710505,460,1010,1510,576
31,0.1,0.1,Multilabel,32.034209,0.060327973946713846,0.057986046996710505,460,1010,1510,576
31,0.1,0.1,Hoeffding/LTT,32.034209,0.060327973946713846,0.057986046996710505,460,1010,1510,576
31,0.1,0.1,Hoeffding-Bentkus,32.034209,0.060327973946713846,0.057986046996710505,460,1010,1510,576
31,0.1,0.1,IID-normal,32.034209,0.060327973946713846,0.057986046996710505,460,1010,1510,576
31,0.1,0.1,Empirical Bernstein,32.034209,0.060327973946713846,0.057986046996710505,460,1010,1510,576
31,0.1,0.1,Platt calibration,32.034209,0.060327973946713846,0.057986046996710505,460,1010,1510,576
31,0.1,0.1,Isotonic calibration,32.034209,0.060327973946713846,0.057986046996710505,460,1010,1510,576
31,0.2,0.5,Multilabel,19.522089,0.1559376478843361,0.15499272048981227,746,1819,3332,1038
31,0.2,0.5,Hoeffding/LTT,19.522089,0.1559376478843361,0.15499272048981227,746,1819,3332,1038
31,0.2,0.5,Hoeffding-Bentkus,19.522089,0.1559376478843361,0.15499272048981227,746,1819,3332,1038
31,0.2,0.5,IID-normal,19.522089,0.1559376478843361,0.15499272048981227,746,1819,3332,1038
31,0.2,0.5,Empirical Bernstein,19.522089,0.1559376478843361,0.15499272048981227,746,1819,3332,1038
31,0.2,0.5,Platt calibration,19.522089,0.1559376478843361,0.15499272048981227,746,1819,3332,1038
31,0.2,0.5,Isotonic calibration,19.522089,0.1559376478843361,0.15499272048981227,746,1819,3332,1038
31,0.2,0.1,Multilabel,19.522089,0.1559376478843361,0.15499272048981227,746,1819,3332,1038
31,0.2,0.1,Hoeffding/LTT,19.522089,0.1559376478843361,0.15499272048981227,746,1819,3332,1038
31,0.2,0.1,Hoeffding-Bentkus,19.522089,0.1559376478843361,0.15499272048981227,746,1819,3332,1038
31,0.2,0.1,IID-normal,19.522089,0.1559376478843361,0.15499272048981227,746,1819,3332,1038
31,0.2,0.1,Empirical Bernstein,19.522089,0.1559376478843361,0.15499272048981227,746,1819,3332,1038
31,0.2,0.1,Platt calibration,19.522089,0.1559376478843361,0.15499272048981227,746,1819,3332,1038
31,0.2,0.1,Isotonic calibration,19.522089,0.1559376478843361,0.15499272048981227,746,1819,3332,1038
32,0.05,0.5,Multilabel,37.784172,0.03247557504423417,0.031595533876339565,355,708,981,408
32,0.05,0.5,Hoeffding/LTT,37.784172,0.03247557504423417,0.031595533876339565,355,708,981,408
32,0.05,0.5,Hoeffding-Bentkus,37.784172,0.03247557504423417,0.031595533876339565,355,708,981,408
32,0.05,0.5,IID-normal,37.784172,0.03247557504423417,0.031595533876339565,355,708,981,408
32,0.05,0.5,Empirical Bernstein,37.784172,0.03247557504423417,0.031595533876339565,355,708,981,408
32,0.05,0.5,Platt calibration,44.566222,0.02162089391491653,0.02056943846043372,152,364,528,201
32,0.05,0.5,Isotonic calibration,37.784172,0.03247557504423417,0.031595533876339565,355,708,981,408
32,0.05,0.1,Multilabel,37.784172,0.03247557504423417,0.031595533876339565,355,708,981,408
32,0.05,0.1,Hoeffding/LTT,37.784172,0.03247557504423417,0.031595533876339565,355,708,981,408
32,0.05,0.1,Hoeffding-Bentkus,37.784172,0.03247557504423417,0.031595533876339565,355,708,981,408
32,0.05,0.1,IID-normal,37.784172,0.03247557504423417,0.031595533876339565,355,708,981,408
32,0.05,0.1,Empirical Bernstein,37.784172,0.03247557504423417,0.031595533876339565,355,708,981,408
32,0.05,0.1,Platt calibration,44.566222,0.02162089391491653,0.02056943846043372,152,364,528,201
32,0.05,0.1,Isotonic calibration,37.784172,0.03247557504423417,0.031595533876339565,355,708,981,408
32,0.1,0.5,Multilabel,27.159271,0.09123727466215348,0.09023148718053932,569,1221,1982,740
32,0.1,0.5,Hoeffding/LTT,32.034209,0.05667192348129343,0.05842099909043037,473,973,1451,570
32,0.1,0.5,Hoeffding-Bentkus,32.034209,0.05667192348129343,0.05842099909043037,473,973,1451,570
32,0.1,0.5,IID-normal,27.159271,0.09123727466215348,0.09023148718053932,569,1221,1982,740
32,0.1,0.5,Empirical Bernstein,32.034209,0.05667192348129343,0.05842099909043037,473,973,1451,570
32,0.1,0.5,Platt calibration,32.034209,0.05667192348129343,0.05842099909043037,473,973,1451,570
32,0.1,0.5,Isotonic calibration,32.034209,0.05667192348129343,0.05842099909043037,473,973,1451,570
32,0.1,0.1,Multilabel,32.034209,0.05667192348129343,0.05842099909043037,473,973,1451,570
32,0.1,0.1,Hoeffding/LTT,32.034209,0.05667192348129343,0.05842099909043037,473,973,1451,570
32,0.1,0.1,Hoeffding-Bentkus,32.034209,0.05667192348129343,0.05842099909043037,473,973,1451,570
32,0.1,0.1,IID-normal,32.034209,0.05667192348129343,0.05842099909043037,473,973,1451,570
32,0.1,0.1,Empirical Bernstein,32.034209,0.05667192348129343,0.05842099909043037,473,973,1451,570
32,0.1,0.1,Platt calibration,32.034209,0.05667192348129343,0.05842099909043037,473,973,1451,570
32,0.1,0.1,Isotonic calibration,32.034209,0.05667192348129343,0.05842099909043037,473,973,1451,570
32,0.2,0.5,Multilabel,19.522089,0.15964795660272235,0.15332074515077532,777,1821,3322,1078
32,0.2,0.5,Hoeffding/LTT,19.522089,0.15964795660272235,0.15332074515077532,777,1821,3322,1078
32,0.2,0.5,Hoeffding-Bentkus,19.522089,0.15964795660272235,0.15332074515077532,777,1821,3322,1078
32,0.2,0.5,IID-normal,19.522089,0.15964795660272235,0.15332074515077532,777,1821,3322,1078
32,0.2,0.5,Empirical Bernstein,19.522089,0.15964795660272235,0.15332074515077532,777,1821,3322,1078
32,0.2,0.5,Platt calibration,19.522089,0.15964795660272235,0.15332074515077532,777,1821,3322,1078
32,0.2,0.5,Isotonic calibration,19.522089,0.15964795660272235,0.15332074515077532,777,1821,3322,1078
32,0.2,0.1,Multilabel,19.522089,0.15964795660272235,0.15332074515077532,777,1821,3322,1078
32,0.2,0.1,Hoeffding/LTT,19.522089,0.15964795660272235,0.15332074515077532,777,1821,3322,1078
32,0.2,0.1,Hoeffding-Bentkus,19.522089,0.15964795660272235,0.15332074515077532,777,1821,3322,1078
32,0.2,0.1,IID-normal,19.522089,0.15964795660272235,0.15332074515077532,777,1821,3322,1078
32,0.2,0.1,Empirical Bernstein,19.522089,0.15964795660272235,0.15332074515077532,777,1821,3322,1078
32,0.2,0.1,Platt calibration,19.522089,0.15964795660272235,0.15332074515077532,777,1821,3322,1078
32,0.2,0.1,Isotonic calibration,19.522089,0.15964795660272235,0.15332074515077532,777,1821,3322,1078
33,0.05,0.5,Multilabel,37.784172,0.02738338846577942,0.030853602032511987,329,640,867,377
33,0.05,0.5,Hoeffding/LTT,37.784172,0.02738338846577942,0.030853602032511987,329,640,867,377
33,0.05,0.5,Hoeffding-Bentkus,37.784172,0.02738338846577942,0.030853602032511987,329,640,867,377
33,0.05,0.5,IID-normal,37.784172,0.02738338846577942,0.030853602032511987,329,640,867,377
33,0.05,0.5,Empirical Bernstein,37.784172,0.02738338846577942,0.030853602032511987,329,640,867,377
33,0.05,0.5,Platt calibration,44.566222,0.018091007000538502,0.019200596007468044,138,314,451,178
33,0.05,0.5,Isotonic calibration,37.784172,0.02738338846577942,0.030853602032511987,329,640,867,377
33,0.05,0.1,Multilabel,37.784172,0.02738338846577942,0.030853602032511987,329,640,867,377
33,0.05,0.1,Hoeffding/LTT,44.566222,0.018091007000538502,0.019200596007468044,138,314,451,178
33,0.05,0.1,Hoeffding-Bentkus,37.784172,0.02738338846577942,0.030853602032511987,329,640,867,377
33,0.05,0.1,IID-normal,37.784172,0.02738338846577942,0.030853602032511987,329,640,867,377
33,0.05,0.1,Empirical Bernstein,37.784172,0.02738338846577942,0.030853602032511987,329,640,867,377
33,0.05,0.1,Platt calibration,44.566222,0.018091007000538502,0.019200596007468044,138,314,451,178
33,0.05,0.1,Isotonic calibration,37.784172,0.02738338846577942,0.030853602032511987,329,640,867,377
33,0.1,0.5,Multilabel,32.034209,0.054588558094212376,0.05816236159838055,438,910,1331,543
33,0.1,0.5,Hoeffding/LTT,32.034209,0.054588558094212376,0.05816236159838055,438,910,1331,543
33,0.1,0.5,Hoeffding-Bentkus,32.034209,0.054588558094212376,0.05816236159838055,438,910,1331,543
33,0.1,0.5,IID-normal,32.034209,0.054588558094212376,0.05816236159838055,438,910,1331,543
33,0.1,0.5,Empirical Bernstein,32.034209,0.054588558094212376,0.05816236159838055,438,910,1331,543
33,0.1,0.5,Platt calibration,32.034209,0.054588558094212376,0.05816236159838055,438,910,1331,543
33,0.1,0.5,Isotonic calibration,32.034209,0.054588558094212376,0.05816236159838055,438,910,1331,543
33,0.1,0.1,Multilabel,32.034209,0.054588558094212376,0.05816236159838055,438,910,1331,543
33,0.1,0.1,Hoeffding/LTT,32.034209,0.054588558094212376,0.05816236159838055,438,910,1331,543
33,0.1,0.1,Hoeffding-Bentkus,32.034209,0.054588558094212376,0.05816236159838055,438,910,1331,543
33,0.1,0.1,IID-normal,32.034209,0.054588558094212376,0.05816236159838055,438,910,1331,543
33,0.1,0.1,Empirical Bernstein,32.034209,0.054588558094212376,0.05816236159838055,438,910,1331,543
33,0.1,0.1,Platt calibration,32.034209,0.054588558094212376,0.05816236159838055,438,910,1331,543
33,0.1,0.1,Isotonic calibration,32.034209,0.054588558094212376,0.05816236159838055,438,910,1331,543
33,0.2,0.5,Multilabel,19.522089,0.1525371182398646,0.15375010180589674,730,1726,3151,1029
33,0.2,0.5,Hoeffding/LTT,19.522089,0.1525371182398646,0.15375010180589674,730,1726,3151,1029
33,0.2,0.5,Hoeffding-Bentkus,19.522089,0.1525371182398646,0.15375010180589674,730,1726,3151,1029
33,0.2,0.5,IID-normal,19.522089,0.1525371182398646,0.15375010180589674,730,1726,3151,1029
33,0.2,0.5,Empirical Bernstein,19.522089,0.1525371182398646,0.15375010180589674,730,1726,3151,1029
33,0.2,0.5,Platt calibration,19.522089,0.1525371182398646,0.15375010180589674,730,1726,3151,1029
33,0.2,0.5,Isotonic calibration,19.522089,0.1525371182398646,0.15375010180589674,730,1726,3151,1029
33,0.2,0.1,Multilabel,19.522089,0.1525371182398646,0.15375010180589674,730,1726,3151,1029
33,0.2,0.1,Hoeffding/LTT,19.522089,0.1525371182398646,0.15375010180589674,730,1726,3151,1029
33,0.2,0.1,Hoeffding-Bentkus,19.522089,0.1525371182398646,0.15375010180589674,730,1726,3151,1029
33,0.2,0.1,IID-normal,19.522089,0.1525371182398646,0.15375010180589674,730,1726,3151,1029
33,0.2,0.1,Empirical Bernstein,19.522089,0.1525371182398646,0.15375010180589674,730,1726,3151,1029
33,0.2,0.1,Platt calibration,19.522089,0.1525371182398646,0.15375010180589674,730,1726,3151,1029
33,0.2,0.1,Isotonic calibration,19.522089,0.1525371182398646,0.15375010180589674,730,1726,3151,1029
34,0.05,0.5,Multilabel,37.784172,0.03126214837038746,0.030656941794382556,355,718,957,410
34,0.05,0.5,Hoeffding/LTT,37.784172,0.03126214837038746,0.030656941794382556,355,718,957,410
34,0.05,0.5,Hoeffding-Bentkus,37.784172,0.03126214837038746,0.030656941794382556,355,718,957,410
34,0.05,0.5,IID-normal,37.784172,0.03126214837038746,0.030656941794382556,355,718,957,410
34,0.05,0.5,Empirical Bernstein,37.784172,0.03126214837038746,0.030656941794382556,355,718,957,410
34,0.05,0.5,Platt calibration,44.566222,0.016480883144857295,0.01943666523050409,158,389,527,190
34,0.05,0.5,Isotonic calibration,37.784172,0.03126214837038746,0.030656941794382556,355,718,957,410
34,0.05,0.1,Multilabel,37.784172,0.03126214837038746,0.030656941794382556,355,718,957,410
34,0.05,0.1,Hoeffding/LTT,37.784172,0.03126214837038746,0.030656941794382556,355,718,957,410
34,0.05,0.1,Hoeffding-Bentkus,37.784172,0.03126214837038746,0.030656941794382556,355,718,957,410
34,0.05,0.1,IID-normal,37.784172,0.03126214837038746,0.030656941794382556,355,718,957,410
34,0.05,0.1,Empirical Bernstein,37.784172,0.03126214837038746,0.030656941794382556,355,718,957,410
34,0.05,0.1,Platt calibration,44.566222,0.016480883144857295,0.01943666523050409,158,389,527,190
34,0.05,0.1,Isotonic calibration,37.784172,0.03126214837038746,0.030656941794382556,355,718,957,410
34,0.1,0.5,Multilabel,27.159271,0.08575531451137268,0.08939492248141537,569,1251,1992,724
34,0.1,0.5,Hoeffding/LTT,32.034209,0.057115675564787034,0.05727074400060182,478,1005,1442,584
34,0.1,0.5,Hoeffding-Bentkus,32.034209,0.057115675564787034,0.05727074400060182,478,1005,1442,584
34,0.1,0.5,IID-normal,27.159271,0.08575531451137268,0.08939492248141537,569,1251,1992,724
34,0.1,0.5,Empirical Bernstein,32.034209,0.057115675564787034,0.05727074400060182,478,1005,1442,584
34,0.1,0.5,Platt calibration,32.034209,0.057115675564787034,0.05727074400060182,478,1005,1442,584
34,0.1,0.5,Isotonic calibration,32.034209,0.057115675564787034,0.05727074400060182,478,1005,1442,584
34,0.1,0.1,Multilabel,32.034209,0.057115675564787034,0.05727074400060182,478,1005,1442,584
34,0.1,0.1,Hoeffding/LTT,32.034209,0.057115675564787034,0.05727074400060182,478,1005,1442,584
34,0.1,0.1,Hoeffding-Bentkus,32.034209,0.057115675564787034,0.05727074400060182,478,1005,1442,584
34,0.1,0.1,IID-normal,32.034209,0.057115675564787034,0.05727074400060182,478,1005,1442,584
34,0.1,0.1,Empirical Bernstein,32.034209,0.057115675564787034,0.05727074400060182,478,1005,1442,584
34,0.1,0.1,Platt calibration,32.034209,0.057115675564787034,0.05727074400060182,478,1005,1442,584
34,0.1,0.1,Isotonic calibration,32.034209,0.057115675564787034,0.05727074400060182,478,1005,1442,584
34,0.2,0.5,Multilabel,19.522089,0.14836705387593918,0.15172367486025393,771,1834,3259,1039
34,0.2,0.5,Hoeffding/LTT,19.522089,0.14836705387593918,0.15172367486025393,771,1834,3259,1039
34,0.2,0.5,Hoeffding-Bentkus,19.522089,0.14836705387593918,0.15172367486025393,771,1834,3259,1039
34,0.2,0.5,IID-normal,19.522089,0.14836705387593918,0.15172367486025393,771,1834,3259,1039
34,0.2,0.5,Empirical Bernstein,19.522089,0.14836705387593918,0.15172367486025393,771,1834,3259,1039
34,0.2,0.5,Platt calibration,19.522089,0.14836705387593918,0.15172367486025393,771,1834,3259,1039
34,0.2,0.5,Isotonic calibration,19.522089,0.14836705387593918,0.15172367486025393,771,1834,3259,1039
34,0.2,0.1,Multilabel,19.522089,0.14836705387593918,0.15172367486025393,771,1834,3259,1039
34,0.2,0.1,Hoeffding/LTT,19.522089,0.14836705387593918,0.15172367486025393,771,1834,3259,1039
34,0.2,0.1,Hoeffding-Bentkus,19.522089,0.14836705387593918,0.15172367486025393,771,1834,3259,1039
34,0.2,0.1,IID-normal,19.522089,0.14836705387593918,0.15172367486025393,771,1834,3259,1039
34,0.2,0.1,Empirical Bernstein,19.522089,0.14836705387593918,0.15172367486025393,771,1834,3259,1039
34,0.2,0.1,Platt calibration,19.522089,0.14836705387593918,0.15172367486025393,771,1834,3259,1039
34,0.2,0.1,Isotonic calibration,19.522089,0.14836705387593918,0.15172367486025393,771,1834,3259,1039
35,0.05,0.5,Multilabel,37.784172,0.02882606354334949,0.03173145640562702,348,671,908,394
35,0.05,0.5,Hoeffding/LTT,37.784172,0.02882606354334949,0.03173145640562702,348,671,908,394
35,0.05,0.5,Hoeffding-Bentkus,37.784172,0.02882606354334949,0.03173145640562702,348,671,908,394
35,0.05,0.5,IID-normal,37.784172,0.02882606354334949,0.03173145640562702,348,671,908,394
35,0.05,0.5,Empirical Bernstein,37.784172,0.02882606354334949,0.03173145640562702,348,671,908,394
35,0.05,0.5,Platt calibration,44.566222,0.019341487806754362,0.020321700416487145,141,343,485,185
35,0.05,0.5,Isotonic calibration,37.784172,0.02882606354334949,0.03173145640562702,348,671,908,394
35,0.05,0.1,Multilabel,37.784172,0.02882606354334949,0.03173145640562702,348,671,908,394
35,0.05,0.1,Hoeffding/LTT,44.566222,0.019341487806754362,0.020321700416487145,141,343,485,185
35,0.05,0.1,Hoeffding-Bentkus,37.784172,0.02882606354334949,0.03173145640562702,348,671,908,394
35,0.05,0.1,IID-normal,37.784172,0.02882606354334949,0.03173145640562702,348,671,908,394
35,0.05,0.1,Empirical Bernstein,37.784172,0.02882606354334949,0.03173145640562702,348,671,908,394
35,0.05,0.1,Platt calibration,44.566222,0.019341487806754362,0.020321700416487145,141,343,485,185
35,0.05,0.1,Isotonic calibration,37.784172,0.02882606354334949,0.03173145640562702,348,671,908,394
35,0.1,0.5,Multilabel,32.034209,0.05960266174321101,0.05932244756296889,474,948,1411,581
35,0.1,0.5,Hoeffding/LTT,32.034209,0.05960266174321101,0.05932244756296889,474,948,1411,581
35,0.1,0.5,Hoeffding-Bentkus,32.034209,0.05960266174321101,0.05932244756296889,474,948,1411,581
35,0.1,0.5,IID-normal,32.034209,0.05960266174321101,0.05932244756296889,474,948,1411,581
35,0.1,0.5,Empirical Bernstein,32.034209,0.05960266174321101,0.05932244756296889,474,948,1411,581
35,0.1,0.5,Platt calibration,32.034209,0.05960266174321101,0.05932244756296889,474,948,1411,581
35,0.1,0.5,Isotonic calibration,32.034209,0.05960266174321101,0.05932244756296889,474,948,1411,581
35,0.1,0.1,Multilabel,32.034209,0.05960266174321101,0.05932244756296889,474,948,1411,581
35,0.1,0.1,Hoeffding/LTT,32.034209,0.05960266174321101,0.05932244756296889,474,948,1411,581
35,0.1,0.1,Hoeffding-Bentkus,32.034209,0.05960266174321101,0.05932244756296889,474,948,1411,581
35,0.1,0.1,IID-normal,32.034209,0.05960266174321101,0.05932244756296889,474,948,1411,581
35,0.1,0.1,Empirical Bernstein,32.034209,0.05960266174321101,0.05932244756296889,474,948,1411,581
35,0.1,0.1,Platt calibration,32.034209,0.05960266174321101,0.05932244756296889,474,948,1411,581
35,0.1,0.1,Isotonic calibration,32.034209,0.05960266174321101,0.05932244756296889,474,948,1411,581
35,0.2,0.5,Multilabel,19.522089,0.16119663051003924,0.15445557392724563,789,1832,3298,1095
35,0.2,0.5,Hoeffding/LTT,19.522089,0.16119663051003924,0.15445557392724563,789,1832,3298,1095
35,0.2,0.5,Hoeffding-Bentkus,19.522089,0.16119663051003924,0.15445557392724563,789,1832,3298,1095
35,0.2,0.5,IID-normal,19.522089,0.16119663051003924,0.15445557392724563,789,1832,3298,1095
35,0.2,0.5,Empirical Bernstein,19.522089,0.16119663051003924,0.15445557392724563,789,1832,3298,1095
35,0.2,0.5,Platt calibration,19.522089,0.16119663051003924,0.15445557392724563,789,1832,3298,1095
35,0.2,0.5,Isotonic calibration,19.522089,0.16119663051003924,0.15445557392724563,789,1832,3298,1095
35,0.2,0.1,Multilabel,19.522089,0.16119663051003924,0.15445557392724563,789,1832,3298,1095
35,0.2,0.1,Hoeffding/LTT,19.522089,0.16119663051003924,0.15445557392724563,789,1832,3298,1095
35,0.2,0.1,Hoeffding-Bentkus,19.522089,0.16119663051003924,0.15445557392724563,789,1832,3298,1095
35,0.2,0.1,IID-normal,19.522089,0.16119663051003924,0.15445557392724563,789,1832,3298,1095
35,0.2,0.1,Empirical Bernstein,19.522089,0.16119663051003924,0.15445557392724563,789,1832,3298,1095
35,0.2,0.1,Platt calibration,19.522089,0.16119663051003924,0.15445557392724563,789,1832,3298,1095
35,0.2,0.1,Isotonic calibration,19.522089,0.16119663051003924,0.15445557392724563,789,1832,3298,1095
36,0.05,0.5,Multilabel,37.784172,0.03274482652511732,0.03162211998112472,380,822,1116,430
36,0.05,0.5,Hoeffding/LTT,37.784172,0.03274482652511732,0.03162211998112472,380,822,1116,430
36,0.05,0.5,Hoeffding-Bentkus,37.784172,0.03274482652511732,0.03162211998112472,380,822,1116,430
36,0.05,0.5,IID-normal,37.784172,0.03274482652511732,0.03162211998112472,380,822,1116,430
36,0.05,0.5,Empirical Bernstein,37.784172,0.03274482652511732,0.03162211998112472,380,822,1116,430
36,0.05,0.5,Platt calibration,44.566222,0.022907915993537965,0.021035293695246305,180,462,653,229
36,0.05,0.5,Isotonic calibration,37.784172,0.03274482652511732,0.03162211998112472,380,822,1116,430
36,0.05,0.1,Multilabel,37.784172,0.03274482652511732,0.03162211998112472,380,822,1116,430
36,0.05,0.1,Hoeffding/LTT,37.784172,0.03274482652511732,0.03162211998112472,380,822,1116,430
36,0.05,0.1,Hoeffding-Bentkus,37.784172,0.03274482652511732,0.03162211998112472,380,822,1116,430
36,0.05,0.1,IID-normal,37.784172,0.03274482652511732,0.03162211998112472,380,822,1116,430
36,0.05,0.1,Empirical Bernstein,37.784172,0.03274482652511732,0.03162211998112472,380,822,1116,430
36,0.05,0.1,Platt calibration,44.566222,0.022907915993537965,0.021035293695246305,180,462,653,229
36,0.05,0.1,Isotonic calibration,37.784172,0.03274482652511732,0.03162211998112472,380,822,1116,430
36,0.1,0.5,Multilabel,27.159271,0.09586686155345282,0.09036424673273015,606,1376,2209,775
36,0.1,0.5,Hoeffding/LTT,32.034209,0.062102084775751985,0.05812483330255841,510,1114,1632,614
36,0.1,0.5,Hoeffding-Bentkus,32.034209,0.062102084775751985,0.05812483330255841,510,1114,1632,614
36,0.1,0.5,IID-normal,27.159271,0.09586686155345282,0.09036424673273015,606,1376,2209,775
36,0.1,0.5,Empirical Bernstein,32.034209,0.062102084775751985,0.05812483330255841,510,1114,1632,614
36,0.1,0.5,Platt calibration,32.034209,0.062102084775751985,0.05812483330255841,510,1114,1632,614
36,0.1,0.5,Isotonic calibration,32.034209,0.062102084775751985,0.05812483330255841,510,1114,1632,614
36,0.1,0.1,Multilabel,32.034209,0.062102084775751985,0.05812483330255841,510,1114,1632,614
36,0.1,0.1,Hoeffding/LTT,32.034209,0.062102084775751985,0.05812483330255841,510,1114,1632,614
36,0.1,0.1,Hoeffding-Bentkus,32.034209,0.062102084775751985,0.05812483330255841,510,1114,1632,614
36,0.1,0.1,IID-normal,32.034209,0.062102084775751985,0.05812483330255841,510,1114,1632,614
36,0.1,0.1,Empirical Bernstein,32.034209,0.062102084775751985,0.05812483330255841,510,1114,1632,614
36,0.1,0.1,Platt calibration,32.034209,0.062102084775751985,0.05812483330255841,510,1114,1632,614
36,0.1,0.1,Isotonic calibration,32.034209,0.062102084775751985,0.05812483330255841,510,1114,1632,614
36,0.2,0.5,Multilabel,19.522089,0.1603611466616313,0.15594158641875144,796,1975,3530,1096
36,0.2,0.5,Hoeffding/LTT,19.522089,0.1603611466616313,0.15594158641875144,796,1975,3530,1096
36,0.2,0.5,Hoeffding-Bentkus,19.522089,0.1603611466616313,0.15594158641875144,796,1975,3530,1096
36,0.2,0.5,IID-normal,19.522089,0.1603611466616313,0.15594158641875144,796,1975,3530,1096
36,0.2,0.5,Empirical Bernstein,19.522089,0.1603611466616313,0.15594158641875144,796,1975,3530,1096
36,0.2,0.5,Platt calibration,19.522089,0.1603611466616313,0.15594158641875144,796,1975,3530,1096
36,0.2,0.5,Isotonic calibration,19.522089,0.1603611466616313,0.15594158641875144,796,1975,3530,1096
36,0.2,0.1,Multilabel,19.522089,0.1603611466616313,0.15594158641875144,796,1975,3530,1096
36,0.2,0.1,Hoeffding/LTT,19.522089,0.1603611466616313,0.15594158641875144,796,1975,3530,1096
36,0.2,0.1,Hoeffding-Bentkus,19.522089,0.1603611466616313,0.15594158641875144,796,1975,3530,1096
36,0.2,0.1,IID-normal,19.522089,0.1603611466616313,0.15594158641875144,796,1975,3530,1096
36,0.2,0.1,Empirical Bernstein,19.522089,0.1603611466616313,0.15594158641875144,796,1975,3530,1096
36,0.2,0.1,Platt calibration,19.522089,0.1603611466616313,0.15594158641875144,796,1975,3530,1096
36,0.2,0.1,Isotonic calibration,19.522089,0.1603611466616313,0.15594158641875144,796,1975,3530,1096
37,0.05,0.5,Multilabel,37.784172,0.03308562197092084,0.03148081184218625,341,710,972,397
37,0.05,0.5,Hoeffding/LTT,37.784172,0.03308562197092084,0.03148081184218625,341,710,972,397
37,0.05,0.5,Hoeffding-Bentkus,37.784172,0.03308562197092084,0.03148081184218625,341,710,972,397
37,0.05,0.5,IID-normal,37.784172,0.03308562197092084,0.03148081184218625,341,710,972,397
37,0.05,0.5,Empirical Bernstein,37.784172,0.03308562197092084,0.03148081184218625,341,710,972,397
37,0.05,0.5,Platt calibration,44.566222,0.019322640203092545,0.01960810713772799,145,378,530,186
37,0.05,0.5,Isotonic calibration,37.784172,0.03308562197092084,0.03148081184218625,341,710,972,397
37,0.05,0.1,Multilabel,37.784172,0.03308562197092084,0.03148081184218625,341,710,972,397
37,0.05,0.1,Hoeffding/LTT,37.784172,0.03308562197092084,0.03148081184218625,341,710,972,397
37,0.05,0.1,Hoeffding-Bentkus,37.784172,0.03308562197092084,0.03148081184218625,341,710,972,397
37,0.05,0.1,IID-normal,37.784172,0.03308562197092084,0.03148081184218625,341,710,972,397
37,0.05,0.1,Empirical Bernstein,37.784172,0.03308562197092084,0.03148081184218625,341,710,972,397
37,0.05,0.1,Platt calibration,44.566222,0.019322640203092545,0.01960810713772799,145,378,530,186
37,0.05,0.1,Isotonic calibration,37.784172,0.03308562197092084,0.03148081184218625,341,710,972,397
37,0.1,0.5,Multilabel,32.034209,0.057174013385645046,0.0581774071110564,435,944,1410,537
37,0.1,0.5,Hoeffding/LTT,32.034209,0.057174013385645046,0.0581774071110564,435,944,1410,537
37,0.1,0.5,Hoeffding-Bentkus,32.034209,0.057174013385645046,0.0581774071110564,435,944,1410,537
37,0.1,0.5,IID-normal,32.034209,0.057174013385645046,0.0581774071110564,435,944,1410,537
37,0.1,0.5,Empirical Bernstein,32.034209,0.057174013385645046,0.0581774071110564,435,944,1410,537
37,0.1,0.5,Platt calibration,32.034209,0.057174013385645046,0.0581774071110564,435,944,1410,537
37,0.1,0.5,Isotonic calibration,32.034209,0.057174013385645046,0.0581774071110564,435,944,1410,537
37,0.1,0.1,Multilabel,32.034209,0.057174013385645046,0.0581774071110564,435,944,1410,537
37,0.1,0.1,Hoeffding/LTT,32.034209,0.057174013385645046,0.0581774071110564,435,944,1410,537
37,0.1,0.1,Hoeffding-Bentkus,32.034209,0.057174013385645046,0.0581774071110564,435,944,1410,537
37,0.1,0.1,IID-normal,32.034209,0.057174013385645046,0.0581774071110564,435,944,1410,537
37,0.1,0.1,Empirical Bernstein,32.034209,0.057174013385645046,0.0581774071110564,435,944,1410,537
37,0.1,0.1,Platt calibration,32.034209,0.057174013385645046,0.0581774071110564,435,944,1410,537
37,0.1,0.1,Isotonic calibration,32.034209,0.057174013385645046,0.0581774071110564,435,944,1410,537
37,0.2,0.5,Multilabel,19.522089,0.1579259010599883,0.1560832831298148,755,1791,3264,1061
37,0.2,0.5,Hoeffding/LTT,19.522089,0.1579259010599883,0.1560832831298148,755,1791,3264,1061
37,0.2,0.5,Hoeffding-Bentkus,19.522089,0.1579259010599883,0.1560832831298148,755,1791,3264,1061
37,0.2,0.5,IID-normal,19.522089,0.1579259010599883,0.1560832831298148,755,1791,3264,1061
37,0.2,0.5,Empirical Bernstein,19.522089,0.1579259010599883,0.1560832831298148,755,1791,3264,1061
37,0.2,0.5,Platt calibration,19.522089,0.1579259010599883,0.1560832831298148,755,1791,3264,1061
37,0.2,0.5,Isotonic calibration,19.522089,0.1579259010599883,0.1560832831298148,755,1791,3264,1061
37,0.2,0.1,Multilabel,19.522089,0.1579259010599883,0.1560832831298148,755,1791,3264,1061
37,0.2,0.1,Hoeffding/LTT,19.522089,0.1579259010599883,0.1560832831298148,755,1791,3264,1061
37,0.2,0.1,Hoeffding-Bentkus,19.522089,0.1579259010599883,0.1560832831298148,755,1791,3264,1061
37,0.2,0.1,IID-normal,19.522089,0.1579259010599883,0.1560832831298148,755,1791,3264,1061
37,0.2,0.1,Empirical Bernstein,19.522089,0.1579259010599883,0.1560832831298148,755,1791,3264,1061
37,0.2,0.1,Platt calibration,19.522089,0.1579259010599883,0.1560832831298148,755,1791,3264,1061
37,0.2,0.1,Isotonic calibration,19.522089,0.1579259010599883,0.1560832831298148,755,1791,3264,1061
38,0.05,0.5,Multilabel,37.784172,0.030133984665487088,0.03136019128317707,379,784,1059,425
38,0.05,0.5,Hoeffding/LTT,37.784172,0.030133984665487088,0.03136019128317707,379,784,1059,425
38,0.05,0.5,Hoeffding-Bentkus,37.784172,0.030133984665487088,0.03136019128317707,379,784,1059,425
38,0.05,0.5,IID-normal,37.784172,0.030133984665487088,0.03136019128317707,379,784,1059,425
38,0.05,0.5,Empirical Bernstein,37.784172,0.030133984665487088,0.03136019128317707,379,784,1059,425
38,0.05,0.5,Platt calibration,44.566222,0.02090891607046696,0.020183469768777825,171,424,610,211
38,0.05,0.5,Isotonic calibration,37.784172,0.030133984665487088,0.03136019128317707,379,784,1059,425
38,0.05,0.1,Multilabel,37.784172,0.030133984665487088,0.03136019128317707,379,784,1059,425
38,0.05,0.1,Hoeffding/LTT,44.566222,0.02090891607046696,0.020183469768777825,171,424,610,211
38,0.05,0.1,Hoeffding-Bentkus,37.784172,0.030133984665487088,0.03136019128317707,379,784,1059,425
38,0.05,0.1,IID-normal,37.784172,0.030133984665487088,0.03136019128317707,379,784,1059,425
38,0.05,0.1,Empirical Bernstein,37.784172,0.030133984665487088,0.03136019128317707,379,784,1059,425
38,0.05,0.1,Platt calibration,44.566222,0.02090891607046696,0.020183469768777825,171,424,610,211
38,0.05,0.1,Isotonic calibration,37.784172,0.030133984665487088,0.03136019128317707,379,784,1059,425
38,0.1,0.5,Multilabel,27.159271,0.09236274585224503,0.09142572474918446,603,1366,2166,770
38,0.1,0.5,Hoeffding/LTT,32.034209,0.05953983639767162,0.05793253284367028,501,1072,1571,606
38,0.1,0.5,Hoeffding-Bentkus,32.034209,0.05953983639767162,0.05793253284367028,501,1072,1571,606
38,0.1,0.5,IID-normal,27.159271,0.09236274585224503,0.09142572474918446,603,1366,2166,770
38,0.1,0.5,Empirical Bernstein,32.034209,0.05953983639767162,0.05793253284367028,501,1072,1571,606
38,0.1,0.5,Platt calibration,32.034209,0.05953983639767162,0.05793253284367028,501,1072,1571,606
38,0.1,0.5,Isotonic calibration,32.034209,0.05953983639767162,0.05793253284367028,501,1072,1571,606
38,0.1,0.1,Multilabel,32.034209,0.05953983639767162,0.05793253284367028,501,1072,1571,606
38,0.1,0.1,Hoeffding/LTT,32.034209,0.05953983639767162,0.05793253284367028,501,1072,1571,606
38,0.1,0.1,Hoeffding-Bentkus,32.034209,0.05953983639767162,0.05793253284367028,501,1072,1571,606
38,0.1,0.1,IID-normal,32.034209,0.05953983639767162,0.05793253284367028,501,1072,1571,606
38,0.1,0.1,Empirical Bernstein,32.034209,0.05953983639767162,0.05793253284367028,501,1072,1571,606
38,0.1,0.1,Platt calibration,32.034209,0.05953983639767162,0.05793253284367028,501,1072,1571,606
38,0.1,0.1,Isotonic calibration,32.034209,0.05953983639767162,0.05793253284367028,501,1072,1571,606
38,0.2,0.5,Multilabel,19.522089,0.156835362626962,0.15574944138871327,820,2024,3562,1105
38,0.2,0.5,Hoeffding/LTT,19.522089,0.156835362626962,0.15574944138871327,820,2024,3562,1105
38,0.2,0.5,Hoeffding-Bentkus,19.522089,0.156835362626962,0.15574944138871327,820,2024,3562,1105
38,0.2,0.5,IID-normal,19.522089,0.156835362626962,0.15574944138871327,820,2024,3562,1105
38,0.2,0.5,Empirical Bernstein,19.522089,0.156835362626962,0.15574944138871327,820,2024,3562,1105
38,0.2,0.5,Platt calibration,19.522089,0.156835362626962,0.15574944138871327,820,2024,3562,1105
38,0.2,0.5,Isotonic calibration,19.522089,0.156835362626962,0.15574944138871327,820,2024,3562,1105
38,0.2,0.1,Multilabel,19.522089,0.156835362626962,0.15574944138871327,820,2024,3562,1105
38,0.2,0.1,Hoeffding/LTT,19.522089,0.156835362626962,0.15574944138871327,820,2024,3562,1105
38,0.2,0.1,Hoeffding-Bentkus,19.522089,0.156835362626962,0.15574944138871327,820,2024,3562,1105
38,0.2,0.1,IID-normal,19.522089,0.156835362626962,0.15574944138871327,820,2024,3562,1105
38,0.2,0.1,Empirical Bernstein,19.522089,0.156835362626962,0.15574944138871327,820,2024,3562,1105
38,0.2,0.1,Platt calibration,19.522089,0.156835362626962,0.15574944138871327,820,2024,3562,1105
38,0.2,0.1,Isotonic calibration,19.522089,0.156835362626962,0.15574944138871327,820,2024,3562,1105
39,0.05,0.5,Multilabel,37.784172,0.030212067594943198,0.031142800722184606,332,740,993,390
39,0.05,0.5,Hoeffding/LTT,37.784172,0.030212067594943198,0.031142800722184606,332,740,993,390
39,0.05,0.5,Hoeffding-Bentkus,37.784172,0.030212067594943198,0.031142800722184606,332,740,993,390
39,0.05,0.5,IID-normal,37.784172,0.030212067594943198,0.031142800722184606,332,740,993,390
39,0.05,0.5,Empirical Bernstein,37.784172,0.030212067594943198,0.031142800722184606,332,740,993,390
39,0.05,0.5,Platt calibration,44.566222,0.019802292484037233,0.019793013069079417,157,419,582,202
39,0.05,0.5,Isotonic calibration,37.784172,0.030212067594943198,0.031142800722184606,332,740,993,390
39,0.05,0.1,Multilabel,37.784172,0.030212067594943198,0.031142800722184606,332,740,993,390
39,0.05,0.1,Hoeffding/LTT,44.566222,0.019802292484037233,0.019793013069079417,157,419,582,202
39,0.05,0.1,Hoeffding-Bentkus,37.784172,0.030212067594943198,0.031142800722184606,332,740,993,390
39,0.05,0.1,IID-normal,37.784172,0.030212067594943198,0.031142800722184606,332,740,993,390
39,0.05,0.1,Empirical Bernstein,37.784172,0.030212067594943198,0.031142800722184606,332,740,993,390
39,0.05,0.1,Platt calibration,44.566222,0.019802292484037233,0.019793013069079417,157,419,582,202
39,0.05,0.1,Isotonic calibration,37.784172,0.030212067594943198,0.031142800722184606,332,740,993,390
39,0.1,0.5,Multilabel,32.034209,0.054764212631740895,0.05722684700765269,442,994,1453,542
39,0.1,0.5,Hoeffding/LTT,32.034209,0.054764212631740895,0.05722684700765269,442,994,1453,542
39,0.1,0.5,Hoeffding-Bentkus,32.034209,0.054764212631740895,0.05722684700765269,442,994,1453,542
39,0.1,0.5,IID-normal,32.034209,0.054764212631740895,0.05722684700765269,442,994,1453,542
39,0.1,0.5,Empirical Bernstein,32.034209,0.054764212631740895,0.05722684700765269,442,994,1453,542
39,0.1,0.5,Platt calibration,32.034209,0.054764212631740895,0.05722684700765269,442,994,1453,542
39,0.1,0.5,Isotonic calibration,32.034209,0.054764212631740895,0.05722684700765269,442,994,1453,542
39,0.1,0.1,Multilabel,32.034209,0.054764212631740895,0.05722684700765269,442,994,1453,542
39,0.1,0.1,Hoeffding/LTT,32.034209,0.054764212631740895,0.05722684700765269,442,994,1453,542
39,0.1,0.1,Hoeffding-Bentkus,32.034209,0.054764212631740895,0.05722684700765269,442,994,1453,542
39,0.1,0.1,IID-normal,32.034209,0.054764212631740895,0.05722684700765269,442,994,1453,542
39,0.1,0.1,Empirical Bernstein,32.034209,0.054764212631740895,0.05722684700765269,442,994,1453,542
39,0.1,0.1,Platt calibration,32.034209,0.054764212631740895,0.05722684700765269,442,994,1453,542
39,0.1,0.1,Isotonic calibration,32.034209,0.054764212631740895,0.05722684700765269,442,994,1453,542
39,0.2,0.5,Multilabel,19.522089,0.14905437947441177,0.15407188615396283,750,1830,3235,1040
39,0.2,0.5,Hoeffding/LTT,19.522089,0.14905437947441177,0.15407188615396283,750,1830,3235,1040
39,0.2,0.5,Hoeffding-Bentkus,19.522089,0.14905437947441177,0.15407188615396283,750,1830,3235,1040
39,0.2,0.5,IID-normal,19.522089,0.14905437947441177,0.15407188615396283,750,1830,3235,1040
39,0.2,0.5,Empirical Bernstein,19.522089,0.14905437947441177,0.15407188615396283,750,1830,3235,1040
39,0.2,0.5,Platt calibration,19.522089,0.14905437947441177,0.15407188615396283,750,1830,3235,1040
39,0.2,0.5,Isotonic calibration,19.522089,0.14905437947441177,0.15407188615396283,750,1830,3235,1040
39,0.2,0.1,Multilabel,19.522089,0.14905437947441177,0.15407188615396283,750,1830,3235,1040
39,0.2,0.1,Hoeffding/LTT,19.522089,0.14905437947441177,0.15407188615396283,750,1830,3235,1040
39,0.2,0.1,Hoeffding-Bentkus,19.522089,0.14905437947441177,0.15407188615396283,750,1830,3235,1040
39,0.2,0.1,IID-normal,19.522089,0.14905437947441177,0.15407188615396283,750,1830,3235,1040
39,0.2,0.1,Empirical Bernstein,19.522089,0.14905437947441177,0.15407188615396283,750,1830,3235,1040
39,0.2,0.1,Platt calibration,19.522089,0.14905437947441177,0.15407188615396283,750,1830,3235,1040
39,0.2,0.1,Isotonic calibration,19.522089,0.14905437947441177,0.15407188615396283,750,1830,3235,1040
40,0.05,0.5,Multilabel,37.784172,0.03376182783291022,0.031374125479575715,372,795,1075,427
40,0.05,0.5,Hoeffding/LTT,37.784172,0.03376182783291022,0.031374125479575715,372,795,1075,427
40,0.05,0.5,Hoeffding-Bentkus,37.784172,0.03376182783291022,0.031374125479575715,372,795,1075,427
40,0.05,0.5,IID-normal,37.784172,0.03376182783291022,0.031374125479575715,372,795,1075,427
40,0.05,0.5,Empirical Bernstein,37.784172,0.03376182783291022,0.031374125479575715,372,795,1075,427
40,0.05,0.5,Platt calibration,44.566222,0.022241710900838527,0.02009101680310211,174,442,618,222
40,0.05,0.5,Isotonic calibration,37.784172,0.03376182783291022,0.031374125479575715,372,795,1075,427
40,0.05,0.1,Multilabel,37.784172,0.03376182783291022,0.031374125479575715,372,795,1075,427
40,0.05,0.1,Hoeffding/LTT,37.784172,0.03376182783291022,0.031374125479575715,372,795,1075,427
40,0.05,0.1,Hoeffding-Bentkus,37.784172,0.03376182783291022,0.031374125479575715,372,795,1075,427
40,0.05,0.1,IID-normal,37.784172,0.03376182783291022,0.031374125479575715,372,795,1075,427
40,0.05,0.1,Empirical Bernstein,37.784172,0.03376182783291022,0.031374125479575715,372,795,1075,427
40,0.05,0.1,Platt calibration,44.566222,0.022241710900838527,0.02009101680310211,174,442,618,222
40,0.05,0.1,Isotonic calibration,37.784172,0.03376182783291022,0.031374125479575715,372,795,1075,427
40,0.1,0.5,Multilabel,27.159271,0.08812434289817164,0.08970724509824037,588,1319,2094,742
40,0.1,0.5,Hoeffding/LTT,32.034209,0.06090994179039413,0.05782593196692722,483,1063,1561,589
40,0.1,0.5,Hoeffding-Bentkus,32.034209,0.06090994179039413,0.05782593196692722,483,1063,1561,589
40,0.1,0.5,IID-normal,27.159271,0.08812434289817164,0.08970724509824037,588,1319,2094,742
40,0.1,0.5,Empirical Bernstein,32.034209,0.06090994179039413,0.05782593196692722,483,1063,1561,589
40,0.1,0.5,Platt calibration,32.034209,0.06090994179039413,0.05782593196692722,483,1063,1561,589
40,0.1,0.5,Isotonic calibration,32.034209,0.06090994179039413,0.05782593196692722,483,1063,1561,589
40,0.1,0.1,Multilabel,32.034209,0.06090994179039413,0.05782593196692722,483,1063,1561,589
40,0.1,0.1,Hoeffding/LTT,32.034209,0.06090994179039413,0.05782593196692722,483,1063,1561,589
40,0.1,0.1,Hoeffding-Bentkus,32.034209,0.06090994179039413,0.05782593196692722,483,1063,1561,589
40,0.1,0.1,IID-normal,32.034209,0.06090994179039413,0.05782593196692722,483,1063,1561,589
40,0.1,0.1,Empirical Bernstein,32.034209,0.06090994179039413,0.05782593196692722,483,1063,1561,589
40,0.1,0.1,Platt calibration,32.034209,0.06090994179039413,0.05782593196692722,483,1063,1561,589
40,0.1,0.1,Isotonic calibration,32.034209,0.06090994179039413,0.05782593196692722,483,1063,1561,589
40,0.2,0.5,Multilabel,19.522089,0.15651018609823134,0.15320698288977047,782,1908,3404,1063
40,0.2,0.5,Hoeffding/LTT,19.522089,0.15651018609823134,0.15320698288977047,782,1908,3404,1063
40,0.2,0.5,Hoeffding-Bentkus,19.522089,0.15651018609823134,0.15320698288977047,782,1908,3404,1063
40,0.2,0.5,IID-normal,19.522089,0.15651018609823134,0.15320698288977047,782,1908,3404,1063
40,0.2,0.5,Empirical Bernstein,19.522089,0.15651018609823134,0.15320698288977047,782,1908,3404,1063
40,0.2,0.5,Platt calibration,19.522089,0.15651018609823134,0.15320698288977047,782,1908,3404,1063
40,0.2,0.5,Isotonic calibration,19.522089,0.15651018609823134,0.15320698288977047,782,1908,3404,1063
40,0.2,0.1,Multilabel,19.522089,0.15651018609823134,0.15320698288977047,782,1908,3404,1063
40,0.2,0.1,Hoeffding/LTT,19.522089,0.15651018609823134,0.15320698288977047,782,1908,3404,1063
40,0.2,0.1,Hoeffding-Bentkus,19.522089,0.15651018609823134,0.15320698288977047,782,1908,3404,1063
40,0.2,0.1,IID-normal,19.522089,0.15651018609823134,0.15320698288977047,782,1908,3404,1063
40,0.2,0.1,Empirical Bernstein,19.522089,0.15651018609823134,0.15320698288977047,782,1908,3404,1063
40,0.2,0.1,Platt calibration,19.522089,0.15651018609823134,0.15320698288977047,782,1908,3404,1063
40,0.2,0.1,Isotonic calibration,19.522089,0.15651018609823134,0.15320698288977047,782,1908,3404,1063
41,0.05,0.5,Multilabel,37.784172,0.029422776110982898,0.03147568269013767,358,741,993,411
41,0.05,0.5,Hoeffding/LTT,37.784172,0.029422776110982898,0.03147568269013767,358,741,993,411
41,0.05,0.5,Hoeffding-Bentkus,37.784172,0.029422776110982898,0.03147568269013767,358,741,993,411
41,0.05,0.5,IID-normal,37.784172,0.029422776110982898,0.03147568269013767,358,741,993,411
41,0.05,0.5,Empirical Bernstein,37.784172,0.029422776110982898,0.03147568269013767,358,741,993,411
41,0.05,0.5,Platt calibration,44.566222,0.019978459881529347,0.019950990952175784,155,400,560,200
41,0.05,0.5,Isotonic calibration,37.784172,0.029422776110982898,0.03147568269013767,358,741,993,411
41,0.05,0.1,Multilabel,37.784172,0.029422776110982898,0.03147568269013767,358,741,993,411
41,0.05,0.1,Hoeffding/LTT,44.566222,0.019978459881529347,0.019950990952175784,155,400,560,200
41,0.05,0.1,Hoeffding-Bentkus,37.784172,0.029422776110982898,0.03147568269013767,358,741,993,411
41,0.05,0.1,IID-normal,37.784172,0.029422776110982898,0.03147568269013767,358,741,993,411
41,0.05,0.1,Empirical Bernstein,37.784172,0.029422776110982898,0.03147568269013767,358,741,993,411
41,0.05,0.1,Platt calibration,44.566222,0.019978459881529347,0.019950990952175784,155,400,560,200
41,0.05,0.1,Isotonic calibration,37.784172,0.029422776110982898,0.03147568269013767,358,741,993,411
41,0.1,0.5,Multilabel,32.034209,0.05714016462804831,0.058152530723620775,470,1012,1472,575
41,0.1,0.5,Hoeffding/LTT,32.034209,0.05714016462804831,0.058152530723620775,470,1012,1472,575
41,0.1,0.5,Hoeffding-Bentkus,32.034209,0.05714016462804831,0.058152530723620775,470,1012,1472,575
41,0.1,0.5,IID-normal,32.034209,0.05714016462804831,0.058152530723620775,470,1012,1472,575
41,0.1,0.5,Empirical Bernstein,32.034209,0.05714016462804831,0.058152530723620775,470,1012,1472,575
41,0.1,0.5,Platt calibration,32.034209,0.05714016462804831,0.058152530723620775,470,1012,1472,575
41,0.1,0.5,Isotonic calibration,32.034209,0.05714016462804831,0.058152530723620775,470,1012,1472,575
41,0.1,0.1,Multilabel,32.034209,0.05714016462804831,0.058152530723620775,470,1012,1472,575
41,0.1,0.1,Hoeffding/LTT,32.034209,0.05714016462804831,0.058152530723620775,470,1012,1472,575
41,0.1,0.1,Hoeffding-Bentkus,32.034209,0.05714016462804831,0.058152530723620775,470,1012,1472,575
41,0.1,0.1,IID-normal,32.034209,0.05714016462804831,0.058152530723620775,470,1012,1472,575
41,0.1,0.1,Empirical Bernstein,32.034209,0.05714016462804831,0.058152530723620775,470,1012,1472,575
41,0.1,0.1,Platt calibration,32.034209,0.05714016462804831,0.058152530723620775,470,1012,1472,575
41,0.1,0.1,Isotonic calibration,32.034209,0.05714016462804831,0.058152530723620775,470,1012,1472,575
41,0.2,0.5,Multilabel,19.522089,0.1527309326824674,0.1547702707197537,763,1882,3350,1054
41,0.2,0.5,Hoeffding/LTT,19.522089,0.1527309326824674,0.1547702707197537,763,1882,3350,1054
41,0.2,0.5,Hoeffding-Bentkus,19.522089,0.1527309326824674,0.1547702707197537,763,1882,3350,1054
41,0.2,0.5,IID-normal,19.522089,0.1527309326824674,0.1547702707197537,763,1882,3350,1054
41,0.2,0.5,Empirical Bernstein,19.522089,0.1527309326824674,0.1547702707197537,763,1882,3350,1054
41,0.2,0.5,Platt calibration,19.522089,0.1527309326824674,0.1547702707197537,763,1882,3350,1054
41,0.2,0.5,Isotonic calibration,19.522089,0.1527309326824674,0.1547702707197537,763,1882,3350,1054
41,0.2,0.1,Multilabel,19.522089,0.1527309326824674,0.1547702707197537,763,1882,3350,1054
41,0.2,0.1,Hoeffding/LTT,19.522089,0.1527309326824674,0.1547702707197537,763,1882,3350,1054
41,0.2,0.1,Hoeffding-Bentkus,19.522089,0.1527309326824674,0.1547702707197537,763,1882,3350,1054
41,0.2,0.1,IID-normal,19.522089,0.1527309326824674,0.1547702707197537,763,1882,3350,1054
41,0.2,0.1,Empirical Bernstein,19.522089,0.1527309326824674,0.1547702707197537,763,1882,3350,1054
41,0.2,0.1,Platt calibration,19.522089,0.1527309326824674,0.1547702707197537,763,1882,3350,1054
41,0.2,0.1,Isotonic calibration,19.522089,0.1527309326824674,0.1547702707197537,763,1882,3350,1054
42,0.05,0.5,Multilabel,37.784172,0.030267969330974177,0.03138207566525102,349,771,1022,397
42,0.05,0.5,Hoeffding/LTT,37.784172,0.030267969330974177,0.03138207566525102,349,771,1022,397
42,0.05,0.5,Hoeffding-Bentkus,37.784172,0.030267969330974177,0.03138207566525102,349,771,1022,397
42,0.05,0.5,IID-normal,37.784172,0.030267969330974177,0.03138207566525102,349,771,1022,397
42,0.05,0.5,Empirical Bernstein,37.784172,0.030267969330974177,0.03138207566525102,349,771,1022,397
42,0.05,0.5,Platt calibration,44.566222,0.01788099084544965,0.019713126525922733,156,439,594,190
42,0.05,0.5,Isotonic calibration,37.784172,0.030267969330974177,0.03138207566525102,349,771,1022,397
42,0.05,0.1,Multilabel,37.784172,0.030267969330974177,0.03138207566525102,349,771,1022,397
42,0.05,0.1,Hoeffding/LTT,44.566222,0.01788099084544965,0.019713126525922733,156,439,594,190
42,0.05,0.1,Hoeffding-Bentkus,37.784172,0.030267969330974177,0.03138207566525102,349,771,1022,397
42,0.05,0.1,IID-normal,37.784172,0.030267969330974177,0.03138207566525102,349,771,1022,397
42,0.05,0.1,Empirical Bernstein,37.784172,0.030267969330974177,0.03138207566525102,349,771,1022,397
42,0.05,0.1,Platt calibration,44.566222,0.01788099084544965,0.019713126525922733,156,439,594,190
42,0.05,0.1,Isotonic calibration,37.784172,0.030267969330974177,0.03138207566525102,349,771,1022,397
42,0.1,0.5,Multilabel,32.034209,0.056994512398389624,0.05840668020762806,464,1046,1492,568
42,0.1,0.5,Hoeffding/LTT,32.034209,0.056994512398389624,0.05840668020762806,464,1046,1492,568
42,0.1,0.5,Hoeffding-Bentkus,32.034209,0.056994512398389624,0.05840668020762806,464,1046,1492,568
42,0.1,0.5,IID-normal,32.034209,0.056994512398389624,0.05840668020762806,464,1046,1492,568
42,0.1,0.5,Empirical Bernstein,32.034209,0.056994512398389624,0.05840668020762806,464,1046,1492,568
42,0.1,0.5,Platt calibration,32.034209,0.056994512398389624,0.05840668020762806,464,1046,1492,568
42,0.1,0.5,Isotonic calibration,32.034209,0.056994512398389624,0.05840668020762806,464,1046,1492,568
42,0.1,0.1,Multilabel,32.034209,0.056994512398389624,0.05840668020762806,464,1046,1492,568
42,0.1,0.1,Hoeffding/LTT,32.034209,0.056994512398389624,0.05840668020762806,464,1046,1492,568
42,0.1,0.1,Hoeffding-Bentkus,32.034209,0.056994512398389624,0.05840668020762806,464,1046,1492,568
42,0.1,0.1,IID-normal,32.034209,0.056994512398389624,0.05840668020762806,464,1046,1492,568
42,0.1,0.1,Empirical Bernstein,32.034209,0.056994512398389624,0.05840668020762806,464,1046,1492,568
42,0.1,0.1,Platt calibration,32.034209,0.056994512398389624,0.05840668020762806,464,1046,1492,568
42,0.1,0.1,Isotonic calibration,32.034209,0.056994512398389624,0.05840668020762806,464,1046,1492,568
42,0.2,0.5,Multilabel,19.522089,0.14880658652064147,0.15404202438616485,780,1914,3367,1046
42,0.2,0.5,Hoeffding/LTT,19.522089,0.14880658652064147,0.15404202438616485,780,1914,3367,1046
42,0.2,0.5,Hoeffding-Bentkus,19.522089,0.14880658652064147,0.15404202438616485,780,1914,3367,1046
42,0.2,0.5,IID-normal,19.522089,0.14880658652064147,0.15404202438616485,780,1914,3367,1046
42,0.2,0.5,Empirical Bernstein,19.522089,0.14880658652064147,0.15404202438616485,780,1914,3367,1046
42,0.2,0.5,Platt calibration,19.522089,0.14880658652064147,0.15404202438616485,780,1914,3367,1046
42,0.2,0.5,Isotonic calibration,19.522089,0.14880658652064147,0.15404202438616485,780,1914,3367,1046
42,0.2,0.1,Multilabel,19.522089,0.14880658652064147,0.15404202438616485,780,1914,3367,1046
42,0.2,0.1,Hoeffding/LTT,19.522089,0.14880658652064147,0.15404202438616485,780,1914,3367,1046
42,0.2,0.1,Hoeffding-Bentkus,19.522089,0.14880658652064147,0.15404202438616485,780,1914,3367,1046
42,0.2,0.1,IID-normal,19.522089,0.14880658652064147,0.15404202438616485,780,1914,3367,1046
42,0.2,0.1,Empirical Bernstein,19.522089,0.14880658652064147,0.15404202438616485,780,1914,3367,1046
42,0.2,0.1,Platt calibration,19.522089,0.14880658652064147,0.15404202438616485,780,1914,3367,1046
42,0.2,0.1,Isotonic calibration,19.522089,0.14880658652064147,0.15404202438616485,780,1914,3367,1046
43,0.05,0.5,Multilabel,37.784172,0.029074287765725567,0.030986959985775154,351,687,945,396
43,0.05,0.5,Hoeffding/LTT,37.784172,0.029074287765725567,0.030986959985775154,351,687,945,396
43,0.05,0.5,Hoeffding-Bentkus,37.784172,0.029074287765725567,0.030986959985775154,351,687,945,396
43,0.05,0.5,IID-normal,37.784172,0.029074287765725567,0.030986959985775154,351,687,945,396
43,0.05,0.5,Empirical Bernstein,37.784172,0.029074287765725567,0.030986959985775154,351,687,945,396
43,0.05,0.5,Platt calibration,44.566222,0.020180398492191706,0.01980827229642396,151,360,536,195
43,0.05,0.5,Isotonic calibration,37.784172,0.029074287765725567,0.030986959985775154,351,687,945,396
43,0.05,0.1,Multilabel,37.784172,0.029074287765725567,0.030986959985775154,351,687,945,396
43,0.05,0.1,Hoeffding/LTT,44.566222,0.020180398492191706,0.01980827229642396,151,360,536,195
43,0.05,0.1,Hoeffding-Bentkus,37.784172,0.029074287765725567,0.030986959985775154,351,687,945,396
43,0.05,0.1,IID-normal,37.784172,0.029074287765725567,0.030986959985775154,351,687,945,396
43,0.05,0.1,Empirical Bernstein,37.784172,0.029074287765725567,0.030986959985775154,351,687,945,396
43,0.05,0.1,Platt calibration,44.566222,0.020180398492191706,0.01980827229642396,151,360,536,195
43,0.05,0.1,Isotonic calibration,37.784172,0.029074287765725567,0.030986959985775154,351,687,945,396
43,0.1,0.5,Multilabel,32.034209,0.053492576352027074,0.057678939017801564,468,966,1429,565
43,0.1,0.5,Hoeffding/LTT,32.034209,0.053492576352027074,0.057678939017801564,468,966,1429,565
43,0.1,0.5,Hoeffding-Bentkus,32.034209,0.053492576352027074,0.057678939017801564,468,966,1429,565
43,0.1,0.5,IID-normal,32.034209,0.053492576352027074,0.057678939017801564,468,966,1429,565
43,0.1,0.5,Empirical Bernstein,32.034209,0.053492576352027074,0.057678939017801564,468,966,1429,565
43,0.1,0.5,Platt calibration,32.034209,0.053492576352027074,0.057678939017801564,468,966,1429,565
43,0.1,0.5,Isotonic calibration,32.034209,0.053492576352027074,0.057678939017801564,468,966,1429,565
43,0.1,0.1,Multilabel,32.034209,0.053492576352027074,0.057678939017801564,468,966,1429,565
43,0.1,0.1,Hoeffding/LTT,32.034209,0.053492576352027074,0.057678939017801564,468,966,1429,565
43,0.1,0.1,Hoeffding-Bentkus,32.034209,0.053492576352027074,0.057678939017801564,468,966,1429,565
43,0.1,0.1,IID-normal,32.034209,0.053492576352027074,0.057678939017801564,468,966,1429,565
43,0.1,0.1,Empirical Bernstein,32.034209,0.053492576352027074,0.057678939017801564,468,966,1429,565
43,0.1,0.1,Platt calibration,32.034209,0.053492576352027074,0.057678939017801564,468,966,1429,565
43,0.1,0.1,Isotonic calibration,32.034209,0.053492576352027074,0.057678939017801564,468,966,1429,565
43,0.2,0.5,Multilabel,19.522089,0.15465528816902,0.15455394096066222,778,1857,3301,1075
43,0.2,0.5,Hoeffding/LTT,19.522089,0.15465528816902,0.15455394096066222,778,1857,3301,1075
43,0.2,0.5,Hoeffding-Bentkus,19.522089,0.15465528816902,0.15455394096066222,778,1857,3301,1075
43,0.2,0.5,IID-normal,19.522089,0.15465528816902,0.15455394096066222,778,1857,3301,1075
43,0.2,0.5,Empirical Bernstein,19.522089,0.15465528816902,0.15455394096066222,778,1857,3301,1075
43,0.2,0.5,Platt calibration,19.522089,0.15465528816902,0.15455394096066222,778,1857,3301,1075
43,0.2,0.5,Isotonic calibration,19.522089,0.15465528816902,0.15455394096066222,778,1857,3301,1075
43,0.2,0.1,Multilabel,19.522089,0.15465528816902,0.15455394096066222,778,1857,3301,1075
43,0.2,0.1,Hoeffding/LTT,19.522089,0.15465528816902,0.15455394096066222,778,1857,3301,1075
43,0.2,0.1,Hoeffding-Bentkus,19.522089,0.15465528816902,0.15455394096066222,778,1857,3301,1075
43,0.2,0.1,IID-normal,19.522089,0.15465528816902,0.15455394096066222,778,1857,3301,1075
43,0.2,0.1,Empirical Bernstein,19.522089,0.15465528816902,0.15455394096066222,778,1857,3301,1075
43,0.2,0.1,Platt calibration,19.522089,0.15465528816902,0.15455394096066222,778,1857,3301,1075
43,0.2,0.1,Isotonic calibration,19.522089,0.15465528816902,0.15455394096066222,778,1857,3301,1075
44,0.05,0.5,Multilabel,37.784172,0.034786906685129626,0.030825648153847203,363,765,1029,427
44,0.05,0.5,Hoeffding/LTT,37.784172,0.034786906685129626,0.030825648153847203,363,765,1029,427
44,0.05,0.5,Hoeffding-Bentkus,37.784172,0.034786906685129626,0.030825648153847203,363,765,1029,427
44,0.05,0.5,IID-normal,37.784172,0.034786906685129626,0.030825648153847203,363,765,1029,427
44,0.05,0.5,Empirical Bernstein,37.784172,0.034786906685129626,0.030825648153847203,363,765,1029,427
44,0.05,0.5,Platt calibration,44.566222,0.020476575121163167,0.01900043084877208,167,419,581,211
44,0.05,0.5,Isotonic calibration,37.784172,0.034786906685129626,0.030825648153847203,363,765,1029,427
44,0.05,0.1,Multilabel,37.784172,0.034786906685129626,0.030825648153847203,363,765,1029,427
44,0.05,0.1,Hoeffding/LTT,37.784172,0.034786906685129626,0.030825648153847203,363,765,1029,427
44,0.05,0.1,Hoeffding-Bentkus,37.784172,0.034786906685129626,0.030825648153847203,363,765,1029,427
44,0.05,0.1,IID-normal,37.784172,0.034786906685129626,0.030825648153847203,363,765,1029,427
44,0.05,0.1,Empirical Bernstein,37.784172,0.034786906685129626,0.030825648153847203,363,765,1029,427
44,0.05,0.1,Platt calibration,44.566222,0.020476575121163167,0.01900043084877208,167,419,581,211
44,0.05,0.1,Isotonic calibration,37.784172,0.034786906685129626,0.030825648153847203,363,765,1029,427
44,0.1,0.5,Multilabel,27.159271,0.09703143831576788,0.09116153067574868,600,1335,2121,787
44,0.1,0.5,Hoeffding/LTT,32.034209,0.061493832858937864,0.05799271489437365,498,1066,1546,612
44,0.1,0.5,Hoeffding-Bentkus,32.034209,0.061493832858937864,0.05799271489437365,498,1066,1546,612
44,0.1,0.5,IID-normal,27.159271,0.09703143831576788,0.09116153067574868,600,1335,2121,787
44,0.1,0.5,Empirical Bernstein,32.034209,0.061493832858937864,0.05799271489437365,498,1066,1546,612
44,0.1,0.5,Platt calibration,32.034209,0.061493832858937864,0.05799271489437365,498,1066,1546,612
44,0.1,0.5,Isotonic calibration,32.034209,0.061493832858937864,0.05799271489437365,498,1066,1546,612
44,0.1,0.1,Multilabel,32.034209,0.061493832858937864,0.05799271489437365,498,1066,1546,612
44,0.1,0.1,Hoeffding/LTT,32.034209,0.061493832858937864,0.05799271489437365,498,1066,1546,612
44,0.1,0.1,Hoeffding-Bentkus,32.034209,0.061493832858937864,0.05799271489437365,498,1066,1546,612
44,0.1,0.1,IID-normal,32.034209,0.061493832858937864,0.05799271489437365,498,1066,1546,612
44,0.1,0.1,Empirical Bernstein,32.034209,0.061493832858937864,0.05799271489437365,498,1066,1546,612
44,0.1,0.1,Platt calibration,32.034209,0.061493832858937864,0.05799271489437365,498,1066,1546,612
44,0.1,0.1,Isotonic calibration,32.034209,0.061493832858937864,0.05799271489437365,498,1066,1546,612
44,0.2,0.5,Multilabel,19.522089,0.15558883317364736,0.15483987175876446,793,1963,3471,1080
44,0.2,0.5,Hoeffding/LTT,19.522089,0.15558883317364736,0.15483987175876446,793,1963,3471,1080
44,0.2,0.5,Hoeffding-Bentkus,19.522089,0.15558883317364736,0.15483987175876446,793,1963,3471,1080
44,0.2,0.5,IID-normal,19.522089,0.15558883317364736,0.15483987175876446,793,1963,3471,1080
44,0.2,0.5,Empirical Bernstein,19.522089,0.15558883317364736,0.15483987175876446,793,1963,3471,1080
44,0.2,0.5,Platt calibration,19.522089,0.15558883317364736,0.15483987175876446,793,1963,3471,1080
44,0.2,0.5,Isotonic calibration,19.522089,0.15558883317364736,0.15483987175876446,793,1963,3471,1080
44,0.2,0.1,Multilabel,19.522089,0.15558883317364736,0.15483987175876446,793,1963,3471,1080
44,0.2,0.1,Hoeffding/LTT,19.522089,0.15558883317364736,0.15483987175876446,793,1963,3471,1080
44,0.2,0.1,Hoeffding-Bentkus,19.522089,0.15558883317364736,0.15483987175876446,793,1963,3471,1080
44,0.2,0.1,IID-normal,19.522089,0.15558883317364736,0.15483987175876446,793,1963,3471,1080
44,0.2,0.1,Empirical Bernstein,19.522089,0.15558883317364736,0.15483987175876446,793,1963,3471,1080
44,0.2,0.1,Platt calibration,19.522089,0.15558883317364736,0.15483987175876446,793,1963,3471,1080
44,0.2,0.1,Isotonic calibration,19.522089,0.15558883317364736,0.15483987175876446,793,1963,3471,1080
45,0.05,0.5,Multilabel,37.784172,0.028043182808934017,0.031463842897492184,358,708,949,404
45,0.05,0.5,Hoeffding/LTT,37.784172,0.028043182808934017,0.031463842897492184,358,708,949,404
45,0.05,0.5,Hoeffding-Bentkus,37.784172,0.028043182808934017,0.031463842897492184,358,708,949,404
45,0.05,0.5,IID-normal,37.784172,0.028043182808934017,0.031463842897492184,358,708,949,404
45,0.05,0.5,Empirical Bernstein,37.784172,0.028043182808934017,0.031463842897492184,358,708,949,404
45,0.05,0.5,Platt calibration,44.566222,0.017389799215324256,0.01931459141174781,159,377,517,196
45,0.05,0.5,Isotonic calibration,37.784172,0.028043182808934017,0.031463842897492184,358,708,949,404
45,0.05,0.1,Multilabel,37.784172,0.028043182808934017,0.031463842897492184,358,708,949,404
45,0.05,0.1,Hoeffding/LTT,44.566222,0.017389799215324256,0.01931459141174781,159,377,517,196
45,0.05,0.1,Hoeffding-Bentkus,37.784172,0.028043182808934017,0.031463842897492184,358,708,949,404
45,0.05,0.1,IID-normal,37.784172,0.028043182808934017,0.031463842897492184,358,708,949,404
45,0.05,0.1,Empirical Bernstein,37.784172,0.028043182808934017,0.031463842897492184,358,708,949,404
45,0.05,0.1,Platt calibration,44.566222,0.017389799215324256,0.01931459141174781,159,377,517,196
45,0.05,0.1,Isotonic calibration,37.784172,0.028043182808934017,0.031463842897492184,358,708,949,404
45,0.1,0.5,Multilabel,32.034209,0.049968971972202986,0.057072972446195185,475,981,1394,565
45,0.1,0.5,Hoeffding/LTT,32.034209,0.049968971972202986,0.057072972446195185,475,981,1394,565
45,0.1,0.5,Hoeffding-Bentkus,32.034209,0.049968971972202986,0.057072972446195185,475,981,1394,565
45,0.1,0.5,IID-normal,32.034209,0.049968971972202986,0.057072972446195185,475,981,1394,565
45,0.1,0.5,Empirical Bernstein,32.034209,0.049968971972202986,0.057072972446195185,475,981,1394,565
45,0.1,0.5,Platt calibration,32.034209,0.049968971972202986,0.057072972446195185,475,981,1394,565
45,0.1,0.5,Isotonic calibration,32.034209,0.049968971972202986,0.057072972446195185,475,981,1394,565
45,0.1,0.1,Multilabel,32.034209,0.049968971972202986,0.057072972446195185,475,981,1394,565
45,0.1,0.1,Hoeffding/LTT,32.034209,0.049968971972202986,0.057072972446195185,475,981,1394,565
45,0.1,0.1,Hoeffding-Bentkus,32.034209,0.049968971972202986,0.057072972446195185,475,981,1394,565
45,0.1,0.1,IID-normal,32.034209,0.049968971972202986,0.057072972446195185,475,981,1394,565
45,0.1,0.1,Empirical Bernstein,32.034209,0.049968971972202986,0.057072972446195185,475,981,1394,565
45,0.1,0.1,Platt calibration,32.034209,0.049968971972202986,0.057072972446195185,475,981,1394,565
45,0.1,0.1,Isotonic calibration,32.034209,0.049968971972202986,0.057072972446195185,475,981,1394,565
45,0.2,0.5,Multilabel,19.522089,0.14759478001804335,0.15435316574373015,766,1796,3198,1041
45,0.2,0.5,Hoeffding/LTT,19.522089,0.14759478001804335,0.15435316574373015,766,1796,3198,1041
45,0.2,0.5,Hoeffding-Bentkus,19.522089,0.14759478001804335,0.15435316574373015,766,1796,3198,1041
45,0.2,0.5,IID-normal,19.522089,0.14759478001804335,0.15435316574373015,766,1796,3198,1041
45,0.2,0.5,Empirical Bernstein,19.522089,0.14759478001804335,0.15435316574373015,766,1796,3198,1041
45,0.2,0.5,Platt calibration,23.026196,0.11702054004154167,0.12165622029366105,691,1535,2550,909
45,0.2,0.5,Isotonic calibration,19.522089,0.14759478001804335,0.15435316574373015,766,1796,3198,1041
45,0.2,0.1,Multilabel,19.522089,0.14759478001804335,0.15435316574373015,766,1796,3198,1041
45,0.2,0.1,Hoeffding/LTT,19.522089,0.14759478001804335,0.15435316574373015,766,1796,3198,1041
45,0.2,0.1,Hoeffding-Bentkus,19.522089,0.14759478001804335,0.15435316574373015,766,1796,3198,1041
45,0.2,0.1,IID-normal,19.522089,0.14759478001804335,0.15435316574373015,766,1796,3198,1041
45,0.2,0.1,Empirical Bernstein,19.522089,0.14759478001804335,0.15435316574373015,766,1796,3198,1041
45,0.2,0.1,Platt calibration,23.026196,0.11702054004154167,0.12165622029366105,691,1535,2550,909
45,0.2,0.1,Isotonic calibration,19.522089,0.14759478001804335,0.15435316574373015,766,1796,3198,1041
46,0.05,0.5,Multilabel,37.784172,0.032085032181962715,0.03123170602436005,356,755,1029,412
46,0.05,0.5,Hoeffding/LTT,37.784172,0.032085032181962715,0.03123170602436005,356,755,1029,412
46,0.05,0.5,Hoeffding-Bentkus,37.784172,0.032085032181962715,0.03123170602436005,356,755,1029,412
46,0.05,0.5,IID-normal,37.784172,0.032085032181962715,0.03123170602436005,356,755,1029,412
46,0.05,0.5,Empirical Bernstein,37.784172,0.032085032181962715,0.03123170602436005,356,755,1029,412
46,0.05,0.5,Platt calibration,44.566222,0.02081852450188476,0.020193343386471344,166,425,609,212
46,0.05,0.5,Isotonic calibration,37.784172,0.032085032181962715,0.03123170602436005,356,755,1029,412
46,0.05,0.1,Multilabel,37.784172,0.032085032181962715,0.03123170602436005,356,755,1029,412
46,0.05,0.1,Hoeffding/LTT,37.784172,0.032085032181962715,0.03123170602436005,356,755,1029,412
46,0.05,0.1,Hoeffding-Bentkus,37.784172,0.032085032181962715,0.03123170602436005,356,755,1029,412
46,0.05,0.1,IID-normal,37.784172,0.032085032181962715,0.03123170602436005,356,755,1029,412
46,0.05,0.1,Empirical Bernstein,37.784172,0.032085032181962715,0.03123170602436005,356,755,1029,412
46,0.05,0.1,Platt calibration,44.566222,0.02081852450188476,0.020193343386471344,166,425,609,212
46,0.05,0.1,Isotonic calibration,37.784172,0.032085032181962715,0.03123170602436005,356,755,1029,412
46,0.1,0.5,Multilabel,32.034209,0.05562671487550324,0.057994595583458146,468,1027,1491,566
46,0.1,0.5,Hoeffding/LTT,32.034209,0.05562671487550324,0.057994595583458146,468,1027,1491,566
46,0.1,0.5,Hoeffding-Bentkus,32.034209,0.05562671487550324,0.057994595583458146,468,1027,1491,566
46,0.1,0.5,IID-normal,32.034209,0.05562671487550324,0.057994595583458146,468,1027,1491,566
46,0.1,0.5,Empirical Bernstein,32.034209,0.05562671487550324,0.057994595583458146,468,1027,1491,566
46,0.1,0.5,Platt calibration,32.034209,0.05562671487550324,0.057994595583458146,468,1027,1491,566
46,0.1,0.5,Isotonic calibration,32.034209,0.05562671487550324,0.057994595583458146,468,1027,1491,566
46,0.1,0.1,Multilabel,32.034209,0.05562671487550324,0.057994595583458146,468,1027,1491,566
46,0.1,0.1,Hoeffding/LTT,32.034209,0.05562671487550324,0.057994595583458146,468,1027,1491,566
46,0.1,0.1,Hoeffding-Bentkus,32.034209,0.05562671487550324,0.057994595583458146,468,1027,1491,566
46,0.1,0.1,IID-normal,32.034209,0.05562671487550324,0.057994595583458146,468,1027,1491,566
46,0.1,0.1,Empirical Bernstein,32.034209,0.05562671487550324,0.057994595583458146,468,1027,1491,566
46,0.1,0.1,Platt calibration,32.034209,0.05562671487550324,0.057994595583458146,468,1027,1491,566
46,0.1,0.1,Isotonic calibration,32.034209,0.05562671487550324,0.057994595583458146,468,1027,1491,566
46,0.2,0.5,Multilabel,19.522089,0.14614232563344035,0.15453875556202137,780,1917,3349,1050
46,0.2,0.5,Hoeffding/LTT,19.522089,0.14614232563344035,0.15453875556202137,780,1917,3349,1050
46,0.2,0.5,Hoeffding-Bentkus,19.522089,0.14614232563344035,0.15453875556202137,780,1917,3349,1050
46,0.2,0.5,IID-normal,19.522089,0.14614232563344035,0.15453875556202137,780,1917,3349,1050
46,0.2,0.5,Empirical Bernstein,19.522089,0.14614232563344035,0.15453875556202137,780,1917,3349,1050
46,0.2,0.5,Platt calibration,23.026196,0.1134521886298946,0.12147127161937588,684,1619,2680,891
46,0.2,0.5,Isotonic calibration,19.522089,0.14614232563344035,0.15453875556202137,780,1917,3349,1050
46,0.2,0.1,Multilabel,19.522089,0.14614232563344035,0.15453875556202137,780,1917,3349,1050
46,0.2,0.1,Hoeffding/LTT,19.522089,0.14614232563344035,0.15453875556202137,780,1917,3349,1050
46,0.2,0.1,Hoeffding-Bentkus,19.522089,0.14614232563344035,0.15453875556202137,780,1917,3349,1050
46,0.2,0.1,IID-normal,19.522089,0.14614232563344035,0.15453875556202137,780,1917,3349,1050
46,0.2,0.1,Empirical Bernstein,19.522089,0.14614232563344035,0.15453875556202137,780,1917,3349,1050
46,0.2,0.1,Platt calibration,23.026196,0.1134521886298946,0.12147127161937588,684,1619,2680,891
46,0.2,0.1,Isotonic calibration,19.522089,0.14614232563344035,0.15453875556202137,780,1917,3349,1050
47,0.05,0.5,Multilabel,37.784172,0.036379721517039776,0.031173746606211056,353,772,1086,418
47,0.05,0.5,Hoeffding/LTT,37.784172,0.036379721517039776,0.031173746606211056,353,772,1086,418
47,0.05,0.5,Hoeffding-Bentkus,37.784172,0.036379721517039776,0.031173746606211056,353,772,1086,418
47,0.05,0.5,IID-normal,37.784172,0.036379721517039776,0.031173746606211056,353,772,1086,418
47,0.05,0.5,Empirical Bernstein,37.784172,0.036379721517039776,0.031173746606211056,353,772,1086,418
47,0.05,0.5,Platt calibration,44.566222,0.022660204631125475,0.0200856311934511,171,442,637,222
47,0.05,0.5,Isotonic calibration,37.784172,0.036379721517039776,0.031173746606211056,353,772,1086,418
47,0.05,0.1,Multilabel,37.784172,0.036379721517039776,0.031173746606211056,353,772,1086,418
47,0.05,0.1,Hoeffding/LTT,37.784172,0.036379721517039776,0.031173746606211056,353,772,1086,418
47,0.05,0.1,Hoeffding-Bentkus,37.784172,0.036379721517039776,0.031173746606211056,353,772,1086,418
47,0.05,0.1,IID-normal,37.784172,0.036379721517039776,0.031173746606211056,353,772,1086,418
47,0.05,0.1,Empirical Bernstein,37.784172,0.036379721517039776,0.031173746606211056,353,772,1086,418
47,0.05,0.1,Platt calibration,44.566222,0.022660204631125475,0.0200856311934511,171,442,637,222
47,0.05,0.1,Isotonic calibration,37.784172,0.036379721517039776,0.031173746606211056,353,772,1086,418
47,0.1,0.5,Multilabel,27.159271,0.09323973638997872,0.0902921394035138,579,1307,2134,750
47,0.1,0.5,Hoeffding/LTT,32.034209,0.06225786598969151,0.05868856985563146,479,1066,1599,591
47,0.1,0.5,Hoeffding-Bentkus,32.034209,0.06225786598969151,0.05868856985563146,479,1066,1599,591
47,0.1,0.5,IID-normal,27.159271,0.09323973638997872,0.0902921394035138,579,1307,2134,750
47,0.1,0.5,Empirical Bernstein,32.034209,0.06225786598969151,0.05868856985563146,479,1066,1599,591
47,0.1,0.5,Platt calibration,32.034209,0.06225786598969151,0.05868856985563146,479,1066,1599,591
47,0.1,0.5,Isotonic calibration,32.034209,0.06225786598969151,0.05868856985563146,479,1066,1599,591
47,0.1,0.1,Multilabel,32.034209,0.06225786598969151,0.05868856985563146,479,1066,1599,591
47,0.1,0.1,Hoeffding/LTT,32.034209,0.06225786598969151,0.05868856985563146,479,1066,1599,591
47,0.1,0.1,Hoeffding-Bentkus,32.034209,0.06225786598969151,0.05868856985563146,479,1066,1599,591
47,0.1,0.1,IID-normal,32.034209,0.06225786598969151,0.05868856985563146,479,1066,1599,591
47,0.1,0.1,Empirical Bernstein,32.034209,0.06225786598969151,0.05868856985563146,479,1066,1599,591
47,0.1,0.1,Platt calibration,32.034209,0.06225786598969151,0.05868856985563146,479,1066,1599,591
47,0.1,0.1,Isotonic calibration,32.034209,0.06225786598969151,0.05868856985563146,479,1066,1599,591
47,0.2,0.5,Multilabel,19.522089,0.1634144234871214,0.15399862476553558,789,1909,3501,1095
47,0.2,0.5,Hoeffding/LTT,19.522089,0.1634144234871214,0.15399862476553558,789,1909,3501,1095
47,0.2,0.5,Hoeffding-Bentkus,19.522089,0.1634144234871214,0.15399862476553558,789,1909,3501,1095
47,0.2,0.5,IID-normal,19.522089,0.1634144234871214,0.15399862476553558,789,1909,3501,1095
47,0.2,0.5,Empirical Bernstein,19.522089,0.1634144234871214,0.15399862476553558,789,1909,3501,1095
47,0.2,0.5,Platt calibration,19.522089,0.1634144234871214,0.15399862476553558,789,1909,3501,1095
47,0.2,0.5,Isotonic calibration,19.522089,0.1634144234871214,0.15399862476553558,789,1909,3501,1095
47,0.2,0.1,Multilabel,19.522089,0.1634144234871214,0.15399862476553558,789,1909,3501,1095
47,0.2,0.1,Hoeffding/LTT,19.522089,0.1634144234871214,0.15399862476553558,789,1909,3501,1095
47,0.2,0.1,Hoeffding-Bentkus,19.522089,0.1634144234871214,0.15399862476553558,789,1909,3501,1095
47,0.2,0.1,IID-normal,19.522089,0.1634144234871214,0.15399862476553558,789,1909,3501,1095
47,0.2,0.1,Empirical Bernstein,19.522089,0.1634144234871214,0.15399862476553558,789,1909,3501,1095
47,0.2,0.1,Platt calibration,19.522089,0.1634144234871214,0.15399862476553558,789,1909,3501,1095
47,0.2,0.1,Isotonic calibration,19.522089,0.1634144234871214,0.15399862476553558,789,1909,3501,1095
48,0.05,0.5,Multilabel,37.784172,0.03152563017668026,0.032218725850242436,344,737,1011,400
48,0.05,0.5,Hoeffding/LTT,37.784172,0.03152563017668026,0.032218725850242436,344,737,1011,400
48,0.05,0.5,Hoeffding-Bentkus,37.784172,0.03152563017668026,0.032218725850242436,344,737,1011,400
48,0.05,0.5,IID-normal,37.784172,0.03152563017668026,0.032218725850242436,344,737,1011,400
48,0.05,0.5,Empirical Bernstein,37.784172,0.03152563017668026,0.032218725850242436,344,737,1011,400
48,0.05,0.5,Platt calibration,44.566222,0.01918032156319717,0.020382352639461646,169,422,596,208
48,0.05,0.5,Isotonic calibration,37.784172,0.03152563017668026,0.032218725850242436,344,737,1011,400
48,0.05,0.1,Multilabel,37.784172,0.03152563017668026,0.032218725850242436,344,737,1011,400
48,0.05,0.1,Hoeffding/LTT,44.566222,0.01918032156319717,0.020382352639461646,169,422,596,208
48,0.05,0.1,Hoeffding-Bentkus,37.784172,0.03152563017668026,0.032218725850242436,344,737,1011,400
48,0.05,0.1,IID-normal,37.784172,0.03152563017668026,0.032218725850242436,344,737,1011,400
48,0.05,0.1,Empirical Bernstein,37.784172,0.03152563017668026,0.032218725850242436,344,737,1011,400
48,0.05,0.1,Platt calibration,44.566222,0.01918032156319717,0.020382352639461646,169,422,596,208
48,0.05,0.1,Isotonic calibration,37.784172,0.03152563017668026,0.032218725850242436,344,737,1011,400
48,0.1,0.5,Multilabel,27.159271,0.09272687642639177,0.09076376493438104,574,1296,2096,750
48,0.1,0.5,Hoeffding/LTT,32.034209,0.058936584865502475,0.05823737544709108,466,1017,1502,578
48,0.1,0.5,Hoeffding-Bentkus,32.034209,0.058936584865502475,0.05823737544709108,466,1017,1502,578
48,0.1,0.5,IID-normal,27.159271,0.09272687642639177,0.09076376493438104,574,1296,2096,750
48,0.1,0.5,Empirical Bernstein,32.034209,0.058936584865502475,0.05823737544709108,466,1017,1502,578
48,0.1,0.5,Platt calibration,32.034209,0.058936584865502475,0.05823737544709108,466,1017,1502,578
48,0.1,0.5,Isotonic calibration,32.034209,0.058936584865502475,0.05823737544709108,466,1017,1502,578
48,0.1,0.1,Multilabel,32.034209,0.058936584865502475,0.05823737544709108,466,1017,1502,578
48,0.1,0.1,Hoeffding/LTT,32.034209,0.058936584865502475,0.05823737544709108,466,1017,1502,578
48,0.1,0.1,Hoeffding-Bentkus,32.034209,0.058936584865502475,0.05823737544709108,466,1017,1502,578
48,0.1,0.1,IID-normal,32.034209,0.058936584865502475,0.05823737544709108,466,1017,1502,578
48,0.1,0.1,Empirical Bernstein,32.034209,0.058936584865502475,0.05823737544709108,466,1017,1502,578
48,0.1,0.1,Platt calibration,32.034209,0.058936584865502475,0.05823737544709108,466,1017,1502,578
48,0.1,0.1,Isotonic calibration,32.034209,0.058936584865502475,0.05823737544709108,466,1017,1502,578
48,0.2,0.5,Multilabel,19.522089,0.15822523644009912,0.1539539156568454,767,1931,3463,1075
48,0.2,0.5,Hoeffding/LTT,19.522089,0.15822523644009912,0.1539539156568454,767,1931,3463,1075
48,0.2,0.5,Hoeffding-Bentkus,19.522089,0.15822523644009912,0.1539539156568454,767,1931,3463,1075
48,0.2,0.5,IID-normal,19.522089,0.15822523644009912,0.1539539156568454,767,1931,3463,1075
48,0.2,0.5,Empirical Bernstein,19.522089,0.15822523644009912,0.1539539156568454,767,1931,3463,1075
48,0.2,0.5,Platt calibration,19.522089,0.15822523644009912,0.1539539156568454,767,1931,3463,1075
48,0.2,0.5,Isotonic calibration,19.522089,0.15822523644009912,0.1539539156568454,767,1931,3463,1075
48,0.2,0.1,Multilabel,19.522089,0.15822523644009912,0.1539539156568454,767,1931,3463,1075
48,0.2,0.1,Hoeffding/LTT,19.522089,0.15822523644009912,0.1539539156568454,767,1931,3463,1075
48,0.2,0.1,Hoeffding-Bentkus,19.522089,0.15822523644009912,0.1539539156568454,767,1931,3463,1075
48,0.2,0.1,IID-normal,19.522089,0.15822523644009912,0.1539539156568454,767,1931,3463,1075
48,0.2,0.1,Empirical Bernstein,19.522089,0.15822523644009912,0.1539539156568454,767,1931,3463,1075
48,0.2,0.1,Platt calibration,19.522089,0.15822523644009912,0.1539539156568454,767,1931,3463,1075
48,0.2,0.1,Isotonic calibration,19.522089,0.15822523644009912,0.1539539156568454,767,1931,3463,1075
49,0.05,0.5,Multilabel,37.784172,0.03068300125650691,0.03094866231714573,378,739,996,426
49,0.05,0.5,Hoeffding/LTT,37.784172,0.03068300125650691,0.03094866231714573,378,739,996,426
49,0.05,0.5,Hoeffding-Bentkus,37.784172,0.03068300125650691,0.03094866231714573,378,739,996,426
49,0.05,0.5,IID-normal,37.784172,0.03068300125650691,0.03094866231714573,378,739,996,426
49,0.05,0.5,Empirical Bernstein,37.784172,0.03068300125650691,0.03094866231714573,378,739,996,426
49,0.05,0.5,Platt calibration,44.566222,0.01828871451650127,0.019704150509837714,148,360,512,187
49,0.05,0.5,Isotonic calibration,37.784172,0.03068300125650691,0.03094866231714573,378,739,996,426
49,0.05,0.1,Multilabel,37.784172,0.03068300125650691,0.03094866231714573,378,739,996,426
49,0.05,0.1,Hoeffding/LTT,37.784172,0.03068300125650691,0.03094866231714573,378,739,996,426
49,0.05,0.1,Hoeffding-Bentkus,37.784172,0.03068300125650691,0.03094866231714573,378,739,996,426
49,0.05,0.1,IID-normal,37.784172,0.03068300125650691,0.03094866231714573,378,739,996,426
49,0.05,0.1,Empirical Bernstein,37.784172,0.03068300125650691,0.03094866231714573,378,739,996,426
49,0.05,0.1,Platt calibration,44.566222,0.01828871451650127,0.019704150509837714,148,360,512,187
49,0.05,0.1,Isotonic calibration,37.784172,0.03068300125650691,0.03094866231714573,378,739,996,426
49,0.1,0.5,Multilabel,32.034209,0.05934200066671796,0.057929669067109814,491,1003,1461,600
49,0.1,0.5,Hoeffding/LTT,32.034209,0.05934200066671796,0.057929669067109814,491,1003,1461,600
49,0.1,0.5,Hoeffding-Bentkus,32.034209,0.05934200066671796,0.057929669067109814,491,1003,1461,600
49,0.1,0.5,IID-normal,32.034209,0.05934200066671796,0.057929669067109814,491,1003,1461,600
49,0.1,0.5,Empirical Bernstein,32.034209,0.05934200066671796,0.057929669067109814,491,1003,1461,600
49,0.1,0.5,Platt calibration,32.034209,0.05934200066671796,0.057929669067109814,491,1003,1461,600
49,0.1,0.5,Isotonic calibration,32.034209,0.05934200066671796,0.057929669067109814,491,1003,1461,600
49,0.1,0.1,Multilabel,32.034209,0.05934200066671796,0.057929669067109814,491,1003,1461,600
49,0.1,0.1,Hoeffding/LTT,32.034209,0.05934200066671796,0.057929669067109814,491,1003,1461,600
49,0.1,0.1,Hoeffding-Bentkus,32.034209,0.05934200066671796,0.057929669067109814,491,1003,1461,600
49,0.1,0.1,IID-normal,32.034209,0.05934200066671796,0.057929669067109814,491,1003,1461,600
49,0.1,0.1,Empirical Bernstein,32.034209,0.05934200066671796,0.057929669067109814,491,1003,1461,600
49,0.1,0.1,Platt calibration,32.034209,0.05934200066671796,0.057929669067109814,491,1003,1461,600
49,0.1,0.1,Isotonic calibration,32.034209,0.05934200066671796,0.057929669067109814,491,1003,1461,600
49,0.2,0.5,Multilabel,19.522089,0.15681727265733728,0.15382053050353353,815,1880,3362,1102
49,0.2,0.5,Hoeffding/LTT,19.522089,0.15681727265733728,0.15382053050353353,815,1880,3362,1102
49,0.2,0.5,Hoeffding-Bentkus,19.522089,0.15681727265733728,0.15382053050353353,815,1880,3362,1102
49,0.2,0.5,IID-normal,19.522089,0.15681727265733728,0.15382053050353353,815,1880,3362,1102
49,0.2,0.5,Empirical Bernstein,19.522089,0.15681727265733728,0.15382053050353353,815,1880,3362,1102
49,0.2,0.5,Platt calibration,19.522089,0.15681727265733728,0.15382053050353353,815,1880,3362,1102
49,0.2,0.5,Isotonic calibration,19.522089,0.15681727265733728,0.15382053050353353,815,1880,3362,1102
49,0.2,0.1,Multilabel,19.522089,0.15681727265733728,0.15382053050353353,815,1880,3362,1102
49,0.2,0.1,Hoeffding/LTT,19.522089,0.15681727265733728,0.15382053050353353,815,1880,3362,1102
49,0.2,0.1,Hoeffding-Bentkus,19.522089,0.15681727265733728,0.15382053050353353,815,1880,3362,1102
49,0.2,0.1,IID-normal,19.522089,0.15681727265733728,0.15382053050353353,815,1880,3362,1102
49,0.2,0.1,Empirical Bernstein,19.522089,0.15681727265733728,0.15382053050353353,815,1880,3362,1102
49,0.2,0.1,Platt calibration,19.522089,0.15681727265733728,0.15382053050353353,815,1880,3362,1102
49,0.2,0.1,Isotonic calibration,19.522089,0.15681727265733728,0.15382053050353353,815,1880,3362,1102
50,0.05,0.5,Multilabel,37.784172,0.03155614534451368,0.031364636548285835,339,693,961,391
50,0.05,0.5,Hoeffding/LTT,37.784172,0.03155614534451368,0.031364636548285835,339,693,961,391
50,0.05,0.5,Hoeffding-Bentkus,37.784172,0.03155614534451368,0.031364636548285835,339,693,961,391
50,0.05,0.5,IID-normal,37.784172,0.03155614534451368,0.031364636548285835,339,693,961,391
50,0.05,0.5,Empirical Bernstein,37.784172,0.03155614534451368,0.031364636548285835,339,693,961,391
50,0.05,0.5,Platt calibration,44.566222,0.02054119547657512,0.019378321125951458,144,358,515,191
50,0.05,0.5,Isotonic calibration,37.784172,0.03155614534451368,0.031364636548285835,339,693,961,391
50,0.05,0.1,Multilabel,37.784172,0.03155614534451368,0.031364636548285835,339,693,961,391
50,0.05,0.1,Hoeffding/LTT,44.566222,0.02054119547657512,0.019378321125951458,144,358,515,191
50,0.05,0.1,Hoeffding-Bentkus,37.784172,0.03155614534451368,0.031364636548285835,339,693,961,391
50,0.05,0.1,IID-normal,37.784172,0.03155614534451368,0.031364636548285835,339,693,961,391
50,0.05,0.1,Empirical Bernstein,37.784172,0.03155614534451368,0.031364636548285835,339,693,961,391
50,0.05,0.1,Platt calibration,44.566222,0.02054119547657512,0.019378321125951458,144,358,515,191
50,0.05,0.1,Isotonic calibration,37.784172,0.03155614534451368,0.031364636548285835,339,693,961,391
50,0.1,0.5,Multilabel,27.159271,0.09091699361489343,0.0901159957735787,562,1221,1969,739
50,0.1,0.5,Hoeffding/LTT,32.034209,0.06009693053311793,0.05794903161609323,460,957,1434,573
50,0.1,0.5,Hoeffding-Bentkus,32.034209,0.06009693053311793,0.05794903161609323,460,957,1434,573
50,0.1,0.5,IID-normal,27.159271,0.09091699361489343,0.0901159957735787,562,1221,1969,739
50,0.1,0.5,Empirical Bernstein,32.034209,0.06009693053311793,0.05794903161609323,460,957,1434,573
50,0.1,0.5,Platt calibration,32.034209,0.06009693053311793,0.05794903161609323,460,957,1434,573
50,0.1,0.5,Isotonic calibration,32.034209,0.06009693053311793,0.05794903161609323,460,957,1434,573
50,0.1,0.1,Multilabel,32.034209,0.06009693053311793,0.05794903161609323,460,957,1434,573
50,0.1,0.1,Hoeffding/LTT,32.034209,0.06009693053311793,0.05794903161609323,460,957,1434,573
50,0.1,0.1,Hoeffding-Bentkus,32.034209,0.06009693053311793,0.05794903161609323,460,957,1434,573
50,0.1,0.1,IID-normal,32.034209,0.06009693053311793,0.05794903161609323,460,957,1434,573
50,0.1,0.1,Empirical Bernstein,32.034209,0.06009693053311793,0.05794903161609323,460,957,1434,573
50,0.1,0.1,Platt calibration,32.034209,0.06009693053311793,0.05794903161609323,460,957,1434,573
50,0.1,0.1,Isotonic calibration,32.034209,0.06009693053311793,0.05794903161609323,460,957,1434,573
50,0.2,0.5,Multilabel,19.522089,0.15227012800518455,0.15445003288874465,785,1819,3309,1069
50,0.2,0.5,Hoeffding/LTT,19.522089,0.15227012800518455,0.15445003288874465,785,1819,3309,1069
50,0.2,0.5,Hoeffding-Bentkus,19.522089,0.15227012800518455,0.15445003288874465,785,1819,3309,1069
50,0.2,0.5,IID-normal,19.522089,0.15227012800518455,0.15445003288874465,785,1819,3309,1069
50,0.2,0.5,Empirical Bernstein,19.522089,0.15227012800518455,0.15445003288874465,785,1819,3309,1069
50,0.2,0.5,Platt calibration,19.522089,0.15227012800518455,0.15445003288874465,785,1819,3309,1069
50,0.2,0.5,Isotonic calibration,19.522089,0.15227012800518455,0.15445003288874465,785,1819,3309,1069
50,0.2,0.1,Multilabel,19.522089,0.15227012800518455,0.15445003288874465,785,1819,3309,1069
50,0.2,0.1,Hoeffding/LTT,19.522089,0.15227012800518455,0.15445003288874465,785,1819,3309,1069
50,0.2,0.1,Hoeffding-Bentkus,19.522089,0.15227012800518455,0.15445003288874465,785,1819,3309,1069
50,0.2,0.1,IID-normal,19.522089,0.15227012800518455,0.15445003288874465,785,1819,3309,1069
50,0.2,0.1,Empirical Bernstein,19.522089,0.15227012800518455,0.15445003288874465,785,1819,3309,1069
50,0.2,0.1,Platt calibration,19.522089,0.15227012800518455,0.15445003288874465,785,1819,3309,1069
50,0.2,0.1,Isotonic calibration,19.522089,0.15227012800518455,0.15445003288874465,785,1819,3309,1069
51,0.05,0.5,Multilabel,37.784172,0.02911582942277611,0.03223992634537658,332,705,934,382
51,0.05,0.5,Hoeffding/LTT,37.784172,0.02911582942277611,0.03223992634537658,332,705,934,382
51,0.05,0.5,Hoeffding-Bentkus,37.784172,0.02911582942277611,0.03223992634537658,332,705,934,382
51,0.05,0.5,IID-normal,37.784172,0.02911582942277611,0.03223992634537658,332,705,934,382
51,0.05,0.5,Empirical Bernstein,37.784172,0.02911582942277611,0.03223992634537658,332,705,934,382
51,0.05,0.5,Platt calibration,44.566222,0.017164781906300483,0.020487756714060033,145,388,525,182
51,0.05,0.5,Isotonic calibration,37.784172,0.02911582942277611,0.03223992634537658,332,705,934,382
51,0.05,0.1,Multilabel,37.784172,0.02911582942277611,0.03223992634537658,332,705,934,382
51,0.05,0.1,Hoeffding/LTT,44.566222,0.017164781906300483,0.020487756714060033,145,388,525,182
51,0.05,0.1,Hoeffding-Bentkus,37.784172,0.02911582942277611,0.03223992634537658,332,705,934,382
51,0.05,0.1,IID-normal,37.784172,0.02911582942277611,0.03223992634537658,332,705,934,382
51,0.05,0.1,Empirical Bernstein,37.784172,0.02911582942277611,0.03223992634537658,332,705,934,382
51,0.05,0.1,Platt calibration,44.566222,0.017164781906300483,0.020487756714060033,145,388,525,182
51,0.05,0.1,Isotonic calibration,37.784172,0.02911582942277611,0.03223992634537658,332,705,934,382
51,0.1,0.5,Multilabel,32.034209,0.05906928738108059,0.05875892472456453,450,979,1408,566
51,0.1,0.5,Hoeffding/LTT,32.034209,0.05906928738108059,0.05875892472456453,450,979,1408,566
51,0.1,0.5,Hoeffding-Bentkus,32.034209,0.05906928738108059,0.05875892472456453,450,979,1408,566
51,0.1,0.5,IID-normal,32.034209,0.05906928738108059,0.05875892472456453,450,979,1408,566
51,0.1,0.5,Empirical Bernstein,32.034209,0.05906928738108059,0.05875892472456453,450,979,1408,566
51,0.1,0.5,Platt calibration,32.034209,0.05906928738108059,0.05875892472456453,450,979,1408,566
51,0.1,0.5,Isotonic calibration,32.034209,0.05906928738108059,0.05875892472456453,450,979,1408,566
51,0.1,0.1,Multilabel,32.034209,0.05906928738108059,0.05875892472456453,450,979,1408,566
51,0.1,0.1,Hoeffding/LTT,32.034209,0.05906928738108059,0.05875892472456453,450,979,1408,566
51,0.1,0.1,Hoeffding-Bentkus,32.034209,0.05906928738108059,0.05875892472456453,450,979,1408,566
51,0.1,0.1,IID-normal,32.034209,0.05906928738108059,0.05875892472456453,450,979,1408,566
51,0.1,0.1,Empirical Bernstein,32.034209,0.05906928738108059,0.05875892472456453,450,979,1408,566
51,0.1,0.1,Platt calibration,32.034209,0.05906928738108059,0.05875892472456453,450,979,1408,566
51,0.1,0.1,Isotonic calibration,32.034209,0.05906928738108059,0.05875892472456453,450,979,1408,566
51,0.2,0.5,Multilabel,19.522089,0.1495914371035534,0.15559832180362124,781,1875,3289,1051
51,0.2,0.5,Hoeffding/LTT,19.522089,0.1495914371035534,0.15559832180362124,781,1875,3289,1051
51,0.2,0.5,Hoeffding-Bentkus,19.522089,0.1495914371035534,0.15559832180362124,781,1875,3289,1051
51,0.2,0.5,IID-normal,19.522089,0.1495914371035534,0.15559832180362124,781,1875,3289,1051
51,0.2,0.5,Empirical Bernstein,19.522089,0.1495914371035534,0.15559832180362124,781,1875,3289,1051
51,0.2,0.5,Platt calibration,23.026196,0.11748916583326921,0.12306340315818991,676,1561,2582,888
51,0.2,0.5,Isotonic calibration,19.522089,0.1495914371035534,0.15559832180362124,781,1875,3289,1051
51,0.2,0.1,Multilabel,19.522089,0.1495914371035534,0.15559832180362124,781,1875,3289,1051
51,0.2,0.1,Hoeffding/LTT,19.522089,0.1495914371035534,0.15559832180362124,781,1875,3289,1051
51,0.2,0.1,Hoeffding-Bentkus,19.522089,0.1495914371035534,0.15559832180362124,781,1875,3289,1051
51,0.2,0.1,IID-normal,19.522089,0.1495914371035534,0.15559832180362124,781,1875,3289,1051
51,0.2,0.1,Empirical Bernstein,19.522089,0.1495914371035534,0.15559832180362124,781,1875,3289,1051
51,0.2,0.1,Platt calibration,23.026196,0.11748916583326921,0.12306340315818991,676,1561,2582,888
51,0.2,0.1,Isotonic calibration,19.522089,0.1495914371035534,0.15559832180362124,781,1875,3289,1051
52,0.05,0.5,Multilabel,37.784172,0.033582070415673,0.031589635351483694,352,729,1016,408
52,0.05,0.5,Hoeffding/LTT,37.784172,0.033582070415673,0.031589635351483694,352,729,1016,408
52,0.05,0.5,Hoeffding-Bentkus,37.784172,0.033582070415673,0.031589635351483694,352,729,1016,408
52,0.05,0.5,IID-normal,37.784172,0.033582070415673,0.031589635351483694,352,729,1016,408
52,0.05,0.5,Empirical Bernstein,37.784172,0.033582070415673,0.031589635351483694,352,729,1016,408
52,0.05,0.5,Platt calibration,44.566222,0.020767366720516964,0.020124228062616687,147,384,551,194
52,0.05,0.5,Isotonic calibration,37.784172,0.033582070415673,0.031589635351483694,352,729,1016,408
52,0.05,0.1,Multilabel,37.784172,0.033582070415673,0.031589635351483694,352,729,1016,408
52,0.05,0.1,Hoeffding/LTT,37.784172,0.033582070415673,0.031589635351483694,352,729,1016,408
52,0.05,0.1,Hoeffding-Bentkus,37.784172,0.033582070415673,0.031589635351483694,352,729,1016,408
52,0.05,0.1,IID-normal,37.784172,0.033582070415673,0.031589635351483694,352,729,1016,408
52,0.05,0.1,Empirical Bernstein,37.784172,0.033582070415673,0.031589635351483694,352,729,1016,408
52,0.05,0.1,Platt calibration,44.566222,0.020767366720516964,0.020124228062616687,147,384,551,194
52,0.05,0.1,Isotonic calibration,37.784172,0.033582070415673,0.031589635351483694,352,729,1016,408
52,0.1,0.5,Multilabel,27.159271,0.09329204810626457,0.0904138712788002,601,1280,2083,770
52,0.1,0.5,Hoeffding/LTT,32.034209,0.06117893684129548,0.05804182652523884,487,1020,1536,595
52,0.1,0.5,Hoeffding-Bentkus,32.034209,0.06117893684129548,0.05804182652523884,487,1020,1536,595
52,0.1,0.5,IID-normal,27.159271,0.09329204810626457,0.0904138712788002,601,1280,2083,770
52,0.1,0.5,Empirical Bernstein,32.034209,0.06117893684129548,0.05804182652523884,487,1020,1536,595
52,0.1,0.5,Platt calibration,32.034209,0.06117893684129548,0.05804182652523884,487,1020,1536,595
52,0.1,0.5,Isotonic calibration,32.034209,0.06117893684129548,0.05804182652523884,487,1020,1536,595
52,0.1,0.1,Multilabel,32.034209,0.06117893684129548,0.05804182652523884,487,1020,1536,595
52,0.1,0.1,Hoeffding/LTT,32.034209,0.06117893684129548,0.05804182652523884,487,1020,1536,595
52,0.1,0.1,Hoeffding-Bentkus,32.034209,0.06117893684129548,0.05804182652523884,487,1020,1536,595
52,0.1,0.1,IID-normal,32.034209,0.06117893684129548,0.05804182652523884,487,1020,1536,595
52,0.1,0.1,Empirical Bernstein,32.034209,0.06117893684129548,0.05804182652523884,487,1020,1536,595
52,0.1,0.1,Platt calibration,32.034209,0.06117893684129548,0.05804182652523884,487,1020,1536,595
52,0.1,0.1,Isotonic calibration,32.034209,0.06117893684129548,0.05804182652523884,487,1020,1536,595
52,0.2,0.5,Multilabel,19.522089,0.1557912380206403,0.15383849807858854,798,1907,3433,1084
52,0.2,0.5,Hoeffding/LTT,19.522089,0.1557912380206403,0.15383849807858854,798,1907,3433,1084
52,0.2,0.5,Hoeffding-Bentkus,19.522089,0.1557912380206403,0.15383849807858854,798,1907,3433,1084
52,0.2,0.5,IID-normal,19.522089,0.1557912380206403,0.15383849807858854,798,1907,3433,1084
52,0.2,0.5,Empirical Bernstein,19.522089,0.1557912380206403,0.15383849807858854,798,1907,3433,1084
52,0.2,0.5,Platt calibration,19.522089,0.1557912380206403,0.15383849807858854,798,1907,3433,1084
52,0.2,0.5,Isotonic calibration,19.522089,0.1557912380206403,0.15383849807858854,798,1907,3433,1084
52,0.2,0.1,Multilabel,19.522089,0.1557912380206403,0.15383849807858854,798,1907,3433,1084
52,0.2,0.1,Hoeffding/LTT,19.522089,0.1557912380206403,0.15383849807858854,798,1907,3433,1084
52,0.2,0.1,Hoeffding-Bentkus,19.522089,0.1557912380206403,0.15383849807858854,798,1907,3433,1084
52,0.2,0.1,IID-normal,19.522089,0.1557912380206403,0.15383849807858854,798,1907,3433,1084
52,0.2,0.1,Empirical Bernstein,19.522089,0.1557912380206403,0.15383849807858854,798,1907,3433,1084
52,0.2,0.1,Platt calibration,19.522089,0.1557912380206403,0.15383849807858854,798,1907,3433,1084
52,0.2,0.1,Isotonic calibration,19.522089,0.1557912380206403,0.15383849807858854,798,1907,3433,1084
53,0.05,0.5,Multilabel,37.784172,0.03236890017180809,0.031202811801153033,355,733,1004,407
53,0.05,0.5,Hoeffding/LTT,37.784172,0.03236890017180809,0.031202811801153033,355,733,1004,407
53,0.05,0.5,Hoeffding-Bentkus,37.784172,0.03236890017180809,0.031202811801153033,355,733,1004,407
53,0.05,0.5,IID-normal,37.784172,0.03236890017180809,0.031202811801153033,355,733,1004,407
53,0.05,0.5,Empirical Bernstein,37.784172,0.03236890017180809,0.031202811801153033,355,733,1004,407
53,0.05,0.5,Platt calibration,44.566222,0.020344641895530428,0.020260150591904145,159,395,558,203
53,0.05,0.5,Isotonic calibration,37.784172,0.03236890017180809,0.031202811801153033,355,733,1004,407
53,0.05,0.1,Multilabel,37.784172,0.03236890017180809,0.031202811801153033,355,733,1004,407
53,0.05,0.1,Hoeffding/LTT,37.784172,0.03236890017180809,0.031202811801153033,355,733,1004,407
53,0.05,0.1,Hoeffding-Bentkus,37.784172,0.03236890017180809,0.031202811801153033,355,733,1004,407
53,0.05,0.1,IID-normal,37.784172,0.03236890017180809,0.031202811801153033,355,733,1004,407
53,0.05,0.1,Empirical Bernstein,37.784172,0.03236890017180809,0.031202811801153033,355,733,1004,407
53,0.05,0.1,Platt calibration,44.566222,0.020344641895530428,0.020260150591904145,159,395,558,203
53,0.05,0.1,Isotonic calibration,37.784172,0.03236890017180809,0.031202811801153033,355,733,1004,407
53,0.1,0.5,Multilabel,27.159271,0.0935936097648537,0.09140354116657433,551,1248,2017,733
53,0.1,0.5,Hoeffding/LTT,32.034209,0.06042451983485909,0.05817103841392941,459,992,1470,574
53,0.1,0.5,Hoeffding-Bentkus,32.034209,0.06042451983485909,0.05817103841392941,459,992,1470,574
53,0.1,0.5,IID-normal,27.159271,0.0935936097648537,0.09140354116657433,551,1248,2017,733
53,0.1,0.5,Empirical Bernstein,32.034209,0.06042451983485909,0.05817103841392941,459,992,1470,574
53,0.1,0.5,Platt calibration,32.034209,0.06042451983485909,0.05817103841392941,459,992,1470,574
53,0.1,0.5,Isotonic calibration,32.034209,0.06042451983485909,0.05817103841392941,459,992,1470,574
53,0.1,0.1,Multilabel,32.034209,0.06042451983485909,0.05817103841392941,459,992,1470,574
53,0.1,0.1,Hoeffding/LTT,32.034209,0.06042451983485909,0.05817103841392941,459,992,1470,574
53,0.1,0.1,Hoeffding-Bentkus,32.034209,0.06042451983485909,0.05817103841392941,459,992,1470,574
53,0.1,0.1,IID-normal,32.034209,0.06042451983485909,0.05817103841392941,459,992,1470,574
53,0.1,0.1,Empirical Bernstein,32.034209,0.06042451983485909,0.05817103841392941,459,992,1470,574
53,0.1,0.1,Platt calibration,32.034209,0.06042451983485909,0.05817103841392941,459,992,1470,574
53,0.1,0.1,Isotonic calibration,32.034209,0.06042451983485909,0.05817103841392941,459,992,1470,574
53,0.2,0.5,Multilabel,19.522089,0.16423469637524563,0.15621482645125473,746,1843,3399,1070
53,0.2,0.5,Hoeffding/LTT,19.522089,0.16423469637524563,0.15621482645125473,746,1843,3399,1070
53,0.2,0.5,Hoeffding-Bentkus,19.522089,0.16423469637524563,0.15621482645125473,746,1843,3399,1070
53,0.2,0.5,IID-normal,19.522089,0.16423469637524563,0.15621482645125473,746,1843,3399,1070
53,0.2,0.5,Empirical Bernstein,19.522089,0.16423469637524563,0.15621482645125473,746,1843,3399,1070
53,0.2,0.5,Platt calibration,19.522089,0.16423469637524563,0.15621482645125473,746,1843,3399,1070
53,0.2,0.5,Isotonic calibration,19.522089,0.16423469637524563,0.15621482645125473,746,1843,3399,1070
53,0.2,0.1,Multilabel,19.522089,0.16423469637524563,0.15621482645125473,746,1843,3399,1070
53,0.2,0.1,Hoeffding/LTT,19.522089,0.16423469637524563,0.15621482645125473,746,1843,3399,1070
53,0.2,0.1,Hoeffding-Bentkus,19.522089,0.16423469637524563,0.15621482645125473,746,1843,3399,1070
53,0.2,0.1,IID-normal,19.522089,0.16423469637524563,0.15621482645125473,746,1843,3399,1070
53,0.2,0.1,Empirical Bernstein,19.522089,0.16423469637524563,0.15621482645125473,746,1843,3399,1070
53,0.2,0.1,Platt calibration,19.522089,0.16423469637524563,0.15621482645125473,746,1843,3399,1070
53,0.2,0.1,Isotonic calibration,19.522089,0.16423469637524563,0.15621482645125473,746,1843,3399,1070
54,0.05,0.5,Multilabel,37.784172,0.03006436392543016,0.03207579347982192,351,726,980,401
54,0.05,0.5,Hoeffding/LTT,37.784172,0.03006436392543016,0.03207579347982192,351,726,980,401
54,0.05,0.5,Hoeffding-Bentkus,37.784172,0.03006436392543016,0.03207579347982192,351,726,980,401
54,0.05,0.5,IID-normal,37.784172,0.03006436392543016,0.03207579347982192,351,726,980,401
54,0.05,0.5,Empirical Bernstein,37.784172,0.03006436392543016,0.03207579347982192,351,726,980,401
54,0.05,0.5,Platt calibration,44.566222,0.0195757365951227,0.020384917215485937,150,388,546,193
54,0.05,0.5,Isotonic calibration,37.784172,0.03006436392543016,0.03207579347982192,351,726,980,401
54,0.05,0.1,Multilabel,37.784172,0.03006436392543016,0.03207579347982192,351,726,980,401
54,0.05,0.1,Hoeffding/LTT,44.566222,0.0195757365951227,0.020384917215485937,150,388,546,193
54,0.05,0.1,Hoeffding-Bentkus,37.784172,0.03006436392543016,0.03207579347982192,351,726,980,401
54,0.05,0.1,IID-normal,37.784172,0.03006436392543016,0.03207579347982192,351,726,980,401
54,0.05,0.1,Empirical Bernstein,37.784172,0.03006436392543016,0.03207579347982192,351,726,980,401
54,0.05,0.1,Platt calibration,44.566222,0.0195757365951227,0.020384917215485937,150,388,546,193
54,0.05,0.1,Isotonic calibration,37.784172,0.03006436392543016,0.03207579347982192,351,726,980,401
54,0.1,0.5,Multilabel,32.034209,0.05475280149755109,0.0587775606436744,478,1007,1457,575
54,0.1,0.5,Hoeffding/LTT,32.034209,0.05475280149755109,0.0587775606436744,478,1007,1457,575
54,0.1,0.5,Hoeffding-Bentkus,32.034209,0.05475280149755109,0.0587775606436744,478,1007,1457,575
54,0.1,0.5,IID-normal,32.034209,0.05475280149755109,0.0587775606436744,478,1007,1457,575
54,0.1,0.5,Empirical Bernstein,32.034209,0.05475280149755109,0.0587775606436744,478,1007,1457,575
54,0.1,0.5,Platt calibration,32.034209,0.05475280149755109,0.0587775606436744,478,1007,1457,575
54,0.1,0.5,Isotonic calibration,32.034209,0.05475280149755109,0.0587775606436744,478,1007,1457,575
54,0.1,0.1,Multilabel,32.034209,0.05475280149755109,0.0587775606436744,478,1007,1457,575
54,0.1,0.1,Hoeffding/LTT,32.034209,0.05475280149755109,0.0587775606436744,478,1007,1457,575
54,0.1,0.1,Hoeffding-Bentkus,32.034209,0.05475280149755109,0.0587775606436744,478,1007,1457,575
54,0.1,0.1,IID-normal,32.034209,0.05475280149755109,0.0587775606436744,478,1007,1457,575
54,0.1,0.1,Empirical Bernstein,32.034209,0.05475280149755109,0.0587775606436744,478,1007,1457,575
54,0.1,0.1,Platt calibration,32.034209,0.05475280149755109,0.0587775606436744,478,1007,1457,575
54,0.1,0.1,Isotonic calibration,32.034209,0.05475280149755109,0.0587775606436744,478,1007,1457,575
54,0.2,0.5,Multilabel,19.522089,0.15447980847011542,0.15638182309336984,762,1862,3293,1071
54,0.2,0.5,Hoeffding/LTT,19.522089,0.15447980847011542,0.15638182309336984,762,1862,3293,1071
54,0.2,0.5,Hoeffding-Bentkus,19.522089,0.15447980847011542,0.15638182309336984,762,1862,3293,1071
54,0.2,0.5,IID-normal,19.522089,0.15447980847011542,0.15638182309336984,762,1862,3293,1071
54,0.2,0.5,Empirical Bernstein,19.522089,0.15447980847011542,0.15638182309336984,762,1862,3293,1071
54,0.2,0.5,Platt calibration,23.026196,0.12302279662538143,0.12327724605568206,677,1571,2630,916
54,0.2,0.5,Isotonic calibration,19.522089,0.15447980847011542,0.15638182309336984,762,1862,3293,1071
54,0.2,0.1,Multilabel,19.522089,0.15447980847011542,0.15638182309336984,762,1862,3293,1071
54,0.2,0.1,Hoeffding/LTT,19.522089,0.15447980847011542,0.15638182309336984,762,1862,3293,1071
54,0.2,0.1,Hoeffding-Bentkus,19.522089,0.15447980847011542,0.15638182309336984,762,1862,3293,1071
54,0.2,0.1,IID-normal,19.522089,0.15447980847011542,0.15638182309336984,762,1862,3293,1071
54,0.2,0.1,Empirical Bernstein,19.522089,0.15447980847011542,0.15638182309336984,762,1862,3293,1071
54,0.2,0.1,Platt calibration,23.026196,0.12302279662538143,0.12327724605568206,677,1571,2630,916
54,0.2,0.1,Isotonic calibration,19.522089,0.15447980847011542,0.15638182309336984,762,1862,3293,1071
55,0.05,0.5,Multilabel,37.784172,0.03269533553863117,0.031918328511930404,364,813,1109,419
55,0.05,0.5,Hoeffding/LTT,37.784172,0.03269533553863117,0.031918328511930404,364,813,1109,419
55,0.05,0.5,Hoeffding-Bentkus,37.784172,0.03269533553863117,0.031918328511930404,364,813,1109,419
55,0.05,0.5,IID-normal,37.784172,0.03269533553863117,0.031918328511930404,364,813,1109,419
55,0.05,0.5,Empirical Bernstein,37.784172,0.03269533553863117,0.031918328511930404,364,813,1109,419
55,0.05,0.5,Platt calibration,44.566222,0.020721593968766827,0.0203872253339078,179,463,642,223
55,0.05,0.5,Isotonic calibration,37.784172,0.03269533553863117,0.031918328511930404,364,813,1109,419
55,0.05,0.1,Multilabel,37.784172,0.03269533553863117,0.031918328511930404,364,813,1109,419
55,0.05,0.1,Hoeffding/LTT,37.784172,0.03269533553863117,0.031918328511930404,364,813,1109,419
55,0.05,0.1,Hoeffding-Bentkus,37.784172,0.03269533553863117,0.031918328511930404,364,813,1109,419
55,0.05,0.1,IID-normal,37.784172,0.03269533553863117,0.031918328511930404,364,813,1109,419
55,0.05,0.1,Empirical Bernstein,37.784172,0.03269533553863117,0.031918328511930404,364,813,1109,419
55,0.05,0.1,Platt calibration,44.566222,0.020721593968766827,0.0203872253339078,179,463,642,223
55,0.05,0.1,Isotonic calibration,37.784172,0.03269533553863117,0.031918328511930404,364,813,1109,419
55,0.1,0.5,Multilabel,27.159271,0.09146229197117728,0.09076915054403206,581,1331,2143,749
55,0.1,0.5,Hoeffding/LTT,32.034209,0.059657281329333026,0.058220876674668146,480,1076,1590,589
55,0.1,0.5,Hoeffding-Bentkus,32.034209,0.059657281329333026,0.058220876674668146,480,1076,1590,589
55,0.1,0.5,IID-normal,27.159271,0.09146229197117728,0.09076915054403206,581,1331,2143,749
55,0.1,0.5,Empirical Bernstein,32.034209,0.059657281329333026,0.058220876674668146,480,1076,1590,589
55,0.1,0.5,Platt calibration,32.034209,0.059657281329333026,0.058220876674668146,480,1076,1590,589
55,0.1,0.5,Isotonic calibration,32.034209,0.059657281329333026,0.058220876674668146,480,1076,1590,589
55,0.1,0.1,Multilabel,32.034209,0.059657281329333026,0.058220876674668146,480,1076,1590,589
55,0.1,0.1,Hoeffding/LTT,32.034209,0.059657281329333026,0.058220876674668146,480,1076,1590,589
55,0.1,0.1,Hoeffding-Bentkus,32.034209,0.059657281329333026,0.058220876674668146,480,1076,1590,589
55,0.1,0.1,IID-normal,32.034209,0.059657281329333026,0.058220876674668146,480,1076,1590,589
55,0.1,0.1,Empirical Bernstein,32.034209,0.059657281329333026,0.058220876674668146,480,1076,1590,589
55,0.1,0.1,Platt calibration,32.034209,0.059657281329333026,0.058220876674668146,480,1076,1590,589
55,0.1,0.1,Isotonic calibration,32.034209,0.059657281329333026,0.058220876674668146,480,1076,1590,589
55,0.2,0.5,Multilabel,19.522089,0.15238674536735927,0.15436103821498048,788,1934,3461,1067
55,0.2,0.5,Hoeffding/LTT,19.522089,0.15238674536735927,0.15436103821498048,788,1934,3461,1067
55,0.2,0.5,Hoeffding-Bentkus,19.522089,0.15238674536735927,0.15436103821498048,788,1934,3461,1067
55,0.2,0.5,IID-normal,19.522089,0.15238674536735927,0.15436103821498048,788,1934,3461,1067
55,0.2,0.5,Empirical Bernstein,19.522089,0.15238674536735927,0.15436103821498048,788,1934,3461,1067
55,0.2,0.5,Platt calibration,19.522089,0.15238674536735927,0.15436103821498048,788,1934,3461,1067
55,0.2,0.5,Isotonic calibration,19.522089,0.15238674536735927,0.15436103821498048,788,1934,3461,1067
55,0.2,0.1,Multilabel,19.522089,0.15238674536735927,0.15436103821498048,788,1934,3461,1067
55,0.2,0.1,Hoeffding/LTT,19.522089,0.15238674536735927,0.15436103821498048,788,1934,3461,1067
55,0.2,0.1,Hoeffding-Bentkus,19.522089,0.15238674536735927,0.15436103821498048,788,1934,3461,1067
55,0.2,0.1,IID-normal,19.522089,0.15238674536735927,0.15436103821498048,788,1934,3461,1067
55,0.2,0.1,Empirical Bernstein,19.522089,0.15238674536735927,0.15436103821498048,788,1934,3461,1067
55,0.2,0.1,Platt calibration,19.522089,0.15238674536735927,0.15436103821498048,788,1934,3461,1067
55,0.2,0.1,Isotonic calibration,19.522089,0.15238674536735927,0.15436103821498048,788,1934,3461,1067
56,0.05,0.5,Multilabel,37.784172,0.03028989409441752,0.03172726759812068,346,655,911,398
56,0.05,0.5,Hoeffding/LTT,37.784172,0.03028989409441752,0.03172726759812068,346,655,911,398
56,0.05,0.5,Hoeffding-Bentkus,37.784172,0.03028989409441752,0.03172726759812068,346,655,911,398
56,0.05,0.5,IID-normal,37.784172,0.03028989409441752,0.03172726759812068,346,655,911,398
56,0.05,0.5,Empirical Bernstein,37.784172,0.03028989409441752,0.03172726759812068,346,655,911,398
56,0.05,0.5,Platt calibration,44.566222,0.017878298330640818,0.020326188424529653,146,325,476,185
56,0.05,0.5,Isotonic calibration,37.784172,0.03028989409441752,0.03172726759812068,346,655,911,398
56,0.05,0.1,Multilabel,37.784172,0.03028989409441752,0.03172726759812068,346,655,911,398
56,0.05,0.1,Hoeffding/LTT,44.566222,0.017878298330640818,0.020326188424529653,146,325,476,185
56,0.05,0.1,Hoeffding-Bentkus,37.784172,0.03028989409441752,0.03172726759812068,346,655,911,398
56,0.05,0.1,IID-normal,37.784172,0.03028989409441752,0.03172726759812068,346,655,911,398
56,0.05,0.1,Empirical Bernstein,37.784172,0.03028989409441752,0.03172726759812068,346,655,911,398
56,0.05,0.1,Platt calibration,44.566222,0.017878298330640818,0.020326188424529653,146,325,476,185
56,0.05,0.1,Isotonic calibration,37.784172,0.03028989409441752,0.03172726759812068,346,655,911,398
56,0.1,0.5,Multilabel,32.034209,0.05561171372156832,0.059281072403110306,467,930,1382,565
56,0.1,0.5,Hoeffding/LTT,32.034209,0.05561171372156832,0.059281072403110306,467,930,1382,565
56,0.1,0.5,Hoeffding-Bentkus,32.034209,0.05561171372156832,0.059281072403110306,467,930,1382,565
56,0.1,0.5,IID-normal,32.034209,0.05561171372156832,0.059281072403110306,467,930,1382,565
56,0.1,0.5,Empirical Bernstein,32.034209,0.05561171372156832,0.059281072403110306,467,930,1382,565
56,0.1,0.5,Platt calibration,32.034209,0.05561171372156832,0.059281072403110306,467,930,1382,565
56,0.1,0.5,Isotonic calibration,32.034209,0.05561171372156832,0.059281072403110306,467,930,1382,565
56,0.1,0.1,Multilabel,32.034209,0.05561171372156832,0.059281072403110306,467,930,1382,565
56,0.1,0.1,Hoeffding/LTT,32.034209,0.05561171372156832,0.059281072403110306,467,930,1382,565
56,0.1,0.1,Hoeffding-Bentkus,32.034209,0.05561171372156832,0.059281072403110306,467,930,1382,565
56,0.1,0.1,IID-normal,32.034209,0.05561171372156832,0.059281072403110306,467,930,1382,565
56,0.1,0.1,Empirical Bernstein,32.034209,0.05561171372156832,0.059281072403110306,467,930,1382,565
56,0.1,0.1,Platt calibration,32.034209,0.05561171372156832,0.059281072403110306,467,930,1382,565
56,0.1,0.1,Isotonic calibration,32.034209,0.05561171372156832,0.059281072403110306,467,930,1382,565
56,0.2,0.5,Multilabel,19.522089,0.1491587931006348,0.15616915368369483,810,1876,3330,1077
56,0.2,0.5,Hoeffding/LTT,19.522089,0.1491587931006348,0.15616915368369483,810,1876,3330,1077
56,0.2,0.5,Hoeffding-Bentkus,19.522089,0.1491587931006348,0.15616915368369483,810,1876,3330,1077
56,0.2,0.5,IID-normal,19.522089,0.1491587931006348,0.15616915368369483,810,1876,3330,1077
56,0.2,0.5,Empirical Bernstein,19.522089,0.1491587931006348,0.15616915368369483,810,1876,3330,1077
56,0.2,0.5,Platt calibration,19.522089,0.1491587931006348,0.15616915368369483,810,1876,3330,1077
56,0.2,0.5,Isotonic calibration,19.522089,0.1491587931006348,0.15616915368369483,810,1876,3330,1077
56,0.2,0.1,Multilabel,19.522089,0.1491587931006348,0.15616915368369483,810,1876,3330,1077
56,0.2,0.1,Hoeffding/LTT,19.522089,0.1491587931006348,0.15616915368369483,810,1876,3330,1077
56,0.2,0.1,Hoeffding-Bentkus,19.522089,0.1491587931006348,0.15616915368369483,810,1876,3330,1077
56,0.2,0.1,IID-normal,19.522089,0.1491587931006348,0.15616915368369483,810,1876,3330,1077
56,0.2,0.1,Empirical Bernstein,19.522089,0.1491587931006348,0.15616915368369483,810,1876,3330,1077
56,0.2,0.1,Platt calibration,19.522089,0.1491587931006348,0.15616915368369483,810,1876,3330,1077
56,0.2,0.1,Isotonic calibration,19.522089,0.1491587931006348,0.15616915368369483,810,1876,3330,1077
57,0.05,0.5,Multilabel,37.784172,0.028808113444623945,0.03167571962003242,342,698,938,388
57,0.05,0.5,Hoeffding/LTT,37.784172,0.028808113444623945,0.03167571962003242,342,698,938,388
57,0.05,0.5,Hoeffding-Bentkus,37.784172,0.028808113444623945,0.03167571962003242,342,698,938,388
57,0.05,0.5,IID-normal,37.784172,0.028808113444623945,0.03167571962003242,342,698,938,388
57,0.05,0.5,Empirical Bernstein,37.784172,0.028808113444623945,0.03167571962003242,342,698,938,388
57,0.05,0.5,Platt calibration,44.566222,0.01810446957458266,0.01997432859399684,144,369,520,183
57,0.05,0.5,Isotonic calibration,37.784172,0.028808113444623945,0.03167571962003242,342,698,938,388
57,0.05,0.1,Multilabel,37.784172,0.028808113444623945,0.03167571962003242,342,698,938,388
57,0.05,0.1,Hoeffding/LTT,44.566222,0.01810446957458266,0.01997432859399684,144,369,520,183
57,0.05,0.1,Hoeffding-Bentkus,37.784172,0.028808113444623945,0.03167571962003242,342,698,938,388
57,0.05,0.1,IID-normal,37.784172,0.028808113444623945,0.03167571962003242,342,698,938,388
57,0.05,0.1,Empirical Bernstein,37.784172,0.028808113444623945,0.03167571962003242,342,698,938,388
57,0.05,0.1,Platt calibration,44.566222,0.01810446957458266,0.01997432859399684,144,369,520,183
57,0.05,0.1,Isotonic calibration,37.784172,0.028808113444623945,0.03167571962003242,342,698,938,388
57,0.1,0.5,Multilabel,27.159271,0.09130856219709209,0.09026653638620463,577,1248,1985,752
57,0.1,0.5,Hoeffding/LTT,32.034209,0.056040336436136116,0.057731299111630864,465,973,1414,567
57,0.1,0.5,Hoeffding-Bentkus,32.034209,0.056040336436136116,0.057731299111630864,465,973,1414,567
57,0.1,0.5,IID-normal,27.159271,0.09130856219709209,0.09026653638620463,577,1248,1985,752
57,0.1,0.5,Empirical Bernstein,32.034209,0.056040336436136116,0.057731299111630864,465,973,1414,567
57,0.1,0.5,Platt calibration,32.034209,0.056040336436136116,0.057731299111630864,465,973,1414,567
57,0.1,0.5,Isotonic calibration,32.034209,0.056040336436136116,0.057731299111630864,465,973,1414,567
57,0.1,0.1,Multilabel,32.034209,0.056040336436136116,0.057731299111630864,465,973,1414,567
57,0.1,0.1,Hoeffding/LTT,32.034209,0.056040336436136116,0.057731299111630864,465,973,1414,567
57,0.1,0.1,Hoeffding-Bentkus,32.034209,0.056040336436136116,0.057731299111630864,465,973,1414,567
57,0.1,0.1,IID-normal,32.034209,0.056040336436136116,0.057731299111630864,465,973,1414,567
57,0.1,0.1,Empirical Bernstein,32.034209,0.056040336436136116,0.057731299111630864,465,973,1414,567
57,0.1,0.1,Platt calibration,32.034209,0.056040336436136116,0.057731299111630864,465,973,1414,567
57,0.1,0.1,Isotonic calibration,32.034209,0.056040336436136116,0.057731299111630864,465,973,1414,567
57,0.2,0.5,Multilabel,19.522089,0.15847279627570418,0.15341499720538926,778,1845,3331,1083
57,0.2,0.5,Hoeffding/LTT,19.522089,0.15847279627570418,0.15341499720538926,778,1845,3331,1083
57,0.2,0.5,Hoeffding-Bentkus,19.522089,0.15847279627570418,0.15341499720538926,778,1845,3331,1083
57,0.2,0.5,IID-normal,19.522089,0.15847279627570418,0.15341499720538926,778,1845,3331,1083
57,0.2,0.5,Empirical Bernstein,19.522089,0.15847279627570418,0.15341499720538926,778,1845,3331,1083
57,0.2,0.5,Platt calibration,19.522089,0.15847279627570418,0.15341499720538926,778,1845,3331,1083
57,0.2,0.5,Isotonic calibration,19.522089,0.15847279627570418,0.15341499720538926,778,1845,3331,1083
57,0.2,0.1,Multilabel,19.522089,0.15847279627570418,0.15341499720538926,778,1845,3331,1083
57,0.2,0.1,Hoeffding/LTT,19.522089,0.15847279627570418,0.15341499720538926,778,1845,3331,1083
57,0.2,0.1,Hoeffding-Bentkus,19.522089,0.15847279627570418,0.15341499720538926,778,1845,3331,1083
57,0.2,0.1,IID-normal,19.522089,0.15847279627570418,0.15341499720538926,778,1845,3331,1083
57,0.2,0.1,Empirical Bernstein,19.522089,0.15847279627570418,0.15341499720538926,778,1845,3331,1083
57,0.2,0.1,Platt calibration,19.522089,0.15847279627570418,0.15341499720538926,778,1845,3331,1083
57,0.2,0.1,Isotonic calibration,19.522089,0.15847279627570418,0.15341499720538926,778,1845,3331,1083
58,0.05,0.5,Multilabel,37.784172,0.03211862450957766,0.03150261073839273,370,732,1014,418
58,0.05,0.5,Hoeffding/LTT,37.784172,0.03211862450957766,0.03150261073839273,370,732,1014,418
58,0.05,0.5,Hoeffding-Bentkus,37.784172,0.03211862450957766,0.03150261073839273,370,732,1014,418
58,0.05,0.5,IID-normal,37.784172,0.03211862450957766,0.03150261073839273,370,732,1014,418
58,0.05,0.5,Empirical Bernstein,37.784172,0.03211862450957766,0.03150261073839273,370,732,1014,418
58,0.05,0.5,Platt calibration,44.566222,0.020428109854604203,0.020304645985925608,168,398,577,212
58,0.05,0.5,Isotonic calibration,37.784172,0.03211862450957766,0.03150261073839273,370,732,1014,418
58,0.05,0.1,Multilabel,37.784172,0.03211862450957766,0.03150261073839273,370,732,1014,418
58,0.05,0.1,Hoeffding/LTT,37.784172,0.03211862450957766,0.03150261073839273,370,732,1014,418
58,0.05,0.1,Hoeffding-Bentkus,37.784172,0.03211862450957766,0.03150261073839273,370,732,1014,418
58,0.05,0.1,IID-normal,37.784172,0.03211862450957766,0.03150261073839273,370,732,1014,418
58,0.05,0.1,Empirical Bernstein,37.784172,0.03211862450957766,0.03150261073839273,370,732,1014,418
58,0.05,0.1,Platt calibration,44.566222,0.020428109854604203,0.020304645985925608,168,398,577,212
58,0.05,0.1,Isotonic calibration,37.784172,0.03211862450957766,0.03150261073839273,370,732,1014,418
58,0.1,0.5,Multilabel,32.034209,0.057347872913301026,0.05841809257093617,483,1005,1490,581
58,0.1,0.5,Hoeffding/LTT,32.034209,0.057347872913301026,0.05841809257093617,483,1005,1490,581
58,0.1,0.5,Hoeffding-Bentkus,32.034209,0.057347872913301026,0.05841809257093617,483,1005,1490,581
58,0.1,0.5,IID-normal,32.034209,0.057347872913301026,0.05841809257093617,483,1005,1490,581
58,0.1,0.5,Empirical Bernstein,32.034209,0.057347872913301026,0.05841809257093617,483,1005,1490,581
58,0.1,0.5,Platt calibration,32.034209,0.057347872913301026,0.05841809257093617,483,1005,1490,581
58,0.1,0.5,Isotonic calibration,32.034209,0.057347872913301026,0.05841809257093617,483,1005,1490,581
58,0.1,0.1,Multilabel,32.034209,0.057347872913301026,0.05841809257093617,483,1005,1490,581
58,0.1,0.1,Hoeffding/LTT,32.034209,0.057347872913301026,0.05841809257093617,483,1005,1490,581
58,0.1,0.1,Hoeffding-Bentkus,32.034209,0.057347872913301026,0.05841809257093617,483,1005,1490,581
58,0.1,0.1,IID-normal,32.034209,0.057347872913301026,0.05841809257093617,483,1005,1490,581
58,0.1,0.1,Empirical Bernstein,32.034209,0.057347872913301026,0.05841809257093617,483,1005,1490,581
58,0.1,0.1,Platt calibration,32.034209,0.057347872913301026,0.05841809257093617,483,1005,1490,581
58,0.1,0.1,Isotonic calibration,32.034209,0.057347872913301026,0.05841809257093617,483,1005,1490,581
58,0.2,0.5,Multilabel,19.522089,0.15285570918042646,0.1535962427873242,767,1870,3360,1056
58,0.2,0.5,Hoeffding/LTT,19.522089,0.15285570918042646,0.1535962427873242,767,1870,3360,1056
58,0.2,0.5,Hoeffding-Bentkus,19.522089,0.15285570918042646,0.1535962427873242,767,1870,3360,1056
58,0.2,0.5,IID-normal,19.522089,0.15285570918042646,0.1535962427873242,767,1870,3360,1056
58,0.2,0.5,Empirical Bernstein,19.522089,0.15285570918042646,0.1535962427873242,767,1870,3360,1056
58,0.2,0.5,Platt calibration,19.522089,0.15285570918042646,0.1535962427873242,767,1870,3360,1056
58,0.2,0.5,Isotonic calibration,19.522089,0.15285570918042646,0.1535962427873242,767,1870,3360,1056
58,0.2,0.1,Multilabel,19.522089,0.15285570918042646,0.1535962427873242,767,1870,3360,1056
58,0.2,0.1,Hoeffding/LTT,19.522089,0.15285570918042646,0.1535962427873242,767,1870,3360,1056
58,0.2,0.1,Hoeffding-Bentkus,19.522089,0.15285570918042646,0.1535962427873242,767,1870,3360,1056
58,0.2,0.1,IID-normal,19.522089,0.15285570918042646,0.1535962427873242,767,1870,3360,1056
58,0.2,0.1,Empirical Bernstein,19.522089,0.15285570918042646,0.1535962427873242,767,1870,3360,1056
58,0.2,0.1,Platt calibration,19.522089,0.15285570918042646,0.1535962427873242,767,1870,3360,1056
58,0.2,0.1,Isotonic calibration,19.522089,0.15285570918042646,0.1535962427873242,767,1870,3360,1056
59,0.05,0.5,Multilabel,37.784172,0.03215119111726543,0.031049792098370298,369,803,1067,425
59,0.05,0.5,Hoeffding/LTT,37.784172,0.03215119111726543,0.031049792098370298,369,803,1067,425
59,0.05,0.5,Hoeffding-Bentkus,37.784172,0.03215119111726543,0.031049792098370298,369,803,1067,425
59,0.05,0.5,IID-normal,37.784172,0.03215119111726543,0.031049792098370298,369,803,1067,425
59,0.05,0.5,Empirical Bernstein,37.784172,0.03215119111726543,0.031049792098370298,369,803,1067,425
59,0.05,0.5,Platt calibration,44.566222,0.019501884760366184,0.019538991813873332,159,456,612,204
59,0.05,0.5,Isotonic calibration,37.784172,0.03215119111726543,0.031049792098370298,369,803,1067,425
59,0.05,0.1,Multilabel,37.784172,0.03215119111726543,0.031049792098370298,369,803,1067,425
59,0.05,0.1,Hoeffding/LTT,37.784172,0.03215119111726543,0.031049792098370298,369,803,1067,425
59,0.05,0.1,Hoeffding-Bentkus,37.784172,0.03215119111726543,0.031049792098370298,369,803,1067,425
59,0.05,0.1,IID-normal,37.784172,0.03215119111726543,0.031049792098370298,369,803,1067,425
59,0.05,0.1,Empirical Bernstein,37.784172,0.03215119111726543,0.031049792098370298,369,803,1067,425
59,0.05,0.1,Platt calibration,44.566222,0.019501884760366184,0.019538991813873332,159,456,612,204
59,0.05,0.1,Isotonic calibration,37.784172,0.03215119111726543,0.031049792098370298,369,803,1067,425
59,0.1,0.5,Multilabel,27.159271,0.08727684180834423,0.0898561187364505,597,1356,2102,748
59,0.1,0.5,Hoeffding/LTT,32.034209,0.055331307536477164,0.057621107828453796,487,1095,1559,580
59,0.1,0.5,Hoeffding-Bentkus,32.034209,0.055331307536477164,0.057621107828453796,487,1095,1559,580
59,0.1,0.5,IID-normal,27.159271,0.08727684180834423,0.0898561187364505,597,1356,2102,748
59,0.1,0.5,Empirical Bernstein,32.034209,0.055331307536477164,0.057621107828453796,487,1095,1559,580
59,0.1,0.5,Platt calibration,32.034209,0.055331307536477164,0.057621107828453796,487,1095,1559,580
59,0.1,0.5,Isotonic calibration,32.034209,0.055331307536477164,0.057621107828453796,487,1095,1559,580
59,0.1,0.1,Multilabel,32.034209,0.055331307536477164,0.057621107828453796,487,1095,1559,580
59,0.1,0.1,Hoeffding/LTT,32.034209,0.055331307536477164,0.057621107828453796,487,1095,1559,580
59,0.1,0.1,Hoeffding-Bentkus,32.034209,0.055331307536477164,0.057621107828453796,487,1095,1559,580
59,0.1,0.1,IID-normal,32.034209,0.055331307536477164,0.057621107828453796,487,1095,1559,580
59,0.1,0.1,Empirical Bernstein,32.034209,0.055331307536477164,0.057621107828453796,487,1095,1559,580
59,0.1,0.1,Platt calibration,32.034209,0.055331307536477164,0.057621107828453796,487,1095,1559,580
59,0.1,0.1,Isotonic calibration,32.034209,0.055331307536477164,0.057621107828453796,487,1095,1559,580
59,0.2,0.5,Multilabel,19.522089,0.14653383593609765,0.15246389698673196,807,1988,3428,1066
59,0.2,0.5,Hoeffding/LTT,19.522089,0.14653383593609765,0.15246389698673196,807,1988,3428,1066
59,0.2,0.5,Hoeffding-Bentkus,19.522089,0.14653383593609765,0.15246389698673196,807,1988,3428,1066
59,0.2,0.5,IID-normal,19.522089,0.14653383593609765,0.15246389698673196,807,1988,3428,1066
59,0.2,0.5,Empirical Bernstein,19.522089,0.14653383593609765,0.15246389698673196,807,1988,3428,1066
59,0.2,0.5,Platt calibration,19.522089,0.14653383593609765,0.15246389698673196,807,1988,3428,1066
59,0.2,0.5,Isotonic calibration,19.522089,0.14653383593609765,0.15246389698673196,807,1988,3428,1066
59,0.2,0.1,Multilabel,19.522089,0.14653383593609765,0.15246389698673196,807,1988,3428,1066
59,0.2,0.1,Hoeffding/LTT,19.522089,0.14653383593609765,0.15246389698673196,807,1988,3428,1066
59,0.2,0.1,Hoeffding-Bentkus,19.522089,0.14653383593609765,0.15246389698673196,807,1988,3428,1066
59,0.2,0.1,IID-normal,19.522089,0.14653383593609765,0.15246389698673196,807,1988,3428,1066
59,0.2,0.1,Empirical Bernstein,19.522089,0.14653383593609765,0.15246389698673196,807,1988,3428,1066
59,0.2,0.1,Platt calibration,19.522089,0.14653383593609765,0.15246389698673196,807,1988,3428,1066
59,0.2,0.1,Isotonic calibration,19.522089,0.14653383593609765,0.15246389698673196,807,1988,3428,1066
60,0.05,0.5,Multilabel,37.784172,0.031664999871785005,0.031583223911422965,340,702,969,394
60,0.05,0.5,Hoeffding/LTT,37.784172,0.031664999871785005,0.031583223911422965,340,702,969,394
60,0.05,0.5,Hoeffding-Bentkus,37.784172,0.031664999871785005,0.031583223911422965,340,702,969,394
60,0.05,0.5,IID-normal,37.784172,0.031664999871785005,0.031583223911422965,340,702,969,394
60,0.05,0.5,Empirical Bernstein,37.784172,0.031664999871785005,0.031583223911422965,340,702,969,394
60,0.05,0.5,Platt calibration,44.566222,0.02009539195322717,0.019626956771506533,149,369,534,194
60,0.05,0.5,Isotonic calibration,37.784172,0.031664999871785005,0.031583223911422965,340,702,969,394
60,0.05,0.1,Multilabel,37.784172,0.031664999871785005,0.031583223911422965,340,702,969,394
60,0.05,0.1,Hoeffding/LTT,44.566222,0.02009539195322717,0.019626956771506533,149,369,534,194
60,0.05,0.1,Hoeffding-Bentkus,37.784172,0.031664999871785005,0.031583223911422965,340,702,969,394
60,0.05,0.1,IID-normal,37.784172,0.031664999871785005,0.031583223911422965,340,702,969,394
60,0.05,0.1,Empirical Bernstein,37.784172,0.031664999871785005,0.031583223911422965,340,702,969,394
60,0.05,0.1,Platt calibration,44.566222,0.02009539195322717,0.019626956771506533,149,369,534,194
60,0.05,0.1,Isotonic calibration,37.784172,0.031664999871785005,0.031583223911422965,340,702,969,394
60,0.1,0.5,Multilabel,32.034209,0.059172756878734266,0.05805221305813722,453,979,1452,566
60,0.1,0.5,Hoeffding/LTT,32.034209,0.059172756878734266,0.05805221305813722,453,979,1452,566
60,0.1,0.5,Hoeffding-Bentkus,32.034209,0.059172756878734266,0.05805221305813722,453,979,1452,566
60,0.1,0.5,IID-normal,32.034209,0.059172756878734266,0.05805221305813722,453,979,1452,566
60,0.1,0.5,Empirical Bernstein,32.034209,0.059172756878734266,0.05805221305813722,453,979,1452,566
60,0.1,0.5,Platt calibration,32.034209,0.059172756878734266,0.05805221305813722,453,979,1452,566
60,0.1,0.5,Isotonic calibration,32.034209,0.059172756878734266,0.05805221305813722,453,979,1452,566
60,0.1,0.1,Multilabel,32.034209,0.059172756878734266,0.05805221305813722,453,979,1452,566
60,0.1,0.1,Hoeffding/LTT,32.034209,0.059172756878734266,0.05805221305813722,453,979,1452,566
60,0.1,0.1,Hoeffding-Bentkus,32.034209,0.059172756878734266,0.05805221305813722,453,979,1452,566
60,0.1,0.1,IID-normal,32.034209,0.059172756878734266,0.05805221305813722,453,979,1452,566
60,0.1,0.1,Empirical Bernstein,32.034209,0.059172756878734266,0.05805221305813722,453,979,1452,566
60,0.1,0.1,Platt calibration,32.034209,0.059172756878734266,0.05805221305813722,453,979,1452,566
60,0.1,0.1,Isotonic calibration,32.034209,0.059172756878734266,0.05805221305813722,453,979,1452,566
60,0.2,0.5,Multilabel,19.522089,0.15300215401184705,0.15506677845109554,770,1885,3377,1059
60,0.2,0.5,Hoeffding/LTT,19.522089,0.15300215401184705,0.15506677845109554,770,1885,3377,1059
60,0.2,0.5,Hoeffding-Bentkus,19.522089,0.15300215401184705,0.15506677845109554,770,1885,3377,1059
60,0.2,0.5,IID-normal,19.522089,0.15300215401184705,0.15506677845109554,770,1885,3377,1059
60,0.2,0.5,Empirical Bernstein,19.522089,0.15300215401184705,0.15506677845109554,770,1885,3377,1059
60,0.2,0.5,Platt calibration,19.522089,0.15300215401184705,0.15506677845109554,770,1885,3377,1059
60,0.2,0.5,Isotonic calibration,19.522089,0.15300215401184705,0.15506677845109554,770,1885,3377,1059
60,0.2,0.1,Multilabel,19.522089,0.15300215401184705,0.15506677845109554,770,1885,3377,1059
60,0.2,0.1,Hoeffding/LTT,19.522089,0.15300215401184705,0.15506677845109554,770,1885,3377,1059
60,0.2,0.1,Hoeffding-Bentkus,19.522089,0.15300215401184705,0.15506677845109554,770,1885,3377,1059
60,0.2,0.1,IID-normal,19.522089,0.15300215401184705,0.15506677845109554,770,1885,3377,1059
60,0.2,0.1,Empirical Bernstein,19.522089,0.15300215401184705,0.15506677845109554,770,1885,3377,1059
60,0.2,0.1,Platt calibration,19.522089,0.15300215401184705,0.15506677845109554,770,1885,3377,1059
60,0.2,0.1,Isotonic calibration,19.522089,0.15300215401184705,0.15506677845109554,770,1885,3377,1059
61,0.05,0.5,Multilabel,37.784172,0.028619380978023946,0.03139139362480595,349,736,964,396
61,0.05,0.5,Hoeffding/LTT,37.784172,0.028619380978023946,0.03139139362480595,349,736,964,396
61,0.05,0.5,Hoeffding-Bentkus,37.784172,0.028619380978023946,0.03139139362480595,349,736,964,396
61,0.05,0.5,IID-normal,37.784172,0.028619380978023946,0.03139139362480595,349,736,964,396
61,0.05,0.5,Empirical Bernstein,37.784172,0.028619380978023946,0.03139139362480595,349,736,964,396
61,0.05,0.5,Platt calibration,44.566222,0.016680129240710825,0.019980611805256353,147,397,517,184
61,0.05,0.5,Isotonic calibration,37.784172,0.028619380978023946,0.03139139362480595,349,736,964,396
61,0.05,0.1,Multilabel,37.784172,0.028619380978023946,0.03139139362480595,349,736,964,396
61,0.05,0.1,Hoeffding/LTT,44.566222,0.016680129240710825,0.019980611805256353,147,397,517,184
61,0.05,0.1,Hoeffding-Bentkus,37.784172,0.028619380978023946,0.03139139362480595,349,736,964,396
61,0.05,0.1,IID-normal,37.784172,0.028619380978023946,0.03139139362480595,349,736,964,396
61,0.05,0.1,Empirical Bernstein,37.784172,0.028619380978023946,0.03139139362480595,349,736,964,396
61,0.05,0.1,Platt calibration,44.566222,0.016680129240710825,0.019980611805256353,147,397,517,184
61,0.05,0.1,Isotonic calibration,37.784172,0.028619380978023946,0.03139139362480595,349,736,964,396
61,0.1,0.5,Multilabel,27.159271,0.0968265507603149,0.09058757856151221,565,1266,2034,744
61,0.1,0.5,Hoeffding/LTT,32.034209,0.060441700643639254,0.057781906745176886,465,1002,1459,576
61,0.1,0.5,Hoeffding-Bentkus,32.034209,0.060441700643639254,0.057781906745176886,465,1002,1459,576
61,0.1,0.5,IID-normal,27.159271,0.0968265507603149,0.09058757856151221,565,1266,2034,744
61,0.1,0.5,Empirical Bernstein,32.034209,0.060441700643639254,0.057781906745176886,465,1002,1459,576
61,0.1,0.5,Platt calibration,32.034209,0.060441700643639254,0.057781906745176886,465,1002,1459,576
61,0.1,0.5,Isotonic calibration,32.034209,0.060441700643639254,0.057781906745176886,465,1002,1459,576
61,0.1,0.1,Multilabel,32.034209,0.060441700643639254,0.057781906745176886,465,1002,1459,576
61,0.1,0.1,Hoeffding/LTT,32.034209,0.060441700643639254,0.057781906745176886,465,1002,1459,576
61,0.1,0.1,Hoeffding-Bentkus,32.034209,0.060441700643639254,0.057781906745176886,465,1002,1459,576
61,0.1,0.1,IID-normal,32.034209,0.060441700643639254,0.057781906745176886,465,1002,1459,576
61,0.1,0.1,Empirical Bernstein,32.034209,0.060441700643639254,0.057781906745176886,465,1002,1459,576
61,0.1,0.1,Platt calibration,32.034209,0.060441700643639254,0.057781906745176886,465,1002,1459,576
61,0.1,0.1,Isotonic calibration,32.034209,0.060441700643639254,0.057781906745176886,465,1002,1459,576
61,0.2,0.5,Multilabel,19.522089,0.16036056386621816,0.1528178939639517,769,1863,3393,1064
61,0.2,0.5,Hoeffding/LTT,19.522089,0.16036056386621816,0.1528178939639517,769,1863,3393,1064
61,0.2,0.5,Hoeffding-Bentkus,19.522089,0.16036056386621816,0.1528178939639517,769,1863,3393,1064
61,0.2,0.5,IID-normal,19.522089,0.16036056386621816,0.1528178939639517,769,1863,3393,1064
61,0.2,0.5,Empirical Bernstein,19.522089,0.16036056386621816,0.1528178939639517,769,1863,3393,1064
61,0.2,0.5,Platt calibration,19.522089,0.16036056386621816,0.1528178939639517,769,1863,3393,1064
61,0.2,0.5,Isotonic calibration,19.522089,0.16036056386621816,0.1528178939639517,769,1863,3393,1064
61,0.2,0.1,Multilabel,19.522089,0.16036056386621816,0.1528178939639517,769,1863,3393,1064
61,0.2,0.1,Hoeffding/LTT,19.522089,0.16036056386621816,0.1528178939639517,769,1863,3393,1064
61,0.2,0.1,Hoeffding-Bentkus,19.522089,0.16036056386621816,0.1528178939639517,769,1863,3393,1064
61,0.2,0.1,IID-normal,19.522089,0.16036056386621816,0.1528178939639517,769,1863,3393,1064
61,0.2,0.1,Empirical Bernstein,19.522089,0.16036056386621816,0.1528178939639517,769,1863,3393,1064
61,0.2,0.1,Platt calibration,19.522089,0.16036056386621816,0.1528178939639517,769,1863,3393,1064
61,0.2,0.1,Isotonic calibration,19.522089,0.16036056386621816,0.1528178939639517,769,1863,3393,1064
62,0.05,0.5,Multilabel,37.784172,0.0332520450291048,0.03150030261997086,374,786,1073,431
62,0.05,0.5,Hoeffding/LTT,37.784172,0.0332520450291048,0.03150030261997086,374,786,1073,431
62,0.05,0.5,Hoeffding-Bentkus,37.784172,0.0332520450291048,0.03150030261997086,374,786,1073,431
62,0.05,0.5,IID-normal,37.784172,0.0332520450291048,0.03150030261997086,374,786,1073,431
62,0.05,0.5,Empirical Bernstein,37.784172,0.0332520450291048,0.03150030261997086,374,786,1073,431
62,0.05,0.5,Platt calibration,44.566222,0.02305485037310562,0.020270152438398883,159,414,602,209
62,0.05,0.5,Isotonic calibration,37.784172,0.0332520450291048,0.03150030261997086,374,786,1073,431
62,0.05,0.1,Multilabel,37.784172,0.0332520450291048,0.03150030261997086,374,786,1073,431
62,0.05,0.1,Hoeffding/LTT,37.784172,0.0332520450291048,0.03150030261997086,374,786,1073,431
62,0.05,0.1,Hoeffding-Bentkus,37.784172,0.0332520450291048,0.03150030261997086,374,786,1073,431
62,0.05,0.1,IID-normal,37.784172,0.0332520450291048,0.03150030261997086,374,786,1073,431
62,0.05,0.1,Empirical Bernstein,37.784172,0.0332520450291048,0.03150030261997086,374,786,1073,431
62,0.05,0.1,Platt calibration,44.566222,0.02305485037310562,0.020270152438398883,159,414,602,209
62,0.05,0.1,Isotonic calibration,37.784172,0.0332520450291048,0.03150030261997086,374,786,1073,431
62,0.1,0.5,Multilabel,32.034209,0.0584760366182014,0.058547347202560475,492,1067,1557,596
62,0.1,0.5,Hoeffding/LTT,32.034209,0.0584760366182014,0.058547347202560475,492,1067,1557,596
62,0.1,0.5,Hoeffding-Bentkus,32.034209,0.0584760366182014,0.058547347202560475,492,1067,1557,596
62,0.1,0.5,IID-normal,32.034209,0.0584760366182014,0.058547347202560475,492,1067,1557,596
62,0.1,0.5,Empirical Bernstein,32.034209,0.0584760366182014,0.058547347202560475,492,1067,1557,596
62,0.1,0.5,Platt calibration,32.034209,0.0584760366182014,0.058547347202560475,492,1067,1557,596
62,0.1,0.5,Isotonic calibration,32.034209,0.0584760366182014,0.058547347202560475,492,1067,1557,596
62,0.1,0.1,Multilabel,32.034209,0.0584760366182014,0.058547347202560475,492,1067,1557,596
62,0.1,0.1,Hoeffding/LTT,32.034209,0.0584760366182014,0.058547347202560475,492,1067,1557,596
62,0.1,0.1,Hoeffding-Bentkus,32.034209,0.0584760366182014,0.058547347202560475,492,1067,1557,596
62,0.1,0.1,IID-normal,32.034209,0.0584760366182014,0.058547347202560475,492,1067,1557,596
62,0.1,0.1,Empirical Bernstein,32.034209,0.0584760366182014,0.058547347202560475,492,1067,1557,596
62,0.1,0.1,Platt calibration,32.034209,0.0584760366182014,0.058547347202560475,492,1067,1557,596
62,0.1,0.1,Isotonic calibration,32.034209,0.0584760366182014,0.058547347202560475,492,1067,1557,596
62,0.2,0.5,Multilabel,19.522089,0.1519409418440113,0.15626855431896364,800,1938,3445,1081
62,0.2,0.5,Hoeffding/LTT,19.522089,0.1519409418440113,0.15626855431896364,800,1938,3445,1081
62,0.2,0.5,Hoeffding-Bentkus,19.522089,0.1519409418440113,0.15626855431896364,800,1938,3445,1081
62,0.2,0.5,IID-normal,19.522089,0.1519409418440113,0.15626855431896364,800,1938,3445,1081
62,0.2,0.5,Empirical Bernstein,19.522089,0.1519409418440113,0.15626855431896364,800,1938,3445,1081
62,0.2,0.5,Platt calibration,19.522089,0.1519409418440113,0.15626855431896364,800,1938,3445,1081
62,0.2,0.5,Isotonic calibration,19.522089,0.1519409418440113,0.15626855431896364,800,1938,3445,1081
62,0.2,0.1,Multilabel,19.522089,0.1519409418440113,0.15626855431896364,800,1938,3445,1081
62,0.2,0.1,Hoeffding/LTT,19.522089,0.1519409418440113,0.15626855431896364,800,1938,3445,1081
62,0.2,0.1,Hoeffding-Bentkus,19.522089,0.1519409418440113,0.15626855431896364,800,1938,3445,1081
62,0.2,0.1,IID-normal,19.522089,0.1519409418440113,0.15626855431896364,800,1938,3445,1081
62,0.2,0.1,Empirical Bernstein,19.522089,0.1519409418440113,0.15626855431896364,800,1938,3445,1081
62,0.2,0.1,Platt calibration,19.522089,0.1519409418440113,0.15626855431896364,800,1938,3445,1081
62,0.2,0.1,Isotonic calibration,19.522089,0.1519409418440113,0.15626855431896364,800,1938,3445,1081
63,0.05,0.5,Multilabel,37.784172,0.029274687796497167,0.031225380070166803,367,728,972,414
63,0.05,0.5,Hoeffding/LTT,37.784172,0.029274687796497167,0.031225380070166803,367,728,972,414
63,0.05,0.5,Hoeffding-Bentkus,37.784172,0.029274687796497167,0.031225380070166803,367,728,972,414
63,0.05,0.5,IID-normal,37.784172,0.029274687796497167,0.031225380070166803,367,728,972,414
63,0.05,0.5,Empirical Bernstein,37.784172,0.029274687796497167,0.031225380070166803,367,728,972,414
63,0.05,0.5,Platt calibration,44.566222,0.01821486268174475,0.020190650581645844,159,382,524,199
63,0.05,0.5,Isotonic calibration,37.784172,0.029274687796497167,0.031225380070166803,367,728,972,414
63,0.05,0.1,Multilabel,37.784172,0.029274687796497167,0.031225380070166803,367,728,972,414
63,0.05,0.1,Hoeffding/LTT,44.566222,0.01821486268174475,0.020190650581645844,159,382,524,199
63,0.05,0.1,Hoeffding-Bentkus,37.784172,0.029274687796497167,0.031225380070166803,367,728,972,414
63,0.05,0.1,IID-normal,37.784172,0.029274687796497167,0.031225380070166803,367,728,972,414
63,0.05,0.1,Empirical Bernstein,37.784172,0.029274687796497167,0.031225380070166803,367,728,972,414
63,0.05,0.1,Platt calibration,44.566222,0.01821486268174475,0.020190650581645844,159,382,524,199
63,0.05,0.1,Isotonic calibration,37.784172,0.029274687796497167,0.031225380070166803,367,728,972,414
63,0.1,0.5,Multilabel,32.034209,0.060512347103623354,0.05817240618780904,479,998,1461,593
63,0.1,0.5,Hoeffding/LTT,32.034209,0.060512347103623354,0.05817240618780904,479,998,1461,593
63,0.1,0.5,Hoeffding-Bentkus,32.034209,0.060512347103623354,0.05817240618780904,479,998,1461,593
63,0.1,0.5,IID-normal,32.034209,0.060512347103623354,0.05817240618780904,479,998,1461,593
63,0.1,0.5,Empirical Bernstein,32.034209,0.060512347103623354,0.05817240618780904,479,998,1461,593
63,0.1,0.5,Platt calibration,32.034209,0.060512347103623354,0.05817240618780904,479,998,1461,593
63,0.1,0.5,Isotonic calibration,32.034209,0.060512347103623354,0.05817240618780904,479,998,1461,593
63,0.1,0.1,Multilabel,32.034209,0.060512347103623354,0.05817240618780904,479,998,1461,593
63,0.1,0.1,Hoeffding/LTT,32.034209,0.060512347103623354,0.05817240618780904,479,998,1461,593
63,0.1,0.1,Hoeffding-Bentkus,32.034209,0.060512347103623354,0.05817240618780904,479,998,1461,593
63,0.1,0.1,IID-normal,32.034209,0.060512347103623354,0.05817240618780904,479,998,1461,593
63,0.1,0.1,Empirical Bernstein,32.034209,0.060512347103623354,0.05817240618780904,479,998,1461,593
63,0.1,0.1,Platt calibration,32.034209,0.060512347103623354,0.05817240618780904,479,998,1461,593
63,0.1,0.1,Isotonic calibration,32.034209,0.060512347103623354,0.05817240618780904,479,998,1461,593
63,0.2,0.5,Multilabel,19.522089,0.14865931411973413,0.15308926885025548,763,1850,3277,1038
63,0.2,0.5,Hoeffding/LTT,19.522089,0.14865931411973413,0.15308926885025548,763,1850,3277,1038
63,0.2,0.5,Hoeffding-Bentkus,19.522089,0.14865931411973413,0.15308926885025548,763,1850,3277,1038
63,0.2,0.5,IID-normal,19.522089,0.14865931411973413,0.15308926885025548,763,1850,3277,1038
63,0.2,0.5,Empirical Bernstein,19.522089,0.14865931411973413,0.15308926885025548,763,1850,3277,1038
63,0.2,0.5,Platt calibration,19.522089,0.14865931411973413,0.15308926885025548,763,1850,3277,1038
63,0.2,0.5,Isotonic calibration,19.522089,0.14865931411973413,0.15308926885025548,763,1850,3277,1038
63,0.2,0.1,Multilabel,19.522089,0.14865931411973413,0.15308926885025548,763,1850,3277,1038
63,0.2,0.1,Hoeffding/LTT,19.522089,0.14865931411973413,0.15308926885025548,763,1850,3277,1038
63,0.2,0.1,Hoeffding-Bentkus,19.522089,0.14865931411973413,0.15308926885025548,763,1850,3277,1038
63,0.2,0.1,IID-normal,19.522089,0.14865931411973413,0.15308926885025548,763,1850,3277,1038
63,0.2,0.1,Empirical Bernstein,19.522089,0.14865931411973413,0.15308926885025548,763,1850,3277,1038
63,0.2,0.1,Platt calibration,19.522089,0.14865931411973413,0.15308926885025548,763,1850,3277,1038
63,0.2,0.1,Isotonic calibration,19.522089,0.14865931411973413,0.15308926885025548,763,1850,3277,1038
64,0.05,0.5,Multilabel,37.784172,0.031949380721593965,0.031481153785656156,381,755,1052,426
64,0.05,0.5,Hoeffding/LTT,37.784172,0.031949380721593965,0.031481153785656156,381,755,1052,426
64,0.05,0.5,Hoeffding-Bentkus,37.784172,0.031949380721593965,0.031481153785656156,381,755,1052,426
64,0.05,0.5,IID-normal,37.784172,0.031949380721593965,0.031481153785656156,381,755,1052,426
64,0.05,0.5,Empirical Bernstein,37.784172,0.031949380721593965,0.031481153785656156,381,755,1052,426
64,0.05,0.5,Platt calibration,44.566222,0.021269713054850373,0.019848664368806546,162,384,572,208
64,0.05,0.5,Isotonic calibration,37.784172,0.031949380721593965,0.031481153785656156,381,755,1052,426
64,0.05,0.1,Multilabel,37.784172,0.031949380721593965,0.031481153785656156,381,755,1052,426
64,0.05,0.1,Hoeffding/LTT,37.784172,0.031949380721593965,0.031481153785656156,381,755,1052,426
64,0.05,0.1,Hoeffding-Bentkus,37.784172,0.031949380721593965,0.031481153785656156,381,755,1052,426
64,0.05,0.1,IID-normal,37.784172,0.031949380721593965,0.031481153785656156,381,755,1052,426
64,0.05,0.1,Empirical Bernstein,37.784172,0.031949380721593965,0.031481153785656156,381,755,1052,426
64,0.05,0.1,Platt calibration,44.566222,0.021269713054850373,0.019848664368806546,162,384,572,208
64,0.05,0.1,Isotonic calibration,37.784172,0.031949380721593965,0.031481153785656156,381,755,1052,426
64,0.1,0.5,Multilabel,32.034209,0.05851668077031567,0.05767188643373477,497,1036,1539,594
64,0.1,0.5,Hoeffding/LTT,32.034209,0.05851668077031567,0.05767188643373477,497,1036,1539,594
64,0.1,0.5,Hoeffding-Bentkus,32.034209,0.05851668077031567,0.05767188643373477,497,1036,1539,594
64,0.1,0.5,IID-normal,32.034209,0.05851668077031567,0.05767188643373477,497,1036,1539,594
64,0.1,0.5,Empirical Bernstein,32.034209,0.05851668077031567,0.05767188643373477,497,1036,1539,594
64,0.1,0.5,Platt calibration,32.034209,0.05851668077031567,0.05767188643373477,497,1036,1539,594
64,0.1,0.5,Isotonic calibration,32.034209,0.05851668077031567,0.05767188643373477,497,1036,1539,594
64,0.1,0.1,Multilabel,32.034209,0.05851668077031567,0.05767188643373477,497,1036,1539,594
64,0.1,0.1,Hoeffding/LTT,32.034209,0.05851668077031567,0.05767188643373477,497,1036,1539,594
64,0.1,0.1,Hoeffding-Bentkus,32.034209,0.05851668077031567,0.05767188643373477,497,1036,1539,594
64,0.1,0.1,IID-normal,32.034209,0.05851668077031567,0.05767188643373477,497,1036,1539,594
64,0.1,0.1,Empirical Bernstein,32.034209,0.05851668077031567,0.05767188643373477,497,1036,1539,594
64,0.1,0.1,Platt calibration,32.034209,0.05851668077031567,0.05767188643373477,497,1036,1539,594
64,0.1,0.1,Isotonic calibration,32.034209,0.05851668077031567,0.05767188643373477,497,1036,1539,594
64,0.2,0.5,Multilabel,19.522089,0.15348702813969373,0.1550055511413762,782,1895,3375,1068
64,0.2,0.5,Hoeffding/LTT,19.522089,0.15348702813969373,0.1550055511413762,782,1895,3375,1068
64,0.2,0.5,Hoeffding-Bentkus,19.522089,0.15348702813969373,0.1550055511413762,782,1895,3375,1068
64,0.2,0.5,IID-normal,19.522089,0.15348702813969373,0.1550055511413762,782,1895,3375,1068
64,0.2,0.5,Empirical Bernstein,19.522089,0.15348702813969373,0.1550055511413762,782,1895,3375,1068
64,0.2,0.5,Platt calibration,23.026196,0.11906915916608968,0.12252129452958836,692,1609,2699,911
64,0.2,0.5,Isotonic calibration,19.522089,0.15348702813969373,0.1550055511413762,782,1895,3375,1068
64,0.2,0.1,Multilabel,19.522089,0.15348702813969373,0.1550055511413762,782,1895,3375,1068
64,0.2,0.1,Hoeffding/LTT,19.522089,0.15348702813969373,0.1550055511413762,782,1895,3375,1068
64,0.2,0.1,Hoeffding-Bentkus,19.522089,0.15348702813969373,0.1550055511413762,782,1895,3375,1068
64,0.2,0.1,IID-normal,19.522089,0.15348702813969373,0.1550055511413762,782,1895,3375,1068
64,0.2,0.1,Empirical Bernstein,19.522089,0.15348702813969373,0.1550055511413762,782,1895,3375,1068
64,0.2,0.1,Platt calibration,23.026196,0.11906915916608968,0.12252129452958836,692,1609,2699,911
64,0.2,0.1,Isotonic calibration,19.522089,0.15348702813969373,0.1550055511413762,782,1895,3375,1068
65,0.05,0.5,Multilabel,37.784172,0.030092571223427445,0.030544399649849886,350,720,973,402
65,0.05,0.5,Hoeffding/LTT,37.784172,0.030092571223427445,0.030544399649849886,350,720,973,402
65,0.05,0.5,Hoeffding-Bentkus,37.784172,0.030092571223427445,0.030544399649849886,350,720,973,402
65,0.05,0.5,IID-normal,37.784172,0.030092571223427445,0.030544399649849886,350,720,973,402
65,0.05,0.5,Empirical Bernstein,37.784172,0.030092571223427445,0.030544399649849886,350,720,973,402
65,0.05,0.5,Platt calibration,44.566222,0.019058773751827067,0.019085703001579777,149,374,523,191
65,0.05,0.5,Isotonic calibration,37.784172,0.030092571223427445,0.030544399649849886,350,720,973,402
65,0.05,0.1,Multilabel,37.784172,0.030092571223427445,0.030544399649849886,350,720,973,402
65,0.05,0.1,Hoeffding/LTT,37.784172,0.030092571223427445,0.030544399649849886,350,720,973,402
65,0.05,0.1,Hoeffding-Bentkus,37.784172,0.030092571223427445,0.030544399649849886,350,720,973,402
65,0.05,0.1,IID-normal,37.784172,0.030092571223427445,0.030544399649849886,350,720,973,402
65,0.05,0.1,Empirical Bernstein,37.784172,0.030092571223427445,0.030544399649849886,350,720,973,402
65,0.05,0.1,Platt calibration,44.566222,0.019058773751827067,0.019085703001579777,149,374,523,191
65,0.05,0.1,Isotonic calibration,37.784172,0.030092571223427445,0.030544399649849886,350,720,973,402
65,0.1,0.5,Multilabel,32.034209,0.059714337000282065,0.05753451064470023,452,980,1457,566
65,0.1,0.5,Hoeffding/LTT,32.034209,0.059714337000282065,0.05753451064470023,452,980,1457,566
65,0.1,0.5,Hoeffding-Bentkus,32.034209,0.059714337000282065,0.05753451064470023,452,980,1457,566
65,0.1,0.5,IID-normal,32.034209,0.059714337000282065,0.05753451064470023,452,980,1457,566
65,0.1,0.5,Empirical Bernstein,32.034209,0.059714337000282065,0.05753451064470023,452,980,1457,566
65,0.1,0.5,Platt calibration,32.034209,0.059714337000282065,0.05753451064470023,452,980,1457,566
65,0.1,0.5,Isotonic calibration,32.034209,0.059714337000282065,0.05753451064470023,452,980,1457,566
65,0.1,0.1,Multilabel,32.034209,0.059714337000282065,0.05753451064470023,452,980,1457,566
65,0.1,0.1,Hoeffding/LTT,32.034209,0.059714337000282065,0.05753451064470023,452,980,1457,566
65,0.1,0.1,Hoeffding-Bentkus,32.034209,0.059714337000282065,0.05753451064470023,452,980,1457,566
65,0.1,0.1,IID-normal,32.034209,0.059714337000282065,0.05753451064470023,452,980,1457,566
65,0.1,0.1,Empirical Bernstein,32.034209,0.059714337000282065,0.05753451064470023,452,980,1457,566
65,0.1,0.1,Platt calibration,32.034209,0.059714337000282065,0.05753451064470023,452,980,1457,566
65,0.1,0.1,Isotonic calibration,32.034209,0.059714337000282065,0.05753451064470023,452,980,1457,566
65,0.2,0.5,Multilabel,19.522089,0.15516045523315314,0.1541841524122868,778,1841,3350,1065
65,0.2,0.5,Hoeffding/LTT,19.522089,0.15516045523315314,0.1541841524122868,778,1841,3350,1065
65,0.2,0.5,Hoeffding-Bentkus,19.522089,0.15516045523315314,0.1541841524122868,778,1841,3350,1065
65,0.2,0.5,IID-normal,19.522089,0.15516045523315314,0.1541841524122868,778,1841,3350,1065
65,0.2,0.5,Empirical Bernstein,19.522089,0.15516045523315314,0.1541841524122868,778,1841,3350,1065
65,0.2,0.5,Platt calibration,19.522089,0.15516045523315314,0.1541841524122868,778,1841,3350,1065
65,0.2,0.5,Isotonic calibration,19.522089,0.15516045523315314,0.1541841524122868,778,1841,3350,1065
65,0.2,0.1,Multilabel,19.522089,0.15516045523315314,0.1541841524122868,778,1841,3350,1065
65,0.2,0.1,Hoeffding/LTT,19.522089,0.15516045523315314,0.1541841524122868,778,1841,3350,1065
65,0.2,0.1,Hoeffding-Bentkus,19.522089,0.15516045523315314,0.1541841524122868,778,1841,3350,1065
65,0.2,0.1,IID-normal,19.522089,0.15516045523315314,0.1541841524122868,778,1841,3350,1065
65,0.2,0.1,Empirical Bernstein,19.522089,0.15516045523315314,0.1541841524122868,778,1841,3350,1065
65,0.2,0.1,Platt calibration,19.522089,0.15516045523315314,0.1541841524122868,778,1841,3350,1065
65,0.2,0.1,Isotonic calibration,19.522089,0.15516045523315314,0.1541841524122868,778,1841,3350,1065
66,0.05,0.5,Multilabel,37.784172,0.03366310228991974,0.031221105776792983,345,650,934,405
66,0.05,0.5,Hoeffding/LTT,37.784172,0.03366310228991974,0.031221105776792983,345,650,934,405
66,0.05,0.5,Hoeffding-Bentkus,37.784172,0.03366310228991974,0.031221105776792983,345,650,934,405
66,0.05,0.5,IID-normal,37.784172,0.03366310228991974,0.031221105776792983,345,650,934,405
66,0.05,0.5,Empirical Bernstein,37.784172,0.03366310228991974,0.031221105776792983,345,650,934,405
66,0.05,0.5,Platt calibration,44.566222,0.02268059081467805,0.01927599454258222,147,321,507,200
66,0.05,0.5,Isotonic calibration,37.784172,0.03366310228991974,0.031221105776792983,345,650,934,405
66,0.05,0.1,Multilabel,37.784172,0.03366310228991974,0.031221105776792983,345,650,934,405
66,0.05,0.1,Hoeffding/LTT,37.784172,0.03366310228991974,0.031221105776792983,345,650,934,405
66,0.05,0.1,Hoeffding-Bentkus,37.784172,0.03366310228991974,0.031221105776792983,345,650,934,405
66,0.05,0.1,IID-normal,37.784172,0.03366310228991974,0.031221105776792983,345,650,934,405
66,0.05,0.1,Empirical Bernstein,37.784172,0.03366310228991974,0.031221105776792983,345,650,934,405
66,0.05,0.1,Platt calibration,44.566222,0.02268059081467805,0.01927599454258222,147,321,507,200
66,0.05,0.1,Isotonic calibration,37.784172,0.03366310228991974,0.031221105776792983,345,650,934,405
66,0.1,0.5,Multilabel,27.159271,0.09359668692463521,0.09030047427559276,571,1181,1971,741
66,0.1,0.5,Hoeffding/LTT,32.034209,0.05933764135702746,0.05775985139136798,459,920,1421,567
66,0.1,0.5,Hoeffding-Bentkus,32.034209,0.05933764135702746,0.05775985139136798,459,920,1421,567
66,0.1,0.5,IID-normal,27.159271,0.09359668692463521,0.09030047427559276,571,1181,1971,741
66,0.1,0.5,Empirical Bernstein,32.034209,0.05933764135702746,0.05775985139136798,459,920,1421,567
66,0.1,0.5,Platt calibration,32.034209,0.05933764135702746,0.05775985139136798,459,920,1421,567
66,0.1,0.5,Isotonic calibration,32.034209,0.05933764135702746,0.05775985139136798,459,920,1421,567
66,0.1,0.1,Multilabel,32.034209,0.05933764135702746,0.05775985139136798,459,920,1421,567
66,0.1,0.1,Hoeffding/LTT,32.034209,0.05933764135702746,0.05775985139136798,459,920,1421,567
66,0.1,0.1,Hoeffding-Bentkus,32.034209,0.05933764135702746,0.05775985139136798,459,920,1421,567
66,0.1,0.1,IID-normal,32.034209,0.05933764135702746,0.05775985139136798,459,920,1421,567
66,0.1,0.1,Empirical Bernstein,32.034209,0.05933764135702746,0.05775985139136798,459,920,1421,567
66,0.1,0.1,Platt calibration,32.034209,0.05933764135702746,0.05775985139136798,459,920,1421,567
66,0.1,0.1,Isotonic calibration,32.034209,0.05933764135702746,0.05775985139136798,459,920,1421,567
66,0.2,0.5,Multilabel,19.522089,0.1606379861387939,0.1535151710991866,788,1781,3292,1090
66,0.2,0.5,Hoeffding/LTT,19.522089,0.1606379861387939,0.1535151710991866,788,1781,3292,1090
66,0.2,0.5,Hoeffding-Bentkus,19.522089,0.1606379861387939,0.1535151710991866,788,1781,3292,1090
66,0.2,0.5,IID-normal,19.522089,0.1606379861387939,0.1535151710991866,788,1781,3292,1090
66,0.2,0.5,Empirical Bernstein,19.522089,0.1606379861387939,0.1535151710991866,788,1781,3292,1090
66,0.2,0.5,Platt calibration,19.522089,0.1606379861387939,0.1535151710991866,788,1781,3292,1090
66,0.2,0.5,Isotonic calibration,19.522089,0.1606379861387939,0.1535151710991866,788,1781,3292,1090
66,0.2,0.1,Multilabel,19.522089,0.1606379861387939,0.1535151710991866,788,1781,3292,1090
66,0.2,0.1,Hoeffding/LTT,19.522089,0.1606379861387939,0.1535151710991866,788,1781,3292,1090
66,0.2,0.1,Hoeffding-Bentkus,19.522089,0.1606379861387939,0.1535151710991866,788,1781,3292,1090
66,0.2,0.1,IID-normal,19.522089,0.1606379861387939,0.1535151710991866,788,1781,3292,1090
66,0.2,0.1,Empirical Bernstein,19.522089,0.1606379861387939,0.1535151710991866,788,1781,3292,1090
66,0.2,0.1,Platt calibration,19.522089,0.1606379861387939,0.1535151710991866,788,1781,3292,1090
66,0.2,0.1,Isotonic calibration,19.522089,0.1606379861387939,0.1535151710991866,788,1781,3292,1090
67,0.05,0.5,Multilabel,37.784172,0.0341672436341257,0.0318004862436142,353,718,1007,413
67,0.05,0.5,Hoeffding/LTT,37.784172,0.0341672436341257,0.0318004862436142,353,718,1007,413
67,0.05,0.5,Hoeffding-Bentkus,37.784172,0.0341672436341257,0.0318004862436142,353,718,1007,413
67,0.05,0.5,IID-normal,37.784172,0.0341672436341257,0.0318004862436142,353,718,1007,413
67,0.05,0.5,Empirical Bernstein,37.784172,0.0341672436341257,0.0318004862436142,353,718,1007,413
67,0.05,0.5,Platt calibration,44.566222,0.021827063620278482,0.020255277897457992,148,371,542,198
67,0.05,0.5,Isotonic calibration,37.784172,0.0341672436341257,0.0318004862436142,353,718,1007,413
67,0.05,0.1,Multilabel,37.784172,0.0341672436341257,0.0318004862436142,353,718,1007,413
67,0.05,0.1,Hoeffding/LTT,37.784172,0.0341672436341257,0.0318004862436142,353,718,1007,413
67,0.05,0.1,Hoeffding-Bentkus,37.784172,0.0341672436341257,0.0318004862436142,353,718,1007,413
67,0.05,0.1,IID-normal,37.784172,0.0341672436341257,0.0318004862436142,353,718,1007,413
67,0.05,0.1,Empirical Bernstein,37.784172,0.0341672436341257,0.0318004862436142,353,718,1007,413
67,0.05,0.1,Platt calibration,44.566222,0.021827063620278482,0.020255277897457992,148,371,542,198
67,0.05,0.1,Isotonic calibration,37.784172,0.0341672436341257,0.0318004862436142,353,718,1007,413
67,0.1,0.5,Multilabel,32.034209,0.061840269764340844,0.05841980228828569,479,997,1507,588
67,0.1,0.5,Hoeffding/LTT,32.034209,0.061840269764340844,0.05841980228828569,479,997,1507,588
67,0.1,0.5,Hoeffding-Bentkus,32.034209,0.061840269764340844,0.05841980228828569,479,997,1507,588
67,0.1,0.5,IID-normal,32.034209,0.061840269764340844,0.05841980228828569,479,997,1507,588
67,0.1,0.5,Empirical Bernstein,32.034209,0.061840269764340844,0.05841980228828569,479,997,1507,588
67,0.1,0.5,Platt calibration,32.034209,0.061840269764340844,0.05841980228828569,479,997,1507,588
67,0.1,0.5,Isotonic calibration,32.034209,0.061840269764340844,0.05841980228828569,479,997,1507,588
67,0.1,0.1,Multilabel,32.034209,0.061840269764340844,0.05841980228828569,479,997,1507,588
67,0.1,0.1,Hoeffding/LTT,32.034209,0.061840269764340844,0.05841980228828569,479,997,1507,588
67,0.1,0.1,Hoeffding-Bentkus,32.034209,0.061840269764340844,0.05841980228828569,479,997,1507,588
67,0.1,0.1,IID-normal,32.034209,0.061840269764340844,0.05841980228828569,479,997,1507,588
67,0.1,0.1,Empirical Bernstein,32.034209,0.061840269764340844,0.05841980228828569,479,997,1507,588
67,0.1,0.1,Platt calibration,32.034209,0.061840269764340844,0.05841980228828569,479,997,1507,588
67,0.1,0.1,Isotonic calibration,32.034209,0.061840269764340844,0.05841980228828569,479,997,1507,588
67,0.2,0.5,Multilabel,19.522089,0.1597851349870736,0.15506462964724488,777,1882,3417,1078
67,0.2,0.5,Hoeffding/LTT,19.522089,0.1597851349870736,0.15506462964724488,777,1882,3417,1078
67,0.2,0.5,Hoeffding-Bentkus,19.522089,0.1597851349870736,0.15506462964724488,777,1882,3417,1078
67,0.2,0.5,IID-normal,19.522089,0.1597851349870736,0.15506462964724488,777,1882,3417,1078
67,0.2,0.5,Empirical Bernstein,19.522089,0.1597851349870736,0.15506462964724488,777,1882,3417,1078
67,0.2,0.5,Platt calibration,19.522089,0.1597851349870736,0.15506462964724488,777,1882,3417,1078
67,0.2,0.5,Isotonic calibration,19.522089,0.1597851349870736,0.15506462964724488,777,1882,3417,1078
67,0.2,0.1,Multilabel,19.522089,0.1597851349870736,0.15506462964724488,777,1882,3417,1078
67,0.2,0.1,Hoeffding/LTT,19.522089,0.1597851349870736,0.15506462964724488,777,1882,3417,1078
67,0.2,0.1,Hoeffding-Bentkus,19.522089,0.1597851349870736,0.15506462964724488,777,1882,3417,1078
67,0.2,0.1,IID-normal,19.522089,0.1597851349870736,0.15506462964724488,777,1882,3417,1078
67,0.2,0.1,Empirical Bernstein,19.522089,0.1597851349870736,0.15506462964724488,777,1882,3417,1078
67,0.2,0.1,Platt calibration,19.522089,0.1597851349870736,0.15506462964724488,777,1882,3417,1078
67,0.2,0.1,Isotonic calibration,19.522089,0.1597851349870736,0.15506462964724488,777,1882,3417,1078
68,0.05,0.5,Multilabel,37.784172,0.03184988588865809,0.031808564658090725,347,773,1032,401
68,0.05,0.5,Hoeffding/LTT,37.784172,0.03184988588865809,0.031808564658090725,347,773,1032,401
68,0.05,0.5,Hoeffding-Bentkus,37.784172,0.03184988588865809,0.031808564658090725,347,773,1032,401
68,0.05,0.5,IID-normal,37.784172,0.03184988588865809,0.031808564658090725,347,773,1032,401
68,0.05,0.5,Empirical Bernstein,37.784172,0.03184988588865809,0.031808564658090725,347,773,1032,401
68,0.05,0.5,Platt calibration,44.566222,0.019654204169551506,0.020102300937608997,159,435,593,203
68,0.05,0.5,Isotonic calibration,37.784172,0.03184988588865809,0.031808564658090725,347,773,1032,401
68,0.05,0.1,Multilabel,37.784172,0.03184988588865809,0.031808564658090725,347,773,1032,401
68,0.05,0.1,Hoeffding/LTT,44.566222,0.019654204169551506,0.020102300937608997,159,435,593,203
68,0.05,0.1,Hoeffding-Bentkus,37.784172,0.03184988588865809,0.031808564658090725,347,773,1032,401
68,0.05,0.1,IID-normal,37.784172,0.03184988588865809,0.031808564658090725,347,773,1032,401
68,0.05,0.1,Empirical Bernstein,37.784172,0.03184988588865809,0.031808564658090725,347,773,1032,401
68,0.05,0.1,Platt calibration,44.566222,0.019654204169551506,0.020102300937608997,159,435,593,203
68,0.05,0.1,Isotonic calibration,37.784172,0.03184988588865809,0.031808564658090725,347,773,1032,401
68,0.1,0.5,Multilabel,32.034209,0.054099546118932224,0.05734986117095122,457,1031,1482,555
68,0.1,0.5,Hoeffding/LTT,32.034209,0.054099546118932224,0.05734986117095122,457,1031,1482,555
68,0.1,0.5,Hoeffding-Bentkus,32.034209,0.054099546118932224,0.05734986117095122,457,1031,1482,555
68,0.1,0.5,IID-normal,32.034209,0.054099546118932224,0.05734986117095122,457,1031,1482,555
68,0.1,0.5,Empirical Bernstein,32.034209,0.054099546118932224,0.05734986117095122,457,1031,1482,555
68,0.1,0.5,Platt calibration,32.034209,0.054099546118932224,0.05734986117095122,457,1031,1482,555
68,0.1,0.5,Isotonic calibration,32.034209,0.054099546118932224,0.05734986117095122,457,1031,1482,555
68,0.1,0.1,Multilabel,32.034209,0.054099546118932224,0.05734986117095122,457,1031,1482,555
68,0.1,0.1,Hoeffding/LTT,32.034209,0.054099546118932224,0.05734986117095122,457,1031,1482,555
68,0.1,0.1,Hoeffding-Bentkus,32.034209,0.054099546118932224,0.05734986117095122,457,1031,1482,555
68,0.1,0.1,IID-normal,32.034209,0.054099546118932224,0.05734986117095122,457,1031,1482,555
68,0.1,0.1,Empirical Bernstein,32.034209,0.054099546118932224,0.05734986117095122,457,1031,1482,555
68,0.1,0.1,Platt calibration,32.034209,0.054099546118932224,0.05734986117095122,457,1031,1482,555
68,0.1,0.1,Isotonic calibration,32.034209,0.054099546118932224,0.05734986117095122,457,1031,1482,555
68,0.2,0.5,Multilabel,19.522089,0.14836464110292866,0.15233005720403392,760,1879,3289,1037
68,0.2,0.5,Hoeffding/LTT,19.522089,0.14836464110292866,0.15233005720403392,760,1879,3289,1037
68,0.2,0.5,Hoeffding-Bentkus,19.522089,0.14836464110292866,0.15233005720403392,760,1879,3289,1037
68,0.2,0.5,IID-normal,19.522089,0.14836464110292866,0.15233005720403392,760,1879,3289,1037
68,0.2,0.5,Empirical Bernstein,19.522089,0.14836464110292866,0.15233005720403392,760,1879,3289,1037
68,0.2,0.5,Platt calibration,19.522089,0.14836464110292866,0.15233005720403392,760,1879,3289,1037
68,0.2,0.5,Isotonic calibration,19.522089,0.14836464110292866,0.15233005720403392,760,1879,3289,1037
68,0.2,0.1,Multilabel,19.522089,0.14836464110292866,0.15233005720403392,760,1879,3289,1037
68,0.2,0.1,Hoeffding/LTT,19.522089,0.14836464110292866,0.15233005720403392,760,1879,3289,1037
68,0.2,0.1,Hoeffding-Bentkus,19.522089,0.14836464110292866,0.15233005720403392,760,1879,3289,1037
68,0.2,0.1,IID-normal,19.522089,0.14836464110292866,0.15233005720403392,760,1879,3289,1037
68,0.2,0.1,Empirical Bernstein,19.522089,0.14836464110292866,0.15233005720403392,760,1879,3289,1037
68,0.2,0.1,Platt calibration,19.522089,0.14836464110292866,0.15233005720403392,760,1879,3289,1037
68,0.2,0.1,Isotonic calibration,19.522089,0.14836464110292866,0.15233005720403392,760,1879,3289,1037
69,0.05,0.5,Multilabel,37.784172,0.02702079647152345,0.030436089055757305,330,650,851,378
69,0.05,0.5,Hoeffding/LTT,37.784172,0.02702079647152345,0.030436089055757305,330,650,851,378
69,0.05,0.5,Hoeffding-Bentkus,37.784172,0.02702079647152345,0.030436089055757305,330,650,851,378
69,0.05,0.5,IID-normal,37.784172,0.02702079647152345,0.030436089055757305,330,650,851,378
69,0.05,0.5,Empirical Bernstein,37.784172,0.02702079647152345,0.030436089055757305,330,650,851,378
69,0.05,0.5,Platt calibration,44.566222,0.015686591276252018,0.019079932705525122,130,322,433,166
69,0.05,0.5,Isotonic calibration,37.784172,0.02702079647152345,0.030436089055757305,330,650,851,378
69,0.05,0.1,Multilabel,37.784172,0.02702079647152345,0.030436089055757305,330,650,851,378
69,0.05,0.1,Hoeffding/LTT,44.566222,0.015686591276252018,0.019079932705525122,130,322,433,166
69,0.05,0.1,Hoeffding-Bentkus,37.784172,0.02702079647152345,0.030436089055757305,330,650,851,378
69,0.05,0.1,IID-normal,37.784172,0.02702079647152345,0.030436089055757305,330,650,851,378
69,0.05,0.1,Empirical Bernstein,37.784172,0.02702079647152345,0.030436089055757305,330,650,851,378
69,0.05,0.1,Platt calibration,44.566222,0.015686591276252018,0.019079932705525122,130,322,433,166
69,0.05,0.1,Isotonic calibration,37.784172,0.02702079647152345,0.030436089055757305,330,650,851,378
69,0.1,0.5,Multilabel,27.159271,0.09135625817370566,0.08920343413826827,553,1144,1839,735
69,0.1,0.5,Hoeffding/LTT,32.034209,0.0533462830474139,0.056301889921558164,442,897,1295,544
69,0.1,0.5,Hoeffding-Bentkus,32.034209,0.0533462830474139,0.056301889921558164,442,897,1295,544
69,0.1,0.5,IID-normal,27.159271,0.09135625817370566,0.08920343413826827,553,1144,1839,735
69,0.1,0.5,Empirical Bernstein,32.034209,0.0533462830474139,0.056301889921558164,442,897,1295,544
69,0.1,0.5,Platt calibration,32.034209,0.0533462830474139,0.056301889921558164,442,897,1295,544
69,0.1,0.5,Isotonic calibration,32.034209,0.0533462830474139,0.056301889921558164,442,897,1295,544
69,0.1,0.1,Multilabel,32.034209,0.0533462830474139,0.056301889921558164,442,897,1295,544
69,0.1,0.1,Hoeffding/LTT,32.034209,0.0533462830474139,0.056301889921558164,442,897,1295,544
69,0.1,0.1,Hoeffding-Bentkus,32.034209,0.0533462830474139,0.056301889921558164,442,897,1295,544
69,0.1,0.1,IID-normal,32.034209,0.0533462830474139,0.056301889921558164,442,897,1295,544
69,0.1,0.1,Empirical Bernstein,32.034209,0.0533462830474139,0.056301889921558164,442,897,1295,544
69,0.1,0.1,Platt calibration,32.034209,0.0533462830474139,0.056301889921558164,442,897,1295,544
69,0.1,0.1,Isotonic calibration,32.034209,0.0533462830474139,0.056301889921558164,442,897,1295,544
69,0.2,0.5,Multilabel,19.522089,0.15887395767040355,0.1531223091380351,756,1753,3222,1069
69,0.2,0.5,Hoeffding/LTT,19.522089,0.15887395767040355,0.1531223091380351,756,1753,3222,1069
69,0.2,0.5,Hoeffding-Bentkus,19.522089,0.15887395767040355,0.1531223091380351,756,1753,3222,1069
69,0.2,0.5,IID-normal,19.522089,0.15887395767040355,0.1531223091380351,756,1753,3222,1069
69,0.2,0.5,Empirical Bernstein,19.522089,0.15887395767040355,0.1531223091380351,756,1753,3222,1069
69,0.2,0.5,Platt calibration,19.522089,0.15887395767040355,0.1531223091380351,756,1753,3222,1069
69,0.2,0.5,Isotonic calibration,19.522089,0.15887395767040355,0.1531223091380351,756,1753,3222,1069
69,0.2,0.1,Multilabel,19.522089,0.15887395767040355,0.1531223091380351,756,1753,3222,1069
69,0.2,0.1,Hoeffding/LTT,19.522089,0.15887395767040355,0.1531223091380351,756,1753,3222,1069
69,0.2,0.1,Hoeffding-Bentkus,19.522089,0.15887395767040355,0.1531223091380351,756,1753,3222,1069
69,0.2,0.1,IID-normal,19.522089,0.15887395767040355,0.1531223091380351,756,1753,3222,1069
69,0.2,0.1,Empirical Bernstein,19.522089,0.15887395767040355,0.1531223091380351,756,1753,3222,1069
69,0.2,0.1,Platt calibration,19.522089,0.15887395767040355,0.1531223091380351,756,1753,3222,1069
69,0.2,0.1,Isotonic calibration,19.522089,0.15887395767040355,0.1531223091380351,756,1753,3222,1069
70,0.05,0.5,Multilabel,37.784172,0.031396774110829036,0.031571084918241316,388,742,998,439
70,0.05,0.5,Hoeffding/LTT,37.784172,0.031396774110829036,0.031571084918241316,388,742,998,439
70,0.05,0.5,Hoeffding-Bentkus,37.784172,0.031396774110829036,0.031571084918241316,388,742,998,439
70,0.05,0.5,IID-normal,37.784172,0.031396774110829036,0.031571084918241316,388,742,998,439
70,0.05,0.5,Empirical Bernstein,37.784172,0.031396774110829036,0.031571084918241316,388,742,998,439
70,0.05,0.5,Platt calibration,44.566222,0.02046426648203708,0.020148463306046246,156,367,524,202
70,0.05,0.5,Isotonic calibration,37.784172,0.031396774110829036,0.031571084918241316,388,742,998,439
70,0.05,0.1,Multilabel,37.784172,0.031396774110829036,0.031571084918241316,388,742,998,439
70,0.05,0.1,Hoeffding/LTT,37.784172,0.031396774110829036,0.031571084918241316,388,742,998,439
70,0.05,0.1,Hoeffding-Bentkus,37.784172,0.031396774110829036,0.031571084918241316,388,742,998,439
70,0.05,0.1,IID-normal,37.784172,0.031396774110829036,0.031571084918241316,388,742,998,439
70,0.05,0.1,Empirical Bernstein,37.784172,0.031396774110829036,0.031571084918241316,388,742,998,439
70,0.05,0.1,Platt calibration,44.566222,0.02046426648203708,0.020148463306046246,156,367,524,202
70,0.05,0.1,Isotonic calibration,37.784172,0.031396774110829036,0.031571084918241316,388,742,998,439
70,0.1,0.5,Multilabel,32.034209,0.060108982742262215,0.05794569766726165,487,994,1466,593
70,0.1,0.5,Hoeffding/LTT,32.034209,0.060108982742262215,0.05794569766726165,487,994,1466,593
70,0.1,0.5,Hoeffding-Bentkus,32.034209,0.060108982742262215,0.05794569766726165,487,994,1466,593
70,0.1,0.5,IID-normal,32.034209,0.060108982742262215,0.05794569766726165,487,994,1466,593
70,0.1,0.5,Empirical Bernstein,32.034209,0.060108982742262215,0.05794569766726165,487,994,1466,593
70,0.1,0.5,Platt calibration,32.034209,0.060108982742262215,0.05794569766726165,487,994,1466,593
70,0.1,0.5,Isotonic calibration,32.034209,0.060108982742262215,0.05794569766726165,487,994,1466,593
70,0.1,0.1,Multilabel,32.034209,0.060108982742262215,0.05794569766726165,487,994,1466,593
70,0.1,0.1,Hoeffding/LTT,32.034209,0.060108982742262215,0.05794569766726165,487,994,1466,593
70,0.1,0.1,Hoeffding-Bentkus,32.034209,0.060108982742262215,0.05794569766726165,487,994,1466,593
70,0.1,0.1,IID-normal,32.034209,0.060108982742262215,0.05794569766726165,487,994,1466,593
70,0.1,0.1,Empirical Bernstein,32.034209,0.060108982742262215,0.05794569766726165,487,994,1466,593
70,0.1,0.1,Platt calibration,32.034209,0.060108982742262215,0.05794569766726165,487,994,1466,593
70,0.1,0.1,Isotonic calibration,32.034209,0.060108982742262215,0.05794569766726165,487,994,1466,593
70,0.2,0.5,Multilabel,19.522089,0.1521582895653978,0.15543602688421732,802,1883,3324,1078
70,0.2,0.5,Hoeffding/LTT,19.522089,0.1521582895653978,0.15543602688421732,802,1883,3324,1078
70,0.2,0.5,Hoeffding-Bentkus,19.522089,0.1521582895653978,0.15543602688421732,802,1883,3324,1078
70,0.2,0.5,IID-normal,19.522089,0.1521582895653978,0.15543602688421732,802,1883,3324,1078
70,0.2,0.5,Empirical Bernstein,19.522089,0.1521582895653978,0.15543602688421732,802,1883,3324,1078
70,0.2,0.5,Platt calibration,23.026196,0.12023847988306792,0.12281130533500201,704,1574,2651,918
70,0.2,0.5,Isotonic calibration,19.522089,0.1521582895653978,0.15543602688421732,802,1883,3324,1078
70,0.2,0.1,Multilabel,19.522089,0.1521582895653978,0.15543602688421732,802,1883,3324,1078
70,0.2,0.1,Hoeffding/LTT,19.522089,0.1521582895653978,0.15543602688421732,802,1883,3324,1078
70,0.2,0.1,Hoeffding-Bentkus,19.522089,0.1521582895653978,0.15543602688421732,802,1883,3324,1078
70,0.2,0.1,IID-normal,19.522089,0.1521582895653978,0.15543602688421732,802,1883,3324,1078
70,0.2,0.1,Empirical Bernstein,19.522089,0.1521582895653978,0.15543602688421732,802,1883,3324,1078
70,0.2,0.1,Platt calibration,23.026196,0.12023847988306792,0.12281130533500201,704,1574,2651,918
70,0.2,0.1,Isotonic calibration,19.522089,0.1521582895653978,0.15543602688421732,802,1883,3324,1078
71,0.05,0.5,Multilabel,37.784172,0.029558042926378952,0.03047934490470035,329,690,935,372
71,0.05,0.5,Hoeffding/LTT,37.784172,0.029558042926378952,0.03047934490470035,329,690,935,372
71,0.05,0.5,Hoeffding-Bentkus,37.784172,0.029558042926378952,0.03047934490470035,329,690,935,372
71,0.05,0.5,IID-normal,37.784172,0.029558042926378952,0.03047934490470035,329,690,935,372
71,0.05,0.5,Empirical Bernstein,37.784172,0.029558042926378952,0.03047934490470035,329,690,935,372
71,0.05,0.5,Platt calibration,44.566222,0.018861066235864296,0.01936216429699842,153,383,537,191
71,0.05,0.5,Isotonic calibration,37.784172,0.029558042926378952,0.03047934490470035,329,690,935,372
71,0.05,0.1,Multilabel,37.784172,0.029558042926378952,0.03047934490470035,329,690,935,372
71,0.05,0.1,Hoeffding/LTT,37.784172,0.029558042926378952,0.03047934490470035,329,690,935,372
71,0.05,0.1,Hoeffding-Bentkus,37.784172,0.029558042926378952,0.03047934490470035,329,690,935,372
71,0.05,0.1,IID-normal,37.784172,0.029558042926378952,0.03047934490470035,329,690,935,372
71,0.05,0.1,Empirical Bernstein,37.784172,0.029558042926378952,0.03047934490470035,329,690,935,372
71,0.05,0.1,Platt calibration,44.566222,0.018861066235864296,0.01936216429699842,153,383,537,191
71,0.05,0.1,Isotonic calibration,37.784172,0.029558042926378952,0.03047934490470035,329,690,935,372
71,0.1,0.5,Multilabel,27.159271,0.09349616637177219,0.08914996272816178,534,1188,1943,714
71,0.1,0.5,Hoeffding/LTT,32.034209,0.05674103136138677,0.057081307318274134,438,942,1395,538
71,0.1,0.5,Hoeffding-Bentkus,32.034209,0.05674103136138677,0.057081307318274134,438,942,1395,538
71,0.1,0.5,IID-normal,27.159271,0.09349616637177219,0.08914996272816178,534,1188,1943,714
71,0.1,0.5,Empirical Bernstein,32.034209,0.05674103136138677,0.057081307318274134,438,942,1395,538
71,0.1,0.5,Platt calibration,32.034209,0.05674103136138677,0.057081307318274134,438,942,1395,538
71,0.1,0.5,Isotonic calibration,32.034209,0.05674103136138677,0.057081307318274134,438,942,1395,538
71,0.1,0.1,Multilabel,32.034209,0.05674103136138677,0.057081307318274134,438,942,1395,538
71,0.1,0.1,Hoeffding/LTT,32.034209,0.05674103136138677,0.057081307318274134,438,942,1395,538
71,0.1,0.1,Hoeffding-Bentkus,32.034209,0.05674103136138677,0.057081307318274134,438,942,1395,538
71,0.1,0.1,IID-normal,32.034209,0.05674103136138677,0.057081307318274134,438,942,1395,538
71,0.1,0.1,Empirical Bernstein,32.034209,0.05674103136138677,0.057081307318274134,438,942,1395,538
71,0.1,0.1,Platt calibration,32.034209,0.05674103136138677,0.057081307318274134,438,942,1395,538
71,0.1,0.1,Isotonic calibration,32.034209,0.05674103136138677,0.057081307318274134,438,942,1395,538
71,0.2,0.5,Multilabel,19.522089,0.15590853142549427,0.1507668704028032,737,1749,3207,1034
71,0.2,0.5,Hoeffding/LTT,19.522089,0.15590853142549427,0.1507668704028032,737,1749,3207,1034
71,0.2,0.5,Hoeffding-Bentkus,19.522089,0.15590853142549427,0.1507668704028032,737,1749,3207,1034
71,0.2,0.5,IID-normal,19.522089,0.15590853142549427,0.1507668704028032,737,1749,3207,1034
71,0.2,0.5,Empirical Bernstein,19.522089,0.15590853142549427,0.1507668704028032,737,1749,3207,1034
71,0.2,0.5,Platt calibration,19.522089,0.15590853142549427,0.1507668704028032,737,1749,3207,1034
71,0.2,0.5,Isotonic calibration,19.522089,0.15590853142549427,0.1507668704028032,737,1749,3207,1034
71,0.2,0.1,Multilabel,19.522089,0.15590853142549427,0.1507668704028032,737,1749,3207,1034
71,0.2,0.1,Hoeffding/LTT,19.522089,0.15590853142549427,0.1507668704028032,737,1749,3207,1034
71,0.2,0.1,Hoeffding-Bentkus,19.522089,0.15590853142549427,0.1507668704028032,737,1749,3207,1034
71,0.2,0.1,IID-normal,19.522089,0.15590853142549427,0.1507668704028032,737,1749,3207,1034
71,0.2,0.1,Empirical Bernstein,19.522089,0.15590853142549427,0.1507668704028032,737,1749,3207,1034
71,0.2,0.1,Platt calibration,19.522089,0.15590853142549427,0.1507668704028032,737,1749,3207,1034
71,0.2,0.1,Isotonic calibration,19.522089,0.15590853142549427,0.1507668704028032,737,1749,3207,1034
72,0.05,0.5,Multilabel,37.784172,0.033964407518527064,0.03131984195372821,360,735,1019,418
72,0.05,0.5,Hoeffding/LTT,37.784172,0.033964407518527064,0.03131984195372821,360,735,1019,418
72,0.05,0.5,Hoeffding-Bentkus,37.784172,0.033964407518527064,0.03131984195372821,360,735,1019,418
72,0.05,0.5,IID-normal,37.784172,0.033964407518527064,0.03131984195372821,360,735,1019,418
72,0.05,0.5,Empirical Bernstein,37.784172,0.033964407518527064,0.03131984195372821,360,735,1019,418
72,0.05,0.5,Platt calibration,44.566222,0.02159666128163705,0.019349213188075746,162,399,574,212
72,0.05,0.5,Isotonic calibration,37.784172,0.033964407518527064,0.03131984195372821,360,735,1019,418
72,0.05,0.1,Multilabel,37.784172,0.033964407518527064,0.03131984195372821,360,735,1019,418
72,0.05,0.1,Hoeffding/LTT,37.784172,0.033964407518527064,0.03131984195372821,360,735,1019,418
72,0.05,0.1,Hoeffding-Bentkus,37.784172,0.033964407518527064,0.03131984195372821,360,735,1019,418
72,0.05,0.1,IID-normal,37.784172,0.033964407518527064,0.03131984195372821,360,735,1019,418
72,0.05,0.1,Empirical Bernstein,37.784172,0.033964407518527064,0.03131984195372821,360,735,1019,418
72,0.05,0.1,Platt calibration,44.566222,0.02159666128163705,0.019349213188075746,162,399,574,212
72,0.05,0.1,Isotonic calibration,37.784172,0.033964407518527064,0.03131984195372821,360,735,1019,418
72,0.1,0.5,Multilabel,32.034209,0.06234082108880171,0.058101965833008494,466,1009,1506,584
72,0.1,0.5,Hoeffding/LTT,32.034209,0.06234082108880171,0.058101965833008494,466,1009,1506,584
72,0.1,0.5,Hoeffding-Bentkus,32.034209,0.06234082108880171,0.058101965833008494,466,1009,1506,584
72,0.1,0.5,IID-normal,32.034209,0.06234082108880171,0.058101965833008494,466,1009,1506,584
72,0.1,0.5,Empirical Bernstein,32.034209,0.06234082108880171,0.058101965833008494,466,1009,1506,584
72,0.1,0.5,Platt calibration,32.034209,0.06234082108880171,0.058101965833008494,466,1009,1506,584
72,0.1,0.5,Isotonic calibration,32.034209,0.06234082108880171,0.058101965833008494,466,1009,1506,584
72,0.1,0.1,Multilabel,32.034209,0.06234082108880171,0.058101965833008494,466,1009,1506,584
72,0.1,0.1,Hoeffding/LTT,32.034209,0.06234082108880171,0.058101965833008494,466,1009,1506,584
72,0.1,0.1,Hoeffding-Bentkus,32.034209,0.06234082108880171,0.058101965833008494,466,1009,1506,584
72,0.1,0.1,IID-normal,32.034209,0.06234082108880171,0.058101965833008494,466,1009,1506,584
72,0.1,0.1,Empirical Bernstein,32.034209,0.06234082108880171,0.058101965833008494,466,1009,1506,584
72,0.1,0.1,Platt calibration,32.034209,0.06234082108880171,0.058101965833008494,466,1009,1506,584
72,0.1,0.1,Isotonic calibration,32.034209,0.06234082108880171,0.058101965833008494,466,1009,1506,584
72,0.2,0.5,Multilabel,19.522089,0.15640778894413787,0.15377901934343122,766,1872,3371,1066
72,0.2,0.5,Hoeffding/LTT,19.522089,0.15640778894413787,0.15377901934343122,766,1872,3371,1066
72,0.2,0.5,Hoeffding-Bentkus,19.522089,0.15640778894413787,0.15377901934343122,766,1872,3371,1066
72,0.2,0.5,IID-normal,19.522089,0.15640778894413787,0.15377901934343122,766,1872,3371,1066
72,0.2,0.5,Empirical Bernstein,19.522089,0.15640778894413787,0.15377901934343122,766,1872,3371,1066
72,0.2,0.5,Platt calibration,19.522089,0.15640778894413787,0.15377901934343122,766,1872,3371,1066
72,0.2,0.5,Isotonic calibration,19.522089,0.15640778894413787,0.15377901934343122,766,1872,3371,1066
72,0.2,0.1,Multilabel,19.522089,0.15640778894413787,0.15377901934343122,766,1872,3371,1066
72,0.2,0.1,Hoeffding/LTT,19.522089,0.15640778894413787,0.15377901934343122,766,1872,3371,1066
72,0.2,0.1,Hoeffding-Bentkus,19.522089,0.15640778894413787,0.15377901934343122,766,1872,3371,1066
72,0.2,0.1,IID-normal,19.522089,0.15640778894413787,0.15377901934343122,766,1872,3371,1066
72,0.2,0.1,Empirical Bernstein,19.522089,0.15640778894413787,0.15377901934343122,766,1872,3371,1066
72,0.2,0.1,Platt calibration,19.522089,0.15640778894413787,0.15377901934343122,766,1872,3371,1066
72,0.2,0.1,Isotonic calibration,19.522089,0.15640778894413787,0.15377901934343122,766,1872,3371,1066
73,0.05,0.5,Multilabel,37.784172,0.029693181526784112,0.030987985816184862,334,706,977,382
73,0.05,0.5,Hoeffding/LTT,37.784172,0.029693181526784112,0.030987985816184862,334,706,977,382
73,0.05,0.5,Hoeffding-Bentkus,37.784172,0.029693181526784112,0.030987985816184862,334,706,977,382
73,0.05,0.5,IID-normal,37.784172,0.029693181526784112,0.030987985816184862,334,706,977,382
73,0.05,0.5,Empirical Bernstein,37.784172,0.029693181526784112,0.030987985816184862,334,706,977,382
73,0.05,0.5,Platt calibration,44.566222,0.021203554119547656,0.019707740916271723,155,384,563,199
73,0.05,0.5,Isotonic calibration,37.784172,0.029693181526784112,0.030987985816184862,334,706,977,382
73,0.05,0.1,Multilabel,37.784172,0.029693181526784112,0.030987985816184862,334,706,977,382
73,0.05,0.1,Hoeffding/LTT,37.784172,0.029693181526784112,0.030987985816184862,334,706,977,382
73,0.05,0.1,Hoeffding-Bentkus,37.784172,0.029693181526784112,0.030987985816184862,334,706,977,382
73,0.05,0.1,IID-normal,37.784172,0.029693181526784112,0.030987985816184862,334,706,977,382
73,0.05,0.1,Empirical Bernstein,37.784172,0.029693181526784112,0.030987985816184862,334,706,977,382
73,0.05,0.1,Platt calibration,44.566222,0.021203554119547656,0.019707740916271723,155,384,563,199
73,0.05,0.1,Isotonic calibration,37.784172,0.029693181526784112,0.030987985816184862,334,706,977,382
73,0.1,0.5,Multilabel,32.034209,0.05473741569864349,0.057558019258256224,467,994,1471,560
73,0.1,0.5,Hoeffding/LTT,32.034209,0.05473741569864349,0.057558019258256224,467,994,1471,560
73,0.1,0.5,Hoeffding-Bentkus,32.034209,0.05473741569864349,0.057558019258256224,467,994,1471,560
73,0.1,0.5,IID-normal,32.034209,0.05473741569864349,0.057558019258256224,467,994,1471,560
73,0.1,0.5,Empirical Bernstein,32.034209,0.05473741569864349,0.057558019258256224,467,994,1471,560
73,0.1,0.5,Platt calibration,32.034209,0.05473741569864349,0.057558019258256224,467,994,1471,560
73,0.1,0.5,Isotonic calibration,32.034209,0.05473741569864349,0.057558019258256224,467,994,1471,560
73,0.1,0.1,Multilabel,32.034209,0.05473741569864349,0.057558019258256224,467,994,1471,560
73,0.1,0.1,Hoeffding/LTT,32.034209,0.05473741569864349,0.057558019258256224,467,994,1471,560
73,0.1,0.1,Hoeffding-Bentkus,32.034209,0.05473741569864349,0.057558019258256224,467,994,1471,560
73,0.1,0.1,IID-normal,32.034209,0.05473741569864349,0.057558019258256224,467,994,1471,560
73,0.1,0.1,Empirical Bernstein,32.034209,0.05473741569864349,0.057558019258256224,467,994,1471,560
73,0.1,0.1,Platt calibration,32.034209,0.05473741569864349,0.057558019258256224,467,994,1471,560
73,0.1,0.1,Isotonic calibration,32.034209,0.05473741569864349,0.057558019258256224,467,994,1471,560
73,0.2,0.5,Multilabel,19.522089,0.1567751132371488,0.15449970017774842,761,1863,3347,1062
73,0.2,0.5,Hoeffding/LTT,19.522089,0.1567751132371488,0.15449970017774842,761,1863,3347,1062
73,0.2,0.5,Hoeffding-Bentkus,19.522089,0.1567751132371488,0.15449970017774842,761,1863,3347,1062
73,0.2,0.5,IID-normal,19.522089,0.1567751132371488,0.15449970017774842,761,1863,3347,1062
73,0.2,0.5,Empirical Bernstein,19.522089,0.1567751132371488,0.15449970017774842,761,1863,3347,1062
73,0.2,0.5,Platt calibration,19.522089,0.1567751132371488,0.15449970017774842,761,1863,3347,1062
73,0.2,0.5,Isotonic calibration,19.522089,0.1567751132371488,0.15449970017774842,761,1863,3347,1062
73,0.2,0.1,Multilabel,19.522089,0.1567751132371488,0.15449970017774842,761,1863,3347,1062
73,0.2,0.1,Hoeffding/LTT,19.522089,0.1567751132371488,0.15449970017774842,761,1863,3347,1062
73,0.2,0.1,Hoeffding-Bentkus,19.522089,0.1567751132371488,0.15449970017774842,761,1863,3347,1062
73,0.2,0.1,IID-normal,19.522089,0.1567751132371488,0.15449970017774842,761,1863,3347,1062
73,0.2,0.1,Empirical Bernstein,19.522089,0.1567751132371488,0.15449970017774842,761,1863,3347,1062
73,0.2,0.1,Platt calibration,19.522089,0.1567751132371488,0.15449970017774842,761,1863,3347,1062
73,0.2,0.1,Isotonic calibration,19.522089,0.1567751132371488,0.15449970017774842,761,1863,3347,1062
74,0.05,0.5,Multilabel,37.784172,0.03457483909018643,0.03206835620935147,351,699,983,413
74,0.05,0.5,Hoeffding/LTT,37.784172,0.03457483909018643,0.03206835620935147,351,699,983,413
74,0.05,0.5,Hoeffding-Bentkus,37.784172,0.03457483909018643,0.03206835620935147,351,699,983,413
74,0.05,0.5,IID-normal,37.784172,0.03457483909018643,0.03206835620935147,351,699,983,413
74,0.05,0.5,Empirical Bernstein,37.784172,0.03457483909018643,0.03206835620935147,351,699,983,413
74,0.05,0.5,Platt calibration,44.566222,0.021280098469113006,0.020311826798793623,159,369,534,208
74,0.05,0.5,Isotonic calibration,37.784172,0.03457483909018643,0.03206835620935147,351,699,983,413
74,0.05,0.1,Multilabel,37.784172,0.03457483909018643,0.03206835620935147,351,699,983,413
74,0.05,0.1,Hoeffding/LTT,37.784172,0.03457483909018643,0.03206835620935147,351,699,983,413
74,0.05,0.1,Hoeffding-Bentkus,37.784172,0.03457483909018643,0.03206835620935147,351,699,983,413
74,0.05,0.1,IID-normal,37.784172,0.03457483909018643,0.03206835620935147,351,699,983,413
74,0.05,0.1,Empirical Bernstein,37.784172,0.03457483909018643,0.03206835620935147,351,699,983,413
74,0.05,0.1,Platt calibration,44.566222,0.021280098469113006,0.020311826798793623,159,369,534,208
74,0.05,0.1,Isotonic calibration,37.784172,0.03457483909018643,0.03206835620935147,351,699,983,413
74,0.1,0.5,Multilabel,32.034209,0.06095712490704412,0.058672883198949546,447,954,1453,563
74,0.1,0.5,Hoeffding/LTT,32.034209,0.06095712490704412,0.058672883198949546,447,954,1453,563
74,0.1,0.5,Hoeffding-Bentkus,32.034209,0.06095712490704412,0.058672883198949546,447,954,1453,563
74,0.1,0.5,IID-normal,32.034209,0.06095712490704412,0.058672883198949546,447,954,1453,563
74,0.1,0.5,Empirical Bernstein,32.034209,0.06095712490704412,0.058672883198949546,447,954,1453,563
74,0.1,0.5,Platt calibration,32.034209,0.06095712490704412,0.058672883198949546,447,954,1453,563
74,0.1,0.5,Isotonic calibration,32.034209,0.06095712490704412,0.058672883198949546,447,954,1453,563
74,0.1,0.1,Multilabel,32.034209,0.06095712490704412,0.058672883198949546,447,954,1453,563
74,0.1,0.1,Hoeffding/LTT,32.034209,0.06095712490704412,0.058672883198949546,447,954,1453,563
74,0.1,0.1,Hoeffding-Bentkus,32.034209,0.06095712490704412,0.058672883198949546,447,954,1453,563
74,0.1,0.1,IID-normal,32.034209,0.06095712490704412,0.058672883198949546,447,954,1453,563
74,0.1,0.1,Empirical Bernstein,32.034209,0.06095712490704412,0.058672883198949546,447,954,1453,563
74,0.1,0.1,Platt calibration,32.034209,0.06095712490704412,0.058672883198949546,447,954,1453,563
74,0.1,0.1,Isotonic calibration,32.034209,0.06095712490704412,0.058672883198949546,447,954,1453,563
74,0.2,0.5,Multilabel,19.522089,0.1516156837239228,0.1553267604026975,779,1817,3303,1065
74,0.2,0.5,Hoeffding/LTT,19.522089,0.1516156837239228,0.1553267604026975,779,1817,3303,1065
74,0.2,0.5,Hoeffding-Bentkus,19.522089,0.1516156837239228,0.1553267604026975,779,1817,3303,1065
74,0.2,0.5,IID-normal,19.522089,0.1516156837239228,0.1553267604026975,779,1817,3303,1065
74,0.2,0.5,Empirical Bernstein,19.522089,0.1516156837239228,0.1553267604026975,779,1817,3303,1065
74,0.2,0.5,Platt calibration,19.522089,0.1516156837239228,0.1553267604026975,779,1817,3303,1065
74,0.2,0.5,Isotonic calibration,19.522089,0.1516156837239228,0.1553267604026975,779,1817,3303,1065
74,0.2,0.1,Multilabel,19.522089,0.1516156837239228,0.1553267604026975,779,1817,3303,1065
74,0.2,0.1,Hoeffding/LTT,19.522089,0.1516156837239228,0.1553267604026975,779,1817,3303,1065
74,0.2,0.1,Hoeffding-Bentkus,19.522089,0.1516156837239228,0.1553267604026975,779,1817,3303,1065
74,0.2,0.1,IID-normal,19.522089,0.1516156837239228,0.1553267604026975,779,1817,3303,1065
74,0.2,0.1,Empirical Bernstein,19.522089,0.1516156837239228,0.1553267604026975,779,1817,3303,1065
74,0.2,0.1,Platt calibration,19.522089,0.1516156837239228,0.1553267604026975,779,1817,3303,1065
74,0.2,0.1,Isotonic calibration,19.522089,0.1516156837239228,0.1553267604026975,779,1817,3303,1065
75,0.05,0.5,Multilabel,37.784172,0.029184424442905865,0.030386592738488472,376,795,1045,425
75,0.05,0.5,Hoeffding/LTT,37.784172,0.029184424442905865,0.030386592738488472,376,795,1045,425
75,0.05,0.5,Hoeffding-Bentkus,37.784172,0.029184424442905865,0.030386592738488472,376,795,1045,425
75,0.05,0.5,IID-normal,37.784172,0.029184424442905865,0.030386592738488472,376,795,1045,425
75,0.05,0.5,Empirical Bernstein,37.784172,0.029184424442905865,0.030386592738488472,376,795,1045,425
75,0.05,0.5,Platt calibration,44.566222,0.019324178782983308,0.01935049547608789,155,422,581,198
75,0.05,0.5,Isotonic calibration,37.784172,0.029184424442905865,0.030386592738488472,376,795,1045,425
75,0.05,0.1,Multilabel,37.784172,0.029184424442905865,0.030386592738488472,376,795,1045,425
75,0.05,0.1,Hoeffding/LTT,37.784172,0.029184424442905865,0.030386592738488472,376,795,1045,425
75,0.05,0.1,Hoeffding-Bentkus,37.784172,0.029184424442905865,0.030386592738488472,376,795,1045,425
75,0.05,0.1,IID-normal,37.784172,0.029184424442905865,0.030386592738488472,376,795,1045,425
75,0.05,0.1,Empirical Bernstein,37.784172,0.029184424442905865,0.030386592738488472,376,795,1045,425
75,0.05,0.1,Platt calibration,44.566222,0.019324178782983308,0.01935049547608789,155,422,581,198
75,0.05,0.1,Isotonic calibration,37.784172,0.029184424442905865,0.030386592738488472,376,795,1045,425
75,0.1,0.5,Multilabel,32.034209,0.05577711105982511,0.05774882371446353,508,1093,1556,607
75,0.1,0.5,Hoeffding/LTT,32.034209,0.05577711105982511,0.05774882371446353,508,1093,1556,607
75,0.1,0.5,Hoeffding-Bentkus,32.034209,0.05577711105982511,0.05774882371446353,508,1093,1556,607
75,0.1,0.5,IID-normal,32.034209,0.05577711105982511,0.05774882371446353,508,1093,1556,607
75,0.1,0.5,Empirical Bernstein,32.034209,0.05577711105982511,0.05774882371446353,508,1093,1556,607
75,0.1,0.5,Platt calibration,32.034209,0.05577711105982511,0.05774882371446353,508,1093,1556,607
75,0.1,0.5,Isotonic calibration,32.034209,0.05577711105982511,0.05774882371446353,508,1093,1556,607
75,0.1,0.1,Multilabel,32.034209,0.05577711105982511,0.05774882371446353,508,1093,1556,607
75,0.1,0.1,Hoeffding/LTT,32.034209,0.05577711105982511,0.05774882371446353,508,1093,1556,607
75,0.1,0.1,Hoeffding-Bentkus,32.034209,0.05577711105982511,0.05774882371446353,508,1093,1556,607
75,0.1,0.1,IID-normal,32.034209,0.05577711105982511,0.05774882371446353,508,1093,1556,607
75,0.1,0.1,Empirical Bernstein,32.034209,0.05577711105982511,0.05774882371446353,508,1093,1556,607
75,0.1,0.1,Platt calibration,32.034209,0.05577711105982511,0.05774882371446353,508,1093,1556,607
75,0.1,0.1,Isotonic calibration,32.034209,0.05577711105982511,0.05774882371446353,508,1093,1556,607
75,0.2,0.5,Multilabel,19.522089,0.15175211613014522,0.15459681212320162,804,1985,3448,1088
75,0.2,0.5,Hoeffding/LTT,19.522089,0.15175211613014522,0.15459681212320162,804,1985,3448,1088
75,0.2,0.5,Hoeffding-Bentkus,19.522089,0.15175211613014522,0.15459681212320162,804,1985,3448,1088
75,0.2,0.5,IID-normal,19.522089,0.15175211613014522,0.15459681212320162,804,1985,3448,1088
75,0.2,0.5,Empirical Bernstein,19.522089,0.15175211613014522,0.15459681212320162,804,1985,3448,1088
75,0.2,0.5,Platt calibration,19.522089,0.15175211613014522,0.15459681212320162,804,1985,3448,1088
75,0.2,0.5,Isotonic calibration,19.522089,0.15175211613014522,0.15459681212320162,804,1985,3448,1088
75,0.2,0.1,Multilabel,19.522089,0.15175211613014522,0.15459681212320162,804,1985,3448,1088
75,0.2,0.1,Hoeffding/LTT,19.522089,0.15175211613014522,0.15459681212320162,804,1985,3448,1088
75,0.2,0.1,Hoeffding-Bentkus,19.522089,0.15175211613014522,0.15459681212320162,804,1985,3448,1088
75,0.2,0.1,IID-normal,19.522089,0.15175211613014522,0.15459681212320162,804,1985,3448,1088
75,0.2,0.1,Empirical Bernstein,19.522089,0.15175211613014522,0.15459681212320162,804,1985,3448,1088
75,0.2,0.1,Platt calibration,19.522089,0.15175211613014522,0.15459681212320162,804,1985,3448,1088
75,0.2,0.1,Isotonic calibration,19.522089,0.15175211613014522,0.15459681212320162,804,1985,3448,1088
76,0.05,0.5,Multilabel,37.784172,0.029541374977562374,0.030731100784418316,326,713,946,379
76,0.05,0.5,Hoeffding/LTT,37.784172,0.029541374977562374,0.030731100784418316,326,713,946,379
76,0.05,0.5,Hoeffding-Bentkus,37.784172,0.029541374977562374,0.030731100784418316,326,713,946,379
76,0.05,0.5,IID-normal,37.784172,0.029541374977562374,0.030731100784418316,326,713,946,379
76,0.05,0.5,Empirical Bernstein,37.784172,0.029541374977562374,0.030731100784418316,326,713,946,379
76,0.05,0.5,Platt calibration,44.566222,0.016548196015078082,0.019793013069079417,148,398,529,184
76,0.05,0.5,Isotonic calibration,37.784172,0.029541374977562374,0.030731100784418316,326,713,946,379
76,0.05,0.1,Multilabel,37.784172,0.029541374977562374,0.030731100784418316,326,713,946,379
76,0.05,0.1,Hoeffding/LTT,44.566222,0.016548196015078082,0.019793013069079417,148,398,529,184
76,0.05,0.1,Hoeffding-Bentkus,37.784172,0.029541374977562374,0.030731100784418316,326,713,946,379
76,0.05,0.1,IID-normal,37.784172,0.029541374977562374,0.030731100784418316,326,713,946,379
76,0.05,0.1,Empirical Bernstein,37.784172,0.029541374977562374,0.030731100784418316,326,713,946,379
76,0.05,0.1,Platt calibration,44.566222,0.016548196015078082,0.019793013069079417,148,398,529,184
76,0.05,0.1,Isotonic calibration,37.784172,0.029541374977562374,0.030731100784418316,326,713,946,379
76,0.1,0.5,Multilabel,32.034209,0.05425545554786266,0.0574085899619075,435,964,1375,544
76,0.1,0.5,Hoeffding/LTT,32.034209,0.05425545554786266,0.0574085899619075,435,964,1375,544
76,0.1,0.5,Hoeffding-Bentkus,32.034209,0.05425545554786266,0.0574085899619075,435,964,1375,544
76,0.1,0.5,IID-normal,32.034209,0.05425545554786266,0.0574085899619075,435,964,1375,544
76,0.1,0.5,Empirical Bernstein,32.034209,0.05425545554786266,0.0574085899619075,435,964,1375,544
76,0.1,0.5,Platt calibration,32.034209,0.05425545554786266,0.0574085899619075,435,964,1375,544
76,0.1,0.5,Isotonic calibration,32.034209,0.05425545554786266,0.0574085899619075,435,964,1375,544
76,0.1,0.1,Multilabel,32.034209,0.05425545554786266,0.0574085899619075,435,964,1375,544
76,0.1,0.1,Hoeffding/LTT,32.034209,0.05425545554786266,0.0574085899619075,435,964,1375,544
76,0.1,0.1,Hoeffding-Bentkus,32.034209,0.05425545554786266,0.0574085899619075,435,964,1375,544
76,0.1,0.1,IID-normal,32.034209,0.05425545554786266,0.0574085899619075,435,964,1375,544
76,0.1,0.1,Empirical Bernstein,32.034209,0.05425545554786266,0.0574085899619075,435,964,1375,544
76,0.1,0.1,Platt calibration,32.034209,0.05425545554786266,0.0574085899619075,435,964,1375,544
76,0.1,0.1,Isotonic calibration,32.034209,0.05425545554786266,0.0574085899619075,435,964,1375,544
76,0.2,0.5,Multilabel,19.522089,0.1522443567920143,0.15522550627839296,727,1785,3174,1025
76,0.2,0.5,Hoeffding/LTT,19.522089,0.1522443567920143,0.15522550627839296,727,1785,3174,1025
76,0.2,0.5,Hoeffding-Bentkus,19.522089,0.1522443567920143,0.15522550627839296,727,1785,3174,1025
76,0.2,0.5,IID-normal,19.522089,0.1522443567920143,0.15522550627839296,727,1785,3174,1025
76,0.2,0.5,Empirical Bernstein,19.522089,0.1522443567920143,0.15522550627839296,727,1785,3174,1025
76,0.2,0.5,Platt calibration,23.026196,0.11572813293330257,0.12143173440566805,626,1475,2481,849
76,0.2,0.5,Isotonic calibration,19.522089,0.1522443567920143,0.15522550627839296,727,1785,3174,1025
76,0.2,0.1,Multilabel,19.522089,0.1522443567920143,0.15522550627839296,727,1785,3174,1025
76,0.2,0.1,Hoeffding/LTT,19.522089,0.1522443567920143,0.15522550627839296,727,1785,3174,1025
76,0.2,0.1,Hoeffding-Bentkus,19.522089,0.1522443567920143,0.15522550627839296,727,1785,3174,1025
76,0.2,0.1,IID-normal,19.522089,0.1522443567920143,0.15522550627839296,727,1785,3174,1025
76,0.2,0.1,Empirical Bernstein,19.522089,0.1522443567920143,0.15522550627839296,727,1785,3174,1025
76,0.2,0.1,Platt calibration,23.026196,0.11572813293330257,0.12143173440566805,626,1475,2481,849
76,0.2,0.1,Isotonic calibration,19.522089,0.1522443567920143,0.15522550627839296,727,1785,3174,1025
77,0.05,0.5,Multilabel,37.784172,0.03377003359232761,0.03132907442741566,333,680,960,392
77,0.05,0.5,Hoeffding/LTT,37.784172,0.03377003359232761,0.03132907442741566,333,680,960,392
77,0.05,0.5,Hoeffding-Bentkus,37.784172,0.03377003359232761,0.03132907442741566,333,680,960,392
77,0.05,0.5,IID-normal,37.784172,0.03377003359232761,0.03132907442741566,333,680,960,392
77,0.05,0.5,Empirical Bernstein,37.784172,0.03377003359232761,0.03132907442741566,333,680,960,392
77,0.05,0.5,Platt calibration,44.566222,0.02164243403338718,0.01962285344986767,140,361,534,188
77,0.05,0.5,Isotonic calibration,37.784172,0.03377003359232761,0.03132907442741566,333,680,960,392
77,0.05,0.1,Multilabel,37.784172,0.03377003359232761,0.03132907442741566,333,680,960,392
77,0.05,0.1,Hoeffding/LTT,37.784172,0.03377003359232761,0.03132907442741566,333,680,960,392
77,0.05,0.1,Hoeffding-Bentkus,37.784172,0.03377003359232761,0.03132907442741566,333,680,960,392
77,0.05,0.1,IID-normal,37.784172,0.03377003359232761,0.03132907442741566,333,680,960,392
77,0.05,0.1,Empirical Bernstein,37.784172,0.03377003359232761,0.03132907442741566,333,680,960,392
77,0.05,0.1,Platt calibration,44.566222,0.02164243403338718,0.01962285344986767,140,361,534,188
77,0.05,0.1,Isotonic calibration,37.784172,0.03377003359232761,0.03132907442741566,333,680,960,392
77,0.1,0.5,Multilabel,27.159271,0.08911480370284892,0.08975131306292443,540,1181,1922,710
77,0.1,0.5,Hoeffding/LTT,32.034209,0.0570701592430187,0.05739533965244866,449,940,1408,554
77,0.1,0.5,Hoeffding-Bentkus,32.034209,0.0570701592430187,0.05739533965244866,449,940,1408,554
77,0.1,0.5,IID-normal,27.159271,0.08911480370284892,0.08975131306292443,540,1181,1922,710
77,0.1,0.5,Empirical Bernstein,32.034209,0.0570701592430187,0.05739533965244866,449,940,1408,554
77,0.1,0.5,Platt calibration,32.034209,0.0570701592430187,0.05739533965244866,449,940,1408,554
77,0.1,0.5,Isotonic calibration,32.034209,0.0570701592430187,0.05739533965244866,449,940,1408,554
77,0.1,0.1,Multilabel,32.034209,0.0570701592430187,0.05739533965244866,449,940,1408,554
77,0.1,0.1,Hoeffding/LTT,32.034209,0.0570701592430187,0.05739533965244866,449,940,1408,554
77,0.1,0.1,Hoeffding-Bentkus,32.034209,0.0570701592430187,0.05739533965244866,449,940,1408,554
77,0.1,0.1,IID-normal,32.034209,0.0570701592430187,0.05739533965244866,449,940,1408,554
77,0.1,0.1,Empirical Bernstein,32.034209,0.0570701592430187,0.05739533965244866,449,940,1408,554
77,0.1,0.1,Platt calibration,32.034209,0.0570701592430187,0.05739533965244866,449,940,1408,554
77,0.1,0.1,Isotonic calibration,32.034209,0.0570701592430187,0.05739533965244866,449,940,1408,554
77,0.2,0.5,Multilabel,19.522089,0.155628696379908,0.15380565596259263,744,1746,3219,1037
77,0.2,0.5,Hoeffding/LTT,19.522089,0.155628696379908,0.15380565596259263,744,1746,3219,1037
77,0.2,0.5,Hoeffding-Bentkus,19.522089,0.155628696379908,0.15380565596259263,744,1746,3219,1037
77,0.2,0.5,IID-normal,19.522089,0.155628696379908,0.15380565596259263,744,1746,3219,1037
77,0.2,0.5,Empirical Bernstein,19.522089,0.155628696379908,0.15380565596259263,744,1746,3219,1037
77,0.2,0.5,Platt calibration,23.026196,0.12032720465676845,0.12067317556061634,643,1457,2526,868
77,0.2,0.5,Isotonic calibration,19.522089,0.155628696379908,0.15380565596259263,744,1746,3219,1037
77,0.2,0.1,Multilabel,19.522089,0.155628696379908,0.15380565596259263,744,1746,3219,1037
77,0.2,0.1,Hoeffding/LTT,19.522089,0.155628696379908,0.15380565596259263,744,1746,3219,1037
77,0.2,0.1,Hoeffding-Bentkus,19.522089,0.155628696379908,0.15380565596259263,744,1746,3219,1037
77,0.2,0.1,IID-normal,19.522089,0.155628696379908,0.15380565596259263,744,1746,3219,1037
77,0.2,0.1,Empirical Bernstein,19.522089,0.155628696379908,0.15380565596259263,744,1746,3219,1037
77,0.2,0.1,Platt calibration,23.026196,0.12032720465676845,0.12067317556061634,643,1457,2526,868
77,0.2,0.1,Isotonic calibration,19.522089,0.155628696379908,0.15380565596259263,744,1746,3219,1037
78,0.05,0.5,Multilabel,37.784172,0.02898530656204323,0.03143875279538786,334,677,914,388
78,0.05,0.5,Hoeffding/LTT,37.784172,0.02898530656204323,0.03143875279538786,334,677,914,388
78,0.05,0.5,Hoeffding-Bentkus,37.784172,0.02898530656204323,0.03143875279538786,334,677,914,388
78,0.05,0.5,IID-normal,37.784172,0.02898530656204323,0.03143875279538786,334,677,914,388
78,0.05,0.5,Empirical Bernstein,37.784172,0.02898530656204323,0.03143875279538786,334,677,914,388
78,0.05,0.5,Platt calibration,44.566222,0.019746903607969844,0.019837380234299665,141,351,501,188
78,0.05,0.5,Isotonic calibration,37.784172,0.02898530656204323,0.03143875279538786,334,677,914,388
78,0.05,0.1,Multilabel,37.784172,0.02898530656204323,0.03143875279538786,334,677,914,388
78,0.05,0.1,Hoeffding/LTT,44.566222,0.019746903607969844,0.019837380234299665,141,351,501,188
78,0.05,0.1,Hoeffding-Bentkus,37.784172,0.02898530656204323,0.03143875279538786,334,677,914,388
78,0.05,0.1,IID-normal,37.784172,0.02898530656204323,0.03143875279538786,334,677,914,388
78,0.05,0.1,Empirical Bernstein,37.784172,0.02898530656204323,0.03143875279538786,334,677,914,388
78,0.05,0.1,Platt calibration,44.566222,0.019746903607969844,0.019837380234299665,141,351,501,188
78,0.05,0.1,Isotonic calibration,37.784172,0.02898530656204323,0.03143875279538786,334,677,914,388
78,0.1,0.5,Multilabel,27.159271,0.09382670461830397,0.09034116554851152,572,1211,1973,759
78,0.1,0.5,Hoeffding/LTT,32.034209,0.05919493807215939,0.05812897936713103,457,946,1391,576
78,0.1,0.5,Hoeffding-Bentkus,32.034209,0.05919493807215939,0.05812897936713103,457,946,1391,576
78,0.1,0.5,IID-normal,27.159271,0.09382670461830397,0.09034116554851152,572,1211,1973,759
78,0.1,0.5,Empirical Bernstein,32.034209,0.05919493807215939,0.05812897936713103,457,946,1391,576
78,0.1,0.5,Platt calibration,32.034209,0.05919493807215939,0.05812897936713103,457,946,1391,576
78,0.1,0.5,Isotonic calibration,32.034209,0.05919493807215939,0.05812897936713103,457,946,1391,576
78,0.1,0.1,Multilabel,32.034209,0.05919493807215939,0.05812897936713103,457,946,1391,576
78,0.1,0.1,Hoeffding/LTT,32.034209,0.05919493807215939,0.05812897936713103,457,946,1391,576
78,0.1,0.1,Hoeffding-Bentkus,32.034209,0.05919493807215939,0.05812897936713103,457,946,1391,576
78,0.1,0.1,IID-normal,32.034209,0.05919493807215939,0.05812897936713103,457,946,1391,576
78,0.1,0.1,Empirical Bernstein,32.034209,0.05919493807215939,0.05812897936713103,457,946,1391,576
78,0.1,0.1,Platt calibration,32.034209,0.05919493807215939,0.05812897936713103,457,946,1391,576
78,0.1,0.1,Isotonic calibration,32.034209,0.05919493807215939,0.05812897936713103,457,946,1391,576
78,0.2,0.5,Multilabel,19.522089,0.15989403613797798,0.15467638003721587,778,1806,3293,1090
78,0.2,0.5,Hoeffding/LTT,19.522089,0.15989403613797798,0.15467638003721587,778,1806,3293,1090
78,0.2,0.5,Hoeffding-Bentkus,19.522089,0.15989403613797798,0.15467638003721587,778,1806,3293,1090
78,0.2,0.5,IID-normal,19.522089,0.15989403613797798,0.15467638003721587,778,1806,3293,1090
78,0.2,0.5,Empirical Bernstein,19.522089,0.15989403613797798,0.15467638003721587,778,1806,3293,1090
78,0.2,0.5,Platt calibration,19.522089,0.15989403613797798,0.15467638003721587,778,1806,3293,1090
78,0.2,0.5,Isotonic calibration,19.522089,0.15989403613797798,0.15467638003721587,778,1806,3293,1090
78,0.2,0.1,Multilabel,19.522089,0.15989403613797798,0.15467638003721587,778,1806,3293,1090
78,0.2,0.1,Hoeffding/LTT,19.522089,0.15989403613797798,0.15467638003721587,778,1806,3293,1090
78,0.2,0.1,Hoeffding-Bentkus,19.522089,0.15989403613797798,0.15467638003721587,778,1806,3293,1090
78,0.2,0.1,IID-normal,19.522089,0.15989403613797798,0.15467638003721587,778,1806,3293,1090
78,0.2,0.1,Empirical Bernstein,19.522089,0.15989403613797798,0.15467638003721587,778,1806,3293,1090
78,0.2,0.1,Platt calibration,19.522089,0.15989403613797798,0.15467638003721587,778,1806,3293,1090
78,0.2,0.1,Isotonic calibration,19.522089,0.15989403613797798,0.15467638003721587,778,1806,3293,1090
79,0.05,0.5,Multilabel,37.784172,0.030936482293509756,0.03175017781060435,328,662,919,381
79,0.05,0.5,Hoeffding/LTT,37.784172,0.030936482293509756,0.03175017781060435,328,662,919,381
79,0.05,0.5,Hoeffding-Bentkus,37.784172,0.030936482293509756,0.03175017781060435,328,662,919,381
79,0.05,0.5,IID-normal,37.784172,0.030936482293509756,0.03175017781060435,328,662,919,381
79,0.05,0.5,Empirical Bernstein,37.784172,0.030936482293509756,0.03175017781060435,328,662,919,381
79,0.05,0.5,Platt calibration,44.566222,0.018191783983383336,0.019560534252477384,141,354,512,182
79,0.05,0.5,Isotonic calibration,37.784172,0.030936482293509756,0.03175017781060435,328,662,919,381
79,0.05,0.1,Multilabel,37.784172,0.030936482293509756,0.03175017781060435,328,662,919,381
79,0.05,0.1,Hoeffding/LTT,44.566222,0.018191783983383336,0.019560534252477384,141,354,512,182
79,0.05,0.1,Hoeffding-Bentkus,37.784172,0.030936482293509756,0.03175017781060435,328,662,919,381
79,0.05,0.1,IID-normal,37.784172,0.030936482293509756,0.03175017781060435,328,662,919,381
79,0.05,0.1,Empirical Bernstein,37.784172,0.030936482293509756,0.03175017781060435,328,662,919,381
79,0.05,0.1,Platt calibration,44.566222,0.018191783983383336,0.019560534252477384,141,354,512,182
79,0.05,0.1,Isotonic calibration,37.784172,0.030936482293509756,0.03175017781060435,328,662,919,381
79,0.1,0.5,Multilabel,27.159271,0.09105854296484346,0.09047576304685308,570,1214,1960,740
79,0.1,0.5,Hoeffding/LTT,32.034209,0.058163576685386055,0.058419075658412145,458,940,1404,565
79,0.1,0.5,Hoeffding-Bentkus,32.034209,0.058163576685386055,0.058419075658412145,458,940,1404,565
79,0.1,0.5,IID-normal,27.159271,0.09105854296484346,0.09047576304685308,570,1214,1960,740
79,0.1,0.5,Empirical Bernstein,32.034209,0.058163576685386055,0.058419075658412145,458,940,1404,565
79,0.1,0.5,Platt calibration,32.034209,0.058163576685386055,0.058419075658412145,458,940,1404,565
79,0.1,0.5,Isotonic calibration,32.034209,0.058163576685386055,0.058419075658412145,458,940,1404,565
79,0.1,0.1,Multilabel,32.034209,0.058163576685386055,0.058419075658412145,458,940,1404,565
79,0.1,0.1,Hoeffding/LTT,32.034209,0.058163576685386055,0.058419075658412145,458,940,1404,565
79,0.1,0.1,Hoeffding-Bentkus,32.034209,0.058163576685386055,0.058419075658412145,458,940,1404,565
79,0.1,0.1,IID-normal,32.034209,0.058163576685386055,0.058419075658412145,458,940,1404,565
79,0.1,0.1,Empirical Bernstein,32.034209,0.058163576685386055,0.058419075658412145,458,940,1404,565
79,0.1,0.1,Platt calibration,32.034209,0.058163576685386055,0.058419075658412145,458,940,1404,565
79,0.1,0.1,Isotonic calibration,32.034209,0.058163576685386055,0.058419075658412145,458,940,1404,565
79,0.2,0.5,Multilabel,19.522089,0.15124324248718432,0.15304873689190795,778,1817,3278,1053
79,0.2,0.5,Hoeffding/LTT,19.522089,0.15124324248718432,0.15304873689190795,778,1817,3278,1053
79,0.2,0.5,Hoeffding-Bentkus,19.522089,0.15124324248718432,0.15304873689190795,778,1817,3278,1053
79,0.2,0.5,IID-normal,19.522089,0.15124324248718432,0.15304873689190795,778,1817,3278,1053
79,0.2,0.5,Empirical Bernstein,19.522089,0.15124324248718432,0.15304873689190795,778,1817,3278,1053
79,0.2,0.5,Platt calibration,19.522089,0.15124324248718432,0.15304873689190795,778,1817,3278,1053
79,0.2,0.5,Isotonic calibration,19.522089,0.15124324248718432,0.15304873689190795,778,1817,3278,1053
79,0.2,0.1,Multilabel,19.522089,0.15124324248718432,0.15304873689190795,778,1817,3278,1053
79,0.2,0.1,Hoeffding/LTT,19.522089,0.15124324248718432,0.15304873689190795,778,1817,3278,1053
79,0.2,0.1,Hoeffding-Bentkus,19.522089,0.15124324248718432,0.15304873689190795,778,1817,3278,1053
79,0.2,0.1,IID-normal,19.522089,0.15124324248718432,0.15304873689190795,778,1817,3278,1053
79,0.2,0.1,Empirical Bernstein,19.522089,0.15124324248718432,0.15304873689190795,778,1817,3278,1053
79,0.2,0.1,Platt calibration,19.522089,0.15124324248718432,0.15304873689190795,778,1817,3278,1053
79,0.2,0.1,Isotonic calibration,19.522089,0.15124324248718432,0.15304873689190795,778,1817,3278,1053
80,0.05,0.5,Multilabel,37.784172,0.030527989332512755,0.031204051346231443,353,753,987,400
80,0.05,0.5,Hoeffding/LTT,37.784172,0.030527989332512755,0.031204051346231443,353,753,987,400
80,0.05,0.5,Hoeffding-Bentkus,37.784172,0.030527989332512755,0.031204051346231443,353,753,987,400
80,0.05,0.5,IID-normal,37.784172,0.030527989332512755,0.031204051346231443,353,753,987,400
80,0.05,0.5,Empirical Bernstein,37.784172,0.030527989332512755,0.031204051346231443,353,753,987,400
80,0.05,0.5,Platt calibration,44.566222,0.019596122778675285,0.01963862559241706,165,421,556,209
80,0.05,0.5,Isotonic calibration,37.784172,0.030527989332512755,0.031204051346231443,353,753,987,400
80,0.05,0.1,Multilabel,37.784172,0.030527989332512755,0.031204051346231443,353,753,987,400
80,0.05,0.1,Hoeffding/LTT,37.784172,0.030527989332512755,0.031204051346231443,353,753,987,400
80,0.05,0.1,Hoeffding-Bentkus,37.784172,0.030527989332512755,0.031204051346231443,353,753,987,400
80,0.05,0.1,IID-normal,37.784172,0.030527989332512755,0.031204051346231443,353,753,987,400
80,0.05,0.1,Empirical Bernstein,37.784172,0.030527989332512755,0.031204051346231443,353,753,987,400
80,0.05,0.1,Platt calibration,44.566222,0.019596122778675285,0.01963862559241706,165,421,556,209
80,0.05,0.1,Isotonic calibration,37.784172,0.030527989332512755,0.031204051346231443,353,753,987,400
80,0.1,0.5,Multilabel,27.159271,0.0881416519219427,0.09042147952100558,598,1331,2050,755
80,0.1,0.5,Hoeffding/LTT,32.034209,0.054721773469754084,0.05717350382634743,485,1046,1481,576
80,0.1,0.5,Hoeffding-Bentkus,32.034209,0.054721773469754084,0.05717350382634743,485,1046,1481,576
80,0.1,0.5,IID-normal,27.159271,0.0881416519219427,0.09042147952100558,598,1331,2050,755
80,0.1,0.5,Empirical Bernstein,32.034209,0.054721773469754084,0.05717350382634743,485,1046,1481,576
80,0.1,0.5,Platt calibration,32.034209,0.054721773469754084,0.05717350382634743,485,1046,1481,576
80,0.1,0.5,Isotonic calibration,32.034209,0.054721773469754084,0.05717350382634743,485,1046,1481,576
80,0.1,0.1,Multilabel,32.034209,0.054721773469754084,0.05717350382634743,485,1046,1481,576
80,0.1,0.1,Hoeffding/LTT,32.034209,0.054721773469754084,0.05717350382634743,485,1046,1481,576
80,0.1,0.1,Hoeffding-Bentkus,32.034209,0.054721773469754084,0.05717350382634743,485,1046,1481,576
80,0.1,0.1,IID-normal,32.034209,0.054721773469754084,0.05717350382634743,485,1046,1481,576
80,0.1,0.1,Empirical Bernstein,32.034209,0.054721773469754084,0.05717350382634743,485,1046,1481,576
80,0.1,0.1,Platt calibration,32.034209,0.054721773469754084,0.05717350382634743,485,1046,1481,576
80,0.1,0.1,Isotonic calibration,32.034209,0.054721773469754084,0.05717350382634743,485,1046,1481,576
80,0.2,0.5,Multilabel,19.522089,0.15481585996125574,0.1529879603258535,813,1926,3377,1091
80,0.2,0.5,Hoeffding/LTT,19.522089,0.15481585996125574,0.1529879603258535,813,1926,3377,1091
80,0.2,0.5,Hoeffding-Bentkus,19.522089,0.15481585996125574,0.1529879603258535,813,1926,3377,1091
80,0.2,0.5,IID-normal,19.522089,0.15481585996125574,0.1529879603258535,813,1926,3377,1091
80,0.2,0.5,Empirical Bernstein,19.522089,0.15481585996125574,0.1529879603258535,813,1926,3377,1091
80,0.2,0.5,Platt calibration,19.522089,0.15481585996125574,0.1529879603258535,813,1926,3377,1091
80,0.2,0.5,Isotonic calibration,19.522089,0.15481585996125574,0.1529879603258535,813,1926,3377,1091
80,0.2,0.1,Multilabel,19.522089,0.15481585996125574,0.1529879603258535,813,1926,3377,1091
80,0.2,0.1,Hoeffding/LTT,19.522089,0.15481585996125574,0.1529879603258535,813,1926,3377,1091
80,0.2,0.1,Hoeffding-Bentkus,19.522089,0.15481585996125574,0.1529879603258535,813,1926,3377,1091
80,0.2,0.1,IID-normal,19.522089,0.15481585996125574,0.1529879603258535,813,1926,3377,1091
80,0.2,0.1,Empirical Bernstein,19.522089,0.15481585996125574,0.1529879603258535,813,1926,3377,1091
80,0.2,0.1,Platt calibration,19.522089,0.15481585996125574,0.1529879603258535,813,1926,3377,1091
80,0.2,0.1,Isotonic calibration,19.522089,0.15481585996125574,0.1529879603258535,813,1926,3377,1091
81,0.05,0.5,Multilabel,37.784172,0.03454137497756238,0.03234849339707159,343,716,1000,406
81,0.05,0.5,Hoeffding/LTT,37.784172,0.03454137497756238,0.03234849339707159,343,716,1000,406
81,0.05,0.5,Hoeffding-Bentkus,37.784172,0.03454137497756238,0.03234849339707159,343,716,1000,406
81,0.05,0.5,IID-normal,37.784172,0.03454137497756238,0.03234849339707159,343,716,1000,406
81,0.05,0.5,Empirical Bernstein,37.784172,0.03454137497756238,0.03234849339707159,343,716,1000,406
81,0.05,0.5,Platt calibration,44.566222,0.021040464651127015,0.02087462300732443,151,390,568,198
81,0.05,0.5,Isotonic calibration,37.784172,0.03454137497756238,0.03234849339707159,343,716,1000,406
81,0.05,0.1,Multilabel,37.784172,0.03454137497756238,0.03234849339707159,343,716,1000,406
81,0.05,0.1,Hoeffding/LTT,37.784172,0.03454137497756238,0.03234849339707159,343,716,1000,406
81,0.05,0.1,Hoeffding-Bentkus,37.784172,0.03454137497756238,0.03234849339707159,343,716,1000,406
81,0.05,0.1,IID-normal,37.784172,0.03454137497756238,0.03234849339707159,343,716,1000,406
81,0.05,0.1,Empirical Bernstein,37.784172,0.03454137497756238,0.03234849339707159,343,716,1000,406
81,0.05,0.1,Platt calibration,44.566222,0.021040464651127015,0.02087462300732443,151,390,568,198
81,0.05,0.1,Isotonic calibration,37.784172,0.03454137497756238,0.03234849339707159,343,716,1000,406
81,0.1,0.5,Multilabel,32.034209,0.054947560068723235,0.05838449662501796,465,999,1461,563
81,0.1,0.5,Hoeffding/LTT,32.034209,0.054947560068723235,0.05838449662501796,465,999,1461,563
81,0.1,0.5,Hoeffding-Bentkus,32.034209,0.054947560068723235,0.05838449662501796,465,999,1461,563
81,0.1,0.5,IID-normal,32.034209,0.054947560068723235,0.05838449662501796,465,999,1461,563
81,0.1,0.5,Empirical Bernstein,32.034209,0.054947560068723235,0.05838449662501796,465,999,1461,563
81,0.1,0.5,Platt calibration,32.034209,0.054947560068723235,0.05838449662501796,465,999,1461,563
81,0.1,0.5,Isotonic calibration,32.034209,0.054947560068723235,0.05838449662501796,465,999,1461,563
81,0.1,0.1,Multilabel,32.034209,0.054947560068723235,0.05838449662501796,465,999,1461,563
81,0.1,0.1,Hoeffding/LTT,32.034209,0.054947560068723235,0.05838449662501796,465,999,1461,563
81,0.1,0.1,Hoeffding-Bentkus,32.034209,0.054947560068723235,0.05838449662501796,465,999,1461,563
81,0.1,0.1,IID-normal,32.034209,0.054947560068723235,0.05838449662501796,465,999,1461,563
81,0.1,0.1,Empirical Bernstein,32.034209,0.054947560068723235,0.05838449662501796,465,999,1461,563
81,0.1,0.1,Platt calibration,32.034209,0.054947560068723235,0.05838449662501796,465,999,1461,563
81,0.1,0.1,Isotonic calibration,32.034209,0.054947560068723235,0.05838449662501796,465,999,1461,563
81,0.2,0.5,Multilabel,19.522089,0.15614311823520224,0.15235283530199517,783,1866,3369,1070
81,0.2,0.5,Hoeffding/LTT,19.522089,0.15614311823520224,0.15235283530199517,783,1866,3369,1070
81,0.2,0.5,Hoeffding-Bentkus,19.522089,0.15614311823520224,0.15235283530199517,783,1866,3369,1070
81,0.2,0.5,IID-normal,19.522089,0.15614311823520224,0.15235283530199517,783,1866,3369,1070
81,0.2,0.5,Empirical Bernstein,19.522089,0.15614311823520224,0.15235283530199517,783,1866,3369,1070
81,0.2,0.5,Platt calibration,19.522089,0.15614311823520224,0.15235283530199517,783,1866,3369,1070
81,0.2,0.5,Isotonic calibration,19.522089,0.15614311823520224,0.15235283530199517,783,1866,3369,1070
81,0.2,0.1,Multilabel,19.522089,0.15614311823520224,0.15235283530199517,783,1866,3369,1070
81,0.2,0.1,Hoeffding/LTT,19.522089,0.15614311823520224,0.15235283530199517,783,1866,3369,1070
81,0.2,0.1,Hoeffding-Bentkus,19.522089,0.15614311823520224,0.15235283530199517,783,1866,3369,1070
81,0.2,0.1,IID-normal,19.522089,0.15614311823520224,0.15235283530199517,783,1866,3369,1070
81,0.2,0.1,Empirical Bernstein,19.522089,0.15614311823520224,0.15235283530199517,783,1866,3369,1070
81,0.2,0.1,Platt calibration,19.522089,0.15614311823520224,0.15235283530199517,783,1866,3369,1070
81,0.2,0.1,Isotonic calibration,19.522089,0.15614311823520224,0.15235283530199517,783,1866,3369,1070
82,0.05,0.5,Multilabel,37.784172,0.03159922558145498,0.031106298256772188,352,700,981,408
82,0.05,0.5,Hoeffding/LTT,37.784172,0.03159922558145498,0.031106298256772188,352,700,981,408
82,0.05,0.5,Hoeffding-Bentkus,37.784172,0.03159922558145498,0.031106298256772188,352,700,981,408
82,0.05,0.5,IID-normal,37.784172,0.03159922558145498,0.031106298256772188,352,700,981,408
82,0.05,0.5,Empirical Bernstein,37.784172,0.03159922558145498,0.031106298256772188,352,700,981,408
82,0.05,0.5,Platt calibration,44.566222,0.020921993999538428,0.020067679161281056,144,354,527,193
82,0.05,0.5,Isotonic calibration,37.784172,0.03159922558145498,0.031106298256772188,352,700,981,408
82,0.05,0.1,Multilabel,37.784172,0.03159922558145498,0.031106298256772188,352,700,981,408
82,0.05,0.1,Hoeffding/LTT,37.784172,0.03159922558145498,0.031106298256772188,352,700,981,408
82,0.05,0.1,Hoeffding-Bentkus,37.784172,0.03159922558145498,0.031106298256772188,352,700,981,408
82,0.05,0.1,IID-normal,37.784172,0.03159922558145498,0.031106298256772188,352,700,981,408
82,0.05,0.1,Empirical Bernstein,37.784172,0.03159922558145498,0.031106298256772188,352,700,981,408
82,0.05,0.1,Platt calibration,44.566222,0.020921993999538428,0.020067679161281056,144,354,527,193
82,0.05,0.1,Isotonic calibration,37.784172,0.03159922558145498,0.031106298256772188,352,700,981,408
82,0.1,0.5,Multilabel,27.159271,0.09515757622381209,0.09005418949139328,592,1255,2019,777
82,0.1,0.5,Hoeffding/LTT,32.034209,0.0553570787496474,0.05720355210876537,479,983,1442,582
82,0.1,0.5,Hoeffding-Bentkus,27.159271,0.09515757622381209,0.09005418949139328,592,1255,2019,777
82,0.1,0.5,IID-normal,27.159271,0.09515757622381209,0.09005418949139328,592,1255,2019,777
82,0.1,0.5,Empirical Bernstein,32.034209,0.0553570787496474,0.05720355210876537,479,983,1442,582
82,0.1,0.5,Platt calibration,32.034209,0.0553570787496474,0.05720355210876537,479,983,1442,582
82,0.1,0.5,Isotonic calibration,32.034209,0.0553570787496474,0.05720355210876537,479,983,1442,582
82,0.1,0.1,Multilabel,32.034209,0.0553570787496474,0.05720355210876537,479,983,1442,582
82,0.1,0.1,Hoeffding/LTT,32.034209,0.0553570787496474,0.05720355210876537,479,983,1442,582
82,0.1,0.1,Hoeffding-Bentkus,32.034209,0.0553570787496474,0.05720355210876537,479,983,1442,582
82,0.1,0.1,IID-normal,32.034209,0.0553570787496474,0.05720355210876537,479,983,1442,582
82,0.1,0.1,Empirical Bernstein,32.034209,0.0553570787496474,0.05720355210876537,479,983,1442,582
82,0.1,0.1,Platt calibration,32.034209,0.0553570787496474,0.05720355210876537,479,983,1442,582
82,0.1,0.1,Isotonic calibration,32.034209,0.0553570787496474,0.05720355210876537,479,983,1442,582
82,0.2,0.5,Multilabel,19.522089,0.16387977396862696,0.15256458768145542,787,1866,3411,1098
82,0.2,0.5,Hoeffding/LTT,19.522089,0.16387977396862696,0.15256458768145542,787,1866,3411,1098
82,0.2,0.5,Hoeffding-Bentkus,19.522089,0.16387977396862696,0.15256458768145542,787,1866,3411,1098
82,0.2,0.5,IID-normal,19.522089,0.16387977396862696,0.15256458768145542,787,1866,3411,1098
82,0.2,0.5,Empirical Bernstein,19.522089,0.16387977396862696,0.15256458768145542,787,1866,3411,1098
82,0.2,0.5,Platt calibration,19.522089,0.16387977396862696,0.15256458768145542,787,1866,3411,1098
82,0.2,0.5,Isotonic calibration,19.522089,0.16387977396862696,0.15256458768145542,787,1866,3411,1098
82,0.2,0.1,Multilabel,19.522089,0.16387977396862696,0.15256458768145542,787,1866,3411,1098
82,0.2,0.1,Hoeffding/LTT,19.522089,0.16387977396862696,0.15256458768145542,787,1866,3411,1098
82,0.2,0.1,Hoeffding-Bentkus,19.522089,0.16387977396862696,0.15256458768145542,787,1866,3411,1098
82,0.2,0.1,IID-normal,19.522089,0.16387977396862696,0.15256458768145542,787,1866,3411,1098
82,0.2,0.1,Empirical Bernstein,19.522089,0.16387977396862696,0.15256458768145542,787,1866,3411,1098
82,0.2,0.1,Platt calibration,19.522089,0.16387977396862696,0.15256458768145542,787,1866,3411,1098
82,0.2,0.1,Isotonic calibration,19.522089,0.16387977396862696,0.15256458768145542,787,1866,3411,1098
83,0.05,0.5,Multilabel,37.784172,0.03249134548811447,0.03168623438173202,367,725,1019,418
83,0.05,0.5,Hoeffding/LTT,37.784172,0.03249134548811447,0.03168623438173202,367,725,1019,418
83,0.05,0.5,Hoeffding-Bentkus,37.784172,0.03249134548811447,0.03168623438173202,367,725,1019,418
83,0.05,0.5,IID-normal,37.784172,0.03249134548811447,0.03168623438173202,367,725,1019,418
83,0.05,0.5,Empirical Bernstein,37.784172,0.03249134548811447,0.03168623438173202,367,725,1019,418
83,0.05,0.5,Platt calibration,44.566222,0.023251403954150318,0.019838406064709383,155,374,565,207
83,0.05,0.5,Isotonic calibration,37.784172,0.03249134548811447,0.03168623438173202,367,725,1019,418
83,0.05,0.1,Multilabel,37.784172,0.03249134548811447,0.03168623438173202,367,725,1019,418
83,0.05,0.1,Hoeffding/LTT,37.784172,0.03249134548811447,0.03168623438173202,367,725,1019,418
83,0.05,0.1,Hoeffding-Bentkus,37.784172,0.03249134548811447,0.03168623438173202,367,725,1019,418
83,0.05,0.1,IID-normal,37.784172,0.03249134548811447,0.03168623438173202,367,725,1019,418
83,0.05,0.1,Empirical Bernstein,37.784172,0.03249134548811447,0.03168623438173202,367,725,1019,418
83,0.05,0.1,Platt calibration,44.566222,0.023251403954150318,0.019838406064709383,155,374,565,207
83,0.05,0.1,Isotonic calibration,37.784172,0.03249134548811447,0.03168623438173202,367,725,1019,418
83,0.1,0.5,Multilabel,27.159271,0.0946818986075852,0.0908010795155345,580,1256,2040,762
83,0.1,0.5,Hoeffding/LTT,32.034209,0.0623095366310229,0.058683910875854,484,1000,1517,597
83,0.1,0.5,Hoeffding-Bentkus,32.034209,0.0623095366310229,0.058683910875854,484,1000,1517,597
83,0.1,0.5,IID-normal,27.159271,0.0946818986075852,0.0908010795155345,580,1256,2040,762
83,0.1,0.5,Empirical Bernstein,32.034209,0.0623095366310229,0.058683910875854,484,1000,1517,597
83,0.1,0.5,Platt calibration,32.034209,0.0623095366310229,0.058683910875854,484,1000,1517,597
83,0.1,0.5,Isotonic calibration,32.034209,0.0623095366310229,0.058683910875854,484,1000,1517,597
83,0.1,0.1,Multilabel,32.034209,0.0623095366310229,0.058683910875854,484,1000,1517,597
83,0.1,0.1,Hoeffding/LTT,32.034209,0.0623095366310229,0.058683910875854,484,1000,1517,597
83,0.1,0.1,Hoeffding-Bentkus,32.034209,0.0623095366310229,0.058683910875854,484,1000,1517,597
83,0.1,0.1,IID-normal,32.034209,0.0623095366310229,0.058683910875854,484,1000,1517,597
83,0.1,0.1,Empirical Bernstein,32.034209,0.0623095366310229,0.058683910875854,484,1000,1517,597
83,0.1,0.1,Platt calibration,32.034209,0.0623095366310229,0.058683910875854,484,1000,1517,597
83,0.1,0.1,Isotonic calibration,32.034209,0.0623095366310229,0.058683910875854,484,1000,1517,597
83,0.2,0.5,Multilabel,19.522089,0.15304193562674984,0.15261265016758338,791,1879,3380,1076
83,0.2,0.5,Hoeffding/LTT,19.522089,0.15304193562674984,0.15261265016758338,791,1879,3380,1076
83,0.2,0.5,Hoeffding-Bentkus,19.522089,0.15304193562674984,0.15261265016758338,791,1879,3380,1076
83,0.2,0.5,IID-normal,19.522089,0.15304193562674984,0.15261265016758338,791,1879,3380,1076
83,0.2,0.5,Empirical Bernstein,19.522089,0.15304193562674984,0.15261265016758338,791,1879,3380,1076
83,0.2,0.5,Platt calibration,19.522089,0.15304193562674984,0.15261265016758338,791,1879,3380,1076
83,0.2,0.5,Isotonic calibration,19.522089,0.15304193562674984,0.15261265016758338,791,1879,3380,1076
83,0.2,0.1,Multilabel,19.522089,0.15304193562674984,0.15261265016758338,791,1879,3380,1076
83,0.2,0.1,Hoeffding/LTT,19.522089,0.15304193562674984,0.15261265016758338,791,1879,3380,1076
83,0.2,0.1,Hoeffding-Bentkus,19.522089,0.15304193562674984,0.15261265016758338,791,1879,3380,1076
83,0.2,0.1,IID-normal,19.522089,0.15304193562674984,0.15261265016758338,791,1879,3380,1076
83,0.2,0.1,Empirical Bernstein,19.522089,0.15304193562674984,0.15261265016758338,791,1879,3380,1076
83,0.2,0.1,Platt calibration,19.522089,0.15304193562674984,0.15261265016758338,791,1879,3380,1076
83,0.2,0.1,Isotonic calibration,19.522089,0.15304193562674984,0.15261265016758338,791,1879,3380,1076
84,0.05,0.5,Multilabel,37.784172,0.031002897658794264,0.031793305430746197,385,818,1087,434
84,0.05,0.5,Hoeffding/LTT,37.784172,0.031002897658794264,0.031793305430746197,385,818,1087,434
84,0.05,0.5,Hoeffding-Bentkus,37.784172,0.031002897658794264,0.031793305430746197,385,818,1087,434
84,0.05,0.5,IID-normal,37.784172,0.031002897658794264,0.031793305430746197,385,818,1087,434
84,0.05,0.5,Empirical Bernstein,37.784172,0.031002897658794264,0.031793305430746197,385,818,1087,434
84,0.05,0.5,Platt calibration,44.566222,0.020224632664051077,0.019962659773086314,177,451,627,215
84,0.05,0.5,Isotonic calibration,37.784172,0.031002897658794264,0.031793305430746197,385,818,1087,434
84,0.05,0.1,Multilabel,37.784172,0.031002897658794264,0.031793305430746197,385,818,1087,434
84,0.05,0.1,Hoeffding/LTT,44.566222,0.020224632664051077,0.019962659773086314,177,451,627,215
84,0.05,0.1,Hoeffding-Bentkus,37.784172,0.031002897658794264,0.031793305430746197,385,818,1087,434
84,0.05,0.1,IID-normal,37.784172,0.031002897658794264,0.031793305430746197,385,818,1087,434
84,0.05,0.1,Empirical Bernstein,37.784172,0.031002897658794264,0.031793305430746197,385,818,1087,434
84,0.05,0.1,Platt calibration,44.566222,0.020224632664051077,0.019962659773086314,177,451,627,215
84,0.05,0.1,Isotonic calibration,37.784172,0.031002897658794264,0.031793305430746197,385,818,1087,434
84,0.1,0.5,Multilabel,32.034209,0.06005936354078519,0.058563461288579775,511,1117,1600,621
84,0.1,0.5,Hoeffding/LTT,32.034209,0.06005936354078519,0.058563461288579775,511,1117,1600,621
84,0.1,0.5,Hoeffding-Bentkus,32.034209,0.06005936354078519,0.058563461288579775,511,1117,1600,621
84,0.1,0.5,IID-normal,32.034209,0.06005936354078519,0.058563461288579775,511,1117,1600,621
84,0.1,0.5,Empirical Bernstein,32.034209,0.06005936354078519,0.058563461288579775,511,1117,1600,621
84,0.1,0.5,Platt calibration,32.034209,0.06005936354078519,0.058563461288579775,511,1117,1600,621
84,0.1,0.5,Isotonic calibration,32.034209,0.06005936354078519,0.058563461288579775,511,1117,1600,621
84,0.1,0.1,Multilabel,32.034209,0.06005936354078519,0.058563461288579775,511,1117,1600,621
84,0.1,0.1,Hoeffding/LTT,32.034209,0.06005936354078519,0.058563461288579775,511,1117,1600,621
84,0.1,0.1,Hoeffding-Bentkus,32.034209,0.06005936354078519,0.058563461288579775,511,1117,1600,621
84,0.1,0.1,IID-normal,32.034209,0.06005936354078519,0.058563461288579775,511,1117,1600,621
84,0.1,0.1,Empirical Bernstein,32.034209,0.06005936354078519,0.058563461288579775,511,1117,1600,621
84,0.1,0.1,Platt calibration,32.034209,0.06005936354078519,0.058563461288579775,511,1117,1600,621
84,0.1,0.1,Isotonic calibration,32.034209,0.06005936354078519,0.058563461288579775,511,1117,1600,621
84,0.2,0.5,Multilabel,19.522089,0.15539992586842344,0.15564854475076362,838,2062,3540,1117
84,0.2,0.5,Hoeffding/LTT,19.522089,0.15539992586842344,0.15564854475076362,838,2062,3540,1117
84,0.2,0.5,Hoeffding-Bentkus,19.522089,0.15539992586842344,0.15564854475076362,838,2062,3540,1117
84,0.2,0.5,IID-normal,19.522089,0.15539992586842344,0.15564854475076362,838,2062,3540,1117
84,0.2,0.5,Empirical Bernstein,19.522089,0.15539992586842344,0.15564854475076362,838,2062,3540,1117
84,0.2,0.5,Platt calibration,19.522089,0.15539992586842344,0.15564854475076362,838,2062,3540,1117
84,0.2,0.5,Isotonic calibration,19.522089,0.15539992586842344,0.15564854475076362,838,2062,3540,1117
84,0.2,0.1,Multilabel,19.522089,0.15539992586842344,0.15564854475076362,838,2062,3540,1117
84,0.2,0.1,Hoeffding/LTT,19.522089,0.15539992586842344,0.15564854475076362,838,2062,3540,1117
84,0.2,0.1,Hoeffding-Bentkus,19.522089,0.15539992586842344,0.15564854475076362,838,2062,3540,1117
84,0.2,0.1,IID-normal,19.522089,0.15539992586842344,0.15564854475076362,838,2062,3540,1117
84,0.2,0.1,Empirical Bernstein,19.522089,0.15539992586842344,0.15564854475076362,838,2062,3540,1117
84,0.2,0.1,Platt calibration,19.522089,0.15539992586842344,0.15564854475076362,838,2062,3540,1117
84,0.2,0.1,Isotonic calibration,19.522089,0.15539992586842344,0.15564854475076362,838,2062,3540,1117
85,0.05,0.5,Multilabel,37.784172,0.028319486114316485,0.03147952955417411,349,698,929,395
85,0.05,0.5,Hoeffding/LTT,37.784172,0.028319486114316485,0.03147952955417411,349,698,929,395
85,0.05,0.5,Hoeffding-Bentkus,37.784172,0.028319486114316485,0.03147952955417411,349,698,929,395
85,0.05,0.5,IID-normal,37.784172,0.028319486114316485,0.03147952955417411,349,698,929,395
85,0.05,0.5,Empirical Bernstein,37.784172,0.028319486114316485,0.03147952955417411,349,698,929,395
85,0.05,0.5,Platt calibration,44.566222,0.01895684283406416,0.01994201493609077,151,369,509,195
85,0.05,0.5,Isotonic calibration,37.784172,0.028319486114316485,0.03147952955417411,349,698,929,395
85,0.05,0.1,Multilabel,37.784172,0.028319486114316485,0.03147952955417411,349,698,929,395
85,0.05,0.1,Hoeffding/LTT,44.566222,0.01895684283406416,0.01994201493609077,151,369,509,195
85,0.05,0.1,Hoeffding-Bentkus,37.784172,0.028319486114316485,0.03147952955417411,349,698,929,395
85,0.05,0.1,IID-normal,37.784172,0.028319486114316485,0.03147952955417411,349,698,929,395
85,0.05,0.1,Empirical Bernstein,37.784172,0.028319486114316485,0.03147952955417411,349,698,929,395
85,0.05,0.1,Platt calibration,44.566222,0.01895684283406416,0.01994201493609077,151,369,509,195
85,0.05,0.1,Isotonic calibration,37.784172,0.028319486114316485,0.03147952955417411,349,698,929,395
85,0.1,0.5,Multilabel,32.034209,0.056764366489729975,0.05845258611846289,477,984,1429,581
85,0.1,0.5,Hoeffding/LTT,32.034209,0.056764366489729975,0.05845258611846289,477,984,1429,581
85,0.1,0.5,Hoeffding-Bentkus,32.034209,0.056764366489729975,0.05845258611846289,477,984,1429,581
85,0.1,0.5,IID-normal,32.034209,0.056764366489729975,0.05845258611846289,477,984,1429,581
85,0.1,0.5,Empirical Bernstein,32.034209,0.056764366489729975,0.05845258611846289,477,984,1429,581
85,0.1,0.5,Platt calibration,32.034209,0.056764366489729975,0.05845258611846289,477,984,1429,581
85,0.1,0.5,Isotonic calibration,32.034209,0.056764366489729975,0.05845258611846289,477,984,1429,581
85,0.1,0.1,Multilabel,32.034209,0.056764366489729975,0.05845258611846289,477,984,1429,581
85,0.1,0.1,Hoeffding/LTT,32.034209,0.056764366489729975,0.05845258611846289,477,984,1429,581
85,0.1,0.1,Hoeffding-Bentkus,32.034209,0.056764366489729975,0.05845258611846289,477,984,1429,581
85,0.1,0.1,IID-normal,32.034209,0.056764366489729975,0.05845258611846289,477,984,1429,581
85,0.1,0.1,Empirical Bernstein,32.034209,0.056764366489729975,0.05845258611846289,477,984,1429,581
85,0.1,0.1,Platt calibration,32.034209,0.056764366489729975,0.05845258611846289,477,984,1429,581
85,0.1,0.1,Isotonic calibration,32.034209,0.056764366489729975,0.05845258611846289,477,984,1429,581
85,0.2,0.5,Multilabel,19.522089,0.15898336002536326,0.1541449338277214,796,1840,3324,1103
85,0.2,0.5,Hoeffding/LTT,19.522089,0.15898336002536326,0.1541449338277214,796,1840,3324,1103
85,0.2,0.5,Hoeffding-Bentkus,19.522089,0.15898336002536326,0.1541449338277214,796,1840,3324,1103
85,0.2,0.5,IID-normal,19.522089,0.15898336002536326,0.1541449338277214,796,1840,3324,1103
85,0.2,0.5,Empirical Bernstein,19.522089,0.15898336002536326,0.1541449338277214,796,1840,3324,1103
85,0.2,0.5,Platt calibration,19.522089,0.15898336002536326,0.1541449338277214,796,1840,3324,1103
85,0.2,0.5,Isotonic calibration,19.522089,0.15898336002536326,0.1541449338277214,796,1840,3324,1103
85,0.2,0.1,Multilabel,19.522089,0.15898336002536326,0.1541449338277214,796,1840,3324,1103
85,0.2,0.1,Hoeffding/LTT,19.522089,0.15898336002536326,0.1541449338277214,796,1840,3324,1103
85,0.2,0.1,Hoeffding-Bentkus,19.522089,0.15898336002536326,0.1541449338277214,796,1840,3324,1103
85,0.2,0.1,IID-normal,19.522089,0.15898336002536326,0.1541449338277214,796,1840,3324,1103
85,0.2,0.1,Empirical Bernstein,19.522089,0.15898336002536326,0.1541449338277214,796,1840,3324,1103
85,0.2,0.1,Platt calibration,19.522089,0.15898336002536326,0.1541449338277214,796,1840,3324,1103
85,0.2,0.1,Isotonic calibration,19.522089,0.15898336002536326,0.1541449338277214,796,1840,3324,1103
86,0.05,0.5,Multilabel,37.784172,0.03251301382157602,0.03177800346046791,337,653,935,391
86,0.05,0.5,Hoeffding/LTT,37.784172,0.03251301382157602,0.03177800346046791,337,653,935,391
86,0.05,0.5,Hoeffding-Bentkus,37.784172,0.03251301382157602,0.03177800346046791,337,653,935,391
86,0.05,0.5,IID-normal,37.784172,0.03251301382157602,0.03177800346046791,337,653,935,391
86,0.05,0.5,Empirical Bernstein,37.784172,0.03251301382157602,0.03177800346046791,337,653,935,391
86,0.05,0.5,Platt calibration,44.566222,0.022672513270251556,0.019853152376849058,140,337,519,190
86,0.05,0.5,Isotonic calibration,37.784172,0.03251301382157602,0.03177800346046791,337,653,935,391
86,0.05,0.1,Multilabel,37.784172,0.03251301382157602,0.03177800346046791,337,653,935,391
86,0.05,0.1,Hoeffding/LTT,44.566222,0.022672513270251556,0.019853152376849058,140,337,519,190
86,0.05,0.1,Hoeffding-Bentkus,37.784172,0.03251301382157602,0.03177800346046791,337,653,935,391
86,0.05,0.1,IID-normal,37.784172,0.03251301382157602,0.03177800346046791,337,653,935,391
86,0.05,0.1,Empirical Bernstein,37.784172,0.03251301382157602,0.03177800346046791,337,653,935,391
86,0.05,0.1,Platt calibration,44.566222,0.022672513270251556,0.019853152376849058,140,337,519,190
86,0.05,0.1,Isotonic calibration,37.784172,0.03251301382157602,0.03177800346046791,337,653,935,391
86,0.1,0.5,Multilabel,32.034209,0.06054876016103803,0.05895973102726657,460,922,1424,570
86,0.1,0.5,Hoeffding/LTT,32.034209,0.06054876016103803,0.05895973102726657,460,922,1424,570
86,0.1,0.5,Hoeffding-Bentkus,32.034209,0.06054876016103803,0.05895973102726657,460,922,1424,570
86,0.1,0.5,IID-normal,32.034209,0.06054876016103803,0.05895973102726657,460,922,1424,570
86,0.1,0.5,Empirical Bernstein,32.034209,0.06054876016103803,0.05895973102726657,460,922,1424,570
86,0.1,0.5,Platt calibration,32.034209,0.06054876016103803,0.05895973102726657,460,922,1424,570
86,0.1,0.5,Isotonic calibration,32.034209,0.06054876016103803,0.05895973102726657,460,922,1424,570
86,0.1,0.1,Multilabel,32.034209,0.06054876016103803,0.05895973102726657,460,922,1424,570
86,0.1,0.1,Hoeffding/LTT,32.034209,0.06054876016103803,0.05895973102726657,460,922,1424,570
86,0.1,0.1,Hoeffding-Bentkus,32.034209,0.06054876016103803,0.05895973102726657,460,922,1424,570
86,0.1,0.1,IID-normal,32.034209,0.06054876016103803,0.05895973102726657,460,922,1424,570
86,0.1,0.1,Empirical Bernstein,32.034209,0.06054876016103803,0.05895973102726657,460,922,1424,570
86,0.1,0.1,Platt calibration,32.034209,0.06054876016103803,0.05895973102726657,460,922,1424,570
86,0.1,0.1,Isotonic calibration,32.034209,0.06054876016103803,0.05895973102726657,460,922,1424,570
86,0.2,0.5,Multilabel,19.522089,0.15287213235516953,0.15512703821622392,753,1809,3305,1039
86,0.2,0.5,Hoeffding/LTT,19.522089,0.15287213235516953,0.15512703821622392,753,1809,3305,1039
86,0.2,0.5,Hoeffding-Bentkus,19.522089,0.15287213235516953,0.15512703821622392,753,1809,3305,1039
86,0.2,0.5,IID-normal,19.522089,0.15287213235516953,0.15512703821622392,753,1809,3305,1039
86,0.2,0.5,Empirical Bernstein,19.522089,0.15287213235516953,0.15512703821622392,753,1809,3305,1039
86,0.2,0.5,Platt calibration,19.522089,0.15287213235516953,0.15512703821622392,753,1809,3305,1039
86,0.2,0.5,Isotonic calibration,19.522089,0.15287213235516953,0.15512703821622392,753,1809,3305,1039
86,0.2,0.1,Multilabel,19.522089,0.15287213235516953,0.15512703821622392,753,1809,3305,1039
86,0.2,0.1,Hoeffding/LTT,19.522089,0.15287213235516953,0.15512703821622392,753,1809,3305,1039
86,0.2,0.1,Hoeffding-Bentkus,19.522089,0.15287213235516953,0.15512703821622392,753,1809,3305,1039
86,0.2,0.1,IID-normal,19.522089,0.15287213235516953,0.15512703821622392,753,1809,3305,1039
86,0.2,0.1,Empirical Bernstein,19.522089,0.15287213235516953,0.15512703821622392,753,1809,3305,1039
86,0.2,0.1,Platt calibration,19.522089,0.15287213235516953,0.15512703821622392,753,1809,3305,1039
86,0.2,0.1,Isotonic calibration,19.522089,0.15287213235516953,0.15512703821622392,753,1809,3305,1039
87,0.05,0.5,Multilabel,37.784172,0.03331166499987179,0.03159442256006237,350,738,994,404
87,0.05,0.5,Hoeffding/LTT,37.784172,0.03331166499987179,0.03159442256006237,350,738,994,404
87,0.05,0.5,Hoeffding-Bentkus,37.784172,0.03331166499987179,0.03159442256006237,350,738,994,404
87,0.05,0.5,IID-normal,37.784172,0.03331166499987179,0.03159442256006237,350,738,994,404
87,0.05,0.5,Empirical Bernstein,37.784172,0.03331166499987179,0.03159442256006237,350,738,994,404
87,0.05,0.5,Platt calibration,44.566222,0.019550350026925147,0.019898417143677807,146,397,542,188
87,0.05,0.5,Isotonic calibration,37.784172,0.03331166499987179,0.03159442256006237,350,738,994,404
87,0.05,0.1,Multilabel,37.784172,0.03331166499987179,0.03159442256006237,350,738,994,404
87,0.05,0.1,Hoeffding/LTT,37.784172,0.03331166499987179,0.03159442256006237,350,738,994,404
87,0.05,0.1,Hoeffding-Bentkus,37.784172,0.03331166499987179,0.03159442256006237,350,738,994,404
87,0.05,0.1,IID-normal,37.784172,0.03331166499987179,0.03159442256006237,350,738,994,404
87,0.05,0.1,Empirical Bernstein,37.784172,0.03331166499987179,0.03159442256006237,350,738,994,404
87,0.05,0.1,Platt calibration,44.566222,0.019550350026925147,0.019898417143677807,146,397,542,188
87,0.05,0.1,Isotonic calibration,37.784172,0.03331166499987179,0.03159442256006237,350,738,994,404
87,0.1,0.5,Multilabel,27.159271,0.08992242993050749,0.09067772340876606,577,1261,2009,744
87,0.1,0.5,Hoeffding/LTT,32.034209,0.05669628432956381,0.057618628738296984,469,997,1450,568
87,0.1,0.5,Hoeffding-Bentkus,32.034209,0.05669628432956381,0.057618628738296984,469,997,1450,568
87,0.1,0.5,IID-normal,27.159271,0.08992242993050749,0.09067772340876606,577,1261,2009,744
87,0.1,0.5,Empirical Bernstein,32.034209,0.05669628432956381,0.057618628738296984,469,997,1450,568
87,0.1,0.5,Platt calibration,32.034209,0.05669628432956381,0.057618628738296984,469,997,1450,568
87,0.1,0.5,Isotonic calibration,32.034209,0.05669628432956381,0.057618628738296984,469,997,1450,568
87,0.1,0.1,Multilabel,32.034209,0.05669628432956381,0.057618628738296984,469,997,1450,568
87,0.1,0.1,Hoeffding/LTT,32.034209,0.05669628432956381,0.057618628738296984,469,997,1450,568
87,0.1,0.1,Hoeffding-Bentkus,32.034209,0.05669628432956381,0.057618628738296984,469,997,1450,568
87,0.1,0.1,IID-normal,32.034209,0.05669628432956381,0.057618628738296984,469,997,1450,568
87,0.1,0.1,Empirical Bernstein,32.034209,0.05669628432956381,0.057618628738296984,469,997,1450,568
87,0.1,0.1,Platt calibration,32.034209,0.05669628432956381,0.057618628738296984,469,997,1450,568
87,0.1,0.1,Isotonic calibration,32.034209,0.05669628432956381,0.057618628738296984,469,997,1450,568
87,0.2,0.5,Multilabel,19.522089,0.15540151107194725,0.15493871673589465,762,1832,3288,1058
87,0.2,0.5,Hoeffding/LTT,19.522089,0.15540151107194725,0.15493871673589465,762,1832,3288,1058
87,0.2,0.5,Hoeffding-Bentkus,19.522089,0.15540151107194725,0.15493871673589465,762,1832,3288,1058
87,0.2,0.5,IID-normal,19.522089,0.15540151107194725,0.15493871673589465,762,1832,3288,1058
87,0.2,0.5,Empirical Bernstein,19.522089,0.15540151107194725,0.15493871673589465,762,1832,3288,1058
87,0.2,0.5,Platt calibration,19.522089,0.15540151107194725,0.15493871673589465,762,1832,3288,1058
87,0.2,0.5,Isotonic calibration,19.522089,0.15540151107194725,0.15493871673589465,762,1832,3288,1058
87,0.2,0.1,Multilabel,19.522089,0.15540151107194725,0.15493871673589465,762,1832,3288,1058
87,0.2,0.1,Hoeffding/LTT,19.522089,0.15540151107194725,0.15493871673589465,762,1832,3288,1058
87,0.2,0.1,Hoeffding-Bentkus,19.522089,0.15540151107194725,0.15493871673589465,762,1832,3288,1058
87,0.2,0.1,IID-normal,19.522089,0.15540151107194725,0.15493871673589465,762,1832,3288,1058
87,0.2,0.1,Empirical Bernstein,19.522089,0.15540151107194725,0.15493871673589465,762,1832,3288,1058
87,0.2,0.1,Platt calibration,19.522089,0.15540151107194725,0.15493871673589465,762,1832,3288,1058
87,0.2,0.1,Isotonic calibration,19.522089,0.15540151107194725,0.15493871673589465,762,1832,3288,1058
88,0.05,0.5,Multilabel,37.784172,0.030023078698361415,0.031222687265341293,353,743,995,398
88,0.05,0.5,Hoeffding/LTT,37.784172,0.030023078698361415,0.031222687265341293,353,743,995,398
88,0.05,0.5,Hoeffding-Bentkus,37.784172,0.030023078698361415,0.031222687265341293,353,743,995,398
88,0.05,0.5,IID-normal,37.784172,0.030023078698361415,0.031222687265341293,353,743,995,398
88,0.05,0.5,Empirical Bernstein,37.784172,0.030023078698361415,0.031222687265341293,353,743,995,398
88,0.05,0.5,Platt calibration,44.566222,0.01905223478729133,0.019372935516300448,147,398,550,188
88,0.05,0.5,Isotonic calibration,37.784172,0.030023078698361415,0.031222687265341293,353,743,995,398
88,0.05,0.1,Multilabel,37.784172,0.030023078698361415,0.031222687265341293,353,743,995,398
88,0.05,0.1,Hoeffding/LTT,44.566222,0.01905223478729133,0.019372935516300448,147,398,550,188
88,0.05,0.1,Hoeffding-Bentkus,37.784172,0.030023078698361415,0.031222687265341293,353,743,995,398
88,0.05,0.1,IID-normal,37.784172,0.030023078698361415,0.031222687265341293,353,743,995,398
88,0.05,0.1,Empirical Bernstein,37.784172,0.030023078698361415,0.031222687265341293,353,743,995,398
88,0.05,0.1,Platt calibration,44.566222,0.01905223478729133,0.019372935516300448,147,398,550,188
88,0.05,0.1,Isotonic calibration,37.784172,0.030023078698361415,0.031222687265341293,353,743,995,398
88,0.1,0.5,Multilabel,27.159271,0.08677654691386516,0.08821795305800045,568,1273,1993,726
88,0.1,0.5,Hoeffding/LTT,32.034209,0.05587699053773367,0.057344390075432725,462,1007,1457,557
88,0.1,0.5,Hoeffding-Bentkus,32.034209,0.05587699053773367,0.057344390075432725,462,1007,1457,557
88,0.1,0.5,IID-normal,27.159271,0.08677654691386516,0.08821795305800045,568,1273,1993,726
88,0.1,0.5,Empirical Bernstein,32.034209,0.05587699053773367,0.057344390075432725,462,1007,1457,557
88,0.1,0.5,Platt calibration,32.034209,0.05587699053773367,0.057344390075432725,462,1007,1457,557
88,0.1,0.5,Isotonic calibration,32.034209,0.05587699053773367,0.057344390075432725,462,1007,1457,557
88,0.1,0.1,Multilabel,32.034209,0.05587699053773367,0.057344390075432725,462,1007,1457,557
88,0.1,0.1,Hoeffding/LTT,32.034209,0.05587699053773367,0.057344390075432725,462,1007,1457,557
88,0.1,0.1,Hoeffding-Bentkus,32.034209,0.05587699053773367,0.057344390075432725,462,1007,1457,557
88,0.1,0.1,IID-normal,32.034209,0.05587699053773367,0.057344390075432725,462,1007,1457,557
88,0.1,0.1,Empirical Bernstein,32.034209,0.05587699053773367,0.057344390075432725,462,1007,1457,557
88,0.1,0.1,Platt calibration,32.034209,0.05587699053773367,0.057344390075432725,462,1007,1457,557
88,0.1,0.1,Isotonic calibration,32.034209,0.05587699053773367,0.057344390075432725,462,1007,1457,557
88,0.2,0.5,Multilabel,19.522089,0.15590071031104957,0.1541285710555422,779,1881,3302,1079
88,0.2,0.5,Hoeffding/LTT,19.522089,0.15590071031104957,0.1541285710555422,779,1881,3302,1079
88,0.2,0.5,Hoeffding-Bentkus,19.522089,0.15590071031104957,0.1541285710555422,779,1881,3302,1079
88,0.2,0.5,IID-normal,19.522089,0.15590071031104957,0.1541285710555422,779,1881,3302,1079
88,0.2,0.5,Empirical Bernstein,19.522089,0.15590071031104957,0.1541285710555422,779,1881,3302,1079
88,0.2,0.5,Platt calibration,19.522089,0.15590071031104957,0.1541285710555422,779,1881,3302,1079
88,0.2,0.5,Isotonic calibration,19.522089,0.15590071031104957,0.1541285710555422,779,1881,3302,1079
88,0.2,0.1,Multilabel,19.522089,0.15590071031104957,0.1541285710555422,779,1881,3302,1079
88,0.2,0.1,Hoeffding/LTT,19.522089,0.15590071031104957,0.1541285710555422,779,1881,3302,1079
88,0.2,0.1,Hoeffding-Bentkus,19.522089,0.15590071031104957,0.1541285710555422,779,1881,3302,1079
88,0.2,0.1,IID-normal,19.522089,0.15590071031104957,0.1541285710555422,779,1881,3302,1079
88,0.2,0.1,Empirical Bernstein,19.522089,0.15590071031104957,0.1541285710555422,779,1881,3302,1079
88,0.2,0.1,Platt calibration,19.522089,0.15590071031104957,0.1541285710555422,779,1881,3302,1079
88,0.2,0.1,Isotonic calibration,19.522089,0.15590071031104957,0.1541285710555422,779,1881,3302,1079
89,0.05,0.5,Multilabel,37.784172,0.03114726773854399,0.030822228719148147,364,795,1055,417
89,0.05,0.5,Hoeffding/LTT,37.784172,0.03114726773854399,0.030822228719148147,364,795,1055,417
89,0.05,0.5,Hoeffding-Bentkus,37.784172,0.03114726773854399,0.030822228719148147,364,795,1055,417
89,0.05,0.5,IID-normal,37.784172,0.03114726773854399,0.030822228719148147,364,795,1055,417
89,0.05,0.5,Empirical Bernstein,37.784172,0.03114726773854399,0.030822228719148147,364,795,1055,417
89,0.05,0.5,Platt calibration,44.566222,0.019505731210093084,0.019477057302886687,172,450,610,211
89,0.05,0.5,Isotonic calibration,37.784172,0.03114726773854399,0.030822228719148147,364,795,1055,417
89,0.05,0.1,Multilabel,37.784172,0.03114726773854399,0.030822228719148147,364,795,1055,417
89,0.05,0.1,Hoeffding/LTT,37.784172,0.03114726773854399,0.030822228719148147,364,795,1055,417
89,0.05,0.1,Hoeffding-Bentkus,37.784172,0.03114726773854399,0.030822228719148147,364,795,1055,417
89,0.05,0.1,IID-normal,37.784172,0.03114726773854399,0.030822228719148147,364,795,1055,417
89,0.05,0.1,Empirical Bernstein,37.784172,0.03114726773854399,0.030822228719148147,364,795,1055,417
89,0.05,0.1,Platt calibration,44.566222,0.019505731210093084,0.019477057302886687,172,450,610,211
89,0.05,0.1,Isotonic calibration,37.784172,0.03114726773854399,0.030822228719148147,364,795,1055,417
89,0.1,0.5,Multilabel,27.159271,0.08676975151934764,0.08862533595945918,581,1330,2058,741
89,0.1,0.5,Hoeffding/LTT,32.034209,0.058749390978793246,0.05710554256170371,473,1065,1519,583
89,0.1,0.5,Hoeffding-Bentkus,32.034209,0.058749390978793246,0.05710554256170371,473,1065,1519,583
89,0.1,0.5,IID-normal,27.159271,0.08676975151934764,0.08862533595945918,581,1330,2058,741
89,0.1,0.5,Empirical Bernstein,32.034209,0.058749390978793246,0.05710554256170371,473,1065,1519,583
89,0.1,0.5,Platt calibration,32.034209,0.058749390978793246,0.05710554256170371,473,1065,1519,583
89,0.1,0.5,Isotonic calibration,32.034209,0.058749390978793246,0.05710554256170371,473,1065,1519,583
89,0.1,0.1,Multilabel,32.034209,0.058749390978793246,0.05710554256170371,473,1065,1519,583
89,0.1,0.1,Hoeffding/LTT,32.034209,0.058749390978793246,0.05710554256170371,473,1065,1519,583
89,0.1,0.1,Hoeffding-Bentkus,32.034209,0.058749390978793246,0.05710554256170371,473,1065,1519,583
89,0.1,0.1,IID-normal,32.034209,0.058749390978793246,0.05710554256170371,473,1065,1519,583
89,0.1,0.1,Empirical Bernstein,32.034209,0.058749390978793246,0.05710554256170371,473,1065,1519,583
89,0.1,0.1,Platt calibration,32.034209,0.058749390978793246,0.05710554256170371,473,1065,1519,583
89,0.1,0.1,Isotonic calibration,32.034209,0.058749390978793246,0.05710554256170371,473,1065,1519,583
89,0.2,0.5,Multilabel,19.522089,0.15346292372140516,0.15231871866942956,776,1915,3362,1066
89,0.2,0.5,Hoeffding/LTT,19.522089,0.15346292372140516,0.15231871866942956,776,1915,3362,1066
89,0.2,0.5,Hoeffding-Bentkus,19.522089,0.15346292372140516,0.15231871866942956,776,1915,3362,1066
89,0.2,0.5,IID-normal,19.522089,0.15346292372140516,0.15231871866942956,776,1915,3362,1066
89,0.2,0.5,Empirical Bernstein,19.522089,0.15346292372140516,0.15231871866942956,776,1915,3362,1066
89,0.2,0.5,Platt calibration,19.522089,0.15346292372140516,0.15231871866942956,776,1915,3362,1066
89,0.2,0.5,Isotonic calibration,19.522089,0.15346292372140516,0.15231871866942956,776,1915,3362,1066
89,0.2,0.1,Multilabel,19.522089,0.15346292372140516,0.15231871866942956,776,1915,3362,1066
89,0.2,0.1,Hoeffding/LTT,19.522089,0.15346292372140516,0.15231871866942956,776,1915,3362,1066
89,0.2,0.1,Hoeffding-Bentkus,19.522089,0.15346292372140516,0.15231871866942956,776,1915,3362,1066
89,0.2,0.1,IID-normal,19.522089,0.15346292372140516,0.15231871866942956,776,1915,3362,1066
89,0.2,0.1,Empirical Bernstein,19.522089,0.15346292372140516,0.15231871866942956,776,1915,3362,1066
89,0.2,0.1,Platt calibration,19.522089,0.15346292372140516,0.15231871866942956,776,1915,3362,1066
89,0.2,0.1,Isotonic calibration,19.522089,0.15346292372140516,0.15231871866942956,776,1915,3362,1066
90,0.05,0.5,Multilabel,37.784172,0.029470215657614693,0.031493036321235374,333,723,958,389
90,0.05,0.5,Hoeffding/LTT,37.784172,0.029470215657614693,0.031493036321235374,333,723,958,389
90,0.05,0.5,Hoeffding-Bentkus,37.784172,0.029470215657614693,0.031493036321235374,333,723,958,389
90,0.05,0.5,IID-normal,37.784172,0.029470215657614693,0.031493036321235374,333,723,958,389
90,0.05,0.5,Empirical Bernstein,37.784172,0.029470215657614693,0.031493036321235374,333,723,958,389
90,0.05,0.5,Platt calibration,44.566222,0.01812485575813524,0.019986510330112225,149,392,536,187
90,0.05,0.5,Isotonic calibration,37.784172,0.029470215657614693,0.031493036321235374,333,723,958,389
90,0.05,0.1,Multilabel,37.784172,0.029470215657614693,0.031493036321235374,333,723,958,389
90,0.05,0.1,Hoeffding/LTT,44.566222,0.01812485575813524,0.019986510330112225,149,392,536,187
90,0.05,0.1,Hoeffding-Bentkus,37.784172,0.029470215657614693,0.031493036321235374,333,723,958,389
90,0.05,0.1,IID-normal,37.784172,0.029470215657614693,0.031493036321235374,333,723,958,389
90,0.05,0.1,Empirical Bernstein,37.784172,0.029470215657614693,0.031493036321235374,333,723,958,389
90,0.05,0.1,Platt calibration,44.566222,0.01812485575813524,0.019986510330112225,149,392,536,187
90,0.05,0.1,Isotonic calibration,37.784172,0.029470215657614693,0.031493036321235374,333,723,958,389
90,0.1,0.5,Multilabel,27.159271,0.09008744262379158,0.08922741292409539,553,1248,1957,728
90,0.1,0.5,Hoeffding/LTT,32.034209,0.05500705182449932,0.056615879512798936,452,982,1404,555
90,0.1,0.5,Hoeffding-Bentkus,32.034209,0.05500705182449932,0.056615879512798936,452,982,1404,555
90,0.1,0.5,IID-normal,27.159271,0.09008744262379158,0.08922741292409539,553,1248,1957,728
90,0.1,0.5,Empirical Bernstein,32.034209,0.05500705182449932,0.056615879512798936,452,982,1404,555
90,0.1,0.5,Platt calibration,32.034209,0.05500705182449932,0.056615879512798936,452,982,1404,555
90,0.1,0.5,Isotonic calibration,32.034209,0.05500705182449932,0.056615879512798936,452,982,1404,555
90,0.1,0.1,Multilabel,32.034209,0.05500705182449932,0.056615879512798936,452,982,1404,555
90,0.1,0.1,Hoeffding/LTT,32.034209,0.05500705182449932,0.056615879512798936,452,982,1404,555
90,0.1,0.1,Hoeffding-Bentkus,32.034209,0.05500705182449932,0.056615879512798936,452,982,1404,555
90,0.1,0.1,IID-normal,32.034209,0.05500705182449932,0.056615879512798936,452,982,1404,555
90,0.1,0.1,Empirical Bernstein,32.034209,0.05500705182449932,0.056615879512798936,452,982,1404,555
90,0.1,0.1,Platt calibration,32.034209,0.05500705182449932,0.056615879512798936,452,982,1404,555
90,0.1,0.1,Isotonic calibration,32.034209,0.05500705182449932,0.056615879512798936,452,982,1404,555
90,0.2,0.5,Multilabel,19.522089,0.15205085705893462,0.15476444990932278,757,1827,3266,1054
90,0.2,0.5,Hoeffding/LTT,19.522089,0.15205085705893462,0.15476444990932278,757,1827,3266,1054
90,0.2,0.5,Hoeffding-Bentkus,19.522089,0.15205085705893462,0.15476444990932278,757,1827,3266,1054
90,0.2,0.5,IID-normal,19.522089,0.15205085705893462,0.15476444990932278,757,1827,3266,1054
90,0.2,0.5,Empirical Bernstein,19.522089,0.15205085705893462,0.15476444990932278,757,1827,3266,1054
90,0.2,0.5,Platt calibration,23.026196,0.11861553452829705,0.12077999015202805,649,1526,2561,879
90,0.2,0.5,Isotonic calibration,19.522089,0.15205085705893462,0.15476444990932278,757,1827,3266,1054
90,0.2,0.1,Multilabel,19.522089,0.15205085705893462,0.15476444990932278,757,1827,3266,1054
90,0.2,0.1,Hoeffding/LTT,19.522089,0.15205085705893462,0.15476444990932278,757,1827,3266,1054
90,0.2,0.1,Hoeffding-Bentkus,19.522089,0.15205085705893462,0.15476444990932278,757,1827,3266,1054
90,0.2,0.1,IID-normal,19.522089,0.15205085705893462,0.15476444990932278,757,1827,3266,1054
90,0.2,0.1,Empirical Bernstein,19.522089,0.15205085705893462,0.15476444990932278,757,1827,3266,1054
90,0.2,0.1,Platt calibration,23.026196,0.11861553452829705,0.12077999015202805,649,1526,2561,879
90,0.2,0.1,Isotonic calibration,19.522089,0.15205085705893462,0.15476444990932278,757,1827,3266,1054
91,0.05,0.5,Multilabel,37.784172,0.03501615508885299,0.03135420727245372,351,737,1062,404
91,0.05,0.5,Hoeffding/LTT,37.784172,0.03501615508885299,0.03135420727245372,351,737,1062,404
91,0.05,0.5,Hoeffding-Bentkus,37.784172,0.03501615508885299,0.03135420727245372,351,737,1062,404
91,0.05,0.5,IID-normal,37.784172,0.03501615508885299,0.03135420727245372,351,737,1062,404
91,0.05,0.5,Empirical Bernstein,37.784172,0.03501615508885299,0.03135420727245372,351,737,1062,404
91,0.05,0.5,Platt calibration,44.566222,0.023787214401107776,0.020298362774666092,178,412,616,223
91,0.05,0.5,Isotonic calibration,37.784172,0.03501615508885299,0.03135420727245372,351,737,1062,404
91,0.05,0.1,Multilabel,37.784172,0.03501615508885299,0.03135420727245372,351,737,1062,404
91,0.05,0.1,Hoeffding/LTT,37.784172,0.03501615508885299,0.03135420727245372,351,737,1062,404
91,0.05,0.1,Hoeffding-Bentkus,37.784172,0.03501615508885299,0.03135420727245372,351,737,1062,404
91,0.05,0.1,IID-normal,37.784172,0.03501615508885299,0.03135420727245372,351,737,1062,404
91,0.05,0.1,Empirical Bernstein,37.784172,0.03501615508885299,0.03135420727245372,351,737,1062,404
91,0.05,0.1,Platt calibration,44.566222,0.023787214401107776,0.020298362774666092,178,412,616,223
91,0.05,0.1,Isotonic calibration,37.784172,0.03501615508885299,0.03135420727245372,351,737,1062,404
91,0.1,0.5,Multilabel,27.159271,0.08638292689181219,0.089551874534102,558,1276,2087,710
91,0.1,0.5,Hoeffding/LTT,32.034209,0.05917339795368874,0.05833098247197774,465,1023,1568,561
91,0.1,0.5,Hoeffding-Bentkus,32.034209,0.05917339795368874,0.05833098247197774,465,1023,1568,561
91,0.1,0.5,IID-normal,27.159271,0.08638292689181219,0.089551874534102,558,1276,2087,710
91,0.1,0.5,Empirical Bernstein,32.034209,0.05917339795368874,0.05833098247197774,465,1023,1568,561
91,0.1,0.5,Platt calibration,32.034209,0.05917339795368874,0.05833098247197774,465,1023,1568,561
91,0.1,0.5,Isotonic calibration,32.034209,0.05917339795368874,0.05833098247197774,465,1023,1568,561
91,0.1,0.1,Multilabel,32.034209,0.05917339795368874,0.05833098247197774,465,1023,1568,561
91,0.1,0.1,Hoeffding/LTT,32.034209,0.05917339795368874,0.05833098247197774,465,1023,1568,561
91,0.1,0.1,Hoeffding-Bentkus,32.034209,0.05917339795368874,0.05833098247197774,465,1023,1568,561
91,0.1,0.1,IID-normal,32.034209,0.05917339795368874,0.05833098247197774,465,1023,1568,561
91,0.1,0.1,Empirical Bernstein,32.034209,0.05917339795368874,0.05833098247197774,465,1023,1568,561
91,0.1,0.1,Platt calibration,32.034209,0.05917339795368874,0.05833098247197774,465,1023,1568,561
91,0.1,0.1,Isotonic calibration,32.034209,0.05917339795368874,0.05833098247197774,465,1023,1568,561
91,0.2,0.5,Multilabel,19.522089,0.1500821624973483,0.15239856635537377,785,1880,3378,1058
91,0.2,0.5,Hoeffding/LTT,19.522089,0.1500821624973483,0.15239856635537377,785,1880,3378,1058
91,0.2,0.5,Hoeffding-Bentkus,19.522089,0.1500821624973483,0.15239856635537377,785,1880,3378,1058
91,0.2,0.5,IID-normal,19.522089,0.1500821624973483,0.15239856635537377,785,1880,3378,1058
91,0.2,0.5,Empirical Bernstein,19.522089,0.1500821624973483,0.15239856635537377,785,1880,3378,1058
91,0.2,0.5,Platt calibration,19.522089,0.1500821624973483,0.15239856635537377,785,1880,3378,1058
91,0.2,0.5,Isotonic calibration,19.522089,0.1500821624973483,0.15239856635537377,785,1880,3378,1058
91,0.2,0.1,Multilabel,19.522089,0.1500821624973483,0.15239856635537377,785,1880,3378,1058
91,0.2,0.1,Hoeffding/LTT,19.522089,0.1500821624973483,0.15239856635537377,785,1880,3378,1058
91,0.2,0.1,Hoeffding-Bentkus,19.522089,0.1500821624973483,0.15239856635537377,785,1880,3378,1058
91,0.2,0.1,IID-normal,19.522089,0.1500821624973483,0.15239856635537377,785,1880,3378,1058
91,0.2,0.1,Empirical Bernstein,19.522089,0.1500821624973483,0.15239856635537377,785,1880,3378,1058
91,0.2,0.1,Platt calibration,19.522089,0.1500821624973483,0.15239856635537377,785,1880,3378,1058
91,0.2,0.1,Isotonic calibration,19.522089,0.1500821624973483,0.15239856635537377,785,1880,3378,1058
92,0.05,0.5,Multilabel,37.784172,0.027188373464625482,0.030872066979886887,358,783,1020,399
92,0.05,0.5,Hoeffding/LTT,37.784172,0.027188373464625482,0.030872066979886887,358,783,1020,399
92,0.05,0.5,Hoeffding-Bentkus,37.784172,0.027188373464625482,0.030872066979886887,358,783,1020,399
92,0.05,0.5,IID-normal,37.784172,0.027188373464625482,0.030872066979886887,358,783,1020,399
92,0.05,0.5,Empirical Bernstein,37.784172,0.027188373464625482,0.030872066979886887,358,783,1020,399
92,0.05,0.5,Platt calibration,44.566222,0.01698707592891761,0.01944384604337211,172,449,595,204
92,0.05,0.5,Isotonic calibration,37.784172,0.027188373464625482,0.030872066979886887,358,783,1020,399
92,0.05,0.1,Multilabel,37.784172,0.027188373464625482,0.030872066979886887,358,783,1020,399
92,0.05,0.1,Hoeffding/LTT,44.566222,0.01698707592891761,0.01944384604337211,172,449,595,204
92,0.05,0.1,Hoeffding-Bentkus,37.784172,0.027188373464625482,0.030872066979886887,358,783,1020,399
92,0.05,0.1,IID-normal,37.784172,0.027188373464625482,0.030872066979886887,358,783,1020,399
92,0.05,0.1,Empirical Bernstein,37.784172,0.027188373464625482,0.030872066979886887,358,783,1020,399
92,0.05,0.1,Platt calibration,44.566222,0.01698707592891761,0.01944384604337211,172,449,595,204
92,0.05,0.1,Isotonic calibration,37.784172,0.027188373464625482,0.030872066979886887,358,783,1020,399
92,0.1,0.5,Multilabel,32.034209,0.05718016770520809,0.05770035322760441,476,1067,1511,581
92,0.1,0.5,Hoeffding/LTT,32.034209,0.05718016770520809,0.05770035322760441,476,1067,1511,581
92,0.1,0.5,Hoeffding-Bentkus,32.034209,0.05718016770520809,0.05770035322760441,476,1067,1511,581
92,0.1,0.5,IID-normal,32.034209,0.05718016770520809,0.05770035322760441,476,1067,1511,581
92,0.1,0.5,Empirical Bernstein,32.034209,0.05718016770520809,0.05770035322760441,476,1067,1511,581
92,0.1,0.5,Platt calibration,32.034209,0.05718016770520809,0.05770035322760441,476,1067,1511,581
92,0.1,0.5,Isotonic calibration,32.034209,0.05718016770520809,0.05770035322760441,476,1067,1511,581
92,0.1,0.1,Multilabel,32.034209,0.05718016770520809,0.05770035322760441,476,1067,1511,581
92,0.1,0.1,Hoeffding/LTT,32.034209,0.05718016770520809,0.05770035322760441,476,1067,1511,581
92,0.1,0.1,Hoeffding-Bentkus,32.034209,0.05718016770520809,0.05770035322760441,476,1067,1511,581
92,0.1,0.1,IID-normal,32.034209,0.05718016770520809,0.05770035322760441,476,1067,1511,581
92,0.1,0.1,Empirical Bernstein,32.034209,0.05718016770520809,0.05770035322760441,476,1067,1511,581
92,0.1,0.1,Platt calibration,32.034209,0.05718016770520809,0.05770035322760441,476,1067,1511,581
92,0.1,0.1,Isotonic calibration,32.034209,0.05718016770520809,0.05770035322760441,476,1067,1511,581
92,0.2,0.5,Multilabel,19.522089,0.15093366156371002,0.15572388888578031,786,1976,3449,1064
92,0.2,0.5,Hoeffding/LTT,19.522089,0.15093366156371002,0.15572388888578031,786,1976,3449,1064
92,0.2,0.5,Hoeffding-Bentkus,19.522089,0.15093366156371002,0.15572388888578031,786,1976,3449,1064
92,0.2,0.5,IID-normal,19.522089,0.15093366156371002,0.15572388888578031,786,1976,3449,1064
92,0.2,0.5,Empirical Bernstein,19.522089,0.15093366156371002,0.15572388888578031,786,1976,3449,1064
92,0.2,0.5,Platt calibration,23.026196,0.1201727055927379,0.12261729515876435,686,1667,2750,909
92,0.2,0.5,Isotonic calibration,19.522089,0.15093366156371002,0.15572388888578031,786,1976,3449,1064
92,0.2,0.1,Multilabel,19.522089,0.15093366156371002,0.15572388888578031,786,1976,3449,1064
92,0.2,0.1,Hoeffding/LTT,19.522089,0.15093366156371002,0.15572388888578031,786,1976,3449,1064
92,0.2,0.1,Hoeffding-Bentkus,19.522089,0.15093366156371002,0.15572388888578031,786,1976,3449,1064
92,0.2,0.1,IID-normal,19.522089,0.15093366156371002,0.15572388888578031,786,1976,3449,1064
92,0.2,0.1,Empirical Bernstein,19.522089,0.15093366156371002,0.15572388888578031,786,1976,3449,1064
92,0.2,0.1,Platt calibration,23.026196,0.1201727055927379,0.12261729515876435,686,1667,2750,909
92,0.2,0.1,Isotonic calibration,19.522089,0.15093366156371002,0.15572388888578031,786,1976,3449,1064
93,0.05,0.5,Multilabel,37.784172,0.032305305536323305,0.03195106959917386,378,732,1019,428
93,0.05,0.5,Hoeffding/LTT,37.784172,0.032305305536323305,0.03195106959917386,378,732,1019,428
93,0.05,0.5,Hoeffding-Bentkus,37.784172,0.032305305536323305,0.03195106959917386,378,732,1019,428
93,0.05,0.5,IID-normal,37.784172,0.032305305536323305,0.03195106959917386,378,732,1019,428
93,0.05,0.5,Empirical Bernstein,37.784172,0.032305305536323305,0.03195106959917386,378,732,1019,428
93,0.05,0.5,Platt calibration,44.566222,0.021603584891145472,0.020075757575757577,160,376,560,203
93,0.05,0.5,Isotonic calibration,37.784172,0.032305305536323305,0.03195106959917386,378,732,1019,428
93,0.05,0.1,Multilabel,37.784172,0.032305305536323305,0.03195106959917386,378,732,1019,428
93,0.05,0.1,Hoeffding/LTT,37.784172,0.032305305536323305,0.03195106959917386,378,732,1019,428
93,0.05,0.1,Hoeffding-Bentkus,37.784172,0.032305305536323305,0.03195106959917386,378,732,1019,428
93,0.05,0.1,IID-normal,37.784172,0.032305305536323305,0.03195106959917386,378,732,1019,428
93,0.05,0.1,Empirical Bernstein,37.784172,0.032305305536323305,0.03195106959917386,378,732,1019,428
93,0.05,0.1,Platt calibration,44.566222,0.021603584891145472,0.020075757575757577,160,376,560,203
93,0.05,0.1,Isotonic calibration,37.784172,0.032305305536323305,0.03195106959917386,378,732,1019,428
93,0.1,0.5,Multilabel,27.159271,0.09320357976254584,0.09079385595973273,613,1296,2086,788
93,0.1,0.5,Hoeffding/LTT,32.034209,0.05890709541759622,0.05724061023231639,490,1010,1506,594
93,0.1,0.5,Hoeffding-Bentkus,32.034209,0.05890709541759622,0.05724061023231639,490,1010,1506,594
93,0.1,0.5,IID-normal,27.159271,0.09320357976254584,0.09079385595973273,613,1296,2086,788
93,0.1,0.5,Empirical Bernstein,32.034209,0.05890709541759622,0.05724061023231639,490,1010,1506,594
93,0.1,0.5,Platt calibration,32.034209,0.05890709541759622,0.05724061023231639,490,1010,1506,594
93,0.1,0.5,Isotonic calibration,32.034209,0.05890709541759622,0.05724061023231639,490,1010,1506,594
93,0.1,0.1,Multilabel,32.034209,0.05890709541759622,0.05724061023231639,490,1010,1506,594
93,0.1,0.1,Hoeffding/LTT,32.034209,0.05890709541759622,0.05724061023231639,490,1010,1506,594
93,0.1,0.1,Hoeffding-Bentkus,32.034209,0.05890709541759622,0.05724061023231639,490,1010,1506,594
93,0.1,0.1,IID-normal,32.034209,0.05890709541759622,0.05724061023231639,490,1010,1506,594
93,0.1,0.1,Empirical Bernstein,32.034209,0.05890709541759622,0.05724061023231639,490,1010,1506,594
93,0.1,0.1,Platt calibration,32.034209,0.05890709541759622,0.05724061023231639,490,1010,1506,594
93,0.1,0.1,Isotonic calibration,32.034209,0.05890709541759622,0.05724061023231639,490,1010,1506,594
93,0.2,0.5,Multilabel,19.522089,0.15269616310811787,0.1536993814864345,826,1910,3428,1099
93,0.2,0.5,Hoeffding/LTT,19.522089,0.15269616310811787,0.1536993814864345,826,1910,3428,1099
93,0.2,0.5,Hoeffding-Bentkus,19.522089,0.15269616310811787,0.1536993814864345,826,1910,3428,1099
93,0.2,0.5,IID-normal,19.522089,0.15269616310811787,0.1536993814864345,826,1910,3428,1099
93,0.2,0.5,Empirical Bernstein,19.522089,0.15269616310811787,0.1536993814864345,826,1910,3428,1099
93,0.2,0.5,Platt calibration,19.522089,0.15269616310811787,0.1536993814864345,826,1910,3428,1099
93,0.2,0.5,Isotonic calibration,19.522089,0.15269616310811787,0.1536993814864345,826,1910,3428,1099
93,0.2,0.1,Multilabel,19.522089,0.15269616310811787,0.1536993814864345,826,1910,3428,1099
93,0.2,0.1,Hoeffding/LTT,19.522089,0.15269616310811787,0.1536993814864345,826,1910,3428,1099
93,0.2,0.1,Hoeffding-Bentkus,19.522089,0.15269616310811787,0.1536993814864345,826,1910,3428,1099
93,0.2,0.1,IID-normal,19.522089,0.15269616310811787,0.1536993814864345,826,1910,3428,1099
93,0.2,0.1,Empirical Bernstein,19.522089,0.15269616310811787,0.1536993814864345,826,1910,3428,1099
93,0.2,0.1,Platt calibration,19.522089,0.15269616310811787,0.1536993814864345,826,1910,3428,1099
93,0.2,0.1,Isotonic calibration,19.522089,0.15269616310811787,0.1536993814864345,826,1910,3428,1099
94,0.05,0.5,Multilabel,37.784172,0.03787727261071364,0.03176394103526805,373,768,1091,435
94,0.05,0.5,Hoeffding/LTT,37.784172,0.03787727261071364,0.03176394103526805,373,768,1091,435
94,0.05,0.5,Hoeffding-Bentkus,37.784172,0.03787727261071364,0.03176394103526805,373,768,1091,435
94,0.05,0.5,IID-normal,37.784172,0.03787727261071364,0.03176394103526805,373,768,1091,435
94,0.05,0.5,Empirical Bernstein,37.784172,0.03787727261071364,0.03176394103526805,373,768,1091,435
94,0.05,0.5,Platt calibration,44.566222,0.025675821217016694,0.02020231940255637,165,421,636,219
94,0.05,0.5,Isotonic calibration,37.784172,0.03787727261071364,0.03176394103526805,373,768,1091,435
94,0.05,0.1,Multilabel,37.784172,0.03787727261071364,0.03176394103526805,373,768,1091,435
94,0.05,0.1,Hoeffding/LTT,37.784172,0.03787727261071364,0.03176394103526805,373,768,1091,435
94,0.05,0.1,Hoeffding-Bentkus,37.784172,0.03787727261071364,0.03176394103526805,373,768,1091,435
94,0.05,0.1,IID-normal,37.784172,0.03787727261071364,0.03176394103526805,373,768,1091,435
94,0.05,0.1,Empirical Bernstein,37.784172,0.03787727261071364,0.03176394103526805,373,768,1091,435
94,0.05,0.1,Platt calibration,44.566222,0.025675821217016694,0.02020231940255637,165,421,636,219
94,0.05,0.1,Isotonic calibration,37.784172,0.03787727261071364,0.03176394103526805,373,768,1091,435
94,0.1,0.5,Multilabel,27.159271,0.09490063338205504,0.09098705402022939,616,1375,2205,785
94,0.1,0.5,Hoeffding/LTT,32.034209,0.0618223196656153,0.057768229006380664,504,1090,1639,608
94,0.1,0.5,Hoeffding-Bentkus,32.034209,0.0618223196656153,0.057768229006380664,504,1090,1639,608
94,0.1,0.5,IID-normal,27.159271,0.09490063338205504,0.09098705402022939,616,1375,2205,785
94,0.1,0.5,Empirical Bernstein,32.034209,0.0618223196656153,0.057768229006380664,504,1090,1639,608
94,0.1,0.5,Platt calibration,32.034209,0.0618223196656153,0.057768229006380664,504,1090,1639,608
94,0.1,0.5,Isotonic calibration,32.034209,0.0618223196656153,0.057768229006380664,504,1090,1639,608
94,0.1,0.1,Multilabel,32.034209,0.0618223196656153,0.057768229006380664,504,1090,1639,608
94,0.1,0.1,Hoeffding/LTT,32.034209,0.0618223196656153,0.057768229006380664,504,1090,1639,608
94,0.1,0.1,Hoeffding-Bentkus,32.034209,0.0618223196656153,0.057768229006380664,504,1090,1639,608
94,0.1,0.1,IID-normal,32.034209,0.0618223196656153,0.057768229006380664,504,1090,1639,608
94,0.1,0.1,Empirical Bernstein,32.034209,0.0618223196656153,0.057768229006380664,504,1090,1639,608
94,0.1,0.1,Platt calibration,32.034209,0.0618223196656153,0.057768229006380664,504,1090,1639,608
94,0.1,0.1,Isotonic calibration,32.034209,0.0618223196656153,0.057768229006380664,504,1090,1639,608
94,0.2,0.5,Multilabel,19.522089,0.16385413097044763,0.1536770113892044,815,1996,3598,1117
94,0.2,0.5,Hoeffding/LTT,19.522089,0.16385413097044763,0.1536770113892044,815,1996,3598,1117
94,0.2,0.5,Hoeffding-Bentkus,19.522089,0.16385413097044763,0.1536770113892044,815,1996,3598,1117
94,0.2,0.5,IID-normal,19.522089,0.16385413097044763,0.1536770113892044,815,1996,3598,1117
94,0.2,0.5,Empirical Bernstein,19.522089,0.16385413097044763,0.1536770113892044,815,1996,3598,1117
94,0.2,0.5,Platt calibration,19.522089,0.16385413097044763,0.1536770113892044,815,1996,3598,1117
94,0.2,0.5,Isotonic calibration,19.522089,0.16385413097044763,0.1536770113892044,815,1996,3598,1117
94,0.2,0.1,Multilabel,19.522089,0.16385413097044763,0.1536770113892044,815,1996,3598,1117
94,0.2,0.1,Hoeffding/LTT,19.522089,0.16385413097044763,0.1536770113892044,815,1996,3598,1117
94,0.2,0.1,Hoeffding-Bentkus,19.522089,0.16385413097044763,0.1536770113892044,815,1996,3598,1117
94,0.2,0.1,IID-normal,19.522089,0.16385413097044763,0.1536770113892044,815,1996,3598,1117
94,0.2,0.1,Empirical Bernstein,19.522089,0.16385413097044763,0.1536770113892044,815,1996,3598,1117
94,0.2,0.1,Platt calibration,19.522089,0.16385413097044763,0.1536770113892044,815,1996,3598,1117
94,0.2,0.1,Isotonic calibration,19.522089,0.16385413097044763,0.1536770113892044,815,1996,3598,1117
95,0.05,0.5,Multilabel,37.784172,0.029340333871836297,0.031139381287485557,328,669,913,381
95,0.05,0.5,Hoeffding/LTT,37.784172,0.029340333871836297,0.031139381287485557,328,669,913,381
95,0.05,0.5,Hoeffding-Bentkus,37.784172,0.029340333871836297,0.031139381287485557,328,669,913,381
95,0.05,0.5,IID-normal,37.784172,0.029340333871836297,0.031139381287485557,328,669,913,381
95,0.05,0.5,Empirical Bernstein,37.784172,0.029340333871836297,0.031139381287485557,328,669,913,381
95,0.05,0.5,Platt calibration,44.566222,0.018231017770597737,0.019322669826224326,154,357,500,193
95,0.05,0.5,Isotonic calibration,37.784172,0.029340333871836297,0.031139381287485557,328,669,913,381
95,0.05,0.1,Multilabel,37.784172,0.029340333871836297,0.031139381287485557,328,669,913,381
95,0.05,0.1,Hoeffding/LTT,44.566222,0.018231017770597737,0.019322669826224326,154,357,500,193
95,0.05,0.1,Hoeffding-Bentkus,37.784172,0.029340333871836297,0.031139381287485557,328,669,913,381
95,0.05,0.1,IID-normal,37.784172,0.029340333871836297,0.031139381287485557,328,669,913,381
95,0.05,0.1,Empirical Bernstein,37.784172,0.029340333871836297,0.031139381287485557,328,669,913,381
95,0.05,0.1,Platt calibration,44.566222,0.018231017770597737,0.019322669826224326,154,357,500,193
95,0.05,0.1,Isotonic calibration,37.784172,0.029340333871836297,0.031139381287485557,328,669,913,381
95,0.1,0.5,Multilabel,27.159271,0.09099340974946792,0.09042652318718669,557,1203,1954,739
95,0.1,0.5,Hoeffding/LTT,32.034209,0.05644447008744262,0.05777468318937513,456,945,1404,564
95,0.1,0.5,Hoeffding-Bentkus,32.034209,0.05644447008744262,0.05777468318937513,456,945,1404,564
95,0.1,0.5,IID-normal,27.159271,0.09099340974946792,0.09042652318718669,557,1203,1954,739
95,0.1,0.5,Empirical Bernstein,32.034209,0.05644447008744262,0.05777468318937513,456,945,1404,564
95,0.1,0.5,Platt calibration,32.034209,0.05644447008744262,0.05777468318937513,456,945,1404,564
95,0.1,0.5,Isotonic calibration,32.034209,0.05644447008744262,0.05777468318937513,456,945,1404,564
95,0.1,0.1,Multilabel,32.034209,0.05644447008744262,0.05777468318937513,456,945,1404,564
95,0.1,0.1,Hoeffding/LTT,32.034209,0.05644447008744262,0.05777468318937513,456,945,1404,564
95,0.1,0.1,Hoeffding-Bentkus,32.034209,0.05644447008744262,0.05777468318937513,456,945,1404,564
95,0.1,0.1,IID-normal,32.034209,0.05644447008744262,0.05777468318937513,456,945,1404,564
95,0.1,0.1,Empirical Bernstein,32.034209,0.05644447008744262,0.05777468318937513,456,945,1404,564
95,0.1,0.1,Platt calibration,32.034209,0.05644447008744262,0.05777468318937513,456,945,1404,564
95,0.1,0.1,Isotonic calibration,32.034209,0.05644447008744262,0.05777468318937513,456,945,1404,564
95,0.2,0.5,Multilabel,19.522089,0.1566111146078836,0.15467315100285803,768,1840,3305,1082
95,0.2,0.5,Hoeffding/LTT,19.522089,0.1566111146078836,0.15467315100285803,768,1840,3305,1082
95,0.2,0.5,Hoeffding-Bentkus,19.522089,0.1566111146078836,0.15467315100285803,768,1840,3305,1082
95,0.2,0.5,IID-normal,19.522089,0.1566111146078836,0.15467315100285803,768,1840,3305,1082
95,0.2,0.5,Empirical Bernstein,19.522089,0.1566111146078836,0.15467315100285803,768,1840,3305,1082
95,0.2,0.5,Platt calibration,19.522089,0.1566111146078836,0.15467315100285803,768,1840,3305,1082
95,0.2,0.5,Isotonic calibration,19.522089,0.1566111146078836,0.15467315100285803,768,1840,3305,1082
95,0.2,0.1,Multilabel,19.522089,0.1566111146078836,0.15467315100285803,768,1840,3305,1082
95,0.2,0.1,Hoeffding/LTT,19.522089,0.1566111146078836,0.15467315100285803,768,1840,3305,1082
95,0.2,0.1,Hoeffding-Bentkus,19.522089,0.1566111146078836,0.15467315100285803,768,1840,3305,1082
95,0.2,0.1,IID-normal,19.522089,0.1566111146078836,0.15467315100285803,768,1840,3305,1082
95,0.2,0.1,Empirical Bernstein,19.522089,0.1566111146078836,0.15467315100285803,768,1840,3305,1082
95,0.2,0.1,Platt calibration,19.522089,0.1566111146078836,0.15467315100285803,768,1840,3305,1082
95,0.2,0.1,Isotonic calibration,19.522089,0.1566111146078836,0.15467315100285803,768,1840,3305,1082
96,0.05,0.5,Multilabel,37.784172,0.03284239813318973,0.031332921291452105,357,763,1047,405
96,0.05,0.5,Hoeffding/LTT,37.784172,0.03284239813318973,0.031332921291452105,357,763,1047,405
96,0.05,0.5,Hoeffding-Bentkus,37.784172,0.03284239813318973,0.031332921291452105,357,763,1047,405
96,0.05,0.5,IID-normal,37.784172,0.03284239813318973,0.031332921291452105,357,763,1047,405
96,0.05,0.5,Empirical Bernstein,37.784172,0.03284239813318973,0.031332921291452105,357,763,1047,405
96,0.05,0.5,Platt calibration,44.566222,0.022556350488499112,0.020391713341950307,165,427,606,212
96,0.05,0.5,Isotonic calibration,37.784172,0.03284239813318973,0.031332921291452105,357,763,1047,405
96,0.05,0.1,Multilabel,37.784172,0.03284239813318973,0.031332921291452105,357,763,1047,405
96,0.05,0.1,Hoeffding/LTT,37.784172,0.03284239813318973,0.031332921291452105,357,763,1047,405
96,0.05,0.1,Hoeffding-Bentkus,37.784172,0.03284239813318973,0.031332921291452105,357,763,1047,405
96,0.05,0.1,IID-normal,37.784172,0.03284239813318973,0.031332921291452105,357,763,1047,405
96,0.05,0.1,Empirical Bernstein,37.784172,0.03284239813318973,0.031332921291452105,357,763,1047,405
96,0.05,0.1,Platt calibration,44.566222,0.022556350488499112,0.020391713341950307,165,427,606,212
96,0.05,0.1,Isotonic calibration,37.784172,0.03284239813318973,0.031332921291452105,357,763,1047,405
96,0.1,0.5,Multilabel,32.034209,0.05843308459625099,0.05786474255076151,475,1049,1554,572
96,0.1,0.5,Hoeffding/LTT,32.034209,0.05843308459625099,0.05786474255076151,475,1049,1554,572
96,0.1,0.5,Hoeffding-Bentkus,32.034209,0.05843308459625099,0.05786474255076151,475,1049,1554,572
96,0.1,0.5,IID-normal,32.034209,0.05843308459625099,0.05786474255076151,475,1049,1554,572
96,0.1,0.5,Empirical Bernstein,32.034209,0.05843308459625099,0.05786474255076151,475,1049,1554,572
96,0.1,0.5,Platt calibration,32.034209,0.05843308459625099,0.05786474255076151,475,1049,1554,572
96,0.1,0.5,Isotonic calibration,32.034209,0.05843308459625099,0.05786474255076151,475,1049,1554,572
96,0.1,0.1,Multilabel,32.034209,0.05843308459625099,0.05786474255076151,475,1049,1554,572
96,0.1,0.1,Hoeffding/LTT,32.034209,0.05843308459625099,0.05786474255076151,475,1049,1554,572
96,0.1,0.1,Hoeffding-Bentkus,32.034209,0.05843308459625099,0.05786474255076151,475,1049,1554,572
96,0.1,0.1,IID-normal,32.034209,0.05843308459625099,0.05786474255076151,475,1049,1554,572
96,0.1,0.1,Empirical Bernstein,32.034209,0.05843308459625099,0.05786474255076151,475,1049,1554,572
96,0.1,0.1,Platt calibration,32.034209,0.05843308459625099,0.05786474255076151,475,1049,1554,572
96,0.1,0.1,Isotonic calibration,32.034209,0.05843308459625099,0.05786474255076151,475,1049,1554,572
96,0.2,0.5,Multilabel,19.522089,0.14656857054272238,0.15513197308221005,775,1874,3366,1027
96,0.2,0.5,Hoeffding/LTT,19.522089,0.14656857054272238,0.15513197308221005,775,1874,3366,1027
96,0.2,0.5,Hoeffding-Bentkus,19.522089,0.14656857054272238,0.15513197308221005,775,1874,3366,1027
96,0.2,0.5,IID-normal,19.522089,0.14656857054272238,0.15513197308221005,775,1874,3366,1027
96,0.2,0.5,Empirical Bernstein,19.522089,0.14656857054272238,0.15513197308221005,775,1874,3366,1027
96,0.2,0.5,Platt calibration,23.026196,0.11925853270764418,0.12142493827920368,676,1584,2672,884
96,0.2,0.5,Isotonic calibration,19.522089,0.14656857054272238,0.15513197308221005,775,1874,3366,1027
96,0.2,0.1,Multilabel,19.522089,0.14656857054272238,0.15513197308221005,775,1874,3366,1027
96,0.2,0.1,Hoeffding/LTT,19.522089,0.14656857054272238,0.15513197308221005,775,1874,3366,1027
96,0.2,0.1,Hoeffding-Bentkus,19.522089,0.14656857054272238,0.15513197308221005,775,1874,3366,1027
96,0.2,0.1,IID-normal,19.522089,0.14656857054272238,0.15513197308221005,775,1874,3366,1027
96,0.2,0.1,Empirical Bernstein,19.522089,0.14656857054272238,0.15513197308221005,775,1874,3366,1027
96,0.2,0.1,Platt calibration,23.026196,0.11925853270764418,0.12142493827920368,676,1584,2672,884
96,0.2,0.1,Isotonic calibration,19.522089,0.14656857054272238,0.15513197308221005,775,1874,3366,1027
97,0.05,0.5,Multilabel,37.784172,0.027745211170090007,0.0314701261087517,369,752,994,410
97,0.05,0.5,Hoeffding/LTT,37.784172,0.027745211170090007,0.0314701261087517,369,752,994,410
97,0.05,0.5,Hoeffding-Bentkus,37.784172,0.027745211170090007,0.0314701261087517,369,752,994,410
97,0.05,0.5,IID-normal,37.784172,0.027745211170090007,0.0314701261087517,369,752,994,410
97,0.05,0.5,Empirical Bernstein,37.784172,0.027745211170090007,0.0314701261087517,369,752,994,410
97,0.05,0.5,Platt calibration,44.566222,0.020601969382260173,0.019898032457274166,160,398,551,206
97,0.05,0.5,Isotonic calibration,37.784172,0.027745211170090007,0.0314701261087517,369,752,994,410
97,0.05,0.1,Multilabel,37.784172,0.027745211170090007,0.0314701261087517,369,752,994,410
97,0.05,0.1,Hoeffding/LTT,44.566222,0.020601969382260173,0.019898032457274166,160,398,551,206
97,0.05,0.1,Hoeffding-Bentkus,37.784172,0.027745211170090007,0.0314701261087517,369,752,994,410
97,0.05,0.1,IID-normal,37.784172,0.027745211170090007,0.0314701261087517,369,752,994,410
97,0.05,0.1,Empirical Bernstein,37.784172,0.027745211170090007,0.0314701261087517,369,752,994,410
97,0.05,0.1,Platt calibration,44.566222,0.020601969382260173,0.019898032457274166,160,398,551,206
97,0.05,0.1,Isotonic calibration,37.784172,0.027745211170090007,0.0314701261087517,369,752,994,410
97,0.1,0.5,Multilabel,32.034209,0.05238197810087955,0.058249813640808897,485,1037,1468,575
97,0.1,0.5,Hoeffding/LTT,32.034209,0.05238197810087955,0.058249813640808897,485,1037,1468,575
97,0.1,0.5,Hoeffding-Bentkus,32.034209,0.05238197810087955,0.058249813640808897,485,1037,1468,575
97,0.1,0.5,IID-normal,32.034209,0.05238197810087955,0.058249813640808897,485,1037,1468,575
97,0.1,0.5,Empirical Bernstein,32.034209,0.05238197810087955,0.058249813640808897,485,1037,1468,575
97,0.1,0.5,Platt calibration,32.034209,0.05238197810087955,0.058249813640808897,485,1037,1468,575
97,0.1,0.5,Isotonic calibration,32.034209,0.05238197810087955,0.058249813640808897,485,1037,1468,575
97,0.1,0.1,Multilabel,32.034209,0.05238197810087955,0.058249813640808897,485,1037,1468,575
97,0.1,0.1,Hoeffding/LTT,32.034209,0.05238197810087955,0.058249813640808897,485,1037,1468,575
97,0.1,0.1,Hoeffding-Bentkus,32.034209,0.05238197810087955,0.058249813640808897,485,1037,1468,575
97,0.1,0.1,IID-normal,32.034209,0.05238197810087955,0.058249813640808897,485,1037,1468,575
97,0.1,0.1,Empirical Bernstein,32.034209,0.05238197810087955,0.058249813640808897,485,1037,1468,575
97,0.1,0.1,Platt calibration,32.034209,0.05238197810087955,0.058249813640808897,485,1037,1468,575
97,0.1,0.1,Isotonic calibration,32.034209,0.05238197810087955,0.058249813640808897,485,1037,1468,575
97,0.2,0.5,Multilabel,19.522089,0.14765401534383762,0.15379172176619396,793,1890,3274,1068
97,0.2,0.5,Hoeffding/LTT,19.522089,0.14765401534383762,0.15379172176619396,793,1890,3274,1068
97,0.2,0.5,Hoeffding-Bentkus,19.522089,0.14765401534383762,0.15379172176619396,793,1890,3274,1068
97,0.2,0.5,IID-normal,19.522089,0.14765401534383762,0.15379172176619396,793,1890,3274,1068
97,0.2,0.5,Empirical Bernstein,19.522089,0.14765401534383762,0.15379172176619396,793,1890,3274,1068
97,0.2,0.5,Platt calibration,19.522089,0.14765401534383762,0.15379172176619396,793,1890,3274,1068
97,0.2,0.5,Isotonic calibration,19.522089,0.14765401534383762,0.15379172176619396,793,1890,3274,1068
97,0.2,0.1,Multilabel,19.522089,0.14765401534383762,0.15379172176619396,793,1890,3274,1068
97,0.2,0.1,Hoeffding/LTT,19.522089,0.14765401534383762,0.15379172176619396,793,1890,3274,1068
97,0.2,0.1,Hoeffding-Bentkus,19.522089,0.14765401534383762,0.15379172176619396,793,1890,3274,1068
97,0.2,0.1,IID-normal,19.522089,0.14765401534383762,0.15379172176619396,793,1890,3274,1068
97,0.2,0.1,Empirical Bernstein,19.522089,0.14765401534383762,0.15379172176619396,793,1890,3274,1068
97,0.2,0.1,Platt calibration,19.522089,0.14765401534383762,0.15379172176619396,793,1890,3274,1068
97,0.2,0.1,Isotonic calibration,19.522089,0.14765401534383762,0.15379172176619396,793,1890,3274,1068
98,0.05,0.5,Multilabel,37.784172,0.03130907505705567,0.0316975185162389,350,736,1008,402
98,0.05,0.5,Hoeffding/LTT,37.784172,0.03130907505705567,0.0316975185162389,350,736,1008,402
98,0.05,0.5,Hoeffding-Bentkus,37.784172,0.03130907505705567,0.0316975185162389,350,736,1008,402
98,0.05,0.5,IID-normal,37.784172,0.03130907505705567,0.0316975185162389,350,736,1008,402
98,0.05,0.5,Empirical Bernstein,37.784172,0.03130907505705567,0.0316975185162389,350,736,1008,402
98,0.05,0.5,Platt calibration,44.566222,0.02154704208016001,0.019943810139307773,154,395,568,200
98,0.05,0.5,Isotonic calibration,37.784172,0.03130907505705567,0.0316975185162389,350,736,1008,402
98,0.05,0.1,Multilabel,37.784172,0.03130907505705567,0.0316975185162389,350,736,1008,402
98,0.05,0.1,Hoeffding/LTT,44.566222,0.02154704208016001,0.019943810139307773,154,395,568,200
98,0.05,0.1,Hoeffding-Bentkus,37.784172,0.03130907505705567,0.0316975185162389,350,736,1008,402
98,0.05,0.1,IID-normal,37.784172,0.03130907505705567,0.0316975185162389,350,736,1008,402
98,0.05,0.1,Empirical Bernstein,37.784172,0.03130907505705567,0.0316975185162389,350,736,1008,402
98,0.05,0.1,Platt calibration,44.566222,0.02154704208016001,0.019943810139307773,154,395,568,200
98,0.05,0.1,Isotonic calibration,37.784172,0.03130907505705567,0.0316975185162389,350,736,1008,402
98,0.1,0.5,Multilabel,32.034209,0.058734902684821906,0.0580534098602819,469,994,1480,576
98,0.1,0.5,Hoeffding/LTT,32.034209,0.058734902684821906,0.0580534098602819,469,994,1480,576
98,0.1,0.5,Hoeffding-Bentkus,32.034209,0.058734902684821906,0.0580534098602819,469,994,1480,576
98,0.1,0.5,IID-normal,32.034209,0.058734902684821906,0.0580534098602819,469,994,1480,576
98,0.1,0.5,Empirical Bernstein,32.034209,0.058734902684821906,0.0580534098602819,469,994,1480,576
98,0.1,0.5,Platt calibration,32.034209,0.058734902684821906,0.0580534098602819,469,994,1480,576
98,0.1,0.5,Isotonic calibration,32.034209,0.058734902684821906,0.0580534098602819,469,994,1480,576
98,0.1,0.1,Multilabel,32.034209,0.058734902684821906,0.0580534098602819,469,994,1480,576
98,0.1,0.1,Hoeffding/LTT,32.034209,0.058734902684821906,0.0580534098602819,469,994,1480,576
98,0.1,0.1,Hoeffding-Bentkus,32.034209,0.058734902684821906,0.0580534098602819,469,994,1480,576
98,0.1,0.1,IID-normal,32.034209,0.058734902684821906,0.0580534098602819,469,994,1480,576
98,0.1,0.1,Empirical Bernstein,32.034209,0.058734902684821906,0.0580534098602819,469,994,1480,576
98,0.1,0.1,Platt calibration,32.034209,0.058734902684821906,0.0580534098602819,469,994,1480,576
98,0.1,0.1,Isotonic calibration,32.034209,0.058734902684821906,0.0580534098602819,469,994,1480,576
98,0.2,0.5,Multilabel,19.522089,0.1542449768863339,0.15492822140280132,755,1827,3320,1052
98,0.2,0.5,Hoeffding/LTT,19.522089,0.1542449768863339,0.15492822140280132,755,1827,3320,1052
98,0.2,0.5,Hoeffding-Bentkus,19.522089,0.1542449768863339,0.15492822140280132,755,1827,3320,1052
98,0.2,0.5,IID-normal,19.522089,0.1542449768863339,0.15492822140280132,755,1827,3320,1052
98,0.2,0.5,Empirical Bernstein,19.522089,0.1542449768863339,0.15492822140280132,755,1827,3320,1052
98,0.2,0.5,Platt calibration,23.026196,0.11779983075621203,0.12255788248086824,668,1552,2661,884
98,0.2,0.5,Isotonic calibration,19.522089,0.1542449768863339,0.15492822140280132,755,1827,3320,1052
98,0.2,0.1,Multilabel,19.522089,0.1542449768863339,0.15492822140280132,755,1827,3320,1052
98,0.2,0.1,Hoeffding/LTT,19.522089,0.1542449768863339,0.15492822140280132,755,1827,3320,1052
98,0.2,0.1,Hoeffding-Bentkus,19.522089,0.1542449768863339,0.15492822140280132,755,1827,3320,1052
98,0.2,0.1,IID-normal,19.522089,0.1542449768863339,0.15492822140280132,755,1827,3320,1052
98,0.2,0.1,Empirical Bernstein,19.522089,0.1542449768863339,0.15492822140280132,755,1827,3320,1052
98,0.2,0.1,Platt calibration,23.026196,0.11779983075621203,0.12255788248086824,668,1552,2661,884
98,0.2,0.1,Isotonic calibration,19.522089,0.1542449768863339,0.15492822140280132,755,1827,3320,1052
99,0.05,0.5,Multilabel,37.784172,0.02857501859117368,0.031099715844976502,358,692,932,405
99,0.05,0.5,Hoeffding/LTT,37.784172,0.02857501859117368,0.031099715844976502,358,692,932,405
99,0.05,0.5,Hoeffding-Bentkus,37.784172,0.02857501859117368,0.031099715844976502,358,692,932,405
99,0.05,0.5,IID-normal,37.784172,0.02857501859117368,0.031099715844976502,358,692,932,405
99,0.05,0.5,Empirical Bernstein,37.784172,0.02857501859117368,0.031099715844976502,358,692,932,405
99,0.05,0.5,Platt calibration,44.566222,0.0202357873682591,0.020261561108717508,139,340,487,187
99,0.05,0.5,Isotonic calibration,37.784172,0.02857501859117368,0.031099715844976502,358,692,932,405
99,0.05,0.1,Multilabel,37.784172,0.02857501859117368,0.031099715844976502,358,692,932,405
99,0.05,0.1,Hoeffding/LTT,44.566222,0.0202357873682591,0.020261561108717508,139,340,487,187
99,0.05,0.1,Hoeffding-Bentkus,37.784172,0.02857501859117368,0.031099715844976502,358,692,932,405
99,0.05,0.1,IID-normal,37.784172,0.02857501859117368,0.031099715844976502,358,692,932,405
99,0.05,0.1,Empirical Bernstein,37.784172,0.02857501859117368,0.031099715844976502,358,692,932,405
99,0.05,0.1,Platt calibration,44.566222,0.0202357873682591,0.020261561108717508,139,340,487,187
99,0.05,0.1,Isotonic calibration,37.784172,0.02857501859117368,0.031099715844976502,358,692,932,405
99,0.1,0.5,Multilabel,27.159271,0.09115201169320716,0.09010060831743295,572,1207,1954,748
99,0.1,0.5,Hoeffding/LTT,32.034209,0.058662204784983456,0.058430658993455196,472,966,1426,583
99,0.1,0.5,Hoeffding-Bentkus,32.034209,0.058662204784983456,0.058430658993455196,472,966,1426,583
99,0.1,0.5,IID-normal,27.159271,0.09115201169320716,0.09010060831743295,572,1207,1954,748
99,0.1,0.5,Empirical Bernstein,32.034209,0.058662204784983456,0.058430658993455196,472,966,1426,583
99,0.1,0.5,Platt calibration,32.034209,0.058662204784983456,0.058430658993455196,472,966,1426,583
99,0.1,0.5,Isotonic calibration,32.034209,0.058662204784983456,0.058430658993455196,472,966,1426,583
99,0.1,0.1,Multilabel,32.034209,0.058662204784983456,0.058430658993455196,472,966,1426,583
99,0.1,0.1,Hoeffding/LTT,32.034209,0.058662204784983456,0.058430658993455196,472,966,1426,583
99,0.1,0.1,Hoeffding-Bentkus,32.034209,0.058662204784983456,0.058430658993455196,472,966,1426,583
99,0.1,0.1,IID-normal,32.034209,0.058662204784983456,0.058430658993455196,472,966,1426,583
99,0.1,0.1,Empirical Bernstein,32.034209,0.058662204784983456,0.058430658993455196,472,966,1426,583
99,0.1,0.1,Platt calibration,32.034209,0.058662204784983456,0.058430658993455196,472,966,1426,583
99,0.1,0.1,Isotonic calibration,32.034209,0.058662204784983456,0.058430658993455196,472,966,1426,583
99,0.2,0.5,Multilabel,19.522089,0.1539420165187532,0.15366822188773935,776,1809,3266,1067
99,0.2,0.5,Hoeffding/LTT,19.522089,0.1539420165187532,0.15366822188773935,776,1809,3266,1067
99,0.2,0.5,Hoeffding-Bentkus,19.522089,0.1539420165187532,0.15366822188773935,776,1809,3266,1067
99,0.2,0.5,IID-normal,19.522089,0.1539420165187532,0.15366822188773935,776,1809,3266,1067
99,0.2,0.5,Empirical Bernstein,19.522089,0.1539420165187532,0.15366822188773935,776,1809,3266,1067
99,0.2,0.5,Platt calibration,19.522089,0.1539420165187532,0.15366822188773935,776,1809,3266,1067
99,0.2,0.5,Isotonic calibration,19.522089,0.1539420165187532,0.15366822188773935,776,1809,3266,1067
99,0.2,0.1,Multilabel,19.522089,0.1539420165187532,0.15366822188773935,776,1809,3266,1067
99,0.2,0.1,Hoeffding/LTT,19.522089,0.1539420165187532,0.15366822188773935,776,1809,3266,1067
99,0.2,0.1,Hoeffding-Bentkus,19.522089,0.1539420165187532,0.15366822188773935,776,1809,3266,1067
99,0.2,0.1,IID-normal,19.522089,0.1539420165187532,0.15366822188773935,776,1809,3266,1067
99,0.2,0.1,Empirical Bernstein,19.522089,0.1539420165187532,0.15366822188773935,776,1809,3266,1067
99,0.2,0.1,Platt calibration,19.522089,0.1539420165187532,0.15366822188773935,776,1809,3266,1067
99,0.2,0.1,Isotonic calibration,19.522089,0.1539420165187532,0.15366822188773935,776,1809,3266,1067
