repeat,alpha,delta,method,threshold,fdp,pool_risk,supp_genes,supp_terms,calls,genes
0,0.05,0.5,Multilabel,58.379583,0.04054366885355715,0.04451270782833757,176,489,768,249
0,0.05,0.5,Hoeffding/LTT,63.245541,0.03442382331501074,0.03686321265987427,170,400,616,234
0,0.05,0.5,Hoeffding-Bentkus,61.252292,0.03800559528734953,0.03942021559623988,172,457,702,242
0,0.05,0.5,IID-normal,58.379583,0.04054366885355715,0.04451270782833757,176,489,768,249
0,0.05,0.5,Empirical Bernstein,61.252292,0.03800559528734953,0.03942021559623988,172,457,702,242
0,0.05,0.5,Platt calibration,49.74199,0.055719900703351255,0.06072758804170033,201,587,1003,302
0,0.05,0.5,Isotonic calibration,55.641604,0.04332111826940126,0.04786719350452279,185,530,846,263
0,0.05,0.1,Multilabel,61.252292,0.03800559528734953,0.03942021559623988,172,457,702,242
0,0.05,0.1,Hoeffding/LTT,66.35769,0.026946036999822686,0.027637638032175206,152,340,498,200
0,0.05,0.1,Hoeffding-Bentkus,61.252292,0.03800559528734953,0.03942021559623988,172,457,702,242
0,0.05,0.1,IID-normal,61.252292,0.03800559528734953,0.03942021559623988,172,457,702,242
0,0.05,0.1,Empirical Bernstein,63.245541,0.03442382331501074,0.03686321265987427,170,400,616,234
0,0.05,0.1,Platt calibration,49.74199,0.055719900703351255,0.06072758804170033,201,587,1003,302
0,0.05,0.1,Isotonic calibration,55.641604,0.04332111826940126,0.04786719350452279,185,530,846,263
0,0.1,0.5,Multilabel,36.111663,0.08947485075950116,0.09060012656370772,296,952,1828,439
0,0.1,0.5,Hoeffding/LTT,37.286795,0.07953270813221165,0.08324229724077979,287,898,1679,415
0,0.1,0.5,Hoeffding-Bentkus,36.694525,0.08579785382640161,0.08768231852450366,292,925,1778,427
0,0.1,0.5,IID-normal,36.111663,0.08947485075950116,0.09060012656370772,296,952,1828,439
0,0.1,0.5,Empirical Bernstein,37.286795,0.07953270813221165,0.08324229724077979,287,898,1679,415
0,0.1,0.5,Platt calibration,33.871338,0.0960373281846182,0.10025674039331096,333,1056,2031,485
0,0.1,0.5,Isotonic calibration,36.694525,0.08579785382640161,0.08768231852450366,292,925,1778,427
0,0.1,0.1,Multilabel,37.286795,0.07953270813221165,0.08324229724077979,287,898,1679,415
0,0.1,0.1,Hoeffding/LTT,41.046654,0.07053050154001747,0.07598710933308808,254,789,1430,369
0,0.1,0.1,Hoeffding-Bentkus,37.286795,0.07953270813221165,0.08324229724077979,287,898,1679,415
0,0.1,0.1,IID-normal,37.286795,0.07953270813221165,0.08324229724077979,287,898,1679,415
0,0.1,0.1,Empirical Bernstein,39.121582,0.07436823163964248,0.07869952505764342,271,856,1555,390
0,0.1,0.1,Platt calibration,33.871338,0.0960373281846182,0.10025674039331096,333,1056,2031,485
0,0.1,0.1,Isotonic calibration,36.694525,0.08579785382640161,0.08768231852450366,292,925,1778,427
0,0.2,0.5,Multilabel,23.81492,0.1808589858226014,0.182837243807904,576,1807,3753,866
0,0.2,0.5,Hoeffding/LTT,24.589896,0.17148011449314718,0.17209207198445067,550,1705,3484,827
0,0.2,0.5,Hoeffding-Bentkus,24.199306,0.17663400330567944,0.17734405506512002,570,1769,3614,855
0,0.2,0.5,IID-normal,23.81492,0.1808589858226014,0.182837243807904,576,1807,3753,866
0,0.2,0.5,Empirical Bernstein,24.589896,0.17148011449314718,0.17209207198445067,550,1705,3484,827
0,0.2,0.5,Platt calibration,24.199306,0.17663400330567944,0.17734405506512002,570,1769,3614,855
0,0.2,0.5,Isotonic calibration,25.390091,0.16113975839358546,0.16335110150048113,529,1632,3310,787
0,0.2,0.1,Multilabel,24.589896,0.17148011449314718,0.17209207198445067,550,1705,3484,827
0,0.2,0.1,Hoeffding/LTT,25.390091,0.16113975839358546,0.16335110150048113,529,1632,3310,787
0,0.2,0.1,Hoeffding-Bentkus,24.589896,0.17148011449314718,0.17209207198445067,550,1705,3484,827
0,0.2,0.1,IID-normal,24.589896,0.17148011449314718,0.17209207198445067,550,1705,3484,827
0,0.2,0.1,Empirical Bernstein,24.98679,0.16799034356440232,0.1696973617300356,540,1672,3405,811
0,0.2,0.1,Platt calibration,24.199306,0.17663400330567944,0.17734405506512002,570,1769,3614,855
0,0.2,0.1,Isotonic calibration,25.390091,0.16113975839358546,0.16335110150048113,529,1632,3310,787
1,0.05,0.5,Multilabel,58.379583,0.042738932561026066,0.044685145405934476,168,482,763,251
1,0.05,0.5,Hoeffding/LTT,64.266358,0.033771696514766435,0.03651735214709418,158,399,586,227
1,0.05,0.5,Hoeffding-Bentkus,60.27935,0.04119037768189609,0.04283842106300376,166,460,716,247
1,0.05,0.5,IID-normal,58.379583,0.042738932561026066,0.044685145405934476,168,482,763,251
1,0.05,0.5,Empirical Bernstein,61.252292,0.03709537600725023,0.039564734708892525,165,459,685,238
1,0.05,0.5,Platt calibration,50.544853,0.0550515199873909,0.059258584106839034,193,567,973,298
1,0.05,0.5,Isotonic calibration,55.641604,0.04523169218038891,0.048183985968507974,177,515,830,264
1,0.05,0.1,Multilabel,61.252292,0.03709537600725023,0.039564734708892525,165,459,685,238
1,0.05,0.1,Hoeffding/LTT,66.35769,0.02844435250310302,0.0283411833487706,144,355,507,202
1,0.05,0.1,Hoeffding-Bentkus,61.252292,0.03709537600725023,0.039564734708892525,165,459,685,238
1,0.05,0.1,IID-normal,61.252292,0.03709537600725023,0.039564734708892525,165,459,685,238
1,0.05,0.1,Empirical Bernstein,63.245541,0.034185432551175204,0.03706225489230042,163,408,605,233
1,0.05,0.1,Platt calibration,50.544853,0.0550515199873909,0.059258584106839034,193,567,973,298
1,0.05,0.1,Isotonic calibration,55.641604,0.04523169218038891,0.048183985968507974,177,515,830,264
1,0.1,0.5,Multilabel,36.694525,0.09048620551516702,0.0900334912095155,278,892,1779,427
1,0.1,0.5,Hoeffding/LTT,37.286795,0.08586976508987267,0.08483824807800529,274,868,1683,420
1,0.1,0.5,Hoeffding-Bentkus,37.286795,0.08586976508987267,0.08483824807800529,274,868,1683,420
1,0.1,0.5,IID-normal,36.694525,0.09048620551516702,0.0900334912095155,278,892,1779,427
1,0.1,0.5,Empirical Bernstein,37.286795,0.08586976508987267,0.08483824807800529,274,868,1683,420
1,0.1,0.5,Platt calibration,34.41804,0.09762643576255493,0.0992987538511059,309,989,1988,468
1,0.1,0.5,Isotonic calibration,36.694525,0.09048620551516702,0.0900334912095155,278,892,1779,427
1,0.1,0.1,Multilabel,37.286795,0.08586976508987267,0.08483824807800529,274,868,1683,420
1,0.1,0.1,Hoeffding/LTT,40.394661,0.0778040467324704,0.07751381142883419,247,769,1434,385
1,0.1,0.1,Hoeffding-Bentkus,37.286795,0.08586976508987267,0.08483824807800529,274,868,1683,420
1,0.1,0.1,IID-normal,37.286795,0.08586976508987267,0.08483824807800529,274,868,1683,420
1,0.1,0.1,Empirical Bernstein,39.121582,0.07985515955106356,0.07986777596034045,258,817,1539,397
1,0.1,0.1,Platt calibration,34.41804,0.09762643576255493,0.0992987538511059,309,989,1988,468
1,0.1,0.1,Isotonic calibration,36.694525,0.09048620551516702,0.0900334912095155,278,892,1779,427
1,0.2,0.5,Multilabel,24.589896,0.16538280881992093,0.17544763489305537,512,1571,3414,781
1,0.2,0.5,Hoeffding/LTT,25.390091,0.1567721589080712,0.1665856893708808,488,1505,3239,743
1,0.2,0.5,Hoeffding-Bentkus,24.98679,0.1633956370251364,0.17330947592291956,495,1528,3327,762
1,0.2,0.5,IID-normal,24.589896,0.16538280881992093,0.17544763489305537,512,1571,3414,781
1,0.2,0.5,Empirical Bernstein,25.390091,0.1567721589080712,0.1665856893708808,488,1505,3239,743
1,0.2,0.5,Platt calibration,24.589896,0.16538280881992093,0.17544763489305537,512,1571,3414,781
1,0.2,0.5,Isotonic calibration,25.799901,0.154159435241355,0.16333524425330187,485,1481,3180,735
1,0.2,0.1,Multilabel,24.98679,0.1633956370251364,0.17330947592291956,495,1528,3327,762
1,0.2,0.1,Hoeffding/LTT,25.799901,0.154159435241355,0.16333524425330187,485,1481,3180,735
1,0.2,0.1,Hoeffding-Bentkus,25.390091,0.1567721589080712,0.1665856893708808,488,1505,3239,743
1,0.2,0.1,IID-normal,24.98679,0.1633956370251364,0.17330947592291956,495,1528,3327,762
1,0.2,0.1,Empirical Bernstein,25.799901,0.154159435241355,0.16333524425330187,485,1481,3180,735
1,0.2,0.1,Platt calibration,24.589896,0.16538280881992093,0.17544763489305537,512,1571,3414,781
1,0.2,0.1,Isotonic calibration,25.799901,0.154159435241355,0.16333524425330187,485,1481,3180,735
2,0.05,0.5,Multilabel,57.452272,0.04593504344228382,0.045987459682452096,167,438,736,254
2,0.05,0.5,Hoeffding/LTT,62.000847,0.037339677285891604,0.03796911232419579,159,382,610,230
2,0.05,0.5,Hoeffding-Bentkus,59.321862,0.0428073960241937,0.042830538202313626,161,415,677,243
2,0.05,0.5,IID-normal,57.452272,0.04593504344228382,0.045987459682452096,167,438,736,254
2,0.05,0.5,Empirical Bernstein,61.252292,0.03825679216659771,0.038941660261842356,160,394,627,232
2,0.05,0.5,Platt calibration,51.360675,0.05806341982386666,0.058376360614600366,181,483,879,290
2,0.05,0.5,Isotonic calibration,55.641604,0.04670390290994346,0.0476468018577275,170,454,770,257
2,0.05,0.1,Multilabel,59.321862,0.0428073960241937,0.042830538202313626,161,415,677,243
2,0.05,0.1,Hoeffding/LTT,66.35769,0.02494138739484209,0.027166308653410326,138,305,456,184
2,0.05,0.1,Hoeffding-Bentkus,61.252292,0.03825679216659771,0.038941660261842356,160,394,627,232
2,0.05,0.1,IID-normal,59.321862,0.0428073960241937,0.042830538202313626,161,415,677,243
2,0.05,0.1,Empirical Bernstein,62.000847,0.037339677285891604,0.03796911232419579,159,382,610,230
2,0.05,0.1,Platt calibration,51.360675,0.05806341982386666,0.058376360614600366,181,483,879,290
2,0.05,0.1,Isotonic calibration,55.641604,0.04670390290994346,0.0476468018577275,170,454,770,257
2,0.1,0.5,Multilabel,36.694525,0.08760285937571828,0.08944348098369342,283,845,1701,425
2,0.1,0.5,Hoeffding/LTT,37.784172,0.08115514444641461,0.0834117787456179,268,790,1566,399
2,0.1,0.5,Hoeffding-Bentkus,37.286795,0.08215106619119858,0.08416163586876789,279,814,1598,413
2,0.1,0.5,IID-normal,36.694525,0.08760285937571828,0.08944348098369342,283,845,1701,425
2,0.1,0.5,Empirical Bernstein,37.286795,0.08215106619119858,0.08416163586876789,279,814,1598,413
2,0.1,0.5,Platt calibration,34.41804,0.09246425780352135,0.0985307770967862,319,960,1911,466
2,0.1,0.5,Isotonic calibration,36.694525,0.08760285937571828,0.08944348098369342,283,845,1701,425
2,0.1,0.1,Multilabel,37.286795,0.08215106619119858,0.08416163586876789,279,814,1598,413
2,0.1,0.1,Hoeffding/LTT,40.394661,0.076092788515213,0.0773304801757002,239,701,1363,370
2,0.1,0.1,Hoeffding-Bentkus,37.286795,0.08215106619119858,0.08416163586876789,279,814,1598,413
2,0.1,0.1,IID-normal,37.286795,0.08215106619119858,0.08416163586876789,279,814,1598,413
2,0.1,0.1,Empirical Bernstein,39.121582,0.07750835681121158,0.07959707633455737,254,758,1471,381
2,0.1,0.1,Platt calibration,34.41804,0.09246425780352135,0.0985307770967862,319,960,1911,466
2,0.1,0.1,Isotonic calibration,36.694525,0.08760285937571828,0.08944348098369342,283,845,1701,425
2,0.2,0.5,Multilabel,24.589896,0.16446229837830995,0.17461308983425622,533,1625,3440,793
2,0.2,0.5,Hoeffding/LTT,25.390091,0.15402310533671726,0.16534485848711747,508,1557,3251,751
2,0.2,0.5,Hoeffding-Bentkus,24.98679,0.16260999378500413,0.17219228751001897,516,1579,3338,775
2,0.2,0.5,IID-normal,24.589896,0.16446229837830995,0.17461308983425622,533,1625,3440,793
2,0.2,0.5,Empirical Bernstein,25.390091,0.15402310533671726,0.16534485848711747,508,1557,3251,751
2,0.2,0.5,Platt calibration,24.589896,0.16446229837830995,0.17461308983425622,533,1625,3440,793
2,0.2,0.5,Isotonic calibration,26.216325,0.14693308231785684,0.1575592832697261,491,1458,3071,720
2,0.2,0.1,Multilabel,24.98679,0.16260999378500413,0.17219228751001897,516,1579,3338,775
2,0.2,0.1,Hoeffding/LTT,25.799901,0.150277540461653,0.16259119208836412,506,1522,3170,741
2,0.2,0.1,Hoeffding-Bentkus,25.390091,0.15402310533671726,0.16534485848711747,508,1557,3251,751
2,0.2,0.1,IID-normal,24.98679,0.16260999378500413,0.17219228751001897,516,1579,3338,775
2,0.2,0.1,Empirical Bernstein,25.390091,0.15402310533671726,0.16534485848711747,508,1557,3251,751
2,0.2,0.1,Platt calibration,24.589896,0.16446229837830995,0.17461308983425622,533,1625,3440,793
2,0.2,0.1,Isotonic calibration,26.216325,0.14693308231785684,0.1575592832697261,491,1458,3071,720
3,0.05,0.5,Multilabel,58.379583,0.04172478672892409,0.04470895821426929,156,454,716,235
3,0.05,0.5,Hoeffding/LTT,65.303653,0.030175148255413047,0.03547550072588009,135,348,519,191
3,0.05,0.5,Hoeffding-Bentkus,61.252292,0.03482869357921076,0.039876107706153234,154,431,647,219
3,0.05,0.5,IID-normal,58.379583,0.04172478672892409,0.04470895821426929,156,454,716,235
3,0.05,0.5,Empirical Bernstein,62.000847,0.03369091947908663,0.038880568091493733,153,418,628,216
3,0.05,0.5,Platt calibration,52.189665,0.05059203656638493,0.056610928272536776,169,505,861,262
3,0.05,0.5,Isotonic calibration,57.452272,0.04316990759895187,0.04695721577360424,162,467,748,242
3,0.05,0.1,Multilabel,61.252292,0.03482869357921076,0.039876107706153234,154,431,647,219
3,0.05,0.1,Hoeffding/LTT,66.35769,0.024038063715349608,0.027718108901720436,132,331,474,175
3,0.05,0.1,Hoeffding-Bentkus,62.240937,0.03331855704631874,0.0386358709575705,153,416,624,215
3,0.05,0.1,IID-normal,61.252292,0.03482869357921076,0.039876107706153234,154,431,647,219
3,0.05,0.1,Empirical Bernstein,65.303653,0.030175148255413047,0.03547550072588009,135,348,519,191
3,0.05,0.1,Platt calibration,52.189665,0.05059203656638493,0.056610928272536776,169,505,861,262
3,0.05,0.1,Isotonic calibration,57.452272,0.04316990759895187,0.04695721577360424,162,467,748,242
3,0.1,0.5,Multilabel,36.111663,0.09220058317079417,0.09224195127078283,266,851,1733,421
3,0.1,0.5,Hoeffding/LTT,37.286795,0.0833234824753236,0.0841166378723283,257,801,1587,396
3,0.1,0.5,Hoeffding-Bentkus,37.286795,0.0833234824753236,0.0841166378723283,257,801,1587,396
3,0.1,0.5,IID-normal,36.111663,0.09220058317079417,0.09224195127078283,266,851,1733,421
3,0.1,0.5,Empirical Bernstein,37.286795,0.0833234824753236,0.0841166378723283,257,801,1587,396
3,0.1,0.5,Platt calibration,34.41804,0.09681718777705539,0.09835374118378672,297,929,1890,457
3,0.1,0.5,Isotonic calibration,37.286795,0.0833234824753236,0.0841166378723283,257,801,1587,396
3,0.1,0.1,Multilabel,37.286795,0.0833234824753236,0.0841166378723283,257,801,1587,396
3,0.1,0.1,Hoeffding/LTT,40.394661,0.07400292898844822,0.07638448215079474,228,711,1360,352
3,0.1,0.1,Hoeffding-Bentkus,37.286795,0.0833234824753236,0.0841166378723283,257,801,1587,396
3,0.1,0.1,IID-normal,37.286795,0.0833234824753236,0.0841166378723283,257,801,1587,396
3,0.1,0.1,Empirical Bernstein,39.121582,0.0774845505710214,0.07913817340979708,242,757,1468,370
3,0.1,0.1,Platt calibration,34.41804,0.09681718777705539,0.09835374118378672,297,929,1890,457
3,0.1,0.1,Isotonic calibration,37.286795,0.0833234824753236,0.0841166378723283,257,801,1587,396
3,0.2,0.5,Multilabel,24.589896,0.1672741213183911,0.17532006860119054,518,1566,3418,800
3,0.2,0.5,Hoeffding/LTT,25.390091,0.15847615584893204,0.16626157409987632,492,1496,3227,760
3,0.2,0.5,Hoeffding-Bentkus,24.98679,0.16610219757716654,0.17319691393975473,503,1526,3334,785
3,0.2,0.5,IID-normal,24.589896,0.1672741213183911,0.17532006860119054,518,1566,3418,800
3,0.2,0.5,Empirical Bernstein,25.390091,0.15847615584893204,0.16626157409987632,492,1496,3227,760
3,0.2,0.5,Platt calibration,24.589896,0.1672741213183911,0.17532006860119054,518,1566,3418,800
3,0.2,0.5,Isotonic calibration,25.390091,0.15847615584893204,0.16626157409987632,492,1496,3227,760
3,0.2,0.1,Multilabel,24.98679,0.16610219757716654,0.17319691393975473,503,1526,3334,785
3,0.2,0.1,Hoeffding/LTT,25.799901,0.15660458697281204,0.1635737459609718,487,1462,3144,752
3,0.2,0.1,Hoeffding-Bentkus,25.390091,0.15847615584893204,0.16626157409987632,492,1496,3227,760
3,0.2,0.1,IID-normal,24.98679,0.16610219757716654,0.17319691393975473,503,1526,3334,785
3,0.2,0.1,Empirical Bernstein,25.390091,0.15847615584893204,0.16626157409987632,492,1496,3227,760
3,0.2,0.1,Platt calibration,24.589896,0.1672741213183911,0.17532006860119054,518,1566,3418,800
3,0.2,0.1,Isotonic calibration,25.390091,0.15847615584893204,0.16626157409987632,492,1496,3227,760
4,0.05,0.5,Multilabel,58.379583,0.04653151289477313,0.0458977921421017,182,501,776,271
4,0.05,0.5,Hoeffding/LTT,65.303653,0.03461591504620053,0.03624572190581295,154,379,558,223
4,0.05,0.5,Hoeffding-Bentkus,61.252292,0.04111649624682309,0.040902521858515783,178,476,705,257
4,0.05,0.5,IID-normal,58.379583,0.04653151289477313,0.0458977921421017,182,501,776,271
4,0.05,0.5,Empirical Bernstein,61.252292,0.04111649624682309,0.040902521858515783,178,476,705,257
4,0.05,0.5,Platt calibration,48.95188,0.0668828929999803,0.06263918175906036,219,623,1105,340
4,0.05,0.5,Isotonic calibration,55.641604,0.05115304293003921,0.049747091552857864,193,538,862,289
4,0.05,0.1,Multilabel,61.252292,0.04111649624682309,0.040902521858515783,178,476,705,257
4,0.05,0.1,Hoeffding/LTT,66.35769,0.027010067576885947,0.02869525517476959,151,365,511,203
4,0.05,0.1,Hoeffding-Bentkus,61.252292,0.04111649624682309,0.040902521858515783,178,476,705,257
4,0.05,0.1,IID-normal,61.252292,0.04111649624682309,0.040902521858515783,178,476,705,257
4,0.05,0.1,Empirical Bernstein,64.266358,0.0358620485844317,0.03735621990553706,163,405,597,234
4,0.05,0.1,Platt calibration,48.95188,0.0668828929999803,0.06263918175906036,219,623,1105,340
4,0.05,0.1,Isotonic calibration,55.641604,0.05115304293003921,0.049747091552857864,193,538,862,289
4,0.1,0.5,Multilabel,36.111663,0.09759343538822232,0.0941994736000806,325,992,1988,475
4,0.1,0.5,Hoeffding/LTT,37.286795,0.08827567297778302,0.08558208357146141,312,936,1837,447
4,0.1,0.5,Hoeffding-Bentkus,36.694525,0.09506948138516198,0.09082024450006242,318,965,1942,463
4,0.1,0.5,IID-normal,36.111663,0.09759343538822232,0.0941994736000806,325,992,1988,475
4,0.1,0.5,Empirical Bernstein,37.286795,0.08827567297778302,0.08558208357146141,312,936,1837,447
4,0.1,0.5,Platt calibration,33.871338,0.10849587249049392,0.10453795487938129,359,1081,2201,527
4,0.1,0.5,Isotonic calibration,36.694525,0.09506948138516198,0.09082024450006242,318,965,1942,463
4,0.1,0.1,Multilabel,37.286795,0.08827567297778302,0.08558208357146141,312,936,1837,447
4,0.1,0.1,Hoeffding/LTT,40.394661,0.08090838045327081,0.07904319588689847,277,817,1564,403
4,0.1,0.1,Hoeffding-Bentkus,37.286795,0.08827567297778302,0.08558208357146141,312,936,1837,447
4,0.1,0.1,IID-normal,37.286795,0.08827567297778302,0.08558208357146141,312,936,1837,447
4,0.1,0.1,Empirical Bernstein,39.121582,0.08442037551470732,0.0811031954051681,290,869,1678,421
4,0.1,0.1,Platt calibration,33.871338,0.10849587249049392,0.10453795487938129,359,1081,2201,527
4,0.1,0.1,Isotonic calibration,36.694525,0.09506948138516198,0.09082024450006242,318,965,1942,463
4,0.2,0.5,Multilabel,23.81492,0.1946080411201855,0.18684787042672002,595,1834,4011,905
4,0.2,0.5,Hoeffding/LTT,24.589896,0.18492025779742688,0.1761968664791975,565,1732,3715,866
4,0.2,0.5,Hoeffding-Bentkus,24.199306,0.18960519785162633,0.18124594131102129,585,1792,3845,890
4,0.2,0.5,IID-normal,23.81492,0.1946080411201855,0.18684787042672002,595,1834,4011,905
4,0.2,0.5,Empirical Bernstein,24.589896,0.18492025779742688,0.1761968664791975,565,1732,3715,866
4,0.2,0.5,Platt calibration,24.199306,0.18960519785162633,0.18124594131102129,585,1792,3845,890
4,0.2,0.5,Isotonic calibration,25.390091,0.17463645457816646,0.1675077417292368,542,1659,3524,826
4,0.2,0.1,Multilabel,24.589896,0.18492025779742688,0.1761968664791975,565,1732,3715,866
4,0.2,0.1,Hoeffding/LTT,25.390091,0.17463645457816646,0.1675077417292368,542,1659,3524,826
4,0.2,0.1,Hoeffding-Bentkus,24.589896,0.18492025779742688,0.1761968664791975,565,1732,3715,866
4,0.2,0.1,IID-normal,24.589896,0.18492025779742688,0.1761968664791975,565,1732,3715,866
4,0.2,0.1,Empirical Bernstein,25.390091,0.17463645457816646,0.1675077417292368,542,1659,3524,826
4,0.2,0.1,Platt calibration,24.199306,0.18960519785162633,0.18124594131102129,585,1792,3845,890
4,0.2,0.1,Isotonic calibration,25.390091,0.17463645457816646,0.1675077417292368,542,1659,3524,826
5,0.05,0.5,Multilabel,56.53969,0.050691530232283226,0.04745334331829021,159,456,803,257
5,0.05,0.5,Hoeffding/LTT,63.245541,0.037125913667080394,0.03734932240243317,147,353,581,222
5,0.05,0.5,Hoeffding-Bentkus,58.379583,0.04634927202159308,0.04453832712558054,155,429,747,245
5,0.05,0.5,IID-normal,56.53969,0.050691530232283226,0.04745334331829021,159,456,803,257
5,0.05,0.5,Empirical Bernstein,61.252292,0.040313651319029885,0.03993128773098424,152,403,665,231
5,0.05,0.5,Platt calibration,50.544853,0.0621736903284276,0.05994012310400778,173,507,979,292
5,0.05,0.5,Isotonic calibration,54.757783,0.05461463443465926,0.05137835103692463,162,464,844,268
5,0.05,0.1,Multilabel,59.321862,0.04564986110290206,0.04370487883386214,155,422,722,245
5,0.05,0.1,Hoeffding/LTT,66.35769,0.028409874500068953,0.027685920553902343,129,294,471,185
5,0.05,0.1,Hoeffding-Bentkus,61.252292,0.040313651319029885,0.03993128773098424,152,403,665,231
5,0.05,0.1,IID-normal,59.321862,0.04564986110290206,0.04370487883386214,155,422,722,245
5,0.05,0.1,Empirical Bernstein,63.245541,0.037125913667080394,0.03734932240243317,147,353,581,222
5,0.05,0.1,Platt calibration,50.544853,0.0621736903284276,0.05994012310400778,173,507,979,292
5,0.05,0.1,Isotonic calibration,54.757783,0.05461463443465926,0.05137835103692463,162,464,844,268
5,0.1,0.5,Multilabel,36.694525,0.09191556501237924,0.09016000017517468,269,812,1735,422
5,0.1,0.5,Hoeffding/LTT,37.784172,0.0866739234654005,0.08412599876939786,256,766,1625,400
5,0.1,0.5,Hoeffding-Bentkus,37.286795,0.08745411141977133,0.08490705888277966,262,783,1650,408
5,0.1,0.5,IID-normal,36.694525,0.09191556501237924,0.09016000017517468,269,812,1735,422
5,0.1,0.5,Empirical Bernstein,37.286795,0.08745411141977133,0.08490705888277966,262,783,1650,408
5,0.1,0.5,Platt calibration,33.871338,0.10571333346467811,0.10251008896684162,305,916,1970,485
5,0.1,0.5,Isotonic calibration,36.694525,0.09191556501237924,0.09016000017517468,269,812,1735,422
5,0.1,0.1,Multilabel,37.286795,0.08745411141977133,0.08490705888277966,262,783,1650,408
5,0.1,0.1,Hoeffding/LTT,40.394661,0.07872871393765063,0.07779359824124618,229,696,1430,366
5,0.1,0.1,Hoeffding-Bentkus,37.286795,0.08745411141977133,0.08490705888277966,262,783,1650,408
5,0.1,0.1,IID-normal,37.286795,0.08745411141977133,0.08490705888277966,262,783,1650,408
5,0.1,0.1,Empirical Bernstein,39.121582,0.08188771992040507,0.08044054242840282,244,739,1529,382
5,0.1,0.1,Platt calibration,33.871338,0.10571333346467811,0.10251008896684162,305,916,1970,485
5,0.1,0.1,Isotonic calibration,36.694525,0.09191556501237924,0.09016000017517468,269,812,1735,422
5,0.2,0.5,Multilabel,24.199306,0.18146054255505692,0.18101957399446705,520,1544,3497,823
5,0.2,0.5,Hoeffding/LTT,24.98679,0.17214178043718797,0.17374517585855054,499,1469,3310,784
5,0.2,0.5,Hoeffding-Bentkus,24.589896,0.17612861670577848,0.1761148192131573,511,1506,3395,803
5,0.2,0.5,IID-normal,24.199306,0.18146054255505692,0.18101957399446705,520,1544,3497,823
5,0.2,0.5,Empirical Bernstein,25.390091,0.167216023070388,0.16654822357951796,492,1447,3220,770
5,0.2,0.5,Platt calibration,24.589896,0.17612861670577848,0.1761148192131573,511,1506,3395,803
5,0.2,0.5,Isotonic calibration,25.390091,0.167216023070388,0.16654822357951796,492,1447,3220,770
5,0.2,0.1,Multilabel,24.98679,0.17214178043718797,0.17374517585855054,499,1469,3310,784
5,0.2,0.1,Hoeffding/LTT,25.390091,0.167216023070388,0.16654822357951796,492,1447,3220,770
5,0.2,0.1,Hoeffding-Bentkus,25.390091,0.167216023070388,0.16654822357951796,492,1447,3220,770
5,0.2,0.1,IID-normal,24.98679,0.17214178043718797,0.17374517585855054,499,1469,3310,784
5,0.2,0.1,Empirical Bernstein,25.390091,0.167216023070388,0.16654822357951796,492,1447,3220,770
5,0.2,0.1,Platt calibration,24.589896,0.17612861670577848,0.1761148192131573,511,1506,3395,803
5,0.2,0.1,Isotonic calibration,25.390091,0.167216023070388,0.16654822357951796,492,1447,3220,770
6,0.05,0.5,Multilabel,56.53969,0.04693835333057509,0.04696427750297249,172,461,793,258
6,0.05,0.5,Hoeffding/LTT,62.000847,0.04015997793407806,0.03879681269666095,163,399,651,239
6,0.05,0.5,Hoeffding-Bentkus,58.379583,0.04468644718955021,0.044141228018314514,164,436,744,247
6,0.05,0.5,IID-normal,56.53969,0.04693835333057509,0.04696427750297249,172,461,793,258
6,0.05,0.5,Empirical Bernstein,61.252292,0.04091849400082748,0.03951645218716539,163,414,672,240
6,0.05,0.5,Platt calibration,49.74199,0.06130829245227259,0.06096440231493342,193,524,994,305
6,0.05,0.5,Isotonic calibration,54.757783,0.051644108201824385,0.05091802481787307,178,473,833,274
6,0.05,0.1,Multilabel,60.27935,0.04319305711527474,0.042447234101255345,163,415,697,244
6,0.05,0.1,Hoeffding/LTT,66.35769,0.029347676182595504,0.02874583686419802,149,331,498,201
6,0.05,0.1,Hoeffding-Bentkus,61.252292,0.04091849400082748,0.03951645218716539,163,414,672,240
6,0.05,0.1,IID-normal,60.27935,0.04319305711527474,0.042447234101255345,163,415,697,244
6,0.05,0.1,Empirical Bernstein,61.252292,0.04091849400082748,0.03951645218716539,163,414,672,240
6,0.05,0.1,Platt calibration,49.74199,0.06130829245227259,0.06096440231493342,193,524,994,305
6,0.05,0.1,Isotonic calibration,54.757783,0.051644108201824385,0.05091802481787307,178,473,833,274
6,0.1,0.5,Multilabel,34.973566,0.10173210920004466,0.09560853494844392,305,908,1969,468
6,0.1,0.5,Hoeffding/LTT,36.694525,0.0955784423823315,0.08862623635006033,284,848,1814,438
6,0.1,0.5,Hoeffding-Bentkus,36.111663,0.09812094883464349,0.09167427581691619,291,877,1873,449
6,0.1,0.5,IID-normal,34.973566,0.10173210920004466,0.09560853494844392,305,908,1969,468
6,0.1,0.5,Empirical Bernstein,36.694525,0.0955784423823315,0.08862623635006033,284,848,1814,438
6,0.1,0.5,Platt calibration,33.871338,0.10707816984192654,0.1010707552437446,332,974,2097,501
6,0.1,0.5,Isotonic calibration,36.111663,0.09812094883464349,0.09167427581691619,291,877,1873,449
6,0.1,0.1,Multilabel,36.694525,0.0955784423823315,0.08862623635006033,284,848,1814,438
6,0.1,0.1,Hoeffding/LTT,39.121582,0.08267578856118368,0.07951540113907336,260,766,1568,394
6,0.1,0.1,Hoeffding-Bentkus,36.694525,0.0955784423823315,0.08862623635006033,284,848,1814,438
6,0.1,0.1,IID-normal,36.694525,0.0955784423823315,0.08862623635006033,284,848,1814,438
6,0.1,0.1,Empirical Bernstein,37.286795,0.08873308115136828,0.08399702640977298,281,823,1714,425
6,0.1,0.1,Platt calibration,33.871338,0.10707816984192654,0.1010707552437446,332,974,2097,501
6,0.1,0.1,Isotonic calibration,36.111663,0.09812094883464349,0.09167427581691619,291,877,1873,449
6,0.2,0.5,Multilabel,23.81492,0.18770198837887273,0.18446653927600484,571,1728,3918,866
6,0.2,0.5,Hoeffding/LTT,24.589896,0.17640571456769225,0.17354964898693037,549,1648,3654,827
6,0.2,0.5,Hoeffding-Bentkus,24.199306,0.18066026390882192,0.17868772622359327,562,1698,3771,846
6,0.2,0.5,IID-normal,23.81492,0.18770198837887273,0.18446653927600484,571,1728,3918,866
6,0.2,0.5,Empirical Bernstein,24.589896,0.17640571456769225,0.17354964898693037,549,1648,3654,827
6,0.2,0.5,Platt calibration,24.199306,0.18066026390882192,0.17868772622359327,562,1698,3771,846
6,0.2,0.5,Isotonic calibration,24.98679,0.17516544676763957,0.17131583070607115,539,1604,3556,816
6,0.2,0.1,Multilabel,24.199306,0.18066026390882192,0.17868772622359327,562,1698,3771,846
6,0.2,0.1,Hoeffding/LTT,24.98679,0.17516544676763957,0.17131583070607115,539,1604,3556,816
6,0.2,0.1,Hoeffding-Bentkus,24.589896,0.17640571456769225,0.17354964898693037,549,1648,3654,827
6,0.2,0.1,IID-normal,24.199306,0.18066026390882192,0.17868772622359327,562,1698,3771,846
6,0.2,0.1,Empirical Bernstein,24.98679,0.17516544676763957,0.17131583070607115,539,1604,3556,816
6,0.2,0.1,Platt calibration,24.199306,0.18066026390882192,0.17868772622359327,562,1698,3771,846
6,0.2,0.1,Isotonic calibration,24.98679,0.17516544676763957,0.17131583070607115,539,1604,3556,816
7,0.05,0.5,Multilabel,57.452272,0.046472900289615225,0.045978755690440055,167,454,782,257
7,0.05,0.5,Hoeffding/LTT,63.245541,0.03806371534960695,0.03712071944241898,157,375,612,234
7,0.05,0.5,Hoeffding-Bentkus,58.379583,0.045869535236519106,0.043776481485130955,162,442,760,251
7,0.05,0.5,IID-normal,57.452272,0.046472900289615225,0.045978755690440055,167,454,782,257
7,0.05,0.5,Empirical Bernstein,61.252292,0.040831806450341825,0.03951119694670529,159,419,687,240
7,0.05,0.5,Platt calibration,50.544853,0.05807474831057786,0.059263018215977244,186,516,960,296
7,0.05,0.5,Isotonic calibration,54.757783,0.051862304706739956,0.05074410920389676,173,472,836,274
7,0.05,0.1,Multilabel,59.321862,0.04486474771952637,0.04315948340986277,162,433,731,250
7,0.05,0.1,Hoeffding/LTT,66.35769,0.030002758240242726,0.02826990915003055,141,327,508,200
7,0.05,0.1,Hoeffding-Bentkus,61.252292,0.040831806450341825,0.03951119694670529,159,419,687,240
7,0.05,0.1,IID-normal,59.321862,0.04486474771952637,0.04315948340986277,162,433,731,250
7,0.05,0.1,Empirical Bernstein,63.245541,0.03806371534960695,0.03712071944241898,157,375,612,234
7,0.05,0.1,Platt calibration,50.544853,0.05807474831057786,0.059263018215977244,186,516,960,296
7,0.05,0.1,Isotonic calibration,54.757783,0.051862304706739956,0.05074410920389676,173,472,836,274
7,0.1,0.5,Multilabel,36.694525,0.0873840061469354,0.0888368839051692,276,830,1709,414
7,0.1,0.5,Hoeffding/LTT,37.784172,0.08197457165185755,0.08306006082940834,264,788,1597,395
7,0.1,0.5,Hoeffding-Bentkus,37.286795,0.08284046207091306,0.0838936733473911,272,804,1623,405
7,0.1,0.5,IID-normal,36.694525,0.0873840061469354,0.0888368839051692,276,830,1709,414
7,0.1,0.5,Empirical Bernstein,37.286795,0.08284046207091306,0.0838936733473911,272,804,1623,405
7,0.1,0.5,Platt calibration,33.871338,0.09932258933086405,0.10159075033885354,329,951,1945,486
7,0.1,0.5,Isotonic calibration,36.694525,0.0873840061469354,0.0888368839051692,276,830,1709,414
7,0.1,0.1,Multilabel,37.286795,0.08284046207091306,0.0838936733473911,272,804,1623,405
7,0.1,0.1,Hoeffding/LTT,40.394661,0.076522614286371,0.07668616579845715,235,700,1399,362
7,0.1,0.1,Hoeffding-Bentkus,37.286795,0.08284046207091306,0.0838936733473911,272,804,1623,405
7,0.1,0.1,IID-normal,37.286795,0.08284046207091306,0.0838936733473911,272,804,1623,405
7,0.1,0.1,Empirical Bernstein,39.121582,0.07910616598039022,0.07913286342724886,255,758,1512,383
7,0.1,0.1,Platt calibration,33.871338,0.09932258933086405,0.10159075033885354,329,951,1945,486
7,0.1,0.1,Isotonic calibration,36.694525,0.0873840061469354,0.0888368839051692,276,830,1709,414
7,0.2,0.5,Multilabel,24.199306,0.17415155011105266,0.17863646544854095,553,1590,3502,827
7,0.2,0.5,Hoeffding/LTT,24.98679,0.16634494950345907,0.17124437314047647,518,1492,3287,781
7,0.2,0.5,Hoeffding-Bentkus,24.589896,0.1683002633019669,0.17368484778056484,530,1530,3368,796
7,0.2,0.5,IID-normal,24.199306,0.17415155011105266,0.17863646544854095,553,1590,3502,827
7,0.2,0.5,Empirical Bernstein,24.98679,0.16634494950345907,0.17124437314047647,518,1492,3287,781
7,0.2,0.5,Platt calibration,24.199306,0.17415155011105266,0.17863646544854095,553,1590,3502,827
7,0.2,0.5,Isotonic calibration,25.390091,0.15944061745431942,0.16386195964342645,513,1466,3187,764
7,0.2,0.1,Multilabel,24.589896,0.1683002633019669,0.17368484778056484,530,1530,3368,796
7,0.2,0.1,Hoeffding/LTT,25.390091,0.15944061745431942,0.16386195964342645,513,1466,3187,764
7,0.2,0.1,Hoeffding-Bentkus,24.98679,0.16634494950345907,0.17124437314047647,518,1492,3287,781
7,0.2,0.1,IID-normal,24.589896,0.1683002633019669,0.17368484778056484,530,1530,3368,796
7,0.2,0.1,Empirical Bernstein,25.390091,0.15944061745431942,0.16386195964342645,513,1466,3187,764
7,0.2,0.1,Platt calibration,24.199306,0.17415155011105266,0.17863646544854095,553,1590,3502,827
7,0.2,0.1,Isotonic calibration,25.390091,0.15944061745431942,0.16386195964342645,513,1466,3187,764
8,0.05,0.5,Multilabel,59.321862,0.03962507634414957,0.04406864000945943,161,434,702,236
8,0.05,0.5,Hoeffding/LTT,64.266358,0.034205134267194674,0.036447063305940386,149,357,572,214
8,0.05,0.5,Hoeffding-Bentkus,61.252292,0.03694564296550229,0.03980647577005695,159,412,661,228
8,0.05,0.5,IID-normal,59.321862,0.03962507634414957,0.04406864000945943,161,434,702,236
8,0.05,0.5,Empirical Bernstein,61.252292,0.03694564296550229,0.03980647577005695,159,412,661,228
8,0.05,0.5,Platt calibration,52.189665,0.05171503437949445,0.05669156336834637,175,494,870,273
8,0.05,0.5,Isotonic calibration,55.641604,0.045253364068010324,0.04857697941916454,168,476,800,253
8,0.05,0.1,Multilabel,61.252292,0.03694564296550229,0.03980647577005695,159,412,661,228
8,0.05,0.1,Hoeffding/LTT,66.35769,0.02636188111984554,0.02831589250405639,139,316,482,188
8,0.05,0.1,Hoeffding-Bentkus,61.252292,0.03694564296550229,0.03980647577005695,159,412,661,228
8,0.05,0.1,IID-normal,61.252292,0.03694564296550229,0.03980647577005695,159,412,661,228
8,0.05,0.1,Empirical Bernstein,64.266358,0.034205134267194674,0.036447063305940386,149,357,572,214
8,0.05,0.1,Platt calibration,52.189665,0.05171503437949445,0.05669156336834637,175,494,870,273
8,0.05,0.1,Isotonic calibration,55.641604,0.045253364068010324,0.04857697941916454,168,476,800,253
8,0.1,0.5,Multilabel,37.286795,0.07324277111203052,0.0841846275457808,267,805,1558,382
8,0.1,0.5,Hoeffding/LTT,39.121582,0.0701832587951744,0.07950965321982015,244,750,1444,357
8,0.1,0.5,Hoeffding-Bentkus,37.784172,0.07289208056688404,0.08349093580504809,257,784,1528,371
8,0.1,0.5,IID-normal,37.286795,0.07324277111203052,0.0841846275457808,267,805,1558,382
8,0.1,0.5,Empirical Bernstein,39.121582,0.0701832587951744,0.07950965321982015,244,750,1444,357
8,0.1,0.5,Platt calibration,34.41804,0.08541514799272351,0.09843547112135884,301,930,1822,433
8,0.1,0.5,Isotonic calibration,37.286795,0.07324277111203052,0.0841846275457808,267,805,1558,382
8,0.1,0.1,Multilabel,39.121582,0.0701832587951744,0.07950965321982015,244,750,1444,357
8,0.1,0.1,Hoeffding/LTT,43.76157,0.06148117501034341,0.07285356272457941,203,599,1146,312
8,0.1,0.1,Hoeffding-Bentkus,39.121582,0.0701832587951744,0.07950965321982015,244,750,1444,357
8,0.1,0.1,IID-normal,39.121582,0.0701832587951744,0.07950965321982015,244,750,1444,357
8,0.1,0.1,Empirical Bernstein,40.394661,0.06713786604146554,0.07715634559337138,230,703,1352,339
8,0.1,0.1,Platt calibration,34.41804,0.08541514799272351,0.09843547112135884,301,930,1822,433
8,0.1,0.1,Isotonic calibration,37.286795,0.07324277111203052,0.0841846275457808,267,805,1558,382
8,0.2,0.5,Multilabel,24.589896,0.16110157379079718,0.1753267297180048,512,1524,3215,780
8,0.2,0.5,Hoeffding/LTT,25.390091,0.15222636863921635,0.1662539126958154,486,1462,3039,742
8,0.2,0.5,Hoeffding-Bentkus,25.390091,0.15222636863921635,0.1662539126958154,486,1462,3039,742
8,0.2,0.5,IID-normal,24.589896,0.16110157379079718,0.1753267297180048,512,1524,3215,780
8,0.2,0.5,Empirical Bernstein,25.390091,0.15222636863921635,0.1662539126958154,486,1462,3039,742
8,0.2,0.5,Platt calibration,24.589896,0.16110157379079718,0.1753267297180048,512,1524,3215,780
8,0.2,0.5,Isotonic calibration,26.216325,0.143359049813332,0.15839757489640233,464,1377,2873,701
8,0.2,0.1,Multilabel,25.390091,0.15222636863921635,0.1662539126958154,486,1462,3039,742
8,0.2,0.1,Hoeffding/LTT,26.216325,0.143359049813332,0.15839757489640233,464,1377,2873,701
8,0.2,0.1,Hoeffding-Bentkus,25.390091,0.15222636863921635,0.1662539126958154,486,1462,3039,742
8,0.2,0.1,IID-normal,25.390091,0.15222636863921635,0.1662539126958154,486,1462,3039,742
8,0.2,0.1,Empirical Bernstein,25.799901,0.1491595702601081,0.16339249643843382,475,1417,2949,726
8,0.2,0.1,Platt calibration,24.589896,0.16110157379079718,0.1753267297180048,512,1524,3215,780
8,0.2,0.1,Isotonic calibration,26.216325,0.143359049813332,0.15839757489640233,464,1377,2873,701
9,0.05,0.5,Multilabel,58.379583,0.039147309730677544,0.04392740542209434,164,479,758,237
9,0.05,0.5,Hoeffding/LTT,63.245541,0.03545028271962488,0.03666285661733309,160,401,611,229
9,0.05,0.5,Hoeffding-Bentkus,61.252292,0.03690722461926434,0.03916993476932779,161,454,685,232
9,0.05,0.5,IID-normal,58.379583,0.039147309730677544,0.04392740542209434,164,479,758,237
9,0.05,0.5,Empirical Bernstein,61.252292,0.03690722461926434,0.03916993476932779,161,454,685,232
9,0.05,0.5,Platt calibration,48.95188,0.06052564178339932,0.05994110846159404,192,570,1037,303
9,0.05,0.5,Isotonic calibration,55.641604,0.04309257836357547,0.04694325654113211,174,508,837,250
9,0.05,0.1,Multilabel,61.252292,0.03690722461926434,0.03916993476932779,161,454,685,232
9,0.05,0.1,Hoeffding/LTT,66.35769,0.027210039994483525,0.027767048328505083,147,355,508,199
9,0.05,0.1,Hoeffding-Bentkus,61.252292,0.03690722461926434,0.03916993476932779,161,454,685,232
9,0.05,0.1,IID-normal,61.252292,0.03690722461926434,0.03916993476932779,161,454,685,232
9,0.05,0.1,Empirical Bernstein,63.245541,0.03545028271962488,0.03666285661733309,160,401,611,229
9,0.05,0.1,Platt calibration,48.95188,0.06052564178339932,0.05994110846159404,192,570,1037,303
9,0.05,0.1,Isotonic calibration,55.641604,0.04309257836357547,0.04694325654113211,174,508,837,250
9,0.1,0.5,Multilabel,36.111663,0.09072804407930599,0.09098419705399978,280,875,1782,430
9,0.1,0.5,Hoeffding/LTT,37.286795,0.08266462425543931,0.08273762993034617,269,821,1641,407
9,0.1,0.5,Hoeffding-Bentkus,36.694525,0.08788853425800054,0.08806118851642374,272,847,1731,415
9,0.1,0.5,IID-normal,36.111663,0.09072804407930599,0.09098419705399978,280,875,1782,430
9,0.1,0.5,Empirical Bernstein,37.286795,0.08266462425543931,0.08273762993034617,269,821,1641,407
9,0.1,0.5,Platt calibration,34.41804,0.0947478508711442,0.0976640456154872,305,939,1921,455
9,0.1,0.5,Isotonic calibration,36.694525,0.08788853425800054,0.08806118851642374,272,847,1731,415
9,0.1,0.1,Multilabel,37.286795,0.08266462425543931,0.08273762993034617,269,821,1641,407
9,0.1,0.1,Hoeffding/LTT,39.753026,0.07743874408127614,0.07733661128957031,254,752,1465,385
9,0.1,0.1,Hoeffding-Bentkus,37.286795,0.08266462425543931,0.08273762993034617,269,821,1641,407
9,0.1,0.1,IID-normal,37.286795,0.08266462425543931,0.08273762993034617,269,821,1641,407
9,0.1,0.1,Empirical Bernstein,37.784172,0.08274934163432301,0.08213064965720503,266,809,1618,404
9,0.1,0.1,Platt calibration,34.41804,0.0947478508711442,0.0976640456154872,305,939,1921,455
9,0.1,0.1,Isotonic calibration,36.694525,0.08788853425800054,0.08806118851642374,272,847,1731,415
9,0.2,0.5,Multilabel,24.199306,0.1831233344631091,0.1802539407239447,557,1667,3628,858
9,0.2,0.5,Hoeffding/LTT,24.589896,0.17710109680557978,0.17465240423508502,540,1611,3497,830
9,0.2,0.5,Hoeffding-Bentkus,24.589896,0.17710109680557978,0.17465240423508502,540,1611,3497,830
9,0.2,0.5,IID-normal,24.199306,0.1831233344631091,0.1802539407239447,557,1667,3628,858
9,0.2,0.5,Empirical Bernstein,24.589896,0.17710109680557978,0.17465240423508502,540,1611,3497,830
9,0.2,0.5,Platt calibration,24.199306,0.1831233344631091,0.1802539407239447,557,1667,3628,858
9,0.2,0.5,Isotonic calibration,25.390091,0.16778043883990731,0.1651973331646187,519,1528,3287,797
9,0.2,0.1,Multilabel,24.589896,0.17710109680557978,0.17465240423508502,540,1611,3497,830
9,0.2,0.1,Hoeffding/LTT,25.390091,0.16778043883990731,0.1651973331646187,519,1528,3287,797
9,0.2,0.1,Hoeffding-Bentkus,24.589896,0.17710109680557978,0.17465240423508502,540,1611,3497,830
9,0.2,0.1,IID-normal,24.589896,0.17710109680557978,0.17465240423508502,540,1611,3497,830
9,0.2,0.1,Empirical Bernstein,25.390091,0.16778043883990731,0.1651973331646187,519,1528,3287,797
9,0.2,0.1,Platt calibration,24.199306,0.1831233344631091,0.1802539407239447,557,1667,3628,858
9,0.2,0.1,Isotonic calibration,25.390091,0.16778043883990731,0.1651973331646187,519,1528,3287,797
10,0.05,0.5,Multilabel,56.53969,0.047038832082274364,0.046787077363708615,165,460,799,251
10,0.05,0.5,Hoeffding/LTT,62.000847,0.0372697361940225,0.037917873729709846,161,406,660,229
10,0.05,0.5,Hoeffding-Bentkus,59.321862,0.04379297436806746,0.04312384631049274,161,433,730,243
10,0.05,0.5,IID-normal,56.53969,0.047038832082274364,0.046787077363708615,165,460,799,251
10,0.05,0.5,Empirical Bernstein,61.252292,0.03833855428807849,0.03891341334436933,161,418,678,231
10,0.05,0.5,Platt calibration,51.360675,0.05605581496148315,0.05740956059620703,171,483,916,273
10,0.05,0.5,Isotonic calibration,55.641604,0.047861871268987534,0.04789002095527134,167,466,823,254
10,0.05,0.1,Multilabel,59.321862,0.04379297436806746,0.04312384631049274,161,433,730,243
10,0.05,0.1,Hoeffding/LTT,66.35769,0.027389325610260654,0.027836023359543844,144,333,506,192
10,0.05,0.1,Hoeffding-Bentkus,61.252292,0.03833855428807849,0.03891341334436933,161,418,678,231
10,0.05,0.1,IID-normal,59.321862,0.04379297436806746,0.04312384631049274,161,433,730,243
10,0.05,0.1,Empirical Bernstein,62.000847,0.0372697361940225,0.037917873729709846,161,406,660,229
10,0.05,0.1,Platt calibration,51.360675,0.05605581496148315,0.05740956059620703,171,483,916,273
10,0.05,0.1,Isotonic calibration,55.641604,0.047861871268987534,0.04789002095527134,167,466,823,254
10,0.1,0.5,Multilabel,36.694525,0.08723821344839136,0.08903450284330405,264,816,1708,404
10,0.1,0.5,Hoeffding/LTT,37.784172,0.08078196110881258,0.0831814787808718,254,775,1598,384
10,0.1,0.5,Hoeffding-Bentkus,37.286795,0.08241326319522431,0.08384889431930402,258,790,1625,392
10,0.1,0.5,IID-normal,36.694525,0.08723821344839136,0.08903450284330405,264,816,1708,404
10,0.1,0.5,Empirical Bernstein,37.286795,0.08241326319522431,0.08384889431930402,258,790,1625,392
10,0.1,0.5,Platt calibration,33.871338,0.10020210677016635,0.10102378653213251,308,932,1962,470
10,0.1,0.5,Isotonic calibration,37.286795,0.08241326319522431,0.08384889431930402,258,790,1625,392
10,0.1,0.1,Multilabel,37.286795,0.08241326319522431,0.08384889431930402,258,790,1625,392
10,0.1,0.1,Hoeffding/LTT,40.394661,0.07516024062362499,0.07650458629214318,234,699,1398,359
10,0.1,0.1,Hoeffding-Bentkus,37.286795,0.08241326319522431,0.08384889431930402,258,790,1625,392
10,0.1,0.1,IID-normal,37.286795,0.08241326319522431,0.08384889431930402,258,790,1625,392
10,0.1,0.1,Empirical Bernstein,39.121582,0.07720971163254986,0.07910828422968028,248,748,1504,373
10,0.1,0.1,Platt calibration,33.871338,0.10020210677016635,0.10102378653213251,308,932,1962,470
10,0.1,0.1,Isotonic calibration,37.286795,0.08241326319522431,0.08384889431930402,258,790,1625,392
10,0.2,0.5,Multilabel,24.199306,0.17676469942587394,0.1790439751003277,562,1623,3559,850
10,0.2,0.5,Hoeffding/LTT,24.589896,0.17148695157347105,0.17378045732575365,545,1571,3443,824
10,0.2,0.5,Hoeffding-Bentkus,24.589896,0.17148695157347105,0.17378045732575365,545,1571,3443,824
10,0.2,0.5,IID-normal,24.199306,0.17676469942587394,0.1790439751003277,562,1623,3559,850
10,0.2,0.5,Empirical Bernstein,24.589896,0.17148695157347105,0.17378045732575365,545,1571,3443,824
10,0.2,0.5,Platt calibration,24.199306,0.17676469942587394,0.1790439751003277,562,1623,3559,850
10,0.2,0.5,Isotonic calibration,25.390091,0.16313179709709194,0.16474052039231415,515,1483,3251,784
10,0.2,0.1,Multilabel,24.589896,0.17148695157347105,0.17378045732575365,545,1571,3443,824
10,0.2,0.1,Hoeffding/LTT,25.390091,0.16313179709709194,0.16474052039231415,515,1483,3251,784
10,0.2,0.1,Hoeffding-Bentkus,24.98679,0.16958331803971757,0.17178477210479595,529,1517,3352,807
10,0.2,0.1,IID-normal,24.589896,0.17148695157347105,0.17378045732575365,545,1571,3443,824
10,0.2,0.1,Empirical Bernstein,25.390091,0.16313179709709194,0.16474052039231415,515,1483,3251,784
10,0.2,0.1,Platt calibration,24.199306,0.17676469942587394,0.1790439751003277,562,1623,3559,850
10,0.2,0.1,Isotonic calibration,25.390091,0.16313179709709194,0.16474052039231415,515,1483,3251,784
11,0.05,0.5,Multilabel,55.641604,0.05546525602379967,0.047656326981061425,168,487,874,273
11,0.05,0.5,Hoeffding/LTT,61.252292,0.04610004531394685,0.038774149472176785,156,428,715,245
11,0.05,0.5,Hoeffding-Bentkus,56.53969,0.05437772129952518,0.0465855717373168,168,481,852,271
11,0.05,0.5,IID-normal,55.641604,0.05546525602379967,0.047656326981061425,168,487,874,273
11,0.05,0.5,Empirical Bernstein,58.379583,0.05219477116456842,0.04369945936713766,163,462,805,262
11,0.05,0.5,Platt calibration,48.17432,0.06933181630119983,0.06007232524683207,200,575,1115,325
11,0.05,0.5,Isotonic calibration,53.032035,0.06418178773371161,0.05470918813103942,175,505,951,298
11,0.05,0.1,Multilabel,57.452272,0.05353251768229012,0.04583702842428184,168,470,830,269
11,0.05,0.1,Hoeffding/LTT,65.303653,0.04142187284512481,0.03469838204284335,139,336,564,222
11,0.05,0.1,Hoeffding-Bentkus,58.379583,0.05219477116456842,0.04369945936713766,163,462,805,262
11,0.05,0.1,IID-normal,57.452272,0.05353251768229012,0.04583702842428184,168,470,830,269
11,0.05,0.1,Empirical Bernstein,60.27935,0.04952715881553283,0.04181069310052618,159,434,747,255
11,0.05,0.1,Platt calibration,48.17432,0.06933181630119983,0.06007232524683207,200,575,1115,325
11,0.05,0.1,Isotonic calibration,53.032035,0.06418178773371161,0.05470918813103942,175,505,951,298
11,0.1,0.5,Multilabel,34.973566,0.0995549053989269,0.0939965994214856,303,945,1955,470
11,0.1,0.5,Hoeffding/LTT,37.286795,0.08640975628977285,0.08261002612292445,290,865,1737,429
11,0.1,0.5,Hoeffding-Bentkus,36.111663,0.0949484800126091,0.09056372307510396,300,921,1867,455
11,0.1,0.5,IID-normal,34.973566,0.0995549053989269,0.0939965994214856,303,945,1955,470
11,0.1,0.5,Empirical Bernstein,36.694525,0.09185038516854818,0.08751918710188815,293,892,1817,441
11,0.1,0.5,Platt calibration,33.871338,0.10239343013443139,0.09877306557883188,333,1015,2072,495
11,0.1,0.5,Isotonic calibration,36.111663,0.0949484800126091,0.09056372307510396,300,921,1867,455
11,0.1,0.1,Multilabel,36.694525,0.09185038516854818,0.08751918710188815,293,892,1817,441
11,0.1,0.1,Hoeffding/LTT,39.121582,0.08194830269716492,0.07787390488452704,264,812,1603,401
11,0.1,0.1,Hoeffding-Bentkus,37.286795,0.08640975628977285,0.08261002612292445,290,865,1737,429
11,0.1,0.1,IID-normal,36.694525,0.09185038516854818,0.08751918710188815,293,892,1817,441
11,0.1,0.1,Empirical Bernstein,37.286795,0.08640975628977285,0.08261002612292445,290,865,1737,429
11,0.1,0.1,Platt calibration,33.871338,0.10239343013443139,0.09877306557883188,333,1015,2072,495
11,0.1,0.1,Isotonic calibration,36.111663,0.0949484800126091,0.09056372307510396,300,921,1867,455
11,0.2,0.5,Multilabel,23.81492,0.189581963475828,0.183129755498641,570,1738,3831,870
11,0.2,0.5,Hoeffding/LTT,24.199306,0.18328855099919134,0.17743872846655787,567,1721,3718,856
11,0.2,0.5,Hoeffding-Bentkus,24.199306,0.18328855099919134,0.17743872846655787,567,1721,3718,856
11,0.2,0.5,IID-normal,23.81492,0.189581963475828,0.183129755498641,570,1738,3831,870
11,0.2,0.5,Empirical Bernstein,24.589896,0.1756478386446261,0.17256885317753756,546,1658,3566,821
11,0.2,0.5,Platt calibration,23.81492,0.189581963475828,0.183129755498641,570,1738,3831,870
11,0.2,0.5,Isotonic calibration,24.98679,0.17426836719895686,0.17014430848509385,534,1617,3480,810
11,0.2,0.1,Multilabel,24.199306,0.18328855099919134,0.17743872846655787,567,1721,3718,856
11,0.2,0.1,Hoeffding/LTT,24.98679,0.17426836719895686,0.17014430848509385,534,1617,3480,810
11,0.2,0.1,Hoeffding-Bentkus,24.589896,0.1756478386446261,0.17256885317753756,546,1658,3566,821
11,0.2,0.1,IID-normal,24.199306,0.18328855099919134,0.17743872846655787,567,1721,3718,856
11,0.2,0.1,Empirical Bernstein,24.98679,0.17426836719895686,0.17014430848509385,534,1617,3480,810
11,0.2,0.1,Platt calibration,23.81492,0.189581963475828,0.183129755498641,570,1738,3831,870
11,0.2,0.1,Isotonic calibration,24.98679,0.17426836719895686,0.17014430848509385,534,1617,3480,810
12,0.05,0.5,Multilabel,58.379583,0.03996640857418681,0.04432532566068226,172,484,777,241
12,0.05,0.5,Hoeffding/LTT,63.245541,0.034915381129696395,0.037371985626917334,166,395,621,230
12,0.05,0.5,Hoeffding-Bentkus,61.252292,0.03747857438382883,0.039734216213730626,172,458,716,237
12,0.05,0.5,IID-normal,58.379583,0.03996640857418681,0.04432532566068226,172,484,777,241
12,0.05,0.5,Empirical Bernstein,61.252292,0.03747857438382883,0.039734216213730626,172,458,716,237
12,0.05,0.5,Platt calibration,50.544853,0.05959769095888252,0.06025905050942987,194,565,981,307
12,0.05,0.5,Isotonic calibration,56.53969,0.04340682073408594,0.047039000453264486,177,506,825,254
12,0.05,0.1,Multilabel,61.252292,0.03747857438382883,0.039734216213730626,172,458,716,237
12,0.05,0.1,Hoeffding/LTT,66.35769,0.028044407667907875,0.028461396974295304,152,349,522,200
12,0.05,0.1,Hoeffding-Bentkus,61.252292,0.03747857438382883,0.039734216213730626,172,458,716,237
12,0.05,0.1,IID-normal,61.252292,0.03747857438382883,0.039734216213730626,172,458,716,237
12,0.05,0.1,Empirical Bernstein,63.245541,0.034915381129696395,0.037371985626917334,166,395,621,230
12,0.05,0.1,Platt calibration,50.544853,0.05959769095888252,0.06025905050942987,194,565,981,307
12,0.05,0.1,Isotonic calibration,56.53969,0.04340682073408594,0.047039000453264486,177,506,825,254
12,0.1,0.5,Multilabel,36.694525,0.08601309507391428,0.08976470755681681,302,919,1749,442
12,0.1,0.5,Hoeffding/LTT,39.121582,0.07540930315030438,0.07969769229253297,276,844,1549,402
12,0.1,0.5,Hoeffding-Bentkus,37.286795,0.08067097477523624,0.08443326611004913,297,892,1671,432
12,0.1,0.5,IID-normal,36.694525,0.08601309507391428,0.08976470755681681,302,919,1749,442
12,0.1,0.5,Empirical Bernstein,37.784172,0.07966421708664158,0.08362822896206812,288,870,1636,420
12,0.1,0.5,Platt calibration,33.871338,0.09850168449671966,0.10219712844902526,341,1037,1979,504
12,0.1,0.5,Isotonic calibration,36.694525,0.08601309507391428,0.08976470755681681,302,919,1749,442
12,0.1,0.1,Multilabel,37.286795,0.08067097477523624,0.08443326611004913,297,892,1671,432
12,0.1,0.1,Hoeffding/LTT,41.709169,0.0714295565143724,0.07637878897362965,250,760,1365,377
12,0.1,0.1,Hoeffding-Bentkus,38.500168,0.07917331599582324,0.0827720079616893,284,866,1609,417
12,0.1,0.1,IID-normal,37.286795,0.08067097477523624,0.08443326611004913,297,892,1671,432
12,0.1,0.1,Empirical Bernstein,39.753026,0.07527286876686959,0.07933519018496257,268,809,1483,398
12,0.1,0.1,Platt calibration,33.871338,0.09850168449671966,0.10219712844902526,341,1037,1979,504
12,0.1,0.1,Isotonic calibration,36.694525,0.08601309507391428,0.08976470755681681,302,919,1749,442
12,0.2,0.5,Multilabel,24.589896,0.167718159143784,0.1752347555451229,567,1659,3471,830
12,0.2,0.5,Hoeffding/LTT,24.98679,0.16625602315537577,0.17291094624793799,552,1606,3378,816
12,0.2,0.5,Hoeffding-Bentkus,24.589896,0.167718159143784,0.1752347555451229,567,1659,3471,830
12,0.2,0.5,IID-normal,24.589896,0.167718159143784,0.1752347555451229,567,1659,3471,830
12,0.2,0.5,Empirical Bernstein,25.390091,0.1614725062080194,0.16607896444699494,542,1582,3290,799
12,0.2,0.5,Platt calibration,24.199306,0.17339313308642082,0.1808664795145689,588,1724,3605,858
12,0.2,0.5,Isotonic calibration,25.390091,0.1614725062080194,0.16607896444699494,542,1582,3290,799
12,0.2,0.1,Multilabel,24.98679,0.16625602315537577,0.17291094624793799,552,1606,3378,816
12,0.2,0.1,Hoeffding/LTT,25.390091,0.1614725062080194,0.16607896444699494,542,1582,3290,799
12,0.2,0.1,Hoeffding-Bentkus,25.390091,0.1614725062080194,0.16607896444699494,542,1582,3290,799
12,0.2,0.1,IID-normal,24.98679,0.16625602315537577,0.17291094624793799,552,1606,3378,816
12,0.2,0.1,Empirical Bernstein,25.390091,0.1614725062080194,0.16607896444699494,542,1582,3290,799
12,0.2,0.1,Platt calibration,24.199306,0.17339313308642082,0.1808664795145689,588,1724,3605,858
12,0.2,0.1,Isotonic calibration,25.390091,0.1614725062080194,0.16607896444699494,542,1582,3290,799
13,0.05,0.5,Multilabel,58.379583,0.04156668045786788,0.044024955823134884,159,442,712,243
13,0.05,0.5,Hoeffding/LTT,63.245541,0.035870914356640464,0.03677255976193761,151,365,570,225
13,0.05,0.5,Hoeffding-Bentkus,61.252292,0.03690525444766239,0.039486563007048586,156,415,637,231
13,0.05,0.5,IID-normal,58.379583,0.04156668045786788,0.044024955823134884,159,442,712,243
13,0.05,0.5,Empirical Bernstein,61.252292,0.03690525444766239,0.039486563007048586,156,415,637,231
13,0.05,0.5,Platt calibration,50.544853,0.05661780641093839,0.05972350866129319,186,526,929,296
13,0.05,0.5,Isotonic calibration,55.641604,0.045064227594223454,0.048051948051948054,171,473,781,260
13,0.05,0.1,Multilabel,61.252292,0.03690525444766239,0.039486563007048586,156,415,637,231
13,0.05,0.1,Hoeffding/LTT,66.35769,0.026044683491932147,0.027481294628487342,134,325,465,186
13,0.05,0.1,Hoeffding-Bentkus,61.252292,0.03690525444766239,0.039486563007048586,156,415,637,231
13,0.05,0.1,IID-normal,61.252292,0.03690525444766239,0.039486563007048586,156,415,637,231
13,0.05,0.1,Empirical Bernstein,63.245541,0.035870914356640464,0.03677255976193761,151,365,570,225
13,0.05,0.1,Platt calibration,50.544853,0.05661780641093839,0.05972350866129319,186,526,929,296
13,0.05,0.1,Isotonic calibration,55.641604,0.045064227594223454,0.048051948051948054,171,473,781,260
13,0.1,0.5,Multilabel,36.694525,0.08631797912931549,0.08949214670003744,286,864,1728,424
13,0.1,0.5,Hoeffding/LTT,37.784172,0.08003017646170316,0.08353040485058695,274,813,1604,403
13,0.1,0.5,Hoeffding-Bentkus,37.286795,0.08084090207590415,0.08436040439075342,282,833,1635,412
13,0.1,0.5,IID-normal,36.694525,0.08631797912931549,0.08949214670003744,286,864,1728,424
13,0.1,0.5,Empirical Bernstein,37.286795,0.08084090207590415,0.08436040439075342,282,833,1635,412
13,0.1,0.5,Platt calibration,33.871338,0.09772970559069029,0.10235078949039494,326,988,1973,484
13,0.1,0.5,Isotonic calibration,36.694525,0.08631797912931549,0.08949214670003744,286,864,1728,424
13,0.1,0.1,Multilabel,37.286795,0.08084090207590415,0.08436040439075342,282,833,1635,412
13,0.1,0.1,Hoeffding/LTT,41.709169,0.07258621142568185,0.0761098958367547,231,687,1297,357
13,0.1,0.1,Hoeffding-Bentkus,37.784172,0.08003017646170316,0.08353040485058695,274,813,1604,403
13,0.1,0.1,IID-normal,37.286795,0.08084090207590415,0.08436040439075342,282,833,1635,412
13,0.1,0.1,Empirical Bernstein,39.121582,0.07628947731347399,0.07950155139077748,264,783,1508,389
13,0.1,0.1,Platt calibration,33.871338,0.09772970559069029,0.10235078949039494,326,988,1973,484
13,0.1,0.1,Isotonic calibration,36.694525,0.08631797912931549,0.08949214670003744,286,864,1728,424
13,0.2,0.5,Multilabel,23.81492,0.18923183215688186,0.18498984340761598,571,1735,3776,883
13,0.2,0.5,Hoeffding/LTT,24.589896,0.17790437798469147,0.17456998944719362,544,1647,3500,841
13,0.2,0.5,Hoeffding-Bentkus,24.199306,0.18410511702542418,0.17979352598529277,564,1705,3637,869
13,0.2,0.5,IID-normal,23.81492,0.18923183215688186,0.18498984340761598,571,1735,3776,883
13,0.2,0.5,Empirical Bernstein,24.589896,0.17790437798469147,0.17456998944719362,544,1647,3500,841
13,0.2,0.5,Platt calibration,24.199306,0.18410511702542418,0.17979352598529277,564,1705,3637,869
13,0.2,0.5,Isotonic calibration,25.390091,0.16610069185332638,0.16528699764247465,517,1577,3302,795
13,0.2,0.1,Multilabel,24.589896,0.17790437798469147,0.17456998944719362,544,1647,3500,841
13,0.2,0.1,Hoeffding/LTT,25.390091,0.16610069185332638,0.16528699764247465,517,1577,3302,795
13,0.2,0.1,Hoeffding-Bentkus,24.589896,0.17790437798469147,0.17456998944719362,544,1647,3500,841
13,0.2,0.1,IID-normal,24.589896,0.17790437798469147,0.17456998944719362,544,1647,3500,841
13,0.2,0.1,Empirical Bernstein,25.390091,0.16610069185332638,0.16528699764247465,517,1577,3302,795
13,0.2,0.1,Platt calibration,24.199306,0.18410511702542418,0.17979352598529277,564,1705,3637,869
13,0.2,0.1,Isotonic calibration,25.390091,0.16610069185332638,0.16528699764247465,517,1577,3302,795
14,0.05,0.5,Multilabel,59.321862,0.039531000650156634,0.04406946114078133,150,399,671,223
14,0.05,0.5,Hoeffding/LTT,64.266358,0.03378844297338298,0.036922005662521594,139,335,544,204
14,0.05,0.5,Hoeffding-Bentkus,61.252292,0.037123943495478456,0.040272878360890496,148,385,631,217
14,0.05,0.5,IID-normal,59.321862,0.039531000650156634,0.04406946114078133,150,399,671,223
14,0.05,0.5,Empirical Bernstein,62.000847,0.03624130661780641,0.03936930545428269,148,372,610,216
14,0.05,0.5,Platt calibration,51.360675,0.0544471698484938,0.05876705489755566,174,466,879,274
14,0.05,0.5,Isotonic calibration,56.53969,0.0423985854167898,0.04731834932897148,157,429,736,234
14,0.05,0.1,Multilabel,61.252292,0.037123943495478456,0.040272878360890496,148,385,631,217
14,0.05,0.1,Hoeffding/LTT,66.35769,0.02588608467797545,0.028557305112692062,130,311,471,177
14,0.05,0.1,Hoeffding-Bentkus,62.000847,0.03624130661780641,0.03936930545428269,148,372,610,216
14,0.05,0.1,IID-normal,61.252292,0.037123943495478456,0.040272878360890496,148,385,631,217
14,0.05,0.1,Empirical Bernstein,64.266358,0.03378844297338298,0.036922005662521594,139,335,544,204
14,0.05,0.1,Platt calibration,51.360675,0.0544471698484938,0.05876705489755566,174,466,879,274
14,0.05,0.1,Isotonic calibration,56.53969,0.0423985854167898,0.04731834932897148,157,429,736,234
14,0.1,0.5,Multilabel,36.694525,0.08380699542263464,0.08861802503684142,274,781,1628,408
14,0.1,0.5,Hoeffding/LTT,39.121582,0.07551372224520755,0.0797407195738,246,701,1417,371
14,0.1,0.5,Hoeffding-Bentkus,37.286795,0.07925294376473524,0.08416223803173728,269,753,1535,398
14,0.1,0.5,IID-normal,36.694525,0.08380699542263464,0.08861802503684142,274,781,1628,408
14,0.1,0.5,Empirical Bernstein,37.784172,0.07917118164325447,0.08329742252352267,261,735,1509,390
14,0.1,0.5,Platt calibration,34.41804,0.08977086904269362,0.09768079669445374,310,878,1826,451
14,0.1,0.5,Isotonic calibration,36.694525,0.08380699542263464,0.08861802503684142,274,781,1628,408
14,0.1,0.1,Multilabel,37.286795,0.07925294376473524,0.08416223803173728,269,753,1535,398
14,0.1,0.1,Hoeffding/LTT,41.709169,0.07428433516559294,0.07638710977102481,216,615,1247,347
14,0.1,0.1,Hoeffding-Bentkus,39.121582,0.07551372224520755,0.0797407195738,246,701,1417,371
14,0.1,0.1,IID-normal,37.286795,0.07925294376473524,0.08416223803173728,269,753,1535,398
14,0.1,0.1,Empirical Bernstein,39.753026,0.07503989597493942,0.07915382964700111,237,668,1360,364
14,0.1,0.1,Platt calibration,34.41804,0.08977086904269362,0.09768079669445374,310,878,1826,451
14,0.1,0.1,Isotonic calibration,36.694525,0.08380699542263464,0.08861802503684142,274,781,1628,408
14,0.2,0.5,Multilabel,24.199306,0.17442346739147588,0.17880904492546668,554,1564,3489,828
14,0.2,0.5,Hoeffding/LTT,24.589896,0.1695195538599491,0.17308826294213733,530,1501,3361,797
14,0.2,0.5,Hoeffding-Bentkus,24.589896,0.1695195538599491,0.17308826294213733,530,1501,3361,797
14,0.2,0.5,IID-normal,24.199306,0.17442346739147588,0.17880904492546668,554,1564,3489,828
14,0.2,0.5,Empirical Bernstein,24.589896,0.1695195538599491,0.17308826294213733,530,1501,3361,797
14,0.2,0.5,Platt calibration,24.589896,0.1695195538599491,0.17308826294213733,530,1501,3361,797
14,0.2,0.5,Isotonic calibration,25.390091,0.16106842814568728,0.1641464984789216,502,1425,3169,756
14,0.2,0.1,Multilabel,24.589896,0.1695195538599491,0.17308826294213733,530,1501,3361,797
14,0.2,0.1,Hoeffding/LTT,25.390091,0.16106842814568728,0.1641464984789216,502,1425,3169,756
14,0.2,0.1,Hoeffding-Bentkus,24.98679,0.16668092464564757,0.17083855950261456,508,1452,3264,772
14,0.2,0.1,IID-normal,24.589896,0.1695195538599491,0.17308826294213733,530,1501,3361,797
14,0.2,0.1,Empirical Bernstein,25.390091,0.16106842814568728,0.1641464984789216,502,1425,3169,756
14,0.2,0.1,Platt calibration,24.589896,0.1695195538599491,0.17308826294213733,530,1501,3361,797
14,0.2,0.1,Isotonic calibration,25.390091,0.16106842814568728,0.1641464984789216,502,1425,3169,756
15,0.05,0.5,Multilabel,58.379583,0.04395108063912367,0.044480519480519475,156,463,745,242
15,0.05,0.5,Hoeffding/LTT,62.240937,0.03825974742400063,0.037896852767869464,153,421,649,228
15,0.05,0.5,Hoeffding-Bentkus,60.27935,0.042999487755383495,0.04251456686965033,156,443,703,240
15,0.05,0.5,IID-normal,58.379583,0.04395108063912367,0.044480519480519475,156,463,745,242
15,0.05,0.5,Empirical Bernstein,61.252292,0.03899068108832279,0.0392251147941588,155,441,679,231
15,0.05,0.5,Platt calibration,52.189665,0.05447918513702543,0.05641418520781191,180,526,906,284
15,0.05,0.5,Isotonic calibration,56.53969,0.04597198415982032,0.047350701903053946,164,490,792,253
15,0.05,0.1,Multilabel,60.27935,0.042999487755383495,0.04251456686965033,156,443,703,240
15,0.05,0.1,Hoeffding/LTT,66.35769,0.02746517721693559,0.027752596417239813,134,336,495,187
15,0.05,0.1,Hoeffding-Bentkus,61.252292,0.03899068108832279,0.0392251147941588,155,441,679,231
15,0.05,0.1,IID-normal,60.27935,0.042999487755383495,0.04251456686965033,156,443,703,240
15,0.05,0.1,Empirical Bernstein,62.000847,0.038177000216718875,0.0381146167944347,153,424,655,228
15,0.05,0.1,Platt calibration,52.189665,0.05447918513702543,0.05641418520781191,180,526,906,284
15,0.05,0.1,Isotonic calibration,56.53969,0.04597198415982032,0.047350701903053946,164,490,792,253
15,0.1,0.5,Multilabel,36.694525,0.0831198980764558,0.08933886885328464,289,916,1761,421
15,0.1,0.5,Hoeffding/LTT,39.121582,0.0747135042128836,0.07940498634732322,271,838,1531,393
15,0.1,0.5,Hoeffding-Bentkus,37.286795,0.07974860610359163,0.08421960774009332,285,883,1659,414
15,0.1,0.5,IID-normal,36.694525,0.0831198980764558,0.08933886885328464,289,916,1761,421
15,0.1,0.5,Empirical Bernstein,37.784172,0.07863742932009378,0.08349044312625498,282,868,1629,408
15,0.1,0.5,Platt calibration,34.41804,0.09340386547668302,0.09856800171671187,320,1013,1969,468
15,0.1,0.5,Isotonic calibration,37.286795,0.07974860610359163,0.08421960774009332,285,883,1659,414
15,0.1,0.1,Multilabel,37.286795,0.07974860610359163,0.08421960774009332,285,883,1659,414
15,0.1,0.1,Hoeffding/LTT,41.709169,0.07206986228500502,0.07633472159268821,240,734,1330,366
15,0.1,0.1,Hoeffding-Bentkus,39.121582,0.0747135042128836,0.07940498634732322,271,838,1531,393
15,0.1,0.1,IID-normal,37.286795,0.07974860610359163,0.08421960774009332,285,883,1659,414
15,0.1,0.1,Empirical Bernstein,39.121582,0.0747135042128836,0.07940498634732322,271,838,1531,393
15,0.1,0.1,Platt calibration,34.41804,0.09340386547668302,0.09856800171671187,320,1013,1969,468
15,0.1,0.1,Isotonic calibration,37.286795,0.07974860610359163,0.08421960774009332,285,883,1659,414
15,0.2,0.5,Multilabel,24.589896,0.16293379944357092,0.17525635876371878,554,1729,3574,816
15,0.2,0.5,Hoeffding/LTT,25.390091,0.15664730218686265,0.1662730251494016,521,1632,3371,774
15,0.2,0.5,Hoeffding-Bentkus,24.98679,0.16131092225180665,0.17303754479155956,534,1666,3468,794
15,0.2,0.5,IID-normal,24.589896,0.16293379944357092,0.17525635876371878,554,1729,3574,816
15,0.2,0.5,Empirical Bernstein,25.390091,0.15664730218686265,0.1662730251494016,521,1632,3371,774
15,0.2,0.5,Platt calibration,24.589896,0.16293379944357092,0.17525635876371878,554,1729,3574,816
15,0.2,0.5,Isotonic calibration,26.216325,0.15177737492590618,0.1583161083333521,500,1534,3178,743
15,0.2,0.1,Multilabel,25.390091,0.15664730218686265,0.1662730251494016,521,1632,3371,774
15,0.2,0.1,Hoeffding/LTT,25.799901,0.15415145696486202,0.16313697032416857,513,1592,3279,762
15,0.2,0.1,Hoeffding-Bentkus,25.390091,0.15664730218686265,0.1662730251494016,521,1632,3371,774
15,0.2,0.1,IID-normal,25.390091,0.15664730218686265,0.1662730251494016,521,1632,3371,774
15,0.2,0.1,Empirical Bernstein,25.390091,0.15664730218686265,0.1662730251494016,521,1632,3371,774
15,0.2,0.1,Platt calibration,24.589896,0.16293379944357092,0.17525635876371878,554,1729,3574,816
15,0.2,0.1,Isotonic calibration,26.216325,0.15177737492590618,0.1583161083333521,500,1534,3178,743
16,0.05,0.5,Multilabel,60.27935,0.040465847075280253,0.044226789902055454,176,461,749,247
16,0.05,0.5,Hoeffding/LTT,63.245541,0.03766574068601375,0.038244027090764576,167,401,641,237
16,0.05,0.5,Hoeffding-Bentkus,61.252292,0.039235967452765134,0.04099251785139494,173,456,727,242
16,0.05,0.5,IID-normal,60.27935,0.040465847075280253,0.044226789902055454,176,461,749,247
16,0.05,0.5,Empirical Bernstein,61.252292,0.039235967452765134,0.04099251785139494,173,456,727,242
16,0.05,0.5,Platt calibration,50.544853,0.059359792737947475,0.061112370179138,205,582,1038,311
16,0.05,0.5,Isotonic calibration,55.641604,0.04797958902220383,0.050152401973342794,190,534,900,273
16,0.05,0.1,Multilabel,61.252292,0.039235967452765134,0.04099251785139494,173,456,727,242
16,0.05,0.1,Hoeffding/LTT,66.35769,0.02827688791693756,0.02863087847913341,155,352,519,205
16,0.05,0.1,Hoeffding-Bentkus,62.000847,0.03880154461453592,0.039905011528683754,172,438,700,241
16,0.05,0.1,IID-normal,61.252292,0.039235967452765134,0.04099251785139494,173,456,727,242
16,0.05,0.1,Empirical Bernstein,63.245541,0.03766574068601375,0.038244027090764576,167,401,641,237
16,0.05,0.1,Platt calibration,50.544853,0.059359792737947475,0.061112370179138,205,582,1038,311
16,0.05,0.1,Isotonic calibration,55.641604,0.04797958902220383,0.050152401973342794,190,534,900,273
16,0.1,0.5,Multilabel,36.694525,0.09116640726073907,0.09008549619323519,307,946,1883,449
16,0.1,0.5,Hoeffding/LTT,37.784172,0.08533272914737541,0.0845382614350748,288,880,1741,425
16,0.1,0.5,Hoeffding-Bentkus,37.286795,0.08567849426351701,0.08510057216430508,297,907,1781,435
16,0.1,0.5,IID-normal,36.694525,0.09116640726073907,0.09008549619323519,307,946,1883,449
16,0.1,0.5,Empirical Bernstein,37.286795,0.08567849426351701,0.08510057216430508,297,907,1781,435
16,0.1,0.5,Platt calibration,33.871338,0.10498568341969253,0.10261732871748047,348,1068,2151,517
16,0.1,0.5,Isotonic calibration,36.694525,0.09116640726073907,0.09008549619323519,307,946,1883,449
16,0.1,0.1,Multilabel,37.286795,0.08567849426351701,0.08510057216430508,297,907,1781,435
16,0.1,0.1,Hoeffding/LTT,41.709169,0.07793243624853058,0.07799953797677622,243,756,1438,377
16,0.1,0.1,Hoeffding-Bentkus,37.286795,0.08567849426351701,0.08510057216430508,297,907,1781,435
16,0.1,0.1,IID-normal,37.286795,0.08567849426351701,0.08510057216430508,297,907,1781,435
16,0.1,0.1,Empirical Bernstein,39.121582,0.08134181820569904,0.08113385097451865,275,845,1638,408
16,0.1,0.1,Platt calibration,33.871338,0.10498568341969253,0.10261732871748047,348,1068,2151,517
16,0.1,0.1,Isotonic calibration,36.694525,0.09116640726073907,0.09008549619323519,307,946,1883,449
16,0.2,0.5,Multilabel,24.199306,0.18008659724082343,0.18045864598147673,561,1747,3823,843
16,0.2,0.5,Hoeffding/LTT,24.98679,0.17172613737570297,0.17317983191998268,520,1633,3588,791
16,0.2,0.5,Hoeffding-Bentkus,24.589896,0.17546476187353308,0.17551832204989234,540,1681,3692,815
16,0.2,0.5,IID-normal,24.199306,0.18008659724082343,0.18045864598147673,561,1747,3823,843
16,0.2,0.5,Empirical Bernstein,24.98679,0.17172613737570297,0.17317983191998268,520,1633,3588,791
16,0.2,0.5,Platt calibration,24.589896,0.17546476187353308,0.17551832204989234,540,1681,3692,815
16,0.2,0.5,Isotonic calibration,25.799901,0.16339630924860546,0.163084796137631,507,1571,3402,764
16,0.2,0.1,Multilabel,24.589896,0.17546476187353308,0.17551832204989234,540,1681,3692,815
16,0.2,0.1,Hoeffding/LTT,25.390091,0.1657038153314529,0.1660398512250289,512,1608,3488,773
16,0.2,0.1,Hoeffding-Bentkus,25.390091,0.1657038153314529,0.1660398512250289,512,1608,3488,773
16,0.2,0.1,IID-normal,24.589896,0.17546476187353308,0.17551832204989234,540,1681,3692,815
16,0.2,0.1,Empirical Bernstein,25.390091,0.1657038153314529,0.1660398512250289,512,1608,3488,773
16,0.2,0.1,Platt calibration,24.589896,0.17546476187353308,0.17551832204989234,540,1681,3692,815
16,0.2,0.1,Isotonic calibration,25.799901,0.16339630924860546,0.163084796137631,507,1571,3402,764
17,0.05,0.5,Multilabel,60.27935,0.03637478574383829,0.04287356548358066,158,440,677,229
17,0.05,0.5,Hoeffding/LTT,64.266358,0.032290127470102646,0.0360056231072923,149,383,582,214
17,0.05,0.5,Hoeffding-Bentkus,61.252292,0.03423468684122387,0.03958411340808913,156,437,658,223
17,0.05,0.5,IID-normal,60.27935,0.03637478574383829,0.04287356548358066,158,440,677,229
17,0.05,0.5,Empirical Bernstein,62.000847,0.033131390744133814,0.03849660708537795,156,428,643,221
17,0.05,0.5,Platt calibration,51.360675,0.05241493784108596,0.05890057085049497,181,517,878,280
17,0.05,0.5,Isotonic calibration,58.379583,0.03819029887503202,0.04470156803237228,160,462,716,234
17,0.05,0.1,Multilabel,61.252292,0.03423468684122387,0.03958411340808913,156,437,658,223
17,0.05,0.1,Hoeffding/LTT,66.35769,0.0246793545717832,0.027554867994928692,141,343,497,191
17,0.05,0.1,Hoeffding-Bentkus,62.240937,0.03317276434777469,0.03826570495766247,156,426,639,221
17,0.05,0.1,IID-normal,61.252292,0.03423468684122387,0.03958411340808913,156,437,658,223
17,0.05,0.1,Empirical Bernstein,64.266358,0.032290127470102646,0.0360056231072923,149,383,582,214
17,0.05,0.1,Platt calibration,51.360675,0.05241493784108596,0.05890057085049497,181,517,878,280
17,0.05,0.1,Isotonic calibration,58.379583,0.03819029887503202,0.04470156803237228,160,462,716,234
17,0.1,0.5,Multilabel,37.286795,0.07923160023904749,0.08564536542533507,261,808,1564,393
17,0.1,0.5,Hoeffding/LTT,39.753026,0.07296809635452581,0.08037715109035291,242,720,1364,364
17,0.1,0.5,Hoeffding-Bentkus,37.286795,0.07923160023904749,0.08564536542533507,261,808,1564,393
17,0.1,0.5,IID-normal,37.286795,0.07923160023904749,0.08564536542533507,261,808,1564,393
17,0.1,0.5,Empirical Bernstein,39.121582,0.07336459338941755,0.08089533969655364,246,765,1438,368
17,0.1,0.5,Platt calibration,34.41804,0.09161839746241897,0.09998204459509466,298,933,1848,449
17,0.1,0.5,Isotonic calibration,37.286795,0.07923160023904749,0.08564536542533507,261,808,1564,393
17,0.1,0.1,Multilabel,37.784172,0.07886711849268738,0.08490010663758767,256,791,1537,387
17,0.1,0.1,Hoeffding/LTT,43.066453,0.0670375514707331,0.07476088655906561,207,620,1145,327
17,0.1,0.1,Hoeffding-Bentkus,39.121582,0.07336459338941755,0.08089533969655364,246,765,1438,368
17,0.1,0.1,IID-normal,37.784172,0.07886711849268738,0.08490010663758767,256,791,1537,387
17,0.1,0.1,Empirical Bernstein,40.394661,0.07176087370543308,0.07857553422803802,232,707,1324,354
17,0.1,0.1,Platt calibration,34.41804,0.09161839746241897,0.09998204459509466,298,933,1848,449
17,0.1,0.1,Isotonic calibration,37.286795,0.07923160023904749,0.08564536542533507,261,808,1564,393
17,0.2,0.5,Multilabel,24.199306,0.17479844253707086,0.18053917063608052,529,1571,3487,812
17,0.2,0.5,Hoeffding/LTT,24.98679,0.16797641171865416,0.17322553907529117,500,1474,3272,775
17,0.2,0.5,Hoeffding-Bentkus,24.589896,0.16968761827057235,0.17498759999378743,511,1512,3361,788
17,0.2,0.5,IID-normal,24.199306,0.17479844253707086,0.18053917063608052,529,1571,3487,812
17,0.2,0.5,Empirical Bernstein,25.390091,0.16120915585127418,0.16619931741601668,491,1445,3162,758
17,0.2,0.5,Platt calibration,24.589896,0.16968761827057235,0.17498759999378743,511,1512,3361,788
17,0.2,0.5,Isotonic calibration,25.390091,0.16120915585127418,0.16619931741601668,491,1445,3162,758
17,0.2,0.1,Multilabel,24.589896,0.16968761827057235,0.17498759999378743,511,1512,3361,788
17,0.2,0.1,Hoeffding/LTT,25.390091,0.16120915585127418,0.16619931741601668,491,1445,3162,758
17,0.2,0.1,Hoeffding-Bentkus,25.390091,0.16120915585127418,0.16619931741601668,491,1445,3162,758
17,0.2,0.1,IID-normal,24.589896,0.16968761827057235,0.17498759999378743,511,1512,3361,788
17,0.2,0.1,Empirical Bernstein,25.390091,0.16120915585127418,0.16619931741601668,491,1445,3162,758
17,0.2,0.1,Platt calibration,24.589896,0.16968761827057235,0.17498759999378743,511,1512,3361,788
17,0.2,0.1,Isotonic calibration,25.390091,0.16120915585127418,0.16619931741601668,491,1445,3162,758
18,0.05,0.5,Multilabel,55.641604,0.050174360186772266,0.047423618364437786,180,487,856,270
18,0.05,0.5,Hoeffding/LTT,61.252292,0.04244340682073409,0.0387531285103364,167,430,701,245
18,0.05,0.5,Hoeffding-Bentkus,58.379583,0.04576905648481983,0.04363064856236328,168,453,769,251
18,0.05,0.5,IID-normal,55.641604,0.050174360186772266,0.047423618364437786,180,487,856,270
18,0.05,0.5,Empirical Bernstein,60.27935,0.04396388675453632,0.0415976916356279,167,431,717,248
18,0.05,0.5,Platt calibration,48.95188,0.06340406249384321,0.0601744739832752,206,573,1070,321
18,0.05,0.5,Isotonic calibration,53.888001,0.05533374706936975,0.051661805569241076,188,499,900,288
18,0.05,0.1,Multilabel,58.379583,0.04576905648481983,0.04363064856236328,168,453,769,251
18,0.05,0.1,Hoeffding/LTT,66.35769,0.03133163898575566,0.02796411984575869,145,333,511,205
18,0.05,0.1,Hoeffding-Bentkus,60.27935,0.04396388675453632,0.0415976916356279,167,431,717,248
18,0.05,0.1,IID-normal,58.379583,0.04576905648481983,0.04363064856236328,168,453,769,251
18,0.05,0.1,Empirical Bernstein,61.252292,0.04244340682073409,0.0387531285103364,167,430,701,245
18,0.05,0.1,Platt calibration,48.95188,0.06340406249384321,0.0601744739832752,206,573,1070,321
18,0.05,0.1,Isotonic calibration,53.888001,0.05533374706936975,0.051661805569241076,188,499,900,288
18,0.1,0.5,Multilabel,36.111663,0.09517866172810319,0.09143406753421927,298,927,1883,450
18,0.1,0.5,Hoeffding/LTT,37.286795,0.08585712315542685,0.08318990906244321,285,870,1735,423
18,0.1,0.5,Hoeffding-Bentkus,36.694525,0.09214295565143725,0.08840792490261384,291,899,1840,437
18,0.1,0.5,IID-normal,36.111663,0.09517866172810319,0.09143406753421927,298,927,1883,450
18,0.1,0.5,Empirical Bernstein,37.286795,0.08585712315542685,0.08318990906244321,285,870,1735,423
18,0.1,0.5,Platt calibration,33.871338,0.10237405678034557,0.10125846586392868,337,1023,2099,498
18,0.1,0.5,Isotonic calibration,36.111663,0.09517866172810319,0.09143406753421927,298,927,1883,450
18,0.1,0.1,Multilabel,36.694525,0.09214295565143725,0.08840792490261384,291,899,1840,437
18,0.1,0.1,Hoeffding/LTT,39.753026,0.07951152878749072,0.07817000483920059,265,783,1533,395
18,0.1,0.1,Hoeffding-Bentkus,37.286795,0.08585712315542685,0.08318990906244321,285,870,1735,423
18,0.1,0.1,IID-normal,36.694525,0.09214295565143725,0.08840792490261384,291,899,1840,437
18,0.1,0.1,Empirical Bernstein,37.286795,0.08585712315542685,0.08318990906244321,285,870,1735,423
18,0.1,0.1,Platt calibration,33.871338,0.10237405678034557,0.10125846586392868,337,1023,2099,498
18,0.1,0.1,Isotonic calibration,36.111663,0.09517866172810319,0.09143406753421927,298,927,1883,450
18,0.2,0.5,Multilabel,23.81492,0.19274629973448393,0.1845331460418115,571,1752,3928,889
18,0.2,0.5,Hoeffding/LTT,24.199306,0.18872460719153264,0.17902626680044256,566,1722,3796,879
18,0.2,0.5,Hoeffding-Bentkus,24.199306,0.18872460719153264,0.17902626680044256,566,1722,3796,879
18,0.2,0.5,IID-normal,23.81492,0.19274629973448393,0.1845331460418115,571,1752,3928,889
18,0.2,0.5,Empirical Bernstein,24.199306,0.18872460719153264,0.17902626680044256,566,1722,3796,879
18,0.2,0.5,Platt calibration,23.81492,0.19274629973448393,0.1845331460418115,571,1752,3928,889
18,0.2,0.5,Isotonic calibration,24.98679,0.18029001698596966,0.17170113346756374,541,1625,3580,840
18,0.2,0.1,Multilabel,24.199306,0.18872460719153264,0.17902626680044256,566,1722,3796,879
18,0.2,0.1,Hoeffding/LTT,24.589896,0.18299840591694858,0.17376923749455864,550,1666,3669,854
18,0.2,0.1,Hoeffding-Bentkus,24.589896,0.18299840591694858,0.17376923749455864,550,1666,3669,854
18,0.2,0.1,IID-normal,24.199306,0.18872460719153264,0.17902626680044256,566,1722,3796,879
18,0.2,0.1,Empirical Bernstein,24.589896,0.18299840591694858,0.17376923749455864,550,1666,3669,854
18,0.2,0.1,Platt calibration,23.81492,0.19274629973448393,0.1845331460418115,571,1752,3928,889
18,0.2,0.1,Isotonic calibration,24.98679,0.18029001698596966,0.17170113346756374,541,1625,3580,840
19,0.05,0.5,Multilabel,58.379583,0.04093425537364305,0.044341584060855685,165,466,725,245
19,0.05,0.5,Hoeffding/LTT,65.303653,0.02966487381050889,0.03468688620433689,145,356,518,204
19,0.05,0.5,Hoeffding-Bentkus,61.252292,0.03631124770967551,0.039422514763941166,162,438,654,234
19,0.05,0.5,IID-normal,58.379583,0.04093425537364305,0.044341584060855685,165,466,725,245
19,0.05,0.5,Empirical Bernstein,61.252292,0.03631124770967551,0.039422514763941166,162,438,654,234
19,0.05,0.5,Platt calibration,50.544853,0.05393098488878382,0.05922278278120463,190,546,939,292
19,0.05,0.5,Isotonic calibration,56.53969,0.041507082766908995,0.04664863462283796,172,491,769,251
19,0.05,0.1,Multilabel,61.252292,0.03631124770967551,0.039422514763941166,162,438,654,234
19,0.05,0.1,Hoeffding/LTT,66.35769,0.023638118880154463,0.027419217100552458,141,342,475,187
19,0.05,0.1,Hoeffding-Bentkus,61.252292,0.03631124770967551,0.039422514763941166,162,438,654,234
19,0.05,0.1,IID-normal,61.252292,0.03631124770967551,0.039422514763941166,162,438,654,234
19,0.05,0.1,Empirical Bernstein,64.266358,0.03091100734874007,0.0357734071694618,153,376,554,214
19,0.05,0.1,Platt calibration,50.544853,0.05393098488878382,0.05922278278120463,190,546,939,292
19,0.05,0.1,Isotonic calibration,56.53969,0.041507082766908995,0.04664863462283796,172,491,769,251
19,0.1,0.5,Multilabel,36.694525,0.08481966362603516,0.08883595328967103,278,865,1696,419
19,0.1,0.5,Hoeffding/LTT,37.888624,0.07859326464001681,0.08274989215808638,269,822,1573,401
19,0.1,0.5,Hoeffding-Bentkus,37.286795,0.07866320573188591,0.0834719950425565,275,841,1603,407
19,0.1,0.5,IID-normal,36.694525,0.08481966362603516,0.08883595328967103,278,865,1696,419
19,0.1,0.5,Empirical Bernstein,37.784172,0.07859326464001681,0.0829109981234412,269,822,1573,401
19,0.1,0.5,Platt calibration,33.871338,0.0999358052419699,0.10192451285015776,317,983,1947,486
19,0.1,0.5,Isotonic calibration,37.286795,0.07866320573188591,0.0834719950425565,275,841,1603,407
19,0.1,0.1,Multilabel,37.286795,0.07866320573188591,0.0834719950425565,275,841,1603,407
19,0.1,0.1,Hoeffding/LTT,41.709169,0.06995718160385103,0.07556855132727668,228,705,1300,354
19,0.1,0.1,Hoeffding-Bentkus,37.784172,0.07859326464001681,0.0829109981234412,269,822,1573,401
19,0.1,0.1,IID-normal,37.286795,0.07866320573188591,0.0834719950425565,275,841,1603,407
19,0.1,0.1,Empirical Bernstein,39.121582,0.07336935463745557,0.07882488443945196,261,792,1482,385
19,0.1,0.1,Platt calibration,33.871338,0.0999358052419699,0.10192451285015776,317,983,1947,486
19,0.1,0.1,Isotonic calibration,37.286795,0.07866320573188591,0.0834719950425565,275,841,1603,407
19,0.2,0.5,Multilabel,24.199306,0.1754430546643791,0.17903588896656905,544,1623,3488,832
19,0.2,0.5,Hoeffding/LTT,24.98679,0.16636439745148887,0.17176106380408393,513,1521,3273,784
19,0.2,0.5,Hoeffding-Bentkus,24.589896,0.1690623683538454,0.17352385129938624,526,1568,3371,802
19,0.2,0.5,IID-normal,24.199306,0.1754430546643791,0.17903588896656905,544,1623,3488,832
19,0.2,0.5,Empirical Bernstein,24.98679,0.16636439745148887,0.17176106380408393,513,1521,3273,784
19,0.2,0.5,Platt calibration,24.589896,0.1690623683538454,0.17352385129938624,526,1568,3371,802
19,0.2,0.5,Isotonic calibration,25.390091,0.15978997959242064,0.1650277670583717,503,1497,3176,764
19,0.2,0.1,Multilabel,24.589896,0.1690623683538454,0.17352385129938624,526,1568,3371,802
19,0.2,0.1,Hoeffding/LTT,25.390091,0.15978997959242064,0.1650277670583717,503,1497,3176,764
19,0.2,0.1,Hoeffding-Bentkus,25.390091,0.15978997959242064,0.1650277670583717,503,1497,3176,764
19,0.2,0.1,IID-normal,24.589896,0.1690623683538454,0.17352385129938624,526,1568,3371,802
19,0.2,0.1,Empirical Bernstein,25.390091,0.15978997959242064,0.1650277670583717,503,1497,3176,764
19,0.2,0.1,Platt calibration,24.589896,0.1690623683538454,0.17352385129938624,526,1568,3371,802
19,0.2,0.1,Isotonic calibration,25.390091,0.15978997959242064,0.1650277670583717,503,1497,3176,764
20,0.05,0.5,Multilabel,55.641604,0.04939712748980436,0.04729141622161349,191,531,856,283
20,0.05,0.5,Hoeffding/LTT,61.252292,0.04117658648068247,0.039205407642433444,178,467,703,258
20,0.05,0.5,Hoeffding-Bentkus,58.379583,0.045393738794649016,0.0437365745028871,182,498,780,268
20,0.05,0.5,IID-normal,55.641604,0.04939712748980436,0.04729141622161349,191,531,856,283
20,0.05,0.5,Empirical Bernstein,60.27935,0.044733731307996925,0.04218447207825053,181,471,733,267
20,0.05,0.5,Platt calibration,48.17432,0.06098469176665288,0.06036875365403437,219,632,1103,329
20,0.05,0.5,Isotonic calibration,54.757783,0.05159140611147231,0.05010609016678819,195,535,872,292
20,0.05,0.1,Multilabel,58.379583,0.045393738794649016,0.0437365745028871,182,498,780,268
20,0.05,0.1,Hoeffding/LTT,66.35769,0.029306302578954627,0.028017000702888407,157,359,514,213
20,0.05,0.1,Hoeffding-Bentkus,60.27935,0.044733731307996925,0.04218447207825053,181,471,733,267
20,0.05,0.1,IID-normal,58.379583,0.045393738794649016,0.0437365745028871,182,498,780,268
20,0.05,0.1,Empirical Bernstein,61.252292,0.04117658648068247,0.039205407642433444,178,467,703,258
20,0.05,0.1,Platt calibration,48.17432,0.06098469176665288,0.06036875365403437,219,632,1103,329
20,0.05,0.1,Isotonic calibration,54.757783,0.05159140611147231,0.05010609016678819,195,535,872,292
20,0.1,0.5,Multilabel,36.111663,0.09178750385825271,0.09134587803024828,312,966,1880,465
20,0.1,0.5,Hoeffding/LTT,37.286795,0.08420611935299566,0.08352257673198492,298,904,1730,440
20,0.1,0.5,Hoeffding-Bentkus,36.694525,0.09016687353468487,0.08847794003332698,306,936,1832,456
20,0.1,0.5,IID-normal,36.111663,0.09178750385825271,0.09134587803024828,312,966,1880,465
20,0.1,0.5,Empirical Bernstein,37.286795,0.08420611935299566,0.08352257673198492,298,904,1730,440
20,0.1,0.5,Platt calibration,33.871338,0.10151177834256031,0.10095776757385255,345,1070,2096,511
20,0.1,0.5,Isotonic calibration,36.694525,0.09016687353468487,0.08847794003332698,306,936,1832,456
20,0.1,0.1,Multilabel,36.694525,0.09016687353468487,0.08847794003332698,306,936,1832,456
20,0.1,0.1,Hoeffding/LTT,39.753026,0.07838590407891194,0.07783268409216815,274,814,1534,409
20,0.1,0.1,Hoeffding-Bentkus,37.286795,0.08420611935299566,0.08352257673198492,298,904,1730,440
20,0.1,0.1,IID-normal,36.694525,0.09016687353468487,0.08847794003332698,306,936,1832,456
20,0.1,0.1,Empirical Bernstein,38.500168,0.08217323062172048,0.08178785470136,286,878,1672,425
20,0.1,0.1,Platt calibration,33.871338,0.10151177834256031,0.10095776757385255,345,1070,2096,511
20,0.1,0.1,Isotonic calibration,36.694525,0.09016687353468487,0.08847794003332698,306,936,1832,456
20,0.2,0.5,Multilabel,23.81492,0.18338935112280774,0.18260752390437512,574,1829,3855,862
20,0.2,0.5,Hoeffding/LTT,24.199306,0.17826188251271607,0.17682785220508476,569,1800,3715,851
20,0.2,0.5,Hoeffding-Bentkus,24.199306,0.17826188251271607,0.17682785220508476,569,1800,3715,851
20,0.2,0.5,IID-normal,23.81492,0.18338935112280774,0.18260752390437512,574,1829,3855,862
20,0.2,0.5,Empirical Bernstein,24.589896,0.17339659375240676,0.17222021804479423,550,1743,3600,825
20,0.2,0.5,Platt calibration,24.199306,0.17826188251271607,0.17682785220508476,569,1800,3715,851
20,0.2,0.5,Isotonic calibration,25.390091,0.16716167917036762,0.16372060045081882,523,1662,3409,792
20,0.2,0.1,Multilabel,24.199306,0.17826188251271607,0.17682785220508476,569,1800,3715,851
20,0.2,0.1,Hoeffding/LTT,24.98679,0.17213186987700846,0.17009739681244068,532,1697,3503,808
20,0.2,0.1,Hoeffding-Bentkus,24.589896,0.17339659375240676,0.17222021804479423,550,1743,3600,825
20,0.2,0.1,IID-normal,24.199306,0.17826188251271607,0.17682785220508476,569,1800,3715,851
20,0.2,0.1,Empirical Bernstein,24.98679,0.17213186987700846,0.17009739681244068,532,1697,3503,808
20,0.2,0.1,Platt calibration,24.199306,0.17826188251271607,0.17682785220508476,569,1800,3715,851
20,0.2,0.1,Isotonic calibration,25.390091,0.16716167917036762,0.16372060045081882,523,1662,3409,792
21,0.05,0.5,Multilabel,59.321862,0.04336249187304214,0.04524072285832528,168,454,718,252
21,0.05,0.5,Hoeffding/LTT,64.266358,0.03756329176271253,0.03739432039887275,156,370,581,229
21,0.05,0.5,Hoeffding-Bentkus,61.252292,0.0402801584017968,0.0410532815692148,164,433,676,241
21,0.05,0.5,IID-normal,59.321862,0.04336249187304214,0.04524072285832528,168,454,718,252
21,0.05,0.5,Empirical Bernstein,62.000847,0.03983194436235396,0.03996577524650362,164,416,653,241
21,0.05,0.5,Platt calibration,51.360675,0.05861309770080974,0.06005294654763546,193,532,939,303
21,0.05,0.5,Isotonic calibration,56.53969,0.045503575861457535,0.04855103166939282,179,491,797,264
21,0.05,0.1,Multilabel,61.252292,0.0402801584017968,0.0410532815692148,164,433,676,241
21,0.05,0.1,Hoeffding/LTT,66.35769,0.028527099710384776,0.028667665162354087,146,336,495,199
21,0.05,0.1,Hoeffding-Bentkus,62.000847,0.03983194436235396,0.03996577524650362,164,416,653,241
21,0.05,0.1,IID-normal,61.252292,0.0402801584017968,0.0410532815692148,164,433,676,241
21,0.05,0.1,Empirical Bernstein,63.245541,0.03908032389621136,0.03826110662225988,162,380,605,239
21,0.05,0.1,Platt calibration,51.360675,0.05861309770080974,0.06005294654763546,193,532,939,303
21,0.05,0.1,Isotonic calibration,56.53969,0.045503575861457535,0.04855103166939282,179,491,797,264
21,0.1,0.5,Multilabel,36.694525,0.08858958698635984,0.09108338971768411,284,880,1781,423
21,0.1,0.5,Hoeffding/LTT,39.121582,0.07997632510458327,0.0813674354645523,267,813,1558,393
21,0.1,0.5,Hoeffding-Bentkus,37.286795,0.08428640384577496,0.08587249034896985,279,850,1680,412
21,0.1,0.5,IID-normal,36.694525,0.08858958698635984,0.09108338971768411,284,880,1781,423
21,0.1,0.5,Empirical Bernstein,37.888624,0.08350917114880706,0.08511097316104903,274,836,1648,405
21,0.1,0.5,Platt calibration,33.871338,0.10143198639268146,0.10319940134052426,338,1026,2071,497
21,0.1,0.5,Isotonic calibration,37.286795,0.08428640384577496,0.08587249034896985,279,850,1680,412
21,0.1,0.1,Multilabel,37.286795,0.08428640384577496,0.08587249034896985,279,850,1680,412
21,0.1,0.1,Hoeffding/LTT,42.382378,0.07405858633620321,0.07694115444494808,229,705,1312,358
21,0.1,0.1,Hoeffding-Bentkus,39.121582,0.07997632510458327,0.0813674354645523,267,813,1558,393
21,0.1,0.1,IID-normal,37.286795,0.08428640384577496,0.08587249034896985,279,850,1680,412
21,0.1,0.1,Empirical Bernstein,39.753026,0.07878699818087488,0.08077233422453452,255,773,1480,385
21,0.1,0.1,Platt calibration,33.871338,0.10143198639268146,0.10319940134052426,338,1026,2071,497
21,0.1,0.1,Isotonic calibration,37.286795,0.08428640384577496,0.08587249034896985,279,850,1680,412
21,0.2,0.5,Multilabel,24.199306,0.18303245513143537,0.1807566622019731,573,1708,3679,866
21,0.2,0.5,Hoeffding/LTT,24.589896,0.1793227959449454,0.17595352662704752,554,1654,3564,845
21,0.2,0.5,Hoeffding-Bentkus,24.589896,0.1793227959449454,0.17595352662704752,554,1654,3564,845
21,0.2,0.5,IID-normal,24.199306,0.18303245513143537,0.1807566622019731,573,1708,3679,866
21,0.2,0.5,Empirical Bernstein,24.589896,0.1793227959449454,0.17595352662704752,554,1654,3564,845
21,0.2,0.5,Platt calibration,24.199306,0.18303245513143537,0.1807566622019731,573,1708,3679,866
21,0.2,0.5,Isotonic calibration,25.390091,0.16857624120790662,0.166459548861584,534,1583,3367,805
21,0.2,0.1,Multilabel,24.589896,0.1793227959449454,0.17595352662704752,554,1654,3564,845
21,0.2,0.1,Hoeffding/LTT,25.390091,0.16857624120790662,0.166459548861584,534,1583,3367,805
21,0.2,0.1,Hoeffding-Bentkus,24.98679,0.17778042024038518,0.17375760480083186,546,1613,3473,834
21,0.2,0.1,IID-normal,24.589896,0.1793227959449454,0.17595352662704752,554,1654,3564,845
21,0.2,0.1,Empirical Bernstein,25.390091,0.16857624120790662,0.166459548861584,534,1583,3367,805
21,0.2,0.1,Platt calibration,24.199306,0.18303245513143537,0.1807566622019731,573,1708,3679,866
21,0.2,0.1,Isotonic calibration,25.390091,0.16857624120790662,0.166459548861584,534,1583,3367,805
22,0.05,0.5,Multilabel,58.379583,0.04525484169671178,0.04544190003218834,155,437,728,242
22,0.05,0.5,Hoeffding/LTT,63.245541,0.03834643497448628,0.03797896590005846,151,368,594,228
22,0.05,0.5,Hoeffding-Bentkus,61.252292,0.0402171129105345,0.04081383967575166,153,411,660,232
22,0.05,0.5,IID-normal,58.379583,0.04525484169671178,0.04544190003218834,155,437,728,242
22,0.05,0.5,Empirical Bernstein,61.252292,0.0402171129105345,0.04081383967575166,153,411,660,232
22,0.05,0.5,Platt calibration,51.360675,0.06095907953582757,0.059115050351772655,174,498,926,291
22,0.05,0.5,Isotonic calibration,55.641604,0.050069448548968616,0.04936559394070775,160,468,802,256
22,0.05,0.1,Multilabel,61.252292,0.0402171129105345,0.04081383967575166,153,411,660,232
22,0.05,0.1,Hoeffding/LTT,66.35769,0.02856847331402565,0.028573399286601107,135,323,486,191
22,0.05,0.1,Hoeffding-Bentkus,62.000847,0.03921725082254665,0.03972633335304049,151,393,633,229
22,0.05,0.1,IID-normal,61.252292,0.0402171129105345,0.04081383967575166,153,411,660,232
22,0.05,0.1,Empirical Bernstein,63.245541,0.03834643497448628,0.03797896590005846,151,368,594,228
22,0.05,0.1,Platt calibration,51.360675,0.06095907953582757,0.059115050351772655,174,498,926,291
22,0.05,0.1,Isotonic calibration,55.641604,0.050069448548968616,0.04936559394070775,160,468,802,256
22,0.1,0.5,Multilabel,36.694525,0.0871725410616598,0.09063724169945718,264,836,1741,405
22,0.1,0.5,Hoeffding/LTT,39.121582,0.07837720248767001,0.0805192068090399,248,761,1530,378
22,0.1,0.5,Hoeffding-Bentkus,37.286795,0.08233281452147816,0.08576300617271784,261,803,1646,396
22,0.1,0.5,IID-normal,36.694525,0.0871725410616598,0.09063724169945718,264,836,1741,405
22,0.1,0.5,Empirical Bernstein,38.500168,0.08062467574259051,0.08412506815389972,251,777,1583,384
22,0.1,0.5,Platt calibration,34.41804,0.09433871190180664,0.09996808536262254,304,944,1952,452
22,0.1,0.5,Isotonic calibration,37.286795,0.08233281452147816,0.08576300617271784,261,803,1646,396
22,0.1,0.1,Multilabel,37.286795,0.08233281452147816,0.08576300617271784,261,803,1646,396
22,0.1,0.1,Hoeffding/LTT,41.709169,0.07548137859474226,0.07651038895348455,230,680,1337,361
22,0.1,0.1,Hoeffding-Bentkus,39.121582,0.07837720248767001,0.0805192068090399,248,761,1530,378
22,0.1,0.1,IID-normal,37.286795,0.08233281452147816,0.08576300617271784,261,803,1646,396
22,0.1,0.1,Empirical Bernstein,39.121582,0.07837720248767001,0.0805192068090399,248,761,1530,378
22,0.1,0.1,Platt calibration,34.41804,0.09433871190180664,0.09996808536262254,304,944,1952,452
22,0.1,0.1,Isotonic calibration,37.286795,0.08233281452147816,0.08576300617271784,261,803,1646,396
22,0.2,0.5,Multilabel,24.199306,0.1776069339745141,0.1806309730165353,544,1642,3566,836
22,0.2,0.5,Hoeffding/LTT,25.390091,0.161197257897713,0.16566211951275203,502,1516,3261,765
22,0.2,0.5,Hoeffding-Bentkus,24.98679,0.1689567787519794,0.1730150170711952,513,1545,3356,790
22,0.2,0.5,IID-normal,24.199306,0.1776069339745141,0.1806309730165353,544,1642,3566,836
22,0.2,0.5,Empirical Bernstein,25.390091,0.161197257897713,0.16566211951275203,502,1516,3261,765
22,0.2,0.5,Platt calibration,24.589896,0.1716846007392139,0.17545236145915347,524,1589,3445,806
22,0.2,0.5,Isotonic calibration,25.799901,0.15812407148774546,0.16258500278709961,495,1483,3188,752
22,0.2,0.1,Multilabel,24.98679,0.1689567787519794,0.1730150170711952,513,1545,3356,790
22,0.2,0.1,Hoeffding/LTT,25.390091,0.161197257897713,0.16566211951275203,502,1516,3261,765
22,0.2,0.1,Hoeffding-Bentkus,25.390091,0.161197257897713,0.16566211951275203,502,1516,3261,765
22,0.2,0.1,IID-normal,24.98679,0.1689567787519794,0.1730150170711952,513,1545,3356,790
22,0.2,0.1,Empirical Bernstein,25.390091,0.161197257897713,0.16566211951275203,502,1516,3261,765
22,0.2,0.1,Platt calibration,24.589896,0.1716846007392139,0.17545236145915347,524,1589,3445,806
22,0.2,0.1,Isotonic calibration,25.799901,0.15812407148774546,0.16258500278709961,495,1483,3188,752
23,0.05,0.5,Multilabel,58.379583,0.04284482928463069,0.04425323033062032,168,490,789,249
23,0.05,0.5,Hoeffding/LTT,64.266358,0.034538093267923634,0.03653443167858949,153,393,603,220
23,0.05,0.5,Hoeffding-Bentkus,60.27935,0.04136276769706642,0.04245971529734807,167,467,741,245
23,0.05,0.5,IID-normal,58.379583,0.04284482928463069,0.04425323033062032,168,490,789,249
23,0.05,0.5,Empirical Bernstein,61.252292,0.03806667060700987,0.0398255260167248,163,462,713,236
23,0.05,0.5,Platt calibration,51.360675,0.0526676123490356,0.05802655867147521,192,553,974,287
23,0.05,0.5,Isotonic calibration,55.641604,0.04538142522213685,0.04807214788246655,174,518,860,258
23,0.05,0.1,Multilabel,61.252292,0.03806667060700987,0.0398255260167248,163,462,713,236
23,0.05,0.1,Hoeffding/LTT,66.35769,0.028187245109049,0.027971017348862568,146,348,514,200
23,0.05,0.1,Hoeffding-Bentkus,61.252292,0.03806667060700987,0.0398255260167248,163,462,713,236
23,0.05,0.1,IID-normal,61.252292,0.03806667060700987,0.0398255260167248,163,462,713,236
23,0.05,0.1,Empirical Bernstein,63.245541,0.03528971373406624,0.0372632678398991,159,401,624,227
23,0.05,0.1,Platt calibration,51.360675,0.0526676123490356,0.05802655867147521,192,553,974,287
23,0.05,0.1,Isotonic calibration,55.641604,0.04538142522213685,0.04807214788246655,174,518,860,258
23,0.1,0.5,Multilabel,37.286795,0.07373301547898155,0.08427856496900503,282,882,1654,393
23,0.1,0.5,Hoeffding/LTT,39.753026,0.06930439807973941,0.07926424443875126,263,811,1497,372
23,0.1,0.5,Hoeffding-Bentkus,38.500168,0.0717621871531677,0.08259891347903489,275,865,1609,383
23,0.1,0.5,IID-normal,37.286795,0.07373301547898155,0.08427856496900503,282,882,1654,393
23,0.1,0.5,Empirical Bernstein,39.121582,0.06998262965370951,0.07968181708697643,270,844,1555,376
23,0.1,0.5,Platt calibration,34.973566,0.08592213881829107,0.09665011265921736,299,949,1840,431
23,0.1,0.5,Isotonic calibration,37.286795,0.07373301547898155,0.08427856496900503,282,882,1654,393
23,0.1,0.1,Multilabel,39.121582,0.06998262965370951,0.07968181708697643,270,844,1555,376
23,0.1,0.1,Hoeffding/LTT,43.066453,0.06509299209961186,0.07355595845732416,218,666,1236,333
23,0.1,0.1,Hoeffding-Bentkus,39.121582,0.06998262965370951,0.07968181708697643,270,844,1555,376
23,0.1,0.1,IID-normal,39.121582,0.06998262965370951,0.07968181708697643,270,844,1555,376
23,0.1,0.1,Empirical Bernstein,40.394661,0.06795138273210263,0.0773384725205666,256,799,1458,365
23,0.1,0.1,Platt calibration,34.973566,0.08592213881829107,0.09665011265921736,299,949,1840,431
23,0.1,0.1,Isotonic calibration,37.286795,0.07373301547898155,0.08427856496900503,282,882,1654,393
23,0.2,0.5,Multilabel,24.589896,0.15971549252476022,0.17450585410314134,528,1636,3335,780
23,0.2,0.5,Hoeffding/LTT,25.390091,0.1503841627962439,0.16551344823185565,504,1559,3147,740
23,0.2,0.5,Hoeffding-Bentkus,25.390091,0.1503841627962439,0.16551344823185565,504,1559,3147,740
23,0.2,0.5,IID-normal,24.589896,0.15971549252476022,0.17450585410314134,528,1636,3335,780
23,0.2,0.5,Empirical Bernstein,25.390091,0.1503841627962439,0.16551344823185565,504,1559,3147,740
23,0.2,0.5,Platt calibration,24.589896,0.15971549252476022,0.17450585410314134,528,1636,3335,780
23,0.2,0.5,Isotonic calibration,26.216325,0.1437640911472107,0.15803076845289563,478,1456,2966,702
23,0.2,0.1,Multilabel,25.390091,0.1503841627962439,0.16551344823185565,504,1559,3147,740
23,0.2,0.1,Hoeffding/LTT,26.216325,0.1437640911472107,0.15803076845289563,478,1456,2966,702
23,0.2,0.1,Hoeffding-Bentkus,25.390091,0.1503841627962439,0.16551344823185565,504,1559,3147,740
23,0.2,0.1,IID-normal,25.390091,0.1503841627962439,0.16551344823185565,504,1559,3147,740
23,0.2,0.1,Empirical Bernstein,25.799901,0.14790614272409885,0.16276016407068966,493,1513,3059,725
23,0.2,0.1,Platt calibration,24.589896,0.15971549252476022,0.17450585410314134,528,1636,3335,780
23,0.2,0.1,Isotonic calibration,26.216325,0.1437640911472107,0.15803076845289563,478,1456,2966,702
24,0.05,0.5,Multilabel,55.641604,0.0509136670804027,0.047462047310302236,175,513,894,272
24,0.05,0.5,Hoeffding/LTT,61.252292,0.04281084382449711,0.039342700799453456,165,458,748,248
24,0.05,0.5,Hoeffding-Bentkus,58.379583,0.04649309454853518,0.043888648023701134,168,482,820,257
24,0.05,0.5,IID-normal,55.641604,0.0509136670804027,0.047462047310302236,175,513,894,272
24,0.05,0.5,Empirical Bernstein,60.27935,0.04457858029434363,0.04191481255214185,166,461,769,252
24,0.05,0.5,Platt calibration,48.17432,0.0655934156865063,0.060783917650381984,195,582,1109,318
24,0.05,0.5,Isotonic calibration,53.888001,0.05658973146561065,0.05212098220444198,181,522,934,291
24,0.05,0.1,Multilabel,58.379583,0.04649309454853518,0.043888648023701134,168,482,820,257
24,0.05,0.1,Hoeffding/LTT,66.35769,0.030786886537817446,0.02840785921210807,147,352,550,207
24,0.05,0.1,Hoeffding-Bentkus,60.27935,0.04457858029434363,0.04191481255214185,166,461,769,252
24,0.05,0.1,IID-normal,58.379583,0.04649309454853518,0.043888648023701134,168,482,820,257
24,0.05,0.1,Empirical Bernstein,61.252292,0.04281084382449711,0.039342700799453456,165,458,748,248
24,0.05,0.1,Platt calibration,48.17432,0.0655934156865063,0.060783917650381984,195,582,1109,318
24,0.05,0.1,Isotonic calibration,53.888001,0.05658973146561065,0.05212098220444198,181,522,934,291
24,0.1,0.5,Multilabel,36.111663,0.0916742189911408,0.09050668181927667,272,858,1796,425
24,0.1,0.5,Hoeffding/LTT,37.286795,0.08488385838406524,0.08293656267859606,265,817,1672,408
24,0.1,0.5,Hoeffding-Bentkus,36.694525,0.08931740121231227,0.08772441519027255,267,836,1757,415
24,0.1,0.5,IID-normal,36.111663,0.0916742189911408,0.09050668181927667,272,858,1796,425
24,0.1,0.5,Empirical Bernstein,37.286795,0.08488385838406524,0.08293656267859606,265,817,1672,408
24,0.1,0.5,Platt calibration,33.871338,0.1018312745040093,0.10048873736278895,303,938,1992,472
24,0.1,0.5,Isotonic calibration,36.111663,0.0916742189911408,0.09050668181927667,272,858,1796,425
24,0.1,0.1,Multilabel,36.694525,0.08931740121231227,0.08772441519027255,267,836,1757,415
24,0.1,0.1,Hoeffding/LTT,39.121582,0.08114578613130537,0.07837380963329368,252,777,1569,391
24,0.1,0.1,Hoeffding-Bentkus,37.286795,0.08488385838406524,0.08293656267859606,265,817,1672,408
24,0.1,0.1,IID-normal,36.694525,0.08931740121231227,0.08772441519027255,267,836,1757,415
24,0.1,0.1,Empirical Bernstein,37.784172,0.08471343854049687,0.08219491686866498,263,805,1650,406
24,0.1,0.1,Platt calibration,33.871338,0.1018312745040093,0.10048873736278895,303,938,1992,472
24,0.1,0.1,Isotonic calibration,36.111663,0.0916742189911408,0.09050668181927667,272,858,1796,425
24,0.2,0.5,Multilabel,23.81492,0.1858885658028981,0.1845993631277189,570,1622,3781,866
24,0.2,0.5,Hoeffding/LTT,24.589896,0.17460728263923767,0.17320284867116884,545,1529,3502,822
24,0.2,0.5,Hoeffding-Bentkus,24.199306,0.17930624486910843,0.178508877122479,563,1591,3639,848
24,0.2,0.5,IID-normal,23.81492,0.1858885658028981,0.1845993631277189,570,1622,3781,866
24,0.2,0.5,Empirical Bernstein,24.589896,0.17460728263923767,0.17320284867116884,545,1529,3502,822
24,0.2,0.5,Platt calibration,23.81492,0.1858885658028981,0.1845993631277189,570,1622,3781,866
24,0.2,0.5,Isotonic calibration,24.98679,0.1730547495289884,0.1709843581749849,532,1483,3402,808
24,0.2,0.1,Multilabel,24.199306,0.17930624486910843,0.178508877122479,563,1591,3639,848
24,0.2,0.1,Hoeffding/LTT,24.98679,0.1730547495289884,0.1709843581749849,532,1483,3402,808
24,0.2,0.1,Hoeffding-Bentkus,24.589896,0.17460728263923767,0.17320284867116884,545,1529,3502,822
24,0.2,0.1,IID-normal,24.199306,0.17930624486910843,0.178508877122479,563,1591,3639,848
24,0.2,0.1,Empirical Bernstein,24.98679,0.1730547495289884,0.1709843581749849,532,1483,3402,808
24,0.2,0.1,Platt calibration,23.81492,0.1858885658028981,0.1845993631277189,570,1622,3781,866
24,0.2,0.1,Isotonic calibration,24.98679,0.1730547495289884,0.1709843581749849,532,1483,3402,808
25,0.05,0.5,Multilabel,56.53969,0.052910435998975505,0.048294838696963126,163,456,843,264
25,0.05,0.5,Hoeffding/LTT,61.252292,0.045180960261638786,0.040758331198391895,155,415,720,241
25,0.05,0.5,Hoeffding-Bentkus,58.379583,0.04963256299623697,0.04572568301703355,156,436,792,251
25,0.05,0.5,IID-normal,56.53969,0.052910435998975505,0.048294838696963126,163,456,843,264
25,0.05,0.5,Empirical Bernstein,60.27935,0.047642689678270976,0.043723600628001236,155,416,740,246
25,0.05,0.5,Platt calibration,49.74199,0.06577368638808441,0.06275545395423998,183,515,1024,310
25,0.05,0.5,Isotonic calibration,54.757783,0.05547264416730697,0.052237254399621624,168,471,884,274
25,0.05,0.1,Multilabel,58.379583,0.04963256299623697,0.04572568301703355,156,436,792,251
25,0.05,0.1,Hoeffding/LTT,66.35769,0.033650530961246726,0.02883320523684712,133,321,523,199
25,0.05,0.1,Hoeffding-Bentkus,60.27935,0.047642689678270976,0.043723600628001236,155,416,740,246
25,0.05,0.1,IID-normal,58.379583,0.04963256299623697,0.04572568301703355,156,436,792,251
25,0.05,0.1,Empirical Bernstein,61.252292,0.045180960261638786,0.040758331198391895,155,415,720,241
25,0.05,0.1,Platt calibration,49.74199,0.06577368638808441,0.06275545395423998,183,515,1024,310
25,0.05,0.1,Isotonic calibration,54.757783,0.05547264416730697,0.052237254399621624,168,471,884,274
25,0.1,0.5,Multilabel,36.111663,0.0954466050659679,0.09369278083238627,283,843,1791,440
25,0.1,0.5,Hoeffding/LTT,37.286795,0.08829422542703469,0.0855645661032611,270,791,1662,416
25,0.1,0.5,Hoeffding-Bentkus,37.286795,0.08829422542703469,0.0855645661032611,270,791,1662,416
25,0.1,0.5,IID-normal,36.111663,0.0954466050659679,0.09369278083238627,283,843,1791,440
25,0.1,0.5,Empirical Bernstein,37.286795,0.08829422542703469,0.0855645661032611,270,791,1662,416
25,0.1,0.5,Platt calibration,33.871338,0.10534556809898142,0.10311745243459963,323,934,2006,495
25,0.1,0.5,Isotonic calibration,36.694525,0.09346986622534822,0.09093673566359455,275,816,1748,428
25,0.1,0.1,Multilabel,37.286795,0.08829422542703469,0.0855645661032611,270,791,1662,416
25,0.1,0.1,Hoeffding/LTT,39.753026,0.08287477589298028,0.08000950322649868,243,705,1483,386
25,0.1,0.1,Hoeffding-Bentkus,37.286795,0.08829422542703469,0.0855645661032611,270,791,1662,416
25,0.1,0.1,IID-normal,37.286795,0.08829422542703469,0.0855645661032611,270,791,1662,416
25,0.1,0.1,Empirical Bernstein,38.500168,0.08664683360587375,0.08384582876236897,258,766,1603,404
25,0.1,0.1,Platt calibration,33.871338,0.10534556809898142,0.10311745243459963,323,934,2006,495
25,0.1,0.1,Isotonic calibration,36.694525,0.09346986622534822,0.09093673566359455,275,816,1748,428
25,0.2,0.5,Multilabel,23.81492,0.19416089985366114,0.18700630668506454,559,1640,3805,870
25,0.2,0.5,Hoeffding/LTT,24.589896,0.18084597338351385,0.17567654410251363,539,1564,3544,829
25,0.2,0.5,Hoeffding-Bentkus,24.199306,0.18922507130026173,0.18115931485016878,556,1618,3695,860
25,0.2,0.5,IID-normal,23.81492,0.19416089985366114,0.18700630668506454,559,1640,3805,870
25,0.2,0.5,Empirical Bernstein,24.589896,0.18084597338351385,0.17567654410251363,539,1564,3544,829
25,0.2,0.5,Platt calibration,24.199306,0.18922507130026173,0.18115931485016878,556,1618,3695,860
25,0.2,0.5,Isotonic calibration,25.390091,0.17238911626095543,0.1668972541568559,514,1493,3353,793
25,0.2,0.1,Multilabel,24.589896,0.18084597338351385,0.17567654410251363,539,1564,3544,829
25,0.2,0.1,Hoeffding/LTT,25.390091,0.17238911626095543,0.1668972541568559,514,1493,3353,793
25,0.2,0.1,Hoeffding-Bentkus,24.589896,0.18084597338351385,0.17567654410251363,539,1564,3544,829
25,0.2,0.1,IID-normal,24.589896,0.18084597338351385,0.17567654410251363,539,1564,3544,829
25,0.2,0.1,Empirical Bernstein,25.390091,0.17238911626095543,0.1668972541568559,514,1493,3353,793
25,0.2,0.1,Platt calibration,24.199306,0.18922507130026173,0.18115931485016878,556,1618,3695,860
25,0.2,0.1,Isotonic calibration,25.390091,0.17238911626095543,0.1668972541568559,514,1493,3353,793
26,0.05,0.5,Multilabel,58.379583,0.04422444194889375,0.045916021257447655,160,446,733,245
26,0.05,0.5,Hoeffding/LTT,66.35769,0.026086057095573024,0.029068377247436425,140,326,480,189
26,0.05,0.5,Hoeffding-Bentkus,61.252292,0.039579762397304805,0.041174809004854526,156,418,656,233
26,0.05,0.5,IID-normal,58.379583,0.04422444194889375,0.045916021257447655,160,446,733,245
26,0.05,0.5,Empirical Bernstein,62.000847,0.03852473550446244,0.04022525274422088,156,408,639,231
26,0.05,0.5,Platt calibration,52.189665,0.05489833914533956,0.05766361862719981,176,495,894,278
26,0.05,0.5,Isotonic calibration,56.53969,0.045680398762732236,0.04843673018938573,166,466,778,252
26,0.05,0.1,Multilabel,61.252292,0.039579762397304805,0.041174809004854526,156,418,656,233
26,0.05,0.1,Hoeffding/LTT,66.35769,0.026086057095573024,0.029068377247436425,140,326,480,189
26,0.05,0.1,Hoeffding-Bentkus,62.000847,0.03852473550446244,0.04022525274422088,156,408,639,231
26,0.05,0.1,IID-normal,61.252292,0.039579762397304805,0.041174809004854526,156,418,656,233
26,0.05,0.1,Empirical Bernstein,66.35769,0.026086057095573024,0.029068377247436425,140,326,480,189
26,0.05,0.1,Platt calibration,52.189665,0.05489833914533956,0.05766361862719981,176,495,894,278
26,0.05,0.1,Isotonic calibration,56.53969,0.045680398762732236,0.04843673018938573,166,466,778,252
26,0.1,0.5,Multilabel,37.286795,0.07918464448253441,0.08564208090004752,258,791,1580,388
26,0.1,0.5,Hoeffding/LTT,39.753026,0.07399439157817313,0.0803301823787408,236,713,1409,361
26,0.1,0.5,Hoeffding-Bentkus,37.784172,0.07864678763520302,0.08487744341310349,252,771,1549,380
26,0.1,0.5,IID-normal,37.286795,0.07918464448253441,0.08564208090004752,258,791,1580,388
26,0.1,0.5,Empirical Bernstein,39.121582,0.0743626494867703,0.08093825749364444,242,744,1464,364
26,0.1,0.5,Platt calibration,34.41804,0.09596081985407595,0.09968249588886918,304,934,1894,461
26,0.1,0.5,Isotonic calibration,37.286795,0.07918464448253441,0.08564208090004752,258,791,1580,388
26,0.1,0.1,Multilabel,39.121582,0.0743626494867703,0.08093825749364444,242,744,1464,364
26,0.1,0.1,Hoeffding/LTT,43.066453,0.07020755757826506,0.07472738440113251,206,603,1188,333
26,0.1,0.1,Hoeffding-Bentkus,39.753026,0.07399439157817313,0.0803301823787408,236,713,1409,361
26,0.1,0.1,IID-normal,39.121582,0.0743626494867703,0.08093825749364444,242,744,1464,364
26,0.1,0.1,Empirical Bernstein,40.394661,0.07303721654156077,0.07844973690952446,229,702,1380,354
26,0.1,0.1,Platt calibration,34.41804,0.09596081985407595,0.09968249588886918,304,934,1894,461
26,0.1,0.1,Isotonic calibration,37.286795,0.07918464448253441,0.08564208090004752,258,791,1580,388
26,0.2,0.5,Multilabel,24.589896,0.16608238337928768,0.1745977019593867,537,1598,3423,799
26,0.2,0.5,Hoeffding/LTT,25.390091,0.15794873887824556,0.16585949346259085,518,1526,3231,769
26,0.2,0.5,Hoeffding-Bentkus,24.98679,0.16429952733495046,0.17231236639704745,528,1554,3334,787
26,0.2,0.5,IID-normal,24.589896,0.16608238337928768,0.1745977019593867,537,1598,3423,799
26,0.2,0.5,Empirical Bernstein,25.390091,0.15794873887824556,0.16585949346259085,518,1526,3231,769
26,0.2,0.5,Platt calibration,24.589896,0.16608238337928768,0.1745977019593867,537,1598,3423,799
26,0.2,0.5,Isotonic calibration,25.799901,0.15535896664361704,0.16274894347387106,511,1486,3152,757
26,0.2,0.1,Multilabel,24.98679,0.16429952733495046,0.17231236639704745,528,1554,3334,787
26,0.2,0.1,Hoeffding/LTT,25.799901,0.15535896664361704,0.16274894347387106,511,1486,3152,757
26,0.2,0.1,Hoeffding-Bentkus,25.390091,0.15794873887824556,0.16585949346259085,518,1526,3231,769
26,0.2,0.1,IID-normal,24.98679,0.16429952733495046,0.17231236639704745,528,1554,3334,787
26,0.2,0.1,Empirical Bernstein,25.799901,0.15535896664361704,0.16274894347387106,511,1486,3152,757
26,0.2,0.1,Platt calibration,24.589896,0.16608238337928768,0.1745977019593867,537,1598,3423,799
26,0.2,0.1,Isotonic calibration,25.799901,0.15535896664361704,0.16274894347387106,511,1486,3152,757
27,0.05,0.5,Multilabel,56.53969,0.05066985834466182,0.047507537985534955,177,495,878,269
27,0.05,0.5,Hoeffding/LTT,62.000847,0.042254270346947224,0.038970235631844125,166,424,710,245
27,0.05,0.5,Hoeffding-Bentkus,58.379583,0.04727919301771184,0.04462914424978158,170,469,815,257
27,0.05,0.5,IID-normal,56.53969,0.05066985834466182,0.047507537985534955,177,495,878,269
27,0.05,0.5,Empirical Bernstein,61.252292,0.04253009437121973,0.03998876692351654,167,439,730,246
27,0.05,0.5,Platt calibration,49.74199,0.06350798904584588,0.06182905359688364,191,552,1068,308
27,0.05,0.5,Isotonic calibration,53.888001,0.05701824378903402,0.05304853214564899,183,512,946,289
27,0.05,0.1,Multilabel,59.321862,0.04651821423645999,0.043915252678530366,170,463,793,257
27,0.05,0.1,Hoeffding/LTT,66.35769,0.03321413795141557,0.0288676927523665,144,331,530,206
27,0.05,0.1,Hoeffding-Bentkus,61.252292,0.04253009437121973,0.03998876692351654,167,439,730,246
27,0.05,0.1,IID-normal,59.321862,0.04651821423645999,0.043915252678530366,170,463,793,257
27,0.05,0.1,Empirical Bernstein,62.000847,0.042254270346947224,0.038970235631844125,166,424,710,245
27,0.05,0.1,Platt calibration,49.74199,0.06350798904584588,0.06182905359688364,191,552,1068,308
27,0.05,0.1,Isotonic calibration,53.888001,0.05701824378903402,0.05304853214564899,183,512,946,289
27,0.1,0.5,Multilabel,36.111663,0.09412773935943153,0.09256465588028562,282,865,1835,435
27,0.1,0.5,Hoeffding/LTT,37.286795,0.08608566306125265,0.0845797559378743,267,814,1701,406
27,0.1,0.5,Hoeffding-Bentkus,37.286795,0.08608566306125265,0.0845797559378743,267,814,1701,406
27,0.1,0.5,IID-normal,36.111663,0.09412773935943153,0.09256465588028562,282,865,1835,435
27,0.1,0.5,Empirical Bernstein,37.286795,0.08608566306125265,0.0845797559378743,267,814,1701,406
27,0.1,0.5,Platt calibration,34.41804,0.09958577142069074,0.09919304687893458,312,938,1986,467
27,0.1,0.5,Isotonic calibration,36.694525,0.09170196557453487,0.08980160372421375,272,836,1786,420
27,0.1,0.1,Multilabel,37.286795,0.08608566306125265,0.0845797559378743,267,814,1701,406
27,0.1,0.1,Hoeffding/LTT,39.753026,0.0818850930249358,0.07910461650977585,249,742,1532,385
27,0.1,0.1,Hoeffding-Bentkus,37.286795,0.08608566306125265,0.0845797559378743,267,814,1701,406
27,0.1,0.1,IID-normal,37.286795,0.08608566306125265,0.0845797559378743,267,814,1701,406
27,0.1,0.1,Empirical Bernstein,39.121582,0.08193763093432105,0.07968378780214895,255,782,1604,388
27,0.1,0.1,Platt calibration,34.41804,0.09958577142069074,0.09919304687893458,312,938,1986,467
27,0.1,0.1,Isotonic calibration,36.694525,0.09170196557453487,0.08980160372421375,272,836,1786,420
27,0.2,0.5,Multilabel,24.199306,0.17704900595333556,0.18158741788552796,567,1675,3670,845
27,0.2,0.5,Hoeffding/LTT,25.390091,0.1609843490532361,0.16722846790716195,526,1534,3332,780
27,0.2,0.5,Hoeffding-Bentkus,24.98679,0.1685993906566931,0.17434374001415703,532,1557,3426,800
27,0.2,0.5,IID-normal,24.199306,0.17704900595333556,0.18158741788552796,567,1675,3670,845
27,0.2,0.5,Empirical Bernstein,25.390091,0.1609843490532361,0.16722846790716195,526,1534,3332,780
27,0.2,0.5,Platt calibration,24.199306,0.17704900595333556,0.18158741788552796,567,1675,3670,845
27,0.2,0.5,Isotonic calibration,25.390091,0.1609843490532361,0.16722846790716195,526,1534,3332,780
27,0.2,0.1,Multilabel,24.98679,0.1685993906566931,0.17434374001415703,532,1557,3426,800
27,0.2,0.1,Hoeffding/LTT,25.799901,0.15879243842628205,0.16414283322477558,520,1500,3253,770
27,0.2,0.1,Hoeffding-Bentkus,25.390091,0.1609843490532361,0.16722846790716195,526,1534,3332,780
27,0.2,0.1,IID-normal,24.98679,0.1685993906566931,0.17434374001415703,532,1557,3426,800
27,0.2,0.1,Empirical Bernstein,25.390091,0.1609843490532361,0.16722846790716195,526,1534,3332,780
27,0.2,0.1,Platt calibration,24.199306,0.17704900595333556,0.18158741788552796,567,1675,3670,845
27,0.2,0.1,Isotonic calibration,25.390091,0.1609843490532361,0.16722846790716195,526,1534,3332,780
28,0.05,0.5,Multilabel,57.452272,0.0456853241917371,0.04619964001602848,170,466,753,260
28,0.05,0.5,Hoeffding/LTT,62.000847,0.039861496936383155,0.03861977678366146,162,420,643,241
28,0.05,0.5,Hoeffding-Bentkus,59.321862,0.042068089130563265,0.04311990488014767,163,441,691,246
28,0.05,0.5,IID-normal,57.452272,0.0456853241917371,0.04619964001602848,170,466,753,260
28,0.05,0.5,Empirical Bernstein,61.252292,0.04044762298796225,0.03940839130520466,163,432,658,243
28,0.05,0.5,Platt calibration,49.74199,0.05934304627933094,0.06006082940832562,180,522,935,297
28,0.05,0.5,Isotonic calibration,54.757783,0.049264140906672964,0.05040925185082999,173,484,807,270
28,0.05,0.1,Multilabel,60.27935,0.0415440234844455,0.04231848070998298,163,434,674,245
28,0.05,0.1,Hoeffding/LTT,66.35769,0.02638059775006403,0.02796411984575869,142,341,483,194
28,0.05,0.1,Hoeffding-Bentkus,61.252292,0.04044762298796225,0.03940839130520466,163,432,658,243
28,0.05,0.1,IID-normal,60.27935,0.0415440234844455,0.04231848070998298,163,434,674,245
28,0.05,0.1,Empirical Bernstein,62.000847,0.039861496936383155,0.03861977678366146,162,420,643,241
28,0.05,0.1,Platt calibration,49.74199,0.05934304627933094,0.06006082940832562,180,522,935,297
28,0.05,0.1,Isotonic calibration,54.757783,0.049264140906672964,0.05040925185082999,173,484,807,270
28,0.1,0.5,Multilabel,36.111663,0.09255800513558066,0.09099848473900067,286,866,1732,440
28,0.1,0.5,Hoeffding/LTT,37.286795,0.07967997845945715,0.08227325279677326,271,803,1572,405
28,0.1,0.5,Hoeffding-Bentkus,36.694525,0.08694268770809938,0.08757940339882676,280,839,1683,422
28,0.1,0.5,IID-normal,36.111663,0.09255800513558066,0.09099848473900067,286,866,1732,440
28,0.1,0.5,Empirical Bernstein,37.286795,0.07967997845945715,0.08227325279677326,271,803,1572,405
28,0.1,0.5,Platt calibration,33.871338,0.10254595425261541,0.1007728488001629,321,964,1952,493
28,0.1,0.5,Isotonic calibration,36.111663,0.09255800513558066,0.09099848473900067,286,866,1732,440
28,0.1,0.1,Multilabel,36.694525,0.08694268770809938,0.08757940339882676,280,839,1683,422
28,0.1,0.1,Hoeffding/LTT,39.753026,0.07398207800566096,0.07738943740461192,250,723,1386,377
28,0.1,0.1,Hoeffding-Bentkus,37.286795,0.07967997845945715,0.08227325279677326,271,803,1572,405
28,0.1,0.1,IID-normal,36.694525,0.08694268770809938,0.08757940339882676,280,839,1683,422
28,0.1,0.1,Empirical Bernstein,37.784172,0.07923866002062113,0.08151814043316319,264,786,1539,397
28,0.1,0.1,Platt calibration,33.871338,0.10254595425261541,0.1007728488001629,321,964,1952,493
28,0.1,0.1,Isotonic calibration,36.111663,0.09255800513558066,0.09099848473900067,286,866,1732,440
28,0.2,0.5,Multilabel,23.81492,0.19143473129235422,0.18547012502058935,569,1692,3761,886
28,0.2,0.5,Hoeffding/LTT,24.589896,0.17799462352110265,0.17450532717395087,550,1616,3497,847
28,0.2,0.5,Hoeffding-Bentkus,24.199306,0.18487492966793995,0.17964747350869573,561,1659,3614,868
28,0.2,0.5,IID-normal,23.81492,0.19143473129235422,0.18547012502058935,569,1692,3761,886
28,0.2,0.5,Empirical Bernstein,24.589896,0.17799462352110265,0.17450532717395087,550,1616,3497,847
28,0.2,0.5,Platt calibration,23.81492,0.19143473129235422,0.18547012502058935,569,1692,3761,886
28,0.2,0.5,Isotonic calibration,24.98679,0.17603914554162794,0.17208962581701623,530,1564,3392,824
28,0.2,0.1,Multilabel,24.199306,0.18487492966793995,0.17964747350869573,561,1659,3614,868
28,0.2,0.1,Hoeffding/LTT,24.98679,0.17603914554162794,0.17208962581701623,530,1564,3392,824
28,0.2,0.1,Hoeffding-Bentkus,24.589896,0.17799462352110265,0.17450532717395087,550,1616,3497,847
28,0.2,0.1,IID-normal,24.199306,0.18487492966793995,0.17964747350869573,561,1659,3614,868
28,0.2,0.1,Empirical Bernstein,24.98679,0.17603914554162794,0.17208962581701623,530,1564,3392,824
28,0.2,0.1,Platt calibration,23.81492,0.19143473129235422,0.18547012502058935,569,1692,3761,886
28,0.2,0.1,Isotonic calibration,24.98679,0.17603914554162794,0.17208962581701623,530,1564,3392,824
29,0.05,0.5,Multilabel,58.379583,0.042912307661997356,0.04452913045477536,155,451,718,243
29,0.05,0.5,Hoeffding/LTT,63.245541,0.036167425182733415,0.03691806423217652,149,377,581,226
29,0.05,0.5,Hoeffding-Bentkus,61.252292,0.039001517032133504,0.03973553002384565,152,431,660,233
29,0.05,0.5,IID-normal,58.379583,0.042912307661997356,0.04452913045477536,155,451,718,243
29,0.05,0.5,Empirical Bernstein,61.252292,0.039001517032133504,0.03973553002384565,152,431,660,233
29,0.05,0.5,Platt calibration,50.544853,0.06073940540221053,0.059454998719035125,175,520,933,298
29,0.05,0.5,Isotonic calibration,55.641604,0.048183501783005296,0.04827562422403091,162,476,788,259
29,0.05,0.1,Multilabel,61.252292,0.039001517032133504,0.03973553002384565,152,431,660,233
29,0.05,0.1,Hoeffding/LTT,66.35769,0.026410150324093228,0.027644535535279086,137,326,469,192
29,0.05,0.1,Hoeffding-Bentkus,61.252292,0.039001517032133504,0.03973553002384565,152,431,660,233
29,0.05,0.1,IID-normal,61.252292,0.039001517032133504,0.03973553002384565,152,431,660,233
29,0.05,0.1,Empirical Bernstein,63.245541,0.036167425182733415,0.03691806423217652,149,377,581,226
29,0.05,0.1,Platt calibration,50.544853,0.06073940540221053,0.059454998719035125,175,520,933,298
29,0.05,0.1,Isotonic calibration,55.641604,0.048183501783005296,0.04827562422403091,162,476,788,259
29,0.1,0.5,Multilabel,36.694525,0.08608648396608677,0.08870380588893487,260,831,1689,411
29,0.1,0.5,Hoeffding/LTT,37.784172,0.08058379468185012,0.08293585103145043,250,786,1571,393
29,0.1,0.5,Hoeffding-Bentkus,37.286795,0.08126448897032264,0.08377537569495079,257,802,1600,401
29,0.1,0.5,IID-normal,36.694525,0.08608648396608677,0.08870380588893487,260,831,1689,411
29,0.1,0.5,Empirical Bernstein,37.784172,0.08058379468185012,0.08293585103145043,250,786,1571,393
29,0.1,0.5,Platt calibration,34.41804,0.09595638696797157,0.09712330326897853,288,920,1889,458
29,0.1,0.5,Isotonic calibration,37.286795,0.08126448897032264,0.08377537569495079,257,802,1600,401
29,0.1,0.1,Multilabel,37.286795,0.08126448897032264,0.08377537569495079,257,802,1600,401
29,0.1,0.1,Hoeffding/LTT,40.394661,0.07510589672360463,0.07669837328410925,225,717,1374,363
29,0.1,0.1,Hoeffding-Bentkus,37.784172,0.08058379468185012,0.08293585103145043,250,786,1571,393
29,0.1,0.1,IID-normal,37.286795,0.08126448897032264,0.08377537569495079,257,802,1600,401
29,0.1,0.1,Empirical Bernstein,39.121582,0.07664755600212779,0.07887289325073847,240,760,1475,377
29,0.1,0.1,Platt calibration,34.41804,0.09595638696797157,0.09712330326897853,288,920,1889,458
29,0.1,0.1,Isotonic calibration,37.286795,0.08126448897032264,0.08377537569495079,257,802,1600,401
29,0.2,0.5,Multilabel,24.199306,0.17408995273508893,0.17928276927621664,538,1599,3505,828
29,0.2,0.5,Hoeffding/LTT,24.98679,0.16375404876950303,0.17189722728346715,510,1508,3288,785
29,0.2,0.5,Hoeffding-Bentkus,24.589896,0.166438594720495,0.17384256968956277,522,1543,3368,799
29,0.2,0.5,IID-normal,24.199306,0.17408995273508893,0.17928276927621664,538,1599,3505,828
29,0.2,0.5,Empirical Bernstein,25.390091,0.15843728696742887,0.16445770285884134,501,1482,3186,769
29,0.2,0.5,Platt calibration,24.589896,0.166438594720495,0.17384256968956277,522,1543,3368,799
29,0.2,0.5,Isotonic calibration,25.390091,0.15843728696742887,0.16445770285884134,501,1482,3186,769
29,0.2,0.1,Multilabel,24.98679,0.16375404876950303,0.17189722728346715,510,1508,3288,785
29,0.2,0.1,Hoeffding/LTT,25.390091,0.15843728696742887,0.16445770285884134,501,1482,3186,769
29,0.2,0.1,Hoeffding-Bentkus,25.390091,0.15843728696742887,0.16445770285884134,501,1482,3186,769
29,0.2,0.1,IID-normal,24.98679,0.16375404876950303,0.17189722728346715,510,1508,3288,785
29,0.2,0.1,Empirical Bernstein,25.390091,0.15843728696742887,0.16445770285884134,501,1482,3186,769
29,0.2,0.1,Platt calibration,24.589896,0.166438594720495,0.17384256968956277,522,1543,3368,799
29,0.2,0.1,Isotonic calibration,25.390091,0.15843728696742887,0.16445770285884134,501,1482,3186,769
30,0.05,0.5,Multilabel,59.321862,0.040610162145122836,0.04418441952584593,161,451,687,240
30,0.05,0.5,Hoeffding/LTT,65.303653,0.03152471580274642,0.03541112403024391,135,340,497,198
30,0.05,0.5,Hoeffding-Bentkus,61.252292,0.03672498374608429,0.04004755992616387,158,436,639,229
30,0.05,0.5,IID-normal,59.321862,0.040610162145122836,0.04418441952584593,161,451,687,240
30,0.05,0.5,Empirical Bernstein,62.000847,0.03591130287448037,0.03893706192643978,155,419,617,225
30,0.05,0.5,Platt calibration,51.360675,0.05299170557755581,0.05833645363235652,180,526,879,281
30,0.05,0.5,Isotonic calibration,58.379583,0.041129794905136234,0.0450083426942304,161,463,706,241
30,0.05,0.1,Multilabel,61.252292,0.03672498374608429,0.04004755992616387,158,436,639,229
30,0.05,0.1,Hoeffding/LTT,66.35769,0.021146836889493075,0.02764913387068167,134,326,448,173
30,0.05,0.1,Hoeffding-Bentkus,62.000847,0.03591130287448037,0.03893706192643978,155,419,617,225
30,0.05,0.1,IID-normal,61.252292,0.03672498374608429,0.04004755992616387,158,436,639,229
30,0.05,0.1,Empirical Bernstein,65.303653,0.03152471580274642,0.03541112403024391,135,340,497,198
30,0.05,0.1,Platt calibration,51.360675,0.05299170557755581,0.05833645363235652,180,526,879,281
30,0.05,0.1,Isotonic calibration,58.379583,0.041129794905136234,0.0450083426942304,161,463,706,241
30,0.1,0.5,Multilabel,36.694525,0.08398086306650641,0.0887552634517733,283,892,1679,422
30,0.1,0.5,Hoeffding/LTT,39.121582,0.07401721273256233,0.07915733314064119,257,814,1467,382
30,0.1,0.5,Hoeffding-Bentkus,37.286795,0.07801321328421039,0.08365505258524986,277,865,1598,406
30,0.1,0.5,IID-normal,36.694525,0.08398086306650641,0.0887552634517733,283,892,1679,422
30,0.1,0.5,Empirical Bernstein,37.784172,0.07763789559403958,0.08283983340887742,271,848,1569,400
30,0.1,0.5,Platt calibration,33.871338,0.09413824694130858,0.10107179534341902,325,1014,1927,478
30,0.1,0.5,Isotonic calibration,37.286795,0.07801321328421039,0.08365505258524986,277,865,1598,406
30,0.1,0.1,Multilabel,37.286795,0.07801321328421039,0.08365505258524986,277,865,1598,406
30,0.1,0.1,Hoeffding/LTT,41.709169,0.06870365992211255,0.07567042635327915,229,728,1266,352
30,0.1,0.1,Hoeffding-Bentkus,37.784172,0.07763789559403958,0.08283983340887742,271,848,1569,400
30,0.1,0.1,IID-normal,37.286795,0.07801321328421039,0.08365505258524986,277,865,1598,406
30,0.1,0.1,Empirical Bernstein,39.121582,0.07401721273256233,0.07915733314064119,257,814,1467,382
30,0.1,0.1,Platt calibration,33.871338,0.09413824694130858,0.10107179534341902,325,1014,1927,478
30,0.1,0.1,Isotonic calibration,37.286795,0.07801321328421039,0.08365505258524986,277,865,1598,406
30,0.2,0.5,Multilabel,24.199306,0.1752992481773299,0.17924330692988438,551,1694,3554,836
30,0.2,0.5,Hoeffding/LTT,24.589896,0.16969900936351812,0.173892305364902,533,1640,3414,811
30,0.2,0.5,Hoeffding-Bentkus,24.589896,0.16969900936351812,0.173892305364902,533,1640,3414,811
30,0.2,0.5,IID-normal,24.199306,0.1752992481773299,0.17924330692988438,551,1694,3554,836
30,0.2,0.5,Empirical Bernstein,24.98679,0.16576071095893918,0.17147416549676903,520,1600,3321,792
30,0.2,0.5,Platt calibration,24.199306,0.1752992481773299,0.17924330692988438,551,1694,3554,836
30,0.2,0.5,Isotonic calibration,25.390091,0.1596999108662814,0.16409043321305053,510,1575,3229,775
30,0.2,0.1,Multilabel,24.589896,0.16969900936351812,0.173892305364902,533,1640,3414,811
30,0.2,0.1,Hoeffding/LTT,25.390091,0.1596999108662814,0.16409043321305053,510,1575,3229,775
30,0.2,0.1,Hoeffding-Bentkus,24.98679,0.16576071095893918,0.17147416549676903,520,1600,3321,792
30,0.2,0.1,IID-normal,24.589896,0.16969900936351812,0.173892305364902,533,1640,3414,811
30,0.2,0.1,Empirical Bernstein,25.390091,0.1596999108662814,0.16409043321305053,510,1575,3229,775
30,0.2,0.1,Platt calibration,24.199306,0.1752992481773299,0.17924330692988438,551,1694,3554,836
30,0.2,0.1,Isotonic calibration,25.390091,0.1596999108662814,0.16409043321305053,510,1575,3229,775
31,0.05,0.5,Multilabel,58.379583,0.04181196682231022,0.04379471060047691,162,470,772,239
31,0.05,0.5,Hoeffding/LTT,63.245541,0.03473609551391926,0.036801135131939375,155,385,606,221
31,0.05,0.5,Hoeffding-Bentkus,60.27935,0.03987036270859192,0.042270526640784595,162,448,717,236
31,0.05,0.5,IID-normal,58.379583,0.04181196682231022,0.04379471060047691,162,470,772,239
31,0.05,0.5,Empirical Bernstein,61.252292,0.038140552042082866,0.039486891459577345,161,444,696,232
31,0.05,0.5,Platt calibration,50.544853,0.05794323935614792,0.0590519874662515,187,554,1002,294
31,0.05,0.5,Isotonic calibration,55.641604,0.04592519258427409,0.04762742315853089,169,499,842,253
31,0.05,0.1,Multilabel,61.252292,0.038140552042082866,0.039486891459577345,161,444,696,232
31,0.05,0.1,Hoeffding/LTT,66.35769,0.026782512756861117,0.027729604740226895,141,337,502,191
31,0.05,0.1,Hoeffding-Bentkus,61.252292,0.038140552042082866,0.039486891459577345,161,444,696,232
31,0.05,0.1,IID-normal,61.252292,0.038140552042082866,0.039486891459577345,161,444,696,232
31,0.05,0.1,Empirical Bernstein,63.245541,0.03473609551391926,0.036801135131939375,155,385,606,221
31,0.05,0.1,Platt calibration,50.544853,0.05794323935614792,0.0590519874662515,187,554,1002,294
31,0.05,0.1,Isotonic calibration,55.641604,0.04592519258427409,0.04762742315853089,169,499,842,253
31,0.1,0.5,Multilabel,36.694525,0.08661301232670698,0.08961881989196102,274,859,1751,418
31,0.1,0.5,Hoeffding/LTT,38.500168,0.08073664716196781,0.08310073420088593,264,822,1621,399
31,0.1,0.5,Hoeffding-Bentkus,37.286795,0.08176080803304635,0.08456721999969345,271,841,1675,408
31,0.1,0.5,IID-normal,36.694525,0.08661301232670698,0.08961881989196102,274,859,1751,418
31,0.1,0.5,Empirical Bernstein,37.784172,0.08149187960938063,0.08397764771057638,265,825,1645,401
31,0.1,0.5,Platt calibration,33.871338,0.10001001503897655,0.10213094526448092,320,968,1989,489
31,0.1,0.5,Isotonic calibration,37.286795,0.08176080803304635,0.08456721999969345,271,841,1675,408
31,0.1,0.1,Multilabel,37.286795,0.08176080803304635,0.08456721999969345,271,841,1675,408
31,0.1,0.1,Hoeffding/LTT,41.709169,0.07161951389299341,0.07622063908103362,235,726,1368,360
31,0.1,0.1,Hoeffding-Bentkus,37.784172,0.08149187960938063,0.08397764771057638,265,825,1645,401
31,0.1,0.1,IID-normal,37.286795,0.08176080803304635,0.08456721999969345,271,841,1675,408
31,0.1,0.1,Empirical Bernstein,39.121582,0.07677676642302211,0.07979277929960783,260,803,1554,389
31,0.1,0.1,Platt calibration,33.871338,0.10001001503897655,0.10213094526448092,320,968,1989,489
31,0.1,0.1,Isotonic calibration,37.286795,0.08176080803304635,0.08456721999969345,271,841,1675,408
31,0.2,0.5,Multilabel,23.81492,0.19481269775168064,0.18590334941360942,569,1688,3743,893
31,0.2,0.5,Hoeffding/LTT,24.589896,0.18252667492944696,0.17489082056446317,550,1611,3490,856
31,0.2,0.5,Hoeffding-Bentkus,24.199306,0.18802307336769117,0.18015558678966612,563,1656,3600,878
31,0.2,0.5,IID-normal,23.81492,0.19481269775168064,0.18590334941360942,569,1688,3743,893
31,0.2,0.5,Empirical Bernstein,24.589896,0.18252667492944696,0.17489082056446317,550,1611,3490,856
31,0.2,0.5,Platt calibration,23.81492,0.19481269775168064,0.18590334941360942,569,1688,3743,893
31,0.2,0.5,Isotonic calibration,25.390091,0.17257205454867847,0.16613039673299507,522,1526,3280,812
31,0.2,0.1,Multilabel,24.199306,0.18802307336769117,0.18015558678966612,563,1656,3600,878
31,0.2,0.1,Hoeffding/LTT,25.390091,0.17257205454867847,0.16613039673299507,522,1526,3280,812
31,0.2,0.1,Hoeffding-Bentkus,24.589896,0.18252667492944696,0.17489082056446317,550,1611,3490,856
31,0.2,0.1,IID-normal,24.199306,0.18802307336769117,0.18015558678966612,563,1656,3600,878
31,0.2,0.1,Empirical Bernstein,24.98679,0.18004491543486165,0.17278718394572104,533,1558,3385,837
31,0.2,0.1,Platt calibration,23.81492,0.19481269775168064,0.18590334941360942,569,1688,3743,893
31,0.2,0.1,Isotonic calibration,25.390091,0.17257205454867847,0.16613039673299507,522,1526,3280,812
32,0.05,0.5,Multilabel,57.452272,0.04766337648009141,0.04691517384992347,177,487,826,266
32,0.05,0.5,Hoeffding/LTT,63.245541,0.03935614792048388,0.03790342181844457,161,387,619,239
32,0.05,0.5,Hoeffding-Bentkus,60.27935,0.044139724570010044,0.04342175275407446,169,444,730,253
32,0.05,0.5,IID-normal,57.452272,0.04766337648009141,0.04691517384992347,177,487,826,266
32,0.05,0.5,Empirical Bernstein,61.252292,0.04178142916248006,0.040684100926893035,165,439,702,246
32,0.05,0.5,Platt calibration,48.17432,0.0634523316980909,0.06072282548003336,211,603,1113,326
32,0.05,0.5,Isotonic calibration,54.757783,0.05248635656165652,0.05107830965190602,185,513,890,283
32,0.05,0.1,Multilabel,60.27935,0.044139724570010044,0.04342175275407446,169,444,730,253
32,0.05,0.1,Hoeffding/LTT,66.35769,0.028016825265480626,0.02827910582083571,142,339,500,195
32,0.05,0.1,Hoeffding-Bentkus,61.252292,0.04178142916248006,0.040684100926893035,165,439,702,246
32,0.05,0.1,IID-normal,60.27935,0.044139724570010044,0.04342175275407446,169,444,730,253
32,0.05,0.1,Empirical Bernstein,63.245541,0.03935614792048388,0.03790342181844457,161,387,619,239
32,0.05,0.1,Platt calibration,48.17432,0.0634523316980909,0.06072282548003336,211,603,1113,326
32,0.05,0.1,Isotonic calibration,54.757783,0.05248635656165652,0.05107830965190602,185,513,890,283
32,0.1,0.5,Multilabel,36.111663,0.08989925855875379,0.09111618022847158,312,945,1885,455
32,0.1,0.5,Hoeffding/LTT,37.286795,0.08308673352115636,0.08350199370684956,300,885,1753,432
32,0.1,0.5,Hoeffding-Bentkus,37.286795,0.08308673352115636,0.08350199370684956,300,885,1753,432
32,0.1,0.5,IID-normal,36.111663,0.08989925855875379,0.09111618022847158,312,945,1885,455
32,0.1,0.5,Empirical Bernstein,37.286795,0.08308673352115636,0.08350199370684956,300,885,1753,432
32,0.1,0.5,Platt calibration,33.871338,0.10023527132546578,0.10030277848942493,346,1037,2096,503
32,0.1,0.5,Isotonic calibration,36.694525,0.08753045556934677,0.0884849470206071,305,914,1835,443
32,0.1,0.1,Multilabel,37.286795,0.08308673352115636,0.08350199370684956,300,885,1753,432
32,0.1,0.1,Hoeffding/LTT,40.394661,0.07562257422621511,0.07687852949613193,266,785,1513,391
32,0.1,0.1,Hoeffding-Bentkus,37.286795,0.08308673352115636,0.08350199370684956,300,885,1753,432
32,0.1,0.1,IID-normal,37.286795,0.08308673352115636,0.08350199370684956,300,885,1753,432
32,0.1,0.1,Empirical Bernstein,38.500168,0.08289070144676268,0.08194025667470281,285,853,1683,420
32,0.1,0.1,Platt calibration,33.871338,0.10023527132546578,0.10030277848942493,346,1037,2096,503
32,0.1,0.1,Isotonic calibration,36.694525,0.08753045556934677,0.0884849470206071,305,914,1835,443
32,0.2,0.5,Multilabel,23.81492,0.18837700170873284,0.18393709301075836,577,1753,3910,871
32,0.2,0.5,Hoeffding/LTT,24.589896,0.17817290460059815,0.1731557779402107,548,1649,3630,833
32,0.2,0.5,Hoeffding-Bentkus,24.199306,0.182586061130197,0.17830968138251901,566,1719,3779,853
32,0.2,0.5,IID-normal,23.81492,0.18837700170873284,0.18393709301075836,577,1753,3910,871
32,0.2,0.5,Empirical Bernstein,24.589896,0.17817290460059815,0.1731557779402107,548,1649,3630,833
32,0.2,0.5,Platt calibration,23.81492,0.18837700170873284,0.18393709301075836,577,1753,3910,871
32,0.2,0.5,Isotonic calibration,24.98679,0.17528191658342065,0.170931459899918,534,1617,3547,816
32,0.2,0.1,Multilabel,24.199306,0.182586061130197,0.17830968138251901,566,1719,3779,853
32,0.2,0.1,Hoeffding/LTT,24.98679,0.17528191658342065,0.170931459899918,534,1617,3547,816
32,0.2,0.1,Hoeffding-Bentkus,24.589896,0.17817290460059815,0.1731557779402107,548,1649,3630,833
32,0.2,0.1,IID-normal,24.199306,0.182586061130197,0.17830968138251901,566,1719,3779,853
32,0.2,0.1,Empirical Bernstein,24.98679,0.17528191658342065,0.170931459899918,534,1617,3547,816
32,0.2,0.1,Platt calibration,23.81492,0.18837700170873284,0.18393709301075836,577,1753,3910,871
32,0.2,0.1,Isotonic calibration,24.98679,0.17528191658342065,0.170931459899918,534,1617,3547,816
33,0.05,0.5,Multilabel,58.379583,0.04076974604488051,0.0443041404725775,189,527,820,263
33,0.05,0.5,Hoeffding/LTT,63.245541,0.03390763835530075,0.036932187690913026,180,438,663,244
33,0.05,0.5,Hoeffding-Bentkus,60.27935,0.03957582205410091,0.04270342707368503,189,501,772,261
33,0.05,0.5,IID-normal,58.379583,0.04076974604488051,0.0443041404725775,189,527,820,263
33,0.05,0.5,Empirical Bernstein,61.252292,0.03719092932994464,0.03983702185523126,186,497,749,254
33,0.05,0.5,Platt calibration,50.544853,0.05700888547392477,0.060405868789783816,215,622,1046,320
33,0.05,0.5,Isotonic calibration,56.53969,0.04430817424197648,0.047271052164830615,193,555,875,274
33,0.05,0.1,Multilabel,61.252292,0.03719092932994464,0.03983702185523126,186,497,749,254
33,0.05,0.1,Hoeffding/LTT,66.35769,0.026479106330161355,0.027913538156330263,161,382,549,211
33,0.05,0.1,Hoeffding-Bentkus,61.252292,0.03719092932994464,0.03983702185523126,186,497,749,254
33,0.05,0.1,IID-normal,61.252292,0.03719092932994464,0.03983702185523126,186,497,749,254
33,0.05,0.1,Empirical Bernstein,63.245541,0.03390763835530075,0.036932187690913026,180,438,663,244
33,0.05,0.1,Platt calibration,50.544853,0.05700888547392477,0.060405868789783816,215,622,1046,320
33,0.05,0.1,Isotonic calibration,56.53969,0.04430817424197648,0.047271052164830615,193,555,875,274
33,0.1,0.5,Multilabel,36.694525,0.08595612427842464,0.09044745087992433,307,978,1816,445
33,0.1,0.5,Hoeffding/LTT,39.121582,0.0752433161928404,0.08076806434166069,286,895,1590,409
33,0.1,0.5,Hoeffding-Bentkus,37.286795,0.08026462688233478,0.08558701035939276,302,947,1707,434
33,0.1,0.5,IID-normal,36.694525,0.08595612427842464,0.09044745087992433,307,978,1816,445
33,0.1,0.5,Empirical Bernstein,39.121582,0.0752433161928404,0.08076806434166069,286,895,1590,409
33,0.1,0.5,Platt calibration,34.41804,0.0940110066920162,0.09970751302314276,344,1098,2031,493
33,0.1,0.5,Isotonic calibration,37.286795,0.08026462688233478,0.08558701035939276,302,947,1707,434
33,0.1,0.1,Multilabel,37.784172,0.08002919137590217,0.08501188998154097,297,928,1677,428
33,0.1,0.1,Hoeffding/LTT,42.382378,0.07195263707468921,0.07584680536122114,250,790,1377,374
33,0.1,0.1,Hoeffding-Bentkus,39.121582,0.0752433161928404,0.08076806434166069,286,895,1590,409
33,0.1,0.1,IID-normal,37.784172,0.08002919137590217,0.08501188998154097,297,928,1677,428
33,0.1,0.1,Empirical Bernstein,40.394661,0.07404742203045886,0.07832109300242836,270,846,1496,394
33,0.1,0.1,Platt calibration,34.41804,0.0940110066920162,0.09970751302314276,344,1098,2031,493
33,0.1,0.1,Isotonic calibration,37.286795,0.08026462688233478,0.08558701035939276,302,947,1707,434
33,0.2,0.5,Multilabel,24.199306,0.1745422565757692,0.18054947650409095,606,1892,3796,882
33,0.2,0.5,Hoeffding/LTT,25.390091,0.15914717960155914,0.1656649619016639,563,1751,3482,815
33,0.2,0.5,Hoeffding-Bentkus,24.589896,0.16822138701047898,0.17504855971125155,590,1833,3672,855
33,0.2,0.5,IID-normal,24.199306,0.1745422565757692,0.18054947650409095,606,1892,3796,882
33,0.2,0.5,Empirical Bernstein,25.390091,0.15914717960155914,0.1656649619016639,563,1751,3482,815
33,0.2,0.5,Platt calibration,24.199306,0.1745422565757692,0.18054947650409095,606,1892,3796,882
33,0.2,0.5,Isotonic calibration,25.799901,0.15698305165620022,0.1627781749833067,554,1707,3395,803
33,0.2,0.1,Multilabel,24.98679,0.16357946868424125,0.17269589635707072,576,1783,3582,834
33,0.2,0.1,Hoeffding/LTT,25.390091,0.15914717960155914,0.1656649619016639,563,1751,3482,815
33,0.2,0.1,Hoeffding-Bentkus,25.390091,0.15914717960155914,0.1656649619016639,563,1751,3482,815
33,0.2,0.1,IID-normal,24.98679,0.16357946868424125,0.17269589635707072,576,1783,3582,834
33,0.2,0.1,Empirical Bernstein,25.390091,0.15914717960155914,0.1656649619016639,563,1751,3482,815
33,0.2,0.1,Platt calibration,24.199306,0.1745422565757692,0.18054947650409095,606,1892,3796,882
33,0.2,0.1,Isotonic calibration,25.799901,0.15698305165620022,0.1627781749833067,554,1707,3395,803
34,0.05,0.5,Multilabel,57.452272,0.05073930689363043,0.04723015982500049,160,429,773,257
34,0.05,0.5,Hoeffding/LTT,62.000847,0.04288472525957011,0.0392198595536987,148,378,655,230
34,0.05,0.5,Hoeffding-Bentkus,59.321862,0.04690781567074492,0.04447641382391002,152,410,720,243
34,0.05,0.5,IID-normal,57.452272,0.05073930689363043,0.04723015982500049,160,429,773,257
34,0.05,0.5,Empirical Bernstein,61.252292,0.04300884607049274,0.0403303575534228,150,393,674,232
34,0.05,0.5,Platt calibration,49.74199,0.06605295821266031,0.06231746250714384,181,512,992,307
34,0.05,0.5,Isotonic calibration,55.641604,0.05209182969836673,0.04909544173580592,162,449,810,262
34,0.05,0.1,Multilabel,60.27935,0.0457109364225624,0.04335080700786315,152,395,695,240
34,0.05,0.1,Hoeffding/LTT,66.35769,0.030014579269854402,0.028384867535095153,133,299,486,187
34,0.05,0.1,Hoeffding-Bentkus,61.252292,0.04300884607049274,0.0403303575534228,150,393,674,232
34,0.05,0.1,IID-normal,60.27935,0.0457109364225624,0.04335080700786315,152,395,695,240
34,0.05,0.1,Empirical Bernstein,62.000847,0.04288472525957011,0.0392198595536987,148,378,655,230
34,0.05,0.1,Platt calibration,49.74199,0.06605295821266031,0.06231746250714384,181,512,992,307
34,0.05,0.1,Isotonic calibration,55.641604,0.05209182969836673,0.04909544173580592,162,449,810,262
34,0.1,0.5,Multilabel,36.111663,0.09903510845794668,0.09336191965175274,290,891,1848,453
34,0.1,0.5,Hoeffding/LTT,37.286795,0.08832295709622975,0.08524487230860524,273,837,1709,418
34,0.1,0.5,Hoeffding-Bentkus,36.694525,0.09561456219503386,0.09004181200691065,283,866,1795,439
34,0.1,0.5,IID-normal,36.111663,0.09903510845794668,0.09336191965175274,290,891,1848,453
34,0.1,0.5,Empirical Bernstein,37.286795,0.08832295709622975,0.08524487230860524,273,837,1709,418
34,0.1,0.5,Platt calibration,33.871338,0.1069400936488235,0.10323120649372546,335,994,2069,509
34,0.1,0.5,Isotonic calibration,36.694525,0.09561456219503386,0.09004181200691065,283,866,1795,439
34,0.1,0.1,Multilabel,36.694525,0.09561456219503386,0.09004181200691065,283,866,1795,439
34,0.1,0.1,Hoeffding/LTT,39.753026,0.08367236702983495,0.07970311175925743,248,749,1500,391
34,0.1,0.1,Hoeffding-Bentkus,37.286795,0.08832295709622975,0.08524487230860524,273,837,1709,418
34,0.1,0.1,IID-normal,36.694525,0.09561456219503386,0.09004181200691065,283,866,1795,439
34,0.1,0.1,Empirical Bernstein,38.500168,0.08671102836390383,0.08355887073641247,262,811,1633,405
34,0.1,0.1,Platt calibration,33.871338,0.1069400936488235,0.10323120649372546,335,994,2069,509
34,0.1,0.1,Isotonic calibration,36.694525,0.09561456219503386,0.09004181200691065,283,866,1795,439
34,0.2,0.5,Multilabel,24.199306,0.18517457918027413,0.1815655752068888,549,1675,3739,846
34,0.2,0.5,Hoeffding/LTT,24.589896,0.18183954658406457,0.17656140955916583,535,1628,3622,829
34,0.2,0.5,Hoeffding-Bentkus,24.589896,0.18183954658406457,0.17656140955916583,535,1628,3622,829
34,0.2,0.5,IID-normal,24.199306,0.18517457918027413,0.1815655752068888,549,1675,3739,846
34,0.2,0.5,Empirical Bernstein,24.589896,0.18183954658406457,0.17656140955916583,535,1628,3622,829
34,0.2,0.5,Platt calibration,24.199306,0.18517457918027413,0.1815655752068888,549,1675,3739,846
34,0.2,0.5,Isotonic calibration,25.390091,0.1736234832376744,0.1671243585887999,511,1558,3438,792
34,0.2,0.1,Multilabel,24.589896,0.18183954658406457,0.17656140955916583,535,1628,3622,829
34,0.2,0.1,Hoeffding/LTT,25.390091,0.1736234832376744,0.1671243585887999,511,1558,3438,792
34,0.2,0.1,Hoeffding-Bentkus,24.98679,0.18083143067110796,0.17412530930957407,520,1587,3524,814
34,0.2,0.1,IID-normal,24.589896,0.18183954658406457,0.17656140955916583,535,1628,3622,829
34,0.2,0.1,Empirical Bernstein,25.390091,0.1736234832376744,0.1671243585887999,511,1558,3438,792
34,0.2,0.1,Platt calibration,24.199306,0.18517457918027413,0.1815655752068888,549,1675,3739,846
34,0.2,0.1,Isotonic calibration,25.390091,0.1736234832376744,0.1671243585887999,511,1558,3438,792
35,0.05,0.5,Multilabel,58.379583,0.04220156825659516,0.044838696963127915,152,426,700,235
35,0.05,0.5,Hoeffding/LTT,65.303653,0.032547234864156664,0.03530372005334068,130,320,499,195
35,0.05,0.5,Hoeffding-Bentkus,61.252292,0.03724806430640109,0.03991585046213271,148,405,636,222
35,0.05,0.5,IID-normal,58.379583,0.04220156825659516,0.044838696963127915,152,426,700,235
35,0.05,0.5,Empirical Bernstein,62.000847,0.03517938412435723,0.0388053524624086,147,394,617,217
35,0.05,0.5,Platt calibration,50.544853,0.05673207636385129,0.05965699702422009,174,513,927,285
35,0.05,0.5,Isotonic calibration,56.53969,0.04426630809543511,0.04752855894737533,158,452,752,244
35,0.05,0.1,Multilabel,61.252292,0.03724806430640109,0.03991585046213271,148,405,636,222
35,0.05,0.1,Hoeffding/LTT,66.35769,0.02443111294993794,0.027978571757023958,127,306,451,173
35,0.05,0.1,Hoeffding-Bentkus,62.000847,0.03517938412435723,0.0388053524624086,147,394,617,217
35,0.05,0.1,IID-normal,61.252292,0.03724806430640109,0.03991585046213271,148,405,636,222
35,0.05,0.1,Empirical Bernstein,64.266358,0.03328506412908564,0.03639943768927077,140,353,545,207
35,0.05,0.1,Platt calibration,50.544853,0.05673207636385129,0.05965699702422009,174,513,927,285
35,0.05,0.1,Isotonic calibration,56.53969,0.04426630809543511,0.04752855894737533,158,452,752,244
35,0.1,0.5,Multilabel,36.694525,0.08320642144597461,0.08845878030248287,274,867,1701,407
35,0.1,0.5,Hoeffding/LTT,39.121582,0.07156287145943746,0.07875125633092249,250,787,1486,365
35,0.1,0.5,Hoeffding-Bentkus,37.286795,0.07797364567120461,0.08350111783343954,271,838,1616,396
35,0.1,0.5,IID-normal,36.694525,0.08320642144597461,0.08845878030248287,274,867,1701,407
35,0.1,0.5,Empirical Bernstein,37.784172,0.07775101628018467,0.08311091622927738,262,815,1582,387
35,0.1,0.5,Platt calibration,33.871338,0.09462011807895135,0.10013592460481686,324,996,1959,471
35,0.1,0.5,Isotonic calibration,37.286795,0.07797364567120461,0.08350111783343954,271,838,1616,396
35,0.1,0.1,Multilabel,37.286795,0.07797364567120461,0.08350111783343954,271,838,1616,396
35,0.1,0.1,Hoeffding/LTT,41.709169,0.07008869055828096,0.07599400683619197,228,691,1304,348
35,0.1,0.1,Hoeffding-Bentkus,38.500168,0.07719641297423672,0.08224396577962587,258,810,1551,384
35,0.1,0.1,IID-normal,37.286795,0.07797364567120461,0.08350111783343954,271,838,1616,396
35,0.1,0.1,Empirical Bernstein,39.753026,0.07173345548397266,0.07822682712667539,246,750,1423,363
35,0.1,0.1,Platt calibration,33.871338,0.09462011807895135,0.10013592460481686,324,996,1959,471
35,0.1,0.1,Isotonic calibration,37.286795,0.07797364567120461,0.08350111783343954,271,838,1616,396
35,0.2,0.5,Multilabel,24.199306,0.168344626572802,0.17701542165778614,555,1671,3535,816
35,0.2,0.5,Hoeffding/LTT,24.98679,0.1602561800923893,0.16986349533171408,525,1576,3307,773
35,0.2,0.5,Hoeffding-Bentkus,24.589896,0.16283274663254707,0.17192895183226506,538,1616,3405,790
35,0.2,0.5,IID-normal,24.199306,0.168344626572802,0.17701542165778614,555,1671,3535,816
35,0.2,0.5,Empirical Bernstein,25.390091,0.15288226062703417,0.16319622252083524,517,1549,3214,752
35,0.2,0.5,Platt calibration,24.199306,0.168344626572802,0.17701542165778614,555,1671,3535,816
35,0.2,0.5,Isotonic calibration,25.799901,0.14989075191805848,0.16003984213392408,511,1502,3116,740
35,0.2,0.1,Multilabel,24.589896,0.16283274663254707,0.17192895183226506,538,1616,3405,790
35,0.2,0.1,Hoeffding/LTT,25.799901,0.14989075191805848,0.16003984213392408,511,1502,3116,740
35,0.2,0.1,Hoeffding-Bentkus,25.390091,0.15288226062703417,0.16319622252083524,517,1549,3214,752
35,0.2,0.1,IID-normal,24.589896,0.16283274663254707,0.17192895183226506,538,1616,3405,790
35,0.2,0.1,Empirical Bernstein,25.390091,0.15288226062703417,0.16319622252083524,517,1549,3214,752
35,0.2,0.1,Platt calibration,24.199306,0.168344626572802,0.17701542165778614,555,1671,3535,816
35,0.2,0.1,Isotonic calibration,25.799901,0.14989075191805848,0.16003984213392408,511,1502,3116,740
36,0.05,0.5,Multilabel,56.53969,0.05229919025947159,0.04781381996859994,183,511,877,283
36,0.05,0.5,Hoeffding/LTT,61.252292,0.045558248123411554,0.04009912697317857,175,452,731,264
36,0.05,0.5,Hoeffding-Bentkus,58.379583,0.04792639438895128,0.04519293301539128,179,482,812,271
36,0.05,0.5,IID-normal,56.53969,0.05229919025947159,0.04781381996859994,183,511,877,283
36,0.05,0.5,Empirical Bernstein,60.27935,0.04739937348543058,0.043374784042462346,177,456,754,269
36,0.05,0.5,Platt calibration,49.74199,0.06421134030774081,0.06147021920921769,197,576,1067,319
36,0.05,0.5,Isotonic calibration,55.641604,0.05340248635656166,0.048971943584993655,183,517,897,285
36,0.05,0.1,Multilabel,59.321862,0.04737868668361014,0.044500390858509216,179,476,791,271
36,0.05,0.1,Hoeffding/LTT,66.35769,0.031209488346434975,0.028384867535095153,150,348,532,210
36,0.05,0.1,Hoeffding-Bentkus,60.27935,0.04739937348543058,0.043374784042462346,177,456,754,269
36,0.05,0.1,IID-normal,59.321862,0.04737868668361014,0.044500390858509216,179,476,791,271
36,0.05,0.1,Empirical Bernstein,61.252292,0.045558248123411554,0.04009912697317857,175,452,731,264
36,0.05,0.1,Platt calibration,49.74199,0.06421134030774081,0.06147021920921769,197,576,1067,319
36,0.05,0.1,Isotonic calibration,55.641604,0.05340248635656166,0.048971943584993655,183,517,897,285
36,0.1,0.5,Multilabel,36.111663,0.09453244544266472,0.09251276038074217,291,924,1887,450
36,0.1,0.5,Hoeffding/LTT,37.286795,0.08795108720636234,0.08392186552277599,282,875,1750,430
36,0.1,0.5,Hoeffding-Bentkus,36.694525,0.09157981493521418,0.08919615622954014,287,904,1846,439
36,0.1,0.5,IID-normal,36.111663,0.09453244544266472,0.09251276038074217,291,924,1887,450
36,0.1,0.5,Empirical Bernstein,37.286795,0.08795108720636234,0.08392186552277599,282,875,1750,430
36,0.1,0.5,Platt calibration,34.41804,0.09623500206868019,0.09857194314705696,317,1001,2040,475
36,0.1,0.5,Isotonic calibration,36.694525,0.09157981493521418,0.08919615622954014,287,904,1846,439
36,0.1,0.1,Multilabel,37.286795,0.08795108720636234,0.08392186552277599,282,875,1750,430
36,0.1,0.1,Hoeffding/LTT,39.753026,0.08209458793860945,0.0793262124825099,263,801,1551,404
36,0.1,0.1,Hoeffding-Bentkus,37.286795,0.08795108720636234,0.08392186552277599,282,875,1750,430
36,0.1,0.1,IID-normal,37.286795,0.08795108720636234,0.08392186552277599,282,875,1750,430
36,0.1,0.1,Empirical Bernstein,37.286795,0.08795108720636234,0.08392186552277599,282,875,1750,430
36,0.1,0.1,Platt calibration,34.41804,0.09623500206868019,0.09857194314705696,317,1001,2040,475
36,0.1,0.1,Isotonic calibration,36.694525,0.09157981493521418,0.08919615622954014,287,904,1846,439
36,0.2,0.5,Multilabel,24.589896,0.16760819524363296,0.17522655418501093,542,1667,3604,820
36,0.2,0.5,Hoeffding/LTT,25.390091,0.1590231575626085,0.16592731890977894,513,1596,3420,778
36,0.2,0.5,Hoeffding-Bentkus,24.98679,0.16550254449296772,0.1730267506470918,524,1626,3513,800
36,0.2,0.5,IID-normal,24.589896,0.16760819524363296,0.17522655418501093,542,1667,3604,820
36,0.2,0.5,Empirical Bernstein,25.390091,0.1590231575626085,0.16592731890977894,513,1596,3420,778
36,0.2,0.5,Platt calibration,24.589896,0.16760819524363296,0.17522655418501093,542,1667,3604,820
36,0.2,0.5,Isotonic calibration,25.799901,0.15471304312843412,0.16320100861416906,509,1561,3331,766
36,0.2,0.1,Multilabel,24.98679,0.16550254449296772,0.1730267506470918,524,1626,3513,800
36,0.2,0.1,Hoeffding/LTT,25.390091,0.1590231575626085,0.16592731890977894,513,1596,3420,778
36,0.2,0.1,Hoeffding-Bentkus,25.390091,0.1590231575626085,0.16592731890977894,513,1596,3420,778
36,0.2,0.1,IID-normal,24.98679,0.16550254449296772,0.1730267506470918,524,1626,3513,800
36,0.2,0.1,Empirical Bernstein,25.390091,0.1590231575626085,0.16592731890977894,513,1596,3420,778
36,0.2,0.1,Platt calibration,24.589896,0.16760819524363296,0.17522655418501093,542,1667,3604,820
36,0.2,0.1,Isotonic calibration,25.799901,0.15471304312843412,0.16320100861416906,509,1561,3331,766
37,0.05,0.5,Multilabel,58.379583,0.0413189313789231,0.04494692207135303,193,553,846,266
37,0.05,0.5,Hoeffding/LTT,63.245541,0.034478988119865245,0.03687470849838073,186,461,672,251
37,0.05,0.5,Hoeffding-Bentkus,61.252292,0.03694958330870619,0.039611703420504636,191,522,764,257
37,0.05,0.5,IID-normal,58.379583,0.0413189313789231,0.04494692207135303,193,553,846,266
37,0.05,0.5,Empirical Bernstein,61.252292,0.03694958330870619,0.039611703420504636,191,522,764,257
37,0.05,0.5,Platt calibration,50.544853,0.05523917883247631,0.06019122506224175,212,634,1051,312
37,0.05,0.5,Isotonic calibration,56.53969,0.04364915184112536,0.047683588540948174,199,579,897,275
37,0.05,0.1,Multilabel,61.252292,0.03694958330870619,0.039611703420504636,191,522,764,257
37,0.05,0.1,Hoeffding/LTT,66.35769,0.02575309809484406,0.02770661306321397,171,412,560,217
37,0.05,0.1,Hoeffding-Bentkus,61.252292,0.03694958330870619,0.039611703420504636,191,522,764,257
37,0.05,0.1,IID-normal,61.252292,0.03694958330870619,0.039611703420504636,191,522,764,257
37,0.05,0.1,Empirical Bernstein,63.245541,0.034478988119865245,0.03687470849838073,186,461,672,251
37,0.05,0.1,Platt calibration,50.544853,0.05523917883247631,0.06019122506224175,212,634,1051,312
37,0.05,0.1,Isotonic calibration,56.53969,0.04364915184112536,0.047683588540948174,199,579,897,275
37,0.1,0.5,Multilabel,36.694525,0.08658329557171095,0.09040918616032424,299,995,1875,439
37,0.1,0.5,Hoeffding/LTT,39.121582,0.0760967288584169,0.08022234046513257,278,910,1649,405
37,0.1,0.5,Hoeffding-Bentkus,37.286795,0.08040844940927687,0.0852163516806916,295,968,1783,427
37,0.1,0.5,IID-normal,36.694525,0.08658329557171095,0.09040918616032424,299,995,1875,439
37,0.1,0.5,Empirical Bernstein,39.121582,0.0760967288584169,0.08022234046513257,278,910,1649,405
37,0.1,0.5,Platt calibration,33.871338,0.09962845847206625,0.10272533485735307,345,1137,2151,504
37,0.1,0.5,Isotonic calibration,37.286795,0.08040844940927687,0.0852163516806916,295,968,1783,427
37,0.1,0.1,Multilabel,37.286795,0.08040844940927687,0.0852163516806916,295,968,1783,427
37,0.1,0.1,Hoeffding/LTT,41.709169,0.07233780562286975,0.07680577726101247,249,817,1436,377
37,0.1,0.1,Hoeffding-Bentkus,39.121582,0.0760967288584169,0.08022234046513257,278,910,1649,405
37,0.1,0.1,IID-normal,37.286795,0.08040844940927687,0.0852163516806916,295,968,1783,427
37,0.1,0.1,Empirical Bernstein,39.753026,0.0754935279862876,0.07973666865927868,268,874,1575,398
37,0.1,0.1,Platt calibration,33.871338,0.09962845847206625,0.10272533485735307,345,1137,2151,504
37,0.1,0.1,Isotonic calibration,37.286795,0.08040844940927687,0.0852163516806916,295,968,1783,427
37,0.2,0.5,Multilabel,24.199306,0.1792806713704034,0.18073047432786704,570,1842,3829,855
37,0.2,0.5,Hoeffding/LTT,24.98679,0.17333953282960315,0.17341558121077408,541,1738,3610,819
37,0.2,0.5,Hoeffding-Bentkus,24.589896,0.17539232534578003,0.17560303294299057,554,1785,3708,835
37,0.2,0.5,IID-normal,24.199306,0.1792806713704034,0.18073047432786704,570,1842,3829,855
37,0.2,0.5,Empirical Bernstein,24.98679,0.17333953282960315,0.17341558121077408,541,1738,3610,819
37,0.2,0.5,Platt calibration,24.589896,0.17539232534578003,0.17560303294299057,554,1785,3708,835
37,0.2,0.5,Isotonic calibration,25.390091,0.16660775497660066,0.16648136109542552,531,1706,3495,799
37,0.2,0.1,Multilabel,24.589896,0.17539232534578003,0.17560303294299057,554,1785,3708,835
37,0.2,0.1,Hoeffding/LTT,25.390091,0.16660775497660066,0.16648136109542552,531,1706,3495,799
37,0.2,0.1,Hoeffding-Bentkus,24.98679,0.17333953282960315,0.17341558121077408,541,1738,3610,819
37,0.2,0.1,IID-normal,24.589896,0.17539232534578003,0.17560303294299057,554,1785,3708,835
37,0.2,0.1,Empirical Bernstein,25.390091,0.16660775497660066,0.16648136109542552,531,1706,3495,799
37,0.2,0.1,Platt calibration,24.589896,0.17539232534578003,0.17560303294299057,554,1785,3708,835
37,0.2,0.1,Isotonic calibration,25.390091,0.16660775497660066,0.16648136109542552,531,1706,3495,799
38,0.05,0.5,Multilabel,57.452272,0.050858009732647716,0.04726514001931301,171,462,805,266
38,0.05,0.5,Hoeffding/LTT,62.000847,0.04319995271588155,0.039255989331861876,156,405,674,239
38,0.05,0.5,Hoeffding-Bentkus,59.321862,0.048212069271233525,0.04467217153104862,162,439,746,254
38,0.05,0.5,IID-normal,57.452272,0.050858009732647716,0.04726514001931301,171,462,805,266
38,0.05,0.5,Empirical Bernstein,61.252292,0.044648028843312246,0.04037108566698855,158,420,700,243
38,0.05,0.5,Platt calibration,48.95188,0.06633863309494256,0.06249433419387895,189,543,1033,314
38,0.05,0.5,Isotonic calibration,55.641604,0.05333156017889158,0.0491583403950627,174,478,843,274
38,0.05,0.1,Multilabel,60.27935,0.0472328939850661,0.043428321804649575,161,426,723,251
38,0.05,0.1,Hoeffding/LTT,66.35769,0.03298855330299268,0.028615441210281877,144,321,503,206
38,0.05,0.1,Hoeffding-Bentkus,61.252292,0.044648028843312246,0.04037108566698855,158,420,700,243
38,0.05,0.1,IID-normal,60.27935,0.0472328939850661,0.043428321804649575,161,426,723,251
38,0.05,0.1,Empirical Bernstein,62.000847,0.04319995271588155,0.039255989331861876,156,405,674,239
38,0.05,0.1,Platt calibration,48.95188,0.06633863309494256,0.06249433419387895,189,543,1033,314
38,0.05,0.1,Isotonic calibration,55.641604,0.05333156017889158,0.0491583403950627,174,478,843,274
38,0.1,0.5,Multilabel,36.111663,0.09770048137859473,0.09210339904573592,288,871,1827,451
38,0.1,0.5,Hoeffding/LTT,37.286795,0.08854936264948676,0.08405970610067726,280,825,1690,426
38,0.1,0.5,Hoeffding-Bentkus,36.694525,0.09489134503615264,0.08908710998999315,282,845,1783,439
38,0.1,0.5,IID-normal,36.111663,0.09770048137859473,0.09210339904573592,288,871,1827,451
38,0.1,0.5,Empirical Bernstein,37.286795,0.08854936264948676,0.08405970610067726,280,825,1690,426
38,0.1,0.5,Platt calibration,33.871338,0.10920152228592442,0.10125830163766432,315,952,2028,500
38,0.1,0.5,Isotonic calibration,36.111663,0.09770048137859473,0.09210339904573592,288,871,1827,451
38,0.1,0.1,Multilabel,36.694525,0.09489134503615264,0.08908710998999315,282,845,1783,439
38,0.1,0.1,Hoeffding/LTT,39.753026,0.08277347623644686,0.07870270009875473,254,750,1512,397
38,0.1,0.1,Hoeffding-Bentkus,37.286795,0.08854936264948676,0.08405970610067726,280,825,1690,426
38,0.1,0.1,IID-normal,36.694525,0.09489134503615264,0.08908710998999315,282,845,1783,439
38,0.1,0.1,Empirical Bernstein,37.784172,0.08792777350907265,0.08334466494557542,276,813,1669,421
38,0.1,0.1,Platt calibration,33.871338,0.10920152228592442,0.10125830163766432,315,952,2028,500
38,0.1,0.1,Isotonic calibration,36.111663,0.09770048137859473,0.09210339904573592,288,871,1827,451
38,0.2,0.5,Multilabel,23.81492,0.19193551121013458,0.1859396884884974,553,1631,3789,867
38,0.2,0.5,Hoeffding/LTT,24.589896,0.1821887451490265,0.17487685674950854,526,1543,3534,824
38,0.2,0.5,Hoeffding-Bentkus,24.199306,0.18729525370505923,0.180226351950038,543,1599,3654,850
38,0.2,0.5,IID-normal,23.81492,0.19193551121013458,0.1859396884884974,553,1631,3789,867
38,0.2,0.5,Empirical Bernstein,24.589896,0.1821887451490265,0.17487685674950854,526,1543,3534,824
38,0.2,0.5,Platt calibration,24.199306,0.18729525370505923,0.180226351950038,543,1599,3654,850
38,0.2,0.5,Isotonic calibration,24.98679,0.18103252307844778,0.17272539545195814,509,1507,3448,808
38,0.2,0.1,Multilabel,24.199306,0.18729525370505923,0.180226351950038,543,1599,3654,850
38,0.2,0.1,Hoeffding/LTT,24.98679,0.18103252307844778,0.17272539545195814,509,1507,3448,808
38,0.2,0.1,Hoeffding-Bentkus,24.589896,0.1821887451490265,0.17487685674950854,526,1543,3534,824
38,0.2,0.1,IID-normal,24.199306,0.18729525370505923,0.180226351950038,543,1599,3654,850
38,0.2,0.1,Empirical Bernstein,24.98679,0.18103252307844778,0.17272539545195814,509,1507,3448,808
38,0.2,0.1,Platt calibration,24.199306,0.18729525370505923,0.180226351950038,543,1599,3654,850
38,0.2,0.1,Isotonic calibration,24.98679,0.18103252307844778,0.17272539545195814,509,1507,3448,808
39,0.05,0.5,Multilabel,56.53969,0.04843962409125835,0.04668147987571356,159,441,735,252
39,0.05,0.5,Hoeffding/LTT,62.240937,0.038413420808952464,0.0381445059745515,144,390,594,219
39,0.05,0.5,Hoeffding-Bentkus,59.321862,0.04350434422838229,0.0433721564222323,151,419,667,235
39,0.05,0.5,IID-normal,56.53969,0.04843962409125835,0.04668147987571356,159,441,735,252
39,0.05,0.5,Empirical Bernstein,61.252292,0.03963886754536321,0.03936175104612131,147,405,618,224
39,0.05,0.5,Platt calibration,48.95188,0.06293910199578384,0.06127462572834348,182,521,954,302
39,0.05,0.5,Isotonic calibration,55.641604,0.0496793545717832,0.047639575902094874,161,450,757,256
39,0.05,0.1,Multilabel,60.27935,0.042997025040881064,0.04226954128319834,149,407,644,232
39,0.05,0.1,Hoeffding/LTT,66.35769,0.027603089229071853,0.027279624775831148,128,313,454,182
39,0.05,0.1,Hoeffding-Bentkus,61.252292,0.03963886754536321,0.03936175104612131,147,405,618,224
39,0.05,0.1,IID-normal,60.27935,0.042997025040881064,0.04226954128319834,149,407,644,232
39,0.05,0.1,Empirical Bernstein,62.000847,0.03882518667375928,0.038389203108474726,144,391,598,220
39,0.05,0.1,Platt calibration,48.95188,0.06293910199578384,0.06127462572834348,182,521,954,302
39,0.05,0.1,Isotonic calibration,55.641604,0.0496793545717832,0.047639575902094874,161,450,757,256
39,0.1,0.5,Multilabel,36.111663,0.09480022459956261,0.09255469282024671,270,802,1711,436
39,0.1,0.5,Hoeffding/LTT,37.286795,0.08668574449501218,0.08420603170223807,259,756,1572,414
39,0.1,0.5,Hoeffding-Bentkus,36.694525,0.09156060576209521,0.0896396218854489,265,782,1673,424
39,0.1,0.5,IID-normal,36.111663,0.09480022459956261,0.09255469282024671,270,802,1711,436
39,0.1,0.5,Empirical Bernstein,37.286795,0.08668574449501218,0.08420603170223807,259,756,1572,414
39,0.1,0.5,Platt calibration,33.33332,0.1105702990063768,0.10476486083466356,321,915,1986,516
39,0.1,0.5,Isotonic calibration,36.111663,0.09480022459956261,0.09255469282024671,270,802,1711,436
39,0.1,0.1,Multilabel,37.286795,0.08668574449501218,0.08420603170223807,259,756,1572,414
39,0.1,0.1,Hoeffding/LTT,39.753026,0.08230079923294652,0.07911036442902908,236,688,1387,385
39,0.1,0.1,Hoeffding-Bentkus,37.286795,0.08668574449501218,0.08420603170223807,259,756,1572,414
39,0.1,0.1,IID-normal,37.286795,0.08668574449501218,0.08420603170223807,259,756,1572,414
39,0.1,0.1,Empirical Bernstein,37.888624,0.08617744022170998,0.08345141201742112,250,741,1540,404
39,0.1,0.1,Platt calibration,33.33332,0.1105702990063768,0.10476486083466356,321,915,1986,516
39,0.1,0.1,Isotonic calibration,36.111663,0.09480022459956261,0.09255469282024671,270,802,1711,436
39,0.2,0.5,Multilabel,23.81492,0.1958699234019271,0.18693419989316679,534,1530,3674,858
39,0.2,0.5,Hoeffding/LTT,24.589896,0.18560803077766255,0.1757515532046299,511,1454,3427,821
39,0.2,0.5,Hoeffding-Bentkus,24.199306,0.19014254777080594,0.18113491827634953,529,1504,3541,844
39,0.2,0.5,IID-normal,23.81492,0.1958699234019271,0.18693419989316679,534,1530,3674,858
39,0.2,0.5,Empirical Bernstein,24.589896,0.18560803077766255,0.1757515532046299,511,1454,3427,821
39,0.2,0.5,Platt calibration,24.199306,0.19014254777080594,0.18113491827634953,529,1504,3541,844
39,0.2,0.5,Isotonic calibration,24.98679,0.1827340280277806,0.17354945547556294,502,1421,3348,808
39,0.2,0.1,Multilabel,24.199306,0.19014254777080594,0.18113491827634953,529,1504,3541,844
39,0.2,0.1,Hoeffding/LTT,24.98679,0.1827340280277806,0.17354945547556294,502,1421,3348,808
39,0.2,0.1,Hoeffding-Bentkus,24.589896,0.18560803077766255,0.1757515532046299,511,1454,3427,821
39,0.2,0.1,IID-normal,24.199306,0.19014254777080594,0.18113491827634953,529,1504,3541,844
39,0.2,0.1,Empirical Bernstein,24.98679,0.1827340280277806,0.17354945547556294,502,1421,3348,808
39,0.2,0.1,Platt calibration,24.199306,0.19014254777080594,0.18113491827634953,529,1504,3541,844
39,0.2,0.1,Isotonic calibration,24.98679,0.1827340280277806,0.17354945547556294,502,1421,3348,808
40,0.05,0.5,Multilabel,58.379583,0.0424793624524696,0.04440316890999744,184,535,830,265
40,0.05,0.5,Hoeffding/LTT,63.245541,0.035796047835766495,0.03679555143895052,177,450,675,246
40,0.05,0.5,Hoeffding-Bentkus,60.27935,0.03988809425300943,0.04235411780935301,183,508,776,259
40,0.05,0.5,IID-normal,58.379583,0.0424793624524696,0.04440316890999744,184,535,830,265
40,0.05,0.5,Empirical Bernstein,61.252292,0.037922848080067774,0.03952105052256796,180,504,757,253
40,0.05,0.5,Platt calibration,49.74199,0.0605084027818823,0.06100250280826911,209,632,1094,320
40,0.05,0.5,Isotonic calibration,55.641604,0.04785054278227634,0.04821124752839472,194,574,922,283
40,0.05,0.1,Multilabel,61.252292,0.037922848080067774,0.03952105052256796,180,504,757,253
40,0.05,0.1,Hoeffding/LTT,66.35769,0.026297850542782275,0.028010103199784538,159,385,540,208
40,0.05,0.1,Hoeffding-Bentkus,61.252292,0.037922848080067774,0.03952105052256796,180,504,757,253
40,0.05,0.1,IID-normal,61.252292,0.037922848080067774,0.03952105052256796,180,504,757,253
40,0.05,0.1,Empirical Bernstein,63.245541,0.035796047835766495,0.03679555143895052,177,450,675,246
40,0.05,0.1,Platt calibration,49.74199,0.0605084027818823,0.06100250280826911,209,632,1094,320
40,0.05,0.1,Isotonic calibration,55.641604,0.04785054278227634,0.04821124752839472,194,574,922,283
40,0.1,0.5,Multilabel,36.694525,0.08593872109594079,0.08930098732830144,309,974,1859,442
40,0.1,0.5,Hoeffding/LTT,39.121582,0.07295003644817463,0.07924180018261962,283,900,1644,398
40,0.1,0.5,Hoeffding-Bentkus,37.286795,0.07920073421728366,0.08436128026416341,304,946,1766,427
40,0.1,0.5,IID-normal,36.694525,0.08593872109594079,0.08930098732830144,309,974,1859,442
40,0.1,0.5,Empirical Bernstein,38.500168,0.0775339690420369,0.08274436320718566,291,921,1713,413
40,0.1,0.5,Platt calibration,33.871338,0.09807973941196944,0.10136329696268997,346,1094,2098,502
40,0.1,0.5,Isotonic calibration,36.694525,0.08593872109594079,0.08930098732830144,309,974,1859,442
40,0.1,0.1,Multilabel,37.286795,0.07920073421728366,0.08436128026416341,304,946,1766,427
40,0.1,0.1,Hoeffding/LTT,41.709169,0.0704863368599405,0.07592711200450197,255,809,1450,371
40,0.1,0.1,Hoeffding-Bentkus,39.121582,0.07295003644817463,0.07924180018261962,283,900,1644,398
40,0.1,0.1,IID-normal,37.286795,0.07920073421728366,0.08436128026416341,304,946,1766,427
40,0.1,0.1,Empirical Bernstein,39.753026,0.07312538172074788,0.07853716002426168,277,862,1581,392
40,0.1,0.1,Platt calibration,33.871338,0.09807973941196944,0.10136329696268997,346,1094,2098,502
40,0.1,0.1,Isotonic calibration,36.694525,0.08593872109594079,0.08930098732830144,309,974,1859,442
40,0.2,0.5,Multilabel,24.199306,0.1745249716832744,0.1809157249993917,574,1778,3664,858
40,0.2,0.5,Hoeffding/LTT,24.98679,0.16582581165011984,0.1731337392731865,540,1671,3441,809
40,0.2,0.5,Hoeffding-Bentkus,24.589896,0.16738612785669174,0.17545344023407936,557,1723,3536,828
40,0.2,0.5,IID-normal,24.199306,0.1745249716832744,0.1809157249993917,574,1778,3664,858
40,0.2,0.5,Empirical Bernstein,25.390091,0.15993720754058072,0.16631523397902936,531,1642,3349,788
40,0.2,0.5,Platt calibration,24.199306,0.1745249716832744,0.1809157249993917,574,1778,3664,858
40,0.2,0.5,Isotonic calibration,25.390091,0.15993720754058072,0.16631523397902936,531,1642,3349,788
40,0.2,0.1,Multilabel,24.98679,0.16582581165011984,0.1731337392731865,540,1671,3441,809
40,0.2,0.1,Hoeffding/LTT,25.390091,0.15993720754058072,0.16631523397902936,531,1642,3349,788
40,0.2,0.1,Hoeffding-Bentkus,25.390091,0.15993720754058072,0.16631523397902936,531,1642,3349,788
40,0.2,0.1,IID-normal,24.98679,0.16582581165011984,0.1731337392731865,540,1671,3441,809
40,0.2,0.1,Empirical Bernstein,25.390091,0.15993720754058072,0.16631523397902936,531,1642,3349,788
40,0.2,0.1,Platt calibration,24.199306,0.1745249716832744,0.1809157249993917,574,1778,3664,858
40,0.2,0.1,Isotonic calibration,25.390091,0.15993720754058072,0.16631523397902936,531,1642,3349,788
41,0.05,0.5,Multilabel,58.379583,0.04682112812025927,0.04548410618213349,154,446,787,245
41,0.05,0.5,Hoeffding/LTT,63.245541,0.041255393344760326,0.038187533255818536,147,367,632,231
41,0.05,0.5,Hoeffding-Bentkus,60.27935,0.04609117954173809,0.04377861642656787,153,424,737,244
41,0.05,0.5,IID-normal,58.379583,0.04682112812025927,0.04548410618213349,154,446,787,245
41,0.05,0.5,Empirical Bernstein,61.252292,0.04290541206139054,0.04080267228977396,151,420,712,235
41,0.05,0.5,Platt calibration,49.74199,0.06839352207577279,0.062197905786676645,185,536,1068,314
41,0.05,0.5,Isotonic calibration,55.641604,0.05072157534921291,0.049249814424321255,165,478,871,261
41,0.05,0.1,Multilabel,60.27935,0.04609117954173809,0.04377861642656787,153,424,737,244
41,0.05,0.1,Hoeffding/LTT,66.35769,0.033429871741828716,0.029017138652950487,132,304,497,198
41,0.05,0.1,Hoeffding-Bentkus,61.252292,0.04290541206139054,0.04080267228977396,151,420,712,235
41,0.05,0.1,IID-normal,60.27935,0.04609117954173809,0.04377861642656787,153,424,737,244
41,0.05,0.1,Empirical Bernstein,63.245541,0.041255393344760326,0.038187533255818536,147,367,632,231
41,0.05,0.1,Platt calibration,49.74199,0.06839352207577279,0.062197905786676645,185,536,1068,314
41,0.05,0.1,Isotonic calibration,55.641604,0.05072157534921291,0.049249814424321255,165,478,871,261
41,0.1,0.5,Multilabel,35.538059,0.10642538631781495,0.09645878906121698,296,913,2016,474
41,0.1,0.5,Hoeffding/LTT,37.286795,0.09519245292931681,0.08507117566298143,281,847,1811,437
41,0.1,0.5,Hoeffding-Bentkus,36.694525,0.09922933454170525,0.0901040537611099,287,872,1901,448
41,0.1,0.5,IID-normal,35.538059,0.10642538631781495,0.09645878906121698,296,913,2016,474
41,0.1,0.5,Empirical Bernstein,36.694525,0.09922933454170525,0.0901040537611099,287,872,1901,448
41,0.1,0.5,Platt calibration,33.871338,0.11204710680300256,0.10323383411395551,331,988,2158,514
41,0.1,0.5,Isotonic calibration,36.111663,0.10226241372290193,0.09330701333736234,293,898,1950,461
41,0.1,0.1,Multilabel,36.694525,0.09922933454170525,0.0901040537611099,287,872,1901,448
41,0.1,0.1,Hoeffding/LTT,39.121582,0.09086119484340419,0.08040660233376469,258,796,1671,410
41,0.1,0.1,Hoeffding-Bentkus,37.286795,0.09519245292931681,0.08507117566298143,281,847,1811,437
41,0.1,0.1,IID-normal,36.694525,0.09922933454170525,0.0901040537611099,287,872,1901,448
41,0.1,0.1,Empirical Bernstein,37.286795,0.09519245292931681,0.08507117566298143,281,847,1811,437
41,0.1,0.1,Platt calibration,33.871338,0.11204710680300256,0.10323383411395551,331,988,2158,514
41,0.1,0.1,Isotonic calibration,36.111663,0.10226241372290193,0.09330701333736234,293,898,1950,461
41,0.2,0.5,Multilabel,23.81492,0.19822509764890936,0.18689352521858832,577,1704,3978,891
41,0.2,0.5,Hoeffding/LTT,24.589896,0.18779561242325,0.1762841502504377,552,1617,3702,853
41,0.2,0.5,Hoeffding-Bentkus,24.199306,0.19224736785762853,0.1813546066640814,572,1680,3846,878
41,0.2,0.5,IID-normal,23.81492,0.19822509764890936,0.18689352521858832,577,1704,3978,891
41,0.2,0.5,Empirical Bernstein,24.589896,0.18779561242325,0.1762841502504377,552,1617,3702,853
41,0.2,0.5,Platt calibration,24.199306,0.19224736785762853,0.1813546066640814,572,1680,3846,878
41,0.2,0.5,Isotonic calibration,24.98679,0.18471063713099295,0.17421168178605306,540,1571,3601,837
41,0.2,0.1,Multilabel,24.199306,0.19224736785762853,0.1813546066640814,572,1680,3846,878
41,0.2,0.1,Hoeffding/LTT,24.98679,0.18471063713099295,0.17421168178605306,540,1571,3601,837
41,0.2,0.1,Hoeffding-Bentkus,24.589896,0.18779561242325,0.1762841502504377,552,1617,3702,853
41,0.2,0.1,IID-normal,24.199306,0.19224736785762853,0.1813546066640814,572,1680,3846,878
41,0.2,0.1,Empirical Bernstein,24.98679,0.18471063713099295,0.17421168178605306,540,1571,3601,837
41,0.2,0.1,Platt calibration,24.199306,0.19224736785762853,0.1813546066640814,572,1680,3846,878
41,0.2,0.1,Isotonic calibration,24.98679,0.18471063713099295,0.17421168178605306,540,1571,3601,837
42,0.05,0.5,Multilabel,55.641604,0.05187806607955552,0.04755384979208955,183,565,949,278
42,0.05,0.5,Hoeffding/LTT,61.252292,0.04475835845302126,0.03917486155725913,173,499,794,258
42,0.05,0.5,Hoeffding-Bentkus,58.379583,0.048215517071536936,0.043813925073409137,178,537,879,268
42,0.05,0.5,IID-normal,55.641604,0.05187806607955552,0.04755384979208955,183,565,949,278
42,0.05,0.5,Empirical Bernstein,59.321862,0.04732647713615856,0.04301627810732515,178,523,848,267
42,0.05,0.5,Platt calibration,49.74199,0.06399462143152669,0.05991368267544291,194,607,1103,312
42,0.05,0.5,Isotonic calibration,54.757783,0.05574649801997753,0.0502075819981738,184,566,966,288
42,0.05,0.1,Multilabel,58.379583,0.048215517071536936,0.043813925073409137,178,537,879,268
42,0.05,0.1,Hoeffding/LTT,66.35769,0.03313828634474062,0.027580158839642904,150,379,577,214
42,0.05,0.1,Hoeffding-Bentkus,60.27935,0.04674330634198238,0.04205161303036872,176,503,820,264
42,0.05,0.1,IID-normal,58.379583,0.048215517071536936,0.043813925073409137,178,537,879,268
42,0.05,0.1,Empirical Bernstein,61.252292,0.04475835845302126,0.03917486155725913,173,499,794,258
42,0.05,0.1,Platt calibration,49.74199,0.06399462143152669,0.05991368267544291,194,607,1103,312
42,0.05,0.1,Isotonic calibration,54.757783,0.05574649801997753,0.0502075819981738,184,566,966,288
42,0.1,0.5,Multilabel,36.111663,0.0910266892579677,0.09113457357008192,285,948,1886,428
42,0.1,0.5,Hoeffding/LTT,37.286795,0.08591803429412036,0.08308529693203442,274,890,1747,411
42,0.1,0.5,Hoeffding-Bentkus,36.694525,0.08869203590966106,0.08819995970982314,280,915,1833,418
42,0.1,0.5,IID-normal,36.111663,0.0910266892579677,0.09113457357008192,285,948,1886,428
42,0.1,0.5,Empirical Bernstein,37.286795,0.08591803429412036,0.08308529693203442,274,890,1747,411
42,0.1,0.5,Platt calibration,34.41804,0.09729905891469813,0.09760875610647993,312,1017,2042,465
42,0.1,0.5,Isotonic calibration,36.694525,0.08869203590966106,0.08819995970982314,280,915,1833,418
42,0.1,0.1,Multilabel,37.286795,0.08591803429412036,0.08308529693203442,274,890,1747,411
42,0.1,0.1,Hoeffding/LTT,39.121582,0.08063961621057195,0.07838043342595694,262,848,1631,390
42,0.1,0.1,Hoeffding-Bentkus,37.286795,0.08591803429412036,0.08308529693203442,274,890,1747,411
42,0.1,0.1,IID-normal,37.286795,0.08591803429412036,0.08308529693203442,274,890,1747,411
42,0.1,0.1,Empirical Bernstein,37.286795,0.08591803429412036,0.08308529693203442,274,890,1747,411
42,0.1,0.1,Platt calibration,34.41804,0.09729905891469813,0.09760875610647993,312,1017,2042,465
42,0.1,0.1,Isotonic calibration,36.694525,0.08869203590966106,0.08819995970982314,280,915,1833,418
42,0.2,0.5,Multilabel,24.199306,0.17942953984504034,0.17887989985520678,542,1712,3707,835
42,0.2,0.5,Hoeffding/LTT,24.98679,0.1710005809250741,0.17217652083160914,515,1614,3486,792
42,0.2,0.5,Hoeffding-Bentkus,24.589896,0.17342098151469273,0.1741267054242272,523,1646,3570,804
42,0.2,0.5,IID-normal,24.199306,0.17942953984504034,0.17887989985520678,542,1712,3707,835
42,0.2,0.5,Empirical Bernstein,24.98679,0.1710005809250741,0.17217652083160914,515,1614,3486,792
42,0.2,0.5,Platt calibration,24.589896,0.17342098151469273,0.1741267054242272,523,1646,3570,804
42,0.2,0.5,Isotonic calibration,25.799901,0.16040044862965838,0.1628520304820484,500,1547,3306,761
42,0.2,0.1,Multilabel,24.589896,0.17342098151469273,0.1741267054242272,523,1646,3570,804
42,0.2,0.1,Hoeffding/LTT,25.390091,0.164307475152531,0.16580487022627113,505,1582,3382,773
42,0.2,0.1,Hoeffding-Bentkus,25.390091,0.164307475152531,0.16580487022627113,505,1582,3382,773
42,0.2,0.1,IID-normal,24.589896,0.17342098151469273,0.1741267054242272,523,1646,3570,804
42,0.2,0.1,Empirical Bernstein,25.390091,0.164307475152531,0.16580487022627113,505,1582,3382,773
42,0.2,0.1,Platt calibration,24.589896,0.17342098151469273,0.1741267054242272,523,1646,3570,804
42,0.2,0.1,Isotonic calibration,25.799901,0.16040044862965838,0.1628520304820484,500,1547,3306,761
43,0.05,0.5,Multilabel,55.641604,0.04725013298658313,0.047318020876442726,176,522,870,263
43,0.05,0.5,Hoeffding/LTT,62.000847,0.03935220757727998,0.03847657148112383,164,449,699,238
43,0.05,0.5,Hoeffding-Bentkus,58.379583,0.04486031483342199,0.04399539509554684,167,486,791,250
43,0.05,0.5,IID-normal,55.641604,0.04725013298658313,0.047318020876442726,176,522,870,263
43,0.05,0.5,Empirical Bernstein,60.27935,0.04370234647437792,0.04230205808354519,166,465,744,248
43,0.05,0.5,Platt calibration,49.74199,0.061208798786374294,0.06042656129909544,187,566,1036,301
43,0.05,0.5,Isotonic calibration,54.757783,0.05015318084205134,0.05024765320668203,177,524,885,271
43,0.05,0.1,Multilabel,59.321862,0.04372007801879543,0.04326672316050161,166,473,759,248
43,0.05,0.1,Hoeffding/LTT,66.35769,0.02681502058829324,0.027591654678149367,149,371,541,197
43,0.05,0.1,Hoeffding-Bentkus,61.252292,0.040234844454952026,0.03942612774175749,164,463,720,239
43,0.05,0.1,IID-normal,59.321862,0.04372007801879543,0.04326672316050161,166,473,759,248
43,0.05,0.1,Empirical Bernstein,61.252292,0.040234844454952026,0.03942612774175749,164,463,720,239
43,0.05,0.1,Platt calibration,49.74199,0.061208798786374294,0.06042656129909544,187,566,1036,301
43,0.05,0.1,Isotonic calibration,54.757783,0.05015318084205134,0.05024765320668203,177,524,885,271
43,0.1,0.5,Multilabel,34.973566,0.10000049254290047,0.09489601192939585,306,962,1963,468
43,0.1,0.5,Hoeffding/LTT,37.286795,0.08417180553092841,0.08291614387972507,289,879,1728,423
43,0.1,0.5,Hoeffding-Bentkus,36.111663,0.09630248044604685,0.09091615263845916,298,938,1872,453
43,0.1,0.5,IID-normal,34.973566,0.10000049254290047,0.09489601192939585,306,962,1963,468
43,0.1,0.5,Empirical Bernstein,36.694525,0.09048160844809583,0.08767180804358346,294,910,1820,435
43,0.1,0.5,Platt calibration,33.871338,0.10429563081611075,0.10037969112324197,329,1027,2083,493
43,0.1,0.5,Isotonic calibration,36.111663,0.09630248044604685,0.09091615263845916,298,938,1872,453
43,0.1,0.1,Multilabel,36.694525,0.09048160844809583,0.08767180804358346,294,910,1820,435
43,0.1,0.1,Hoeffding/LTT,39.753026,0.07800352660716749,0.07767442471539589,260,779,1522,387
43,0.1,0.1,Hoeffding-Bentkus,37.286795,0.08417180553092841,0.08291614387972507,289,879,1728,423
43,0.1,0.1,IID-normal,36.694525,0.09048160844809583,0.08767180804358346,294,910,1820,435
43,0.1,0.1,Empirical Bernstein,37.286795,0.08417180553092841,0.08291614387972507,289,879,1728,423
43,0.1,0.1,Platt calibration,33.871338,0.10429563081611075,0.10037969112324197,329,1027,2083,493
43,0.1,0.1,Isotonic calibration,36.111663,0.09630248044604685,0.09091615263845916,298,938,1872,453
43,0.2,0.5,Multilabel,23.81492,0.19048758014198566,0.1857755083529419,573,1772,3892,868
43,0.2,0.5,Hoeffding/LTT,24.589896,0.17775180338305505,0.174911974170594,549,1687,3613,824
43,0.2,0.5,Hoeffding-Bentkus,24.589896,0.17775180338305505,0.174911974170594,549,1687,3613,824
43,0.2,0.5,IID-normal,23.81492,0.19048758014198566,0.1857755083529419,573,1772,3892,868
43,0.2,0.5,Empirical Bernstein,24.589896,0.17775180338305505,0.174911974170594,549,1687,3613,824
43,0.2,0.5,Platt calibration,24.199306,0.18378659051771076,0.1803646185862191,565,1740,3741,849
43,0.2,0.5,Isotonic calibration,25.390091,0.1673526406462837,0.16565482560802403,526,1608,3401,789
43,0.2,0.1,Multilabel,24.589896,0.17775180338305505,0.174911974170594,549,1687,3613,824
43,0.2,0.1,Hoeffding/LTT,25.390091,0.1673526406462837,0.16565482560802403,526,1608,3401,789
43,0.2,0.1,Hoeffding-Bentkus,24.98679,0.1744550644946736,0.1725128845491289,536,1635,3496,808
43,0.2,0.1,IID-normal,24.589896,0.17775180338305505,0.174911974170594,549,1687,3613,824
43,0.2,0.1,Empirical Bernstein,25.390091,0.1673526406462837,0.16565482560802403,526,1608,3401,789
43,0.2,0.1,Platt calibration,24.199306,0.18378659051771076,0.1803646185862191,565,1740,3741,849
43,0.2,0.1,Isotonic calibration,25.390091,0.1673526406462837,0.16565482560802403,526,1608,3401,789
44,0.05,0.5,Multilabel,56.53969,0.05081023307130051,0.04697101077981199,174,468,818,269
44,0.05,0.5,Hoeffding/LTT,61.252292,0.04107906298638611,0.03915876738335008,163,419,677,241
44,0.05,0.5,Hoeffding-Bentkus,58.379583,0.04757964418700869,0.04412020705647413,166,442,756,255
44,0.05,0.5,IID-normal,56.53969,0.05081023307130051,0.04697101077981199,174,468,818,269
44,0.05,0.5,Empirical Bernstein,60.27935,0.043961424040033885,0.04206228773755329,165,424,706,248
44,0.05,0.5,Platt calibration,49.74199,0.06610467521721143,0.06159552384893811,190,525,1026,314
44,0.05,0.5,Isotonic calibration,53.888001,0.05688771992040507,0.05279480256718497,183,488,883,291
44,0.05,0.1,Multilabel,58.379583,0.04757964418700869,0.04412020705647413,166,442,756,255
44,0.05,0.1,Hoeffding/LTT,66.35769,0.029857950627499658,0.027750297249538525,145,323,488,202
44,0.05,0.1,Hoeffding-Bentkus,60.27935,0.043961424040033885,0.04206228773755329,165,424,706,248
44,0.05,0.1,IID-normal,58.379583,0.04757964418700869,0.04412020705647413,166,442,756,255
44,0.05,0.1,Empirical Bernstein,61.252292,0.04107906298638611,0.03915876738335008,163,419,677,241
44,0.05,0.1,Platt calibration,49.74199,0.06610467521721143,0.06159552384893811,190,525,1026,314
44,0.05,0.1,Isotonic calibration,53.888001,0.05688771992040507,0.05279480256718497,183,488,883,291
44,0.1,0.5,Multilabel,36.111663,0.09714275863427704,0.09289425799289229,283,875,1853,447
44,0.1,0.5,Hoeffding/LTT,37.286795,0.0909925396168673,0.08488800863611182,273,822,1715,429
44,0.1,0.5,Hoeffding-Bentkus,36.694525,0.09348480669332966,0.08996621318320865,279,852,1808,435
44,0.1,0.5,IID-normal,36.111663,0.09714275863427704,0.09289425799289229,283,875,1853,447
44,0.1,0.5,Empirical Bernstein,37.286795,0.0909925396168673,0.08488800863611182,273,822,1715,429
44,0.1,0.5,Platt calibration,33.871338,0.10647316297916216,0.1020526093363726,323,962,2058,498
44,0.1,0.5,Isotonic calibration,36.694525,0.09348480669332966,0.08996621318320865,279,852,1808,435
44,0.1,0.1,Multilabel,37.286795,0.0909925396168673,0.08488800863611182,273,822,1715,429
44,0.1,0.1,Hoeffding/LTT,39.753026,0.08294997077578789,0.07949640563449364,249,742,1513,394
44,0.1,0.1,Hoeffding-Bentkus,37.286795,0.0909925396168673,0.08488800863611182,273,822,1715,429
44,0.1,0.1,IID-normal,37.286795,0.0909925396168673,0.08488800863611182,273,822,1715,429
44,0.1,0.1,Empirical Bernstein,37.286795,0.0909925396168673,0.08488800863611182,273,822,1715,429
44,0.1,0.1,Platt calibration,33.871338,0.10647316297916216,0.1020526093363726,323,962,2058,498
44,0.1,0.1,Isotonic calibration,36.694525,0.09348480669332966,0.08996621318320865,279,852,1808,435
44,0.2,0.5,Multilabel,24.199306,0.1864021376107944,0.17977017541095344,556,1675,3724,861
44,0.2,0.5,Hoeffding/LTT,24.589896,0.18080792584583136,0.17460470894666685,540,1616,3590,836
44,0.2,0.5,Hoeffding-Bentkus,24.199306,0.1864021376107944,0.17977017541095344,556,1675,3724,861
44,0.2,0.5,IID-normal,24.199306,0.1864021376107944,0.17977017541095344,556,1675,3724,861
44,0.2,0.5,Empirical Bernstein,24.589896,0.18080792584583136,0.17460470894666685,540,1616,3590,836
44,0.2,0.5,Platt calibration,24.199306,0.1864021376107944,0.17977017541095344,556,1675,3724,861
44,0.2,0.5,Isotonic calibration,24.98679,0.17822934435744434,0.17258474580103123,526,1573,3499,818
44,0.2,0.1,Multilabel,24.199306,0.1864021376107944,0.17977017541095344,556,1675,3724,861
44,0.2,0.1,Hoeffding/LTT,25.390091,0.17170338973467547,0.16577156044252925,521,1551,3404,803
44,0.2,0.1,Hoeffding-Bentkus,24.589896,0.18080792584583136,0.17460470894666685,540,1616,3590,836
44,0.2,0.1,IID-normal,24.199306,0.1864021376107944,0.17977017541095344,556,1675,3724,861
44,0.2,0.1,Empirical Bernstein,24.98679,0.17822934435744434,0.17258474580103123,526,1573,3499,818
44,0.2,0.1,Platt calibration,24.199306,0.1864021376107944,0.17977017541095344,556,1675,3724,861
44,0.2,0.1,Isotonic calibration,24.98679,0.17822934435744434,0.17258474580103123,526,1573,3499,818
45,0.05,0.5,Multilabel,58.379583,0.040226471225643746,0.044074552154977034,142,397,650,219
45,0.05,0.5,Hoeffding/LTT,65.303653,0.031945347439762004,0.03539273068863357,123,292,465,188
45,0.05,0.5,Hoeffding-Bentkus,61.252292,0.03592706424729594,0.039587069480847926,139,373,583,209
45,0.05,0.5,IID-normal,58.379583,0.040226471225643746,0.044074552154977034,142,397,650,219
45,0.05,0.5,Empirical Bernstein,62.000847,0.03475481214413775,0.03863751322021429,137,355,559,205
45,0.05,0.5,Platt calibration,51.360675,0.05111068424059735,0.05727752267964711,165,452,807,260
45,0.05,0.5,Isotonic calibration,56.53969,0.04207104438796619,0.04657538970892537,150,417,692,230
45,0.05,0.1,Multilabel,61.252292,0.03592706424729594,0.039587069480847926,139,373,583,209
45,0.05,0.1,Hoeffding/LTT,66.35769,0.025663455286955492,0.027913538156330263,123,284,427,174
45,0.05,0.1,Hoeffding-Bentkus,62.240937,0.034354867308942605,0.038408253355142585,137,354,556,204
45,0.05,0.1,IID-normal,61.252292,0.03592706424729594,0.039587069480847926,139,373,583,209
45,0.05,0.1,Empirical Bernstein,65.303653,0.031945347439762004,0.03539273068863357,123,292,465,188
45,0.05,0.1,Platt calibration,51.360675,0.05111068424059735,0.05727752267964711,165,452,807,260
45,0.05,0.1,Isotonic calibration,56.53969,0.04207104438796619,0.04657538970892537,150,417,692,230
45,0.1,0.5,Multilabel,36.694525,0.08093579867473123,0.08766633383477086,259,757,1550,390
45,0.1,0.5,Hoeffding/LTT,38.500168,0.07540125828292979,0.08112941686538046,241,704,1391,368
45,0.1,0.5,Hoeffding-Bentkus,37.286795,0.07549812505335882,0.08255156157280588,254,731,1452,379
45,0.1,0.5,IID-normal,36.694525,0.08093579867473123,0.08766633383477086,259,757,1550,390
45,0.1,0.5,Empirical Bernstein,37.784172,0.07554146882860163,0.0818637819775908,245,709,1417,370
45,0.1,0.5,Platt calibration,34.41804,0.08941623815434323,0.0970958774828274,291,850,1739,437
45,0.1,0.5,Isotonic calibration,37.286795,0.07549812505335882,0.08255156157280588,254,731,1452,379
45,0.1,0.1,Multilabel,37.286795,0.07549812505335882,0.08255156157280588,254,731,1452,379
45,0.1,0.1,Hoeffding/LTT,41.709169,0.06789621792724813,0.07481491700004597,207,620,1169,328
45,0.1,0.1,Hoeffding-Bentkus,37.888624,0.07547940842314033,0.08170267601223596,245,709,1416,370
45,0.1,0.1,IID-normal,37.286795,0.07549812505335882,0.08255156157280588,254,731,1452,379
45,0.1,0.1,Empirical Bernstein,39.121582,0.07077972824766371,0.07782491071565427,235,688,1338,354
45,0.1,0.1,Platt calibration,34.41804,0.08941623815434323,0.0970958774828274,291,850,1739,437
45,0.1,0.1,Isotonic calibration,37.286795,0.07549812505335882,0.08255156157280588,254,731,1452,379
45,0.2,0.5,Multilabel,24.589896,0.1615097447948089,0.17357744878021505,499,1407,3085,773
45,0.2,0.5,Hoeffding/LTT,25.390091,0.1531519484974181,0.16414564577688498,476,1350,2913,737
45,0.2,0.5,Hoeffding-Bentkus,24.98679,0.160942663735382,0.17156265627363057,481,1370,3006,756
45,0.2,0.5,IID-normal,24.589896,0.1615097447948089,0.17357744878021505,499,1407,3085,773
45,0.2,0.5,Empirical Bernstein,25.390091,0.1531519484974181,0.16414564577688498,476,1350,2913,737
45,0.2,0.5,Platt calibration,24.589896,0.1615097447948089,0.17357744878021505,499,1407,3085,773
45,0.2,0.5,Isotonic calibration,25.390091,0.1531519484974181,0.16414564577688498,476,1350,2913,737
45,0.2,0.1,Multilabel,24.98679,0.160942663735382,0.17156265627363057,481,1370,3006,756
45,0.2,0.1,Hoeffding/LTT,25.799901,0.15029341894257078,0.16110256522037458,469,1321,2852,725
45,0.2,0.1,Hoeffding-Bentkus,25.390091,0.1531519484974181,0.16414564577688498,476,1350,2913,737
45,0.2,0.1,IID-normal,24.98679,0.160942663735382,0.17156265627363057,481,1370,3006,756
45,0.2,0.1,Empirical Bernstein,25.390091,0.1531519484974181,0.16414564577688498,476,1350,2913,737
45,0.2,0.1,Platt calibration,24.589896,0.1615097447948089,0.17357744878021505,499,1407,3085,773
45,0.2,0.1,Isotonic calibration,25.390091,0.1531519484974181,0.16414564577688498,476,1350,2913,737
46,0.05,0.5,Multilabel,58.379583,0.04084461256575448,0.04356988484454341,176,467,737,252
46,0.05,0.5,Hoeffding/LTT,64.266358,0.032957030557361544,0.03628218013650487,164,374,572,227
46,0.05,0.5,Hoeffding-Bentkus,60.27935,0.038528675847666324,0.041879011226507425,175,440,686,247
46,0.05,0.5,IID-normal,58.379583,0.04084461256575448,0.04356988484454341,176,467,737,252
46,0.05,0.5,Empirical Bernstein,61.252292,0.035970408022538765,0.03905136340644686,174,436,668,241
46,0.05,0.5,Platt calibration,51.360675,0.0512934176566779,0.05744749686327835,193,526,900,287
46,0.05,0.5,Isotonic calibration,55.641604,0.0438244971136986,0.04720289826511374,181,501,809,260
46,0.05,0.1,Multilabel,61.252292,0.035970408022538765,0.03905136340644686,174,436,668,241
46,0.05,0.1,Hoeffding/LTT,66.35769,0.025037925803337472,0.027739458316089573,148,333,486,194
46,0.05,0.1,Hoeffding-Bentkus,61.252292,0.035970408022538765,0.03905136340644686,174,436,668,241
46,0.05,0.1,IID-normal,61.252292,0.035970408022538765,0.03905136340644686,174,436,668,241
46,0.05,0.1,Empirical Bernstein,64.266358,0.032957030557361544,0.03628218013650487,164,374,572,227
46,0.05,0.1,Platt calibration,51.360675,0.0512934176566779,0.05744749686327835,193,526,900,287
46,0.05,0.1,Isotonic calibration,55.641604,0.0438244971136986,0.04720289826511374,181,501,809,260
46,0.1,0.5,Multilabel,37.286795,0.07244238889873973,0.08335533965276,284,868,1624,397
46,0.1,0.5,Hoeffding/LTT,39.753026,0.06818402716209915,0.07832634824288846,255,762,1397,367
46,0.1,0.5,Hoeffding-Bentkus,37.784172,0.07134795857385846,0.08257099501409063,272,840,1585,382
46,0.1,0.5,IID-normal,37.286795,0.07244238889873973,0.08335533965276,284,868,1624,397
46,0.1,0.5,Empirical Bernstein,39.121582,0.0681638329031792,0.0788417997446829,263,804,1473,370
46,0.1,0.5,Platt calibration,34.41804,0.0884068535702793,0.09776696074116409,311,988,1909,453
46,0.1,0.5,Isotonic calibration,37.286795,0.07244238889873973,0.08335533965276,284,868,1624,397
46,0.1,0.1,Multilabel,39.121582,0.0681638329031792,0.0788417997446829,263,804,1473,370
46,0.1,0.1,Hoeffding/LTT,43.066453,0.06468615166380992,0.0732166669951192,221,636,1166,336
46,0.1,0.1,Hoeffding-Bentkus,39.121582,0.0681638329031792,0.0788417997446829,263,804,1473,370
46,0.1,0.1,IID-normal,39.121582,0.0681638329031792,0.0788417997446829,263,804,1473,370
46,0.1,0.1,Empirical Bernstein,40.394661,0.06739792869292249,0.07647661308511082,247,748,1358,359
46,0.1,0.1,Platt calibration,34.41804,0.0884068535702793,0.09776696074116409,311,988,1909,453
46,0.1,0.1,Isotonic calibration,37.286795,0.07244238889873973,0.08335533965276,284,868,1624,397
46,0.2,0.5,Multilabel,24.199306,0.17093646376635743,0.1793444551201199,570,1707,3575,844
46,0.2,0.5,Hoeffding/LTT,24.98679,0.16341477856055966,0.17134485224323173,541,1609,3354,804
46,0.2,0.5,Hoeffding-Bentkus,24.589896,0.1667032486984299,0.17359150505547982,557,1650,3449,825
46,0.2,0.5,IID-normal,24.199306,0.17093646376635743,0.1793444551201199,570,1707,3575,844
46,0.2,0.5,Empirical Bernstein,24.98679,0.16341477856055966,0.17134485224323173,541,1609,3354,804
46,0.2,0.5,Platt calibration,24.589896,0.1667032486984299,0.17359150505547982,557,1650,3449,825
46,0.2,0.5,Isotonic calibration,25.390091,0.15592878319703019,0.16436629103650113,533,1582,3256,784
46,0.2,0.1,Multilabel,24.589896,0.1667032486984299,0.17359150505547982,557,1650,3449,825
46,0.2,0.1,Hoeffding/LTT,25.390091,0.15592878319703019,0.16436629103650113,533,1582,3256,784
46,0.2,0.1,Hoeffding-Bentkus,25.390091,0.15592878319703019,0.16436629103650113,533,1582,3256,784
46,0.2,0.1,IID-normal,24.589896,0.1667032486984299,0.17359150505547982,557,1650,3449,825
46,0.2,0.1,Empirical Bernstein,25.390091,0.15592878319703019,0.16436629103650113,533,1582,3256,784
46,0.2,0.1,Platt calibration,24.589896,0.1667032486984299,0.17359150505547982,557,1650,3449,825
46,0.2,0.1,Isotonic calibration,25.390091,0.15592878319703019,0.16436629103650113,533,1582,3256,784
47,0.05,0.5,Multilabel,56.53969,0.04879031463640483,0.047107482805510116,179,549,858,275
47,0.05,0.5,Hoeffding/LTT,62.000847,0.03973146561065469,0.03858627462572834,171,482,724,251
47,0.05,0.5,Hoeffding-Bentkus,60.27935,0.04262761786551609,0.042726747203226716,173,499,756,257
47,0.05,0.5,IID-normal,56.53969,0.04879031463640483,0.047107482805510116,179,549,858,275
47,0.05,0.5,Empirical Bernstein,61.252292,0.040627893689540354,0.0396783792838421,172,497,743,253
47,0.05,0.5,Platt calibration,48.95188,0.0615693401895305,0.0614746533183559,201,631,1069,318
47,0.05,0.5,Isotonic calibration,55.641604,0.05037039226116595,0.048300586616216355,181,559,884,280
47,0.05,0.1,Multilabel,60.27935,0.04262761786551609,0.042726747203226716,173,499,756,257
47,0.05,0.1,Hoeffding/LTT,66.35769,0.027483893847154082,0.027364037075721444,152,374,533,208
47,0.05,0.1,Hoeffding-Bentkus,61.252292,0.040627893689540354,0.0396783792838421,172,497,743,253
47,0.05,0.1,IID-normal,60.27935,0.04262761786551609,0.042726747203226716,173,499,756,257
47,0.05,0.1,Empirical Bernstein,62.000847,0.03973146561065469,0.03858627462572834,171,482,724,251
47,0.05,0.1,Platt calibration,48.95188,0.0615693401895305,0.0614746533183559,201,631,1069,318
47,0.05,0.1,Isotonic calibration,55.641604,0.05037039226116595,0.048300586616216355,181,559,884,280
47,0.1,0.5,Multilabel,36.694525,0.08896753157199992,0.08948935485354301,296,933,1832,440
47,0.1,0.5,Hoeffding/LTT,37.784172,0.0828783878742505,0.0834642216660426,286,888,1709,421
47,0.1,0.5,Hoeffding-Bentkus,37.286795,0.08310298743687242,0.08414740292585512,292,910,1743,428
47,0.1,0.5,IID-normal,36.694525,0.08896753157199992,0.08948935485354301,296,933,1832,440
47,0.1,0.5,Empirical Bernstein,37.286795,0.08310298743687242,0.08414740292585512,292,910,1743,428
47,0.1,0.5,Platt calibration,33.871338,0.10446785665031423,0.1022942409133608,332,1051,2096,506
47,0.1,0.5,Isotonic calibration,36.694525,0.08896753157199992,0.08948935485354301,296,933,1832,440
47,0.1,0.1,Multilabel,37.286795,0.08310298743687242,0.08414740292585512,292,910,1743,428
47,0.1,0.1,Hoeffding/LTT,41.046654,0.07518174833027957,0.07703021982232908,242,783,1453,377
47,0.1,0.1,Hoeffding-Bentkus,37.286795,0.08310298743687242,0.08414740292585512,292,910,1743,428
47,0.1,0.1,IID-normal,37.286795,0.08310298743687242,0.08414740292585512,292,910,1743,428
47,0.1,0.1,Empirical Bernstein,39.121582,0.07880604317302703,0.07953910446323192,268,853,1599,400
47,0.1,0.1,Platt calibration,33.871338,0.10446785665031423,0.1022942409133608,332,1051,2096,506
47,0.1,0.1,Isotonic calibration,36.694525,0.08896753157199992,0.08948935485354301,296,933,1832,440
47,0.2,0.5,Multilabel,24.199306,0.17997022089540768,0.18175289575310266,567,1794,3807,858
47,0.2,0.5,Hoeffding/LTT,24.589896,0.17571136232730578,0.17656621749529086,551,1726,3669,834
47,0.2,0.5,Hoeffding-Bentkus,24.589896,0.17571136232730578,0.17656621749529086,551,1726,3669,834
47,0.2,0.5,IID-normal,24.199306,0.17997022089540768,0.18175289575310266,567,1794,3807,858
47,0.2,0.5,Empirical Bernstein,24.98679,0.17382879562264553,0.17432210272531046,538,1680,3568,820
47,0.2,0.5,Platt calibration,24.199306,0.17997022089540768,0.18175289575310266,567,1794,3807,858
47,0.2,0.5,Isotonic calibration,25.390091,0.16492029158588334,0.1668560632238178,528,1649,3457,796
47,0.2,0.1,Multilabel,24.589896,0.17571136232730578,0.17656621749529086,551,1726,3669,834
47,0.2,0.1,Hoeffding/LTT,25.390091,0.16492029158588334,0.1668560632238178,528,1649,3457,796
47,0.2,0.1,Hoeffding-Bentkus,24.98679,0.17382879562264553,0.17432210272531046,538,1680,3568,820
47,0.2,0.1,IID-normal,24.589896,0.17571136232730578,0.17656621749529086,551,1726,3669,834
47,0.2,0.1,Empirical Bernstein,25.390091,0.16492029158588334,0.1668560632238178,528,1649,3457,796
47,0.2,0.1,Platt calibration,24.199306,0.17997022089540768,0.18175289575310266,567,1794,3807,858
47,0.2,0.1,Isotonic calibration,25.390091,0.16492029158588334,0.1668560632238178,528,1649,3457,796
48,0.05,0.5,Multilabel,56.53969,0.04701568256595149,0.04629686196454026,171,503,839,261
48,0.05,0.5,Hoeffding/LTT,61.252292,0.040356995094272714,0.039043808998285474,158,441,710,237
48,0.05,0.5,Hoeffding-Bentkus,58.379583,0.04457316232243828,0.043919522561404196,163,474,778,250
48,0.05,0.5,IID-normal,56.53969,0.04701568256595149,0.04629686196454026,171,503,839,261
48,0.05,0.5,Empirical Bernstein,60.27935,0.04251433299840416,0.04196539424157027,162,447,730,245
48,0.05,0.5,Platt calibration,48.17432,0.06267362137242154,0.06039289491489795,199,599,1100,314
48,0.05,0.5,Isotonic calibration,54.757783,0.0509466674547353,0.05064212469371802,178,518,882,276
48,0.05,0.1,Multilabel,58.379583,0.04457316232243828,0.043919522561404196,163,474,778,250
48,0.05,0.1,Hoeffding/LTT,66.35769,0.028340918494000826,0.02756406466573386,141,335,510,196
48,0.05,0.1,Hoeffding-Bentkus,61.252292,0.040356995094272714,0.039043808998285474,158,441,710,237
48,0.05,0.1,IID-normal,58.379583,0.04457316232243828,0.043919522561404196,163,474,778,250
48,0.05,0.1,Empirical Bernstein,61.252292,0.040356995094272714,0.039043808998285474,158,441,710,237
48,0.05,0.1,Platt calibration,48.17432,0.06267362137242154,0.06039289491489795,199,599,1100,314
48,0.05,0.1,Isotonic calibration,54.757783,0.0509466674547353,0.05064212469371802,178,518,882,276
48,0.1,0.5,Multilabel,36.111663,0.09086447846274077,0.09084312669289908,278,894,1838,425
48,0.1,0.5,Hoeffding/LTT,37.286795,0.08347288715513788,0.08318782886309442,262,833,1683,400
48,0.1,0.5,Hoeffding-Bentkus,36.694525,0.08890760551910738,0.08795630267557429,266,862,1786,409
48,0.1,0.5,IID-normal,36.111663,0.09086447846274077,0.09084312669289908,278,894,1838,425
48,0.1,0.5,Empirical Bernstein,37.286795,0.08347288715513788,0.08318782886309442,262,833,1683,400
48,0.1,0.5,Platt calibration,33.871338,0.0998414011860433,0.09985980551230932,304,966,2017,466
48,0.1,0.5,Isotonic calibration,36.694525,0.08890760551910738,0.08795630267557429,266,862,1786,409
48,0.1,0.1,Multilabel,36.694525,0.08890760551910738,0.08795630267557429,266,862,1786,409
48,0.1,0.1,Hoeffding/LTT,39.753026,0.07752362564112668,0.07781319590879529,242,760,1497,374
48,0.1,0.1,Hoeffding-Bentkus,37.286795,0.08347288715513788,0.08318782886309442,262,833,1683,400
48,0.1,0.1,IID-normal,36.694525,0.08890760551910738,0.08795630267557429,266,862,1786,409
48,0.1,0.1,Empirical Bernstein,37.784172,0.0827902226950634,0.082618949083289,258,818,1653,394
48,0.1,0.1,Platt calibration,33.871338,0.0998414011860433,0.09985980551230932,304,966,2017,466
48,0.1,0.1,Isotonic calibration,36.694525,0.08890760551910738,0.08795630267557429,266,862,1786,409
48,0.2,0.5,Multilabel,23.81492,0.183402008320478,0.18117565988669806,552,1625,3701,851
48,0.2,0.5,Hoeffding/LTT,24.589896,0.1747226651191216,0.1705070645882969,527,1556,3457,815
48,0.2,0.5,Hoeffding-Bentkus,24.199306,0.17788393080198675,0.17567958206322118,546,1606,3574,837
48,0.2,0.5,IID-normal,23.81492,0.183402008320478,0.18117565988669806,552,1625,3701,851
48,0.2,0.5,Empirical Bernstein,24.589896,0.1747226651191216,0.1705070645882969,527,1556,3457,815
48,0.2,0.5,Platt calibration,23.81492,0.183402008320478,0.18117565988669806,552,1625,3701,851
48,0.2,0.5,Isotonic calibration,24.98679,0.17195470834826868,0.16808655090416064,514,1518,3366,798
48,0.2,0.1,Multilabel,24.199306,0.17788393080198675,0.17567958206322118,546,1606,3574,837
48,0.2,0.1,Hoeffding/LTT,24.98679,0.17195470834826868,0.16808655090416064,514,1518,3366,798
48,0.2,0.1,Hoeffding-Bentkus,24.589896,0.1747226651191216,0.1705070645882969,527,1556,3457,815
48,0.2,0.1,IID-normal,24.199306,0.17788393080198675,0.17567958206322118,546,1606,3574,837
48,0.2,0.1,Empirical Bernstein,24.589896,0.1747226651191216,0.1705070645882969,527,1556,3457,815
48,0.2,0.1,Platt calibration,23.81492,0.183402008320478,0.18117565988669806,552,1625,3701,851
48,0.2,0.1,Isotonic calibration,24.98679,0.17195470834826868,0.16808655090416064,514,1518,3366,798
49,0.05,0.5,Multilabel,56.53969,0.05099739937348542,0.04717612938402013,165,457,779,262
49,0.05,0.5,Hoeffding/LTT,61.252292,0.04359792737947475,0.03931970912244054,152,392,642,236
49,0.05,0.5,Hoeffding-Bentkus,58.379583,0.0477963630632228,0.04424600437498768,156,425,723,247
49,0.05,0.5,IID-normal,56.53969,0.05099739937348542,0.04717612938402013,165,457,779,262
49,0.05,0.5,Empirical Bernstein,60.27935,0.04671473885375416,0.04224392198595537,155,395,666,245
49,0.05,0.5,Platt calibration,49.74199,0.06359073625312765,0.06165201768388415,184,530,989,304
49,0.05,0.5,Isotonic calibration,54.757783,0.05391325334436629,0.05138114288341906,171,470,813,274
49,0.05,0.1,Multilabel,58.379583,0.0477963630632228,0.04424600437498768,156,425,723,247
49,0.05,0.1,Hoeffding/LTT,66.35769,0.02775479244242173,0.026947887721787567,123,286,438,176
49,0.05,0.1,Hoeffding-Bentkus,60.27935,0.04671473885375416,0.04224392198595537,155,395,666,245
49,0.05,0.1,IID-normal,58.379583,0.0477963630632228,0.04424600437498768,156,425,723,247
49,0.05,0.1,Empirical Bernstein,61.252292,0.04359792737947475,0.03931970912244054,152,392,642,236
49,0.05,0.1,Platt calibration,49.74199,0.06359073625312765,0.06165201768388415,184,530,989,304
49,0.05,0.1,Isotonic calibration,54.757783,0.05391325334436629,0.05138114288341906,171,470,813,274
49,0.1,0.5,Multilabel,36.111663,0.09545711264784495,0.09297544050958316,291,890,1814,452
49,0.1,0.5,Hoeffding/LTT,37.286795,0.08598879629082361,0.08451713098905815,273,818,1655,418
49,0.1,0.5,Hoeffding-Bentkus,37.286795,0.08598879629082361,0.08451713098905815,273,818,1655,418
49,0.1,0.5,IID-normal,36.111663,0.09545711264784495,0.09297544050958316,291,890,1814,452
49,0.1,0.5,Empirical Bernstein,37.286795,0.08598879629082361,0.08451713098905815,273,818,1655,418
49,0.1,0.5,Platt calibration,33.871338,0.10243447537613859,0.10257419195203718,322,967,2001,491
49,0.1,0.5,Isotonic calibration,36.694525,0.09130530435867631,0.08966836148171503,281,847,1744,433
49,0.1,0.1,Multilabel,37.286795,0.08598879629082361,0.08451713098905815,273,818,1655,418
49,0.1,0.1,Hoeffding/LTT,40.394661,0.07718623375429333,0.07739513058177701,239,719,1419,372
49,0.1,0.1,Hoeffding-Bentkus,37.286795,0.08598879629082361,0.08451713098905815,273,818,1655,418
49,0.1,0.1,IID-normal,37.286795,0.08598879629082361,0.08451713098905815,273,818,1655,418
49,0.1,0.1,Empirical Bernstein,39.121582,0.07959115655640273,0.07948666154280723,255,765,1519,390
49,0.1,0.1,Platt calibration,33.871338,0.10243447537613859,0.10257419195203718,322,967,2001,491
49,0.1,0.1,Isotonic calibration,36.694525,0.09130530435867631,0.08966836148171503,281,847,1744,433
49,0.2,0.5,Multilabel,24.199306,0.17233616614320696,0.1795513525494537,561,1672,3569,843
49,0.2,0.5,Hoeffding/LTT,24.98679,0.1659477440793608,0.17294366211042345,530,1571,3358,805
49,0.2,0.5,Hoeffding-Bentkus,24.589896,0.167345550979857,0.17484648982025902,544,1619,3452,818
49,0.2,0.5,IID-normal,24.199306,0.17233616614320696,0.1795513525494537,561,1672,3569,843
49,0.2,0.5,Empirical Bernstein,25.390091,0.15741555774411284,0.16568276609590624,523,1542,3251,781
49,0.2,0.5,Platt calibration,24.199306,0.17233616614320696,0.1795513525494537,561,1672,3569,843
49,0.2,0.5,Isotonic calibration,25.390091,0.15741555774411284,0.16568276609590624,523,1542,3251,781
49,0.2,0.1,Multilabel,24.98679,0.1659477440793608,0.17294366211042345,530,1571,3358,805
49,0.2,0.1,Hoeffding/LTT,25.390091,0.15741555774411284,0.16568276609590624,523,1542,3251,781
49,0.2,0.1,Hoeffding-Bentkus,25.390091,0.15741555774411284,0.16568276609590624,523,1542,3251,781
49,0.2,0.1,IID-normal,24.98679,0.1659477440793608,0.17294366211042345,530,1571,3358,805
49,0.2,0.1,Empirical Bernstein,25.390091,0.15741555774411284,0.16568276609590624,523,1542,3251,781
49,0.2,0.1,Platt calibration,24.199306,0.17233616614320696,0.1795513525494537,561,1672,3569,843
49,0.2,0.1,Isotonic calibration,25.390091,0.15741555774411284,0.16568276609590624,523,1542,3251,781
50,0.05,0.5,Multilabel,59.321862,0.04135340938195717,0.04467512760380742,161,430,721,238
50,0.05,0.5,Hoeffding/LTT,64.266358,0.035371475855547015,0.0369689743741337,149,361,579,217
50,0.05,0.5,Hoeffding-Bentkus,61.252292,0.038488287329826426,0.040319847072502614,158,417,672,230
50,0.05,0.5,IID-normal,59.321862,0.04135340938195717,0.04467512760380742,161,430,721,238
50,0.05,0.5,Empirical Bernstein,61.252292,0.038488287329826426,0.040319847072502614,158,417,672,230
50,0.05,0.5,Platt calibration,52.189665,0.05337638158283587,0.05728310637263596,176,498,906,274
50,0.05,0.5,Isotonic calibration,55.641604,0.048322891423843016,0.04915472741724638,165,471,822,254
50,0.05,0.1,Multilabel,61.252292,0.038488287329826426,0.040319847072502614,158,417,672,230
50,0.05,0.1,Hoeffding/LTT,66.35769,0.028237484484898635,0.028030795709096164,134,314,484,188
50,0.05,0.1,Hoeffding-Bentkus,61.252292,0.038488287329826426,0.040319847072502614,158,417,672,230
50,0.05,0.1,IID-normal,61.252292,0.038488287329826426,0.040319847072502614,158,417,672,230
50,0.05,0.1,Empirical Bernstein,64.266358,0.035371475855547015,0.0369689743741337,149,361,579,217
50,0.05,0.1,Platt calibration,52.189665,0.05337638158283587,0.05728310637263596,176,498,906,274
50,0.05,0.1,Isotonic calibration,55.641604,0.048322891423843016,0.04915472741724638,165,471,822,254
50,0.1,0.5,Multilabel,36.694525,0.08585564552672538,0.08980094681915624,290,880,1755,427
50,0.1,0.5,Hoeffding/LTT,39.121582,0.0767107656743569,0.08079986949486191,264,800,1551,392
50,0.1,0.5,Hoeffding-Bentkus,37.286795,0.08139517701991844,0.08504550162365034,281,849,1671,414
50,0.1,0.5,IID-normal,36.694525,0.08585564552672538,0.08980094681915624,290,880,1755,427
50,0.1,0.5,Empirical Bernstein,37.784172,0.08071546781724688,0.08443063848981906,273,832,1642,405
50,0.1,0.5,Platt calibration,34.41804,0.09598462609426614,0.09862958656585365,317,978,1943,475
50,0.1,0.5,Isotonic calibration,36.694525,0.08585564552672538,0.08980094681915624,290,880,1755,427
50,0.1,0.1,Multilabel,37.286795,0.08139517701991844,0.08504550162365034,281,849,1671,414
50,0.1,0.1,Hoeffding/LTT,42.382378,0.07137997386239008,0.07622239082785363,223,685,1306,347
50,0.1,0.1,Hoeffding-Bentkus,38.500168,0.08034441883221362,0.08361547405553475,268,825,1613,402
50,0.1,0.1,IID-normal,37.286795,0.08139517701991844,0.08504550162365034,281,849,1671,414
50,0.1,0.1,Empirical Bernstein,39.753026,0.0753081676747378,0.08033751781854968,256,763,1478,384
50,0.1,0.1,Platt calibration,34.41804,0.09598462609426614,0.09862958656585365,317,978,1943,475
50,0.1,0.1,Isotonic calibration,36.694525,0.08585564552672538,0.08980094681915624,290,880,1755,427
50,0.2,0.5,Multilabel,24.199306,0.17310144928881088,0.1800488292918283,563,1694,3549,839
50,0.2,0.5,Hoeffding/LTT,24.98679,0.16516235578910501,0.17264344654603353,533,1586,3342,796
50,0.2,0.5,Hoeffding-Bentkus,24.589896,0.16709047524928905,0.17483023639663908,548,1632,3427,813
50,0.2,0.5,IID-normal,24.199306,0.17310144928881088,0.1800488292918283,563,1694,3549,839
50,0.2,0.5,Empirical Bernstein,25.390091,0.16129105814453473,0.1653715175124822,521,1551,3255,781
50,0.2,0.5,Platt calibration,24.589896,0.16709047524928905,0.17483023639663908,548,1632,3427,813
50,0.2,0.5,Isotonic calibration,25.390091,0.16129105814453473,0.1653715175124822,521,1551,3255,781
50,0.2,0.1,Multilabel,24.98679,0.16516235578910501,0.17264344654603353,533,1586,3342,796
50,0.2,0.1,Hoeffding/LTT,25.390091,0.16129105814453473,0.1653715175124822,521,1551,3255,781
50,0.2,0.1,Hoeffding-Bentkus,25.390091,0.16129105814453473,0.1653715175124822,521,1551,3255,781
50,0.2,0.1,IID-normal,24.98679,0.16516235578910501,0.17264344654603353,533,1586,3342,796
50,0.2,0.1,Empirical Bernstein,25.390091,0.16129105814453473,0.1653715175124822,521,1551,3255,781
50,0.2,0.1,Platt calibration,24.589896,0.16709047524928905,0.17483023639663908,548,1632,3427,813
50,0.2,0.1,Isotonic calibration,25.390091,0.16129105814453473,0.1653715175124822,521,1551,3255,781
51,0.05,0.5,Multilabel,56.53969,0.049911342277912406,0.04765895460129147,165,501,835,267
51,0.05,0.5,Hoeffding/LTT,62.000847,0.04152629194002798,0.03904085292552668,159,439,702,246
51,0.05,0.5,Hoeffding-Bentkus,59.321862,0.04631430147565853,0.04422153466159536,161,470,762,256
51,0.05,0.5,IID-normal,56.53969,0.049911342277912406,0.04765895460129147,165,501,835,267
51,0.05,0.5,Empirical Bernstein,61.252292,0.04290541206139055,0.040082375894212006,159,454,723,248
51,0.05,0.5,Platt calibration,48.95188,0.06489696002521819,0.06208278317534767,187,574,1047,316
51,0.05,0.5,Isotonic calibration,55.641604,0.05121165553519712,0.04876189819285418,167,507,857,271
51,0.05,0.1,Multilabel,60.27935,0.04591435664046338,0.04307293616853556,160,455,738,255
51,0.05,0.1,Hoeffding/LTT,66.35769,0.028587189944244147,0.02826990915003055,141,359,528,200
51,0.05,0.1,Hoeffding-Bentkus,61.252292,0.04290541206139055,0.040082375894212006,159,454,723,248
51,0.05,0.1,IID-normal,60.27935,0.04591435664046338,0.04307293616853556,160,455,738,255
51,0.05,0.1,Empirical Bernstein,61.252292,0.04290541206139055,0.040082375894212006,159,454,723,248
51,0.05,0.1,Platt calibration,48.95188,0.06489696002521819,0.06208278317534767,187,574,1047,316
51,0.05,0.1,Isotonic calibration,55.641604,0.05121165553519712,0.04876189819285418,167,507,857,271
51,0.1,0.5,Multilabel,36.111663,0.10174278096288854,0.09382295751794993,292,888,1866,465
51,0.1,0.5,Hoeffding/LTT,37.286795,0.09412987371200031,0.08552953116686046,277,835,1725,438
51,0.1,0.5,Hoeffding-Bentkus,36.694525,0.09934885828555667,0.09080710639891218,281,857,1814,450
51,0.1,0.5,IID-normal,36.111663,0.10174278096288854,0.09382295751794993,292,888,1866,465
51,0.1,0.5,Empirical Bernstein,37.286795,0.09412987371200031,0.08552953116686046,277,835,1725,438
51,0.1,0.5,Platt calibration,33.871338,0.11047802930301895,0.10377156564561724,322,970,2064,508
51,0.1,0.5,Isotonic calibration,36.111663,0.10174278096288854,0.09382295751794993,292,888,1866,465
51,0.1,0.1,Multilabel,36.694525,0.09934885828555667,0.09080710639891218,281,857,1814,450
51,0.1,0.1,Hoeffding/LTT,39.121582,0.088700737500903,0.08050097769369394,259,789,1583,413
51,0.1,0.1,Hoeffding-Bentkus,37.286795,0.09412987371200031,0.08552953116686046,277,835,1725,438
51,0.1,0.1,IID-normal,36.694525,0.09934885828555667,0.09080710639891218,281,857,1814,450
51,0.1,0.1,Empirical Bernstein,37.286795,0.09412987371200031,0.08552953116686046,277,835,1725,438
51,0.1,0.1,Platt calibration,33.871338,0.11047802930301895,0.10377156564561724,322,970,2064,508
51,0.1,0.1,Isotonic calibration,36.111663,0.10174278096288854,0.09382295751794993,292,888,1866,465
51,0.2,0.5,Multilabel,24.199306,0.18487598573448802,0.18048518670673452,562,1648,3740,864
51,0.2,0.5,Hoeffding/LTT,24.589896,0.17878214737958223,0.175259863980012,545,1597,3594,838
51,0.2,0.5,Hoeffding-Bentkus,24.589896,0.17878214737958223,0.175259863980012,545,1597,3594,838
51,0.2,0.5,IID-normal,24.199306,0.18487598573448802,0.18048518670673452,562,1648,3740,864
51,0.2,0.5,Empirical Bernstein,24.589896,0.17878214737958223,0.175259863980012,545,1597,3594,838
51,0.2,0.5,Platt calibration,24.199306,0.18487598573448802,0.18048518670673452,562,1648,3740,864
51,0.2,0.5,Isotonic calibration,25.390091,0.17020484801825306,0.16584339603478146,514,1522,3389,796
51,0.2,0.1,Multilabel,24.589896,0.17878214737958223,0.175259863980012,545,1597,3594,838
51,0.2,0.1,Hoeffding/LTT,25.390091,0.17020484801825306,0.16584339603478146,514,1522,3389,796
51,0.2,0.1,Hoeffding-Bentkus,24.98679,0.1772651669114226,0.1730952695578648,525,1549,3494,819
51,0.2,0.1,IID-normal,24.589896,0.17878214737958223,0.175259863980012,545,1597,3594,838
51,0.2,0.1,Empirical Bernstein,25.390091,0.17020484801825306,0.16584339603478146,514,1522,3389,796
51,0.2,0.1,Platt calibration,24.199306,0.18487598573448802,0.18048518670673452,562,1648,3740,864
51,0.2,0.1,Isotonic calibration,25.390091,0.17020484801825306,0.16584339603478146,514,1522,3389,796
52,0.05,0.5,Multilabel,55.641604,0.056140532340366846,0.04880820999940879,176,527,913,285
52,0.05,0.5,Hoeffding/LTT,61.252292,0.04860216324841894,0.04023937620295739,164,464,755,262
52,0.05,0.5,Hoeffding-Bentkus,58.379583,0.05290058514096578,0.04516829907573458,168,497,840,273
52,0.05,0.5,IID-normal,55.641604,0.056140532340366846,0.04880820999940879,176,527,913,285
52,0.05,0.5,Empirical Bernstein,59.321862,0.052504088106074036,0.04434766043263767,167,484,807,273
52,0.05,0.5,Platt calibration,48.17432,0.06803839864452194,0.061564320858706285,209,632,1164,334
52,0.05,0.5,Isotonic calibration,54.757783,0.06027789270445456,0.05201374245380315,179,530,932,298
52,0.05,0.1,Multilabel,58.379583,0.05290058514096578,0.04516829907573458,168,497,840,273
52,0.05,0.1,Hoeffding/LTT,66.35769,0.03415883523454893,0.0288676927523665,146,352,535,215
52,0.05,0.1,Hoeffding-Bentkus,60.27935,0.05149733041747936,0.04324176076831615,165,467,780,269
52,0.05,0.1,IID-normal,58.379583,0.05290058514096578,0.04516829907573458,168,497,840,273
52,0.05,0.1,Empirical Bernstein,61.252292,0.04860216324841894,0.04023937620295739,164,464,755,262
52,0.05,0.1,Platt calibration,48.17432,0.06803839864452194,0.061564320858706285,209,632,1164,334
52,0.05,0.1,Isotonic calibration,54.757783,0.06027789270445456,0.05201374245380315,179,530,932,298
52,0.1,0.5,Multilabel,34.973566,0.10458606694643104,0.09625996579714334,313,995,2035,487
52,0.1,0.5,Hoeffding/LTT,37.286795,0.09220370260916393,0.0843265190382034,292,908,1804,442
52,0.1,0.5,Hoeffding-Bentkus,36.111663,0.10025628648921989,0.09253887235677827,305,968,1950,469
52,0.1,0.5,IID-normal,34.973566,0.10458606694643104,0.09625996579714334,313,995,2035,487
52,0.1,0.5,Empirical Bernstein,36.694525,0.09669306696613275,0.08920535290034533,298,933,1895,454
52,0.1,0.5,Platt calibration,33.33332,0.113812052196413,0.10431718003796911,358,1091,2209,544
52,0.1,0.5,Isotonic calibration,36.111663,0.10025628648921989,0.09253887235677827,305,968,1950,469
52,0.1,0.1,Multilabel,36.694525,0.09669306696613275,0.08920535290034533,298,933,1895,454
52,0.1,0.1,Hoeffding/LTT,39.121582,0.08645244334114835,0.0796162908074896,269,848,1657,413
52,0.1,0.1,Hoeffding-Bentkus,36.694525,0.09669306696613275,0.08920535290034533,298,933,1895,454
52,0.1,0.1,IID-normal,36.694525,0.09669306696613275,0.08920535290034533,298,933,1895,454
52,0.1,0.1,Empirical Bernstein,37.286795,0.09220370260916393,0.0843265190382034,292,908,1804,442
52,0.1,0.1,Platt calibration,33.33332,0.113812052196413,0.10431718003796911,358,1091,2209,544
52,0.1,0.1,Isotonic calibration,36.111663,0.10025628648921989,0.09253887235677827,305,968,1950,469
52,0.2,0.5,Multilabel,23.81492,0.1918641688394542,0.18536223423092094,575,1764,3925,879
52,0.2,0.5,Hoeffding/LTT,24.589896,0.1822352393618426,0.17451405107217674,548,1673,3646,840
52,0.2,0.5,Hoeffding-Bentkus,24.199306,0.18619566086467204,0.1797359548391131,568,1733,3785,864
52,0.2,0.5,IID-normal,23.81492,0.1918641688394542,0.18536223423092094,575,1764,3925,879
52,0.2,0.5,Empirical Bernstein,24.589896,0.1822352393618426,0.17451405107217674,548,1673,3646,840
52,0.2,0.5,Platt calibration,23.81492,0.1918641688394542,0.18536223423092094,575,1764,3925,879
52,0.2,0.5,Isotonic calibration,24.98679,0.18073305814307056,0.17228336802000105,539,1635,3558,831
52,0.2,0.1,Multilabel,24.199306,0.18619566086467204,0.1797359548391131,568,1733,3785,864
52,0.2,0.1,Hoeffding/LTT,24.98679,0.18073305814307056,0.17228336802000105,539,1635,3558,831
52,0.2,0.1,Hoeffding-Bentkus,24.589896,0.1822352393618426,0.17451405107217674,548,1673,3646,840
52,0.2,0.1,IID-normal,24.199306,0.18619566086467204,0.1797359548391131,568,1733,3785,864
52,0.2,0.1,Empirical Bernstein,24.98679,0.18073305814307056,0.17228336802000105,539,1635,3558,831
52,0.2,0.1,Platt calibration,23.81492,0.1918641688394542,0.18536223423092094,575,1764,3925,879
52,0.2,0.1,Isotonic calibration,24.98679,0.18073305814307056,0.17228336802000105,539,1635,3558,831
53,0.05,0.5,Multilabel,58.379583,0.04156372520046496,0.04462339633052835,179,520,809,255
53,0.05,0.5,Hoeffding/LTT,65.303653,0.0317059715901255,0.03528007147127026,156,387,569,217
53,0.05,0.5,Hoeffding-Bentkus,61.252292,0.03620288827156845,0.03945995835221935,174,492,729,242
53,0.05,0.5,IID-normal,58.379583,0.04156372520046496,0.04462339633052835,179,520,809,255
53,0.05,0.5,Empirical Bernstein,61.252292,0.03620288827156845,0.03945995835221935,174,492,729,242
53,0.05,0.5,Platt calibration,50.544853,0.058228421695529685,0.0592431468379875,206,609,1050,313
53,0.05,0.5,Isotonic calibration,56.53969,0.044134306598104696,0.047169560333445,187,545,862,267
53,0.05,0.1,Multilabel,61.252292,0.03620288827156845,0.03945995835221935,174,492,729,242
53,0.05,0.1,Hoeffding/LTT,66.35769,0.02667907874775893,0.028246917473017625,154,371,521,204
53,0.05,0.1,Hoeffding-Bentkus,62.000847,0.03609945426246626,0.038625360476650314,173,475,709,241
53,0.05,0.1,IID-normal,61.252292,0.03620288827156845,0.03945995835221935,174,492,729,242
53,0.05,0.1,Empirical Bernstein,65.303653,0.0317059715901255,0.03528007147127026,156,387,569,217
53,0.05,0.1,Platt calibration,50.544853,0.058228421695529685,0.0592431468379875,206,609,1050,313
53,0.05,0.1,Isotonic calibration,56.53969,0.044134306598104696,0.047169560333445,187,545,862,267
53,0.1,0.5,Multilabel,36.111663,0.09302592089104295,0.09189910157284967,313,989,1911,464
53,0.1,0.5,Hoeffding/LTT,37.784172,0.08149762594321966,0.08291504903796254,293,921,1743,425
53,0.1,0.5,Hoeffding-Bentkus,37.286795,0.08272701302283428,0.08375917203686552,299,937,1768,434
53,0.1,0.5,IID-normal,36.111663,0.09302592089104295,0.09189910157284967,313,989,1911,464
53,0.1,0.5,Empirical Bernstein,37.286795,0.08272701302283428,0.08375917203686552,299,937,1768,434
53,0.1,0.5,Platt calibration,33.871338,0.10115123693940409,0.10143747249210072,358,1089,2135,518
53,0.1,0.5,Isotonic calibration,36.694525,0.08872257356949123,0.08878975096729269,303,961,1861,445
53,0.1,0.1,Multilabel,37.286795,0.08272701302283428,0.08375917203686552,299,937,1768,434
53,0.1,0.1,Hoeffding/LTT,41.709169,0.07120282259918173,0.07546853753227045,252,790,1426,374
53,0.1,0.1,Hoeffding-Bentkus,37.286795,0.08272701302283428,0.08375917203686552,299,937,1768,434
53,0.1,0.1,IID-normal,37.286795,0.08272701302283428,0.08375917203686552,299,937,1768,434
53,0.1,0.1,Empirical Bernstein,39.121582,0.07590430876529346,0.07888679774112248,282,895,1644,405
53,0.1,0.1,Platt calibration,33.871338,0.10115123693940409,0.10143747249210072,358,1089,2135,518
53,0.1,0.1,Isotonic calibration,36.694525,0.08872257356949123,0.08878975096729269,303,961,1861,445
53,0.2,0.5,Multilabel,24.199306,0.1778072898637405,0.17955118177035195,569,1767,3725,849
53,0.2,0.5,Hoeffding/LTT,24.589896,0.17372496027853906,0.17421542185738867,553,1716,3615,829
53,0.2,0.5,Hoeffding-Bentkus,24.589896,0.17372496027853906,0.17421542185738867,553,1716,3615,829
53,0.2,0.5,IID-normal,24.199306,0.1778072898637405,0.17955118177035195,569,1767,3725,849
53,0.2,0.5,Empirical Bernstein,24.589896,0.17372496027853906,0.17421542185738867,553,1716,3615,829
53,0.2,0.5,Platt calibration,24.589896,0.17372496027853906,0.17421542185738867,553,1716,3615,829
53,0.2,0.5,Isotonic calibration,25.390091,0.16375666810089648,0.16544108855898312,534,1649,3424,795
53,0.2,0.1,Multilabel,24.589896,0.17372496027853906,0.17421542185738867,553,1716,3615,829
53,0.2,0.1,Hoeffding/LTT,25.390091,0.16375666810089648,0.16544108855898312,534,1649,3424,795
53,0.2,0.1,Hoeffding-Bentkus,24.98679,0.17118891658610316,0.17218874763799824,543,1676,3521,814
53,0.2,0.1,IID-normal,24.589896,0.17372496027853906,0.17421542185738867,553,1716,3615,829
53,0.2,0.1,Empirical Bernstein,25.390091,0.16375666810089648,0.16544108855898312,534,1649,3424,795
53,0.2,0.1,Platt calibration,24.589896,0.17372496027853906,0.17421542185738867,553,1716,3615,829
53,0.2,0.1,Isotonic calibration,25.390091,0.16375666810089648,0.16544108855898312,534,1649,3424,795
54,0.05,0.5,Multilabel,60.27935,0.039010382804342256,0.043291028647629556,163,442,700,235
54,0.05,0.5,Hoeffding/LTT,65.303653,0.032457592056268095,0.03541112403024391,147,358,551,209
54,0.05,0.5,Hoeffding-Bentkus,61.252292,0.03706582343322103,0.040029166584553535,161,440,682,230
54,0.05,0.5,IID-normal,60.27935,0.039010382804342256,0.043291028647629556,163,442,700,235
54,0.05,0.5,Empirical Bernstein,62.000847,0.03530744527848376,0.039010635292881124,159,425,658,225
54,0.05,0.5,Platt calibration,49.74199,0.060653702937525845,0.06192545441407353,195,544,974,306
54,0.05,0.5,Isotonic calibration,58.379583,0.04054219122485568,0.04508782820618936,164,464,743,239
54,0.05,0.1,Multilabel,61.252292,0.03706582343322103,0.040029166584553535,161,440,682,230
54,0.05,0.1,Hoeffding/LTT,66.35769,0.02670666115018618,0.028453842566133918,146,347,508,195
54,0.05,0.1,Hoeffding-Bentkus,62.000847,0.03530744527848376,0.039010635292881124,159,425,658,225
54,0.05,0.1,IID-normal,61.252292,0.03706582343322103,0.040029166584553535,161,440,682,230
54,0.05,0.1,Empirical Bernstein,64.266358,0.03297476210177907,0.036476952486057194,153,379,588,216
54,0.05,0.1,Platt calibration,49.74199,0.060653702937525845,0.06192545441407353,195,544,974,306
54,0.05,0.1,Isotonic calibration,58.379583,0.04054219122485568,0.04508782820618936,164,464,743,239
54,0.1,0.5,Multilabel,36.694525,0.08811067110612,0.0899000299986643,282,844,1707,426
54,0.1,0.5,Hoeffding/LTT,39.121582,0.0790314636404831,0.08005953749504584,264,781,1505,397
54,0.1,0.5,Hoeffding-Bentkus,37.286795,0.08278595398992586,0.08464051965569416,275,816,1613,413
54,0.1,0.5,IID-normal,36.694525,0.08811067110612,0.0899000299986643,282,844,1707,426
54,0.1,0.5,Empirical Bernstein,37.784172,0.082596817516139,0.08408674869221151,272,802,1591,409
54,0.1,0.5,Platt calibration,33.871338,0.09948693447865976,0.10195785078182651,321,957,1949,488
54,0.1,0.5,Isotonic calibration,37.286795,0.08278595398992586,0.08464051965569416,275,816,1613,413
54,0.1,0.1,Multilabel,37.286795,0.08278595398992586,0.08464051965569416,275,816,1613,413
54,0.1,0.1,Hoeffding/LTT,41.709169,0.07488999875222464,0.07662660640657606,241,709,1318,373
54,0.1,0.1,Hoeffding-Bentkus,37.888624,0.082596817516139,0.08392564272685668,272,801,1590,409
54,0.1,0.1,IID-normal,37.286795,0.08278595398992586,0.08464051965569416,275,816,1613,413
54,0.1,0.1,Empirical Bernstein,39.121582,0.0790314636404831,0.08005953749504584,264,781,1505,397
54,0.1,0.1,Platt calibration,33.871338,0.09948693447865976,0.10195785078182651,321,957,1949,488
54,0.1,0.1,Isotonic calibration,37.286795,0.08278595398992586,0.08464051965569416,275,816,1613,413
54,0.2,0.5,Multilabel,24.199306,0.1814654205735152,0.18099931213717696,553,1629,3581,852
54,0.2,0.5,Hoeffding/LTT,24.98679,0.1717463878924367,0.17309707373864294,525,1542,3360,809
54,0.2,0.5,Hoeffding-Bentkus,24.589896,0.17440547775673965,0.17519408158816838,541,1584,3457,828
54,0.2,0.5,IID-normal,24.199306,0.1814654205735152,0.18099931213717696,553,1629,3581,852
54,0.2,0.5,Empirical Bernstein,24.98679,0.1717463878924367,0.17309707373864294,525,1542,3360,809
54,0.2,0.5,Platt calibration,24.199306,0.1814654205735152,0.18099931213717696,553,1629,3581,852
54,0.2,0.5,Isotonic calibration,25.390091,0.16752193698821752,0.16636712123685984,518,1511,3258,796
54,0.2,0.1,Multilabel,24.589896,0.17440547775673965,0.17519408158816838,541,1584,3457,828
54,0.2,0.1,Hoeffding/LTT,25.390091,0.16752193698821752,0.16636712123685984,518,1511,3258,796
54,0.2,0.1,Hoeffding-Bentkus,25.390091,0.16752193698821752,0.16636712123685984,518,1511,3258,796
54,0.2,0.1,IID-normal,24.589896,0.17440547775673965,0.17519408158816838,541,1584,3457,828
54,0.2,0.1,Empirical Bernstein,25.390091,0.16752193698821752,0.16636712123685984,518,1511,3258,796
54,0.2,0.1,Platt calibration,24.199306,0.1814654205735152,0.18099931213717696,553,1629,3581,852
54,0.2,0.1,Isotonic calibration,25.390091,0.16752193698821752,0.16636712123685984,518,1511,3258,796
55,0.05,0.5,Multilabel,55.641604,0.05191993222609689,0.04804078066597035,167,518,895,268
55,0.05,0.5,Hoeffding/LTT,62.000847,0.04137557381247906,0.03868185431159635,158,437,708,240
55,0.05,0.5,Hoeffding-Bentkus,58.379583,0.047995350395019405,0.044426324813274735,160,478,809,255
55,0.05,0.5,IID-normal,55.641604,0.05191993222609689,0.04804078066597035,167,518,895,268
55,0.05,0.5,Empirical Bernstein,61.252292,0.041499694623401695,0.039780856472813986,159,457,733,241
55,0.05,0.5,Platt calibration,49.74199,0.05977746911756013,0.06082645225285589,186,569,1043,300
55,0.05,0.5,Isotonic calibration,55.641604,0.05191993222609689,0.04804078066597035,167,518,895,268
55,0.05,0.1,Multilabel,58.379583,0.047995350395019405,0.044426324813274735,160,478,809,255
55,0.05,0.1,Hoeffding/LTT,66.35769,0.028913253344366292,0.028331986677965434,139,336,515,196
55,0.05,0.1,Hoeffding-Bentkus,61.252292,0.041499694623401695,0.039780856472813986,159,457,733,241
55,0.05,0.1,IID-normal,58.379583,0.047995350395019405,0.044426324813274735,160,478,809,255
55,0.05,0.1,Empirical Bernstein,61.252292,0.041499694623401695,0.039780856472813986,159,457,733,241
55,0.05,0.1,Platt calibration,49.74199,0.05977746911756013,0.06082645225285589,186,569,1043,300
55,0.05,0.1,Isotonic calibration,55.641604,0.05191993222609689,0.04804078066597035,167,518,895,268
55,0.1,0.5,Multilabel,36.694525,0.0870582711087469,0.08961159393632838,288,888,1803,427
55,0.1,0.5,Hoeffding/LTT,37.784172,0.08211215530206015,0.08327607310915354,271,840,1685,407
55,0.1,0.5,Hoeffding-Bentkus,37.286795,0.08309822618883439,0.08413169194656298,281,859,1717,419
55,0.1,0.5,IID-normal,36.694525,0.0870582711087469,0.08961159393632838,288,888,1803,427
55,0.1,0.5,Empirical Bernstein,37.286795,0.08309822618883439,0.08413169194656298,281,859,1717,419
55,0.1,0.5,Platt calibration,33.871338,0.10119474489561373,0.10317367255910503,334,1013,2060,498
55,0.1,0.5,Isotonic calibration,36.694525,0.0870582711087469,0.08961159393632838,288,888,1803,427
55,0.1,0.1,Multilabel,37.286795,0.08309822618883439,0.08413169194656298,281,859,1717,419
55,0.1,0.1,Hoeffding/LTT,40.394661,0.07442963532123646,0.07678130754762015,245,768,1478,375
55,0.1,0.1,Hoeffding-Bentkus,37.286795,0.08309822618883439,0.08413169194656298,281,859,1717,419
55,0.1,0.1,IID-normal,37.286795,0.08309822618883439,0.08413169194656298,281,859,1717,419
55,0.1,0.1,Empirical Bernstein,39.121582,0.07716423350473825,0.0790552938883743,261,816,1587,391
55,0.1,0.1,Platt calibration,33.871338,0.10119474489561373,0.10317367255910503,334,1013,2060,498
55,0.1,0.1,Isotonic calibration,36.694525,0.0870582711087469,0.08961159393632838,288,888,1803,427
55,0.2,0.5,Multilabel,24.199306,0.18508200934519414,0.1821326347278203,560,1690,3730,863
55,0.2,0.5,Hoeffding/LTT,24.589896,0.17816658133713795,0.1769299208663056,539,1625,3577,832
55,0.2,0.5,Hoeffding-Bentkus,24.589896,0.17816658133713795,0.1769299208663056,539,1625,3577,832
55,0.2,0.5,IID-normal,24.199306,0.18508200934519414,0.1821326347278203,560,1690,3730,863
55,0.2,0.5,Empirical Bernstein,24.98679,0.1755144169245267,0.17483022070135507,528,1584,3480,818
55,0.2,0.5,Platt calibration,24.199306,0.18508200934519414,0.1821326347278203,560,1690,3730,863
55,0.2,0.5,Isotonic calibration,25.390091,0.16596468173350065,0.16755101594663643,514,1558,3377,789
55,0.2,0.1,Multilabel,24.589896,0.17816658133713795,0.1769299208663056,539,1625,3577,832
55,0.2,0.1,Hoeffding/LTT,25.390091,0.16596468173350065,0.16755101594663643,514,1558,3377,789
55,0.2,0.1,Hoeffding-Bentkus,24.98679,0.1755144169245267,0.17483022070135507,528,1584,3480,818
55,0.2,0.1,IID-normal,24.589896,0.17816658133713795,0.1769299208663056,539,1625,3577,832
55,0.2,0.1,Empirical Bernstein,25.390091,0.16596468173350065,0.16755101594663643,514,1558,3377,789
55,0.2,0.1,Platt calibration,24.199306,0.18508200934519414,0.1821326347278203,560,1690,3730,863
55,0.2,0.1,Isotonic calibration,25.390091,0.16596468173350065,0.16755101594663643,514,1558,3377,789
56,0.05,0.5,Multilabel,56.53969,0.050435900466930667,0.0476602684114065,175,473,865,265
56,0.05,0.5,Hoeffding/LTT,62.000847,0.04162578560592627,0.03918635739576559,161,402,691,239
56,0.05,0.5,Hoeffding-Bentkus,59.321862,0.045707981165159485,0.04417850738032832,168,437,768,252
56,0.05,0.5,IID-normal,56.53969,0.050435900466930667,0.0476602684114065,175,473,865,265
56,0.05,0.5,Empirical Bernstein,61.252292,0.0426601256969482,0.0401474094949057,164,421,716,243
56,0.05,0.5,Platt calibration,49.74199,0.0648669149082885,0.061690939308541734,188,531,1059,306
56,0.05,0.5,Isotonic calibration,54.757783,0.055983903698012094,0.051516136872737775,178,484,905,280
56,0.05,0.1,Multilabel,60.27935,0.04550800874756191,0.04325982565739774,167,424,744,251
56,0.05,0.1,Hoeffding/LTT,66.35769,0.03334022893394015,0.028453842566133918,139,313,510,203
56,0.05,0.1,Hoeffding-Bentkus,61.252292,0.0426601256969482,0.0401474094949057,164,421,716,243
56,0.05,0.1,IID-normal,60.27935,0.04550800874756191,0.04325982565739774,167,424,744,251
56,0.05,0.1,Empirical Bernstein,62.000847,0.04162578560592627,0.03918635739576559,161,402,691,239
56,0.05,0.1,Platt calibration,49.74199,0.0648669149082885,0.061690939308541734,188,531,1059,306
56,0.05,0.1,Isotonic calibration,54.757783,0.055983903698012094,0.051516136872737775,178,484,905,280
56,0.1,0.5,Multilabel,36.111663,0.09367000282391263,0.09253673741534135,283,867,1835,430
56,0.1,0.5,Hoeffding/LTT,37.286795,0.08426653794878868,0.08398022058871832,275,815,1690,406
56,0.1,0.5,Hoeffding-Bentkus,37.286795,0.08426653794878868,0.08398022058871832,275,815,1690,406
56,0.1,0.5,IID-normal,36.111663,0.09367000282391263,0.09253673741534135,283,867,1835,430
56,0.1,0.5,Empirical Bernstein,37.286795,0.08426653794878868,0.08398022058871832,275,815,1690,406
56,0.1,0.5,Platt calibration,33.871338,0.10463220179810995,0.10200892515004806,310,950,2035,475
56,0.1,0.5,Isotonic calibration,36.694525,0.09010152950988698,0.08934713490859165,279,840,1785,418
56,0.1,0.1,Multilabel,37.286795,0.08426653794878868,0.08398022058871832,275,815,1690,406
56,0.1,0.1,Hoeffding/LTT,39.753026,0.08061055617944322,0.07863323238892284,252,736,1512,384
56,0.1,0.1,Hoeffding-Bentkus,37.286795,0.08426653794878868,0.08398022058871832,275,815,1690,406
56,0.1,0.1,IID-normal,37.286795,0.08426653794878868,0.08398022058871832,275,815,1690,406
56,0.1,0.1,Empirical Bernstein,39.121582,0.0812163839470418,0.0791474795647785,263,773,1581,392
56,0.1,0.1,Platt calibration,33.871338,0.10463220179810995,0.10200892515004806,310,950,2035,475
56,0.1,0.1,Isotonic calibration,36.694525,0.09010152950988698,0.08934713490859165,279,840,1785,418
56,0.2,0.5,Multilabel,24.199306,0.17870493876420038,0.1794555008420207,538,1593,3633,824
56,0.2,0.5,Hoeffding/LTT,24.589896,0.17423640759417974,0.1747873329437318,521,1542,3523,801
56,0.2,0.5,Hoeffding-Bentkus,24.589896,0.17423640759417974,0.1747873329437318,521,1542,3523,801
56,0.2,0.5,IID-normal,24.199306,0.17870493876420038,0.1794555008420207,538,1593,3633,824
56,0.2,0.5,Empirical Bernstein,24.98679,0.1710139003170593,0.17260017980472322,506,1508,3439,781
56,0.2,0.5,Platt calibration,24.199306,0.17870493876420038,0.1794555008420207,538,1593,3633,824
56,0.2,0.5,Isotonic calibration,25.390091,0.16658811877088056,0.1654573525211869,497,1482,3342,767
56,0.2,0.1,Multilabel,24.589896,0.17423640759417974,0.1747873329437318,521,1542,3523,801
56,0.2,0.1,Hoeffding/LTT,25.390091,0.16658811877088056,0.1654573525211869,497,1482,3342,767
56,0.2,0.1,Hoeffding-Bentkus,24.98679,0.1710139003170593,0.17260017980472322,506,1508,3439,781
56,0.2,0.1,IID-normal,24.589896,0.17423640759417974,0.1747873329437318,521,1542,3523,801
56,0.2,0.1,Empirical Bernstein,25.390091,0.16658811877088056,0.1654573525211869,497,1482,3342,767
56,0.2,0.1,Platt calibration,24.199306,0.17870493876420038,0.1794555008420207,538,1593,3633,824
56,0.2,0.1,Isotonic calibration,25.390091,0.16658811877088056,0.1654573525211869,497,1482,3342,767
57,0.05,0.5,Multilabel,56.53969,0.047311208306243475,0.0465430371348429,156,447,794,244
57,0.05,0.5,Hoeffding/LTT,61.252292,0.04082491084973501,0.03937685986244409,147,391,661,223
57,0.05,0.5,Hoeffding-Bentkus,59.321862,0.043279744665760386,0.04330334561745791,152,412,708,234
57,0.05,0.5,IID-normal,56.53969,0.047311208306243475,0.0465430371348429,156,447,794,244
57,0.05,0.5,Empirical Bernstein,61.252292,0.04082491084973501,0.03937685986244409,147,391,661,223
57,0.05,0.5,Platt calibration,50.544853,0.05830378075930413,0.05877920764111962,170,493,950,279
57,0.05,0.5,Isotonic calibration,54.757783,0.05115501310164115,0.0506945128720546,161,459,835,257
57,0.05,0.1,Multilabel,60.27935,0.04309356344937643,0.04222142298773558,150,396,683,231
57,0.05,0.1,Hoeffding/LTT,66.35769,0.02896841814922079,0.027587056342746778,133,297,475,188
57,0.05,0.1,Hoeffding-Bentkus,61.252292,0.04082491084973501,0.03937685986244409,147,391,661,223
57,0.05,0.1,IID-normal,60.27935,0.04309356344937643,0.04222142298773558,150,396,683,231
57,0.05,0.1,Empirical Bernstein,61.252292,0.04082491084973501,0.03937685986244409,147,391,661,223
57,0.05,0.1,Platt calibration,50.544853,0.05830378075930413,0.05877920764111962,170,493,950,279
57,0.05,0.1,Isotonic calibration,54.757783,0.05115501310164115,0.0506945128720546,161,459,835,257
57,0.1,0.5,Multilabel,36.694525,0.08828371784515765,0.08831245470092208,276,821,1713,420
57,0.1,0.5,Hoeffding/LTT,37.286795,0.08329031792002417,0.08305130209530817,270,795,1620,407
57,0.1,0.5,Hoeffding-Bentkus,37.286795,0.08329031792002417,0.08305130209530817,270,795,1620,407
57,0.1,0.5,IID-normal,36.694525,0.08828371784515765,0.08831245470092208,276,821,1713,420
57,0.1,0.5,Empirical Bernstein,37.286795,0.08329031792002417,0.08305130209530817,270,795,1620,407
57,0.1,0.5,Platt calibration,33.871338,0.09796333510648778,0.10021666918480272,318,935,1951,474
57,0.1,0.5,Isotonic calibration,36.111663,0.0897725108523619,0.0913008252917206,284,853,1762,431
57,0.1,0.1,Multilabel,37.286795,0.08329031792002417,0.08305130209530817,270,795,1620,407
57,0.1,0.1,Hoeffding/LTT,40.394661,0.07617537154152793,0.07628096486214847,237,706,1407,366
57,0.1,0.1,Hoeffding-Bentkus,37.286795,0.08329031792002417,0.08305130209530817,270,795,1620,407
57,0.1,0.1,IID-normal,37.286795,0.08329031792002417,0.08305130209530817,270,795,1620,407
57,0.1,0.1,Empirical Bernstein,39.121582,0.07816540904046075,0.07858204853652502,256,752,1507,385
57,0.1,0.1,Platt calibration,33.871338,0.09796333510648778,0.10021666918480272,318,935,1951,474
57,0.1,0.1,Isotonic calibration,36.111663,0.0897725108523619,0.0913008252917206,284,853,1762,431
57,0.2,0.5,Multilabel,23.81492,0.1806596071174182,0.1826931365811982,565,1672,3675,858
57,0.2,0.5,Hoeffding/LTT,24.589896,0.17024214752286743,0.17236731769182492,535,1582,3421,813
57,0.2,0.5,Hoeffding-Bentkus,24.199306,0.17548294054262806,0.17695994830903905,559,1651,3555,844
57,0.2,0.5,IID-normal,23.81492,0.1806596071174182,0.1826931365811982,565,1672,3675,858
57,0.2,0.5,Empirical Bernstein,24.589896,0.17024214752286743,0.17236731769182492,535,1582,3421,813
57,0.2,0.5,Platt calibration,24.199306,0.17548294054262806,0.17695994830903905,559,1651,3555,844
57,0.2,0.5,Isotonic calibration,25.390091,0.1636786551608645,0.1633127745739627,515,1504,3236,785
57,0.2,0.1,Multilabel,24.589896,0.17024214752286743,0.17236731769182492,535,1582,3421,813
57,0.2,0.1,Hoeffding/LTT,25.390091,0.1636786551608645,0.1633127745739627,515,1504,3236,785
57,0.2,0.1,Hoeffding-Bentkus,24.589896,0.17024214752286743,0.17236731769182492,535,1582,3421,813
57,0.2,0.1,IID-normal,24.589896,0.17024214752286743,0.17236731769182492,535,1582,3421,813
57,0.2,0.1,Empirical Bernstein,24.98679,0.16964363327106396,0.17028675237495114,525,1535,3338,804
57,0.2,0.1,Platt calibration,24.199306,0.17548294054262806,0.17695994830903905,559,1651,3555,844
57,0.2,0.1,Isotonic calibration,25.390091,0.1636786551608645,0.1633127745739627,515,1504,3236,785
58,0.05,0.5,Multilabel,56.53969,0.05287989833914533,0.04737205131742309,176,521,874,280
58,0.05,0.5,Hoeffding/LTT,61.252292,0.04702701105266269,0.039912894389373905,166,471,743,260
58,0.05,0.5,Hoeffding-Bentkus,58.379583,0.05139241877967571,0.04481882558513818,169,500,832,272
58,0.05,0.5,IID-normal,56.53969,0.05287989833914533,0.04737205131742309,176,521,874,280
58,0.05,0.5,Empirical Bernstein,60.27935,0.050242823649939906,0.042960933856229754,167,474,774,268
58,0.05,0.5,Platt calibration,48.17432,0.06377741001241208,0.060322770300008544,212,634,1143,331
58,0.05,0.5,Isotonic calibration,55.641604,0.05458163406032664,0.048527218861058014,178,533,908,285
58,0.05,0.1,Multilabel,58.379583,0.05139241877967571,0.04481882558513818,169,500,832,272
58,0.05,0.1,Hoeffding/LTT,66.35769,0.03199558681561164,0.02904013032996341,148,361,532,214
58,0.05,0.1,Hoeffding-Bentkus,60.27935,0.050242823649939906,0.042960933856229754,167,474,774,268
58,0.05,0.1,IID-normal,58.379583,0.05139241877967571,0.04481882558513818,169,500,832,272
58,0.05,0.1,Empirical Bernstein,61.252292,0.04702701105266269,0.039912894389373905,166,471,743,260
58,0.05,0.1,Platt calibration,48.17432,0.06377741001241208,0.060322770300008544,212,634,1143,331
58,0.05,0.1,Isotonic calibration,55.641604,0.05458163406032664,0.048527218861058014,178,533,908,285
58,0.1,0.5,Multilabel,34.973566,0.1031782151558734,0.09501332422424986,315,999,2034,485
58,0.1,0.5,Hoeffding/LTT,37.286795,0.0886614982498309,0.08327673001421104,292,909,1784,437
58,0.1,0.5,Hoeffding-Bentkus,36.111663,0.09880821036178919,0.09122539069428295,304,970,1934,466
58,0.1,0.5,IID-normal,34.973566,0.1031782151558734,0.09501332422424986,315,999,2034,485
58,0.1,0.5,Empirical Bernstein,37.286795,0.0886614982498309,0.08327673001421104,292,909,1784,437
58,0.1,0.5,Platt calibration,33.33332,0.10929297108444812,0.10277356263699207,353,1081,2195,529
58,0.1,0.5,Isotonic calibration,36.111663,0.09880821036178919,0.09122539069428295,304,970,1934,466
58,0.1,0.1,Multilabel,36.694525,0.09486622534822782,0.08863411921075048,298,936,1880,451
58,0.1,0.1,Hoeffding/LTT,39.121582,0.08419019379921325,0.07865846849154892,278,864,1652,417
58,0.1,0.1,Hoeffding-Bentkus,37.286795,0.0886614982498309,0.08327673001421104,292,909,1784,437
58,0.1,0.1,IID-normal,36.694525,0.09486622534822782,0.08863411921075048,298,936,1880,451
58,0.1,0.1,Empirical Bernstein,37.286795,0.0886614982498309,0.08327673001421104,292,909,1784,437
58,0.1,0.1,Platt calibration,33.33332,0.10929297108444812,0.10277356263699207,353,1081,2195,529
58,0.1,0.1,Isotonic calibration,36.111663,0.09880821036178919,0.09122539069428295,304,970,1934,466
58,0.2,0.5,Multilabel,24.199306,0.180690732141242,0.1794766130932174,556,1773,3842,848
58,0.2,0.5,Hoeffding/LTT,24.589896,0.17673873614088756,0.17412886963950802,544,1717,3706,831
58,0.2,0.5,Hoeffding-Bentkus,24.589896,0.17673873614088756,0.17412886963950802,544,1717,3706,831
58,0.2,0.5,IID-normal,24.199306,0.180690732141242,0.1794766130932174,556,1773,3842,848
58,0.2,0.5,Empirical Bernstein,24.589896,0.17673873614088756,0.17412886963950802,544,1717,3706,831
58,0.2,0.5,Platt calibration,24.199306,0.180690732141242,0.1794766130932174,556,1773,3842,848
58,0.2,0.5,Isotonic calibration,25.390091,0.16648093321655588,0.16494010657779698,523,1645,3494,795
58,0.2,0.1,Multilabel,24.589896,0.17673873614088756,0.17412886963950802,544,1717,3706,831
58,0.2,0.1,Hoeffding/LTT,25.390091,0.16648093321655588,0.16494010657779698,523,1645,3494,795
58,0.2,0.1,Hoeffding-Bentkus,24.589896,0.17673873614088756,0.17412886963950802,544,1717,3706,831
58,0.2,0.1,IID-normal,24.589896,0.17673873614088756,0.17412886963950802,544,1717,3706,831
58,0.2,0.1,Empirical Bernstein,24.98679,0.1747721168180415,0.1720043938945329,533,1672,3601,819
58,0.2,0.1,Platt calibration,24.199306,0.180690732141242,0.1794766130932174,556,1773,3842,848
58,0.2,0.1,Isotonic calibration,25.390091,0.16648093321655588,0.16494010657779698,523,1645,3494,795
59,0.05,0.5,Multilabel,55.641604,0.05084077073113068,0.04793288401027399,161,476,819,258
59,0.05,0.5,Hoeffding/LTT,62.000847,0.03773765194948479,0.03791097622660597,154,416,648,229
59,0.05,0.5,Hoeffding-Bentkus,58.379583,0.04664627539058652,0.044104441335093836,157,454,754,248
59,0.05,0.5,IID-normal,55.641604,0.05084077073113068,0.04793288401027399,161,476,819,258
59,0.05,0.5,Empirical Bernstein,60.27935,0.04476082116752369,0.04201203450065362,156,433,707,245
59,0.05,0.5,Platt calibration,49.74199,0.0640049648324369,0.06112649363787451,174,524,991,298
59,0.05,0.5,Isotonic calibration,54.757783,0.05427625746202494,0.051124621458460605,163,478,834,268
59,0.05,0.1,Multilabel,58.379583,0.04664627539058652,0.044104441335093836,157,454,754,248
59,0.05,0.1,Hoeffding/LTT,66.35769,0.02916839056681837,0.028108967410940097,138,335,491,196
59,0.05,0.1,Hoeffding-Bentkus,60.27935,0.04476082116752369,0.04201203450065362,156,433,707,245
59,0.05,0.1,IID-normal,58.379583,0.04664627539058652,0.044104441335093836,157,454,754,248
59,0.05,0.1,Empirical Bernstein,62.000847,0.03773765194948479,0.03791097622660597,154,416,648,229
59,0.05,0.1,Platt calibration,49.74199,0.0640049648324369,0.06112649363787451,174,524,991,298
59,0.05,0.1,Isotonic calibration,54.757783,0.05427625746202494,0.051124621458460605,163,478,834,268
59,0.1,0.5,Multilabel,36.111663,0.092581647194804,0.09211078922763291,259,835,1757,423
59,0.1,0.5,Hoeffding/LTT,37.286795,0.08494985913273047,0.08424511755316004,251,795,1630,401
59,0.1,0.5,Hoeffding-Bentkus,37.286795,0.08494985913273047,0.08424511755316004,251,795,1630,401
59,0.1,0.5,IID-normal,36.111663,0.092581647194804,0.09211078922763291,259,835,1757,423
59,0.1,0.5,Empirical Bernstein,37.286795,0.08494985913273047,0.08424511755316004,251,795,1630,401
59,0.1,0.5,Platt calibration,33.871338,0.10309103506248728,0.10206919618907478,306,927,1956,482
59,0.1,0.5,Isotonic calibration,36.694525,0.08887279915413966,0.08929277601508255,256,815,1717,411
59,0.1,0.1,Multilabel,37.286795,0.08494985913273047,0.08424511755316004,251,795,1630,401
59,0.1,0.1,Hoeffding/LTT,39.753026,0.07875892323554715,0.07873872039274163,235,730,1454,374
59,0.1,0.1,Hoeffding-Bentkus,37.286795,0.08494985913273047,0.08424511755316004,251,795,1630,401
59,0.1,0.1,IID-normal,37.286795,0.08494985913273047,0.08424511755316004,251,795,1630,401
59,0.1,0.1,Empirical Bernstein,37.784172,0.08434895679413677,0.083356653462875,244,781,1606,392
59,0.1,0.1,Platt calibration,33.871338,0.10309103506248728,0.10206919618907478,306,927,1956,482
59,0.1,0.1,Isotonic calibration,36.694525,0.08887279915413966,0.08929277601508255,256,815,1717,411
59,0.2,0.5,Multilabel,23.81492,0.19064713264620783,0.18608451806152396,529,1571,3656,844
59,0.2,0.5,Hoeffding/LTT,24.589896,0.17882752160265605,0.1750840716311613,506,1493,3386,803
59,0.2,0.5,Hoeffding-Bentkus,24.199306,0.18431441213268465,0.18025338152597087,525,1551,3522,830
59,0.2,0.5,IID-normal,23.81492,0.19064713264620783,0.18608451806152396,529,1571,3656,844
59,0.2,0.5,Empirical Bernstein,24.589896,0.17882752160265605,0.1750840716311613,506,1493,3386,803
59,0.2,0.5,Platt calibration,24.199306,0.18431441213268465,0.18025338152597087,525,1551,3522,830
59,0.2,0.5,Isotonic calibration,25.390091,0.1659846744300613,0.16561123426482136,484,1425,3178,760
59,0.2,0.1,Multilabel,24.589896,0.17882752160265605,0.1750840716311613,506,1493,3386,803
59,0.2,0.1,Hoeffding/LTT,25.390091,0.1659846744300613,0.16561123426482136,484,1425,3178,760
59,0.2,0.1,Hoeffding-Bentkus,24.589896,0.17882752160265605,0.1750840716311613,506,1493,3386,803
59,0.2,0.1,IID-normal,24.589896,0.17882752160265605,0.1750840716311613,506,1493,3386,803
59,0.2,0.1,Empirical Bernstein,25.390091,0.1659846744300613,0.16561123426482136,484,1425,3178,760
59,0.2,0.1,Platt calibration,24.199306,0.18431441213268465,0.18025338152597087,525,1551,3522,830
59,0.2,0.1,Isotonic calibration,25.390091,0.1659846744300613,0.16561123426482136,484,1425,3178,760
60,0.05,0.5,Multilabel,55.641604,0.051417538467600526,0.04701962175406788,203,599,936,299
60,0.05,0.5,Hoeffding/LTT,61.252292,0.04108300332959,0.03827358781835261,187,524,780,266
60,0.05,0.5,Hoeffding-Bentkus,56.53969,0.049373485430581,0.04586018432755914,202,588,910,295
60,0.05,0.5,IID-normal,55.641604,0.051417538467600526,0.04701962175406788,203,599,936,299
60,0.05,0.5,Empirical Bernstein,58.379583,0.04797909647930335,0.043249643629006296,192,557,859,285
60,0.05,0.5,Platt calibration,48.17432,0.06343607778237484,0.06070328255457239,236,698,1176,346
60,0.05,0.5,Isotonic calibration,53.888001,0.05721673857793014,0.051646204074125165,208,609,977,316
60,0.05,0.1,Multilabel,57.452272,0.049600055164804854,0.04518981271636811,200,573,889,295
60,0.05,0.1,Hoeffding/LTT,66.35769,0.028023720866087436,0.026786945982697118,166,406,570,220
60,0.05,0.1,Hoeffding-Bentkus,58.379583,0.04797909647930335,0.043249643629006296,192,557,859,285
60,0.05,0.1,IID-normal,57.452272,0.049600055164804854,0.04518981271636811,200,573,889,295
60,0.05,0.1,Empirical Bernstein,61.252292,0.04108300332959,0.03827358781835261,187,524,780,266
60,0.05,0.1,Platt calibration,48.17432,0.06343607778237484,0.06070328255457239,236,698,1176,346
60,0.05,0.1,Isotonic calibration,53.888001,0.05721673857793014,0.051646204074125165,208,609,977,316
60,0.1,0.5,Multilabel,36.111663,0.09373994391578173,0.09197486462281607,326,1041,1953,471
60,0.1,0.5,Hoeffding/LTT,37.286795,0.08428968746511153,0.0838646052985962,313,980,1805,442
60,0.1,0.5,Hoeffding-Bentkus,36.694525,0.09074889506209324,0.08905218453776874,320,1015,1907,458
60,0.1,0.5,IID-normal,36.111663,0.09373994391578173,0.09197486462281607,326,1041,1953,471
60,0.1,0.5,Empirical Bernstein,37.286795,0.08428968746511153,0.0838646052985962,313,980,1805,442
60,0.1,0.5,Platt calibration,33.33332,0.10636726625555752,0.10455831893616416,375,1159,2205,541
60,0.1,0.5,Isotonic calibration,36.694525,0.09074889506209324,0.08905218453776874,320,1015,1907,458
60,0.1,0.1,Multilabel,36.694525,0.09074889506209324,0.08905218453776874,320,1015,1907,458
60,0.1,0.1,Hoeffding/LTT,39.753026,0.07941975162703338,0.07870067464149408,288,890,1604,416
60,0.1,0.1,Hoeffding-Bentkus,37.286795,0.08428968746511153,0.0838646052985962,313,980,1805,442
60,0.1,0.1,IID-normal,36.694525,0.09074889506209324,0.08905218453776874,320,1015,1907,458
60,0.1,0.1,Empirical Bernstein,38.500168,0.08300579230450972,0.0826545314405709,302,954,1741,432
60,0.1,0.1,Platt calibration,33.33332,0.10636726625555752,0.10455831893616416,375,1159,2205,541
60,0.1,0.1,Isotonic calibration,36.694525,0.09074889506209324,0.08905218453776874,320,1015,1907,458
60,0.2,0.5,Multilabel,24.199306,0.18070153198685165,0.17962598343350658,584,1817,3749,869
60,0.2,0.5,Hoeffding/LTT,24.589896,0.17556165393634057,0.17401805042960417,565,1761,3615,842
60,0.2,0.5,Hoeffding-Bentkus,24.199306,0.18070153198685165,0.17962598343350658,584,1817,3749,869
60,0.2,0.5,IID-normal,24.199306,0.18070153198685165,0.17962598343350658,584,1817,3749,869
60,0.2,0.5,Empirical Bernstein,24.589896,0.17556165393634057,0.17401805042960417,565,1761,3615,842
60,0.2,0.5,Platt calibration,24.199306,0.18070153198685165,0.17962598343350658,584,1817,3749,869
60,0.2,0.5,Isotonic calibration,25.390091,0.16706390082749933,0.16483046413138192,538,1684,3428,805
60,0.2,0.1,Multilabel,24.589896,0.17556165393634057,0.17401805042960417,565,1761,3615,842
60,0.2,0.1,Hoeffding/LTT,24.98679,0.17397387473168094,0.17177545848498432,551,1716,3526,828
60,0.2,0.1,Hoeffding-Bentkus,24.589896,0.17556165393634057,0.17401805042960417,565,1761,3615,842
60,0.2,0.1,IID-normal,24.589896,0.17556165393634057,0.17401805042960417,565,1761,3615,842
60,0.2,0.1,Empirical Bernstein,24.98679,0.17397387473168094,0.17177545848498432,551,1716,3526,828
60,0.2,0.1,Platt calibration,24.199306,0.18070153198685165,0.17962598343350658,584,1817,3749,869
60,0.2,0.1,Isotonic calibration,25.390091,0.16706390082749933,0.16483046413138192,538,1684,3428,805
61,0.05,0.5,Multilabel,59.321862,0.040568788541481965,0.04402347778675548,171,487,732,252
61,0.05,0.5,Hoeffding/LTT,64.266358,0.03343578225663455,0.036118282324655616,161,390,584,228
61,0.05,0.5,Hoeffding-Bentkus,61.252292,0.03552514924049885,0.03966819725545067,168,463,682,238
61,0.05,0.5,IID-normal,59.321862,0.040568788541481965,0.04402347778675548,171,487,732,252
61,0.05,0.5,Empirical Bernstein,62.000847,0.0346425123628268,0.038741632671829944,168,446,659,237
61,0.05,0.5,Platt calibration,51.360675,0.052749374470516384,0.05851496758173541,187,564,940,290
61,0.05,0.5,Isotonic calibration,57.452272,0.04281232145319857,0.046897930092163774,174,508,784,258
61,0.05,0.1,Multilabel,61.252292,0.03552514924049885,0.03966819725545067,168,463,682,238
61,0.05,0.1,Hoeffding/LTT,66.35769,0.02498079082688102,0.02799400902587549,146,338,484,194
61,0.05,0.1,Hoeffding-Bentkus,62.240937,0.03464940796343362,0.03850022006319427,168,445,654,237
61,0.05,0.1,IID-normal,61.252292,0.03552514924049885,0.03966819725545067,168,463,682,238
61,0.05,0.1,Empirical Bernstein,64.266358,0.03343578225663455,0.036118282324655616,161,390,584,228
61,0.05,0.1,Platt calibration,51.360675,0.052749374470516384,0.05851496758173541,187,564,940,290
61,0.05,0.1,Isotonic calibration,57.452272,0.04281232145319857,0.046897930092163774,174,508,784,258
61,0.1,0.5,Multilabel,36.694525,0.08855445225945846,0.09053197266399088,285,931,1811,432
61,0.1,0.5,Hoeffding/LTT,39.121582,0.07778352411161679,0.08036242546864701,259,845,1578,393
61,0.1,0.5,Hoeffding-Bentkus,37.286795,0.0825473990451235,0.08539125265225417,278,903,1727,417
61,0.1,0.5,IID-normal,36.694525,0.08855445225945846,0.09053197266399088,285,931,1811,432
61,0.1,0.5,Empirical Bernstein,37.888624,0.08174258394572834,0.08441361370041188,269,882,1692,406
61,0.1,0.5,Platt calibration,33.871338,0.10212072554852861,0.102872153137707,335,1050,2065,503
61,0.1,0.5,Isotonic calibration,37.286795,0.0825473990451235,0.08539125265225417,278,903,1727,417
61,0.1,0.1,Multilabel,37.286795,0.0825473990451235,0.08539125265225417,278,903,1727,417
61,0.1,0.1,Hoeffding/LTT,42.382378,0.07030902141576531,0.07587083713790845,222,734,1336,350
61,0.1,0.1,Hoeffding-Bentkus,39.121582,0.07778352411161679,0.08036242546864701,259,845,1578,393
61,0.1,0.1,IID-normal,37.286795,0.0825473990451235,0.08539125265225417,278,903,1727,417
61,0.1,0.1,Empirical Bernstein,39.121582,0.07778352411161679,0.08036242546864701,259,845,1578,393
61,0.1,0.1,Platt calibration,33.871338,0.10212072554852861,0.102872153137707,335,1050,2065,503
61,0.1,0.1,Isotonic calibration,37.286795,0.0825473990451235,0.08539125265225417,278,903,1727,417
61,0.2,0.5,Multilabel,24.199306,0.1776635116069028,0.1816009962315132,567,1765,3685,856
61,0.2,0.5,Hoeffding/LTT,24.98679,0.16865255895075312,0.17366919823130822,533,1657,3459,808
61,0.2,0.5,Hoeffding-Bentkus,24.589896,0.17173386255957018,0.17600102973268034,548,1706,3559,827
61,0.2,0.5,IID-normal,24.199306,0.1776635116069028,0.1816009962315132,567,1765,3685,856
61,0.2,0.5,Empirical Bernstein,24.98679,0.16865255895075312,0.17366919823130822,533,1657,3459,808
61,0.2,0.5,Platt calibration,24.589896,0.17173386255957018,0.17600102973268034,548,1706,3559,827
61,0.2,0.5,Isotonic calibration,25.799901,0.15808673581739363,0.16366640594120246,520,1585,3269,776
61,0.2,0.1,Multilabel,24.589896,0.17173386255957018,0.17600102973268034,548,1706,3559,827
61,0.2,0.1,Hoeffding/LTT,25.390091,0.16233384548474963,0.16656283415501727,525,1629,3360,789
61,0.2,0.1,Hoeffding-Bentkus,25.390091,0.16233384548474963,0.16656283415501727,525,1629,3360,789
61,0.2,0.1,IID-normal,24.589896,0.17173386255957018,0.17600102973268034,548,1706,3559,827
61,0.2,0.1,Empirical Bernstein,25.390091,0.16233384548474963,0.16656283415501727,525,1629,3360,789
61,0.2,0.1,Platt calibration,24.589896,0.17173386255957018,0.17600102973268034,548,1706,3559,827
61,0.2,0.1,Isotonic calibration,25.799901,0.15808673581739363,0.16366640594120246,520,1585,3269,776
62,0.05,0.5,Multilabel,59.321862,0.03632208365348622,0.04302695281450972,164,487,724,234
62,0.05,0.5,Hoeffding/LTT,65.303653,0.029154599365604744,0.03456962865157099,142,359,530,199
62,0.05,0.5,Hoeffding-Bentkus,61.252292,0.033481096203479326,0.03910588652622036,160,469,676,225
62,0.05,0.5,IID-normal,59.321862,0.03632208365348622,0.04302695281450972,164,487,724,234
62,0.05,0.5,Empirical Bernstein,62.000847,0.03337766219437713,0.038018380203509186,160,454,656,225
62,0.05,0.5,Platt calibration,51.360675,0.05155545047973678,0.05688305119261113,181,560,920,278
62,0.05,0.5,Isotonic calibration,58.379583,0.03671119254487065,0.04371621044610422,164,498,743,234
62,0.05,0.1,Multilabel,61.252292,0.033481096203479326,0.03910588652622036,160,469,676,225
62,0.05,0.1,Hoeffding/LTT,66.35769,0.02305199282857537,0.02781007560977212,140,344,483,183
62,0.05,0.1,Hoeffding-Bentkus,62.000847,0.03337766219437713,0.038018380203509186,160,454,656,225
62,0.05,0.1,IID-normal,61.252292,0.033481096203479326,0.03910588652622036,160,469,676,225
62,0.05,0.1,Empirical Bernstein,65.303653,0.029154599365604744,0.03456962865157099,142,359,530,199
62,0.05,0.1,Platt calibration,51.360675,0.05155545047973678,0.05688305119261113,181,560,920,278
62,0.05,0.1,Isotonic calibration,58.379583,0.03671119254487065,0.04371621044610422,164,498,743,234
62,0.1,0.5,Multilabel,36.111663,0.08944858180480852,0.09102218806315923,268,923,1751,421
62,0.1,0.5,Hoeffding/LTT,37.784172,0.07882295381261041,0.08243129320519306,253,841,1573,387
62,0.1,0.5,Hoeffding-Bentkus,37.286795,0.07979917384137492,0.08310067945879783,259,863,1605,395
62,0.1,0.5,IID-normal,36.111663,0.08944858180480852,0.09102218806315923,268,923,1751,421
62,0.1,0.5,Empirical Bernstein,37.286795,0.07979917384137492,0.08310067945879783,259,863,1605,395
62,0.1,0.5,Platt calibration,34.41804,0.09658864787122959,0.09721132854668516,303,996,1921,464
62,0.1,0.5,Isotonic calibration,37.286795,0.07979917384137492,0.08310067945879783,259,863,1605,395
62,0.1,0.1,Multilabel,37.286795,0.07979917384137492,0.08310067945879783,259,863,1605,395
62,0.1,0.1,Hoeffding/LTT,40.394661,0.07187563620124646,0.07618494723957546,236,769,1383,361
62,0.1,0.1,Hoeffding-Bentkus,37.286795,0.07979917384137492,0.08310067945879783,259,863,1605,395
62,0.1,0.1,IID-normal,37.286795,0.07979917384137492,0.08310067945879783,259,863,1605,395
62,0.1,0.1,Empirical Bernstein,39.121582,0.07457904000105076,0.07854810844188688,242,808,1473,371
62,0.1,0.1,Platt calibration,34.41804,0.09658864787122959,0.09721132854668516,303,996,1921,464
62,0.1,0.1,Isotonic calibration,37.286795,0.07979917384137492,0.08310067945879783,259,863,1605,395
62,0.2,0.5,Multilabel,24.589896,0.16267086072112966,0.17457741006262914,522,1647,3388,787
62,0.2,0.5,Hoeffding/LTT,25.390091,0.15452214831093605,0.16516599829572,503,1579,3220,756
62,0.2,0.5,Hoeffding-Bentkus,24.98679,0.161805723467908,0.17211614835871328,511,1608,3308,777
62,0.2,0.5,IID-normal,24.589896,0.16267086072112966,0.17457741006262914,522,1647,3388,787
62,0.2,0.5,Empirical Bernstein,25.390091,0.15452214831093605,0.16516599829572,503,1579,3220,756
62,0.2,0.5,Platt calibration,24.589896,0.16267086072112966,0.17457741006262914,522,1647,3388,787
62,0.2,0.5,Isotonic calibration,25.799901,0.15290733952297872,0.1623747123954049,498,1540,3150,748
62,0.2,0.1,Multilabel,24.98679,0.161805723467908,0.17211614835871328,511,1608,3308,777
62,0.2,0.1,Hoeffding/LTT,25.799901,0.15290733952297872,0.1623747123954049,498,1540,3150,748
62,0.2,0.1,Hoeffding-Bentkus,25.390091,0.15452214831093605,0.16516599829572,503,1579,3220,756
62,0.2,0.1,IID-normal,24.98679,0.161805723467908,0.17211614835871328,511,1608,3308,777
62,0.2,0.1,Empirical Bernstein,25.390091,0.15452214831093605,0.16516599829572,503,1579,3220,756
62,0.2,0.1,Platt calibration,24.589896,0.16267086072112966,0.17457741006262914,522,1647,3388,787
62,0.2,0.1,Isotonic calibration,25.799901,0.15290733952297872,0.1623747123954049,498,1540,3150,748
63,0.05,0.5,Multilabel,56.53969,0.05201893334909471,0.04796852110964402,177,490,849,280
63,0.05,0.5,Hoeffding/LTT,62.000847,0.04234489824063676,0.03903921066288289,164,423,689,248
63,0.05,0.5,Hoeffding-Bentkus,58.379583,0.04886813641468171,0.045186692417344916,167,461,786,264
63,0.05,0.5,IID-normal,56.53969,0.05201893334909471,0.04796852110964402,177,490,849,280
63,0.05,0.5,Empirical Bernstein,61.252292,0.0431723703134543,0.04012671698559407,165,438,710,250
63,0.05,0.5,Platt calibration,49.74199,0.06506639478298559,0.06297387488586274,194,560,1054,318
63,0.05,0.5,Isotonic calibration,55.641604,0.05325570857221664,0.04905766969499898,178,497,873,283
63,0.05,0.1,Multilabel,59.321862,0.04764416730697244,0.04448429668460018,167,457,765,262
63,0.05,0.1,Hoeffding/LTT,66.35769,0.030697243729928877,0.028292900827043468,141,340,514,202
63,0.05,0.1,Hoeffding-Bentkus,61.252292,0.0431723703134543,0.04012671698559407,165,438,710,250
63,0.05,0.1,IID-normal,59.321862,0.04764416730697244,0.04448429668460018,167,457,765,262
63,0.05,0.1,Empirical Bernstein,61.252292,0.0431723703134543,0.04012671698559407,165,438,710,250
63,0.05,0.1,Platt calibration,49.74199,0.06506639478298559,0.06297387488586274,194,560,1054,318
63,0.05,0.1,Isotonic calibration,55.641604,0.05325570857221664,0.04905766969499898,178,497,873,283
63,0.1,0.5,Multilabel,36.694525,0.08970109213179135,0.09015408802965706,275,881,1812,419
63,0.1,0.5,Hoeffding/LTT,37.784172,0.08535423685402999,0.08448959571873077,267,841,1695,406
63,0.1,0.5,Hoeffding-Bentkus,37.286795,0.0861570817818232,0.08541418958717897,270,851,1716,411
63,0.1,0.5,IID-normal,36.694525,0.08970109213179135,0.09015408802965706,275,881,1812,419
63,0.1,0.5,Empirical Bernstein,37.286795,0.0861570817818232,0.08541418958717897,270,851,1716,411
63,0.1,0.5,Platt calibration,34.41804,0.0977548252786151,0.0990755703578162,310,981,2004,465
63,0.1,0.5,Isotonic calibration,37.286795,0.0861570817818232,0.08541418958717897,270,851,1716,411
63,0.1,0.1,Multilabel,37.286795,0.0861570817818232,0.08541418958717897,270,851,1716,411
63,0.1,0.1,Hoeffding/LTT,40.394661,0.07997320566621352,0.07826596771968546,241,761,1498,379
63,0.1,0.1,Hoeffding-Bentkus,37.784172,0.08535423685402999,0.08448959571873077,267,841,1695,406
63,0.1,0.1,IID-normal,37.286795,0.0861570817818232,0.08541418958717897,270,851,1716,411
63,0.1,0.1,Empirical Bernstein,39.121582,0.08091872385418103,0.08040649284958845,255,802,1587,389
63,0.1,0.1,Platt calibration,34.41804,0.0977548252786151,0.0990755703578162,310,981,2004,465
63,0.1,0.1,Isotonic calibration,37.286795,0.0861570817818232,0.08541418958717897,270,851,1716,411
63,0.2,0.5,Multilabel,24.199306,0.1779674435342619,0.18023847827958736,525,1585,3554,812
63,0.2,0.5,Hoeffding/LTT,24.98679,0.16904081300026688,0.17251135886393892,492,1497,3324,767
63,0.2,0.5,Hoeffding-Bentkus,24.589896,0.17204248884017193,0.17501774297813102,507,1538,3421,785
63,0.2,0.5,IID-normal,24.199306,0.1779674435342619,0.18023847827958736,525,1585,3554,812
63,0.2,0.5,Empirical Bernstein,24.98679,0.16904081300026688,0.17251135886393892,492,1497,3324,767
63,0.2,0.5,Platt calibration,24.589896,0.17204248884017193,0.17501774297813102,507,1538,3421,785
63,0.2,0.5,Isotonic calibration,25.390091,0.16277620462560471,0.1655026596494182,483,1474,3228,750
63,0.2,0.1,Multilabel,24.589896,0.17204248884017193,0.17501774297813102,507,1538,3421,785
63,0.2,0.1,Hoeffding/LTT,25.390091,0.16277620462560471,0.1655026596494182,483,1474,3228,750
63,0.2,0.1,Hoeffding-Bentkus,25.390091,0.16277620462560471,0.1655026596494182,483,1474,3228,750
63,0.2,0.1,IID-normal,24.589896,0.17204248884017193,0.17501774297813102,507,1538,3421,785
63,0.2,0.1,Empirical Bernstein,25.390091,0.16277620462560471,0.1655026596494182,483,1474,3228,750
63,0.2,0.1,Platt calibration,24.589896,0.17204248884017193,0.17501774297813102,507,1538,3421,785
63,0.2,0.1,Isotonic calibration,25.390091,0.16277620462560471,0.1655026596494182,483,1474,3228,750
64,0.05,0.5,Multilabel,58.379583,0.04018214236459995,0.04350616505396475,179,488,782,249
64,0.05,0.5,Hoeffding/LTT,63.245541,0.03340228933940145,0.03634327230685349,170,412,621,233
64,0.05,0.5,Hoeffding-Bentkus,60.27935,0.03870057331993616,0.04185470573937948,176,466,729,246
64,0.05,0.5,IID-normal,58.379583,0.04018214236459995,0.04350616505396475,179,488,782,249
64,0.05,0.5,Empirical Bernstein,61.252292,0.03642256240518549,0.03901359136563992,174,464,707,241
64,0.05,0.5,Platt calibration,51.360675,0.052960182831924656,0.057778577012264416,200,555,969,292
64,0.05,0.5,Isotonic calibration,55.641604,0.04582717654707725,0.04739652103081542,185,523,860,266
64,0.05,0.1,Multilabel,61.252292,0.03642256240518549,0.03901359136563992,174,464,707,241
64,0.05,0.1,Hoeffding/LTT,66.35769,0.026982485174458695,0.027642893272635305,149,357,524,199
64,0.05,0.1,Hoeffding-Bentkus,61.252292,0.03642256240518549,0.03901359136563992,174,464,707,241
64,0.05,0.1,IID-normal,61.252292,0.03642256240518549,0.03901359136563992,174,464,707,241
64,0.05,0.1,Empirical Bernstein,63.245541,0.03340228933940145,0.03634327230685349,170,412,621,233
64,0.05,0.1,Platt calibration,51.360675,0.052960182831924656,0.057778577012264416,200,555,969,292
64,0.05,0.1,Isotonic calibration,55.641604,0.04582717654707725,0.04739652103081542,185,523,860,266
64,0.1,0.5,Multilabel,36.694525,0.08383605545376335,0.08973448992417125,302,925,1773,432
64,0.1,0.5,Hoeffding/LTT,39.121582,0.07489410327639538,0.07969802074506173,277,842,1566,394
64,0.1,0.5,Hoeffding-Bentkus,37.286795,0.07982675624380217,0.08440403383498983,295,894,1681,419
64,0.1,0.5,IID-normal,36.694525,0.08383605545376335,0.08973448992417125,302,925,1773,432
64,0.1,0.5,Empirical Bernstein,37.784172,0.0795637383349423,0.0836058941901127,290,877,1655,413
64,0.1,0.5,Platt calibration,33.871338,0.0964953930820708,0.1023850032954737,353,1059,2034,504
64,0.1,0.5,Isotonic calibration,37.286795,0.07982675624380217,0.08440403383498983,295,894,1681,419
64,0.1,0.1,Multilabel,37.286795,0.07982675624380217,0.08440403383498983,295,894,1681,419
64,0.1,0.1,Hoeffding/LTT,41.709169,0.07201469748015052,0.07622113175982675,249,758,1382,368
64,0.1,0.1,Hoeffding-Bentkus,37.888624,0.0795637383349423,0.08344478822475787,290,877,1655,413
64,0.1,0.1,IID-normal,37.286795,0.07982675624380217,0.08440403383498983,295,894,1681,419
64,0.1,0.1,Empirical Bernstein,39.121582,0.07489410327639538,0.07969802074506173,277,842,1566,394
64,0.1,0.1,Platt calibration,33.871338,0.0964953930820708,0.1023850032954737,353,1059,2034,504
64,0.1,0.1,Isotonic calibration,37.286795,0.07982675624380217,0.08440403383498983,295,894,1681,419
64,0.2,0.5,Multilabel,24.199306,0.17900006293311072,0.1806994007280254,564,1746,3688,854
64,0.2,0.5,Hoeffding/LTT,24.98679,0.16960870010652188,0.17367034840063575,536,1656,3469,812
64,0.2,0.5,Hoeffding-Bentkus,24.589896,0.17198332405748018,0.17570062066818212,549,1696,3562,826
64,0.2,0.5,IID-normal,24.199306,0.17900006293311072,0.1806994007280254,564,1746,3688,854
64,0.2,0.5,Empirical Bernstein,25.390091,0.16167535638501102,0.16628667583555887,527,1625,3361,789
64,0.2,0.5,Platt calibration,24.199306,0.17900006293311072,0.1806994007280254,564,1746,3688,854
64,0.2,0.5,Isotonic calibration,25.799901,0.1581423472404027,0.16342500673097998,518,1583,3270,773
64,0.2,0.1,Multilabel,24.98679,0.16960870010652188,0.17367034840063575,536,1656,3469,812
64,0.2,0.1,Hoeffding/LTT,25.390091,0.16167535638501102,0.16628667583555887,527,1625,3361,789
64,0.2,0.1,Hoeffding-Bentkus,25.390091,0.16167535638501102,0.16628667583555887,527,1625,3361,789
64,0.2,0.1,IID-normal,24.98679,0.16960870010652188,0.17367034840063575,536,1656,3469,812
64,0.2,0.1,Empirical Bernstein,25.390091,0.16167535638501102,0.16628667583555887,527,1625,3361,789
64,0.2,0.1,Platt calibration,24.199306,0.17900006293311072,0.1806994007280254,564,1746,3688,854
64,0.2,0.1,Isotonic calibration,25.799901,0.1581423472404027,0.16342500673097998,518,1583,3270,773
65,0.05,0.5,Multilabel,57.452272,0.04593504344228382,0.04621392770102937,156,426,739,242
65,0.05,0.5,Hoeffding/LTT,62.000847,0.04025750142837441,0.03845850659204225,145,373,622,222
65,0.05,0.5,Hoeffding-Bentkus,59.321862,0.04406436550623559,0.04363918832811094,148,406,686,231
65,0.05,0.5,IID-normal,57.452272,0.04593504344228382,0.04621392770102937,156,426,739,242
65,0.05,0.5,Empirical Bernstein,61.252292,0.04155387434245523,0.039523021237740506,147,387,643,226
65,0.05,0.5,Platt calibration,50.544853,0.05797180684437614,0.05999382509245939,169,490,915,278
65,0.05,0.5,Isotonic calibration,55.641604,0.047442224717772916,0.048024193813268175,157,443,780,246
65,0.05,0.1,Multilabel,60.27935,0.04277094784955769,0.04253657318907698,148,390,658,228
65,0.05,0.1,Hoeffding/LTT,66.35769,0.030106192249344917,0.02805148821840779,122,293,471,180
65,0.05,0.1,Hoeffding-Bentkus,61.252292,0.04155387434245523,0.039523021237740506,147,387,643,226
65,0.05,0.1,IID-normal,60.27935,0.04277094784955769,0.04253657318907698,148,390,658,228
65,0.05,0.1,Empirical Bernstein,62.000847,0.04025750142837441,0.03845850659204225,145,373,622,222
65,0.05,0.1,Platt calibration,50.544853,0.05797180684437614,0.05999382509245939,169,490,915,278
65,0.05,0.1,Isotonic calibration,55.641604,0.047442224717772916,0.048024193813268175,157,443,780,246
65,0.1,0.5,Multilabel,36.694525,0.08822428433516559,0.08995843980669474,260,813,1679,411
65,0.1,0.5,Hoeffding/LTT,37.784172,0.08290088066670606,0.0838199904967735,250,768,1565,391
65,0.1,0.5,Hoeffding-Bentkus,37.286795,0.08441791280020489,0.08473768686211783,255,779,1588,400
65,0.1,0.5,IID-normal,36.694525,0.08822428433516559,0.08995843980669474,260,813,1679,411
65,0.1,0.5,Empirical Bernstein,37.286795,0.08441791280020489,0.08473768686211783,255,779,1588,400
65,0.1,0.5,Platt calibration,33.871338,0.10087377110546329,0.10174643683748388,304,935,1941,476
65,0.1,0.5,Isotonic calibration,37.286795,0.08441791280020489,0.08473768686211783,255,779,1588,400
65,0.1,0.1,Multilabel,37.286795,0.08441791280020489,0.08473768686211783,255,779,1588,400
65,0.1,0.1,Hoeffding/LTT,40.394661,0.07672340760880274,0.07759181890441375,233,693,1364,364
65,0.1,0.1,Hoeffding-Bentkus,37.286795,0.08441791280020489,0.08473768686211783,255,779,1588,400
65,0.1,0.1,IID-normal,37.286795,0.08441791280020489,0.08473768686211783,255,779,1588,400
65,0.1,0.1,Empirical Bernstein,39.121582,0.080152162920057,0.0800737704379586,244,740,1474,381
65,0.1,0.1,Platt calibration,33.871338,0.10087377110546329,0.10174643683748388,304,935,1941,476
65,0.1,0.1,Isotonic calibration,37.286795,0.08441791280020489,0.08473768686211783,255,779,1588,400
65,0.2,0.5,Multilabel,23.81492,0.18673190655497035,0.1850547634595728,554,1675,3774,869
65,0.2,0.5,Hoeffding/LTT,24.589896,0.1765294226299605,0.17438973179004258,531,1595,3516,831
65,0.2,0.5,Hoeffding-Bentkus,24.199306,0.18132028230260114,0.17950985017649382,546,1643,3639,853
65,0.2,0.5,IID-normal,23.81492,0.18673190655497035,0.1850547634595728,554,1675,3774,869
65,0.2,0.5,Empirical Bernstein,24.589896,0.1765294226299605,0.17438973179004258,531,1595,3516,831
65,0.2,0.5,Platt calibration,23.81492,0.18673190655497035,0.1850547634595728,554,1675,3774,869
65,0.2,0.5,Isotonic calibration,24.98679,0.17520039951773508,0.17205123170702605,514,1548,3417,813
65,0.2,0.1,Multilabel,24.589896,0.1765294226299605,0.17438973179004258,531,1595,3516,831
65,0.2,0.1,Hoeffding/LTT,25.390091,0.16687060353795977,0.16518160725566616,503,1524,3316,788
65,0.2,0.1,Hoeffding-Bentkus,24.589896,0.1765294226299605,0.17438973179004258,531,1595,3516,831
65,0.2,0.1,IID-normal,24.589896,0.1765294226299605,0.17438973179004258,531,1595,3516,831
65,0.2,0.1,Empirical Bernstein,24.98679,0.17520039951773508,0.17205123170702605,514,1548,3417,813
65,0.2,0.1,Platt calibration,23.81492,0.18673190655497035,0.1850547634595728,554,1675,3774,869
65,0.2,0.1,Isotonic calibration,24.98679,0.17520039951773508,0.17205123170702605,514,1548,3417,813
66,0.05,0.5,Multilabel,58.379583,0.046538901038280435,0.04535354630195297,189,544,875,274
66,0.05,0.5,Hoeffding/LTT,63.245541,0.038802529700336895,0.037954331960401766,183,441,686,255
66,0.05,0.5,Hoeffding-Bentkus,60.27935,0.04479677679925921,0.043688784659953094,188,507,806,270
66,0.05,0.5,IID-normal,58.379583,0.046538901038280435,0.04535354630195297,189,544,875,274
66,0.05,0.5,Empirical Bernstein,61.252292,0.04169474161199441,0.04052578680803264,186,504,779,262
66,0.05,0.5,Platt calibration,51.360675,0.059139133518529466,0.0597144762167524,208,611,1072,316
66,0.05,0.5,Isotonic calibration,55.641604,0.0503240932285202,0.049381852340881174,196,577,950,288
66,0.05,0.1,Multilabel,60.27935,0.04479677679925921,0.043688784659953094,188,507,806,270
66,0.05,0.1,Hoeffding/LTT,66.35769,0.028428591130287447,0.028435449224523582,163,374,553,213
66,0.05,0.1,Hoeffding-Bentkus,61.252292,0.04169474161199441,0.04052578680803264,186,504,779,262
66,0.05,0.1,IID-normal,60.27935,0.04479677679925921,0.043688784659953094,188,507,806,270
66,0.05,0.1,Empirical Bernstein,63.245541,0.038802529700336895,0.037954331960401766,183,441,686,255
66,0.05,0.1,Platt calibration,51.360675,0.059139133518529466,0.0597144762167524,208,611,1072,316
66,0.05,0.1,Isotonic calibration,55.641604,0.0503240932285202,0.049381852340881174,196,577,950,288
66,0.1,0.5,Multilabel,37.286795,0.08291303005825142,0.08662136211453358,305,966,1827,436
66,0.1,0.5,Hoeffding/LTT,39.121582,0.07664886944986242,0.08154293859908428,287,912,1683,408
66,0.1,0.5,Hoeffding-Bentkus,37.286795,0.08291303005825142,0.08662136211453358,305,966,1827,436
66,0.1,0.5,IID-normal,37.286795,0.08291303005825142,0.08662136211453358,305,966,1827,436
66,0.1,0.5,Empirical Bernstein,39.121582,0.07664886944986242,0.08154293859908428,287,912,1683,408
66,0.1,0.5,Platt calibration,33.871338,0.10363595169139232,0.10434893044908218,358,1134,2199,527
66,0.1,0.5,Isotonic calibration,37.286795,0.08291303005825142,0.08662136211453358,305,966,1827,436
66,0.1,0.1,Multilabel,37.784172,0.08126202625582021,0.08579333328953967,298,944,1791,425
66,0.1,0.1,Hoeffding/LTT,42.382378,0.07113583676471553,0.07618604208133799,250,802,1456,369
66,0.1,0.1,Hoeffding-Bentkus,39.121582,0.07664886944986242,0.08154293859908428,287,912,1683,408
66,0.1,0.1,IID-normal,37.784172,0.08126202625582021,0.08579333328953967,298,944,1791,425
66,0.1,0.1,Empirical Bernstein,40.394661,0.07420602084441555,0.07881256746962362,270,854,1571,390
66,0.1,0.1,Platt calibration,33.871338,0.10363595169139232,0.10434893044908218,358,1134,2199,527
66,0.1,0.1,Isotonic calibration,37.286795,0.08291303005825142,0.08662136211453358,305,966,1827,436
66,0.2,0.5,Multilabel,24.199306,0.18051588143766095,0.18126069145520105,581,1868,3864,864
66,0.2,0.5,Hoeffding/LTT,24.98679,0.17356858881476175,0.17420882143876393,552,1767,3638,827
66,0.2,0.5,Hoeffding-Bentkus,24.589896,0.17584124145977684,0.17638369244381838,566,1815,3737,843
66,0.2,0.5,IID-normal,24.199306,0.18051588143766095,0.18126069145520105,581,1868,3864,864
66,0.2,0.5,Empirical Bernstein,24.98679,0.17356858881476175,0.17420882143876393,552,1767,3638,827
66,0.2,0.5,Platt calibration,24.589896,0.17584124145977684,0.17638369244381838,566,1815,3737,843
66,0.2,0.5,Isotonic calibration,25.799901,0.16124263269484618,0.16391514480216368,534,1699,3443,788
66,0.2,0.1,Multilabel,24.589896,0.17584124145977684,0.17638369244381838,566,1815,3737,843
66,0.2,0.1,Hoeffding/LTT,25.390091,0.16418037784401046,0.16716921285066588,540,1742,3531,799
66,0.2,0.1,Hoeffding-Bentkus,25.390091,0.16418037784401046,0.16716921285066588,540,1742,3531,799
66,0.2,0.1,IID-normal,24.589896,0.17584124145977684,0.17638369244381838,566,1815,3737,843
66,0.2,0.1,Empirical Bernstein,25.390091,0.16418037784401046,0.16716921285066588,540,1742,3531,799
66,0.2,0.1,Platt calibration,24.589896,0.17584124145977684,0.17638369244381838,566,1815,3737,843
66,0.2,0.1,Isotonic calibration,25.799901,0.16124263269484618,0.16391514480216368,534,1699,3443,788
67,0.05,0.5,Multilabel,61.252292,0.030283507693520107,0.03955192506027104,167,482,665,224
67,0.05,0.5,Hoeffding/LTT,66.35769,0.021002029276750003,0.02778938310046049,153,375,493,191
67,0.05,0.5,Hoeffding-Bentkus,62.000847,0.029676694840120574,0.03860236879963739,165,467,643,221
67,0.05,0.5,IID-normal,61.252292,0.030283507693520107,0.03955192506027104,167,482,665,224
67,0.05,0.5,Empirical Bernstein,65.303653,0.02580826289969856,0.03523638728494571,155,387,529,203
67,0.05,0.5,Platt calibration,51.360675,0.0463778395098213,0.058618594354557935,196,574,895,282
67,0.05,0.5,Isotonic calibration,59.321862,0.034400673798687866,0.043930197268588767,170,498,713,234
67,0.05,0.1,Multilabel,63.245541,0.027739031069606162,0.036964376038731116,164,424,581,217
67,0.05,0.1,Hoeffding/LTT,66.35769,0.021002029276750003,0.02778938310046049,153,375,493,191
67,0.05,0.1,Hoeffding-Bentkus,65.303653,0.02580826289969856,0.03523638728494571,155,387,529,203
67,0.05,0.1,IID-normal,63.245541,0.027739031069606162,0.036964376038731116,164,424,581,217
67,0.05,0.1,Empirical Bernstein,66.35769,0.021002029276750003,0.02778938310046049,153,375,493,191
67,0.05,0.1,Platt calibration,51.360675,0.0463778395098213,0.058618594354557935,196,574,895,282
67,0.05,0.1,Isotonic calibration,59.321862,0.034400673798687866,0.043930197268588767,170,498,713,234
67,0.1,0.5,Multilabel,37.286795,0.07733974295827833,0.08472504143976071,280,880,1610,406
67,0.1,0.5,Hoeffding/LTT,39.121582,0.07281031844540325,0.07979995051315233,263,835,1498,383
67,0.1,0.5,Hoeffding-Bentkus,37.784172,0.0762975221808486,0.0838947134470655,276,866,1585,399
67,0.1,0.5,IID-normal,37.286795,0.07733974295827833,0.08472504143976071,280,880,1610,406
67,0.1,0.5,Empirical Bernstein,39.121582,0.07281031844540325,0.07979995051315233,263,835,1498,383
67,0.1,0.5,Platt calibration,33.871338,0.09771131732240544,0.10284757394013844,335,1027,1957,490
67,0.1,0.5,Isotonic calibration,37.286795,0.07733974295827833,0.08472504143976071,280,880,1610,406
67,0.1,0.1,Multilabel,38.500168,0.07517977815867762,0.0829764149187518,271,856,1551,394
67,0.1,0.1,Hoeffding/LTT,43.76157,0.06479007821581259,0.07353132451766747,222,668,1158,341
67,0.1,0.1,Hoeffding-Bentkus,39.121582,0.07281031844540325,0.07979995051315233,263,835,1498,383
67,0.1,0.1,IID-normal,38.500168,0.07517977815867762,0.0829764149187518,271,856,1551,394
67,0.1,0.1,Empirical Bernstein,40.394661,0.07024187140033229,0.07742069513693185,245,784,1383,366
67,0.1,0.1,Platt calibration,33.871338,0.09771131732240544,0.10284757394013844,335,1027,1957,490
67,0.1,0.1,Isotonic calibration,37.286795,0.07733974295827833,0.08472504143976071,280,880,1610,406
67,0.2,0.5,Multilabel,24.199306,0.17945182830614453,0.18138211646616456,552,1675,3553,847
67,0.2,0.5,Hoeffding/LTT,24.98679,0.17186047242418775,0.17385663206729804,526,1581,3346,807
67,0.2,0.5,Hoeffding-Bentkus,24.589896,0.17434081399224138,0.1761579971083513,535,1624,3435,820
67,0.2,0.5,IID-normal,24.199306,0.17945182830614453,0.18138211646616456,552,1675,3553,847
67,0.2,0.5,Empirical Bernstein,25.390091,0.16364158815027663,0.16647321330644793,512,1548,3236,779
67,0.2,0.5,Platt calibration,24.199306,0.17945182830614453,0.18138211646616456,552,1675,3553,847
67,0.2,0.5,Isotonic calibration,25.390091,0.16364158815027663,0.16647321330644793,512,1548,3236,779
67,0.2,0.1,Multilabel,24.98679,0.17186047242418775,0.17385663206729804,526,1581,3346,807
67,0.2,0.1,Hoeffding/LTT,25.390091,0.16364158815027663,0.16647321330644793,512,1548,3236,779
67,0.2,0.1,Hoeffding-Bentkus,25.390091,0.16364158815027663,0.16647321330644793,512,1548,3236,779
67,0.2,0.1,IID-normal,24.98679,0.17186047242418775,0.17385663206729804,526,1581,3346,807
67,0.2,0.1,Empirical Bernstein,25.390091,0.16364158815027663,0.16647321330644793,512,1548,3236,779
67,0.2,0.1,Platt calibration,24.199306,0.17945182830614453,0.18138211646616456,552,1675,3553,847
67,0.2,0.1,Isotonic calibration,25.390091,0.16364158815027663,0.16647321330644793,512,1548,3236,779
68,0.05,0.5,Multilabel,56.53969,0.049314872825423094,0.04714689710896084,190,542,888,282
68,0.05,0.5,Hoeffding/LTT,62.000847,0.03888232165021573,0.03893016442333589,178,472,752,250
68,0.05,0.5,Hoeffding-Bentkus,58.379583,0.04674232125618141,0.044701896484901034,182,514,840,269
68,0.05,0.5,IID-normal,56.53969,0.049314872825423094,0.04714689710896084,190,542,888,282
68,0.05,0.5,Empirical Bernstein,61.252292,0.03981322773213547,0.039902712360982466,180,486,773,253
68,0.05,0.5,Platt calibration,49.74199,0.06572886498414013,0.0620243186252291,209,611,1104,331
68,0.05,0.5,Isotonic calibration,54.757783,0.053325649664085734,0.05166952420366685,193,554,931,293
68,0.05,0.1,Multilabel,58.379583,0.04674232125618141,0.044701896484901034,182,514,840,269
68,0.05,0.1,Hoeffding/LTT,66.35769,0.029733829816577028,0.028148053261862063,155,369,570,209
68,0.05,0.1,Hoeffding-Bentkus,61.252292,0.03981322773213547,0.039902712360982466,180,486,773,253
68,0.05,0.1,IID-normal,58.379583,0.04674232125618141,0.044701896484901034,182,514,840,269
68,0.05,0.1,Empirical Bernstein,62.000847,0.03888232165021573,0.03893016442333589,178,472,752,250
68,0.05,0.1,Platt calibration,49.74199,0.06572886498414013,0.0620243186252291,209,611,1104,331
68,0.05,0.1,Isotonic calibration,54.757783,0.053325649664085734,0.05166952420366685,193,554,931,293
68,0.1,0.5,Multilabel,36.694525,0.09238249568204057,0.09099114929919179,299,974,1938,448
68,0.1,0.5,Hoeffding/LTT,37.286795,0.08727581088979516,0.0856163521186283,294,946,1845,436
68,0.1,0.5,Hoeffding-Bentkus,37.286795,0.08727581088979516,0.0856163521186283,294,946,1845,436
68,0.1,0.5,IID-normal,36.694525,0.09238249568204057,0.09099114929919179,299,974,1938,448
68,0.1,0.5,Empirical Bernstein,37.286795,0.08727581088979516,0.0856163521186283,294,946,1845,436
68,0.1,0.5,Platt calibration,33.871338,0.10569313920575815,0.1037360927725116,347,1106,2216,516
68,0.1,0.5,Isotonic calibration,36.694525,0.09238249568204057,0.09099114929919179,299,974,1938,448
68,0.1,0.1,Multilabel,37.286795,0.08727581088979516,0.0856163521186283,294,946,1845,436
68,0.1,0.1,Hoeffding/LTT,40.394661,0.07987420454321571,0.07859945652054909,262,832,1570,396
68,0.1,0.1,Hoeffding-Bentkus,37.286795,0.08727581088979516,0.0856163521186283,294,946,1845,436
68,0.1,0.1,IID-normal,37.286795,0.08727581088979516,0.0856163521186283,294,946,1845,436
68,0.1,0.1,Empirical Bernstein,39.121582,0.08268711704789487,0.08106608026941867,275,887,1694,413
68,0.1,0.1,Platt calibration,33.871338,0.10569313920575815,0.1037360927725116,347,1106,2216,516
68,0.1,0.1,Isotonic calibration,36.694525,0.09238249568204057,0.09099114929919179,299,974,1938,448
68,0.2,0.5,Multilabel,24.199306,0.17778937897643632,0.18145630043995337,554,1785,3869,825
68,0.2,0.5,Hoeffding/LTT,24.98679,0.17125921423634924,0.17396592849687798,527,1694,3663,791
68,0.2,0.5,Hoeffding-Bentkus,24.589896,0.1732208633535631,0.17644197056458788,540,1725,3746,805
68,0.2,0.5,IID-normal,24.199306,0.17778937897643632,0.18145630043995337,554,1785,3869,825
68,0.2,0.5,Empirical Bernstein,24.98679,0.17125921423634924,0.17396592849687798,527,1694,3663,791
68,0.2,0.5,Platt calibration,24.589896,0.1732208633535631,0.17644197056458788,540,1725,3746,805
68,0.2,0.5,Isotonic calibration,25.390091,0.16464531831752985,0.16682012523436898,520,1669,3570,773
68,0.2,0.1,Multilabel,24.98679,0.17125921423634924,0.17396592849687798,527,1694,3663,791
68,0.2,0.1,Hoeffding/LTT,25.390091,0.16464531831752985,0.16682012523436898,520,1669,3570,773
68,0.2,0.1,Hoeffding-Bentkus,25.390091,0.16464531831752985,0.16682012523436898,520,1669,3570,773
68,0.2,0.1,IID-normal,24.98679,0.17125921423634924,0.17396592849687798,527,1694,3663,791
68,0.2,0.1,Empirical Bernstein,25.390091,0.16464531831752985,0.16682012523436898,520,1669,3570,773
68,0.2,0.1,Platt calibration,24.589896,0.1732208633535631,0.17644197056458788,540,1725,3746,805
68,0.2,0.1,Isotonic calibration,25.390091,0.16464531831752985,0.16682012523436898,520,1669,3570,773
69,0.05,0.5,Multilabel,55.641604,0.056188309001714044,0.049130421930118434,157,416,830,262
69,0.05,0.5,Hoeffding/LTT,61.252292,0.04807415725909727,0.04031754790480132,148,371,682,241
69,0.05,0.5,Hoeffding-Bentkus,57.452272,0.05399452292294658,0.047334115050351774,155,402,787,258
69,0.05,0.5,IID-normal,55.641604,0.056188309001714044,0.049130421930118434,157,416,830,262
69,0.05,0.5,Empirical Bernstein,58.379583,0.05283212167779814,0.04530657759034087,149,387,753,250
69,0.05,0.5,Platt calibration,48.95188,0.0707035482790551,0.06251387711933995,176,478,1024,308
69,0.05,0.5,Isotonic calibration,53.032035,0.06548505624839923,0.05640400317942047,162,428,902,286
69,0.05,0.1,Multilabel,58.379583,0.05283212167779814,0.04530657759034087,149,387,753,250
69,0.05,0.1,Hoeffding/LTT,66.35769,0.03398151979037374,0.02831589250405639,128,288,495,194
69,0.05,0.1,Hoeffding-Bentkus,58.379583,0.05283212167779814,0.04530657759034087,149,387,753,250
69,0.05,0.1,IID-normal,58.379583,0.05283212167779814,0.04530657759034087,149,387,753,250
69,0.05,0.1,Empirical Bernstein,61.252292,0.04807415725909727,0.04031754790480132,148,371,682,241
69,0.05,0.1,Platt calibration,48.95188,0.0707035482790551,0.06251387711933995,176,478,1024,308
69,0.05,0.1,Isotonic calibration,53.032035,0.06548505624839923,0.05640400317942047,162,428,902,286
69,0.1,0.5,Multilabel,36.111663,0.09881904630559989,0.09313796976922925,278,789,1817,437
69,0.1,0.5,Hoeffding/LTT,37.286795,0.0909221059820977,0.08536908210656315,271,747,1692,416
69,0.1,0.5,Hoeffding-Bentkus,36.694525,0.09633449573457847,0.0901250747229503,275,767,1775,428
69,0.1,0.5,IID-normal,36.111663,0.09881904630559989,0.09313796976922925,278,789,1817,437
69,0.1,0.5,Empirical Bernstein,37.286795,0.0909221059820977,0.08536908210656315,271,747,1692,416
69,0.1,0.5,Platt calibration,33.871338,0.11235511029677352,0.10333439532984298,315,878,2033,499
69,0.1,0.5,Isotonic calibration,36.111663,0.09881904630559989,0.09313796976922925,278,789,1817,437
69,0.1,0.1,Multilabel,36.694525,0.09633449573457847,0.0901250747229503,275,767,1775,428
69,0.1,0.1,Hoeffding/LTT,39.121582,0.08901448732851298,0.08034058337548475,249,695,1558,394
69,0.1,0.1,Hoeffding-Bentkus,37.286795,0.0909221059820977,0.08536908210656315,271,747,1692,416
69,0.1,0.1,IID-normal,36.694525,0.09633449573457847,0.0901250747229503,275,767,1775,428
69,0.1,0.1,Empirical Bernstein,37.784172,0.0912501395538218,0.08453284196835031,262,727,1663,408
69,0.1,0.1,Platt calibration,33.871338,0.11235511029677352,0.10333439532984298,315,878,2033,499
69,0.1,0.1,Isotonic calibration,36.111663,0.09881904630559989,0.09313796976922925,278,789,1817,437
69,0.2,0.5,Multilabel,24.199306,0.18649508169878587,0.18218108683517706,546,1539,3715,835
69,0.2,0.5,Hoeffding/LTT,24.589896,0.18031979638096846,0.1766767949820582,530,1492,3576,812
69,0.2,0.5,Hoeffding-Bentkus,24.589896,0.18031979638096846,0.1766767949820582,530,1492,3576,812
69,0.2,0.5,IID-normal,24.199306,0.18649508169878587,0.18218108683517706,546,1539,3715,835
69,0.2,0.5,Empirical Bernstein,24.98679,0.17821719732967267,0.1744689742165053,515,1448,3479,796
69,0.2,0.5,Platt calibration,24.589896,0.18031979638096846,0.1766767949820582,530,1492,3576,812
69,0.2,0.5,Isotonic calibration,25.390091,0.1714651356644956,0.1680267859423402,506,1426,3383,777
69,0.2,0.1,Multilabel,24.589896,0.18031979638096846,0.1766767949820582,530,1492,3576,812
69,0.2,0.1,Hoeffding/LTT,25.390091,0.1714651356644956,0.1680267859423402,506,1426,3383,777
69,0.2,0.1,Hoeffding-Bentkus,24.98679,0.17821719732967267,0.1744689742165053,515,1448,3479,796
69,0.2,0.1,IID-normal,24.589896,0.18031979638096846,0.1766767949820582,530,1492,3576,812
69,0.2,0.1,Empirical Bernstein,25.390091,0.1714651356644956,0.1680267859423402,506,1426,3383,777
69,0.2,0.1,Platt calibration,24.589896,0.18031979638096846,0.1766767949820582,530,1492,3576,812
69,0.2,0.1,Isotonic calibration,25.390091,0.1714651356644956,0.1680267859423402,506,1426,3383,777
70,0.05,0.5,Multilabel,55.641604,0.054568827944914,0.04750967292697186,182,539,907,285
70,0.05,0.5,Hoeffding/LTT,61.252292,0.043580195835057234,0.03936372176129384,176,480,760,259
70,0.05,0.5,Hoeffding-Bentkus,56.53969,0.05359999605965679,0.046567671074499606,182,529,884,284
70,0.05,0.5,IID-normal,55.641604,0.054568827944914,0.04750967292697186,182,539,907,285
70,0.05,0.5,Empirical Bernstein,58.379583,0.05019258427409027,0.0439344671514626,178,505,832,274
70,0.05,0.5,Platt calibration,48.17432,0.06966920818803318,0.06110103856689592,219,641,1173,344
70,0.05,0.5,Isotonic calibration,53.888001,0.059604586559489324,0.05214118203496048,190,552,956,304
70,0.05,0.1,Multilabel,56.53969,0.05359999605965679,0.046567671074499606,182,529,884,284
70,0.05,0.1,Hoeffding/LTT,66.35769,0.030152491281990663,0.028028496541394873,150,360,531,209
70,0.05,0.1,Hoeffding-Bentkus,58.379583,0.05019258427409027,0.0439344671514626,178,505,832,274
70,0.05,0.1,IID-normal,56.53969,0.05359999605965679,0.046567671074499606,182,529,884,284
70,0.05,0.1,Empirical Bernstein,61.252292,0.043580195835057234,0.03936372176129384,176,480,760,259
70,0.05,0.1,Platt calibration,48.17432,0.06966920818803318,0.06110103856689592,219,641,1173,344
70,0.05,0.1,Isotonic calibration,53.888001,0.059604586559489324,0.05214118203496048,190,552,956,304
70,0.1,0.5,Multilabel,35.538059,0.10242380361329471,0.09574675872096204,314,1002,2064,485
70,0.1,0.5,Hoeffding/LTT,36.694525,0.09745059794708119,0.08950325934392703,304,949,1942,463
70,0.1,0.5,Hoeffding-Bentkus,36.111663,0.09989952124830073,0.09244230731332401,308,981,1994,473
70,0.1,0.5,IID-normal,35.538059,0.10242380361329471,0.09574675872096204,314,1002,2064,485
70,0.1,0.5,Empirical Bernstein,36.694525,0.09745059794708119,0.08950325934392703,304,949,1942,463
70,0.1,0.5,Platt calibration,33.33332,0.11156490730342615,0.10428340416959536,364,1099,2255,544
70,0.1,0.5,Isotonic calibration,36.111663,0.09989952124830073,0.09244230731332401,308,981,1994,473
70,0.1,0.1,Multilabel,36.694525,0.09745059794708119,0.08950325934392703,304,949,1942,463
70,0.1,0.1,Hoeffding/LTT,38.500168,0.09240728700803173,0.08317233685215475,287,890,1775,440
70,0.1,0.1,Hoeffding-Bentkus,36.694525,0.09745059794708119,0.08950325934392703,304,949,1942,463
70,0.1,0.1,IID-normal,36.694525,0.09745059794708119,0.08950325934392703,304,949,1942,463
70,0.1,0.1,Empirical Bernstein,37.286795,0.09329090897150476,0.08462322115584633,299,921,1855,452
70,0.1,0.1,Platt calibration,33.33332,0.11156490730342615,0.10428340416959536,364,1099,2255,544
70,0.1,0.1,Isotonic calibration,36.111663,0.09989952124830073,0.09244230731332401,308,981,1994,473
70,0.2,0.5,Multilabel,23.81492,0.19581965338943771,0.1852589350211527,583,1844,4067,904
70,0.2,0.5,Hoeffding/LTT,24.199306,0.18900310200992865,0.17964032717791859,578,1813,3915,888
70,0.2,0.5,Hoeffding-Bentkus,24.199306,0.18900310200992865,0.17964032717791859,578,1813,3915,888
70,0.2,0.5,IID-normal,23.81492,0.19581965338943771,0.1852589350211527,583,1844,4067,904
70,0.2,0.5,Empirical Bernstein,24.589896,0.18142736395218811,0.1742613458981031,555,1740,3760,853
70,0.2,0.5,Platt calibration,23.81492,0.19581965338943771,0.1852589350211527,583,1844,4067,904
70,0.2,0.5,Isotonic calibration,24.98679,0.17899990358099588,0.17202295416460858,544,1695,3649,838
70,0.2,0.1,Multilabel,24.199306,0.18900310200992865,0.17964032717791859,578,1813,3915,888
70,0.2,0.1,Hoeffding/LTT,24.98679,0.17899990358099588,0.17202295416460858,544,1695,3649,838
70,0.2,0.1,Hoeffding-Bentkus,24.589896,0.18142736395218811,0.1742613458981031,555,1740,3760,853
70,0.2,0.1,IID-normal,24.199306,0.18900310200992865,0.17964032717791859,578,1813,3915,888
70,0.2,0.1,Empirical Bernstein,24.98679,0.17899990358099588,0.17202295416460858,544,1695,3649,838
70,0.2,0.1,Platt calibration,23.81492,0.19581965338943771,0.1852589350211527,583,1844,4067,904
70,0.2,0.1,Isotonic calibration,24.98679,0.17899990358099588,0.17202295416460858,544,1695,3649,838
71,0.05,0.5,Multilabel,60.27935,0.04022548613984278,0.04366907750822774,161,432,691,240
71,0.05,0.5,Hoeffding/LTT,65.303653,0.03391945938491243,0.03619973855178711,135,343,537,204
71,0.05,0.5,Hoeffding-Bentkus,61.252292,0.037443111294993794,0.040696910575514514,158,427,669,232
71,0.05,0.5,IID-normal,60.27935,0.04022548613984278,0.04366907750822774,161,432,691,240
71,0.05,0.5,Empirical Bernstein,63.245541,0.03553992552751345,0.037966813156494486,153,380,597,226
71,0.05,0.5,Platt calibration,52.189665,0.055571152747404304,0.057787773683069574,179,504,902,289
71,0.05,0.5,Isotonic calibration,57.452272,0.044332308844100325,0.047788200671356966,168,467,760,256
71,0.05,0.1,Multilabel,61.252292,0.037443111294993794,0.040696910575514514,158,427,669,232
71,0.05,0.1,Hoeffding/LTT,66.35769,0.027099710384774513,0.028821709398340657,134,333,494,188
71,0.05,0.1,Hoeffding-Bentkus,63.245541,0.03553992552751345,0.037966813156494486,153,380,597,226
71,0.05,0.1,IID-normal,61.252292,0.037443111294993794,0.040696910575514514,158,427,669,232
71,0.05,0.1,Empirical Bernstein,65.303653,0.03391945938491243,0.03619973855178711,135,343,537,204
71,0.05,0.1,Platt calibration,52.189665,0.055571152747404304,0.057787773683069574,179,504,902,289
71,0.05,0.1,Isotonic calibration,57.452272,0.044332308844100325,0.047788200671356966,168,467,760,256
71,0.1,0.5,Multilabel,37.286795,0.08536113245463679,0.08657034248840015,286,844,1656,431
71,0.1,0.5,Hoeffding/LTT,39.121582,0.07978045721115641,0.08182130211720501,261,787,1525,400
71,0.1,0.5,Hoeffding-Bentkus,37.286795,0.08536113245463679,0.08657034248840015,286,844,1656,431
71,0.1,0.5,IID-normal,37.286795,0.08536113245463679,0.08657034248840015,286,844,1656,431
71,0.1,0.5,Empirical Bernstein,39.121582,0.07978045721115641,0.08182130211720501,261,787,1525,400
71,0.1,0.5,Platt calibration,34.41804,0.09723469997570121,0.1004658551699523,331,993,1970,489
71,0.1,0.5,Isotonic calibration,37.286795,0.08536113245463679,0.08657034248840015,286,844,1656,431
71,0.1,0.1,Multilabel,37.286795,0.08536113245463679,0.08657034248840015,286,844,1656,431
71,0.1,0.1,Hoeffding/LTT,43.066453,0.07145763145970013,0.07554457429267748,212,623,1213,349
71,0.1,0.1,Hoeffding-Bentkus,39.121582,0.07978045721115641,0.08182130211720501,261,787,1525,400
71,0.1,0.1,IID-normal,37.286795,0.08536113245463679,0.08657034248840015,286,844,1656,431
71,0.1,0.1,Empirical Bernstein,40.394661,0.07613022177565,0.07941960248485286,246,730,1415,380
71,0.1,0.1,Platt calibration,34.41804,0.09723469997570121,0.1004658551699523,331,993,1970,489
71,0.1,0.1,Isotonic calibration,37.286795,0.08536113245463679,0.08657034248840015,286,844,1656,431
71,0.2,0.5,Multilabel,24.589896,0.1724907701458603,0.17685705818998038,566,1694,3578,843
71,0.2,0.5,Hoeffding/LTT,25.390091,0.1613508378122995,0.16745135950645024,545,1623,3390,804
71,0.2,0.5,Hoeffding-Bentkus,24.98679,0.16930319667487767,0.17444583573116512,553,1654,3496,825
71,0.2,0.5,IID-normal,24.589896,0.1724907701458603,0.17685705818998038,566,1694,3578,843
71,0.2,0.5,Empirical Bernstein,25.390091,0.1613508378122995,0.16745135950645024,545,1623,3390,804
71,0.2,0.5,Platt calibration,24.589896,0.1724907701458603,0.17685705818998038,566,1694,3578,843
71,0.2,0.5,Isotonic calibration,25.799901,0.15717936387154427,0.16449521455384333,535,1577,3286,786
71,0.2,0.1,Multilabel,24.98679,0.16930319667487767,0.17444583573116512,553,1654,3496,825
71,0.2,0.1,Hoeffding/LTT,25.799901,0.15717936387154427,0.16449521455384333,535,1577,3286,786
71,0.2,0.1,Hoeffding-Bentkus,25.390091,0.1613508378122995,0.16745135950645024,545,1623,3390,804
71,0.2,0.1,IID-normal,24.98679,0.16930319667487767,0.17444583573116512,553,1654,3496,825
71,0.2,0.1,Empirical Bernstein,25.799901,0.15717936387154427,0.16449521455384333,535,1577,3286,786
71,0.2,0.1,Platt calibration,24.589896,0.1724907701458603,0.17685705818998038,566,1694,3578,843
71,0.2,0.1,Isotonic calibration,25.799901,0.15717936387154427,0.16449521455384333,535,1577,3286,786
72,0.05,0.5,Multilabel,58.379583,0.044785940855448514,0.044558691182363414,170,480,799,256
72,0.05,0.5,Hoeffding/LTT,63.245541,0.03939456626672183,0.03771160554165106,159,386,630,239
72,0.05,0.5,Hoeffding-Bentkus,60.27935,0.04354867308942609,0.042701127905983745,169,457,745,253
72,0.05,0.5,IID-normal,58.379583,0.044785940855448514,0.044558691182363414,170,480,799,256
72,0.05,0.5,Empirical Bernstein,61.252292,0.041990267352286385,0.04019339284893154,168,453,725,249
72,0.05,0.5,Platt calibration,48.95188,0.061990956912347066,0.06131141241156415,197,595,1079,312
72,0.05,0.5,Isotonic calibration,55.641604,0.048256890675177806,0.048451510553179755,178,521,889,268
72,0.05,0.1,Multilabel,60.27935,0.04354867308942609,0.042701127905983745,169,457,745,253
72,0.05,0.1,Hoeffding/LTT,66.35769,0.03021652185905392,0.028672263497756666,141,335,514,202
72,0.05,0.1,Hoeffding-Bentkus,61.252292,0.041990267352286385,0.04019339284893154,168,453,725,249
72,0.05,0.1,IID-normal,60.27935,0.04354867308942609,0.042701127905983745,169,457,745,253
72,0.05,0.1,Empirical Bernstein,63.245541,0.03939456626672183,0.03771160554165106,159,386,630,239
72,0.05,0.1,Platt calibration,48.95188,0.061990956912347066,0.06131141241156415,197,595,1079,312
72,0.05,0.1,Isotonic calibration,55.641604,0.048256890675177806,0.048451510553179755,178,521,889,268
72,0.1,0.5,Multilabel,35.538059,0.10192190239769883,0.09505525666375439,304,961,1944,474
72,0.1,0.5,Hoeffding/LTT,37.286795,0.08612096196912084,0.08327716795091604,289,891,1743,427
72,0.1,0.5,Hoeffding-Bentkus,36.694525,0.09277029112569038,0.08839872823180867,295,916,1838,443
72,0.1,0.5,IID-normal,35.538059,0.10192190239769883,0.09505525666375439,304,961,1944,474
72,0.1,0.5,Empirical Bernstein,37.286795,0.08612096196912084,0.08327716795091604,289,891,1743,427
72,0.1,0.5,Platt calibration,33.871338,0.1076099519934853,0.10183862251388807,338,1044,2100,513
72,0.1,0.5,Isotonic calibration,36.111663,0.096505736482981,0.09149275105269036,301,950,1894,458
72,0.1,0.1,Multilabel,36.694525,0.09277029112569038,0.08839872823180867,295,916,1838,443
72,0.1,0.1,Hoeffding/LTT,39.753026,0.07730001116430574,0.07786793799692131,265,809,1546,390
72,0.1,0.1,Hoeffding-Bentkus,37.286795,0.08612096196912084,0.08327716795091604,289,891,1743,427
72,0.1,0.1,IID-normal,36.694525,0.09277029112569038,0.08839872823180867,295,916,1838,443
72,0.1,0.1,Empirical Bernstein,37.286795,0.08612096196912084,0.08327716795091604,289,891,1743,427
72,0.1,0.1,Platt calibration,33.871338,0.1076099519934853,0.10183862251388807,338,1044,2100,513
72,0.1,0.1,Isotonic calibration,36.111663,0.096505736482981,0.09149275105269036,301,950,1894,458
72,0.2,0.5,Multilabel,23.81492,0.18427178217444148,0.18440307782709872,573,1777,3891,865
72,0.2,0.5,Hoeffding/LTT,24.589896,0.1743921842987286,0.17312897822024842,548,1682,3618,825
72,0.2,0.5,Hoeffding-Bentkus,24.199306,0.1803810431755259,0.1783928070294141,564,1744,3755,851
72,0.2,0.5,IID-normal,23.81492,0.18427178217444148,0.18440307782709872,573,1777,3891,865
72,0.2,0.5,Empirical Bernstein,24.589896,0.1743921842987286,0.17312897822024842,548,1682,3618,825
72,0.2,0.5,Platt calibration,24.199306,0.1803810431755259,0.1783928070294141,564,1744,3755,851
72,0.2,0.5,Isotonic calibration,24.98679,0.17397634376083596,0.17092936876791445,535,1643,3537,814
72,0.2,0.1,Multilabel,24.199306,0.1803810431755259,0.1783928070294141,564,1744,3755,851
72,0.2,0.1,Hoeffding/LTT,24.98679,0.17397634376083596,0.17092936876791445,535,1643,3537,814
72,0.2,0.1,Hoeffding-Bentkus,24.589896,0.1743921842987286,0.17312897822024842,548,1682,3618,825
72,0.2,0.1,IID-normal,24.199306,0.1803810431755259,0.1783928070294141,564,1744,3755,851
72,0.2,0.1,Empirical Bernstein,24.98679,0.17397634376083596,0.17092936876791445,535,1643,3537,814
72,0.2,0.1,Platt calibration,24.199306,0.1803810431755259,0.1783928070294141,564,1744,3755,851
72,0.2,0.1,Isotonic calibration,24.98679,0.17397634376083596,0.17092936876791445,535,1643,3537,814
73,0.05,0.5,Multilabel,58.379583,0.04193362491873042,0.04415075314164844,176,539,818,256
73,0.05,0.5,Hoeffding/LTT,64.266358,0.03180349508442185,0.03558947375335843,168,445,639,229
73,0.05,0.5,Hoeffding-Bentkus,60.27935,0.03928669937151526,0.04211254097445296,176,516,771,250
73,0.05,0.5,IID-normal,58.379583,0.04193362491873042,0.04415075314164844,176,539,818,256
73,0.05,0.5,Empirical Bernstein,61.252292,0.036078767460645825,0.03893804728402604,174,512,745,241
73,0.05,0.5,Platt calibration,48.95188,0.05739897945111019,0.0609070873486655,203,651,1084,312
73,0.05,0.5,Isotonic calibration,56.53969,0.04366934610004532,0.04677738801411032,182,564,865,264
73,0.05,0.1,Multilabel,61.252292,0.036078767460645825,0.03893804728402604,174,512,745,241
73,0.05,0.1,Hoeffding/LTT,66.35769,0.0246241897669287,0.027120325299384476,158,398,546,203
73,0.05,0.1,Hoeffding-Bentkus,61.252292,0.036078767460645825,0.03893804728402604,174,512,745,241
73,0.05,0.1,IID-normal,61.252292,0.036078767460645825,0.03893804728402604,174,512,745,241
73,0.05,0.1,Empirical Bernstein,64.266358,0.03180349508442185,0.03558947375335843,168,445,639,229
73,0.05,0.1,Platt calibration,48.95188,0.05739897945111019,0.0609070873486655,203,651,1084,312
73,0.05,0.1,Isotonic calibration,56.53969,0.04366934610004532,0.04677738801411032,182,564,865,264
73,0.1,0.5,Multilabel,36.694525,0.0905451464822586,0.08921980481161057,293,964,1849,446
73,0.1,0.5,Hoeffding/LTT,37.286795,0.08569228546473065,0.08410612739140813,284,937,1759,432
73,0.1,0.5,Hoeffding-Bentkus,36.694525,0.0905451464822586,0.08921980481161057,293,964,1849,446
73,0.1,0.5,IID-normal,36.694525,0.0905451464822586,0.08921980481161057,293,964,1849,446
73,0.1,0.5,Empirical Bernstein,37.286795,0.08569228546473065,0.08410612739140813,284,937,1759,432
73,0.1,0.5,Platt calibration,33.871338,0.1029552574029198,0.10201106009148499,334,1077,2096,509
73,0.1,0.5,Isotonic calibration,36.694525,0.0905451464822586,0.08921980481161057,293,964,1849,446
73,0.1,0.1,Multilabel,37.286795,0.08569228546473065,0.08410612739140813,284,937,1759,432
73,0.1,0.1,Hoeffding/LTT,41.709169,0.07294084231403221,0.07575106144908876,234,790,1420,366
73,0.1,0.1,Hoeffding-Bentkus,37.286795,0.08569228546473065,0.08410612739140813,284,937,1759,432
73,0.1,0.1,IID-normal,37.286795,0.08569228546473065,0.08410612739140813,284,937,1759,432
73,0.1,0.1,Empirical Bernstein,38.500168,0.08397363910396596,0.0825002134941437,269,903,1680,416
73,0.1,0.1,Platt calibration,33.871338,0.1029552574029198,0.10201106009148499,334,1077,2096,509
73,0.1,0.1,Isotonic calibration,36.694525,0.0905451464822586,0.08921980481161057,293,964,1849,446
73,0.2,0.5,Multilabel,24.199306,0.1757953032065325,0.17972436968160516,578,1798,3733,860
73,0.2,0.5,Hoeffding/LTT,24.98679,0.17053451651093357,0.17171994751934785,539,1675,3493,818
73,0.2,0.5,Hoeffding-Bentkus,24.589896,0.17164010425284731,0.17401025465859965,558,1736,3610,834
73,0.2,0.5,IID-normal,24.199306,0.1757953032065325,0.17972436968160516,578,1798,3733,860
73,0.2,0.5,Empirical Bernstein,24.98679,0.17053451651093357,0.17171994751934785,539,1675,3493,818
73,0.2,0.5,Platt calibration,24.199306,0.1757953032065325,0.17972436968160516,578,1798,3733,860
73,0.2,0.5,Isotonic calibration,25.390091,0.1644795075287421,0.16509710537781344,527,1647,3395,798
73,0.2,0.1,Multilabel,24.589896,0.17164010425284731,0.17401025465859965,558,1736,3610,834
73,0.2,0.1,Hoeffding/LTT,25.390091,0.1644795075287421,0.16509710537781344,527,1647,3395,798
73,0.2,0.1,Hoeffding-Bentkus,24.98679,0.17053451651093357,0.17171994751934785,539,1675,3493,818
73,0.2,0.1,IID-normal,24.589896,0.17164010425284731,0.17401025465859965,558,1736,3610,834
73,0.2,0.1,Empirical Bernstein,25.390091,0.1644795075287421,0.16509710537781344,527,1647,3395,798
73,0.2,0.1,Platt calibration,24.199306,0.1757953032065325,0.17972436968160516,578,1798,3733,860
73,0.2,0.1,Isotonic calibration,25.390091,0.1644795075287421,0.16509710537781344,527,1647,3395,798
74,0.05,0.5,Multilabel,58.379583,0.041757294560356206,0.044335836141602455,158,475,759,239
74,0.05,0.5,Hoeffding/LTT,64.266358,0.033241720353842825,0.0361826590202918,145,390,583,212
74,0.05,0.5,Hoeffding-Bentkus,60.27935,0.04013091790294934,0.042297623974406985,157,452,706,235
74,0.05,0.5,IID-normal,58.379583,0.041757294560356206,0.044335836141602455,158,475,759,239
74,0.05,0.5,Empirical Bernstein,61.252292,0.03665307248261323,0.0393289057932457,156,451,684,226
74,0.05,0.5,Platt calibration,50.544853,0.0588505033788443,0.05993404673222579,175,535,958,290
74,0.05,0.5,Isotonic calibration,56.53969,0.045868550150718126,0.046836016790493276,162,494,807,251
74,0.05,0.1,Multilabel,61.252292,0.03665307248261323,0.0393289057932457,156,451,684,226
74,0.05,0.1,Hoeffding/LTT,66.35769,0.02652737553440905,0.02821242995749824,136,337,481,189
74,0.05,0.1,Hoeffding-Bentkus,61.252292,0.03665307248261323,0.0393289057932457,156,451,684,226
74,0.05,0.1,IID-normal,61.252292,0.03665307248261323,0.0393289057932457,156,451,684,226
74,0.05,0.1,Empirical Bernstein,63.245541,0.03391748921331048,0.036773545119523875,149,395,602,217
74,0.05,0.1,Platt calibration,50.544853,0.0588505033788443,0.05993404673222579,175,535,958,290
74,0.05,0.1,Isotonic calibration,56.53969,0.045868550150718126,0.046836016790493276,162,494,807,251
74,0.1,0.5,Multilabel,36.694525,0.08839388327389983,0.08952723637852622,265,845,1720,413
74,0.1,0.5,Hoeffding/LTT,37.286795,0.08436094200471528,0.08453869937177981,262,818,1628,406
74,0.1,0.5,Hoeffding-Bentkus,37.286795,0.08436094200471528,0.08453869937177981,262,818,1628,406
74,0.1,0.5,IID-normal,36.694525,0.08839388327389983,0.08952723637852622,265,845,1720,413
74,0.1,0.5,Empirical Bernstein,37.286795,0.08436094200471528,0.08453869937177981,262,818,1628,406
74,0.1,0.5,Platt calibration,33.871338,0.10091202527073442,0.10184535579072758,315,965,1973,483
74,0.1,0.5,Isotonic calibration,37.286795,0.08436094200471528,0.08453869937177981,262,818,1628,406
74,0.1,0.1,Multilabel,37.286795,0.08436094200471528,0.08453869937177981,262,818,1628,406
74,0.1,0.1,Hoeffding/LTT,41.709169,0.07470841460291192,0.07653283320961621,218,696,1329,353
74,0.1,0.1,Hoeffding-Bentkus,37.286795,0.08436094200471528,0.08453869937177981,262,818,1628,406
74,0.1,0.1,IID-normal,37.286795,0.08436094200471528,0.08453869937177981,262,818,1628,406
74,0.1,0.1,Empirical Bernstein,39.121582,0.07882755087968162,0.07997282602745424,243,775,1504,379
74,0.1,0.1,Platt calibration,33.871338,0.10091202527073442,0.10184535579072758,315,965,1973,483
74,0.1,0.1,Isotonic calibration,37.286795,0.08436094200471528,0.08453869937177981,262,818,1628,406
74,0.2,0.5,Multilabel,24.199306,0.17773408581867048,0.17833801117874784,536,1598,3556,824
74,0.2,0.5,Hoeffding/LTT,24.589896,0.17249368052533132,0.1734739538860594,521,1544,3428,802
74,0.2,0.5,Hoeffding-Bentkus,24.589896,0.17249368052533132,0.1734739538860594,521,1544,3428,802
74,0.2,0.5,IID-normal,24.199306,0.17773408581867048,0.17833801117874784,536,1598,3556,824
74,0.2,0.5,Empirical Bernstein,24.589896,0.17249368052533132,0.1734739538860594,521,1544,3428,802
74,0.2,0.5,Platt calibration,24.199306,0.17773408581867048,0.17833801117874784,536,1598,3556,824
74,0.2,0.5,Isotonic calibration,25.390091,0.16323457549667728,0.16464361445494746,496,1475,3252,762
74,0.2,0.1,Multilabel,24.589896,0.17249368052533132,0.1734739538860594,521,1544,3428,802
74,0.2,0.1,Hoeffding/LTT,25.390091,0.16323457549667728,0.16464361445494746,496,1475,3252,762
74,0.2,0.1,Hoeffding-Bentkus,24.98679,0.17142536989971827,0.17123684610335912,502,1497,3342,782
74,0.2,0.1,IID-normal,24.589896,0.17249368052533132,0.1734739538860594,521,1544,3428,802
74,0.2,0.1,Empirical Bernstein,25.390091,0.16323457549667728,0.16464361445494746,496,1475,3252,762
74,0.2,0.1,Platt calibration,24.199306,0.17773408581867048,0.17833801117874784,536,1598,3556,824
74,0.2,0.1,Isotonic calibration,25.390091,0.16323457549667728,0.16464361445494746,496,1475,3252,762
75,0.05,0.5,Multilabel,60.27935,0.038416376066355375,0.04250405638873013,139,390,636,217
75,0.05,0.5,Hoeffding/LTT,65.303653,0.03263490750044329,0.03532835399299739,121,308,491,189
75,0.05,0.5,Hoeffding-Bentkus,61.252292,0.035871899442441436,0.039734216213730626,138,389,617,211
75,0.05,0.5,IID-normal,60.27935,0.038416376066355375,0.04250405638873013,139,390,636,217
75,0.05,0.5,Empirical Bernstein,63.245541,0.033531335579328955,0.037259983314611535,132,339,546,201
75,0.05,0.5,Platt calibration,51.360675,0.05522982051736706,0.05848557108041175,156,450,828,267
75,0.05,0.5,Isotonic calibration,56.53969,0.043652599641428765,0.0471598709838467,147,423,717,235
75,0.05,0.1,Multilabel,61.252292,0.035871899442441436,0.039734216213730626,138,389,617,211
75,0.05,0.1,Hoeffding/LTT,66.35769,0.024174005555883914,0.02774569891413594,119,296,439,168
75,0.05,0.1,Hoeffding-Bentkus,63.245541,0.033531335579328955,0.037259983314611535,132,339,546,201
75,0.05,0.1,IID-normal,61.252292,0.035871899442441436,0.039734216213730626,138,389,617,211
75,0.05,0.1,Empirical Bernstein,65.303653,0.03263490750044329,0.03532835399299739,121,308,491,189
75,0.05,0.1,Platt calibration,51.360675,0.05522982051736706,0.05848557108041175,156,450,828,267
75,0.05,0.1,Isotonic calibration,56.53969,0.043652599641428765,0.0471598709838467,147,423,717,235
75,0.1,0.5,Multilabel,37.286795,0.07768501553151946,0.08473122729571896,249,744,1498,378
75,0.1,0.5,Hoeffding/LTT,39.121582,0.0739448089261908,0.08009999189817095,231,698,1390,357
75,0.1,0.5,Hoeffding-Bentkus,37.286795,0.07768501553151946,0.08473122729571896,249,744,1498,378
75,0.1,0.5,IID-normal,37.286795,0.07768501553151946,0.08473122729571896,249,744,1498,378
75,0.1,0.5,Empirical Bernstein,39.121582,0.0739448089261908,0.08009999189817095,231,698,1390,357
75,0.1,0.5,Platt calibration,34.41804,0.09132418516986163,0.09851720105893094,284,847,1750,433
75,0.1,0.5,Isotonic calibration,37.286795,0.07768501553151946,0.08473122729571896,249,744,1498,378
75,0.1,0.1,Multilabel,37.888624,0.07718656211622699,0.0839894172595235,242,730,1477,370
75,0.1,0.1,Hoeffding/LTT,42.382378,0.07103289529851384,0.07554446480850123,201,600,1181,327
75,0.1,0.1,Hoeffding-Bentkus,39.121582,0.0739448089261908,0.08009999189817095,231,698,1390,357
75,0.1,0.1,IID-normal,37.888624,0.07718656211622699,0.0839894172595235,242,730,1477,370
75,0.1,0.1,Empirical Bernstein,40.394661,0.07351137117376257,0.07782616978368115,218,649,1298,344
75,0.1,0.1,Platt calibration,34.41804,0.09132418516986163,0.09851720105893094,284,847,1750,433
75,0.1,0.1,Isotonic calibration,37.286795,0.07768501553151946,0.08473122729571896,249,744,1498,378
75,0.2,0.5,Multilabel,24.199306,0.17856179561958482,0.1809120633144028,534,1539,3416,824
75,0.2,0.5,Hoeffding/LTT,24.98679,0.16858895489976802,0.17352194757627962,502,1448,3188,776
75,0.2,0.5,Hoeffding-Bentkus,24.589896,0.1718873137835634,0.17585064384896817,515,1490,3292,793
75,0.2,0.5,IID-normal,24.199306,0.17856179561958482,0.1809120633144028,534,1539,3416,824
75,0.2,0.5,Empirical Bernstein,25.390091,0.15904321975411562,0.16627681728314272,487,1412,3080,744
75,0.2,0.5,Platt calibration,24.589896,0.1718873137835634,0.17585064384896817,515,1490,3292,793
75,0.2,0.5,Isotonic calibration,25.799901,0.15598755012284182,0.16298422496863665,482,1372,2990,734
75,0.2,0.1,Multilabel,24.589896,0.1718873137835634,0.17585064384896817,515,1490,3292,793
75,0.2,0.1,Hoeffding/LTT,25.799901,0.15598755012284182,0.16298422496863665,482,1372,2990,734
75,0.2,0.1,Hoeffding-Bentkus,25.390091,0.15904321975411562,0.16627681728314272,487,1412,3080,744
75,0.2,0.1,IID-normal,24.589896,0.1718873137835634,0.17585064384896817,515,1490,3292,793
75,0.2,0.1,Empirical Bernstein,25.390091,0.15904321975411562,0.16627681728314272,487,1412,3080,744
75,0.2,0.1,Platt calibration,24.589896,0.1718873137835634,0.17585064384896817,515,1490,3292,793
75,0.2,0.1,Isotonic calibration,25.799901,0.15598755012284182,0.16298422496863665,482,1372,2990,734
76,0.05,0.5,Multilabel,58.379583,0.04061114723092381,0.04489716151324649,151,418,677,230
76,0.05,0.5,Hoeffding/LTT,63.245541,0.034237642098626786,0.03698966688344534,143,346,548,211
76,0.05,0.5,Hoeffding-Bentkus,61.252292,0.03728549756683807,0.039854429839255336,148,394,620,221
76,0.05,0.5,IID-normal,58.379583,0.04061114723092381,0.04489716151324649,151,418,677,230
76,0.05,0.5,Empirical Bernstein,61.252292,0.03728549756683807,0.039854429839255336,148,394,620,221
76,0.05,0.5,Platt calibration,53.888001,0.04526420001182102,0.05305690768513227,161,457,773,249
76,0.05,0.5,Isotonic calibration,56.53969,0.041974013436570326,0.04783418402538281,158,441,726,239
76,0.05,0.1,Multilabel,61.252292,0.03728549756683807,0.039854429839255336,148,394,620,221
76,0.05,0.1,Hoeffding/LTT,66.35769,0.024948282995448903,0.027948025671849643,128,304,450,175
76,0.05,0.1,Hoeffding-Bentkus,61.252292,0.03728549756683807,0.039854429839255336,148,394,620,221
76,0.05,0.1,IID-normal,61.252292,0.03728549756683807,0.039854429839255336,148,394,620,221
76,0.05,0.1,Empirical Bernstein,63.245541,0.034237642098626786,0.03698966688344534,143,346,548,211
76,0.05,0.1,Platt calibration,53.888001,0.04526420001182102,0.05305690768513227,161,457,773,249
76,0.05,0.1,Isotonic calibration,56.53969,0.041974013436570326,0.04783418402538281,158,441,726,239
76,0.1,0.5,Multilabel,37.286795,0.07863348897688989,0.08490388384166836,264,777,1529,394
76,0.1,0.5,Hoeffding/LTT,39.121582,0.0752507043363477,0.08004782268818687,246,725,1407,373
76,0.1,0.5,Hoeffding-Bentkus,37.286795,0.07863348897688989,0.08490388384166836,264,777,1529,394
76,0.1,0.5,IID-normal,37.286795,0.07863348897688989,0.08490388384166836,264,777,1529,394
76,0.1,0.5,Empirical Bernstein,39.121582,0.0752507043363477,0.08004782268818687,246,725,1407,373
76,0.1,0.5,Platt calibration,34.41804,0.09349432918940574,0.09896110465154473,306,917,1847,462
76,0.1,0.5,Isotonic calibration,37.286795,0.07863348897688989,0.08490388384166836,264,777,1529,394
76,0.1,0.1,Multilabel,37.784172,0.07835076935201056,0.08412643670610287,256,756,1495,386
76,0.1,0.1,Hoeffding/LTT,42.382378,0.07041114197713287,0.0754881899419077,206,628,1190,335
76,0.1,0.1,Hoeffding-Bentkus,39.121582,0.0752507043363477,0.08004782268818687,246,725,1407,373
76,0.1,0.1,IID-normal,37.784172,0.07835076935201056,0.08412643670610287,256,756,1495,386
76,0.1,0.1,Empirical Bernstein,40.394661,0.07292639438895128,0.0777483812764541,231,682,1308,358
76,0.1,0.1,Platt calibration,34.41804,0.09349432918940574,0.09896110465154473,306,917,1847,462
76,0.1,0.1,Isotonic calibration,37.286795,0.07863348897688989,0.08490388384166836,264,777,1529,394
76,0.2,0.5,Multilabel,24.199306,0.17908048408577745,0.18102879459101007,565,1622,3554,854
76,0.2,0.5,Hoeffding/LTT,24.98679,0.17438315670932672,0.17369836142009587,539,1529,3350,824
76,0.2,0.5,Hoeffding-Bentkus,24.589896,0.17510992614730841,0.17598506783150913,550,1570,3432,834
76,0.2,0.5,IID-normal,24.199306,0.17908048408577745,0.18102879459101007,565,1622,3554,854
76,0.2,0.5,Empirical Bernstein,24.98679,0.17438315670932672,0.17369836142009587,539,1529,3350,824
76,0.2,0.5,Platt calibration,24.589896,0.17510992614730841,0.17598506783150913,550,1570,3432,834
76,0.2,0.5,Isotonic calibration,25.390091,0.1660428531476744,0.1666355421866324,525,1500,3248,796
76,0.2,0.1,Multilabel,24.589896,0.17510992614730841,0.17598506783150913,550,1570,3432,834
76,0.2,0.1,Hoeffding/LTT,25.390091,0.1660428531476744,0.1666355421866324,525,1500,3248,796
76,0.2,0.1,Hoeffding-Bentkus,24.98679,0.17438315670932672,0.17369836142009587,539,1529,3350,824
76,0.2,0.1,IID-normal,24.589896,0.17510992614730841,0.17598506783150913,550,1570,3432,834
76,0.2,0.1,Empirical Bernstein,25.390091,0.1660428531476744,0.1666355421866324,525,1500,3248,796
76,0.2,0.1,Platt calibration,24.589896,0.17510992614730841,0.17598506783150913,550,1570,3432,834
76,0.2,0.1,Isotonic calibration,25.390091,0.1660428531476744,0.1666355421866324,525,1500,3248,796
77,0.05,0.5,Multilabel,59.321862,0.0397127489804362,0.04441794927379145,155,425,661,232
77,0.05,0.5,Hoeffding/LTT,65.303653,0.03102330713005103,0.03576749502394419,136,334,496,195
77,0.05,0.5,Hoeffding-Bentkus,61.252292,0.034749886715132884,0.0401339429412267,154,411,619,220
77,0.05,0.5,IID-normal,59.321862,0.0397127489804362,0.04441794927379145,155,425,661,232
77,0.05,0.5,Empirical Bernstein,62.240937,0.034115491459306105,0.03896596574897031,154,398,598,219
77,0.05,0.5,Platt calibration,52.565611,0.05242528124199617,0.05684248730530976,169,478,821,269
77,0.05,0.5,Isotonic calibration,57.452272,0.04245670547904722,0.04727351555879629,160,444,707,242
77,0.05,0.1,Multilabel,61.252292,0.034749886715132884,0.0401339429412267,154,411,619,220
77,0.05,0.1,Hoeffding/LTT,66.35769,0.023844986898358844,0.028550407609588185,134,324,455,177
77,0.05,0.1,Hoeffding-Bentkus,63.245541,0.033253541383454495,0.03756117428348081,153,368,554,217
77,0.05,0.1,IID-normal,61.252292,0.034749886715132884,0.0401339429412267,154,411,619,220
77,0.05,0.1,Empirical Bernstein,65.303653,0.03102330713005103,0.03576749502394419,136,334,496,195
77,0.05,0.1,Platt calibration,52.565611,0.05242528124199617,0.05684248730530976,169,478,821,269
77,0.05,0.1,Isotonic calibration,57.452272,0.04245670547904722,0.04727351555879629,160,444,707,242
77,0.1,0.5,Multilabel,36.694525,0.08903386068259879,0.09059859378524023,257,793,1648,405
77,0.1,0.5,Hoeffding/LTT,39.121582,0.0797183968056951,0.08099721472255615,239,718,1429,374
77,0.1,0.5,Hoeffding-Bentkus,37.286795,0.08459998949241812,0.08568067407217633,254,768,1556,397
77,0.1,0.5,IID-normal,36.694525,0.08903386068259879,0.09059859378524023,257,793,1648,405
77,0.1,0.5,Empirical Bernstein,37.888624,0.08292583617366404,0.08483343077425021,247,750,1520,386
77,0.1,0.5,Platt calibration,34.973566,0.09572127982347263,0.09733088526715235,267,834,1770,428
77,0.1,0.5,Isotonic calibration,37.286795,0.08459998949241812,0.08568067407217633,254,768,1556,397
77,0.1,0.1,Multilabel,37.286795,0.08459998949241812,0.08568067407217633,254,768,1556,397
77,0.1,0.1,Hoeffding/LTT,41.709169,0.07508504574081735,0.07727940580747863,212,644,1249,345
77,0.1,0.1,Hoeffding-Bentkus,39.121582,0.0797183968056951,0.08099721472255615,239,718,1429,374
77,0.1,0.1,IID-normal,37.286795,0.08459998949241812,0.08568067407217633,254,768,1556,397
77,0.1,0.1,Empirical Bernstein,39.121582,0.0797183968056951,0.08099721472255615,239,718,1429,374
77,0.1,0.1,Platt calibration,34.973566,0.09572127982347263,0.09733088526715235,267,834,1770,428
77,0.1,0.1,Isotonic calibration,37.286795,0.08459998949241812,0.08568067407217633,254,768,1556,397
77,0.2,0.5,Multilabel,24.589896,0.173616973978993,0.17707878888995152,507,1447,3265,789
77,0.2,0.5,Hoeffding/LTT,25.390091,0.16393906511821282,0.1675163088660285,485,1381,3090,752
77,0.2,0.5,Hoeffding-Bentkus,24.98679,0.17278861326234102,0.17477503510323453,495,1411,3191,778
77,0.2,0.5,IID-normal,24.589896,0.173616973978993,0.17707878888995152,507,1447,3265,789
77,0.2,0.5,Empirical Bernstein,25.390091,0.16393906511821282,0.1675163088660285,485,1381,3090,752
77,0.2,0.5,Platt calibration,24.589896,0.173616973978993,0.17707878888995152,507,1447,3265,789
77,0.2,0.5,Isotonic calibration,25.799901,0.16076469615981406,0.16437172980144424,481,1358,3025,742
77,0.2,0.1,Multilabel,25.390091,0.16393906511821282,0.1675163088660285,485,1381,3090,752
77,0.2,0.1,Hoeffding/LTT,25.799901,0.16076469615981406,0.16437172980144424,481,1358,3025,742
77,0.2,0.1,Hoeffding-Bentkus,25.390091,0.16393906511821282,0.1675163088660285,485,1381,3090,752
77,0.2,0.1,IID-normal,25.390091,0.16393906511821282,0.1675163088660285,485,1381,3090,752
77,0.2,0.1,Empirical Bernstein,25.799901,0.16076469615981406,0.16437172980144424,481,1358,3025,742
77,0.2,0.1,Platt calibration,24.589896,0.173616973978993,0.17707878888995152,507,1447,3265,789
77,0.2,0.1,Isotonic calibration,25.799901,0.16076469615981406,0.16437172980144424,481,1358,3025,742
78,0.05,0.5,Multilabel,58.379583,0.04488641960714778,0.04477070728967542,157,432,738,242
78,0.05,0.5,Hoeffding/LTT,63.245541,0.03764800914159623,0.03750533735359228,148,358,589,221
78,0.05,0.5,Hoeffding-Bentkus,60.27935,0.04286009811454577,0.04271787898495031,156,407,690,237
78,0.05,0.5,IID-normal,58.379583,0.04488641960714778,0.04477070728967542,157,432,738,242
78,0.05,0.5,Empirical Bernstein,61.252292,0.04022006816793742,0.03972501954292546,154,405,662,230
78,0.05,0.5,Platt calibration,51.360675,0.057522115176231854,0.05864914043973224,176,482,902,282
78,0.05,0.5,Isotonic calibration,55.641604,0.04922424493173355,0.04845594466231796,164,460,804,256
78,0.05,0.1,Multilabel,61.252292,0.04022006816793742,0.03972501954292546,154,405,662,230
78,0.05,0.1,Hoeffding/LTT,66.35769,0.0278444352503103,0.02853267117303536,131,304,468,184
78,0.05,0.1,Hoeffding-Bentkus,61.252292,0.04022006816793742,0.03972501954292546,154,405,662,230
78,0.05,0.1,IID-normal,61.252292,0.04022006816793742,0.03972501954292546,154,405,662,230
78,0.05,0.1,Empirical Bernstein,63.245541,0.03764800914159623,0.03750533735359228,148,358,589,221
78,0.05,0.1,Platt calibration,51.360675,0.057522115176231854,0.05864914043973224,176,482,902,282
78,0.05,0.1,Isotonic calibration,55.641604,0.04922424493173355,0.04845594466231796,164,460,804,256
78,0.1,0.5,Multilabel,36.694525,0.08885851541002554,0.09068076165951734,271,807,1710,413
78,0.1,0.5,Hoeffding/LTT,38.500168,0.08357139573523521,0.08385261678129659,255,756,1561,391
78,0.1,0.5,Hoeffding-Bentkus,37.286795,0.0849887700218689,0.08557628091012007,268,783,1632,403
78,0.1,0.5,IID-normal,36.694525,0.08885851541002554,0.09068076165951734,271,807,1710,413
78,0.1,0.5,Empirical Bernstein,37.784172,0.08456321295584845,0.08466318288017834,260,761,1600,394
78,0.1,0.5,Platt calibration,34.41804,0.0984166387559023,0.09930181940804096,305,912,1930,462
78,0.1,0.5,Isotonic calibration,37.286795,0.0849887700218689,0.08557628091012007,268,783,1632,403
78,0.1,0.1,Multilabel,37.286795,0.0849887700218689,0.08557628091012007,268,783,1632,403
78,0.1,0.1,Hoeffding/LTT,41.709169,0.07680713990188544,0.07676723883097175,225,661,1321,357
78,0.1,0.1,Hoeffding-Bentkus,37.784172,0.08456321295584845,0.08466318288017834,260,761,1600,394
78,0.1,0.1,IID-normal,37.286795,0.0849887700218689,0.08557628091012007,268,783,1632,403
78,0.1,0.1,Empirical Bernstein,39.121582,0.07930975037925803,0.08049889749434513,253,736,1503,380
78,0.1,0.1,Platt calibration,34.41804,0.0984166387559023,0.09930181940804096,305,912,1930,462
78,0.1,0.1,Isotonic calibration,37.286795,0.0849887700218689,0.08557628091012007,268,783,1632,403
78,0.2,0.5,Multilabel,24.589896,0.16441602862268978,0.1754974074984746,504,1511,3396,765
78,0.2,0.5,Hoeffding/LTT,25.390091,0.15504929550750818,0.16685343272124004,484,1452,3217,731
78,0.2,0.5,Hoeffding-Bentkus,24.98679,0.16123493283712564,0.17337472828930067,491,1473,3304,749
78,0.2,0.5,IID-normal,24.589896,0.16441602862268978,0.1754974074984746,504,1511,3396,765
78,0.2,0.5,Empirical Bernstein,25.390091,0.15504929550750818,0.16685343272124004,484,1452,3217,731
78,0.2,0.5,Platt calibration,24.589896,0.16441602862268978,0.1754974074984746,504,1511,3396,765
78,0.2,0.5,Isotonic calibration,26.216325,0.14811987763994386,0.1590357750034947,466,1377,3064,699
78,0.2,0.1,Multilabel,25.390091,0.15504929550750818,0.16685343272124004,484,1452,3217,731
78,0.2,0.1,Hoeffding/LTT,26.216325,0.14811987763994386,0.1590357750034947,466,1377,3064,699
78,0.2,0.1,Hoeffding-Bentkus,25.390091,0.15504929550750818,0.16685343272124004,484,1452,3217,731
78,0.2,0.1,IID-normal,25.390091,0.15504929550750818,0.16685343272124004,484,1452,3217,731
78,0.2,0.1,Empirical Bernstein,25.799901,0.1502487984593901,0.16398528855764338,481,1425,3142,717
78,0.2,0.1,Platt calibration,24.589896,0.16441602862268978,0.1754974074984746,504,1511,3396,765
78,0.2,0.1,Isotonic calibration,26.216325,0.14811987763994386,0.1590357750034947,466,1377,3064,699
79,0.05,0.5,Multilabel,58.379583,0.04356344937644069,0.044772842231112345,169,517,799,254
79,0.05,0.5,Hoeffding/LTT,64.266358,0.034346986622534825,0.03647925165375848,156,424,619,225
79,0.05,0.5,Hoeffding-Bentkus,61.252292,0.03834446480288433,0.04011522114708761,167,488,720,243
79,0.05,0.5,IID-normal,58.379583,0.04356344937644069,0.044772842231112345,169,517,799,254
79,0.05,0.5,Empirical Bernstein,61.252292,0.03834446480288433,0.04011522114708761,167,488,720,243
79,0.05,0.5,Platt calibration,50.544853,0.05706306519297831,0.05961331283789554,193,595,1023,299
79,0.05,0.5,Isotonic calibration,56.53969,0.045136138857694505,0.04747994797311944,177,539,855,262
79,0.05,0.1,Multilabel,61.252292,0.03834446480288433,0.04011522114708761,167,488,720,243
79,0.05,0.1,Hoeffding/LTT,66.35769,0.026961798372638252,0.027651433038382963,145,377,523,198
79,0.05,0.1,Hoeffding-Bentkus,62.000847,0.037310124711862395,0.03902771482437644,166,475,701,241
79,0.05,0.1,IID-normal,61.252292,0.03834446480288433,0.04011522114708761,167,488,720,243
79,0.05,0.1,Empirical Bernstein,64.266358,0.034346986622534825,0.03647925165375848,156,424,619,225
79,0.05,0.1,Platt calibration,50.544853,0.05706306519297831,0.05961331283789554,193,595,1023,299
79,0.05,0.1,Isotonic calibration,56.53969,0.045136138857694505,0.04747994797311944,177,539,855,262
79,0.1,0.5,Multilabel,36.694525,0.0861321262748652,0.08880349123141232,286,913,1780,429
79,0.1,0.5,Hoeffding/LTT,38.500168,0.07879783412468559,0.08182863755701388,267,857,1627,399
79,0.1,0.5,Hoeffding-Bentkus,37.286795,0.08113314419685953,0.08337515628866161,281,885,1692,416
79,0.1,0.5,IID-normal,36.694525,0.0861321262748652,0.08880349123141232,286,913,1780,429
79,0.1,0.5,Empirical Bernstein,37.286795,0.08113314419685953,0.08337515628866161,281,885,1692,416
79,0.1,0.5,Platt calibration,34.41804,0.09261596101687122,0.09760098272996603,329,1025,1983,478
79,0.1,0.5,Isotonic calibration,37.286795,0.08113314419685953,0.08337515628866161,281,885,1692,416
79,0.1,0.1,Multilabel,37.286795,0.08113314419685953,0.08337515628866161,281,885,1692,416
79,0.1,0.1,Hoeffding/LTT,42.382378,0.06920063570870356,0.07434331391084047,226,741,1344,346
79,0.1,0.1,Hoeffding-Bentkus,37.784172,0.07946637902161278,0.08255533877688657,273,866,1660,404
79,0.1,0.1,IID-normal,37.286795,0.08113314419685953,0.08337515628866161,281,885,1692,416
79,0.1,0.1,Empirical Bernstein,39.121582,0.076209849544562,0.0786203132561251,263,839,1568,390
79,0.1,0.1,Platt calibration,34.41804,0.09261596101687122,0.09760098272996603,329,1025,1983,478
79,0.1,0.1,Isotonic calibration,37.286795,0.08113314419685953,0.08337515628866161,281,885,1692,416
79,0.2,0.5,Multilabel,24.199306,0.17479300160279254,0.17880587534505316,589,1783,3691,865
79,0.2,0.5,Hoeffding/LTT,24.589896,0.17046086642176836,0.1732726316265222,569,1723,3564,840
79,0.2,0.5,Hoeffding-Bentkus,24.589896,0.17046086642176836,0.1732726316265222,569,1723,3564,840
79,0.2,0.5,IID-normal,24.199306,0.17479300160279254,0.17880587534505316,589,1783,3691,865
79,0.2,0.5,Empirical Bernstein,24.98679,0.16749773522115266,0.17101052661576222,556,1684,3466,826
79,0.2,0.5,Platt calibration,24.199306,0.17479300160279254,0.17880587534505316,589,1783,3691,865
79,0.2,0.5,Isotonic calibration,25.390091,0.1587474120831589,0.1637183131502835,548,1650,3353,802
79,0.2,0.1,Multilabel,24.589896,0.17046086642176836,0.1732726316265222,569,1723,3564,840
79,0.2,0.1,Hoeffding/LTT,25.390091,0.1587474120831589,0.1637183131502835,548,1650,3353,802
79,0.2,0.1,Hoeffding-Bentkus,24.98679,0.16749773522115266,0.17101052661576222,556,1684,3466,826
79,0.2,0.1,IID-normal,24.589896,0.17046086642176836,0.1732726316265222,569,1723,3564,840
79,0.2,0.1,Empirical Bernstein,25.390091,0.1587474120831589,0.1637183131502835,548,1650,3353,802
79,0.2,0.1,Platt calibration,24.199306,0.17479300160279254,0.17880587534505316,589,1783,3691,865
79,0.2,0.1,Isotonic calibration,25.390091,0.1587474120831589,0.1637183131502835,548,1650,3353,802
80,0.05,0.5,Multilabel,57.452272,0.04665021573379041,0.04599698480578601,156,425,720,241
80,0.05,0.5,Hoeffding/LTT,63.245541,0.0360649762594322,0.036425056986513736,143,342,552,210
80,0.05,0.5,Hoeffding-Bentkus,60.27935,0.04176517524676399,0.04213224812617833,152,395,651,228
80,0.05,0.5,IID-normal,57.452272,0.04665021573379041,0.04599698480578601,156,425,720,241
80,0.05,0.5,Empirical Bernstein,61.252292,0.03778395098213055,0.038952827647820064,149,392,624,217
80,0.05,0.5,Platt calibration,50.544853,0.06059361270366649,0.05918024817873073,176,489,920,286
80,0.05,0.5,Isotonic calibration,55.641604,0.048071202001694346,0.04762824428985278,158,443,765,245
80,0.05,0.1,Multilabel,60.27935,0.04176517524676399,0.04213224812617833,152,395,651,228
80,0.05,0.1,Hoeffding/LTT,66.35769,0.027161770790235833,0.027200796168929706,136,313,466,185
80,0.05,0.1,Hoeffding-Bentkus,61.252292,0.03778395098213055,0.038952827647820064,149,392,624,217
80,0.05,0.1,IID-normal,60.27935,0.04176517524676399,0.04213224812617833,152,395,651,228
80,0.05,0.1,Empirical Bernstein,62.000847,0.03757708296392616,0.038014767225692865,147,378,606,215
80,0.05,0.1,Platt calibration,50.544853,0.06059361270366649,0.05918024817873073,176,489,920,286
80,0.05,0.1,Isotonic calibration,55.641604,0.048071202001694346,0.04762824428985278,158,443,765,245
80,0.1,0.5,Multilabel,36.694525,0.0866755652750688,0.08898605609531254,277,820,1709,416
80,0.1,0.5,Hoeffding/LTT,37.784172,0.08019402906659837,0.08285778881378275,263,779,1604,390
80,0.1,0.5,Hoeffding-Bentkus,37.286795,0.08149040198067918,0.08357808520934469,272,796,1629,402
80,0.1,0.5,IID-normal,36.694525,0.0866755652750688,0.08898605609531254,277,820,1709,416
80,0.1,0.5,Empirical Bernstein,37.286795,0.08149040198067918,0.08357808520934469,272,796,1629,402
80,0.1,0.5,Platt calibration,33.871338,0.10198330607929283,0.10207390400865364,326,946,1984,490
80,0.1,0.5,Isotonic calibration,36.694525,0.0866755652750688,0.08898605609531254,277,820,1709,416
80,0.1,0.1,Multilabel,37.286795,0.08149040198067918,0.08357808520934469,272,796,1629,402
80,0.1,0.1,Hoeffding/LTT,40.394661,0.07670682533115301,0.07734378250311481,231,684,1385,359
80,0.1,0.1,Hoeffding-Bentkus,37.286795,0.08149040198067918,0.08357808520934469,272,796,1629,402
80,0.1,0.1,IID-normal,37.286795,0.08149040198067918,0.08357808520934469,272,796,1629,402
80,0.1,0.1,Empirical Bernstein,39.121582,0.0780542585259176,0.07930645058869641,252,747,1502,378
80,0.1,0.1,Platt calibration,33.871338,0.10198330607929283,0.10207390400865364,326,946,1984,490
80,0.1,0.1,Isotonic calibration,36.694525,0.0866755652750688,0.08898605609531254,277,820,1709,416
80,0.2,0.5,Multilabel,23.81492,0.18758048614755685,0.18464389368842615,555,1679,3772,853
80,0.2,0.5,Hoeffding/LTT,24.589896,0.17816225286229426,0.1741262133309109,533,1585,3503,820
80,0.2,0.5,Hoeffding-Bentkus,24.199306,0.1823494074023413,0.17916606756619172,549,1650,3640,840
80,0.2,0.5,IID-normal,23.81492,0.18758048614755685,0.18464389368842615,555,1679,3772,853
80,0.2,0.5,Empirical Bernstein,24.589896,0.17816225286229426,0.1741262133309109,533,1585,3503,820
80,0.2,0.5,Platt calibration,24.199306,0.1823494074023413,0.17916606756619172,549,1650,3640,840
80,0.2,0.5,Isotonic calibration,25.390091,0.1677641946156634,0.16496205664640665,511,1518,3297,785
80,0.2,0.1,Multilabel,24.199306,0.1823494074023413,0.17916606756619172,549,1650,3640,840
80,0.2,0.1,Hoeffding/LTT,25.390091,0.1677641946156634,0.16496205664640665,511,1518,3297,785
80,0.2,0.1,Hoeffding-Bentkus,24.589896,0.17816225286229426,0.1741262133309109,533,1585,3503,820
80,0.2,0.1,IID-normal,24.199306,0.1823494074023413,0.17916606756619172,549,1650,3640,840
80,0.2,0.1,Empirical Bernstein,24.98679,0.1764107404570789,0.1718949380688728,520,1544,3406,808
80,0.2,0.1,Platt calibration,24.199306,0.1823494074023413,0.17916606756619172,549,1650,3640,840
80,0.2,0.1,Isotonic calibration,25.390091,0.1677641946156634,0.16496205664640665,511,1518,3297,785
81,0.05,0.5,Multilabel,58.379583,0.04018953050810725,0.044515992353625126,168,437,708,240
81,0.05,0.5,Hoeffding/LTT,65.303653,0.03248517445869535,0.03551458657680206,137,315,504,199
81,0.05,0.5,Hoeffding-Bentkus,61.252292,0.03584136178261127,0.03975195265028346,164,409,636,229
81,0.05,0.5,IID-normal,58.379583,0.04018953050810725,0.044515992353625126,168,437,708,240
81,0.05,0.5,Empirical Bernstein,62.000847,0.035013889709793716,0.038774806377234294,162,393,614,226
81,0.05,0.5,Platt calibration,52.189665,0.04963798096814232,0.05563920146621209,186,497,858,274
81,0.05,0.5,Isotonic calibration,56.53969,0.04197253580786886,0.04700829014182579,174,463,751,248
81,0.05,0.1,Multilabel,61.252292,0.03584136178261127,0.03975195265028346,164,409,636,229
81,0.05,0.1,Hoeffding/LTT,66.35769,0.025651634257343816,0.0282239257960047,137,305,459,184
81,0.05,0.1,Hoeffding-Bentkus,62.000847,0.035013889709793716,0.038774806377234294,162,393,614,226
81,0.05,0.1,IID-normal,61.252292,0.03584136178261127,0.03975195265028346,164,409,636,229
81,0.05,0.1,Empirical Bernstein,64.266358,0.03277774494158441,0.03638038744260291,148,347,544,210
81,0.05,0.1,Platt calibration,52.189665,0.04963798096814232,0.05563920146621209,186,497,858,274
81,0.05,0.1,Isotonic calibration,56.53969,0.04197253580786886,0.04700829014182579,174,463,751,248
81,0.1,0.5,Multilabel,36.694525,0.08667605781796928,0.08911699917010996,281,844,1709,423
81,0.1,0.5,Hoeffding/LTT,39.121582,0.07767516467350973,0.07992569308957775,253,767,1500,384
81,0.1,0.5,Hoeffding-Bentkus,37.286795,0.08119405533555306,0.0843153516522257,276,822,1619,411
81,0.1,0.5,IID-normal,36.694525,0.08667605781796928,0.08911699917010996,281,844,1709,423
81,0.1,0.5,Empirical Bernstein,37.888624,0.08006613209343867,0.08359981781833072,266,800,1583,398
81,0.1,0.5,Platt calibration,34.41804,0.09535187264810764,0.09850597893086513,313,946,1918,467
81,0.1,0.5,Isotonic calibration,37.286795,0.08119405533555306,0.0843153516522257,276,822,1619,411
81,0.1,0.1,Multilabel,37.286795,0.08119405533555306,0.0843153516522257,276,822,1619,411
81,0.1,0.1,Hoeffding/LTT,41.709169,0.07370641816235528,0.07636138098960558,226,680,1297,357
81,0.1,0.1,Hoeffding-Bentkus,39.121582,0.07767516467350973,0.07992569308957775,253,767,1500,384
81,0.1,0.1,IID-normal,37.286795,0.08119405533555306,0.0843153516522257,276,822,1619,411
81,0.1,0.1,Empirical Bernstein,39.121582,0.07767516467350973,0.07992569308957775,253,767,1500,384
81,0.1,0.1,Platt calibration,34.41804,0.09535187264810764,0.09850597893086513,313,946,1918,467
81,0.1,0.1,Isotonic calibration,37.286795,0.08119405533555306,0.0843153516522257,276,822,1619,411
81,0.2,0.5,Multilabel,24.199306,0.1754999543440489,0.1804793321969119,557,1628,3556,839
81,0.2,0.5,Hoeffding/LTT,24.98679,0.16607366115567823,0.17269615571206864,526,1538,3342,791
81,0.2,0.5,Hoeffding-Bentkus,24.589896,0.16804684771719744,0.1750489335269792,540,1579,3429,808
81,0.2,0.5,IID-normal,24.199306,0.1754999543440489,0.1804793321969119,557,1628,3556,839
81,0.2,0.5,Empirical Bernstein,25.390091,0.15989900902529586,0.16639999942280986,519,1516,3255,773
81,0.2,0.5,Platt calibration,24.589896,0.16804684771719744,0.1750489335269792,540,1579,3429,808
81,0.2,0.5,Isotonic calibration,25.390091,0.15989900902529586,0.16639999942280986,519,1516,3255,773
81,0.2,0.1,Multilabel,24.98679,0.16607366115567823,0.17269615571206864,526,1538,3342,791
81,0.2,0.1,Hoeffding/LTT,25.799901,0.15607724344795093,0.16356262336397528,512,1481,3174,759
81,0.2,0.1,Hoeffding-Bentkus,25.390091,0.15989900902529586,0.16639999942280986,519,1516,3255,773
81,0.2,0.1,IID-normal,24.98679,0.16607366115567823,0.17269615571206864,526,1538,3342,791
81,0.2,0.1,Empirical Bernstein,25.390091,0.15989900902529586,0.16639999942280986,519,1516,3255,773
81,0.2,0.1,Platt calibration,24.589896,0.16804684771719744,0.1750489335269792,540,1579,3429,808
81,0.2,0.1,Isotonic calibration,25.390091,0.15989900902529586,0.16639999942280986,519,1516,3255,773
82,0.05,0.5,Multilabel,55.641604,0.05419794314084757,0.04859816460726931,178,513,897,281
82,0.05,0.5,Hoeffding/LTT,61.252292,0.0443367417302047,0.040241675370658675,168,458,752,253
82,0.05,0.5,Hoeffding-Bentkus,57.452272,0.05290994345607502,0.046674746598874065,176,491,849,277
82,0.05,0.5,IID-normal,55.641604,0.05419794314084757,0.04859816460726931,178,513,897,281
82,0.05,0.5,Empirical Bernstein,59.321862,0.049045944401757385,0.0438485768151929,171,474,799,266
82,0.05,0.5,Platt calibration,48.95188,0.06330062848474102,0.06193103810706239,201,589,1088,318
82,0.05,0.5,Isotonic calibration,54.757783,0.05621983174734519,0.05135306019221042,180,516,909,288
82,0.05,0.1,Multilabel,58.379583,0.04948923301219536,0.044458677387357204,171,477,812,266
82,0.05,0.1,Hoeffding/LTT,66.35769,0.02958902220383395,0.028419355050614534,149,346,533,205
82,0.05,0.1,Hoeffding-Bentkus,59.321862,0.049045944401757385,0.0438485768151929,171,474,799,266
82,0.05,0.1,IID-normal,58.379583,0.04948923301219536,0.044458677387357204,171,477,812,266
82,0.05,0.1,Empirical Bernstein,61.252292,0.0443367417302047,0.040241675370658675,168,458,752,253
82,0.05,0.1,Platt calibration,48.95188,0.06330062848474102,0.06193103810706239,201,589,1088,318
82,0.05,0.1,Isotonic calibration,54.757783,0.05621983174734519,0.05135306019221042,180,516,909,288
82,0.1,0.5,Multilabel,36.111663,0.09474259708020569,0.09273244038039183,298,907,1895,452
82,0.1,0.5,Hoeffding/LTT,37.286795,0.0871924069586461,0.08538107062386273,288,863,1761,428
82,0.1,0.5,Hoeffding-Bentkus,36.694525,0.092243926946037,0.08983028857839175,294,891,1859,442
82,0.1,0.5,IID-normal,36.111663,0.09474259708020569,0.09273244038039183,298,907,1895,452
82,0.1,0.5,Empirical Bernstein,37.286795,0.0871924069586461,0.08538107062386273,288,863,1761,428
82,0.1,0.5,Platt calibration,33.33332,0.10946207748028187,0.10495793617948398,348,1038,2186,528
82,0.1,0.5,Isotonic calibration,36.694525,0.092243926946037,0.08983028857839175,294,891,1859,442
82,0.1,0.1,Multilabel,37.286795,0.0871924069586461,0.08538107062386273,288,863,1761,428
82,0.1,0.1,Hoeffding/LTT,39.753026,0.08286902955914126,0.07976546299763294,261,775,1550,399
82,0.1,0.1,Hoeffding-Bentkus,37.286795,0.0871924069586461,0.08538107062386273,288,863,1761,428
82,0.1,0.1,IID-normal,37.286795,0.0871924069586461,0.08538107062386273,288,863,1761,428
82,0.1,0.1,Empirical Bernstein,38.500168,0.0863140387861116,0.08383832909629571,277,843,1701,418
82,0.1,0.1,Platt calibration,33.33332,0.10946207748028187,0.10495793617948398,348,1038,2186,528
82,0.1,0.1,Isotonic calibration,36.694525,0.092243926946037,0.08983028857839175,294,891,1859,442
82,0.2,0.5,Multilabel,23.81492,0.19113342920718374,0.18468194719724232,588,1735,3958,892
82,0.2,0.5,Hoeffding/LTT,24.589896,0.18179829525505986,0.17395694332959513,570,1647,3694,860
82,0.2,0.5,Hoeffding-Bentkus,24.199306,0.18543599890797438,0.17917725266284498,583,1704,3819,878
82,0.2,0.5,IID-normal,23.81492,0.19113342920718374,0.18468194719724232,588,1735,3958,892
82,0.2,0.5,Empirical Bernstein,24.589896,0.18179829525505986,0.17395694332959513,570,1647,3694,860
82,0.2,0.5,Platt calibration,23.81492,0.19113342920718374,0.18468194719724232,588,1735,3958,892
82,0.2,0.5,Isotonic calibration,24.589896,0.18179829525505986,0.17395694332959513,570,1647,3694,860
82,0.2,0.1,Multilabel,24.199306,0.18543599890797438,0.17917725266284498,583,1704,3819,878
82,0.2,0.1,Hoeffding/LTT,24.98679,0.18061760218359307,0.17214606242159738,557,1606,3610,847
82,0.2,0.1,Hoeffding-Bentkus,24.589896,0.18179829525505986,0.17395694332959513,570,1647,3694,860
82,0.2,0.1,IID-normal,24.199306,0.18543599890797438,0.17917725266284498,583,1704,3819,878
82,0.2,0.1,Empirical Bernstein,24.589896,0.18179829525505986,0.17395694332959513,570,1647,3694,860
82,0.2,0.1,Platt calibration,23.81492,0.19113342920718374,0.18468194719724232,588,1735,3958,892
82,0.2,0.1,Isotonic calibration,24.589896,0.18179829525505986,0.17395694332959513,570,1647,3694,860
83,0.05,0.5,Multilabel,58.379583,0.042582303918671315,0.04445457173074775,166,442,747,248
83,0.05,0.5,Hoeffding/LTT,63.245541,0.03615658923892271,0.03696043460838605,160,369,611,233
83,0.05,0.5,Hoeffding-Bentkus,61.252292,0.039032054691963664,0.0394514185864717,163,419,690,239
83,0.05,0.5,IID-normal,58.379583,0.042582303918671315,0.04445457173074775,166,442,747,248
83,0.05,0.5,Empirical Bernstein,61.252292,0.039032054691963664,0.0394514185864717,163,419,690,239
83,0.05,0.5,Platt calibration,50.544853,0.05630011624012452,0.06000532093096584,186,522,948,292
83,0.05,0.5,Isotonic calibration,55.641604,0.04462143152668597,0.04849273134553863,170,470,809,253
83,0.05,0.1,Multilabel,61.252292,0.039032054691963664,0.0394514185864717,163,419,690,239
83,0.05,0.1,Hoeffding/LTT,66.35769,0.03049924148393325,0.028021599038290993,143,319,504,204
83,0.05,0.1,Hoeffding-Bentkus,61.252292,0.039032054691963664,0.0394514185864717,163,419,690,239
83,0.05,0.1,IID-normal,61.252292,0.039032054691963664,0.0394514185864717,163,419,690,239
83,0.05,0.1,Empirical Bernstein,63.245541,0.03615658923892271,0.03696043460838605,160,369,611,233
83,0.05,0.1,Platt calibration,50.544853,0.05630011624012452,0.06000532093096584,186,522,948,292
83,0.05,0.1,Isotonic calibration,55.641604,0.04462143152668597,0.04849273134553863,170,470,809,253
83,0.1,0.5,Multilabel,36.111663,0.09481023963853918,0.09267605602962203,290,858,1770,448
83,0.1,0.5,Hoeffding/LTT,37.784172,0.08442579348661268,0.08407985118910764,274,794,1599,413
83,0.1,0.5,Hoeffding-Bentkus,37.286795,0.08492720215930807,0.08466876657316719,282,812,1632,423
83,0.1,0.5,IID-normal,36.111663,0.09481023963853918,0.09267605602962203,290,858,1770,448
83,0.1,0.5,Empirical Bernstein,37.286795,0.08492720215930807,0.08466876657316719,282,812,1632,423
83,0.1,0.5,Platt calibration,33.871338,0.10421731649493336,0.10240531261016846,330,944,1975,499
83,0.1,0.5,Isotonic calibration,36.694525,0.08937781980810527,0.08949636184082316,286,832,1716,431
83,0.1,0.1,Multilabel,37.286795,0.08492720215930807,0.08466876657316719,282,812,1632,423
83,0.1,0.1,Hoeffding/LTT,40.394661,0.07742790813746543,0.07744144238833162,243,721,1401,378
83,0.1,0.1,Hoeffding-Bentkus,37.784172,0.08442579348661268,0.08407985118910764,274,794,1599,413
83,0.1,0.1,IID-normal,37.286795,0.08492720215930807,0.08466876657316719,282,812,1632,423
83,0.1,0.1,Empirical Bernstein,39.121582,0.08009158014329713,0.07968033905059702,263,764,1502,398
83,0.1,0.1,Platt calibration,33.871338,0.10421731649493336,0.10240531261016846,330,944,1975,499
83,0.1,0.1,Isotonic calibration,36.694525,0.08937781980810527,0.08949636184082316,286,832,1716,431
83,0.2,0.5,Multilabel,24.199306,0.17965619383091214,0.1796291085964915,555,1565,3528,843
83,0.2,0.5,Hoeffding/LTT,24.589896,0.17499729628188584,0.17437862431411238,539,1523,3413,820
83,0.2,0.5,Hoeffding-Bentkus,24.589896,0.17499729628188584,0.17437862431411238,539,1523,3413,820
83,0.2,0.5,IID-normal,24.199306,0.17965619383091214,0.1796291085964915,555,1565,3528,843
83,0.2,0.5,Empirical Bernstein,24.589896,0.17499729628188584,0.17437862431411238,539,1523,3413,820
83,0.2,0.5,Platt calibration,24.199306,0.17965619383091214,0.1796291085964915,555,1565,3528,843
83,0.2,0.5,Isotonic calibration,24.98679,0.17282062980029592,0.17213414127917548,529,1484,3325,806
83,0.2,0.1,Multilabel,24.589896,0.17499729628188584,0.17437862431411238,539,1523,3413,820
83,0.2,0.1,Hoeffding/LTT,25.390091,0.1670611017817691,0.16529566507595933,522,1461,3229,791
83,0.2,0.1,Hoeffding-Bentkus,24.98679,0.17282062980029592,0.17213414127917548,529,1484,3325,806
83,0.2,0.1,IID-normal,24.589896,0.17499729628188584,0.17437862431411238,539,1523,3413,820
83,0.2,0.1,Empirical Bernstein,25.390091,0.1670611017817691,0.16529566507595933,522,1461,3229,791
83,0.2,0.1,Platt calibration,24.199306,0.17965619383091214,0.1796291085964915,555,1565,3528,843
83,0.2,0.1,Isotonic calibration,24.98679,0.17282062980029592,0.17213414127917548,529,1484,3325,806
84,0.05,0.5,Multilabel,58.379583,0.04170459247000413,0.04485068548042751,158,471,746,241
84,0.05,0.5,Hoeffding/LTT,64.266358,0.03491932147290029,0.036805733467341964,154,395,595,224
84,0.05,0.5,Hoeffding-Bentkus,61.252292,0.037617471481766064,0.0403497362526194,157,450,677,232
84,0.05,0.5,IID-normal,58.379583,0.04170459247000413,0.04485068548042751,158,471,746,241
84,0.05,0.5,Empirical Bernstein,62.000847,0.03687274661623027,0.03923923825289531,157,437,658,231
84,0.05,0.5,Platt calibration,49.74199,0.059964142876844574,0.0616127676066978,180,560,984,299
84,0.05,0.5,Isotonic calibration,56.53969,0.043784601138759184,0.04745662784357777,166,496,790,253
84,0.05,0.1,Multilabel,61.252292,0.037617471481766064,0.0403497362526194,157,450,677,232
84,0.05,0.1,Hoeffding/LTT,66.35769,0.027603089229071853,0.02861018596982178,139,346,496,195
84,0.05,0.1,Hoeffding-Bentkus,62.000847,0.03687274661623027,0.03923923825289531,157,437,658,231
84,0.05,0.1,IID-normal,61.252292,0.037617471481766064,0.0403497362526194,157,450,677,232
84,0.05,0.1,Empirical Bernstein,64.266358,0.03491932147290029,0.036805733467341964,154,395,595,224
84,0.05,0.1,Platt calibration,49.74199,0.059964142876844574,0.0616127676066978,180,560,984,299
84,0.05,0.1,Isotonic calibration,56.53969,0.043784601138759184,0.04745662784357777,166,496,790,253
84,0.1,0.5,Multilabel,36.694525,0.08721243703659923,0.08983039806256803,268,882,1748,418
84,0.1,0.5,Hoeffding/LTT,39.121582,0.07622840199381364,0.08003446561868413,250,804,1518,384
84,0.1,0.5,Hoeffding-Bentkus,37.286795,0.08232608310183817,0.08484306538176038,264,852,1655,407
84,0.1,0.5,IID-normal,36.694525,0.08721243703659923,0.08983039806256803,268,882,1748,418
84,0.1,0.5,Empirical Bernstein,37.784172,0.08132326575644738,0.08401273738906516,259,836,1627,399
84,0.1,0.5,Platt calibration,33.871338,0.10054048374280067,0.10233305305384213,301,990,1996,475
84,0.1,0.5,Isotonic calibration,37.286795,0.08232608310183817,0.08484306538176038,264,852,1655,407
84,0.1,0.1,Multilabel,37.286795,0.08232608310183817,0.08484306538176038,264,852,1655,407
84,0.1,0.1,Hoeffding/LTT,41.709169,0.07368441791280021,0.07648761624482413,218,712,1328,356
84,0.1,0.1,Hoeffding-Bentkus,37.784172,0.08132326575644738,0.08401273738906516,259,836,1627,399
84,0.1,0.1,IID-normal,37.286795,0.08232608310183817,0.08484306538176038,264,852,1655,407
84,0.1,0.1,Empirical Bernstein,39.121582,0.07622840199381364,0.08003446561868413,250,804,1518,384
84,0.1,0.1,Platt calibration,33.871338,0.10054048374280067,0.10233305305384213,301,990,1996,475
84,0.1,0.1,Isotonic calibration,37.286795,0.08232608310183817,0.08484306538176038,264,852,1655,407
84,0.2,0.5,Multilabel,24.199306,0.18071931718893192,0.1810868744940787,541,1662,3648,844
84,0.2,0.5,Hoeffding/LTT,24.98679,0.1725698622498861,0.1734939071632571,494,1537,3403,788
84,0.2,0.5,Hoeffding-Bentkus,24.589896,0.17517545897008768,0.17579842236265433,516,1592,3512,812
84,0.2,0.5,IID-normal,24.199306,0.18071931718893192,0.1810868744940787,541,1662,3648,844
84,0.2,0.5,Empirical Bernstein,24.98679,0.1725698622498861,0.1734939071632571,494,1537,3403,788
84,0.2,0.5,Platt calibration,24.199306,0.18071931718893192,0.1810868744940787,541,1662,3648,844
84,0.2,0.5,Isotonic calibration,25.799901,0.16390153541580932,0.1640382624380417,472,1466,3217,753
84,0.2,0.1,Multilabel,24.589896,0.17517545897008768,0.17579842236265433,516,1592,3512,812
84,0.2,0.1,Hoeffding/LTT,25.390091,0.16587469675248645,0.16659775768192345,481,1503,3300,764
84,0.2,0.1,Hoeffding-Bentkus,25.390091,0.16587469675248645,0.16659775768192345,481,1503,3300,764
84,0.2,0.1,IID-normal,24.589896,0.17517545897008768,0.17579842236265433,516,1592,3512,812
84,0.2,0.1,Empirical Bernstein,25.390091,0.16587469675248645,0.16659775768192345,481,1503,3300,764
84,0.2,0.1,Platt calibration,24.199306,0.18071931718893192,0.1810868744940787,541,1662,3648,844
84,0.2,0.1,Isotonic calibration,25.799901,0.16390153541580932,0.1640382624380417,472,1466,3217,753
85,0.05,0.5,Multilabel,57.452272,0.04877800106389266,0.046927983498544955,171,476,813,263
85,0.05,0.5,Hoeffding/LTT,63.245541,0.039005457375337386,0.03801640948833664,153,381,620,231
85,0.05,0.5,Hoeffding-Bentkus,60.27935,0.04420523277577477,0.043258840299811474,161,438,725,246
85,0.05,0.5,IID-normal,57.452272,0.04877800106389266,0.046927983498544955,171,476,813,263
85,0.05,0.5,Empirical Bernstein,61.252292,0.04249266111078275,0.04065913853470758,157,433,699,240
85,0.05,0.5,Platt calibration,49.74199,0.06344297338298165,0.06145428926157302,189,530,1012,307
85,0.05,0.5,Isotonic calibration,55.641604,0.050145792698544044,0.04877257290003875,172,489,855,266
85,0.05,0.1,Multilabel,60.27935,0.04420523277577477,0.043258840299811474,161,438,725,246
85,0.05,0.1,Hoeffding/LTT,66.35769,0.031650806785271,0.02875963187040577,143,335,517,204
85,0.05,0.1,Hoeffding-Bentkus,61.252292,0.04249266111078275,0.04065913853470758,157,433,699,240
85,0.05,0.1,IID-normal,60.27935,0.04420523277577477,0.043258840299811474,161,438,725,246
85,0.05,0.1,Empirical Bernstein,63.245541,0.039005457375337386,0.03801640948833664,153,381,620,231
85,0.05,0.1,Platt calibration,49.74199,0.06344297338298165,0.06145428926157302,189,530,1012,307
85,0.05,0.1,Isotonic calibration,55.641604,0.050145792698544044,0.04877257290003875,172,489,855,266
85,0.1,0.5,Multilabel,36.111663,0.09514451208700278,0.09203529988810717,295,902,1868,453
85,0.1,0.5,Hoeffding/LTT,37.286795,0.087232795476486,0.08368871896944734,281,832,1713,427
85,0.1,0.5,Hoeffding-Bentkus,36.694525,0.09303495084421853,0.08897746158747677,288,867,1812,442
85,0.1,0.5,IID-normal,36.111663,0.09514451208700278,0.09203529988810717,295,902,1868,453
85,0.1,0.5,Empirical Bernstein,37.286795,0.087232795476486,0.08368871896944734,281,832,1713,427
85,0.1,0.5,Platt calibration,33.871338,0.1034289194922211,0.10229949615382089,337,1001,2076,506
85,0.1,0.5,Isotonic calibration,36.111663,0.09514451208700278,0.09203529988810717,295,902,1868,453
85,0.1,0.1,Multilabel,36.694525,0.09303495084421853,0.08897746158747677,288,867,1812,442
85,0.1,0.1,Hoeffding/LTT,40.394661,0.07834141103690132,0.07705244511010824,244,728,1448,380
85,0.1,0.1,Hoeffding-Bentkus,37.286795,0.087232795476486,0.08368871896944734,281,832,1713,427
85,0.1,0.1,IID-normal,36.694525,0.09303495084421853,0.08897746158747677,288,867,1812,442
85,0.1,0.1,Empirical Bernstein,37.784172,0.08607728983194436,0.08294346018169994,274,809,1675,417
85,0.1,0.1,Platt calibration,33.871338,0.1034289194922211,0.10229949615382089,337,1001,2076,506
85,0.1,0.1,Isotonic calibration,36.111663,0.09514451208700278,0.09203529988810717,295,902,1868,453
85,0.2,0.5,Multilabel,24.199306,0.17531335551639038,0.18022438010894837,540,1658,3728,819
85,0.2,0.5,Hoeffding/LTT,24.98679,0.16908749097960324,0.17300468058949958,513,1564,3502,787
85,0.2,0.5,Hoeffding-Bentkus,24.589896,0.1713895021665958,0.1752905287368459,524,1605,3597,800
85,0.2,0.5,IID-normal,24.199306,0.17531335551639038,0.18022438010894837,540,1658,3728,819
85,0.2,0.5,Empirical Bernstein,24.98679,0.16908749097960324,0.17300468058949958,513,1564,3502,787
85,0.2,0.5,Platt calibration,24.589896,0.1713895021665958,0.1752905287368459,524,1605,3597,800
85,0.2,0.5,Isotonic calibration,25.390091,0.16263001474554445,0.1659333464730558,505,1538,3404,767
85,0.2,0.1,Multilabel,24.98679,0.16908749097960324,0.17300468058949958,513,1564,3502,787
85,0.2,0.1,Hoeffding/LTT,25.390091,0.16263001474554445,0.1659333464730558,505,1538,3404,767
85,0.2,0.1,Hoeffding-Bentkus,25.390091,0.16263001474554445,0.1659333464730558,505,1538,3404,767
85,0.2,0.1,IID-normal,24.98679,0.16908749097960324,0.17300468058949958,513,1564,3502,787
85,0.2,0.1,Empirical Bernstein,25.390091,0.16263001474554445,0.1659333464730558,505,1538,3404,767
85,0.2,0.1,Platt calibration,24.589896,0.1713895021665958,0.1752905287368459,524,1605,3597,800
85,0.2,0.1,Isotonic calibration,25.390091,0.16263001474554445,0.1659333464730558,505,1538,3404,767
86,0.05,0.5,Multilabel,59.321862,0.041735130129834305,0.044505646098969315,169,486,777,248
86,0.05,0.5,Hoeffding/LTT,65.303653,0.03371259136670803,0.0360847801667225,146,371,577,211
86,0.05,0.5,Hoeffding-Bentkus,61.252292,0.03813661169887897,0.040412470685611816,166,466,724,238
86,0.05,0.5,IID-normal,59.321862,0.041735130129834305,0.044505646098969315,169,486,777,248
86,0.05,0.5,Empirical Bernstein,62.000847,0.037584963650333945,0.039347956039913555,166,454,705,238
86,0.05,0.5,Platt calibration,51.360675,0.05539137458872668,0.05987656753969349,200,570,997,303
86,0.05,0.5,Isotonic calibration,56.53969,0.04502334653348307,0.048168877152185194,175,517,851,260
86,0.05,0.1,Multilabel,61.252292,0.03813661169887897,0.040412470685611816,166,466,724,238
86,0.05,0.1,Hoeffding/LTT,66.35769,0.027210039994483518,0.02849062924935459,142,356,523,194
86,0.05,0.1,Hoeffding-Bentkus,62.000847,0.037584963650333945,0.039347956039913555,166,454,705,238
86,0.05,0.1,IID-normal,61.252292,0.03813661169887897,0.040412470685611816,166,466,724,238
86,0.05,0.1,Empirical Bernstein,65.303653,0.03371259136670803,0.0360847801667225,146,371,577,211
86,0.05,0.1,Platt calibration,51.360675,0.05539137458872668,0.05987656753969349,200,570,997,303
86,0.05,0.1,Isotonic calibration,56.53969,0.04502334653348307,0.048168877152185194,175,517,851,260
86,0.1,0.5,Multilabel,37.286795,0.08077358787950431,0.08637080757718087,285,906,1688,411
86,0.1,0.5,Hoeffding/LTT,39.753026,0.07454275600738158,0.08100033502157933,271,827,1501,391
86,0.1,0.5,Hoeffding-Bentkus,37.784172,0.08051352522804736,0.08565543796955027,281,891,1660,406
86,0.1,0.5,IID-normal,37.286795,0.08077358787950431,0.08637080757718087,285,906,1688,411
86,0.1,0.5,Empirical Bernstein,39.121582,0.07508734427435297,0.08167782310422675,275,864,1564,393
86,0.1,0.5,Platt calibration,34.41804,0.10000164180966828,0.10101059368889415,325,1037,2007,484
86,0.1,0.5,Isotonic calibration,37.784172,0.08051352522804736,0.08565543796955027,281,891,1660,406
86,0.1,0.1,Multilabel,37.784172,0.08051352522804736,0.08565543796955027,281,891,1660,406
86,0.1,0.1,Hoeffding/LTT,43.066453,0.06844770179482633,0.07532927366007791,232,691,1273,353
86,0.1,0.1,Hoeffding-Bentkus,39.121582,0.07508734427435297,0.08167782310422675,275,864,1564,393
86,0.1,0.1,IID-normal,37.784172,0.08051352522804736,0.08565543796955027,281,891,1660,406
86,0.1,0.1,Empirical Bernstein,40.394661,0.07208595201975425,0.07905419904661179,262,812,1464,379
86,0.1,0.1,Platt calibration,34.41804,0.10000164180966828,0.10101059368889415,325,1037,2007,484
86,0.1,0.1,Isotonic calibration,37.784172,0.08051352522804736,0.08565543796955027,281,891,1660,406
86,0.2,0.5,Multilabel,24.589896,0.16987948902269037,0.17599636479928285,544,1700,3529,814
86,0.2,0.5,Hoeffding/LTT,25.390091,0.15933212253821177,0.16665104166240227,518,1622,3317,773
86,0.2,0.5,Hoeffding-Bentkus,24.98679,0.16672707209286342,0.17348743766626964,531,1658,3429,798
86,0.2,0.5,IID-normal,24.589896,0.16987948902269037,0.17599636479928285,544,1700,3529,814
86,0.2,0.5,Empirical Bernstein,25.390091,0.15933212253821177,0.16665104166240227,518,1622,3317,773
86,0.2,0.5,Platt calibration,24.589896,0.16987948902269037,0.17599636479928285,544,1700,3529,814
86,0.2,0.5,Isotonic calibration,26.216325,0.15053184414996576,0.15852521813343995,497,1519,3119,735
86,0.2,0.1,Multilabel,24.98679,0.16672707209286342,0.17348743766626964,531,1658,3429,798
86,0.2,0.1,Hoeffding/LTT,25.799901,0.15544283556281904,0.16362927587579265,510,1582,3225,758
86,0.2,0.1,Hoeffding-Bentkus,25.390091,0.15933212253821177,0.16665104166240227,518,1622,3317,773
86,0.2,0.1,IID-normal,24.98679,0.16672707209286342,0.17348743766626964,531,1658,3429,798
86,0.2,0.1,Empirical Bernstein,25.390091,0.15933212253821177,0.16665104166240227,518,1622,3317,773
86,0.2,0.1,Platt calibration,24.589896,0.16987948902269037,0.17599636479928285,544,1700,3529,814
86,0.2,0.1,Isotonic calibration,26.216325,0.15053184414996576,0.15852521813343995,497,1519,3119,735
87,0.05,0.5,Multilabel,57.452272,0.0470117422227476,0.04658688554743184,160,454,759,249
87,0.05,0.5,Hoeffding/LTT,62.000847,0.03993537837145615,0.03863455714745548,153,401,644,229
87,0.05,0.5,Hoeffding-Bentkus,59.321862,0.04488691215004827,0.04379454637421254,155,433,713,241
87,0.05,0.5,IID-normal,57.452272,0.0470117422227476,0.04658688554743184,160,454,759,249
87,0.05,0.5,Empirical Bernstein,61.252292,0.0403353232066513,0.03965308843912789,154,417,665,230
87,0.05,0.5,Platt calibration,48.95188,0.06173286443249206,0.06143441788358328,180,529,982,293
87,0.05,0.5,Isotonic calibration,55.641604,0.04825393541777488,0.04819695984339383,162,468,800,253
87,0.05,0.1,Multilabel,60.27935,0.04269017081387789,0.04262295620413981,155,420,686,236
87,0.05,0.1,Hoeffding/LTT,66.35769,0.028099572472762374,0.02781007560977212,138,332,497,191
87,0.05,0.1,Hoeffding-Bentkus,61.252292,0.0403353232066513,0.03965308843912789,154,417,665,230
87,0.05,0.1,IID-normal,60.27935,0.04269017081387789,0.04262295620413981,155,420,686,236
87,0.05,0.1,Empirical Bernstein,62.000847,0.03993537837145615,0.03863455714745548,153,401,644,229
87,0.05,0.1,Platt calibration,48.95188,0.06173286443249206,0.06143441788358328,180,529,982,293
87,0.05,0.1,Isotonic calibration,55.641604,0.04825393541777488,0.04819695984339383,162,468,800,253
87,0.1,0.5,Multilabel,36.111663,0.09279491827071472,0.09157015636530054,282,852,1767,432
87,0.1,0.5,Hoeffding/LTT,37.286795,0.0867808052748061,0.08379792943525873,275,797,1619,417
87,0.1,0.5,Hoeffding-Bentkus,36.694525,0.09090700133314944,0.08840184853083184,279,827,1727,425
87,0.1,0.5,IID-normal,36.111663,0.09279491827071472,0.09157015636530054,282,852,1767,432
87,0.1,0.5,Empirical Bernstein,37.286795,0.0867808052748061,0.08379792943525873,275,797,1619,417
87,0.1,0.5,Platt calibration,33.33332,0.10678543517807068,0.10312681333166918,323,957,2030,500
87,0.1,0.5,Isotonic calibration,36.694525,0.09090700133314944,0.08840184853083184,279,827,1727,425
87,0.1,0.1,Multilabel,36.694525,0.09090700133314944,0.08840184853083184,279,827,1727,425
87,0.1,0.1,Hoeffding/LTT,39.121582,0.08328325813845053,0.07890519108273282,253,748,1496,394
87,0.1,0.1,Hoeffding-Bentkus,37.286795,0.0867808052748061,0.08379792943525873,275,797,1619,417
87,0.1,0.1,IID-normal,36.694525,0.09090700133314944,0.08840184853083184,279,827,1727,425
87,0.1,0.1,Empirical Bernstein,37.784172,0.08636509906679539,0.08294920810095316,268,780,1593,409
87,0.1,0.1,Platt calibration,33.33332,0.10678543517807068,0.10312681333166918,323,957,2030,500
87,0.1,0.1,Isotonic calibration,36.694525,0.09090700133314944,0.08840184853083184,279,827,1727,425
87,0.2,0.5,Multilabel,23.81492,0.19054857671421394,0.18394469309441247,526,1622,3771,844
87,0.2,0.5,Hoeffding/LTT,24.199306,0.18465753701491977,0.17851016528420308,524,1594,3644,831
87,0.2,0.5,Hoeffding-Bentkus,24.199306,0.18465753701491977,0.17851016528420308,524,1594,3644,831
87,0.2,0.5,IID-normal,23.81492,0.19054857671421394,0.18394469309441247,526,1622,3771,844
87,0.2,0.5,Empirical Bernstein,24.589896,0.18006837102610912,0.17376285525614438,509,1544,3517,808
87,0.2,0.5,Platt calibration,23.81492,0.19054857671421394,0.18394469309441247,526,1622,3771,844
87,0.2,0.5,Isotonic calibration,24.98679,0.17853035357994104,0.1713971831912035,494,1503,3420,792
87,0.2,0.1,Multilabel,24.199306,0.18465753701491977,0.17851016528420308,524,1594,3644,831
87,0.2,0.1,Hoeffding/LTT,24.98679,0.17853035357994104,0.1713971831912035,494,1503,3420,792
87,0.2,0.1,Hoeffding-Bentkus,24.589896,0.18006837102610912,0.17376285525614438,509,1544,3517,808
87,0.2,0.1,IID-normal,24.199306,0.18465753701491977,0.17851016528420308,524,1594,3644,831
87,0.2,0.1,Empirical Bernstein,24.98679,0.17853035357994104,0.1713971831912035,494,1503,3420,792
87,0.2,0.1,Platt calibration,23.81492,0.19054857671421394,0.18394469309441247,526,1622,3771,844
87,0.2,0.1,Isotonic calibration,24.98679,0.17853035357994104,0.1713971831912035,494,1503,3420,792
88,0.05,0.5,Multilabel,55.641604,0.05118801347597375,0.047873269876304775,160,450,817,259
88,0.05,0.5,Hoeffding/LTT,61.252292,0.04353980731721733,0.038873670588389864,147,395,673,234
88,0.05,0.5,Hoeffding-Bentkus,58.379583,0.048321906338042044,0.044140571113257,150,423,745,245
88,0.05,0.5,IID-normal,55.641604,0.05118801347597375,0.047873269876304775,160,450,817,259
88,0.05,0.5,Empirical Bernstein,60.27935,0.04637045136631401,0.04212863514836201,148,397,696,240
88,0.05,0.5,Platt calibration,48.95188,0.06500482692042477,0.06129186948610317,184,528,1020,308
88,0.05,0.5,Isotonic calibration,54.757783,0.05408416573083515,0.051101794007712066,162,452,829,268
88,0.05,0.1,Multilabel,58.379583,0.048321906338042044,0.044140571113257,150,423,745,245
88,0.05,0.1,Hoeffding/LTT,66.35769,0.03115432354158047,0.027557167162629986,128,305,490,190
88,0.05,0.1,Hoeffding-Bentkus,60.27935,0.04637045136631401,0.04212863514836201,148,397,696,240
88,0.05,0.1,IID-normal,58.379583,0.048321906338042044,0.044140571113257,150,423,745,245
88,0.05,0.1,Empirical Bernstein,61.252292,0.04353980731721733,0.038873670588389864,147,395,673,234
88,0.05,0.1,Platt calibration,48.95188,0.06500482692042477,0.06129186948610317,184,528,1020,308
88,0.05,0.1,Isotonic calibration,54.757783,0.05408416573083515,0.051101794007712066,162,452,829,268
88,0.1,0.5,Multilabel,36.111663,0.09584408718666063,0.09232488553429373,278,848,1803,436
88,0.1,0.5,Hoeffding/LTT,37.286795,0.08704595753623473,0.08484153260329284,268,794,1657,410
88,0.1,0.5,Hoeffding-Bentkus,36.694525,0.0923900480065147,0.08931439913989231,274,823,1755,424
88,0.1,0.5,IID-normal,36.111663,0.09584408718666063,0.09232488553429373,278,848,1803,436
88,0.1,0.5,Empirical Bernstein,37.286795,0.08704595753623473,0.08484153260329284,268,794,1657,410
88,0.1,0.5,Platt calibration,33.871338,0.10511062513544929,0.10163136896824303,306,930,2006,483
88,0.1,0.5,Isotonic calibration,36.694525,0.0923900480065147,0.08931439913989231,274,823,1755,424
88,0.1,0.1,Multilabel,36.694525,0.0923900480065147,0.08931439913989231,274,823,1755,424
88,0.1,0.1,Hoeffding/LTT,40.394661,0.07932403412337215,0.07755070759623112,237,704,1433,372
88,0.1,0.1,Hoeffding-Bentkus,37.286795,0.08704595753623473,0.08484153260329284,268,794,1657,410
88,0.1,0.1,IID-normal,36.694525,0.0923900480065147,0.08931439913989231,274,823,1755,424
88,0.1,0.1,Empirical Bernstein,38.500168,0.08594824359201686,0.08336913465896774,255,765,1593,398
88,0.1,0.1,Platt calibration,33.871338,0.10511062513544929,0.10163136896824303,306,930,2006,483
88,0.1,0.1,Isotonic calibration,36.694525,0.0923900480065147,0.08931439913989231,274,823,1755,424
88,0.2,0.5,Multilabel,24.199306,0.18035060229534422,0.18020908953583237,536,1623,3692,827
88,0.2,0.5,Hoeffding/LTT,24.589896,0.1757756541013617,0.17485703762533022,518,1564,3547,803
88,0.2,0.5,Hoeffding-Bentkus,24.589896,0.1757756541013617,0.17485703762533022,518,1564,3547,803
88,0.2,0.5,IID-normal,24.199306,0.18035060229534422,0.18020908953583237,536,1623,3692,827
88,0.2,0.5,Empirical Bernstein,24.589896,0.1757756541013617,0.17485703762533022,518,1564,3547,803
88,0.2,0.5,Platt calibration,24.199306,0.18035060229534422,0.18020908953583237,536,1623,3692,827
88,0.2,0.5,Isotonic calibration,25.390091,0.16917519117073743,0.16528587849216253,497,1499,3351,774
88,0.2,0.1,Multilabel,24.589896,0.1757756541013617,0.17485703762533022,518,1564,3547,803
88,0.2,0.1,Hoeffding/LTT,25.390091,0.16917519117073743,0.16528587849216253,497,1499,3351,774
88,0.2,0.1,Hoeffding-Bentkus,24.98679,0.17392708089366563,0.1724204048845176,506,1529,3456,789
88,0.2,0.1,IID-normal,24.589896,0.1757756541013617,0.17485703762533022,518,1564,3547,803
88,0.2,0.1,Empirical Bernstein,25.390091,0.16917519117073743,0.16528587849216253,497,1499,3351,774
88,0.2,0.1,Platt calibration,24.199306,0.18035060229534422,0.18020908953583237,536,1623,3692,827
88,0.2,0.1,Isotonic calibration,25.390091,0.16917519117073743,0.16528587849216253,497,1499,3351,774
89,0.05,0.5,Multilabel,58.379583,0.042783261422069854,0.043752668676796135,173,497,789,255
89,0.05,0.5,Hoeffding/LTT,62.000847,0.03880647004354079,0.038226619106740495,170,450,698,245
89,0.05,0.5,Hoeffding-Bentkus,60.27935,0.04119234785349804,0.0420839656044512,173,476,748,252
89,0.05,0.5,IID-normal,58.379583,0.042783261422069854,0.043752668676796135,173,497,789,255
89,0.05,0.5,Empirical Bernstein,61.252292,0.03896506885749748,0.03931412542945169,171,472,722,246
89,0.05,0.5,Platt calibration,50.544853,0.057452666627263234,0.058456010352823704,189,581,1012,301
89,0.05,0.5,Isotonic calibration,55.641604,0.04637439170951789,0.0473548075596634,176,533,872,264
89,0.05,0.1,Multilabel,60.27935,0.04119234785349804,0.0420839656044512,173,476,748,252
89,0.05,0.1,Hoeffding/LTT,66.35769,0.030416494276651503,0.02837337169658869,151,342,515,210
89,0.05,0.1,Hoeffding-Bentkus,61.252292,0.03896506885749748,0.03931412542945169,171,472,722,246
89,0.05,0.1,IID-normal,60.27935,0.04119234785349804,0.0420839656044512,173,476,748,252
89,0.05,0.1,Empirical Bernstein,62.000847,0.03880647004354079,0.038226619106740495,170,450,698,245
89,0.05,0.1,Platt calibration,50.544853,0.057452666627263234,0.058456010352823704,189,581,1012,301
89,0.05,0.1,Isotonic calibration,55.641604,0.04637439170951789,0.0473548075596634,176,533,872,264
89,0.1,0.5,Multilabel,36.694525,0.0846874979477379,0.08791229003672099,279,907,1776,418
89,0.1,0.5,Hoeffding/LTT,38.500168,0.07702024679682934,0.08151217354555745,262,856,1626,391
89,0.1,0.5,Hoeffding-Bentkus,37.286795,0.0785050994608297,0.08280769980314744,272,881,1684,402
89,0.1,0.5,IID-normal,36.694525,0.0846874979477379,0.08791229003672099,279,907,1776,418
89,0.1,0.5,Empirical Bernstein,37.286795,0.0785050994608297,0.08280769980314744,272,881,1684,402
89,0.1,0.5,Platt calibration,34.41804,0.09254404975340018,0.09636851935789721,313,1016,1974,461
89,0.1,0.5,Isotonic calibration,36.694525,0.0846874979477379,0.08791229003672099,279,907,1776,418
89,0.1,0.1,Multilabel,37.286795,0.0785050994608297,0.08280769980314744,272,881,1684,402
89,0.1,0.1,Hoeffding/LTT,40.394661,0.07356932705505316,0.07566845563810663,242,796,1476,371
89,0.1,0.1,Hoeffding-Bentkus,37.784172,0.07806575119359561,0.08224867359920471,267,864,1657,396
89,0.1,0.1,IID-normal,37.286795,0.0785050994608297,0.08280769980314744,272,881,1684,402
89,0.1,0.1,Empirical Bernstein,39.121582,0.07548679656664761,0.0781039311388325,256,836,1572,384
89,0.1,0.1,Platt calibration,34.41804,0.09254404975340018,0.09636851935789721,313,1016,1974,461
89,0.1,0.1,Isotonic calibration,36.694525,0.0846874979477379,0.08791229003672099,279,907,1776,418
89,0.2,0.5,Multilabel,23.81492,0.18407581420096936,0.1820983938639913,562,1737,3738,851
89,0.2,0.5,Hoeffding/LTT,24.589896,0.17200317155079986,0.17065470897652618,534,1650,3468,807
89,0.2,0.5,Hoeffding-Bentkus,24.199306,0.17695983971599102,0.17609846756453185,553,1717,3605,832
89,0.2,0.5,IID-normal,23.81492,0.18407581420096936,0.1820983938639913,562,1737,3738,851
89,0.2,0.5,Empirical Bernstein,24.589896,0.17200317155079986,0.17065470897652618,534,1650,3468,807
89,0.2,0.5,Platt calibration,24.199306,0.17695983971599102,0.17609846756453185,553,1717,3605,832
89,0.2,0.5,Isotonic calibration,25.390091,0.16070747625634577,0.16188321729014968,512,1584,3276,766
89,0.2,0.1,Multilabel,24.199306,0.17695983971599102,0.17609846756453185,553,1717,3605,832
89,0.2,0.1,Hoeffding/LTT,24.98679,0.16828227859738723,0.1683218025396054,525,1612,3381,791
89,0.2,0.1,Hoeffding-Bentkus,24.589896,0.17200317155079986,0.17065470897652618,534,1650,3468,807
89,0.2,0.1,IID-normal,24.199306,0.17695983971599102,0.17609846756453185,553,1717,3605,832
89,0.2,0.1,Empirical Bernstein,24.98679,0.16828227859738723,0.1683218025396054,525,1612,3381,791
89,0.2,0.1,Platt calibration,24.199306,0.17695983971599102,0.17609846756453185,553,1717,3605,832
89,0.2,0.1,Isotonic calibration,25.390091,0.16070747625634577,0.16188321729014968,512,1584,3276,766
90,0.05,0.5,Multilabel,55.641604,0.050333944086529935,0.047102884470107534,168,518,865,264
90,0.05,0.5,Hoeffding/LTT,61.252292,0.039586657997911626,0.03861616380584514,157,462,709,233
90,0.05,0.5,Hoeffding-Bentkus,58.379583,0.045778907342829564,0.043344402183552413,161,487,783,248
90,0.05,0.5,IID-normal,55.641604,0.050333944086529935,0.047102884470107534,168,518,865,264
90,0.05,0.5,Empirical Bernstein,60.27935,0.04337923833165869,0.04161592075097386,159,465,732,243
90,0.05,0.5,Platt calibration,48.17432,0.06277015978091692,0.05989282593986691,196,608,1097,313
90,0.05,0.5,Isotonic calibration,54.757783,0.05368520598144098,0.050457862825085895,171,521,879,275
90,0.05,0.1,Multilabel,58.379583,0.045778907342829564,0.043344402183552413,161,487,783,248
90,0.05,0.1,Hoeffding/LTT,66.35769,0.028699489725555093,0.02713182113789094,145,360,527,199
90,0.05,0.1,Hoeffding-Bentkus,60.27935,0.04337923833165869,0.04161592075097386,159,465,732,243
90,0.05,0.1,IID-normal,58.379583,0.045778907342829564,0.043344402183552413,161,487,783,248
90,0.05,0.1,Empirical Bernstein,61.252292,0.039586657997911626,0.03861616380584514,157,462,709,233
90,0.05,0.1,Platt calibration,48.17432,0.06277015978091692,0.05989282593986691,196,608,1097,313
90,0.05,0.1,Isotonic calibration,54.757783,0.05368520598144098,0.050457862825085895,171,521,879,275
90,0.1,0.5,Multilabel,36.111663,0.08924187796757098,0.09056131442322642,275,908,1819,429
90,0.1,0.5,Hoeffding/LTT,37.286795,0.08099506800375646,0.08283720578864737,265,856,1675,404
90,0.1,0.5,Hoeffding-Bentkus,36.694525,0.08545947685376729,0.08763053250913645,269,881,1769,414
90,0.1,0.5,IID-normal,36.111663,0.08924187796757098,0.09056131442322642,275,908,1819,429
90,0.1,0.5,Empirical Bernstein,37.286795,0.08099506800375646,0.08283720578864737,265,856,1675,404
90,0.1,0.5,Platt calibration,33.871338,0.09665251426732602,0.10015119764740402,316,992,2014,476
90,0.1,0.5,Isotonic calibration,36.694525,0.08545947685376729,0.08763053250913645,269,881,1769,414
90,0.1,0.1,Multilabel,37.286795,0.08099506800375646,0.08283720578864737,265,856,1675,404
90,0.1,0.1,Hoeffding/LTT,39.753026,0.07740459444017574,0.07747713422978976,246,776,1494,381
90,0.1,0.1,Hoeffding-Bentkus,37.286795,0.08099506800375646,0.08283720578864737,265,856,1675,404
90,0.1,0.1,IID-normal,37.286795,0.08099506800375646,0.08283720578864737,265,856,1675,404
90,0.1,0.1,Empirical Bernstein,39.121582,0.07815703581115249,0.07800928206846264,250,807,1560,384
90,0.1,0.1,Platt calibration,33.871338,0.09665251426732602,0.10015119764740402,316,992,2014,476
90,0.1,0.1,Isotonic calibration,36.694525,0.08545947685376729,0.08763053250913645,269,881,1769,414
90,0.2,0.5,Multilabel,24.199306,0.17424153708439039,0.1774807567779012,560,1694,3616,846
90,0.2,0.5,Hoeffding/LTT,24.589896,0.16660392262408616,0.172036329609078,541,1631,3474,813
90,0.2,0.5,Hoeffding-Bentkus,24.589896,0.16660392262408616,0.172036329609078,541,1631,3474,813
90,0.2,0.5,IID-normal,24.199306,0.17424153708439039,0.1774807567779012,560,1694,3616,846
90,0.2,0.5,Empirical Bernstein,24.98679,0.16366311314624732,0.16966276473033998,528,1595,3394,796
90,0.2,0.5,Platt calibration,24.199306,0.17424153708439039,0.1774807567779012,560,1694,3616,846
90,0.2,0.5,Isotonic calibration,25.390091,0.1561642221140505,0.16328293267110386,521,1576,3302,777
90,0.2,0.1,Multilabel,24.589896,0.16660392262408616,0.172036329609078,541,1631,3474,813
90,0.2,0.1,Hoeffding/LTT,25.390091,0.1561642221140505,0.16328293267110386,521,1576,3302,777
90,0.2,0.1,Hoeffding-Bentkus,24.98679,0.16366311314624732,0.16966276473033998,528,1595,3394,796
90,0.2,0.1,IID-normal,24.589896,0.16660392262408616,0.172036329609078,541,1631,3474,813
90,0.2,0.1,Empirical Bernstein,25.390091,0.1561642221140505,0.16328293267110386,521,1576,3302,777
90,0.2,0.1,Platt calibration,24.199306,0.17424153708439039,0.1774807567779012,560,1694,3616,846
90,0.2,0.1,Isotonic calibration,25.390091,0.1561642221140505,0.16328293267110386,521,1576,3302,777
91,0.05,0.5,Multilabel,57.452272,0.04772051145654786,0.046618252763928024,153,410,738,242
91,0.05,0.5,Hoeffding/LTT,63.245541,0.03667769962763756,0.037338811921512984,141,328,554,212
91,0.05,0.5,Hoeffding-Bentkus,59.321862,0.04373386922000906,0.04363787451799592,149,393,681,232
91,0.05,0.5,IID-normal,57.452272,0.04772051145654786,0.046618252763928024,153,410,738,242
91,0.05,0.5,Empirical Bernstein,61.252292,0.04036881612388439,0.04005051599892268,146,381,639,223
91,0.05,0.5,Platt calibration,49.74199,0.06122603778789133,0.06013670194246825,167,471,941,281
91,0.05,0.5,Isotonic calibration,55.641604,0.04882971806844376,0.04835297479455294,155,426,778,245
91,0.05,0.1,Multilabel,60.27935,0.04229268869318517,0.0427881678261041,147,382,655,228
91,0.05,0.1,Hoeffding/LTT,66.35769,0.02620328230588884,0.028506723423263634,128,292,455,176
91,0.05,0.1,Hoeffding-Bentkus,61.252292,0.04036881612388439,0.04005051599892268,146,381,639,223
91,0.05,0.1,IID-normal,60.27935,0.04229268869318517,0.0427881678261041,147,382,655,228
91,0.05,0.1,Empirical Bernstein,63.245541,0.03667769962763756,0.037338811921512984,141,328,554,212
91,0.05,0.1,Platt calibration,49.74199,0.06122603778789133,0.06013670194246825,167,471,941,281
91,0.05,0.1,Isotonic calibration,55.641604,0.04882971806844376,0.04835297479455294,155,426,778,245
91,0.1,0.5,Multilabel,35.538059,0.09259396076731617,0.09236982878864518,272,829,1783,428
91,0.1,0.5,Hoeffding/LTT,37.286795,0.08138466943804139,0.08177575669988417,255,756,1587,387
91,0.1,0.5,Hoeffding-Bentkus,36.694525,0.08589439223489699,0.08625683454970252,261,778,1665,400
91,0.1,0.5,IID-normal,35.538059,0.09259396076731617,0.09236982878864518,272,829,1783,428
91,0.1,0.5,Empirical Bernstein,37.286795,0.08138466943804139,0.08177575669988417,255,756,1587,387
91,0.1,0.5,Platt calibration,33.871338,0.1042184657617012,0.09928014154114306,308,903,1943,484
91,0.1,0.5,Isotonic calibration,36.111663,0.09041921968070085,0.08931746469682736,266,808,1720,416
91,0.1,0.1,Multilabel,36.694525,0.08589439223489699,0.08625683454970252,261,778,1665,400
91,0.1,0.1,Hoeffding/LTT,39.753026,0.07757747699824655,0.07740169963235213,237,670,1393,366
91,0.1,0.1,Hoeffding-Bentkus,37.286795,0.08138466943804139,0.08177575669988417,255,756,1587,387
91,0.1,0.1,IID-normal,36.694525,0.08589439223489699,0.08625683454970252,261,778,1665,400
91,0.1,0.1,Empirical Bernstein,37.286795,0.08138466943804139,0.08177575669988417,255,756,1587,387
91,0.1,0.1,Platt calibration,33.871338,0.1042184657617012,0.09928014154114306,308,903,1943,484
91,0.1,0.1,Isotonic calibration,36.111663,0.09041921968070085,0.08931746469682736,266,808,1720,416
91,0.2,0.5,Multilabel,23.81492,0.1853808872880279,0.18296389891759934,546,1667,3756,855
91,0.2,0.5,Hoeffding/LTT,24.589896,0.1766947752518708,0.17256597672963417,517,1571,3492,818
91,0.2,0.5,Hoeffding-Bentkus,24.199306,0.18067907904086686,0.17757947772736832,539,1642,3633,842
91,0.2,0.5,IID-normal,23.81492,0.1853808872880279,0.18296389891759934,546,1667,3756,855
91,0.2,0.5,Empirical Bernstein,24.589896,0.1766947752518708,0.17256597672963417,517,1571,3492,818
91,0.2,0.5,Platt calibration,23.81492,0.1853808872880279,0.18296389891759934,546,1667,3756,855
91,0.2,0.5,Isotonic calibration,24.98679,0.1755898890104517,0.1704250657254317,510,1529,3404,809
91,0.2,0.1,Multilabel,24.199306,0.18067907904086686,0.17757947772736832,539,1642,3633,842
91,0.2,0.1,Hoeffding/LTT,24.98679,0.1755898890104517,0.1704250657254317,510,1529,3404,809
91,0.2,0.1,Hoeffding-Bentkus,24.589896,0.1766947752518708,0.17256597672963417,517,1571,3492,818
91,0.2,0.1,IID-normal,24.199306,0.18067907904086686,0.17757947772736832,539,1642,3633,842
91,0.2,0.1,Empirical Bernstein,24.589896,0.1766947752518708,0.17256597672963417,517,1571,3492,818
91,0.2,0.1,Platt calibration,23.81492,0.1853808872880279,0.18296389891759934,546,1667,3756,855
91,0.2,0.1,Isotonic calibration,24.98679,0.1755898890104517,0.1704250657254317,510,1529,3404,809
92,0.05,0.5,Multilabel,55.641604,0.05354335362610083,0.04790529399785849,169,511,864,274
92,0.05,0.5,Hoeffding/LTT,61.252292,0.04281478416770101,0.03936799164416767,162,454,706,248
92,0.05,0.5,Hoeffding-Bentkus,58.379583,0.04890901747542211,0.04408210656313843,165,482,786,262
92,0.05,0.5,IID-normal,55.641604,0.05354335362610083,0.04790529399785849,169,511,864,274
92,0.05,0.5,Empirical Bernstein,60.27935,0.04612122465866777,0.04234048702940964,163,456,729,256
92,0.05,0.5,Platt calibration,47.40911,0.07050702366176094,0.061902626963325,199,604,1146,334
92,0.05,0.5,Isotonic calibration,55.641604,0.05354335362610083,0.04790529399785849,169,511,864,274
92,0.05,0.1,Multilabel,58.379583,0.04890901747542211,0.04408210656313843,165,482,786,262
92,0.05,0.1,Hoeffding/LTT,66.35769,0.0307405875051717,0.027580158839642904,148,353,514,209
92,0.05,0.1,Hoeffding-Bentkus,60.27935,0.04612122465866777,0.04234048702940964,163,456,729,256
92,0.05,0.1,IID-normal,58.379583,0.04890901747542211,0.04408210656313843,165,482,786,262
92,0.05,0.1,Empirical Bernstein,61.252292,0.04281478416770101,0.03936799164416767,162,454,706,248
92,0.05,0.1,Platt calibration,47.40911,0.07050702366176094,0.061902626963325,199,604,1146,334
92,0.05,0.1,Isotonic calibration,55.641604,0.05354335362610083,0.04790529399785849,169,511,864,274
92,0.1,0.5,Multilabel,35.538059,0.10263986576564152,0.09504633370338986,286,906,1924,461
92,0.1,0.5,Hoeffding/LTT,37.286795,0.09115327278339276,0.08379010131665669,270,832,1704,425
92,0.1,0.5,Hoeffding-Bentkus,36.694525,0.09624616637442453,0.08882297941478517,276,857,1802,437
92,0.1,0.5,IID-normal,35.538059,0.10263986576564152,0.09504633370338986,286,906,1924,461
92,0.1,0.5,Empirical Bernstein,37.286795,0.09115327278339276,0.08379010131665669,270,832,1704,425
92,0.1,0.5,Platt calibration,33.33332,0.11097402000380902,0.1037641207216321,334,1010,2115,519
92,0.1,0.5,Isotonic calibration,36.694525,0.09624616637442453,0.08882297941478517,276,857,1802,437
92,0.1,0.1,Multilabel,36.694525,0.09624616637442453,0.08882297941478517,276,857,1802,437
92,0.1,0.1,Hoeffding/LTT,39.121582,0.08703627085919184,0.07965346068532715,256,791,1592,405
92,0.1,0.1,Hoeffding-Bentkus,37.286795,0.09115327278339276,0.08379010131665669,270,832,1704,425
92,0.1,0.1,IID-normal,36.694525,0.09624616637442453,0.08882297941478517,276,857,1802,437
92,0.1,0.1,Empirical Bernstein,37.286795,0.09115327278339276,0.08379010131665669,270,832,1704,425
92,0.1,0.1,Platt calibration,33.33332,0.11097402000380902,0.1037641207216321,334,1010,2115,519
92,0.1,0.1,Isotonic calibration,36.694525,0.09624616637442453,0.08882297941478517,276,857,1802,437
92,0.2,0.5,Multilabel,23.81492,0.19425375273375636,0.18452994496949746,566,1667,3788,881
92,0.2,0.5,Hoeffding/LTT,24.589896,0.18215220282866124,0.17348535612707952,544,1590,3522,842
92,0.2,0.5,Hoeffding-Bentkus,24.199306,0.1866881182303193,0.17877688787814322,560,1639,3646,864
92,0.2,0.5,IID-normal,23.81492,0.19425375273375636,0.18452994496949746,566,1667,3788,881
92,0.2,0.5,Empirical Bernstein,24.589896,0.18215220282866124,0.17348535612707952,544,1590,3522,842
92,0.2,0.5,Platt calibration,23.81492,0.19425375273375636,0.18452994496949746,566,1667,3788,881
92,0.2,0.5,Isotonic calibration,24.98679,0.17989641604660223,0.1711793778209633,525,1541,3424,821
92,0.2,0.1,Multilabel,24.199306,0.1866881182303193,0.17877688787814322,560,1639,3646,864
92,0.2,0.1,Hoeffding/LTT,24.98679,0.17989641604660223,0.1711793778209633,525,1541,3424,821
92,0.2,0.1,Hoeffding-Bentkus,24.589896,0.18215220282866124,0.17348535612707952,544,1590,3522,842
92,0.2,0.1,IID-normal,24.199306,0.1866881182303193,0.17877688787814322,560,1639,3646,864
92,0.2,0.1,Empirical Bernstein,24.589896,0.18215220282866124,0.17348535612707952,544,1590,3522,842
92,0.2,0.1,Platt calibration,23.81492,0.19425375273375636,0.18452994496949746,566,1667,3788,881
92,0.2,0.1,Isotonic calibration,24.98679,0.17989641604660223,0.1711793778209633,525,1541,3424,821
93,0.05,0.5,Multilabel,55.641604,0.052397206296668435,0.04684275006733277,187,518,910,284
93,0.05,0.5,Hoeffding/LTT,61.252292,0.043383178674862584,0.038473615408365025,178,463,754,260
93,0.05,0.5,Hoeffding-Bentkus,57.452272,0.05087968162026913,0.04514596430377918,185,499,865,281
93,0.05,0.5,IID-normal,55.641604,0.052397206296668435,0.04684275006733277,187,518,910,284
93,0.05,0.5,Empirical Bernstein,58.379583,0.048989794511101914,0.0431667093654954,180,490,833,273
93,0.05,0.5,Platt calibration,48.17432,0.06586283665307249,0.05976308719100828,215,610,1139,333
93,0.05,0.5,Isotonic calibration,53.032035,0.05838209508048151,0.05394964165829112,192,534,969,300
93,0.05,0.1,Multilabel,58.379583,0.048989794511101914,0.0431667093654954,180,490,833,273
93,0.05,0.1,Hoeffding/LTT,66.35769,0.03273341608054062,0.02749968797009768,153,355,549,216
93,0.05,0.1,Hoeffding-Bentkus,58.379583,0.048989794511101914,0.0431667093654954,180,490,833,273
93,0.05,0.1,IID-normal,58.379583,0.048989794511101914,0.0431667093654954,180,490,833,273
93,0.05,0.1,Empirical Bernstein,61.252292,0.043383178674862584,0.038473615408365025,178,463,754,260
93,0.05,0.1,Platt calibration,48.17432,0.06586283665307249,0.05976308719100828,215,610,1139,333
93,0.05,0.1,Isotonic calibration,53.032035,0.05838209508048151,0.05394964165829112,192,534,969,300
93,0.1,0.5,Multilabel,36.111663,0.09524055795259767,0.0903668157841147,302,938,1884,455
93,0.1,0.5,Hoeffding/LTT,37.286795,0.08833280795423948,0.0822669574566388,289,876,1735,431
93,0.1,0.5,Hoeffding-Bentkus,36.694525,0.09285632195230871,0.08745289443316757,293,904,1830,441
93,0.1,0.5,IID-normal,36.111663,0.09524055795259767,0.0903668157841147,302,938,1884,455
93,0.1,0.5,Empirical Bernstein,36.694525,0.09285632195230871,0.08745289443316757,293,904,1830,441
93,0.1,0.5,Platt calibration,33.33332,0.10527201502584208,0.10268022737673724,356,1057,2132,524
93,0.1,0.5,Isotonic calibration,36.111663,0.09524055795259767,0.0903668157841147,302,938,1884,455
93,0.1,0.1,Multilabel,36.694525,0.09285632195230871,0.08745289443316757,293,904,1830,441
93,0.1,0.1,Hoeffding/LTT,39.121582,0.08409956590552371,0.0778837037183016,277,828,1612,413
93,0.1,0.1,Hoeffding-Bentkus,37.286795,0.08833280795423948,0.0822669574566388,289,876,1735,431
93,0.1,0.1,IID-normal,36.694525,0.09285632195230871,0.08745289443316757,293,904,1830,441
93,0.1,0.1,Empirical Bernstein,37.286795,0.08833280795423948,0.0822669574566388,289,876,1735,431
93,0.1,0.1,Platt calibration,33.33332,0.10527201502584208,0.10268022737673724,356,1057,2132,524
93,0.1,0.1,Isotonic calibration,36.111663,0.09524055795259767,0.0903668157841147,302,938,1884,455
93,0.2,0.5,Multilabel,23.81492,0.1873745645256877,0.18424696331109275,565,1761,3901,870
93,0.2,0.5,Hoeffding/LTT,24.589896,0.17962797040682849,0.17360218722749457,542,1685,3646,838
93,0.2,0.5,Hoeffding-Bentkus,24.199306,0.18285884969760216,0.17873088471923604,556,1733,3770,856
93,0.2,0.5,IID-normal,23.81492,0.1873745645256877,0.18424696331109275,565,1761,3901,870
93,0.2,0.5,Empirical Bernstein,24.589896,0.17962797040682849,0.17360218722749457,542,1685,3646,838
93,0.2,0.5,Platt calibration,23.81492,0.1873745645256877,0.18424696331109275,565,1761,3901,870
93,0.2,0.5,Isotonic calibration,24.98679,0.17714562881608809,0.171281543018314,527,1635,3548,821
93,0.2,0.1,Multilabel,24.589896,0.17962797040682849,0.17360218722749457,542,1685,3646,838
93,0.2,0.1,Hoeffding/LTT,24.98679,0.17714562881608809,0.171281543018314,527,1635,3548,821
93,0.2,0.1,Hoeffding-Bentkus,24.589896,0.17962797040682849,0.17360218722749457,542,1685,3646,838
93,0.2,0.1,IID-normal,24.589896,0.17962797040682849,0.17360218722749457,542,1685,3646,838
93,0.2,0.1,Empirical Bernstein,24.98679,0.17714562881608809,0.171281543018314,527,1635,3548,821
93,0.2,0.1,Platt calibration,23.81492,0.1873745645256877,0.18424696331109275,565,1761,3901,870
93,0.2,0.1,Isotonic calibration,24.98679,0.17714562881608809,0.171281543018314,527,1635,3548,821
94,0.05,0.5,Multilabel,58.379583,0.0422990917508915,0.04440300468373305,181,476,772,250
94,0.05,0.5,Hoeffding/LTT,62.000847,0.03770514411805268,0.03842993122204048,174,434,683,237
94,0.05,0.5,Hoeffding-Bentkus,60.27935,0.04085889630986859,0.04237234692469897,180,454,726,247
94,0.05,0.5,IID-normal,58.379583,0.0422990917508915,0.04440300468373305,181,476,772,250
94,0.05,0.5,Empirical Bernstein,61.252292,0.03853261619087022,0.03949444586773874,176,450,706,240
94,0.05,0.5,Platt calibration,49.74199,0.056568059577989244,0.06072643845784968,198,550,979,293
94,0.05,0.5,Isotonic calibration,55.641604,0.04646600468900841,0.04790266637762844,188,509,850,263
94,0.05,0.1,Multilabel,60.27935,0.04085889630986859,0.04237234692469897,180,454,726,247
94,0.05,0.1,Hoeffding/LTT,66.35769,0.028203006481864565,0.02785605896379796,154,351,529,199
94,0.05,0.1,Hoeffding-Bentkus,61.252292,0.03853261619087022,0.03949444586773874,176,450,706,240
94,0.05,0.1,IID-normal,60.27935,0.04085889630986859,0.04237234692469897,180,454,726,247
94,0.05,0.1,Empirical Bernstein,62.000847,0.03770514411805268,0.03842993122204048,174,434,683,237
94,0.05,0.1,Platt calibration,49.74199,0.056568059577989244,0.06072643845784968,198,550,979,293
94,0.05,0.1,Isotonic calibration,55.641604,0.04646600468900841,0.04790266637762844,188,509,850,263
94,0.1,0.5,Multilabel,36.694525,0.0845628845939148,0.08859333635509661,287,891,1732,418
94,0.1,0.5,Hoeffding/LTT,37.784172,0.07806230339329222,0.08245817157046291,274,839,1594,396
94,0.1,0.5,Hoeffding-Bentkus,37.286795,0.0788848500371049,0.08329966694913583,282,860,1625,405
94,0.1,0.5,IID-normal,36.694525,0.0845628845939148,0.08859333635509661,287,891,1732,418
94,0.1,0.5,Empirical Bernstein,37.286795,0.0788848500371049,0.08329966694913583,282,860,1625,405
94,0.1,0.5,Platt calibration,33.871338,0.09753465860209758,0.10142258264413044,333,1015,1991,483
94,0.1,0.5,Isotonic calibration,36.694525,0.0845628845939148,0.08859333635509661,287,891,1732,418
94,0.1,0.1,Multilabel,37.286795,0.0788848500371049,0.08329966694913583,282,860,1625,405
94,0.1,0.1,Hoeffding/LTT,40.394661,0.07323571133045689,0.07610984109466659,255,764,1415,373
94,0.1,0.1,Hoeffding-Bentkus,37.784172,0.07806230339329222,0.08245817157046291,274,839,1594,396
94,0.1,0.1,IID-normal,37.286795,0.0788848500371049,0.08329966694913583,282,860,1625,405
94,0.1,0.1,Empirical Bernstein,39.121582,0.07456853241917372,0.07863607897750538,268,814,1519,385
94,0.1,0.1,Platt calibration,33.871338,0.09753465860209758,0.10142258264413044,333,1015,1991,483
94,0.1,0.1,Isotonic calibration,36.694525,0.0845628845939148,0.08859333635509661,287,891,1732,418
94,0.2,0.5,Multilabel,24.199306,0.1744758021176284,0.17824576578370202,570,1708,3634,849
94,0.2,0.5,Hoeffding/LTT,24.589896,0.1696834598861297,0.17270910987214658,554,1650,3515,826
94,0.2,0.5,Hoeffding-Bentkus,24.589896,0.1696834598861297,0.17270910987214658,554,1650,3515,826
94,0.2,0.5,IID-normal,24.199306,0.1744758021176284,0.17824576578370202,570,1708,3634,849
94,0.2,0.5,Empirical Bernstein,24.589896,0.1696834598861297,0.17270910987214658,554,1650,3515,826
94,0.2,0.5,Platt calibration,24.199306,0.1744758021176284,0.17824576578370202,570,1708,3634,849
94,0.2,0.5,Isotonic calibration,25.390091,0.1572346321083818,0.1634528322064331,531,1582,3314,779
94,0.2,0.1,Multilabel,24.589896,0.1696834598861297,0.17270910987214658,554,1650,3515,826
94,0.2,0.1,Hoeffding/LTT,25.390091,0.1572346321083818,0.1634528322064331,531,1582,3314,779
94,0.2,0.1,Hoeffding-Bentkus,24.98679,0.1684579534475492,0.17048393586465774,539,1606,3418,811
94,0.2,0.1,IID-normal,24.589896,0.1696834598861297,0.17270910987214658,554,1650,3515,826
94,0.2,0.1,Empirical Bernstein,25.390091,0.1572346321083818,0.1634528322064331,531,1582,3314,779
94,0.2,0.1,Platt calibration,24.199306,0.1744758021176284,0.17824576578370202,570,1708,3634,849
94,0.2,0.1,Isotonic calibration,25.390091,0.1572346321083818,0.1634528322064331,531,1582,3314,779
95,0.05,0.5,Multilabel,58.379583,0.041040152097247665,0.04447624959764565,180,514,790,254
95,0.05,0.5,Hoeffding/LTT,64.266358,0.03364462044644088,0.036193169501211986,170,423,608,233
95,0.05,0.5,Hoeffding-Bentkus,61.252292,0.0364186220619816,0.039449776323827915,176,490,720,243
95,0.05,0.5,IID-normal,58.379583,0.041040152097247665,0.04447624959764565,180,514,790,254
95,0.05,0.5,Empirical Bernstein,61.252292,0.0364186220619816,0.039449776323827915,176,490,720,243
95,0.05,0.5,Platt calibration,50.544853,0.05682762968654569,0.059758817308134454,202,592,1004,307
95,0.05,0.5,Isotonic calibration,56.53969,0.04365653998463266,0.04737467893765314,184,533,839,263
95,0.05,0.1,Multilabel,61.252292,0.0364186220619816,0.039449776323827915,176,490,720,243
95,0.05,0.1,Hoeffding/LTT,66.35769,0.025989518687077644,0.02776869059114886,161,383,518,208
95,0.05,0.1,Hoeffding-Bentkus,62.000847,0.03559114998916405,0.038334679988701235,175,474,698,241
95,0.05,0.1,IID-normal,61.252292,0.0364186220619816,0.039449776323827915,176,490,720,243
95,0.05,0.1,Empirical Bernstein,64.266358,0.03364462044644088,0.036193169501211986,170,423,608,233
95,0.05,0.1,Platt calibration,50.544853,0.05682762968654569,0.059758817308134454,202,592,1004,307
95,0.05,0.1,Isotonic calibration,56.53969,0.04365653998463266,0.04737467893765314,184,533,839,263
95,0.1,0.5,Multilabel,36.694525,0.08651384702274234,0.08893164245971531,295,963,1845,432
95,0.1,0.5,Hoeffding/LTT,37.784172,0.08177131561492339,0.08278136885875884,286,907,1718,416
95,0.1,0.5,Hoeffding-Bentkus,37.286795,0.08215549907730296,0.0834553534477662,290,926,1752,421
95,0.1,0.5,IID-normal,36.694525,0.08651384702274234,0.08893164245971531,295,963,1845,432
95,0.1,0.5,Empirical Bernstein,37.286795,0.08215549907730296,0.0834553534477662,290,926,1752,421
95,0.1,0.5,Platt calibration,34.41804,0.09211882104931339,0.09822849128615442,331,1080,2052,475
95,0.1,0.5,Isotonic calibration,37.286795,0.08215549907730296,0.0834553534477662,290,926,1752,421
95,0.1,0.1,Multilabel,37.286795,0.08215549907730296,0.0834553534477662,290,926,1752,421
95,0.1,0.1,Hoeffding/LTT,40.394661,0.07615993853064601,0.07675092568871023,265,833,1523,391
95,0.1,0.1,Hoeffding-Bentkus,37.286795,0.08215549907730296,0.0834553534477662,290,926,1752,421
95,0.1,0.1,IID-normal,37.286795,0.08215549907730296,0.0834553534477662,290,926,1752,421
95,0.1,0.1,Empirical Bernstein,39.121582,0.07698675387959625,0.07894723300641358,280,888,1629,403
95,0.1,0.1,Platt calibration,34.41804,0.09211882104931339,0.09822849128615442,331,1080,2052,475
95,0.1,0.1,Isotonic calibration,37.286795,0.08215549907730296,0.0834553534477662,290,926,1752,421
95,0.2,0.5,Multilabel,24.199306,0.1791369829369659,0.17925790304860847,593,1846,3800,876
95,0.2,0.5,Hoeffding/LTT,24.589896,0.1729320523514225,0.1743607969372375,570,1778,3654,843
95,0.2,0.5,Hoeffding-Bentkus,24.589896,0.1729320523514225,0.1743607969372375,570,1778,3654,843
95,0.2,0.5,IID-normal,24.199306,0.1791369829369659,0.17925790304860847,593,1846,3800,876
95,0.2,0.5,Empirical Bernstein,24.98679,0.16990442099321604,0.17202076905230684,556,1738,3561,825
95,0.2,0.5,Platt calibration,24.199306,0.1791369829369659,0.17925790304860847,593,1846,3800,876
95,0.2,0.5,Isotonic calibration,25.390091,0.1646329134358169,0.16487433874406113,544,1703,3457,806
95,0.2,0.1,Multilabel,24.589896,0.1729320523514225,0.1743607969372375,570,1778,3654,843
95,0.2,0.1,Hoeffding/LTT,25.390091,0.1646329134358169,0.16487433874406113,544,1703,3457,806
95,0.2,0.1,Hoeffding-Bentkus,24.98679,0.16990442099321604,0.17202076905230684,556,1738,3561,825
95,0.2,0.1,IID-normal,24.589896,0.1729320523514225,0.1743607969372375,570,1778,3654,843
95,0.2,0.1,Empirical Bernstein,25.390091,0.1646329134358169,0.16487433874406113,544,1703,3457,806
95,0.2,0.1,Platt calibration,24.199306,0.1791369829369659,0.17925790304860847,593,1846,3800,876
95,0.2,0.1,Isotonic calibration,25.390091,0.1646329134358169,0.16487433874406113,544,1703,3457,806
96,0.05,0.5,Multilabel,58.379583,0.04387079614634434,0.04437705693396133,152,398,681,238
96,0.05,0.5,Hoeffding/LTT,63.245541,0.03614279803770909,0.03707243692069185,150,338,542,223
96,0.05,0.5,Hoeffding-Bentkus,60.27935,0.04149673936599877,0.042529347233444356,152,384,634,234
96,0.05,0.5,IID-normal,58.379583,0.04387079614634434,0.04437705693396133,152,398,681,238
96,0.05,0.5,Empirical Bernstein,61.252292,0.03845577949839431,0.03952959028831563,150,382,611,227
96,0.05,0.5,Platt calibration,51.360675,0.0560577851330851,0.058138396757516635,176,460,867,285
96,0.05,0.5,Isotonic calibration,55.641604,0.047160982721595045,0.047957189497401936,162,436,758,255
96,0.05,0.1,Multilabel,61.252292,0.03845577949839431,0.03952959028831563,150,382,611,227
96,0.05,0.1,Hoeffding/LTT,66.35769,0.02654116673562267,0.028166446603472402,133,284,424,184
96,0.05,0.1,Hoeffding-Bentkus,61.252292,0.03845577949839431,0.03952959028831563,150,382,611,227
96,0.05,0.1,IID-normal,61.252292,0.03845577949839431,0.03952959028831563,150,382,611,227
96,0.05,0.1,Empirical Bernstein,63.245541,0.03614279803770909,0.03707243692069185,150,338,542,223
96,0.05,0.1,Platt calibration,51.360675,0.0560577851330851,0.058138396757516635,176,460,867,285
96,0.05,0.1,Isotonic calibration,55.641604,0.047160982721595045,0.047957189497401936,162,436,758,255
96,0.1,0.5,Multilabel,36.694525,0.08947156714016458,0.09055764670332198,269,789,1655,423
96,0.1,0.5,Hoeffding/LTT,39.121582,0.07882722251774796,0.08050513809239151,246,716,1434,385
96,0.1,0.5,Hoeffding-Bentkus,37.286795,0.08338931904302198,0.08550407609588187,262,762,1557,408
96,0.1,0.5,IID-normal,36.694525,0.08947156714016458,0.09055764670332198,269,789,1655,423
96,0.1,0.5,Empirical Bernstein,37.888624,0.08235103860879617,0.08453957524518982,253,741,1524,396
96,0.1,0.5,Platt calibration,34.41804,0.09761428637100958,0.09990896390744644,306,886,1854,469
96,0.1,0.5,Isotonic calibration,37.286795,0.08338931904302198,0.08550407609588187,262,762,1557,408
96,0.1,0.1,Multilabel,37.286795,0.08338931904302198,0.08550407609588187,262,762,1557,408
96,0.1,0.1,Hoeffding/LTT,41.709169,0.07602136979464245,0.07698467440500825,220,643,1264,361
96,0.1,0.1,Hoeffding-Bentkus,39.121582,0.07882722251774796,0.08050513809239151,246,716,1434,385
96,0.1,0.1,IID-normal,37.286795,0.08338931904302198,0.08550407609588187,262,762,1557,408
96,0.1,0.1,Empirical Bernstein,39.121582,0.07882722251774796,0.08050513809239151,246,716,1434,385
96,0.1,0.1,Platt calibration,34.41804,0.09761428637100958,0.09990896390744644,306,886,1854,469
96,0.1,0.1,Isotonic calibration,37.286795,0.08338931904302198,0.08550407609588187,262,762,1557,408
96,0.2,0.5,Multilabel,24.199306,0.18363844670855065,0.18184308235248325,548,1606,3560,845
96,0.2,0.5,Hoeffding/LTT,24.98679,0.17464588633910108,0.17419444739592346,514,1509,3327,799
96,0.2,0.5,Hoeffding-Bentkus,24.589896,0.17810663512463262,0.17664295916985942,530,1545,3416,819
96,0.2,0.5,IID-normal,24.199306,0.18363844670855065,0.18184308235248325,548,1606,3560,845
96,0.2,0.5,Empirical Bernstein,24.98679,0.17464588633910108,0.17419444739592346,514,1509,3327,799
96,0.2,0.5,Platt calibration,24.589896,0.17810663512463262,0.17664295916985942,530,1545,3416,819
96,0.2,0.5,Isotonic calibration,25.799901,0.16486792984517437,0.16446418306330018,495,1443,3154,764
96,0.2,0.1,Multilabel,24.589896,0.17810663512463262,0.17664295916985942,530,1545,3416,819
96,0.2,0.1,Hoeffding/LTT,25.390091,0.16848580153813913,0.16728600085097534,502,1476,3233,778
96,0.2,0.1,Hoeffding-Bentkus,24.98679,0.17464588633910108,0.17419444739592346,514,1509,3327,799
96,0.2,0.1,IID-normal,24.589896,0.17810663512463262,0.17664295916985942,530,1545,3416,819
96,0.2,0.1,Empirical Bernstein,25.390091,0.16848580153813913,0.16728600085097534,502,1476,3233,778
96,0.2,0.1,Platt calibration,24.589896,0.17810663512463262,0.17664295916985942,530,1545,3416,819
96,0.2,0.1,Isotonic calibration,25.799901,0.16486792984517437,0.16446418306330018,495,1443,3154,764
97,0.05,0.5,Multilabel,55.641604,0.050111807238410466,0.04731424367236203,175,518,900,267
97,0.05,0.5,Hoeffding/LTT,61.252292,0.04020430679512185,0.03893574811632475,166,456,732,240
97,0.05,0.5,Hoeffding-Bentkus,57.452272,0.04936461965837224,0.04564669018386772,173,497,848,264
97,0.05,0.5,IID-normal,55.641604,0.050111807238410466,0.04731424367236203,175,518,900,267
97,0.05,0.5,Empirical Bernstein,60.27935,0.04331422266879445,0.042140130986868474,167,458,757,247
97,0.05,0.5,Platt calibration,48.17432,0.06338780857812715,0.059915817616879835,199,604,1125,311
97,0.05,0.5,Isotonic calibration,53.888001,0.05500965384084954,0.051347969178014694,179,524,932,281
97,0.05,0.1,Multilabel,58.379583,0.04529523021455169,0.04367252625977967,168,485,808,251
97,0.05,0.1,Hoeffding/LTT,66.35769,0.028844297338298165,0.027683621386201056,150,356,539,203
97,0.05,0.1,Hoeffding-Bentkus,61.252292,0.04020430679512185,0.03893574811632475,166,456,732,240
97,0.05,0.1,IID-normal,58.379583,0.04529523021455169,0.04367252625977967,168,485,808,251
97,0.05,0.1,Empirical Bernstein,61.252292,0.04020430679512185,0.03893574811632475,166,456,732,240
97,0.05,0.1,Platt calibration,48.17432,0.06338780857812715,0.059915817616879835,199,604,1125,311
97,0.05,0.1,Isotonic calibration,53.888001,0.05500965384084954,0.051347969178014694,179,524,932,281
97,0.1,0.5,Multilabel,35.538059,0.10122331238384197,0.09484384271941175,282,918,1948,452
97,0.1,0.5,Hoeffding/LTT,37.286795,0.08527625089478627,0.08318438011154247,263,848,1731,400
97,0.1,0.5,Hoeffding-Bentkus,36.694525,0.09174333917817576,0.08850520159321375,271,875,1824,419
97,0.1,0.5,IID-normal,35.538059,0.10122331238384197,0.09484384271941175,282,918,1948,452
97,0.1,0.5,Empirical Bernstein,37.286795,0.08527625089478627,0.08318438011154247,263,848,1731,400
97,0.1,0.5,Platt calibration,33.33332,0.10996135180040846,0.10448885122633225,328,1015,2132,510
97,0.1,0.5,Isotonic calibration,36.111663,0.09659160312863249,0.09157776551555002,276,897,1872,435
97,0.1,0.1,Multilabel,36.694525,0.09174333917817576,0.08850520159321375,271,875,1824,419
97,0.1,0.1,Hoeffding/LTT,39.753026,0.08011029677351562,0.07826109567384225,248,775,1540,380
97,0.1,0.1,Hoeffding-Bentkus,37.286795,0.08527625089478627,0.08318438011154247,263,848,1731,400
97,0.1,0.1,IID-normal,36.694525,0.09174333917817576,0.08850520159321375,271,875,1824,419
97,0.1,0.1,Empirical Bernstein,37.286795,0.08527625089478627,0.08318438011154247,263,848,1731,400
97,0.1,0.1,Platt calibration,33.33332,0.10996135180040846,0.10448885122633225,328,1015,2132,510
97,0.1,0.1,Isotonic calibration,36.111663,0.09659160312863249,0.09157776551555002,276,897,1872,435
97,0.2,0.5,Multilabel,23.81492,0.1943555564907995,0.18512517770537026,557,1681,3912,870
97,0.2,0.5,Hoeffding/LTT,24.199306,0.18796599147483814,0.17931185952809628,549,1651,3760,851
97,0.2,0.5,Hoeffding-Bentkus,24.199306,0.18796599147483814,0.17931185952809628,549,1651,3760,851
97,0.2,0.5,IID-normal,23.81492,0.1943555564907995,0.18512517770537026,557,1681,3912,870
97,0.2,0.5,Empirical Bernstein,24.589896,0.1835560120934552,0.17449706341551463,532,1598,3627,829
97,0.2,0.5,Platt calibration,23.81492,0.1943555564907995,0.18512517770537026,557,1681,3912,870
97,0.2,0.5,Isotonic calibration,24.98679,0.18034967721562672,0.17214891379532749,519,1563,3534,811
97,0.2,0.1,Multilabel,24.199306,0.18796599147483814,0.17931185952809628,549,1651,3760,851
97,0.2,0.1,Hoeffding/LTT,24.98679,0.18034967721562672,0.17214891379532749,519,1563,3534,811
97,0.2,0.1,Hoeffding-Bentkus,24.589896,0.1835560120934552,0.17449706341551463,532,1598,3627,829
97,0.2,0.1,IID-normal,24.199306,0.18796599147483814,0.17931185952809628,549,1651,3760,851
97,0.2,0.1,Empirical Bernstein,24.589896,0.1835560120934552,0.17449706341551463,532,1598,3627,829
97,0.2,0.1,Platt calibration,23.81492,0.1943555564907995,0.18512517770537026,557,1681,3912,870
97,0.2,0.1,Isotonic calibration,24.98679,0.18034967721562672,0.17214891379532749,519,1563,3534,811
98,0.05,0.5,Multilabel,58.379583,0.042488720767578855,0.04468021861800314,144,412,674,227
98,0.05,0.5,Hoeffding/LTT,64.266358,0.033474200602872504,0.0362125482004086,134,329,502,202
98,0.05,0.5,Hoeffding-Bentkus,60.27935,0.04132434935082846,0.04274711126000959,143,389,629,224
98,0.05,0.5,IID-normal,58.379583,0.042488720767578855,0.04468021861800314,144,412,674,227
98,0.05,0.5,Empirical Bernstein,61.252292,0.03660775853576846,0.039609404252803335,142,387,601,214
98,0.05,0.5,Platt calibration,52.565611,0.05522588017416317,0.05668499431777125,148,445,826,258
98,0.05,0.5,Isotonic calibration,56.53969,0.04574935476880036,0.04747682767409626,146,429,724,236
98,0.05,0.1,Multilabel,61.252292,0.03660775853576846,0.039609404252803335,142,387,601,214
98,0.05,0.1,Hoeffding/LTT,66.35769,0.022914080816439114,0.027780186429655324,123,292,421,167
98,0.05,0.1,Hoeffding-Bentkus,62.000847,0.03564237445081467,0.038498906253079244,142,377,585,213
98,0.05,0.1,IID-normal,61.252292,0.03660775853576846,0.039609404252803335,142,387,601,214
98,0.05,0.1,Empirical Bernstein,63.245541,0.03441889788600588,0.036895401007692355,140,339,530,210
98,0.05,0.1,Platt calibration,52.565611,0.05522588017416317,0.05668499431777125,148,445,826,258
98,0.05,0.1,Isotonic calibration,56.53969,0.04574935476880036,0.04747682767409626,146,429,724,236
98,0.1,0.5,Multilabel,37.286795,0.08095681383848533,0.08503312991173385,266,786,1595,413
98,0.1,0.5,Hoeffding/LTT,39.121582,0.07371988100163523,0.0799525167127595,244,732,1454,377
98,0.1,0.5,Hoeffding-Bentkus,37.286795,0.08095681383848533,0.08503312991173385,266,786,1595,413
98,0.1,0.5,IID-normal,37.286795,0.08095681383848533,0.08503312991173385,266,786,1595,413
98,0.1,0.5,Empirical Bernstein,39.121582,0.07371988100163523,0.0799525167127595,244,732,1454,377
98,0.1,0.5,Platt calibration,34.41804,0.09541147033906654,0.09881844676988835,298,903,1878,464
98,0.1,0.5,Isotonic calibration,37.286795,0.08095681383848533,0.08503312991173385,266,786,1595,413
98,0.1,0.1,Multilabel,37.286795,0.08095681383848533,0.08503312991173385,266,786,1595,413
98,0.1,0.1,Hoeffding/LTT,43.066453,0.06859349449337036,0.07393105124516353,195,567,1145,326
98,0.1,0.1,Hoeffding-Bentkus,39.121582,0.07371988100163523,0.0799525167127595,244,732,1454,377
98,0.1,0.1,IID-normal,37.286795,0.08095681383848533,0.08503312991173385,266,786,1595,413
98,0.1,0.1,Empirical Bernstein,40.394661,0.0715080350165166,0.07779201072069052,224,674,1337,357
98,0.1,0.1,Platt calibration,34.41804,0.09541147033906654,0.09881844676988835,298,903,1878,464
98,0.1,0.1,Isotonic calibration,37.286795,0.08095681383848533,0.08503312991173385,266,786,1595,413
98,0.2,0.5,Multilabel,24.589896,0.17285650729242688,0.1749163954667959,524,1572,3488,808
98,0.2,0.5,Hoeffding/LTT,24.98679,0.1712739968042482,0.17260519675609384,509,1524,3390,794
98,0.2,0.5,Hoeffding-Bentkus,24.589896,0.17285650729242688,0.1749163954667959,524,1572,3488,808
98,0.2,0.5,IID-normal,24.589896,0.17285650729242688,0.1749163954667959,524,1572,3488,808
98,0.2,0.5,Empirical Bernstein,24.98679,0.1712739968042482,0.17260519675609384,509,1524,3390,794
98,0.2,0.5,Platt calibration,24.589896,0.17285650729242688,0.1749163954667959,524,1572,3488,808
98,0.2,0.5,Isotonic calibration,25.390091,0.16314515832787146,0.16597025163653015,497,1497,3279,768
98,0.2,0.1,Multilabel,24.589896,0.17285650729242688,0.1749163954667959,524,1572,3488,808
98,0.2,0.1,Hoeffding/LTT,25.390091,0.16314515832787146,0.16597025163653015,497,1497,3279,768
98,0.2,0.1,Hoeffding-Bentkus,25.390091,0.16314515832787146,0.16597025163653015,497,1497,3279,768
98,0.2,0.1,IID-normal,24.589896,0.17285650729242688,0.1749163954667959,524,1572,3488,808
98,0.2,0.1,Empirical Bernstein,25.390091,0.16314515832787146,0.16597025163653015,497,1497,3279,768
98,0.2,0.1,Platt calibration,24.589896,0.17285650729242688,0.1749163954667959,524,1572,3488,808
98,0.2,0.1,Isotonic calibration,25.390091,0.16314515832787146,0.16597025163653015,497,1497,3279,768
99,0.05,0.5,Multilabel,58.379583,0.04162529306302579,0.04477842592410119,166,470,762,246
99,0.05,0.5,Hoeffding/LTT,64.266358,0.03422286581161219,0.036456259976745564,157,380,599,224
99,0.05,0.5,Hoeffding-Bentkus,61.252292,0.03757511279232421,0.039671481780738226,164,443,698,236
99,0.05,0.5,IID-normal,58.379583,0.04162529306302579,0.04477842592410119,166,470,762,246
99,0.05,0.5,Empirical Bernstein,61.252292,0.03757511279232421,0.039671481780738226,164,443,698,236
99,0.05,0.5,Platt calibration,50.544853,0.057142364599956655,0.05993338982716828,189,555,971,300
99,0.05,0.5,Isotonic calibration,55.641604,0.04428995015465847,0.04844641953898403,172,506,839,257
99,0.05,0.1,Multilabel,61.252292,0.03757511279232421,0.039671481780738226,164,443,698,236
99,0.05,0.1,Hoeffding/LTT,66.35769,0.02598262308647083,0.028338884181069307,146,336,497,197
99,0.05,0.1,Hoeffding-Bentkus,61.252292,0.03757511279232421,0.039671481780738226,164,443,698,236
99,0.05,0.1,IID-normal,61.252292,0.03757511279232421,0.039671481780738226,164,443,698,236
99,0.05,0.1,Empirical Bernstein,64.266358,0.03422286581161219,0.036456259976745564,157,380,599,224
99,0.05,0.1,Platt calibration,50.544853,0.057142364599956655,0.05993338982716828,189,555,971,300
99,0.05,0.1,Isotonic calibration,55.641604,0.04428995015465847,0.04844641953898403,172,506,839,257
99,0.1,0.5,Multilabel,36.694525,0.08732703535144577,0.08914305640405794,284,893,1747,429
99,0.1,0.5,Hoeffding/LTT,37.784172,0.0805427494401429,0.08349991350750076,271,851,1632,406
99,0.1,0.5,Hoeffding-Bentkus,37.286795,0.08149237215228114,0.08403332041420053,279,869,1661,416
99,0.1,0.5,IID-normal,36.694525,0.08732703535144577,0.08914305640405794,284,893,1747,429
99,0.1,0.5,Empirical Bernstein,37.286795,0.08149237215228114,0.08403332041420053,279,869,1661,416
99,0.1,0.5,Platt calibration,33.871338,0.0993637987535381,0.10192314429795463,329,1020,2005,496
99,0.1,0.5,Isotonic calibration,36.694525,0.08732703535144577,0.08914305640405794,284,893,1747,429
99,0.1,0.1,Multilabel,37.286795,0.08149237215228114,0.08403332041420053,279,869,1661,416
99,0.1,0.1,Hoeffding/LTT,41.709169,0.07235832824372336,0.07623563841318015,238,738,1351,366
99,0.1,0.1,Hoeffding-Bentkus,37.784172,0.0805427494401429,0.08349991350750076,271,851,1632,406
99,0.1,0.1,IID-normal,37.286795,0.08149237215228114,0.08403332041420053,279,869,1661,416
99,0.1,0.1,Empirical Bernstein,39.121582,0.0763952098561118,0.07956182242980424,261,820,1531,390
99,0.1,0.1,Platt calibration,33.871338,0.0993637987535381,0.10192314429795463,329,1020,2005,496
99,0.1,0.1,Isotonic calibration,36.694525,0.08732703535144577,0.08914305640405794,284,893,1747,429
99,0.2,0.5,Multilabel,24.199306,0.17848775425833763,0.17966258050103287,567,1749,3684,864
99,0.2,0.5,Hoeffding/LTT,24.589896,0.1729785861405638,0.1745775065199448,547,1686,3545,835
99,0.2,0.5,Hoeffding-Bentkus,24.589896,0.1729785861405638,0.1745775065199448,547,1686,3545,835
99,0.2,0.5,IID-normal,24.199306,0.17848775425833763,0.17966258050103287,567,1749,3684,864
99,0.2,0.5,Empirical Bernstein,24.589896,0.1729785861405638,0.1745775065199448,547,1686,3545,835
99,0.2,0.5,Platt calibration,24.199306,0.17848775425833763,0.17966258050103287,567,1749,3684,864
99,0.2,0.5,Isotonic calibration,25.390091,0.15982289959844778,0.16522343957862445,520,1608,3329,787
99,0.2,0.1,Multilabel,24.589896,0.1729785861405638,0.1745775065199448,547,1686,3545,835
99,0.2,0.1,Hoeffding/LTT,25.390091,0.15982289959844778,0.16522343957862445,520,1608,3329,787
99,0.2,0.1,Hoeffding-Bentkus,24.98679,0.1693555002667539,0.172375025596261,534,1639,3437,818
99,0.2,0.1,IID-normal,24.589896,0.1729785861405638,0.1745775065199448,547,1686,3545,835
99,0.2,0.1,Empirical Bernstein,25.390091,0.15982289959844778,0.16522343957862445,520,1608,3329,787
99,0.2,0.1,Platt calibration,24.199306,0.17848775425833763,0.17966258050103287,567,1749,3684,864
99,0.2,0.1,Isotonic calibration,25.390091,0.15982289959844778,0.16522343957862445,520,1608,3329,787
