repeat,alpha,delta,arm,label,fdp,pool_risk,correct,total,units,supp_units,frontier,frontier_all
0,0.05,0.5,global-coarse,global_62.0008,0.0363989203459621,0.0383786926275545,437,672,239,172,437,437
0,0.05,0.5,global-dense,global_56.5397,0.0432822073802628,0.0468496475704366,518,824,262,184,518,518
0,0.05,0.5,goco-M,adapt_62.0008_to_52.5656_q0.75,0.0430640108753472,0.0467729539049721,554,897,264,190,489,517
0,0.05,0.5,goco-N,top3426,0.0456833540201351,0.0457557364234147,760,987,510,430,530,533
0,0.05,0.1,global-coarse,global_62.0008,0.0363989203459621,0.0383786926275545,437,672,239,172,437,437
0,0.05,0.1,global-dense,global_59.3219,0.0401816498216994,0.0436559394070774,481,748,249,176,481,481
0,0.05,0.1,goco-M,adapt_62.0008_to_52.5656_q0.6,0.0408574186811671,0.0422711835458421,545,870,257,187,489,489
0,0.05,0.1,goco-N,top3426,0.0456833540201351,0.0457557364234147,760,987,510,430,530,533
0,0.1,0.5,global-coarse,global_37.7842,0.0789603732818461,0.0825551745506221,882,1650,407,280,882,883
0,0.1,0.5,global-dense,global_34.418,0.0927297384268836,0.0962573381769133,1027,1971,466,319,1027,1033
0,0.1,0.5,goco-M,adapt_37.7842_to_32.0342_q0.75,0.0915241575874592,0.0924328916741663,1098,2121,472,339,952,981
0,0.1,0.5,goco-N,top6525,0.0953728235172173,0.0973915490936094,1368,1918,846,691,1027,1056
0,0.1,0.1,global-coarse,global_37.7842,0.0789603732818461,0.0825551745506221,882,1650,407,280,882,883
0,0.1,0.1,global-dense,global_35.5381,0.091553053437621,0.0933937248049539,970,1884,450,302,976,981
0,0.1,0.1,goco-M,adapt_37.7842_to_32.0342_q0.75,0.0915241575874592,0.0924328916741663,1098,2121,472,339,952,981
0,0.1,0.1,goco-N,top5736,0.0837081734061461,0.0854165534500753,1206,1670,772,633,898,919
0,0.2,0.5,global-coarse,global_23.0262,0.1931980378903521,0.1974267858516245,1879,3987,906,595,1879,1896
0,0.2,0.5,global-dense,global_23.0262,0.1931980378903521,0.1974267858516245,1879,3987,906,595,1879,1896
0,0.2,0.5,goco-M,adapt_23.0262_to_19.5221_q0.4,0.1917820157835733,0.1967924252971683,2088,4491,909,620,1875,1876
0,0.2,0.5,goco-N,top12426,0.188883430533158,0.191467414420948,2434,3737,1311,1034,1807,1830
0,0.2,0.1,global-coarse,global_27.1593,0.1428013810305908,0.1447768900831392,1468,2925,717,493,1468,1469
0,0.2,0.1,global-dense,global_23.8149,0.1808589858226014,0.182837243807904,1807,3753,866,576,1807,1807
0,0.2,0.1,goco-M,adapt_27.1593_to_23.0262_q0.75,0.1555495362058554,0.1594061064804141,1824,3764,779,552,1534,1562
0,0.2,0.1,goco-N,top12426,0.188883430533158,0.191467414420948,2434,3737,1311,1034,1807,1830
1,0.05,0.5,global-coarse,global_62.0008,0.0360610359162283,0.0386151784482588,444,663,237,165,444,444
1,0.05,0.5,global-dense,global_55.6416,0.0452316921803889,0.0481839859685079,515,830,264,177,515,518
1,0.05,0.5,goco-M,adapt_62.0008_to_52.5656_q0.75,0.043990976614063,0.0467511118118098,535,880,261,180,482,491
1,0.05,0.5,goco-N,top3012,0.0437939594538684,0.0461856807835563,718,906,511,431,482,491
1,0.05,0.1,global-coarse,global_62.0008,0.0360610359162283,0.0386151784482588,444,663,237,165,444,444
1,0.05,0.1,global-dense,global_58.3796,0.042738932561026,0.0446851454059344,482,763,251,168,482,483
1,0.05,0.1,goco-M,adapt_62.0008_to_52.5656_q0.6,0.0405914455149043,0.041920560471395,523,847,246,171,459,460
1,0.05,0.1,goco-N,top2648,0.0362087987863742,0.0393824435554329,637,793,464,399,444,445
1,0.1,0.5,global-coarse,global_37.7842,0.0849979641560113,0.0841389726442837,850,1651,414,271,850,852
1,0.1,0.5,global-dense,global_34.9736,0.0956818763914337,0.097225178294981,947,1923,453,294,947,951
1,0.1,0.5,goco-M,adapt_37.7842_to_32.0342_q0.75,0.0950937801682526,0.0912693237082808,1049,2111,475,326,942,943
1,0.1,0.5,goco-N,top5736,0.0934723438653931,0.0960769032778965,1244,1669,873,706,926,926
1,0.1,0.1,global-coarse,global_37.7842,0.0849979641560113,0.0841389726442837,850,1651,414,271,850,852
1,0.1,0.1,global-dense,global_36.1117,0.0932452666627263,0.0930853626225401,926,1829,441,286,926,926
1,0.1,0.1,goco-M,adapt_37.7842_to_32.0342_q0.75,0.0950937801682526,0.0912693237082808,1049,2111,475,326,942,943
1,0.1,0.1,goco-N,top5043,0.0811773088769365,0.0833983121919388,1133,1497,810,663,817,835
1,0.2,0.5,global-coarse,global_27.1593,0.1399696623424385,0.1474460400346729,1358,2855,680,454,1358,1365
1,0.2,0.5,global-dense,global_23.4366,0.1873870607503696,0.1953422840995355,1678,3764,855,543,1678,1679
1,0.2,0.5,goco-M,adapt_27.1593_to_23.0262_q0.75,0.1577207970409314,0.1661539138990037,1660,3694,751,511,1505,1505
1,0.2,0.5,goco-N,top10925,0.187706432307177,0.1864207262365628,2198,3216,1366,1049,1678,1685
1,0.2,0.1,global-coarse,global_27.1593,0.1399696623424385,0.1474460400346729,1358,2855,680,454,1358,1365
1,0.2,0.1,global-dense,global_23.8149,0.1771996191293326,0.1856659897236274,1655,3665,826,536,1655,1655
1,0.2,0.1,goco-M,adapt_27.1593_to_23.0262_q0.75,0.1577207970409314,0.1661539138990037,1660,3694,751,511,1505,1505
1,0.2,0.1,goco-N,top10925,0.187706432307177,0.1864207262365628,2198,3216,1366,1049,1678,1685
2,0.05,0.5,global-coarse,global_62.0008,0.0373396772858916,0.0379691123241957,382,610,230,159,382,382
2,0.05,0.5,global-dense,global_55.6416,0.0467039029099434,0.0476468018577275,454,770,257,170,454,456
2,0.05,0.5,goco-M,adapt_62.0008_to_52.5656_q0.75,0.0415484563705498,0.044664124444094,469,791,244,171,394,395
2,0.05,0.5,goco-N,top3012,0.0433112674113915,0.0466064284728928,650,838,499,421,415,426
2,0.05,0.1,global-coarse,global_62.0008,0.0373396772858916,0.0379691123241957,382,610,230,159,382,382
2,0.05,0.1,global-dense,global_57.4523,0.0459350434422838,0.045987459682452,438,736,254,167,438,444
2,0.05,0.1,goco-M,adapt_62.0008_to_52.5656_q0.75,0.0415484563705498,0.044664124444094,469,791,244,171,394,395
2,0.05,0.1,goco-N,top2648,0.0373465728864984,0.039005380052421,589,751,455,388,382,382
2,0.1,0.5,global-coarse,global_37.7842,0.0811551444464146,0.0834117787456179,790,1566,399,268,790,792
2,0.1,0.5,global-dense,global_34.9736,0.0920268797078892,0.0963077556400773,903,1831,452,300,903,903
2,0.1,0.5,goco-M,adapt_37.7842_to_32.0342_q0.75,0.0887492455138297,0.0938233954546549,1030,2031,467,336,845,852
2,0.1,0.5,goco-N,top5736,0.0841496411004065,0.089783484093044,1240,1648,864,715,814,825
2,0.1,0.1,global-coarse,global_37.7842,0.0811551444464146,0.0834117787456179,790,1566,399,268,790,792
2,0.1,0.1,global-dense,global_36.1117,0.0904202047665018,0.09267173140466,874,1752,438,290,874,874
2,0.1,0.1,goco-M,adapt_37.7842_to_32.0342_q0.6,0.0827826703705892,0.0858245661390922,947,1863,433,310,814,823
2,0.1,0.1,goco-N,top5736,0.0841496411004065,0.089783484093044,1240,1648,864,715,814,825
2,0.2,0.5,global-coarse,global_27.1593,0.1377788464466164,0.1471648295451578,1383,2841,693,476,1383,1392
2,0.2,0.5,global-dense,global_23.4366,0.187849238985492,0.1957458661247205,1735,3832,865,563,1735,1743
2,0.2,0.5,goco-M,adapt_27.1593_to_23.0262_q0.75,0.1551072930925202,0.1640456767943573,1735,3762,762,536,1557,1557
2,0.2,0.5,goco-N,top12426,0.1771557672778193,0.1834277576931736,2374,3541,1328,1048,1704,1714
2,0.2,0.1,global-coarse,global_27.1593,0.1377788464466164,0.1471648295451578,1383,2841,693,476,1383,1392
2,0.2,0.1,global-dense,global_23.8149,0.1765824016532843,0.1854050320840658,1704,3705,833,553,1704,1704
2,0.2,0.1,goco-M,adapt_27.1593_to_23.0262_q0.75,0.1551072930925202,0.1640456767943573,1735,3762,762,536,1557,1557
2,0.2,0.1,goco-N,top12426,0.1771557672778193,0.1834277576931736,2374,3541,1328,1048,1704,1714
3,0.05,0.5,global-coarse,global_62.0008,0.0336909194790866,0.0388805680914937,418,628,216,153,418,418
3,0.05,0.5,global-dense,global_56.5397,0.0444318025099986,0.0477057590866392,476,765,245,162,476,476
3,0.05,0.5,goco-M,adapt_62.0008_to_52.5656_q0.75,0.0389384715408712,0.0432478371400981,494,799,228,160,433,434
3,0.05,0.5,goco-N,top3012,0.0431573161817266,0.045999790208322,660,882,474,395,454,467
3,0.05,0.1,global-coarse,global_62.0008,0.0336909194790866,0.0388805680914937,418,628,216,153,418,418
3,0.05,0.1,global-dense,global_58.3796,0.041724786728924,0.0447089582142692,454,716,235,156,454,455
3,0.05,0.1,goco-M,adapt_62.0008_to_52.5656_q0.75,0.0389384715408712,0.0432478371400981,494,799,228,160,433,434
3,0.05,0.1,goco-N,top2648,0.0379834515229633,0.0403449208629233,587,780,425,357,433,433
3,0.1,0.5,global-coarse,global_37.7842,0.0837056957661012,0.0832994479807833,782,1555,390,251,801,807
3,0.1,0.5,global-dense,global_34.418,0.0968171877770553,0.0983537411837867,929,1890,457,297,929,931
3,0.1,0.5,goco-M,adapt_37.7842_to_32.0342_q0.75,0.0935558224242543,0.0932755366366899,979,2000,450,303,851,853
3,0.1,0.5,goco-N,top5736,0.0852883594374786,0.0887731247454185,1236,1735,798,643,801,807
3,0.1,0.1,global-coarse,global_37.7842,0.0837056957661012,0.0832994479807833,782,1555,390,251,801,807
3,0.1,0.1,global-dense,global_36.1117,0.0922005831707941,0.0922419512707828,851,1733,421,266,851,851
3,0.1,0.1,goco-M,adapt_37.7842_to_32.0342_q0.75,0.0935558224242543,0.0932755366366899,979,2000,450,303,851,853
3,0.1,0.1,goco-N,top5736,0.0852883594374786,0.0887731247454185,1236,1735,798,643,801,807
3,0.2,0.5,global-coarse,global_27.1593,0.1421299566520915,0.1479408438161369,1336,2825,689,451,1336,1343
3,0.2,0.5,global-dense,global_23.4366,0.1904176803486197,0.196576782690566,1663,3776,875,548,1663,1663
3,0.2,0.5,goco-M,adapt_27.1593_to_23.0262_q0.75,0.1611454083896989,0.1686437101584274,1677,3746,790,534,1496,1500
3,0.2,0.5,goco-N,top14135,0.1942739928743162,0.1977167060401287,2729,4287,1336,1046,1713,1714
3,0.2,0.1,global-coarse,global_27.1593,0.1421299566520915,0.1479408438161369,1336,2825,689,451,1336,1343
3,0.2,0.1,global-dense,global_23.8149,0.1782052157571729,0.1861812371867297,1639,3664,842,542,1639,1639
3,0.2,0.1,goco-M,adapt_27.1593_to_23.0262_q0.75,0.1611454083896989,0.1686437101584274,1677,3746,790,534,1496,1500
3,0.2,0.1,goco-N,top12426,0.1712244946517533,0.1733018899782523,2464,3781,1243,983,1566,1600
4,0.05,0.5,global-coarse,global_62.0008,0.0390478160647792,0.0398150155358046,462,682,252,176,462,462
4,0.05,0.5,global-dense,global_55.6416,0.0511530429300392,0.0497470915528578,538,862,289,193,538,542
4,0.05,0.5,goco-M,adapt_62.0008_to_52.5656_q0.75,0.0485095651831274,0.0475722431336998,557,906,284,197,501,507
4,0.05,0.5,goco-N,top2328,0.0485450282719624,0.0446774267715087,551,705,543,439,501,507
4,0.05,0.1,global-coarse,global_62.0008,0.0390478160647792,0.0398150155358046,462,682,252,176,462,462
4,0.05,0.1,global-dense,global_58.3796,0.0465315128947731,0.0458977921421017,501,776,271,182,501,501
4,0.05,0.1,goco-M,adapt_62.0008_to_52.5656_q0.6,0.0444411608251078,0.0433118853832055,551,872,272,192,479,480
4,0.05,0.1,goco-N,top2328,0.0485450282719624,0.0446774267715087,551,705,543,439,501,507
4,0.1,0.5,global-coarse,global_37.7842,0.0879634007788745,0.0850322540383238,912,1800,440,307,912,936
4,0.1,0.5,global-dense,global_34.418,0.1058967236046259,0.1007651849078252,1058,2147,511,347,1058,1061
4,0.1,0.5,goco-M,adapt_37.7842_to_32.0342_q0.75,0.0930725482856223,0.0913222294481778,1120,2252,488,361,936,956
4,0.1,0.5,goco-N,top5043,0.1077151919932226,0.1001060901667882,1130,1537,921,714,1058,1061
4,0.1,0.1,global-coarse,global_37.7842,0.0879634007788745,0.0850322540383238,912,1800,440,307,912,936
4,0.1,0.1,global-dense,global_36.1117,0.0975934353882223,0.0941994736000806,992,1988,475,325,992,993
4,0.1,0.1,goco-M,adapt_37.7842_to_32.0342_q0.75,0.0930725482856223,0.0913222294481778,1120,2252,488,361,936,956
4,0.1,0.1,goco-N,top4433,0.0975973757314262,0.0907913406775318,987,1342,857,664,992,993
4,0.2,0.5,global-coarse,global_23.0262,0.2094283655087641,0.2017619222402693,1920,4257,959,619,1920,1932
4,0.2,0.5,global-dense,global_23.0262,0.2094283655087641,0.2017619222402693,1920,4257,959,619,1920,1932
4,0.2,0.5,goco-M,adapt_23.0262_to_19.5221_q0.4,0.2075659272061561,0.2006781646282419,2168,4793,974,655,1861,1875
4,0.2,0.5,goco-N,top10925,0.190474126969296,0.1914583334791395,2256,3341,1352,1059,1792,1796
4,0.2,0.1,global-coarse,global_27.1593,0.1538555661228396,0.1486142641405436,1492,3115,754,510,1492,1497
4,0.2,0.1,global-dense,global_23.4366,0.2065690602646965,0.1974980164058768,1861,4126,937,602,1861,1865
4,0.2,0.1,goco-M,adapt_27.1593_to_23.0262_q0.75,0.1672829471428245,0.1622625495845993,1850,4012,815,566,1559,1565
4,0.2,0.1,goco-N,top10925,0.190474126969296,0.1914583334791395,2256,3341,1352,1059,1792,1796
5,0.05,0.5,global-coarse,global_62.0008,0.0383484051460882,0.0389127564393118,387,638,225,150,387,387
5,0.05,0.5,global-dense,global_54.7578,0.0546146344346592,0.0513783510369246,464,844,268,162,464,464
5,0.05,0.5,goco-M,adapt_62.0008_to_52.5656_q0.75,0.0462793309297239,0.0453607722575856,466,852,238,155,422,427
5,0.05,0.5,goco-N,top3426,0.0506895600606812,0.0480297227641689,713,992,493,407,445,454
5,0.05,0.1,global-coarse,global_62.0008,0.0383484051460882,0.0389127564393118,387,638,225,150,387,387
5,0.05,0.1,global-dense,global_56.5397,0.0506915302322832,0.0474533433182902,456,803,257,159,456,456
5,0.05,0.1,goco-M,adapt_62.0008_to_52.5656_q0.75,0.0462793309297239,0.0453607722575856,466,852,238,155,422,427
5,0.05,0.1,goco-N,top3012,0.0456900854397751,0.0429309899340248,635,874,451,374,422,422
5,0.1,0.5,global-coarse,global_37.7842,0.0866739234654005,0.0841259987693978,766,1625,400,256,766,769
5,0.1,0.5,global-dense,global_34.418,0.1019287979983056,0.0988342672333567,896,1924,469,297,896,899
5,0.1,0.5,goco-M,adapt_37.7842_to_32.0342_q0.75,0.0953632906880734,0.0938487957835454,948,2008,463,320,812,815
5,0.1,0.5,goco-N,top6525,0.1065946718201579,0.1018609174734157,1247,1863,835,656,916,924
5,0.1,0.1,global-coarse,global_37.7842,0.0866739234654005,0.0841259987693978,766,1625,400,256,766,769
5,0.1,0.1,global-dense,global_35.5381,0.09904528767789,0.0963281744389483,850,1844,445,276,850,850
5,0.1,0.1,goco-M,adapt_37.7842_to_32.0342_q0.75,0.0953632906880734,0.0938487957835454,948,2008,463,320,812,815
5,0.1,0.1,goco-N,top5736,0.0932744908748218,0.0886826754429182,1119,1650,759,597,812,815
5,0.2,0.5,global-coarse,global_23.0262,0.2022598139770619,0.2004877907264698,1671,3907,901,563,1671,1672
5,0.2,0.5,global-dense,global_23.0262,0.2022598139770619,0.2004877907264698,1671,3907,901,563,1671,1672
5,0.2,0.5,goco-M,adapt_23.0262_to_19.5221_q0.4,0.2033778641665757,0.1999173971209454,1857,4506,905,587,1671,1676
5,0.2,0.5,goco-N,top12426,0.1996470097731992,0.1923373870194121,2136,3597,1288,986,1605,1640
5,0.2,0.1,global-coarse,global_27.1593,0.1497120713608094,0.1472163820453239,1284,2816,700,453,1284,1293
5,0.2,0.1,global-dense,global_23.8149,0.1865994584821399,0.1863170385486637,1572,3637,839,529,1572,1572
5,0.2,0.1,goco-M,adapt_27.1593_to_23.0262_q0.75,0.1668509048610779,0.1651451490484716,1617,3717,775,517,1414,1444
5,0.2,0.1,goco-N,top12426,0.1996470097731992,0.1923373870194121,2136,3597,1288,986,1605,1640
6,0.05,0.5,global-coarse,global_62.0008,0.040159977934078,0.0387968126966609,399,651,239,163,399,399
6,0.05,0.5,global-dense,global_55.6416,0.0478638414405894,0.0478642374317639,469,816,261,174,469,472
6,0.05,0.5,goco-M,adapt_62.0008_to_52.5656_q0.75,0.0460724629115196,0.0450298563348639,485,857,257,177,436,446
6,0.05,0.5,goco-N,top2328,0.0445248931181905,0.0458224122867521,546,718,471,382,429,435
6,0.05,0.1,global-coarse,global_62.0008,0.040159977934078,0.0387968126966609,399,651,239,163,399,399
6,0.05,0.1,global-dense,global_57.4523,0.0468792481825166,0.0463306925750021,449,773,257,170,449,461
6,0.05,0.1,goco-M,adapt_62.0008_to_52.5656_q0.75,0.0460724629115196,0.0450298563348639,485,857,257,177,436,446
6,0.05,0.1,goco-N,top2046,0.0393807750655082,0.0386857957419414,489,643,424,345,362,386
6,0.1,0.5,global-coarse,global_37.7842,0.0884158835234549,0.0835575569262974,800,1683,416,273,800,823
6,0.1,0.5,global-dense,global_33.8713,0.1070781698419265,0.1010707552437446,974,2097,501,332,974,975
6,0.1,0.5,goco-M,adapt_37.7842_to_32.0342_q0.75,0.1008659650467677,0.0944181682421439,1021,2185,491,344,877,898
6,0.1,0.5,goco-N,top5043,0.0974885237504186,0.0984604335135442,1105,1552,838,659,848,873
6,0.1,0.1,global-coarse,global_37.7842,0.0884158835234549,0.0835575569262974,800,1683,416,273,800,823
6,0.1,0.1,global-dense,global_34.9736,0.1017321092000446,0.0956085349484439,908,1969,468,305,908,911
6,0.1,0.1,goco-M,adapt_37.7842_to_32.0342_q0.75,0.1008659650467677,0.0944181682421439,1021,2185,491,344,877,898
6,0.1,0.1,goco-N,top4433,0.0848754851547569,0.086498630352955,993,1375,768,610,766,784
6,0.2,0.5,global-coarse,global_23.0262,0.2016606808217702,0.1995769016332352,1822,4169,919,600,1822,1832
6,0.2,0.5,global-dense,global_23.0262,0.2016606808217702,0.1995769016332352,1822,4169,919,600,1822,1832
6,0.2,0.5,goco-M,adapt_23.0262_to_19.5221_q0.4,0.199791311234459,0.1990438480653956,2066,4763,924,629,1761,1795
6,0.2,0.5,goco-N,top10925,0.1864517418406537,0.1895677087738061,2189,3364,1343,1042,1698,1722
6,0.2,0.1,global-coarse,global_27.1593,0.1484307433935071,0.1453608790620792,1388,3028,717,486,1388,1394
6,0.2,0.1,global-dense,global_23.8149,0.1877019883788727,0.1844665392760048,1728,3918,866,571,1728,1728
6,0.2,0.1,goco-M,adapt_27.1593_to_23.0262_q0.75,0.1612938348694877,0.1612809790429271,1747,3931,774,542,1430,1463
6,0.2,0.1,goco-N,top10925,0.1864517418406537,0.1895677087738061,2189,3364,1343,1042,1698,1722
7,0.05,0.5,global-coarse,global_62.0008,0.0390389502925704,0.0386076240400974,408,666,236,158,408,408
7,0.05,0.5,global-dense,global_55.6416,0.0484834604094016,0.0475385767495024,470,822,264,171,470,472
7,0.05,0.5,goco-M,adapt_62.0008_to_52.5656_q0.75,0.0488346434974486,0.0470012284124575,483,874,263,173,470,472
7,0.05,0.5,goco-N,top3012,0.0444418175489751,0.046423206703935,693,909,515,433,424,426
7,0.05,0.1,global-coarse,global_62.0008,0.0390389502925704,0.0386076240400974,408,666,236,158,408,408
7,0.05,0.1,global-dense,global_56.5397,0.0475072403806371,0.0466353322954233,462,799,260,168,462,462
7,0.05,0.1,goco-M,adapt_62.0008_to_52.5656_q0.75,0.0488346434974486,0.0470012284124575,483,874,263,173,470,472
7,0.05,0.1,goco-N,top2648,0.0378850864576971,0.0400403887126193,612,794,458,386,367,374
7,0.1,0.5,global-coarse,global_37.7842,0.0819745716518575,0.0830600608294083,788,1597,395,264,788,790
7,0.1,0.5,global-dense,global_34.418,0.0962011807895134,0.0981385500353633,929,1900,467,315,929,935
7,0.1,0.5,goco-M,adapt_37.7842_to_32.0342_q0.75,0.089398924525114,0.0902654334369053,978,1989,456,327,830,847
7,0.1,0.5,goco-N,top5736,0.1012264467477541,0.0977271682196499,1252,1731,900,711,951,959
7,0.1,0.1,global-coarse,global_37.7842,0.0819745716518575,0.0830600608294083,788,1597,395,264,788,790
7,0.1,0.1,global-dense,global_36.1117,0.0908467469183232,0.0920221070448688,854,1754,430,284,854,855
7,0.1,0.1,goco-M,adapt_37.7842_to_32.0342_q0.75,0.089398924525114,0.0902654334369053,978,1989,456,327,830,847
7,0.1,0.1,goco-N,top5043,0.0883311661445711,0.0857336096713941,1111,1524,823,655,830,837
7,0.2,0.5,global-coarse,global_23.0262,0.198530151862248,0.1989657044065818,1697,3875,905,587,1697,1705
7,0.2,0.5,global-dense,global_23.0262,0.198530151862248,0.1989657044065818,1697,3875,905,587,1697,1705
7,0.2,0.5,goco-M,adapt_23.0262_to_19.5221_q0.4,0.1966940273247282,0.1980406506833873,1914,4396,907,614,1691,1691
7,0.2,0.5,goco-N,top10925,0.1806078684336855,0.1794732918405149,2146,3206,1263,971,1618,1618
7,0.2,0.1,global-coarse,global_27.1593,0.1425008253824968,0.145872468758384,1311,2793,692,469,1311,1316
7,0.2,0.1,global-dense,global_23.8149,0.1802190547100985,0.1843324971932761,1618,3626,843,560,1618,1618
7,0.2,0.1,goco-M,adapt_27.1593_to_23.0262_q0.75,0.1621351718594898,0.1641034245518892,1635,3681,767,533,1466,1466
7,0.2,0.1,goco-N,top10925,0.1806078684336855,0.1794732918405149,2146,3206,1263,971,1618,1618
8,0.05,0.5,global-coarse,global_62.0008,0.0363043521090687,0.0388339278324103,396,638,226,158,396,396
8,0.05,0.5,global-dense,global_56.5397,0.0432851626376657,0.047401119366218,466,770,248,166,466,466
8,0.05,0.5,goco-M,adapt_62.0008_to_52.5656_q0.75,0.0414405894753433,0.0443171143474633,487,818,244,168,443,452
8,0.05,0.5,goco-N,top3012,0.0461813148925271,0.0463850514685112,647,855,462,383,476,479
8,0.05,0.1,global-coarse,global_62.0008,0.0363043521090687,0.0388339278324103,396,638,226,158,396,396
8,0.05,0.1,global-dense,global_59.3219,0.0396250763441495,0.0440686400094594,434,702,236,161,434,434
8,0.05,0.1,goco-M,adapt_62.0008_to_52.5656_q0.75,0.0414405894753433,0.0443171143474633,487,818,244,168,443,452
8,0.05,0.1,goco-N,top2648,0.038686289575822,0.0398210919075866,575,751,408,344,412,413
8,0.1,0.5,global-coarse,global_37.7842,0.072892080566884,0.083490935805048,784,1528,371,257,784,805
8,0.1,0.5,global-dense,global_36.1117,0.0807166170840146,0.0925549665306873,860,1686,402,275,860,861
8,0.1,0.5,goco-M,adapt_37.7842_to_32.0342_q0.75,0.0779969593684943,0.0904948575282414,959,1863,412,299,805,821
8,0.1,0.5,goco-N,top5736,0.0906119681357579,0.0907111435184272,1206,1677,790,647,941,943
8,0.1,0.1,global-coarse,global_37.7842,0.072892080566884,0.083490935805048,784,1528,371,257,784,805
8,0.1,0.1,global-dense,global_36.6945,0.0790518220803698,0.0894764357207452,829,1637,393,269,829,839
8,0.1,0.1,goco-M,adapt_37.7842_to_32.0342_q0.6,0.0736208798786374,0.0840272440424185,915,1762,389,283,805,810
8,0.1,0.1,goco-N,top5736,0.0906119681357579,0.0907111435184272,1206,1677,790,647,941,943
8,0.2,0.5,global-coarse,global_27.1593,0.1319444576478089,0.1471675421496086,1309,2662,662,447,1309,1316
8,0.2,0.5,global-dense,global_23.8149,0.1711540813742101,0.18649029484812,1605,3464,819,538,1605,1605
8,0.2,0.5,goco-M,adapt_27.1593_to_23.0262_q0.75,0.1486434152557239,0.1638487182291045,1622,3506,731,504,1377,1405
8,0.2,0.5,goco-N,top12426,0.1916875825924476,0.194525442639503,2354,3693,1300,1019,1732,1745
8,0.2,0.1,global-coarse,global_27.1593,0.1319444576478089,0.1471675421496086,1309,2662,662,447,1309,1316
8,0.2,0.1,global-dense,global_24.1993,0.1667279740075987,0.1808559810021472,1575,3335,807,532,1575,1579
8,0.2,0.1,goco-M,adapt_27.1593_to_23.0262_q0.75,0.1486434152557239,0.1638487182291045,1622,3506,731,504,1377,1405
8,0.2,0.1,goco-N,top10925,0.1690180883482714,0.1727590568459726,2097,3211,1201,955,1575,1587
9,0.05,0.5,global-coarse,global_62.0008,0.0362866205646511,0.0382548660242135,440,665,231,161,440,440
9,0.05,0.5,global-dense,global_55.6416,0.0430925783635754,0.0469432565411321,508,837,250,174,508,512
9,0.05,0.5,goco-M,adapt_62.0008_to_52.5656_q0.75,0.041708532813208,0.044628487344724,520,876,247,175,496,500
9,0.05,0.5,goco-N,top3012,0.04505404837428,0.0445032822360729,628,826,459,380,508,512
9,0.05,0.1,global-coarse,global_62.0008,0.0362866205646511,0.0382548660242135,440,665,231,161,440,440
9,0.05,0.1,global-dense,global_59.3219,0.0381622239297042,0.04307835563526,468,729,236,164,468,468
9,0.05,0.1,goco-M,adapt_62.0008_to_52.5656_q0.75,0.041708532813208,0.044628487344724,520,876,247,175,496,500
9,0.05,0.1,goco-N,top3012,0.04505404837428,0.0445032822360729,628,826,459,380,508,512
9,0.1,0.5,global-coarse,global_37.7842,0.082749341634323,0.082130649657205,809,1618,404,266,821,823
9,0.1,0.5,global-dense,global_34.418,0.0947478508711442,0.0976640456154872,939,1921,455,305,939,942
9,0.1,0.5,goco-M,adapt_37.7842_to_32.0342_q0.75,0.0918751764945393,0.0906146879591492,1000,2033,462,325,875,876
9,0.1,0.5,goco-N,top5736,0.0970439366177885,0.0937224809034713,1146,1613,802,631,939,942
9,0.1,0.1,global-coarse,global_37.7842,0.082749341634323,0.082130649657205,809,1618,404,266,821,823
9,0.1,0.1,global-dense,global_35.5381,0.0938813037282213,0.094561154576329,889,1846,442,285,889,902
9,0.1,0.1,goco-M,adapt_37.7842_to_32.0342_q0.75,0.0918751764945393,0.0906146879591492,1000,2033,462,325,875,876
9,0.1,0.1,goco-N,top5736,0.0970439366177885,0.0937224809034713,1146,1613,802,631,939,942
9,0.2,0.5,global-coarse,global_23.0262,0.2045884918067862,0.2005203033834419,1772,3990,926,588,1772,1778
9,0.2,0.5,global-dense,global_23.0262,0.2045884918067862,0.2005203033834419,1772,3990,926,588,1772,1778
9,0.2,0.5,goco-M,adapt_23.0262_to_19.5221_q0.4,0.2025754270323984,0.1998054479406663,2013,4564,928,615,1715,1746
9,0.2,0.5,goco-N,top12426,0.1929455445487717,0.1941894797403353,2313,3546,1320,1017,1688,1704
9,0.2,0.1,global-coarse,global_27.1593,0.1480608494158349,0.1468805737877334,1343,2849,714,472,1343,1354
9,0.2,0.1,global-dense,global_23.8149,0.1896078759734482,0.1861000616619839,1688,3751,874,562,1688,1688
9,0.2,0.1,goco-M,adapt_27.1593_to_23.0262_q0.75,0.1590419005320195,0.1597765335804915,1669,3705,754,514,1421,1425
9,0.2,0.1,goco-N,top10925,0.1695777278162466,0.171864065794263,2057,3081,1212,941,1528,1541
10,0.05,0.5,global-coarse,global_62.0008,0.0372697361940225,0.0379178737297098,406,660,229,161,406,407
10,0.05,0.5,global-dense,global_55.6416,0.0478618712689875,0.0478900209552713,466,823,254,167,466,466
10,0.05,0.5,goco-M,adapt_62.0008_to_52.5656_q0.75,0.0408648068246744,0.042469240420682,476,830,235,165,418,418
10,0.05,0.5,goco-N,top3012,0.0457385188249896,0.0469536027957879,663,850,500,407,440,449
10,0.05,0.1,global-coarse,global_62.0008,0.0372697361940225,0.0379178737297098,406,660,229,161,406,407
10,0.05,0.1,global-dense,global_57.4523,0.046387690367831,0.0460615257276865,452,783,249,164,452,459
10,0.05,0.1,goco-M,adapt_62.0008_to_52.5656_q0.75,0.0408648068246744,0.042469240420682,476,830,235,165,418,418
10,0.05,0.1,goco-N,top2648,0.0389118742242449,0.0397273187106267,587,739,452,372,418,418
10,0.1,0.5,global-coarse,global_37.7842,0.0807819611088125,0.0831814787808718,775,1598,384,254,775,776
10,0.1,0.5,global-dense,global_34.418,0.0977160785704434,0.0973571614694528,909,1906,455,295,909,911
10,0.1,0.5,goco-M,adapt_37.7842_to_32.0342_q0.75,0.0903049497277879,0.0920908083654669,971,2026,447,313,838,839
10,0.1,0.5,goco-N,top5736,0.0910088084581258,0.0946104373853028,1212,1647,840,675,838,839
10,0.1,0.1,global-coarse,global_37.7842,0.0807819611088125,0.0831814787808718,775,1598,384,254,775,776
10,0.1,0.1,global-dense,global_36.1117,0.0897296596200195,0.0916919575113808,838,1749,415,269,838,838
10,0.1,0.1,goco-M,adapt_37.7842_to_32.0342_q0.75,0.0903049497277879,0.0920908083654669,971,2026,447,313,838,839
10,0.1,0.1,goco-N,top5043,0.0804979280361986,0.0846115063489873,1075,1440,773,621,769,774
10,0.2,0.5,global-coarse,global_23.0262,0.1978106364067327,0.1991439474940903,1729,3928,920,595,1729,1732
10,0.2,0.5,global-dense,global_23.0262,0.1978106364067327,0.1991439474940903,1729,3928,920,595,1729,1732
10,0.2,0.5,goco-M,adapt_23.0262_to_19.5221_q0.4,0.1962212826248821,0.1982645811035367,1967,4487,921,622,1720,1720
10,0.2,0.5,goco-N,top12426,0.1895918096062903,0.1913413229525797,2390,3656,1299,1001,1645,1664
10,0.2,0.1,global-coarse,global_27.1593,0.1448595995555035,0.1456188436875428,1333,2872,716,482,1333,1335
10,0.2,0.1,global-dense,global_23.8149,0.1831646249632207,0.1848243607436345,1645,3684,864,566,1645,1645
10,0.2,0.1,goco-M,adapt_27.1593_to_23.0262_q0.75,0.1624706832968168,0.1649231354280582,1680,3772,797,555,1452,1458
10,0.2,0.1,goco-N,top12426,0.1895918096062903,0.1913413229525797,2390,3656,1299,1001,1645,1664
11,0.05,0.5,global-coarse,global_62.0008,0.0447898811986524,0.0377326265034914,417,696,243,156,417,417
11,0.05,0.5,global-dense,global_53.032,0.0641817877337116,0.0547091881310394,505,951,298,175,505,507
11,0.05,0.5,goco-M,adapt_62.0008_to_52.5656_q0.75,0.0499399097661406,0.0414840470606783,491,874,255,163,434,434
11,0.05,0.5,goco-N,top3426,0.0617151328880745,0.0535781220358403,719,998,570,460,496,497
11,0.05,0.1,global-coarse,global_62.0008,0.0447898811986524,0.0377326265034914,417,696,243,156,417,417
11,0.05,0.1,global-dense,global_54.7578,0.0592524183856413,0.0505744634727942,490,888,285,171,490,490
11,0.05,0.1,goco-M,adapt_62.0008_to_52.5656_q0.75,0.0499399097661406,0.0414840470606783,491,874,255,163,434,434
11,0.05,0.1,goco-N,top3012,0.0513850306361684,0.0449429258989198,655,890,508,419,434,439
11,0.1,0.5,global-coarse,global_37.7842,0.0851665780089445,0.0819915500112768,843,1704,416,279,843,845
11,0.1,0.5,global-dense,global_33.3333,0.1057417367719395,0.1012723703543126,1026,2108,510,341,1026,1029
11,0.1,0.5,goco-M,adapt_37.7842_to_32.0342_q0.75,0.0985878795043048,0.0957477988206364,1067,2172,491,347,921,941
11,0.1,0.5,goco-N,top5736,0.1127744284860544,0.0994136774002962,1155,1698,889,691,1105,1107
11,0.1,0.1,global-coarse,global_37.7842,0.0851665780089445,0.0819915500112768,843,1704,416,279,843,845
11,0.1,0.1,global-dense,global_34.418,0.1001157475816143,0.0960954658223247,990,2025,482,323,990,991
11,0.1,0.1,goco-M,adapt_37.7842_to_32.0342_q0.75,0.0985878795043048,0.0957477988206364,1067,2172,491,347,921,941
11,0.1,0.1,goco-N,top5736,0.1127744284860544,0.0994136774002962,1155,1698,889,691,1105,1107
11,0.2,0.5,global-coarse,global_23.0262,0.2050086334672842,0.1975048851007048,1818,4064,925,595,1818,1819
11,0.2,0.5,global-dense,global_22.698,0.2090611800105216,0.2003770106759618,1844,4149,935,600,1844,1847
11,0.2,0.5,goco-M,adapt_23.0262_to_19.5221_q0.6,0.2089461864051779,0.2011559055868199,2073,4751,945,633,1818,1844
11,0.2,0.5,goco-N,top12426,0.2109181760867735,0.196343523006275,2361,3770,1369,1041,1844,1859
11,0.2,0.1,global-coarse,global_27.1593,0.1495628515280977,0.1444881110214259,1403,2948,721,487,1403,1407
11,0.2,0.1,global-dense,global_23.0644,0.2043190734066029,0.1961961659998764,1811,4050,919,590,1811,1811
11,0.2,0.1,goco-M,adapt_27.1593_to_23.0262_q0.75,0.1707621255964486,0.1659085729656977,1775,3906,805,555,1588,1603
11,0.2,0.1,goco-N,top12426,0.2109181760867735,0.196343523006275,2361,3770,1369,1041,1844,1859
12,0.05,0.5,global-coarse,global_62.0008,0.0363408002837047,0.0386926932450453,439,689,234,171,439,441
12,0.05,0.5,global-dense,global_56.5397,0.0434068207340859,0.0470390004532644,506,825,254,177,506,506
12,0.05,0.5,goco-M,adapt_62.0008_to_52.5656_q0.75,0.0426404239809287,0.0448290076135296,528,867,253,179,484,495
12,0.05,0.5,goco-N,top3426,0.0519066335677837,0.0502981717321626,746,986,537,450,525,529
12,0.05,0.1,global-coarse,global_62.0008,0.0363408002837047,0.0386926932450453,439,689,234,171,439,441
12,0.05,0.1,global-dense,global_59.3219,0.0394876568749138,0.0435399956644266,470,749,240,172,470,470
12,0.05,0.1,goco-M,adapt_62.0008_to_52.5656_q0.75,0.0426404239809287,0.0448290076135296,528,867,253,179,484,495
12,0.05,0.1,goco-N,top3012,0.0440530370195244,0.0431088385564865,672,871,484,409,516,517
12,0.1,0.5,global-coarse,global_37.7842,0.0796642170866415,0.0836282289620681,870,1636,420,288,870,872
12,0.1,0.5,global-dense,global_34.9736,0.092261165947554,0.0963078651242535,967,1861,473,319,967,972
12,0.1,0.5,goco-M,adapt_37.7842_to_32.0342_q0.75,0.0866877146666141,0.0916339856400554,1074,2006,481,348,919,925
12,0.1,0.5,goco-N,top5736,0.0943810705912484,0.0945581353396224,1174,1636,831,675,1020,1020
12,0.1,0.1,global-coarse,global_37.7842,0.0796642170866415,0.0836282289620681,870,1636,420,288,870,872
12,0.1,0.1,global-dense,global_36.1117,0.0884569287651621,0.0926786289077639,947,1792,454,309,947,948
12,0.1,0.1,goco-M,adapt_37.7842_to_32.0342_q0.75,0.0866877146666141,0.0916339856400554,1074,2006,481,348,919,925
12,0.1,0.1,goco-N,top5736,0.0943810705912484,0.0945581353396224,1174,1636,831,675,1020,1020
12,0.2,0.5,global-coarse,global_27.1593,0.1448865447520805,0.1476744688153158,1416,2888,724,495,1416,1418
12,0.2,0.5,global-dense,global_23.4366,0.1907847119989632,0.1967055136873478,1772,3861,900,599,1772,1772
12,0.2,0.5,goco-M,adapt_27.1593_to_23.0262_q0.75,0.1636602307635468,0.1659576332821985,1767,3808,799,561,1582,1597
12,0.2,0.5,goco-N,top12426,0.1756578096630893,0.182901465090295,2483,3677,1295,1038,1724,1733
12,0.2,0.1,global-coarse,global_27.1593,0.1448865447520805,0.1476744688153158,1416,2888,724,495,1416,1418
12,0.2,0.1,global-dense,global_23.8149,0.1775598484379391,0.1867563393810208,1750,3733,865,591,1750,1750
12,0.2,0.1,goco-M,adapt_27.1593_to_23.0262_q0.75,0.1636602307635468,0.1659576332821985,1767,3808,799,561,1582,1597
12,0.2,0.1,goco-N,top12426,0.1756578096630893,0.182901465090295,2483,3677,1295,1038,1724,1733
13,0.05,0.5,global-coarse,global_62.0008,0.0368707764446283,0.0383944583489348,399,616,228,153,399,400
13,0.05,0.5,global-dense,global_55.6416,0.0450642275942234,0.048051948051948,473,781,260,171,473,474
13,0.05,0.5,goco-M,adapt_62.0008_to_52.5656_q0.75,0.0427428729042299,0.0436428013059272,486,812,254,173,442,449
13,0.05,0.5,goco-N,top3012,0.0493966349469038,0.0493045017703591,647,846,509,414,475,481
13,0.05,0.1,global-coarse,global_62.0008,0.0368707764446283,0.0383944583489348,399,616,228,153,399,400
13,0.05,0.1,global-dense,global_58.3796,0.0415666804578678,0.0440249558231348,442,712,243,159,442,442
13,0.05,0.1,goco-M,adapt_62.0008_to_52.5656_q0.75,0.0427428729042299,0.0436428013059272,486,812,254,173,442,449
13,0.05,0.1,goco-N,top2648,0.0396669424906909,0.04192187428151,572,729,443,365,415,417
13,0.1,0.5,global-coarse,global_37.7842,0.0800301764617031,0.0835304048505869,813,1604,403,274,813,813
13,0.1,0.5,global-dense,global_34.9736,0.0936977494073067,0.0963508924055206,922,1856,456,303,922,963
13,0.1,0.5,goco-M,adapt_37.7842_to_32.0342_q0.75,0.0844873613491735,0.0878737516066802,998,1987,437,312,833,857
13,0.1,0.5,goco-N,top5736,0.0967442914277833,0.0972904308640272,1167,1615,875,701,967,974
13,0.1,0.1,global-coarse,global_37.7842,0.0800301764617031,0.0835304048505869,813,1604,403,274,813,813
13,0.1,0.1,global-dense,global_36.1117,0.0888348733508021,0.0926907269092398,899,1780,437,294,899,899
13,0.1,0.1,goco-M,adapt_37.7842_to_32.0342_q0.75,0.0844873613491735,0.0878737516066802,998,1987,437,312,833,857
13,0.1,0.1,goco-N,top5043,0.0858999743877691,0.0852421352041989,1017,1404,778,622,833,857
13,0.2,0.5,global-coarse,global_23.0262,0.2006131509102657,0.1989298883877296,1831,4032,930,599,1831,1833
13,0.2,0.5,global-dense,global_23.0262,0.2006131509102657,0.1989298883877296,1831,4032,930,599,1831,1833
13,0.2,0.5,goco-M,adapt_23.0262_to_19.5221_q0.5,0.2021965570767529,0.2003831089841725,2075,4615,939,630,1831,1860
13,0.2,0.5,goco-N,top12426,0.196947666869057,0.196302573516672,2277,3522,1338,1037,1761,1783
13,0.2,0.1,global-coarse,global_27.1593,0.1475314358330494,0.1465901524633763,1412,2901,720,477,1412,1413
13,0.2,0.1,global-dense,global_23.8149,0.1892318321568818,0.1849898434076159,1735,3776,883,571,1735,1735
13,0.2,0.1,goco-M,adapt_27.1593_to_23.0262_q0.75,0.161840173783958,0.1602296407345229,1764,3805,788,543,1480,1495
13,0.2,0.1,goco-N,top10925,0.1778530025116702,0.1758913654209557,2039,3100,1254,974,1606,1639
14,0.05,0.5,global-coarse,global_62.0008,0.0362413066178064,0.0393693054542826,372,610,216,148,372,372
14,0.05,0.5,global-dense,global_56.5397,0.0423985854167898,0.0473183493289714,429,736,234,157,429,429
14,0.05,0.5,goco-M,adapt_62.0008_to_52.5656_q0.75,0.0387527828673877,0.0429047684738124,442,777,222,156,385,385
14,0.05,0.5,goco-N,top3426,0.0462335244399787,0.0467231386047774,722,973,478,398,432,435
14,0.05,0.1,global-coarse,global_62.0008,0.0362413066178064,0.0393693054542826,372,610,216,148,372,372
14,0.05,0.1,global-dense,global_60.2794,0.039258131883287,0.0431001977284223,389,656,222,150,389,390
14,0.05,0.1,goco-M,adapt_62.0008_to_52.5656_q0.75,0.0387527828673877,0.0429047684738124,442,777,222,156,385,385
14,0.05,0.1,goco-N,top3012,0.039810765017633,0.0400518298090377,635,848,424,357,403,403
14,0.1,0.5,global-coarse,global_37.7842,0.0791711816432544,0.0832974225235226,735,1509,390,261,735,762
14,0.1,0.5,global-dense,global_34.9736,0.0880431927287533,0.095337506870132,825,1744,431,290,825,827
14,0.1,0.5,goco-M,adapt_37.7842_to_32.0342_q0.75,0.0890363980248134,0.092990464724497,938,1977,448,322,825,869
14,0.1,0.5,goco-N,top6525,0.0922729318674705,0.0966115807369773,1318,1904,848,703,878,880
14,0.1,0.1,global-coarse,global_37.7842,0.0791711816432544,0.0832974225235226,735,1509,390,261,735,762
14,0.1,0.1,global-dense,global_36.6945,0.0838069954226346,0.0886180250368414,781,1628,408,274,781,785
14,0.1,0.1,goco-M,adapt_37.7842_to_32.0342_q0.75,0.0890363980248134,0.092990464724497,938,1977,448,322,825,869
14,0.1,0.1,goco-N,top5736,0.0795902265802969,0.0853137811132017,1152,1640,768,637,753,762
14,0.2,0.5,global-coarse,global_27.1593,0.1438729810161337,0.1452417851610843,1260,2765,677,452,1260,1264
14,0.2,0.5,global-dense,global_23.0644,0.1937943003805072,0.1976142989409172,1652,3849,887,580,1652,1652
14,0.2,0.5,goco-M,adapt_27.1593_to_23.0262_q0.75,0.159111892042741,0.1626469142770226,1581,3644,759,527,1391,1399
14,0.2,0.5,goco-N,top12426,0.182087622302765,0.1853653336133678,2272,3611,1265,990,1593,1595
14,0.2,0.1,global-coarse,global_27.1593,0.1438729810161337,0.1452417851610843,1260,2765,677,452,1260,1264
14,0.2,0.1,global-dense,global_23.8149,0.181172125247422,0.1843778430305364,1593,3640,844,560,1593,1593
14,0.2,0.1,goco-M,adapt_27.1593_to_23.0262_q0.75,0.159111892042741,0.1626469142770226,1581,3644,759,527,1391,1399
14,0.2,0.1,goco-N,top12426,0.182087622302765,0.1853653336133678,2272,3611,1265,990,1593,1595
15,0.05,0.5,global-coarse,global_62.0008,0.0381770002167188,0.0381146167944347,424,655,228,153,424,424
15,0.05,0.5,global-dense,global_55.6416,0.0473550446243867,0.0485157230225515,500,817,256,165,500,502
15,0.05,0.5,goco-M,adapt_62.0008_to_52.5656_q0.75,0.0413627676970664,0.0418440310321949,483,802,240,161,441,441
15,0.05,0.5,goco-N,top2648,0.0406254309750379,0.0432530923805582,591,746,463,391,441,441
15,0.05,0.1,global-coarse,global_62.0008,0.0381770002167188,0.0381146167944347,424,655,228,153,424,424
15,0.05,0.1,global-dense,global_58.3796,0.0439510806391236,0.0444805194805194,463,745,242,156,463,463
15,0.05,0.1,goco-M,adapt_62.0008_to_52.5656_q0.75,0.0413627676970664,0.0418440310321949,483,802,240,161,441,441
15,0.05,0.1,goco-N,top2648,0.0406254309750379,0.0432530923805582,591,746,463,391,441,441
15,0.1,0.5,global-coarse,global_37.7842,0.0786374293200937,0.0834904431262549,868,1629,408,282,868,868
15,0.1,0.5,global-dense,global_34.9736,0.0912514530015564,0.0965128195021973,968,1898,454,305,968,968
15,0.1,0.5,goco-M,adapt_37.7842_to_32.0342_q0.75,0.0904945787444753,0.0943470582696682,1091,2122,473,343,963,966
15,0.1,0.5,goco-N,top5736,0.0993475597633644,0.0940407180992089,1245,1703,881,707,1057,1058
15,0.1,0.1,global-coarse,global_37.7842,0.0786374293200937,0.0834904431262549,868,1629,408,282,868,868
15,0.1,0.1,global-dense,global_36.6945,0.0831198980764558,0.0893388688532846,916,1761,421,289,916,916
15,0.1,0.1,goco-M,adapt_37.7842_to_32.0342_q0.6,0.0808986937762279,0.0852258220619373,1020,1951,430,315,883,908
15,0.1,0.1,goco-N,top5736,0.0993475597633644,0.0940407180992089,1245,1703,881,707,1057,1058
15,0.2,0.5,global-coarse,global_27.1593,0.1401613074554737,0.1471591267976976,1455,2943,709,486,1455,1463
15,0.2,0.5,global-dense,global_23.8149,0.173942452345127,0.1862055570998183,1819,3858,854,576,1819,1819
15,0.2,0.5,goco-M,adapt_27.1593_to_23.0262_q0.75,0.1530264743585218,0.1630694276285351,1815,3878,769,539,1534,1564
15,0.2,0.5,goco-N,top12426,0.188806021129149,0.1932842616833512,2545,3722,1399,1102,1904,1919
15,0.2,0.1,global-coarse,global_27.1593,0.1401613074554737,0.1471591267976976,1455,2943,709,486,1455,1463
15,0.2,0.1,global-dense,global_23.8149,0.173942452345127,0.1862055570998183,1819,3858,854,576,1819,1819
15,0.2,0.1,goco-M,adapt_27.1593_to_23.0262_q0.75,0.1530264743585218,0.1630694276285351,1815,3878,769,539,1534,1564
15,0.2,0.1,goco-N,top10925,0.1665790376588887,0.1698113887002009,2267,3253,1307,1041,1729,1774
16,0.05,0.5,global-coarse,global_62.0008,0.0388015446145359,0.0399050115286837,438,700,241,172,438,438
16,0.05,0.5,global-dense,global_57.4523,0.0451962290915538,0.0483377017519657,514,851,267,188,514,519
16,0.05,0.5,goco-M,adapt_62.0008_to_52.5656_q0.75,0.044637685442402,0.0478343482516471,557,936,270,196,496,511
16,0.05,0.5,goco-N,top3012,0.0481938451839155,0.0470825751554127,675,862,556,456,534,538
16,0.05,0.1,global-coarse,global_62.0008,0.0388015446145359,0.0399050115286837,438,700,241,172,438,438
16,0.05,0.1,global-dense,global_60.2794,0.0404658470752802,0.0442267899020554,461,749,247,176,461,463
16,0.05,0.1,goco-M,adapt_62.0008_to_52.5656_q0.6,0.0409071655141162,0.0425968442281037,525,877,251,183,461,465
16,0.05,0.1,goco-N,top2648,0.041486888507989,0.0406756159032335,596,753,492,406,478,492
16,0.1,0.5,global-coarse,global_37.7842,0.0853327291473754,0.0845382614350748,880,1741,425,288,880,895
16,0.1,0.5,global-dense,global_34.418,0.1000704336347695,0.0990192954912226,1049,2098,497,338,1049,1055
16,0.1,0.5,goco-M,adapt_37.7842_to_32.0342_q0.75,0.0948024335798436,0.0906572773037112,1075,2189,469,336,976,983
16,0.1,0.5,goco-N,top5736,0.0975739127787121,0.0954994439199156,1240,1696,887,699,997,1003
16,0.1,0.1,global-coarse,global_37.7842,0.0853327291473754,0.0845382614350748,880,1741,425,288,880,895
16,0.1,0.1,global-dense,global_36.1117,0.0940811119648521,0.0931231346633471,976,1936,460,311,976,980
16,0.1,0.1,goco-M,adapt_37.7842_to_32.0342_q0.75,0.0948024335798436,0.0906572773037112,1075,2189,469,336,976,983
16,0.1,0.1,goco-N,top5736,0.0975739127787121,0.0954994439199156,1240,1696,887,699,997,1003
16,0.2,0.5,global-coarse,global_23.0262,0.2024466677883651,0.2007349085811226,1859,4225,915,592,1859,1872
16,0.2,0.5,global-dense,global_23.0262,0.2024466677883651,0.2007349085811226,1859,4225,915,592,1859,1872
16,0.2,0.5,goco-M,adapt_23.0262_to_19.5221_q0.4,0.2005626320996614,0.1993852305732838,2054,4682,916,619,1801,1832
16,0.2,0.5,goco-N,top12426,0.1865071655462636,0.1889024426448452,2488,3717,1353,1069,1747,1773
16,0.2,0.1,global-coarse,global_27.1593,0.1494273677869044,0.1472155658905555,1432,3061,710,476,1432,1439
16,0.2,0.1,global-dense,global_23.8149,0.1877188004490932,0.185827276829484,1773,3970,859,564,1773,1773
16,0.2,0.1,goco-M,adapt_27.1593_to_23.0262_q0.75,0.1680080681863397,0.1680242665002226,1789,4032,776,530,1608,1626
16,0.2,0.1,goco-N,top12426,0.1865071655462636,0.1889024426448452,2488,3717,1353,1069,1747,1773
17,0.05,0.5,global-coarse,global_62.0008,0.0331313907441338,0.0384966070853779,428,643,221,156,428,428
17,0.05,0.5,global-dense,global_57.4523,0.0407554623007664,0.0467348534116364,468,735,240,162,480,480
17,0.05,0.5,goco-M,adapt_62.0008_to_52.5656_q0.75,0.0401949484800126,0.0456202497553028,500,804,241,168,462,468
17,0.05,0.5,goco-N,top2648,0.0378849222767303,0.0418727109098194,515,702,419,346,451,458
17,0.05,0.1,global-coarse,global_62.0008,0.0331313907441338,0.0384966070853779,428,643,221,156,428,428
17,0.05,0.1,global-dense,global_60.2794,0.0363747857438382,0.0428735654835806,440,677,229,158,440,440
17,0.05,0.1,goco-M,adapt_62.0008_to_52.5656_q0.6,0.034616407589101,0.0402011114833573,473,737,228,164,437,437
17,0.05,0.1,goco-N,top2648,0.0378849222767303,0.0418727109098194,515,702,419,346,451,458
17,0.1,0.5,global-coarse,global_37.7842,0.0788671184926873,0.0849001066375876,791,1537,387,256,791,808
17,0.1,0.5,global-dense,global_36.1117,0.0874603502965108,0.0939704327033613,866,1701,419,274,866,867
17,0.1,0.5,goco-M,adapt_37.7842_to_32.0342_q0.75,0.0850606812853399,0.0935198505759962,978,1935,440,312,835,840
17,0.1,0.5,goco-N,top5043,0.0821456057389032,0.0894929974489042,929,1340,760,603,808,828
17,0.1,0.1,global-coarse,global_37.7842,0.0788671184926873,0.0849001066375876,791,1537,387,256,791,808
17,0.1,0.1,global-dense,global_36.6945,0.0843570016615113,0.0909607126981937,835,1654,406,268,835,840
17,0.1,0.1,goco-M,adapt_37.7842_to_32.0342_q0.6,0.0815700297495912,0.0888108814133093,935,1838,414,290,808,816
17,0.1,0.1,goco-N,top5043,0.0821456057389032,0.0894929974489042,929,1340,760,603,808,828
17,0.2,0.5,global-coarse,global_27.1593,0.1413130507152021,0.147630889136614,1299,2764,686,451,1299,1307
17,0.2,0.5,global-dense,global_23.4366,0.1906464942922389,0.1963048795269862,1613,3731,847,537,1613,1617
17,0.2,0.5,goco-M,adapt_27.1593_to_23.0262_q0.75,0.1626578050587518,0.1699466259336233,1616,3693,760,517,1445,1456
17,0.2,0.5,goco-N,top10925,0.1768368911274555,0.1854124095268668,1933,3012,1296,999,1571,1581
17,0.2,0.1,global-coarse,global_27.1593,0.1413130507152021,0.147630889136614,1299,2764,686,451,1299,1307
17,0.2,0.1,global-dense,global_23.8149,0.1810092816450965,0.1861908314301129,1590,3615,823,532,1590,1590
17,0.2,0.1,goco-M,adapt_27.1593_to_23.0262_q0.75,0.1626578050587518,0.1699466259336233,1616,3693,760,517,1445,1456
17,0.2,0.1,goco-N,top10925,0.1768368911274555,0.1854124095268668,1933,3012,1296,999,1571,1581
18,0.05,0.5,global-coarse,global_62.0008,0.0414780227357802,0.0377805805726898,415,680,242,165,415,415
18,0.05,0.5,global-dense,global_53.888,0.0553337470693697,0.051661805569241,499,900,288,188,499,499
18,0.05,0.5,goco-M,adapt_62.0008_to_52.5656_q0.75,0.0510156234608034,0.0457099172956532,503,910,272,184,487,490
18,0.05,0.5,goco-N,top3426,0.0511446264952133,0.0494165057774664,751,1057,575,475,487,490
18,0.05,0.1,global-coarse,global_62.0008,0.0414780227357802,0.0377805805726898,415,680,242,165,415,415
18,0.05,0.1,global-dense,global_55.6416,0.0501743601867722,0.0474236183644377,487,856,270,180,487,490
18,0.05,0.1,goco-M,adapt_62.0008_to_52.5656_q0.75,0.0510156234608034,0.0457099172956532,503,910,272,184,487,490
18,0.05,0.1,goco-N,top3012,0.045061764879721,0.0438614513225637,660,936,514,425,431,434
18,0.1,0.5,global-coarse,global_37.7842,0.0851518017219299,0.0826078911814875,852,1700,416,280,852,853
18,0.1,0.5,global-dense,global_34.418,0.0994608297049339,0.0975290516261684,1001,2047,483,326,1001,1005
18,0.1,0.5,goco-M,adapt_37.7842_to_32.0342_q0.75,0.0938506018874243,0.0891055879330124,1050,2137,475,335,899,906
18,0.1,0.5,goco-N,top6525,0.0943419503118914,0.0968347005616091,1350,1959,904,740,899,906
18,0.1,0.1,global-coarse,global_37.7842,0.0851518017219299,0.0826078911814875,852,1700,416,280,852,853
18,0.1,0.1,global-dense,global_34.9736,0.0973195815355517,0.0953428168526802,954,1971,463,307,954,954
18,0.1,0.1,goco-M,adapt_37.7842_to_32.0342_q0.75,0.0938506018874243,0.0891055879330124,1050,2137,475,335,899,906
18,0.1,0.1,goco-N,top5736,0.0847361026522221,0.0844724253803725,1206,1730,832,677,847,852
18,0.2,0.5,global-coarse,global_23.0262,0.2060584121747085,0.1993848100584579,1834,4157,939,595,1834,1838
18,0.2,0.5,global-dense,global_22.698,0.208656695379115,0.2020287579776162,1876,4247,953,607,1876,1883
18,0.2,0.5,goco-M,adapt_23.0262_to_19.5221_q0.5,0.2108280035909693,0.2028367620474645,2114,4878,958,638,1876,1897
18,0.2,0.5,goco-N,top12426,0.1739145739630246,0.1784216641258318,2357,3717,1289,1035,1588,1588
18,0.2,0.1,global-coarse,global_27.1593,0.1543859751244939,0.1466059032550962,1415,3039,744,491,1415,1422
18,0.2,0.1,global-dense,global_23.4366,0.2024354056223899,0.1948684333308165,1778,4034,917,578,1778,1784
18,0.2,0.1,goco-M,adapt_27.1593_to_23.0262_q0.75,0.1767767367407782,0.167275947752327,1789,4018,834,558,1588,1606
18,0.2,0.1,goco-N,top12426,0.1739145739630246,0.1784216641258318,2357,3717,1289,1035,1588,1588
19,0.05,0.5,global-coarse,global_62.0008,0.035001083594381,0.0383350084412299,423,629,231,161,423,423
19,0.05,0.5,global-dense,global_56.5397,0.0415070827669089,0.0466486346228379,491,769,251,172,491,491
19,0.05,0.5,goco-M,adapt_62.0008_to_52.5656_q0.75,0.0418971767440944,0.0447928778353664,506,833,246,170,491,491
19,0.05,0.5,goco-N,top2648,0.042665051125953,0.0444365068416661,535,719,417,337,491,492
19,0.05,0.1,global-coarse,global_62.0008,0.035001083594381,0.0383350084412299,423,629,231,161,423,423
19,0.05,0.1,global-dense,global_58.3796,0.040934255373643,0.0443415840608556,466,725,245,165,466,466
19,0.05,0.1,goco-M,adapt_62.0008_to_52.5656_q0.75,0.0418971767440944,0.0447928778353664,506,833,246,170,491,491
19,0.05,0.1,goco-N,top2648,0.042665051125953,0.0444365068416661,535,719,417,337,491,492
19,0.1,0.5,global-coarse,global_37.7842,0.0785932646400168,0.0829109981234412,822,1573,401,269,822,838
19,0.1,0.5,global-dense,global_34.418,0.0957390113678901,0.0981195545307836,972,1903,473,313,972,975
19,0.1,0.5,goco-M,adapt_37.7842_to_32.0342_q0.75,0.0812673546744709,0.087374449020883,987,1927,429,307,841,847
19,0.1,0.5,goco-N,top5043,0.0838167865784746,0.0872302384545452,989,1418,784,630,841,861
19,0.1,0.1,global-coarse,global_37.7842,0.0785932646400168,0.0829109981234412,822,1573,401,269,822,838
19,0.1,0.1,global-dense,global_36.1117,0.0878177722612972,0.0918965834367958,899,1748,435,287,899,901
19,0.1,0.1,goco-M,adapt_37.7842_to_32.0342_q0.75,0.0812673546744709,0.087374449020883,987,1927,429,307,841,847
19,0.1,0.1,goco-N,top5043,0.0838167865784746,0.0872302384545452,989,1418,784,630,841,861
19,0.2,0.5,global-coarse,global_27.1593,0.1422806736315217,0.1467103561357941,1350,2799,690,460,1350,1354
19,0.2,0.5,global-dense,global_23.4366,0.1910206423871881,0.195203102602399,1682,3737,880,565,1682,1685
19,0.2,0.5,goco-M,adapt_27.1593_to_23.0262_q0.75,0.1631067643960389,0.1662174533279472,1668,3672,775,525,1497,1502
19,0.2,0.5,goco-N,top10925,0.1745236501989748,0.1800202508419251,2012,3174,1282,989,1568,1613
19,0.2,0.1,global-coarse,global_27.1593,0.1422806736315217,0.1467103561357941,1350,2799,690,460,1350,1354
19,0.2,0.1,global-dense,global_23.8149,0.1800372399577783,0.1850995154123171,1657,3628,848,555,1657,1657
19,0.2,0.1,goco-M,adapt_27.1593_to_23.0262_q0.75,0.1631067643960389,0.1662174533279472,1668,3672,775,525,1497,1502
19,0.2,0.1,goco-N,top10925,0.1745236501989748,0.1800202508419251,2012,3174,1282,989,1568,1613
20,0.05,0.5,global-coarse,global_62.0008,0.0397974663593199,0.0383018347358256,452,681,255,178,452,452
20,0.05,0.5,global-dense,global_54.7578,0.0515914061114723,0.0501060901667881,535,872,292,195,535,537
20,0.05,0.5,goco-M,adapt_62.0008_to_52.5656_q0.75,0.0417435033591425,0.041013867265764,542,866,263,189,467,467
20,0.05,0.5,goco-N,top3426,0.0471387425152423,0.0477673469982753,765,1022,494,410,498,507
20,0.05,0.1,global-coarse,global_62.0008,0.0397974663593199,0.0383018347358256,452,681,255,178,452,452
20,0.05,0.1,global-dense,global_55.6416,0.0493971274898043,0.0472914162216134,531,856,283,191,531,534
20,0.05,0.1,goco-M,adapt_62.0008_to_52.5656_q0.75,0.0417435033591425,0.041013867265764,542,866,263,189,467,467
20,0.05,0.1,goco-N,top3012,0.0437693621599289,0.0431902335337291,674,897,447,365,467,467
20,0.1,0.5,global-coarse,global_37.7842,0.0822950528991075,0.0826061941767556,885,1699,427,290,885,887
20,0.1,0.5,global-dense,global_34.418,0.0987845683025658,0.0977394254708367,1050,2052,499,337,1050,1053
20,0.1,0.5,goco-M,adapt_37.7842_to_32.0342_q0.75,0.0927136486921344,0.0909863071126693,1103,2145,481,342,966,966
20,0.1,0.5,goco-N,top5736,0.0897858818421499,0.0897343609165929,1213,1698,815,656,904,941
20,0.1,0.1,global-coarse,global_37.7842,0.0822950528991075,0.0826061941767556,885,1699,427,290,885,887
20,0.1,0.1,global-dense,global_35.5381,0.0955275462826145,0.0946523001530589,981,1934,479,317,981,981
20,0.1,0.1,goco-M,adapt_37.7842_to_32.0342_q0.75,0.0927136486921344,0.0909863071126693,1103,2145,481,342,966,966
20,0.1,0.1,goco-N,top5736,0.0897858818421499,0.0897343609165929,1213,1698,815,656,904,941
20,0.2,0.5,global-coarse,global_23.0262,0.1966938062532382,0.1974543527602217,1903,4070,917,602,1903,1914
20,0.2,0.5,global-dense,global_23.0262,0.1966938062532382,0.1974543527602217,1903,4070,917,602,1903,1914
20,0.2,0.5,goco-M,adapt_23.0262_to_19.5221_q0.5,0.1959794072782918,0.1982440748499545,2142,4658,924,630,1894,1895
20,0.2,0.5,goco-N,top12426,0.1957477049223015,0.1965303741031427,2426,3684,1396,1095,1894,1895
20,0.2,0.1,global-coarse,global_27.1593,0.1503691534411435,0.1454708111281431,1475,3006,727,489,1475,1483
20,0.2,0.1,global-dense,global_23.4366,0.1925860937907957,0.1926811135785993,1848,3949,889,581,1848,1856
20,0.2,0.1,goco-M,adapt_27.1593_to_23.0262_q0.75,0.1659221885453358,0.1631348407092984,1843,3898,799,555,1624,1631
20,0.2,0.1,goco-N,top10925,0.1795796214083347,0.1756823582144316,2161,3235,1317,1025,1800,1814
21,0.05,0.5,global-coarse,global_62.0008,0.0398319443623539,0.0399657752465036,416,653,241,164,416,416
21,0.05,0.5,global-dense,global_57.4523,0.045482889059637,0.0480783884805129,481,780,264,178,481,489
21,0.05,0.5,goco-M,adapt_62.0008_to_52.5656_q0.75,0.0442771440392458,0.0458759500489394,505,841,254,175,461,476
21,0.05,0.5,goco-N,top3426,0.0484141760413998,0.0475603093584884,769,976,511,422,499,504
21,0.05,0.1,global-coarse,global_62.0008,0.0398319443623539,0.0399657752465036,416,653,241,164,416,416
21,0.05,0.1,global-dense,global_59.3219,0.0433624918730421,0.0452407228583252,454,718,252,168,454,454
21,0.05,0.1,goco-M,adapt_62.0008_to_52.5656_q0.6,0.0423946450735859,0.0437538182606467,500,824,248,172,433,436
21,0.05,0.1,goco-N,top3012,0.0413809917843844,0.0409747814148421,666,841,460,383,433,433
21,0.1,0.5,global-coarse,global_37.7842,0.083509171148807,0.0852720791264038,836,1649,405,274,836,837
21,0.1,0.5,global-dense,global_34.418,0.099812833697815,0.0997646090210581,1000,2021,481,323,1000,1006
21,0.1,0.5,goco-M,adapt_37.7842_to_32.0342_q0.75,0.0958236541190616,0.0966203329632768,1060,2152,478,340,935,945
21,0.1,0.5,goco-N,top6525,0.094158933743129,0.0963328474226529,1386,1883,890,728,935,936
21,0.1,0.1,global-coarse,global_37.7842,0.083509171148807,0.0852720791264038,836,1649,405,274,836,837
21,0.1,0.1,global-dense,global_36.6945,0.0885895869863598,0.0910833897176841,880,1781,423,284,880,886
21,0.1,0.1,goco-M,adapt_37.7842_to_32.0342_q0.6,0.0873134978844536,0.0880243470911149,1012,2043,442,320,850,870
21,0.1,0.1,goco-N,top5736,0.0842740902732628,0.0853391381843582,1221,1647,816,671,836,858
21,0.2,0.5,global-coarse,global_23.0262,0.2038527692382738,0.2011035173035867,1816,4058,931,601,1816,1823
21,0.2,0.5,global-dense,global_23.0262,0.2038527692382738,0.2011035173035867,1816,4058,931,601,1816,1823
21,0.2,0.5,goco-M,adapt_23.0262_to_19.5221_q0.4,0.2028230530849204,0.2003856509108541,2002,4542,933,621,1809,1809
21,0.2,0.5,goco-N,top12426,0.1882623370056138,0.187320477532328,2460,3653,1377,1084,1732,1732
21,0.2,0.1,global-coarse,global_27.1593,0.1476672777872612,0.1477235575387044,1422,2963,731,500,1422,1426
21,0.2,0.1,global-dense,global_23.8149,0.1881942652197465,0.1865996505910114,1732,3825,876,577,1732,1732
21,0.2,0.1,goco-M,adapt_27.1593_to_23.0262_q0.75,0.1627205116186352,0.162566182104643,1760,3858,793,559,1493,1498
21,0.2,0.1,goco-N,top12426,0.1882623370056138,0.187320477532328,2460,3653,1377,1084,1732,1732
22,0.05,0.5,global-coarse,global_62.0008,0.0392172508225466,0.0397263333530404,393,633,229,151,393,393
22,0.05,0.5,global-dense,global_55.6416,0.0500694485489686,0.0493655939407077,468,802,256,160,468,470
22,0.05,0.5,goco-M,adapt_62.0008_to_52.5656_q0.75,0.0480298283980534,0.0467084129830715,483,841,254,164,451,460
22,0.05,0.5,goco-N,top2328,0.0446145359260791,0.0425621924863199,517,656,495,404,429,429
22,0.05,0.1,global-coarse,global_62.0008,0.0392172508225466,0.0397263333530404,393,633,229,151,393,393
22,0.05,0.1,global-dense,global_58.3796,0.0452548416967117,0.0454419000321883,437,728,242,155,437,438
22,0.05,0.1,goco-M,adapt_62.0008_to_52.5656_q0.75,0.0480298283980534,0.0467084129830715,483,841,254,164,451,460
22,0.05,0.1,goco-N,top2328,0.0446145359260791,0.0425621924863199,517,656,495,404,429,429
22,0.1,0.5,global-coarse,global_37.7842,0.0813625050075194,0.0849835883219798,781,1610,386,253,781,784
22,0.1,0.5,global-dense,global_35.5381,0.0923073007992329,0.0972169669817621,883,1851,427,274,892,897
22,0.1,0.5,goco-M,adapt_37.7842_to_32.0342_q0.6,0.0854155659079117,0.0902848121361019,996,2014,439,316,803,827
22,0.1,0.5,goco-N,top5043,0.0865653998463266,0.091157236794566,1044,1401,804,638,803,829
22,0.1,0.1,global-coarse,global_37.7842,0.0813625050075194,0.0849835883219798,781,1610,386,253,781,784
22,0.1,0.1,global-dense,global_36.6945,0.0871725410616598,0.0906372416994571,836,1741,405,264,836,838
22,0.1,0.1,goco-M,adapt_37.7842_to_32.0342_q0.6,0.0854155659079117,0.0902848121361019,996,2014,439,316,803,827
22,0.1,0.1,goco-N,top5043,0.0865653998463266,0.091157236794566,1044,1401,804,638,803,829
22,0.2,0.5,global-coarse,global_27.1593,0.1398286021889662,0.1475990939365198,1358,2860,683,462,1358,1360
22,0.2,0.5,global-dense,global_23.0644,0.1984941779310869,0.1993485033874633,1732,3901,900,570,1732,1732
22,0.2,0.5,goco-M,adapt_27.1593_to_23.0262_q0.75,0.1630558804220405,0.1675478390374818,1673,3715,772,523,1516,1516
22,0.2,0.5,goco-N,top10925,0.1828467698347715,0.1854608528149706,2061,3055,1262,949,1663,1663
22,0.2,0.1,global-coarse,global_27.1593,0.1398286021889662,0.1475990939365198,1358,2860,683,462,1358,1360
22,0.2,0.1,global-dense,global_23.8149,0.1824379351755259,0.1862660774026631,1663,3689,847,549,1663,1663
22,0.2,0.1,goco-M,adapt_27.1593_to_23.0262_q0.75,0.1630558804220405,0.1675478390374818,1673,3715,772,523,1516,1516
22,0.2,0.1,goco-N,top10925,0.1828467698347715,0.1854608528149706,2061,3055,1262,949,1663,1663
23,0.05,0.5,global-coarse,global_62.0008,0.0374460665523967,0.0388759697560911,447,692,233,161,447,449
23,0.05,0.5,global-dense,global_55.6416,0.0453814252221368,0.0480721478824665,518,860,258,174,518,520
23,0.05,0.5,goco-M,adapt_62.0008_to_52.5656_q0.75,0.0429792934964635,0.0452750461475802,539,901,257,181,490,490
23,0.05,0.5,goco-N,top3426,0.0401048889050544,0.0459347328600533,724,990,462,397,462,462
23,0.05,0.1,global-coarse,global_62.0008,0.0374460665523967,0.0388759697560911,447,692,233,161,447,449
23,0.05,0.1,global-dense,global_58.3796,0.0428448292846306,0.0442532303306203,490,789,249,168,490,490
23,0.05,0.1,goco-M,adapt_62.0008_to_52.5656_q0.6,0.0410785704434856,0.0431024968961236,530,870,247,173,462,466
23,0.05,0.1,goco-N,top3012,0.0372821129130603,0.0408352339241386,627,864,404,343,401,443
23,0.1,0.5,global-coarse,global_37.7842,0.0723115366681771,0.0835425028520628,871,1633,386,279,871,871
23,0.1,0.5,global-dense,global_36.1117,0.0828370142706096,0.0925922458927011,928,1766,417,291,928,928
23,0.1,0.5,goco-M,adapt_37.7842_to_32.0342_q0.75,0.0777327921928666,0.0885589284644326,1040,1979,426,321,882,900
23,0.1,0.5,goco-N,top6525,0.0933894359215004,0.0973292289947353,1256,1868,804,645,1034,1041
23,0.1,0.1,global-coarse,global_37.7842,0.0723115366681771,0.0835425028520628,871,1633,386,279,871,871
23,0.1,0.1,global-dense,global_36.6945,0.0793854378049661,0.0896898203802604,903,1724,407,289,903,903
23,0.1,0.1,goco-M,adapt_37.7842_to_32.0342_q0.75,0.0777327921928666,0.0885589284644326,1040,1979,426,321,882,900
23,0.1,0.1,goco-N,top5736,0.0804069712144341,0.0865912885281501,1113,1642,723,585,903,904
23,0.2,0.5,global-coarse,global_27.1593,0.1360104532529025,0.1470967556531082,1395,2780,674,461,1395,1400
23,0.2,0.5,global-dense,global_23.8149,0.172739719844112,0.1866873170727241,1717,3576,828,555,1717,1717
23,0.2,0.5,goco-M,adapt_27.1593_to_23.0262_q0.75,0.1529756296907031,0.1645161237919115,1743,3637,753,531,1559,1565
23,0.2,0.5,goco-N,top12426,0.1702359431466933,0.1798344259399855,2332,3647,1278,1020,1694,1714
23,0.2,0.1,global-coarse,global_27.1593,0.1360104532529025,0.1470967556531082,1395,2780,674,461,1395,1400
23,0.2,0.1,global-dense,global_24.1993,0.1652119337473081,0.1805053229792342,1694,3453,810,549,1694,1696
23,0.2,0.1,goco-M,adapt_27.1593_to_23.0262_q0.75,0.1529756296907031,0.1645161237919115,1743,3637,753,531,1559,1565
23,0.2,0.1,goco-N,top12426,0.1702359431466933,0.1798344259399855,2332,3647,1278,1020,1694,1714
24,0.05,0.5,global-coarse,global_62.0008,0.0416179049195184,0.0383701528618068,443,724,246,164,443,443
24,0.05,0.5,global-dense,global_53.888,0.0565897314656106,0.0521209822044419,522,934,291,181,522,523
24,0.05,0.5,goco-M,adapt_62.0008_to_52.5656_q0.75,0.0479367377898614,0.0447099435718555,523,925,268,178,482,492
24,0.05,0.5,goco-N,top3012,0.0439870362708591,0.0439450373510243,731,914,542,462,458,459
24,0.05,0.1,global-coarse,global_62.0008,0.0416179049195184,0.0383701528618068,443,724,246,164,443,443
24,0.05,0.1,global-dense,global_55.6416,0.0509136670804027,0.0474620473103022,513,894,272,175,513,514
24,0.05,0.1,goco-M,adapt_62.0008_to_52.5656_q0.75,0.0479367377898614,0.0447099435718555,523,925,268,178,482,492
24,0.05,0.1,goco-N,top3012,0.0439870362708591,0.0439450373510243,731,914,542,462,458,459
24,0.1,0.5,global-coarse,global_37.7842,0.0847134385404968,0.0821949168686649,805,1650,406,263,805,814
24,0.1,0.5,global-dense,global_33.8713,0.1018312745040093,0.1004887373627889,938,1992,472,303,938,938
24,0.1,0.5,goco-M,adapt_37.7842_to_32.0342_q0.75,0.0907741789309849,0.0872297656819659,960,2010,433,297,836,838
24,0.1,0.5,goco-N,top5736,0.0998278752002376,0.0967898278665281,1251,1724,879,707,920,923
24,0.1,0.1,global-coarse,global_37.7842,0.0847134385404968,0.0821949168686649,805,1650,406,263,805,814
24,0.1,0.1,global-dense,global_34.9736,0.0943142489377491,0.0945140216384526,877,1879,437,281,877,877
24,0.1,0.1,goco-M,adapt_37.7842_to_32.0342_q0.75,0.0907741789309849,0.0872297656819659,960,2010,433,297,836,838
24,0.1,0.1,goco-N,top5043,0.0847752716184656,0.0827808348362907,1139,1531,805,657,805,814
24,0.2,0.5,global-coarse,global_23.0262,0.1985242246659536,0.1988619538842137,1698,4033,909,591,1698,1705
24,0.2,0.5,global-dense,global_23.0262,0.1985242246659536,0.1988619538842137,1698,4033,909,591,1698,1705
24,0.2,0.5,goco-M,adapt_23.0262_to_19.5221_q0.4,0.1988220164885452,0.1980275586998004,1886,4506,917,617,1698,1705
24,0.2,0.5,goco-N,top12426,0.1994211243176903,0.1928261867805253,2481,3761,1383,1080,1698,1712
24,0.2,0.1,global-coarse,global_27.1593,0.1470399572385505,0.1452277512803102,1304,2889,710,476,1304,1306
24,0.2,0.1,global-dense,global_23.8149,0.1858885658028981,0.1845993631277189,1622,3781,866,570,1622,1622
24,0.2,0.1,goco-M,adapt_27.1593_to_23.0262_q0.75,0.1654081027517348,0.1638858652283072,1650,3869,797,554,1422,1426
24,0.2,0.1,goco-N,top12426,0.1994211243176903,0.1928261867805253,2481,3761,1383,1080,1698,1712
25,0.05,0.5,global-coarse,global_62.0008,0.043732884134208,0.0397857832607453,407,704,238,155,407,407
25,0.05,0.5,global-dense,global_55.6416,0.0538452824240991,0.0494529623133568,466,870,266,164,466,470
25,0.05,0.5,goco-M,adapt_62.0008_to_52.5656_q0.75,0.0500349705459345,0.046464044301677,476,894,260,169,436,438
25,0.05,0.5,goco-N,top3897,0.0518283289667001,0.0451476720666202,801,1184,501,415,449,456
25,0.05,0.1,global-coarse,global_62.0008,0.043732884134208,0.0397857832607453,407,704,238,155,407,407
25,0.05,0.1,global-dense,global_56.5397,0.0529104359989755,0.0482948386969631,456,843,264,163,456,456
25,0.05,0.1,goco-M,adapt_62.0008_to_52.5656_q0.75,0.0500349705459345,0.046464044301677,476,894,260,169,436,438
25,0.05,0.1,goco-N,top3897,0.0518283289667001,0.0451476720666202,801,1184,501,415,449,456
25,0.1,0.5,global-coarse,global_37.7842,0.0878972358492424,0.084704348930449,775,1639,410,265,775,777
25,0.1,0.5,global-dense,global_34.418,0.1019030215865135,0.0993101949475242,913,1957,480,314,913,917
25,0.1,0.5,goco-M,adapt_37.7842_to_32.0342_q0.75,0.0957771013521944,0.092007874101956,962,2055,461,318,843,845
25,0.1,0.5,goco-N,top7422,0.0991142203952967,0.0961156363523646,1442,2206,868,709,861,862
25,0.1,0.1,global-coarse,global_37.7842,0.0878972358492424,0.084704348930449,775,1639,410,265,775,777
25,0.1,0.1,global-dense,global_36.1117,0.0954466050659679,0.0936927808323862,843,1791,440,283,843,843
25,0.1,0.1,goco-M,adapt_37.7842_to_32.0342_q0.75,0.0957771013521944,0.092007874101956,962,2055,461,318,843,845
25,0.1,0.1,goco-N,top7422,0.0991142203952967,0.0961156363523646,1442,2206,868,709,861,862
25,0.2,0.5,global-coarse,global_23.0262,0.2100606554893749,0.2014905987438356,1731,4088,924,584,1731,1740
25,0.2,0.5,global-dense,global_22.698,0.2141152014812398,0.20424255777942,1772,4183,939,594,1772,1777
25,0.2,0.5,goco-M,adapt_23.0262_to_19.5221_q0.5,0.2122036527944403,0.2031770511818256,1961,4693,930,613,1731,1741
25,0.2,0.5,goco-N,top14135,0.2027299192959119,0.196648677119887,2572,4219,1399,1093,1640,1653
25,0.2,0.1,global-coarse,global_27.1593,0.1537404810056858,0.1487048243980235,1330,2935,717,473,1330,1336
25,0.2,0.1,global-dense,global_23.4366,0.2041118083668369,0.196833112518216,1658,3925,896,564,1658,1669
25,0.2,0.1,goco-M,adapt_27.1593_to_23.0262_q0.75,0.1742931751418366,0.1683505597236753,1684,3921,806,549,1493,1493
25,0.2,0.1,goco-N,top12426,0.1797628439844628,0.1751645698391668,2316,3740,1298,1017,1519,1535
26,0.05,0.5,global-coarse,global_62.0008,0.0385247355044624,0.0402252527442208,408,639,231,156,408,409
26,0.05,0.5,global-dense,global_56.5397,0.0456803987627322,0.0484367301893857,466,778,252,166,466,466
26,0.05,0.5,goco-M,adapt_62.0008_to_52.5656_q0.75,0.0460719703686191,0.0469100828357277,487,842,251,168,466,467
26,0.05,0.5,goco-N,top3012,0.0406500581200622,0.0452545726066211,682,893,461,393,418,418
26,0.05,0.1,global-coarse,global_62.0008,0.0385247355044624,0.0402252527442208,408,639,231,156,408,409
26,0.05,0.1,global-dense,global_59.3219,0.0440520519337234,0.0451438293623422,436,710,245,159,436,436
26,0.05,0.1,goco-M,adapt_62.0008_to_52.5656_q0.6,0.0436929881592686,0.0448063443890454,480,819,243,164,423,425
26,0.05,0.1,goco-N,top2648,0.0361541265244202,0.0403523638728494,580,766,384,322,375,393
26,0.1,0.5,global-coarse,global_37.7842,0.078646787635203,0.0848774434131034,771,1549,380,252,771,773
26,0.1,0.5,global-dense,global_34.9736,0.0933710292833172,0.0974155712774832,879,1819,439,281,879,879
26,0.1,0.5,goco-M,adapt_37.7842_to_32.0342_q0.75,0.0880827603417591,0.0946928092982721,990,2009,448,314,822,840
26,0.1,0.5,goco-N,top5736,0.0835290519713358,0.0893550177692818,1275,1710,813,670,791,814
26,0.1,0.1,global-coarse,global_37.7842,0.078646787635203,0.0848774434131034,771,1549,380,252,771,773
26,0.1,0.1,global-dense,global_36.6945,0.0849033959191178,0.0906059839671372,822,1676,405,266,822,822
26,0.1,0.1,goco-M,adapt_37.7842_to_32.0342_q0.6,0.0809999934327613,0.0876034899176022,941,1888,414,295,791,799
26,0.1,0.1,goco-N,top5736,0.0835290519713358,0.0893550177692818,1275,1710,813,670,791,814
26,0.2,0.5,global-coarse,global_27.1593,0.1352104740292576,0.1469387401274558,1361,2842,683,473,1361,1368
26,0.2,0.5,global-dense,global_23.4366,0.1856762949747082,0.1950357477380261,1707,3778,867,569,1707,1715
26,0.2,0.5,goco-M,adapt_27.1593_to_23.0262_q0.75,0.1541406317931057,0.1651241047351111,1697,3718,759,538,1425,1465
26,0.2,0.5,goco-N,top12426,0.1750365668005297,0.1899735092378456,2471,3685,1279,1022,1650,1662
26,0.2,0.1,global-coarse,global_27.1593,0.1352104740292576,0.1469387401274558,1361,2842,683,473,1361,1368
26,0.2,0.1,global-dense,global_23.8149,0.1774692391931799,0.185602652362042,1678,3673,842,560,1678,1678
26,0.2,0.1,goco-M,adapt_27.1593_to_23.0262_q0.75,0.1541406317931057,0.1651241047351111,1697,3718,759,538,1425,1465
26,0.2,0.1,goco-N,top10925,0.1558505169955314,0.1693615957393719,2220,3254,1199,963,1486,1491
27,0.05,0.5,global-coarse,global_62.0008,0.0422542703469472,0.0389702356318441,424,710,245,166,424,425
27,0.05,0.5,global-dense,global_54.7578,0.055949425694978,0.0514087328958345,508,927,286,182,508,511
27,0.05,0.5,goco-M,adapt_62.0008_to_52.5656_q0.75,0.0480677542013909,0.0438623718214006,509,932,259,176,469,469
27,0.05,0.5,goco-N,top3012,0.0512618949110467,0.0500022991677013,652,864,509,418,495,500
27,0.05,0.1,global-coarse,global_62.0008,0.0422542703469472,0.0389702356318441,424,710,245,166,424,425
27,0.05,0.1,global-dense,global_56.5397,0.0506698583446618,0.0475075379855349,495,878,269,177,495,495
27,0.05,0.1,goco-M,adapt_62.0008_to_52.5656_q0.75,0.0480677542013909,0.0438623718214006,509,932,259,176,469,469
27,0.05,0.1,goco-N,top2648,0.043883602261757,0.0422770956913597,578,757,466,386,439,439
27,0.1,0.5,global-coarse,global_37.7842,0.0845991685875839,0.0837691350969044,800,1675,396,261,800,801
27,0.1,0.5,global-dense,global_34.418,0.0995857714206907,0.0991930468789345,938,1986,467,312,938,939
27,0.1,0.5,goco-M,adapt_37.7842_to_32.0342_q0.75,0.0890513384927948,0.089159065976558,990,2074,443,317,814,832
27,0.1,0.5,goco-N,top5736,0.0994173217487243,0.0952344822602789,1131,1615,815,644,881,928
27,0.1,0.1,global-coarse,global_37.7842,0.0845991685875839,0.0837691350969044,800,1675,396,261,800,801
27,0.1,0.1,global-dense,global_36.1117,0.0941277393594315,0.0925646558802856,865,1835,435,282,865,865
27,0.1,0.1,goco-M,adapt_37.7842_to_32.0342_q0.75,0.0890513384927948,0.089159065976558,990,2074,443,317,814,832
27,0.1,0.1,goco-N,top5736,0.0994173217487243,0.0952344822602789,1131,1615,815,644,881,928
27,0.2,0.5,global-coarse,global_27.1593,0.1469116974598977,0.1485289181626607,1365,2918,716,483,1365,1371
27,0.2,0.5,global-dense,global_23.4366,0.1942432467052162,0.1975047070442367,1726,3925,892,583,1726,1727
27,0.2,0.5,goco-M,adapt_27.1593_to_23.0262_q0.75,0.1633246508780873,0.1636652075273073,1704,3831,779,543,1534,1541
27,0.2,0.5,goco-N,top12426,0.1927787148722192,0.1860957802639413,2321,3598,1311,1007,1704,1718
27,0.2,0.1,global-coarse,global_27.1593,0.1469116974598977,0.1485289181626607,1365,2918,716,483,1365,1371
27,0.2,0.1,global-dense,global_23.8149,0.1827500996876588,0.1871157049425846,1704,3805,859,573,1704,1704
27,0.2,0.1,goco-M,adapt_27.1593_to_23.0262_q0.75,0.1633246508780873,0.1636652075273073,1704,3831,779,543,1534,1541
27,0.2,0.1,goco-N,top12426,0.1927787148722192,0.1860957802639413,2321,3598,1311,1007,1704,1718
28,0.05,0.5,global-coarse,global_62.0008,0.0398614969363831,0.0386197767836614,420,643,241,162,420,421
28,0.05,0.5,global-dense,global_55.6416,0.0463266150481706,0.0477325279677328,484,796,263,173,484,484
28,0.05,0.5,goco-M,adapt_62.0008_to_52.5656_q0.75,0.0475412258407707,0.0462498932529281,494,844,263,173,484,484
28,0.05,0.5,goco-N,top2648,0.0403346664827839,0.0431295942297459,558,729,481,404,420,431
28,0.05,0.1,global-coarse,global_62.0008,0.0398614969363831,0.0386197767836614,420,643,241,162,420,421
28,0.05,0.1,global-dense,global_58.3796,0.0432477293772287,0.0439434995960033,450,717,248,163,450,452
28,0.05,0.1,goco-M,adapt_62.0008_to_52.5656_q0.75,0.0475412258407707,0.0462498932529281,494,844,263,173,484,484
28,0.05,0.1,goco-N,top2648,0.0403346664827839,0.0431295942297459,558,729,481,404,420,431
28,0.1,0.5,global-coarse,global_37.7842,0.0792386600206211,0.0815181404331631,786,1539,397,264,786,787
28,0.1,0.5,global-dense,global_33.8713,0.1025459542526154,0.1007728488001629,964,1952,493,321,964,968
28,0.1,0.5,goco-M,adapt_37.7842_to_32.0342_q0.75,0.0936970180557272,0.0934045637384028,1011,2026,475,332,866,868
28,0.1,0.5,goco-N,top5043,0.091044584983352,0.0892675647952237,1024,1454,843,676,839,848
28,0.1,0.1,global-coarse,global_37.7842,0.0792386600206211,0.0815181404331631,786,1539,397,264,786,787
28,0.1,0.1,global-dense,global_34.9736,0.0960266564217743,0.0949094237409867,895,1828,457,297,895,895
28,0.1,0.1,goco-M,adapt_37.7842_to_32.0342_q0.75,0.0936970180557272,0.0934045637384028,1011,2026,475,332,866,868
28,0.1,0.1,goco-N,top5043,0.091044584983352,0.0892675647952237,1024,1454,843,676,839,848
28,0.2,0.5,global-coarse,global_23.0262,0.2041023830336822,0.1993726307094735,1766,3995,934,597,1766,1774
28,0.2,0.5,global-dense,global_23.0262,0.2041023830336822,0.1993726307094735,1766,3995,934,597,1766,1774
28,0.2,0.5,goco-M,adapt_23.0262_to_19.5221_q0.5,0.203382209793293,0.1993256933274014,1994,4586,942,630,1757,1758
28,0.2,0.5,goco-N,top12426,0.2015128828327008,0.1972930556019095,2352,3696,1386,1067,1720,1745
28,0.2,0.1,global-coarse,global_27.1593,0.1488492556034963,0.1456506538172974,1369,2883,723,477,1369,1373
28,0.2,0.1,global-dense,global_23.8149,0.1914347312923542,0.1854701250205893,1692,3761,886,569,1692,1692
28,0.2,0.1,goco-M,adapt_27.1593_to_23.0262_q0.75,0.1665287478700594,0.1622092124383162,1685,3753,792,534,1503,1507
28,0.2,0.1,goco-N,top10925,0.1780447211042991,0.1770170072642827,2105,3216,1298,1006,1616,1629
29,0.05,0.5,global-coarse,global_62.0008,0.0382774789684181,0.0386710153781474,417,641,230,150,417,417
29,0.05,0.5,global-dense,global_55.6416,0.0481835017830052,0.0482756242240309,476,788,259,162,476,477
29,0.05,0.5,goco-M,adapt_62.0008_to_52.5656_q0.75,0.0424374963059282,0.0442433767547576,488,809,243,162,449,450
29,0.05,0.5,goco-N,top2648,0.0432974762101779,0.0450296289446517,575,757,502,417,451,451
29,0.05,0.1,global-coarse,global_62.0008,0.0382774789684181,0.0386710153781474,417,641,230,150,417,417
29,0.05,0.1,global-dense,global_58.3796,0.0429123076619973,0.0445291304547753,451,718,243,155,451,451
29,0.05,0.1,goco-M,adapt_62.0008_to_52.5656_q0.75,0.0424374963059282,0.0442433767547576,488,809,243,162,449,450
29,0.05,0.1,goco-N,top2648,0.0432974762101779,0.0450296289446517,575,757,502,417,451,451
29,0.1,0.5,global-coarse,global_37.7842,0.0805837946818501,0.0829358510314504,786,1571,393,250,786,787
29,0.1,0.5,global-dense,global_34.418,0.0959563869679715,0.0971233032689785,920,1889,458,288,920,922
29,0.1,0.5,goco-M,adapt_37.7842_to_32.0342_q0.75,0.0898570640502787,0.092997994249891,1001,2014,465,317,853,858
29,0.1,0.5,goco-N,top5736,0.0989673017186463,0.0966903944142183,1181,1656,887,711,920,928
29,0.1,0.1,global-coarse,global_37.7842,0.0805837946818501,0.0829358510314504,786,1571,393,250,786,787
29,0.1,0.1,global-dense,global_36.1117,0.0888997248326995,0.091617727239882,853,1730,423,266,853,853
29,0.1,0.1,goco-M,adapt_37.7842_to_32.0342_q0.75,0.0898570640502787,0.092997994249891,1001,2014,465,317,853,858
29,0.1,0.1,goco-N,top5043,0.0867018342297614,0.08556050676688,1069,1462,821,664,831,838
29,0.2,0.5,global-coarse,global_27.1593,0.1413000712338734,0.1448508719097765,1339,2836,703,469,1339,1343
29,0.2,0.5,global-dense,global_23.4366,0.1893284182549557,0.1950663324871927,1656,3755,876,559,1656,1658
29,0.2,0.5,goco-M,adapt_27.1593_to_23.0262_q0.75,0.15756879106194,0.1616688198466874,1637,3667,767,520,1446,1475
29,0.2,0.5,goco-N,top12426,0.1993698017931997,0.1979865353099389,2403,3697,1348,1042,1745,1765
29,0.2,0.1,global-coarse,global_27.1593,0.1413000712338734,0.1448508719097765,1339,2836,703,469,1339,1343
29,0.2,0.1,global-dense,global_23.8149,0.1801925241531949,0.1847649548592872,1632,3645,849,550,1632,1632
29,0.2,0.1,goco-M,adapt_27.1593_to_23.0262_q0.75,0.15756879106194,0.1616688198466874,1637,3667,767,520,1446,1475
29,0.2,0.1,goco-N,top10925,0.1804274645503441,0.1768021355723107,2137,3236,1261,979,1632,1632
30,0.05,0.5,global-coarse,global_62.0008,0.0359113028744803,0.0389370619264397,419,617,225,155,419,419
30,0.05,0.5,global-dense,global_56.5397,0.0442229643201922,0.0478442018275098,487,756,252,166,487,487
30,0.05,0.5,goco-M,adapt_62.0008_to_52.5656_q0.6,0.0412347065429398,0.0435271860158051,513,803,245,169,463,463
30,0.05,0.5,goco-N,top3426,0.0536297277401952,0.048897310212664,725,962,522,423,591,604
30,0.05,0.1,global-coarse,global_62.0008,0.0359113028744803,0.0389370619264397,419,617,225,155,419,419
30,0.05,0.1,global-dense,global_59.3219,0.0406101621451228,0.0441844195258459,451,687,240,161,451,459
30,0.05,0.1,goco-M,adapt_62.0008_to_52.5656_q0.6,0.0412347065429398,0.0435271860158051,513,803,245,169,463,463
30,0.05,0.1,goco-N,top3012,0.04392811022931,0.0417217720431956,627,829,444,364,474,485
30,0.1,0.5,global-coarse,global_37.7842,0.0776378955940395,0.0828398334088774,848,1569,400,271,848,865
30,0.1,0.5,global-dense,global_34.9736,0.0903038004610201,0.0956126953471414,947,1804,448,296,947,949
30,0.1,0.5,goco-M,adapt_37.7842_to_32.0342_q0.75,0.0850586215604833,0.0900652963627166,1043,1967,455,330,892,896
30,0.1,0.5,goco-N,top5736,0.0892346092284031,0.0907269540287887,1177,1615,825,668,919,922
30,0.1,0.1,global-coarse,global_37.7842,0.0776378955940395,0.0828398334088774,848,1569,400,271,848,865
30,0.1,0.1,global-dense,global_36.1117,0.0871994667402197,0.0915189725129027,919,1725,433,287,919,920
30,0.1,0.1,goco-M,adapt_37.7842_to_32.0342_q0.75,0.0850586215604833,0.0900652963627166,1043,1967,455,330,892,896
30,0.1,0.1,goco-N,top5736,0.0892346092284031,0.0907269540287887,1177,1615,825,668,919,922
30,0.2,0.5,global-coarse,global_27.1593,0.1402089337132779,0.1447174106989253,1398,2815,697,470,1398,1400
30,0.2,0.5,global-dense,global_23.0644,0.1953569441920947,0.1978205790862153,1796,3920,900,580,1796,1796
30,0.2,0.5,goco-M,adapt_27.1593_to_23.0262_q0.75,0.1573350949890291,0.1610253013577054,1737,3710,767,532,1527,1535
30,0.2,0.5,goco-N,top12426,0.1819955833712557,0.1898859972663255,2357,3534,1342,1063,1727,1737
30,0.2,0.1,global-coarse,global_27.1593,0.1402089337132779,0.1447174106989253,1398,2815,697,470,1398,1400
30,0.2,0.1,global-dense,global_23.8149,0.1809671763859624,0.1844861601036681,1727,3696,851,558,1727,1727
30,0.2,0.1,goco-M,adapt_27.1593_to_23.0262_q0.75,0.1573350949890291,0.1610253013577054,1737,3710,767,532,1527,1535
30,0.2,0.1,goco-N,top10925,0.1612939868939041,0.1678100099192663,2091,3080,1232,980,1575,1575
31,0.05,0.5,global-coarse,global_62.0008,0.0369131351340701,0.0384683601679049,426,671,228,159,426,427
31,0.05,0.5,global-dense,global_55.6416,0.045925192584274,0.0476274231585308,499,842,253,169,499,500
31,0.05,0.5,goco-M,adapt_62.0008_to_52.5656_q0.75,0.042868471343854,0.0448175117750231,514,884,241,168,470,479
31,0.05,0.5,goco-N,top2648,0.0401363358748547,0.0427244480355254,636,809,461,389,448,449
31,0.05,0.1,global-coarse,global_62.0008,0.0369131351340701,0.0384683601679049,426,671,228,159,426,427
31,0.05,0.1,global-dense,global_58.3796,0.0418119668223102,0.0437947106004769,470,772,239,162,470,471
31,0.05,0.1,goco-M,adapt_62.0008_to_52.5656_q0.75,0.042868471343854,0.0448175117750231,514,884,241,168,470,479
31,0.05,0.1,goco-N,top2648,0.0401363358748547,0.0427244480355254,636,809,461,389,448,449
31,0.1,0.5,global-coarse,global_37.7842,0.0814918796093806,0.0839776477105763,825,1645,401,265,825,841
31,0.1,0.5,global-dense,global_34.418,0.0956432938642289,0.0983006961003926,952,1941,471,312,952,955
31,0.1,0.5,goco-M,adapt_37.7842_to_32.0342_q0.75,0.0932465801104609,0.093340789205736,1002,2050,469,321,895,899
31,0.1,0.5,goco-N,top5736,0.099923163307524,0.0990130250338554,1204,1699,842,662,952,968
31,0.1,0.1,global-coarse,global_37.7842,0.0814918796093806,0.0839776477105763,825,1645,401,265,825,841
31,0.1,0.1,global-dense,global_36.1117,0.0889850989354506,0.0924048637250458,880,1784,432,284,880,880
31,0.1,0.1,goco-M,adapt_37.7842_to_32.0342_q0.75,0.0932465801104609,0.093340789205736,1002,2050,469,321,895,899
31,0.1,0.1,goco-N,top5043,0.0895103138483361,0.0877589325651127,1079,1500,783,618,880,880
31,0.2,0.5,global-coarse,global_23.0262,0.2114171716533821,0.2000268221041727,1765,4003,948,596,1765,1774
31,0.2,0.5,global-dense,global_22.698,0.2145866473300981,0.2025672975236659,1804,4094,966,610,1804,1822
31,0.2,0.5,goco-M,adapt_23.0262_to_19.5221_q0.5,0.2123521403051813,0.2029074263001852,2036,4729,962,643,1765,1777
31,0.2,0.5,goco-N,top12426,0.2046174985179341,0.2009991927201603,2425,3762,1354,1032,1688,1703
31,0.2,0.1,global-coarse,global_27.1593,0.1514830765244501,0.1474210776424875,1364,2893,730,477,1364,1369
31,0.2,0.1,global-dense,global_23.4366,0.2073058337243366,0.1956460507275619,1713,3872,929,581,1713,1715
31,0.2,0.1,goco-M,adapt_27.1593_to_23.0262_q0.75,0.1800421888923836,0.1728565720204173,1727,3863,841,564,1526,1566
31,0.2,0.1,goco-N,top10925,0.1827499908954191,0.1780647076670666,2170,3312,1262,970,1611,1611
32,0.05,0.5,global-coarse,global_62.0008,0.0407608802726717,0.0396655696352206,424,681,242,163,424,424
32,0.05,0.5,global-dense,global_55.6416,0.0500039403432038,0.0485625275078992,507,870,272,180,507,512
32,0.05,0.5,goco-M,adapt_62.0008_to_52.5656_q0.75,0.0514884646452706,0.0500522239520722,530,938,279,188,507,512
32,0.05,0.5,goco-N,top3426,0.0517533631724777,0.0483387766875144,756,1015,516,419,507,512
32,0.05,0.1,global-coarse,global_62.0008,0.0407608802726717,0.0396655696352206,424,681,242,163,424,424
32,0.05,0.1,global-dense,global_58.3796,0.0465531847823945,0.0449025809799709,474,794,258,170,474,475
32,0.05,0.1,goco-M,adapt_62.0008_to_52.5656_q0.6,0.0470339066532695,0.0443020055311405,513,891,261,178,474,477
32,0.05,0.1,goco-N,top3012,0.0423694358324064,0.0403618143478813,682,902,452,374,439,439
32,0.1,0.5,global-coarse,global_37.7842,0.0830571809471271,0.0827206051409389,863,1721,425,293,863,864
32,0.1,0.5,global-dense,global_34.418,0.0966099913969173,0.0970243295736467,1022,2052,491,341,1022,1024
32,0.1,0.5,goco-M,adapt_37.7842_to_32.0342_q0.75,0.0916841594024051,0.0928732370310519,1087,2185,486,354,945,949
32,0.1,0.5,goco-N,top5736,0.0842459774400196,0.0858450569065826,1258,1708,822,675,885,894
32,0.1,0.1,global-coarse,global_37.7842,0.0830571809471271,0.0827206051409389,863,1721,425,293,863,864
32,0.1,0.1,global-dense,global_35.5381,0.0937589889079338,0.0945303895228022,962,1946,468,316,962,962
32,0.1,0.1,goco-M,adapt_37.7842_to_32.0342_q0.75,0.0916841594024051,0.0928732370310519,1087,2185,486,354,945,949
32,0.1,0.1,goco-N,top5736,0.0842459774400196,0.0858450569065826,1258,1708,822,675,885,894
32,0.2,0.5,global-coarse,global_23.0262,0.2056249731053206,0.1984387022443995,1831,4164,928,600,1831,1843
32,0.2,0.5,global-dense,global_22.698,0.2077242724636187,0.2010154142465495,1878,4262,945,617,1878,1883
32,0.2,0.5,goco-M,adapt_23.0262_to_19.5221_q0.6,0.2094663074870672,0.2027865884925062,2104,4922,948,650,1878,1893
32,0.2,0.5,goco-N,top12426,0.1842654070519192,0.1894851355018274,2406,3663,1354,1082,1719,1734
32,0.2,0.1,global-coarse,global_27.1593,0.1507219094517398,0.1455873719634238,1445,3063,737,499,1445,1448
32,0.2,0.1,global-dense,global_23.4366,0.2004521065331135,0.1942545613672665,1775,4023,903,583,1775,1776
32,0.2,0.1,goco-M,adapt_27.1593_to_23.0262_q0.75,0.1656994455918742,0.1616219108752561,1772,3956,795,555,1564,1564
32,0.2,0.1,goco-N,top12426,0.1842654070519192,0.1894851355018274,2406,3663,1354,1082,1719,1734
33,0.05,0.5,global-coarse,global_62.0008,0.035777331205548,0.0387265238555071,476,722,250,184,476,476
33,0.05,0.5,global-dense,global_56.5397,0.0443081742419764,0.0472710521648306,555,875,274,193,555,555
33,0.05,0.5,goco-M,adapt_62.0008_to_52.5656_q0.75,0.0407628504442736,0.0441964080431455,575,921,262,193,513,523
33,0.05,0.5,goco-N,top3012,0.0393600882636877,0.0446724999835773,743,902,520,444,497,501
33,0.05,0.1,global-coarse,global_62.0008,0.035777331205548,0.0387265238555071,476,722,250,184,476,476
33,0.05,0.1,global-dense,global_58.3796,0.0407697460448805,0.0443041404725775,527,820,263,189,527,527
33,0.05,0.1,goco-M,adapt_62.0008_to_52.5656_q0.75,0.0407628504442736,0.0441964080431455,575,921,262,193,513,523
33,0.05,0.1,goco-N,top2648,0.0340780581988691,0.0366828922215872,670,805,469,404,438,473
33,0.1,0.5,global-coarse,global_37.7842,0.0800291913759021,0.0850118899815409,928,1677,428,297,928,930
33,0.1,0.5,global-dense,global_35.5381,0.0922897334357822,0.0969682189333175,1030,1930,468,315,1030,1047
33,0.1,0.5,goco-M,adapt_37.7842_to_32.0342_q0.6,0.083511380129088,0.0895673324698017,1156,2104,467,349,947,959
33,0.1,0.5,goco-N,top5736,0.0860777823748448,0.0940650270316431,1327,1724,894,744,978,981
33,0.1,0.1,global-coarse,global_37.7842,0.0800291913759021,0.0850118899815409,928,1677,428,297,928,930
33,0.1,0.1,global-dense,global_36.6945,0.0859561242784246,0.0904474508799243,978,1816,445,307,978,978
33,0.1,0.1,goco-M,adapt_37.7842_to_32.0342_q0.6,0.083511380129088,0.0895673324698017,1156,2104,467,349,947,959
33,0.1,0.1,goco-N,top5043,0.0760929526961798,0.0843010639672248,1173,1504,822,685,895,904
33,0.2,0.5,global-coarse,global_27.1593,0.1438207117665123,0.1470635719945969,1550,3030,738,511,1550,1560
33,0.2,0.5,global-dense,global_23.4366,0.1885667974052335,0.1957615809321307,1945,4023,919,619,1945,1949
33,0.2,0.5,goco-M,adapt_27.1593_to_23.0262_q0.75,0.1598753796966822,0.1638757062361791,1922,3942,811,578,1751,1751
33,0.2,0.5,goco-N,top12426,0.2017616236948053,0.1981611546258394,2648,3907,1442,1131,2050,2088
33,0.2,0.1,global-coarse,global_27.1593,0.1438207117665123,0.1470635719945969,1550,3030,738,511,1550,1560
33,0.2,0.1,global-dense,global_23.8149,0.180501398798875,0.1862620964188512,1919,3931,898,613,1919,1919
33,0.2,0.1,goco-M,adapt_27.1593_to_23.0262_q0.75,0.1598753796966822,0.1638757062361791,1922,3942,811,578,1751,1751
33,0.2,0.1,goco-N,top10925,0.1784017154198478,0.17835510449979,2369,3411,1363,1083,1892,1915
34,0.05,0.5,global-coarse,global_62.0008,0.0428847252595701,0.0392198595536987,378,655,230,148,378,379
34,0.05,0.5,global-dense,global_55.6416,0.0520918296983667,0.0490954417358059,449,810,262,162,449,452
34,0.05,0.5,goco-M,adapt_62.0008_to_52.5656_q0.75,0.0494951435270012,0.0462099862706842,465,847,256,163,415,421
34,0.05,0.5,goco-N,top3426,0.0466235736405368,0.0459612780346674,719,999,477,406,395,397
34,0.05,0.1,global-coarse,global_62.0008,0.0428847252595701,0.0392198595536987,378,655,230,148,378,379
34,0.05,0.1,global-dense,global_56.5397,0.0511333412140197,0.0479097281069966,440,791,258,160,440,440
34,0.05,0.1,goco-M,adapt_62.0008_to_52.5656_q0.75,0.0494951435270012,0.0462099862706842,465,847,256,163,415,421
34,0.05,0.1,goco-N,top3426,0.0466235736405368,0.0459612780346674,719,999,477,406,395,397
34,0.1,0.5,global-coarse,global_37.7842,0.0874363798753538,0.0844329376575203,819,1677,410,268,819,820
34,0.1,0.5,global-dense,global_34.418,0.1045430515331218,0.0996929516277012,973,2023,494,325,973,978
34,0.1,0.5,goco-M,adapt_37.7842_to_32.0342_q0.75,0.0967193359208253,0.093961181290468,1030,2122,478,338,866,873
34,0.1,0.5,goco-N,top6525,0.1012618659379349,0.0946294986434397,1309,1953,843,683,891,896
34,0.1,0.1,global-coarse,global_37.7842,0.0874363798753538,0.0844329376575203,819,1677,410,268,819,820
34,0.1,0.1,global-dense,global_34.9736,0.1034893380880141,0.0976768552641086,920,1939,472,300,920,920
34,0.1,0.1,goco-M,adapt_37.7842_to_32.0342_q0.75,0.0967193359208253,0.093961181290468,1030,2122,478,338,866,873
34,0.1,0.1,goco-N,top6525,0.1012618659379349,0.0946294986434397,1309,1953,843,683,891,896
34,0.2,0.5,global-coarse,global_27.1593,0.1544203050202222,0.1486355557503302,1392,3017,725,480,1392,1403
34,0.2,0.5,global-dense,global_23.4366,0.2009336425551836,0.1978667526262112,1720,4007,887,562,1720,1723
34,0.2,0.5,goco-M,adapt_27.1593_to_23.0262_q0.75,0.1685620339149872,0.1640679096032625,1721,3952,779,532,1457,1464
34,0.2,0.5,goco-N,top12426,0.1844852548393706,0.1785611340479216,2296,3727,1270,998,1628,1667
34,0.2,0.1,global-coarse,global_27.1593,0.1544203050202222,0.1486355557503302,1392,3017,725,480,1392,1403
34,0.2,0.1,global-dense,global_23.8149,0.1910518616918139,0.1874832147802648,1695,3882,861,556,1695,1695
34,0.2,0.1,goco-M,adapt_27.1593_to_23.0262_q0.75,0.1685620339149872,0.1640679096032625,1721,3952,779,532,1457,1464
34,0.2,0.1,goco-N,top12426,0.1844852548393706,0.1785611340479216,2296,3727,1270,998,1628,1667
35,0.05,0.5,global-coarse,global_62.0008,0.0351793841243572,0.0388053524624086,394,617,217,147,394,394
35,0.05,0.5,global-dense,global_56.5397,0.0442663080954351,0.0475285589473753,452,752,244,158,452,452
35,0.05,0.5,goco-M,adapt_62.0008_to_52.5656_q0.75,0.0403126662332289,0.0429808052342195,471,797,232,158,405,405
35,0.05,0.5,goco-N,top3426,0.0455996963547646,0.0467726602883176,701,969,463,382,458,459
35,0.05,0.1,global-coarse,global_62.0008,0.0351793841243572,0.0388053524624086,394,617,217,147,394,394
35,0.05,0.1,global-dense,global_58.3796,0.0422015682565951,0.0448386969631279,426,700,235,152,426,426
35,0.05,0.1,goco-M,adapt_62.0008_to_52.5656_q0.75,0.0403126662332289,0.0429808052342195,471,797,232,158,405,405
35,0.05,0.1,goco-N,top3012,0.0393097891856683,0.0395131577087708,618,847,412,342,405,405
35,0.1,0.5,global-coarse,global_37.7842,0.0777510162801846,0.0831109162292773,815,1582,387,262,815,833
35,0.1,0.5,global-dense,global_34.418,0.0908677620820773,0.0969517415647916,974,1910,455,315,974,976
35,0.1,0.5,goco-M,adapt_37.7842_to_32.0342_q0.75,0.0855658661202724,0.0925863337471835,1038,2032,450,333,898,900
35,0.1,0.5,goco-N,top6525,0.0910069955787787,0.0945545629398574,1263,1806,776,626,974,976
35,0.1,0.1,global-coarse,global_37.7842,0.0777510162801846,0.0831109162292773,815,1582,387,262,815,833
35,0.1,0.1,global-dense,global_36.1117,0.0853575204733665,0.0909542531317948,898,1745,420,283,898,900
35,0.1,0.1,goco-M,adapt_37.7842_to_32.0342_q0.6,0.0782151558734099,0.0844935670083966,994,1922,418,311,838,851
35,0.1,0.1,goco-N,top5736,0.0817463750335078,0.0843922608407364,1126,1599,719,581,838,860
35,0.2,0.5,global-coarse,global_27.1593,0.1345481530835275,0.144784820795305,1385,2826,674,472,1385,1391
35,0.2,0.5,global-dense,global_23.4366,0.1861456658941355,0.1931600722953069,1717,3785,861,567,1717,1719
35,0.2,0.5,goco-M,adapt_27.1593_to_23.0262_q0.75,0.1486754987897788,0.1600629131215147,1705,3700,733,528,1451,1489
35,0.2,0.5,goco-N,top12426,0.1787842277705744,0.1813804476206186,2281,3502,1222,950,1694,1706
35,0.2,0.1,global-coarse,global_27.1593,0.1345481530835275,0.144784820795305,1385,2826,674,472,1385,1391
35,0.2,0.1,global-dense,global_23.8149,0.1740391037668865,0.1828429004265417,1694,3665,830,561,1694,1694
35,0.2,0.1,goco-M,adapt_27.1593_to_23.0262_q0.75,0.1486754987897788,0.1600629131215147,1705,3700,733,528,1451,1489
35,0.2,0.1,goco-N,top12426,0.1787842277705744,0.1813804476206186,2281,3502,1222,950,1694,1706
36,0.05,0.5,global-coarse,global_62.0008,0.0449721220718324,0.0391265790355319,435,708,261,173,435,435
36,0.05,0.5,global-dense,global_55.6416,0.0534024863565616,0.0489719435849936,517,897,285,183,517,518
36,0.05,0.5,goco-M,adapt_62.0008_to_52.5656_q0.75,0.0491390350099493,0.0447419676934092,528,921,272,182,482,485
36,0.05,0.5,goco-N,top3012,0.0418415193963394,0.0405072292401579,663,899,416,346,348,358
36,0.05,0.1,global-coarse,global_62.0008,0.0449721220718324,0.0391265790355319,435,708,261,173,435,435
36,0.05,0.1,global-dense,global_56.5397,0.0522991902594715,0.0478138199685999,511,877,283,183,511,511
36,0.05,0.1,goco-M,adapt_62.0008_to_52.5656_q0.75,0.0491390350099493,0.0447419676934092,528,921,272,182,482,485
36,0.05,0.1,goco-N,top3012,0.0418415193963394,0.0405072292401579,663,899,416,346,348,358
36,0.1,0.5,global-coarse,global_37.7842,0.0863828306112129,0.0831618263712345,864,1721,420,276,864,865
36,0.1,0.5,global-dense,global_34.418,0.0962350020686801,0.0985719431470569,1001,2040,475,317,1001,1004
36,0.1,0.5,goco-M,adapt_37.7842_to_32.0342_q0.75,0.092079163883053,0.0922401995239628,1067,2171,467,326,904,905
36,0.1,0.5,goco-N,top5736,0.0931935496581752,0.0909696356585582,1188,1728,772,603,904,906
36,0.1,0.1,global-coarse,global_37.7842,0.0863828306112129,0.0831618263712345,864,1721,420,276,864,865
36,0.1,0.1,global-dense,global_36.1117,0.0945324454426647,0.0925127603807421,924,1887,450,291,924,924
36,0.1,0.1,goco-M,adapt_37.7842_to_32.0342_q0.75,0.092079163883053,0.0922401995239628,1067,2171,467,326,904,905
36,0.1,0.1,goco-N,top5736,0.0931935496581752,0.0909696356585582,1188,1728,772,603,904,906
36,0.2,0.5,global-coarse,global_27.1593,0.1421778573102528,0.1471376131570641,1424,3007,706,472,1424,1428
36,0.2,0.5,global-dense,global_23.8149,0.1765311714848087,0.1862764505442186,1744,3869,852,563,1744,1744
36,0.2,0.5,goco-M,adapt_27.1593_to_23.0262_q0.75,0.1567811189273137,0.1637502198058879,1741,3888,767,528,1561,1568
36,0.2,0.5,goco-N,top10925,0.179366170077796,0.1785577778852713,2069,3268,1213,918,1744,1756
36,0.2,0.1,global-coarse,global_27.1593,0.1421778573102528,0.1471376131570641,1424,3007,706,472,1424,1428
36,0.2,0.1,global-dense,global_23.8149,0.1765311714848087,0.1862764505442186,1744,3869,852,563,1744,1744
36,0.2,0.1,goco-M,adapt_27.1593_to_23.0262_q0.75,0.1567811189273137,0.1637502198058879,1741,3888,767,528,1561,1568
36,0.2,0.1,goco-N,top10925,0.179366170077796,0.1785577778852713,2069,3268,1213,918,1744,1756
37,0.05,0.5,global-coarse,global_62.0008,0.0357428532025139,0.038639155482858,505,738,254,190,505,505
37,0.05,0.5,global-dense,global_56.5397,0.0436491518411253,0.0476835885409481,579,897,275,199,579,579
37,0.05,0.5,goco-M,adapt_62.0008_to_52.5656_q0.75,0.0415986957463995,0.0450922623153275,586,938,268,199,553,563
37,0.05,0.5,goco-N,top3012,0.0433733278168528,0.047765208994344,726,915,503,425,567,578
37,0.05,0.1,global-coarse,global_62.0008,0.0357428532025139,0.038639155482858,505,738,254,190,505,505
37,0.05,0.1,global-dense,global_59.3219,0.0407687609590795,0.0441164298523934,537,812,265,192,537,537
37,0.05,0.1,goco-M,adapt_62.0008_to_52.5656_q0.6,0.0377371594065843,0.0406203811363143,576,895,257,195,522,522
37,0.05,0.1,goco-N,top2648,0.0372017652737553,0.0423966524118269,647,802,459,392,522,522
37,0.1,0.5,global-coarse,global_37.7842,0.0785545179318452,0.0843630320109834,950,1753,419,292,950,950
37,0.1,0.5,global-dense,global_34.9736,0.0930820707816984,0.0968252325991324,1052,2006,465,312,1052,1052
37,0.1,0.5,goco-M,adapt_37.7842_to_32.0342_q0.75,0.090530370195244,0.0940677641360494,1179,2215,484,355,1028,1031
37,0.1,0.5,goco-N,top5736,0.083288511929389,0.0890461529549679,1335,1762,820,670,968,980
37,0.1,0.1,global-coarse,global_37.7842,0.0785545179318452,0.0843630320109834,950,1753,419,292,950,950
37,0.1,0.1,global-dense,global_36.1117,0.0895393738794649,0.0930701990641292,1028,1927,451,304,1028,1029
37,0.1,0.1,goco-M,adapt_37.7842_to_32.0342_q0.6,0.0816601651003802,0.0871700968059086,1142,2113,450,336,968,980
37,0.1,0.1,goco-N,top5736,0.083288511929389,0.0890461529549679,1335,1762,820,670,968,980
37,0.2,0.5,global-coarse,global_27.1593,0.1476056892585647,0.1478361371312123,1523,3065,725,493,1523,1528
37,0.2,0.5,global-dense,global_23.4366,0.1931334363179837,0.1968498373970923,1899,4060,896,588,1899,1909
37,0.2,0.5,goco-M,adapt_27.1593_to_23.0262_q0.75,0.1629409346999979,0.166287540507073,1903,3997,798,561,1580,1635
37,0.2,0.5,goco-N,top12426,0.1757461181075165,0.1778208858323356,2601,3825,1293,1013,1785,1785
37,0.2,0.1,global-coarse,global_27.1593,0.1476056892585647,0.1478361371312123,1523,3065,725,493,1523,1528
37,0.2,0.1,global-dense,global_23.8149,0.1859692964997272,0.1865615796867764,1876,3965,875,581,1876,1876
37,0.2,0.1,goco-M,adapt_27.1593_to_23.0262_q0.75,0.1629409346999979,0.166287540507073,1903,3997,798,561,1580,1635
37,0.2,0.1,goco-N,top12426,0.1757461181075165,0.1778208858323356,2601,3825,1293,1013,1785,1785
38,0.05,0.5,global-coarse,global_62.0008,0.0431999527158815,0.0392559893318618,405,674,239,156,405,405
38,0.05,0.5,global-dense,global_55.6416,0.0533315601788915,0.0491583403950627,478,843,274,174,478,480
38,0.05,0.5,goco-M,adapt_62.0008_to_52.5656_q0.75,0.0514214788108044,0.0493199390392106,489,877,265,172,462,470
38,0.05,0.5,goco-N,top3426,0.0562671158657919,0.05007127419874,778,1113,512,416,480,483
38,0.05,0.1,global-coarse,global_62.0008,0.0431999527158815,0.0392559893318618,405,674,239,156,405,405
38,0.05,0.1,global-dense,global_56.5397,0.0519819926315582,0.0480274783385557,471,822,269,172,471,471
38,0.05,0.1,goco-M,adapt_62.0008_to_52.5656_q0.6,0.0459049983253541,0.0433581971897601,480,834,250,168,420,420
38,0.05,0.1,goco-N,top3012,0.0478899462143152,0.0434086146529242,693,987,438,357,426,429
38,0.1,0.5,global-coarse,global_37.7842,0.0879277735090726,0.0833446649455754,813,1669,421,276,813,814
38,0.1,0.5,global-dense,global_33.3333,0.1112902325459214,0.1037425523389104,967,2061,515,326,967,971
38,0.1,0.5,goco-M,adapt_37.7842_to_32.0342_q0.75,0.1066822549031899,0.1010549098975088,1020,2157,511,338,936,938
38,0.1,0.5,goco-N,top5736,0.0990198396280316,0.0933098499728379,1172,1760,800,623,871,875
38,0.1,0.1,global-coarse,global_37.7842,0.0879277735090726,0.0833446649455754,813,1669,421,276,813,814
38,0.1,0.1,global-dense,global_34.418,0.103633324795923,0.0974422306744006,936,1980,482,308,936,938
38,0.1,0.1,goco-M,adapt_37.7842_to_32.0342_q0.6,0.0941736354024314,0.0903759328300644,992,2065,467,320,825,842
38,0.1,0.1,goco-N,top5736,0.0990198396280316,0.0933098499728379,1172,1760,800,623,871,875
38,0.2,0.5,global-coarse,global_23.0262,0.206730764705831,0.2006159522006182,1723,4052,931,593,1723,1723
38,0.2,0.5,global-dense,global_23.0262,0.206730764705831,0.2006159522006182,1723,4052,931,593,1723,1723
38,0.2,0.5,goco-M,adapt_23.0262_to_19.5221_q0.4,0.2064147966792227,0.2001308846780219,1952,4614,941,628,1712,1723
38,0.2,0.5,goco-N,top12426,0.2160401808002139,0.2047347465612053,2321,3756,1410,1061,1767,1785
38,0.2,0.1,global-coarse,global_27.1593,0.1551859554962575,0.1477626881786076,1331,2935,721,463,1331,1336
38,0.2,0.1,global-dense,global_23.8149,0.1919355112101345,0.1859396884884974,1631,3789,867,553,1631,1631
38,0.2,0.1,goco-M,adapt_27.1593_to_23.0262_q0.75,0.1754936939569688,0.1672435330163629,1658,3889,807,541,1486,1491
38,0.2,0.1,goco-N,top10925,0.191986446413422,0.1827368030568472,2062,3295,1302,989,1631,1631
39,0.05,0.5,global-coarse,global_62.0008,0.0388251866737592,0.0383892031084747,391,598,220,144,391,391
39,0.05,0.5,global-dense,global_54.7578,0.0526858364363536,0.0507071582944117,452,773,265,163,452,452
39,0.05,0.5,goco-M,adapt_62.0008_to_52.5656_q0.75,0.0485223712985401,0.0469940024568249,461,802,250,160,441,441
39,0.05,0.5,goco-N,top3012,0.049745310543821,0.0486871105473671,595,826,457,368,450,451
39,0.05,0.1,global-coarse,global_62.0008,0.0388251866737592,0.0383892031084747,391,598,220,144,391,391
39,0.05,0.1,global-dense,global_56.5397,0.0484396240912583,0.0466814798757135,441,735,252,159,441,441
39,0.05,0.1,goco-M,adapt_62.0008_to_52.5656_q0.75,0.0485223712985401,0.0469940024568249,461,802,250,160,441,441
39,0.05,0.1,goco-N,top2648,0.0397008831741972,0.041823378335311,521,715,398,329,405,405
39,0.1,0.5,global-coarse,global_37.7842,0.0862395006271713,0.0836125179827759,741,1541,404,250,741,743
39,0.1,0.5,global-dense,global_33.8713,0.1076685645986432,0.1023762993034616,897,1943,499,310,897,899
39,0.1,0.5,goco-M,adapt_37.7842_to_32.0342_q0.75,0.0928948298518013,0.0894586445421043,902,1957,443,291,782,787
39,0.1,0.5,goco-N,top5043,0.0900658838701867,0.0897436521419139,987,1413,753,590,756,775
39,0.1,0.1,global-coarse,global_37.7842,0.0862395006271713,0.0836125179827759,741,1541,404,250,741,743
39,0.1,0.1,global-dense,global_34.9736,0.1007977553178215,0.0966924282933387,827,1814,459,279,827,827
39,0.1,0.1,goco-M,adapt_37.7842_to_32.0342_q0.75,0.0928948298518013,0.0894586445421043,902,1957,443,291,782,787
39,0.1,0.1,goco-N,top5043,0.0900658838701867,0.0897436521419139,987,1413,753,590,756,775
39,0.2,0.5,global-coarse,global_23.0262,0.2116196070189231,0.2011553397761487,1608,3914,914,561,1608,1612
39,0.2,0.5,global-dense,global_22.698,0.2133694477633853,0.2036620198038662,1650,4005,930,578,1650,1664
39,0.2,0.5,goco-M,adapt_23.0262_to_19.5221_q0.5,0.2136007411278773,0.2034097515116996,1852,4634,924,600,1650,1664
39,0.2,0.5,goco-N,top12426,0.2009859056589933,0.1997015043865319,2298,3577,1332,1005,1530,1544
39,0.2,0.1,global-coarse,global_27.1593,0.1554239868989558,0.1479280089019363,1251,2837,717,454,1251,1258
39,0.2,0.1,global-dense,global_23.4366,0.2077834311004989,0.1971588386838146,1554,3784,890,541,1554,1566
39,0.2,0.1,goco-M,adapt_27.1593_to_23.0262_q0.75,0.1731150657733806,0.1649795782589608,1549,3724,775,510,1366,1392
39,0.2,0.1,goco-N,top10925,0.1827503532281575,0.18110903892604,2048,3146,1253,952,1421,1421
40,0.05,0.5,global-coarse,global_62.0008,0.0378676832752132,0.0384565358768697,487,738,251,178,487,487
40,0.05,0.5,global-dense,global_55.6416,0.0478505427822763,0.0482112475283947,574,922,283,194,574,575
40,0.05,0.5,goco-M,adapt_62.0008_to_52.5656_q0.75,0.0421646275390586,0.0435099422580454,582,937,264,189,525,531
40,0.05,0.5,goco-N,top3426,0.0563283105897917,0.0508389772426191,719,1007,511,402,603,606
40,0.05,0.1,global-coarse,global_62.0008,0.0378676832752132,0.0384565358768697,487,738,251,178,487,487
40,0.05,0.1,global-dense,global_58.3796,0.0424793624524696,0.0444031689099974,535,830,265,184,535,536
40,0.05,0.1,goco-M,adapt_62.0008_to_52.5656_q0.75,0.0421646275390586,0.0435099422580454,582,937,264,189,525,531
40,0.05,0.1,goco-N,top3012,0.0445342514332998,0.0426201494279849,644,877,452,369,535,547
40,0.1,0.5,global-coarse,global_37.7842,0.0783279481976213,0.0835539439484811,927,1740,416,294,927,930
40,0.1,0.5,global-dense,global_34.418,0.0948700015104648,0.0977961382741352,1071,2050,484,334,1071,1079
40,0.1,0.5,goco-M,adapt_37.7842_to_32.0342_q0.75,0.087611725147927,0.0899039963117766,1120,2136,477,352,974,977
40,0.1,0.5,goco-N,top6525,0.1241872284383662,0.1021377616114821,1290,1969,904,676,1318,1318
40,0.1,0.1,global-coarse,global_37.7842,0.0783279481976213,0.0835539439484811,927,1740,416,294,927,930
40,0.1,0.1,global-dense,global_36.1117,0.0896910770928147,0.0924117064860615,997,1901,456,314,997,998
40,0.1,0.1,goco-M,adapt_37.7842_to_32.0342_q0.75,0.087611725147927,0.0899039963117766,1120,2136,477,352,974,977
40,0.1,0.1,goco-N,top6525,0.1241872284383662,0.1021377616114821,1290,1969,904,676,1318,1318
40,0.2,0.5,global-coarse,global_27.1593,0.1422158726668449,0.1479343046248826,1475,2947,714,492,1475,1476
40,0.2,0.5,global-dense,global_23.4366,0.1917547897280275,0.1966091526825856,1830,3907,904,587,1830,1835
40,0.2,0.5,goco-M,adapt_27.1593_to_23.0262_q0.75,0.1577569935441422,0.1633717824701218,1812,3818,785,547,1540,1580
40,0.2,0.5,goco-N,top12426,0.201408821774866,0.191074901830047,2342,3756,1314,999,1938,1958
40,0.2,0.1,global-coarse,global_27.1593,0.1422158726668449,0.1479343046248826,1475,2947,714,492,1475,1476
40,0.2,0.1,global-dense,global_23.8149,0.1802741537593899,0.1864310270575018,1808,3792,874,582,1808,1808
40,0.2,0.1,goco-M,adapt_27.1593_to_23.0262_q0.75,0.1577569935441422,0.1633717824701218,1812,3818,785,547,1540,1580
40,0.2,0.1,goco-N,top12426,0.201408821774866,0.191074901830047,2342,3756,1314,999,1938,1958
41,0.05,0.5,global-coarse,global_62.0008,0.0420227751837185,0.0399105952216726,406,691,234,151,406,406
41,0.05,0.5,global-dense,global_55.6416,0.0507215753492129,0.0492498144243212,478,871,261,165,478,480
41,0.05,0.5,goco-M,adapt_62.0008_to_52.5656_q0.75,0.0466768130504166,0.0451715836010221,490,896,249,164,437,437
41,0.05,0.5,goco-N,top3012,0.0378731012471186,0.0439679693093957,667,883,477,413,304,321
41,0.05,0.1,global-coarse,global_62.0008,0.0420227751837185,0.0399105952216726,406,691,234,151,406,406
41,0.05,0.1,global-dense,global_58.3796,0.0468211281202592,0.0454841061821334,446,787,245,154,446,454
41,0.05,0.1,goco-M,adapt_62.0008_to_52.5656_q0.75,0.0466768130504166,0.0451715836010221,490,896,249,164,437,437
41,0.05,0.1,goco-N,top2648,0.0310568000472841,0.0366209789199167,586,772,406,355,229,287
41,0.1,0.5,global-coarse,global_37.7842,0.0944664446939995,0.0842539857714364,833,1783,428,274,833,835
41,0.1,0.5,global-dense,global_33.8713,0.1120471068030025,0.1032338341139555,988,2158,514,331,988,989
41,0.1,0.5,goco-M,adapt_37.7842_to_32.0342_q0.75,0.102595208542664,0.0929450586506732,1017,2219,482,332,898,900
41,0.1,0.5,goco-N,top5736,0.0801408344333458,0.0890411266359672,1235,1690,849,715,597,600
41,0.1,0.1,global-coarse,global_37.7842,0.0944664446939995,0.0842539857714364,833,1783,428,274,833,835
41,0.1,0.1,global-dense,global_34.418,0.1096014671211195,0.0993461057573349,965,2102,498,318,965,971
41,0.1,0.1,goco-M,adapt_37.7842_to_32.0342_q0.75,0.102595208542664,0.0929450586506732,1017,2219,482,332,898,900
41,0.1,0.1,goco-N,top5736,0.0801408344333458,0.0890411266359672,1235,1690,849,715,597,600
41,0.2,0.5,global-coarse,global_23.0262,0.2105539574621932,0.2007577174317211,1788,4225,943,611,1788,1794
41,0.2,0.5,global-dense,global_22.698,0.212126102161148,0.2035500164097009,1822,4316,958,625,1822,1837
41,0.2,0.5,goco-M,adapt_23.0262_to_19.5221_q0.5,0.2108039235244813,0.2016162968200763,2024,4852,955,649,1788,1794
41,0.2,0.5,goco-N,top10925,0.1651274701026459,0.1740591358642124,2146,3188,1311,1052,1385,1385
41,0.2,0.1,global-coarse,global_27.1593,0.1587847414388581,0.1489005553083356,1382,3091,746,491,1382,1385
41,0.2,0.1,global-dense,global_23.4366,0.2085356020895337,0.1964227009982814,1725,4095,921,586,1725,1730
41,0.2,0.1,goco-M,adapt_27.1593_to_23.0262_q0.75,0.1830823771875513,0.1714482560281778,1737,4070,842,572,1535,1560
41,0.2,0.1,goco-N,top10925,0.1651274701026459,0.1740591358642124,2146,3188,1311,1052,1385,1385
42,0.05,0.5,global-coarse,global_62.0008,0.0433585515298382,0.038064363557535,486,771,255,172,486,486
42,0.05,0.5,global-dense,global_53.888,0.0564853123707074,0.0516565503287809,568,980,290,185,568,569
42,0.05,0.5,goco-M,adapt_62.0008_to_52.5656_q0.75,0.0464911243769332,0.0416334929612623,569,961,257,177,499,501
42,0.05,0.5,goco-N,top3426,0.0494667402197398,0.0478721202924541,736,975,511,421,537,543
42,0.05,0.1,global-coarse,global_62.0008,0.0433585515298382,0.038064363557535,486,771,255,172,486,486
42,0.05,0.1,global-dense,global_55.6416,0.0518780660795555,0.0475538497920895,565,949,278,183,565,565
42,0.05,0.1,goco-M,adapt_62.0008_to_52.5656_q0.75,0.0464911243769332,0.0416334929612623,569,961,257,177,499,501
42,0.05,0.1,goco-N,top3012,0.0419229531558865,0.0406446866234423,654,857,437,362,427,427
42,0.1,0.5,global-coarse,global_37.7842,0.0855998515804059,0.082450398193949,867,1713,403,268,867,868
42,0.1,0.5,global-dense,global_34.418,0.0972990589146981,0.0976087561064799,1017,2042,465,312,1017,1019
42,0.1,0.5,goco-M,adapt_37.7842_to_32.0342_q0.75,0.0923399728116318,0.0903573454028689,1094,2184,466,334,948,956
42,0.1,0.5,goco-N,top5736,0.0882041532227713,0.089535593160231,1141,1595,805,640,890,910
42,0.1,0.1,global-coarse,global_37.7842,0.0855998515804059,0.082450398193949,867,1713,403,268,867,868
42,0.1,0.1,global-dense,global_35.5381,0.0946600140538907,0.094596736933611,968,1956,445,293,968,968
42,0.1,0.1,goco-M,adapt_37.7842_to_32.0342_q0.75,0.0923399728116318,0.0903573454028689,1094,2184,466,334,948,956
42,0.1,0.1,goco-N,top5736,0.0882041532227713,0.089535593160231,1141,1595,805,640,890,910
42,0.2,0.5,global-coarse,global_23.0262,0.200134554035233,0.1992626234771857,1837,4113,909,578,1837,1843
42,0.2,0.5,global-dense,global_23.0262,0.200134554035233,0.1992626234771857,1837,4113,909,578,1837,1843
42,0.2,0.5,goco-M,adapt_23.0262_to_19.5221_q0.4,0.1973977150280418,0.1977477660468418,2055,4629,910,608,1774,1780
42,0.2,0.5,goco-N,top12426,0.1829093375324938,0.1849430995023523,2322,3610,1321,1039,1712,1733
42,0.2,0.1,global-coarse,global_27.1593,0.1443128321593361,0.1464846395767902,1414,2968,694,461,1414,1423
42,0.2,0.1,global-dense,global_23.8149,0.1851119096978694,0.1845647113746759,1743,3847,851,549,1743,1743
42,0.2,0.1,goco-M,adapt_27.1593_to_23.0262_q0.75,0.1638694411772364,0.1630289995728486,1769,3904,776,527,1547,1580
42,0.2,0.1,goco-N,top12426,0.1829093375324938,0.1849430995023523,2322,3610,1321,1039,1712,1733
43,0.05,0.5,global-coarse,global_62.0008,0.0393522075772799,0.0384765714811238,449,699,238,164,449,449
43,0.05,0.5,global-dense,global_55.6416,0.0472501329865831,0.0473180208764427,522,870,263,176,522,523
43,0.05,0.5,goco-M,adapt_62.0008_to_52.5656_q0.75,0.0462364796973816,0.0459495234153807,538,921,259,178,499,508
43,0.05,0.5,goco-N,top2648,0.0392317285987124,0.0424229883327689,610,794,442,361,445,447
43,0.05,0.1,global-coarse,global_62.0008,0.0393522075772799,0.0384765714811238,449,699,238,164,449,449
43,0.05,0.1,global-dense,global_57.4523,0.0456744882479263,0.0460344283940642,499,818,256,172,499,508
43,0.05,0.1,goco-M,adapt_62.0008_to_52.5656_q0.75,0.0462364796973816,0.0459495234153807,538,921,259,178,499,508
43,0.05,0.1,goco-N,top2648,0.0392317285987124,0.0424229883327689,610,794,442,361,445,447
43,0.1,0.5,global-coarse,global_37.7842,0.082897104504469,0.0823249293279642,857,1691,411,280,857,860
43,0.1,0.5,global-dense,global_33.8713,0.1042956308161107,0.1003796911232419,1027,2083,493,329,1027,1027
43,0.1,0.5,goco-M,adapt_37.7842_to_32.0342_q0.75,0.0904867726857797,0.0898538276762859,1063,2132,462,334,910,910
43,0.1,0.5,goco-N,top5736,0.0905517734231015,0.0955964725484659,1244,1719,834,674,910,910
43,0.1,0.1,global-coarse,global_37.7842,0.082897104504469,0.0823249293279642,857,1691,411,280,857,860
43,0.1,0.1,global-dense,global_34.418,0.1007125453960373,0.0967774427561984,1013,2038,483,326,1013,1014
43,0.1,0.1,goco-M,adapt_37.7842_to_32.0342_q0.75,0.0904867726857797,0.0898538276762859,1063,2132,462,334,910,910
43,0.1,0.1,goco-N,top5043,0.0787855205521734,0.085182773726021,1114,1514,764,620,823,823
43,0.2,0.5,global-coarse,global_23.0262,0.2022459506836871,0.1996053174607875,1860,4138,913,596,1860,1861
43,0.2,0.5,global-dense,global_23.0262,0.2022459506836871,0.1996053174607875,1860,4138,913,596,1860,1861
43,0.2,0.5,goco-M,adapt_23.0262_to_19.5221_q0.5,0.2034298396980623,0.2007347375701215,2114,4763,925,629,1860,1874
43,0.2,0.5,goco-N,top12426,0.1862394104998573,0.1923196324893719,2505,3724,1351,1065,1740,1757
43,0.2,0.1,global-coarse,global_27.1593,0.1463905468870301,0.1463563436456249,1432,2956,713,486,1432,1434
43,0.2,0.1,global-dense,global_23.8149,0.1904875801419856,0.1857755083529419,1772,3892,868,573,1772,1772
43,0.2,0.1,goco-M,adapt_27.1593_to_23.0262_q0.75,0.1670197749837836,0.1651503187417524,1819,3968,795,558,1571,1605
43,0.2,0.1,goco-N,top10925,0.1692401619894379,0.1716943442664232,2240,3281,1261,994,1608,1608
44,0.05,0.5,global-coarse,global_62.0008,0.0399068108832279,0.0381172444146647,406,657,239,163,406,406
44,0.05,0.5,global-dense,global_54.7578,0.0548461295978879,0.051224306800938,481,855,284,180,481,481
44,0.05,0.5,goco-M,adapt_62.0008_to_52.5656_q0.75,0.048946450735859,0.0454581584323617,493,887,266,178,442,449
44,0.05,0.5,goco-N,top3426,0.0511886321633455,0.0492203051639433,671,984,551,456,477,480
44,0.05,0.1,global-coarse,global_62.0008,0.0399068108832279,0.0381172444146647,406,657,239,163,406,406
44,0.05,0.1,global-dense,global_56.5397,0.0508102330713005,0.0469710107798119,468,818,269,174,468,468
44,0.05,0.1,goco-M,adapt_62.0008_to_52.5656_q0.75,0.048946450735859,0.0454581584323617,493,887,266,178,442,449
44,0.05,0.1,goco-N,top3012,0.0480091464250849,0.0431798975788442,572,855,484,395,442,443
44,0.1,0.5,global-coarse,global_37.7842,0.0891691457992657,0.0841956307054941,806,1686,419,267,806,806
44,0.1,0.5,global-dense,global_33.8713,0.1064731629791621,0.1020526093363726,962,2058,498,323,962,966
44,0.1,0.5,goco-M,adapt_37.7842_to_32.0342_q0.75,0.0939476328388202,0.0902003450941235,1002,2093,465,325,852,856
44,0.1,0.5,goco-N,top5736,0.0949690782260623,0.0912587483589642,1076,1651,852,680,852,856
44,0.1,0.1,global-coarse,global_37.7842,0.0891691457992657,0.0841956307054941,806,1686,419,267,806,806
44,0.1,0.1,global-dense,global_34.9736,0.1004386915433667,0.0965082759088828,898,1936,464,294,898,898
44,0.1,0.1,goco-M,adapt_37.7842_to_32.0342_q0.75,0.0939476328388202,0.0902003450941235,1002,2093,465,325,852,856
44,0.1,0.1,goco-N,top5736,0.0949690782260623,0.0912587483589642,1076,1651,852,680,852,856
44,0.2,0.5,global-coarse,global_23.0262,0.2023478604948098,0.1998529349196025,1772,4073,916,584,1772,1772
44,0.2,0.5,global-dense,global_23.0262,0.2023478604948098,0.1998529349196025,1772,4073,916,584,1772,1772
44,0.2,0.5,goco-M,adapt_23.0262_to_19.5221_q0.4,0.2028998562882327,0.1997189763751885,1988,4629,921,612,1772,1779
44,0.2,0.5,goco-N,top12426,0.1928632500375006,0.190449015383445,2198,3696,1341,1043,1699,1707
44,0.2,0.1,global-coarse,global_27.1593,0.1506792775100594,0.1469571334690662,1390,2979,717,474,1390,1396
44,0.2,0.1,global-dense,global_23.8149,0.1897953424748917,0.1856911213186307,1699,3860,870,562,1699,1699
44,0.2,0.1,goco-M,adapt_27.1593_to_23.0262_q0.75,0.170207466066455,0.1664174528498261,1717,3896,796,537,1514,1518
44,0.2,0.1,goco-N,top12426,0.1928632500375006,0.190449015383445,2198,3696,1341,1043,1699,1707
45,0.05,0.5,global-coarse,global_62.0008,0.0347548121441377,0.0386375132202142,355,559,205,137,355,355
45,0.05,0.5,global-dense,global_55.6416,0.0431502058829324,0.0477144630786512,426,715,234,152,426,428
45,0.05,0.5,goco-M,adapt_62.0008_to_52.5656_q0.75,0.0384917351301298,0.0438937390378968,424,716,212,143,377,377
45,0.05,0.5,goco-N,top2648,0.0337638158283586,0.0402558998917117,564,719,414,352,324,353
45,0.05,0.1,global-coarse,global_62.0008,0.0347548121441377,0.0386375132202142,355,559,205,137,355,355
45,0.05,0.1,global-dense,global_58.3796,0.0402264712256437,0.044074552154977,397,650,219,142,397,399
45,0.05,0.1,goco-M,adapt_62.0008_to_52.5656_q0.6,0.0362161869298816,0.040960001051048,412,685,206,141,373,373
45,0.05,0.1,goco-N,top2648,0.0337638158283586,0.0402558998917117,564,719,414,352,324,353
45,0.1,0.5,global-coarse,global_37.7842,0.0755414688286016,0.0818637819775908,709,1417,370,245,731,738
45,0.1,0.5,global-dense,global_34.9736,0.0867614319207203,0.0950505488441755,803,1671,420,277,803,803
45,0.1,0.5,goco-M,adapt_37.7842_to_32.0342_q0.75,0.0871724664339476,0.0946661499013547,901,1860,434,301,803,808
45,0.1,0.5,goco-N,top5043,0.0784596213330181,0.0905579119919028,1024,1385,770,631,731,748
45,0.1,0.1,global-coarse,global_37.7842,0.0755414688286016,0.0818637819775908,709,1417,370,245,731,738
45,0.1,0.1,global-dense,global_36.1117,0.0834776484031759,0.090989507036548,782,1592,402,265,782,783
45,0.1,0.1,goco-M,adapt_37.7842_to_32.0342_q0.6,0.0784840096693634,0.0858683846923604,872,1776,397,280,731,748
45,0.1,0.1,goco-N,top4433,0.0654683097897827,0.0768952721532387,918,1212,683,564,550,604
45,0.2,0.5,global-coarse,global_27.1593,0.134261552817614,0.1447804835375535,1207,2568,656,432,1207,1209
45,0.2,0.5,global-dense,global_23.8149,0.1716058001809022,0.1843789421733022,1481,3324,809,522,1481,1481
45,0.2,0.5,goco-M,adapt_27.1593_to_23.0262_q0.75,0.1547611774316769,0.1657691989112603,1492,3387,739,494,1350,1350
45,0.2,0.5,goco-N,top9604,0.1740246456526969,0.1845522689018343,1874,2758,1319,1029,1481,1485
45,0.2,0.1,global-coarse,global_27.1593,0.134261552817614,0.1447804835375535,1207,2568,656,432,1207,1209
45,0.2,0.1,global-dense,global_23.8149,0.1716058001809022,0.1843789421733022,1481,3324,809,522,1481,1481
45,0.2,0.1,goco-M,adapt_27.1593_to_23.0262_q0.75,0.1547611774316769,0.1657691989112603,1492,3387,739,494,1350,1350
45,0.2,0.1,goco-N,top9604,0.1740246456526969,0.1845522689018343,1874,2758,1319,1029,1481,1485
46,0.05,0.5,global-coarse,global_62.0008,0.0338327718344267,0.0379408654067227,423,645,237,174,423,423
46,0.05,0.5,global-dense,global_55.6416,0.0438244971136986,0.0472028982651137,501,809,260,181,501,501
46,0.05,0.5,goco-M,adapt_62.0008_to_52.5656_q0.75,0.0374677384400181,0.0423968166380912,510,815,243,179,436,436
46,0.05,0.5,goco-N,top3012,0.0539580747483105,0.0511319568982694,635,832,547,440,553,554
46,0.05,0.1,global-coarse,global_62.0008,0.0338327718344267,0.0379408654067227,423,645,237,174,423,423
46,0.05,0.1,global-dense,global_58.3796,0.0408446125657544,0.0435698848445434,467,737,252,176,467,467
46,0.05,0.1,goco-M,adapt_62.0008_to_52.5656_q0.75,0.0374677384400181,0.0423968166380912,510,815,243,179,436,436
46,0.05,0.1,goco-N,top2648,0.0452006619776582,0.043822136386628,560,715,500,408,501,502
46,0.1,0.5,global-coarse,global_37.7842,0.0713479585738584,0.0825709950140906,840,1585,382,272,840,845
46,0.1,0.5,global-dense,global_34.9736,0.086832686460324,0.0953660822401338,944,1848,441,299,944,944
46,0.1,0.5,goco-M,adapt_37.7842_to_32.0342_q0.6,0.0778119274188781,0.0894062016216796,1020,1942,431,320,868,885
46,0.1,0.5,goco-N,top6525,0.106364191593815,0.1018993961848148,1331,1862,947,760,1125,1163
46,0.1,0.1,global-coarse,global_37.7842,0.0713479585738584,0.0825709950140906,840,1585,382,272,840,845
46,0.1,0.1,global-dense,global_36.6945,0.0798407116259826,0.0886066386825112,888,1710,411,286,888,888
46,0.1,0.1,goco-M,adapt_37.7842_to_32.0342_q0.5,0.0756693658017613,0.0858350467606916,986,1884,420,313,868,876
46,0.1,0.1,goco-N,top5736,0.0935713300628484,0.0894085605080225,1191,1635,872,707,1009,1024
46,0.2,0.5,global-coarse,global_27.1593,0.1369663814326619,0.1454890452200426,1407,2835,703,485,1407,1412
46,0.2,0.5,global-dense,global_23.8149,0.1767788525546076,0.1851652901899984,1741,3718,857,574,1741,1741
46,0.2,0.5,goco-M,adapt_27.1593_to_23.0262_q0.75,0.1563883492933847,0.1626319309216394,1762,3773,774,545,1582,1582
46,0.2,0.5,goco-N,top12426,0.1940995793758192,0.1902995857748474,2331,3554,1362,1044,1871,1880
46,0.2,0.1,global-coarse,global_27.1593,0.1369663814326619,0.1454890452200426,1407,2835,703,485,1407,1412
46,0.2,0.1,global-dense,global_23.8149,0.1767788525546076,0.1851652901899984,1741,3718,857,574,1741,1741
46,0.2,0.1,goco-M,adapt_27.1593_to_23.0262_q0.75,0.1563883492933847,0.1626319309216394,1762,3773,774,545,1582,1582
46,0.2,0.1,goco-N,top12426,0.1940995793758192,0.1902995857748474,2331,3554,1362,1044,1871,1880
47,0.05,0.5,global-coarse,global_62.0008,0.0397314656106546,0.0385862746257283,482,724,251,171,482,482
47,0.05,0.5,global-dense,global_55.6416,0.0503703922611659,0.0483005866162163,559,884,280,181,559,559
47,0.05,0.5,goco-M,adapt_62.0008_to_52.5656_q0.75,0.0418858482573832,0.0406555255568912,537,842,255,176,497,497
47,0.05,0.5,goco-N,top3012,0.0468211281202592,0.0466524118269186,740,936,547,465,529,538
47,0.05,0.1,global-coarse,global_62.0008,0.0397314656106546,0.0385862746257283,482,724,251,171,482,482
47,0.05,0.1,global-dense,global_56.5397,0.0487903146364048,0.0471074828055101,549,858,275,179,549,549
47,0.05,0.1,goco-M,adapt_62.0008_to_52.5656_q0.75,0.0418858482573832,0.0406555255568912,537,842,255,176,497,497
47,0.05,0.1,goco-N,top2648,0.0383740173769135,0.0403297006483652,655,815,482,415,422,423
47,0.1,0.5,global-coarse,global_37.7842,0.0828783878742505,0.0834642216660426,888,1709,421,286,888,910
47,0.1,0.5,global-dense,global_34.418,0.1008136808716039,0.0990410828422968,1035,2048,491,324,1035,1037
47,0.1,0.5,goco-M,adapt_37.7842_to_32.0342_q0.75,0.0888869187172869,0.0888437515489522,1082,2115,468,335,910,930
47,0.1,0.5,goco-N,top5736,0.0954045747384597,0.0962204967516044,1316,1768,910,749,969,973
47,0.1,0.1,global-coarse,global_37.7842,0.0828783878742505,0.0834642216660426,888,1709,421,286,888,910
47,0.1,0.1,global-dense,global_36.1117,0.0921728365874001,0.0926907816513279,969,1893,452,301,969,969
47,0.1,0.1,goco-M,adapt_37.7842_to_32.0342_q0.75,0.0888869187172869,0.0888437515489522,1082,2115,468,335,910,930
47,0.1,0.1,goco-N,top5043,0.0850326063400122,0.0846037877145616,1175,1563,837,691,910,917
47,0.2,0.5,global-coarse,global_27.1593,0.149552627531527,0.1483416902681629,1457,3011,736,491,1457,1465
47,0.2,0.5,global-dense,global_23.4366,0.1974638038352747,0.1980026996255187,1852,4074,903,580,1852,1852
47,0.2,0.5,goco-M,adapt_27.1593_to_23.0262_q0.75,0.1700299108034914,0.1677252514346324,1852,4045,810,554,1649,1666
47,0.2,0.5,goco-N,top12426,0.1989310545802967,0.1938863196882291,2573,3806,1458,1145,1852,1867
47,0.2,0.1,global-coarse,global_27.1593,0.149552627531527,0.1483416902681629,1457,3011,736,491,1457,1465
47,0.2,0.1,global-dense,global_23.8149,0.1860766901674412,0.1877504233537915,1823,3953,871,571,1823,1823
47,0.2,0.1,goco-M,adapt_27.1593_to_23.0262_q0.75,0.1700299108034914,0.1677252514346324,1852,4045,810,554,1649,1666
47,0.2,0.1,goco-N,top12426,0.1989310545802967,0.1938863196882291,2573,3806,1458,1145,1852,1867
48,0.05,0.5,global-coarse,global_62.0008,0.0396122702287369,0.0381632277686905,427,690,236,158,427,427
48,0.05,0.5,global-dense,global_55.6416,0.0480160371968398,0.0474136005623107,513,864,264,173,513,518
48,0.05,0.5,goco-M,adapt_62.0008_to_52.5656_q0.75,0.0416656815808656,0.0411339166650244,509,849,243,167,441,441
48,0.05,0.5,goco-N,top2648,0.0427320369604192,0.0448396823207141,557,729,470,386,447,448
48,0.05,0.1,global-coarse,global_62.0008,0.0396122702287369,0.0381632277686905,427,690,236,158,427,427
48,0.05,0.1,global-dense,global_56.5397,0.0470156825659514,0.0462968619645402,503,839,261,171,503,503
48,0.05,0.1,goco-M,adapt_62.0008_to_52.5656_q0.75,0.0416656815808656,0.0411339166650244,509,849,243,167,441,441
48,0.05,0.1,goco-N,top2648,0.0427320369604192,0.0448396823207141,557,729,470,386,447,448
48,0.1,0.5,global-coarse,global_37.7842,0.0827902226950634,0.082618949083289,818,1653,394,258,818,822
48,0.1,0.5,global-dense,global_33.8713,0.0998414011860433,0.0998598055123093,966,2017,466,304,966,969
48,0.1,0.5,goco-M,adapt_37.7842_to_32.0342_q0.75,0.0893645957775043,0.0915727839855305,1022,2097,455,325,862,872
48,0.1,0.5,goco-N,top5736,0.1070807967373958,0.1005879300264732,1161,1653,873,689,988,998
48,0.1,0.1,global-coarse,global_37.7842,0.0827902226950634,0.082618949083289,818,1653,394,258,818,822
48,0.1,0.1,global-dense,global_35.5381,0.092758141734145,0.0941583075498098,907,1893,432,281,907,913
48,0.1,0.1,goco-M,adapt_37.7842_to_32.0342_q0.75,0.0893645957775043,0.0915727839855305,1022,2097,455,325,862,872
48,0.1,0.1,goco-N,top5043,0.0908318064503418,0.0869369502525799,1032,1438,789,633,862,889
48,0.2,0.5,global-coarse,global_23.0262,0.1983064850784921,0.1953692923095043,1702,3940,903,579,1702,1715
48,0.2,0.5,global-dense,global_22.698,0.2014694692923659,0.1981913836162142,1743,4021,917,589,1743,1765
48,0.2,0.5,goco-M,adapt_23.0262_to_19.5221_q0.5,0.1980649568103022,0.1973014518290326,1951,4579,913,620,1696,1698
48,0.2,0.5,goco-N,top12426,0.2118809051473511,0.2021988658966984,2325,3651,1410,1086,1743,1778
48,0.2,0.1,global-coarse,global_27.1593,0.1464452191489841,0.143081916167859,1333,2868,711,475,1333,1342
48,0.2,0.1,global-dense,global_23.0644,0.1965180618068252,0.1941985232707535,1696,3921,899,578,1696,1696
48,0.2,0.1,goco-M,adapt_27.1593_to_23.0262_q0.75,0.1630576524051663,0.1592556083202513,1638,3747,774,531,1400,1440
48,0.2,0.1,goco-N,top10925,0.1894320592293285,0.1819689842686929,2078,3187,1319,1022,1625,1634
49,0.05,0.5,global-coarse,global_62.0008,0.042922158520007,0.0383471611847939,380,621,236,152,380,380
49,0.05,0.5,global-dense,global_55.6416,0.0513672990917508,0.0483250563296086,466,800,264,167,466,466
49,0.05,0.5,goco-M,adapt_62.0008_to_52.5656_q0.75,0.0477387355438658,0.0446206044840339,483,838,257,171,417,425
49,0.05,0.5,goco-N,top2328,0.0401435345787848,0.0422476360260882,498,660,415,334,297,332
49,0.05,0.1,global-coarse,global_62.0008,0.042922158520007,0.0383471611847939,380,621,236,152,380,380
49,0.05,0.1,global-dense,global_56.5397,0.0509973993734854,0.0471761293840201,457,779,262,165,457,457
49,0.05,0.1,goco-M,adapt_62.0008_to_52.5656_q0.75,0.0477387355438658,0.0446206044840339,483,838,257,171,417,425
49,0.05,0.1,goco-N,top2328,0.0401435345787848,0.0422476360260882,498,660,415,334,297,332
49,0.1,0.5,global-coarse,global_37.7842,0.0844885106159413,0.0837235896795836,797,1618,405,264,797,800
49,0.1,0.5,global-dense,global_34.418,0.0988477779747949,0.0990386194483311,952,1958,477,316,952,954
49,0.1,0.5,goco-M,adapt_37.7842_to_32.0342_q0.6,0.085970825937727,0.0879612842055937,986,2011,443,318,797,819
49,0.1,0.5,goco-N,top5043,0.0972913171506469,0.0990094882355883,1070,1486,836,653,915,916
49,0.1,0.1,global-coarse,global_37.7842,0.0844885106159413,0.0837235896795836,797,1618,405,264,797,800
49,0.1,0.1,global-dense,global_36.1117,0.0954571126478449,0.0929754405095831,890,1814,452,291,890,890
49,0.1,0.1,goco-M,adapt_37.7842_to_32.0342_q0.6,0.085970825937727,0.0879612842055937,986,2011,443,318,797,819
49,0.1,0.1,goco-N,top4433,0.0865302398608149,0.0883249274751551,948,1305,757,590,818,824
49,0.2,0.5,global-coarse,global_27.1593,0.1430188025554182,0.1474619699823176,1364,2863,702,472,1364,1375
49,0.2,0.5,global-dense,global_23.4366,0.1905777915138692,0.1950663130568269,1734,3837,892,576,1734,1739
49,0.2,0.5,goco-M,adapt_27.1593_to_23.0262_q0.75,0.1638693115073655,0.1663268119194088,1718,3788,795,542,1542,1564
49,0.2,0.5,goco-N,top10925,0.1941549598759115,0.1950595401929492,2113,3219,1333,1004,1771,1789
49,0.2,0.1,global-coarse,global_27.1593,0.1430188025554182,0.1474619699823176,1364,2863,702,472,1364,1375
49,0.2,0.1,global-dense,global_23.8149,0.1790620983163391,0.1849430596758828,1701,3706,857,565,1701,1701
49,0.2,0.1,goco-M,adapt_27.1593_to_23.0262_q0.75,0.1638693115073655,0.1663268119194088,1718,3788,795,542,1542,1564
49,0.2,0.1,goco-N,top9604,0.1757390876029684,0.1754700323825853,1889,2840,1239,940,1672,1685
50,0.05,0.5,global-coarse,global_62.0008,0.0373849912327363,0.0393013157808301,404,653,227,157,404,405
50,0.05,0.5,global-dense,global_55.6416,0.048322891423843,0.0491547274172463,471,822,254,165,471,472
50,0.05,0.5,goco-M,adapt_62.0008_to_52.5656_q0.75,0.0437131824181886,0.0450011167385977,485,845,243,166,440,448
50,0.05,0.5,goco-N,top3012,0.0525490736909851,0.0499920076551336,628,886,496,406,479,482
50,0.05,0.1,global-coarse,global_62.0008,0.0373849912327363,0.0393013157808301,404,653,227,157,404,405
50,0.05,0.1,global-dense,global_60.2794,0.0402087396812262,0.0435955041417863,419,695,234,159,419,419
50,0.05,0.1,goco-M,adapt_62.0008_to_52.5656_q0.75,0.0437131824181886,0.0450011167385977,485,845,243,166,440,448
50,0.05,0.1,goco-N,top2648,0.0451238252851823,0.0434194535863731,559,776,441,361,440,449
50,0.1,0.5,global-coarse,global_37.7842,0.0807154678172468,0.084430638489819,832,1642,405,273,832,834
50,0.1,0.5,global-dense,global_34.418,0.0959846260942661,0.0986295865658536,978,1943,475,317,978,979
50,0.1,0.5,goco-M,adapt_37.7842_to_32.0342_q0.75,0.0853462666143675,0.0904992368952915,1035,2017,459,336,849,871
50,0.1,0.5,goco-N,top5736,0.1013623288861187,0.0950492051747397,1149,1693,817,655,1020,1022
50,0.1,0.1,global-coarse,global_37.7842,0.0807154678172468,0.084430638489819,832,1642,405,273,832,834
50,0.1,0.1,global-dense,global_36.1117,0.0896455989650031,0.0928245713147078,913,1810,444,298,913,916
50,0.1,0.1,goco-M,adapt_37.7842_to_32.0342_q0.75,0.0853462666143675,0.0904992368952915,1035,2017,459,336,849,871
50,0.1,0.1,goco-N,top5736,0.1013623288861187,0.0950492051747397,1149,1693,817,655,1020,1022
50,0.2,0.5,global-coarse,global_27.1593,0.1409439328657367,0.1467479689268901,1390,2854,699,474,1390,1395
50,0.2,0.5,global-dense,global_23.4366,0.1893039246631449,0.1957490784899828,1746,3785,883,578,1746,1746
50,0.2,0.5,goco-M,adapt_27.1593_to_23.0262_q0.75,0.1606517084190549,0.1694397408930703,1760,3792,786,553,1510,1548
50,0.2,0.5,goco-N,top12426,0.2005878139548343,0.1952703597767217,2303,3704,1374,1073,1857,1879
50,0.2,0.1,global-coarse,global_27.1593,0.1409439328657367,0.1467479689268901,1390,2854,699,474,1390,1395
50,0.2,0.1,global-dense,global_23.8149,0.1773091594412385,0.1859420261287851,1718,3678,848,568,1718,1718
50,0.2,0.1,goco-M,adapt_27.1593_to_23.0262_q0.75,0.1606517084190549,0.1694397408930703,1760,3792,786,553,1510,1548
50,0.2,0.1,goco-N,top12426,0.2005878139548343,0.1952703597767217,2303,3704,1374,1073,1857,1879
51,0.05,0.5,global-coarse,global_62.0008,0.0415262919400279,0.0390408529255266,439,702,246,159,439,439
51,0.05,0.5,global-dense,global_55.6416,0.0512116555351971,0.0487618981928541,507,857,271,167,507,508
51,0.05,0.5,goco-M,adapt_62.0008_to_52.5656_q0.75,0.04699401067833,0.0450162255549205,507,861,262,169,470,478
51,0.05,0.5,goco-N,top2648,0.0422286581161219,0.0432795328091231,596,772,478,401,439,454
51,0.05,0.1,global-coarse,global_62.0008,0.0415262919400279,0.0390408529255266,439,702,246,159,439,439
51,0.05,0.1,global-dense,global_57.4523,0.0488080461808223,0.0469563946422823,494,817,264,164,494,498
51,0.05,0.1,goco-M,adapt_62.0008_to_52.5656_q0.75,0.04699401067833,0.0450162255549205,507,861,262,169,470,478
51,0.05,0.1,goco-N,top2648,0.0422286581161219,0.0432795328091231,596,772,478,401,439,454
51,0.1,0.5,global-coarse,global_37.7842,0.093845183915519,0.0847911698822169,817,1695,431,270,817,835
51,0.1,0.5,global-dense,global_34.418,0.1079749262827459,0.1000332831895806,958,2025,499,317,958,960
51,0.1,0.5,goco-M,adapt_37.7842_to_32.0342_q0.75,0.1008181137577082,0.0932806276508856,1017,2128,491,331,857,879
51,0.1,0.5,goco-N,top5736,0.0948716433201331,0.0925530505576029,1175,1646,841,678,835,841
51,0.1,0.1,global-coarse,global_37.7842,0.093845183915519,0.0847911698822169,817,1695,431,270,817,835
51,0.1,0.1,global-dense,global_34.9736,0.1058241556172876,0.0978447492483911,915,1958,482,301,915,915
51,0.1,0.1,goco-M,adapt_37.7842_to_32.0342_q0.75,0.1008181137577082,0.0932806276508856,1017,2128,491,331,857,879
51,0.1,0.1,goco-N,top5736,0.0948716433201331,0.0925530505576029,1175,1646,841,678,835,841
51,0.2,0.5,global-coarse,global_23.0262,0.2007603625792192,0.1997301109116382,1771,4142,919,596,1771,1781
51,0.2,0.5,global-dense,global_23.0262,0.2007603625792192,0.1997301109116382,1771,4142,919,596,1771,1781
51,0.2,0.5,goco-M,adapt_23.0262_to_19.5221_q0.35,0.199823600788275,0.1992145227946301,1947,4618,921,622,1760,1760
51,0.2,0.5,goco-N,top12426,0.1987911355412389,0.1935323252642883,2336,3588,1374,1062,1711,1747
51,0.2,0.1,global-coarse,global_27.1593,0.1540270606054635,0.1467372096182966,1339,2969,722,467,1339,1345
51,0.2,0.1,global-dense,global_23.8149,0.1879836755074045,0.1860747563604945,1680,3872,871,567,1680,1680
51,0.2,0.1,goco-M,adapt_27.1593_to_23.0262_q0.75,0.1742984952505748,0.1678421329310957,1726,3996,819,556,1522,1528
51,0.2,0.1,goco-N,top12426,0.1987911355412389,0.1935323252642883,2336,3588,1374,1062,1711,1747
52,0.05,0.5,global-coarse,global_62.0008,0.0477746911756013,0.0391702632218565,449,735,259,162,449,449
52,0.05,0.5,global-dense,global_53.888,0.0613949800027582,0.0530209421332334,537,956,302,182,537,537
52,0.05,0.5,goco-M,adapt_62.0008_to_52.5656_q0.75,0.0575817128671907,0.0502933081081791,553,984,291,182,527,529
52,0.05,0.5,goco-N,top3012,0.0466837086510235,0.0453578161848268,719,952,543,464,410,448
52,0.05,0.1,global-coarse,global_62.0008,0.0477746911756013,0.0391702632218565,449,735,259,162,449,449
52,0.05,0.1,global-dense,global_55.6416,0.0561405323403668,0.0488082099994087,527,913,285,176,527,529
52,0.05,0.1,goco-M,adapt_62.0008_to_52.5656_q0.6,0.0545062749965522,0.0452834216870635,544,957,280,177,497,503
52,0.05,0.1,goco-N,top3012,0.0466837086510235,0.0453578161848268,719,952,543,464,410,448
52,0.1,0.5,global-coarse,global_37.7842,0.0902877107262709,0.0834971764030944,889,1773,429,283,889,891
52,0.1,0.5,global-dense,global_33.3333,0.113812052196413,0.1043171800379691,1091,2209,544,358,1091,1095
52,0.1,0.5,goco-M,adapt_37.7842_to_32.0342_q0.75,0.1005660064203713,0.0941692012253469,1111,2221,502,351,968,968
52,0.1,0.5,goco-N,top5736,0.0931590716551411,0.0882781712240947,1288,1778,872,720,908,919
52,0.1,0.1,global-coarse,global_37.7842,0.0902877107262709,0.0834971764030944,889,1773,429,283,889,891
52,0.1,0.1,global-dense,global_34.418,0.1069418996394585,0.098518569611134,1049,2113,505,331,1049,1055
52,0.1,0.1,goco-M,adapt_37.7842_to_32.0342_q0.75,0.1005660064203713,0.0941692012253469,1111,2221,502,351,968,968
52,0.1,0.1,goco-N,top5736,0.0931590716551411,0.0882781712240947,1288,1778,872,720,908,919
52,0.2,0.5,global-coarse,global_23.0262,0.2062814295960636,0.1987229437486929,1854,4200,931,602,1854,1863
52,0.2,0.5,global-dense,global_22.698,0.2091487744058991,0.201371161550725,1905,4303,947,617,1905,1919
52,0.2,0.5,goco-M,adapt_23.0262_to_19.5221_q0.5,0.2067046286289879,0.2002566194068054,2104,4854,943,637,1854,1863
52,0.2,0.5,goco-N,top12426,0.2017715516681176,0.194395589053173,2473,3839,1405,1113,1764,1781
52,0.2,0.1,global-coarse,global_27.1593,0.1557999463874515,0.1467587232589301,1454,3060,745,496,1454,1460
52,0.2,0.1,global-dense,global_23.4366,0.2031899046583633,0.1950192798722402,1788,4044,910,582,1788,1789
52,0.2,0.1,goco-M,adapt_27.1593_to_23.0262_q0.75,0.1762855669564277,0.168776777118156,1823,4048,839,577,1608,1608
52,0.2,0.1,goco-N,top12426,0.2017715516681176,0.194395589053173,2473,3839,1405,1113,1764,1781
53,0.05,0.5,global-coarse,global_62.0008,0.0360994542624662,0.0386253604766503,475,709,241,173,475,475
53,0.05,0.5,global-dense,global_55.6416,0.0453607384203164,0.0483345814529426,556,890,269,188,556,561
53,0.05,0.5,goco-M,adapt_62.0008_to_52.5656_q0.75,0.0450913174537502,0.0462847092209762,565,933,263,184,545,546
53,0.05,0.5,goco-N,top3012,0.0470545934550899,0.0486899670890566,710,927,534,449,556,561
53,0.05,0.1,global-coarse,global_62.0008,0.0360994542624662,0.0386253604766503,475,709,241,173,475,475
53,0.05,0.1,global-dense,global_58.3796,0.0415637252004649,0.0446233963305283,520,809,255,179,520,520
53,0.05,0.1,goco-M,adapt_62.0008_to_52.5656_q0.6,0.0434363733081151,0.0443304166748779,562,917,259,182,534,542
53,0.05,0.1,goco-N,top2648,0.0404003388695155,0.0431740995473924,632,817,487,416,514,514
53,0.1,0.5,global-coarse,global_37.7842,0.0814976259432196,0.0829150490379625,921,1743,425,293,921,924
53,0.1,0.5,global-dense,global_34.418,0.0972851035325176,0.0976955770582477,1064,2074,500,347,1064,1071
53,0.1,0.5,goco-M,adapt_37.7842_to_32.0342_q0.75,0.0919341920893431,0.0916523789816657,1122,2182,491,361,961,985
53,0.1,0.5,goco-N,top5736,0.0873120650323794,0.0927201234105634,1259,1733,816,665,937,957
53,0.1,0.1,global-coarse,global_37.7842,0.0814976259432196,0.0829150490379625,921,1743,425,293,921,924
53,0.1,0.1,global-dense,global_36.1117,0.0930259208910429,0.0918991015728496,989,1911,464,313,989,989
53,0.1,0.1,goco-M,adapt_37.7842_to_32.0342_q0.75,0.0919341920893431,0.0916523789816657,1122,2182,491,361,961,985
53,0.1,0.1,goco-N,top5043,0.0783274556547208,0.0811772614504025,1120,1522,755,615,895,907
53,0.2,0.5,global-coarse,global_27.1593,0.1462918683853727,0.14695399134977,1488,3021,730,502,1488,1494
53,0.2,0.5,global-dense,global_23.0644,0.1996259175166547,0.199221696740589,1886,4098,925,606,1886,1886
53,0.2,0.5,goco-M,adapt_27.1593_to_23.0262_q0.75,0.1688937032407912,0.1666799340015577,1849,3960,821,572,1649,1670
53,0.2,0.5,goco-N,top10925,0.1756819377009695,0.1772619055658095,2269,3388,1273,999,1716,1752
53,0.2,0.1,global-coarse,global_27.1593,0.1462918683853727,0.14695399134977,1488,3021,730,502,1488,1494
53,0.2,0.1,global-dense,global_23.8149,0.1822133600361958,0.1854997387676124,1795,3845,865,580,1795,1795
53,0.2,0.1,goco-M,adapt_27.1593_to_23.0262_q0.75,0.1688937032407912,0.1666799340015577,1849,3960,821,572,1649,1670
53,0.2,0.1,goco-N,top10925,0.1756819377009695,0.1772619055658095,2269,3388,1273,999,1716,1752
54,0.05,0.5,global-coarse,global_62.0008,0.0353074452784837,0.0390106352928811,425,658,225,159,425,425
54,0.05,0.5,global-dense,global_56.5397,0.0444598774553263,0.0480018590413127,484,787,254,172,484,484
54,0.05,0.5,goco-M,adapt_62.0008_to_52.5656_q0.75,0.0376829796875307,0.0408494767751216,486,783,232,166,440,440
54,0.05,0.5,goco-N,top3426,0.0511916254572439,0.0463886644463275,794,1062,523,435,503,503
54,0.05,0.1,global-coarse,global_62.0008,0.0353074452784837,0.0390106352928811,425,658,225,159,425,425
54,0.05,0.1,global-dense,global_60.2794,0.0390103828043422,0.0432910286476295,442,700,235,163,442,442
54,0.05,0.1,goco-M,adapt_62.0008_to_52.5656_q0.75,0.0376829796875307,0.0408494767751216,486,783,232,166,440,440
54,0.05,0.1,goco-N,top3426,0.0511916254572439,0.0463886644463275,794,1062,523,435,503,503
54,0.1,0.5,global-coarse,global_37.7842,0.082596817516139,0.0840867486922115,802,1591,409,272,802,809
54,0.1,0.5,global-dense,global_34.418,0.0965666476216745,0.0980885157668162,942,1907,474,313,942,946
54,0.1,0.5,goco-M,adapt_37.7842_to_32.0342_q0.75,0.0952533640680103,0.0970506057759472,1009,2056,481,332,884,885
54,0.1,0.5,goco-N,top6525,0.0951315406425046,0.0945840463394608,1415,1970,844,682,884,885
54,0.1,0.1,global-coarse,global_37.7842,0.082596817516139,0.0840867486922115,802,1591,409,272,802,809
54,0.1,0.1,global-dense,global_36.1117,0.0918853557144827,0.0926792858128214,871,1753,443,290,871,871
54,0.1,0.1,goco-M,adapt_37.7842_to_32.0342_q0.6,0.0854207301455956,0.0871436563773437,969,1946,443,312,816,835
54,0.1,0.1,goco-N,top6525,0.0951315406425046,0.0945840463394608,1415,1970,844,682,884,885
54,0.2,0.5,global-coarse,global_27.1593,0.1484493256938437,0.1485175915269721,1350,2862,721,476,1350,1352
54,0.2,0.5,global-dense,global_23.4366,0.1969480635778185,0.1971326938339629,1682,3846,899,572,1682,1687
54,0.2,0.5,goco-M,adapt_27.1593_to_23.0262_q0.75,0.1719641741475444,0.1697907308803943,1696,3825,815,551,1542,1542
54,0.2,0.5,goco-N,top12426,0.1765942890374003,0.1785719535948563,2399,3685,1281,1017,1584,1599
54,0.2,0.1,global-coarse,global_27.1593,0.1484493256938437,0.1485175915269721,1350,2862,721,476,1350,1352
54,0.2,0.1,global-dense,global_23.8149,0.1874602320740581,0.1869843195767461,1656,3730,867,559,1656,1656
54,0.2,0.1,goco-M,adapt_27.1593_to_23.0262_q0.75,0.1719641741475444,0.1697907308803943,1696,3825,815,551,1542,1542
54,0.2,0.1,goco-N,top12426,0.1765942890374003,0.1785719535948563,2399,3685,1281,1017,1584,1599
55,0.05,0.5,global-coarse,global_62.0008,0.041375573812479,0.0386818543115963,437,708,240,158,437,437
55,0.05,0.5,global-dense,global_54.7578,0.0519199322260968,0.0505795544869899,521,901,271,170,521,521
55,0.05,0.5,goco-M,adapt_62.0008_to_52.5656_q0.75,0.0529926906633567,0.0498369233194726,532,950,270,171,523,523
55,0.05,0.5,goco-N,top3012,0.0555342120298678,0.0506270158773952,598,844,500,399,535,535
55,0.05,0.1,global-coarse,global_62.0008,0.041375573812479,0.0386818543115963,437,708,240,158,437,437
55,0.05,0.1,global-dense,global_55.6416,0.0519199322260968,0.0480407806659703,518,895,268,167,521,521
55,0.05,0.1,goco-M,adapt_62.0008_to_52.5656_q0.6,0.049076974604488,0.0450608950988313,530,925,261,171,496,506
55,0.05,0.1,goco-N,top2648,0.0484209074610398,0.0438645067628375,547,750,452,361,478,479
55,0.1,0.5,global-coarse,global_37.7842,0.0821121553020601,0.0832760731091535,840,1685,407,271,840,844
55,0.1,0.5,global-dense,global_34.9736,0.0945424604816412,0.096971448716517,942,1935,458,303,942,943
55,0.1,0.5,goco-M,adapt_37.7842_to_32.0342_q0.75,0.0868325222793571,0.0888918449616476,1033,2064,454,326,859,894
55,0.1,0.5,goco-N,top5736,0.105080594944062,0.0999608892663107,1108,1679,810,626,1032,1033
55,0.1,0.1,global-coarse,global_37.7842,0.0821121553020601,0.0832760731091535,840,1685,407,271,840,844
55,0.1,0.1,global-dense,global_36.1117,0.0906068785257862,0.0929433616459413,917,1853,442,296,917,917
55,0.1,0.1,goco-M,adapt_37.7842_to_32.0342_q0.75,0.0868325222793571,0.0888918449616476,1033,2064,454,326,859,894
55,0.1,0.1,goco-N,top5043,0.0916445022361447,0.0869504168062589,988,1463,741,578,917,921
55,0.2,0.5,global-coarse,global_27.1593,0.1506925819089658,0.1489684672709917,1389,2965,719,469,1389,1393
55,0.2,0.5,global-dense,global_23.4366,0.1999493639153888,0.1983482226896926,1742,3967,900,571,1742,1744
55,0.2,0.5,goco-M,adapt_27.1593_to_23.0262_q0.75,0.1709195086202922,0.1693253306156964,1761,3956,812,553,1558,1563
55,0.2,0.5,goco-N,top12426,0.1928712624202901,0.1936806018781272,2278,3679,1291,989,1716,1728
55,0.2,0.1,global-coarse,global_27.1593,0.1506925819089658,0.1489684672709917,1389,2965,719,469,1389,1393
55,0.2,0.1,global-dense,global_23.8149,0.1904189693570671,0.1878497136344861,1716,3856,875,564,1716,1716
55,0.2,0.1,goco-M,adapt_27.1593_to_23.0262_q0.75,0.1709195086202922,0.1693253306156964,1761,3956,812,553,1558,1563
55,0.2,0.1,goco-N,top10925,0.1757097967673874,0.1736505951076367,2028,3229,1217,933,1584,1586
56,0.05,0.5,global-coarse,global_62.0008,0.0416257856059262,0.0391863573957655,402,691,239,161,402,404
56,0.05,0.5,global-dense,global_54.7578,0.055983903698012,0.0515161368727377,484,905,280,178,484,493
56,0.05,0.5,goco-M,adapt_62.0008_to_52.5656_q0.75,0.0522464881691195,0.0497268917223393,496,949,266,176,473,475
56,0.05,0.5,goco-N,top3012,0.0451613618762977,0.045121857495978,674,877,471,389,421,424
56,0.05,0.1,global-coarse,global_62.0008,0.0416257856059262,0.0391863573957655,402,691,239,161,402,404
56,0.05,0.1,global-dense,global_56.5397,0.0504359004669306,0.0476602684114065,473,865,265,175,473,473
56,0.05,0.1,goco-M,adapt_62.0008_to_52.5656_q0.6,0.0445234154894891,0.0418982256994396,482,888,244,170,421,423
56,0.05,0.1,goco-N,top3012,0.0451613618762977,0.045121857495978,674,877,471,389,421,424
56,0.1,0.5,global-coarse,global_37.7842,0.0844074052183278,0.0834119977139704,798,1665,402,271,815,825
56,0.1,0.5,global-dense,global_34.418,0.0996581752270622,0.0987452565980638,940,1992,461,306,940,942
56,0.1,0.5,goco-M,adapt_37.7842_to_32.0342_q0.75,0.0937680188611094,0.0896100064157727,974,2070,456,322,867,867
56,0.1,0.5,goco-N,top5736,0.0949144566645601,0.0951371990618783,1225,1684,852,683,867,872
56,0.1,0.1,global-coarse,global_37.7842,0.0844074052183278,0.0834119977139704,798,1665,402,271,815,825
56,0.1,0.1,global-dense,global_36.1117,0.0936700028239126,0.0925367374153413,867,1835,430,283,867,867
56,0.1,0.1,goco-M,adapt_37.7842_to_32.0342_q0.75,0.0937680188611094,0.0896100064157727,974,2070,456,322,867,867
56,0.1,0.1,goco-N,top5043,0.0761564528424272,0.0799780747601136,1100,1470,754,620,605,662
56,0.2,0.5,global-coarse,global_27.1593,0.1477821906866176,0.1467780521925921,1314,2892,695,455,1314,1316
56,0.2,0.5,global-dense,global_23.4366,0.1931627583316599,0.1956545036513257,1654,3887,866,553,1654,1657
56,0.2,0.5,goco-M,adapt_27.1593_to_23.0262_q0.75,0.1643456545887853,0.1654953666801804,1661,3839,771,524,1376,1423
56,0.2,0.5,goco-N,top10925,0.1709613035497092,0.1779935613387286,2149,3185,1293,1017,1482,1501
56,0.2,0.1,global-coarse,global_27.1593,0.1477821906866176,0.1467780521925921,1314,2892,695,455,1314,1316
56,0.2,0.1,global-dense,global_23.8149,0.1821845597500274,0.1850251531578559,1621,3763,833,543,1621,1621
56,0.2,0.1,goco-M,adapt_27.1593_to_23.0262_q0.75,0.1643456545887853,0.1654953666801804,1661,3839,771,524,1376,1423
56,0.2,0.1,goco-N,top10925,0.1709613035497092,0.1779935613387286,2149,3185,1293,1017,1482,1501
57,0.05,0.5,global-coarse,global_62.0008,0.0392734007132021,0.0384273036018104,376,638,220,147,376,376
57,0.05,0.5,global-dense,global_55.6416,0.0482174872431388,0.0476154346412313,455,820,246,157,455,457
57,0.05,0.5,goco-M,adapt_62.0008_to_52.5656_q0.75,0.0499532084244537,0.0496465850790585,459,867,248,157,455,458
57,0.05,0.5,goco-N,top2648,0.0447846274077138,0.0472901571535865,566,766,472,394,424,426
57,0.05,0.1,global-coarse,global_62.0008,0.0392734007132021,0.0384273036018104,376,638,220,147,376,376
57,0.05,0.1,global-dense,global_56.5397,0.0473112083062434,0.0465430371348429,447,794,244,156,447,447
57,0.05,0.1,goco-M,adapt_62.0008_to_52.5656_q0.6,0.0453331560178891,0.0444274743971253,457,837,237,155,424,426
57,0.05,0.1,goco-N,top2328,0.0415643819243322,0.0421584148443025,499,677,419,345,391,391
57,0.1,0.5,global-coarse,global_37.7842,0.0823672925245122,0.0822163757672103,774,1589,396,262,774,777
57,0.1,0.5,global-dense,global_34.418,0.0945861326188177,0.0964657413064089,913,1897,459,308,913,914
57,0.1,0.5,goco-M,adapt_37.7842_to_32.0342_q0.75,0.0877431594746448,0.0891446986667016,973,2017,440,317,795,812
57,0.1,0.5,goco-N,top5043,0.0835467685902108,0.0883085680126651,1054,1450,802,655,795,803
57,0.1,0.1,global-coarse,global_37.7842,0.0823672925245122,0.0822163757672103,774,1589,396,262,774,777
57,0.1,0.1,global-dense,global_36.1117,0.0897725108523619,0.0913008252917206,853,1762,431,284,853,853
57,0.1,0.1,goco-M,adapt_37.7842_to_32.0342_q0.75,0.0877431594746448,0.0891446986667016,973,2017,440,317,795,812
57,0.1,0.1,goco-N,top5043,0.0835467685902108,0.0883085680126651,1054,1450,802,655,795,803
57,0.2,0.5,global-coarse,global_23.0262,0.1904679970287554,0.1966869294382014,1749,3882,899,590,1749,1755
57,0.2,0.5,global-dense,global_23.0262,0.1904679970287554,0.1966869294382014,1749,3882,899,590,1749,1755
57,0.2,0.5,goco-M,adapt_23.0262_to_19.5221_q0.4,0.1894610566204545,0.1957268137500694,1943,4370,901,613,1694,1741
57,0.2,0.5,goco-N,top12426,0.1971459452375877,0.1948825964810928,2343,3654,1362,1053,1798,1830
57,0.2,0.1,global-coarse,global_27.1593,0.1408808965594236,0.144783190782639,1333,2808,696,471,1333,1341
57,0.2,0.1,global-dense,global_23.8149,0.1806596071174182,0.1826931365811982,1672,3675,858,565,1672,1672
57,0.2,0.1,goco-M,adapt_27.1593_to_23.0262_q0.75,0.156472686037168,0.160883304636094,1684,3686,771,538,1404,1448
57,0.2,0.1,goco-N,top10925,0.1723631382868039,0.1729519337953158,2105,3210,1256,985,1582,1636
58,0.05,0.5,global-coarse,global_62.0008,0.0446135508402781,0.0388023963896498,458,717,256,166,458,458
58,0.05,0.5,global-dense,global_53.888,0.0580515987942549,0.0526274560037837,541,940,299,185,541,541
58,0.05,0.5,goco-M,adapt_62.0008_to_52.5656_q0.75,0.053092184329255,0.0478842730360181,555,955,286,185,521,521
58,0.05,0.5,goco-N,top3897,0.0488606189164732,0.0476522043248209,814,1193,493,415,471,471
58,0.05,0.1,global-coarse,global_62.0008,0.0446135508402781,0.0388023963896498,458,717,256,166,458,458
58,0.05,0.1,global-dense,global_55.6416,0.0545816340603266,0.048527218861058,533,908,285,178,533,537
58,0.05,0.1,goco-M,adapt_62.0008_to_52.5656_q0.75,0.053092184329255,0.0478842730360181,555,955,286,185,521,521
58,0.05,0.1,goco-N,top3426,0.040284249608811,0.0416334136521555,731,1053,440,376,361,372
58,0.1,0.5,global-coarse,global_37.7842,0.087696114164877,0.0827144192849807,887,1752,425,283,887,889
58,0.1,0.5,global-dense,global_33.3333,0.1092929710844481,0.102773562636992,1081,2195,529,353,1081,1082
58,0.1,0.5,goco-M,adapt_37.7842_to_32.0342_q0.75,0.0946752828838058,0.0899074749226494,1107,2215,488,350,909,933
58,0.1,0.5,goco-N,top6525,0.0905985306532079,0.0896037814289146,1327,1953,818,663,909,916
58,0.1,0.1,global-coarse,global_37.7842,0.087696114164877,0.0827144192849807,887,1752,425,283,887,889
58,0.1,0.1,global-dense,global_34.418,0.1054064792376749,0.0969413953101358,1042,2104,498,329,1042,1047
58,0.1,0.1,goco-M,adapt_37.7842_to_32.0342_q0.75,0.0946752828838058,0.0899074749226494,1107,2215,488,350,909,933
58,0.1,0.1,goco-N,top6525,0.0905985306532079,0.0896037814289146,1327,1953,818,663,909,916
58,0.2,0.5,global-coarse,global_23.0262,0.1986306646214566,0.1991888165955433,1900,4229,917,593,1900,1914
58,0.2,0.5,global-dense,global_23.0262,0.1986306646214566,0.1991888165955433,1900,4229,917,593,1900,1914
58,0.2,0.5,goco-M,adapt_23.0262_to_19.5221_q0.4,0.1991398231483777,0.1987683681477146,2102,4770,924,619,1900,1915
58,0.2,0.5,goco-N,top12426,0.1797935437469638,0.1827715259066663,2301,3637,1278,1007,1717,1762
58,0.2,0.1,global-coarse,global_27.1593,0.14681788927755,0.1453334310728433,1472,3073,723,489,1472,1479
58,0.2,0.1,global-dense,global_23.8149,0.1872348652891466,0.1855943455372777,1801,3978,865,562,1801,1801
58,0.2,0.1,goco-M,adapt_27.1593_to_23.0262_q0.75,0.1632601738517105,0.1615297634584932,1842,4041,785,544,1603,1610
58,0.2,0.1,goco-N,top12426,0.1797935437469638,0.1827715259066663,2301,3637,1278,1007,1717,1762
59,0.05,0.5,global-coarse,global_62.0008,0.0377376519494847,0.0379109762266059,416,648,229,154,416,416
59,0.05,0.5,global-dense,global_54.7578,0.0542762574620249,0.0511246214584606,478,834,268,163,478,478
59,0.05,0.5,goco-M,adapt_62.0008_to_52.5656_q0.75,0.0494621431526685,0.0472094673156888,483,857,257,162,471,471
59,0.05,0.5,goco-N,top2648,0.0514032547234864,0.0487906377891203,524,731,476,371,476,478
59,0.05,0.1,global-coarse,global_62.0008,0.0377376519494847,0.0379109762266059,416,648,229,154,416,416
59,0.05,0.1,global-dense,global_56.5397,0.048873554386587,0.0467540678845686,471,796,255,161,471,471
59,0.05,0.1,goco-M,adapt_62.0008_to_52.5656_q0.75,0.0494621431526685,0.0472094673156888,483,857,257,162,471,471
59,0.05,0.1,goco-N,top2328,0.0435767480347538,0.0411045201637007,459,631,413,323,432,432
59,0.1,0.5,global-coarse,global_37.7842,0.0843489567941367,0.083356653462875,781,1606,392,244,781,783
59,0.1,0.5,global-dense,global_34.418,0.0977525267450795,0.0983571899353386,911,1913,459,294,911,916
59,0.1,0.5,goco-M,adapt_37.7842_to_32.0342_q0.75,0.0904422796437691,0.0903919424025645,951,1982,439,299,815,817
59,0.1,0.5,goco-N,top5736,0.1013695976252865,0.0981600089339087,1108,1603,827,632,911,916
59,0.1,0.1,global-coarse,global_37.7842,0.0843489567941367,0.083356653462875,781,1606,392,244,781,783
59,0.1,0.1,global-dense,global_36.1117,0.092581647194804,0.0921107892276329,835,1757,423,259,835,836
59,0.1,0.1,goco-M,adapt_37.7842_to_32.0342_q0.75,0.0904422796437691,0.0903919424025645,951,1982,439,299,815,817
59,0.1,0.1,goco-N,top5043,0.087495649204379,0.0874483782108971,973,1396,758,589,795,809
59,0.2,0.5,global-coarse,global_23.0262,0.2054091163986756,0.2013474464945106,1646,3895,893,552,1646,1646
59,0.2,0.5,global-dense,global_23.0262,0.2054091163986756,0.2013474464945106,1646,3895,893,552,1646,1646
59,0.2,0.5,goco-M,adapt_23.0262_to_19.5221_q0.4,0.2040012595428887,0.2006733538885833,1847,4394,895,576,1636,1637
59,0.2,0.5,goco-N,top12426,0.1974874062932911,0.1906897043366907,2272,3605,1293,972,1571,1583
59,0.2,0.1,global-coarse,global_27.1593,0.1445215945733115,0.1473112202247255,1276,2794,678,443,1276,1277
59,0.2,0.1,global-dense,global_23.8149,0.1906471326462078,0.1860845180615239,1571,3656,844,529,1571,1571
59,0.2,0.1,goco-M,adapt_27.1593_to_23.0262_q0.75,0.1642727542548662,0.1627599675428434,1582,3662,754,505,1393,1398
59,0.2,0.1,goco-N,top12426,0.1974874062932911,0.1906897043366907,2272,3605,1293,972,1571,1583
60,0.05,0.5,global-coarse,global_62.0008,0.0395108063912366,0.0373125357192124,507,754,260,184,507,507
60,0.05,0.5,global-dense,global_53.888,0.0572167385779301,0.0516462040741251,609,977,316,208,609,609
60,0.05,0.5,goco-M,adapt_62.0008_to_52.5656_q0.75,0.0443697421045373,0.04130405507492,604,938,279,200,524,527
60,0.05,0.5,goco-N,top3012,0.0535257862626501,0.0505633508289046,652,883,529,422,599,603
60,0.05,0.1,global-coarse,global_62.0008,0.0395108063912366,0.0373125357192124,507,754,260,184,507,507
60,0.05,0.1,global-dense,global_55.6416,0.0514175384676005,0.0470196217540678,599,936,299,203,599,603
60,0.05,0.1,goco-M,adapt_62.0008_to_52.5656_q0.75,0.0443697421045373,0.04130405507492,604,938,279,200,524,527
60,0.05,0.1,goco-N,top2648,0.0441766652875465,0.0416400620118374,588,782,469,382,524,527
60,0.1,0.5,global-coarse,global_37.7842,0.083643471179673,0.0833266000564938,960,1773,433,305,960,963
60,0.1,0.5,global-dense,global_34.418,0.0988320166019793,0.0982065397088159,1118,2107,504,352,1118,1122
60,0.1,0.5,goco-M,adapt_37.7842_to_32.0342_q0.75,0.0909839275788799,0.090167992520041,1160,2185,478,351,1015,1017
60,0.1,0.5,goco-N,top5043,0.0951187655262955,0.0945769650866905,1005,1458,828,652,1041,1058
60,0.1,0.1,global-coarse,global_37.7842,0.083643471179673,0.0833266000564938,960,1773,433,305,960,963
60,0.1,0.1,global-dense,global_36.1117,0.0937399439157817,0.091974864622816,1041,1953,471,326,1041,1042
60,0.1,0.1,goco-M,adapt_37.7842_to_32.0342_q0.75,0.0909839275788799,0.090167992520041,1160,2185,478,351,1015,1017
60,0.1,0.1,goco-N,top5043,0.0951187655262955,0.0945769650866905,1005,1458,828,652,1041,1058
60,0.2,0.5,global-coarse,global_23.0262,0.1982192049666471,0.1990043736794456,1945,4159,934,624,1945,1955
60,0.2,0.5,global-dense,global_23.0262,0.1982192049666471,0.1990043736794456,1945,4159,934,624,1945,1955
60,0.2,0.5,goco-M,adapt_23.0262_to_19.5221_q0.4,0.198759192597808,0.1989647323496403,2150,4688,939,644,1945,1955
60,0.2,0.5,goco-N,top10925,0.2100231992298603,0.1959393282137595,1989,3219,1338,994,1984,2015
60,0.2,0.1,global-coarse,global_27.1593,0.1473278055094356,0.1467273261831132,1520,3039,739,510,1520,1529
60,0.2,0.1,global-dense,global_23.8149,0.1850286233049227,0.185335945868716,1846,3887,879,589,1846,1846
60,0.2,0.1,goco-M,adapt_27.1593_to_23.0262_q0.75,0.1682922983330793,0.1682244303046616,1889,3994,820,578,1684,1694
60,0.2,0.1,goco-N,top10925,0.2100231992298603,0.1959393282137595,1989,3219,1338,994,1984,2015
61,0.05,0.5,global-coarse,global_62.0008,0.0346425123628268,0.0387416326718299,446,659,237,168,446,446
61,0.05,0.5,global-dense,global_56.5397,0.0435816734637586,0.0476004900511729,524,807,260,175,524,524
61,0.05,0.5,goco-M,adapt_62.0008_to_52.5656_q0.75,0.0389857556593179,0.0426710744996025,545,846,245,173,463,465
61,0.05,0.5,goco-N,top3012,0.0426226924365112,0.0447147061335225,710,886,509,428,497,507
61,0.05,0.1,global-coarse,global_62.0008,0.0346425123628268,0.0387416326718299,446,659,237,168,446,446
61,0.05,0.1,global-dense,global_59.3219,0.0405687885414819,0.0440234777867554,487,732,252,171,487,487
61,0.05,0.1,goco-M,adapt_62.0008_to_52.5656_q0.75,0.0389857556593179,0.0426710744996025,545,846,245,173,463,465
61,0.05,0.1,goco-N,top3012,0.0426226924365112,0.0447147061335225,710,886,509,428,497,507
61,0.1,0.5,global-coarse,global_37.7842,0.0817425839457283,0.0845747196657667,882,1694,406,269,882,884
61,0.1,0.5,global-dense,global_34.9736,0.0957605190745447,0.097047485476924,983,1947,460,298,983,983
61,0.1,0.5,goco-M,adapt_37.7842_to_32.0342_q0.75,0.0919135052875226,0.0936285136209263,1083,2123,471,335,963,967
61,0.1,0.5,goco-N,top5736,0.0881632090155052,0.0897575363432723,1275,1677,833,667,903,923
61,0.1,0.1,global-coarse,global_37.7842,0.0817425839457283,0.0845747196657667,882,1694,406,269,882,884
61,0.1,0.1,global-dense,global_36.1117,0.0904975340018782,0.0934635209673146,963,1865,444,293,963,966
61,0.1,0.1,goco-M,adapt_37.7842_to_32.0342_q0.75,0.0919135052875226,0.0936285136209263,1083,2123,471,335,963,967
61,0.1,0.1,goco-N,top5736,0.0881632090155052,0.0897575363432723,1275,1677,833,667,903,923
61,0.2,0.5,global-coarse,global_27.1593,0.1433732440041914,0.1490383032457801,1449,2970,722,492,1449,1456
61,0.2,0.5,global-dense,global_23.8149,0.1832396534363606,0.187467576366328,1797,3830,872,577,1797,1797
61,0.2,0.5,goco-M,adapt_27.1593_to_23.0262_q0.75,0.1650511144043476,0.169839149413883,1830,3916,807,560,1629,1636
61,0.2,0.5,goco-N,top12426,0.1722111400069612,0.1862345761487022,2467,3591,1285,1024,1706,1706
61,0.2,0.1,global-coarse,global_27.1593,0.1433732440041914,0.1490383032457801,1449,2970,722,492,1449,1456
61,0.2,0.1,global-dense,global_23.8149,0.1832396534363606,0.187467576366328,1797,3830,872,577,1797,1797
61,0.2,0.1,goco-M,adapt_27.1593_to_23.0262_q0.75,0.1650511144043476,0.169839149413883,1830,3916,807,560,1629,1636
61,0.2,0.1,goco-N,top12426,0.1722111400069612,0.1862345761487022,2467,3591,1285,1024,1706,1706
62,0.05,0.5,global-coarse,global_62.0008,0.0333776621943771,0.0380183802035091,454,656,225,160,454,454
62,0.05,0.5,global-dense,global_55.6416,0.0417981756210965,0.0472641546617267,532,823,249,171,532,533
62,0.05,0.5,goco-M,adapt_62.0008_to_52.5656_q0.75,0.0378332052721792,0.0440904821026217,544,840,238,171,498,504
62,0.05,0.5,goco-N,top3426,0.0431260712808085,0.0434369113359318,700,984,443,372,532,533
62,0.05,0.1,global-coarse,global_62.0008,0.0333776621943771,0.0380183802035091,454,656,225,160,454,454
62,0.05,0.1,global-dense,global_60.2794,0.0363496660559134,0.0420622877375532,472,701,233,163,487,487
62,0.05,0.1,goco-M,adapt_62.0008_to_52.5656_q0.6,0.0368954035896526,0.0422580454446918,540,825,238,171,498,504
62,0.05,0.1,goco-N,top3426,0.0431260712808085,0.0434369113359318,700,984,443,372,532,533
62,0.1,0.5,global-coarse,global_37.7842,0.0788229538126104,0.082431293205193,841,1573,387,253,841,842
62,0.1,0.5,global-dense,global_34.418,0.0965886478712295,0.0972113285466851,996,1921,464,303,996,1001
62,0.1,0.5,goco-M,adapt_37.7842_to_32.0342_q0.75,0.0902780986769402,0.0922295795588663,1045,2030,452,314,923,924
62,0.1,0.5,goco-N,top7422,0.0955798981967786,0.0981556178348027,1461,2141,833,689,949,950
62,0.1,0.1,global-coarse,global_37.7842,0.0788229538126104,0.082431293205193,841,1573,387,253,841,842
62,0.1,0.1,global-dense,global_34.9736,0.0955001280611541,0.0951170604812486,949,1851,446,280,949,950
62,0.1,0.1,goco-M,adapt_37.7842_to_32.0342_q0.75,0.0902780986769402,0.0922295795588663,1045,2030,452,314,923,924
62,0.1,0.1,goco-N,top6525,0.0807554143094068,0.0863302618171443,1298,1875,760,637,863,870
62,0.2,0.5,global-coarse,global_27.1593,0.1359909754200197,0.1458226932706171,1404,2823,674,456,1404,1411
62,0.2,0.5,global-dense,global_23.4366,0.1881714553777028,0.1955095124754215,1749,3770,873,560,1749,1749
62,0.2,0.5,goco-M,adapt_27.1593_to_23.0262_q0.75,0.1549079182031432,0.1638805551444264,1729,3679,756,522,1579,1579
62,0.2,0.5,goco-N,top14135,0.2026613823314633,0.1970138700310012,2538,4078,1371,1069,1837,1865
62,0.2,0.1,global-coarse,global_27.1593,0.1359909754200197,0.1458226932706171,1404,2823,674,456,1404,1411
62,0.2,0.1,global-dense,global_23.8149,0.1731908055397918,0.1856534473789784,1731,3644,832,550,1731,1731
62,0.2,0.1,goco-M,adapt_27.1593_to_23.0262_q0.75,0.1549079182031432,0.1638805551444264,1729,3679,756,522,1579,1579
62,0.2,0.1,goco-N,top12426,0.1752068498509151,0.172804343614176,2312,3587,1268,1000,1731,1734
63,0.05,0.5,global-coarse,global_62.0008,0.0423448982406367,0.0390392106628828,423,689,248,164,423,423
63,0.05,0.5,global-dense,global_55.6416,0.0532557085722166,0.0490576696949989,497,873,283,178,497,499
63,0.05,0.5,goco-M,adapt_62.0008_to_52.5656_q0.75,0.0463152865614595,0.0422680632468189,507,888,260,175,443,443
63,0.05,0.5,goco-N,top3426,0.0495621293614673,0.0496614033412212,709,943,503,415,461,472
63,0.05,0.1,global-coarse,global_62.0008,0.0423448982406367,0.0390392106628828,423,689,248,164,423,423
63,0.05,0.1,global-dense,global_56.5397,0.0520189333490947,0.047968521109644,490,849,280,177,490,490
63,0.05,0.1,goco-M,adapt_62.0008_to_52.5656_q0.75,0.0463152865614595,0.0422680632468189,507,888,260,175,443,443
63,0.05,0.1,goco-N,top3012,0.0417627125322615,0.0422141254462953,627,832,437,363,390,421
63,0.1,0.5,global-coarse,global_37.7842,0.0853542368540299,0.0844895957187307,841,1695,406,267,841,841
63,0.1,0.5,global-dense,global_34.418,0.0977548252786151,0.0990755703578162,981,2004,465,310,981,985
63,0.1,0.5,goco-M,adapt_37.7842_to_32.0342_q0.75,0.0933662680352792,0.0928822396162718,1020,2102,454,317,908,914
63,0.1,0.5,goco-N,top6525,0.1060751883155689,0.1001342991858925,1301,1864,856,679,1014,1018
63,0.1,0.1,global-coarse,global_37.7842,0.0853542368540299,0.0844895957187307,841,1695,406,267,841,841
63,0.1,0.1,global-dense,global_36.1117,0.0925338705334568,0.0931982955503441,908,1856,431,281,908,908
63,0.1,0.1,goco-M,adapt_37.7842_to_32.0342_q0.75,0.0933662680352792,0.0928822396162718,1020,2102,454,317,908,914
63,0.1,0.1,goco-N,top5736,0.09282481413222,0.0875114355456471,1154,1629,786,628,908,908
63,0.2,0.5,global-coarse,global_27.1593,0.1459331341209702,0.1471423259531964,1327,2868,680,445,1327,1328
63,0.2,0.5,global-dense,global_23.0644,0.1992317585240874,0.1991375462952325,1692,3936,884,560,1692,1693
63,0.2,0.5,goco-M,adapt_27.1593_to_23.0262_q0.75,0.16369462407301,0.1659707383939785,1635,3750,755,512,1474,1474
63,0.2,0.5,goco-N,top12426,0.1880282304465175,0.1848289400089648,2331,3624,1248,962,1609,1619
63,0.2,0.1,global-coarse,global_27.1593,0.1459331341209702,0.1471423259531964,1327,2868,680,445,1327,1328
63,0.2,0.1,global-dense,global_23.8149,0.1842487439332093,0.1858487354661055,1609,3689,829,533,1609,1609
63,0.2,0.1,goco-M,adapt_27.1593_to_23.0262_q0.75,0.16369462407301,0.1659707383939785,1635,3750,755,512,1474,1474
63,0.2,0.1,goco-N,top12426,0.1880282304465175,0.1848289400089648,2331,3624,1248,962,1609,1619
64,0.05,0.5,global-coarse,global_62.0008,0.0352503103020273,0.0380525392664998,449,684,238,173,449,450
64,0.05,0.5,global-dense,global_55.6416,0.0458271765470772,0.0473965210308154,523,860,266,185,523,527
64,0.05,0.5,goco-M,adapt_62.0008_to_52.5656_q0.75,0.0447741198258368,0.0469376728481432,532,902,260,186,515,515
64,0.05,0.5,goco-N,top3012,0.0518723197457165,0.0500379060249387,674,911,540,442,530,539
64,0.05,0.1,global-coarse,global_62.0008,0.0352503103020273,0.0380525392664998,449,684,238,173,449,450
64,0.05,0.1,global-dense,global_58.3796,0.0401821423645999,0.0435061650539647,488,782,249,179,488,500
64,0.05,0.1,goco-M,adapt_62.0008_to_52.5656_q0.6,0.0424985716255885,0.0440407215445151,529,889,254,183,488,500
64,0.05,0.1,goco-N,top2648,0.0464901392911322,0.044543597295701,586,792,486,397,523,527
64,0.1,0.5,global-coarse,global_37.7842,0.0795637383349423,0.0836058941901127,877,1655,413,290,877,880
64,0.1,0.5,global-dense,global_34.9736,0.0919789388655751,0.0964191010473256,976,1900,467,319,976,978
64,0.1,0.5,goco-M,adapt_37.7842_to_32.0342_q0.75,0.0889037547291581,0.0923512164786823,1085,2076,480,351,952,958
64,0.1,0.5,goco-N,top5043,0.0867583629995711,0.0880108088277775,1076,1528,800,639,952,952
64,0.1,0.1,global-coarse,global_37.7842,0.0795637383349423,0.0836058941901127,877,1655,413,290,877,880
64,0.1,0.1,global-dense,global_36.6945,0.0838360554537633,0.0897344899241712,925,1773,432,302,925,931
64,0.1,0.1,goco-M,adapt_37.7842_to_32.0342_q0.75,0.0889037547291581,0.0923512164786823,1085,2076,480,351,952,958
64,0.1,0.1,goco-N,top5043,0.0867583629995711,0.0880108088277775,1076,1528,800,639,952,952
64,0.2,0.5,global-coarse,global_23.0262,0.2024502071342466,0.2008124166684223,1848,4065,924,589,1848,1848
64,0.2,0.5,global-dense,global_23.0262,0.2024502071342466,0.2008124166684223,1848,4065,924,589,1848,1848
64,0.2,0.5,goco-M,adapt_23.0262_to_19.5221_q0.35,0.2003055505720452,0.1998885306835938,2053,4561,927,612,1795,1813
64,0.2,0.5,goco-N,top12426,0.1993917143535046,0.1980970157846023,2432,3792,1373,1061,1795,1813
64,0.2,0.1,global-coarse,global_27.1593,0.1464885330731421,0.1475526726457889,1460,2940,725,490,1460,1468
64,0.2,0.1,global-dense,global_23.8149,0.1844864574758828,0.1860839413555396,1775,3830,866,569,1775,1775
64,0.2,0.1,goco-M,adapt_27.1593_to_23.0262_q0.75,0.1671447320273648,0.1663388603815125,1798,3883,803,549,1625,1643
64,0.2,0.1,goco-N,top10925,0.180225226192469,0.1775142899930407,2173,3332,1273,985,1746,1752
65,0.05,0.5,global-coarse,global_62.0008,0.0402575014283744,0.0384585065920422,373,622,222,145,373,373
65,0.05,0.5,global-dense,global_55.6416,0.0474422247177729,0.0480241938132681,443,780,246,157,443,444
65,0.05,0.5,goco-M,adapt_62.0008_to_52.5656_q0.75,0.0441185452252891,0.0434279933521208,444,796,234,154,406,412
65,0.05,0.5,goco-N,top3012,0.0451057148616105,0.0466480156161491,663,865,473,395,413,420
65,0.05,0.1,global-coarse,global_62.0008,0.0402575014283744,0.0384585065920422,373,622,222,145,373,373
65,0.05,0.1,global-dense,global_58.3796,0.0444239218235908,0.0443875674148815,413,705,232,149,413,413
65,0.05,0.1,goco-M,adapt_62.0008_to_52.5656_q0.75,0.0441185452252891,0.0434279933521208,444,796,234,154,406,412
65,0.05,0.1,goco-N,top2648,0.0381756362517636,0.0404534009238106,595,764,422,355,303,306
65,0.1,0.5,global-coarse,global_37.7842,0.082900880666706,0.0838199904967735,768,1565,391,250,768,768
65,0.1,0.5,global-dense,global_34.418,0.0975816143586106,0.0986864088533284,913,1891,461,295,913,916
65,0.1,0.5,goco-M,adapt_37.7842_to_32.0342_q0.75,0.0915461578370142,0.0933996369504715,982,2026,452,310,813,822
65,0.1,0.5,goco-N,top5736,0.0859065565519847,0.0909529990403214,1201,1649,801,662,779,792
65,0.1,0.1,global-coarse,global_37.7842,0.082900880666706,0.0838199904967735,768,1565,391,250,768,768
65,0.1,0.1,global-dense,global_36.1117,0.0920434619855389,0.0929566639733559,842,1729,427,268,842,842
65,0.1,0.1,goco-M,adapt_37.7842_to_32.0342_q0.75,0.0915461578370142,0.0933996369504715,982,2026,452,310,813,822
65,0.1,0.1,goco-N,top5736,0.0859065565519847,0.0909529990403214,1201,1649,801,662,779,792
65,0.2,0.5,global-coarse,global_27.1593,0.1494211587612497,0.1460226462123275,1346,2884,721,467,1346,1354
65,0.2,0.5,global-dense,global_23.0644,0.1979880969895487,0.1987659682264264,1755,4008,909,572,1755,1756
65,0.2,0.5,goco-M,adapt_27.1593_to_23.0262_q0.75,0.1637227083075279,0.1598720978075181,1681,3802,776,518,1481,1489
65,0.2,0.5,goco-N,top12426,0.1909454936317356,0.1864778497068549,2330,3613,1311,1033,1675,1687
65,0.2,0.1,global-coarse,global_27.1593,0.1494211587612497,0.1460226462123275,1346,2884,721,467,1346,1354
65,0.2,0.1,global-dense,global_23.8149,0.1867319065549703,0.1850547634595728,1675,3774,869,554,1675,1675
65,0.2,0.1,goco-M,adapt_27.1593_to_23.0262_q0.75,0.1637227083075279,0.1598720978075181,1681,3802,776,518,1481,1489
65,0.2,0.1,goco-N,top12426,0.1909454936317356,0.1864778497068549,2330,3613,1311,1033,1675,1687
66,0.05,0.5,global-coarse,global_62.0008,0.041522351596824,0.0396911889324635,487,759,261,185,487,487
66,0.05,0.5,global-dense,global_55.6416,0.0503240932285202,0.0493818523408811,577,950,288,196,577,579
66,0.05,0.5,goco-M,adapt_62.0008_to_52.5656_q0.6,0.0482765923911972,0.0479923339179788,587,975,278,191,544,554
66,0.05,0.5,goco-N,top2648,0.0382154185629568,0.045443049616039,611,764,526,454,394,432
66,0.05,0.1,global-coarse,global_62.0008,0.041522351596824,0.0396911889324635,487,759,261,185,487,487
66,0.05,0.1,global-dense,global_58.3796,0.0465389010382804,0.0453535463019529,544,875,274,189,544,547
66,0.05,0.1,goco-M,adapt_62.0008_to_52.5656_q0.5,0.043257087692338,0.0419645731102483,536,862,264,186,504,504
66,0.05,0.1,goco-N,top2328,0.0335470969521445,0.0394448495358965,550,681,473,410,374,394
66,0.1,0.5,global-coarse,global_37.7842,0.0812620262558202,0.0857933332895396,944,1791,425,298,944,947
66,0.1,0.5,global-dense,global_35.5381,0.0942981592029999,0.098031967189782,1043,2032,476,323,1043,1046
66,0.1,0.5,goco-M,adapt_37.7842_to_32.0342_q0.75,0.0916792190478578,0.094969530553749,1185,2267,494,361,1027,1033
66,0.1,0.5,goco-N,top5043,0.0773173994212471,0.085623408871443,1112,1488,863,721,912,912
66,0.1,0.1,global-coarse,global_37.7842,0.0812620262558202,0.0857933332895396,944,1791,425,298,944,947
66,0.1,0.1,global-dense,global_36.6945,0.0870257632773147,0.0914624239358685,989,1912,446,310,989,989
66,0.1,0.1,goco-M,adapt_37.7842_to_32.0342_q0.6,0.0846765724506725,0.0890122228134367,1154,2190,465,344,966,977
66,0.1,0.1,goco-N,top5043,0.0773173994212471,0.085623408871443,1112,1488,863,721,912,912
66,0.2,0.5,global-coarse,global_27.1593,0.1435431506387236,0.1481094793068858,1556,3096,726,506,1556,1558
66,0.2,0.5,global-dense,global_23.4366,0.1924173922329722,0.1962146191800372,1922,4108,903,599,1922,1922
66,0.2,0.5,goco-M,adapt_27.1593_to_23.0262_q0.75,0.1706071521726722,0.1758639755412791,1938,4108,834,583,1742,1761
66,0.2,0.5,goco-N,top10925,0.1698650680446294,0.1864809524866084,2093,3200,1297,1010,1742,1757
66,0.2,0.1,global-coarse,global_27.1593,0.1435431506387236,0.1481094793068858,1556,3096,726,506,1556,1558
66,0.2,0.1,global-dense,global_23.8149,0.1860538608073804,0.1866933779406279,1894,3997,878,587,1894,1894
66,0.2,0.1,goco-M,adapt_27.1593_to_23.0262_q0.75,0.1706071521726722,0.1758639755412791,1938,4108,834,583,1742,1761
66,0.2,0.1,goco-N,top9604,0.1466538162338741,0.1622862373138273,1890,2802,1204,953,1556,1561
67,0.05,0.5,global-coarse,global_62.0008,0.0296766948401205,0.0386023687996373,467,643,221,165,467,467
67,0.05,0.5,global-dense,global_58.3796,0.0343440313651319,0.0447606894875483,509,734,234,171,509,510
67,0.05,0.5,goco-M,adapt_62.0008_to_52.5656_q0.6,0.0316833146167031,0.0415446465522338,540,792,229,175,482,482
67,0.05,0.5,goco-N,top3012,0.04303092094776,0.0442291407493504,619,861,373,298,563,563
67,0.05,0.1,global-coarse,global_62.0008,0.0296766948401205,0.0386023687996373,467,643,221,165,467,467
67,0.05,0.1,global-dense,global_61.2523,0.0302835076935201,0.039551925060271,482,665,224,167,482,482
67,0.05,0.1,goco-M,adapt_62.0008_to_52.5656_q0.5,0.0313385345863624,0.0402134284531856,524,760,225,169,482,482
67,0.05,0.1,goco-N,top3012,0.04303092094776,0.0442291407493504,619,861,373,298,563,563
67,0.1,0.5,global-coarse,global_37.7842,0.0762975221808486,0.0838947134470655,866,1585,399,276,866,866
67,0.1,0.5,global-dense,global_35.5381,0.0908590604908354,0.0962202777832519,949,1815,445,297,956,956
67,0.1,0.5,goco-M,adapt_37.7842_to_32.0342_q0.75,0.0832449144199247,0.0898181905769159,1049,1986,442,324,880,909
67,0.1,0.5,goco-N,top5736,0.0872148124940843,0.0890093482795924,1122,1626,727,577,937,940
67,0.1,0.1,global-coarse,global_37.7842,0.0762975221808486,0.0838947134470655,866,1585,399,276,866,866
67,0.1,0.1,global-dense,global_36.6945,0.0836327994168292,0.0902555251189545,912,1712,417,285,912,912
67,0.1,0.1,goco-M,adapt_37.7842_to_32.0342_q0.75,0.0832449144199247,0.0898181905769159,1049,1986,442,324,880,909
67,0.1,0.1,goco-N,top5736,0.0872148124940843,0.0890093482795924,1122,1626,727,577,937,940
67,0.2,0.5,global-coarse,global_27.1593,0.1452881268044693,0.1479893732514783,1395,2828,716,479,1395,1396
67,0.2,0.5,global-dense,global_23.4366,0.1927807533231126,0.1970532055718034,1710,3762,883,564,1710,1711
67,0.2,0.5,goco-M,adapt_27.1593_to_23.0262_q0.75,0.165292197438879,0.1629248711364147,1724,3723,803,551,1548,1548
67,0.2,0.5,goco-N,top12426,0.1876694382021233,0.1931048161614446,2342,3658,1326,1046,1693,1703
67,0.2,0.1,global-coarse,global_27.1593,0.1452881268044693,0.1479893732514783,1395,2828,716,479,1395,1396
67,0.2,0.1,global-dense,global_23.8149,0.1836859061852369,0.1868830424322652,1693,3666,857,556,1693,1693
67,0.2,0.1,goco-M,adapt_27.1593_to_23.0262_q0.75,0.165292197438879,0.1629248711364147,1724,3723,803,551,1548,1548
67,0.2,0.1,goco-N,top10925,0.1673963161602797,0.1724716518670857,2082,3213,1219,964,1548,1561
68,0.05,0.5,global-coarse,global_62.0008,0.0388823216502157,0.0389301644233358,472,752,250,178,472,472
68,0.05,0.5,global-dense,global_55.6416,0.0508900250211793,0.0483260416871949,551,916,285,191,551,553
68,0.05,0.5,goco-M,adapt_62.0008_to_52.5656_q0.75,0.0466723801643123,0.0468184445802048,564,949,274,193,504,512
68,0.05,0.5,goco-N,top2648,0.0392712663606333,0.0427840074274065,488,720,423,345,472,484
68,0.05,0.1,global-coarse,global_62.0008,0.0388823216502157,0.0389301644233358,472,752,250,178,472,472
68,0.05,0.1,global-dense,global_56.5397,0.049314872825423,0.0471468971089608,542,888,282,190,542,542
68,0.05,0.1,goco-M,adapt_62.0008_to_52.5656_q0.6,0.0430659810469491,0.0426040701837363,558,921,263,190,486,486
68,0.05,0.1,goco-N,top2648,0.0392712663606333,0.0427840074274065,488,720,423,345,472,484
68,0.1,0.5,global-coarse,global_37.7842,0.0871773023096978,0.0847479236325973,923,1804,428,285,923,946
68,0.1,0.5,global-dense,global_34.418,0.102760210414327,0.100494430539954,1083,2167,500,337,1083,1086
68,0.1,0.5,goco-M,adapt_37.7842_to_32.0342_q0.75,0.0928911283172764,0.0910619855612268,1150,2268,483,352,974,983
68,0.1,0.5,goco-N,top6525,0.096169723716269,0.0968022795372703,1206,1845,849,674,1009,1015
68,0.1,0.1,global-coarse,global_37.7842,0.0871773023096978,0.0847479236325973,923,1804,428,285,923,946
68,0.1,0.1,global-dense,global_36.1117,0.0956597119609118,0.0940637132215281,1009,1994,462,306,1009,1011
68,0.1,0.1,goco-M,adapt_37.7842_to_32.0342_q0.75,0.0928911283172764,0.0910619855612268,1150,2268,483,352,974,983
68,0.1,0.1,goco-N,top5736,0.0860172279633692,0.0865435103008078,1060,1625,771,613,887,907
68,0.2,0.5,global-coarse,global_27.1593,0.1491589663496986,0.1480616695577379,1495,3131,719,492,1495,1504
68,0.2,0.5,global-dense,global_23.4366,0.1944667358771498,0.1971894339377876,1840,4139,865,564,1840,1840
68,0.2,0.5,goco-M,adapt_27.1593_to_23.0262_q0.75,0.1634100680661195,0.1620618890940814,1846,4065,771,538,1634,1640
68,0.2,0.5,goco-N,top12426,0.1916512416600115,0.1934625505237197,2156,3533,1346,1023,1814,1824
68,0.2,0.1,global-coarse,global_27.1593,0.1491589663496986,0.1480616695577379,1495,3131,719,492,1495,1504
68,0.2,0.1,global-dense,global_23.8149,0.1833998060938361,0.1869732051396854,1814,4016,837,559,1814,1814
68,0.2,0.1,goco-M,adapt_27.1593_to_23.0262_q0.75,0.1634100680661195,0.1620618890940814,1846,4065,771,538,1634,1640
68,0.2,0.1,goco-N,top10925,0.1623059039856931,0.1698231644628056,1907,3071,1201,931,1634,1640
69,0.05,0.5,global-coarse,global_62.0008,0.0461433890891896,0.0392300415820901,355,655,235,145,355,355
69,0.05,0.5,global-dense,global_53.888,0.0621062119510609,0.0535205184294713,425,870,280,162,425,425
69,0.05,0.5,goco-M,adapt_62.0008_to_52.5656_q0.75,0.0530857812715487,0.0431245032155502,410,818,251,151,387,389
69,0.05,0.5,goco-N,top3426,0.0574479053792252,0.0519111473587953,658,928,522,420,416,417
69,0.05,0.1,global-coarse,global_62.0008,0.0461433890891896,0.0392300415820901,355,655,235,145,355,355
69,0.05,0.1,global-dense,global_55.6416,0.056188309001714,0.0491304219301184,416,830,262,157,416,417
69,0.05,0.1,goco-M,adapt_62.0008_to_52.5656_q0.75,0.0530857812715487,0.0431245032155502,410,818,251,151,387,389
69,0.05,0.1,goco-N,top3012,0.0508015314800585,0.0454204874538713,576,807,460,370,371,371
69,0.1,0.5,global-coarse,global_37.7842,0.0912501395538218,0.0845328419683503,727,1663,408,262,747,752
69,0.1,0.5,global-dense,global_33.8713,0.1123551102967735,0.1033343953298429,878,2033,499,315,878,881
69,0.1,0.5,goco-M,adapt_37.7842_to_32.0342_q0.75,0.09926669317443,0.0935188104763218,892,2056,461,313,789,789
69,0.1,0.5,goco-N,top5736,0.0986546862322617,0.0954302813110924,1099,1622,780,605,767,788
69,0.1,0.1,global-coarse,global_37.7842,0.0912501395538218,0.0845328419683503,727,1663,408,262,747,752
69,0.1,0.1,global-dense,global_34.9736,0.103804073001425,0.0973156122245651,816,1910,457,288,816,816
69,0.1,0.1,goco-M,adapt_37.7842_to_32.0342_q0.75,0.09926669317443,0.0935188104763218,892,2056,461,313,789,789
69,0.1,0.1,goco-N,top5736,0.0986546862322617,0.0954302813110924,1099,1622,780,605,767,788
69,0.2,0.5,global-coarse,global_23.0262,0.207792825480041,0.2018577820308079,1658,4117,906,580,1658,1666
69,0.2,0.5,global-dense,global_23.0262,0.207792825480041,0.2018577820308079,1658,4117,906,580,1658,1666
69,0.2,0.5,goco-M,adapt_23.0262_to_19.5221_q0.4,0.2063437864187456,0.2012244944320555,1881,4671,909,614,1595,1619
69,0.2,0.5,goco-N,top12426,0.1872851749454976,0.186987158610425,2291,3626,1279,996,1539,1542
69,0.2,0.1,global-coarse,global_27.1593,0.1549522720188835,0.1495861272278709,1259,2958,712,464,1259,1263
69,0.2,0.1,global-dense,global_23.8149,0.1930719324212716,0.187277734106607,1567,3845,853,553,1567,1567
69,0.2,0.1,goco-M,adapt_27.1593_to_23.0262_q0.75,0.1740536367967066,0.1693892642056892,1615,3959,792,544,1426,1432
69,0.2,0.1,goco-N,top12426,0.1872851749454976,0.186987158610425,2291,3626,1279,996,1539,1542
70,0.05,0.5,global-coarse,global_62.0008,0.041890773686388,0.0382532237615697,464,735,254,174,464,464
70,0.05,0.5,global-dense,global_53.888,0.0596045865594893,0.0521411820349604,552,956,304,190,552,553
70,0.05,0.5,goco-M,adapt_62.0008_to_52.5656_q0.75,0.046756112457395,0.042615237569714,550,914,270,185,480,480
70,0.05,0.5,goco-N,top3012,0.0411337352483401,0.0444662317955186,703,911,463,398,411,461
70,0.05,0.1,global-coarse,global_62.0008,0.041890773686388,0.0382532237615697,464,735,254,174,464,464
70,0.05,0.1,global-dense,global_55.6416,0.054568827944914,0.0475096729269718,539,907,285,182,539,546
70,0.05,0.1,goco-M,adapt_62.0008_to_52.5656_q0.75,0.046756112457395,0.042615237569714,550,914,270,185,480,480
70,0.05,0.1,goco-N,top3012,0.0411337352483401,0.0444662317955186,703,911,463,398,411,461
70,0.1,0.5,global-coarse,global_37.7842,0.0932130871932278,0.0840228099332803,900,1820,446,294,900,925
70,0.1,0.5,global-dense,global_33.8713,0.1097356029710187,0.1018354474727767,1084,2216,532,355,1084,1086
70,0.1,0.5,goco-M,adapt_37.7842_to_32.0342_q0.75,0.1018711704789487,0.0933333990238391,1139,2300,515,362,981,989
70,0.1,0.5,goco-N,top5736,0.0887056629299078,0.0879352443895829,1281,1761,816,669,867,868
70,0.1,0.1,global-coarse,global_37.7842,0.0932130871932278,0.0840228099332803,900,1820,446,294,900,925
70,0.1,0.1,global-dense,global_34.9736,0.1031921705380538,0.0964634968807958,1005,2085,489,317,1005,1010
70,0.1,0.1,goco-M,adapt_37.7842_to_32.0342_q0.75,0.1018711704789487,0.0933333990238391,1139,2300,515,362,981,989
70,0.1,0.1,goco-N,top5736,0.0887056629299078,0.0879352443895829,1281,1761,816,669,867,868
70,0.2,0.5,global-coarse,global_23.0262,0.2089598831596848,0.1999209797967691,1931,4319,957,612,1931,1940
70,0.2,0.5,global-dense,global_22.698,0.2121735085909354,0.2027650797197765,1978,4413,971,624,1978,1996
70,0.2,0.5,goco-M,adapt_23.0262_to_19.5221_q0.5,0.2083447184380524,0.2014365656634773,2182,4951,967,648,1919,1921
70,0.2,0.5,goco-N,top12426,0.1945479106008688,0.1978039435370839,2476,3748,1358,1052,1813,1839
70,0.2,0.1,global-coarse,global_27.1593,0.1540488679710856,0.1465398594140489,1484,3114,745,495,1484,1496
70,0.2,0.1,global-dense,global_23.4366,0.2045814542695671,0.1960198988928904,1869,4187,931,593,1869,1870
70,0.2,0.1,goco-M,adapt_27.1593_to_23.0262_q0.75,0.1685659473478756,0.1616867515397791,1891,4130,831,576,1565,1606
70,0.2,0.1,goco-N,top10925,0.1738280081204295,0.1739150841274682,2199,3277,1261,981,1667,1667
71,0.05,0.5,global-coarse,global_62.0008,0.0367535512343125,0.0397243626378679,417,654,230,157,417,417
71,0.05,0.5,global-dense,global_57.4523,0.0443323088441003,0.0477882006713569,467,760,256,168,467,478
71,0.05,0.5,goco-M,adapt_62.0008_to_52.5656_q0.75,0.045227751837185,0.0474940714318559,496,851,258,171,481,481
71,0.05,0.5,goco-N,top3426,0.0609093327028784,0.0503893804728402,768,1078,547,442,570,571
71,0.05,0.1,global-coarse,global_62.0008,0.0367535512343125,0.0397243626378679,417,654,230,157,417,417
71,0.05,0.1,global-dense,global_60.2794,0.0402254861398427,0.0436690775082277,432,691,240,161,432,432
71,0.05,0.1,goco-M,adapt_62.0008_to_52.5656_q0.6,0.0400363496660559,0.0420323985574364,472,790,237,161,427,429
71,0.05,0.1,goco-N,top3426,0.0609093327028784,0.0503893804728402,768,1078,547,442,570,571
71,0.1,0.5,global-coarse,global_37.7842,0.0841218945170124,0.0858516883554819,821,1620,418,277,821,823
71,0.1,0.5,global-dense,global_35.5381,0.0941178885014218,0.0978577231232769,926,1853,465,304,926,938
71,0.1,0.5,goco-M,adapt_37.7842_to_32.0342_q0.75,0.0960895377320698,0.0958398202707762,1069,2121,499,354,938,983
71,0.1,0.5,goco-N,top5736,0.1001915991882893,0.0918215320339751,1242,1795,862,691,1016,1024
71,0.1,0.1,global-coarse,global_37.7842,0.0841218945170124,0.0858516883554819,821,1620,418,277,821,823
71,0.1,0.1,global-dense,global_36.6945,0.0886907224619264,0.0913847996549058,882,1750,440,292,882,890
71,0.1,0.1,goco-M,adapt_37.7842_to_32.0342_q0.6,0.0897725108523619,0.0902372960036086,1009,2003,460,327,882,894
71,0.1,0.1,goco-N,top5736,0.1001915991882893,0.0918215320339751,1242,1795,862,691,1016,1024
71,0.2,0.5,global-coarse,global_27.1593,0.1438468176883567,0.1483706687389954,1435,2941,727,497,1435,1438
71,0.2,0.5,global-dense,global_23.4366,0.1947285455262042,0.1982394226994688,1805,3947,913,596,1805,1808
71,0.2,0.5,goco-M,adapt_27.1593_to_23.0262_q0.75,0.1629292142291363,0.1673927340299834,1788,3868,799,556,1623,1623
71,0.2,0.5,goco-N,top12426,0.1939499784452205,0.1903521829942715,2381,3778,1360,1060,1777,1804
71,0.2,0.1,global-coarse,global_27.1593,0.1438468176883567,0.1483706687389954,1435,2941,727,497,1435,1438
71,0.2,0.1,global-dense,global_23.8149,0.184435358159165,0.1878296331511774,1777,3847,883,589,1777,1777
71,0.2,0.1,goco-M,adapt_27.1593_to_23.0262_q0.75,0.1629292142291363,0.1673927340299834,1788,3868,799,556,1623,1623
71,0.2,0.1,goco-N,top12426,0.1939499784452205,0.1903521829942715,2381,3778,1360,1060,1777,1804
72,0.05,0.5,global-coarse,global_62.0008,0.0404042792127194,0.0393128116193366,434,699,243,165,434,434
72,0.05,0.5,global-dense,global_55.6416,0.0482568906751778,0.0484515105531797,521,889,268,178,521,524
72,0.05,0.5,goco-M,adapt_62.0008_to_52.5656_q0.75,0.0495261737297318,0.0492356909655847,532,934,269,179,521,524
72,0.05,0.5,goco-N,top3012,0.0487981953228126,0.0473074472315746,638,861,528,440,521,524
72,0.05,0.1,global-coarse,global_62.0008,0.0404042792127194,0.0393128116193366,434,699,243,165,434,434
72,0.05,0.1,global-dense,global_58.3796,0.0447859408554485,0.0445586911823634,480,799,256,170,480,480
72,0.05,0.1,goco-M,adapt_62.0008_to_52.5656_q0.6,0.0454922473747463,0.04447641382391,524,902,260,176,480,492
72,0.05,0.1,goco-N,top2648,0.0439338416376066,0.0413539166953431,567,760,487,408,457,460
72,0.1,0.5,global-coarse,global_37.7842,0.0854235212220317,0.0825345367833987,873,1710,419,282,873,875
72,0.1,0.5,global-dense,global_33.8713,0.1076099519934853,0.101838622513888,1044,2100,513,338,1044,1045
72,0.1,0.5,goco-M,adapt_37.7842_to_32.0342_q0.75,0.0914744853822222,0.0875300807774252,1084,2129,469,338,891,913
72,0.1,0.5,goco-N,top5736,0.0925424825714441,0.0914757427241908,1176,1690,820,665,891,913
72,0.1,0.1,global-coarse,global_37.7842,0.0854235212220317,0.0825345367833987,873,1710,419,282,873,875
72,0.1,0.1,global-dense,global_34.418,0.1051470733100853,0.0980612542069294,1015,2045,496,325,1015,1022
72,0.1,0.1,goco-M,adapt_37.7842_to_32.0342_q0.75,0.0914744853822222,0.0875300807774252,1084,2129,469,338,891,913
72,0.1,0.1,goco-N,top5736,0.0925424825714441,0.0914757427241908,1176,1690,820,665,891,913
72,0.2,0.5,global-coarse,global_23.0262,0.1974239350893236,0.1982412866703856,1878,4140,922,604,1878,1878
72,0.2,0.5,global-dense,global_23.0262,0.1974239350893236,0.1982412866703856,1878,4140,922,604,1878,1878
72,0.2,0.5,goco-M,adapt_23.0262_to_19.5221_q0.4,0.1972916899065016,0.1981937944251204,2074,4644,926,626,1866,1867
72,0.2,0.5,goco-N,top12426,0.1927797608083085,0.1925206639132698,2303,3637,1292,1006,1777,1805
72,0.2,0.1,global-coarse,global_27.1593,0.148513372344568,0.1459978660385613,1440,3037,718,482,1440,1448
72,0.2,0.1,global-dense,global_23.8149,0.1842717821744414,0.1844030778270987,1777,3891,865,573,1777,1777
72,0.2,0.1,goco-M,adapt_27.1593_to_23.0262_q0.75,0.1674625504527218,0.1682578406778349,1816,3980,801,552,1615,1615
72,0.2,0.1,goco-N,top12426,0.1927797608083085,0.1925206639132698,2303,3637,1292,1006,1777,1805
73,0.05,0.5,global-coarse,global_62.0008,0.034596213330181,0.0380758593960414,499,725,238,174,499,499
73,0.05,0.5,global-dense,global_55.6416,0.0444480564257146,0.0478665365994652,573,890,266,183,573,574
73,0.05,0.5,goco-M,adapt_62.0008_to_52.5656_q0.75,0.03605266268692,0.0415535147705102,582,892,247,184,499,512
73,0.05,0.5,goco-N,top3012,0.0451143027891062,0.0470923192470992,703,908,552,469,573,575
73,0.05,0.1,global-coarse,global_62.0008,0.034596213330181,0.0380758593960414,499,725,238,174,499,499
73,0.05,0.1,global-dense,global_58.3796,0.0419336249187304,0.0441507531416484,539,818,256,176,539,539
73,0.05,0.1,goco-M,adapt_62.0008_to_52.5656_q0.75,0.03605266268692,0.0415535147705102,582,892,247,184,499,512
73,0.05,0.1,goco-N,top2648,0.0393541777488819,0.042017016030673,626,801,496,423,516,516
73,0.1,0.5,global-coarse,global_37.7842,0.0846658260601165,0.0834091511253878,912,1718,419,274,912,915
73,0.1,0.5,global-dense,global_34.418,0.0987752099874565,0.0981446264071453,1062,2059,491,325,1062,1065
73,0.1,0.5,goco-M,adapt_37.7842_to_32.0342_q0.75,0.094881329997176,0.0929805315237788,1133,2197,490,343,1002,1010
73,0.1,0.5,goco-N,top5736,0.088213372615524,0.0934548751626969,1320,1754,906,763,937,956
73,0.1,0.1,global-coarse,global_37.7842,0.0846658260601165,0.0834091511253878,912,1718,419,274,912,915
73,0.1,0.1,global-dense,global_36.1117,0.0919715507220679,0.0925839798373941,987,1891,456,300,987,987
73,0.1,0.1,goco-M,adapt_37.7842_to_32.0342_q0.75,0.094881329997176,0.0929805315237788,1133,2197,490,343,1002,1010
73,0.1,0.1,goco-N,top5043,0.0777473285230835,0.0831361270663243,1173,1543,833,702,838,876
73,0.2,0.5,global-coarse,global_27.1593,0.1445539841485228,0.1466645917501207,1474,2986,725,488,1474,1483
73,0.2,0.5,global-dense,global_23.4366,0.1901826627324936,0.1946739285329384,1856,3991,900,593,1856,1857
73,0.2,0.5,goco-M,adapt_27.1593_to_23.0262_q0.75,0.1605419310206479,0.1640997285827254,1848,3940,794,556,1609,1615
73,0.2,0.5,goco-N,top12426,0.188423779641928,0.1918811564813447,2616,3845,1388,1100,1829,1849
73,0.2,0.1,global-coarse,global_27.1593,0.1445539841485228,0.1466645917501207,1474,2986,725,488,1474,1483
73,0.2,0.1,global-dense,global_23.8149,0.1817574001129819,0.1852897614821967,1829,3881,874,584,1829,1829
73,0.2,0.1,goco-M,adapt_27.1593_to_23.0262_q0.75,0.1605419310206479,0.1640997285827254,1848,3940,794,556,1609,1615
73,0.2,0.1,goco-N,top10925,0.1686872538806754,0.1705626945746272,2339,3374,1310,1044,1647,1671
74,0.05,0.5,global-coarse,global_62.0008,0.0356876883976594,0.0383563578555991,439,666,223,154,439,439
74,0.05,0.5,global-dense,global_55.6416,0.0464586165455011,0.0480079354130947,503,828,252,162,503,505
74,0.05,0.5,goco-M,adapt_62.0008_to_52.5656_q0.75,0.0396038969994286,0.0429129797870313,506,829,233,160,451,452
74,0.05,0.5,goco-N,top3426,0.0503295112004255,0.0498381739656398,690,998,485,398,509,511
74,0.05,0.1,global-coarse,global_62.0008,0.0356876883976594,0.0383563578555991,439,666,223,154,439,439
74,0.05,0.1,global-dense,global_58.3796,0.0417572945603562,0.0443358361416024,475,759,239,158,475,475
74,0.05,0.1,goco-M,adapt_62.0008_to_52.5656_q0.75,0.0396038969994286,0.0429129797870313,506,829,233,160,451,452
74,0.05,0.1,goco-N,top3012,0.0445815355517465,0.0436079221739312,622,890,430,353,487,492
74,0.1,0.5,global-coarse,global_37.7842,0.0830616138332315,0.0841222215653171,801,1598,395,254,801,802
74,0.1,0.5,global-dense,global_34.418,0.0972138489929139,0.0987209511109359,947,1925,466,307,947,950
74,0.1,0.5,goco-M,adapt_37.7842_to_32.0342_q0.75,0.0950636454980683,0.0957933442379573,1011,2057,466,324,870,881
74,0.1,0.5,goco-N,top6525,0.0984582660937646,0.0987143487557337,1298,1899,843,675,947,950
74,0.1,0.1,global-coarse,global_37.7842,0.0830616138332315,0.0841222215653171,801,1598,395,254,801,802
74,0.1,0.1,global-dense,global_36.1117,0.0916206959959545,0.0926480828225896,870,1766,425,270,870,870
74,0.1,0.1,goco-M,adapt_37.7842_to_32.0342_q0.6,0.0822127086814716,0.0852071550098864,948,1910,415,294,775,792
74,0.1,0.1,goco-N,top5736,0.0850140538907605,0.0856830743021941,1150,1658,748,603,818,826
74,0.2,0.5,global-coarse,global_23.0262,0.1963008134115364,0.1980433009187482,1708,3927,889,572,1708,1715
74,0.2,0.5,global-dense,global_23.0262,0.1963008134115364,0.1980433009187482,1708,3927,889,572,1708,1715
74,0.2,0.5,goco-M,adapt_23.0262_to_19.5221_q0.4,0.1947236491040793,0.1973151382922913,1900,4416,893,605,1643,1674
74,0.2,0.5,goco-N,top12426,0.1707281567164991,0.1802473716508512,2291,3589,1232,965,1475,1496
74,0.2,0.1,global-coarse,global_27.1593,0.1479827830882858,0.1465485335467402,1332,2864,704,465,1332,1336
74,0.2,0.1,global-dense,global_23.8149,0.1830174741078511,0.1835100482586342,1621,3682,837,541,1621,1621
74,0.2,0.1,goco-M,adapt_27.1593_to_23.0262_q0.75,0.1676298911742096,0.1655462077236277,1667,3778,789,537,1475,1494
74,0.2,0.1,goco-N,top12426,0.1707281567164991,0.1802473716508512,2291,3589,1232,965,1475,1496
75,0.05,0.5,global-coarse,global_62.0008,0.0349065153574876,0.0389226100151745,378,603,206,135,378,378
75,0.05,0.5,global-dense,global_56.5397,0.0436525996414287,0.0471598709838467,423,717,235,147,423,423
75,0.05,0.5,goco-M,adapt_62.0008_to_52.5656_q0.75,0.0387493350670843,0.0434670792030427,431,734,217,142,390,390
75,0.05,0.5,goco-N,top2648,0.0418434895679413,0.0420683641093352,558,730,472,392,405,414
75,0.05,0.1,global-coarse,global_62.0008,0.0349065153574876,0.0389226100151745,378,603,206,135,378,378
75,0.05,0.1,global-dense,global_59.3219,0.0393610733494887,0.0437906049438674,399,658,220,140,399,409
75,0.05,0.1,goco-M,adapt_62.0008_to_52.5656_q0.75,0.0387493350670843,0.0434670792030427,431,734,217,142,390,390
75,0.05,0.1,goco-N,top2648,0.0418434895679413,0.0420683641093352,558,730,472,392,405,414
75,0.1,0.5,global-coarse,global_37.7842,0.0772486225216883,0.0841505232248783,730,1479,370,242,730,732
75,0.1,0.5,global-dense,global_34.9736,0.0897766153765326,0.0963470604593518,807,1688,420,268,807,812
75,0.1,0.5,goco-M,adapt_37.7842_to_32.0342_q0.75,0.0846971846247808,0.0911101585987777,885,1837,413,290,761,761
75,0.1,0.5,goco-N,top5043,0.0915213665110231,0.0903036483909707,1018,1421,801,633,847,852
75,0.1,0.1,global-coarse,global_37.7842,0.0772486225216883,0.0841505232248783,730,1479,370,242,730,732
75,0.1,0.1,global-dense,global_36.6945,0.0846295420664473,0.0901825539154825,761,1576,392,251,761,761
75,0.1,0.1,goco-M,adapt_37.7842_to_32.0342_q0.75,0.0846971846247808,0.0911101585987777,885,1837,413,290,761,761
75,0.1,0.1,goco-N,top5043,0.0915213665110231,0.0903036483909707,1018,1421,801,633,847,852
75,0.2,0.5,global-coarse,global_27.1593,0.1369892014389325,0.1468587569601502,1242,2653,662,444,1242,1245
75,0.2,0.5,global-dense,global_23.4366,0.1948780736963097,0.1967982830616814,1579,3663,864,546,1579,1587
75,0.2,0.5,goco-M,adapt_27.1593_to_23.0262_q0.75,0.1562410555310114,0.1613409383492936,1542,3537,728,500,1372,1375
75,0.2,0.5,goco-N,top12426,0.2100250161276226,0.2022404765265849,2293,3588,1383,1041,1686,1716
75,0.2,0.1,global-coarse,global_27.1593,0.1369892014389325,0.1468587569601502,1242,2653,662,444,1242,1245
75,0.2,0.1,global-dense,global_23.8149,0.1832590802455,0.1864241281244832,1561,3542,834,539,1561,1561
75,0.2,0.1,goco-M,adapt_27.1593_to_23.0262_q0.75,0.1562410555310114,0.1613409383492936,1542,3537,728,500,1372,1375
75,0.2,0.1,goco-N,top10925,0.1916964500125443,0.1851842731998615,2046,3157,1301,984,1561,1568
76,0.05,0.5,global-coarse,global_62.0008,0.0362511574758161,0.0387439318395312,379,598,216,145,379,379
76,0.05,0.5,global-dense,global_58.3796,0.0406111472309238,0.0448971615132464,418,677,230,151,418,424
76,0.05,0.5,goco-M,adapt_62.0008_to_52.5656_q0.75,0.0399043481687255,0.0444166354636764,461,770,231,157,396,399
76,0.05,0.5,goco-N,top3897,0.0445517504453814,0.0424922091248727,720,1249,435,357,447,450
76,0.05,0.1,global-coarse,global_62.0008,0.0362511574758161,0.0387439318395312,379,598,216,145,379,379
76,0.05,0.1,global-dense,global_59.3219,0.0403540398368697,0.0440568157184242,409,659,229,150,409,416
76,0.05,0.1,goco-M,adapt_62.0008_to_52.5656_q0.6,0.0385252280473629,0.0427957222342654,458,761,227,155,394,396
76,0.05,0.1,goco-N,top3897,0.0445517504453814,0.0424922091248727,720,1249,435,357,447,450
76,0.1,0.5,global-coarse,global_37.7842,0.0783507693520105,0.0841264367061028,756,1495,386,256,756,757
76,0.1,0.5,global-dense,global_34.9736,0.0909335986497757,0.0965699155001127,862,1763,442,289,862,865
76,0.1,0.5,goco-M,adapt_37.7842_to_32.0342_q0.6,0.0886559160969587,0.0932363711609124,982,1979,458,319,837,843
76,0.1,0.5,goco-N,top7422,0.1105635291282299,0.102090543535028,1383,2360,883,687,1055,1056
76,0.1,0.1,global-coarse,global_37.7842,0.0783507693520105,0.0841264367061028,756,1495,386,256,756,757
76,0.1,0.1,global-dense,global_36.6945,0.0826017429451438,0.0898940631110585,812,1625,406,272,812,812
76,0.1,0.1,goco-M,adapt_37.7842_to_32.0342_q0.5,0.0809651870677936,0.0863181208056363,930,1853,422,296,777,800
76,0.1,0.1,goco-N,top6525,0.0896183886010975,0.0854474746621033,1216,2066,770,613,837,843
76,0.2,0.5,global-coarse,global_27.1593,0.1449178585401175,0.1478478370084109,1332,2826,715,481,1332,1335
76,0.2,0.5,global-dense,global_23.0644,0.2013637663644356,0.1999889600462957,1731,3916,923,594,1731,1731
76,0.2,0.5,goco-M,adapt_27.1593_to_23.0262_q0.75,0.1695269425437475,0.17368483928087,1686,3761,819,564,1500,1506
76,0.2,0.5,goco-N,top14135,0.1946420322127926,0.1941149634169126,2567,4350,1376,1077,1652,1666
76,0.2,0.1,global-coarse,global_27.1593,0.1449178585401175,0.1478478370084109,1332,2826,715,481,1332,1335
76,0.2,0.1,global-dense,global_23.8149,0.1843950650027093,0.1868315228539143,1652,3689,868,573,1652,1652
76,0.2,0.1,goco-M,adapt_27.1593_to_23.0262_q0.75,0.1695269425437475,0.17368483928087,1686,3761,819,564,1500,1506
76,0.2,0.1,goco-N,top12426,0.1761324389913635,0.1728181838595329,2274,3850,1280,998,1570,1571
77,0.05,0.5,global-coarse,global_62.0008,0.0341292826605197,0.0392073783576059,399,602,219,154,399,399
77,0.05,0.5,global-dense,global_57.4523,0.0424567054790472,0.0472735155587962,444,707,242,160,444,456
77,0.05,0.5,goco-M,adapt_62.0008_to_52.5656_q0.75,0.0418750123135725,0.0458294740161204,474,768,242,165,434,440
77,0.05,0.5,goco-N,top3012,0.048119471205942,0.0481227927358428,599,845,477,384,467,469
77,0.05,0.1,global-coarse,global_62.0008,0.0341292826605197,0.0392073783576059,399,602,219,154,399,399
77,0.05,0.1,global-dense,global_60.2794,0.0376026951947514,0.0431336998863554,412,636,226,154,412,412
77,0.05,0.1,goco-M,adapt_62.0008_to_52.5656_q0.6,0.0386340800283704,0.0428336585013368,466,741,232,159,412,415
77,0.05,0.1,goco-N,top2648,0.041301692377406,0.0412319184011831,537,754,419,340,434,440
77,0.1,0.5,global-coarse,global_37.7842,0.0829332243171713,0.084994536739605,751,1524,386,247,751,753
77,0.1,0.5,global-dense,global_34.9736,0.0957212798234726,0.0973308852671523,834,1770,428,267,834,836
77,0.1,0.5,goco-M,adapt_37.7842_to_32.0342_q0.75,0.0924483322497389,0.0948448828190861,935,1961,443,308,816,816
77,0.1,0.5,goco-N,top5736,0.0983371751679571,0.0979423543915198,1098,1637,825,638,875,878
77,0.1,0.1,global-coarse,global_37.7842,0.0829332243171713,0.084994536739605,751,1524,386,247,751,753
77,0.1,0.1,global-dense,global_36.1117,0.0922570614233833,0.0932374908854423,816,1689,417,262,816,816
77,0.1,0.1,goco-M,adapt_37.7842_to_32.0342_q0.6,0.0868041189720958,0.089955976412729,913,1902,415,290,768,789
77,0.1,0.1,goco-N,top5043,0.0869333293929901,0.0863969742953051,975,1437,754,586,768,789
77,0.2,0.5,global-coarse,global_27.1593,0.1433534917709514,0.1484470220847652,1240,2720,675,448,1240,1246
77,0.2,0.5,global-dense,global_23.4366,0.19430041535745,0.1978877222717144,1545,3618,855,538,1545,1549
77,0.2,0.5,goco-M,adapt_27.1593_to_23.0262_q0.75,0.1617243153046531,0.165244306177234,1544,3565,746,508,1358,1361
77,0.2,0.5,goco-N,top12426,0.1953521993891679,0.1932923097611127,2283,3622,1337,1024,1545,1555
77,0.2,0.1,global-coarse,global_27.1593,0.1433534917709514,0.1484470220847652,1240,2720,675,448,1240,1246
77,0.2,0.1,global-dense,global_23.8149,0.185501445284173,0.1877046032494451,1529,3529,833,533,1529,1529
77,0.2,0.1,goco-M,adapt_27.1593_to_23.0262_q0.75,0.1617243153046531,0.165244306177234,1544,3565,746,508,1358,1361
77,0.2,0.1,goco-N,top12426,0.1953521993891679,0.1932923097611127,2283,3622,1337,1024,1545,1555
78,0.05,0.5,global-coarse,global_62.0008,0.0391512500738814,0.0387938566239021,390,641,226,152,390,390
78,0.05,0.5,global-dense,global_55.6416,0.0492242449317335,0.0484559446623179,460,804,256,164,460,463
78,0.05,0.5,goco-M,adapt_62.0008_to_52.5656_q0.75,0.0487302244025454,0.0484726957412845,473,847,256,169,452,453
78,0.05,0.5,goco-N,top2648,0.04575920562681,0.0432611394675127,586,763,448,360,432,433
78,0.05,0.1,global-coarse,global_62.0008,0.0391512500738814,0.0387938566239021,390,641,226,152,390,390
78,0.05,0.1,global-dense,global_58.3796,0.0448864196071477,0.0447707072896754,432,738,242,157,432,432
78,0.05,0.1,goco-M,adapt_62.0008_to_52.5656_q0.6,0.0398211084185432,0.0402945562277883,438,759,228,155,390,405
78,0.05,0.1,goco-N,top2648,0.04575920562681,0.0432611394675127,586,763,448,360,432,433
78,0.1,0.5,global-coarse,global_37.7842,0.0845632129558484,0.0846631828801783,761,1600,394,260,761,764
78,0.1,0.5,global-dense,global_34.418,0.0984166387559023,0.0993018194080409,912,1930,462,305,912,915
78,0.1,0.5,goco-M,adapt_37.7842_to_32.0342_q0.75,0.0914947691943968,0.0912009209808906,965,2012,451,317,807,841
78,0.1,0.5,goco-N,top5736,0.0956331146442855,0.09260220895274,1185,1675,781,620,864,869
78,0.1,0.1,global-coarse,global_37.7842,0.0845632129558484,0.0846631828801783,761,1600,394,260,761,764
78,0.1,0.1,global-dense,global_36.1117,0.0920057003631683,0.0930037969112324,844,1777,427,279,844,844
78,0.1,0.1,goco-M,adapt_37.7842_to_32.0342_q0.75,0.0914947691943968,0.0912009209808906,965,2012,451,317,807,841
78,0.1,0.1,goco-N,top5736,0.0956331146442855,0.09260220895274,1185,1675,781,620,864,869
78,0.2,0.5,global-coarse,global_27.1593,0.1403870861359483,0.1484917234020558,1311,2847,672,450,1311,1316
78,0.2,0.5,global-dense,global_23.4366,0.1909413853930634,0.1968664212352996,1626,3805,850,538,1626,1627
78,0.2,0.5,goco-M,adapt_27.1593_to_23.0262_q0.75,0.1611563848738031,0.1709760746116673,1646,3768,763,525,1452,1472
78,0.2,0.5,goco-N,top12426,0.1827263941868823,0.1872829011089461,2369,3689,1291,1031,1601,1617
78,0.2,0.1,global-coarse,global_27.1593,0.1403870861359483,0.1484917234020558,1311,2847,672,450,1311,1316
78,0.2,0.1,global-dense,global_23.8149,0.176950834042148,0.1865990284910136,1601,3671,811,530,1601,1601
78,0.2,0.1,goco-M,adapt_27.1593_to_23.0262_q0.75,0.1611563848738031,0.1709760746116673,1646,3768,763,525,1452,1472
78,0.2,0.1,goco-N,top12426,0.1827263941868823,0.1872829011089461,2369,3689,1291,1031,1601,1617
79,0.05,0.5,global-coarse,global_62.0008,0.0373101247118623,0.0390277148243764,475,701,241,166,475,475
79,0.05,0.5,global-dense,global_55.6416,0.046867427152905,0.0484679331796175,547,880,266,178,547,547
79,0.05,0.5,goco-M,adapt_62.0008_to_52.5656_q0.75,0.0455887857832417,0.0467928252829618,559,919,259,179,539,542
79,0.05,0.5,goco-N,top3012,0.0432787595799594,0.0429950929192203,723,900,538,458,507,511
79,0.05,0.1,global-coarse,global_62.0008,0.0373101247118623,0.0390277148243764,475,701,241,166,475,475
79,0.05,0.1,global-dense,global_58.3796,0.0435634493764406,0.0447728422311123,517,799,254,169,517,517
79,0.05,0.1,goco-M,adapt_62.0008_to_52.5656_q0.6,0.0406239533463364,0.0415829112718338,553,886,246,174,488,489
79,0.05,0.1,goco-N,top3012,0.0432787595799594,0.0429950929192203,723,900,538,458,507,511
79,0.1,0.5,global-coarse,global_37.7842,0.0794663790216127,0.0825553387768865,866,1660,404,273,866,868
79,0.1,0.5,global-dense,global_34.9736,0.0903420546262912,0.0954930838845861,969,1901,456,306,969,973
79,0.1,0.5,goco-M,adapt_37.7842_to_32.0342_q0.75,0.0819464220788176,0.0863806611530435,1046,2019,440,321,885,891
79,0.1,0.5,goco-N,top5736,0.0880571481109337,0.088305940392435,1323,1756,851,696,947,947
79,0.1,0.1,global-coarse,global_37.7842,0.0794663790216127,0.0825553387768865,866,1660,404,273,866,868
79,0.1,0.1,global-dense,global_36.1117,0.0878271305764065,0.0915794625202819,947,1828,441,295,947,947
79,0.1,0.1,goco-M,adapt_37.7842_to_32.0342_q0.75,0.0819464220788176,0.0863806611530435,1046,2019,440,321,885,891
79,0.1,0.1,goco-N,top5736,0.0880571481109337,0.088305940392435,1323,1756,851,696,947,947
79,0.2,0.5,global-coarse,global_27.1593,0.1379929384273612,0.1456500815136489,1456,2919,724,505,1456,1458
79,0.2,0.5,global-dense,global_23.0644,0.1961288455355152,0.1984676054373956,1893,4067,927,614,1893,1893
79,0.2,0.5,goco-M,adapt_27.1593_to_23.0262_q0.75,0.1589454685300447,0.1622655677179072,1846,3883,805,576,1650,1650
79,0.2,0.5,goco-N,top12426,0.1918983064928451,0.1898022581712165,2528,3853,1345,1042,1816,1843
79,0.2,0.1,global-coarse,global_27.1593,0.1379929384273612,0.1456500815136489,1456,2919,724,505,1456,1458
79,0.2,0.1,global-dense,global_23.8149,0.1818871702665995,0.1846345561428767,1816,3834,879,592,1816,1816
79,0.2,0.1,goco-M,adapt_27.1593_to_23.0262_q0.75,0.1589454685300447,0.1622655677179072,1846,3883,805,576,1650,1650
79,0.2,0.1,goco-N,top12426,0.1918983064928451,0.1898022581712165,2528,3853,1345,1042,1816,1843
80,0.05,0.5,global-coarse,global_62.0008,0.0375770829639261,0.0380147672256928,378,606,215,147,378,379
80,0.05,0.5,global-dense,global_55.6416,0.0480712020016943,0.0476282442898527,443,765,245,158,443,443
80,0.05,0.5,goco-M,adapt_62.0008_to_52.5656_q0.75,0.041450440333353,0.0423040287987177,441,766,222,152,392,395
80,0.05,0.5,goco-N,top3012,0.0471821620663159,0.0490284374199396,603,820,441,354,437,438
80,0.05,0.1,global-coarse,global_62.0008,0.0375770829639261,0.0380147672256928,378,606,215,147,378,379
80,0.05,0.1,global-dense,global_57.4523,0.0466502157337904,0.045996984805786,425,720,241,156,425,433
80,0.05,0.1,goco-M,adapt_62.0008_to_52.5656_q0.75,0.041450440333353,0.0423040287987177,441,766,222,152,392,395
80,0.05,0.1,goco-N,top2648,0.0432383710621195,0.042360194181135,534,730,400,318,407,413
80,0.1,0.5,global-coarse,global_37.7842,0.0801940290665983,0.0828577888137827,779,1604,390,263,779,782
80,0.1,0.5,global-dense,global_34.418,0.0973396116135048,0.0981979999430682,925,1932,470,315,925,927
80,0.1,0.5,goco-M,adapt_37.7842_to_32.0342_q0.75,0.0865310860242593,0.0892451503984129,966,2007,439,318,796,813
80,0.1,0.5,goco-N,top5043,0.092007834715737,0.0908099728937085,1002,1443,764,594,849,854
80,0.1,0.1,global-coarse,global_37.7842,0.0801940290665983,0.0828577888137827,779,1604,390,263,779,782
80,0.1,0.1,global-dense,global_36.1117,0.0910063308180809,0.0921977744056651,849,1762,434,285,849,852
80,0.1,0.1,goco-M,adapt_37.7842_to_32.0342_q0.75,0.0865310860242593,0.0892451503984129,966,2007,439,318,796,813
80,0.1,0.1,goco-N,top5043,0.092007834715737,0.0908099728937085,1002,1443,764,594,849,854
80,0.2,0.5,global-coarse,global_23.0262,0.2034444304768029,0.1992771395882425,1768,4027,907,578,1768,1768
80,0.2,0.5,global-dense,global_23.0262,0.2034444304768029,0.1992771395882425,1768,4027,907,578,1768,1768
80,0.2,0.5,goco-M,adapt_23.0262_to_19.5221_q0.5,0.2052633748050372,0.200241024610896,2008,4683,922,612,1800,1812
80,0.2,0.5,goco-N,top10925,0.185547947432515,0.1865616406131122,1977,3134,1239,944,1650,1669
80,0.2,0.1,global-coarse,global_27.1593,0.1447106116427589,0.146697272776732,1342,2891,704,474,1342,1348
80,0.2,0.1,global-dense,global_23.4366,0.198337313676209,0.1948819886968343,1702,3876,881,559,1702,1702
80,0.2,0.1,goco-M,adapt_27.1593_to_23.0262_q0.75,0.1717837728335222,0.1691145227412554,1728,3886,798,544,1518,1533
80,0.2,0.1,goco-N,top10925,0.185547947432515,0.1865616406131122,1977,3134,1239,944,1650,1669
81,0.05,0.5,global-coarse,global_62.0008,0.0350138897097937,0.0387748063772342,393,614,226,162,393,394
81,0.05,0.5,global-dense,global_56.5397,0.0419725358078688,0.0470082901418257,463,751,248,174,463,463
81,0.05,0.5,goco-M,adapt_62.0008_to_52.5656_q0.75,0.041432216246035,0.0471158583449933,485,808,245,176,437,450
81,0.05,0.5,goco-N,top3426,0.0439390506519178,0.043627602911642,700,940,460,389,469,473
81,0.05,0.1,global-coarse,global_62.0008,0.0350138897097937,0.0387748063772342,393,614,226,162,393,394
81,0.05,0.1,global-dense,global_59.3219,0.0394408652993675,0.0436989666883445,428,686,240,168,428,428
81,0.05,0.1,goco-M,adapt_62.0008_to_52.5656_q0.6,0.0380395807474831,0.0429704589795636,464,762,235,169,409,409
81,0.05,0.1,goco-N,top3426,0.0439390506519178,0.043627602911642,700,940,460,389,469,473
81,0.1,0.5,global-coarse,global_37.7842,0.0800661320934386,0.0837609237836855,801,1584,398,266,801,803
81,0.1,0.5,global-dense,global_34.9736,0.0931209816708368,0.0961404090766761,891,1837,448,294,891,897
81,0.1,0.5,goco-M,adapt_37.7842_to_32.0342_q0.75,0.0928382620459575,0.096954971347991,1002,2030,468,328,883,883
81,0.1,0.5,goco-N,top6525,0.0938607822554864,0.0908381547331747,1307,1866,827,676,891,897
81,0.1,0.1,global-coarse,global_37.7842,0.0800661320934386,0.0837609237836855,801,1584,398,266,801,803
81,0.1,0.1,global-dense,global_36.1117,0.0901238581213757,0.0923275131545237,869,1752,435,286,869,869
81,0.1,0.1,goco-M,adapt_37.7842_to_32.0342_q0.6,0.084623139008741,0.0879476534256503,970,1947,436,310,822,838
81,0.1,0.1,goco-N,top6525,0.0938607822554864,0.0908381547331747,1307,1866,827,676,891,897
81,0.2,0.5,global-coarse,global_27.1593,0.1387668335434161,0.1472470923567626,1374,2872,701,486,1374,1377
81,0.2,0.5,global-dense,global_23.8149,0.1814058720828172,0.1862244343380686,1660,3705,857,567,1660,1666
81,0.2,0.5,goco-M,adapt_27.1593_to_23.0262_q0.75,0.1620746403428508,0.1672004752893192,1677,3740,794,555,1516,1516
81,0.2,0.5,goco-N,top12426,0.1849837287679532,0.1886171410117918,2307,3618,1299,1019,1660,1676
81,0.2,0.1,global-coarse,global_27.1593,0.1387668335434161,0.1472470923567626,1374,2872,701,486,1374,1377
81,0.2,0.1,global-dense,global_23.8149,0.1814058720828172,0.1862244343380686,1660,3705,857,567,1660,1666
81,0.2,0.1,goco-M,adapt_27.1593_to_23.0262_q0.75,0.1620746403428508,0.1672004752893192,1677,3740,794,555,1516,1516
81,0.2,0.1,goco-N,top12426,0.1849837287679532,0.1886171410117918,2307,3618,1299,1019,1660,1676
82,0.05,0.5,global-coarse,global_62.0008,0.0433161928403964,0.0392001524019733,445,732,252,168,445,445
82,0.05,0.5,global-dense,global_54.7578,0.0562198317473451,0.0513530601922104,516,909,288,180,516,516
82,0.05,0.5,goco-M,adapt_62.0008_to_52.5656_q0.75,0.047104340288039,0.0435445939998292,519,905,258,174,458,459
82,0.05,0.5,goco-N,top3012,0.0410938392734007,0.0431370854739595,698,919,423,360,403,442
82,0.05,0.1,global-coarse,global_62.0008,0.0433161928403964,0.0392001524019733,445,732,252,168,445,445
82,0.05,0.1,global-dense,global_55.6416,0.0541979431408475,0.0485981646072693,513,897,281,178,513,515
82,0.05,0.1,goco-M,adapt_62.0008_to_52.5656_q0.75,0.047104340288039,0.0435445939998292,519,905,258,174,458,459
82,0.05,0.1,goco-N,top3012,0.0410938392734007,0.0431370854739595,698,919,423,360,403,442
82,0.1,0.5,global-coarse,global_37.7842,0.0870978387217526,0.0846657010162321,851,1737,423,283,851,863
82,0.1,0.5,global-dense,global_34.418,0.1011269381563134,0.0986637456288442,990,2078,484,321,990,994
82,0.1,0.5,goco-M,adapt_37.7842_to_32.0342_q0.75,0.1021461735983871,0.0990120147935018,1071,2240,506,351,990,994
82,0.1,0.5,goco-N,top6525,0.094011170872983,0.0963909551921691,1417,1993,840,699,891,895
82,0.1,0.1,global-coarse,global_37.7842,0.0870978387217526,0.0846657010162321,851,1737,423,283,851,863
82,0.1,0.1,global-dense,global_35.5381,0.0986896717037387,0.095935290472468,925,1970,465,301,925,925
82,0.1,0.1,goco-M,adapt_37.7842_to_32.0342_q0.6,0.092291867788351,0.0905742335560241,1037,2133,472,334,891,895
82,0.1,0.1,goco-N,top5736,0.0829591798354727,0.0835731002340189,1249,1740,757,633,775,793
82,0.2,0.5,global-coarse,global_23.0262,0.2041696342156927,0.1989299034074634,1801,4173,942,614,1801,1810
82,0.2,0.5,global-dense,global_22.698,0.2068003058471919,0.2016784684335839,1848,4267,960,630,1848,1848
82,0.2,0.5,goco-M,adapt_23.0262_to_19.5221_q0.6,0.2069230195711735,0.2019437920708278,2046,4858,953,651,1848,1850
82,0.2,0.5,goco-N,top12426,0.1966939813413322,0.1878529273763302,2462,3809,1333,1045,1735,1744
82,0.2,0.1,global-coarse,global_27.1593,0.1524974760907735,0.146740951986503,1417,3071,746,505,1417,1419
82,0.2,0.1,global-dense,global_23.4366,0.1994831037132504,0.1948915728745187,1754,4052,918,597,1754,1760
82,0.2,0.1,goco-M,adapt_27.1593_to_23.0262_q0.75,0.169415807157356,0.1636366938350429,1750,4000,816,569,1478,1518
82,0.2,0.1,goco-N,top12426,0.1966939813413322,0.1878529273763302,2462,3809,1333,1045,1735,1744
83,0.05,0.5,global-coarse,global_62.0008,0.0370323305159879,0.0384098956177863,403,662,235,162,403,403
83,0.05,0.5,global-dense,global_56.5397,0.0431999527158815,0.0472996275348323,464,791,251,170,464,464
83,0.05,0.5,goco-M,adapt_62.0008_to_52.5656_q0.75,0.0441362767697066,0.0460122578483731,490,853,254,175,464,466
83,0.05,0.5,goco-N,top3426,0.0457334292150179,0.0424729628826745,682,986,438,366,470,474
83,0.05,0.1,global-coarse,global_62.0008,0.0370323305159879,0.0384098956177863,403,662,235,162,403,403
83,0.05,0.1,global-dense,global_58.3796,0.0425823039186713,0.0444545717307477,442,747,248,166,442,442
83,0.05,0.1,goco-M,adapt_62.0008_to_52.5656_q0.6,0.0419690880075654,0.0438066991177765,479,824,247,171,437,437
83,0.05,0.1,goco-N,top3426,0.0457334292150179,0.0424729628826745,682,986,438,366,470,474
83,0.1,0.5,global-coarse,global_37.7842,0.0844257934866126,0.0840798511891076,794,1599,413,274,794,807
83,0.1,0.5,global-dense,global_34.418,0.1017521392779977,0.0992809079303768,927,1931,486,320,927,928
83,0.1,0.5,goco-M,adapt_37.7842_to_32.0342_q0.75,0.0949399426023339,0.0938581268212941,993,2051,480,341,858,859
83,0.1,0.5,goco-N,top6525,0.098332921388362,0.0946205796012666,1297,1950,858,693,865,866
83,0.1,0.1,global-coarse,global_37.7842,0.0844257934866126,0.0840798511891076,794,1599,413,274,794,807
83,0.1,0.1,global-dense,global_35.5381,0.098240308397528,0.096017403604657,865,1819,458,292,865,865
83,0.1,0.1,goco-M,adapt_37.7842_to_32.0342_q0.75,0.0949399426023339,0.0938581268212941,993,2051,480,341,858,859
83,0.1,0.1,goco-N,top6525,0.098332921388362,0.0946205796012666,1297,1950,858,693,865,866
83,0.2,0.5,global-coarse,global_27.1593,0.151393379754985,0.1474775465946662,1313,2855,722,480,1313,1315
83,0.2,0.5,global-dense,global_23.0644,0.1980724541263858,0.198533576487904,1654,3872,905,587,1654,1654
83,0.2,0.5,goco-M,adapt_27.1593_to_23.0262_q0.75,0.1686426874603759,0.1669937581878429,1604,3724,791,540,1461,1461
83,0.2,0.5,goco-N,top12426,0.2106760166234721,0.1988815257335053,2253,3715,1364,1029,1700,1731
83,0.2,0.1,global-coarse,global_27.1593,0.151393379754985,0.1474775465946662,1313,2855,722,480,1313,1315
83,0.2,0.1,global-dense,global_23.8149,0.1859743601846111,0.1855937859677512,1591,3670,859,562,1591,1609
83,0.2,0.1,goco-M,adapt_27.1593_to_23.0262_q0.75,0.1686426874603759,0.1669937581878429,1604,3724,791,540,1461,1461
83,0.2,0.1,goco-N,top12426,0.2106760166234721,0.1988815257335053,2253,3715,1364,1029,1700,1731
84,0.05,0.5,global-coarse,global_62.0008,0.0368727466162302,0.0392392382528953,437,658,231,157,437,437
84,0.05,0.5,global-dense,global_56.5397,0.0437846011387591,0.0474566278435777,496,790,253,166,496,496
84,0.05,0.5,goco-M,adapt_62.0008_to_52.5656_q0.75,0.0437259885336012,0.0473158859350058,525,853,251,168,482,495
84,0.05,0.5,goco-N,top3012,0.0414743854958997,0.0442070195863822,675,873,493,421,453,454
84,0.05,0.1,global-coarse,global_62.0008,0.0368727466162302,0.0392392382528953,437,658,231,157,437,437
84,0.05,0.1,global-dense,global_59.3219,0.0416001733751009,0.0441647123741205,464,725,241,158,464,469
84,0.05,0.1,goco-M,adapt_62.0008_to_52.5656_q0.6,0.0400092598065291,0.042689960520006,511,815,241,163,450,450
84,0.05,0.1,goco-N,top3012,0.0414743854958997,0.0442070195863822,675,873,493,421,453,454
84,0.1,0.5,global-coarse,global_37.7842,0.0813232657564473,0.0840127373890651,836,1627,399,259,836,837
84,0.1,0.5,global-dense,global_34.9736,0.0930571152747404,0.0964438444711585,929,1882,443,281,929,934
84,0.1,0.5,goco-M,adapt_37.7842_to_32.0342_q0.75,0.0952213487794787,0.0976937705693396,1034,2089,468,315,929,966
84,0.1,0.5,goco-N,top5736,0.0888579976085147,0.0913348117065871,1215,1674,843,688,882,904
84,0.1,0.1,global-coarse,global_37.7842,0.0813232657564473,0.0840127373890651,836,1627,399,259,836,837
84,0.1,0.1,global-dense,global_36.1117,0.0897601972798497,0.0928615222241929,908,1789,429,273,908,908
84,0.1,0.1,goco-M,adapt_37.7842_to_32.0342_q0.6,0.0841629397587196,0.0880489810307716,1006,1977,435,303,852,860
84,0.1,0.1,goco-N,top5736,0.0888579976085147,0.0913348117065871,1215,1674,843,688,882,904
84,0.2,0.5,global-coarse,global_27.1593,0.1468180833096017,0.1480887052586597,1337,2881,691,442,1337,1343
84,0.2,0.5,global-dense,global_23.4366,0.1951187473163517,0.1965198410446223,1712,3917,880,552,1712,1721
84,0.2,0.5,goco-M,adapt_27.1593_to_23.0262_q0.75,0.1690360682340446,0.1669367299588762,1708,3877,783,517,1503,1512
84,0.2,0.5,goco-N,top12426,0.2002311415426847,0.1996945406795041,2342,3685,1362,1056,1823,1837
84,0.2,0.1,global-coarse,global_27.1593,0.1468180833096017,0.1480887052586597,1337,2881,691,442,1337,1343
84,0.2,0.1,global-dense,global_23.8149,0.1865294455226643,0.1869891608145352,1689,3808,856,545,1689,1689
84,0.2,0.1,goco-M,adapt_27.1593_to_23.0262_q0.75,0.1690360682340446,0.1669367299588762,1708,3877,783,517,1503,1512
84,0.2,0.1,goco-N,top10925,0.1762278841923029,0.1761545619353592,2105,3223,1263,989,1592,1622
85,0.05,0.5,global-coarse,global_62.0008,0.0415272770258289,0.0395946238890093,421,681,239,157,421,421
85,0.05,0.5,global-dense,global_55.6416,0.050145792698544,0.0487725729000387,489,855,266,172,489,490
85,0.05,0.5,goco-M,adapt_62.0008_to_52.5656_q0.6,0.0434619855389404,0.0432457021986612,472,822,249,169,433,433
85,0.05,0.5,goco-N,top3426,0.053902909943456,0.0478131630635424,764,987,587,482,491,492
85,0.05,0.1,global-coarse,global_62.0008,0.0415272770258289,0.0395946238890093,421,681,239,157,421,421
85,0.05,0.1,global-dense,global_57.4523,0.0487780010638926,0.0469279834985449,476,813,263,171,476,482
85,0.05,0.1,goco-M,adapt_62.0008_to_52.5656_q0.6,0.0434619855389404,0.0432457021986612,472,822,249,169,433,433
85,0.05,0.1,goco-N,top3426,0.053902909943456,0.0478131630635424,764,987,587,482,491,492
85,0.1,0.5,global-coarse,global_37.7842,0.0860772898319443,0.0829434601816999,809,1675,417,274,809,810
85,0.1,0.5,global-dense,global_34.418,0.1001689422148669,0.0984143954174303,976,2025,488,324,976,982
85,0.1,0.5,goco-M,adapt_37.7842_to_32.0342_q0.75,0.0916456515029125,0.0899551552814071,1011,2102,465,330,832,859
85,0.1,0.5,goco-N,top6525,0.1016051973126859,0.0970474755238171,1345,1859,912,733,976,982
85,0.1,0.1,global-coarse,global_37.7842,0.0860772898319443,0.0829434601816999,809,1675,417,274,809,810
85,0.1,0.1,global-dense,global_35.5381,0.0967127686821522,0.0953548601120679,917,1921,463,301,932,939
85,0.1,0.1,goco-M,adapt_37.7842_to_32.0342_q0.75,0.0916456515029125,0.0899551552814071,1011,2102,465,330,832,859
85,0.1,0.1,goco-N,top6525,0.1016051973126859,0.0970474755238171,1345,1859,912,733,976,982
85,0.2,0.5,global-coarse,global_27.1593,0.1458083623267735,0.1477468925979065,1369,2971,697,463,1369,1378
85,0.2,0.5,global-dense,global_23.4366,0.1907783206588207,0.1963122810018314,1718,3974,867,559,1718,1719
85,0.2,0.5,goco-M,adapt_27.1593_to_23.0262_q0.75,0.1612082321252209,0.1659806134298206,1721,3941,765,530,1496,1504
85,0.2,0.5,goco-N,top12426,0.1990996442072155,0.1929787552770033,2336,3562,1380,1061,1834,1861
85,0.2,0.1,global-coarse,global_27.1593,0.1458083623267735,0.1477468925979065,1369,2971,697,463,1369,1378
85,0.2,0.1,global-dense,global_23.8149,0.1803356287256447,0.1859046822855004,1688,3865,835,549,1688,1688
85,0.2,0.1,goco-M,adapt_27.1593_to_23.0262_q0.75,0.1612082321252209,0.1659806134298206,1721,3941,765,530,1496,1504
85,0.2,0.1,goco-N,top12426,0.1990996442072155,0.1929787552770033,2336,3562,1380,1061,1834,1861
86,0.05,0.5,global-coarse,global_62.0008,0.0375849636503339,0.0393479560399135,454,705,238,166,454,454
86,0.05,0.5,global-dense,global_56.5397,0.045023346533483,0.0481688771521851,517,851,260,175,517,517
86,0.05,0.5,goco-M,adapt_62.0008_to_52.5656_q0.75,0.041413007072916,0.0438487410414572,535,890,254,180,469,471
86,0.05,0.5,goco-N,top3426,0.054861398427803,0.0501057617142594,797,1016,591,489,563,569
86,0.05,0.1,global-coarse,global_62.0008,0.0375849636503339,0.0393479560399135,454,705,238,166,454,454
86,0.05,0.1,global-dense,global_59.3219,0.0417351301298343,0.0445056460989693,486,777,248,169,486,486
86,0.05,0.1,goco-M,adapt_62.0008_to_52.5656_q0.75,0.041413007072916,0.0438487410414572,535,890,254,180,469,471
86,0.05,0.1,goco-N,top3012,0.0480968142325196,0.0441739090449257,701,882,524,434,527,533
86,0.1,0.5,global-coarse,global_37.7842,0.0805135252280473,0.0856554379695502,891,1660,406,281,891,891
86,0.1,0.5,global-dense,global_34.9736,0.096817516138989,0.098557655462056,986,1928,461,303,986,988
86,0.1,0.5,goco-M,adapt_37.7842_to_32.0342_q0.75,0.0920262976117341,0.0963957261756958,1106,2139,475,344,964,966
86,0.1,0.5,goco-N,top6525,0.1045772011742222,0.0993562877857263,1421,1966,920,748,1081,1087
86,0.1,0.1,global-coarse,global_37.7842,0.0805135252280473,0.0856554379695502,891,1660,406,281,891,891
86,0.1,0.1,global-dense,global_36.6945,0.0868147907349396,0.0914299618776098,933,1782,422,286,933,938
86,0.1,0.1,goco-M,adapt_37.7842_to_32.0342_q0.6,0.0856617478049004,0.0898883450511261,1070,2060,451,329,906,929
86,0.1,0.1,goco-N,top5736,0.0921912248556849,0.087759395384585,1252,1705,848,693,964,966
86,0.2,0.5,global-coarse,global_27.1593,0.1404310854869398,0.1483220677178464,1448,2914,701,482,1448,1451
86,0.2,0.5,global-dense,global_23.4366,0.1902819380532393,0.1959988035446719,1824,3915,884,576,1824,1826
86,0.2,0.5,goco-M,adapt_27.1593_to_23.0262_q0.75,0.1634442926388459,0.1719041158242711,1836,3888,799,557,1622,1647
86,0.2,0.5,goco-N,top12426,0.1967065011024465,0.1855885339503769,2457,3756,1317,1018,1883,1931
86,0.2,0.1,global-coarse,global_27.1593,0.1404310854869398,0.1483220677178464,1448,2914,701,482,1448,1451
86,0.2,0.1,global-dense,global_23.8149,0.1819808249476165,0.1863515509949501,1790,3796,856,564,1790,1790
86,0.2,0.1,goco-M,adapt_27.1593_to_23.0262_q0.75,0.1634442926388459,0.1719041158242711,1836,3888,799,557,1622,1647
86,0.2,0.1,goco-N,top12426,0.1967065011024465,0.1855885339503769,2457,3756,1317,1018,1883,1931
87,0.05,0.5,global-coarse,global_62.0008,0.0399353783714561,0.0386345571474554,401,644,229,153,401,401
87,0.05,0.5,global-dense,global_55.6416,0.0482539354177748,0.0481969598433938,468,800,253,162,468,471
87,0.05,0.5,goco-M,adapt_62.0008_to_52.5656_q0.75,0.0459616407589101,0.0438958739793337,474,818,247,163,441,449
87,0.05,0.5,goco-N,top3426,0.0426630809543511,0.0423351223047732,676,968,428,358,417,420
87,0.05,0.1,global-coarse,global_62.0008,0.0399353783714561,0.0386345571474554,401,644,229,153,401,401
87,0.05,0.1,global-dense,global_58.3796,0.0447588509959217,0.0444213980253433,441,728,241,156,441,441
87,0.05,0.1,goco-M,adapt_62.0008_to_52.5656_q0.75,0.0459616407589101,0.0438958739793337,474,818,247,163,441,449
87,0.05,0.1,goco-N,top3426,0.0426630809543511,0.0423351223047732,676,968,428,358,417,420
87,0.1,0.5,global-coarse,global_37.7842,0.0863650990667953,0.0829492081009531,780,1593,409,268,780,782
87,0.1,0.5,global-dense,global_33.8713,0.1050896099716952,0.1006514308486994,938,1986,487,313,938,938
87,0.1,0.5,goco-M,adapt_37.7842_to_32.0342_q0.75,0.0981946660887496,0.0949552428687481,998,2097,480,333,870,874
87,0.1,0.5,goco-N,top6525,0.0931497007107267,0.0916403047145218,1279,1873,802,650,852,853
87,0.1,0.1,global-coarse,global_37.7842,0.0863650990667953,0.0829492081009531,780,1593,409,268,780,782
87,0.1,0.1,global-dense,global_34.9736,0.0983724740758253,0.095418306192206,875,1856,452,289,875,878
87,0.1,0.1,goco-M,adapt_37.7842_to_32.0342_q0.75,0.0981946660887496,0.0949552428687481,998,2097,480,333,870,874
87,0.1,0.1,goco-N,top6525,0.0931497007107267,0.0916403047145218,1279,1873,802,650,852,853
87,0.2,0.5,global-coarse,global_23.0262,0.2039505739570392,0.1988403727561108,1710,4017,895,550,1710,1716
87,0.2,0.5,global-dense,global_22.698,0.206119688114155,0.2016451529301833,1751,4104,908,561,1751,1755
87,0.2,0.5,goco-M,adapt_23.0262_to_19.5221_q0.5,0.2035304514289157,0.1998347537155922,1955,4622,904,582,1703,1705
87,0.2,0.5,goco-N,top12426,0.1835383059285025,0.1847601945364175,2263,3579,1272,989,1544,1585
87,0.2,0.1,global-coarse,global_27.1593,0.1519547902564038,0.144825416838798,1328,2920,702,455,1328,1333
87,0.2,0.1,global-dense,global_23.4366,0.1989209759327033,0.1943566103107165,1646,3878,871,535,1646,1651
87,0.2,0.1,goco-M,adapt_27.1593_to_23.0262_q0.75,0.1711560825568382,0.163575683811604,1663,3846,780,510,1439,1442
87,0.2,0.1,goco-N,top12426,0.1835383059285025,0.1847601945364175,2263,3579,1272,989,1544,1585
88,0.05,0.5,global-coarse,global_62.0008,0.0429881592686723,0.0379471060047691,384,659,232,146,384,385
88,0.05,0.5,global-dense,global_54.7578,0.0540841657308351,0.051101794007712,452,829,268,162,452,452
88,0.05,0.5,goco-M,adapt_62.0008_to_52.5656_q0.75,0.0492252300175345,0.0455589933586898,467,857,254,161,423,427
88,0.05,0.5,goco-N,top3012,0.0449287782965896,0.0452534727883051,573,834,382,303,395,395
88,0.05,0.1,global-coarse,global_62.0008,0.0429881592686723,0.0379471060047691,384,659,232,146,384,385
88,0.05,0.1,global-dense,global_55.6416,0.0511880134759737,0.0478732698763047,450,817,259,160,450,452
88,0.05,0.1,goco-M,adapt_62.0008_to_52.5656_q0.75,0.0492252300175345,0.0455589933586898,467,857,254,161,423,427
88,0.05,0.1,goco-N,top3012,0.0449287782965896,0.0452534727883051,573,834,382,303,395,395
88,0.1,0.5,global-coarse,global_37.7842,0.0866420723578357,0.0842549163869346,775,1629,402,261,775,794
88,0.1,0.5,global-dense,global_33.8713,0.1051106251354492,0.101631368968243,930,2006,483,306,930,932
88,0.1,0.5,goco-M,adapt_37.7842_to_32.0342_q0.75,0.0969507564563419,0.0948472367288755,966,2083,457,309,848,852
88,0.1,0.5,goco-N,top5736,0.0966823205755766,0.0941471807418834,1014,1605,695,527,848,852
88,0.1,0.1,global-coarse,global_37.7842,0.0866420723578357,0.0842549163869346,775,1629,402,261,775,794
88,0.1,0.1,global-dense,global_34.9736,0.0992061850253823,0.0959275718380422,877,1896,453,287,877,879
88,0.1,0.1,goco-M,adapt_37.7842_to_32.0342_q0.75,0.0969507564563419,0.0948472367288755,966,2083,457,309,848,852
88,0.1,0.1,goco-N,top5736,0.0966823205755766,0.0941471807418834,1014,1605,695,527,848,852
88,0.2,0.5,global-coarse,global_27.1593,0.1488097545813723,0.1468764784670427,1339,2921,703,463,1339,1339
88,0.2,0.5,global-dense,global_23.0644,0.2003485284013527,0.1997094087869947,1716,4054,894,564,1716,1716
88,0.2,0.5,goco-M,adapt_27.1593_to_23.0262_q0.75,0.166096438377645,0.1634633036865649,1649,3860,759,505,1393,1464
88,0.2,0.5,goco-N,top12426,0.1958424798205518,0.1935799598990641,2175,3554,1250,940,1673,1676
88,0.2,0.1,global-coarse,global_27.1593,0.1488097545813723,0.1468764784670427,1339,2921,703,463,1339,1339
88,0.2,0.1,global-dense,global_23.8149,0.1859244416403875,0.1861525351735755,1646,3820,844,544,1646,1646
88,0.2,0.1,goco-M,adapt_27.1593_to_23.0262_q0.75,0.166096438377645,0.1634633036865649,1649,3860,759,505,1393,1464
88,0.2,0.1,goco-N,top12426,0.1958424798205518,0.1935799598990641,2175,3554,1250,940,1673,1676
89,0.05,0.5,global-coarse,global_62.0008,0.0388064700435407,0.0382266191067404,450,698,245,170,450,450
89,0.05,0.5,global-dense,global_55.6416,0.0463743917095178,0.0473548075596634,533,872,264,176,533,536
89,0.05,0.5,goco-M,adapt_62.0008_to_52.5656_q0.75,0.0419996256673956,0.0422971312956138,545,895,251,173,488,494
89,0.05,0.5,goco-N,top3012,0.0455316508067852,0.0481422724973559,654,873,525,435,523,524
89,0.05,0.1,global-coarse,global_62.0008,0.0388064700435407,0.0382266191067404,450,698,245,170,450,450
89,0.05,0.1,global-dense,global_58.3796,0.0427832614220698,0.0437526686767961,497,789,255,173,497,498
89,0.05,0.1,goco-M,adapt_62.0008_to_52.5656_q0.75,0.0419996256673956,0.0422971312956138,545,895,251,173,488,494
89,0.05,0.1,goco-N,top2648,0.0395876430837125,0.0415758495424656,588,773,481,402,472,472
89,0.1,0.5,global-coarse,global_37.7842,0.0780657511935956,0.0822486735992047,864,1657,396,267,864,881
89,0.1,0.5,global-dense,global_34.418,0.0925440497534001,0.0963685193578972,1016,1974,461,313,1016,1019
89,0.1,0.5,goco-M,adapt_37.7842_to_32.0342_q0.75,0.0864381595970342,0.0914248957461814,1091,2110,460,339,907,939
89,0.1,0.5,goco-N,top5736,0.087012479544544,0.0891716914927013,1203,1699,807,655,941,941
89,0.1,0.1,global-coarse,global_37.7842,0.0780657511935956,0.0822486735992047,864,1657,396,267,864,881
89,0.1,0.1,global-dense,global_36.1117,0.0867310584418569,0.0906819659854561,941,1826,427,283,941,941
89,0.1,0.1,goco-M,adapt_37.7842_to_32.0342_q0.75,0.0864381595970342,0.0914248957461814,1091,2110,460,339,907,939
89,0.1,0.1,goco-N,top5736,0.087012479544544,0.0891716914927013,1203,1699,807,655,941,941
89,0.2,0.5,global-coarse,global_23.0262,0.1993561878750128,0.1962726883345399,1813,3960,906,589,1813,1822
89,0.2,0.5,global-dense,global_22.698,0.2019837251425997,0.1988878867043251,1856,4056,920,600,1856,1871
89,0.2,0.5,goco-M,adapt_23.0262_to_19.5221_q0.5,0.2025816995671426,0.1994393018475234,2077,4623,927,628,1856,1871
89,0.2,0.5,goco-N,top12426,0.1815115641036203,0.189939205720287,2387,3697,1347,1070,1717,1729
89,0.2,0.1,global-coarse,global_27.1593,0.1372176609764528,0.1429464892183888,1407,2862,682,473,1407,1416
89,0.2,0.1,global-dense,global_23.4366,0.1938351728949577,0.1921141207682545,1761,3838,880,571,1761,1761
89,0.2,0.1,goco-M,adapt_27.1593_to_23.0262_q0.75,0.1520696067137937,0.1565351875955217,1739,3706,746,533,1477,1495
89,0.2,0.1,goco-N,top10925,0.15921124914712,0.166294288397337,2137,3251,1242,992,1539,1547
90,0.05,0.5,global-coarse,global_62.0008,0.0386557519159918,0.0375286574831339,448,688,231,156,448,448
90,0.05,0.5,global-dense,global_54.7578,0.0536852059814409,0.0504578628250858,521,879,275,171,521,522
90,0.05,0.5,goco-M,adapt_62.0008_to_52.5656_q0.75,0.0413539019248576,0.0398498315038527,521,847,238,163,462,462
90,0.05,0.5,goco-N,top2648,0.0465308860219907,0.0451585798668154,599,779,520,427,487,495
90,0.05,0.1,global-coarse,global_62.0008,0.0386557519159918,0.0375286574831339,448,688,231,156,448,448
90,0.05,0.1,global-dense,global_55.6416,0.0503339440865299,0.0471028844701075,518,865,264,168,518,519
90,0.05,0.1,goco-M,adapt_62.0008_to_52.5656_q0.75,0.0413539019248576,0.0398498315038527,521,847,238,163,462,462
90,0.05,0.1,goco-N,top2648,0.0465308860219907,0.0451585798668154,599,779,520,427,487,495
90,0.1,0.5,global-coarse,global_37.7842,0.0799912655725647,0.0821481123833172,836,1645,395,259,836,837
90,0.1,0.5,global-dense,global_34.418,0.0932104602977586,0.0964178419792987,977,1965,463,308,977,979
90,0.1,0.5,goco-M,adapt_37.7842_to_32.0342_q0.75,0.086001527778524,0.0883945130910229,1023,2050,441,314,881,883
90,0.1,0.5,goco-N,top5043,0.0923734657288649,0.0924735700221974,1113,1517,854,691,931,934
90,0.1,0.1,global-coarse,global_37.7842,0.0799912655725647,0.0821481123833172,836,1645,395,259,836,837
90,0.1,0.1,global-dense,global_35.5381,0.0911381681344445,0.0934317705562015,923,1883,439,281,923,923
90,0.1,0.1,goco-M,adapt_37.7842_to_32.0342_q0.75,0.086001527778524,0.0883945130910229,1023,2050,441,314,881,883
90,0.1,0.1,goco-N,top5043,0.0923734657288649,0.0924735700221974,1113,1517,854,691,931,934
90,0.2,0.5,global-coarse,global_27.1593,0.1395645888612376,0.1448743911014569,1396,2913,700,473,1396,1403
90,0.2,0.5,global-dense,global_23.4366,0.1865318521570803,0.1938339215828595,1751,3856,881,574,1751,1761
90,0.2,0.5,goco-M,adapt_27.1593_to_23.0262_q0.75,0.1588775400196948,0.1650849430874517,1778,3839,798,561,1576,1586
90,0.2,0.5,goco-N,top10925,0.1780747662212287,0.1838935984438812,2202,3308,1270,1013,1694,1722
90,0.2,0.1,global-coarse,global_27.1593,0.1395645888612376,0.1448743911014569,1396,2913,700,473,1396,1403
90,0.2,0.1,global-dense,global_23.8149,0.1785283170538348,0.1827415096799909,1726,3746,860,568,1726,1726
90,0.2,0.1,goco-M,adapt_27.1593_to_23.0262_q0.75,0.1588775400196948,0.1650849430874517,1778,3839,798,561,1576,1586
90,0.2,0.1,goco-N,top10925,0.1780747662212287,0.1838935984438812,2202,3308,1270,1013,1694,1722
91,0.05,0.5,global-coarse,global_62.0008,0.0385070039600449,0.0389400179991985,364,611,217,143,364,364
91,0.05,0.5,global-dense,global_55.6416,0.0488297180684437,0.0483529747945529,426,778,245,155,426,426
91,0.05,0.5,goco-M,adapt_62.0008_to_52.5656_q0.75,0.0483686979135882,0.0477124923634787,438,825,241,154,420,420
91,0.05,0.5,goco-N,top3426,0.051728825580708,0.0466347764526823,655,929,491,400,427,427
91,0.05,0.1,global-coarse,global_62.0008,0.0385070039600449,0.0389400179991985,364,611,217,143,364,364
91,0.05,0.1,global-dense,global_57.4523,0.0477205114565478,0.046618252763928,410,738,242,153,410,418
91,0.05,0.1,goco-M,adapt_62.0008_to_52.5656_q0.6,0.0467827097740213,0.0458041831714062,432,809,235,150,402,406
91,0.05,0.1,goco-N,top3426,0.051728825580708,0.0466347764526823,655,929,491,400,427,427
91,0.1,0.5,global-coarse,global_37.7842,0.081434908813891,0.0813527098428464,737,1558,381,250,756,757
91,0.1,0.5,global-dense,global_33.3333,0.1069967360823794,0.1018982366478572,920,1986,501,319,920,923
91,0.1,0.5,goco-M,adapt_37.7842_to_32.0342_q0.75,0.0912486619251203,0.0872796904663369,934,1982,445,301,808,814
91,0.1,0.5,goco-N,top6525,0.1033946056701538,0.1003046312985615,1257,1838,880,701,880,903
91,0.1,0.1,global-coarse,global_37.7842,0.081434908813891,0.0813527098428464,737,1558,381,250,756,757
91,0.1,0.1,global-dense,global_34.418,0.0959959545809773,0.0951211113957699,880,1875,457,297,880,884
91,0.1,0.1,goco-M,adapt_37.7842_to_32.0342_q0.75,0.0912486619251203,0.0872796904663369,934,1982,445,301,808,814
91,0.1,0.1,goco-N,top5736,0.093251445837296,0.089270631883406,1114,1618,809,644,834,838
91,0.2,0.5,global-coarse,global_23.0262,0.2013215380539968,0.1974645842726685,1756,4019,913,576,1756,1765
91,0.2,0.5,global-dense,global_22.698,0.203387419122774,0.1999396528499581,1798,4113,926,589,1798,1802
91,0.2,0.5,goco-M,adapt_23.0262_to_19.5221_q0.5,0.203066551601135,0.2001173991751586,2014,4699,921,617,1756,1796
91,0.2,0.5,goco-N,top12426,0.2017069447354925,0.1937949719258297,2281,3606,1363,1038,1756,1765
91,0.2,0.1,global-coarse,global_27.1593,0.1485344311368308,0.1446831869407397,1319,2865,708,460,1319,1324
91,0.2,0.1,global-dense,global_23.4366,0.197616056499821,0.1929641833850517,1694,3879,890,555,1694,1696
91,0.2,0.1,goco-M,adapt_27.1593_to_23.0262_q0.75,0.168153699135227,0.1678468701708877,1721,3869,803,544,1456,1485
91,0.2,0.1,goco-N,top12426,0.2017069447354925,0.1937949719258297,2281,3606,1363,1038,1756,1765
92,0.05,0.5,global-coarse,global_62.0008,0.0415735760584746,0.0383103745015732,434,679,243,159,434,436
92,0.05,0.5,global-dense,global_53.888,0.0579427468132474,0.05255979478286,517,905,287,173,517,517
92,0.05,0.5,goco-M,adapt_62.0008_to_52.5656_q0.75,0.0490661386606773,0.0446347279427704,523,899,261,170,482,484
92,0.05,0.5,goco-N,top3012,0.0573576058474693,0.0491500743397556,671,918,563,466,513,517
92,0.05,0.1,global-coarse,global_62.0008,0.0415735760584746,0.0383103745015732,434,679,243,159,434,436
92,0.05,0.1,global-dense,global_55.6416,0.0535433536261008,0.0479052939978584,511,864,274,169,511,511
92,0.05,0.1,goco-M,adapt_62.0008_to_52.5656_q0.75,0.0490661386606773,0.0446347279427704,523,899,261,170,482,484
92,0.05,0.1,goco-N,top3012,0.0573576058474693,0.0491500743397556,671,918,563,466,513,517
92,0.1,0.5,global-coarse,global_37.7842,0.0908006120666443,0.0832317320177714,813,1676,417,262,813,830
92,0.1,0.5,global-dense,global_33.8713,0.1075382049109811,0.1011764074738278,985,2063,492,314,985,985
92,0.1,0.5,goco-M,adapt_37.7842_to_32.0342_q0.75,0.1002078531040053,0.0918531431015911,1013,2107,476,323,892,892
92,0.1,0.5,goco-N,top5736,0.1104507752625253,0.1030889367832394,1166,1713,881,696,985,1002
92,0.1,0.1,global-coarse,global_37.7842,0.0908006120666443,0.0832317320177714,813,1676,417,262,813,830
92,0.1,0.1,global-dense,global_34.418,0.1056038247598032,0.0979173372572462,968,2028,482,306,968,972
92,0.1,0.1,goco-M,adapt_37.7842_to_32.0342_q0.75,0.1002078531040053,0.0918531431015911,1013,2107,476,323,892,892
92,0.1,0.1,goco-N,top5043,0.0980771125165001,0.0904477843090065,1034,1506,800,635,857,862
92,0.2,0.5,global-coarse,global_23.0262,0.2127857813563392,0.1990688409663696,1758,4046,940,591,1758,1759
92,0.2,0.5,global-dense,global_22.698,0.2162600205359983,0.2017344814906803,1799,4137,957,602,1799,1806
92,0.2,0.5,goco-M,adapt_23.0262_to_19.5221_q0.6,0.222077913084326,0.2058236805850868,2026,4872,969,632,1799,1828
92,0.2,0.5,goco-N,top12426,0.2052472983275631,0.1937752920888525,2363,3714,1367,1060,1667,1688
92,0.2,0.1,global-coarse,global_23.0262,0.2127857813563392,0.1990688409663696,1758,4046,940,591,1758,1759
92,0.2,0.1,global-dense,global_23.0262,0.2127857813563392,0.1990688409663696,1758,4046,940,591,1758,1759
92,0.2,0.1,goco-M,adapt_23.0262_to_19.5221_q0.4,0.2121179866732204,0.1982677413678839,1938,4551,945,616,1743,1744
92,0.2,0.1,goco-N,top12426,0.2052472983275631,0.1937752920888525,2363,3714,1367,1060,1667,1688
93,0.05,0.5,global-coarse,global_62.0008,0.0424660637941564,0.0375010674707184,450,734,258,177,450,450
93,0.05,0.5,global-dense,global_53.888,0.0557070945879386,0.0513522390608885,524,937,295,191,524,524
93,0.05,0.5,goco-M,adapt_62.0008_to_52.5656_q0.75,0.0473540595385858,0.0426147448909209,533,929,274,189,466,472
93,0.05,0.5,goco-N,top2648,0.0533207242350808,0.0487850540961314,613,855,502,403,518,521
93,0.05,0.1,global-coarse,global_62.0008,0.0424660637941564,0.0375010674707184,450,734,258,177,450,450
93,0.05,0.1,global-dense,global_55.6416,0.0523972062966684,0.0468427500673327,518,910,284,187,518,519
93,0.05,0.1,goco-M,adapt_62.0008_to_52.5656_q0.75,0.0473540595385858,0.0426147448909209,533,929,274,189,466,472
93,0.05,0.1,goco-N,top2328,0.0478140946076403,0.0426771508713845,545,756,452,364,466,472
93,0.1,0.5,global-coarse,global_37.7842,0.0878294291099421,0.0817217262589038,863,1708,427,287,863,863
93,0.1,0.5,global-dense,global_33.8713,0.1023931017724977,0.100226358534401,1041,2095,507,345,1041,1042
93,0.1,0.5,goco-M,adapt_37.7842_to_32.0342_q0.75,0.0947755079012836,0.0895366520176838,1069,2143,475,336,904,931
93,0.1,0.5,goco-N,top5043,0.0984903560100084,0.0924867081233476,1102,1611,823,644,957,962
93,0.1,0.1,global-coarse,global_37.7842,0.0878294291099421,0.0817217262589038,863,1708,427,287,863,863
93,0.1,0.1,global-dense,global_34.9736,0.0973235218787556,0.0943091220025969,957,1958,464,306,957,960
93,0.1,0.1,goco-M,adapt_37.7842_to_32.0342_q0.75,0.0947755079012836,0.0895366520176838,1069,2143,475,336,904,931
93,0.1,0.1,goco-N,top5043,0.0984903560100084,0.0924867081233476,1102,1611,823,644,957,962
93,0.2,0.5,global-coarse,global_23.0262,0.2007665573546952,0.1985930338266616,1841,4139,921,591,1841,1852
93,0.2,0.5,global-dense,global_23.0262,0.2007665573546952,0.1985930338266616,1841,4139,921,591,1841,1852
93,0.2,0.5,goco-M,adapt_23.0262_to_19.5221_q0.4,0.1978979852735602,0.1975870729232696,2018,4602,925,617,1761,1782
93,0.2,0.5,goco-N,top12426,0.2036422113355721,0.1953650554316141,2436,3850,1373,1055,1905,1923
93,0.2,0.1,global-coarse,global_27.1593,0.1522814288639692,0.1453411967931212,1425,3014,729,478,1425,1436
93,0.2,0.1,global-dense,global_23.4366,0.1983590932594924,0.1940668634106866,1785,4013,900,571,1785,1793
93,0.2,0.1,goco-M,adapt_27.1593_to_23.0262_q0.75,0.1727704188910351,0.1662519555827002,1793,3994,817,551,1606,1616
93,0.2,0.1,goco-N,top12426,0.2036422113355721,0.1953650554316141,2436,3850,1373,1055,1905,1923
94,0.05,0.5,global-coarse,global_62.0008,0.0377051441180526,0.0384299312220404,434,683,237,174,434,436
94,0.05,0.5,global-dense,global_55.6416,0.0464660046890084,0.0479026663776284,509,850,263,188,509,511
94,0.05,0.5,goco-M,adapt_62.0008_to_52.5656_q0.75,0.0412893788048939,0.0417116646631062,515,867,248,185,454,456
94,0.05,0.5,goco-N,top3012,0.0462665248143113,0.0486337385426915,637,848,469,380,501,504
94,0.05,0.1,global-coarse,global_62.0008,0.0377051441180526,0.0384299312220404,434,683,237,174,434,436
94,0.05,0.1,global-dense,global_58.3796,0.0422990917508915,0.044403004683733,476,772,250,181,476,476
94,0.05,0.1,goco-M,adapt_62.0008_to_52.5656_q0.75,0.0412893788048939,0.0417116646631062,515,867,248,185,454,456
94,0.05,0.1,goco-N,top2648,0.0380745512934176,0.039508341936263,581,755,415,343,434,436
94,0.1,0.5,global-coarse,global_37.7842,0.0780623033932922,0.0824581715704629,839,1594,396,274,839,840
94,0.1,0.5,global-dense,global_34.418,0.0942741887818429,0.0972613080731441,997,1951,470,325,997,1000
94,0.1,0.5,goco-M,adapt_37.7842_to_32.0342_q0.75,0.0858190331711225,0.0894952122569725,1030,2013,454,335,891,897
94,0.1,0.5,goco-N,top5736,0.0891443544732746,0.0911177045850794,1138,1565,802,636,920,926
94,0.1,0.1,global-coarse,global_37.7842,0.0780623033932922,0.0824581715704629,839,1594,396,274,839,840
94,0.1,0.1,global-dense,global_36.1117,0.0875036940717536,0.0916640937885247,920,1784,428,290,920,920
94,0.1,0.1,goco-M,adapt_37.7842_to_32.0342_q0.75,0.0858190331711225,0.0894952122569725,1030,2013,454,335,891,897
94,0.1,0.1,goco-N,top5736,0.0891443544732746,0.0911177045850794,1138,1565,802,636,920,926
94,0.2,0.5,global-coarse,global_27.1593,0.1419472140510617,0.1460161518100544,1408,2893,711,487,1408,1411
94,0.2,0.5,global-dense,global_23.0644,0.1924914294833859,0.1973456566133296,1827,4002,907,596,1827,1827
94,0.2,0.5,goco-M,adapt_27.1593_to_23.0262_q0.75,0.1533559407823201,0.1595002614082986,1753,3770,761,535,1483,1533
94,0.2,0.5,goco-N,top12426,0.1959694953087345,0.1963198294367064,2266,3474,1325,1012,1875,1879
94,0.2,0.1,global-coarse,global_27.1593,0.1419472140510617,0.1460161518100544,1408,2893,711,487,1408,1411
94,0.2,0.1,global-dense,global_23.8149,0.1800760090542635,0.1837424381139122,1735,3762,862,575,1735,1735
94,0.2,0.1,goco-M,adapt_27.1593_to_23.0262_q0.75,0.1533559407823201,0.1595002614082986,1753,3770,761,535,1483,1533
94,0.2,0.1,goco-N,top10925,0.1735176436160884,0.1737603993833048,2009,3027,1221,935,1650,1692
95,0.05,0.5,global-coarse,global_62.0008,0.035591149989164,0.0383346799887012,474,698,241,175,474,474
95,0.05,0.5,global-dense,global_56.5397,0.0436565399846326,0.0473746789376531,533,839,263,184,533,533
95,0.05,0.5,goco-M,adapt_62.0008_to_52.5656_q0.75,0.040381622239297,0.0426112961393689,555,884,256,186,504,504
95,0.05,0.5,goco-N,top3012,0.0406564611777685,0.0420620190036661,633,820,498,424,504,511
95,0.05,0.1,global-coarse,global_62.0008,0.035591149989164,0.0383346799887012,474,698,241,175,474,474
95,0.05,0.1,global-dense,global_58.3796,0.0410401520972476,0.0444762495976456,514,790,254,180,514,514
95,0.05,0.1,goco-M,adapt_62.0008_to_52.5656_q0.75,0.040381622239297,0.0426112961393689,555,884,256,186,504,504
95,0.05,0.1,goco-N,top3012,0.0406564611777685,0.0420620190036661,633,820,498,424,504,511
95,0.1,0.5,global-coarse,global_37.7842,0.0817713156149233,0.0827813688587588,907,1718,416,286,907,907
95,0.1,0.5,global-dense,global_34.9736,0.0906482521294271,0.0959364947984067,1018,1971,455,310,1018,1022
95,0.1,0.5,goco-M,adapt_37.7842_to_32.0342_q0.75,0.0853205051281178,0.087266278654746,1126,2137,453,335,926,952
95,0.1,0.5,goco-N,top5736,0.0870106586283665,0.0897206348165101,1220,1628,887,735,963,968
95,0.1,0.1,global-coarse,global_37.7842,0.0817713156149233,0.0827813688587588,907,1718,416,286,907,907
95,0.1,0.1,global-dense,global_36.1117,0.0878087423081217,0.0918225721336495,996,1891,442,303,996,996
95,0.1,0.1,goco-M,adapt_37.7842_to_32.0342_q0.75,0.0853205051281178,0.087266278654746,1126,2137,453,335,926,952
95,0.1,0.1,goco-N,top5736,0.0870106586283665,0.0897206348165101,1220,1628,887,735,963,968
95,0.2,0.5,global-coarse,global_27.1593,0.1426123191845161,0.1470018458878991,1510,3007,719,495,1510,1519
95,0.2,0.5,global-dense,global_23.0644,0.1976892937081954,0.1982607541706618,1966,4176,938,623,1966,1966
95,0.2,0.5,goco-M,adapt_27.1593_to_23.0262_q0.75,0.1593929339285919,0.1633851172464664,1897,3972,786,562,1594,1642
95,0.2,0.5,goco-N,top12426,0.1822354044883189,0.190177830749654,2443,3615,1349,1077,1846,1873
95,0.2,0.1,global-coarse,global_27.1593,0.1426123191845161,0.1470018458878991,1510,3007,719,495,1510,1519
95,0.2,0.1,global-dense,global_23.8149,0.1837529012295341,0.1846551736998887,1884,3943,889,600,1884,1884
95,0.2,0.1,goco-M,adapt_27.1593_to_23.0262_q0.75,0.1593929339285919,0.1633851172464664,1897,3972,786,562,1594,1642
95,0.2,0.1,goco-N,top10925,0.1604185108322468,0.1670552516239836,2210,3189,1262,1015,1594,1642
96,0.05,0.5,global-coarse,global_62.0008,0.0368835825600409,0.0384650756426173,370,591,224,150,370,370
96,0.05,0.5,global-dense,global_55.6416,0.047160982721595,0.0479571894974019,436,758,255,162,436,439
96,0.05,0.5,goco-M,adapt_62.0008_to_52.5656_q0.75,0.0416459798648462,0.0425704037995388,436,759,238,158,384,384
96,0.05,0.5,goco-N,top3426,0.0498443564434462,0.0475582839012277,668,974,459,366,440,440
96,0.05,0.1,global-coarse,global_62.0008,0.0368835825600409,0.0384650756426173,370,591,224,150,370,370
96,0.05,0.1,global-dense,global_58.3796,0.0438707961463443,0.0443770569339613,398,681,238,152,398,398
96,0.05,0.1,goco-M,adapt_62.0008_to_52.5656_q0.75,0.0416459798648462,0.0425704037995388,436,759,238,158,384,384
96,0.05,0.1,goco-N,top3012,0.044981152025008,0.0426125552073958,567,845,400,315,398,405
96,0.1,0.5,global-coarse,global_37.7842,0.0823510386087961,0.0847006812105446,741,1524,396,253,741,744
96,0.1,0.5,global-dense,global_34.9736,0.0962873757970985,0.0975606925531053,828,1772,450,282,828,836
96,0.1,0.5,goco-M,adapt_37.7842_to_32.0342_q0.75,0.0910966303498368,0.0933355887073641,951,1967,461,321,789,794
96,0.1,0.5,goco-N,top6525,0.0992912250256064,0.097060940163437,1270,1903,830,651,886,889
96,0.1,0.1,global-coarse,global_37.7842,0.0823510386087961,0.0847006812105446,741,1524,396,253,741,744
96,0.1,0.1,global-dense,global_36.1117,0.0928331724359858,0.0932963933722659,812,1702,436,274,812,812
96,0.1,0.1,goco-M,adapt_37.7842_to_32.0342_q0.75,0.0910966303498368,0.0933355887073641,951,1967,461,321,789,794
96,0.1,0.1,goco-N,top5736,0.0871661529294959,0.085463507232027,1129,1675,754,596,762,781
96,0.2,0.5,global-coarse,global_27.1593,0.1503993179624127,0.1484056470192488,1314,2830,716,470,1314,1321
96,0.2,0.5,global-dense,global_23.4366,0.1969315199985208,0.1979518581757622,1657,3777,887,566,1657,1662
96,0.2,0.5,goco-M,adapt_27.1593_to_23.0262_q0.75,0.1683777675579009,0.1650939065132759,1656,3731,787,534,1443,1474
96,0.2,0.5,goco-N,top14135,0.1974011832581036,0.1970413877802726,2580,4198,1365,1071,1657,1663
96,0.2,0.1,global-coarse,global_27.1593,0.1503993179624127,0.1484056470192488,1314,2830,716,470,1314,1321
96,0.2,0.1,global-dense,global_23.8149,0.1884906355026095,0.1876026891736756,1632,3677,862,559,1632,1632
96,0.2,0.1,goco-M,adapt_27.1593_to_23.0262_q0.75,0.1683777675579009,0.1650939065132759,1656,3731,787,534,1443,1474
96,0.2,0.1,goco-N,top12426,0.1765624502552269,0.1748533760416738,2309,3674,1280,1004,1509,1531
97,0.05,0.5,global-coarse,global_62.0008,0.0389286206828614,0.0379861918556911,443,713,238,166,443,443
97,0.05,0.5,global-dense,global_53.888,0.0550096538408495,0.0513479691780146,524,932,281,179,524,524
97,0.05,0.5,goco-M,adapt_62.0008_to_52.5656_q0.75,0.0442357704356049,0.042387127288493,529,914,253,175,475,482
97,0.05,0.5,goco-N,top3012,0.0471590125499931,0.0469779082829158,667,852,532,446,485,492
97,0.05,0.1,global-coarse,global_62.0008,0.0389286206828614,0.0379861918556911,443,713,238,166,443,443
97,0.05,0.1,global-dense,global_55.6416,0.0501118072384104,0.047314243672362,518,900,267,175,518,518
97,0.05,0.1,goco-M,adapt_62.0008_to_52.5656_q0.75,0.0442357704356049,0.042387127288493,529,914,253,175,475,482
97,0.05,0.1,goco-N,top2648,0.0384213014953602,0.0381957445690374,588,743,453,387,410,440
97,0.1,0.5,global-coarse,global_37.7842,0.0846408705531585,0.0827334147895604,829,1696,392,256,829,830
97,0.1,0.5,global-dense,global_33.8713,0.1076179968608598,0.1017274413329041,992,2086,492,314,992,992
97,0.1,0.5,goco-M,adapt_37.7842_to_32.0342_q0.75,0.0906773121605558,0.0879139322993647,1006,2073,438,305,848,869
97,0.1,0.5,goco-N,top5736,0.1031956183383572,0.0982352245629939,1213,1662,920,730,977,981
97,0.1,0.1,global-coarse,global_37.7842,0.0846408705531585,0.0827334147895604,829,1696,392,256,829,830
97,0.1,0.1,global-dense,global_34.9736,0.102361086483966,0.0955982434358762,924,1967,459,287,924,967
97,0.1,0.1,goco-M,adapt_37.7842_to_32.0342_q0.75,0.0906773121605558,0.0879139322993647,1006,2073,438,305,848,869
97,0.1,0.1,goco-N,top5043,0.0907323127844435,0.0874034075855016,1067,1448,828,657,848,869
97,0.2,0.5,global-coarse,global_23.0262,0.2060702390799862,0.1995183142005271,1764,4160,913,582,1764,1769
97,0.2,0.5,global-dense,global_22.698,0.2096772059420213,0.2020414189601473,1800,4259,927,591,1800,1803
97,0.2,0.5,goco-M,adapt_23.0262_to_19.5221_q0.5,0.2081709296541733,0.2016776761518216,2002,4809,920,612,1764,1776
97,0.2,0.5,goco-N,top12426,0.1990049364739062,0.1945032824274788,2390,3582,1397,1082,1681,1696
97,0.2,0.1,global-coarse,global_27.1593,0.1556430789364178,0.147157678620639,1381,3025,726,478,1381,1382
97,0.2,0.1,global-dense,global_23.4366,0.2039909694619592,0.1951271674080083,1707,4028,896,565,1707,1712
97,0.2,0.1,goco-M,adapt_27.1593_to_23.0262_q0.75,0.1801230790823504,0.1702983561110698,1729,4038,822,550,1536,1558
97,0.2,0.1,goco-N,top12426,0.1990049364739062,0.1945032824274788,2390,3582,1397,1082,1681,1696
98,0.05,0.5,global-coarse,global_62.0008,0.0356423744508146,0.0384989062530792,377,585,213,142,377,377
98,0.05,0.5,global-dense,global_55.6416,0.047049668026085,0.0486190213428453,438,751,239,147,438,439
98,0.05,0.5,goco-M,adapt_62.0008_to_52.5656_q0.75,0.0415725909726737,0.0443384637618324,442,760,225,145,389,390
98,0.05,0.5,goco-N,top3012,0.044499621878604,0.0431472518070669,651,934,460,376,412,418
98,0.05,0.1,global-coarse,global_62.0008,0.0356423744508146,0.0384989062530792,377,585,213,142,377,377
98,0.05,0.1,global-dense,global_58.3796,0.0424887207675788,0.0446802186180031,412,674,227,144,412,413
98,0.05,0.1,goco-M,adapt_62.0008_to_52.5656_q0.75,0.0415725909726737,0.0443384637618324,442,760,225,145,389,390
98,0.05,0.1,goco-N,top3012,0.044499621878604,0.0431472518070669,651,934,460,376,412,418
98,0.1,0.5,global-coarse,global_37.7842,0.0789935378371456,0.0841683144035192,762,1554,395,253,762,764
98,0.1,0.5,global-dense,global_34.9736,0.0921017462287631,0.0965931261454781,856,1797,447,281,856,856
98,0.1,0.5,goco-M,adapt_37.7842_to_32.0342_q0.75,0.0856101949813162,0.0911721266425363,977,1974,452,319,813,816
98,0.1,0.5,goco-N,top5736,0.0876330893397504,0.0922248983447079,1160,1696,800,650,813,817
98,0.1,0.1,global-coarse,global_37.7842,0.0789935378371456,0.0841683144035192,762,1554,395,253,762,764
98,0.1,0.1,global-dense,global_36.1117,0.0893513866724458,0.0930776987302025,838,1724,435,276,838,838
98,0.1,0.1,goco-M,adapt_37.7842_to_32.0342_q0.75,0.0856101949813162,0.0911721266425363,977,1974,452,319,813,816
98,0.1,0.1,goco-N,top5736,0.0876330893397504,0.0922248983447079,1160,1696,800,650,813,817
98,0.2,0.5,global-coarse,global_27.1593,0.1442929054120614,0.1468619917199031,1330,2850,699,460,1330,1340
98,0.2,0.5,global-dense,global_23.4366,0.1941792857670586,0.1966339831961042,1695,3878,876,553,1695,1696
98,0.2,0.5,goco-M,adapt_27.1593_to_23.0262_q0.75,0.1614100189387979,0.1640035540973856,1683,3801,768,521,1465,1468
98,0.2,0.5,goco-N,top12426,0.1927091550641553,0.1946228732721222,2381,3679,1352,1048,1665,1689
98,0.2,0.1,global-coarse,global_27.1593,0.1442929054120614,0.1468619917199031,1330,2850,699,460,1330,1340
98,0.2,0.1,global-dense,global_23.8149,0.1816252306188785,0.1860411770659826,1665,3752,843,548,1665,1665
98,0.2,0.1,goco-M,adapt_27.1593_to_23.0262_q0.75,0.1614100189387979,0.1640035540973856,1683,3801,768,521,1465,1468
98,0.2,0.1,goco-N,top10925,0.1701124814161694,0.1767752098592649,2100,3216,1230,962,1497,1521
99,0.05,0.5,global-coarse,global_62.0008,0.036402860689166,0.0387449171971174,427,675,233,163,427,428
99,0.05,0.5,global-dense,global_56.5397,0.0438373032291112,0.0474544929021408,495,814,255,171,495,495
99,0.05,0.5,goco-M,adapt_62.0008_to_52.5656_q0.75,0.044378607876746,0.0473865032286883,523,880,254,172,506,506
99,0.05,0.5,goco-N,top2648,0.0441692771440392,0.045347469930171,636,811,503,414,495,497
99,0.05,0.1,global-coarse,global_62.0008,0.036402860689166,0.0387449171971174,427,675,233,163,427,428
99,0.05,0.1,global-dense,global_59.3219,0.0408125972772228,0.0440037706350301,465,747,244,165,465,469
99,0.05,0.1,goco-M,adapt_62.0008_to_52.5656_q0.6,0.0393152668597434,0.0414902876587246,516,836,243,170,443,443
99,0.05,0.1,goco-N,top2648,0.0441692771440392,0.045347469930171,636,811,503,414,495,497
99,0.1,0.5,global-coarse,global_37.7842,0.0805427494401429,0.0834999135075007,851,1632,406,271,851,852
99,0.1,0.5,global-dense,global_34.9736,0.0923036888179627,0.0961508648155082,941,1868,455,300,941,941
99,0.1,0.5,goco-M,adapt_37.7842_to_32.0342_q0.75,0.08716269020365,0.0906101991079229,1064,2060,465,335,869,889
99,0.1,0.5,goco-N,top5043,0.0880658497021757,0.0953072344953983,1105,1484,808,636,893,894
99,0.1,0.1,global-coarse,global_37.7842,0.0805427494401429,0.0834999135075007,851,1632,406,271,851,852
99,0.1,0.1,global-dense,global_36.1117,0.0899293036756834,0.0922034675828302,913,1786,438,287,913,914
99,0.1,0.1,goco-M,adapt_37.7842_to_32.0342_q0.75,0.08716269020365,0.0906101991079229,1064,2060,465,335,869,889
99,0.1,0.1,goco-N,top4433,0.0758729502006291,0.0817972155984295,990,1318,737,589,783,820
99,0.2,0.5,global-coarse,global_27.1593,0.1428734116984013,0.1466033552597216,1425,2916,713,471,1425,1432
99,0.2,0.5,global-dense,global_23.0644,0.1954110460754574,0.1978991461416015,1844,4040,920,596,1844,1844
99,0.2,0.5,goco-M,adapt_27.1593_to_23.0262_q0.75,0.1672346369102192,0.1686511053609355,1774,3870,803,542,1608,1629
99,0.2,0.5,goco-N,top10925,0.1882131160110059,0.1879849180494097,2171,3228,1286,966,1766,1778
99,0.2,0.1,global-coarse,global_27.1593,0.1428734116984013,0.1466033552597216,1425,2916,713,471,1425,1432
99,0.2,0.1,global-dense,global_23.8149,0.1842056250879171,0.185312685798554,1766,3811,874,569,1766,1766
99,0.2,0.1,goco-M,adapt_27.1593_to_23.0262_q0.75,0.1672346369102192,0.1686511053609355,1774,3870,803,542,1608,1629
99,0.2,0.1,goco-N,top10925,0.1882131160110059,0.1879849180494097,2171,3228,1286,966,1766,1778
