repeat,alpha,delta,method,threshold,fdp,pool_risk,supp_genes,supp_terms,calls,genes
0,0.05,0.5,Multilabel,62.000847,0.036398920345962135,0.03837869262755454,172,437,672,239
0,0.05,0.5,Hoeffding/LTT,73.129656,0.01996276375672321,0.02046489170920127,136,253,355,178
0,0.05,0.5,Hoeffding-Bentkus,62.000847,0.036398920345962135,0.03837869262755454,172,437,672,239
0,0.05,0.5,IID-normal,62.000847,0.036398920345962135,0.03837869262755454,172,437,672,239
0,0.05,0.5,Empirical Bernstein,62.000847,0.036398920345962135,0.03837869262755454,172,437,672,239
0,0.05,0.5,Platt calibration,52.565611,0.05078708355497764,0.05507294930663671,192,558,932,284
0,0.05,0.5,Isotonic calibration,62.000847,0.036398920345962135,0.03837869262755454,172,437,672,239
0,0.05,0.1,Multilabel,62.000847,0.036398920345962135,0.03837869262755454,172,437,672,239
0,0.05,0.1,Hoeffding/LTT,73.129656,0.01996276375672321,0.02046489170920127,136,253,355,178
0,0.05,0.1,Hoeffding-Bentkus,62.000847,0.036398920345962135,0.03837869262755454,172,437,672,239
0,0.05,0.1,IID-normal,62.000847,0.036398920345962135,0.03837869262755454,172,437,672,239
0,0.05,0.1,Empirical Bernstein,73.129656,0.01996276375672321,0.02046489170920127,136,253,355,178
0,0.05,0.1,Platt calibration,52.565611,0.05078708355497764,0.05507294930663671,192,558,932,284
0,0.05,0.1,Isotonic calibration,62.000847,0.036398920345962135,0.03837869262755454,172,437,672,239
0,0.1,0.5,Multilabel,37.784172,0.07896037328184619,0.08255517455062218,280,882,1650,407
0,0.1,0.5,Hoeffding/LTT,37.784172,0.07896037328184619,0.08255517455062218,280,882,1650,407
0,0.1,0.5,Hoeffding-Bentkus,37.784172,0.07896037328184619,0.08255517455062218,280,882,1650,407
0,0.1,0.5,IID-normal,37.784172,0.07896037328184619,0.08255517455062218,280,882,1650,407
0,0.1,0.5,Empirical Bernstein,37.784172,0.07896037328184619,0.08255517455062218,280,882,1650,407
0,0.1,0.5,Platt calibration,37.784172,0.07896037328184619,0.08255517455062218,280,882,1650,407
0,0.1,0.5,Isotonic calibration,37.784172,0.07896037328184619,0.08255517455062218,280,882,1650,407
0,0.1,0.1,Multilabel,37.784172,0.07896037328184619,0.08255517455062218,280,882,1650,407
0,0.1,0.1,Hoeffding/LTT,44.566222,0.06659229268869318,0.07099550676940661,222,655,1200,338
0,0.1,0.1,Hoeffding-Bentkus,37.784172,0.07896037328184619,0.08255517455062218,280,882,1650,407
0,0.1,0.1,IID-normal,37.784172,0.07896037328184619,0.08255517455062218,280,882,1650,407
0,0.1,0.1,Empirical Bernstein,44.566222,0.06659229268869318,0.07099550676940661,222,655,1200,338
0,0.1,0.1,Platt calibration,37.784172,0.07896037328184619,0.08255517455062218,280,882,1650,407
0,0.1,0.1,Isotonic calibration,37.784172,0.07896037328184619,0.08255517455062218,280,882,1650,407
0,0.2,0.5,Multilabel,27.159271,0.1428013810305908,0.1447768900831392,493,1468,2925,717
0,0.2,0.5,Hoeffding/LTT,27.159271,0.1428013810305908,0.1447768900831392,493,1468,2925,717
0,0.2,0.5,Hoeffding-Bentkus,27.159271,0.1428013810305908,0.1447768900831392,493,1468,2925,717
0,0.2,0.5,IID-normal,27.159271,0.1428013810305908,0.1447768900831392,493,1468,2925,717
0,0.2,0.5,Empirical Bernstein,27.159271,0.1428013810305908,0.1447768900831392,493,1468,2925,717
0,0.2,0.5,Platt calibration,27.159271,0.1428013810305908,0.1447768900831392,493,1468,2925,717
0,0.2,0.5,Isotonic calibration,27.159271,0.1428013810305908,0.1447768900831392,493,1468,2925,717
0,0.2,0.1,Multilabel,27.159271,0.1428013810305908,0.1447768900831392,493,1468,2925,717
0,0.2,0.1,Hoeffding/LTT,27.159271,0.1428013810305908,0.1447768900831392,493,1468,2925,717
0,0.2,0.1,Hoeffding-Bentkus,27.159271,0.1428013810305908,0.1447768900831392,493,1468,2925,717
0,0.2,0.1,IID-normal,27.159271,0.1428013810305908,0.1447768900831392,493,1468,2925,717
0,0.2,0.1,Empirical Bernstein,27.159271,0.1428013810305908,0.1447768900831392,493,1468,2925,717
0,0.2,0.1,Platt calibration,27.159271,0.1428013810305908,0.1447768900831392,493,1468,2925,717
0,0.2,0.1,Isotonic calibration,27.159271,0.1428013810305908,0.1447768900831392,493,1468,2925,717
1,0.05,0.5,Multilabel,62.000847,0.0360610359162283,0.038615178448258874,165,444,663,237
1,0.05,0.5,Hoeffding/LTT,73.129656,0.022858916011584608,0.02107187198234239,134,273,372,187
1,0.05,0.5,Hoeffding-Bentkus,62.000847,0.0360610359162283,0.038615178448258874,165,444,663,237
1,0.05,0.5,IID-normal,62.000847,0.0360610359162283,0.038615178448258874,165,444,663,237
1,0.05,0.5,Empirical Bernstein,62.000847,0.0360610359162283,0.038615178448258874,165,444,663,237
1,0.05,0.5,Platt calibration,52.565611,0.05185196130582974,0.05557991578477162,183,538,914,283
1,0.05,0.5,Isotonic calibration,62.000847,0.0360610359162283,0.038615178448258874,165,444,663,237
1,0.05,0.1,Multilabel,62.000847,0.0360610359162283,0.038615178448258874,165,444,663,237
1,0.05,0.1,Hoeffding/LTT,73.129656,0.022858916011584608,0.02107187198234239,134,273,372,187
1,0.05,0.1,Hoeffding-Bentkus,62.000847,0.0360610359162283,0.038615178448258874,165,444,663,237
1,0.05,0.1,IID-normal,62.000847,0.0360610359162283,0.038615178448258874,165,444,663,237
1,0.05,0.1,Empirical Bernstein,73.129656,0.022858916011584608,0.02107187198234239,134,273,372,187
1,0.05,0.1,Platt calibration,52.565611,0.05185196130582974,0.05557991578477162,183,538,914,283
1,0.05,0.1,Isotonic calibration,62.000847,0.0360610359162283,0.038615178448258874,165,444,663,237
1,0.1,0.5,Multilabel,37.784172,0.08499796415601132,0.08413897264428372,271,850,1651,414
1,0.1,0.5,Hoeffding/LTT,37.784172,0.08499796415601132,0.08413897264428372,271,850,1651,414
1,0.1,0.5,Hoeffding-Bentkus,37.784172,0.08499796415601132,0.08413897264428372,271,850,1651,414
1,0.1,0.5,IID-normal,37.784172,0.08499796415601132,0.08413897264428372,271,850,1651,414
1,0.1,0.5,Empirical Bernstein,37.784172,0.08499796415601132,0.08413897264428372,271,850,1651,414
1,0.1,0.5,Platt calibration,37.784172,0.08499796415601132,0.08413897264428372,271,850,1651,414
1,0.1,0.5,Isotonic calibration,37.784172,0.08499796415601132,0.08413897264428372,271,850,1651,414
1,0.1,0.1,Multilabel,37.784172,0.08499796415601132,0.08413897264428372,271,850,1651,414
1,0.1,0.1,Hoeffding/LTT,44.566222,0.06812114585180369,0.07192486319952177,215,638,1178,341
1,0.1,0.1,Hoeffding-Bentkus,37.784172,0.08499796415601132,0.08413897264428372,271,850,1651,414
1,0.1,0.1,IID-normal,37.784172,0.08499796415601132,0.08413897264428372,271,850,1651,414
1,0.1,0.1,Empirical Bernstein,44.566222,0.06812114585180369,0.07192486319952177,215,638,1178,341
1,0.1,0.1,Platt calibration,37.784172,0.08499796415601132,0.08413897264428372,271,850,1651,414
1,0.1,0.1,Isotonic calibration,37.784172,0.08499796415601132,0.08413897264428372,271,850,1651,414
1,0.2,0.5,Multilabel,27.159271,0.13996966234243852,0.14744604003467293,454,1358,2855,680
1,0.2,0.5,Hoeffding/LTT,27.159271,0.13996966234243852,0.14744604003467293,454,1358,2855,680
1,0.2,0.5,Hoeffding-Bentkus,27.159271,0.13996966234243852,0.14744604003467293,454,1358,2855,680
1,0.2,0.5,IID-normal,27.159271,0.13996966234243852,0.14744604003467293,454,1358,2855,680
1,0.2,0.5,Empirical Bernstein,27.159271,0.13996966234243852,0.14744604003467293,454,1358,2855,680
1,0.2,0.5,Platt calibration,27.159271,0.13996966234243852,0.14744604003467293,454,1358,2855,680
1,0.2,0.5,Isotonic calibration,27.159271,0.13996966234243852,0.14744604003467293,454,1358,2855,680
1,0.2,0.1,Multilabel,27.159271,0.13996966234243852,0.14744604003467293,454,1358,2855,680
1,0.2,0.1,Hoeffding/LTT,27.159271,0.13996966234243852,0.14744604003467293,454,1358,2855,680
1,0.2,0.1,Hoeffding-Bentkus,27.159271,0.13996966234243852,0.14744604003467293,454,1358,2855,680
1,0.2,0.1,IID-normal,27.159271,0.13996966234243852,0.14744604003467293,454,1358,2855,680
1,0.2,0.1,Empirical Bernstein,27.159271,0.13996966234243852,0.14744604003467293,454,1358,2855,680
1,0.2,0.1,Platt calibration,27.159271,0.13996966234243852,0.14744604003467293,454,1358,2855,680
1,0.2,0.1,Isotonic calibration,27.159271,0.13996966234243852,0.14744604003467293,454,1358,2855,680
2,0.05,0.5,Multilabel,62.000847,0.037339677285891604,0.03796911232419579,159,382,610,230
2,0.05,0.5,Hoeffding/LTT,62.000847,0.037339677285891604,0.03796911232419579,159,382,610,230
2,0.05,0.5,Hoeffding-Bentkus,62.000847,0.037339677285891604,0.03796911232419579,159,382,610,230
2,0.05,0.5,IID-normal,62.000847,0.037339677285891604,0.03796911232419579,159,382,610,230
2,0.05,0.5,Empirical Bernstein,62.000847,0.037339677285891604,0.03796911232419579,159,382,610,230
2,0.05,0.5,Platt calibration,52.565611,0.05444322950528992,0.056067996242503075,176,474,848,279
2,0.05,0.5,Isotonic calibration,62.000847,0.037339677285891604,0.03796911232419579,159,382,610,230
2,0.05,0.1,Multilabel,62.000847,0.037339677285891604,0.03796911232419579,159,382,610,230
2,0.05,0.1,Hoeffding/LTT,73.129656,0.018783616052958214,0.020464891709201273,122,231,327,161
2,0.05,0.1,Hoeffding-Bentkus,62.000847,0.037339677285891604,0.03796911232419579,159,382,610,230
2,0.05,0.1,IID-normal,62.000847,0.037339677285891604,0.03796911232419579,159,382,610,230
2,0.05,0.1,Empirical Bernstein,62.000847,0.037339677285891604,0.03796911232419579,159,382,610,230
2,0.05,0.1,Platt calibration,52.565611,0.05444322950528992,0.056067996242503075,176,474,848,279
2,0.05,0.1,Isotonic calibration,62.000847,0.037339677285891604,0.03796911232419579,159,382,610,230
2,0.1,0.5,Multilabel,37.784172,0.08115514444641461,0.0834117787456179,268,790,1566,399
2,0.1,0.5,Hoeffding/LTT,37.784172,0.08115514444641461,0.0834117787456179,268,790,1566,399
2,0.1,0.5,Hoeffding-Bentkus,37.784172,0.08115514444641461,0.0834117787456179,268,790,1566,399
2,0.1,0.5,IID-normal,37.784172,0.08115514444641461,0.0834117787456179,268,790,1566,399
2,0.1,0.5,Empirical Bernstein,37.784172,0.08115514444641461,0.0834117787456179,268,790,1566,399
2,0.1,0.5,Platt calibration,37.784172,0.08115514444641461,0.0834117787456179,268,790,1566,399
2,0.1,0.5,Isotonic calibration,37.784172,0.08115514444641461,0.0834117787456179,268,790,1566,399
2,0.1,0.1,Multilabel,37.784172,0.08115514444641461,0.0834117787456179,268,790,1566,399
2,0.1,0.1,Hoeffding/LTT,44.566222,0.07155466241109601,0.07211060310453331,211,581,1125,341
2,0.1,0.1,Hoeffding-Bentkus,37.784172,0.08115514444641461,0.0834117787456179,268,790,1566,399
2,0.1,0.1,IID-normal,37.784172,0.08115514444641461,0.0834117787456179,268,790,1566,399
2,0.1,0.1,Empirical Bernstein,44.566222,0.07155466241109601,0.07211060310453331,211,581,1125,341
2,0.1,0.1,Platt calibration,37.784172,0.08115514444641461,0.0834117787456179,268,790,1566,399
2,0.1,0.1,Isotonic calibration,37.784172,0.08115514444641461,0.0834117787456179,268,790,1566,399
2,0.2,0.5,Multilabel,27.159271,0.13777884644661642,0.14716482954515783,476,1383,2841,693
2,0.2,0.5,Hoeffding/LTT,27.159271,0.13777884644661642,0.14716482954515783,476,1383,2841,693
2,0.2,0.5,Hoeffding-Bentkus,27.159271,0.13777884644661642,0.14716482954515783,476,1383,2841,693
2,0.2,0.5,IID-normal,27.159271,0.13777884644661642,0.14716482954515783,476,1383,2841,693
2,0.2,0.5,Empirical Bernstein,27.159271,0.13777884644661642,0.14716482954515783,476,1383,2841,693
2,0.2,0.5,Platt calibration,27.159271,0.13777884644661642,0.14716482954515783,476,1383,2841,693
2,0.2,0.5,Isotonic calibration,27.159271,0.13777884644661642,0.14716482954515783,476,1383,2841,693
2,0.2,0.1,Multilabel,27.159271,0.13777884644661642,0.14716482954515783,476,1383,2841,693
2,0.2,0.1,Hoeffding/LTT,27.159271,0.13777884644661642,0.14716482954515783,476,1383,2841,693
2,0.2,0.1,Hoeffding-Bentkus,27.159271,0.13777884644661642,0.14716482954515783,476,1383,2841,693
2,0.2,0.1,IID-normal,27.159271,0.13777884644661642,0.14716482954515783,476,1383,2841,693
2,0.2,0.1,Empirical Bernstein,27.159271,0.13777884644661642,0.14716482954515783,476,1383,2841,693
2,0.2,0.1,Platt calibration,27.159271,0.13777884644661642,0.14716482954515783,476,1383,2841,693
2,0.2,0.1,Isotonic calibration,27.159271,0.13777884644661642,0.14716482954515783,476,1383,2841,693
3,0.05,0.5,Multilabel,62.000847,0.03369091947908663,0.038880568091493733,153,418,628,216
3,0.05,0.5,Hoeffding/LTT,73.129656,0.01799751758378155,0.020706304317836946,119,248,336,158
3,0.05,0.5,Hoeffding-Bentkus,62.000847,0.03369091947908663,0.038880568091493733,153,418,628,216
3,0.05,0.5,IID-normal,62.000847,0.03369091947908663,0.038880568091493733,153,418,628,216
3,0.05,0.5,Empirical Bernstein,62.000847,0.03369091947908663,0.038880568091493733,153,418,628,216
3,0.05,0.5,Platt calibration,52.565611,0.05059203656638493,0.05622663881389223,166,502,855,259
3,0.05,0.5,Isotonic calibration,62.000847,0.03369091947908663,0.038880568091493733,153,418,628,216
3,0.05,0.1,Multilabel,62.000847,0.03369091947908663,0.038880568091493733,153,418,628,216
3,0.05,0.1,Hoeffding/LTT,73.129656,0.01799751758378155,0.020706304317836946,119,248,336,158
3,0.05,0.1,Hoeffding-Bentkus,73.129656,0.01799751758378155,0.020706304317836946,119,248,336,158
3,0.05,0.1,IID-normal,62.000847,0.03369091947908663,0.038880568091493733,153,418,628,216
3,0.05,0.1,Empirical Bernstein,73.129656,0.01799751758378155,0.020706304317836946,119,248,336,158
3,0.05,0.1,Platt calibration,52.565611,0.05059203656638493,0.05622663881389223,166,502,855,259
3,0.05,0.1,Isotonic calibration,62.000847,0.03369091947908663,0.038880568091493733,153,418,628,216
3,0.1,0.5,Multilabel,37.784172,0.08370569576610122,0.08329944798078333,251,782,1555,390
3,0.1,0.5,Hoeffding/LTT,37.784172,0.08370569576610122,0.08329944798078333,251,782,1555,390
3,0.1,0.5,Hoeffding-Bentkus,37.784172,0.08370569576610122,0.08329944798078333,251,782,1555,390
3,0.1,0.5,IID-normal,37.784172,0.08370569576610122,0.08329944798078333,251,782,1555,390
3,0.1,0.5,Empirical Bernstein,37.784172,0.08370569576610122,0.08329944798078333,251,782,1555,390
3,0.1,0.5,Platt calibration,37.784172,0.08370569576610122,0.08329944798078333,251,782,1555,390
3,0.1,0.5,Isotonic calibration,37.784172,0.08370569576610122,0.08329944798078333,251,782,1555,390
3,0.1,0.1,Multilabel,37.784172,0.08370569576610122,0.08329944798078333,251,782,1555,390
3,0.1,0.1,Hoeffding/LTT,44.566222,0.0674503024213409,0.0716087276405941,193,579,1101,314
3,0.1,0.1,Hoeffding-Bentkus,37.784172,0.08370569576610122,0.08329944798078333,251,782,1555,390
3,0.1,0.1,IID-normal,37.784172,0.08370569576610122,0.08329944798078333,251,782,1555,390
3,0.1,0.1,Empirical Bernstein,44.566222,0.0674503024213409,0.0716087276405941,193,579,1101,314
3,0.1,0.1,Platt calibration,37.784172,0.08370569576610122,0.08329944798078333,251,782,1555,390
3,0.1,0.1,Isotonic calibration,37.784172,0.08370569576610122,0.08329944798078333,251,782,1555,390
3,0.2,0.5,Multilabel,27.159271,0.14212995665209152,0.14794084381613695,451,1336,2825,689
3,0.2,0.5,Hoeffding/LTT,27.159271,0.14212995665209152,0.14794084381613695,451,1336,2825,689
3,0.2,0.5,Hoeffding-Bentkus,27.159271,0.14212995665209152,0.14794084381613695,451,1336,2825,689
3,0.2,0.5,IID-normal,27.159271,0.14212995665209152,0.14794084381613695,451,1336,2825,689
3,0.2,0.5,Empirical Bernstein,27.159271,0.14212995665209152,0.14794084381613695,451,1336,2825,689
3,0.2,0.5,Platt calibration,27.159271,0.14212995665209152,0.14794084381613695,451,1336,2825,689
3,0.2,0.5,Isotonic calibration,27.159271,0.14212995665209152,0.14794084381613695,451,1336,2825,689
3,0.2,0.1,Multilabel,27.159271,0.14212995665209152,0.14794084381613695,451,1336,2825,689
3,0.2,0.1,Hoeffding/LTT,27.159271,0.14212995665209152,0.14794084381613695,451,1336,2825,689
3,0.2,0.1,Hoeffding-Bentkus,27.159271,0.14212995665209152,0.14794084381613695,451,1336,2825,689
3,0.2,0.1,IID-normal,27.159271,0.14212995665209152,0.14794084381613695,451,1336,2825,689
3,0.2,0.1,Empirical Bernstein,27.159271,0.14212995665209152,0.14794084381613695,451,1336,2825,689
3,0.2,0.1,Platt calibration,27.159271,0.14212995665209152,0.14794084381613695,451,1336,2825,689
3,0.2,0.1,Isotonic calibration,27.159271,0.14212995665209152,0.14794084381613695,451,1336,2825,689
4,0.05,0.5,Multilabel,62.000847,0.039047816064779244,0.039815015535804604,176,462,682,252
4,0.05,0.5,Hoeffding/LTT,73.129656,0.019942076954902774,0.021223617050627676,141,278,371,184
4,0.05,0.5,Hoeffding-Bentkus,62.000847,0.039047816064779244,0.039815015535804604,176,462,682,252
4,0.05,0.5,IID-normal,62.000847,0.039047816064779244,0.039815015535804604,176,462,682,252
4,0.05,0.5,Empirical Bernstein,62.000847,0.039047816064779244,0.039815015535804604,176,462,682,252
4,0.05,0.5,Platt calibration,52.565611,0.06005969619953898,0.05719425996360746,202,564,968,314
4,0.05,0.5,Isotonic calibration,62.000847,0.039047816064779244,0.039815015535804604,176,462,682,252
4,0.05,0.1,Multilabel,62.000847,0.039047816064779244,0.039815015535804604,176,462,682,252
4,0.05,0.1,Hoeffding/LTT,73.129656,0.019942076954902774,0.021223617050627676,141,278,371,184
4,0.05,0.1,Hoeffding-Bentkus,62.000847,0.039047816064779244,0.039815015535804604,176,462,682,252
4,0.05,0.1,IID-normal,62.000847,0.039047816064779244,0.039815015535804604,176,462,682,252
4,0.05,0.1,Empirical Bernstein,73.129656,0.019942076954902774,0.021223617050627676,141,278,371,184
4,0.05,0.1,Platt calibration,52.565611,0.06005969619953898,0.05719425996360746,202,564,968,314
4,0.05,0.1,Isotonic calibration,62.000847,0.039047816064779244,0.039815015535804604,176,462,682,252
4,0.1,0.5,Multilabel,37.784172,0.0879634007788745,0.08503225403832385,307,912,1800,440
4,0.1,0.5,Hoeffding/LTT,37.784172,0.0879634007788745,0.08503225403832385,307,912,1800,440
4,0.1,0.5,Hoeffding-Bentkus,37.784172,0.0879634007788745,0.08503225403832385,307,912,1800,440
4,0.1,0.5,IID-normal,37.784172,0.0879634007788745,0.08503225403832385,307,912,1800,440
4,0.1,0.5,Empirical Bernstein,37.784172,0.0879634007788745,0.08503225403832385,307,912,1800,440
4,0.1,0.5,Platt calibration,37.784172,0.0879634007788745,0.08503225403832385,307,912,1800,440
4,0.1,0.5,Isotonic calibration,37.784172,0.0879634007788745,0.08503225403832385,307,912,1800,440
4,0.1,0.1,Multilabel,37.784172,0.0879634007788745,0.08503225403832385,307,912,1800,440
4,0.1,0.1,Hoeffding/LTT,44.566222,0.07532310814271923,0.07387800616176944,243,682,1293,370
4,0.1,0.1,Hoeffding-Bentkus,37.784172,0.0879634007788745,0.08503225403832385,307,912,1800,440
4,0.1,0.1,IID-normal,37.784172,0.0879634007788745,0.08503225403832385,307,912,1800,440
4,0.1,0.1,Empirical Bernstein,44.566222,0.07532310814271923,0.07387800616176944,243,682,1293,370
4,0.1,0.1,Platt calibration,37.784172,0.0879634007788745,0.08503225403832385,307,912,1800,440
4,0.1,0.1,Isotonic calibration,37.784172,0.0879634007788745,0.08503225403832385,307,912,1800,440
4,0.2,0.5,Multilabel,27.159271,0.1538555661228396,0.14861426414054366,510,1492,3115,754
4,0.2,0.5,Hoeffding/LTT,27.159271,0.1538555661228396,0.14861426414054366,510,1492,3115,754
4,0.2,0.5,Hoeffding-Bentkus,27.159271,0.1538555661228396,0.14861426414054366,510,1492,3115,754
4,0.2,0.5,IID-normal,27.159271,0.1538555661228396,0.14861426414054366,510,1492,3115,754
4,0.2,0.5,Empirical Bernstein,27.159271,0.1538555661228396,0.14861426414054366,510,1492,3115,754
4,0.2,0.5,Platt calibration,27.159271,0.1538555661228396,0.14861426414054366,510,1492,3115,754
4,0.2,0.5,Isotonic calibration,27.159271,0.1538555661228396,0.14861426414054366,510,1492,3115,754
4,0.2,0.1,Multilabel,27.159271,0.1538555661228396,0.14861426414054366,510,1492,3115,754
4,0.2,0.1,Hoeffding/LTT,27.159271,0.1538555661228396,0.14861426414054366,510,1492,3115,754
4,0.2,0.1,Hoeffding-Bentkus,27.159271,0.1538555661228396,0.14861426414054366,510,1492,3115,754
4,0.2,0.1,IID-normal,27.159271,0.1538555661228396,0.14861426414054366,510,1492,3115,754
4,0.2,0.1,Empirical Bernstein,27.159271,0.1538555661228396,0.14861426414054366,510,1492,3115,754
4,0.2,0.1,Platt calibration,27.159271,0.1538555661228396,0.14861426414054366,510,1492,3115,754
4,0.2,0.1,Isotonic calibration,27.159271,0.1538555661228396,0.14861426414054366,510,1492,3115,754
5,0.05,0.5,Multilabel,62.000847,0.03834840514608822,0.03891275643931182,150,387,638,225
5,0.05,0.5,Hoeffding/LTT,73.129656,0.020790235829540753,0.020271761622292727,115,220,334,160
5,0.05,0.5,Hoeffding-Bentkus,62.000847,0.03834840514608822,0.03891275643931182,150,387,638,225
5,0.05,0.5,IID-normal,62.000847,0.03834840514608822,0.03891275643931182,150,387,638,225
5,0.05,0.5,Empirical Bernstein,62.000847,0.03834840514608822,0.03891275643931182,150,387,638,225
5,0.05,0.5,Platt calibration,52.565611,0.06017396615245189,0.05654622312437183,164,478,924,279
5,0.05,0.5,Isotonic calibration,62.000847,0.03834840514608822,0.03891275643931182,150,387,638,225
5,0.05,0.1,Multilabel,62.000847,0.03834840514608822,0.03891275643931182,150,387,638,225
5,0.05,0.1,Hoeffding/LTT,73.129656,0.020790235829540753,0.020271761622292727,115,220,334,160
5,0.05,0.1,Hoeffding-Bentkus,62.000847,0.03834840514608822,0.03891275643931182,150,387,638,225
5,0.05,0.1,IID-normal,62.000847,0.03834840514608822,0.03891275643931182,150,387,638,225
5,0.05,0.1,Empirical Bernstein,73.129656,0.020790235829540753,0.020271761622292727,115,220,334,160
5,0.05,0.1,Platt calibration,52.565611,0.06017396615245189,0.05654622312437183,164,478,924,279
5,0.05,0.1,Isotonic calibration,62.000847,0.03834840514608822,0.03891275643931182,150,387,638,225
5,0.1,0.5,Multilabel,37.784172,0.0866739234654005,0.08412599876939786,256,766,1625,400
5,0.1,0.5,Hoeffding/LTT,37.784172,0.0866739234654005,0.08412599876939786,256,766,1625,400
5,0.1,0.5,Hoeffding-Bentkus,37.784172,0.0866739234654005,0.08412599876939786,256,766,1625,400
5,0.1,0.5,IID-normal,37.784172,0.0866739234654005,0.08412599876939786,256,766,1625,400
5,0.1,0.5,Empirical Bernstein,37.784172,0.0866739234654005,0.08412599876939786,256,766,1625,400
5,0.1,0.5,Platt calibration,37.784172,0.0866739234654005,0.08412599876939786,256,766,1625,400
5,0.1,0.5,Isotonic calibration,37.784172,0.0866739234654005,0.08412599876939786,256,766,1625,400
5,0.1,0.1,Multilabel,37.784172,0.0866739234654005,0.08412599876939786,256,766,1625,400
5,0.1,0.1,Hoeffding/LTT,44.566222,0.0745690249620742,0.07223640042304685,193,561,1177,332
5,0.1,0.1,Hoeffding-Bentkus,37.784172,0.0866739234654005,0.08412599876939786,256,766,1625,400
5,0.1,0.1,IID-normal,37.784172,0.0866739234654005,0.08412599876939786,256,766,1625,400
5,0.1,0.1,Empirical Bernstein,44.566222,0.0745690249620742,0.07223640042304685,193,561,1177,332
5,0.1,0.1,Platt calibration,37.784172,0.0866739234654005,0.08412599876939786,256,766,1625,400
5,0.1,0.1,Isotonic calibration,37.784172,0.0866739234654005,0.08412599876939786,256,766,1625,400
5,0.2,0.5,Multilabel,27.159271,0.14971207136080947,0.14721638204532397,453,1284,2816,700
5,0.2,0.5,Hoeffding/LTT,27.159271,0.14971207136080947,0.14721638204532397,453,1284,2816,700
5,0.2,0.5,Hoeffding-Bentkus,27.159271,0.14971207136080947,0.14721638204532397,453,1284,2816,700
5,0.2,0.5,IID-normal,27.159271,0.14971207136080947,0.14721638204532397,453,1284,2816,700
5,0.2,0.5,Empirical Bernstein,27.159271,0.14971207136080947,0.14721638204532397,453,1284,2816,700
5,0.2,0.5,Platt calibration,27.159271,0.14971207136080947,0.14721638204532397,453,1284,2816,700
5,0.2,0.5,Isotonic calibration,27.159271,0.14971207136080947,0.14721638204532397,453,1284,2816,700
5,0.2,0.1,Multilabel,27.159271,0.14971207136080947,0.14721638204532397,453,1284,2816,700
5,0.2,0.1,Hoeffding/LTT,27.159271,0.14971207136080947,0.14721638204532397,453,1284,2816,700
5,0.2,0.1,Hoeffding-Bentkus,27.159271,0.14971207136080947,0.14721638204532397,453,1284,2816,700
5,0.2,0.1,IID-normal,27.159271,0.14971207136080947,0.14721638204532397,453,1284,2816,700
5,0.2,0.1,Empirical Bernstein,27.159271,0.14971207136080947,0.14721638204532397,453,1284,2816,700
5,0.2,0.1,Platt calibration,27.159271,0.14971207136080947,0.14721638204532397,453,1284,2816,700
5,0.2,0.1,Isotonic calibration,27.159271,0.14971207136080947,0.14721638204532397,453,1284,2816,700
6,0.05,0.5,Multilabel,62.000847,0.04015997793407806,0.03879681269666095,163,399,651,239
6,0.05,0.5,Hoeffding/LTT,62.000847,0.04015997793407806,0.03879681269666095,163,399,651,239
6,0.05,0.5,Hoeffding-Bentkus,62.000847,0.04015997793407806,0.03879681269666095,163,399,651,239
6,0.05,0.5,IID-normal,62.000847,0.04015997793407806,0.03879681269666095,163,399,651,239
6,0.05,0.5,Empirical Bernstein,62.000847,0.04015997793407806,0.03879681269666095,163,399,651,239
6,0.05,0.5,Platt calibration,52.565611,0.056967511870283906,0.05588192788496279,181,490,907,286
6,0.05,0.5,Isotonic calibration,62.000847,0.04015997793407806,0.03879681269666095,163,399,651,239
6,0.05,0.1,Multilabel,62.000847,0.04015997793407806,0.03879681269666095,163,399,651,239
6,0.05,0.1,Hoeffding/LTT,73.129656,0.021597021100537857,0.021534004690302113,134,257,355,179
6,0.05,0.1,Hoeffding-Bentkus,62.000847,0.04015997793407806,0.03879681269666095,163,399,651,239
6,0.05,0.1,IID-normal,62.000847,0.04015997793407806,0.03879681269666095,163,399,651,239
6,0.05,0.1,Empirical Bernstein,62.000847,0.04015997793407806,0.03879681269666095,163,399,651,239
6,0.05,0.1,Platt calibration,52.565611,0.056967511870283906,0.05588192788496279,181,490,907,286
6,0.05,0.1,Isotonic calibration,62.000847,0.04015997793407806,0.03879681269666095,163,399,651,239
6,0.1,0.5,Multilabel,37.784172,0.0884158835234549,0.08355755692629745,273,800,1683,416
6,0.1,0.5,Hoeffding/LTT,37.784172,0.0884158835234549,0.08355755692629745,273,800,1683,416
6,0.1,0.5,Hoeffding-Bentkus,37.784172,0.0884158835234549,0.08355755692629745,273,800,1683,416
6,0.1,0.5,IID-normal,37.784172,0.0884158835234549,0.08355755692629745,273,800,1683,416
6,0.1,0.5,Empirical Bernstein,37.784172,0.0884158835234549,0.08355755692629745,273,800,1683,416
6,0.1,0.5,Platt calibration,37.784172,0.0884158835234549,0.08355755692629745,273,800,1683,416
6,0.1,0.5,Isotonic calibration,37.784172,0.0884158835234549,0.08355755692629745,273,800,1683,416
6,0.1,0.1,Multilabel,37.784172,0.0884158835234549,0.08355755692629745,273,800,1683,416
6,0.1,0.1,Hoeffding/LTT,44.566222,0.07277321354689993,0.07203817932194259,219,586,1191,344
6,0.1,0.1,Hoeffding-Bentkus,37.784172,0.0884158835234549,0.08355755692629745,273,800,1683,416
6,0.1,0.1,IID-normal,37.784172,0.0884158835234549,0.08355755692629745,273,800,1683,416
6,0.1,0.1,Empirical Bernstein,37.784172,0.0884158835234549,0.08355755692629745,273,800,1683,416
6,0.1,0.1,Platt calibration,37.784172,0.0884158835234549,0.08355755692629745,273,800,1683,416
6,0.1,0.1,Isotonic calibration,37.784172,0.0884158835234549,0.08355755692629745,273,800,1683,416
6,0.2,0.5,Multilabel,27.159271,0.14843074339350715,0.14536087906207926,486,1388,3028,717
6,0.2,0.5,Hoeffding/LTT,27.159271,0.14843074339350715,0.14536087906207926,486,1388,3028,717
6,0.2,0.5,Hoeffding-Bentkus,27.159271,0.14843074339350715,0.14536087906207926,486,1388,3028,717
6,0.2,0.5,IID-normal,27.159271,0.14843074339350715,0.14536087906207926,486,1388,3028,717
6,0.2,0.5,Empirical Bernstein,27.159271,0.14843074339350715,0.14536087906207926,486,1388,3028,717
6,0.2,0.5,Platt calibration,27.159271,0.14843074339350715,0.14536087906207926,486,1388,3028,717
6,0.2,0.5,Isotonic calibration,27.159271,0.14843074339350715,0.14536087906207926,486,1388,3028,717
6,0.2,0.1,Multilabel,27.159271,0.14843074339350715,0.14536087906207926,486,1388,3028,717
6,0.2,0.1,Hoeffding/LTT,27.159271,0.14843074339350715,0.14536087906207926,486,1388,3028,717
6,0.2,0.1,Hoeffding-Bentkus,27.159271,0.14843074339350715,0.14536087906207926,486,1388,3028,717
6,0.2,0.1,IID-normal,27.159271,0.14843074339350715,0.14536087906207926,486,1388,3028,717
6,0.2,0.1,Empirical Bernstein,27.159271,0.14843074339350715,0.14536087906207926,486,1388,3028,717
6,0.2,0.1,Platt calibration,27.159271,0.14843074339350715,0.14536087906207926,486,1388,3028,717
6,0.2,0.1,Isotonic calibration,27.159271,0.14843074339350715,0.14536087906207926,486,1388,3028,717
7,0.05,0.5,Multilabel,62.000847,0.039038950292570485,0.03860762404009749,158,408,666,236
7,0.05,0.5,Hoeffding/LTT,73.129656,0.022238311956971454,0.020809766864395087,128,259,379,177
7,0.05,0.5,Hoeffding-Bentkus,62.000847,0.039038950292570485,0.03860762404009749,158,408,666,236
7,0.05,0.5,IID-normal,62.000847,0.039038950292570485,0.03860762404009749,158,408,666,236
7,0.05,0.5,Empirical Bernstein,62.000847,0.039038950292570485,0.03860762404009749,158,408,666,236
7,0.05,0.5,Platt calibration,52.565611,0.05524755206178457,0.055209257106070456,177,487,904,282
7,0.05,0.5,Isotonic calibration,62.000847,0.039038950292570485,0.03860762404009749,158,408,666,236
7,0.05,0.1,Multilabel,62.000847,0.039038950292570485,0.03860762404009749,158,408,666,236
7,0.05,0.1,Hoeffding/LTT,73.129656,0.022238311956971454,0.020809766864395087,128,259,379,177
7,0.05,0.1,Hoeffding-Bentkus,62.000847,0.039038950292570485,0.03860762404009749,158,408,666,236
7,0.05,0.1,IID-normal,62.000847,0.039038950292570485,0.03860762404009749,158,408,666,236
7,0.05,0.1,Empirical Bernstein,73.129656,0.022238311956971454,0.020809766864395087,128,259,379,177
7,0.05,0.1,Platt calibration,52.565611,0.05524755206178457,0.055209257106070456,177,487,904,282
7,0.05,0.1,Isotonic calibration,62.000847,0.039038950292570485,0.03860762404009749,158,408,666,236
7,0.1,0.5,Multilabel,37.784172,0.08197457165185755,0.08306006082940834,264,788,1597,395
7,0.1,0.5,Hoeffding/LTT,37.784172,0.08197457165185755,0.08306006082940834,264,788,1597,395
7,0.1,0.5,Hoeffding-Bentkus,37.784172,0.08197457165185755,0.08306006082940834,264,788,1597,395
7,0.1,0.5,IID-normal,37.784172,0.08197457165185755,0.08306006082940834,264,788,1597,395
7,0.1,0.5,Empirical Bernstein,37.784172,0.08197457165185755,0.08306006082940834,264,788,1597,395
7,0.1,0.5,Platt calibration,37.784172,0.08197457165185755,0.08306006082940834,264,788,1597,395
7,0.1,0.5,Isotonic calibration,37.784172,0.08197457165185755,0.08306006082940834,264,788,1597,395
7,0.1,0.1,Multilabel,37.784172,0.08197457165185755,0.08306006082940834,264,788,1597,395
7,0.1,0.1,Hoeffding/LTT,44.566222,0.07213438540496876,0.0717364956742802,206,577,1159,334
7,0.1,0.1,Hoeffding-Bentkus,37.784172,0.08197457165185755,0.08306006082940834,264,788,1597,395
7,0.1,0.1,IID-normal,37.784172,0.08197457165185755,0.08306006082940834,264,788,1597,395
7,0.1,0.1,Empirical Bernstein,44.566222,0.07213438540496876,0.0717364956742802,206,577,1159,334
7,0.1,0.1,Platt calibration,37.784172,0.08197457165185755,0.08306006082940834,264,788,1597,395
7,0.1,0.1,Isotonic calibration,37.784172,0.08197457165185755,0.08306006082940834,264,788,1597,395
7,0.2,0.5,Multilabel,27.159271,0.14250082538249687,0.14587246875838408,469,1311,2793,692
7,0.2,0.5,Hoeffding/LTT,27.159271,0.14250082538249687,0.14587246875838408,469,1311,2793,692
7,0.2,0.5,Hoeffding-Bentkus,27.159271,0.14250082538249687,0.14587246875838408,469,1311,2793,692
7,0.2,0.5,IID-normal,27.159271,0.14250082538249687,0.14587246875838408,469,1311,2793,692
7,0.2,0.5,Empirical Bernstein,27.159271,0.14250082538249687,0.14587246875838408,469,1311,2793,692
7,0.2,0.5,Platt calibration,27.159271,0.14250082538249687,0.14587246875838408,469,1311,2793,692
7,0.2,0.5,Isotonic calibration,27.159271,0.14250082538249687,0.14587246875838408,469,1311,2793,692
7,0.2,0.1,Multilabel,27.159271,0.14250082538249687,0.14587246875838408,469,1311,2793,692
7,0.2,0.1,Hoeffding/LTT,27.159271,0.14250082538249687,0.14587246875838408,469,1311,2793,692
7,0.2,0.1,Hoeffding-Bentkus,27.159271,0.14250082538249687,0.14587246875838408,469,1311,2793,692
7,0.2,0.1,IID-normal,27.159271,0.14250082538249687,0.14587246875838408,469,1311,2793,692
7,0.2,0.1,Empirical Bernstein,27.159271,0.14250082538249687,0.14587246875838408,469,1311,2793,692
7,0.2,0.1,Platt calibration,27.159271,0.14250082538249687,0.14587246875838408,469,1311,2793,692
7,0.2,0.1,Isotonic calibration,27.159271,0.14250082538249687,0.14587246875838408,469,1311,2793,692
8,0.05,0.5,Multilabel,62.000847,0.036304352109068704,0.03883392783241038,158,396,638,226
8,0.05,0.5,Hoeffding/LTT,73.129656,0.02054199420769549,0.02077527934887571,128,237,341,170
8,0.05,0.5,Hoeffding-Bentkus,62.000847,0.036304352109068704,0.03883392783241038,158,396,638,226
8,0.05,0.5,IID-normal,62.000847,0.036304352109068704,0.03883392783241038,158,396,638,226
8,0.05,0.5,Empirical Bernstein,62.000847,0.036304352109068704,0.03883392783241038,158,396,638,226
8,0.05,0.5,Platt calibration,52.565611,0.05171503437949445,0.056514199002818115,170,489,864,268
8,0.05,0.5,Isotonic calibration,62.000847,0.036304352109068704,0.03883392783241038,158,396,638,226
8,0.05,0.1,Multilabel,62.000847,0.036304352109068704,0.03883392783241038,158,396,638,226
8,0.05,0.1,Hoeffding/LTT,73.129656,0.02054199420769549,0.02077527934887571,128,237,341,170
8,0.05,0.1,Hoeffding-Bentkus,62.000847,0.036304352109068704,0.03883392783241038,158,396,638,226
8,0.05,0.1,IID-normal,62.000847,0.036304352109068704,0.03883392783241038,158,396,638,226
8,0.05,0.1,Empirical Bernstein,73.129656,0.02054199420769549,0.02077527934887571,128,237,341,170
8,0.05,0.1,Platt calibration,52.565611,0.05171503437949445,0.056514199002818115,170,489,864,268
8,0.05,0.1,Isotonic calibration,62.000847,0.036304352109068704,0.03883392783241038,158,396,638,226
8,0.1,0.5,Multilabel,37.784172,0.07289208056688404,0.08349093580504809,257,784,1528,371
8,0.1,0.5,Hoeffding/LTT,44.566222,0.061267411391532196,0.0721927162367223,198,583,1118,307
8,0.1,0.5,Hoeffding-Bentkus,37.784172,0.07289208056688404,0.08349093580504809,257,784,1528,371
8,0.1,0.5,IID-normal,37.784172,0.07289208056688404,0.08349093580504809,257,784,1528,371
8,0.1,0.5,Empirical Bernstein,44.566222,0.061267411391532196,0.0721927162367223,198,583,1118,307
8,0.1,0.5,Platt calibration,37.784172,0.07289208056688404,0.08349093580504809,257,784,1528,371
8,0.1,0.5,Isotonic calibration,37.784172,0.07289208056688404,0.08349093580504809,257,784,1528,371
8,0.1,0.1,Multilabel,44.566222,0.061267411391532196,0.0721927162367223,198,583,1118,307
8,0.1,0.1,Hoeffding/LTT,44.566222,0.061267411391532196,0.0721927162367223,198,583,1118,307
8,0.1,0.1,Hoeffding-Bentkus,44.566222,0.061267411391532196,0.0721927162367223,198,583,1118,307
8,0.1,0.1,IID-normal,44.566222,0.061267411391532196,0.0721927162367223,198,583,1118,307
8,0.1,0.1,Empirical Bernstein,44.566222,0.061267411391532196,0.0721927162367223,198,583,1118,307
8,0.1,0.1,Platt calibration,37.784172,0.07289208056688404,0.08349093580504809,257,784,1528,371
8,0.1,0.1,Isotonic calibration,37.784172,0.07289208056688404,0.08349093580504809,257,784,1528,371
8,0.2,0.5,Multilabel,27.159271,0.13194445764780893,0.14716754214960862,447,1309,2662,662
8,0.2,0.5,Hoeffding/LTT,27.159271,0.13194445764780893,0.14716754214960862,447,1309,2662,662
8,0.2,0.5,Hoeffding-Bentkus,27.159271,0.13194445764780893,0.14716754214960862,447,1309,2662,662
8,0.2,0.5,IID-normal,27.159271,0.13194445764780893,0.14716754214960862,447,1309,2662,662
8,0.2,0.5,Empirical Bernstein,27.159271,0.13194445764780893,0.14716754214960862,447,1309,2662,662
8,0.2,0.5,Platt calibration,27.159271,0.13194445764780893,0.14716754214960862,447,1309,2662,662
8,0.2,0.5,Isotonic calibration,27.159271,0.13194445764780893,0.14716754214960862,447,1309,2662,662
8,0.2,0.1,Multilabel,27.159271,0.13194445764780893,0.14716754214960862,447,1309,2662,662
8,0.2,0.1,Hoeffding/LTT,27.159271,0.13194445764780893,0.14716754214960862,447,1309,2662,662
8,0.2,0.1,Hoeffding-Bentkus,27.159271,0.13194445764780893,0.14716754214960862,447,1309,2662,662
8,0.2,0.1,IID-normal,27.159271,0.13194445764780893,0.14716754214960862,447,1309,2662,662
8,0.2,0.1,Empirical Bernstein,27.159271,0.13194445764780893,0.14716754214960862,447,1309,2662,662
8,0.2,0.1,Platt calibration,27.159271,0.13194445764780893,0.14716754214960862,447,1309,2662,662
8,0.2,0.1,Isotonic calibration,27.159271,0.13194445764780893,0.14716754214960862,447,1309,2662,662
9,0.05,0.5,Multilabel,62.000847,0.036286620564651186,0.03825486602421352,161,440,665,231
9,0.05,0.5,Hoeffding/LTT,73.129656,0.019590401323955314,0.02049937922472065,133,276,368,177
9,0.05,0.5,Hoeffding-Bentkus,62.000847,0.036286620564651186,0.03825486602421352,161,440,665,231
9,0.05,0.5,IID-normal,62.000847,0.036286620564651186,0.03825486602421352,161,440,665,231
9,0.05,0.5,Empirical Bernstein,62.000847,0.036286620564651186,0.03825486602421352,161,440,665,231
9,0.05,0.5,Platt calibration,52.565611,0.05153476367791634,0.054158537466579955,181,526,922,274
9,0.05,0.5,Isotonic calibration,62.000847,0.036286620564651186,0.03825486602421352,161,440,665,231
9,0.05,0.1,Multilabel,62.000847,0.036286620564651186,0.03825486602421352,161,440,665,231
9,0.05,0.1,Hoeffding/LTT,73.129656,0.019590401323955314,0.02049937922472065,133,276,368,177
9,0.05,0.1,Hoeffding-Bentkus,62.000847,0.036286620564651186,0.03825486602421352,161,440,665,231
9,0.05,0.1,IID-normal,62.000847,0.036286620564651186,0.03825486602421352,161,440,665,231
9,0.05,0.1,Empirical Bernstein,73.129656,0.019590401323955314,0.02049937922472065,133,276,368,177
9,0.05,0.1,Platt calibration,52.565611,0.05153476367791634,0.054158537466579955,181,526,922,274
9,0.05,0.1,Isotonic calibration,62.000847,0.036286620564651186,0.03825486602421352,161,440,665,231
9,0.1,0.5,Multilabel,37.784172,0.08274934163432301,0.08213064965720503,266,809,1618,404
9,0.1,0.5,Hoeffding/LTT,37.784172,0.08274934163432301,0.08213064965720503,266,809,1618,404
9,0.1,0.5,Hoeffding-Bentkus,37.784172,0.08274934163432301,0.08213064965720503,266,809,1618,404
9,0.1,0.5,IID-normal,37.784172,0.08274934163432301,0.08213064965720503,266,809,1618,404
9,0.1,0.5,Empirical Bernstein,37.784172,0.08274934163432301,0.08213064965720503,266,809,1618,404
9,0.1,0.5,Platt calibration,37.784172,0.08274934163432301,0.08213064965720503,266,809,1618,404
9,0.1,0.5,Isotonic calibration,37.784172,0.08274934163432301,0.08213064965720503,266,809,1618,404
9,0.1,0.1,Multilabel,37.784172,0.08274934163432301,0.08213064965720503,266,809,1618,404
9,0.1,0.1,Hoeffding/LTT,44.566222,0.07201716019465296,0.07036044380505685,209,614,1182,343
9,0.1,0.1,Hoeffding-Bentkus,37.784172,0.08274934163432301,0.08213064965720503,266,809,1618,404
9,0.1,0.1,IID-normal,37.784172,0.08274934163432301,0.08213064965720503,266,809,1618,404
9,0.1,0.1,Empirical Bernstein,37.784172,0.08274934163432301,0.08213064965720503,266,809,1618,404
9,0.1,0.1,Platt calibration,37.784172,0.08274934163432301,0.08213064965720503,266,809,1618,404
9,0.1,0.1,Isotonic calibration,37.784172,0.08274934163432301,0.08213064965720503,266,809,1618,404
9,0.2,0.5,Multilabel,27.159271,0.14806084941583492,0.14688057378773342,472,1343,2849,714
9,0.2,0.5,Hoeffding/LTT,27.159271,0.14806084941583492,0.14688057378773342,472,1343,2849,714
9,0.2,0.5,Hoeffding-Bentkus,27.159271,0.14806084941583492,0.14688057378773342,472,1343,2849,714
9,0.2,0.5,IID-normal,27.159271,0.14806084941583492,0.14688057378773342,472,1343,2849,714
9,0.2,0.5,Empirical Bernstein,27.159271,0.14806084941583492,0.14688057378773342,472,1343,2849,714
9,0.2,0.5,Platt calibration,27.159271,0.14806084941583492,0.14688057378773342,472,1343,2849,714
9,0.2,0.5,Isotonic calibration,27.159271,0.14806084941583492,0.14688057378773342,472,1343,2849,714
9,0.2,0.1,Multilabel,27.159271,0.14806084941583492,0.14688057378773342,472,1343,2849,714
9,0.2,0.1,Hoeffding/LTT,27.159271,0.14806084941583492,0.14688057378773342,472,1343,2849,714
9,0.2,0.1,Hoeffding-Bentkus,27.159271,0.14806084941583492,0.14688057378773342,472,1343,2849,714
9,0.2,0.1,IID-normal,27.159271,0.14806084941583492,0.14688057378773342,472,1343,2849,714
9,0.2,0.1,Empirical Bernstein,27.159271,0.14806084941583492,0.14688057378773342,472,1343,2849,714
9,0.2,0.1,Platt calibration,27.159271,0.14806084941583492,0.14688057378773342,472,1343,2849,714
9,0.2,0.1,Isotonic calibration,27.159271,0.14806084941583492,0.14688057378773342,472,1343,2849,714
10,0.05,0.5,Multilabel,62.000847,0.0372697361940225,0.037917873729709846,161,406,660,229
10,0.05,0.5,Hoeffding/LTT,62.000847,0.0372697361940225,0.037917873729709846,161,406,660,229
10,0.05,0.5,Hoeffding-Bentkus,62.000847,0.0372697361940225,0.037917873729709846,161,406,660,229
10,0.05,0.5,IID-normal,62.000847,0.0372697361940225,0.037917873729709846,161,406,660,229
10,0.05,0.5,Empirical Bernstein,62.000847,0.0372697361940225,0.037917873729709846,161,406,660,229
10,0.05,0.5,Platt calibration,52.565611,0.05460773883405244,0.055358374554125685,169,480,899,269
10,0.05,0.5,Isotonic calibration,62.000847,0.0372697361940225,0.037917873729709846,161,406,660,229
10,0.05,0.1,Multilabel,62.000847,0.0372697361940225,0.037917873729709846,161,406,660,229
10,0.05,0.1,Hoeffding/LTT,73.129656,0.02172114191146049,0.020333839150227618,134,267,374,178
10,0.05,0.1,Hoeffding-Bentkus,62.000847,0.0372697361940225,0.037917873729709846,161,406,660,229
10,0.05,0.1,IID-normal,62.000847,0.0372697361940225,0.037917873729709846,161,406,660,229
10,0.05,0.1,Empirical Bernstein,62.000847,0.0372697361940225,0.037917873729709846,161,406,660,229
10,0.05,0.1,Platt calibration,52.565611,0.05460773883405244,0.055358374554125685,169,480,899,269
10,0.05,0.1,Isotonic calibration,62.000847,0.0372697361940225,0.037917873729709846,161,406,660,229
10,0.1,0.5,Multilabel,37.784172,0.08078196110881258,0.0831814787808718,254,775,1598,384
10,0.1,0.5,Hoeffding/LTT,37.784172,0.08078196110881258,0.0831814787808718,254,775,1598,384
10,0.1,0.5,Hoeffding-Bentkus,37.784172,0.08078196110881258,0.0831814787808718,254,775,1598,384
10,0.1,0.5,IID-normal,37.784172,0.08078196110881258,0.0831814787808718,254,775,1598,384
10,0.1,0.5,Empirical Bernstein,37.784172,0.08078196110881258,0.0831814787808718,254,775,1598,384
10,0.1,0.5,Platt calibration,37.784172,0.08078196110881258,0.0831814787808718,254,775,1598,384
10,0.1,0.5,Isotonic calibration,37.784172,0.08078196110881258,0.0831814787808718,254,775,1598,384
10,0.1,0.1,Multilabel,37.784172,0.08078196110881258,0.0831814787808718,254,775,1598,384
10,0.1,0.1,Hoeffding/LTT,44.566222,0.06941505605138207,0.07158984162019064,199,570,1142,324
10,0.1,0.1,Hoeffding-Bentkus,37.784172,0.08078196110881258,0.0831814787808718,254,775,1598,384
10,0.1,0.1,IID-normal,37.784172,0.08078196110881258,0.0831814787808718,254,775,1598,384
10,0.1,0.1,Empirical Bernstein,44.566222,0.06941505605138207,0.07158984162019064,199,570,1142,324
10,0.1,0.1,Platt calibration,37.784172,0.08078196110881258,0.0831814787808718,254,775,1598,384
10,0.1,0.1,Isotonic calibration,37.784172,0.08078196110881258,0.0831814787808718,254,775,1598,384
10,0.2,0.5,Multilabel,27.159271,0.14485959955550357,0.14561884368754283,482,1333,2872,716
10,0.2,0.5,Hoeffding/LTT,27.159271,0.14485959955550357,0.14561884368754283,482,1333,2872,716
10,0.2,0.5,Hoeffding-Bentkus,27.159271,0.14485959955550357,0.14561884368754283,482,1333,2872,716
10,0.2,0.5,IID-normal,27.159271,0.14485959955550357,0.14561884368754283,482,1333,2872,716
10,0.2,0.5,Empirical Bernstein,27.159271,0.14485959955550357,0.14561884368754283,482,1333,2872,716
10,0.2,0.5,Platt calibration,27.159271,0.14485959955550357,0.14561884368754283,482,1333,2872,716
10,0.2,0.5,Isotonic calibration,27.159271,0.14485959955550357,0.14561884368754283,482,1333,2872,716
10,0.2,0.1,Multilabel,27.159271,0.14485959955550357,0.14561884368754283,482,1333,2872,716
10,0.2,0.1,Hoeffding/LTT,27.159271,0.14485959955550357,0.14561884368754283,482,1333,2872,716
10,0.2,0.1,Hoeffding-Bentkus,27.159271,0.14485959955550357,0.14561884368754283,482,1333,2872,716
10,0.2,0.1,IID-normal,27.159271,0.14485959955550357,0.14561884368754283,482,1333,2872,716
10,0.2,0.1,Empirical Bernstein,27.159271,0.14485959955550357,0.14561884368754283,482,1333,2872,716
10,0.2,0.1,Platt calibration,27.159271,0.14485959955550357,0.14561884368754283,482,1333,2872,716
10,0.2,0.1,Isotonic calibration,27.159271,0.14485959955550357,0.14561884368754283,482,1333,2872,716
11,0.05,0.5,Multilabel,62.000847,0.044789881198652404,0.03773262650349145,156,417,696,243
11,0.05,0.5,Hoeffding/LTT,62.000847,0.044789881198652404,0.03773262650349145,156,417,696,243
11,0.05,0.5,Hoeffding-Bentkus,62.000847,0.044789881198652404,0.03773262650349145,156,417,696,243
11,0.05,0.5,IID-normal,62.000847,0.044789881198652404,0.03773262650349145,156,417,696,243
11,0.05,0.5,Empirical Bernstein,62.000847,0.044789881198652404,0.03773262650349145,156,417,696,243
11,0.05,0.5,Platt calibration,52.565611,0.06424828102527731,0.05517559072187297,175,507,960,298
11,0.05,0.5,Isotonic calibration,62.000847,0.044789881198652404,0.03773262650349145,156,417,696,243
11,0.05,0.1,Multilabel,62.000847,0.044789881198652404,0.03773262650349145,156,417,696,243
11,0.05,0.1,Hoeffding/LTT,73.129656,0.02399669011170873,0.020685611808525312,126,234,346,176
11,0.05,0.1,Hoeffding-Bentkus,62.000847,0.044789881198652404,0.03773262650349145,156,417,696,243
11,0.05,0.1,IID-normal,62.000847,0.044789881198652404,0.03773262650349145,156,417,696,243
11,0.05,0.1,Empirical Bernstein,62.000847,0.044789881198652404,0.03773262650349145,156,417,696,243
11,0.05,0.1,Platt calibration,52.565611,0.06424828102527731,0.05517559072187297,175,507,960,298
11,0.05,0.1,Isotonic calibration,62.000847,0.044789881198652404,0.03773262650349145,156,417,696,243
11,0.1,0.5,Multilabel,37.784172,0.08516657800894457,0.08199155001127688,279,843,1704,416
11,0.1,0.5,Hoeffding/LTT,37.784172,0.08516657800894457,0.08199155001127688,279,843,1704,416
11,0.1,0.5,Hoeffding-Bentkus,37.784172,0.08516657800894457,0.08199155001127688,279,843,1704,416
11,0.1,0.5,IID-normal,37.784172,0.08516657800894457,0.08199155001127688,279,843,1704,416
11,0.1,0.5,Empirical Bernstein,37.784172,0.08516657800894457,0.08199155001127688,279,843,1704,416
11,0.1,0.5,Platt calibration,37.784172,0.08516657800894457,0.08199155001127688,279,843,1704,416
11,0.1,0.5,Isotonic calibration,37.784172,0.08516657800894457,0.08199155001127688,279,843,1704,416
11,0.1,0.1,Multilabel,37.784172,0.08516657800894457,0.08199155001127688,279,843,1704,416
11,0.1,0.1,Hoeffding/LTT,44.566222,0.07618407313276987,0.07015286180688304,214,607,1232,351
11,0.1,0.1,Hoeffding-Bentkus,37.784172,0.08516657800894457,0.08199155001127688,279,843,1704,416
11,0.1,0.1,IID-normal,37.784172,0.08516657800894457,0.08199155001127688,279,843,1704,416
11,0.1,0.1,Empirical Bernstein,37.784172,0.08516657800894457,0.08199155001127688,279,843,1704,416
11,0.1,0.1,Platt calibration,37.784172,0.08516657800894457,0.08199155001127688,279,843,1704,416
11,0.1,0.1,Isotonic calibration,37.784172,0.08516657800894457,0.08199155001127688,279,843,1704,416
11,0.2,0.5,Multilabel,27.159271,0.1495628515280977,0.14448811102142595,487,1403,2948,721
11,0.2,0.5,Hoeffding/LTT,27.159271,0.1495628515280977,0.14448811102142595,487,1403,2948,721
11,0.2,0.5,Hoeffding-Bentkus,27.159271,0.1495628515280977,0.14448811102142595,487,1403,2948,721
11,0.2,0.5,IID-normal,27.159271,0.1495628515280977,0.14448811102142595,487,1403,2948,721
11,0.2,0.5,Empirical Bernstein,27.159271,0.1495628515280977,0.14448811102142595,487,1403,2948,721
11,0.2,0.5,Platt calibration,27.159271,0.1495628515280977,0.14448811102142595,487,1403,2948,721
11,0.2,0.5,Isotonic calibration,27.159271,0.1495628515280977,0.14448811102142595,487,1403,2948,721
11,0.2,0.1,Multilabel,27.159271,0.1495628515280977,0.14448811102142595,487,1403,2948,721
11,0.2,0.1,Hoeffding/LTT,27.159271,0.1495628515280977,0.14448811102142595,487,1403,2948,721
11,0.2,0.1,Hoeffding-Bentkus,27.159271,0.1495628515280977,0.14448811102142595,487,1403,2948,721
11,0.2,0.1,IID-normal,27.159271,0.1495628515280977,0.14448811102142595,487,1403,2948,721
11,0.2,0.1,Empirical Bernstein,27.159271,0.1495628515280977,0.14448811102142595,487,1403,2948,721
11,0.2,0.1,Platt calibration,27.159271,0.1495628515280977,0.14448811102142595,487,1403,2948,721
11,0.2,0.1,Isotonic calibration,27.159271,0.1495628515280977,0.14448811102142595,487,1403,2948,721
12,0.05,0.5,Multilabel,62.000847,0.03634080028370471,0.0386926932450453,171,439,689,234
12,0.05,0.5,Hoeffding/LTT,73.129656,0.01868018204385602,0.02115464201958891,139,270,368,176
12,0.05,0.5,Hoeffding-Bentkus,62.000847,0.03634080028370471,0.0386926932450453,171,439,689,234
12,0.05,0.5,IID-normal,62.000847,0.03634080028370471,0.0386926932450453,171,439,689,234
12,0.05,0.5,Empirical Bernstein,62.000847,0.03634080028370471,0.0386926932450453,171,439,689,234
12,0.05,0.5,Platt calibration,52.565611,0.05319069290935241,0.05627886276596444,185,536,920,283
12,0.05,0.5,Isotonic calibration,62.000847,0.03634080028370471,0.0386926932450453,171,439,689,234
12,0.05,0.1,Multilabel,62.000847,0.03634080028370471,0.0386926932450453,171,439,689,234
12,0.05,0.1,Hoeffding/LTT,73.129656,0.01868018204385602,0.02115464201958891,139,270,368,176
12,0.05,0.1,Hoeffding-Bentkus,62.000847,0.03634080028370471,0.0386926932450453,171,439,689,234
12,0.05,0.1,IID-normal,62.000847,0.03634080028370471,0.0386926932450453,171,439,689,234
12,0.05,0.1,Empirical Bernstein,73.129656,0.01868018204385602,0.02115464201958891,139,270,368,176
12,0.05,0.1,Platt calibration,52.565611,0.05319069290935241,0.05627886276596444,185,536,920,283
12,0.05,0.1,Isotonic calibration,62.000847,0.03634080028370471,0.0386926932450453,171,439,689,234
12,0.1,0.5,Multilabel,37.784172,0.07966421708664158,0.08362822896206812,288,870,1636,420
12,0.1,0.5,Hoeffding/LTT,44.566222,0.06902840987450007,0.072498012862201,222,647,1193,349
12,0.1,0.5,Hoeffding-Bentkus,37.784172,0.07966421708664158,0.08362822896206812,288,870,1636,420
12,0.1,0.5,IID-normal,37.784172,0.07966421708664158,0.08362822896206812,288,870,1636,420
12,0.1,0.5,Empirical Bernstein,37.784172,0.07966421708664158,0.08362822896206812,288,870,1636,420
12,0.1,0.5,Platt calibration,37.784172,0.07966421708664158,0.08362822896206812,288,870,1636,420
12,0.1,0.5,Isotonic calibration,37.784172,0.07966421708664158,0.08362822896206812,288,870,1636,420
12,0.1,0.1,Multilabel,37.784172,0.07966421708664158,0.08362822896206812,288,870,1636,420
12,0.1,0.1,Hoeffding/LTT,44.566222,0.06902840987450007,0.072498012862201,222,647,1193,349
12,0.1,0.1,Hoeffding-Bentkus,44.566222,0.06902840987450007,0.072498012862201,222,647,1193,349
12,0.1,0.1,IID-normal,37.784172,0.07966421708664158,0.08362822896206812,288,870,1636,420
12,0.1,0.1,Empirical Bernstein,44.566222,0.06902840987450007,0.072498012862201,222,647,1193,349
12,0.1,0.1,Platt calibration,37.784172,0.07966421708664158,0.08362822896206812,288,870,1636,420
12,0.1,0.1,Isotonic calibration,37.784172,0.07966421708664158,0.08362822896206812,288,870,1636,420
12,0.2,0.5,Multilabel,27.159271,0.14488654475208054,0.14767446881531582,495,1416,2888,724
12,0.2,0.5,Hoeffding/LTT,27.159271,0.14488654475208054,0.14767446881531582,495,1416,2888,724
12,0.2,0.5,Hoeffding-Bentkus,27.159271,0.14488654475208054,0.14767446881531582,495,1416,2888,724
12,0.2,0.5,IID-normal,27.159271,0.14488654475208054,0.14767446881531582,495,1416,2888,724
12,0.2,0.5,Empirical Bernstein,27.159271,0.14488654475208054,0.14767446881531582,495,1416,2888,724
12,0.2,0.5,Platt calibration,27.159271,0.14488654475208054,0.14767446881531582,495,1416,2888,724
12,0.2,0.5,Isotonic calibration,27.159271,0.14488654475208054,0.14767446881531582,495,1416,2888,724
12,0.2,0.1,Multilabel,27.159271,0.14488654475208054,0.14767446881531582,495,1416,2888,724
12,0.2,0.1,Hoeffding/LTT,27.159271,0.14488654475208054,0.14767446881531582,495,1416,2888,724
12,0.2,0.1,Hoeffding-Bentkus,27.159271,0.14488654475208054,0.14767446881531582,495,1416,2888,724
12,0.2,0.1,IID-normal,27.159271,0.14488654475208054,0.14767446881531582,495,1416,2888,724
12,0.2,0.1,Empirical Bernstein,27.159271,0.14488654475208054,0.14767446881531582,495,1416,2888,724
12,0.2,0.1,Platt calibration,27.159271,0.14488654475208054,0.14767446881531582,495,1416,2888,724
12,0.2,0.1,Isotonic calibration,27.159271,0.14488654475208054,0.14767446881531582,495,1416,2888,724
13,0.05,0.5,Multilabel,62.000847,0.03687077644462832,0.038394458348934825,153,399,616,228
13,0.05,0.5,Hoeffding/LTT,73.129656,0.018183698800165495,0.020568354255759418,120,255,332,161
13,0.05,0.5,Hoeffding-Bentkus,62.000847,0.03687077644462832,0.038394458348934825,153,399,616,228
13,0.05,0.5,IID-normal,62.000847,0.03687077644462832,0.038394458348934825,153,399,616,228
13,0.05,0.5,Empirical Bernstein,62.000847,0.03687077644462832,0.038394458348934825,153,399,616,228
13,0.05,0.5,Platt calibration,52.565611,0.053017317808381106,0.05601232353887892,177,491,863,280
13,0.05,0.5,Isotonic calibration,62.000847,0.03687077644462832,0.038394458348934825,153,399,616,228
13,0.05,0.1,Multilabel,62.000847,0.03687077644462832,0.038394458348934825,153,399,616,228
13,0.05,0.1,Hoeffding/LTT,73.129656,0.018183698800165495,0.020568354255759418,120,255,332,161
13,0.05,0.1,Hoeffding-Bentkus,62.000847,0.03687077644462832,0.038394458348934825,153,399,616,228
13,0.05,0.1,IID-normal,62.000847,0.03687077644462832,0.038394458348934825,153,399,616,228
13,0.05,0.1,Empirical Bernstein,73.129656,0.018183698800165495,0.020568354255759418,120,255,332,161
13,0.05,0.1,Platt calibration,52.565611,0.053017317808381106,0.05601232353887892,177,491,863,280
13,0.05,0.1,Isotonic calibration,62.000847,0.03687077644462832,0.038394458348934825,153,399,616,228
13,0.1,0.5,Multilabel,37.784172,0.08003017646170316,0.08353040485058695,274,813,1604,403
13,0.1,0.5,Hoeffding/LTT,37.784172,0.08003017646170316,0.08353040485058695,274,813,1604,403
13,0.1,0.5,Hoeffding-Bentkus,37.784172,0.08003017646170316,0.08353040485058695,274,813,1604,403
13,0.1,0.5,IID-normal,37.784172,0.08003017646170316,0.08353040485058695,274,813,1604,403
13,0.1,0.5,Empirical Bernstein,37.784172,0.08003017646170316,0.08353040485058695,274,813,1604,403
13,0.1,0.5,Platt calibration,37.784172,0.08003017646170316,0.08353040485058695,274,813,1604,403
13,0.1,0.5,Isotonic calibration,37.784172,0.08003017646170316,0.08353040485058695,274,813,1604,403
13,0.1,0.1,Multilabel,37.784172,0.08003017646170316,0.08353040485058695,274,813,1604,403
13,0.1,0.1,Hoeffding/LTT,44.566222,0.06755816931654748,0.07180563493158333,212,604,1145,337
13,0.1,0.1,Hoeffding-Bentkus,37.784172,0.08003017646170316,0.08353040485058695,274,813,1604,403
13,0.1,0.1,IID-normal,37.784172,0.08003017646170316,0.08353040485058695,274,813,1604,403
13,0.1,0.1,Empirical Bernstein,44.566222,0.06755816931654748,0.07180563493158333,212,604,1145,337
13,0.1,0.1,Platt calibration,37.784172,0.08003017646170316,0.08353040485058695,274,813,1604,403
13,0.1,0.1,Isotonic calibration,37.784172,0.08003017646170316,0.08353040485058695,274,813,1604,403
13,0.2,0.5,Multilabel,27.159271,0.1475314358330494,0.14659015246337637,477,1412,2901,720
13,0.2,0.5,Hoeffding/LTT,27.159271,0.1475314358330494,0.14659015246337637,477,1412,2901,720
13,0.2,0.5,Hoeffding-Bentkus,27.159271,0.1475314358330494,0.14659015246337637,477,1412,2901,720
13,0.2,0.5,IID-normal,27.159271,0.1475314358330494,0.14659015246337637,477,1412,2901,720
13,0.2,0.5,Empirical Bernstein,27.159271,0.1475314358330494,0.14659015246337637,477,1412,2901,720
13,0.2,0.5,Platt calibration,27.159271,0.1475314358330494,0.14659015246337637,477,1412,2901,720
13,0.2,0.5,Isotonic calibration,27.159271,0.1475314358330494,0.14659015246337637,477,1412,2901,720
13,0.2,0.1,Multilabel,27.159271,0.1475314358330494,0.14659015246337637,477,1412,2901,720
13,0.2,0.1,Hoeffding/LTT,27.159271,0.1475314358330494,0.14659015246337637,477,1412,2901,720
13,0.2,0.1,Hoeffding-Bentkus,27.159271,0.1475314358330494,0.14659015246337637,477,1412,2901,720
13,0.2,0.1,IID-normal,27.159271,0.1475314358330494,0.14659015246337637,477,1412,2901,720
13,0.2,0.1,Empirical Bernstein,27.159271,0.1475314358330494,0.14659015246337637,477,1412,2901,720
13,0.2,0.1,Platt calibration,27.159271,0.1475314358330494,0.14659015246337637,477,1412,2901,720
13,0.2,0.1,Isotonic calibration,27.159271,0.1475314358330494,0.14659015246337637,477,1412,2901,720
14,0.05,0.5,Multilabel,62.000847,0.03624130661780641,0.03936930545428269,148,372,610,216
14,0.05,0.5,Hoeffding/LTT,73.129656,0.01981795614398014,0.021333977100289697,119,248,350,159
14,0.05,0.5,Hoeffding-Bentkus,62.000847,0.03624130661780641,0.03936930545428269,148,372,610,216
14,0.05,0.5,IID-normal,62.000847,0.03624130661780641,0.03936930545428269,148,372,610,216
14,0.05,0.5,Empirical Bernstein,62.000847,0.03624130661780641,0.03936930545428269,148,372,610,216
14,0.05,0.5,Platt calibration,52.565611,0.05253019287979983,0.056327309513955946,167,457,852,264
14,0.05,0.5,Isotonic calibration,62.000847,0.03624130661780641,0.03936930545428269,148,372,610,216
14,0.05,0.1,Multilabel,62.000847,0.03624130661780641,0.03936930545428269,148,372,610,216
14,0.05,0.1,Hoeffding/LTT,73.129656,0.01981795614398014,0.021333977100289697,119,248,350,159
14,0.05,0.1,Hoeffding-Bentkus,62.000847,0.03624130661780641,0.03936930545428269,148,372,610,216
14,0.05,0.1,IID-normal,62.000847,0.03624130661780641,0.03936930545428269,148,372,610,216
14,0.05,0.1,Empirical Bernstein,73.129656,0.01981795614398014,0.021333977100289697,119,248,350,159
14,0.05,0.1,Platt calibration,52.565611,0.05253019287979983,0.056327309513955946,167,457,852,264
14,0.05,0.1,Isotonic calibration,62.000847,0.03624130661780641,0.03936930545428269,148,372,610,216
14,0.1,0.5,Multilabel,37.784172,0.07917118164325447,0.08329742252352267,261,735,1509,390
14,0.1,0.5,Hoeffding/LTT,44.566222,0.07030902141576531,0.0725430108586406,187,527,1089,318
14,0.1,0.5,Hoeffding-Bentkus,37.784172,0.07917118164325447,0.08329742252352267,261,735,1509,390
14,0.1,0.5,IID-normal,37.784172,0.07917118164325447,0.08329742252352267,261,735,1509,390
14,0.1,0.5,Empirical Bernstein,37.784172,0.07917118164325447,0.08329742252352267,261,735,1509,390
14,0.1,0.5,Platt calibration,37.784172,0.07917118164325447,0.08329742252352267,261,735,1509,390
14,0.1,0.5,Isotonic calibration,37.784172,0.07917118164325447,0.08329742252352267,261,735,1509,390
14,0.1,0.1,Multilabel,37.784172,0.07917118164325447,0.08329742252352267,261,735,1509,390
14,0.1,0.1,Hoeffding/LTT,44.566222,0.07030902141576531,0.0725430108586406,187,527,1089,318
14,0.1,0.1,Hoeffding-Bentkus,44.566222,0.07030902141576531,0.0725430108586406,187,527,1089,318
14,0.1,0.1,IID-normal,37.784172,0.07917118164325447,0.08329742252352267,261,735,1509,390
14,0.1,0.1,Empirical Bernstein,44.566222,0.07030902141576531,0.0725430108586406,187,527,1089,318
14,0.1,0.1,Platt calibration,37.784172,0.07917118164325447,0.08329742252352267,261,735,1509,390
14,0.1,0.1,Isotonic calibration,37.784172,0.07917118164325447,0.08329742252352267,261,735,1509,390
14,0.2,0.5,Multilabel,27.159271,0.1438729810161337,0.14524178516108438,452,1260,2765,677
14,0.2,0.5,Hoeffding/LTT,27.159271,0.1438729810161337,0.14524178516108438,452,1260,2765,677
14,0.2,0.5,Hoeffding-Bentkus,27.159271,0.1438729810161337,0.14524178516108438,452,1260,2765,677
14,0.2,0.5,IID-normal,27.159271,0.1438729810161337,0.14524178516108438,452,1260,2765,677
14,0.2,0.5,Empirical Bernstein,27.159271,0.1438729810161337,0.14524178516108438,452,1260,2765,677
14,0.2,0.5,Platt calibration,27.159271,0.1438729810161337,0.14524178516108438,452,1260,2765,677
14,0.2,0.5,Isotonic calibration,27.159271,0.1438729810161337,0.14524178516108438,452,1260,2765,677
14,0.2,0.1,Multilabel,27.159271,0.1438729810161337,0.14524178516108438,452,1260,2765,677
14,0.2,0.1,Hoeffding/LTT,27.159271,0.1438729810161337,0.14524178516108438,452,1260,2765,677
14,0.2,0.1,Hoeffding-Bentkus,27.159271,0.1438729810161337,0.14524178516108438,452,1260,2765,677
14,0.2,0.1,IID-normal,27.159271,0.1438729810161337,0.14524178516108438,452,1260,2765,677
14,0.2,0.1,Empirical Bernstein,27.159271,0.1438729810161337,0.14524178516108438,452,1260,2765,677
14,0.2,0.1,Platt calibration,27.159271,0.1438729810161337,0.14524178516108438,452,1260,2765,677
14,0.2,0.1,Isotonic calibration,27.159271,0.1438729810161337,0.14524178516108438,452,1260,2765,677
15,0.05,0.5,Multilabel,62.000847,0.038177000216718875,0.0381146167944347,153,424,655,228
15,0.05,0.5,Hoeffding/LTT,73.129656,0.0215142738932561,0.020747689336460203,125,261,359,172
15,0.05,0.5,Hoeffding-Bentkus,62.000847,0.038177000216718875,0.0381146167944347,153,424,655,228
15,0.05,0.5,IID-normal,62.000847,0.038177000216718875,0.0381146167944347,153,424,655,228
15,0.05,0.5,Empirical Bernstein,62.000847,0.038177000216718875,0.0381146167944347,153,424,655,228
15,0.05,0.5,Platt calibration,52.565611,0.05405067281360207,0.05602989574916738,173,519,896,277
15,0.05,0.5,Isotonic calibration,62.000847,0.038177000216718875,0.0381146167944347,153,424,655,228
15,0.05,0.1,Multilabel,62.000847,0.038177000216718875,0.0381146167944347,153,424,655,228
15,0.05,0.1,Hoeffding/LTT,73.129656,0.0215142738932561,0.020747689336460203,125,261,359,172
15,0.05,0.1,Hoeffding-Bentkus,62.000847,0.038177000216718875,0.0381146167944347,153,424,655,228
15,0.05,0.1,IID-normal,62.000847,0.038177000216718875,0.0381146167944347,153,424,655,228
15,0.05,0.1,Empirical Bernstein,62.000847,0.038177000216718875,0.0381146167944347,153,424,655,228
15,0.05,0.1,Platt calibration,52.565611,0.05405067281360207,0.05602989574916738,173,519,896,277
15,0.05,0.1,Isotonic calibration,62.000847,0.038177000216718875,0.0381146167944347,153,424,655,228
15,0.1,0.5,Multilabel,37.784172,0.07863742932009378,0.08349044312625498,282,868,1629,408
15,0.1,0.5,Hoeffding/LTT,44.566222,0.06804430915932777,0.0721285037673505,216,631,1160,338
15,0.1,0.5,Hoeffding-Bentkus,37.784172,0.07863742932009378,0.08349044312625498,282,868,1629,408
15,0.1,0.5,IID-normal,37.784172,0.07863742932009378,0.08349044312625498,282,868,1629,408
15,0.1,0.5,Empirical Bernstein,37.784172,0.07863742932009378,0.08349044312625498,282,868,1629,408
15,0.1,0.5,Platt calibration,37.784172,0.07863742932009378,0.08349044312625498,282,868,1629,408
15,0.1,0.5,Isotonic calibration,37.784172,0.07863742932009378,0.08349044312625498,282,868,1629,408
15,0.1,0.1,Multilabel,37.784172,0.07863742932009378,0.08349044312625498,282,868,1629,408
15,0.1,0.1,Hoeffding/LTT,44.566222,0.06804430915932777,0.0721285037673505,216,631,1160,338
15,0.1,0.1,Hoeffding-Bentkus,44.566222,0.06804430915932777,0.0721285037673505,216,631,1160,338
15,0.1,0.1,IID-normal,37.784172,0.07863742932009378,0.08349044312625498,282,868,1629,408
15,0.1,0.1,Empirical Bernstein,44.566222,0.06804430915932777,0.0721285037673505,216,631,1160,338
15,0.1,0.1,Platt calibration,37.784172,0.07863742932009378,0.08349044312625498,282,868,1629,408
15,0.1,0.1,Isotonic calibration,37.784172,0.07863742932009378,0.08349044312625498,282,868,1629,408
15,0.2,0.5,Multilabel,27.159271,0.14016130745547378,0.14715912679769763,486,1455,2943,709
15,0.2,0.5,Hoeffding/LTT,27.159271,0.14016130745547378,0.14715912679769763,486,1455,2943,709
15,0.2,0.5,Hoeffding-Bentkus,27.159271,0.14016130745547378,0.14715912679769763,486,1455,2943,709
15,0.2,0.5,IID-normal,27.159271,0.14016130745547378,0.14715912679769763,486,1455,2943,709
15,0.2,0.5,Empirical Bernstein,27.159271,0.14016130745547378,0.14715912679769763,486,1455,2943,709
15,0.2,0.5,Platt calibration,27.159271,0.14016130745547378,0.14715912679769763,486,1455,2943,709
15,0.2,0.5,Isotonic calibration,27.159271,0.14016130745547378,0.14715912679769763,486,1455,2943,709
15,0.2,0.1,Multilabel,27.159271,0.14016130745547378,0.14715912679769763,486,1455,2943,709
15,0.2,0.1,Hoeffding/LTT,27.159271,0.14016130745547378,0.14715912679769763,486,1455,2943,709
15,0.2,0.1,Hoeffding-Bentkus,27.159271,0.14016130745547378,0.14715912679769763,486,1455,2943,709
15,0.2,0.1,IID-normal,27.159271,0.14016130745547378,0.14715912679769763,486,1455,2943,709
15,0.2,0.1,Empirical Bernstein,27.159271,0.14016130745547378,0.14715912679769763,486,1455,2943,709
15,0.2,0.1,Platt calibration,27.159271,0.14016130745547378,0.14715912679769763,486,1455,2943,709
15,0.2,0.1,Isotonic calibration,27.159271,0.14016130745547378,0.14715912679769763,486,1455,2943,709
16,0.05,0.5,Multilabel,62.000847,0.03880154461453592,0.039905011528683754,172,438,700,241
16,0.05,0.5,Hoeffding/LTT,73.129656,0.019755895738518825,0.021499517174782733,139,266,362,181
16,0.05,0.5,Hoeffding-Bentkus,62.000847,0.03880154461453592,0.039905011528683754,172,438,700,241
16,0.05,0.5,IID-normal,62.000847,0.03880154461453592,0.039905011528683754,172,438,700,241
16,0.05,0.5,Empirical Bernstein,62.000847,0.03880154461453592,0.039905011528683754,172,438,700,241
16,0.05,0.5,Platt calibration,52.565611,0.05567064641330259,0.057720769367203356,198,560,987,297
16,0.05,0.5,Isotonic calibration,62.000847,0.03880154461453592,0.039905011528683754,172,438,700,241
16,0.05,0.1,Multilabel,62.000847,0.03880154461453592,0.039905011528683754,172,438,700,241
16,0.05,0.1,Hoeffding/LTT,73.129656,0.019755895738518825,0.021499517174782733,139,266,362,181
16,0.05,0.1,Hoeffding-Bentkus,62.000847,0.03880154461453592,0.039905011528683754,172,438,700,241
16,0.05,0.1,IID-normal,62.000847,0.03880154461453592,0.039905011528683754,172,438,700,241
16,0.05,0.1,Empirical Bernstein,73.129656,0.019755895738518825,0.021499517174782733,139,266,362,181
16,0.05,0.1,Platt calibration,52.565611,0.05567064641330259,0.057720769367203356,198,560,987,297
16,0.05,0.1,Isotonic calibration,62.000847,0.03880154461453592,0.039905011528683754,172,438,700,241
16,0.1,0.5,Multilabel,37.784172,0.08533272914737541,0.0845382614350748,288,880,1741,425
16,0.1,0.5,Hoeffding/LTT,37.784172,0.08533272914737541,0.0845382614350748,288,880,1741,425
16,0.1,0.5,Hoeffding-Bentkus,37.784172,0.08533272914737541,0.0845382614350748,288,880,1741,425
16,0.1,0.5,IID-normal,37.784172,0.08533272914737541,0.0845382614350748,288,880,1741,425
16,0.1,0.5,Empirical Bernstein,37.784172,0.08533272914737541,0.0845382614350748,288,880,1741,425
16,0.1,0.5,Platt calibration,37.784172,0.08533272914737541,0.0845382614350748,288,880,1741,425
16,0.1,0.5,Isotonic calibration,37.784172,0.08533272914737541,0.0845382614350748,288,880,1741,425
16,0.1,0.1,Multilabel,37.784172,0.08533272914737541,0.0845382614350748,288,880,1741,425
16,0.1,0.1,Hoeffding/LTT,44.566222,0.07307957523100261,0.07349864349105623,227,657,1265,352
16,0.1,0.1,Hoeffding-Bentkus,37.784172,0.08533272914737541,0.0845382614350748,288,880,1741,425
16,0.1,0.1,IID-normal,37.784172,0.08533272914737541,0.0845382614350748,288,880,1741,425
16,0.1,0.1,Empirical Bernstein,44.566222,0.07307957523100261,0.07349864349105623,227,657,1265,352
16,0.1,0.1,Platt calibration,37.784172,0.08533272914737541,0.0845382614350748,288,880,1741,425
16,0.1,0.1,Isotonic calibration,37.784172,0.08533272914737541,0.0845382614350748,288,880,1741,425
16,0.2,0.5,Multilabel,27.159271,0.1494273677869044,0.14721556589055557,476,1432,3061,710
16,0.2,0.5,Hoeffding/LTT,27.159271,0.1494273677869044,0.14721556589055557,476,1432,3061,710
16,0.2,0.5,Hoeffding-Bentkus,27.159271,0.1494273677869044,0.14721556589055557,476,1432,3061,710
16,0.2,0.5,IID-normal,27.159271,0.1494273677869044,0.14721556589055557,476,1432,3061,710
16,0.2,0.5,Empirical Bernstein,27.159271,0.1494273677869044,0.14721556589055557,476,1432,3061,710
16,0.2,0.5,Platt calibration,27.159271,0.1494273677869044,0.14721556589055557,476,1432,3061,710
16,0.2,0.5,Isotonic calibration,27.159271,0.1494273677869044,0.14721556589055557,476,1432,3061,710
16,0.2,0.1,Multilabel,27.159271,0.1494273677869044,0.14721556589055557,476,1432,3061,710
16,0.2,0.1,Hoeffding/LTT,27.159271,0.1494273677869044,0.14721556589055557,476,1432,3061,710
16,0.2,0.1,Hoeffding-Bentkus,27.159271,0.1494273677869044,0.14721556589055557,476,1432,3061,710
16,0.2,0.1,IID-normal,27.159271,0.1494273677869044,0.14721556589055557,476,1432,3061,710
16,0.2,0.1,Empirical Bernstein,27.159271,0.1494273677869044,0.14721556589055557,476,1432,3061,710
16,0.2,0.1,Platt calibration,27.159271,0.1494273677869044,0.14721556589055557,476,1432,3061,710
16,0.2,0.1,Isotonic calibration,27.159271,0.1494273677869044,0.14721556589055557,476,1432,3061,710
17,0.05,0.5,Multilabel,62.000847,0.033131390744133814,0.03849660708537795,156,428,643,221
17,0.05,0.5,Hoeffding/LTT,73.129656,0.019445593711212246,0.020223479100565593,131,274,378,174
17,0.05,0.5,Hoeffding-Bentkus,62.000847,0.033131390744133814,0.03849660708537795,156,428,643,221
17,0.05,0.5,IID-normal,62.000847,0.033131390744133814,0.03849660708537795,156,428,643,221
17,0.05,0.5,Empirical Bernstein,62.000847,0.033131390744133814,0.03849660708537795,156,428,643,221
17,0.05,0.5,Platt calibration,52.565611,0.05115895344484504,0.056621767205985725,173,507,856,270
17,0.05,0.5,Isotonic calibration,62.000847,0.033131390744133814,0.03849660708537795,156,428,643,221
17,0.05,0.1,Multilabel,62.000847,0.033131390744133814,0.03849660708537795,156,428,643,221
17,0.05,0.1,Hoeffding/LTT,73.129656,0.019445593711212246,0.020223479100565593,131,274,378,174
17,0.05,0.1,Hoeffding-Bentkus,73.129656,0.019445593711212246,0.020223479100565593,131,274,378,174
17,0.05,0.1,IID-normal,62.000847,0.033131390744133814,0.03849660708537795,156,428,643,221
17,0.05,0.1,Empirical Bernstein,73.129656,0.019445593711212246,0.020223479100565593,131,274,378,174
17,0.05,0.1,Platt calibration,52.565611,0.05115895344484504,0.056621767205985725,173,507,856,270
17,0.05,0.1,Isotonic calibration,62.000847,0.033131390744133814,0.03849660708537795,156,428,643,221
17,0.1,0.5,Multilabel,37.784172,0.07886711849268738,0.08490010663758767,256,791,1537,387
17,0.1,0.5,Hoeffding/LTT,44.566222,0.06639527552849853,0.0731964671646007,204,605,1107,323
17,0.1,0.5,Hoeffding-Bentkus,37.784172,0.07886711849268738,0.08490010663758767,256,791,1537,387
17,0.1,0.5,IID-normal,37.784172,0.07886711849268738,0.08490010663758767,256,791,1537,387
17,0.1,0.5,Empirical Bernstein,44.566222,0.06639527552849853,0.0731964671646007,204,605,1107,323
17,0.1,0.5,Platt calibration,37.784172,0.07886711849268738,0.08490010663758767,256,791,1537,387
17,0.1,0.5,Isotonic calibration,37.784172,0.07886711849268738,0.08490010663758767,256,791,1537,387
17,0.1,0.1,Multilabel,37.784172,0.07886711849268738,0.08490010663758767,256,791,1537,387
17,0.1,0.1,Hoeffding/LTT,44.566222,0.06639527552849853,0.0731964671646007,204,605,1107,323
17,0.1,0.1,Hoeffding-Bentkus,44.566222,0.06639527552849853,0.0731964671646007,204,605,1107,323
17,0.1,0.1,IID-normal,37.784172,0.07886711849268738,0.08490010663758767,256,791,1537,387
17,0.1,0.1,Empirical Bernstein,44.566222,0.06639527552849853,0.0731964671646007,204,605,1107,323
17,0.1,0.1,Platt calibration,37.784172,0.07886711849268738,0.08490010663758767,256,791,1537,387
17,0.1,0.1,Isotonic calibration,37.784172,0.07886711849268738,0.08490010663758767,256,791,1537,387
17,0.2,0.5,Multilabel,27.159271,0.14131305071520214,0.14763088913661407,451,1299,2764,686
17,0.2,0.5,Hoeffding/LTT,27.159271,0.14131305071520214,0.14763088913661407,451,1299,2764,686
17,0.2,0.5,Hoeffding-Bentkus,27.159271,0.14131305071520214,0.14763088913661407,451,1299,2764,686
17,0.2,0.5,IID-normal,27.159271,0.14131305071520214,0.14763088913661407,451,1299,2764,686
17,0.2,0.5,Empirical Bernstein,27.159271,0.14131305071520214,0.14763088913661407,451,1299,2764,686
17,0.2,0.5,Platt calibration,27.159271,0.14131305071520214,0.14763088913661407,451,1299,2764,686
17,0.2,0.5,Isotonic calibration,27.159271,0.14131305071520214,0.14763088913661407,451,1299,2764,686
17,0.2,0.1,Multilabel,27.159271,0.14131305071520214,0.14763088913661407,451,1299,2764,686
17,0.2,0.1,Hoeffding/LTT,27.159271,0.14131305071520214,0.14763088913661407,451,1299,2764,686
17,0.2,0.1,Hoeffding-Bentkus,27.159271,0.14131305071520214,0.14763088913661407,451,1299,2764,686
17,0.2,0.1,IID-normal,27.159271,0.14131305071520214,0.14763088913661407,451,1299,2764,686
17,0.2,0.1,Empirical Bernstein,27.159271,0.14131305071520214,0.14763088913661407,451,1299,2764,686
17,0.2,0.1,Platt calibration,27.159271,0.14131305071520214,0.14763088913661407,451,1299,2764,686
17,0.2,0.1,Isotonic calibration,27.159271,0.14131305071520214,0.14763088913661407,451,1299,2764,686
18,0.05,0.5,Multilabel,62.000847,0.04147802273578029,0.03778058057268982,165,415,680,242
18,0.05,0.5,Hoeffding/LTT,62.000847,0.04147802273578029,0.03778058057268982,165,415,680,242
18,0.05,0.5,Hoeffding-Bentkus,62.000847,0.04147802273578029,0.03778058057268982,165,415,680,242
18,0.05,0.5,IID-normal,62.000847,0.04147802273578029,0.03778058057268982,165,415,680,242
18,0.05,0.5,Empirical Bernstein,62.000847,0.04147802273578029,0.03778058057268982,165,415,680,242
18,0.05,0.5,Platt calibration,52.565611,0.05832496010402507,0.0546996630077055,189,510,944,294
18,0.05,0.5,Isotonic calibration,62.000847,0.04147802273578029,0.03778058057268982,165,415,680,242
18,0.05,0.1,Multilabel,62.000847,0.04147802273578029,0.03778058057268982,165,415,680,242
18,0.05,0.1,Hoeffding/LTT,73.129656,0.02399669011170873,0.02087874189543385,131,248,355,185
18,0.05,0.1,Hoeffding-Bentkus,62.000847,0.04147802273578029,0.03778058057268982,165,415,680,242
18,0.05,0.1,IID-normal,62.000847,0.04147802273578029,0.03778058057268982,165,415,680,242
18,0.05,0.1,Empirical Bernstein,62.000847,0.04147802273578029,0.03778058057268982,165,415,680,242
18,0.05,0.1,Platt calibration,52.565611,0.05832496010402507,0.0546996630077055,189,510,944,294
18,0.05,0.1,Isotonic calibration,62.000847,0.04147802273578029,0.03778058057268982,165,415,680,242
18,0.1,0.5,Multilabel,37.784172,0.08515180172192997,0.08260789118148755,280,852,1700,416
18,0.1,0.5,Hoeffding/LTT,37.784172,0.08515180172192997,0.08260789118148755,280,852,1700,416
18,0.1,0.5,Hoeffding-Bentkus,37.784172,0.08515180172192997,0.08260789118148755,280,852,1700,416
18,0.1,0.5,IID-normal,37.784172,0.08515180172192997,0.08260789118148755,280,852,1700,416
18,0.1,0.5,Empirical Bernstein,37.784172,0.08515180172192997,0.08260789118148755,280,852,1700,416
18,0.1,0.5,Platt calibration,37.784172,0.08515180172192997,0.08260789118148755,280,852,1700,416
18,0.1,0.5,Isotonic calibration,37.784172,0.08515180172192997,0.08260789118148755,280,852,1700,416
18,0.1,0.1,Multilabel,37.784172,0.08515180172192997,0.08260789118148755,280,852,1700,416
18,0.1,0.1,Hoeffding/LTT,44.566222,0.07450351675630947,0.07098565319354394,224,622,1237,356
18,0.1,0.1,Hoeffding-Bentkus,37.784172,0.08515180172192997,0.08260789118148755,280,852,1700,416
18,0.1,0.1,IID-normal,37.784172,0.08515180172192997,0.08260789118148755,280,852,1700,416
18,0.1,0.1,Empirical Bernstein,37.784172,0.08515180172192997,0.08260789118148755,280,852,1700,416
18,0.1,0.1,Platt calibration,37.784172,0.08515180172192997,0.08260789118148755,280,852,1700,416
18,0.1,0.1,Isotonic calibration,37.784172,0.08515180172192997,0.08260789118148755,280,852,1700,416
18,0.2,0.5,Multilabel,27.159271,0.15438597512449392,0.14660590325509626,491,1415,3039,744
18,0.2,0.5,Hoeffding/LTT,27.159271,0.15438597512449392,0.14660590325509626,491,1415,3039,744
18,0.2,0.5,Hoeffding-Bentkus,27.159271,0.15438597512449392,0.14660590325509626,491,1415,3039,744
18,0.2,0.5,IID-normal,27.159271,0.15438597512449392,0.14660590325509626,491,1415,3039,744
18,0.2,0.5,Empirical Bernstein,27.159271,0.15438597512449392,0.14660590325509626,491,1415,3039,744
18,0.2,0.5,Platt calibration,27.159271,0.15438597512449392,0.14660590325509626,491,1415,3039,744
18,0.2,0.5,Isotonic calibration,27.159271,0.15438597512449392,0.14660590325509626,491,1415,3039,744
18,0.2,0.1,Multilabel,27.159271,0.15438597512449392,0.14660590325509626,491,1415,3039,744
18,0.2,0.1,Hoeffding/LTT,27.159271,0.15438597512449392,0.14660590325509626,491,1415,3039,744
18,0.2,0.1,Hoeffding-Bentkus,27.159271,0.15438597512449392,0.14660590325509626,491,1415,3039,744
18,0.2,0.1,IID-normal,27.159271,0.15438597512449392,0.14660590325509626,491,1415,3039,744
18,0.2,0.1,Empirical Bernstein,27.159271,0.15438597512449392,0.14660590325509626,491,1415,3039,744
18,0.2,0.1,Platt calibration,27.159271,0.15438597512449392,0.14660590325509626,491,1415,3039,744
18,0.2,0.1,Isotonic calibration,27.159271,0.15438597512449392,0.14660590325509626,491,1415,3039,744
19,0.05,0.5,Multilabel,62.000847,0.03500108359438107,0.03833500844122999,161,423,629,231
19,0.05,0.5,Hoeffding/LTT,73.129656,0.01565990897807199,0.02012001655400745,130,272,354,164
19,0.05,0.5,Hoeffding-Bentkus,62.000847,0.03500108359438107,0.03833500844122999,161,423,629,231
19,0.05,0.5,IID-normal,62.000847,0.03500108359438107,0.03833500844122999,161,423,629,231
19,0.05,0.5,Empirical Bernstein,62.000847,0.03500108359438107,0.03833500844122999,161,423,629,231
19,0.05,0.5,Platt calibration,52.565611,0.05086145753295112,0.055369049261310255,177,514,879,274
19,0.05,0.5,Isotonic calibration,62.000847,0.03500108359438107,0.03833500844122999,161,423,629,231
19,0.05,0.1,Multilabel,62.000847,0.03500108359438107,0.03833500844122999,161,423,629,231
19,0.05,0.1,Hoeffding/LTT,73.129656,0.01565990897807199,0.02012001655400745,130,272,354,164
19,0.05,0.1,Hoeffding-Bentkus,62.000847,0.03500108359438107,0.03833500844122999,161,423,629,231
19,0.05,0.1,IID-normal,62.000847,0.03500108359438107,0.03833500844122999,161,423,629,231
19,0.05,0.1,Empirical Bernstein,73.129656,0.01565990897807199,0.02012001655400745,130,272,354,164
19,0.05,0.1,Platt calibration,52.565611,0.05086145753295112,0.055369049261310255,177,514,879,274
19,0.05,0.1,Isotonic calibration,62.000847,0.03500108359438107,0.03833500844122999,161,423,629,231
19,0.1,0.5,Multilabel,37.784172,0.07859326464001681,0.0829109981234412,269,822,1573,401
19,0.1,0.5,Hoeffding/LTT,44.566222,0.06496049805938096,0.07184291429359713,214,629,1148,331
19,0.1,0.5,Hoeffding-Bentkus,37.784172,0.07859326464001681,0.0829109981234412,269,822,1573,401
19,0.1,0.5,IID-normal,37.784172,0.07859326464001681,0.0829109981234412,269,822,1573,401
19,0.1,0.5,Empirical Bernstein,37.784172,0.07859326464001681,0.0829109981234412,269,822,1573,401
19,0.1,0.5,Platt calibration,37.784172,0.07859326464001681,0.0829109981234412,269,822,1573,401
19,0.1,0.5,Isotonic calibration,37.784172,0.07859326464001681,0.0829109981234412,269,822,1573,401
19,0.1,0.1,Multilabel,37.784172,0.07859326464001681,0.0829109981234412,269,822,1573,401
19,0.1,0.1,Hoeffding/LTT,44.566222,0.06496049805938096,0.07184291429359713,214,629,1148,331
19,0.1,0.1,Hoeffding-Bentkus,37.784172,0.07859326464001681,0.0829109981234412,269,822,1573,401
19,0.1,0.1,IID-normal,37.784172,0.07859326464001681,0.0829109981234412,269,822,1573,401
19,0.1,0.1,Empirical Bernstein,44.566222,0.06496049805938096,0.07184291429359713,214,629,1148,331
19,0.1,0.1,Platt calibration,37.784172,0.07859326464001681,0.0829109981234412,269,822,1573,401
19,0.1,0.1,Isotonic calibration,37.784172,0.07859326464001681,0.0829109981234412,269,822,1573,401
19,0.2,0.5,Multilabel,27.159271,0.14228067363152178,0.1467103561357941,460,1350,2799,690
19,0.2,0.5,Hoeffding/LTT,27.159271,0.14228067363152178,0.1467103561357941,460,1350,2799,690
19,0.2,0.5,Hoeffding-Bentkus,27.159271,0.14228067363152178,0.1467103561357941,460,1350,2799,690
19,0.2,0.5,IID-normal,27.159271,0.14228067363152178,0.1467103561357941,460,1350,2799,690
19,0.2,0.5,Empirical Bernstein,27.159271,0.14228067363152178,0.1467103561357941,460,1350,2799,690
19,0.2,0.5,Platt calibration,27.159271,0.14228067363152178,0.1467103561357941,460,1350,2799,690
19,0.2,0.5,Isotonic calibration,27.159271,0.14228067363152178,0.1467103561357941,460,1350,2799,690
19,0.2,0.1,Multilabel,27.159271,0.14228067363152178,0.1467103561357941,460,1350,2799,690
19,0.2,0.1,Hoeffding/LTT,27.159271,0.14228067363152178,0.1467103561357941,460,1350,2799,690
19,0.2,0.1,Hoeffding-Bentkus,27.159271,0.14228067363152178,0.1467103561357941,460,1350,2799,690
19,0.2,0.1,IID-normal,27.159271,0.14228067363152178,0.1467103561357941,460,1350,2799,690
19,0.2,0.1,Empirical Bernstein,27.159271,0.14228067363152178,0.1467103561357941,460,1350,2799,690
19,0.2,0.1,Platt calibration,27.159271,0.14228067363152178,0.1467103561357941,460,1350,2799,690
19,0.2,0.1,Isotonic calibration,27.159271,0.14228067363152178,0.1467103561357941,460,1350,2799,690
20,0.05,0.5,Multilabel,62.000847,0.0397974663593199,0.03830183473582563,178,452,681,255
20,0.05,0.5,Hoeffding/LTT,62.000847,0.0397974663593199,0.03830183473582563,178,452,681,255
20,0.05,0.5,Hoeffding-Bentkus,62.000847,0.0397974663593199,0.03830183473582563,178,452,681,255
20,0.05,0.5,IID-normal,62.000847,0.0397974663593199,0.03830183473582563,178,452,681,255
20,0.05,0.5,Empirical Bernstein,62.000847,0.0397974663593199,0.03830183473582563,178,452,681,255
20,0.05,0.5,Platt calibration,52.565611,0.05574157259097267,0.055061781920659005,197,552,945,302
20,0.05,0.5,Isotonic calibration,62.000847,0.0397974663593199,0.03830183473582563,178,452,681,255
20,0.05,0.1,Multilabel,62.000847,0.0397974663593199,0.03830183473582563,178,452,681,255
20,0.05,0.1,Hoeffding/LTT,73.129656,0.02056268100951593,0.020533866740240034,140,281,370,184
20,0.05,0.1,Hoeffding-Bentkus,62.000847,0.0397974663593199,0.03830183473582563,178,452,681,255
20,0.05,0.1,IID-normal,62.000847,0.0397974663593199,0.03830183473582563,178,452,681,255
20,0.05,0.1,Empirical Bernstein,62.000847,0.0397974663593199,0.03830183473582563,178,452,681,255
20,0.05,0.1,Platt calibration,52.565611,0.05574157259097267,0.055061781920659005,197,552,945,302
20,0.05,0.1,Isotonic calibration,62.000847,0.0397974663593199,0.03830183473582563,178,452,681,255
20,0.1,0.5,Multilabel,37.784172,0.0822950528991075,0.08260619417675563,290,885,1699,427
20,0.1,0.5,Hoeffding/LTT,37.784172,0.0822950528991075,0.08260619417675563,290,885,1699,427
20,0.1,0.5,Hoeffding-Bentkus,37.784172,0.0822950528991075,0.08260619417675563,290,885,1699,427
20,0.1,0.5,IID-normal,37.784172,0.0822950528991075,0.08260619417675563,290,885,1699,427
20,0.1,0.5,Empirical Bernstein,37.784172,0.0822950528991075,0.08260619417675563,290,885,1699,427
20,0.1,0.5,Platt calibration,37.784172,0.0822950528991075,0.08260619417675563,290,885,1699,427
20,0.1,0.5,Isotonic calibration,37.784172,0.0822950528991075,0.08260619417675563,290,885,1699,427
20,0.1,0.1,Multilabel,37.784172,0.0822950528991075,0.08260619417675563,290,885,1699,427
20,0.1,0.1,Hoeffding/LTT,44.566222,0.07240380637153496,0.07058904676507104,231,662,1231,363
20,0.1,0.1,Hoeffding-Bentkus,37.784172,0.0822950528991075,0.08260619417675563,290,885,1699,427
20,0.1,0.1,IID-normal,37.784172,0.0822950528991075,0.08260619417675563,290,885,1699,427
20,0.1,0.1,Empirical Bernstein,44.566222,0.07240380637153496,0.07058904676507104,231,662,1231,363
20,0.1,0.1,Platt calibration,37.784172,0.0822950528991075,0.08260619417675563,290,885,1699,427
20,0.1,0.1,Isotonic calibration,37.784172,0.0822950528991075,0.08260619417675563,290,885,1699,427
20,0.2,0.5,Multilabel,27.159271,0.15036915344114352,0.14547081112814317,489,1475,3006,727
20,0.2,0.5,Hoeffding/LTT,27.159271,0.15036915344114352,0.14547081112814317,489,1475,3006,727
20,0.2,0.5,Hoeffding-Bentkus,27.159271,0.15036915344114352,0.14547081112814317,489,1475,3006,727
20,0.2,0.5,IID-normal,27.159271,0.15036915344114352,0.14547081112814317,489,1475,3006,727
20,0.2,0.5,Empirical Bernstein,27.159271,0.15036915344114352,0.14547081112814317,489,1475,3006,727
20,0.2,0.5,Platt calibration,27.159271,0.15036915344114352,0.14547081112814317,489,1475,3006,727
20,0.2,0.5,Isotonic calibration,27.159271,0.15036915344114352,0.14547081112814317,489,1475,3006,727
20,0.2,0.1,Multilabel,27.159271,0.15036915344114352,0.14547081112814317,489,1475,3006,727
20,0.2,0.1,Hoeffding/LTT,27.159271,0.15036915344114352,0.14547081112814317,489,1475,3006,727
20,0.2,0.1,Hoeffding-Bentkus,27.159271,0.15036915344114352,0.14547081112814317,489,1475,3006,727
20,0.2,0.1,IID-normal,27.159271,0.15036915344114352,0.14547081112814317,489,1475,3006,727
20,0.2,0.1,Empirical Bernstein,27.159271,0.15036915344114352,0.14547081112814317,489,1475,3006,727
20,0.2,0.1,Platt calibration,27.159271,0.15036915344114352,0.14547081112814317,489,1475,3006,727
20,0.2,0.1,Isotonic calibration,27.159271,0.15036915344114352,0.14547081112814317,489,1475,3006,727
21,0.05,0.5,Multilabel,62.000847,0.03983194436235396,0.03996577524650362,164,416,653,241
21,0.05,0.5,Hoeffding/LTT,73.129656,0.021162598262308645,0.020989101945095876,134,268,372,181
21,0.05,0.5,Hoeffding-Bentkus,62.000847,0.03983194436235396,0.03996577524650362,164,416,653,241
21,0.05,0.5,IID-normal,62.000847,0.03983194436235396,0.03996577524650362,164,416,653,241
21,0.05,0.5,Empirical Bernstein,62.000847,0.03983194436235396,0.03996577524650362,164,416,653,241
21,0.05,0.5,Platt calibration,52.565611,0.056965049155781475,0.057716663710593905,187,519,905,295
21,0.05,0.5,Isotonic calibration,62.000847,0.03983194436235396,0.03996577524650362,164,416,653,241
21,0.05,0.1,Multilabel,62.000847,0.03983194436235396,0.03996577524650362,164,416,653,241
21,0.05,0.1,Hoeffding/LTT,73.129656,0.021162598262308645,0.020989101945095876,134,268,372,181
21,0.05,0.1,Hoeffding-Bentkus,62.000847,0.03983194436235396,0.03996577524650362,164,416,653,241
21,0.05,0.1,IID-normal,62.000847,0.03983194436235396,0.03996577524650362,164,416,653,241
21,0.05,0.1,Empirical Bernstein,73.129656,0.021162598262308645,0.020989101945095876,134,268,372,181
21,0.05,0.1,Platt calibration,52.565611,0.056965049155781475,0.057716663710593905,187,519,905,295
21,0.05,0.1,Isotonic calibration,62.000847,0.03983194436235396,0.03996577524650362,164,416,653,241
21,0.1,0.5,Multilabel,37.784172,0.08350917114880706,0.08527207912640385,274,836,1649,405
21,0.1,0.5,Hoeffding/LTT,44.566222,0.07104783576649526,0.0741785402255812,219,623,1177,347
21,0.1,0.5,Hoeffding-Bentkus,37.784172,0.08350917114880706,0.08527207912640385,274,836,1649,405
21,0.1,0.5,IID-normal,37.784172,0.08350917114880706,0.08527207912640385,274,836,1649,405
21,0.1,0.5,Empirical Bernstein,44.566222,0.07104783576649526,0.0741785402255812,219,623,1177,347
21,0.1,0.5,Platt calibration,37.784172,0.08350917114880706,0.08527207912640385,274,836,1649,405
21,0.1,0.5,Isotonic calibration,37.784172,0.08350917114880706,0.08527207912640385,274,836,1649,405
21,0.1,0.1,Multilabel,37.784172,0.08350917114880706,0.08527207912640385,274,836,1649,405
21,0.1,0.1,Hoeffding/LTT,44.566222,0.07104783576649526,0.0741785402255812,219,623,1177,347
21,0.1,0.1,Hoeffding-Bentkus,44.566222,0.07104783576649526,0.0741785402255812,219,623,1177,347
21,0.1,0.1,IID-normal,37.784172,0.08350917114880706,0.08527207912640385,274,836,1649,405
21,0.1,0.1,Empirical Bernstein,44.566222,0.07104783576649526,0.0741785402255812,219,623,1177,347
21,0.1,0.1,Platt calibration,37.784172,0.08350917114880706,0.08527207912640385,274,836,1649,405
21,0.1,0.1,Isotonic calibration,37.784172,0.08350917114880706,0.08527207912640385,274,836,1649,405
21,0.2,0.5,Multilabel,27.159271,0.14766727778726124,0.14772355753870445,500,1422,2963,731
21,0.2,0.5,Hoeffding/LTT,27.159271,0.14766727778726124,0.14772355753870445,500,1422,2963,731
21,0.2,0.5,Hoeffding-Bentkus,27.159271,0.14766727778726124,0.14772355753870445,500,1422,2963,731
21,0.2,0.5,IID-normal,27.159271,0.14766727778726124,0.14772355753870445,500,1422,2963,731
21,0.2,0.5,Empirical Bernstein,27.159271,0.14766727778726124,0.14772355753870445,500,1422,2963,731
21,0.2,0.5,Platt calibration,27.159271,0.14766727778726124,0.14772355753870445,500,1422,2963,731
21,0.2,0.5,Isotonic calibration,27.159271,0.14766727778726124,0.14772355753870445,500,1422,2963,731
21,0.2,0.1,Multilabel,27.159271,0.14766727778726124,0.14772355753870445,500,1422,2963,731
21,0.2,0.1,Hoeffding/LTT,27.159271,0.14766727778726124,0.14772355753870445,500,1422,2963,731
21,0.2,0.1,Hoeffding-Bentkus,27.159271,0.14766727778726124,0.14772355753870445,500,1422,2963,731
21,0.2,0.1,IID-normal,27.159271,0.14766727778726124,0.14772355753870445,500,1422,2963,731
21,0.2,0.1,Empirical Bernstein,27.159271,0.14766727778726124,0.14772355753870445,500,1422,2963,731
21,0.2,0.1,Platt calibration,27.159271,0.14766727778726124,0.14772355753870445,500,1422,2963,731
21,0.2,0.1,Isotonic calibration,27.159271,0.14766727778726124,0.14772355753870445,500,1422,2963,731
22,0.05,0.5,Multilabel,62.000847,0.03921725082254665,0.03972633335304049,151,393,633,229
22,0.05,0.5,Hoeffding/LTT,73.129656,0.021100537856847332,0.0214788246654711,124,249,344,171
22,0.05,0.5,Hoeffding-Bentkus,62.000847,0.03921725082254665,0.03972633335304049,151,393,633,229
22,0.05,0.5,IID-normal,62.000847,0.03921725082254665,0.03972633335304049,151,393,633,229
22,0.05,0.5,Empirical Bernstein,62.000847,0.03921725082254665,0.03972633335304049,151,393,633,229
22,0.05,0.5,Platt calibration,52.565611,0.05844218531434087,0.05707765931589906,167,487,895,280
22,0.05,0.5,Isotonic calibration,62.000847,0.03921725082254665,0.03972633335304049,151,393,633,229
22,0.05,0.1,Multilabel,62.000847,0.03921725082254665,0.03972633335304049,151,393,633,229
22,0.05,0.1,Hoeffding/LTT,73.129656,0.021100537856847332,0.0214788246654711,124,249,344,171
22,0.05,0.1,Hoeffding-Bentkus,62.000847,0.03921725082254665,0.03972633335304049,151,393,633,229
22,0.05,0.1,IID-normal,62.000847,0.03921725082254665,0.03972633335304049,151,393,633,229
22,0.05,0.1,Empirical Bernstein,73.129656,0.021100537856847332,0.0214788246654711,124,249,344,171
22,0.05,0.1,Platt calibration,52.565611,0.05844218531434087,0.05707765931589906,167,487,895,280
22,0.05,0.1,Isotonic calibration,62.000847,0.03921725082254665,0.03972633335304049,151,393,633,229
22,0.1,0.5,Multilabel,37.784172,0.08136250500751949,0.08498358832197983,253,781,1610,386
22,0.1,0.5,Hoeffding/LTT,44.566222,0.0726604212226885,0.07265057906180819,205,585,1168,337
22,0.1,0.5,Hoeffding-Bentkus,37.784172,0.08136250500751949,0.08498358832197983,253,781,1610,386
22,0.1,0.5,IID-normal,37.784172,0.08136250500751949,0.08498358832197983,253,781,1610,386
22,0.1,0.5,Empirical Bernstein,44.566222,0.0726604212226885,0.07265057906180819,205,585,1168,337
22,0.1,0.5,Platt calibration,37.784172,0.08136250500751949,0.08498358832197983,253,781,1610,386
22,0.1,0.5,Isotonic calibration,37.784172,0.08136250500751949,0.08498358832197983,253,781,1610,386
22,0.1,0.1,Multilabel,37.784172,0.08136250500751949,0.08498358832197983,253,781,1610,386
22,0.1,0.1,Hoeffding/LTT,44.566222,0.0726604212226885,0.07265057906180819,205,585,1168,337
22,0.1,0.1,Hoeffding-Bentkus,44.566222,0.0726604212226885,0.07265057906180819,205,585,1168,337
22,0.1,0.1,IID-normal,37.784172,0.08136250500751949,0.08498358832197983,253,781,1610,386
22,0.1,0.1,Empirical Bernstein,44.566222,0.0726604212226885,0.07265057906180819,205,585,1168,337
22,0.1,0.1,Platt calibration,37.784172,0.08136250500751949,0.08498358832197983,253,781,1610,386
22,0.1,0.1,Isotonic calibration,37.784172,0.08136250500751949,0.08498358832197983,253,781,1610,386
22,0.2,0.5,Multilabel,27.159271,0.13982860218896628,0.1475990939365198,462,1358,2860,683
22,0.2,0.5,Hoeffding/LTT,27.159271,0.13982860218896628,0.1475990939365198,462,1358,2860,683
22,0.2,0.5,Hoeffding-Bentkus,27.159271,0.13982860218896628,0.1475990939365198,462,1358,2860,683
22,0.2,0.5,IID-normal,27.159271,0.13982860218896628,0.1475990939365198,462,1358,2860,683
22,0.2,0.5,Empirical Bernstein,27.159271,0.13982860218896628,0.1475990939365198,462,1358,2860,683
22,0.2,0.5,Platt calibration,27.159271,0.13982860218896628,0.1475990939365198,462,1358,2860,683
22,0.2,0.5,Isotonic calibration,27.159271,0.13982860218896628,0.1475990939365198,462,1358,2860,683
22,0.2,0.1,Multilabel,27.159271,0.13982860218896628,0.1475990939365198,462,1358,2860,683
22,0.2,0.1,Hoeffding/LTT,27.159271,0.13982860218896628,0.1475990939365198,462,1358,2860,683
22,0.2,0.1,Hoeffding-Bentkus,27.159271,0.13982860218896628,0.1475990939365198,462,1358,2860,683
22,0.2,0.1,IID-normal,27.159271,0.13982860218896628,0.1475990939365198,462,1358,2860,683
22,0.2,0.1,Empirical Bernstein,27.159271,0.13982860218896628,0.1475990939365198,462,1358,2860,683
22,0.2,0.1,Platt calibration,27.159271,0.13982860218896628,0.1475990939365198,462,1358,2860,683
22,0.2,0.1,Isotonic calibration,27.159271,0.13982860218896628,0.1475990939365198,462,1358,2860,683
23,0.05,0.5,Multilabel,62.000847,0.03744606655239671,0.03887596975609115,161,447,692,233
23,0.05,0.5,Hoeffding/LTT,73.129656,0.019797269342159703,0.021051179473030764,136,268,372,178
23,0.05,0.5,Hoeffding-Bentkus,62.000847,0.03744606655239671,0.03887596975609115,161,447,692,233
23,0.05,0.5,IID-normal,62.000847,0.03744606655239671,0.03887596975609115,161,447,692,233
23,0.05,0.5,Empirical Bernstein,62.000847,0.03744606655239671,0.03887596975609115,161,447,692,233
23,0.05,0.5,Platt calibration,52.565611,0.051874618279252126,0.05589720092754994,182,540,943,278
23,0.05,0.5,Isotonic calibration,62.000847,0.03744606655239671,0.03887596975609115,161,447,692,233
23,0.05,0.1,Multilabel,62.000847,0.03744606655239671,0.03887596975609115,161,447,692,233
23,0.05,0.1,Hoeffding/LTT,73.129656,0.019797269342159703,0.021051179473030764,136,268,372,178
23,0.05,0.1,Hoeffding-Bentkus,62.000847,0.03744606655239671,0.03887596975609115,161,447,692,233
23,0.05,0.1,IID-normal,62.000847,0.03744606655239671,0.03887596975609115,161,447,692,233
23,0.05,0.1,Empirical Bernstein,73.129656,0.019797269342159703,0.021051179473030764,136,268,372,178
23,0.05,0.1,Platt calibration,52.565611,0.051874618279252126,0.05589720092754994,182,540,943,278
23,0.05,0.1,Isotonic calibration,62.000847,0.03744606655239671,0.03887596975609115,161,447,692,233
23,0.1,0.5,Multilabel,37.784172,0.07231153666817713,0.0835425028520628,279,871,1633,386
23,0.1,0.5,Hoeffding/LTT,44.566222,0.06432068483164884,0.07217317331126132,214,646,1192,327
23,0.1,0.5,Hoeffding-Bentkus,44.566222,0.06432068483164884,0.07217317331126132,214,646,1192,327
23,0.1,0.5,IID-normal,37.784172,0.07231153666817713,0.0835425028520628,279,871,1633,386
23,0.1,0.5,Empirical Bernstein,44.566222,0.06432068483164884,0.07217317331126132,214,646,1192,327
23,0.1,0.5,Platt calibration,37.784172,0.07231153666817713,0.0835425028520628,279,871,1633,386
23,0.1,0.5,Isotonic calibration,37.784172,0.07231153666817713,0.0835425028520628,279,871,1633,386
23,0.1,0.1,Multilabel,44.566222,0.06432068483164884,0.07217317331126132,214,646,1192,327
23,0.1,0.1,Hoeffding/LTT,44.566222,0.06432068483164884,0.07217317331126132,214,646,1192,327
23,0.1,0.1,Hoeffding-Bentkus,44.566222,0.06432068483164884,0.07217317331126132,214,646,1192,327
23,0.1,0.1,IID-normal,44.566222,0.06432068483164884,0.07217317331126132,214,646,1192,327
23,0.1,0.1,Empirical Bernstein,44.566222,0.06432068483164884,0.07217317331126132,214,646,1192,327
23,0.1,0.1,Platt calibration,37.784172,0.07231153666817713,0.0835425028520628,279,871,1633,386
23,0.1,0.1,Isotonic calibration,37.784172,0.07231153666817713,0.0835425028520628,279,871,1633,386
23,0.2,0.5,Multilabel,27.159271,0.13601045325290256,0.14709675565310826,461,1395,2780,674
23,0.2,0.5,Hoeffding/LTT,27.159271,0.13601045325290256,0.14709675565310826,461,1395,2780,674
23,0.2,0.5,Hoeffding-Bentkus,27.159271,0.13601045325290256,0.14709675565310826,461,1395,2780,674
23,0.2,0.5,IID-normal,27.159271,0.13601045325290256,0.14709675565310826,461,1395,2780,674
23,0.2,0.5,Empirical Bernstein,27.159271,0.13601045325290256,0.14709675565310826,461,1395,2780,674
23,0.2,0.5,Platt calibration,27.159271,0.13601045325290256,0.14709675565310826,461,1395,2780,674
23,0.2,0.5,Isotonic calibration,27.159271,0.13601045325290256,0.14709675565310826,461,1395,2780,674
23,0.2,0.1,Multilabel,27.159271,0.13601045325290256,0.14709675565310826,461,1395,2780,674
23,0.2,0.1,Hoeffding/LTT,27.159271,0.13601045325290256,0.14709675565310826,461,1395,2780,674
23,0.2,0.1,Hoeffding-Bentkus,27.159271,0.13601045325290256,0.14709675565310826,461,1395,2780,674
23,0.2,0.1,IID-normal,27.159271,0.13601045325290256,0.14709675565310826,461,1395,2780,674
23,0.2,0.1,Empirical Bernstein,27.159271,0.13601045325290256,0.14709675565310826,461,1395,2780,674
23,0.2,0.1,Platt calibration,27.159271,0.13601045325290256,0.14709675565310826,461,1395,2780,674
23,0.2,0.1,Isotonic calibration,27.159271,0.13601045325290256,0.14709675565310826,461,1395,2780,674
24,0.05,0.5,Multilabel,62.000847,0.041617904919518486,0.038370152861806874,164,443,724,246
24,0.05,0.5,Hoeffding/LTT,62.000847,0.041617904919518486,0.038370152861806874,164,443,724,246
24,0.05,0.5,Hoeffding-Bentkus,62.000847,0.041617904919518486,0.038370152861806874,164,443,724,246
24,0.05,0.5,IID-normal,62.000847,0.041617904919518486,0.038370152861806874,164,443,724,246
24,0.05,0.5,Empirical Bernstein,62.000847,0.041617904919518486,0.038370152861806874,164,443,724,246
24,0.05,0.5,Platt calibration,52.565611,0.0588317867486258,0.0555390234449415,183,530,972,296
24,0.05,0.5,Isotonic calibration,62.000847,0.041617904919518486,0.038370152861806874,164,443,724,246
24,0.05,0.1,Multilabel,62.000847,0.041617904919518486,0.038370152861806874,164,443,724,246
24,0.05,0.1,Hoeffding/LTT,73.129656,0.021369466280513033,0.021189129535108295,133,268,395,178
24,0.05,0.1,Hoeffding-Bentkus,62.000847,0.041617904919518486,0.038370152861806874,164,443,724,246
24,0.05,0.1,IID-normal,62.000847,0.041617904919518486,0.038370152861806874,164,443,724,246
24,0.05,0.1,Empirical Bernstein,62.000847,0.041617904919518486,0.038370152861806874,164,443,724,246
24,0.05,0.1,Platt calibration,52.565611,0.0588317867486258,0.0555390234449415,183,530,972,296
24,0.05,0.1,Isotonic calibration,62.000847,0.041617904919518486,0.038370152861806874,164,443,724,246
24,0.1,0.5,Multilabel,37.784172,0.08471343854049687,0.08219491686866498,263,805,1650,406
24,0.1,0.5,Hoeffding/LTT,37.784172,0.08471343854049687,0.08219491686866498,263,805,1650,406
24,0.1,0.5,Hoeffding-Bentkus,37.784172,0.08471343854049687,0.08219491686866498,263,805,1650,406
24,0.1,0.5,IID-normal,37.784172,0.08471343854049687,0.08219491686866498,263,805,1650,406
24,0.1,0.5,Empirical Bernstein,37.784172,0.08471343854049687,0.08219491686866498,263,805,1650,406
24,0.1,0.5,Platt calibration,37.784172,0.08471343854049687,0.08219491686866498,263,805,1650,406
24,0.1,0.5,Isotonic calibration,37.784172,0.08471343854049687,0.08219491686866498,263,805,1650,406
24,0.1,0.1,Multilabel,37.784172,0.08471343854049687,0.08219491686866498,263,805,1650,406
24,0.1,0.1,Hoeffding/LTT,44.566222,0.07454242764544791,0.071262867127814,204,604,1223,342
24,0.1,0.1,Hoeffding-Bentkus,37.784172,0.08471343854049687,0.08219491686866498,263,805,1650,406
24,0.1,0.1,IID-normal,37.784172,0.08471343854049687,0.08219491686866498,263,805,1650,406
24,0.1,0.1,Empirical Bernstein,37.784172,0.08471343854049687,0.08219491686866498,263,805,1650,406
24,0.1,0.1,Platt calibration,37.784172,0.08471343854049687,0.08219491686866498,263,805,1650,406
24,0.1,0.1,Isotonic calibration,37.784172,0.08471343854049687,0.08219491686866498,263,805,1650,406
24,0.2,0.5,Multilabel,27.159271,0.14703995723855054,0.14522775128031026,476,1304,2889,710
24,0.2,0.5,Hoeffding/LTT,27.159271,0.14703995723855054,0.14522775128031026,476,1304,2889,710
24,0.2,0.5,Hoeffding-Bentkus,27.159271,0.14703995723855054,0.14522775128031026,476,1304,2889,710
24,0.2,0.5,IID-normal,27.159271,0.14703995723855054,0.14522775128031026,476,1304,2889,710
24,0.2,0.5,Empirical Bernstein,27.159271,0.14703995723855054,0.14522775128031026,476,1304,2889,710
24,0.2,0.5,Platt calibration,27.159271,0.14703995723855054,0.14522775128031026,476,1304,2889,710
24,0.2,0.5,Isotonic calibration,27.159271,0.14703995723855054,0.14522775128031026,476,1304,2889,710
24,0.2,0.1,Multilabel,27.159271,0.14703995723855054,0.14522775128031026,476,1304,2889,710
24,0.2,0.1,Hoeffding/LTT,27.159271,0.14703995723855054,0.14522775128031026,476,1304,2889,710
24,0.2,0.1,Hoeffding-Bentkus,27.159271,0.14703995723855054,0.14522775128031026,476,1304,2889,710
24,0.2,0.1,IID-normal,27.159271,0.14703995723855054,0.14522775128031026,476,1304,2889,710
24,0.2,0.1,Empirical Bernstein,27.159271,0.14703995723855054,0.14522775128031026,476,1304,2889,710
24,0.2,0.1,Platt calibration,27.159271,0.14703995723855054,0.14522775128031026,476,1304,2889,710
24,0.2,0.1,Isotonic calibration,27.159271,0.14703995723855054,0.14522775128031026,476,1304,2889,710
25,0.05,0.5,Multilabel,62.000847,0.04373288413420809,0.03978578326074532,155,407,704,238
25,0.05,0.5,Hoeffding/LTT,62.000847,0.04373288413420809,0.03978578326074532,155,407,704,238
25,0.05,0.5,Hoeffding-Bentkus,62.000847,0.04373288413420809,0.03978578326074532,155,407,704,238
25,0.05,0.5,IID-normal,62.000847,0.04373288413420809,0.03978578326074532,155,407,704,238
25,0.05,0.5,Empirical Bernstein,62.000847,0.04373288413420809,0.03978578326074532,155,407,704,238
25,0.05,0.5,Platt calibration,52.565611,0.06134375554110763,0.05714367827417903,169,476,938,287
25,0.05,0.5,Isotonic calibration,62.000847,0.04373288413420809,0.03978578326074532,155,407,704,238
25,0.05,0.1,Multilabel,62.000847,0.04373288413420809,0.03978578326074532,155,407,704,238
25,0.05,0.1,Hoeffding/LTT,73.129656,0.024782788580885395,0.02115464201958891,120,256,368,173
25,0.05,0.1,Hoeffding-Bentkus,62.000847,0.04373288413420809,0.03978578326074532,155,407,704,238
25,0.05,0.1,IID-normal,62.000847,0.04373288413420809,0.03978578326074532,155,407,704,238
25,0.05,0.1,Empirical Bernstein,62.000847,0.04373288413420809,0.03978578326074532,155,407,704,238
25,0.05,0.1,Platt calibration,52.565611,0.06134375554110763,0.05714367827417903,169,476,938,287
25,0.05,0.1,Isotonic calibration,62.000847,0.04373288413420809,0.03978578326074532,155,407,704,238
25,0.1,0.5,Multilabel,37.784172,0.08789723584924247,0.08470434893044909,265,775,1639,410
25,0.1,0.5,Hoeffding/LTT,37.784172,0.08789723584924247,0.08470434893044909,265,775,1639,410
25,0.1,0.5,Hoeffding-Bentkus,37.784172,0.08789723584924247,0.08470434893044909,265,775,1639,410
25,0.1,0.5,IID-normal,37.784172,0.08789723584924247,0.08470434893044909,265,775,1639,410
25,0.1,0.5,Empirical Bernstein,37.784172,0.08789723584924247,0.08470434893044909,265,775,1639,410
25,0.1,0.5,Platt calibration,37.784172,0.08789723584924247,0.08470434893044909,265,775,1639,410
25,0.1,0.5,Isotonic calibration,37.784172,0.08789723584924247,0.08470434893044909,265,775,1639,410
25,0.1,0.1,Multilabel,37.784172,0.08789723584924247,0.08470434893044909,265,775,1639,410
25,0.1,0.1,Hoeffding/LTT,44.566222,0.07509013535078907,0.07326938362598455,201,568,1193,340
25,0.1,0.1,Hoeffding-Bentkus,37.784172,0.08789723584924247,0.08470434893044909,265,775,1639,410
25,0.1,0.1,IID-normal,37.784172,0.08789723584924247,0.08470434893044909,265,775,1639,410
25,0.1,0.1,Empirical Bernstein,44.566222,0.07509013535078907,0.07326938362598455,201,568,1193,340
25,0.1,0.1,Platt calibration,37.784172,0.08789723584924247,0.08470434893044909,265,775,1639,410
25,0.1,0.1,Isotonic calibration,37.784172,0.08789723584924247,0.08470434893044909,265,775,1639,410
25,0.2,0.5,Multilabel,27.159271,0.1537404810056858,0.1487048243980235,473,1330,2935,717
25,0.2,0.5,Hoeffding/LTT,27.159271,0.1537404810056858,0.1487048243980235,473,1330,2935,717
25,0.2,0.5,Hoeffding-Bentkus,27.159271,0.1537404810056858,0.1487048243980235,473,1330,2935,717
25,0.2,0.5,IID-normal,27.159271,0.1537404810056858,0.1487048243980235,473,1330,2935,717
25,0.2,0.5,Empirical Bernstein,27.159271,0.1537404810056858,0.1487048243980235,473,1330,2935,717
25,0.2,0.5,Platt calibration,27.159271,0.1537404810056858,0.1487048243980235,473,1330,2935,717
25,0.2,0.5,Isotonic calibration,27.159271,0.1537404810056858,0.1487048243980235,473,1330,2935,717
25,0.2,0.1,Multilabel,27.159271,0.1537404810056858,0.1487048243980235,473,1330,2935,717
25,0.2,0.1,Hoeffding/LTT,27.159271,0.1537404810056858,0.1487048243980235,473,1330,2935,717
25,0.2,0.1,Hoeffding-Bentkus,27.159271,0.1537404810056858,0.1487048243980235,473,1330,2935,717
25,0.2,0.1,IID-normal,27.159271,0.1537404810056858,0.1487048243980235,473,1330,2935,717
25,0.2,0.1,Empirical Bernstein,27.159271,0.1537404810056858,0.1487048243980235,473,1330,2935,717
25,0.2,0.1,Platt calibration,27.159271,0.1537404810056858,0.1487048243980235,473,1330,2935,717
25,0.2,0.1,Isotonic calibration,27.159271,0.1537404810056858,0.1487048243980235,473,1330,2935,717
26,0.05,0.5,Multilabel,62.000847,0.03852473550446244,0.04022525274422088,156,408,639,231
26,0.05,0.5,Hoeffding/LTT,73.129656,0.022238311956971454,0.021547799696509863,126,249,356,174
26,0.05,0.5,Hoeffding-Bentkus,62.000847,0.03852473550446244,0.04022525274422088,156,408,639,231
26,0.05,0.5,IID-normal,62.000847,0.03852473550446244,0.04022525274422088,156,408,639,231
26,0.05,0.5,Empirical Bernstein,62.000847,0.03852473550446244,0.04022525274422088,156,408,639,231
26,0.05,0.5,Platt calibration,52.565611,0.05462251512106705,0.05748625426167156,172,491,886,274
26,0.05,0.5,Isotonic calibration,62.000847,0.03852473550446244,0.04022525274422088,156,408,639,231
26,0.05,0.1,Multilabel,62.000847,0.03852473550446244,0.04022525274422088,156,408,639,231
26,0.05,0.1,Hoeffding/LTT,73.129656,0.022238311956971454,0.021547799696509863,126,249,356,174
26,0.05,0.1,Hoeffding-Bentkus,62.000847,0.03852473550446244,0.04022525274422088,156,408,639,231
26,0.05,0.1,IID-normal,62.000847,0.03852473550446244,0.04022525274422088,156,408,639,231
26,0.05,0.1,Empirical Bernstein,73.129656,0.022238311956971454,0.021547799696509863,126,249,356,174
26,0.05,0.1,Platt calibration,52.565611,0.05462251512106705,0.05748625426167156,172,491,886,274
26,0.05,0.1,Isotonic calibration,62.000847,0.03852473550446244,0.04022525274422088,156,408,639,231
26,0.1,0.5,Multilabel,37.784172,0.07864678763520302,0.08487744341310349,252,771,1549,380
26,0.1,0.5,Hoeffding/LTT,44.566222,0.06898506609925725,0.07313570344678084,203,591,1145,327
26,0.1,0.5,Hoeffding-Bentkus,37.784172,0.07864678763520302,0.08487744341310349,252,771,1549,380
26,0.1,0.5,IID-normal,37.784172,0.07864678763520302,0.08487744341310349,252,771,1549,380
26,0.1,0.5,Empirical Bernstein,44.566222,0.06898506609925725,0.07313570344678084,203,591,1145,327
26,0.1,0.5,Platt calibration,37.784172,0.07864678763520302,0.08487744341310349,252,771,1549,380
26,0.1,0.5,Isotonic calibration,37.784172,0.07864678763520302,0.08487744341310349,252,771,1549,380
26,0.1,0.1,Multilabel,44.566222,0.06898506609925725,0.07313570344678084,203,591,1145,327
26,0.1,0.1,Hoeffding/LTT,44.566222,0.06898506609925725,0.07313570344678084,203,591,1145,327
26,0.1,0.1,Hoeffding-Bentkus,44.566222,0.06898506609925725,0.07313570344678084,203,591,1145,327
26,0.1,0.1,IID-normal,44.566222,0.06898506609925725,0.07313570344678084,203,591,1145,327
26,0.1,0.1,Empirical Bernstein,44.566222,0.06898506609925725,0.07313570344678084,203,591,1145,327
26,0.1,0.1,Platt calibration,37.784172,0.07864678763520302,0.08487744341310349,252,771,1549,380
26,0.1,0.1,Isotonic calibration,37.784172,0.07864678763520302,0.08487744341310349,252,771,1549,380
26,0.2,0.5,Multilabel,27.159271,0.13521047402925762,0.1469387401274558,473,1361,2842,683
26,0.2,0.5,Hoeffding/LTT,27.159271,0.13521047402925762,0.1469387401274558,473,1361,2842,683
26,0.2,0.5,Hoeffding-Bentkus,27.159271,0.13521047402925762,0.1469387401274558,473,1361,2842,683
26,0.2,0.5,IID-normal,27.159271,0.13521047402925762,0.1469387401274558,473,1361,2842,683
26,0.2,0.5,Empirical Bernstein,27.159271,0.13521047402925762,0.1469387401274558,473,1361,2842,683
26,0.2,0.5,Platt calibration,27.159271,0.13521047402925762,0.1469387401274558,473,1361,2842,683
26,0.2,0.5,Isotonic calibration,27.159271,0.13521047402925762,0.1469387401274558,473,1361,2842,683
26,0.2,0.1,Multilabel,27.159271,0.13521047402925762,0.1469387401274558,473,1361,2842,683
26,0.2,0.1,Hoeffding/LTT,27.159271,0.13521047402925762,0.1469387401274558,473,1361,2842,683
26,0.2,0.1,Hoeffding-Bentkus,27.159271,0.13521047402925762,0.1469387401274558,473,1361,2842,683
26,0.2,0.1,IID-normal,27.159271,0.13521047402925762,0.1469387401274558,473,1361,2842,683
26,0.2,0.1,Empirical Bernstein,27.159271,0.13521047402925762,0.1469387401274558,473,1361,2842,683
26,0.2,0.1,Platt calibration,27.159271,0.13521047402925762,0.1469387401274558,473,1361,2842,683
26,0.2,0.1,Isotonic calibration,27.159271,0.13521047402925762,0.1469387401274558,473,1361,2842,683
27,0.05,0.5,Multilabel,62.000847,0.042254270346947224,0.038970235631844125,166,424,710,245
27,0.05,0.5,Hoeffding/LTT,62.000847,0.042254270346947224,0.038970235631844125,166,424,710,245
27,0.05,0.5,Hoeffding-Bentkus,62.000847,0.042254270346947224,0.038970235631844125,166,424,710,245
27,0.05,0.5,IID-normal,62.000847,0.042254270346947224,0.038970235631844125,166,424,710,245
27,0.05,0.5,Empirical Bernstein,62.000847,0.042254270346947224,0.038970235631844125,166,424,710,245
27,0.05,0.5,Platt calibration,52.565611,0.05844563311464428,0.0563836391226376,184,522,994,291
27,0.05,0.5,Isotonic calibration,62.000847,0.042254270346947224,0.038970235631844125,166,424,710,245
27,0.05,0.1,Multilabel,62.000847,0.042254270346947224,0.038970235631844125,166,424,710,245
27,0.05,0.1,Hoeffding/LTT,73.129656,0.023065784029788993,0.02180990481445717,124,254,365,175
27,0.05,0.1,Hoeffding-Bentkus,62.000847,0.042254270346947224,0.038970235631844125,166,424,710,245
27,0.05,0.1,IID-normal,62.000847,0.042254270346947224,0.038970235631844125,166,424,710,245
27,0.05,0.1,Empirical Bernstein,62.000847,0.042254270346947224,0.038970235631844125,166,424,710,245
27,0.05,0.1,Platt calibration,52.565611,0.05844563311464428,0.0563836391226376,184,522,994,291
27,0.05,0.1,Isotonic calibration,62.000847,0.042254270346947224,0.038970235631844125,166,424,710,245
27,0.1,0.5,Multilabel,37.784172,0.08459916858758398,0.08376913509690444,261,800,1675,396
27,0.1,0.5,Hoeffding/LTT,37.784172,0.08459916858758398,0.08376913509690444,261,800,1675,396
27,0.1,0.5,Hoeffding-Bentkus,37.784172,0.08459916858758398,0.08376913509690444,261,800,1675,396
27,0.1,0.5,IID-normal,37.784172,0.08459916858758398,0.08376913509690444,261,800,1675,396
27,0.1,0.5,Empirical Bernstein,37.784172,0.08459916858758398,0.08376913509690444,261,800,1675,396
27,0.1,0.5,Platt calibration,37.784172,0.08459916858758398,0.08376913509690444,261,800,1675,396
27,0.1,0.5,Isotonic calibration,37.784172,0.08459916858758398,0.08376913509690444,261,800,1675,396
27,0.1,0.1,Multilabel,37.784172,0.08459916858758398,0.08376913509690444,261,800,1675,396
27,0.1,0.1,Hoeffding/LTT,44.566222,0.07384695706996079,0.072381576440757,209,603,1236,343
27,0.1,0.1,Hoeffding-Bentkus,37.784172,0.08459916858758398,0.08376913509690444,261,800,1675,396
27,0.1,0.1,IID-normal,37.784172,0.08459916858758398,0.08376913509690444,261,800,1675,396
27,0.1,0.1,Empirical Bernstein,44.566222,0.07384695706996079,0.072381576440757,209,603,1236,343
27,0.1,0.1,Platt calibration,37.784172,0.08459916858758398,0.08376913509690444,261,800,1675,396
27,0.1,0.1,Isotonic calibration,37.784172,0.08459916858758398,0.08376913509690444,261,800,1675,396
27,0.2,0.5,Multilabel,27.159271,0.14691169745989774,0.14852891816266076,483,1365,2918,716
27,0.2,0.5,Hoeffding/LTT,27.159271,0.14691169745989774,0.14852891816266076,483,1365,2918,716
27,0.2,0.5,Hoeffding-Bentkus,27.159271,0.14691169745989774,0.14852891816266076,483,1365,2918,716
27,0.2,0.5,IID-normal,27.159271,0.14691169745989774,0.14852891816266076,483,1365,2918,716
27,0.2,0.5,Empirical Bernstein,27.159271,0.14691169745989774,0.14852891816266076,483,1365,2918,716
27,0.2,0.5,Platt calibration,27.159271,0.14691169745989774,0.14852891816266076,483,1365,2918,716
27,0.2,0.5,Isotonic calibration,27.159271,0.14691169745989774,0.14852891816266076,483,1365,2918,716
27,0.2,0.1,Multilabel,27.159271,0.14691169745989774,0.14852891816266076,483,1365,2918,716
27,0.2,0.1,Hoeffding/LTT,27.159271,0.14691169745989774,0.14852891816266076,483,1365,2918,716
27,0.2,0.1,Hoeffding-Bentkus,27.159271,0.14691169745989774,0.14852891816266076,483,1365,2918,716
27,0.2,0.1,IID-normal,27.159271,0.14691169745989774,0.14852891816266076,483,1365,2918,716
27,0.2,0.1,Empirical Bernstein,27.159271,0.14691169745989774,0.14852891816266076,483,1365,2918,716
27,0.2,0.1,Platt calibration,27.159271,0.14691169745989774,0.14852891816266076,483,1365,2918,716
27,0.2,0.1,Isotonic calibration,27.159271,0.14691169745989774,0.14852891816266076,483,1365,2918,716
28,0.05,0.5,Multilabel,62.000847,0.039861496936383155,0.03861977678366146,162,420,643,241
28,0.05,0.5,Hoeffding/LTT,62.000847,0.039861496936383155,0.03861977678366146,162,420,643,241
28,0.05,0.5,Hoeffding-Bentkus,62.000847,0.039861496936383155,0.03861977678366146,162,420,643,241
28,0.05,0.5,IID-normal,62.000847,0.039861496936383155,0.03861977678366146,162,420,643,241
28,0.05,0.5,Empirical Bernstein,62.000847,0.039861496936383155,0.03861977678366146,162,420,643,241
28,0.05,0.5,Platt calibration,52.565611,0.05264397028981225,0.054733822070696124,174,495,865,276
28,0.05,0.5,Isotonic calibration,62.000847,0.039861496936383155,0.03861977678366146,162,420,643,241
28,0.05,0.1,Multilabel,62.000847,0.039861496936383155,0.03861977678366146,162,420,643,241
28,0.05,0.1,Hoeffding/LTT,73.129656,0.01737691352916839,0.020568354255759414,134,276,348,172
28,0.05,0.1,Hoeffding-Bentkus,62.000847,0.039861496936383155,0.03861977678366146,162,420,643,241
28,0.05,0.1,IID-normal,62.000847,0.039861496936383155,0.03861977678366146,162,420,643,241
28,0.05,0.1,Empirical Bernstein,62.000847,0.039861496936383155,0.03861977678366146,162,420,643,241
28,0.05,0.1,Platt calibration,52.565611,0.05264397028981225,0.054733822070696124,174,495,865,276
28,0.05,0.1,Isotonic calibration,62.000847,0.039861496936383155,0.03861977678366146,162,420,643,241
28,0.1,0.5,Multilabel,37.784172,0.07923866002062113,0.08151814043316319,264,786,1539,397
28,0.1,0.5,Hoeffding/LTT,37.784172,0.07923866002062113,0.08151814043316319,264,786,1539,397
28,0.1,0.5,Hoeffding-Bentkus,37.784172,0.07923866002062113,0.08151814043316319,264,786,1539,397
28,0.1,0.5,IID-normal,37.784172,0.07923866002062113,0.08151814043316319,264,786,1539,397
28,0.1,0.5,Empirical Bernstein,37.784172,0.07923866002062113,0.08151814043316319,264,786,1539,397
28,0.1,0.5,Platt calibration,37.784172,0.07923866002062113,0.08151814043316319,264,786,1539,397
28,0.1,0.5,Isotonic calibration,37.784172,0.07923866002062113,0.08151814043316319,264,786,1539,397
28,0.1,0.1,Multilabel,37.784172,0.07923866002062113,0.08151814043316319,264,786,1539,397
28,0.1,0.1,Hoeffding/LTT,44.566222,0.0678665011722521,0.07032513515821559,209,591,1118,334
28,0.1,0.1,Hoeffding-Bentkus,37.784172,0.07923866002062113,0.08151814043316319,264,786,1539,397
28,0.1,0.1,IID-normal,37.784172,0.07923866002062113,0.08151814043316319,264,786,1539,397
28,0.1,0.1,Empirical Bernstein,37.784172,0.07923866002062113,0.08151814043316319,264,786,1539,397
28,0.1,0.1,Platt calibration,37.784172,0.07923866002062113,0.08151814043316319,264,786,1539,397
28,0.1,0.1,Isotonic calibration,37.784172,0.07923866002062113,0.08151814043316319,264,786,1539,397
28,0.2,0.5,Multilabel,27.159271,0.14884925560349638,0.14565065381729747,477,1369,2883,723
28,0.2,0.5,Hoeffding/LTT,27.159271,0.14884925560349638,0.14565065381729747,477,1369,2883,723
28,0.2,0.5,Hoeffding-Bentkus,27.159271,0.14884925560349638,0.14565065381729747,477,1369,2883,723
28,0.2,0.5,IID-normal,27.159271,0.14884925560349638,0.14565065381729747,477,1369,2883,723
28,0.2,0.5,Empirical Bernstein,27.159271,0.14884925560349638,0.14565065381729747,477,1369,2883,723
28,0.2,0.5,Platt calibration,27.159271,0.14884925560349638,0.14565065381729747,477,1369,2883,723
28,0.2,0.5,Isotonic calibration,27.159271,0.14884925560349638,0.14565065381729747,477,1369,2883,723
28,0.2,0.1,Multilabel,27.159271,0.14884925560349638,0.14565065381729747,477,1369,2883,723
28,0.2,0.1,Hoeffding/LTT,27.159271,0.14884925560349638,0.14565065381729747,477,1369,2883,723
28,0.2,0.1,Hoeffding-Bentkus,27.159271,0.14884925560349638,0.14565065381729747,477,1369,2883,723
28,0.2,0.1,IID-normal,27.159271,0.14884925560349638,0.14565065381729747,477,1369,2883,723
28,0.2,0.1,Empirical Bernstein,27.159271,0.14884925560349638,0.14565065381729747,477,1369,2883,723
28,0.2,0.1,Platt calibration,27.159271,0.14884925560349638,0.14565065381729747,477,1369,2883,723
28,0.2,0.1,Isotonic calibration,27.159271,0.14884925560349638,0.14565065381729747,477,1369,2883,723
29,0.05,0.5,Multilabel,62.000847,0.03827747896841815,0.0386710153781474,150,417,641,230
29,0.05,0.5,Hoeffding/LTT,73.129656,0.017480347538270585,0.02030624913781211,126,257,334,165
29,0.05,0.5,Hoeffding-Bentkus,62.000847,0.03827747896841815,0.0386710153781474,150,417,641,230
29,0.05,0.5,IID-normal,62.000847,0.03827747896841815,0.0386710153781474,150,417,641,230
29,0.05,0.5,Empirical Bernstein,62.000847,0.03827747896841815,0.0386710153781474,150,417,641,230
29,0.05,0.5,Platt calibration,52.565611,0.05609078550741769,0.05557827352212784,166,493,869,280
29,0.05,0.5,Isotonic calibration,62.000847,0.03827747896841815,0.0386710153781474,150,417,641,230
29,0.05,0.1,Multilabel,62.000847,0.03827747896841815,0.0386710153781474,150,417,641,230
29,0.05,0.1,Hoeffding/LTT,73.129656,0.017480347538270585,0.02030624913781211,126,257,334,165
29,0.05,0.1,Hoeffding-Bentkus,62.000847,0.03827747896841815,0.0386710153781474,150,417,641,230
29,0.05,0.1,IID-normal,62.000847,0.03827747896841815,0.0386710153781474,150,417,641,230
29,0.05,0.1,Empirical Bernstein,73.129656,0.017480347538270585,0.02030624913781211,126,257,334,165
29,0.05,0.1,Platt calibration,52.565611,0.05609078550741769,0.05557827352212784,166,493,869,280
29,0.05,0.1,Isotonic calibration,62.000847,0.03827747896841815,0.0386710153781474,150,417,641,230
29,0.1,0.5,Multilabel,37.784172,0.08058379468185012,0.08293585103145043,250,786,1571,393
29,0.1,0.5,Hoeffding/LTT,37.784172,0.08058379468185012,0.08293585103145043,250,786,1571,393
29,0.1,0.5,Hoeffding-Bentkus,37.784172,0.08058379468185012,0.08293585103145043,250,786,1571,393
29,0.1,0.5,IID-normal,37.784172,0.08058379468185012,0.08293585103145043,250,786,1571,393
29,0.1,0.5,Empirical Bernstein,37.784172,0.08058379468185012,0.08293585103145043,250,786,1571,393
29,0.1,0.5,Platt calibration,37.784172,0.08058379468185012,0.08293585103145043,250,786,1571,393
29,0.1,0.5,Isotonic calibration,37.784172,0.08058379468185012,0.08293585103145043,250,786,1571,393
29,0.1,0.1,Multilabel,37.784172,0.08058379468185012,0.08293585103145043,250,786,1571,393
29,0.1,0.1,Hoeffding/LTT,44.566222,0.06952981854719546,0.0715028017000703,200,594,1136,334
29,0.1,0.1,Hoeffding-Bentkus,37.784172,0.08058379468185012,0.08293585103145043,250,786,1571,393
29,0.1,0.1,IID-normal,37.784172,0.08058379468185012,0.08293585103145043,250,786,1571,393
29,0.1,0.1,Empirical Bernstein,44.566222,0.06952981854719546,0.0715028017000703,200,594,1136,334
29,0.1,0.1,Platt calibration,37.784172,0.08058379468185012,0.08293585103145043,250,786,1571,393
29,0.1,0.1,Isotonic calibration,37.784172,0.08058379468185012,0.08293585103145043,250,786,1571,393
29,0.2,0.5,Multilabel,27.159271,0.14130007123387348,0.14485087190977658,469,1339,2836,703
29,0.2,0.5,Hoeffding/LTT,27.159271,0.14130007123387348,0.14485087190977658,469,1339,2836,703
29,0.2,0.5,Hoeffding-Bentkus,27.159271,0.14130007123387348,0.14485087190977658,469,1339,2836,703
29,0.2,0.5,IID-normal,27.159271,0.14130007123387348,0.14485087190977658,469,1339,2836,703
29,0.2,0.5,Empirical Bernstein,27.159271,0.14130007123387348,0.14485087190977658,469,1339,2836,703
29,0.2,0.5,Platt calibration,27.159271,0.14130007123387348,0.14485087190977658,469,1339,2836,703
29,0.2,0.5,Isotonic calibration,27.159271,0.14130007123387348,0.14485087190977658,469,1339,2836,703
29,0.2,0.1,Multilabel,27.159271,0.14130007123387348,0.14485087190977658,469,1339,2836,703
29,0.2,0.1,Hoeffding/LTT,27.159271,0.14130007123387348,0.14485087190977658,469,1339,2836,703
29,0.2,0.1,Hoeffding-Bentkus,27.159271,0.14130007123387348,0.14485087190977658,469,1339,2836,703
29,0.2,0.1,IID-normal,27.159271,0.14130007123387348,0.14485087190977658,469,1339,2836,703
29,0.2,0.1,Empirical Bernstein,27.159271,0.14130007123387348,0.14485087190977658,469,1339,2836,703
29,0.2,0.1,Platt calibration,27.159271,0.14130007123387348,0.14485087190977658,469,1339,2836,703
29,0.2,0.1,Isotonic calibration,27.159271,0.14130007123387348,0.14485087190977658,469,1339,2836,703
30,0.05,0.5,Multilabel,62.000847,0.03591130287448037,0.03893706192643978,155,419,617,225
30,0.05,0.5,Hoeffding/LTT,73.129656,0.014873810508895326,0.020499379224720653,126,249,325,155
30,0.05,0.5,Hoeffding-Bentkus,62.000847,0.03591130287448037,0.03893706192643978,155,419,617,225
30,0.05,0.5,IID-normal,62.000847,0.03591130287448037,0.03893706192643978,155,419,617,225
30,0.05,0.5,Empirical Bernstein,62.000847,0.03591130287448037,0.03893706192643978,155,419,617,225
30,0.05,0.5,Platt calibration,52.565611,0.051647063459227295,0.0561036333418731,173,518,857,272
30,0.05,0.5,Isotonic calibration,62.000847,0.03591130287448037,0.03893706192643978,155,419,617,225
30,0.05,0.1,Multilabel,62.000847,0.03591130287448037,0.03893706192643978,155,419,617,225
30,0.05,0.1,Hoeffding/LTT,73.129656,0.014873810508895326,0.020499379224720653,126,249,325,155
30,0.05,0.1,Hoeffding-Bentkus,62.000847,0.03591130287448037,0.03893706192643978,155,419,617,225
30,0.05,0.1,IID-normal,62.000847,0.03591130287448037,0.03893706192643978,155,419,617,225
30,0.05,0.1,Empirical Bernstein,73.129656,0.014873810508895326,0.020499379224720653,126,249,325,155
30,0.05,0.1,Platt calibration,52.565611,0.051647063459227295,0.0561036333418731,173,518,857,272
30,0.05,0.1,Isotonic calibration,62.000847,0.03591130287448037,0.03893706192643978,155,419,617,225
30,0.1,0.5,Multilabel,37.784172,0.07763789559403958,0.08283983340887742,271,848,1569,400
30,0.1,0.5,Hoeffding/LTT,44.566222,0.06285389207399965,0.07167852380295475,211,626,1103,324
30,0.1,0.5,Hoeffding-Bentkus,37.784172,0.07763789559403958,0.08283983340887742,271,848,1569,400
30,0.1,0.5,IID-normal,37.784172,0.07763789559403958,0.08283983340887742,271,848,1569,400
30,0.1,0.5,Empirical Bernstein,37.784172,0.07763789559403958,0.08283983340887742,271,848,1569,400
30,0.1,0.5,Platt calibration,37.784172,0.07763789559403958,0.08283983340887742,271,848,1569,400
30,0.1,0.5,Isotonic calibration,37.784172,0.07763789559403958,0.08283983340887742,271,848,1569,400
30,0.1,0.1,Multilabel,37.784172,0.07763789559403958,0.08283983340887742,271,848,1569,400
30,0.1,0.1,Hoeffding/LTT,44.566222,0.06285389207399965,0.07167852380295475,211,626,1103,324
30,0.1,0.1,Hoeffding-Bentkus,37.784172,0.07763789559403958,0.08283983340887742,271,848,1569,400
30,0.1,0.1,IID-normal,37.784172,0.07763789559403958,0.08283983340887742,271,848,1569,400
30,0.1,0.1,Empirical Bernstein,44.566222,0.06285389207399965,0.07167852380295475,211,626,1103,324
30,0.1,0.1,Platt calibration,37.784172,0.07763789559403958,0.08283983340887742,271,848,1569,400
30,0.1,0.1,Isotonic calibration,37.784172,0.07763789559403958,0.08283983340887742,271,848,1569,400
30,0.2,0.5,Multilabel,27.159271,0.14020893371327794,0.14471741069892538,470,1398,2815,697
30,0.2,0.5,Hoeffding/LTT,27.159271,0.14020893371327794,0.14471741069892538,470,1398,2815,697
30,0.2,0.5,Hoeffding-Bentkus,27.159271,0.14020893371327794,0.14471741069892538,470,1398,2815,697
30,0.2,0.5,IID-normal,27.159271,0.14020893371327794,0.14471741069892538,470,1398,2815,697
30,0.2,0.5,Empirical Bernstein,27.159271,0.14020893371327794,0.14471741069892538,470,1398,2815,697
30,0.2,0.5,Platt calibration,27.159271,0.14020893371327794,0.14471741069892538,470,1398,2815,697
30,0.2,0.5,Isotonic calibration,27.159271,0.14020893371327794,0.14471741069892538,470,1398,2815,697
30,0.2,0.1,Multilabel,27.159271,0.14020893371327794,0.14471741069892538,470,1398,2815,697
30,0.2,0.1,Hoeffding/LTT,27.159271,0.14020893371327794,0.14471741069892538,470,1398,2815,697
30,0.2,0.1,Hoeffding-Bentkus,27.159271,0.14020893371327794,0.14471741069892538,470,1398,2815,697
30,0.2,0.1,IID-normal,27.159271,0.14020893371327794,0.14471741069892538,470,1398,2815,697
30,0.2,0.1,Empirical Bernstein,27.159271,0.14020893371327794,0.14471741069892538,470,1398,2815,697
30,0.2,0.1,Platt calibration,27.159271,0.14020893371327794,0.14471741069892538,470,1398,2815,697
30,0.2,0.1,Isotonic calibration,27.159271,0.14020893371327794,0.14471741069892538,470,1398,2815,697
31,0.05,0.5,Multilabel,62.000847,0.03691313513407018,0.038468360167904926,159,426,671,228
31,0.05,0.5,Hoeffding/LTT,73.129656,0.020066197765825404,0.02057525175886329,128,255,353,171
31,0.05,0.5,Hoeffding-Bentkus,62.000847,0.03691313513407018,0.038468360167904926,159,426,671,228
31,0.05,0.5,IID-normal,62.000847,0.03691313513407018,0.038468360167904926,159,426,671,228
31,0.05,0.5,Empirical Bernstein,62.000847,0.03691313513407018,0.038468360167904926,159,426,671,228
31,0.05,0.5,Platt calibration,52.565611,0.05479786039364029,0.055577616617070336,177,526,941,278
31,0.05,0.5,Isotonic calibration,62.000847,0.03691313513407018,0.038468360167904926,159,426,671,228
31,0.05,0.1,Multilabel,62.000847,0.03691313513407018,0.038468360167904926,159,426,671,228
31,0.05,0.1,Hoeffding/LTT,73.129656,0.020066197765825404,0.02057525175886329,128,255,353,171
31,0.05,0.1,Hoeffding-Bentkus,62.000847,0.03691313513407018,0.038468360167904926,159,426,671,228
31,0.05,0.1,IID-normal,62.000847,0.03691313513407018,0.038468360167904926,159,426,671,228
31,0.05,0.1,Empirical Bernstein,73.129656,0.020066197765825404,0.02057525175886329,128,255,353,171
31,0.05,0.1,Platt calibration,52.565611,0.05479786039364029,0.055577616617070336,177,526,941,278
31,0.05,0.1,Isotonic calibration,62.000847,0.03691313513407018,0.038468360167904926,159,426,671,228
31,0.1,0.5,Multilabel,37.784172,0.08149187960938063,0.08397764771057638,265,825,1645,401
31,0.1,0.5,Hoeffding/LTT,44.566222,0.06915450085702464,0.0718657417443457,209,632,1214,333
31,0.1,0.5,Hoeffding-Bentkus,37.784172,0.08149187960938063,0.08397764771057638,265,825,1645,401
31,0.1,0.5,IID-normal,37.784172,0.08149187960938063,0.08397764771057638,265,825,1645,401
31,0.1,0.5,Empirical Bernstein,37.784172,0.08149187960938063,0.08397764771057638,265,825,1645,401
31,0.1,0.5,Platt calibration,37.784172,0.08149187960938063,0.08397764771057638,265,825,1645,401
31,0.1,0.5,Isotonic calibration,37.784172,0.08149187960938063,0.08397764771057638,265,825,1645,401
31,0.1,0.1,Multilabel,37.784172,0.08149187960938063,0.08397764771057638,265,825,1645,401
31,0.1,0.1,Hoeffding/LTT,44.566222,0.06915450085702464,0.0718657417443457,209,632,1214,333
31,0.1,0.1,Hoeffding-Bentkus,37.784172,0.08149187960938063,0.08397764771057638,265,825,1645,401
31,0.1,0.1,IID-normal,37.784172,0.08149187960938063,0.08397764771057638,265,825,1645,401
31,0.1,0.1,Empirical Bernstein,44.566222,0.06915450085702464,0.0718657417443457,209,632,1214,333
31,0.1,0.1,Platt calibration,37.784172,0.08149187960938063,0.08397764771057638,265,825,1645,401
31,0.1,0.1,Isotonic calibration,37.784172,0.08149187960938063,0.08397764771057638,265,825,1645,401
31,0.2,0.5,Multilabel,27.159271,0.15148307652445014,0.1474210776424875,477,1364,2893,730
31,0.2,0.5,Hoeffding/LTT,27.159271,0.15148307652445014,0.1474210776424875,477,1364,2893,730
31,0.2,0.5,Hoeffding-Bentkus,27.159271,0.15148307652445014,0.1474210776424875,477,1364,2893,730
31,0.2,0.5,IID-normal,27.159271,0.15148307652445014,0.1474210776424875,477,1364,2893,730
31,0.2,0.5,Empirical Bernstein,27.159271,0.15148307652445014,0.1474210776424875,477,1364,2893,730
31,0.2,0.5,Platt calibration,27.159271,0.15148307652445014,0.1474210776424875,477,1364,2893,730
31,0.2,0.5,Isotonic calibration,27.159271,0.15148307652445014,0.1474210776424875,477,1364,2893,730
31,0.2,0.1,Multilabel,27.159271,0.15148307652445014,0.1474210776424875,477,1364,2893,730
31,0.2,0.1,Hoeffding/LTT,27.159271,0.15148307652445014,0.1474210776424875,477,1364,2893,730
31,0.2,0.1,Hoeffding-Bentkus,27.159271,0.15148307652445014,0.1474210776424875,477,1364,2893,730
31,0.2,0.1,IID-normal,27.159271,0.15148307652445014,0.1474210776424875,477,1364,2893,730
31,0.2,0.1,Empirical Bernstein,27.159271,0.15148307652445014,0.1474210776424875,477,1364,2893,730
31,0.2,0.1,Platt calibration,27.159271,0.15148307652445014,0.1474210776424875,477,1364,2893,730
31,0.2,0.1,Isotonic calibration,27.159271,0.15148307652445014,0.1474210776424875,477,1364,2893,730
32,0.05,0.5,Multilabel,62.000847,0.04076088027267175,0.039665569635220624,163,424,681,242
32,0.05,0.5,Hoeffding/LTT,73.129656,0.020790235829540753,0.0208649468892261,131,258,349,175
32,0.05,0.5,Hoeffding-Bentkus,62.000847,0.04076088027267175,0.039665569635220624,163,424,681,242
32,0.05,0.5,IID-normal,62.000847,0.04076088027267175,0.039665569635220624,163,424,681,242
32,0.05,0.5,Empirical Bernstein,62.000847,0.04076088027267175,0.039665569635220624,163,424,681,242
32,0.05,0.5,Platt calibration,52.565611,0.05769450519140217,0.05557022643517332,188,530,967,294
32,0.05,0.5,Isotonic calibration,62.000847,0.04076088027267175,0.039665569635220624,163,424,681,242
32,0.05,0.1,Multilabel,62.000847,0.04076088027267175,0.039665569635220624,163,424,681,242
32,0.05,0.1,Hoeffding/LTT,73.129656,0.020790235829540753,0.0208649468892261,131,258,349,175
32,0.05,0.1,Hoeffding-Bentkus,62.000847,0.04076088027267175,0.039665569635220624,163,424,681,242
32,0.05,0.1,IID-normal,62.000847,0.04076088027267175,0.039665569635220624,163,424,681,242
32,0.05,0.1,Empirical Bernstein,73.129656,0.020790235829540753,0.0208649468892261,131,258,349,175
32,0.05,0.1,Platt calibration,52.565611,0.05769450519140217,0.05557022643517332,188,530,967,294
32,0.05,0.1,Isotonic calibration,62.000847,0.04076088027267175,0.039665569635220624,163,424,681,242
32,0.1,0.5,Multilabel,37.784172,0.08305718094712716,0.08272060514093897,293,863,1721,425
32,0.1,0.5,Hoeffding/LTT,37.784172,0.08305718094712716,0.08272060514093897,293,863,1721,425
32,0.1,0.5,Hoeffding-Bentkus,37.784172,0.08305718094712716,0.08272060514093897,293,863,1721,425
32,0.1,0.5,IID-normal,37.784172,0.08305718094712716,0.08272060514093897,293,863,1721,425
32,0.1,0.5,Empirical Bernstein,37.784172,0.08305718094712716,0.08272060514093897,293,863,1721,425
32,0.1,0.5,Platt calibration,37.784172,0.08305718094712716,0.08272060514093897,293,863,1721,425
32,0.1,0.5,Isotonic calibration,37.784172,0.08305718094712716,0.08272060514093897,293,863,1721,425
32,0.1,0.1,Multilabel,37.784172,0.08305718094712716,0.08272060514093897,293,863,1721,425
32,0.1,0.1,Hoeffding/LTT,44.566222,0.07236932836850091,0.07187428151009334,227,641,1248,358
32,0.1,0.1,Hoeffding-Bentkus,37.784172,0.08305718094712716,0.08272060514093897,293,863,1721,425
32,0.1,0.1,IID-normal,37.784172,0.08305718094712716,0.08272060514093897,293,863,1721,425
32,0.1,0.1,Empirical Bernstein,44.566222,0.07236932836850091,0.07187428151009334,227,641,1248,358
32,0.1,0.1,Platt calibration,37.784172,0.08305718094712716,0.08272060514093897,293,863,1721,425
32,0.1,0.1,Isotonic calibration,37.784172,0.08305718094712716,0.08272060514093897,293,863,1721,425
32,0.2,0.5,Multilabel,27.159271,0.1507219094517398,0.14558737196342383,499,1445,3063,737
32,0.2,0.5,Hoeffding/LTT,27.159271,0.1507219094517398,0.14558737196342383,499,1445,3063,737
32,0.2,0.5,Hoeffding-Bentkus,27.159271,0.1507219094517398,0.14558737196342383,499,1445,3063,737
32,0.2,0.5,IID-normal,27.159271,0.1507219094517398,0.14558737196342383,499,1445,3063,737
32,0.2,0.5,Empirical Bernstein,27.159271,0.1507219094517398,0.14558737196342383,499,1445,3063,737
32,0.2,0.5,Platt calibration,27.159271,0.1507219094517398,0.14558737196342383,499,1445,3063,737
32,0.2,0.5,Isotonic calibration,27.159271,0.1507219094517398,0.14558737196342383,499,1445,3063,737
32,0.2,0.1,Multilabel,27.159271,0.1507219094517398,0.14558737196342383,499,1445,3063,737
32,0.2,0.1,Hoeffding/LTT,27.159271,0.1507219094517398,0.14558737196342383,499,1445,3063,737
32,0.2,0.1,Hoeffding-Bentkus,27.159271,0.1507219094517398,0.14558737196342383,499,1445,3063,737
32,0.2,0.1,IID-normal,27.159271,0.1507219094517398,0.14558737196342383,499,1445,3063,737
32,0.2,0.1,Empirical Bernstein,27.159271,0.1507219094517398,0.14558737196342383,499,1445,3063,737
32,0.2,0.1,Platt calibration,27.159271,0.1507219094517398,0.14558737196342383,499,1445,3063,737
32,0.2,0.1,Isotonic calibration,27.159271,0.1507219094517398,0.14558737196342383,499,1445,3063,737
33,0.05,0.5,Multilabel,62.000847,0.035777331205548005,0.03872652385550716,184,476,722,250
33,0.05,0.5,Hoeffding/LTT,73.129656,0.02141083988415391,0.02080976686439509,151,296,410,196
33,0.05,0.5,Hoeffding-Bentkus,62.000847,0.035777331205548005,0.03872652385550716,184,476,722,250
33,0.05,0.5,IID-normal,62.000847,0.035777331205548005,0.03872652385550716,184,476,722,250
33,0.05,0.5,Empirical Bernstein,62.000847,0.035777331205548005,0.03872652385550716,184,476,722,250
33,0.05,0.5,Platt calibration,52.565611,0.05200267943337864,0.056439476052526125,202,585,970,297
33,0.05,0.5,Isotonic calibration,62.000847,0.035777331205548005,0.03872652385550716,184,476,722,250
33,0.05,0.1,Multilabel,62.000847,0.035777331205548005,0.03872652385550716,184,476,722,250
33,0.05,0.1,Hoeffding/LTT,73.129656,0.02141083988415391,0.02080976686439509,151,296,410,196
33,0.05,0.1,Hoeffding-Bentkus,62.000847,0.035777331205548005,0.03872652385550716,184,476,722,250
33,0.05,0.1,IID-normal,62.000847,0.035777331205548005,0.03872652385550716,184,476,722,250
33,0.05,0.1,Empirical Bernstein,73.129656,0.02141083988415391,0.02080976686439509,151,296,410,196
33,0.05,0.1,Platt calibration,52.565611,0.05200267943337864,0.056439476052526125,202,585,970,297
33,0.05,0.1,Isotonic calibration,62.000847,0.035777331205548005,0.03872652385550716,184,476,722,250
33,0.1,0.5,Multilabel,37.784172,0.08002919137590217,0.08501188998154097,297,928,1677,428
33,0.1,0.5,Hoeffding/LTT,44.566222,0.06909933605217014,0.07288492994107562,240,703,1234,362
33,0.1,0.5,Hoeffding-Bentkus,37.784172,0.08002919137590217,0.08501188998154097,297,928,1677,428
33,0.1,0.5,IID-normal,37.784172,0.08002919137590217,0.08501188998154097,297,928,1677,428
33,0.1,0.5,Empirical Bernstein,44.566222,0.06909933605217014,0.07288492994107562,240,703,1234,362
33,0.1,0.5,Platt calibration,37.784172,0.08002919137590217,0.08501188998154097,297,928,1677,428
33,0.1,0.5,Isotonic calibration,37.784172,0.08002919137590217,0.08501188998154097,297,928,1677,428
33,0.1,0.1,Multilabel,37.784172,0.08002919137590217,0.08501188998154097,297,928,1677,428
33,0.1,0.1,Hoeffding/LTT,44.566222,0.06909933605217014,0.07288492994107562,240,703,1234,362
33,0.1,0.1,Hoeffding-Bentkus,44.566222,0.06909933605217014,0.07288492994107562,240,703,1234,362
33,0.1,0.1,IID-normal,37.784172,0.08002919137590217,0.08501188998154097,297,928,1677,428
33,0.1,0.1,Empirical Bernstein,44.566222,0.06909933605217014,0.07288492994107562,240,703,1234,362
33,0.1,0.1,Platt calibration,37.784172,0.08002919137590217,0.08501188998154097,297,928,1677,428
33,0.1,0.1,Isotonic calibration,37.784172,0.08002919137590217,0.08501188998154097,297,928,1677,428
33,0.2,0.5,Multilabel,27.159271,0.14382071176651234,0.14706357199459696,511,1550,3030,738
33,0.2,0.5,Hoeffding/LTT,27.159271,0.14382071176651234,0.14706357199459696,511,1550,3030,738
33,0.2,0.5,Hoeffding-Bentkus,27.159271,0.14382071176651234,0.14706357199459696,511,1550,3030,738
33,0.2,0.5,IID-normal,27.159271,0.14382071176651234,0.14706357199459696,511,1550,3030,738
33,0.2,0.5,Empirical Bernstein,27.159271,0.14382071176651234,0.14706357199459696,511,1550,3030,738
33,0.2,0.5,Platt calibration,27.159271,0.14382071176651234,0.14706357199459696,511,1550,3030,738
33,0.2,0.5,Isotonic calibration,27.159271,0.14382071176651234,0.14706357199459696,511,1550,3030,738
33,0.2,0.1,Multilabel,27.159271,0.14382071176651234,0.14706357199459696,511,1550,3030,738
33,0.2,0.1,Hoeffding/LTT,27.159271,0.14382071176651234,0.14706357199459696,511,1550,3030,738
33,0.2,0.1,Hoeffding-Bentkus,27.159271,0.14382071176651234,0.14706357199459696,511,1550,3030,738
33,0.2,0.1,IID-normal,27.159271,0.14382071176651234,0.14706357199459696,511,1550,3030,738
33,0.2,0.1,Empirical Bernstein,27.159271,0.14382071176651234,0.14706357199459696,511,1550,3030,738
33,0.2,0.1,Platt calibration,27.159271,0.14382071176651234,0.14706357199459696,511,1550,3030,738
33,0.2,0.1,Isotonic calibration,27.159271,0.14382071176651234,0.14706357199459696,511,1550,3030,738
34,0.05,0.5,Multilabel,62.000847,0.04288472525957011,0.0392198595536987,148,378,655,230
34,0.05,0.5,Hoeffding/LTT,62.000847,0.04288472525957011,0.0392198595536987,148,378,655,230
34,0.05,0.5,Hoeffding-Bentkus,62.000847,0.04288472525957011,0.0392198595536987,148,378,655,230
34,0.05,0.5,IID-normal,62.000847,0.04288472525957011,0.0392198595536987,148,378,655,230
34,0.05,0.5,Empirical Bernstein,62.000847,0.04288472525957011,0.0392198595536987,148,378,655,230
34,0.05,0.5,Platt calibration,52.565611,0.06128662056465117,0.05686662856617333,169,473,900,288
34,0.05,0.5,Isotonic calibration,62.000847,0.04288472525957011,0.0392198595536987,148,378,655,230
34,0.05,0.1,Multilabel,62.000847,0.04288472525957011,0.0392198595536987,148,378,655,230
34,0.05,0.1,Hoeffding/LTT,73.129656,0.022031443938767065,0.020816664367498967,121,228,338,167
34,0.05,0.1,Hoeffding-Bentkus,62.000847,0.04288472525957011,0.0392198595536987,148,378,655,230
34,0.05,0.1,IID-normal,62.000847,0.04288472525957011,0.0392198595536987,148,378,655,230
34,0.05,0.1,Empirical Bernstein,62.000847,0.04288472525957011,0.0392198595536987,148,378,655,230
34,0.05,0.1,Platt calibration,52.565611,0.06128662056465117,0.05686662856617333,169,473,900,288
34,0.05,0.1,Isotonic calibration,62.000847,0.04288472525957011,0.0392198595536987,148,378,655,230
34,0.1,0.5,Multilabel,37.784172,0.0874363798753538,0.08443293765752036,268,819,1677,410
34,0.1,0.5,Hoeffding/LTT,37.784172,0.0874363798753538,0.08443293765752036,268,819,1677,410
34,0.1,0.5,Hoeffding-Bentkus,37.784172,0.0874363798753538,0.08443293765752036,268,819,1677,410
34,0.1,0.5,IID-normal,37.784172,0.0874363798753538,0.08443293765752036,268,819,1677,410
34,0.1,0.5,Empirical Bernstein,37.784172,0.0874363798753538,0.08443293765752036,268,819,1677,410
34,0.1,0.5,Platt calibration,37.784172,0.0874363798753538,0.08443293765752036,268,819,1677,410
34,0.1,0.5,Isotonic calibration,37.784172,0.0874363798753538,0.08443293765752036,268,819,1677,410
34,0.1,0.1,Multilabel,37.784172,0.0874363798753538,0.08443293765752036,268,819,1677,410
34,0.1,0.1,Hoeffding/LTT,44.566222,0.07640423980928739,0.07248520321357954,207,584,1188,347
34,0.1,0.1,Hoeffding-Bentkus,37.784172,0.0874363798753538,0.08443293765752036,268,819,1677,410
34,0.1,0.1,IID-normal,37.784172,0.0874363798753538,0.08443293765752036,268,819,1677,410
34,0.1,0.1,Empirical Bernstein,44.566222,0.07640423980928739,0.07248520321357954,207,584,1188,347
34,0.1,0.1,Platt calibration,37.784172,0.0874363798753538,0.08443293765752036,268,819,1677,410
34,0.1,0.1,Isotonic calibration,37.784172,0.0874363798753538,0.08443293765752036,268,819,1677,410
34,0.2,0.5,Multilabel,27.159271,0.15442030502022225,0.1486355557503302,480,1392,3017,725
34,0.2,0.5,Hoeffding/LTT,27.159271,0.15442030502022225,0.1486355557503302,480,1392,3017,725
34,0.2,0.5,Hoeffding-Bentkus,27.159271,0.15442030502022225,0.1486355557503302,480,1392,3017,725
34,0.2,0.5,IID-normal,27.159271,0.15442030502022225,0.1486355557503302,480,1392,3017,725
34,0.2,0.5,Empirical Bernstein,27.159271,0.15442030502022225,0.1486355557503302,480,1392,3017,725
34,0.2,0.5,Platt calibration,27.159271,0.15442030502022225,0.1486355557503302,480,1392,3017,725
34,0.2,0.5,Isotonic calibration,27.159271,0.15442030502022225,0.1486355557503302,480,1392,3017,725
34,0.2,0.1,Multilabel,27.159271,0.15442030502022225,0.1486355557503302,480,1392,3017,725
34,0.2,0.1,Hoeffding/LTT,27.159271,0.15442030502022225,0.1486355557503302,480,1392,3017,725
34,0.2,0.1,Hoeffding-Bentkus,27.159271,0.15442030502022225,0.1486355557503302,480,1392,3017,725
34,0.2,0.1,IID-normal,27.159271,0.15442030502022225,0.1486355557503302,480,1392,3017,725
34,0.2,0.1,Empirical Bernstein,27.159271,0.15442030502022225,0.1486355557503302,480,1392,3017,725
34,0.2,0.1,Platt calibration,27.159271,0.15442030502022225,0.1486355557503302,480,1392,3017,725
34,0.2,0.1,Isotonic calibration,27.159271,0.15442030502022225,0.1486355557503302,480,1392,3017,725
35,0.05,0.5,Multilabel,62.000847,0.03517938412435723,0.0388053524624086,147,394,617,217
35,0.05,0.5,Hoeffding/LTT,73.129656,0.018618121638394703,0.020706304317836943,115,235,326,156
35,0.05,0.5,Hoeffding-Bentkus,62.000847,0.03517938412435723,0.0388053524624086,147,394,617,217
35,0.05,0.5,IID-normal,62.000847,0.03517938412435723,0.0388053524624086,147,394,617,217
35,0.05,0.5,Empirical Bernstein,62.000847,0.03517938412435723,0.0388053524624086,147,394,617,217
35,0.05,0.5,Platt calibration,52.565611,0.05375908741651398,0.055936615231000665,162,479,870,267
35,0.05,0.5,Isotonic calibration,62.000847,0.03517938412435723,0.0388053524624086,147,394,617,217
35,0.05,0.1,Multilabel,62.000847,0.03517938412435723,0.0388053524624086,147,394,617,217
35,0.05,0.1,Hoeffding/LTT,73.129656,0.018618121638394703,0.020706304317836943,115,235,326,156
35,0.05,0.1,Hoeffding-Bentkus,62.000847,0.03517938412435723,0.0388053524624086,147,394,617,217
35,0.05,0.1,IID-normal,62.000847,0.03517938412435723,0.0388053524624086,147,394,617,217
35,0.05,0.1,Empirical Bernstein,73.129656,0.018618121638394703,0.020706304317836943,115,235,326,156
35,0.05,0.1,Platt calibration,52.565611,0.05375908741651398,0.055936615231000665,162,479,870,267
35,0.05,0.1,Isotonic calibration,62.000847,0.03517938412435723,0.0388053524624086,147,394,617,217
35,0.1,0.5,Multilabel,37.784172,0.07775101628018467,0.08311091622927738,262,815,1582,387
35,0.1,0.5,Hoeffding/LTT,44.566222,0.06703508875623067,0.07164715658645857,210,600,1145,331
35,0.1,0.5,Hoeffding-Bentkus,37.784172,0.07775101628018467,0.08311091622927738,262,815,1582,387
35,0.1,0.5,IID-normal,37.784172,0.07775101628018467,0.08311091622927738,262,815,1582,387
35,0.1,0.5,Empirical Bernstein,37.784172,0.07775101628018467,0.08311091622927738,262,815,1582,387
35,0.1,0.5,Platt calibration,37.784172,0.07775101628018467,0.08311091622927738,262,815,1582,387
35,0.1,0.5,Isotonic calibration,37.784172,0.07775101628018467,0.08311091622927738,262,815,1582,387
35,0.1,0.1,Multilabel,37.784172,0.07775101628018467,0.08311091622927738,262,815,1582,387
35,0.1,0.1,Hoeffding/LTT,44.566222,0.06703508875623067,0.07164715658645857,210,600,1145,331
35,0.1,0.1,Hoeffding-Bentkus,44.566222,0.06703508875623067,0.07164715658645857,210,600,1145,331
35,0.1,0.1,IID-normal,37.784172,0.07775101628018467,0.08311091622927738,262,815,1582,387
35,0.1,0.1,Empirical Bernstein,44.566222,0.06703508875623067,0.07164715658645857,210,600,1145,331
35,0.1,0.1,Platt calibration,37.784172,0.07775101628018467,0.08311091622927738,262,815,1582,387
35,0.1,0.1,Isotonic calibration,37.784172,0.07775101628018467,0.08311091622927738,262,815,1582,387
35,0.2,0.5,Multilabel,27.159271,0.13454815308352752,0.144784820795305,472,1385,2826,674
35,0.2,0.5,Hoeffding/LTT,27.159271,0.13454815308352752,0.144784820795305,472,1385,2826,674
35,0.2,0.5,Hoeffding-Bentkus,27.159271,0.13454815308352752,0.144784820795305,472,1385,2826,674
35,0.2,0.5,IID-normal,27.159271,0.13454815308352752,0.144784820795305,472,1385,2826,674
35,0.2,0.5,Empirical Bernstein,27.159271,0.13454815308352752,0.144784820795305,472,1385,2826,674
35,0.2,0.5,Platt calibration,27.159271,0.13454815308352752,0.144784820795305,472,1385,2826,674
35,0.2,0.5,Isotonic calibration,27.159271,0.13454815308352752,0.144784820795305,472,1385,2826,674
35,0.2,0.1,Multilabel,27.159271,0.13454815308352752,0.144784820795305,472,1385,2826,674
35,0.2,0.1,Hoeffding/LTT,27.159271,0.13454815308352752,0.144784820795305,472,1385,2826,674
35,0.2,0.1,Hoeffding-Bentkus,27.159271,0.13454815308352752,0.144784820795305,472,1385,2826,674
35,0.2,0.1,IID-normal,27.159271,0.13454815308352752,0.144784820795305,472,1385,2826,674
35,0.2,0.1,Empirical Bernstein,27.159271,0.13454815308352752,0.144784820795305,472,1385,2826,674
35,0.2,0.1,Platt calibration,27.159271,0.13454815308352752,0.144784820795305,472,1385,2826,674
35,0.2,0.1,Isotonic calibration,27.159271,0.13454815308352752,0.144784820795305,472,1385,2826,674
36,0.05,0.5,Multilabel,62.000847,0.04497212207183245,0.039126579035531996,173,435,708,261
36,0.05,0.5,Hoeffding/LTT,62.000847,0.04497212207183245,0.039126579035531996,173,435,708,261
36,0.05,0.5,Hoeffding-Bentkus,62.000847,0.04497212207183245,0.039126579035531996,173,435,708,261
36,0.05,0.5,IID-normal,62.000847,0.04497212207183245,0.039126579035531996,173,435,708,261
36,0.05,0.5,Empirical Bernstein,62.000847,0.04497212207183245,0.039126579035531996,173,435,708,261
36,0.05,0.5,Platt calibration,52.565611,0.060240951986918055,0.056295285392402236,188,538,977,303
36,0.05,0.5,Isotonic calibration,62.000847,0.04497212207183245,0.039126579035531996,173,435,708,261
36,0.05,0.1,Multilabel,62.000847,0.04497212207183245,0.039126579035531996,173,435,708,261
36,0.05,0.1,Hoeffding/LTT,73.129656,0.024162184526272237,0.0206028417712788,131,260,368,184
36,0.05,0.1,Hoeffding-Bentkus,62.000847,0.04497212207183245,0.039126579035531996,173,435,708,261
36,0.05,0.1,IID-normal,62.000847,0.04497212207183245,0.039126579035531996,173,435,708,261
36,0.05,0.1,Empirical Bernstein,62.000847,0.04497212207183245,0.039126579035531996,173,435,708,261
36,0.05,0.1,Platt calibration,52.565611,0.060240951986918055,0.056295285392402236,188,538,977,303
36,0.05,0.1,Isotonic calibration,62.000847,0.04497212207183245,0.039126579035531996,173,435,708,261
36,0.1,0.5,Multilabel,37.784172,0.08638283061121291,0.08316182637123458,276,864,1721,420
36,0.1,0.5,Hoeffding/LTT,37.784172,0.08638283061121291,0.08316182637123458,276,864,1721,420
36,0.1,0.5,Hoeffding-Bentkus,37.784172,0.08638283061121291,0.08316182637123458,276,864,1721,420
36,0.1,0.5,IID-normal,37.784172,0.08638283061121291,0.08316182637123458,276,864,1721,420
36,0.1,0.5,Empirical Bernstein,37.784172,0.08638283061121291,0.08316182637123458,276,864,1721,420
36,0.1,0.5,Platt calibration,37.784172,0.08638283061121291,0.08316182637123458,276,864,1721,420
36,0.1,0.5,Isotonic calibration,37.784172,0.08638283061121291,0.08316182637123458,276,864,1721,420
36,0.1,0.1,Multilabel,37.784172,0.08638283061121291,0.08316182637123458,276,864,1721,420
36,0.1,0.1,Hoeffding/LTT,44.566222,0.07582500935831511,0.07229798527218863,219,643,1245,359
36,0.1,0.1,Hoeffding-Bentkus,37.784172,0.08638283061121291,0.08316182637123458,276,864,1721,420
36,0.1,0.1,IID-normal,37.784172,0.08638283061121291,0.08316182637123458,276,864,1721,420
36,0.1,0.1,Empirical Bernstein,37.784172,0.08638283061121291,0.08316182637123458,276,864,1721,420
36,0.1,0.1,Platt calibration,37.784172,0.08638283061121291,0.08316182637123458,276,864,1721,420
36,0.1,0.1,Isotonic calibration,37.784172,0.08638283061121291,0.08316182637123458,276,864,1721,420
36,0.2,0.5,Multilabel,27.159271,0.14217785731025284,0.1471376131570641,472,1424,3007,706
36,0.2,0.5,Hoeffding/LTT,27.159271,0.14217785731025284,0.1471376131570641,472,1424,3007,706
36,0.2,0.5,Hoeffding-Bentkus,27.159271,0.14217785731025284,0.1471376131570641,472,1424,3007,706
36,0.2,0.5,IID-normal,27.159271,0.14217785731025284,0.1471376131570641,472,1424,3007,706
36,0.2,0.5,Empirical Bernstein,27.159271,0.14217785731025284,0.1471376131570641,472,1424,3007,706
36,0.2,0.5,Platt calibration,27.159271,0.14217785731025284,0.1471376131570641,472,1424,3007,706
36,0.2,0.5,Isotonic calibration,27.159271,0.14217785731025284,0.1471376131570641,472,1424,3007,706
36,0.2,0.1,Multilabel,27.159271,0.14217785731025284,0.1471376131570641,472,1424,3007,706
36,0.2,0.1,Hoeffding/LTT,27.159271,0.14217785731025284,0.1471376131570641,472,1424,3007,706
36,0.2,0.1,Hoeffding-Bentkus,27.159271,0.14217785731025284,0.1471376131570641,472,1424,3007,706
36,0.2,0.1,IID-normal,27.159271,0.14217785731025284,0.1471376131570641,472,1424,3007,706
36,0.2,0.1,Empirical Bernstein,27.159271,0.14217785731025284,0.1471376131570641,472,1424,3007,706
36,0.2,0.1,Platt calibration,27.159271,0.14217785731025284,0.1471376131570641,472,1424,3007,706
36,0.2,0.1,Isotonic calibration,27.159271,0.14217785731025284,0.1471376131570641,472,1424,3007,706
37,0.05,0.5,Multilabel,62.000847,0.035742853202513934,0.03863915548285806,190,505,738,254
37,0.05,0.5,Hoeffding/LTT,73.129656,0.01607364501448076,0.020430404193681886,156,312,394,188
37,0.05,0.5,Hoeffding-Bentkus,62.000847,0.035742853202513934,0.03863915548285806,190,505,738,254
37,0.05,0.5,IID-normal,62.000847,0.035742853202513934,0.03863915548285806,190,505,738,254
37,0.05,0.5,Empirical Bernstein,62.000847,0.035742853202513934,0.03863915548285806,190,505,738,254
37,0.05,0.5,Platt calibration,52.565611,0.05121805859290344,0.056565109144775305,208,608,999,299
37,0.05,0.5,Isotonic calibration,62.000847,0.035742853202513934,0.03863915548285806,190,505,738,254
37,0.05,0.1,Multilabel,62.000847,0.035742853202513934,0.03863915548285806,190,505,738,254
37,0.05,0.1,Hoeffding/LTT,73.129656,0.01607364501448076,0.020430404193681886,156,312,394,188
37,0.05,0.1,Hoeffding-Bentkus,62.000847,0.035742853202513934,0.03863915548285806,190,505,738,254
37,0.05,0.1,IID-normal,62.000847,0.035742853202513934,0.03863915548285806,190,505,738,254
37,0.05,0.1,Empirical Bernstein,73.129656,0.01607364501448076,0.020430404193681886,156,312,394,188
37,0.05,0.1,Platt calibration,52.565611,0.05121805859290344,0.056565109144775305,208,608,999,299
37,0.05,0.1,Isotonic calibration,62.000847,0.035742853202513934,0.03863915548285806,190,505,738,254
37,0.1,0.5,Multilabel,37.784172,0.0785545179318452,0.08436303201098345,292,950,1753,419
37,0.1,0.5,Hoeffding/LTT,44.566222,0.06706464133025986,0.07239356495805661,231,705,1252,351
37,0.1,0.5,Hoeffding-Bentkus,37.784172,0.0785545179318452,0.08436303201098345,292,950,1753,419
37,0.1,0.5,IID-normal,37.784172,0.0785545179318452,0.08436303201098345,292,950,1753,419
37,0.1,0.5,Empirical Bernstein,44.566222,0.06706464133025986,0.07239356495805661,231,705,1252,351
37,0.1,0.5,Platt calibration,37.784172,0.0785545179318452,0.08436303201098345,292,950,1753,419
37,0.1,0.5,Isotonic calibration,37.784172,0.0785545179318452,0.08436303201098345,292,950,1753,419
37,0.1,0.1,Multilabel,37.784172,0.0785545179318452,0.08436303201098345,292,950,1753,419
37,0.1,0.1,Hoeffding/LTT,44.566222,0.06706464133025986,0.07239356495805661,231,705,1252,351
37,0.1,0.1,Hoeffding-Bentkus,44.566222,0.06706464133025986,0.07239356495805661,231,705,1252,351
37,0.1,0.1,IID-normal,37.784172,0.0785545179318452,0.08436303201098345,292,950,1753,419
37,0.1,0.1,Empirical Bernstein,44.566222,0.06706464133025986,0.07239356495805661,231,705,1252,351
37,0.1,0.1,Platt calibration,37.784172,0.0785545179318452,0.08436303201098345,292,950,1753,419
37,0.1,0.1,Isotonic calibration,37.784172,0.0785545179318452,0.08436303201098345,292,950,1753,419
37,0.2,0.5,Multilabel,27.159271,0.1476056892585647,0.14783613713121233,493,1523,3065,725
37,0.2,0.5,Hoeffding/LTT,27.159271,0.1476056892585647,0.14783613713121233,493,1523,3065,725
37,0.2,0.5,Hoeffding-Bentkus,27.159271,0.1476056892585647,0.14783613713121233,493,1523,3065,725
37,0.2,0.5,IID-normal,27.159271,0.1476056892585647,0.14783613713121233,493,1523,3065,725
37,0.2,0.5,Empirical Bernstein,27.159271,0.1476056892585647,0.14783613713121233,493,1523,3065,725
37,0.2,0.5,Platt calibration,27.159271,0.1476056892585647,0.14783613713121233,493,1523,3065,725
37,0.2,0.5,Isotonic calibration,27.159271,0.1476056892585647,0.14783613713121233,493,1523,3065,725
37,0.2,0.1,Multilabel,27.159271,0.1476056892585647,0.14783613713121233,493,1523,3065,725
37,0.2,0.1,Hoeffding/LTT,27.159271,0.1476056892585647,0.14783613713121233,493,1523,3065,725
37,0.2,0.1,Hoeffding-Bentkus,27.159271,0.1476056892585647,0.14783613713121233,493,1523,3065,725
37,0.2,0.1,IID-normal,27.159271,0.1476056892585647,0.14783613713121233,493,1523,3065,725
37,0.2,0.1,Empirical Bernstein,27.159271,0.1476056892585647,0.14783613713121233,493,1523,3065,725
37,0.2,0.1,Platt calibration,27.159271,0.1476056892585647,0.14783613713121233,493,1523,3065,725
37,0.2,0.1,Isotonic calibration,27.159271,0.1476056892585647,0.14783613713121233,493,1523,3065,725
38,0.05,0.5,Multilabel,62.000847,0.04319995271588155,0.039255989331861876,156,405,674,239
38,0.05,0.5,Hoeffding/LTT,62.000847,0.04319995271588155,0.039255989331861876,156,405,674,239
38,0.05,0.5,Hoeffding-Bentkus,62.000847,0.04319995271588155,0.039255989331861876,156,405,674,239
38,0.05,0.5,IID-normal,62.000847,0.04319995271588155,0.039255989331861876,156,405,674,239
38,0.05,0.5,Empirical Bernstein,62.000847,0.04319995271588155,0.039255989331861876,156,405,674,239
38,0.05,0.5,Platt calibration,52.565611,0.05959276552987765,0.056964671646007006,179,498,925,290
38,0.05,0.5,Isotonic calibration,62.000847,0.04319995271588155,0.039255989331861876,156,405,674,239
38,0.05,0.1,Multilabel,62.000847,0.04319995271588155,0.039255989331861876,156,405,674,239
38,0.05,0.1,Hoeffding/LTT,73.129656,0.023251965246172943,0.02096151193268037,129,240,350,178
38,0.05,0.1,Hoeffding-Bentkus,62.000847,0.04319995271588155,0.039255989331861876,156,405,674,239
38,0.05,0.1,IID-normal,62.000847,0.04319995271588155,0.039255989331861876,156,405,674,239
38,0.05,0.1,Empirical Bernstein,62.000847,0.04319995271588155,0.039255989331861876,156,405,674,239
38,0.05,0.1,Platt calibration,52.565611,0.05959276552987765,0.056964671646007006,179,498,925,290
38,0.05,0.1,Isotonic calibration,62.000847,0.04319995271588155,0.039255989331861876,156,405,674,239
38,0.1,0.5,Multilabel,37.784172,0.08792777350907265,0.08334466494557542,276,813,1669,421
38,0.1,0.5,Hoeffding/LTT,37.784172,0.08792777350907265,0.08334466494557542,276,813,1669,421
38,0.1,0.5,Hoeffding-Bentkus,37.784172,0.08792777350907265,0.08334466494557542,276,813,1669,421
38,0.1,0.5,IID-normal,37.784172,0.08792777350907265,0.08334466494557542,276,813,1669,421
38,0.1,0.5,Empirical Bernstein,37.784172,0.08792777350907265,0.08334466494557542,276,813,1669,421
38,0.1,0.5,Platt calibration,37.784172,0.08792777350907265,0.08334466494557542,276,813,1669,421
38,0.1,0.5,Isotonic calibration,37.784172,0.08792777350907265,0.08334466494557542,276,813,1669,421
38,0.1,0.1,Multilabel,37.784172,0.08792777350907265,0.08334466494557542,276,813,1669,421
38,0.1,0.1,Hoeffding/LTT,44.566222,0.07681945347439761,0.07245744897489965,208,584,1201,349
38,0.1,0.1,Hoeffding-Bentkus,37.784172,0.08792777350907265,0.08334466494557542,276,813,1669,421
38,0.1,0.1,IID-normal,37.784172,0.08792777350907265,0.08334466494557542,276,813,1669,421
38,0.1,0.1,Empirical Bernstein,37.784172,0.08792777350907265,0.08334466494557542,276,813,1669,421
38,0.1,0.1,Platt calibration,37.784172,0.08792777350907265,0.08334466494557542,276,813,1669,421
38,0.1,0.1,Isotonic calibration,37.784172,0.08792777350907265,0.08334466494557542,276,813,1669,421
38,0.2,0.5,Multilabel,27.159271,0.15518595549625752,0.14776268817860763,463,1331,2935,721
38,0.2,0.5,Hoeffding/LTT,27.159271,0.15518595549625752,0.14776268817860763,463,1331,2935,721
38,0.2,0.5,Hoeffding-Bentkus,27.159271,0.15518595549625752,0.14776268817860763,463,1331,2935,721
38,0.2,0.5,IID-normal,27.159271,0.15518595549625752,0.14776268817860763,463,1331,2935,721
38,0.2,0.5,Empirical Bernstein,27.159271,0.15518595549625752,0.14776268817860763,463,1331,2935,721
38,0.2,0.5,Platt calibration,27.159271,0.15518595549625752,0.14776268817860763,463,1331,2935,721
38,0.2,0.5,Isotonic calibration,27.159271,0.15518595549625752,0.14776268817860763,463,1331,2935,721
38,0.2,0.1,Multilabel,27.159271,0.15518595549625752,0.14776268817860763,463,1331,2935,721
38,0.2,0.1,Hoeffding/LTT,27.159271,0.15518595549625752,0.14776268817860763,463,1331,2935,721
38,0.2,0.1,Hoeffding-Bentkus,27.159271,0.15518595549625752,0.14776268817860763,463,1331,2935,721
38,0.2,0.1,IID-normal,27.159271,0.15518595549625752,0.14776268817860763,463,1331,2935,721
38,0.2,0.1,Empirical Bernstein,27.159271,0.15518595549625752,0.14776268817860763,463,1331,2935,721
38,0.2,0.1,Platt calibration,27.159271,0.15518595549625752,0.14776268817860763,463,1331,2935,721
38,0.2,0.1,Isotonic calibration,27.159271,0.15518595549625752,0.14776268817860763,463,1331,2935,721
39,0.05,0.5,Multilabel,62.000847,0.03882518667375928,0.038389203108474726,144,391,598,220
39,0.05,0.5,Hoeffding/LTT,73.129656,0.02064542821679768,0.020223479100565593,113,250,336,158
39,0.05,0.5,Hoeffding-Bentkus,62.000847,0.03882518667375928,0.038389203108474726,144,391,598,220
39,0.05,0.5,IID-normal,62.000847,0.03882518667375928,0.038389203108474726,144,391,598,220
39,0.05,0.5,Empirical Bernstein,62.000847,0.03882518667375928,0.038389203108474726,144,391,598,220
39,0.05,0.5,Platt calibration,52.565611,0.05762456409953306,0.05554690630563164,167,470,843,279
39,0.05,0.5,Isotonic calibration,62.000847,0.03882518667375928,0.038389203108474726,144,391,598,220
39,0.05,0.1,Multilabel,62.000847,0.03882518667375928,0.038389203108474726,144,391,598,220
39,0.05,0.1,Hoeffding/LTT,73.129656,0.02064542821679768,0.020223479100565593,113,250,336,158
39,0.05,0.1,Hoeffding-Bentkus,62.000847,0.03882518667375928,0.038389203108474726,144,391,598,220
39,0.05,0.1,IID-normal,62.000847,0.03882518667375928,0.038389203108474726,144,391,598,220
39,0.05,0.1,Empirical Bernstein,62.000847,0.03882518667375928,0.038389203108474726,144,391,598,220
39,0.05,0.1,Platt calibration,52.565611,0.05762456409953306,0.05554690630563164,167,470,843,279
39,0.05,0.1,Isotonic calibration,62.000847,0.03882518667375928,0.038389203108474726,144,391,598,220
39,0.1,0.5,Multilabel,37.784172,0.0862395006271713,0.08361251798277596,250,741,1541,404
39,0.1,0.5,Hoeffding/LTT,37.784172,0.0862395006271713,0.08361251798277596,250,741,1541,404
39,0.1,0.5,Hoeffding-Bentkus,37.784172,0.0862395006271713,0.08361251798277596,250,741,1541,404
39,0.1,0.5,IID-normal,37.784172,0.0862395006271713,0.08361251798277596,250,741,1541,404
39,0.1,0.5,Empirical Bernstein,37.784172,0.0862395006271713,0.08361251798277596,250,741,1541,404
39,0.1,0.5,Platt calibration,37.784172,0.0862395006271713,0.08361251798277596,250,741,1541,404
39,0.1,0.5,Isotonic calibration,37.784172,0.0862395006271713,0.08361251798277596,250,741,1541,404
39,0.1,0.1,Multilabel,37.784172,0.0862395006271713,0.08361251798277596,250,741,1541,404
39,0.1,0.1,Hoeffding/LTT,44.566222,0.07418484149969462,0.0719455557088334,197,563,1108,336
39,0.1,0.1,Hoeffding-Bentkus,37.784172,0.0862395006271713,0.08361251798277596,250,741,1541,404
39,0.1,0.1,IID-normal,37.784172,0.0862395006271713,0.08361251798277596,250,741,1541,404
39,0.1,0.1,Empirical Bernstein,44.566222,0.07418484149969462,0.0719455557088334,197,563,1108,336
39,0.1,0.1,Platt calibration,37.784172,0.0862395006271713,0.08361251798277596,250,741,1541,404
39,0.1,0.1,Isotonic calibration,37.784172,0.0862395006271713,0.08361251798277596,250,741,1541,404
39,0.2,0.5,Multilabel,27.159271,0.15542398689895587,0.1479280089019363,454,1251,2837,717
39,0.2,0.5,Hoeffding/LTT,27.159271,0.15542398689895587,0.1479280089019363,454,1251,2837,717
39,0.2,0.5,Hoeffding-Bentkus,27.159271,0.15542398689895587,0.1479280089019363,454,1251,2837,717
39,0.2,0.5,IID-normal,27.159271,0.15542398689895587,0.1479280089019363,454,1251,2837,717
39,0.2,0.5,Empirical Bernstein,27.159271,0.15542398689895587,0.1479280089019363,454,1251,2837,717
39,0.2,0.5,Platt calibration,27.159271,0.15542398689895587,0.1479280089019363,454,1251,2837,717
39,0.2,0.5,Isotonic calibration,27.159271,0.15542398689895587,0.1479280089019363,454,1251,2837,717
39,0.2,0.1,Multilabel,27.159271,0.15542398689895587,0.1479280089019363,454,1251,2837,717
39,0.2,0.1,Hoeffding/LTT,27.159271,0.15542398689895587,0.1479280089019363,454,1251,2837,717
39,0.2,0.1,Hoeffding-Bentkus,27.159271,0.15542398689895587,0.1479280089019363,454,1251,2837,717
39,0.2,0.1,IID-normal,27.159271,0.15542398689895587,0.1479280089019363,454,1251,2837,717
39,0.2,0.1,Empirical Bernstein,27.159271,0.15542398689895587,0.1479280089019363,454,1251,2837,717
39,0.2,0.1,Platt calibration,27.159271,0.15542398689895587,0.1479280089019363,454,1251,2837,717
39,0.2,0.1,Isotonic calibration,27.159271,0.15542398689895587,0.1479280089019363,454,1251,2837,717
40,0.05,0.5,Multilabel,62.000847,0.03786768327521327,0.03845653587686971,178,487,738,251
40,0.05,0.5,Hoeffding/LTT,73.129656,0.018266446007447246,0.02074079183335633,144,297,387,183
40,0.05,0.5,Hoeffding-Bentkus,62.000847,0.03786768327521327,0.03845653587686971,178,487,738,251
40,0.05,0.5,IID-normal,62.000847,0.03786768327521327,0.03845653587686971,178,487,738,251
40,0.05,0.5,Empirical Bernstein,62.000847,0.03786768327521327,0.03845653587686971,178,487,738,251
40,0.05,0.5,Platt calibration,52.565611,0.055817916740548104,0.05558057268982915,197,594,1007,302
40,0.05,0.5,Isotonic calibration,62.000847,0.03786768327521327,0.03845653587686971,178,487,738,251
40,0.05,0.1,Multilabel,62.000847,0.03786768327521327,0.03845653587686971,178,487,738,251
40,0.05,0.1,Hoeffding/LTT,73.129656,0.018266446007447246,0.02074079183335633,144,297,387,183
40,0.05,0.1,Hoeffding-Bentkus,62.000847,0.03786768327521327,0.03845653587686971,178,487,738,251
40,0.05,0.1,IID-normal,62.000847,0.03786768327521327,0.03845653587686971,178,487,738,251
40,0.05,0.1,Empirical Bernstein,73.129656,0.018266446007447246,0.02074079183335633,144,297,387,183
40,0.05,0.1,Platt calibration,52.565611,0.055817916740548104,0.05558057268982915,197,594,1007,302
40,0.05,0.1,Isotonic calibration,62.000847,0.03786768327521327,0.03845653587686971,178,487,738,251
40,0.1,0.5,Multilabel,37.784172,0.07832794819762134,0.08355394394848113,294,927,1740,416
40,0.1,0.5,Hoeffding/LTT,44.566222,0.06735967452765136,0.07151331218099048,236,711,1285,351
40,0.1,0.5,Hoeffding-Bentkus,37.784172,0.07832794819762134,0.08355394394848113,294,927,1740,416
40,0.1,0.5,IID-normal,37.784172,0.07832794819762134,0.08355394394848113,294,927,1740,416
40,0.1,0.5,Empirical Bernstein,44.566222,0.06735967452765136,0.07151331218099048,236,711,1285,351
40,0.1,0.5,Platt calibration,37.784172,0.07832794819762134,0.08355394394848113,294,927,1740,416
40,0.1,0.5,Isotonic calibration,37.784172,0.07832794819762134,0.08355394394848113,294,927,1740,416
40,0.1,0.1,Multilabel,37.784172,0.07832794819762134,0.08355394394848113,294,927,1740,416
40,0.1,0.1,Hoeffding/LTT,44.566222,0.06735967452765136,0.07151331218099048,236,711,1285,351
40,0.1,0.1,Hoeffding-Bentkus,44.566222,0.06735967452765136,0.07151331218099048,236,711,1285,351
40,0.1,0.1,IID-normal,37.784172,0.07832794819762134,0.08355394394848113,294,927,1740,416
40,0.1,0.1,Empirical Bernstein,44.566222,0.06735967452765136,0.07151331218099048,236,711,1285,351
40,0.1,0.1,Platt calibration,37.784172,0.07832794819762134,0.08355394394848113,294,927,1740,416
40,0.1,0.1,Isotonic calibration,37.784172,0.07832794819762134,0.08355394394848113,294,927,1740,416
40,0.2,0.5,Multilabel,27.159271,0.14221587266684493,0.1479343046248826,492,1475,2947,714
40,0.2,0.5,Hoeffding/LTT,27.159271,0.14221587266684493,0.1479343046248826,492,1475,2947,714
40,0.2,0.5,Hoeffding-Bentkus,27.159271,0.14221587266684493,0.1479343046248826,492,1475,2947,714
40,0.2,0.5,IID-normal,27.159271,0.14221587266684493,0.1479343046248826,492,1475,2947,714
40,0.2,0.5,Empirical Bernstein,27.159271,0.14221587266684493,0.1479343046248826,492,1475,2947,714
40,0.2,0.5,Platt calibration,27.159271,0.14221587266684493,0.1479343046248826,492,1475,2947,714
40,0.2,0.5,Isotonic calibration,27.159271,0.14221587266684493,0.1479343046248826,492,1475,2947,714
40,0.2,0.1,Multilabel,27.159271,0.14221587266684493,0.1479343046248826,492,1475,2947,714
40,0.2,0.1,Hoeffding/LTT,27.159271,0.14221587266684493,0.1479343046248826,492,1475,2947,714
40,0.2,0.1,Hoeffding-Bentkus,27.159271,0.14221587266684493,0.1479343046248826,492,1475,2947,714
40,0.2,0.1,IID-normal,27.159271,0.14221587266684493,0.1479343046248826,492,1475,2947,714
40,0.2,0.1,Empirical Bernstein,27.159271,0.14221587266684493,0.1479343046248826,492,1475,2947,714
40,0.2,0.1,Platt calibration,27.159271,0.14221587266684493,0.1479343046248826,492,1475,2947,714
40,0.2,0.1,Isotonic calibration,27.159271,0.14221587266684493,0.1479343046248826,492,1475,2947,714
41,0.05,0.5,Multilabel,62.000847,0.0420227751837185,0.03991059522167261,151,406,691,234
41,0.05,0.5,Hoeffding/LTT,73.129656,0.026044683491932147,0.021775417298937786,119,217,335,177
41,0.05,0.5,Hoeffding-Bentkus,62.000847,0.0420227751837185,0.03991059522167261,151,406,691,234
41,0.05,0.5,IID-normal,62.000847,0.0420227751837185,0.03991059522167261,151,406,691,234
41,0.05,0.5,Empirical Bernstein,62.000847,0.0420227751837185,0.03991059522167261,151,406,691,234
41,0.05,0.5,Platt calibration,52.565611,0.060881750300451155,0.057012297262676634,171,500,970,288
41,0.05,0.5,Isotonic calibration,62.000847,0.0420227751837185,0.03991059522167261,151,406,691,234
41,0.05,0.1,Multilabel,62.000847,0.0420227751837185,0.03991059522167261,151,406,691,234
41,0.05,0.1,Hoeffding/LTT,73.129656,0.026044683491932147,0.021775417298937786,119,217,335,177
41,0.05,0.1,Hoeffding-Bentkus,62.000847,0.0420227751837185,0.03991059522167261,151,406,691,234
41,0.05,0.1,IID-normal,62.000847,0.0420227751837185,0.03991059522167261,151,406,691,234
41,0.05,0.1,Empirical Bernstein,73.129656,0.026044683491932147,0.021775417298937786,119,217,335,177
41,0.05,0.1,Platt calibration,52.565611,0.060881750300451155,0.057012297262676634,171,500,970,288
41,0.05,0.1,Isotonic calibration,62.000847,0.0420227751837185,0.03991059522167261,151,406,691,234
41,0.1,0.5,Multilabel,37.784172,0.09446644469399951,0.08425398577143646,274,833,1783,428
41,0.1,0.5,Hoeffding/LTT,37.784172,0.09446644469399951,0.08425398577143646,274,833,1783,428
41,0.1,0.5,Hoeffding-Bentkus,37.784172,0.09446644469399951,0.08425398577143646,274,833,1783,428
41,0.1,0.5,IID-normal,37.784172,0.09446644469399951,0.08425398577143646,274,833,1783,428
41,0.1,0.5,Empirical Bernstein,37.784172,0.09446644469399951,0.08425398577143646,274,833,1783,428
41,0.1,0.5,Platt calibration,37.784172,0.09446644469399951,0.08425398577143646,274,833,1783,428
41,0.1,0.5,Isotonic calibration,37.784172,0.09446644469399951,0.08425398577143646,274,833,1783,428
41,0.1,0.1,Multilabel,37.784172,0.09446644469399951,0.08425398577143646,274,833,1783,428
41,0.1,0.1,Hoeffding/LTT,44.566222,0.08234430718915618,0.0729164613838362,206,600,1268,357
41,0.1,0.1,Hoeffding-Bentkus,37.784172,0.09446644469399951,0.08425398577143646,274,833,1783,428
41,0.1,0.1,IID-normal,37.784172,0.09446644469399951,0.08425398577143646,274,833,1783,428
41,0.1,0.1,Empirical Bernstein,37.784172,0.09446644469399951,0.08425398577143646,274,833,1783,428
41,0.1,0.1,Platt calibration,37.784172,0.09446644469399951,0.08425398577143646,274,833,1783,428
41,0.1,0.1,Isotonic calibration,37.784172,0.09446644469399951,0.08425398577143646,274,833,1783,428
41,0.2,0.5,Multilabel,27.159271,0.15878474143885812,0.14890055530833568,491,1382,3091,746
41,0.2,0.5,Hoeffding/LTT,27.159271,0.15878474143885812,0.14890055530833568,491,1382,3091,746
41,0.2,0.5,Hoeffding-Bentkus,27.159271,0.15878474143885812,0.14890055530833568,491,1382,3091,746
41,0.2,0.5,IID-normal,27.159271,0.15878474143885812,0.14890055530833568,491,1382,3091,746
41,0.2,0.5,Empirical Bernstein,27.159271,0.15878474143885812,0.14890055530833568,491,1382,3091,746
41,0.2,0.5,Platt calibration,27.159271,0.15878474143885812,0.14890055530833568,491,1382,3091,746
41,0.2,0.5,Isotonic calibration,27.159271,0.15878474143885812,0.14890055530833568,491,1382,3091,746
41,0.2,0.1,Multilabel,27.159271,0.15878474143885812,0.14890055530833568,491,1382,3091,746
41,0.2,0.1,Hoeffding/LTT,27.159271,0.15878474143885812,0.14890055530833568,491,1382,3091,746
41,0.2,0.1,Hoeffding-Bentkus,27.159271,0.15878474143885812,0.14890055530833568,491,1382,3091,746
41,0.2,0.1,IID-normal,27.159271,0.15878474143885812,0.14890055530833568,491,1382,3091,746
41,0.2,0.1,Empirical Bernstein,27.159271,0.15878474143885812,0.14890055530833568,491,1382,3091,746
41,0.2,0.1,Platt calibration,27.159271,0.15878474143885812,0.14890055530833568,491,1382,3091,746
41,0.2,0.1,Isotonic calibration,27.159271,0.15878474143885812,0.14890055530833568,491,1382,3091,746
42,0.05,0.5,Multilabel,62.000847,0.043358551529838245,0.03806436355753503,172,486,771,255
42,0.05,0.5,Hoeffding/LTT,62.000847,0.043358551529838245,0.03806436355753503,172,486,771,255
42,0.05,0.5,Hoeffding-Bentkus,62.000847,0.043358551529838245,0.03806436355753503,172,486,771,255
42,0.05,0.5,IID-normal,62.000847,0.043358551529838245,0.03806436355753503,172,486,771,255
42,0.05,0.5,Empirical Bernstein,62.000847,0.043358551529838245,0.03806436355753503,172,486,771,255
42,0.05,0.5,Platt calibration,52.565611,0.05966172153594579,0.054370882026420715,185,580,1028,295
42,0.05,0.5,Isotonic calibration,62.000847,0.043358551529838245,0.03806436355753503,172,486,771,255
42,0.05,0.1,Multilabel,62.000847,0.043358551529838245,0.03806436355753503,172,486,771,255
42,0.05,0.1,Hoeffding/LTT,73.129656,0.024451799751758378,0.020706304317836943,136,278,399,190
42,0.05,0.1,Hoeffding-Bentkus,62.000847,0.043358551529838245,0.03806436355753503,172,486,771,255
42,0.05,0.1,IID-normal,62.000847,0.043358551529838245,0.03806436355753503,172,486,771,255
42,0.05,0.1,Empirical Bernstein,62.000847,0.043358551529838245,0.03806436355753503,172,486,771,255
42,0.05,0.1,Platt calibration,52.565611,0.05966172153594579,0.054370882026420715,185,580,1028,295
42,0.05,0.1,Isotonic calibration,62.000847,0.043358551529838245,0.03806436355753503,172,486,771,255
42,0.1,0.5,Multilabel,37.784172,0.08559985158040599,0.08245039819394903,268,867,1713,403
42,0.1,0.5,Hoeffding/LTT,37.784172,0.08559985158040599,0.08245039819394903,268,867,1713,403
42,0.1,0.5,Hoeffding-Bentkus,37.784172,0.08559985158040599,0.08245039819394903,268,867,1713,403
42,0.1,0.5,IID-normal,37.784172,0.08559985158040599,0.08245039819394903,268,867,1713,403
42,0.1,0.5,Empirical Bernstein,37.784172,0.08559985158040599,0.08245039819394903,268,867,1713,403
42,0.1,0.5,Platt calibration,37.784172,0.08559985158040599,0.08245039819394903,268,867,1713,403
42,0.1,0.5,Isotonic calibration,37.784172,0.08559985158040599,0.08245039819394903,268,867,1713,403
42,0.1,0.1,Multilabel,37.784172,0.08559985158040599,0.08245039819394903,268,867,1713,403
42,0.1,0.1,Hoeffding/LTT,44.566222,0.07379326989380774,0.07084261211727068,214,663,1274,345
42,0.1,0.1,Hoeffding-Bentkus,37.784172,0.08559985158040599,0.08245039819394903,268,867,1713,403
42,0.1,0.1,IID-normal,37.784172,0.08559985158040599,0.08245039819394903,268,867,1713,403
42,0.1,0.1,Empirical Bernstein,37.784172,0.08559985158040599,0.08245039819394903,268,867,1713,403
42,0.1,0.1,Platt calibration,37.784172,0.08559985158040599,0.08245039819394903,268,867,1713,403
42,0.1,0.1,Isotonic calibration,37.784172,0.08559985158040599,0.08245039819394903,268,867,1713,403
42,0.2,0.5,Multilabel,27.159271,0.1443128321593361,0.1464846395767902,461,1414,2968,694
42,0.2,0.5,Hoeffding/LTT,27.159271,0.1443128321593361,0.1464846395767902,461,1414,2968,694
42,0.2,0.5,Hoeffding-Bentkus,27.159271,0.1443128321593361,0.1464846395767902,461,1414,2968,694
42,0.2,0.5,IID-normal,27.159271,0.1443128321593361,0.1464846395767902,461,1414,2968,694
42,0.2,0.5,Empirical Bernstein,27.159271,0.1443128321593361,0.1464846395767902,461,1414,2968,694
42,0.2,0.5,Platt calibration,27.159271,0.1443128321593361,0.1464846395767902,461,1414,2968,694
42,0.2,0.5,Isotonic calibration,27.159271,0.1443128321593361,0.1464846395767902,461,1414,2968,694
42,0.2,0.1,Multilabel,27.159271,0.1443128321593361,0.1464846395767902,461,1414,2968,694
42,0.2,0.1,Hoeffding/LTT,27.159271,0.1443128321593361,0.1464846395767902,461,1414,2968,694
42,0.2,0.1,Hoeffding-Bentkus,27.159271,0.1443128321593361,0.1464846395767902,461,1414,2968,694
42,0.2,0.1,IID-normal,27.159271,0.1443128321593361,0.1464846395767902,461,1414,2968,694
42,0.2,0.1,Empirical Bernstein,27.159271,0.1443128321593361,0.1464846395767902,461,1414,2968,694
42,0.2,0.1,Platt calibration,27.159271,0.1443128321593361,0.1464846395767902,461,1414,2968,694
42,0.2,0.1,Isotonic calibration,27.159271,0.1443128321593361,0.1464846395767902,461,1414,2968,694
43,0.05,0.5,Multilabel,62.000847,0.03935220757727998,0.03847657148112383,164,449,699,238
43,0.05,0.5,Hoeffding/LTT,62.000847,0.03935220757727998,0.03847657148112383,164,449,699,238
43,0.05,0.5,Hoeffding-Bentkus,62.000847,0.03935220757727998,0.03847657148112383,164,449,699,238
43,0.05,0.5,IID-normal,62.000847,0.03935220757727998,0.03847657148112383,164,449,699,238
43,0.05,0.5,Empirical Bernstein,62.000847,0.03935220757727998,0.03847657148112383,164,449,699,238
43,0.05,0.5,Platt calibration,52.565611,0.05561449652264712,0.05487029409639425,181,541,965,284
43,0.05,0.5,Isotonic calibration,62.000847,0.03935220757727998,0.03847657148112383,164,449,699,238
43,0.05,0.1,Multilabel,62.000847,0.03935220757727998,0.03847657148112383,164,449,699,238
43,0.05,0.1,Hoeffding/LTT,73.129656,0.019445593711212246,0.020982204441992003,134,282,388,176
43,0.05,0.1,Hoeffding-Bentkus,62.000847,0.03935220757727998,0.03847657148112383,164,449,699,238
43,0.05,0.1,IID-normal,62.000847,0.03935220757727998,0.03847657148112383,164,449,699,238
43,0.05,0.1,Empirical Bernstein,62.000847,0.03935220757727998,0.03847657148112383,164,449,699,238
43,0.05,0.1,Platt calibration,52.565611,0.05561449652264712,0.05487029409639425,181,541,965,284
43,0.05,0.1,Isotonic calibration,62.000847,0.03935220757727998,0.03847657148112383,164,449,699,238
43,0.1,0.5,Multilabel,37.784172,0.08289710450446901,0.08232492932796423,280,857,1691,411
43,0.1,0.5,Hoeffding/LTT,37.784172,0.08289710450446901,0.08232492932796423,280,857,1691,411
43,0.1,0.5,Hoeffding-Bentkus,37.784172,0.08289710450446901,0.08232492932796423,280,857,1691,411
43,0.1,0.5,IID-normal,37.784172,0.08289710450446901,0.08232492932796423,280,857,1691,411
43,0.1,0.5,Empirical Bernstein,37.784172,0.08289710450446901,0.08232492932796423,280,857,1691,411
43,0.1,0.5,Platt calibration,37.784172,0.08289710450446901,0.08232492932796423,280,857,1691,411
43,0.1,0.5,Isotonic calibration,37.784172,0.08289710450446901,0.08232492932796423,280,857,1691,411
43,0.1,0.1,Multilabel,37.784172,0.08289710450446901,0.08232492932796423,280,857,1691,411
43,0.1,0.1,Hoeffding/LTT,44.566222,0.06843144787911026,0.07071500830984898,213,625,1210,333
43,0.1,0.1,Hoeffding-Bentkus,37.784172,0.08289710450446901,0.08232492932796423,280,857,1691,411
43,0.1,0.1,IID-normal,37.784172,0.08289710450446901,0.08232492932796423,280,857,1691,411
43,0.1,0.1,Empirical Bernstein,37.784172,0.08289710450446901,0.08232492932796423,280,857,1691,411
43,0.1,0.1,Platt calibration,37.784172,0.08289710450446901,0.08232492932796423,280,857,1691,411
43,0.1,0.1,Isotonic calibration,37.784172,0.08289710450446901,0.08232492932796423,280,857,1691,411
43,0.2,0.5,Multilabel,27.159271,0.14639054688703013,0.14635634364562494,486,1432,2956,713
43,0.2,0.5,Hoeffding/LTT,27.159271,0.14639054688703013,0.14635634364562494,486,1432,2956,713
43,0.2,0.5,Hoeffding-Bentkus,27.159271,0.14639054688703013,0.14635634364562494,486,1432,2956,713
43,0.2,0.5,IID-normal,27.159271,0.14639054688703013,0.14635634364562494,486,1432,2956,713
43,0.2,0.5,Empirical Bernstein,27.159271,0.14639054688703013,0.14635634364562494,486,1432,2956,713
43,0.2,0.5,Platt calibration,27.159271,0.14639054688703013,0.14635634364562494,486,1432,2956,713
43,0.2,0.5,Isotonic calibration,27.159271,0.14639054688703013,0.14635634364562494,486,1432,2956,713
43,0.2,0.1,Multilabel,27.159271,0.14639054688703013,0.14635634364562494,486,1432,2956,713
43,0.2,0.1,Hoeffding/LTT,27.159271,0.14639054688703013,0.14635634364562494,486,1432,2956,713
43,0.2,0.1,Hoeffding-Bentkus,27.159271,0.14639054688703013,0.14635634364562494,486,1432,2956,713
43,0.2,0.1,IID-normal,27.159271,0.14639054688703013,0.14635634364562494,486,1432,2956,713
43,0.2,0.1,Empirical Bernstein,27.159271,0.14639054688703013,0.14635634364562494,486,1432,2956,713
43,0.2,0.1,Platt calibration,27.159271,0.14639054688703013,0.14635634364562494,486,1432,2956,713
43,0.2,0.1,Isotonic calibration,27.159271,0.14639054688703013,0.14635634364562494,486,1432,2956,713
44,0.05,0.5,Multilabel,62.000847,0.03990681088322792,0.03811724441466474,163,406,657,239
44,0.05,0.5,Hoeffding/LTT,62.000847,0.03990681088322792,0.03811724441466474,163,406,657,239
44,0.05,0.5,Hoeffding-Bentkus,62.000847,0.03990681088322792,0.03811724441466474,163,406,657,239
44,0.05,0.5,IID-normal,62.000847,0.03990681088322792,0.03811724441466474,163,406,657,239
44,0.05,0.5,Empirical Bernstein,62.000847,0.03990681088322792,0.03811724441466474,163,406,657,239
44,0.05,0.5,Platt calibration,52.565611,0.06132405382508817,0.05604582569681203,184,499,948,300
44,0.05,0.5,Isotonic calibration,62.000847,0.03990681088322792,0.03811724441466474,163,406,657,239
44,0.05,0.1,Multilabel,62.000847,0.03990681088322792,0.03811724441466474,163,406,657,239
44,0.05,0.1,Hoeffding/LTT,73.129656,0.022196938353330576,0.020430404193681886,128,244,351,177
44,0.05,0.1,Hoeffding-Bentkus,62.000847,0.03990681088322792,0.03811724441466474,163,406,657,239
44,0.05,0.1,IID-normal,62.000847,0.03990681088322792,0.03811724441466474,163,406,657,239
44,0.05,0.1,Empirical Bernstein,62.000847,0.03990681088322792,0.03811724441466474,163,406,657,239
44,0.05,0.1,Platt calibration,52.565611,0.06132405382508817,0.05604582569681203,184,499,948,300
44,0.05,0.1,Isotonic calibration,62.000847,0.03990681088322792,0.03811724441466474,163,406,657,239
44,0.1,0.5,Multilabel,37.784172,0.08916914579926578,0.08419563070549414,267,806,1686,419
44,0.1,0.5,Hoeffding/LTT,37.784172,0.08916914579926578,0.08419563070549414,267,806,1686,419
44,0.1,0.5,Hoeffding-Bentkus,37.784172,0.08916914579926578,0.08419563070549414,267,806,1686,419
44,0.1,0.5,IID-normal,37.784172,0.08916914579926578,0.08419563070549414,267,806,1686,419
44,0.1,0.5,Empirical Bernstein,37.784172,0.08916914579926578,0.08419563070549414,267,806,1686,419
44,0.1,0.5,Platt calibration,37.784172,0.08916914579926578,0.08419563070549414,267,806,1686,419
44,0.1,0.5,Isotonic calibration,37.784172,0.08916914579926578,0.08419563070549414,267,806,1686,419
44,0.1,0.1,Multilabel,37.784172,0.08916914579926578,0.08419563070549414,267,806,1686,419
44,0.1,0.1,Hoeffding/LTT,44.566222,0.07661307799909371,0.07228616098115338,217,587,1215,355
44,0.1,0.1,Hoeffding-Bentkus,37.784172,0.08916914579926578,0.08419563070549414,267,806,1686,419
44,0.1,0.1,IID-normal,37.784172,0.08916914579926578,0.08419563070549414,267,806,1686,419
44,0.1,0.1,Empirical Bernstein,37.784172,0.08916914579926578,0.08419563070549414,267,806,1686,419
44,0.1,0.1,Platt calibration,37.784172,0.08916914579926578,0.08419563070549414,267,806,1686,419
44,0.1,0.1,Isotonic calibration,37.784172,0.08916914579926578,0.08419563070549414,267,806,1686,419
44,0.2,0.5,Multilabel,27.159271,0.15067927751005944,0.1469571334690662,474,1390,2979,717
44,0.2,0.5,Hoeffding/LTT,27.159271,0.15067927751005944,0.1469571334690662,474,1390,2979,717
44,0.2,0.5,Hoeffding-Bentkus,27.159271,0.15067927751005944,0.1469571334690662,474,1390,2979,717
44,0.2,0.5,IID-normal,27.159271,0.15067927751005944,0.1469571334690662,474,1390,2979,717
44,0.2,0.5,Empirical Bernstein,27.159271,0.15067927751005944,0.1469571334690662,474,1390,2979,717
44,0.2,0.5,Platt calibration,27.159271,0.15067927751005944,0.1469571334690662,474,1390,2979,717
44,0.2,0.5,Isotonic calibration,27.159271,0.15067927751005944,0.1469571334690662,474,1390,2979,717
44,0.2,0.1,Multilabel,27.159271,0.15067927751005944,0.1469571334690662,474,1390,2979,717
44,0.2,0.1,Hoeffding/LTT,27.159271,0.15067927751005944,0.1469571334690662,474,1390,2979,717
44,0.2,0.1,Hoeffding-Bentkus,27.159271,0.15067927751005944,0.1469571334690662,474,1390,2979,717
44,0.2,0.1,IID-normal,27.159271,0.15067927751005944,0.1469571334690662,474,1390,2979,717
44,0.2,0.1,Empirical Bernstein,27.159271,0.15067927751005944,0.1469571334690662,474,1390,2979,717
44,0.2,0.1,Platt calibration,27.159271,0.15067927751005944,0.1469571334690662,474,1390,2979,717
44,0.2,0.1,Isotonic calibration,27.159271,0.15067927751005944,0.1469571334690662,474,1390,2979,717
45,0.05,0.5,Multilabel,62.000847,0.03475481214413775,0.03863751322021429,137,355,559,205
45,0.05,0.5,Hoeffding/LTT,73.129656,0.018783616052958214,0.020706304317836946,113,214,305,155
45,0.05,0.5,Hoeffding-Bentkus,62.000847,0.03475481214413775,0.03863751322021429,137,355,559,205
45,0.05,0.5,IID-normal,62.000847,0.03475481214413775,0.03863751322021429,137,355,559,205
45,0.05,0.5,Empirical Bernstein,62.000847,0.03475481214413775,0.03863751322021429,137,355,559,205
45,0.05,0.5,Platt calibration,52.565611,0.049903954134405105,0.05542406505987689,159,445,788,252
45,0.05,0.5,Isotonic calibration,62.000847,0.03475481214413775,0.03863751322021429,137,355,559,205
45,0.05,0.1,Multilabel,62.000847,0.03475481214413775,0.03863751322021429,137,355,559,205
45,0.05,0.1,Hoeffding/LTT,73.129656,0.018783616052958214,0.020706304317836946,113,214,305,155
45,0.05,0.1,Hoeffding-Bentkus,73.129656,0.018783616052958214,0.020706304317836946,113,214,305,155
45,0.05,0.1,IID-normal,62.000847,0.03475481214413775,0.03863751322021429,137,355,559,205
45,0.05,0.1,Empirical Bernstein,73.129656,0.018783616052958214,0.020706304317836946,113,214,305,155
45,0.05,0.1,Platt calibration,52.565611,0.049903954134405105,0.05542406505987689,159,445,788,252
45,0.05,0.1,Isotonic calibration,62.000847,0.03475481214413775,0.03863751322021429,137,355,559,205
45,0.1,0.5,Multilabel,37.784172,0.07554146882860163,0.0818637819775908,245,709,1417,370
45,0.1,0.5,Hoeffding/LTT,44.566222,0.06388182910731524,0.07049182481655926,187,529,1024,304
45,0.1,0.5,Hoeffding-Bentkus,37.784172,0.07554146882860163,0.0818637819775908,245,709,1417,370
45,0.1,0.5,IID-normal,37.784172,0.07554146882860163,0.0818637819775908,245,709,1417,370
45,0.1,0.5,Empirical Bernstein,37.784172,0.07554146882860163,0.0818637819775908,245,709,1417,370
45,0.1,0.5,Platt calibration,37.784172,0.07554146882860163,0.0818637819775908,245,709,1417,370
45,0.1,0.5,Isotonic calibration,37.784172,0.07554146882860163,0.0818637819775908,245,709,1417,370
45,0.1,0.1,Multilabel,37.784172,0.07554146882860163,0.0818637819775908,245,709,1417,370
45,0.1,0.1,Hoeffding/LTT,44.566222,0.06388182910731524,0.07049182481655926,187,529,1024,304
45,0.1,0.1,Hoeffding-Bentkus,44.566222,0.06388182910731524,0.07049182481655926,187,529,1024,304
45,0.1,0.1,IID-normal,37.784172,0.07554146882860163,0.0818637819775908,245,709,1417,370
45,0.1,0.1,Empirical Bernstein,44.566222,0.06388182910731524,0.07049182481655926,187,529,1024,304
45,0.1,0.1,Platt calibration,37.784172,0.07554146882860163,0.0818637819775908,245,709,1417,370
45,0.1,0.1,Isotonic calibration,37.784172,0.07554146882860163,0.0818637819775908,245,709,1417,370
45,0.2,0.5,Multilabel,27.159271,0.13426155281761407,0.1447804835375535,432,1207,2568,656
45,0.2,0.5,Hoeffding/LTT,27.159271,0.13426155281761407,0.1447804835375535,432,1207,2568,656
45,0.2,0.5,Hoeffding-Bentkus,27.159271,0.13426155281761407,0.1447804835375535,432,1207,2568,656
45,0.2,0.5,IID-normal,27.159271,0.13426155281761407,0.1447804835375535,432,1207,2568,656
45,0.2,0.5,Empirical Bernstein,27.159271,0.13426155281761407,0.1447804835375535,432,1207,2568,656
45,0.2,0.5,Platt calibration,27.159271,0.13426155281761407,0.1447804835375535,432,1207,2568,656
45,0.2,0.5,Isotonic calibration,27.159271,0.13426155281761407,0.1447804835375535,432,1207,2568,656
45,0.2,0.1,Multilabel,27.159271,0.13426155281761407,0.1447804835375535,432,1207,2568,656
45,0.2,0.1,Hoeffding/LTT,27.159271,0.13426155281761407,0.1447804835375535,432,1207,2568,656
45,0.2,0.1,Hoeffding-Bentkus,27.159271,0.13426155281761407,0.1447804835375535,432,1207,2568,656
45,0.2,0.1,IID-normal,27.159271,0.13426155281761407,0.1447804835375535,432,1207,2568,656
45,0.2,0.1,Empirical Bernstein,27.159271,0.13426155281761407,0.1447804835375535,432,1207,2568,656
45,0.2,0.1,Platt calibration,27.159271,0.13426155281761407,0.1447804835375535,432,1207,2568,656
45,0.2,0.1,Isotonic calibration,27.159271,0.13426155281761407,0.1447804835375535,432,1207,2568,656
46,0.05,0.5,Multilabel,62.000847,0.033832771834426775,0.037940865406722764,174,423,645,237
46,0.05,0.5,Hoeffding/LTT,73.129656,0.019631774927596195,0.020706304317836946,134,264,364,176
46,0.05,0.5,Hoeffding-Bentkus,62.000847,0.033832771834426775,0.037940865406722764,174,423,645,237
46,0.05,0.5,IID-normal,62.000847,0.033832771834426775,0.037940865406722764,174,423,645,237
46,0.05,0.5,Empirical Bernstein,62.000847,0.033832771834426775,0.037940865406722764,174,423,645,237
46,0.05,0.5,Platt calibration,52.565611,0.050707291605098806,0.05511121402623678,184,515,875,278
46,0.05,0.5,Isotonic calibration,62.000847,0.033832771834426775,0.037940865406722764,174,423,645,237
46,0.05,0.1,Multilabel,62.000847,0.033832771834426775,0.037940865406722764,174,423,645,237
46,0.05,0.1,Hoeffding/LTT,73.129656,0.019631774927596195,0.020706304317836946,134,264,364,176
46,0.05,0.1,Hoeffding-Bentkus,62.000847,0.033832771834426775,0.037940865406722764,174,423,645,237
46,0.05,0.1,IID-normal,62.000847,0.033832771834426775,0.037940865406722764,174,423,645,237
46,0.05,0.1,Empirical Bernstein,73.129656,0.019631774927596195,0.020706304317836946,134,264,364,176
46,0.05,0.1,Platt calibration,52.565611,0.050707291605098806,0.05511121402623678,184,515,875,278
46,0.05,0.1,Isotonic calibration,62.000847,0.033832771834426775,0.037940865406722764,174,423,645,237
46,0.1,0.5,Multilabel,37.784172,0.07134795857385846,0.08257099501409063,272,840,1585,382
46,0.1,0.5,Hoeffding/LTT,44.566222,0.0634932127588313,0.07180399266893955,216,614,1122,329
46,0.1,0.5,Hoeffding-Bentkus,37.784172,0.07134795857385846,0.08257099501409063,272,840,1585,382
46,0.1,0.5,IID-normal,37.784172,0.07134795857385846,0.08257099501409063,272,840,1585,382
46,0.1,0.5,Empirical Bernstein,44.566222,0.0634932127588313,0.07180399266893955,216,614,1122,329
46,0.1,0.5,Platt calibration,37.784172,0.07134795857385846,0.08257099501409063,272,840,1585,382
46,0.1,0.5,Isotonic calibration,37.784172,0.07134795857385846,0.08257099501409063,272,840,1585,382
46,0.1,0.1,Multilabel,44.566222,0.0634932127588313,0.07180399266893955,216,614,1122,329
46,0.1,0.1,Hoeffding/LTT,44.566222,0.0634932127588313,0.07180399266893955,216,614,1122,329
46,0.1,0.1,Hoeffding-Bentkus,44.566222,0.0634932127588313,0.07180399266893955,216,614,1122,329
46,0.1,0.1,IID-normal,44.566222,0.0634932127588313,0.07180399266893955,216,614,1122,329
46,0.1,0.1,Empirical Bernstein,44.566222,0.0634932127588313,0.07180399266893955,216,614,1122,329
46,0.1,0.1,Platt calibration,37.784172,0.07134795857385846,0.08257099501409063,272,840,1585,382
46,0.1,0.1,Isotonic calibration,37.784172,0.07134795857385846,0.08257099501409063,272,840,1585,382
46,0.2,0.5,Multilabel,27.159271,0.13696638143266196,0.1454890452200426,485,1407,2835,703
46,0.2,0.5,Hoeffding/LTT,27.159271,0.13696638143266196,0.1454890452200426,485,1407,2835,703
46,0.2,0.5,Hoeffding-Bentkus,27.159271,0.13696638143266196,0.1454890452200426,485,1407,2835,703
46,0.2,0.5,IID-normal,27.159271,0.13696638143266196,0.1454890452200426,485,1407,2835,703
46,0.2,0.5,Empirical Bernstein,27.159271,0.13696638143266196,0.1454890452200426,485,1407,2835,703
46,0.2,0.5,Platt calibration,27.159271,0.13696638143266196,0.1454890452200426,485,1407,2835,703
46,0.2,0.5,Isotonic calibration,27.159271,0.13696638143266196,0.1454890452200426,485,1407,2835,703
46,0.2,0.1,Multilabel,27.159271,0.13696638143266196,0.1454890452200426,485,1407,2835,703
46,0.2,0.1,Hoeffding/LTT,27.159271,0.13696638143266196,0.1454890452200426,485,1407,2835,703
46,0.2,0.1,Hoeffding-Bentkus,27.159271,0.13696638143266196,0.1454890452200426,485,1407,2835,703
46,0.2,0.1,IID-normal,27.159271,0.13696638143266196,0.1454890452200426,485,1407,2835,703
46,0.2,0.1,Empirical Bernstein,27.159271,0.13696638143266196,0.1454890452200426,485,1407,2835,703
46,0.2,0.1,Platt calibration,27.159271,0.13696638143266196,0.1454890452200426,485,1407,2835,703
46,0.2,0.1,Isotonic calibration,27.159271,0.13696638143266196,0.1454890452200426,485,1407,2835,703
47,0.05,0.5,Multilabel,62.000847,0.03973146561065469,0.03858627462572834,171,482,724,251
47,0.05,0.5,Hoeffding/LTT,62.000847,0.03973146561065469,0.03858627462572834,171,482,724,251
47,0.05,0.5,Hoeffding-Bentkus,62.000847,0.03973146561065469,0.03858627462572834,171,482,724,251
47,0.05,0.5,IID-normal,62.000847,0.03973146561065469,0.03858627462572834,171,482,724,251
47,0.05,0.5,Empirical Bernstein,62.000847,0.03973146561065469,0.03858627462572834,171,482,724,251
47,0.05,0.5,Platt calibration,52.565611,0.05569773627282936,0.05566909064632889,187,575,947,295
47,0.05,0.5,Isotonic calibration,62.000847,0.03973146561065469,0.03858627462572834,171,482,724,251
47,0.05,0.1,Multilabel,62.000847,0.03973146561065469,0.03858627462572834,171,482,724,251
47,0.05,0.1,Hoeffding/LTT,73.129656,0.022527927182457594,0.020464891709201273,139,289,400,188
47,0.05,0.1,Hoeffding-Bentkus,62.000847,0.03973146561065469,0.03858627462572834,171,482,724,251
47,0.05,0.1,IID-normal,62.000847,0.03973146561065469,0.03858627462572834,171,482,724,251
47,0.05,0.1,Empirical Bernstein,62.000847,0.03973146561065469,0.03858627462572834,171,482,724,251
47,0.05,0.1,Platt calibration,52.565611,0.05569773627282936,0.05566909064632889,187,575,947,295
47,0.05,0.1,Isotonic calibration,62.000847,0.03973146561065469,0.03858627462572834,171,482,724,251
47,0.1,0.5,Multilabel,37.784172,0.0828783878742505,0.0834642216660426,286,888,1709,421
47,0.1,0.5,Hoeffding/LTT,37.784172,0.0828783878742505,0.0834642216660426,286,888,1709,421
47,0.1,0.5,Hoeffding-Bentkus,37.784172,0.0828783878742505,0.0834642216660426,286,888,1709,421
47,0.1,0.5,IID-normal,37.784172,0.0828783878742505,0.0834642216660426,286,888,1709,421
47,0.1,0.5,Empirical Bernstein,37.784172,0.0828783878742505,0.0834642216660426,286,888,1709,421
47,0.1,0.5,Platt calibration,37.784172,0.0828783878742505,0.0834642216660426,286,888,1709,421
47,0.1,0.5,Isotonic calibration,37.784172,0.0828783878742505,0.0834642216660426,286,888,1709,421
47,0.1,0.1,Multilabel,37.784172,0.0828783878742505,0.0834642216660426,286,888,1709,421
47,0.1,0.1,Hoeffding/LTT,44.566222,0.06852700120180467,0.07174519966629223,219,672,1221,344
47,0.1,0.1,Hoeffding-Bentkus,37.784172,0.0828783878742505,0.0834642216660426,286,888,1709,421
47,0.1,0.1,IID-normal,37.784172,0.0828783878742505,0.0834642216660426,286,888,1709,421
47,0.1,0.1,Empirical Bernstein,44.566222,0.06852700120180467,0.07174519966629223,219,672,1221,344
47,0.1,0.1,Platt calibration,37.784172,0.0828783878742505,0.0834642216660426,286,888,1709,421
47,0.1,0.1,Isotonic calibration,37.784172,0.0828783878742505,0.0834642216660426,286,888,1709,421
47,0.2,0.5,Multilabel,27.159271,0.149552627531527,0.1483416902681629,491,1457,3011,736
47,0.2,0.5,Hoeffding/LTT,27.159271,0.149552627531527,0.1483416902681629,491,1457,3011,736
47,0.2,0.5,Hoeffding-Bentkus,27.159271,0.149552627531527,0.1483416902681629,491,1457,3011,736
47,0.2,0.5,IID-normal,27.159271,0.149552627531527,0.1483416902681629,491,1457,3011,736
47,0.2,0.5,Empirical Bernstein,27.159271,0.149552627531527,0.1483416902681629,491,1457,3011,736
47,0.2,0.5,Platt calibration,27.159271,0.149552627531527,0.1483416902681629,491,1457,3011,736
47,0.2,0.5,Isotonic calibration,27.159271,0.149552627531527,0.1483416902681629,491,1457,3011,736
47,0.2,0.1,Multilabel,27.159271,0.149552627531527,0.1483416902681629,491,1457,3011,736
47,0.2,0.1,Hoeffding/LTT,27.159271,0.149552627531527,0.1483416902681629,491,1457,3011,736
47,0.2,0.1,Hoeffding-Bentkus,27.159271,0.149552627531527,0.1483416902681629,491,1457,3011,736
47,0.2,0.1,IID-normal,27.159271,0.149552627531527,0.1483416902681629,491,1457,3011,736
47,0.2,0.1,Empirical Bernstein,27.159271,0.149552627531527,0.1483416902681629,491,1457,3011,736
47,0.2,0.1,Platt calibration,27.159271,0.149552627531527,0.1483416902681629,491,1457,3011,736
47,0.2,0.1,Isotonic calibration,27.159271,0.149552627531527,0.1483416902681629,491,1457,3011,736
48,0.05,0.5,Multilabel,62.000847,0.03961227022873692,0.03816322776869059,158,427,690,236
48,0.05,0.5,Hoeffding/LTT,62.000847,0.03961227022873692,0.03816322776869059,158,427,690,236
48,0.05,0.5,Hoeffding-Bentkus,62.000847,0.03961227022873692,0.03816322776869059,158,427,690,236
48,0.05,0.5,IID-normal,62.000847,0.03961227022873692,0.03816322776869059,158,427,690,236
48,0.05,0.5,Empirical Bernstein,62.000847,0.03961227022873692,0.03816322776869059,158,427,690,236
48,0.05,0.5,Platt calibration,52.565611,0.05539777764643301,0.05520547990198977,182,535,948,286
48,0.05,0.5,Isotonic calibration,62.000847,0.03961227022873692,0.03816322776869059,158,427,690,236
48,0.05,0.1,Multilabel,62.000847,0.03961227022873692,0.03816322776869059,158,427,690,236
48,0.05,0.1,Hoeffding/LTT,73.129656,0.020438560198593296,0.020609739274382675,126,247,359,170
48,0.05,0.1,Hoeffding-Bentkus,62.000847,0.03961227022873692,0.03816322776869059,158,427,690,236
48,0.05,0.1,IID-normal,62.000847,0.03961227022873692,0.03816322776869059,158,427,690,236
48,0.05,0.1,Empirical Bernstein,62.000847,0.03961227022873692,0.03816322776869059,158,427,690,236
48,0.05,0.1,Platt calibration,52.565611,0.05539777764643301,0.05520547990198977,182,535,948,286
48,0.05,0.1,Isotonic calibration,62.000847,0.03961227022873692,0.03816322776869059,158,427,690,236
48,0.1,0.5,Multilabel,37.784172,0.0827902226950634,0.082618949083289,258,818,1653,394
48,0.1,0.5,Hoeffding/LTT,37.784172,0.0827902226950634,0.082618949083289,258,818,1653,394
48,0.1,0.5,Hoeffding-Bentkus,37.784172,0.0827902226950634,0.082618949083289,258,818,1653,394
48,0.1,0.5,IID-normal,37.784172,0.0827902226950634,0.082618949083289,258,818,1653,394
48,0.1,0.5,Empirical Bernstein,37.784172,0.0827902226950634,0.082618949083289,258,818,1653,394
48,0.1,0.5,Platt calibration,37.784172,0.0827902226950634,0.082618949083289,258,818,1653,394
48,0.1,0.5,Isotonic calibration,37.784172,0.0827902226950634,0.082618949083289,258,818,1653,394
48,0.1,0.1,Multilabel,37.784172,0.0827902226950634,0.082618949083289,258,818,1653,394
48,0.1,0.1,Hoeffding/LTT,44.566222,0.07071536930866677,0.07052614810581426,207,629,1222,335
48,0.1,0.1,Hoeffding-Bentkus,37.784172,0.0827902226950634,0.082618949083289,258,818,1653,394
48,0.1,0.1,IID-normal,37.784172,0.0827902226950634,0.082618949083289,258,818,1653,394
48,0.1,0.1,Empirical Bernstein,37.784172,0.0827902226950634,0.082618949083289,258,818,1653,394
48,0.1,0.1,Platt calibration,37.784172,0.0827902226950634,0.082618949083289,258,818,1653,394
48,0.1,0.1,Isotonic calibration,37.784172,0.0827902226950634,0.082618949083289,258,818,1653,394
48,0.2,0.5,Multilabel,27.159271,0.14644521914898415,0.14308191616785904,475,1333,2868,711
48,0.2,0.5,Hoeffding/LTT,27.159271,0.14644521914898415,0.14308191616785904,475,1333,2868,711
48,0.2,0.5,Hoeffding-Bentkus,27.159271,0.14644521914898415,0.14308191616785904,475,1333,2868,711
48,0.2,0.5,IID-normal,27.159271,0.14644521914898415,0.14308191616785904,475,1333,2868,711
48,0.2,0.5,Empirical Bernstein,27.159271,0.14644521914898415,0.14308191616785904,475,1333,2868,711
48,0.2,0.5,Platt calibration,27.159271,0.14644521914898415,0.14308191616785904,475,1333,2868,711
48,0.2,0.5,Isotonic calibration,27.159271,0.14644521914898415,0.14308191616785904,475,1333,2868,711
48,0.2,0.1,Multilabel,27.159271,0.14644521914898415,0.14308191616785904,475,1333,2868,711
48,0.2,0.1,Hoeffding/LTT,27.159271,0.14644521914898415,0.14308191616785904,475,1333,2868,711
48,0.2,0.1,Hoeffding-Bentkus,27.159271,0.14644521914898415,0.14308191616785904,475,1333,2868,711
48,0.2,0.1,IID-normal,27.159271,0.14644521914898415,0.14308191616785904,475,1333,2868,711
48,0.2,0.1,Empirical Bernstein,27.159271,0.14644521914898415,0.14308191616785904,475,1333,2868,711
48,0.2,0.1,Platt calibration,27.159271,0.14644521914898415,0.14308191616785904,475,1333,2868,711
48,0.2,0.1,Isotonic calibration,27.159271,0.14644521914898415,0.14308191616785904,475,1333,2868,711
49,0.05,0.5,Multilabel,62.000847,0.042922158520007095,0.038347161184793956,152,380,621,236
49,0.05,0.5,Hoeffding/LTT,62.000847,0.042922158520007095,0.038347161184793956,152,380,621,236
49,0.05,0.5,Hoeffding-Bentkus,62.000847,0.042922158520007095,0.038347161184793956,152,380,621,236
49,0.05,0.5,IID-normal,62.000847,0.042922158520007095,0.038347161184793956,152,380,621,236
49,0.05,0.5,Empirical Bernstein,62.000847,0.042922158520007095,0.038347161184793956,152,380,621,236
49,0.05,0.5,Platt calibration,52.565611,0.058771696514766436,0.05625439305257211,175,488,890,286
49,0.05,0.5,Isotonic calibration,62.000847,0.042922158520007095,0.038347161184793956,152,380,621,236
49,0.05,0.1,Multilabel,62.000847,0.042922158520007095,0.038347161184793956,152,380,621,236
49,0.05,0.1,Hoeffding/LTT,73.129656,0.019342159702110055,0.019913091460891156,110,211,297,152
49,0.05,0.1,Hoeffding-Bentkus,62.000847,0.042922158520007095,0.038347161184793956,152,380,621,236
49,0.05,0.1,IID-normal,62.000847,0.042922158520007095,0.038347161184793956,152,380,621,236
49,0.05,0.1,Empirical Bernstein,62.000847,0.042922158520007095,0.038347161184793956,152,380,621,236
49,0.05,0.1,Platt calibration,52.565611,0.058771696514766436,0.05625439305257211,175,488,890,286
49,0.05,0.1,Isotonic calibration,62.000847,0.042922158520007095,0.038347161184793956,152,380,621,236
49,0.1,0.5,Multilabel,37.784172,0.0844885106159413,0.08372358967958361,264,797,1618,405
49,0.1,0.5,Hoeffding/LTT,37.784172,0.0844885106159413,0.08372358967958361,264,797,1618,405
49,0.1,0.5,Hoeffding-Bentkus,37.784172,0.0844885106159413,0.08372358967958361,264,797,1618,405
49,0.1,0.5,IID-normal,37.784172,0.0844885106159413,0.08372358967958361,264,797,1618,405
49,0.1,0.5,Empirical Bernstein,37.784172,0.0844885106159413,0.08372358967958361,264,797,1618,405
49,0.1,0.5,Platt calibration,37.784172,0.0844885106159413,0.08372358967958361,264,797,1618,405
49,0.1,0.5,Isotonic calibration,37.784172,0.0844885106159413,0.08372358967958361,264,797,1618,405
49,0.1,0.1,Multilabel,37.784172,0.0844885106159413,0.08372358967958361,264,797,1618,405
49,0.1,0.1,Hoeffding/LTT,44.566222,0.07522509210552239,0.07214361258367329,206,588,1166,345
49,0.1,0.1,Hoeffding-Bentkus,37.784172,0.0844885106159413,0.08372358967958361,264,797,1618,405
49,0.1,0.1,IID-normal,37.784172,0.0844885106159413,0.08372358967958361,264,797,1618,405
49,0.1,0.1,Empirical Bernstein,44.566222,0.07522509210552239,0.07214361258367329,206,588,1166,345
49,0.1,0.1,Platt calibration,37.784172,0.0844885106159413,0.08372358967958361,264,797,1618,405
49,0.1,0.1,Isotonic calibration,37.784172,0.0844885106159413,0.08372358967958361,264,797,1618,405
49,0.2,0.5,Multilabel,27.159271,0.1430188025554182,0.14746196998231761,472,1364,2863,702
49,0.2,0.5,Hoeffding/LTT,27.159271,0.1430188025554182,0.14746196998231761,472,1364,2863,702
49,0.2,0.5,Hoeffding-Bentkus,27.159271,0.1430188025554182,0.14746196998231761,472,1364,2863,702
49,0.2,0.5,IID-normal,27.159271,0.1430188025554182,0.14746196998231761,472,1364,2863,702
49,0.2,0.5,Empirical Bernstein,27.159271,0.1430188025554182,0.14746196998231761,472,1364,2863,702
49,0.2,0.5,Platt calibration,27.159271,0.1430188025554182,0.14746196998231761,472,1364,2863,702
49,0.2,0.5,Isotonic calibration,27.159271,0.1430188025554182,0.14746196998231761,472,1364,2863,702
49,0.2,0.1,Multilabel,27.159271,0.1430188025554182,0.14746196998231761,472,1364,2863,702
49,0.2,0.1,Hoeffding/LTT,27.159271,0.1430188025554182,0.14746196998231761,472,1364,2863,702
49,0.2,0.1,Hoeffding-Bentkus,27.159271,0.1430188025554182,0.14746196998231761,472,1364,2863,702
49,0.2,0.1,IID-normal,27.159271,0.1430188025554182,0.14746196998231761,472,1364,2863,702
49,0.2,0.1,Empirical Bernstein,27.159271,0.1430188025554182,0.14746196998231761,472,1364,2863,702
49,0.2,0.1,Platt calibration,27.159271,0.1430188025554182,0.14746196998231761,472,1364,2863,702
49,0.2,0.1,Isotonic calibration,27.159271,0.1430188025554182,0.14746196998231761,472,1364,2863,702
50,0.05,0.5,Multilabel,62.000847,0.03738499123273637,0.039301315780830196,157,404,653,227
50,0.05,0.5,Hoeffding/LTT,73.129656,0.023893256102606536,0.020892536901641605,119,229,337,171
50,0.05,0.5,Hoeffding-Bentkus,62.000847,0.03738499123273637,0.039301315780830196,157,404,653,227
50,0.05,0.5,IID-normal,62.000847,0.03738499123273637,0.039301315780830196,157,404,653,227
50,0.05,0.5,Empirical Bernstein,62.000847,0.03738499123273637,0.039301315780830196,157,404,653,227
50,0.05,0.5,Platt calibration,52.565611,0.0533419035798018,0.05696779194503019,172,494,899,270
50,0.05,0.5,Isotonic calibration,62.000847,0.03738499123273637,0.039301315780830196,157,404,653,227
50,0.05,0.1,Multilabel,62.000847,0.03738499123273637,0.039301315780830196,157,404,653,227
50,0.05,0.1,Hoeffding/LTT,73.129656,0.023893256102606536,0.020892536901641605,119,229,337,171
50,0.05,0.1,Hoeffding-Bentkus,62.000847,0.03738499123273637,0.039301315780830196,157,404,653,227
50,0.05,0.1,IID-normal,62.000847,0.03738499123273637,0.039301315780830196,157,404,653,227
50,0.05,0.1,Empirical Bernstein,73.129656,0.023893256102606536,0.020892536901641605,119,229,337,171
50,0.05,0.1,Platt calibration,52.565611,0.0533419035798018,0.05696779194503019,172,494,899,270
50,0.05,0.1,Isotonic calibration,62.000847,0.03738499123273637,0.039301315780830196,157,404,653,227
50,0.1,0.5,Multilabel,37.784172,0.08071546781724688,0.08443063848981906,273,832,1642,405
50,0.1,0.5,Hoeffding/LTT,44.566222,0.06844622416612486,0.07353756511571384,205,603,1173,331
50,0.1,0.5,Hoeffding-Bentkus,37.784172,0.08071546781724688,0.08443063848981906,273,832,1642,405
50,0.1,0.5,IID-normal,37.784172,0.08071546781724688,0.08443063848981906,273,832,1642,405
50,0.1,0.5,Empirical Bernstein,37.784172,0.08071546781724688,0.08443063848981906,273,832,1642,405
50,0.1,0.5,Platt calibration,37.784172,0.08071546781724688,0.08443063848981906,273,832,1642,405
50,0.1,0.5,Isotonic calibration,37.784172,0.08071546781724688,0.08443063848981906,273,832,1642,405
50,0.1,0.1,Multilabel,37.784172,0.08071546781724688,0.08443063848981906,273,832,1642,405
50,0.1,0.1,Hoeffding/LTT,44.566222,0.06844622416612486,0.07353756511571384,205,603,1173,331
50,0.1,0.1,Hoeffding-Bentkus,44.566222,0.06844622416612486,0.07353756511571384,205,603,1173,331
50,0.1,0.1,IID-normal,37.784172,0.08071546781724688,0.08443063848981906,273,832,1642,405
50,0.1,0.1,Empirical Bernstein,44.566222,0.06844622416612486,0.07353756511571384,205,603,1173,331
50,0.1,0.1,Platt calibration,37.784172,0.08071546781724688,0.08443063848981906,273,832,1642,405
50,0.1,0.1,Isotonic calibration,37.784172,0.08071546781724688,0.08443063848981906,273,832,1642,405
50,0.2,0.5,Multilabel,27.159271,0.14094393286573675,0.14674796892689018,474,1390,2854,699
50,0.2,0.5,Hoeffding/LTT,27.159271,0.14094393286573675,0.14674796892689018,474,1390,2854,699
50,0.2,0.5,Hoeffding-Bentkus,27.159271,0.14094393286573675,0.14674796892689018,474,1390,2854,699
50,0.2,0.5,IID-normal,27.159271,0.14094393286573675,0.14674796892689018,474,1390,2854,699
50,0.2,0.5,Empirical Bernstein,27.159271,0.14094393286573675,0.14674796892689018,474,1390,2854,699
50,0.2,0.5,Platt calibration,27.159271,0.14094393286573675,0.14674796892689018,474,1390,2854,699
50,0.2,0.5,Isotonic calibration,27.159271,0.14094393286573675,0.14674796892689018,474,1390,2854,699
50,0.2,0.1,Multilabel,27.159271,0.14094393286573675,0.14674796892689018,474,1390,2854,699
50,0.2,0.1,Hoeffding/LTT,27.159271,0.14094393286573675,0.14674796892689018,474,1390,2854,699
50,0.2,0.1,Hoeffding-Bentkus,27.159271,0.14094393286573675,0.14674796892689018,474,1390,2854,699
50,0.2,0.1,IID-normal,27.159271,0.14094393286573675,0.14674796892689018,474,1390,2854,699
50,0.2,0.1,Empirical Bernstein,27.159271,0.14094393286573675,0.14674796892689018,474,1390,2854,699
50,0.2,0.1,Platt calibration,27.159271,0.14094393286573675,0.14674796892689018,474,1390,2854,699
50,0.2,0.1,Isotonic calibration,27.159271,0.14094393286573675,0.14674796892689018,474,1390,2854,699
51,0.05,0.5,Multilabel,62.000847,0.04152629194002798,0.03904085292552668,159,439,702,246
51,0.05,0.5,Hoeffding/LTT,62.000847,0.04152629194002798,0.03904085292552668,159,439,702,246
51,0.05,0.5,Hoeffding-Bentkus,62.000847,0.04152629194002798,0.03904085292552668,159,439,702,246
51,0.05,0.5,IID-normal,62.000847,0.04152629194002798,0.03904085292552668,159,439,702,246
51,0.05,0.5,Empirical Bernstein,62.000847,0.04152629194002798,0.03904085292552668,159,439,702,246
51,0.05,0.5,Platt calibration,52.565611,0.059371613767559145,0.056397105676316596,171,520,932,291
51,0.05,0.5,Isotonic calibration,62.000847,0.04152629194002798,0.03904085292552668,159,439,702,246
51,0.05,0.1,Multilabel,62.000847,0.04152629194002798,0.03904085292552668,159,439,702,246
51,0.05,0.1,Hoeffding/LTT,73.129656,0.0224244931733554,0.02074079183335633,130,276,393,180
51,0.05,0.1,Hoeffding-Bentkus,62.000847,0.04152629194002798,0.03904085292552668,159,439,702,246
51,0.05,0.1,IID-normal,62.000847,0.04152629194002798,0.03904085292552668,159,439,702,246
51,0.05,0.1,Empirical Bernstein,62.000847,0.04152629194002798,0.03904085292552668,159,439,702,246
51,0.05,0.1,Platt calibration,52.565611,0.059371613767559145,0.056397105676316596,171,520,932,291
51,0.05,0.1,Isotonic calibration,62.000847,0.04152629194002798,0.03904085292552668,159,439,702,246
51,0.1,0.5,Multilabel,37.784172,0.09384518391551905,0.08479116988221692,270,817,1695,431
51,0.1,0.5,Hoeffding/LTT,37.784172,0.09384518391551905,0.08479116988221692,270,817,1695,431
51,0.1,0.5,Hoeffding-Bentkus,37.784172,0.09384518391551905,0.08479116988221692,270,817,1695,431
51,0.1,0.5,IID-normal,37.784172,0.09384518391551905,0.08479116988221692,270,817,1695,431
51,0.1,0.5,Empirical Bernstein,37.784172,0.09384518391551905,0.08479116988221692,270,817,1695,431
51,0.1,0.5,Platt calibration,37.784172,0.09384518391551905,0.08479116988221692,270,817,1695,431
51,0.1,0.5,Isotonic calibration,37.784172,0.09384518391551905,0.08479116988221692,270,817,1695,431
51,0.1,0.1,Multilabel,37.784172,0.09384518391551905,0.08479116988221692,270,817,1695,431
51,0.1,0.1,Hoeffding/LTT,44.566222,0.07950381228204977,0.07257930486306814,205,614,1211,359
51,0.1,0.1,Hoeffding-Bentkus,37.784172,0.09384518391551905,0.08479116988221692,270,817,1695,431
51,0.1,0.1,IID-normal,37.784172,0.09384518391551905,0.08479116988221692,270,817,1695,431
51,0.1,0.1,Empirical Bernstein,37.784172,0.09384518391551905,0.08479116988221692,270,817,1695,431
51,0.1,0.1,Platt calibration,37.784172,0.09384518391551905,0.08479116988221692,270,817,1695,431
51,0.1,0.1,Isotonic calibration,37.784172,0.09384518391551905,0.08479116988221692,270,817,1695,431
51,0.2,0.5,Multilabel,27.159271,0.15402706060546356,0.14673720961829664,467,1339,2969,722
51,0.2,0.5,Hoeffding/LTT,27.159271,0.15402706060546356,0.14673720961829664,467,1339,2969,722
51,0.2,0.5,Hoeffding-Bentkus,27.159271,0.15402706060546356,0.14673720961829664,467,1339,2969,722
51,0.2,0.5,IID-normal,27.159271,0.15402706060546356,0.14673720961829664,467,1339,2969,722
51,0.2,0.5,Empirical Bernstein,27.159271,0.15402706060546356,0.14673720961829664,467,1339,2969,722
51,0.2,0.5,Platt calibration,27.159271,0.15402706060546356,0.14673720961829664,467,1339,2969,722
51,0.2,0.5,Isotonic calibration,27.159271,0.15402706060546356,0.14673720961829664,467,1339,2969,722
51,0.2,0.1,Multilabel,27.159271,0.15402706060546356,0.14673720961829664,467,1339,2969,722
51,0.2,0.1,Hoeffding/LTT,27.159271,0.15402706060546356,0.14673720961829664,467,1339,2969,722
51,0.2,0.1,Hoeffding-Bentkus,27.159271,0.15402706060546356,0.14673720961829664,467,1339,2969,722
51,0.2,0.1,IID-normal,27.159271,0.15402706060546356,0.14673720961829664,467,1339,2969,722
51,0.2,0.1,Empirical Bernstein,27.159271,0.15402706060546356,0.14673720961829664,467,1339,2969,722
51,0.2,0.1,Platt calibration,27.159271,0.15402706060546356,0.14673720961829664,467,1339,2969,722
51,0.2,0.1,Isotonic calibration,27.159271,0.15402706060546356,0.14673720961829664,467,1339,2969,722
52,0.05,0.5,Multilabel,62.000847,0.04777469117560139,0.039170263221856544,162,449,735,259
52,0.05,0.5,Hoeffding/LTT,62.000847,0.04777469117560139,0.039170263221856544,162,449,735,259
52,0.05,0.5,Hoeffding-Bentkus,62.000847,0.04777469117560139,0.039170263221856544,162,449,735,259
52,0.05,0.5,IID-normal,62.000847,0.04777469117560139,0.039170263221856544,162,449,735,259
52,0.05,0.5,Empirical Bernstein,62.000847,0.04777469117560139,0.039170263221856544,162,449,735,259
52,0.05,0.5,Platt calibration,52.565611,0.0642704454557992,0.056248152454525746,183,554,1009,308
52,0.05,0.5,Isotonic calibration,62.000847,0.04777469117560139,0.039170263221856544,162,449,735,259
52,0.05,0.1,Multilabel,62.000847,0.04777469117560139,0.039170263221856544,162,449,735,259
52,0.05,0.1,Hoeffding/LTT,73.129656,0.024927596193628464,0.022258242516209132,130,261,368,187
52,0.05,0.1,Hoeffding-Bentkus,62.000847,0.04777469117560139,0.039170263221856544,162,449,735,259
52,0.05,0.1,IID-normal,62.000847,0.04777469117560139,0.039170263221856544,162,449,735,259
52,0.05,0.1,Empirical Bernstein,62.000847,0.04777469117560139,0.039170263221856544,162,449,735,259
52,0.05,0.1,Platt calibration,52.565611,0.0642704454557992,0.056248152454525746,183,554,1009,308
52,0.05,0.1,Isotonic calibration,62.000847,0.04777469117560139,0.039170263221856544,162,449,735,259
52,0.1,0.5,Multilabel,37.784172,0.09028771072627093,0.08349717640309445,283,889,1773,429
52,0.1,0.5,Hoeffding/LTT,37.784172,0.09028771072627093,0.08349717640309445,283,889,1773,429
52,0.1,0.5,Hoeffding-Bentkus,37.784172,0.09028771072627093,0.08349717640309445,283,889,1773,429
52,0.1,0.5,IID-normal,37.784172,0.09028771072627093,0.08349717640309445,283,889,1773,429
52,0.1,0.5,Empirical Bernstein,37.784172,0.09028771072627093,0.08349717640309445,283,889,1773,429
52,0.1,0.5,Platt calibration,37.784172,0.09028771072627093,0.08349717640309445,283,889,1773,429
52,0.1,0.5,Isotonic calibration,37.784172,0.09028771072627093,0.08349717640309445,283,889,1773,429
52,0.1,0.1,Multilabel,37.784172,0.09028771072627093,0.08349717640309445,283,889,1773,429
52,0.1,0.1,Hoeffding/LTT,44.566222,0.07885611836790983,0.07165405408956244,218,660,1294,364
52,0.1,0.1,Hoeffding-Bentkus,37.784172,0.09028771072627093,0.08349717640309445,283,889,1773,429
52,0.1,0.1,IID-normal,37.784172,0.09028771072627093,0.08349717640309445,283,889,1773,429
52,0.1,0.1,Empirical Bernstein,37.784172,0.09028771072627093,0.08349717640309445,283,889,1773,429
52,0.1,0.1,Platt calibration,37.784172,0.09028771072627093,0.08349717640309445,283,889,1773,429
52,0.1,0.1,Isotonic calibration,37.784172,0.09028771072627093,0.08349717640309445,283,889,1773,429
52,0.2,0.5,Multilabel,27.159271,0.15579994638745154,0.14675872325893016,496,1454,3060,745
52,0.2,0.5,Hoeffding/LTT,27.159271,0.15579994638745154,0.14675872325893016,496,1454,3060,745
52,0.2,0.5,Hoeffding-Bentkus,27.159271,0.15579994638745154,0.14675872325893016,496,1454,3060,745
52,0.2,0.5,IID-normal,27.159271,0.15579994638745154,0.14675872325893016,496,1454,3060,745
52,0.2,0.5,Empirical Bernstein,27.159271,0.15579994638745154,0.14675872325893016,496,1454,3060,745
52,0.2,0.5,Platt calibration,27.159271,0.15579994638745154,0.14675872325893016,496,1454,3060,745
52,0.2,0.5,Isotonic calibration,27.159271,0.15579994638745154,0.14675872325893016,496,1454,3060,745
52,0.2,0.1,Multilabel,27.159271,0.15579994638745154,0.14675872325893016,496,1454,3060,745
52,0.2,0.1,Hoeffding/LTT,27.159271,0.15579994638745154,0.14675872325893016,496,1454,3060,745
52,0.2,0.1,Hoeffding-Bentkus,27.159271,0.15579994638745154,0.14675872325893016,496,1454,3060,745
52,0.2,0.1,IID-normal,27.159271,0.15579994638745154,0.14675872325893016,496,1454,3060,745
52,0.2,0.1,Empirical Bernstein,27.159271,0.15579994638745154,0.14675872325893016,496,1454,3060,745
52,0.2,0.1,Platt calibration,27.159271,0.15579994638745154,0.14675872325893016,496,1454,3060,745
52,0.2,0.1,Isotonic calibration,27.159271,0.15579994638745154,0.14675872325893016,496,1454,3060,745
53,0.05,0.5,Multilabel,62.000847,0.03609945426246626,0.038625360476650314,173,475,709,241
53,0.05,0.5,Hoeffding/LTT,73.129656,0.01836988001654944,0.020706304317836943,140,284,372,179
53,0.05,0.5,Hoeffding-Bentkus,62.000847,0.03609945426246626,0.038625360476650314,173,475,709,241
53,0.05,0.5,IID-normal,62.000847,0.03609945426246626,0.038625360476650314,173,475,709,241
53,0.05,0.5,Empirical Bernstein,62.000847,0.03609945426246626,0.038625360476650314,173,475,709,241
53,0.05,0.5,Platt calibration,52.565611,0.0539866422365388,0.055757280150299876,193,576,988,290
53,0.05,0.5,Isotonic calibration,62.000847,0.03609945426246626,0.038625360476650314,173,475,709,241
53,0.05,0.1,Multilabel,62.000847,0.03609945426246626,0.038625360476650314,173,475,709,241
53,0.05,0.1,Hoeffding/LTT,73.129656,0.01836988001654944,0.020706304317836943,140,284,372,179
53,0.05,0.1,Hoeffding-Bentkus,62.000847,0.03609945426246626,0.038625360476650314,173,475,709,241
53,0.05,0.1,IID-normal,62.000847,0.03609945426246626,0.038625360476650314,173,475,709,241
53,0.05,0.1,Empirical Bernstein,73.129656,0.01836988001654944,0.020706304317836943,140,284,372,179
53,0.05,0.1,Platt calibration,52.565611,0.0539866422365388,0.055757280150299876,193,576,988,290
53,0.05,0.1,Isotonic calibration,62.000847,0.03609945426246626,0.038625360476650314,173,475,709,241
53,0.1,0.5,Multilabel,37.784172,0.08149762594321966,0.08291504903796254,293,921,1743,425
53,0.1,0.5,Hoeffding/LTT,37.784172,0.08149762594321966,0.08291504903796254,293,921,1743,425
53,0.1,0.5,Hoeffding-Bentkus,37.784172,0.08149762594321966,0.08291504903796254,293,921,1743,425
53,0.1,0.5,IID-normal,37.784172,0.08149762594321966,0.08291504903796254,293,921,1743,425
53,0.1,0.5,Empirical Bernstein,37.784172,0.08149762594321966,0.08291504903796254,293,921,1743,425
53,0.1,0.5,Platt calibration,37.784172,0.08149762594321966,0.08291504903796254,293,921,1743,425
53,0.1,0.5,Isotonic calibration,37.784172,0.08149762594321966,0.08291504903796254,293,921,1743,425
53,0.1,0.1,Multilabel,37.784172,0.08149762594321966,0.08291504903796254,293,921,1743,425
53,0.1,0.1,Hoeffding/LTT,44.566222,0.0680177118427015,0.07136041752885457,232,687,1264,353
53,0.1,0.1,Hoeffding-Bentkus,37.784172,0.08149762594321966,0.08291504903796254,293,921,1743,425
53,0.1,0.1,IID-normal,37.784172,0.08149762594321966,0.08291504903796254,293,921,1743,425
53,0.1,0.1,Empirical Bernstein,44.566222,0.0680177118427015,0.07136041752885457,232,687,1264,353
53,0.1,0.1,Platt calibration,37.784172,0.08149762594321966,0.08291504903796254,293,921,1743,425
53,0.1,0.1,Isotonic calibration,37.784172,0.08149762594321966,0.08291504903796254,293,921,1743,425
53,0.2,0.5,Multilabel,27.159271,0.14629186838537273,0.14695399134977008,502,1488,3021,730
53,0.2,0.5,Hoeffding/LTT,27.159271,0.14629186838537273,0.14695399134977008,502,1488,3021,730
53,0.2,0.5,Hoeffding-Bentkus,27.159271,0.14629186838537273,0.14695399134977008,502,1488,3021,730
53,0.2,0.5,IID-normal,27.159271,0.14629186838537273,0.14695399134977008,502,1488,3021,730
53,0.2,0.5,Empirical Bernstein,27.159271,0.14629186838537273,0.14695399134977008,502,1488,3021,730
53,0.2,0.5,Platt calibration,27.159271,0.14629186838537273,0.14695399134977008,502,1488,3021,730
53,0.2,0.5,Isotonic calibration,27.159271,0.14629186838537273,0.14695399134977008,502,1488,3021,730
53,0.2,0.1,Multilabel,27.159271,0.14629186838537273,0.14695399134977008,502,1488,3021,730
53,0.2,0.1,Hoeffding/LTT,27.159271,0.14629186838537273,0.14695399134977008,502,1488,3021,730
53,0.2,0.1,Hoeffding-Bentkus,27.159271,0.14629186838537273,0.14695399134977008,502,1488,3021,730
53,0.2,0.1,IID-normal,27.159271,0.14629186838537273,0.14695399134977008,502,1488,3021,730
53,0.2,0.1,Empirical Bernstein,27.159271,0.14629186838537273,0.14695399134977008,502,1488,3021,730
53,0.2,0.1,Platt calibration,27.159271,0.14629186838537273,0.14695399134977008,502,1488,3021,730
53,0.2,0.1,Isotonic calibration,27.159271,0.14629186838537273,0.14695399134977008,502,1488,3021,730
54,0.05,0.5,Multilabel,62.000847,0.03530744527848376,0.039010635292881124,159,425,658,225
54,0.05,0.5,Hoeffding/LTT,73.129656,0.020335126189491105,0.021327079597185817,131,268,364,175
54,0.05,0.5,Hoeffding-Bentkus,62.000847,0.03530744527848376,0.039010635292881124,159,425,658,225
54,0.05,0.5,IID-normal,62.000847,0.03530744527848376,0.039010635292881124,159,425,658,225
54,0.05,0.5,Empirical Bernstein,62.000847,0.03530744527848376,0.039010635292881124,159,425,658,225
54,0.05,0.5,Platt calibration,52.565611,0.05457720117422227,0.05677811060967359,181,512,892,281
54,0.05,0.5,Isotonic calibration,62.000847,0.03530744527848376,0.039010635292881124,159,425,658,225
54,0.05,0.1,Multilabel,62.000847,0.03530744527848376,0.039010635292881124,159,425,658,225
54,0.05,0.1,Hoeffding/LTT,73.129656,0.020335126189491105,0.021327079597185817,131,268,364,175
54,0.05,0.1,Hoeffding-Bentkus,62.000847,0.03530744527848376,0.039010635292881124,159,425,658,225
54,0.05,0.1,IID-normal,62.000847,0.03530744527848376,0.039010635292881124,159,425,658,225
54,0.05,0.1,Empirical Bernstein,73.129656,0.020335126189491105,0.021327079597185817,131,268,364,175
54,0.05,0.1,Platt calibration,52.565611,0.05457720117422227,0.05677811060967359,181,512,892,281
54,0.05,0.1,Isotonic calibration,62.000847,0.03530744527848376,0.039010635292881124,159,425,658,225
54,0.1,0.5,Multilabel,37.784172,0.082596817516139,0.08408674869221151,272,802,1591,409
54,0.1,0.5,Hoeffding/LTT,44.566222,0.06944559371121223,0.07247387160133745,219,617,1157,343
54,0.1,0.5,Hoeffding-Bentkus,37.784172,0.082596817516139,0.08408674869221151,272,802,1591,409
54,0.1,0.5,IID-normal,37.784172,0.082596817516139,0.08408674869221151,272,802,1591,409
54,0.1,0.5,Empirical Bernstein,37.784172,0.082596817516139,0.08408674869221151,272,802,1591,409
54,0.1,0.5,Platt calibration,37.784172,0.082596817516139,0.08408674869221151,272,802,1591,409
54,0.1,0.5,Isotonic calibration,37.784172,0.082596817516139,0.08408674869221151,272,802,1591,409
54,0.1,0.1,Multilabel,37.784172,0.082596817516139,0.08408674869221151,272,802,1591,409
54,0.1,0.1,Hoeffding/LTT,44.566222,0.06944559371121223,0.07247387160133745,219,617,1157,343
54,0.1,0.1,Hoeffding-Bentkus,44.566222,0.06944559371121223,0.07247387160133745,219,617,1157,343
54,0.1,0.1,IID-normal,37.784172,0.082596817516139,0.08408674869221151,272,802,1591,409
54,0.1,0.1,Empirical Bernstein,44.566222,0.06944559371121223,0.07247387160133745,219,617,1157,343
54,0.1,0.1,Platt calibration,37.784172,0.082596817516139,0.08408674869221151,272,802,1591,409
54,0.1,0.1,Isotonic calibration,37.784172,0.082596817516139,0.08408674869221151,272,802,1591,409
54,0.2,0.5,Multilabel,27.159271,0.1484493256938437,0.14851759152697216,476,1350,2862,721
54,0.2,0.5,Hoeffding/LTT,27.159271,0.1484493256938437,0.14851759152697216,476,1350,2862,721
54,0.2,0.5,Hoeffding-Bentkus,27.159271,0.1484493256938437,0.14851759152697216,476,1350,2862,721
54,0.2,0.5,IID-normal,27.159271,0.1484493256938437,0.14851759152697216,476,1350,2862,721
54,0.2,0.5,Empirical Bernstein,27.159271,0.1484493256938437,0.14851759152697216,476,1350,2862,721
54,0.2,0.5,Platt calibration,27.159271,0.1484493256938437,0.14851759152697216,476,1350,2862,721
54,0.2,0.5,Isotonic calibration,27.159271,0.1484493256938437,0.14851759152697216,476,1350,2862,721
54,0.2,0.1,Multilabel,27.159271,0.1484493256938437,0.14851759152697216,476,1350,2862,721
54,0.2,0.1,Hoeffding/LTT,27.159271,0.1484493256938437,0.14851759152697216,476,1350,2862,721
54,0.2,0.1,Hoeffding-Bentkus,27.159271,0.1484493256938437,0.14851759152697216,476,1350,2862,721
54,0.2,0.1,IID-normal,27.159271,0.1484493256938437,0.14851759152697216,476,1350,2862,721
54,0.2,0.1,Empirical Bernstein,27.159271,0.1484493256938437,0.14851759152697216,476,1350,2862,721
54,0.2,0.1,Platt calibration,27.159271,0.1484493256938437,0.14851759152697216,476,1350,2862,721
54,0.2,0.1,Isotonic calibration,27.159271,0.1484493256938437,0.14851759152697216,476,1350,2862,721
55,0.05,0.5,Multilabel,62.000847,0.04137557381247906,0.03868185431159635,158,437,708,240
55,0.05,0.5,Hoeffding/LTT,62.000847,0.04137557381247906,0.03868185431159635,158,437,708,240
55,0.05,0.5,Hoeffding-Bentkus,62.000847,0.04137557381247906,0.03868185431159635,158,437,708,240
55,0.05,0.5,IID-normal,62.000847,0.04137557381247906,0.03868185431159635,158,437,708,240
55,0.05,0.5,Empirical Bernstein,62.000847,0.04137557381247906,0.03868185431159635,158,437,708,240
55,0.05,0.5,Platt calibration,52.565611,0.05588884291821817,0.05501005064737993,173,535,961,279
55,0.05,0.5,Isotonic calibration,62.000847,0.04137557381247906,0.03868185431159635,158,437,708,240
55,0.05,0.1,Multilabel,62.000847,0.04137557381247906,0.03868185431159635,158,437,708,240
55,0.05,0.1,Hoeffding/LTT,73.129656,0.02273479520066198,0.021085666988550147,130,259,367,182
55,0.05,0.1,Hoeffding-Bentkus,62.000847,0.04137557381247906,0.03868185431159635,158,437,708,240
55,0.05,0.1,IID-normal,62.000847,0.04137557381247906,0.03868185431159635,158,437,708,240
55,0.05,0.1,Empirical Bernstein,62.000847,0.04137557381247906,0.03868185431159635,158,437,708,240
55,0.05,0.1,Platt calibration,52.565611,0.05588884291821817,0.05501005064737993,173,535,961,279
55,0.05,0.1,Isotonic calibration,62.000847,0.04137557381247906,0.03868185431159635,158,437,708,240
55,0.1,0.5,Multilabel,37.784172,0.08211215530206015,0.08327607310915354,271,840,1685,407
55,0.1,0.5,Hoeffding/LTT,37.784172,0.08211215530206015,0.08327607310915354,271,840,1685,407
55,0.1,0.5,Hoeffding-Bentkus,37.784172,0.08211215530206015,0.08327607310915354,271,840,1685,407
55,0.1,0.5,IID-normal,37.784172,0.08211215530206015,0.08327607310915354,271,840,1685,407
55,0.1,0.5,Empirical Bernstein,37.784172,0.08211215530206015,0.08327607310915354,271,840,1685,407
55,0.1,0.5,Platt calibration,37.784172,0.08211215530206015,0.08327607310915354,271,840,1685,407
55,0.1,0.5,Isotonic calibration,37.784172,0.08211215530206015,0.08327607310915354,271,840,1685,407
55,0.1,0.1,Multilabel,37.784172,0.08211215530206015,0.08327607310915354,271,840,1685,407
55,0.1,0.1,Hoeffding/LTT,44.566222,0.06948105680004728,0.07174733460772914,207,627,1211,337
55,0.1,0.1,Hoeffding-Bentkus,37.784172,0.08211215530206015,0.08327607310915354,271,840,1685,407
55,0.1,0.1,IID-normal,37.784172,0.08211215530206015,0.08327607310915354,271,840,1685,407
55,0.1,0.1,Empirical Bernstein,44.566222,0.06948105680004728,0.07174733460772914,207,627,1211,337
55,0.1,0.1,Platt calibration,37.784172,0.08211215530206015,0.08327607310915354,271,840,1685,407
55,0.1,0.1,Isotonic calibration,37.784172,0.08211215530206015,0.08327607310915354,271,840,1685,407
55,0.2,0.5,Multilabel,27.159271,0.15069258190896587,0.14896846727099175,469,1389,2965,719
55,0.2,0.5,Hoeffding/LTT,27.159271,0.15069258190896587,0.14896846727099175,469,1389,2965,719
55,0.2,0.5,Hoeffding-Bentkus,27.159271,0.15069258190896587,0.14896846727099175,469,1389,2965,719
55,0.2,0.5,IID-normal,27.159271,0.15069258190896587,0.14896846727099175,469,1389,2965,719
55,0.2,0.5,Empirical Bernstein,27.159271,0.15069258190896587,0.14896846727099175,469,1389,2965,719
55,0.2,0.5,Platt calibration,27.159271,0.15069258190896587,0.14896846727099175,469,1389,2965,719
55,0.2,0.5,Isotonic calibration,27.159271,0.15069258190896587,0.14896846727099175,469,1389,2965,719
55,0.2,0.1,Multilabel,27.159271,0.15069258190896587,0.14896846727099175,469,1389,2965,719
55,0.2,0.1,Hoeffding/LTT,27.159271,0.15069258190896587,0.14896846727099175,469,1389,2965,719
55,0.2,0.1,Hoeffding-Bentkus,27.159271,0.15069258190896587,0.14896846727099175,469,1389,2965,719
55,0.2,0.1,IID-normal,27.159271,0.15069258190896587,0.14896846727099175,469,1389,2965,719
55,0.2,0.1,Empirical Bernstein,27.159271,0.15069258190896587,0.14896846727099175,469,1389,2965,719
55,0.2,0.1,Platt calibration,27.159271,0.15069258190896587,0.14896846727099175,469,1389,2965,719
55,0.2,0.1,Isotonic calibration,27.159271,0.15069258190896587,0.14896846727099175,469,1389,2965,719
56,0.05,0.5,Multilabel,62.000847,0.04162578560592627,0.03918635739576559,161,402,691,239
56,0.05,0.5,Hoeffding/LTT,62.000847,0.04162578560592627,0.03918635739576559,161,402,691,239
56,0.05,0.5,Hoeffding-Bentkus,62.000847,0.04162578560592627,0.03918635739576559,161,402,691,239
56,0.05,0.5,IID-normal,62.000847,0.04162578560592627,0.03918635739576559,161,402,691,239
56,0.05,0.5,Empirical Bernstein,62.000847,0.04162578560592627,0.03918635739576559,161,402,691,239
56,0.05,0.5,Platt calibration,52.565611,0.05948686880627303,0.05614156960894442,183,503,981,290
56,0.05,0.5,Isotonic calibration,62.000847,0.04162578560592627,0.03918635739576559,161,402,691,239
56,0.05,0.1,Multilabel,62.000847,0.04162578560592627,0.03918635739576559,161,402,691,239
56,0.05,0.1,Hoeffding/LTT,73.129656,0.025444766239139428,0.02149951717478273,121,226,350,176
56,0.05,0.1,Hoeffding-Bentkus,62.000847,0.04162578560592627,0.03918635739576559,161,402,691,239
56,0.05,0.1,IID-normal,62.000847,0.04162578560592627,0.03918635739576559,161,402,691,239
56,0.05,0.1,Empirical Bernstein,62.000847,0.04162578560592627,0.03918635739576559,161,402,691,239
56,0.05,0.1,Platt calibration,52.565611,0.05948686880627303,0.05614156960894442,183,503,981,290
56,0.05,0.1,Isotonic calibration,62.000847,0.04162578560592627,0.03918635739576559,161,402,691,239
56,0.1,0.5,Multilabel,37.784172,0.08440740521832786,0.0834119977139704,271,798,1665,402
56,0.1,0.5,Hoeffding/LTT,37.784172,0.08440740521832786,0.0834119977139704,271,798,1665,402
56,0.1,0.5,Hoeffding-Bentkus,37.784172,0.08440740521832786,0.0834119977139704,271,798,1665,402
56,0.1,0.5,IID-normal,37.784172,0.08440740521832786,0.0834119977139704,271,798,1665,402
56,0.1,0.5,Empirical Bernstein,37.784172,0.08440740521832786,0.0834119977139704,271,798,1665,402
56,0.1,0.5,Platt calibration,37.784172,0.08440740521832786,0.0834119977139704,271,798,1665,402
56,0.1,0.5,Isotonic calibration,37.784172,0.08440740521832786,0.0834119977139704,271,798,1665,402
56,0.1,0.1,Multilabel,37.784172,0.08440740521832786,0.0834119977139704,271,798,1665,402
56,0.1,0.1,Hoeffding/LTT,44.566222,0.07481726658391946,0.07215165967062781,213,593,1226,344
56,0.1,0.1,Hoeffding-Bentkus,37.784172,0.08440740521832786,0.0834119977139704,271,798,1665,402
56,0.1,0.1,IID-normal,37.784172,0.08440740521832786,0.0834119977139704,271,798,1665,402
56,0.1,0.1,Empirical Bernstein,44.566222,0.07481726658391946,0.07215165967062781,213,593,1226,344
56,0.1,0.1,Platt calibration,37.784172,0.08440740521832786,0.0834119977139704,271,798,1665,402
56,0.1,0.1,Isotonic calibration,37.784172,0.08440740521832786,0.0834119977139704,271,798,1665,402
56,0.2,0.5,Multilabel,27.159271,0.14778219068661766,0.14677805219259213,455,1314,2892,695
56,0.2,0.5,Hoeffding/LTT,27.159271,0.14778219068661766,0.14677805219259213,455,1314,2892,695
56,0.2,0.5,Hoeffding-Bentkus,27.159271,0.14778219068661766,0.14677805219259213,455,1314,2892,695
56,0.2,0.5,IID-normal,27.159271,0.14778219068661766,0.14677805219259213,455,1314,2892,695
56,0.2,0.5,Empirical Bernstein,27.159271,0.14778219068661766,0.14677805219259213,455,1314,2892,695
56,0.2,0.5,Platt calibration,27.159271,0.14778219068661766,0.14677805219259213,455,1314,2892,695
56,0.2,0.5,Isotonic calibration,27.159271,0.14778219068661766,0.14677805219259213,455,1314,2892,695
56,0.2,0.1,Multilabel,27.159271,0.14778219068661766,0.14677805219259213,455,1314,2892,695
56,0.2,0.1,Hoeffding/LTT,27.159271,0.14778219068661766,0.14677805219259213,455,1314,2892,695
56,0.2,0.1,Hoeffding-Bentkus,27.159271,0.14778219068661766,0.14677805219259213,455,1314,2892,695
56,0.2,0.1,IID-normal,27.159271,0.14778219068661766,0.14677805219259213,455,1314,2892,695
56,0.2,0.1,Empirical Bernstein,27.159271,0.14778219068661766,0.14677805219259213,455,1314,2892,695
56,0.2,0.1,Platt calibration,27.159271,0.14778219068661766,0.14677805219259213,455,1314,2892,695
56,0.2,0.1,Isotonic calibration,27.159271,0.14778219068661766,0.14677805219259213,455,1314,2892,695
57,0.05,0.5,Multilabel,62.000847,0.03927340071320212,0.03842730360181043,147,376,638,220
57,0.05,0.5,Hoeffding/LTT,62.000847,0.03927340071320212,0.03842730360181043,147,376,638,220
57,0.05,0.5,Hoeffding-Bentkus,62.000847,0.03927340071320212,0.03842730360181043,147,376,638,220
57,0.05,0.5,IID-normal,62.000847,0.03927340071320212,0.03842730360181043,147,376,638,220
57,0.05,0.5,Empirical Bernstein,62.000847,0.03927340071320212,0.03842730360181043,147,376,638,220
57,0.05,0.5,Platt calibration,52.565611,0.055711034931142496,0.05522206675469194,163,470,897,268
57,0.05,0.5,Isotonic calibration,62.000847,0.03927340071320212,0.03842730360181043,147,376,638,220
57,0.05,0.1,Multilabel,62.000847,0.03927340071320212,0.03842730360181043,147,376,638,220
57,0.05,0.1,Hoeffding/LTT,73.129656,0.02141083988415391,0.02047868671540902,120,210,321,165
57,0.05,0.1,Hoeffding-Bentkus,62.000847,0.03927340071320212,0.03842730360181043,147,376,638,220
57,0.05,0.1,IID-normal,62.000847,0.03927340071320212,0.03842730360181043,147,376,638,220
57,0.05,0.1,Empirical Bernstein,62.000847,0.03927340071320212,0.03842730360181043,147,376,638,220
57,0.05,0.1,Platt calibration,52.565611,0.055711034931142496,0.05522206675469194,163,470,897,268
57,0.05,0.1,Isotonic calibration,62.000847,0.03927340071320212,0.03842730360181043,147,376,638,220
57,0.1,0.5,Multilabel,37.784172,0.08236729252451222,0.08221637576721036,262,774,1589,396
57,0.1,0.5,Hoeffding/LTT,37.784172,0.08236729252451222,0.08221637576721036,262,774,1589,396
57,0.1,0.5,Hoeffding-Bentkus,37.784172,0.08236729252451222,0.08221637576721036,262,774,1589,396
57,0.1,0.5,IID-normal,37.784172,0.08236729252451222,0.08221637576721036,262,774,1589,396
57,0.1,0.5,Empirical Bernstein,37.784172,0.08236729252451222,0.08221637576721036,262,774,1589,396
57,0.1,0.5,Platt calibration,37.784172,0.08236729252451222,0.08221637576721036,262,774,1589,396
57,0.1,0.5,Isotonic calibration,37.784172,0.08236729252451222,0.08221637576721036,262,774,1589,396
57,0.1,0.1,Multilabel,37.784172,0.08236729252451222,0.08221637576721036,262,774,1589,396
57,0.1,0.1,Hoeffding/LTT,44.566222,0.07253531532596488,0.07121031472321306,200,563,1152,333
57,0.1,0.1,Hoeffding-Bentkus,37.784172,0.08236729252451222,0.08221637576721036,262,774,1589,396
57,0.1,0.1,IID-normal,37.784172,0.08236729252451222,0.08221637576721036,262,774,1589,396
57,0.1,0.1,Empirical Bernstein,44.566222,0.07253531532596488,0.07121031472321306,200,563,1152,333
57,0.1,0.1,Platt calibration,37.784172,0.08236729252451222,0.08221637576721036,262,774,1589,396
57,0.1,0.1,Isotonic calibration,37.784172,0.08236729252451222,0.08221637576721036,262,774,1589,396
57,0.2,0.5,Multilabel,27.159271,0.14088089655942365,0.144783190782639,471,1333,2808,696
57,0.2,0.5,Hoeffding/LTT,27.159271,0.14088089655942365,0.144783190782639,471,1333,2808,696
57,0.2,0.5,Hoeffding-Bentkus,27.159271,0.14088089655942365,0.144783190782639,471,1333,2808,696
57,0.2,0.5,IID-normal,27.159271,0.14088089655942365,0.144783190782639,471,1333,2808,696
57,0.2,0.5,Empirical Bernstein,27.159271,0.14088089655942365,0.144783190782639,471,1333,2808,696
57,0.2,0.5,Platt calibration,27.159271,0.14088089655942365,0.144783190782639,471,1333,2808,696
57,0.2,0.5,Isotonic calibration,27.159271,0.14088089655942365,0.144783190782639,471,1333,2808,696
57,0.2,0.1,Multilabel,27.159271,0.14088089655942365,0.144783190782639,471,1333,2808,696
57,0.2,0.1,Hoeffding/LTT,27.159271,0.14088089655942365,0.144783190782639,471,1333,2808,696
57,0.2,0.1,Hoeffding-Bentkus,27.159271,0.14088089655942365,0.144783190782639,471,1333,2808,696
57,0.2,0.1,IID-normal,27.159271,0.14088089655942365,0.144783190782639,471,1333,2808,696
57,0.2,0.1,Empirical Bernstein,27.159271,0.14088089655942365,0.144783190782639,471,1333,2808,696
57,0.2,0.1,Platt calibration,27.159271,0.14088089655942365,0.144783190782639,471,1333,2808,696
57,0.2,0.1,Isotonic calibration,27.159271,0.14088089655942365,0.144783190782639,471,1333,2808,696
58,0.05,0.5,Multilabel,62.000847,0.04461355084027819,0.0388023963896498,166,458,717,256
58,0.05,0.5,Hoeffding/LTT,62.000847,0.04461355084027819,0.0388023963896498,166,458,717,256
58,0.05,0.5,Hoeffding-Bentkus,62.000847,0.04461355084027819,0.0388023963896498,166,458,717,256
58,0.05,0.5,IID-normal,62.000847,0.04461355084027819,0.0388023963896498,166,458,717,256
58,0.05,0.5,Empirical Bernstein,62.000847,0.04461355084027819,0.0388023963896498,166,458,717,256
58,0.05,0.5,Platt calibration,52.565611,0.06012569694820419,0.05588537663651472,186,556,989,304
58,0.05,0.5,Isotonic calibration,62.000847,0.04461355084027819,0.0388023963896498,166,458,717,256
58,0.05,0.1,Multilabel,62.000847,0.04461355084027819,0.0388023963896498,166,458,717,256
58,0.05,0.1,Hoeffding/LTT,73.129656,0.02430699213901531,0.021568492205821493,137,282,385,194
58,0.05,0.1,Hoeffding-Bentkus,62.000847,0.04461355084027819,0.0388023963896498,166,458,717,256
58,0.05,0.1,IID-normal,62.000847,0.04461355084027819,0.0388023963896498,166,458,717,256
58,0.05,0.1,Empirical Bernstein,62.000847,0.04461355084027819,0.0388023963896498,166,458,717,256
58,0.05,0.1,Platt calibration,52.565611,0.06012569694820419,0.05588537663651472,186,556,989,304
58,0.05,0.1,Isotonic calibration,62.000847,0.04461355084027819,0.0388023963896498,166,458,717,256
58,0.1,0.5,Multilabel,37.784172,0.08769611416487709,0.08271441928498073,283,887,1752,425
58,0.1,0.5,Hoeffding/LTT,37.784172,0.08769611416487709,0.08271441928498073,283,887,1752,425
58,0.1,0.5,Hoeffding-Bentkus,37.784172,0.08769611416487709,0.08271441928498073,283,887,1752,425
58,0.1,0.5,IID-normal,37.784172,0.08769611416487709,0.08271441928498073,283,887,1752,425
58,0.1,0.5,Empirical Bernstein,37.784172,0.08769611416487709,0.08271441928498073,283,887,1752,425
58,0.1,0.5,Platt calibration,37.784172,0.08769611416487709,0.08271441928498073,283,887,1752,425
58,0.1,0.5,Isotonic calibration,37.784172,0.08769611416487709,0.08271441928498073,283,887,1752,425
58,0.1,0.1,Multilabel,37.784172,0.08769611416487709,0.08271441928498073,283,887,1752,425
58,0.1,0.1,Hoeffding/LTT,44.566222,0.07454833816025376,0.07076049898508167,227,673,1268,365
58,0.1,0.1,Hoeffding-Bentkus,37.784172,0.08769611416487709,0.08271441928498073,283,887,1752,425
58,0.1,0.1,IID-normal,37.784172,0.08769611416487709,0.08271441928498073,283,887,1752,425
58,0.1,0.1,Empirical Bernstein,37.784172,0.08769611416487709,0.08271441928498073,283,887,1752,425
58,0.1,0.1,Platt calibration,37.784172,0.08769611416487709,0.08271441928498073,283,887,1752,425
58,0.1,0.1,Isotonic calibration,37.784172,0.08769611416487709,0.08271441928498073,283,887,1752,425
58,0.2,0.5,Multilabel,27.159271,0.14681788927755002,0.14533343107284338,489,1472,3073,723
58,0.2,0.5,Hoeffding/LTT,27.159271,0.14681788927755002,0.14533343107284338,489,1472,3073,723
58,0.2,0.5,Hoeffding-Bentkus,27.159271,0.14681788927755002,0.14533343107284338,489,1472,3073,723
58,0.2,0.5,IID-normal,27.159271,0.14681788927755002,0.14533343107284338,489,1472,3073,723
58,0.2,0.5,Empirical Bernstein,27.159271,0.14681788927755002,0.14533343107284338,489,1472,3073,723
58,0.2,0.5,Platt calibration,27.159271,0.14681788927755002,0.14533343107284338,489,1472,3073,723
58,0.2,0.5,Isotonic calibration,27.159271,0.14681788927755002,0.14533343107284338,489,1472,3073,723
58,0.2,0.1,Multilabel,27.159271,0.14681788927755002,0.14533343107284338,489,1472,3073,723
58,0.2,0.1,Hoeffding/LTT,27.159271,0.14681788927755002,0.14533343107284338,489,1472,3073,723
58,0.2,0.1,Hoeffding-Bentkus,27.159271,0.14681788927755002,0.14533343107284338,489,1472,3073,723
58,0.2,0.1,IID-normal,27.159271,0.14681788927755002,0.14533343107284338,489,1472,3073,723
58,0.2,0.1,Empirical Bernstein,27.159271,0.14681788927755002,0.14533343107284338,489,1472,3073,723
58,0.2,0.1,Platt calibration,27.159271,0.14681788927755002,0.14533343107284338,489,1472,3073,723
58,0.2,0.1,Isotonic calibration,27.159271,0.14681788927755002,0.14533343107284338,489,1472,3073,723
59,0.05,0.5,Multilabel,62.000847,0.03773765194948479,0.03791097622660597,154,416,648,229
59,0.05,0.5,Hoeffding/LTT,62.000847,0.03773765194948479,0.03791097622660597,154,416,648,229
59,0.05,0.5,Hoeffding-Bentkus,62.000847,0.03773765194948479,0.03791097622660597,154,416,648,229
59,0.05,0.5,IID-normal,62.000847,0.03773765194948479,0.03791097622660597,154,416,648,229
59,0.05,0.5,Empirical Bernstein,62.000847,0.03773765194948479,0.03791097622660597,154,416,648,229
59,0.05,0.5,Platt calibration,52.565611,0.058293437358393915,0.05593316647944873,166,495,910,278
59,0.05,0.5,Isotonic calibration,62.000847,0.03773765194948479,0.03791097622660597,154,416,648,229
59,0.05,0.1,Multilabel,62.000847,0.03773765194948479,0.03791097622660597,154,416,648,229
59,0.05,0.1,Hoeffding/LTT,73.129656,0.020479933802234174,0.020326941647123745,128,256,351,172
59,0.05,0.1,Hoeffding-Bentkus,62.000847,0.03773765194948479,0.03791097622660597,154,416,648,229
59,0.05,0.1,IID-normal,62.000847,0.03773765194948479,0.03791097622660597,154,416,648,229
59,0.05,0.1,Empirical Bernstein,62.000847,0.03773765194948479,0.03791097622660597,154,416,648,229
59,0.05,0.1,Platt calibration,52.565611,0.058293437358393915,0.05593316647944873,166,495,910,278
59,0.05,0.1,Isotonic calibration,62.000847,0.03773765194948479,0.03791097622660597,154,416,648,229
59,0.1,0.5,Multilabel,37.784172,0.08434895679413677,0.083356653462875,244,781,1606,392
59,0.1,0.5,Hoeffding/LTT,37.784172,0.08434895679413677,0.083356653462875,244,781,1606,392
59,0.1,0.5,Hoeffding-Bentkus,37.784172,0.08434895679413677,0.083356653462875,244,781,1606,392
59,0.1,0.5,IID-normal,37.784172,0.08434895679413677,0.083356653462875,244,781,1606,392
59,0.1,0.5,Empirical Bernstein,37.784172,0.08434895679413677,0.083356653462875,244,781,1606,392
59,0.1,0.5,Platt calibration,37.784172,0.08434895679413677,0.083356653462875,244,781,1606,392
59,0.1,0.5,Isotonic calibration,37.784172,0.08434895679413677,0.083356653462875,244,781,1606,392
59,0.1,0.1,Multilabel,37.784172,0.08434895679413677,0.083356653462875,244,781,1606,392
59,0.1,0.1,Hoeffding/LTT,44.566222,0.07132513741946922,0.07170611381537026,188,580,1169,323
59,0.1,0.1,Hoeffding-Bentkus,37.784172,0.08434895679413677,0.083356653462875,244,781,1606,392
59,0.1,0.1,IID-normal,37.784172,0.08434895679413677,0.083356653462875,244,781,1606,392
59,0.1,0.1,Empirical Bernstein,37.784172,0.08434895679413677,0.083356653462875,244,781,1606,392
59,0.1,0.1,Platt calibration,37.784172,0.08434895679413677,0.083356653462875,244,781,1606,392
59,0.1,0.1,Isotonic calibration,37.784172,0.08434895679413677,0.083356653462875,244,781,1606,392
59,0.2,0.5,Multilabel,27.159271,0.14452159457331157,0.14731122022472554,443,1276,2794,678
59,0.2,0.5,Hoeffding/LTT,27.159271,0.14452159457331157,0.14731122022472554,443,1276,2794,678
59,0.2,0.5,Hoeffding-Bentkus,27.159271,0.14452159457331157,0.14731122022472554,443,1276,2794,678
59,0.2,0.5,IID-normal,27.159271,0.14452159457331157,0.14731122022472554,443,1276,2794,678
59,0.2,0.5,Empirical Bernstein,27.159271,0.14452159457331157,0.14731122022472554,443,1276,2794,678
59,0.2,0.5,Platt calibration,27.159271,0.14452159457331157,0.14731122022472554,443,1276,2794,678
59,0.2,0.5,Isotonic calibration,27.159271,0.14452159457331157,0.14731122022472554,443,1276,2794,678
59,0.2,0.1,Multilabel,27.159271,0.14452159457331157,0.14731122022472554,443,1276,2794,678
59,0.2,0.1,Hoeffding/LTT,27.159271,0.14452159457331157,0.14731122022472554,443,1276,2794,678
59,0.2,0.1,Hoeffding-Bentkus,27.159271,0.14452159457331157,0.14731122022472554,443,1276,2794,678
59,0.2,0.1,IID-normal,27.159271,0.14452159457331157,0.14731122022472554,443,1276,2794,678
59,0.2,0.1,Empirical Bernstein,27.159271,0.14452159457331157,0.14731122022472554,443,1276,2794,678
59,0.2,0.1,Platt calibration,27.159271,0.14452159457331157,0.14731122022472554,443,1276,2794,678
59,0.2,0.1,Isotonic calibration,27.159271,0.14452159457331157,0.14731122022472554,443,1276,2794,678
60,0.05,0.5,Multilabel,62.000847,0.03951080639123668,0.037312535719212496,184,507,754,260
60,0.05,0.5,Hoeffding/LTT,62.000847,0.03951080639123668,0.037312535719212496,184,507,754,260
60,0.05,0.5,Hoeffding-Bentkus,62.000847,0.03951080639123668,0.037312535719212496,184,507,754,260
60,0.05,0.5,IID-normal,62.000847,0.03951080639123668,0.037312535719212496,184,507,754,260
60,0.05,0.5,Empirical Bernstein,62.000847,0.03951080639123668,0.037312535719212496,184,507,754,260
60,0.05,0.5,Platt calibration,52.565611,0.06094676596331541,0.05510825795347798,209,618,1024,323
60,0.05,0.5,Isotonic calibration,62.000847,0.03951080639123668,0.037312535719212496,184,507,754,260
60,0.05,0.1,Multilabel,62.000847,0.03951080639123668,0.037312535719212496,184,507,754,260
60,0.05,0.1,Hoeffding/LTT,73.129656,0.020211005378568472,0.019775141398813628,150,315,407,195
60,0.05,0.1,Hoeffding-Bentkus,62.000847,0.03951080639123668,0.037312535719212496,184,507,754,260
60,0.05,0.1,IID-normal,62.000847,0.03951080639123668,0.037312535719212496,184,507,754,260
60,0.05,0.1,Empirical Bernstein,62.000847,0.03951080639123668,0.037312535719212496,184,507,754,260
60,0.05,0.1,Platt calibration,52.565611,0.06094676596331541,0.05510825795347798,209,618,1024,323
60,0.05,0.1,Isotonic calibration,62.000847,0.03951080639123668,0.037312535719212496,184,507,754,260
60,0.1,0.5,Multilabel,37.784172,0.08364347117967308,0.08332660005649382,305,960,1773,433
60,0.1,0.5,Hoeffding/LTT,37.784172,0.08364347117967308,0.08332660005649382,305,960,1773,433
60,0.1,0.5,Hoeffding-Bentkus,37.784172,0.08364347117967308,0.08332660005649382,305,960,1773,433
60,0.1,0.5,IID-normal,37.784172,0.08364347117967308,0.08332660005649382,305,960,1773,433
60,0.1,0.5,Empirical Bernstein,37.784172,0.08364347117967308,0.08332660005649382,305,960,1773,433
60,0.1,0.5,Platt calibration,37.784172,0.08364347117967308,0.08332660005649382,305,960,1773,433
60,0.1,0.5,Isotonic calibration,37.784172,0.08364347117967308,0.08332660005649382,305,960,1773,433
60,0.1,0.1,Multilabel,37.784172,0.08364347117967308,0.08332660005649382,305,960,1773,433
60,0.1,0.1,Hoeffding/LTT,44.566222,0.07289093130011624,0.07136698657942968,247,733,1305,373
60,0.1,0.1,Hoeffding-Bentkus,37.784172,0.08364347117967308,0.08332660005649382,305,960,1773,433
60,0.1,0.1,IID-normal,37.784172,0.08364347117967308,0.08332660005649382,305,960,1773,433
60,0.1,0.1,Empirical Bernstein,44.566222,0.07289093130011624,0.07136698657942968,247,733,1305,373
60,0.1,0.1,Platt calibration,37.784172,0.08364347117967308,0.08332660005649382,305,960,1773,433
60,0.1,0.1,Isotonic calibration,37.784172,0.08364347117967308,0.08332660005649382,305,960,1773,433
60,0.2,0.5,Multilabel,27.159271,0.1473278055094356,0.1467273261831132,510,1520,3039,739
60,0.2,0.5,Hoeffding/LTT,27.159271,0.1473278055094356,0.1467273261831132,510,1520,3039,739
60,0.2,0.5,Hoeffding-Bentkus,27.159271,0.1473278055094356,0.1467273261831132,510,1520,3039,739
60,0.2,0.5,IID-normal,27.159271,0.1473278055094356,0.1467273261831132,510,1520,3039,739
60,0.2,0.5,Empirical Bernstein,27.159271,0.1473278055094356,0.1467273261831132,510,1520,3039,739
60,0.2,0.5,Platt calibration,27.159271,0.1473278055094356,0.1467273261831132,510,1520,3039,739
60,0.2,0.5,Isotonic calibration,27.159271,0.1473278055094356,0.1467273261831132,510,1520,3039,739
60,0.2,0.1,Multilabel,27.159271,0.1473278055094356,0.1467273261831132,510,1520,3039,739
60,0.2,0.1,Hoeffding/LTT,27.159271,0.1473278055094356,0.1467273261831132,510,1520,3039,739
60,0.2,0.1,Hoeffding-Bentkus,27.159271,0.1473278055094356,0.1467273261831132,510,1520,3039,739
60,0.2,0.1,IID-normal,27.159271,0.1473278055094356,0.1467273261831132,510,1520,3039,739
60,0.2,0.1,Empirical Bernstein,27.159271,0.1473278055094356,0.1467273261831132,510,1520,3039,739
60,0.2,0.1,Platt calibration,27.159271,0.1473278055094356,0.1467273261831132,510,1520,3039,739
60,0.2,0.1,Isotonic calibration,27.159271,0.1473278055094356,0.1467273261831132,510,1520,3039,739
61,0.05,0.5,Multilabel,62.000847,0.0346425123628268,0.038741632671829944,168,446,659,237
61,0.05,0.5,Hoeffding/LTT,73.129656,0.019445593711212246,0.02094771692647262,134,258,349,178
61,0.05,0.5,Hoeffding-Bentkus,62.000847,0.0346425123628268,0.038741632671829944,168,446,659,237
61,0.05,0.5,IID-normal,62.000847,0.0346425123628268,0.038741632671829944,168,446,659,237
61,0.05,0.5,Empirical Bernstein,62.000847,0.0346425123628268,0.038741632671829944,168,446,659,237
61,0.05,0.5,Platt calibration,52.565611,0.050687589889079336,0.05610970971365508,180,556,911,280
61,0.05,0.5,Isotonic calibration,62.000847,0.0346425123628268,0.038741632671829944,168,446,659,237
61,0.05,0.1,Multilabel,62.000847,0.0346425123628268,0.038741632671829944,168,446,659,237
61,0.05,0.1,Hoeffding/LTT,73.129656,0.019445593711212246,0.02094771692647262,134,258,349,178
61,0.05,0.1,Hoeffding-Bentkus,73.129656,0.019445593711212246,0.02094771692647262,134,258,349,178
61,0.05,0.1,IID-normal,62.000847,0.0346425123628268,0.038741632671829944,168,446,659,237
61,0.05,0.1,Empirical Bernstein,73.129656,0.019445593711212246,0.02094771692647262,134,258,349,178
61,0.05,0.1,Platt calibration,52.565611,0.050687589889079336,0.05610970971365508,180,556,911,280
61,0.05,0.1,Isotonic calibration,62.000847,0.0346425123628268,0.038741632671829944,168,446,659,237
61,0.1,0.5,Multilabel,37.784172,0.08174258394572834,0.0845747196657667,269,882,1694,406
61,0.1,0.5,Hoeffding/LTT,44.566222,0.0675640798313533,0.07300892077068101,211,659,1197,338
61,0.1,0.5,Hoeffding-Bentkus,37.784172,0.08174258394572834,0.0845747196657667,269,882,1694,406
61,0.1,0.5,IID-normal,37.784172,0.08174258394572834,0.0845747196657667,269,882,1694,406
61,0.1,0.5,Empirical Bernstein,44.566222,0.0675640798313533,0.07300892077068101,211,659,1197,338
61,0.1,0.5,Platt calibration,37.784172,0.08174258394572834,0.0845747196657667,269,882,1694,406
61,0.1,0.5,Isotonic calibration,37.784172,0.08174258394572834,0.0845747196657667,269,882,1694,406
61,0.1,0.1,Multilabel,37.784172,0.08174258394572834,0.0845747196657667,269,882,1694,406
61,0.1,0.1,Hoeffding/LTT,44.566222,0.0675640798313533,0.07300892077068101,211,659,1197,338
61,0.1,0.1,Hoeffding-Bentkus,44.566222,0.0675640798313533,0.07300892077068101,211,659,1197,338
61,0.1,0.1,IID-normal,37.784172,0.08174258394572834,0.0845747196657667,269,882,1694,406
61,0.1,0.1,Empirical Bernstein,44.566222,0.0675640798313533,0.07300892077068101,211,659,1197,338
61,0.1,0.1,Platt calibration,37.784172,0.08174258394572834,0.0845747196657667,269,882,1694,406
61,0.1,0.1,Isotonic calibration,37.784172,0.08174258394572834,0.0845747196657667,269,882,1694,406
61,0.2,0.5,Multilabel,27.159271,0.14337324400419146,0.14903830324578013,492,1449,2970,722
61,0.2,0.5,Hoeffding/LTT,27.159271,0.14337324400419146,0.14903830324578013,492,1449,2970,722
61,0.2,0.5,Hoeffding-Bentkus,27.159271,0.14337324400419146,0.14903830324578013,492,1449,2970,722
61,0.2,0.5,IID-normal,27.159271,0.14337324400419146,0.14903830324578013,492,1449,2970,722
61,0.2,0.5,Empirical Bernstein,27.159271,0.14337324400419146,0.14903830324578013,492,1449,2970,722
61,0.2,0.5,Platt calibration,27.159271,0.14337324400419146,0.14903830324578013,492,1449,2970,722
61,0.2,0.5,Isotonic calibration,27.159271,0.14337324400419146,0.14903830324578013,492,1449,2970,722
61,0.2,0.1,Multilabel,27.159271,0.14337324400419146,0.14903830324578013,492,1449,2970,722
61,0.2,0.1,Hoeffding/LTT,27.159271,0.14337324400419146,0.14903830324578013,492,1449,2970,722
61,0.2,0.1,Hoeffding-Bentkus,27.159271,0.14337324400419146,0.14903830324578013,492,1449,2970,722
61,0.2,0.1,IID-normal,27.159271,0.14337324400419146,0.14903830324578013,492,1449,2970,722
61,0.2,0.1,Empirical Bernstein,27.159271,0.14337324400419146,0.14903830324578013,492,1449,2970,722
61,0.2,0.1,Platt calibration,27.159271,0.14337324400419146,0.14903830324578013,492,1449,2970,722
61,0.2,0.1,Isotonic calibration,27.159271,0.14337324400419146,0.14903830324578013,492,1449,2970,722
62,0.05,0.5,Multilabel,62.000847,0.03337766219437713,0.038018380203509186,160,454,656,225
62,0.05,0.5,Hoeffding/LTT,73.129656,0.01810095159288374,0.020637329286798182,127,263,352,167
62,0.05,0.5,Hoeffding-Bentkus,62.000847,0.03337766219437713,0.038018380203509186,160,454,656,225
62,0.05,0.5,IID-normal,62.000847,0.03337766219437713,0.038018380203509186,160,454,656,225
62,0.05,0.5,Empirical Bernstein,62.000847,0.03337766219437713,0.038018380203509186,160,454,656,225
62,0.05,0.5,Platt calibration,52.565611,0.04914199026735229,0.054586182659020294,177,552,899,270
62,0.05,0.5,Isotonic calibration,62.000847,0.03337766219437713,0.038018380203509186,160,454,656,225
62,0.05,0.1,Multilabel,62.000847,0.03337766219437713,0.038018380203509186,160,454,656,225
62,0.05,0.1,Hoeffding/LTT,73.129656,0.01810095159288374,0.020637329286798182,127,263,352,167
62,0.05,0.1,Hoeffding-Bentkus,62.000847,0.03337766219437713,0.038018380203509186,160,454,656,225
62,0.05,0.1,IID-normal,62.000847,0.03337766219437713,0.038018380203509186,160,454,656,225
62,0.05,0.1,Empirical Bernstein,73.129656,0.01810095159288374,0.020637329286798182,127,263,352,167
62,0.05,0.1,Platt calibration,52.565611,0.04914199026735229,0.054586182659020294,177,552,899,270
62,0.05,0.1,Isotonic calibration,62.000847,0.03337766219437713,0.038018380203509186,160,454,656,225
62,0.1,0.5,Multilabel,37.784172,0.07882295381261041,0.08243129320519306,253,841,1573,387
62,0.1,0.5,Hoeffding/LTT,37.784172,0.07882295381261041,0.08243129320519306,253,841,1573,387
62,0.1,0.5,Hoeffding-Bentkus,37.784172,0.07882295381261041,0.08243129320519306,253,841,1573,387
62,0.1,0.5,IID-normal,37.784172,0.07882295381261041,0.08243129320519306,253,841,1573,387
62,0.1,0.5,Empirical Bernstein,37.784172,0.07882295381261041,0.08243129320519306,253,841,1573,387
62,0.1,0.5,Platt calibration,37.784172,0.07882295381261041,0.08243129320519306,253,841,1573,387
62,0.1,0.5,Isotonic calibration,37.784172,0.07882295381261041,0.08243129320519306,253,841,1573,387
62,0.1,0.1,Multilabel,37.784172,0.07882295381261041,0.08243129320519306,253,841,1573,387
62,0.1,0.1,Hoeffding/LTT,44.566222,0.0637468723525819,0.07116252488027906,206,643,1137,320
62,0.1,0.1,Hoeffding-Bentkus,37.784172,0.07882295381261041,0.08243129320519306,253,841,1573,387
62,0.1,0.1,IID-normal,37.784172,0.07882295381261041,0.08243129320519306,253,841,1573,387
62,0.1,0.1,Empirical Bernstein,44.566222,0.0637468723525819,0.07116252488027906,206,643,1137,320
62,0.1,0.1,Platt calibration,37.784172,0.07882295381261041,0.08243129320519306,253,841,1573,387
62,0.1,0.1,Isotonic calibration,37.784172,0.07882295381261041,0.08243129320519306,253,841,1573,387
62,0.2,0.5,Multilabel,27.159271,0.1359909754200197,0.14582269327061714,456,1404,2823,674
62,0.2,0.5,Hoeffding/LTT,27.159271,0.1359909754200197,0.14582269327061714,456,1404,2823,674
62,0.2,0.5,Hoeffding-Bentkus,27.159271,0.1359909754200197,0.14582269327061714,456,1404,2823,674
62,0.2,0.5,IID-normal,27.159271,0.1359909754200197,0.14582269327061714,456,1404,2823,674
62,0.2,0.5,Empirical Bernstein,27.159271,0.1359909754200197,0.14582269327061714,456,1404,2823,674
62,0.2,0.5,Platt calibration,27.159271,0.1359909754200197,0.14582269327061714,456,1404,2823,674
62,0.2,0.5,Isotonic calibration,27.159271,0.1359909754200197,0.14582269327061714,456,1404,2823,674
62,0.2,0.1,Multilabel,27.159271,0.1359909754200197,0.14582269327061714,456,1404,2823,674
62,0.2,0.1,Hoeffding/LTT,27.159271,0.1359909754200197,0.14582269327061714,456,1404,2823,674
62,0.2,0.1,Hoeffding-Bentkus,27.159271,0.1359909754200197,0.14582269327061714,456,1404,2823,674
62,0.2,0.1,IID-normal,27.159271,0.1359909754200197,0.14582269327061714,456,1404,2823,674
62,0.2,0.1,Empirical Bernstein,27.159271,0.1359909754200197,0.14582269327061714,456,1404,2823,674
62,0.2,0.1,Platt calibration,27.159271,0.1359909754200197,0.14582269327061714,456,1404,2823,674
62,0.2,0.1,Isotonic calibration,27.159271,0.1359909754200197,0.14582269327061714,456,1404,2823,674
63,0.05,0.5,Multilabel,62.000847,0.04234489824063676,0.03903921066288289,164,423,689,248
63,0.05,0.5,Hoeffding/LTT,62.000847,0.04234489824063676,0.03903921066288289,164,423,689,248
63,0.05,0.5,Hoeffding-Bentkus,62.000847,0.04234489824063676,0.03903921066288289,164,423,689,248
63,0.05,0.5,IID-normal,62.000847,0.04234489824063676,0.03903921066288289,164,423,689,248
63,0.05,0.5,Empirical Bernstein,62.000847,0.04234489824063676,0.03903921066288289,164,423,689,248
63,0.05,0.5,Platt calibration,52.565611,0.0601547569793329,0.056971240696582125,183,521,967,299
63,0.05,0.5,Isotonic calibration,62.000847,0.04234489824063676,0.03903921066288289,164,423,689,248
63,0.05,0.1,Multilabel,62.000847,0.04234489824063676,0.03903921066288289,164,423,689,248
63,0.05,0.1,Hoeffding/LTT,73.129656,0.022941663218866364,0.021568492205821497,134,265,376,185
63,0.05,0.1,Hoeffding-Bentkus,62.000847,0.04234489824063676,0.03903921066288289,164,423,689,248
63,0.05,0.1,IID-normal,62.000847,0.04234489824063676,0.03903921066288289,164,423,689,248
63,0.05,0.1,Empirical Bernstein,62.000847,0.04234489824063676,0.03903921066288289,164,423,689,248
63,0.05,0.1,Platt calibration,52.565611,0.0601547569793329,0.056971240696582125,183,521,967,299
63,0.05,0.1,Isotonic calibration,62.000847,0.04234489824063676,0.03903921066288289,164,423,689,248
63,0.1,0.5,Multilabel,37.784172,0.08535423685402999,0.08448959571873077,267,841,1695,406
63,0.1,0.5,Hoeffding/LTT,37.784172,0.08535423685402999,0.08448959571873077,267,841,1695,406
63,0.1,0.5,Hoeffding-Bentkus,37.784172,0.08535423685402999,0.08448959571873077,267,841,1695,406
63,0.1,0.5,IID-normal,37.784172,0.08535423685402999,0.08448959571873077,267,841,1695,406
63,0.1,0.5,Empirical Bernstein,37.784172,0.08535423685402999,0.08448959571873077,267,841,1695,406
63,0.1,0.5,Platt calibration,37.784172,0.08535423685402999,0.08448959571873077,267,841,1695,406
63,0.1,0.5,Isotonic calibration,37.784172,0.08535423685402999,0.08448959571873077,267,841,1695,406
63,0.1,0.1,Multilabel,37.784172,0.08535423685402999,0.08448959571873077,267,841,1695,406
63,0.1,0.1,Hoeffding/LTT,44.566222,0.07452912898713478,0.07291728251515808,212,628,1249,347
63,0.1,0.1,Hoeffding-Bentkus,37.784172,0.08535423685402999,0.08448959571873077,267,841,1695,406
63,0.1,0.1,IID-normal,37.784172,0.08535423685402999,0.08448959571873077,267,841,1695,406
63,0.1,0.1,Empirical Bernstein,44.566222,0.07452912898713478,0.07291728251515808,212,628,1249,347
63,0.1,0.1,Platt calibration,37.784172,0.08535423685402999,0.08448959571873077,267,841,1695,406
63,0.1,0.1,Isotonic calibration,37.784172,0.08535423685402999,0.08448959571873077,267,841,1695,406
63,0.2,0.5,Multilabel,27.159271,0.14593313412097028,0.14714232595319643,445,1327,2868,680
63,0.2,0.5,Hoeffding/LTT,27.159271,0.14593313412097028,0.14714232595319643,445,1327,2868,680
63,0.2,0.5,Hoeffding-Bentkus,27.159271,0.14593313412097028,0.14714232595319643,445,1327,2868,680
63,0.2,0.5,IID-normal,27.159271,0.14593313412097028,0.14714232595319643,445,1327,2868,680
63,0.2,0.5,Empirical Bernstein,27.159271,0.14593313412097028,0.14714232595319643,445,1327,2868,680
63,0.2,0.5,Platt calibration,27.159271,0.14593313412097028,0.14714232595319643,445,1327,2868,680
63,0.2,0.5,Isotonic calibration,27.159271,0.14593313412097028,0.14714232595319643,445,1327,2868,680
63,0.2,0.1,Multilabel,27.159271,0.14593313412097028,0.14714232595319643,445,1327,2868,680
63,0.2,0.1,Hoeffding/LTT,27.159271,0.14593313412097028,0.14714232595319643,445,1327,2868,680
63,0.2,0.1,Hoeffding-Bentkus,27.159271,0.14593313412097028,0.14714232595319643,445,1327,2868,680
63,0.2,0.1,IID-normal,27.159271,0.14593313412097028,0.14714232595319643,445,1327,2868,680
63,0.2,0.1,Empirical Bernstein,27.159271,0.14593313412097028,0.14714232595319643,445,1327,2868,680
63,0.2,0.1,Platt calibration,27.159271,0.14593313412097028,0.14714232595319643,445,1327,2868,680
63,0.2,0.1,Isotonic calibration,27.159271,0.14593313412097028,0.14714232595319643,445,1327,2868,680
64,0.05,0.5,Multilabel,62.000847,0.035250310302027306,0.03805253926649981,173,449,684,238
64,0.05,0.5,Hoeffding/LTT,73.129656,0.020893669838642947,0.02047868671540902,136,280,379,180
64,0.05,0.5,Hoeffding-Bentkus,62.000847,0.035250310302027306,0.03805253926649981,173,449,684,238
64,0.05,0.5,IID-normal,62.000847,0.035250310302027306,0.03805253926649981,173,449,684,238
64,0.05,0.5,Empirical Bernstein,62.000847,0.035250310302027306,0.03805253926649981,173,449,684,238
64,0.05,0.5,Platt calibration,52.565611,0.05215241247512658,0.05551356837396291,194,543,944,285
64,0.05,0.5,Isotonic calibration,62.000847,0.035250310302027306,0.03805253926649981,173,449,684,238
64,0.05,0.1,Multilabel,62.000847,0.035250310302027306,0.03805253926649981,173,449,684,238
64,0.05,0.1,Hoeffding/LTT,73.129656,0.020893669838642947,0.02047868671540902,136,280,379,180
64,0.05,0.1,Hoeffding-Bentkus,62.000847,0.035250310302027306,0.03805253926649981,173,449,684,238
64,0.05,0.1,IID-normal,62.000847,0.035250310302027306,0.03805253926649981,173,449,684,238
64,0.05,0.1,Empirical Bernstein,73.129656,0.020893669838642947,0.02047868671540902,136,280,379,180
64,0.05,0.1,Platt calibration,52.565611,0.05215241247512658,0.05551356837396291,194,543,944,285
64,0.05,0.1,Isotonic calibration,62.000847,0.035250310302027306,0.03805253926649981,173,449,684,238
64,0.1,0.5,Multilabel,37.784172,0.0795637383349423,0.0836058941901127,290,877,1655,413
64,0.1,0.5,Hoeffding/LTT,44.566222,0.06654944145635085,0.07164781349151607,224,655,1213,339
64,0.1,0.5,Hoeffding-Bentkus,37.784172,0.0795637383349423,0.0836058941901127,290,877,1655,413
64,0.1,0.5,IID-normal,37.784172,0.0795637383349423,0.0836058941901127,290,877,1655,413
64,0.1,0.5,Empirical Bernstein,37.784172,0.0795637383349423,0.0836058941901127,290,877,1655,413
64,0.1,0.5,Platt calibration,37.784172,0.0795637383349423,0.0836058941901127,290,877,1655,413
64,0.1,0.5,Isotonic calibration,37.784172,0.0795637383349423,0.0836058941901127,290,877,1655,413
64,0.1,0.1,Multilabel,37.784172,0.0795637383349423,0.0836058941901127,290,877,1655,413
64,0.1,0.1,Hoeffding/LTT,44.566222,0.06654944145635085,0.07164781349151607,224,655,1213,339
64,0.1,0.1,Hoeffding-Bentkus,44.566222,0.06654944145635085,0.07164781349151607,224,655,1213,339
64,0.1,0.1,IID-normal,37.784172,0.0795637383349423,0.0836058941901127,290,877,1655,413
64,0.1,0.1,Empirical Bernstein,44.566222,0.06654944145635085,0.07164781349151607,224,655,1213,339
64,0.1,0.1,Platt calibration,37.784172,0.0795637383349423,0.0836058941901127,290,877,1655,413
64,0.1,0.1,Isotonic calibration,37.784172,0.0795637383349423,0.0836058941901127,290,877,1655,413
64,0.2,0.5,Multilabel,27.159271,0.1464885330731421,0.14755267264578892,490,1460,2940,725
64,0.2,0.5,Hoeffding/LTT,27.159271,0.1464885330731421,0.14755267264578892,490,1460,2940,725
64,0.2,0.5,Hoeffding-Bentkus,27.159271,0.1464885330731421,0.14755267264578892,490,1460,2940,725
64,0.2,0.5,IID-normal,27.159271,0.1464885330731421,0.14755267264578892,490,1460,2940,725
64,0.2,0.5,Empirical Bernstein,27.159271,0.1464885330731421,0.14755267264578892,490,1460,2940,725
64,0.2,0.5,Platt calibration,27.159271,0.1464885330731421,0.14755267264578892,490,1460,2940,725
64,0.2,0.5,Isotonic calibration,27.159271,0.1464885330731421,0.14755267264578892,490,1460,2940,725
64,0.2,0.1,Multilabel,27.159271,0.1464885330731421,0.14755267264578892,490,1460,2940,725
64,0.2,0.1,Hoeffding/LTT,27.159271,0.1464885330731421,0.14755267264578892,490,1460,2940,725
64,0.2,0.1,Hoeffding-Bentkus,27.159271,0.1464885330731421,0.14755267264578892,490,1460,2940,725
64,0.2,0.1,IID-normal,27.159271,0.1464885330731421,0.14755267264578892,490,1460,2940,725
64,0.2,0.1,Empirical Bernstein,27.159271,0.1464885330731421,0.14755267264578892,490,1460,2940,725
64,0.2,0.1,Platt calibration,27.159271,0.1464885330731421,0.14755267264578892,490,1460,2940,725
64,0.2,0.1,Isotonic calibration,27.159271,0.1464885330731421,0.14755267264578892,490,1460,2940,725
65,0.05,0.5,Multilabel,62.000847,0.04025750142837441,0.03845850659204225,145,373,622,222
65,0.05,0.5,Hoeffding/LTT,62.000847,0.04025750142837441,0.03845850659204225,145,373,622,222
65,0.05,0.5,Hoeffding-Bentkus,62.000847,0.04025750142837441,0.03845850659204225,145,373,622,222
65,0.05,0.5,IID-normal,62.000847,0.04025750142837441,0.03845850659204225,145,373,622,222
65,0.05,0.5,Empirical Bernstein,62.000847,0.04025750142837441,0.03845850659204225,145,373,622,222
65,0.05,0.5,Platt calibration,52.565611,0.0540826881021337,0.056080313212331416,163,466,858,264
65,0.05,0.5,Isotonic calibration,62.000847,0.04025750142837441,0.03845850659204225,145,373,622,222
65,0.05,0.1,Multilabel,62.000847,0.04025750142837441,0.03845850659204225,145,373,622,222
65,0.05,0.1,Hoeffding/LTT,73.129656,0.022652047993380223,0.021258104566147053,111,228,337,161
65,0.05,0.1,Hoeffding-Bentkus,62.000847,0.04025750142837441,0.03845850659204225,145,373,622,222
65,0.05,0.1,IID-normal,62.000847,0.04025750142837441,0.03845850659204225,145,373,622,222
65,0.05,0.1,Empirical Bernstein,62.000847,0.04025750142837441,0.03845850659204225,145,373,622,222
65,0.05,0.1,Platt calibration,52.565611,0.0540826881021337,0.056080313212331416,163,466,858,264
65,0.05,0.1,Isotonic calibration,62.000847,0.04025750142837441,0.03845850659204225,145,373,622,222
65,0.1,0.5,Multilabel,37.784172,0.08290088066670606,0.0838199904967735,250,768,1565,391
65,0.1,0.5,Hoeffding/LTT,37.784172,0.08290088066670606,0.0838199904967735,250,768,1565,391
65,0.1,0.5,Hoeffding-Bentkus,37.784172,0.08290088066670606,0.0838199904967735,250,768,1565,391
65,0.1,0.5,IID-normal,37.784172,0.08290088066670606,0.0838199904967735,250,768,1565,391
65,0.1,0.5,Empirical Bernstein,37.784172,0.08290088066670606,0.0838199904967735,250,768,1565,391
65,0.1,0.5,Platt calibration,37.784172,0.08290088066670606,0.0838199904967735,250,768,1565,391
65,0.1,0.5,Isotonic calibration,37.784172,0.08290088066670606,0.0838199904967735,250,768,1565,391
65,0.1,0.1,Multilabel,37.784172,0.08290088066670606,0.0838199904967735,250,768,1565,391
65,0.1,0.1,Hoeffding/LTT,44.566222,0.07097149161691985,0.07296704307326463,196,552,1109,323
65,0.1,0.1,Hoeffding-Bentkus,37.784172,0.08290088066670606,0.0838199904967735,250,768,1565,391
65,0.1,0.1,IID-normal,37.784172,0.08290088066670606,0.0838199904967735,250,768,1565,391
65,0.1,0.1,Empirical Bernstein,44.566222,0.07097149161691985,0.07296704307326463,196,552,1109,323
65,0.1,0.1,Platt calibration,37.784172,0.08290088066670606,0.0838199904967735,250,768,1565,391
65,0.1,0.1,Isotonic calibration,37.784172,0.08290088066670606,0.0838199904967735,250,768,1565,391
65,0.2,0.5,Multilabel,27.159271,0.14942115876124978,0.14602264621232755,467,1346,2884,721
65,0.2,0.5,Hoeffding/LTT,27.159271,0.14942115876124978,0.14602264621232755,467,1346,2884,721
65,0.2,0.5,Hoeffding-Bentkus,27.159271,0.14942115876124978,0.14602264621232755,467,1346,2884,721
65,0.2,0.5,IID-normal,27.159271,0.14942115876124978,0.14602264621232755,467,1346,2884,721
65,0.2,0.5,Empirical Bernstein,27.159271,0.14942115876124978,0.14602264621232755,467,1346,2884,721
65,0.2,0.5,Platt calibration,27.159271,0.14942115876124978,0.14602264621232755,467,1346,2884,721
65,0.2,0.5,Isotonic calibration,27.159271,0.14942115876124978,0.14602264621232755,467,1346,2884,721
65,0.2,0.1,Multilabel,27.159271,0.14942115876124978,0.14602264621232755,467,1346,2884,721
65,0.2,0.1,Hoeffding/LTT,27.159271,0.14942115876124978,0.14602264621232755,467,1346,2884,721
65,0.2,0.1,Hoeffding-Bentkus,27.159271,0.14942115876124978,0.14602264621232755,467,1346,2884,721
65,0.2,0.1,IID-normal,27.159271,0.14942115876124978,0.14602264621232755,467,1346,2884,721
65,0.2,0.1,Empirical Bernstein,27.159271,0.14942115876124978,0.14602264621232755,467,1346,2884,721
65,0.2,0.1,Platt calibration,27.159271,0.14942115876124978,0.14602264621232755,467,1346,2884,721
65,0.2,0.1,Isotonic calibration,27.159271,0.14942115876124978,0.14602264621232755,467,1346,2884,721
66,0.05,0.5,Multilabel,62.000847,0.04152235159682408,0.039691188932463595,185,487,759,261
66,0.05,0.5,Hoeffding/LTT,73.129656,0.021472900289615224,0.021085666988550144,146,282,386,191
66,0.05,0.5,Hoeffding-Bentkus,62.000847,0.04152235159682408,0.039691188932463595,185,487,759,261
66,0.05,0.5,IID-normal,62.000847,0.04152235159682408,0.039691188932463595,185,487,759,261
66,0.05,0.5,Empirical Bernstein,62.000847,0.04152235159682408,0.039691188932463595,185,487,759,261
66,0.05,0.5,Platt calibration,52.565611,0.057400457079811645,0.05748395509397027,201,599,1038,307
66,0.05,0.5,Isotonic calibration,62.000847,0.04152235159682408,0.039691188932463595,185,487,759,261
66,0.05,0.1,Multilabel,62.000847,0.04152235159682408,0.039691188932463595,185,487,759,261
66,0.05,0.1,Hoeffding/LTT,73.129656,0.021472900289615224,0.021085666988550144,146,282,386,191
66,0.05,0.1,Hoeffding-Bentkus,62.000847,0.04152235159682408,0.039691188932463595,185,487,759,261
66,0.05,0.1,IID-normal,62.000847,0.04152235159682408,0.039691188932463595,185,487,759,261
66,0.05,0.1,Empirical Bernstein,73.129656,0.021472900289615224,0.021085666988550144,146,282,386,191
66,0.05,0.1,Platt calibration,52.565611,0.057400457079811645,0.05748395509397027,201,599,1038,307
66,0.05,0.1,Isotonic calibration,62.000847,0.04152235159682408,0.039691188932463595,185,487,759,261
66,0.1,0.5,Multilabel,37.784172,0.08126202625582021,0.08579333328953967,298,944,1791,425
66,0.1,0.5,Hoeffding/LTT,44.566222,0.07006816793742734,0.07314522857011477,235,707,1307,358
66,0.1,0.5,Hoeffding-Bentkus,37.784172,0.08126202625582021,0.08579333328953967,298,944,1791,425
66,0.1,0.5,IID-normal,37.784172,0.08126202625582021,0.08579333328953967,298,944,1791,425
66,0.1,0.5,Empirical Bernstein,44.566222,0.07006816793742734,0.07314522857011477,235,707,1307,358
66,0.1,0.5,Platt calibration,37.784172,0.08126202625582021,0.08579333328953967,298,944,1791,425
66,0.1,0.5,Isotonic calibration,37.784172,0.08126202625582021,0.08579333328953967,298,944,1791,425
66,0.1,0.1,Multilabel,37.784172,0.08126202625582021,0.08579333328953967,298,944,1791,425
66,0.1,0.1,Hoeffding/LTT,44.566222,0.07006816793742734,0.07314522857011477,235,707,1307,358
66,0.1,0.1,Hoeffding-Bentkus,44.566222,0.07006816793742734,0.07314522857011477,235,707,1307,358
66,0.1,0.1,IID-normal,37.784172,0.08126202625582021,0.08579333328953967,298,944,1791,425
66,0.1,0.1,Empirical Bernstein,44.566222,0.07006816793742734,0.07314522857011477,235,707,1307,358
66,0.1,0.1,Platt calibration,37.784172,0.08126202625582021,0.08579333328953967,298,944,1791,425
66,0.1,0.1,Isotonic calibration,37.784172,0.08126202625582021,0.08579333328953967,298,944,1791,425
66,0.2,0.5,Multilabel,27.159271,0.14354315063872367,0.14810947930688584,506,1556,3096,726
66,0.2,0.5,Hoeffding/LTT,27.159271,0.14354315063872367,0.14810947930688584,506,1556,3096,726
66,0.2,0.5,Hoeffding-Bentkus,27.159271,0.14354315063872367,0.14810947930688584,506,1556,3096,726
66,0.2,0.5,IID-normal,27.159271,0.14354315063872367,0.14810947930688584,506,1556,3096,726
66,0.2,0.5,Empirical Bernstein,27.159271,0.14354315063872367,0.14810947930688584,506,1556,3096,726
66,0.2,0.5,Platt calibration,27.159271,0.14354315063872367,0.14810947930688584,506,1556,3096,726
66,0.2,0.5,Isotonic calibration,27.159271,0.14354315063872367,0.14810947930688584,506,1556,3096,726
66,0.2,0.1,Multilabel,27.159271,0.14354315063872367,0.14810947930688584,506,1556,3096,726
66,0.2,0.1,Hoeffding/LTT,27.159271,0.14354315063872367,0.14810947930688584,506,1556,3096,726
66,0.2,0.1,Hoeffding-Bentkus,27.159271,0.14354315063872367,0.14810947930688584,506,1556,3096,726
66,0.2,0.1,IID-normal,27.159271,0.14354315063872367,0.14810947930688584,506,1556,3096,726
66,0.2,0.1,Empirical Bernstein,27.159271,0.14354315063872367,0.14810947930688584,506,1556,3096,726
66,0.2,0.1,Platt calibration,27.159271,0.14354315063872367,0.14810947930688584,506,1556,3096,726
66,0.2,0.1,Isotonic calibration,27.159271,0.14354315063872367,0.14810947930688584,506,1556,3096,726
67,0.05,0.5,Multilabel,62.000847,0.029676694840120574,0.03860236879963739,165,467,643,221
67,0.05,0.5,Hoeffding/LTT,73.129656,0.013342987174182872,0.02063732928679818,144,295,359,172
67,0.05,0.5,Hoeffding-Bentkus,62.000847,0.029676694840120574,0.03860236879963739,165,467,643,221
67,0.05,0.5,IID-normal,62.000847,0.029676694840120574,0.03860236879963739,165,467,643,221
67,0.05,0.5,Empirical Bernstein,73.129656,0.013342987174182872,0.02063732928679818,144,295,359,172
67,0.05,0.5,Platt calibration,52.565611,0.04295762160884213,0.05630530319452929,187,563,870,266
67,0.05,0.5,Isotonic calibration,62.000847,0.029676694840120574,0.03860236879963739,165,467,643,221
67,0.05,0.1,Multilabel,73.129656,0.013342987174182872,0.02063732928679818,144,295,359,172
67,0.05,0.1,Hoeffding/LTT,73.129656,0.013342987174182872,0.02063732928679818,144,295,359,172
67,0.05,0.1,Hoeffding-Bentkus,73.129656,0.013342987174182872,0.02063732928679818,144,295,359,172
67,0.05,0.1,IID-normal,73.129656,0.013342987174182872,0.02063732928679818,144,295,359,172
67,0.05,0.1,Empirical Bernstein,73.129656,0.013342987174182872,0.02063732928679818,144,295,359,172
67,0.05,0.1,Platt calibration,52.565611,0.04295762160884213,0.05630530319452929,187,563,870,266
67,0.05,0.1,Isotonic calibration,62.000847,0.029676694840120574,0.03860236879963739,165,467,643,221
67,0.1,0.5,Multilabel,37.784172,0.0762975221808486,0.0838947134470655,276,866,1585,399
67,0.1,0.5,Hoeffding/LTT,44.566222,0.06343558523947436,0.07257158622864236,219,658,1130,335
67,0.1,0.5,Hoeffding-Bentkus,37.784172,0.0762975221808486,0.0838947134470655,276,866,1585,399
67,0.1,0.5,IID-normal,37.784172,0.0762975221808486,0.0838947134470655,276,866,1585,399
67,0.1,0.5,Empirical Bernstein,44.566222,0.06343558523947436,0.07257158622864236,219,658,1130,335
67,0.1,0.5,Platt calibration,37.784172,0.0762975221808486,0.0838947134470655,276,866,1585,399
67,0.1,0.5,Isotonic calibration,37.784172,0.0762975221808486,0.0838947134470655,276,866,1585,399
67,0.1,0.1,Multilabel,44.566222,0.06343558523947436,0.07257158622864236,219,658,1130,335
67,0.1,0.1,Hoeffding/LTT,44.566222,0.06343558523947436,0.07257158622864236,219,658,1130,335
67,0.1,0.1,Hoeffding-Bentkus,44.566222,0.06343558523947436,0.07257158622864236,219,658,1130,335
67,0.1,0.1,IID-normal,44.566222,0.06343558523947436,0.07257158622864236,219,658,1130,335
67,0.1,0.1,Empirical Bernstein,44.566222,0.06343558523947436,0.07257158622864236,219,658,1130,335
67,0.1,0.1,Platt calibration,37.784172,0.0762975221808486,0.0838947134470655,276,866,1585,399
67,0.1,0.1,Isotonic calibration,37.784172,0.0762975221808486,0.0838947134470655,276,866,1585,399
67,0.2,0.5,Multilabel,27.159271,0.14528812680446937,0.14798937325147835,479,1395,2828,716
67,0.2,0.5,Hoeffding/LTT,27.159271,0.14528812680446937,0.14798937325147835,479,1395,2828,716
67,0.2,0.5,Hoeffding-Bentkus,27.159271,0.14528812680446937,0.14798937325147835,479,1395,2828,716
67,0.2,0.5,IID-normal,27.159271,0.14528812680446937,0.14798937325147835,479,1395,2828,716
67,0.2,0.5,Empirical Bernstein,27.159271,0.14528812680446937,0.14798937325147835,479,1395,2828,716
67,0.2,0.5,Platt calibration,27.159271,0.14528812680446937,0.14798937325147835,479,1395,2828,716
67,0.2,0.5,Isotonic calibration,27.159271,0.14528812680446937,0.14798937325147835,479,1395,2828,716
67,0.2,0.1,Multilabel,27.159271,0.14528812680446937,0.14798937325147835,479,1395,2828,716
67,0.2,0.1,Hoeffding/LTT,27.159271,0.14528812680446937,0.14798937325147835,479,1395,2828,716
67,0.2,0.1,Hoeffding-Bentkus,27.159271,0.14528812680446937,0.14798937325147835,479,1395,2828,716
67,0.2,0.1,IID-normal,27.159271,0.14528812680446937,0.14798937325147835,479,1395,2828,716
67,0.2,0.1,Empirical Bernstein,27.159271,0.14528812680446937,0.14798937325147835,479,1395,2828,716
67,0.2,0.1,Platt calibration,27.159271,0.14528812680446937,0.14798937325147835,479,1395,2828,716
67,0.2,0.1,Isotonic calibration,27.159271,0.14528812680446937,0.14798937325147835,479,1395,2828,716
68,0.05,0.5,Multilabel,62.000847,0.03888232165021573,0.03893016442333589,178,472,752,250
68,0.05,0.5,Hoeffding/LTT,62.000847,0.03888232165021573,0.03893016442333589,178,472,752,250
68,0.05,0.5,Hoeffding-Bentkus,62.000847,0.03888232165021573,0.03893016442333589,178,472,752,250
68,0.05,0.5,IID-normal,62.000847,0.03888232165021573,0.03893016442333589,178,472,752,250
68,0.05,0.5,Empirical Bernstein,62.000847,0.03888232165021573,0.03893016442333589,178,472,752,250
68,0.05,0.5,Platt calibration,52.565611,0.05922237326871171,0.056474948925631784,197,568,1007,307
68,0.05,0.5,Isotonic calibration,62.000847,0.03888232165021573,0.03893016442333589,178,472,752,250
68,0.05,0.1,Multilabel,62.000847,0.03888232165021573,0.03893016442333589,178,472,752,250
68,0.05,0.1,Hoeffding/LTT,73.129656,0.02540339263549855,0.021223617050627676,141,288,426,194
68,0.05,0.1,Hoeffding-Bentkus,62.000847,0.03888232165021573,0.03893016442333589,178,472,752,250
68,0.05,0.1,IID-normal,62.000847,0.03888232165021573,0.03893016442333589,178,472,752,250
68,0.05,0.1,Empirical Bernstein,62.000847,0.03888232165021573,0.03893016442333589,178,472,752,250
68,0.05,0.1,Platt calibration,52.565611,0.05922237326871171,0.056474948925631784,197,568,1007,307
68,0.05,0.1,Isotonic calibration,62.000847,0.03888232165021573,0.03893016442333589,178,472,752,250
68,0.1,0.5,Multilabel,37.784172,0.08717730230969784,0.08474792363259738,285,923,1804,428
68,0.1,0.5,Hoeffding/LTT,37.784172,0.08717730230969784,0.08474792363259738,285,923,1804,428
68,0.1,0.5,Hoeffding-Bentkus,37.784172,0.08717730230969784,0.08474792363259738,285,923,1804,428
68,0.1,0.5,IID-normal,37.784172,0.08717730230969784,0.08474792363259738,285,923,1804,428
68,0.1,0.5,Empirical Bernstein,37.784172,0.08717730230969784,0.08474792363259738,285,923,1804,428
68,0.1,0.5,Platt calibration,37.784172,0.08717730230969784,0.08474792363259738,285,923,1804,428
68,0.1,0.5,Isotonic calibration,37.784172,0.08717730230969784,0.08474792363259738,285,923,1804,428
68,0.1,0.1,Multilabel,37.784172,0.08717730230969784,0.08474792363259738,285,923,1804,428
68,0.1,0.1,Hoeffding/LTT,44.566222,0.07425084224835983,0.07318825585138179,233,679,1286,366
68,0.1,0.1,Hoeffding-Bentkus,37.784172,0.08717730230969784,0.08474792363259738,285,923,1804,428
68,0.1,0.1,IID-normal,37.784172,0.08717730230969784,0.08474792363259738,285,923,1804,428
68,0.1,0.1,Empirical Bernstein,44.566222,0.07425084224835983,0.07318825585138179,233,679,1286,366
68,0.1,0.1,Platt calibration,37.784172,0.08717730230969784,0.08474792363259738,285,923,1804,428
68,0.1,0.1,Isotonic calibration,37.784172,0.08717730230969784,0.08474792363259738,285,923,1804,428
68,0.2,0.5,Multilabel,27.159271,0.14915896634969864,0.14806166955773797,492,1495,3131,719
68,0.2,0.5,Hoeffding/LTT,27.159271,0.14915896634969864,0.14806166955773797,492,1495,3131,719
68,0.2,0.5,Hoeffding-Bentkus,27.159271,0.14915896634969864,0.14806166955773797,492,1495,3131,719
68,0.2,0.5,IID-normal,27.159271,0.14915896634969864,0.14806166955773797,492,1495,3131,719
68,0.2,0.5,Empirical Bernstein,27.159271,0.14915896634969864,0.14806166955773797,492,1495,3131,719
68,0.2,0.5,Platt calibration,27.159271,0.14915896634969864,0.14806166955773797,492,1495,3131,719
68,0.2,0.5,Isotonic calibration,27.159271,0.14915896634969864,0.14806166955773797,492,1495,3131,719
68,0.2,0.1,Multilabel,27.159271,0.14915896634969864,0.14806166955773797,492,1495,3131,719
68,0.2,0.1,Hoeffding/LTT,27.159271,0.14915896634969864,0.14806166955773797,492,1495,3131,719
68,0.2,0.1,Hoeffding-Bentkus,27.159271,0.14915896634969864,0.14806166955773797,492,1495,3131,719
68,0.2,0.1,IID-normal,27.159271,0.14915896634969864,0.14806166955773797,492,1495,3131,719
68,0.2,0.1,Empirical Bernstein,27.159271,0.14915896634969864,0.14806166955773797,492,1495,3131,719
68,0.2,0.1,Platt calibration,27.159271,0.14915896634969864,0.14806166955773797,492,1495,3131,719
68,0.2,0.1,Isotonic calibration,27.159271,0.14915896634969864,0.14806166955773797,492,1495,3131,719
69,0.05,0.5,Multilabel,62.000847,0.04614338908918967,0.03923004158209014,145,355,655,235
69,0.05,0.5,Hoeffding/LTT,62.000847,0.04614338908918967,0.03923004158209014,145,355,655,235
69,0.05,0.5,Hoeffding-Bentkus,62.000847,0.04614338908918967,0.03923004158209014,145,355,655,235
69,0.05,0.5,IID-normal,62.000847,0.04614338908918967,0.03923004158209014,145,355,655,235
69,0.05,0.5,Empirical Bernstein,62.000847,0.04614338908918967,0.03923004158209014,145,355,655,235
69,0.05,0.5,Platt calibration,52.565611,0.0661943180251,0.056871226901575915,163,432,916,288
69,0.05,0.5,Isotonic calibration,62.000847,0.04614338908918967,0.03923004158209014,145,355,655,235
69,0.05,0.1,Multilabel,62.000847,0.04614338908918967,0.03923004158209014,145,355,655,235
69,0.05,0.1,Hoeffding/LTT,73.129656,0.026479106330161355,0.02118912953510829,115,215,341,174
69,0.05,0.1,Hoeffding-Bentkus,62.000847,0.04614338908918967,0.03923004158209014,145,355,655,235
69,0.05,0.1,IID-normal,62.000847,0.04614338908918967,0.03923004158209014,145,355,655,235
69,0.05,0.1,Empirical Bernstein,62.000847,0.04614338908918967,0.03923004158209014,145,355,655,235
69,0.05,0.1,Platt calibration,52.565611,0.0661943180251,0.056871226901575915,163,432,916,288
69,0.05,0.1,Isotonic calibration,62.000847,0.04614338908918967,0.03923004158209014,145,355,655,235
69,0.1,0.5,Multilabel,37.784172,0.0912501395538218,0.08453284196835031,262,727,1663,408
69,0.1,0.5,Hoeffding/LTT,37.784172,0.0912501395538218,0.08453284196835031,262,727,1663,408
69,0.1,0.5,Hoeffding-Bentkus,37.784172,0.0912501395538218,0.08453284196835031,262,727,1663,408
69,0.1,0.5,IID-normal,37.784172,0.0912501395538218,0.08453284196835031,262,727,1663,408
69,0.1,0.5,Empirical Bernstein,37.784172,0.0912501395538218,0.08453284196835031,262,727,1663,408
69,0.1,0.5,Platt calibration,37.784172,0.0912501395538218,0.08453284196835031,262,727,1663,408
69,0.1,0.5,Isotonic calibration,37.784172,0.0912501395538218,0.08453284196835031,262,727,1663,408
69,0.1,0.1,Multilabel,37.784172,0.0912501395538218,0.08453284196835031,262,727,1663,408
69,0.1,0.1,Hoeffding/LTT,44.566222,0.08108438244971136,0.07263103613634721,201,526,1190,346
69,0.1,0.1,Hoeffding-Bentkus,37.784172,0.0912501395538218,0.08453284196835031,262,727,1663,408
69,0.1,0.1,IID-normal,37.784172,0.0912501395538218,0.08453284196835031,262,727,1663,408
69,0.1,0.1,Empirical Bernstein,37.784172,0.0912501395538218,0.08453284196835031,262,727,1663,408
69,0.1,0.1,Platt calibration,37.784172,0.0912501395538218,0.08453284196835031,262,727,1663,408
69,0.1,0.1,Isotonic calibration,37.784172,0.0912501395538218,0.08453284196835031,262,727,1663,408
69,0.2,0.5,Multilabel,27.159271,0.1549522720188835,0.1495861272278709,464,1259,2958,712
69,0.2,0.5,Hoeffding/LTT,27.159271,0.1549522720188835,0.1495861272278709,464,1259,2958,712
69,0.2,0.5,Hoeffding-Bentkus,27.159271,0.1549522720188835,0.1495861272278709,464,1259,2958,712
69,0.2,0.5,IID-normal,27.159271,0.1549522720188835,0.1495861272278709,464,1259,2958,712
69,0.2,0.5,Empirical Bernstein,27.159271,0.1549522720188835,0.1495861272278709,464,1259,2958,712
69,0.2,0.5,Platt calibration,27.159271,0.1549522720188835,0.1495861272278709,464,1259,2958,712
69,0.2,0.5,Isotonic calibration,27.159271,0.1549522720188835,0.1495861272278709,464,1259,2958,712
69,0.2,0.1,Multilabel,27.159271,0.1549522720188835,0.1495861272278709,464,1259,2958,712
69,0.2,0.1,Hoeffding/LTT,27.159271,0.1549522720188835,0.1495861272278709,464,1259,2958,712
69,0.2,0.1,Hoeffding-Bentkus,27.159271,0.1549522720188835,0.1495861272278709,464,1259,2958,712
69,0.2,0.1,IID-normal,27.159271,0.1549522720188835,0.1495861272278709,464,1259,2958,712
69,0.2,0.1,Empirical Bernstein,27.159271,0.1549522720188835,0.1495861272278709,464,1259,2958,712
69,0.2,0.1,Platt calibration,27.159271,0.1549522720188835,0.1495861272278709,464,1259,2958,712
69,0.2,0.1,Isotonic calibration,27.159271,0.1549522720188835,0.1495861272278709,464,1259,2958,712
70,0.05,0.5,Multilabel,62.000847,0.041890773686388084,0.03825322376156974,174,464,735,254
70,0.05,0.5,Hoeffding/LTT,62.000847,0.041890773686388084,0.03825322376156974,174,464,735,254
70,0.05,0.5,Hoeffding-Bentkus,62.000847,0.041890773686388084,0.03825322376156974,174,464,735,254
70,0.05,0.5,IID-normal,62.000847,0.041890773686388084,0.03825322376156974,174,464,735,254
70,0.05,0.5,Empirical Bernstein,62.000847,0.041890773686388084,0.03825322376156974,174,464,735,254
70,0.05,0.5,Platt calibration,52.565611,0.06351242193195028,0.055341130796366,191,561,1006,311
70,0.05,0.5,Isotonic calibration,62.000847,0.041890773686388084,0.03825322376156974,174,464,735,254
70,0.05,0.1,Multilabel,62.000847,0.041890773686388084,0.03825322376156974,174,464,735,254
70,0.05,0.1,Hoeffding/LTT,73.129656,0.02170045510964005,0.020616636777486548,137,282,375,184
70,0.05,0.1,Hoeffding-Bentkus,62.000847,0.041890773686388084,0.03825322376156974,174,464,735,254
70,0.05,0.1,IID-normal,62.000847,0.041890773686388084,0.03825322376156974,174,464,735,254
70,0.05,0.1,Empirical Bernstein,62.000847,0.041890773686388084,0.03825322376156974,174,464,735,254
70,0.05,0.1,Platt calibration,52.565611,0.06351242193195028,0.055341130796366,191,561,1006,311
70,0.05,0.1,Isotonic calibration,62.000847,0.041890773686388084,0.03825322376156974,174,464,735,254
70,0.1,0.5,Multilabel,37.784172,0.09321308719322785,0.08402280993328033,294,900,1820,446
70,0.1,0.5,Hoeffding/LTT,37.784172,0.09321308719322785,0.08402280993328033,294,900,1820,446
70,0.1,0.5,Hoeffding-Bentkus,37.784172,0.09321308719322785,0.08402280993328033,294,900,1820,446
70,0.1,0.5,IID-normal,37.784172,0.09321308719322785,0.08402280993328033,294,900,1820,446
70,0.1,0.5,Empirical Bernstein,37.784172,0.09321308719322785,0.08402280993328033,294,900,1820,446
70,0.1,0.5,Platt calibration,37.784172,0.09321308719322785,0.08402280993328033,294,900,1820,446
70,0.1,0.5,Isotonic calibration,37.784172,0.09321308719322785,0.08402280993328033,294,900,1820,446
70,0.1,0.1,Multilabel,37.784172,0.09321308719322785,0.08402280993328033,294,900,1820,446
70,0.1,0.1,Hoeffding/LTT,44.566222,0.0802652836062021,0.07256813747709044,235,673,1310,379
70,0.1,0.1,Hoeffding-Bentkus,37.784172,0.09321308719322785,0.08402280993328033,294,900,1820,446
70,0.1,0.1,IID-normal,37.784172,0.09321308719322785,0.08402280993328033,294,900,1820,446
70,0.1,0.1,Empirical Bernstein,37.784172,0.09321308719322785,0.08402280993328033,294,900,1820,446
70,0.1,0.1,Platt calibration,37.784172,0.09321308719322785,0.08402280993328033,294,900,1820,446
70,0.1,0.1,Isotonic calibration,37.784172,0.09321308719322785,0.08402280993328033,294,900,1820,446
70,0.2,0.5,Multilabel,27.159271,0.1540488679710856,0.14653985941404896,495,1484,3114,745
70,0.2,0.5,Hoeffding/LTT,27.159271,0.1540488679710856,0.14653985941404896,495,1484,3114,745
70,0.2,0.5,Hoeffding-Bentkus,27.159271,0.1540488679710856,0.14653985941404896,495,1484,3114,745
70,0.2,0.5,IID-normal,27.159271,0.1540488679710856,0.14653985941404896,495,1484,3114,745
70,0.2,0.5,Empirical Bernstein,27.159271,0.1540488679710856,0.14653985941404896,495,1484,3114,745
70,0.2,0.5,Platt calibration,27.159271,0.1540488679710856,0.14653985941404896,495,1484,3114,745
70,0.2,0.5,Isotonic calibration,27.159271,0.1540488679710856,0.14653985941404896,495,1484,3114,745
70,0.2,0.1,Multilabel,27.159271,0.1540488679710856,0.14653985941404896,495,1484,3114,745
70,0.2,0.1,Hoeffding/LTT,27.159271,0.1540488679710856,0.14653985941404896,495,1484,3114,745
70,0.2,0.1,Hoeffding-Bentkus,27.159271,0.1540488679710856,0.14653985941404896,495,1484,3114,745
70,0.2,0.1,IID-normal,27.159271,0.1540488679710856,0.14653985941404896,495,1484,3114,745
70,0.2,0.1,Empirical Bernstein,27.159271,0.1540488679710856,0.14653985941404896,495,1484,3114,745
70,0.2,0.1,Platt calibration,27.159271,0.1540488679710856,0.14653985941404896,495,1484,3114,745
70,0.2,0.1,Isotonic calibration,27.159271,0.1540488679710856,0.14653985941404896,495,1484,3114,745
71,0.05,0.5,Multilabel,62.000847,0.03675355123431251,0.039724362637867945,157,417,654,230
71,0.05,0.5,Hoeffding/LTT,73.129656,0.02027306578402979,0.021465029659263345,124,273,371,169
71,0.05,0.5,Hoeffding-Bentkus,62.000847,0.03675355123431251,0.039724362637867945,157,417,654,230
71,0.05,0.5,IID-normal,62.000847,0.03675355123431251,0.039724362637867945,157,417,654,230
71,0.05,0.5,Empirical Bernstein,73.129656,0.02027306578402979,0.021465029659263345,124,273,371,169
71,0.05,0.5,Platt calibration,52.565611,0.05432994463817799,0.057472459255463806,177,502,895,285
71,0.05,0.5,Isotonic calibration,62.000847,0.03675355123431251,0.039724362637867945,157,417,654,230
71,0.05,0.1,Multilabel,62.000847,0.03675355123431251,0.039724362637867945,157,417,654,230
71,0.05,0.1,Hoeffding/LTT,73.129656,0.02027306578402979,0.021465029659263345,124,273,371,169
71,0.05,0.1,Hoeffding-Bentkus,73.129656,0.02027306578402979,0.021465029659263345,124,273,371,169
71,0.05,0.1,IID-normal,62.000847,0.03675355123431251,0.039724362637867945,157,417,654,230
71,0.05,0.1,Empirical Bernstein,73.129656,0.02027306578402979,0.021465029659263345,124,273,371,169
71,0.05,0.1,Platt calibration,52.565611,0.05432994463817799,0.057472459255463806,177,502,895,285
71,0.05,0.1,Isotonic calibration,62.000847,0.03675355123431251,0.039724362637867945,157,417,654,230
71,0.1,0.5,Multilabel,37.784172,0.08412189451701244,0.08585168835548197,277,821,1620,418
71,0.1,0.5,Hoeffding/LTT,44.566222,0.07049815788955219,0.07405142909695261,210,601,1162,345
71,0.1,0.5,Hoeffding-Bentkus,37.784172,0.08412189451701244,0.08585168835548197,277,821,1620,418
71,0.1,0.5,IID-normal,37.784172,0.08412189451701244,0.08585168835548197,277,821,1620,418
71,0.1,0.5,Empirical Bernstein,44.566222,0.07049815788955219,0.07405142909695261,210,601,1162,345
71,0.1,0.5,Platt calibration,37.784172,0.08412189451701244,0.08585168835548197,277,821,1620,418
71,0.1,0.5,Isotonic calibration,37.784172,0.08412189451701244,0.08585168835548197,277,821,1620,418
71,0.1,0.1,Multilabel,37.784172,0.08412189451701244,0.08585168835548197,277,821,1620,418
71,0.1,0.1,Hoeffding/LTT,44.566222,0.07049815788955219,0.07405142909695261,210,601,1162,345
71,0.1,0.1,Hoeffding-Bentkus,44.566222,0.07049815788955219,0.07405142909695261,210,601,1162,345
71,0.1,0.1,IID-normal,37.784172,0.08412189451701244,0.08585168835548197,277,821,1620,418
71,0.1,0.1,Empirical Bernstein,44.566222,0.07049815788955219,0.07405142909695261,210,601,1162,345
71,0.1,0.1,Platt calibration,37.784172,0.08412189451701244,0.08585168835548197,277,821,1620,418
71,0.1,0.1,Isotonic calibration,37.784172,0.08412189451701244,0.08585168835548197,277,821,1620,418
71,0.2,0.5,Multilabel,27.159271,0.14384681768835678,0.1483706687389954,497,1435,2941,727
71,0.2,0.5,Hoeffding/LTT,27.159271,0.14384681768835678,0.1483706687389954,497,1435,2941,727
71,0.2,0.5,Hoeffding-Bentkus,27.159271,0.14384681768835678,0.1483706687389954,497,1435,2941,727
71,0.2,0.5,IID-normal,27.159271,0.14384681768835678,0.1483706687389954,497,1435,2941,727
71,0.2,0.5,Empirical Bernstein,27.159271,0.14384681768835678,0.1483706687389954,497,1435,2941,727
71,0.2,0.5,Platt calibration,27.159271,0.14384681768835678,0.1483706687389954,497,1435,2941,727
71,0.2,0.5,Isotonic calibration,27.159271,0.14384681768835678,0.1483706687389954,497,1435,2941,727
71,0.2,0.1,Multilabel,27.159271,0.14384681768835678,0.1483706687389954,497,1435,2941,727
71,0.2,0.1,Hoeffding/LTT,27.159271,0.14384681768835678,0.1483706687389954,497,1435,2941,727
71,0.2,0.1,Hoeffding-Bentkus,27.159271,0.14384681768835678,0.1483706687389954,497,1435,2941,727
71,0.2,0.1,IID-normal,27.159271,0.14384681768835678,0.1483706687389954,497,1435,2941,727
71,0.2,0.1,Empirical Bernstein,27.159271,0.14384681768835678,0.1483706687389954,497,1435,2941,727
71,0.2,0.1,Platt calibration,27.159271,0.14384681768835678,0.1483706687389954,497,1435,2941,727
71,0.2,0.1,Isotonic calibration,27.159271,0.14384681768835678,0.1483706687389954,497,1435,2941,727
72,0.05,0.5,Multilabel,62.000847,0.04040427921271942,0.039312811619336654,165,434,699,243
72,0.05,0.5,Hoeffding/LTT,73.129656,0.022527927182457594,0.021706442267899025,132,257,365,181
72,0.05,0.5,Hoeffding-Bentkus,62.000847,0.04040427921271942,0.039312811619336654,165,434,699,243
72,0.05,0.5,IID-normal,62.000847,0.04040427921271942,0.039312811619336654,165,434,699,243
72,0.05,0.5,Empirical Bernstein,62.000847,0.04040427921271942,0.039312811619336654,165,434,699,243
72,0.05,0.5,Platt calibration,52.565611,0.056973422385089734,0.056064219038422375,181,535,968,288
72,0.05,0.5,Isotonic calibration,62.000847,0.04040427921271942,0.039312811619336654,165,434,699,243
72,0.05,0.1,Multilabel,62.000847,0.04040427921271942,0.039312811619336654,165,434,699,243
72,0.05,0.1,Hoeffding/LTT,73.129656,0.022527927182457594,0.021706442267899025,132,257,365,181
72,0.05,0.1,Hoeffding-Bentkus,62.000847,0.04040427921271942,0.039312811619336654,165,434,699,243
72,0.05,0.1,IID-normal,62.000847,0.04040427921271942,0.039312811619336654,165,434,699,243
72,0.05,0.1,Empirical Bernstein,73.129656,0.022527927182457594,0.021706442267899025,132,257,365,181
72,0.05,0.1,Platt calibration,52.565611,0.056973422385089734,0.056064219038422375,181,535,968,288
72,0.05,0.1,Isotonic calibration,62.000847,0.04040427921271942,0.039312811619336654,165,434,699,243
72,0.1,0.5,Multilabel,37.784172,0.08542352122203177,0.0825345367833987,282,873,1710,419
72,0.1,0.5,Hoeffding/LTT,37.784172,0.08542352122203177,0.0825345367833987,282,873,1710,419
72,0.1,0.5,Hoeffding-Bentkus,37.784172,0.08542352122203177,0.0825345367833987,282,873,1710,419
72,0.1,0.5,IID-normal,37.784172,0.08542352122203177,0.0825345367833987,282,873,1710,419
72,0.1,0.5,Empirical Bernstein,37.784172,0.08542352122203177,0.0825345367833987,282,873,1710,419
72,0.1,0.5,Platt calibration,37.784172,0.08542352122203177,0.0825345367833987,282,873,1710,419
72,0.1,0.5,Isotonic calibration,37.784172,0.08542352122203177,0.0825345367833987,282,873,1710,419
72,0.1,0.1,Multilabel,37.784172,0.08542352122203177,0.0825345367833987,282,873,1710,419
72,0.1,0.1,Hoeffding/LTT,44.566222,0.07245897117638946,0.07163878104697528,219,641,1242,350
72,0.1,0.1,Hoeffding-Bentkus,37.784172,0.08542352122203177,0.0825345367833987,282,873,1710,419
72,0.1,0.1,IID-normal,37.784172,0.08542352122203177,0.0825345367833987,282,873,1710,419
72,0.1,0.1,Empirical Bernstein,37.784172,0.08542352122203177,0.0825345367833987,282,873,1710,419
72,0.1,0.1,Platt calibration,37.784172,0.08542352122203177,0.0825345367833987,282,873,1710,419
72,0.1,0.1,Isotonic calibration,37.784172,0.08542352122203177,0.0825345367833987,282,873,1710,419
72,0.2,0.5,Multilabel,27.159271,0.14851337234456805,0.1459978660385613,482,1440,3037,718
72,0.2,0.5,Hoeffding/LTT,27.159271,0.14851337234456805,0.1459978660385613,482,1440,3037,718
72,0.2,0.5,Hoeffding-Bentkus,27.159271,0.14851337234456805,0.1459978660385613,482,1440,3037,718
72,0.2,0.5,IID-normal,27.159271,0.14851337234456805,0.1459978660385613,482,1440,3037,718
72,0.2,0.5,Empirical Bernstein,27.159271,0.14851337234456805,0.1459978660385613,482,1440,3037,718
72,0.2,0.5,Platt calibration,27.159271,0.14851337234456805,0.1459978660385613,482,1440,3037,718
72,0.2,0.5,Isotonic calibration,27.159271,0.14851337234456805,0.1459978660385613,482,1440,3037,718
72,0.2,0.1,Multilabel,27.159271,0.14851337234456805,0.1459978660385613,482,1440,3037,718
72,0.2,0.1,Hoeffding/LTT,27.159271,0.14851337234456805,0.1459978660385613,482,1440,3037,718
72,0.2,0.1,Hoeffding-Bentkus,27.159271,0.14851337234456805,0.1459978660385613,482,1440,3037,718
72,0.2,0.1,IID-normal,27.159271,0.14851337234456805,0.1459978660385613,482,1440,3037,718
72,0.2,0.1,Empirical Bernstein,27.159271,0.14851337234456805,0.1459978660385613,482,1440,3037,718
72,0.2,0.1,Platt calibration,27.159271,0.14851337234456805,0.1459978660385613,482,1440,3037,718
72,0.2,0.1,Isotonic calibration,27.159271,0.14851337234456805,0.1459978660385613,482,1440,3037,718
73,0.05,0.5,Multilabel,62.000847,0.03459621333018106,0.038075859396041495,174,499,725,238
73,0.05,0.5,Hoeffding/LTT,73.129656,0.018163011998345056,0.020326941647123745,144,308,392,183
73,0.05,0.5,Hoeffding-Bentkus,62.000847,0.03459621333018106,0.038075859396041495,174,499,725,238
73,0.05,0.5,IID-normal,62.000847,0.03459621333018106,0.038075859396041495,174,499,725,238
73,0.05,0.5,Empirical Bernstein,62.000847,0.03459621333018106,0.038075859396041495,174,499,725,238
73,0.05,0.5,Platt calibration,52.565611,0.052045530665720985,0.055312391200099856,189,596,978,288
73,0.05,0.5,Isotonic calibration,62.000847,0.03459621333018106,0.038075859396041495,174,499,725,238
73,0.05,0.1,Multilabel,62.000847,0.03459621333018106,0.038075859396041495,174,499,725,238
73,0.05,0.1,Hoeffding/LTT,73.129656,0.018163011998345056,0.020326941647123745,144,308,392,183
73,0.05,0.1,Hoeffding-Bentkus,62.000847,0.03459621333018106,0.038075859396041495,174,499,725,238
73,0.05,0.1,IID-normal,62.000847,0.03459621333018106,0.038075859396041495,174,499,725,238
73,0.05,0.1,Empirical Bernstein,73.129656,0.018163011998345056,0.020326941647123745,144,308,392,183
73,0.05,0.1,Platt calibration,52.565611,0.052045530665720985,0.055312391200099856,189,596,978,288
73,0.05,0.1,Isotonic calibration,62.000847,0.03459621333018106,0.038075859396041495,174,499,725,238
73,0.1,0.5,Multilabel,37.784172,0.0846658260601165,0.08340915112538785,274,912,1718,419
73,0.1,0.5,Hoeffding/LTT,37.784172,0.0846658260601165,0.08340915112538785,274,912,1718,419
73,0.1,0.5,Hoeffding-Bentkus,37.784172,0.0846658260601165,0.08340915112538785,274,912,1718,419
73,0.1,0.5,IID-normal,37.784172,0.0846658260601165,0.08340915112538785,274,912,1718,419
73,0.1,0.5,Empirical Bernstein,37.784172,0.0846658260601165,0.08340915112538785,274,912,1718,419
73,0.1,0.5,Platt calibration,37.784172,0.0846658260601165,0.08340915112538785,274,912,1718,419
73,0.1,0.5,Isotonic calibration,37.784172,0.0846658260601165,0.08340915112538785,274,912,1718,419
73,0.1,0.1,Multilabel,37.784172,0.0846658260601165,0.08340915112538785,274,912,1718,419
73,0.1,0.1,Hoeffding/LTT,44.566222,0.07003910790629864,0.07192666968842992,215,688,1243,344
73,0.1,0.1,Hoeffding-Bentkus,37.784172,0.0846658260601165,0.08340915112538785,274,912,1718,419
73,0.1,0.1,IID-normal,37.784172,0.0846658260601165,0.08340915112538785,274,912,1718,419
73,0.1,0.1,Empirical Bernstein,44.566222,0.07003910790629864,0.07192666968842992,215,688,1243,344
73,0.1,0.1,Platt calibration,37.784172,0.0846658260601165,0.08340915112538785,274,912,1718,419
73,0.1,0.1,Isotonic calibration,37.784172,0.0846658260601165,0.08340915112538785,274,912,1718,419
73,0.2,0.5,Multilabel,27.159271,0.14455398414852286,0.14666459175012078,488,1474,2986,725
73,0.2,0.5,Hoeffding/LTT,27.159271,0.14455398414852286,0.14666459175012078,488,1474,2986,725
73,0.2,0.5,Hoeffding-Bentkus,27.159271,0.14455398414852286,0.14666459175012078,488,1474,2986,725
73,0.2,0.5,IID-normal,27.159271,0.14455398414852286,0.14666459175012078,488,1474,2986,725
73,0.2,0.5,Empirical Bernstein,27.159271,0.14455398414852286,0.14666459175012078,488,1474,2986,725
73,0.2,0.5,Platt calibration,27.159271,0.14455398414852286,0.14666459175012078,488,1474,2986,725
73,0.2,0.5,Isotonic calibration,27.159271,0.14455398414852286,0.14666459175012078,488,1474,2986,725
73,0.2,0.1,Multilabel,27.159271,0.14455398414852286,0.14666459175012078,488,1474,2986,725
73,0.2,0.1,Hoeffding/LTT,27.159271,0.14455398414852286,0.14666459175012078,488,1474,2986,725
73,0.2,0.1,Hoeffding-Bentkus,27.159271,0.14455398414852286,0.14666459175012078,488,1474,2986,725
73,0.2,0.1,IID-normal,27.159271,0.14455398414852286,0.14666459175012078,488,1474,2986,725
73,0.2,0.1,Empirical Bernstein,27.159271,0.14455398414852286,0.14666459175012078,488,1474,2986,725
73,0.2,0.1,Platt calibration,27.159271,0.14455398414852286,0.14666459175012078,488,1474,2986,725
73,0.2,0.1,Isotonic calibration,27.159271,0.14455398414852286,0.14666459175012078,488,1474,2986,725
74,0.05,0.5,Multilabel,62.000847,0.035687688397659435,0.038356357855599134,154,439,666,223
74,0.05,0.5,Hoeffding/LTT,73.129656,0.01996276375672321,0.021051179473030767,124,263,343,168
74,0.05,0.5,Hoeffding-Bentkus,62.000847,0.035687688397659435,0.038356357855599134,154,439,666,223
74,0.05,0.5,IID-normal,62.000847,0.035687688397659435,0.038356357855599134,154,439,666,223
74,0.05,0.5,Empirical Bernstein,62.000847,0.035687688397659435,0.038356357855599134,154,439,666,223
74,0.05,0.5,Platt calibration,52.565611,0.05127125322615599,0.0557354380571376,168,516,895,267
74,0.05,0.5,Isotonic calibration,62.000847,0.035687688397659435,0.038356357855599134,154,439,666,223
74,0.05,0.1,Multilabel,62.000847,0.035687688397659435,0.038356357855599134,154,439,666,223
74,0.05,0.1,Hoeffding/LTT,73.129656,0.01996276375672321,0.021051179473030767,124,263,343,168
74,0.05,0.1,Hoeffding-Bentkus,62.000847,0.035687688397659435,0.038356357855599134,154,439,666,223
74,0.05,0.1,IID-normal,62.000847,0.035687688397659435,0.038356357855599134,154,439,666,223
74,0.05,0.1,Empirical Bernstein,73.129656,0.01996276375672321,0.021051179473030767,124,263,343,168
74,0.05,0.1,Platt calibration,52.565611,0.05127125322615599,0.0557354380571376,168,516,895,267
74,0.05,0.1,Isotonic calibration,62.000847,0.035687688397659435,0.038356357855599134,154,439,666,223
74,0.1,0.5,Multilabel,37.784172,0.08306161383323155,0.08412222156531715,254,801,1598,395
74,0.1,0.5,Hoeffding/LTT,37.784172,0.08306161383323155,0.08412222156531715,254,801,1598,395
74,0.1,0.5,Hoeffding-Bentkus,37.784172,0.08306161383323155,0.08412222156531715,254,801,1598,395
74,0.1,0.5,IID-normal,37.784172,0.08306161383323155,0.08412222156531715,254,801,1598,395
74,0.1,0.5,Empirical Bernstein,37.784172,0.08306161383323155,0.08412222156531715,254,801,1598,395
74,0.1,0.5,Platt calibration,37.784172,0.08306161383323155,0.08412222156531715,254,801,1598,395
74,0.1,0.5,Isotonic calibration,37.784172,0.08306161383323155,0.08412222156531715,254,801,1598,395
74,0.1,0.1,Multilabel,37.784172,0.08306161383323155,0.08412222156531715,254,801,1598,395
74,0.1,0.1,Hoeffding/LTT,44.566222,0.06985489686151664,0.07240144781874677,198,597,1151,329
74,0.1,0.1,Hoeffding-Bentkus,37.784172,0.08306161383323155,0.08412222156531715,254,801,1598,395
74,0.1,0.1,IID-normal,37.784172,0.08306161383323155,0.08412222156531715,254,801,1598,395
74,0.1,0.1,Empirical Bernstein,44.566222,0.06985489686151664,0.07240144781874677,198,597,1151,329
74,0.1,0.1,Platt calibration,37.784172,0.08306161383323155,0.08412222156531715,254,801,1598,395
74,0.1,0.1,Isotonic calibration,37.784172,0.08306161383323155,0.08412222156531715,254,801,1598,395
74,0.2,0.5,Multilabel,27.159271,0.1479827830882858,0.1465485335467402,465,1332,2864,704
74,0.2,0.5,Hoeffding/LTT,27.159271,0.1479827830882858,0.1465485335467402,465,1332,2864,704
74,0.2,0.5,Hoeffding-Bentkus,27.159271,0.1479827830882858,0.1465485335467402,465,1332,2864,704
74,0.2,0.5,IID-normal,27.159271,0.1479827830882858,0.1465485335467402,465,1332,2864,704
74,0.2,0.5,Empirical Bernstein,27.159271,0.1479827830882858,0.1465485335467402,465,1332,2864,704
74,0.2,0.5,Platt calibration,27.159271,0.1479827830882858,0.1465485335467402,465,1332,2864,704
74,0.2,0.5,Isotonic calibration,27.159271,0.1479827830882858,0.1465485335467402,465,1332,2864,704
74,0.2,0.1,Multilabel,27.159271,0.1479827830882858,0.1465485335467402,465,1332,2864,704
74,0.2,0.1,Hoeffding/LTT,27.159271,0.1479827830882858,0.1465485335467402,465,1332,2864,704
74,0.2,0.1,Hoeffding-Bentkus,27.159271,0.1479827830882858,0.1465485335467402,465,1332,2864,704
74,0.2,0.1,IID-normal,27.159271,0.1479827830882858,0.1465485335467402,465,1332,2864,704
74,0.2,0.1,Empirical Bernstein,27.159271,0.1479827830882858,0.1465485335467402,465,1332,2864,704
74,0.2,0.1,Platt calibration,27.159271,0.1479827830882858,0.1465485335467402,465,1332,2864,704
74,0.2,0.1,Isotonic calibration,27.159271,0.1479827830882858,0.1465485335467402,465,1332,2864,704
75,0.05,0.5,Multilabel,62.000847,0.034906515357487636,0.038922610015174504,135,378,603,206
75,0.05,0.5,Hoeffding/LTT,73.129656,0.018618121638394703,0.020568354255759418,108,229,314,149
75,0.05,0.5,Hoeffding-Bentkus,62.000847,0.034906515357487636,0.038922610015174504,135,378,603,206
75,0.05,0.5,IID-normal,62.000847,0.034906515357487636,0.038922610015174504,135,378,603,206
75,0.05,0.5,Empirical Bernstein,73.129656,0.018618121638394703,0.020568354255759418,108,229,314,149
75,0.05,0.5,Platt calibration,52.565611,0.051609630198790314,0.056195271597396027,149,441,798,253
75,0.05,0.5,Isotonic calibration,62.000847,0.034906515357487636,0.038922610015174504,135,378,603,206
75,0.05,0.1,Multilabel,62.000847,0.034906515357487636,0.038922610015174504,135,378,603,206
75,0.05,0.1,Hoeffding/LTT,73.129656,0.018618121638394703,0.020568354255759418,108,229,314,149
75,0.05,0.1,Hoeffding-Bentkus,73.129656,0.018618121638394703,0.020568354255759418,108,229,314,149
75,0.05,0.1,IID-normal,62.000847,0.034906515357487636,0.038922610015174504,135,378,603,206
75,0.05,0.1,Empirical Bernstein,73.129656,0.018618121638394703,0.020568354255759418,108,229,314,149
75,0.05,0.1,Platt calibration,52.565611,0.051609630198790314,0.056195271597396027,149,441,798,253
75,0.05,0.1,Isotonic calibration,62.000847,0.034906515357487636,0.038922610015174504,135,378,603,206
75,0.1,0.5,Multilabel,37.784172,0.0772486225216883,0.08415052322487833,242,730,1479,370
75,0.1,0.5,Hoeffding/LTT,44.566222,0.06813001162401244,0.0726198687503695,182,533,1052,312
75,0.1,0.5,Hoeffding-Bentkus,37.784172,0.0772486225216883,0.08415052322487833,242,730,1479,370
75,0.1,0.5,IID-normal,37.784172,0.0772486225216883,0.08415052322487833,242,730,1479,370
75,0.1,0.5,Empirical Bernstein,44.566222,0.06813001162401244,0.0726198687503695,182,533,1052,312
75,0.1,0.5,Platt calibration,37.784172,0.0772486225216883,0.08415052322487833,242,730,1479,370
75,0.1,0.5,Isotonic calibration,37.784172,0.0772486225216883,0.08415052322487833,242,730,1479,370
75,0.1,0.1,Multilabel,44.566222,0.06813001162401244,0.0726198687503695,182,533,1052,312
75,0.1,0.1,Hoeffding/LTT,44.566222,0.06813001162401244,0.0726198687503695,182,533,1052,312
75,0.1,0.1,Hoeffding-Bentkus,44.566222,0.06813001162401244,0.0726198687503695,182,533,1052,312
75,0.1,0.1,IID-normal,44.566222,0.06813001162401244,0.0726198687503695,182,533,1052,312
75,0.1,0.1,Empirical Bernstein,44.566222,0.06813001162401244,0.0726198687503695,182,533,1052,312
75,0.1,0.1,Platt calibration,37.784172,0.0772486225216883,0.08415052322487833,242,730,1479,370
75,0.1,0.1,Isotonic calibration,37.784172,0.0772486225216883,0.08415052322487833,242,730,1479,370
75,0.2,0.5,Multilabel,27.159271,0.1369892014389325,0.14685875696015027,444,1242,2653,662
75,0.2,0.5,Hoeffding/LTT,27.159271,0.1369892014389325,0.14685875696015027,444,1242,2653,662
75,0.2,0.5,Hoeffding-Bentkus,27.159271,0.1369892014389325,0.14685875696015027,444,1242,2653,662
75,0.2,0.5,IID-normal,27.159271,0.1369892014389325,0.14685875696015027,444,1242,2653,662
75,0.2,0.5,Empirical Bernstein,27.159271,0.1369892014389325,0.14685875696015027,444,1242,2653,662
75,0.2,0.5,Platt calibration,27.159271,0.1369892014389325,0.14685875696015027,444,1242,2653,662
75,0.2,0.5,Isotonic calibration,27.159271,0.1369892014389325,0.14685875696015027,444,1242,2653,662
75,0.2,0.1,Multilabel,27.159271,0.1369892014389325,0.14685875696015027,444,1242,2653,662
75,0.2,0.1,Hoeffding/LTT,27.159271,0.1369892014389325,0.14685875696015027,444,1242,2653,662
75,0.2,0.1,Hoeffding-Bentkus,27.159271,0.1369892014389325,0.14685875696015027,444,1242,2653,662
75,0.2,0.1,IID-normal,27.159271,0.1369892014389325,0.14685875696015027,444,1242,2653,662
75,0.2,0.1,Empirical Bernstein,27.159271,0.1369892014389325,0.14685875696015027,444,1242,2653,662
75,0.2,0.1,Platt calibration,27.159271,0.1369892014389325,0.14685875696015027,444,1242,2653,662
75,0.2,0.1,Isotonic calibration,27.159271,0.1369892014389325,0.14685875696015027,444,1242,2653,662
76,0.05,0.5,Multilabel,62.000847,0.03625115747581614,0.038743931839531225,145,379,598,216
76,0.05,0.5,Hoeffding/LTT,73.129656,0.01865949524203558,0.02063732928679818,115,232,327,155
76,0.05,0.5,Hoeffding-Bentkus,62.000847,0.03625115747581614,0.038743931839531225,145,379,598,216
76,0.05,0.5,IID-normal,62.000847,0.03625115747581614,0.038743931839531225,145,379,598,216
76,0.05,0.5,Empirical Bernstein,62.000847,0.03625115747581614,0.038743931839531225,145,379,598,216
76,0.05,0.5,Platt calibration,62.000847,0.03625115747581614,0.038743931839531225,145,379,598,216
76,0.05,0.5,Isotonic calibration,62.000847,0.03625115747581614,0.038743931839531225,145,379,598,216
76,0.05,0.1,Multilabel,62.000847,0.03625115747581614,0.038743931839531225,145,379,598,216
76,0.05,0.1,Hoeffding/LTT,73.129656,0.01865949524203558,0.02063732928679818,115,232,327,155
76,0.05,0.1,Hoeffding-Bentkus,62.000847,0.03625115747581614,0.038743931839531225,145,379,598,216
76,0.05,0.1,IID-normal,62.000847,0.03625115747581614,0.038743931839531225,145,379,598,216
76,0.05,0.1,Empirical Bernstein,73.129656,0.01865949524203558,0.02063732928679818,115,232,327,155
76,0.05,0.1,Platt calibration,62.000847,0.03625115747581614,0.038743931839531225,145,379,598,216
76,0.05,0.1,Isotonic calibration,62.000847,0.03625115747581614,0.038743931839531225,145,379,598,216
76,0.1,0.5,Multilabel,37.784172,0.07835076935201056,0.08412643670610287,256,756,1495,386
76,0.1,0.5,Hoeffding/LTT,44.566222,0.06615097424985716,0.07284830748411932,192,556,1065,315
76,0.1,0.5,Hoeffding-Bentkus,37.784172,0.07835076935201056,0.08412643670610287,256,756,1495,386
76,0.1,0.5,IID-normal,37.784172,0.07835076935201056,0.08412643670610287,256,756,1495,386
76,0.1,0.5,Empirical Bernstein,44.566222,0.06615097424985716,0.07284830748411932,192,556,1065,315
76,0.1,0.5,Platt calibration,37.784172,0.07835076935201056,0.08412643670610287,256,756,1495,386
76,0.1,0.5,Isotonic calibration,37.784172,0.07835076935201056,0.08412643670610287,256,756,1495,386
76,0.1,0.1,Multilabel,37.784172,0.07835076935201056,0.08412643670610287,256,756,1495,386
76,0.1,0.1,Hoeffding/LTT,44.566222,0.06615097424985716,0.07284830748411932,192,556,1065,315
76,0.1,0.1,Hoeffding-Bentkus,44.566222,0.06615097424985716,0.07284830748411932,192,556,1065,315
76,0.1,0.1,IID-normal,37.784172,0.07835076935201056,0.08412643670610287,256,756,1495,386
76,0.1,0.1,Empirical Bernstein,44.566222,0.06615097424985716,0.07284830748411932,192,556,1065,315
76,0.1,0.1,Platt calibration,37.784172,0.07835076935201056,0.08412643670610287,256,756,1495,386
76,0.1,0.1,Isotonic calibration,37.784172,0.07835076935201056,0.08412643670610287,256,756,1495,386
76,0.2,0.5,Multilabel,27.159271,0.14491785854011752,0.1478478370084109,481,1332,2826,715
76,0.2,0.5,Hoeffding/LTT,27.159271,0.14491785854011752,0.1478478370084109,481,1332,2826,715
76,0.2,0.5,Hoeffding-Bentkus,27.159271,0.14491785854011752,0.1478478370084109,481,1332,2826,715
76,0.2,0.5,IID-normal,27.159271,0.14491785854011752,0.1478478370084109,481,1332,2826,715
76,0.2,0.5,Empirical Bernstein,27.159271,0.14491785854011752,0.1478478370084109,481,1332,2826,715
76,0.2,0.5,Platt calibration,27.159271,0.14491785854011752,0.1478478370084109,481,1332,2826,715
76,0.2,0.5,Isotonic calibration,27.159271,0.14491785854011752,0.1478478370084109,481,1332,2826,715
76,0.2,0.1,Multilabel,27.159271,0.14491785854011752,0.1478478370084109,481,1332,2826,715
76,0.2,0.1,Hoeffding/LTT,27.159271,0.14491785854011752,0.1478478370084109,481,1332,2826,715
76,0.2,0.1,Hoeffding-Bentkus,27.159271,0.14491785854011752,0.1478478370084109,481,1332,2826,715
76,0.2,0.1,IID-normal,27.159271,0.14491785854011752,0.1478478370084109,481,1332,2826,715
76,0.2,0.1,Empirical Bernstein,27.159271,0.14491785854011752,0.1478478370084109,481,1332,2826,715
76,0.2,0.1,Platt calibration,27.159271,0.14491785854011752,0.1478478370084109,481,1332,2826,715
76,0.2,0.1,Isotonic calibration,27.159271,0.14491785854011752,0.1478478370084109,481,1332,2826,715
77,0.05,0.5,Multilabel,62.000847,0.03412928266051973,0.039207378357605974,154,399,602,219
77,0.05,0.5,Hoeffding/LTT,73.129656,0.01868018204385602,0.021534004690302113,119,252,338,158
77,0.05,0.5,Hoeffding-Bentkus,62.000847,0.03412928266051973,0.039207378357605974,154,399,602,219
77,0.05,0.5,IID-normal,62.000847,0.03412928266051973,0.039207378357605974,154,399,602,219
77,0.05,0.5,Empirical Bernstein,73.129656,0.01868018204385602,0.021534004690302113,119,252,338,158
77,0.05,0.5,Platt calibration,52.565611,0.05242528124199617,0.05684248730530976,169,478,821,269
77,0.05,0.5,Isotonic calibration,62.000847,0.03412928266051973,0.039207378357605974,154,399,602,219
77,0.05,0.1,Multilabel,62.000847,0.03412928266051973,0.039207378357605974,154,399,602,219
77,0.05,0.1,Hoeffding/LTT,73.129656,0.01868018204385602,0.021534004690302113,119,252,338,158
77,0.05,0.1,Hoeffding-Bentkus,73.129656,0.01868018204385602,0.021534004690302113,119,252,338,158
77,0.05,0.1,IID-normal,62.000847,0.03412928266051973,0.039207378357605974,154,399,602,219
77,0.05,0.1,Empirical Bernstein,73.129656,0.01868018204385602,0.021534004690302113,119,252,338,158
77,0.05,0.1,Platt calibration,52.565611,0.05242528124199617,0.05684248730530976,169,478,821,269
77,0.05,0.1,Isotonic calibration,62.000847,0.03412928266051973,0.039207378357605974,154,399,602,219
77,0.1,0.5,Multilabel,37.784172,0.08293322431717136,0.08499453673960503,247,751,1524,386
77,0.1,0.5,Hoeffding/LTT,44.566222,0.06957069960793585,0.07335675199863365,193,560,1084,321
77,0.1,0.5,Hoeffding-Bentkus,37.784172,0.08293322431717136,0.08499453673960503,247,751,1524,386
77,0.1,0.5,IID-normal,37.784172,0.08293322431717136,0.08499453673960503,247,751,1524,386
77,0.1,0.5,Empirical Bernstein,44.566222,0.06957069960793585,0.07335675199863365,193,560,1084,321
77,0.1,0.5,Platt calibration,37.784172,0.08293322431717136,0.08499453673960503,247,751,1524,386
77,0.1,0.5,Isotonic calibration,37.784172,0.08293322431717136,0.08499453673960503,247,751,1524,386
77,0.1,0.1,Multilabel,37.784172,0.08293322431717136,0.08499453673960503,247,751,1524,386
77,0.1,0.1,Hoeffding/LTT,44.566222,0.06957069960793585,0.07335675199863365,193,560,1084,321
77,0.1,0.1,Hoeffding-Bentkus,44.566222,0.06957069960793585,0.07335675199863365,193,560,1084,321
77,0.1,0.1,IID-normal,37.784172,0.08293322431717136,0.08499453673960503,247,751,1524,386
77,0.1,0.1,Empirical Bernstein,44.566222,0.06957069960793585,0.07335675199863365,193,560,1084,321
77,0.1,0.1,Platt calibration,37.784172,0.08293322431717136,0.08499453673960503,247,751,1524,386
77,0.1,0.1,Isotonic calibration,37.784172,0.08293322431717136,0.08499453673960503,247,751,1524,386
77,0.2,0.5,Multilabel,27.159271,0.14335349177095144,0.1484470220847652,448,1240,2720,675
77,0.2,0.5,Hoeffding/LTT,27.159271,0.14335349177095144,0.1484470220847652,448,1240,2720,675
77,0.2,0.5,Hoeffding-Bentkus,27.159271,0.14335349177095144,0.1484470220847652,448,1240,2720,675
77,0.2,0.5,IID-normal,27.159271,0.14335349177095144,0.1484470220847652,448,1240,2720,675
77,0.2,0.5,Empirical Bernstein,27.159271,0.14335349177095144,0.1484470220847652,448,1240,2720,675
77,0.2,0.5,Platt calibration,27.159271,0.14335349177095144,0.1484470220847652,448,1240,2720,675
77,0.2,0.5,Isotonic calibration,27.159271,0.14335349177095144,0.1484470220847652,448,1240,2720,675
77,0.2,0.1,Multilabel,27.159271,0.14335349177095144,0.1484470220847652,448,1240,2720,675
77,0.2,0.1,Hoeffding/LTT,27.159271,0.14335349177095144,0.1484470220847652,448,1240,2720,675
77,0.2,0.1,Hoeffding-Bentkus,27.159271,0.14335349177095144,0.1484470220847652,448,1240,2720,675
77,0.2,0.1,IID-normal,27.159271,0.14335349177095144,0.1484470220847652,448,1240,2720,675
77,0.2,0.1,Empirical Bernstein,27.159271,0.14335349177095144,0.1484470220847652,448,1240,2720,675
77,0.2,0.1,Platt calibration,27.159271,0.14335349177095144,0.1484470220847652,448,1240,2720,675
77,0.2,0.1,Isotonic calibration,27.159271,0.14335349177095144,0.1484470220847652,448,1240,2720,675
78,0.05,0.5,Multilabel,62.000847,0.039151250073881434,0.03879385662390215,152,390,641,226
78,0.05,0.5,Hoeffding/LTT,73.129656,0.01886636326023997,0.021671954752379638,121,233,336,162
78,0.05,0.5,Hoeffding-Bentkus,62.000847,0.039151250073881434,0.03879385662390215,152,390,641,226
78,0.05,0.5,IID-normal,62.000847,0.039151250073881434,0.03879385662390215,152,390,641,226
78,0.05,0.5,Empirical Bernstein,62.000847,0.039151250073881434,0.03879385662390215,152,390,641,226
78,0.05,0.5,Platt calibration,52.565611,0.05521208897294954,0.05619789921762607,169,473,876,271
78,0.05,0.5,Isotonic calibration,62.000847,0.039151250073881434,0.03879385662390215,152,390,641,226
78,0.05,0.1,Multilabel,62.000847,0.039151250073881434,0.03879385662390215,152,390,641,226
78,0.05,0.1,Hoeffding/LTT,73.129656,0.01886636326023997,0.021671954752379638,121,233,336,162
78,0.05,0.1,Hoeffding-Bentkus,62.000847,0.039151250073881434,0.03879385662390215,152,390,641,226
78,0.05,0.1,IID-normal,62.000847,0.039151250073881434,0.03879385662390215,152,390,641,226
78,0.05,0.1,Empirical Bernstein,73.129656,0.01886636326023997,0.021671954752379638,121,233,336,162
78,0.05,0.1,Platt calibration,52.565611,0.05521208897294954,0.05619789921762607,169,473,876,271
78,0.05,0.1,Isotonic calibration,62.000847,0.039151250073881434,0.03879385662390215,152,390,641,226
78,0.1,0.5,Multilabel,37.784172,0.08456321295584845,0.08466318288017834,260,761,1600,394
78,0.1,0.5,Hoeffding/LTT,44.566222,0.07468526508658906,0.0726021323138167,203,567,1154,337
78,0.1,0.5,Hoeffding-Bentkus,37.784172,0.08456321295584845,0.08466318288017834,260,761,1600,394
78,0.1,0.5,IID-normal,37.784172,0.08456321295584845,0.08466318288017834,260,761,1600,394
78,0.1,0.5,Empirical Bernstein,37.784172,0.08456321295584845,0.08466318288017834,260,761,1600,394
78,0.1,0.5,Platt calibration,37.784172,0.08456321295584845,0.08466318288017834,260,761,1600,394
78,0.1,0.5,Isotonic calibration,37.784172,0.08456321295584845,0.08466318288017834,260,761,1600,394
78,0.1,0.1,Multilabel,37.784172,0.08456321295584845,0.08466318288017834,260,761,1600,394
78,0.1,0.1,Hoeffding/LTT,44.566222,0.07468526508658906,0.0726021323138167,203,567,1154,337
78,0.1,0.1,Hoeffding-Bentkus,37.784172,0.08456321295584845,0.08466318288017834,260,761,1600,394
78,0.1,0.1,IID-normal,37.784172,0.08456321295584845,0.08466318288017834,260,761,1600,394
78,0.1,0.1,Empirical Bernstein,44.566222,0.07468526508658906,0.0726021323138167,203,567,1154,337
78,0.1,0.1,Platt calibration,37.784172,0.08456321295584845,0.08466318288017834,260,761,1600,394
78,0.1,0.1,Isotonic calibration,37.784172,0.08456321295584845,0.08466318288017834,260,761,1600,394
78,0.2,0.5,Multilabel,27.159271,0.14038708613594836,0.14849172340205588,450,1311,2847,672
78,0.2,0.5,Hoeffding/LTT,27.159271,0.14038708613594836,0.14849172340205588,450,1311,2847,672
78,0.2,0.5,Hoeffding-Bentkus,27.159271,0.14038708613594836,0.14849172340205588,450,1311,2847,672
78,0.2,0.5,IID-normal,27.159271,0.14038708613594836,0.14849172340205588,450,1311,2847,672
78,0.2,0.5,Empirical Bernstein,27.159271,0.14038708613594836,0.14849172340205588,450,1311,2847,672
78,0.2,0.5,Platt calibration,27.159271,0.14038708613594836,0.14849172340205588,450,1311,2847,672
78,0.2,0.5,Isotonic calibration,27.159271,0.14038708613594836,0.14849172340205588,450,1311,2847,672
78,0.2,0.1,Multilabel,27.159271,0.14038708613594836,0.14849172340205588,450,1311,2847,672
78,0.2,0.1,Hoeffding/LTT,27.159271,0.14038708613594836,0.14849172340205588,450,1311,2847,672
78,0.2,0.1,Hoeffding-Bentkus,27.159271,0.14038708613594836,0.14849172340205588,450,1311,2847,672
78,0.2,0.1,IID-normal,27.159271,0.14038708613594836,0.14849172340205588,450,1311,2847,672
78,0.2,0.1,Empirical Bernstein,27.159271,0.14038708613594836,0.14849172340205588,450,1311,2847,672
78,0.2,0.1,Platt calibration,27.159271,0.14038708613594836,0.14849172340205588,450,1311,2847,672
78,0.2,0.1,Isotonic calibration,27.159271,0.14038708613594836,0.14849172340205588,450,1311,2847,672
79,0.05,0.5,Multilabel,62.000847,0.037310124711862395,0.03902771482437644,166,475,701,241
79,0.05,0.5,Hoeffding/LTT,73.129656,0.018494000827472074,0.02047868671540902,133,292,386,174
79,0.05,0.5,Hoeffding-Bentkus,62.000847,0.037310124711862395,0.03902771482437644,166,475,701,241
79,0.05,0.5,IID-normal,62.000847,0.037310124711862395,0.03902771482437644,166,475,701,241
79,0.05,0.5,Empirical Bernstein,62.000847,0.037310124711862395,0.03902771482437644,166,475,701,241
79,0.05,0.5,Platt calibration,52.565611,0.054415154559962174,0.056012487765143296,185,566,961,286
79,0.05,0.5,Isotonic calibration,62.000847,0.037310124711862395,0.03902771482437644,166,475,701,241
79,0.05,0.1,Multilabel,62.000847,0.037310124711862395,0.03902771482437644,166,475,701,241
79,0.05,0.1,Hoeffding/LTT,73.129656,0.018494000827472074,0.02047868671540902,133,292,386,174
79,0.05,0.1,Hoeffding-Bentkus,62.000847,0.037310124711862395,0.03902771482437644,166,475,701,241
79,0.05,0.1,IID-normal,62.000847,0.037310124711862395,0.03902771482437644,166,475,701,241
79,0.05,0.1,Empirical Bernstein,73.129656,0.018494000827472074,0.02047868671540902,133,292,386,174
79,0.05,0.1,Platt calibration,52.565611,0.054415154559962174,0.056012487765143296,185,566,961,286
79,0.05,0.1,Isotonic calibration,62.000847,0.037310124711862395,0.03902771482437644,166,475,701,241
79,0.1,0.5,Multilabel,37.784172,0.07946637902161278,0.08255533877688657,273,866,1660,404
79,0.1,0.5,Hoeffding/LTT,44.566222,0.06793496463541975,0.07143924613575599,215,660,1217,334
79,0.1,0.5,Hoeffding-Bentkus,37.784172,0.07946637902161278,0.08255533877688657,273,866,1660,404
79,0.1,0.5,IID-normal,37.784172,0.07946637902161278,0.08255533877688657,273,866,1660,404
79,0.1,0.5,Empirical Bernstein,37.784172,0.07946637902161278,0.08255533877688657,273,866,1660,404
79,0.1,0.5,Platt calibration,37.784172,0.07946637902161278,0.08255533877688657,273,866,1660,404
79,0.1,0.5,Isotonic calibration,37.784172,0.07946637902161278,0.08255533877688657,273,866,1660,404
79,0.1,0.1,Multilabel,37.784172,0.07946637902161278,0.08255533877688657,273,866,1660,404
79,0.1,0.1,Hoeffding/LTT,44.566222,0.06793496463541975,0.07143924613575599,215,660,1217,334
79,0.1,0.1,Hoeffding-Bentkus,37.784172,0.07946637902161278,0.08255533877688657,273,866,1660,404
79,0.1,0.1,IID-normal,37.784172,0.07946637902161278,0.08255533877688657,273,866,1660,404
79,0.1,0.1,Empirical Bernstein,44.566222,0.06793496463541975,0.07143924613575599,215,660,1217,334
79,0.1,0.1,Platt calibration,37.784172,0.07946637902161278,0.08255533877688657,273,866,1660,404
79,0.1,0.1,Isotonic calibration,37.784172,0.07946637902161278,0.08255533877688657,273,866,1660,404
79,0.2,0.5,Multilabel,27.159271,0.13799293842736127,0.14565008151364892,505,1456,2919,724
79,0.2,0.5,Hoeffding/LTT,27.159271,0.13799293842736127,0.14565008151364892,505,1456,2919,724
79,0.2,0.5,Hoeffding-Bentkus,27.159271,0.13799293842736127,0.14565008151364892,505,1456,2919,724
79,0.2,0.5,IID-normal,27.159271,0.13799293842736127,0.14565008151364892,505,1456,2919,724
79,0.2,0.5,Empirical Bernstein,27.159271,0.13799293842736127,0.14565008151364892,505,1456,2919,724
79,0.2,0.5,Platt calibration,27.159271,0.13799293842736127,0.14565008151364892,505,1456,2919,724
79,0.2,0.5,Isotonic calibration,27.159271,0.13799293842736127,0.14565008151364892,505,1456,2919,724
79,0.2,0.1,Multilabel,27.159271,0.13799293842736127,0.14565008151364892,505,1456,2919,724
79,0.2,0.1,Hoeffding/LTT,27.159271,0.13799293842736127,0.14565008151364892,505,1456,2919,724
79,0.2,0.1,Hoeffding-Bentkus,27.159271,0.13799293842736127,0.14565008151364892,505,1456,2919,724
79,0.2,0.1,IID-normal,27.159271,0.13799293842736127,0.14565008151364892,505,1456,2919,724
79,0.2,0.1,Empirical Bernstein,27.159271,0.13799293842736127,0.14565008151364892,505,1456,2919,724
79,0.2,0.1,Platt calibration,27.159271,0.13799293842736127,0.14565008151364892,505,1456,2919,724
79,0.2,0.1,Isotonic calibration,27.159271,0.13799293842736127,0.14565008151364892,505,1456,2919,724
80,0.05,0.5,Multilabel,62.000847,0.03757708296392616,0.038014767225692865,147,378,606,215
80,0.05,0.5,Hoeffding/LTT,73.129656,0.019631774927596195,0.020051041522968688,118,243,335,159
80,0.05,0.5,Hoeffding-Bentkus,62.000847,0.03757708296392616,0.038014767225692865,147,378,606,215
80,0.05,0.5,IID-normal,62.000847,0.03757708296392616,0.038014767225692865,147,378,606,215
80,0.05,0.5,Empirical Bernstein,62.000847,0.03757708296392616,0.038014767225692865,147,378,606,215
80,0.05,0.5,Platt calibration,52.565611,0.05600015761372815,0.05538629301906996,166,462,856,268
80,0.05,0.5,Isotonic calibration,62.000847,0.03757708296392616,0.038014767225692865,147,378,606,215
80,0.05,0.1,Multilabel,62.000847,0.03757708296392616,0.038014767225692865,147,378,606,215
80,0.05,0.1,Hoeffding/LTT,73.129656,0.019631774927596195,0.020051041522968688,118,243,335,159
80,0.05,0.1,Hoeffding-Bentkus,62.000847,0.03757708296392616,0.038014767225692865,147,378,606,215
80,0.05,0.1,IID-normal,62.000847,0.03757708296392616,0.038014767225692865,147,378,606,215
80,0.05,0.1,Empirical Bernstein,62.000847,0.03757708296392616,0.038014767225692865,147,378,606,215
80,0.05,0.1,Platt calibration,52.565611,0.05600015761372815,0.05538629301906996,166,462,856,268
80,0.05,0.1,Isotonic calibration,62.000847,0.03757708296392616,0.038014767225692865,147,378,606,215
80,0.1,0.5,Multilabel,37.784172,0.08019402906659837,0.08285778881378275,263,779,1604,390
80,0.1,0.5,Hoeffding/LTT,37.784172,0.08019402906659837,0.08285778881378275,263,779,1604,390
80,0.1,0.5,Hoeffding-Bentkus,37.784172,0.08019402906659837,0.08285778881378275,263,779,1604,390
80,0.1,0.5,IID-normal,37.784172,0.08019402906659837,0.08285778881378275,263,779,1604,390
80,0.1,0.5,Empirical Bernstein,37.784172,0.08019402906659837,0.08285778881378275,263,779,1604,390
80,0.1,0.5,Platt calibration,37.784172,0.08019402906659837,0.08285778881378275,263,779,1604,390
80,0.1,0.5,Isotonic calibration,37.784172,0.08019402906659837,0.08285778881378275,263,779,1604,390
80,0.1,0.1,Multilabel,37.784172,0.08019402906659837,0.08285778881378275,263,779,1604,390
80,0.1,0.1,Hoeffding/LTT,44.566222,0.07058484544003782,0.07201091776205586,204,558,1131,327
80,0.1,0.1,Hoeffding-Bentkus,37.784172,0.08019402906659837,0.08285778881378275,263,779,1604,390
80,0.1,0.1,IID-normal,37.784172,0.08019402906659837,0.08285778881378275,263,779,1604,390
80,0.1,0.1,Empirical Bernstein,44.566222,0.07058484544003782,0.07201091776205586,204,558,1131,327
80,0.1,0.1,Platt calibration,37.784172,0.08019402906659837,0.08285778881378275,263,779,1604,390
80,0.1,0.1,Isotonic calibration,37.784172,0.08019402906659837,0.08285778881378275,263,779,1604,390
80,0.2,0.5,Multilabel,27.159271,0.14471061164275892,0.146697272776732,474,1342,2891,704
80,0.2,0.5,Hoeffding/LTT,27.159271,0.14471061164275892,0.146697272776732,474,1342,2891,704
80,0.2,0.5,Hoeffding-Bentkus,27.159271,0.14471061164275892,0.146697272776732,474,1342,2891,704
80,0.2,0.5,IID-normal,27.159271,0.14471061164275892,0.146697272776732,474,1342,2891,704
80,0.2,0.5,Empirical Bernstein,27.159271,0.14471061164275892,0.146697272776732,474,1342,2891,704
80,0.2,0.5,Platt calibration,27.159271,0.14471061164275892,0.146697272776732,474,1342,2891,704
80,0.2,0.5,Isotonic calibration,27.159271,0.14471061164275892,0.146697272776732,474,1342,2891,704
80,0.2,0.1,Multilabel,27.159271,0.14471061164275892,0.146697272776732,474,1342,2891,704
80,0.2,0.1,Hoeffding/LTT,27.159271,0.14471061164275892,0.146697272776732,474,1342,2891,704
80,0.2,0.1,Hoeffding-Bentkus,27.159271,0.14471061164275892,0.146697272776732,474,1342,2891,704
80,0.2,0.1,IID-normal,27.159271,0.14471061164275892,0.146697272776732,474,1342,2891,704
80,0.2,0.1,Empirical Bernstein,27.159271,0.14471061164275892,0.146697272776732,474,1342,2891,704
80,0.2,0.1,Platt calibration,27.159271,0.14471061164275892,0.146697272776732,474,1342,2891,704
80,0.2,0.1,Isotonic calibration,27.159271,0.14471061164275892,0.146697272776732,474,1342,2891,704
81,0.05,0.5,Multilabel,62.000847,0.035013889709793716,0.038774806377234294,162,393,614,226
81,0.05,0.5,Hoeffding/LTT,73.129656,0.01948696731485312,0.021327079597185817,119,232,329,159
81,0.05,0.5,Hoeffding-Bentkus,62.000847,0.035013889709793716,0.038774806377234294,162,393,614,226
81,0.05,0.5,IID-normal,62.000847,0.035013889709793716,0.038774806377234294,162,393,614,226
81,0.05,0.5,Empirical Bernstein,62.000847,0.035013889709793716,0.038774806377234294,162,393,614,226
81,0.05,0.5,Platt calibration,52.565611,0.04943111294993794,0.055392862069645075,182,493,851,270
81,0.05,0.5,Isotonic calibration,62.000847,0.035013889709793716,0.038774806377234294,162,393,614,226
81,0.05,0.1,Multilabel,62.000847,0.035013889709793716,0.038774806377234294,162,393,614,226
81,0.05,0.1,Hoeffding/LTT,73.129656,0.01948696731485312,0.021327079597185817,119,232,329,159
81,0.05,0.1,Hoeffding-Bentkus,62.000847,0.035013889709793716,0.038774806377234294,162,393,614,226
81,0.05,0.1,IID-normal,62.000847,0.035013889709793716,0.038774806377234294,162,393,614,226
81,0.05,0.1,Empirical Bernstein,73.129656,0.01948696731485312,0.021327079597185817,119,232,329,159
81,0.05,0.1,Platt calibration,52.565611,0.04943111294993794,0.055392862069645075,182,493,851,270
81,0.05,0.1,Isotonic calibration,62.000847,0.035013889709793716,0.038774806377234294,162,393,614,226
81,0.1,0.5,Multilabel,37.784172,0.08006613209343867,0.08376092378368553,266,801,1584,398
81,0.1,0.5,Hoeffding/LTT,44.566222,0.06898457355635675,0.07175472478962615,207,598,1140,333
81,0.1,0.5,Hoeffding-Bentkus,37.784172,0.08006613209343867,0.08376092378368553,266,801,1584,398
81,0.1,0.5,IID-normal,37.784172,0.08006613209343867,0.08376092378368553,266,801,1584,398
81,0.1,0.5,Empirical Bernstein,44.566222,0.06898457355635675,0.07175472478962615,207,598,1140,333
81,0.1,0.5,Platt calibration,37.784172,0.08006613209343867,0.08376092378368553,266,801,1584,398
81,0.1,0.5,Isotonic calibration,37.784172,0.08006613209343867,0.08376092378368553,266,801,1584,398
81,0.1,0.1,Multilabel,37.784172,0.08006613209343867,0.08376092378368553,266,801,1584,398
81,0.1,0.1,Hoeffding/LTT,44.566222,0.06898457355635675,0.07175472478962615,207,598,1140,333
81,0.1,0.1,Hoeffding-Bentkus,44.566222,0.06898457355635675,0.07175472478962615,207,598,1140,333
81,0.1,0.1,IID-normal,37.784172,0.08006613209343867,0.08376092378368553,266,801,1584,398
81,0.1,0.1,Empirical Bernstein,44.566222,0.06898457355635675,0.07175472478962615,207,598,1140,333
81,0.1,0.1,Platt calibration,37.784172,0.08006613209343867,0.08376092378368553,266,801,1584,398
81,0.1,0.1,Isotonic calibration,37.784172,0.08006613209343867,0.08376092378368553,266,801,1584,398
81,0.2,0.5,Multilabel,27.159271,0.1387668335434161,0.14724709235676267,486,1374,2872,701
81,0.2,0.5,Hoeffding/LTT,27.159271,0.1387668335434161,0.14724709235676267,486,1374,2872,701
81,0.2,0.5,Hoeffding-Bentkus,27.159271,0.1387668335434161,0.14724709235676267,486,1374,2872,701
81,0.2,0.5,IID-normal,27.159271,0.1387668335434161,0.14724709235676267,486,1374,2872,701
81,0.2,0.5,Empirical Bernstein,27.159271,0.1387668335434161,0.14724709235676267,486,1374,2872,701
81,0.2,0.5,Platt calibration,27.159271,0.1387668335434161,0.14724709235676267,486,1374,2872,701
81,0.2,0.5,Isotonic calibration,27.159271,0.1387668335434161,0.14724709235676267,486,1374,2872,701
81,0.2,0.1,Multilabel,27.159271,0.1387668335434161,0.14724709235676267,486,1374,2872,701
81,0.2,0.1,Hoeffding/LTT,27.159271,0.1387668335434161,0.14724709235676267,486,1374,2872,701
81,0.2,0.1,Hoeffding-Bentkus,27.159271,0.1387668335434161,0.14724709235676267,486,1374,2872,701
81,0.2,0.1,IID-normal,27.159271,0.1387668335434161,0.14724709235676267,486,1374,2872,701
81,0.2,0.1,Empirical Bernstein,27.159271,0.1387668335434161,0.14724709235676267,486,1374,2872,701
81,0.2,0.1,Platt calibration,27.159271,0.1387668335434161,0.14724709235676267,486,1374,2872,701
81,0.2,0.1,Isotonic calibration,27.159271,0.1387668335434161,0.14724709235676267,486,1374,2872,701
82,0.05,0.5,Multilabel,62.000847,0.0433161928403964,0.03920015240197334,168,445,732,252
82,0.05,0.5,Hoeffding/LTT,62.000847,0.0433161928403964,0.03920015240197334,168,445,732,252
82,0.05,0.5,Hoeffding-Bentkus,62.000847,0.0433161928403964,0.03920015240197334,168,445,732,252
82,0.05,0.5,IID-normal,62.000847,0.0433161928403964,0.03920015240197334,168,445,732,252
82,0.05,0.5,Empirical Bernstein,62.000847,0.0433161928403964,0.03920015240197334,168,445,732,252
82,0.05,0.5,Platt calibration,52.565611,0.06130927753807356,0.05619001635693593,181,528,979,298
82,0.05,0.5,Isotonic calibration,62.000847,0.0433161928403964,0.03920015240197334,168,445,732,252
82,0.05,0.1,Multilabel,62.000847,0.0433161928403964,0.03920015240197334,168,445,732,252
82,0.05,0.1,Hoeffding/LTT,73.129656,0.023045097227968558,0.02091322941095324,138,263,389,188
82,0.05,0.1,Hoeffding-Bentkus,62.000847,0.0433161928403964,0.03920015240197334,168,445,732,252
82,0.05,0.1,IID-normal,62.000847,0.0433161928403964,0.03920015240197334,168,445,732,252
82,0.05,0.1,Empirical Bernstein,62.000847,0.0433161928403964,0.03920015240197334,168,445,732,252
82,0.05,0.1,Platt calibration,52.565611,0.06130927753807356,0.05619001635693593,181,528,979,298
82,0.05,0.1,Isotonic calibration,62.000847,0.0433161928403964,0.03920015240197334,168,445,732,252
82,0.1,0.5,Multilabel,37.784172,0.08709783872175267,0.08466570101623211,283,851,1737,423
82,0.1,0.5,Hoeffding/LTT,37.784172,0.08709783872175267,0.08466570101623211,283,851,1737,423
82,0.1,0.5,Hoeffding-Bentkus,37.784172,0.08709783872175267,0.08466570101623211,283,851,1737,423
82,0.1,0.5,IID-normal,37.784172,0.08709783872175267,0.08466570101623211,283,851,1737,423
82,0.1,0.5,Empirical Bernstein,37.784172,0.08709783872175267,0.08466570101623211,283,851,1737,423
82,0.1,0.5,Platt calibration,37.784172,0.08709783872175267,0.08466570101623211,283,851,1737,423
82,0.1,0.5,Isotonic calibration,37.784172,0.08709783872175267,0.08466570101623211,283,851,1737,423
82,0.1,0.1,Multilabel,37.784172,0.08709783872175267,0.08466570101623211,283,851,1737,423
82,0.1,0.1,Hoeffding/LTT,44.566222,0.0777375534409047,0.0727596253013552,224,634,1254,363
82,0.1,0.1,Hoeffding-Bentkus,37.784172,0.08709783872175267,0.08466570101623211,283,851,1737,423
82,0.1,0.1,IID-normal,37.784172,0.08709783872175267,0.08466570101623211,283,851,1737,423
82,0.1,0.1,Empirical Bernstein,44.566222,0.0777375534409047,0.0727596253013552,224,634,1254,363
82,0.1,0.1,Platt calibration,37.784172,0.08709783872175267,0.08466570101623211,283,851,1737,423
82,0.1,0.1,Isotonic calibration,37.784172,0.08709783872175267,0.08466570101623211,283,851,1737,423
82,0.2,0.5,Multilabel,27.159271,0.15249747609077358,0.14674095198650308,505,1417,3071,746
82,0.2,0.5,Hoeffding/LTT,27.159271,0.15249747609077358,0.14674095198650308,505,1417,3071,746
82,0.2,0.5,Hoeffding-Bentkus,27.159271,0.15249747609077358,0.14674095198650308,505,1417,3071,746
82,0.2,0.5,IID-normal,27.159271,0.15249747609077358,0.14674095198650308,505,1417,3071,746
82,0.2,0.5,Empirical Bernstein,27.159271,0.15249747609077358,0.14674095198650308,505,1417,3071,746
82,0.2,0.5,Platt calibration,27.159271,0.15249747609077358,0.14674095198650308,505,1417,3071,746
82,0.2,0.5,Isotonic calibration,27.159271,0.15249747609077358,0.14674095198650308,505,1417,3071,746
82,0.2,0.1,Multilabel,27.159271,0.15249747609077358,0.14674095198650308,505,1417,3071,746
82,0.2,0.1,Hoeffding/LTT,27.159271,0.15249747609077358,0.14674095198650308,505,1417,3071,746
82,0.2,0.1,Hoeffding-Bentkus,27.159271,0.15249747609077358,0.14674095198650308,505,1417,3071,746
82,0.2,0.1,IID-normal,27.159271,0.15249747609077358,0.14674095198650308,505,1417,3071,746
82,0.2,0.1,Empirical Bernstein,27.159271,0.15249747609077358,0.14674095198650308,505,1417,3071,746
82,0.2,0.1,Platt calibration,27.159271,0.15249747609077358,0.14674095198650308,505,1417,3071,746
82,0.2,0.1,Isotonic calibration,27.159271,0.15249747609077358,0.14674095198650308,505,1417,3071,746
83,0.05,0.5,Multilabel,62.000847,0.03703233051598795,0.038409895617786356,162,403,662,235
83,0.05,0.5,Hoeffding/LTT,73.129656,0.02430699213901531,0.02082356187060284,132,241,359,187
83,0.05,0.5,Hoeffding-Bentkus,62.000847,0.03703233051598795,0.038409895617786356,162,403,662,235
83,0.05,0.5,IID-normal,62.000847,0.03703233051598795,0.038409895617786356,162,403,662,235
83,0.05,0.5,Empirical Bernstein,62.000847,0.03703233051598795,0.038409895617786356,162,403,662,235
83,0.05,0.5,Platt calibration,52.565611,0.051997261461473286,0.055990645671981025,177,492,892,274
83,0.05,0.5,Isotonic calibration,62.000847,0.03703233051598795,0.038409895617786356,162,403,662,235
83,0.05,0.1,Multilabel,62.000847,0.03703233051598795,0.038409895617786356,162,403,662,235
83,0.05,0.1,Hoeffding/LTT,73.129656,0.02430699213901531,0.02082356187060284,132,241,359,187
83,0.05,0.1,Hoeffding-Bentkus,62.000847,0.03703233051598795,0.038409895617786356,162,403,662,235
83,0.05,0.1,IID-normal,62.000847,0.03703233051598795,0.038409895617786356,162,403,662,235
83,0.05,0.1,Empirical Bernstein,73.129656,0.02430699213901531,0.02082356187060284,132,241,359,187
83,0.05,0.1,Platt calibration,52.565611,0.051997261461473286,0.055990645671981025,177,492,892,274
83,0.05,0.1,Isotonic calibration,62.000847,0.03703233051598795,0.038409895617786356,162,403,662,235
83,0.1,0.5,Multilabel,37.784172,0.08442579348661268,0.08407985118910764,274,794,1599,413
83,0.1,0.5,Hoeffding/LTT,37.784172,0.08442579348661268,0.08407985118910764,274,794,1599,413
83,0.1,0.5,Hoeffding-Bentkus,37.784172,0.08442579348661268,0.08407985118910764,274,794,1599,413
83,0.1,0.5,IID-normal,37.784172,0.08442579348661268,0.08407985118910764,274,794,1599,413
83,0.1,0.5,Empirical Bernstein,37.784172,0.08442579348661268,0.08407985118910764,274,794,1599,413
83,0.1,0.5,Platt calibration,37.784172,0.08442579348661268,0.08407985118910764,274,794,1599,413
83,0.1,0.5,Isotonic calibration,37.784172,0.08442579348661268,0.08407985118910764,274,794,1599,413
83,0.1,0.1,Multilabel,37.784172,0.08442579348661268,0.08407985118910764,274,794,1599,413
83,0.1,0.1,Hoeffding/LTT,44.566222,0.07136404830860768,0.07243199390392108,208,594,1156,340
83,0.1,0.1,Hoeffding-Bentkus,37.784172,0.08442579348661268,0.08407985118910764,274,794,1599,413
83,0.1,0.1,IID-normal,37.784172,0.08442579348661268,0.08407985118910764,274,794,1599,413
83,0.1,0.1,Empirical Bernstein,44.566222,0.07136404830860768,0.07243199390392108,208,594,1156,340
83,0.1,0.1,Platt calibration,37.784172,0.08442579348661268,0.08407985118910764,274,794,1599,413
83,0.1,0.1,Isotonic calibration,37.784172,0.08442579348661268,0.08407985118910764,274,794,1599,413
83,0.2,0.5,Multilabel,27.159271,0.15139337975498504,0.1474775465946662,480,1313,2855,722
83,0.2,0.5,Hoeffding/LTT,27.159271,0.15139337975498504,0.1474775465946662,480,1313,2855,722
83,0.2,0.5,Hoeffding-Bentkus,27.159271,0.15139337975498504,0.1474775465946662,480,1313,2855,722
83,0.2,0.5,IID-normal,27.159271,0.15139337975498504,0.1474775465946662,480,1313,2855,722
83,0.2,0.5,Empirical Bernstein,27.159271,0.15139337975498504,0.1474775465946662,480,1313,2855,722
83,0.2,0.5,Platt calibration,27.159271,0.15139337975498504,0.1474775465946662,480,1313,2855,722
83,0.2,0.5,Isotonic calibration,27.159271,0.15139337975498504,0.1474775465946662,480,1313,2855,722
83,0.2,0.1,Multilabel,27.159271,0.15139337975498504,0.1474775465946662,480,1313,2855,722
83,0.2,0.1,Hoeffding/LTT,27.159271,0.15139337975498504,0.1474775465946662,480,1313,2855,722
83,0.2,0.1,Hoeffding-Bentkus,27.159271,0.15139337975498504,0.1474775465946662,480,1313,2855,722
83,0.2,0.1,IID-normal,27.159271,0.15139337975498504,0.1474775465946662,480,1313,2855,722
83,0.2,0.1,Empirical Bernstein,27.159271,0.15139337975498504,0.1474775465946662,480,1313,2855,722
83,0.2,0.1,Platt calibration,27.159271,0.15139337975498504,0.1474775465946662,480,1313,2855,722
83,0.2,0.1,Isotonic calibration,27.159271,0.15139337975498504,0.1474775465946662,480,1313,2855,722
84,0.05,0.5,Multilabel,62.000847,0.03687274661623027,0.03923923825289531,157,437,658,231
84,0.05,0.5,Hoeffding/LTT,73.129656,0.021307405875051717,0.021782314802041663,131,272,363,178
84,0.05,0.5,Hoeffding-Bentkus,62.000847,0.03687274661623027,0.03923923825289531,157,437,658,231
84,0.05,0.5,IID-normal,62.000847,0.03687274661623027,0.03923923825289531,157,437,658,231
84,0.05,0.5,Empirical Bernstein,62.000847,0.03687274661623027,0.03923923825289531,157,437,658,231
84,0.05,0.5,Platt calibration,52.565611,0.053172961364934886,0.05653554841718726,171,528,901,276
84,0.05,0.5,Isotonic calibration,62.000847,0.03687274661623027,0.03923923825289531,157,437,658,231
84,0.05,0.1,Multilabel,62.000847,0.03687274661623027,0.03923923825289531,157,437,658,231
84,0.05,0.1,Hoeffding/LTT,73.129656,0.021307405875051717,0.021782314802041663,131,272,363,178
84,0.05,0.1,Hoeffding-Bentkus,62.000847,0.03687274661623027,0.03923923825289531,157,437,658,231
84,0.05,0.1,IID-normal,62.000847,0.03687274661623027,0.03923923825289531,157,437,658,231
84,0.05,0.1,Empirical Bernstein,73.129656,0.021307405875051717,0.021782314802041663,131,272,363,178
84,0.05,0.1,Platt calibration,52.565611,0.053172961364934886,0.05653554841718726,171,528,901,276
84,0.05,0.1,Isotonic calibration,62.000847,0.03687274661623027,0.03923923825289531,157,437,658,231
84,0.1,0.5,Multilabel,37.784172,0.08132326575644738,0.08401273738906516,259,836,1627,399
84,0.1,0.5,Hoeffding/LTT,44.566222,0.06986474771952637,0.0723204842704084,198,618,1158,332
84,0.1,0.5,Hoeffding-Bentkus,37.784172,0.08132326575644738,0.08401273738906516,259,836,1627,399
84,0.1,0.5,IID-normal,37.784172,0.08132326575644738,0.08401273738906516,259,836,1627,399
84,0.1,0.5,Empirical Bernstein,37.784172,0.08132326575644738,0.08401273738906516,259,836,1627,399
84,0.1,0.5,Platt calibration,37.784172,0.08132326575644738,0.08401273738906516,259,836,1627,399
84,0.1,0.5,Isotonic calibration,37.784172,0.08132326575644738,0.08401273738906516,259,836,1627,399
84,0.1,0.1,Multilabel,37.784172,0.08132326575644738,0.08401273738906516,259,836,1627,399
84,0.1,0.1,Hoeffding/LTT,44.566222,0.06986474771952637,0.0723204842704084,198,618,1158,332
84,0.1,0.1,Hoeffding-Bentkus,37.784172,0.08132326575644738,0.08401273738906516,259,836,1627,399
84,0.1,0.1,IID-normal,37.784172,0.08132326575644738,0.08401273738906516,259,836,1627,399
84,0.1,0.1,Empirical Bernstein,44.566222,0.06986474771952637,0.0723204842704084,198,618,1158,332
84,0.1,0.1,Platt calibration,37.784172,0.08132326575644738,0.08401273738906516,259,836,1627,399
84,0.1,0.1,Isotonic calibration,37.784172,0.08132326575644738,0.08401273738906516,259,836,1627,399
84,0.2,0.5,Multilabel,27.159271,0.1468180833096017,0.14808870525865975,442,1337,2881,691
84,0.2,0.5,Hoeffding/LTT,27.159271,0.1468180833096017,0.14808870525865975,442,1337,2881,691
84,0.2,0.5,Hoeffding-Bentkus,27.159271,0.1468180833096017,0.14808870525865975,442,1337,2881,691
84,0.2,0.5,IID-normal,27.159271,0.1468180833096017,0.14808870525865975,442,1337,2881,691
84,0.2,0.5,Empirical Bernstein,27.159271,0.1468180833096017,0.14808870525865975,442,1337,2881,691
84,0.2,0.5,Platt calibration,27.159271,0.1468180833096017,0.14808870525865975,442,1337,2881,691
84,0.2,0.5,Isotonic calibration,27.159271,0.1468180833096017,0.14808870525865975,442,1337,2881,691
84,0.2,0.1,Multilabel,27.159271,0.1468180833096017,0.14808870525865975,442,1337,2881,691
84,0.2,0.1,Hoeffding/LTT,27.159271,0.1468180833096017,0.14808870525865975,442,1337,2881,691
84,0.2,0.1,Hoeffding-Bentkus,27.159271,0.1468180833096017,0.14808870525865975,442,1337,2881,691
84,0.2,0.1,IID-normal,27.159271,0.1468180833096017,0.14808870525865975,442,1337,2881,691
84,0.2,0.1,Empirical Bernstein,27.159271,0.1468180833096017,0.14808870525865975,442,1337,2881,691
84,0.2,0.1,Platt calibration,27.159271,0.1468180833096017,0.14808870525865975,442,1337,2881,691
84,0.2,0.1,Isotonic calibration,27.159271,0.1468180833096017,0.14808870525865975,442,1337,2881,691
85,0.05,0.5,Multilabel,62.000847,0.041527277025828944,0.03959462388900933,157,421,681,239
85,0.05,0.5,Hoeffding/LTT,73.129656,0.021617707902358296,0.02099599944819975,130,259,377,177
85,0.05,0.5,Hoeffding-Bentkus,62.000847,0.041527277025828944,0.03959462388900933,157,421,681,239
85,0.05,0.5,IID-normal,62.000847,0.041527277025828944,0.03959462388900933,157,421,681,239
85,0.05,0.5,Empirical Bernstein,62.000847,0.041527277025828944,0.03959462388900933,157,421,681,239
85,0.05,0.5,Platt calibration,52.565611,0.056924168095041076,0.055999842342786196,177,502,920,285
85,0.05,0.5,Isotonic calibration,62.000847,0.041527277025828944,0.03959462388900933,157,421,681,239
85,0.05,0.1,Multilabel,62.000847,0.041527277025828944,0.03959462388900933,157,421,681,239
85,0.05,0.1,Hoeffding/LTT,73.129656,0.021617707902358296,0.02099599944819975,130,259,377,177
85,0.05,0.1,Hoeffding-Bentkus,62.000847,0.041527277025828944,0.03959462388900933,157,421,681,239
85,0.05,0.1,IID-normal,62.000847,0.041527277025828944,0.03959462388900933,157,421,681,239
85,0.05,0.1,Empirical Bernstein,73.129656,0.021617707902358296,0.02099599944819975,130,259,377,177
85,0.05,0.1,Platt calibration,52.565611,0.056924168095041076,0.055999842342786196,177,502,920,285
85,0.05,0.1,Isotonic calibration,62.000847,0.041527277025828944,0.03959462388900933,157,421,681,239
85,0.1,0.5,Multilabel,37.784172,0.08607728983194436,0.08294346018169994,274,809,1675,417
85,0.1,0.5,Hoeffding/LTT,37.784172,0.08607728983194436,0.08294346018169994,274,809,1675,417
85,0.1,0.5,Hoeffding-Bentkus,37.784172,0.08607728983194436,0.08294346018169994,274,809,1675,417
85,0.1,0.5,IID-normal,37.784172,0.08607728983194436,0.08294346018169994,274,809,1675,417
85,0.1,0.5,Empirical Bernstein,37.784172,0.08607728983194436,0.08294346018169994,274,809,1675,417
85,0.1,0.5,Platt calibration,37.784172,0.08607728983194436,0.08294346018169994,274,809,1675,417
85,0.1,0.5,Isotonic calibration,37.784172,0.08607728983194436,0.08294346018169994,274,809,1675,417
85,0.1,0.1,Multilabel,37.784172,0.08607728983194436,0.08294346018169994,274,809,1675,417
85,0.1,0.1,Hoeffding/LTT,44.566222,0.07361004393482673,0.07171054792450847,213,597,1196,348
85,0.1,0.1,Hoeffding-Bentkus,37.784172,0.08607728983194436,0.08294346018169994,274,809,1675,417
85,0.1,0.1,IID-normal,37.784172,0.08607728983194436,0.08294346018169994,274,809,1675,417
85,0.1,0.1,Empirical Bernstein,37.784172,0.08607728983194436,0.08294346018169994,274,809,1675,417
85,0.1,0.1,Platt calibration,37.784172,0.08607728983194436,0.08294346018169994,274,809,1675,417
85,0.1,0.1,Isotonic calibration,37.784172,0.08607728983194436,0.08294346018169994,274,809,1675,417
85,0.2,0.5,Multilabel,27.159271,0.14580836232677358,0.1477468925979065,463,1369,2971,697
85,0.2,0.5,Hoeffding/LTT,27.159271,0.14580836232677358,0.1477468925979065,463,1369,2971,697
85,0.2,0.5,Hoeffding-Bentkus,27.159271,0.14580836232677358,0.1477468925979065,463,1369,2971,697
85,0.2,0.5,IID-normal,27.159271,0.14580836232677358,0.1477468925979065,463,1369,2971,697
85,0.2,0.5,Empirical Bernstein,27.159271,0.14580836232677358,0.1477468925979065,463,1369,2971,697
85,0.2,0.5,Platt calibration,27.159271,0.14580836232677358,0.1477468925979065,463,1369,2971,697
85,0.2,0.5,Isotonic calibration,27.159271,0.14580836232677358,0.1477468925979065,463,1369,2971,697
85,0.2,0.1,Multilabel,27.159271,0.14580836232677358,0.1477468925979065,463,1369,2971,697
85,0.2,0.1,Hoeffding/LTT,27.159271,0.14580836232677358,0.1477468925979065,463,1369,2971,697
85,0.2,0.1,Hoeffding-Bentkus,27.159271,0.14580836232677358,0.1477468925979065,463,1369,2971,697
85,0.2,0.1,IID-normal,27.159271,0.14580836232677358,0.1477468925979065,463,1369,2971,697
85,0.2,0.1,Empirical Bernstein,27.159271,0.14580836232677358,0.1477468925979065,463,1369,2971,697
85,0.2,0.1,Platt calibration,27.159271,0.14580836232677358,0.1477468925979065,463,1369,2971,697
85,0.2,0.1,Isotonic calibration,27.159271,0.14580836232677358,0.1477468925979065,463,1369,2971,697
86,0.05,0.5,Multilabel,62.000847,0.037584963650333945,0.039347956039913555,166,454,705,238
86,0.05,0.5,Hoeffding/LTT,73.129656,0.019342159702110055,0.02153400469030211,134,281,383,176
86,0.05,0.5,Hoeffding-Bentkus,62.000847,0.037584963650333945,0.039347956039913555,166,454,705,238
86,0.05,0.5,IID-normal,62.000847,0.037584963650333945,0.039347956039913555,166,454,705,238
86,0.05,0.5,Empirical Bernstein,62.000847,0.037584963650333945,0.039347956039913555,166,454,705,238
86,0.05,0.5,Platt calibration,52.565611,0.05254940205291881,0.057425326317587316,187,553,961,285
86,0.05,0.5,Isotonic calibration,62.000847,0.037584963650333945,0.039347956039913555,166,454,705,238
86,0.05,0.1,Multilabel,62.000847,0.037584963650333945,0.039347956039913555,166,454,705,238
86,0.05,0.1,Hoeffding/LTT,73.129656,0.019342159702110055,0.02153400469030211,134,281,383,176
86,0.05,0.1,Hoeffding-Bentkus,62.000847,0.037584963650333945,0.039347956039913555,166,454,705,238
86,0.05,0.1,IID-normal,62.000847,0.037584963650333945,0.039347956039913555,166,454,705,238
86,0.05,0.1,Empirical Bernstein,73.129656,0.019342159702110055,0.02153400469030211,134,281,383,176
86,0.05,0.1,Platt calibration,52.565611,0.05254940205291881,0.057425326317587316,187,553,961,285
86,0.05,0.1,Isotonic calibration,62.000847,0.037584963650333945,0.039347956039913555,166,454,705,238
86,0.1,0.5,Multilabel,37.784172,0.08051352522804736,0.08565543796955027,281,891,1660,406
86,0.1,0.5,Hoeffding/LTT,44.566222,0.06746557125125599,0.07371657174388586,231,668,1228,349
86,0.1,0.5,Hoeffding-Bentkus,37.784172,0.08051352522804736,0.08565543796955027,281,891,1660,406
86,0.1,0.5,IID-normal,37.784172,0.08051352522804736,0.08565543796955027,281,891,1660,406
86,0.1,0.5,Empirical Bernstein,44.566222,0.06746557125125599,0.07371657174388586,231,668,1228,349
86,0.1,0.5,Platt calibration,37.784172,0.08051352522804736,0.08565543796955027,281,891,1660,406
86,0.1,0.5,Isotonic calibration,37.784172,0.08051352522804736,0.08565543796955027,281,891,1660,406
86,0.1,0.1,Multilabel,37.784172,0.08051352522804736,0.08565543796955027,281,891,1660,406
86,0.1,0.1,Hoeffding/LTT,44.566222,0.06746557125125599,0.07371657174388586,231,668,1228,349
86,0.1,0.1,Hoeffding-Bentkus,44.566222,0.06746557125125599,0.07371657174388586,231,668,1228,349
86,0.1,0.1,IID-normal,37.784172,0.08051352522804736,0.08565543796955027,281,891,1660,406
86,0.1,0.1,Empirical Bernstein,44.566222,0.06746557125125599,0.07371657174388586,231,668,1228,349
86,0.1,0.1,Platt calibration,37.784172,0.08051352522804736,0.08565543796955027,281,891,1660,406
86,0.1,0.1,Isotonic calibration,37.784172,0.08051352522804736,0.08565543796955027,281,891,1660,406
86,0.2,0.5,Multilabel,27.159271,0.14043108548693983,0.14832206771784645,482,1448,2914,701
86,0.2,0.5,Hoeffding/LTT,27.159271,0.14043108548693983,0.14832206771784645,482,1448,2914,701
86,0.2,0.5,Hoeffding-Bentkus,27.159271,0.14043108548693983,0.14832206771784645,482,1448,2914,701
86,0.2,0.5,IID-normal,27.159271,0.14043108548693983,0.14832206771784645,482,1448,2914,701
86,0.2,0.5,Empirical Bernstein,27.159271,0.14043108548693983,0.14832206771784645,482,1448,2914,701
86,0.2,0.5,Platt calibration,27.159271,0.14043108548693983,0.14832206771784645,482,1448,2914,701
86,0.2,0.5,Isotonic calibration,27.159271,0.14043108548693983,0.14832206771784645,482,1448,2914,701
86,0.2,0.1,Multilabel,27.159271,0.14043108548693983,0.14832206771784645,482,1448,2914,701
86,0.2,0.1,Hoeffding/LTT,27.159271,0.14043108548693983,0.14832206771784645,482,1448,2914,701
86,0.2,0.1,Hoeffding-Bentkus,27.159271,0.14043108548693983,0.14832206771784645,482,1448,2914,701
86,0.2,0.1,IID-normal,27.159271,0.14043108548693983,0.14832206771784645,482,1448,2914,701
86,0.2,0.1,Empirical Bernstein,27.159271,0.14043108548693983,0.14832206771784645,482,1448,2914,701
86,0.2,0.1,Platt calibration,27.159271,0.14043108548693983,0.14832206771784645,482,1448,2914,701
86,0.2,0.1,Isotonic calibration,27.159271,0.14043108548693983,0.14832206771784645,482,1448,2914,701
87,0.05,0.5,Multilabel,62.000847,0.03993537837145615,0.03863455714745548,153,401,644,229
87,0.05,0.5,Hoeffding/LTT,62.000847,0.03993537837145615,0.03863455714745548,153,401,644,229
87,0.05,0.5,Hoeffding-Bentkus,62.000847,0.03993537837145615,0.03863455714745548,153,401,644,229
87,0.05,0.5,IID-normal,62.000847,0.03993537837145615,0.03863455714745548,153,401,644,229
87,0.05,0.5,Empirical Bernstein,62.000847,0.03993537837145615,0.03863455714745548,153,401,644,229
87,0.05,0.5,Platt calibration,52.565611,0.05554652560237996,0.05586304186455932,171,486,871,275
87,0.05,0.5,Isotonic calibration,62.000847,0.03993537837145615,0.03863455714745548,153,401,644,229
87,0.05,0.1,Multilabel,62.000847,0.03993537837145615,0.03863455714745548,153,401,644,229
87,0.05,0.1,Hoeffding/LTT,73.129656,0.022383119569714522,0.020395916678162505,126,257,371,173
87,0.05,0.1,Hoeffding-Bentkus,62.000847,0.03993537837145615,0.03863455714745548,153,401,644,229
87,0.05,0.1,IID-normal,62.000847,0.03993537837145615,0.03863455714745548,153,401,644,229
87,0.05,0.1,Empirical Bernstein,62.000847,0.03993537837145615,0.03863455714745548,153,401,644,229
87,0.05,0.1,Platt calibration,52.565611,0.05554652560237996,0.05586304186455932,171,486,871,275
87,0.05,0.1,Isotonic calibration,62.000847,0.03993537837145615,0.03863455714745548,153,401,644,229
87,0.1,0.5,Multilabel,37.784172,0.08636509906679539,0.08294920810095316,268,780,1593,409
87,0.1,0.5,Hoeffding/LTT,37.784172,0.08636509906679539,0.08294920810095316,268,780,1593,409
87,0.1,0.5,Hoeffding-Bentkus,37.784172,0.08636509906679539,0.08294920810095316,268,780,1593,409
87,0.1,0.5,IID-normal,37.784172,0.08636509906679539,0.08294920810095316,268,780,1593,409
87,0.1,0.5,Empirical Bernstein,37.784172,0.08636509906679539,0.08294920810095316,268,780,1593,409
87,0.1,0.5,Platt calibration,37.784172,0.08636509906679539,0.08294920810095316,268,780,1593,409
87,0.1,0.5,Isotonic calibration,37.784172,0.08636509906679539,0.08294920810095316,268,780,1593,409
87,0.1,0.1,Multilabel,37.784172,0.08636509906679539,0.08294920810095316,268,780,1593,409
87,0.1,0.1,Hoeffding/LTT,44.566222,0.07433555962724353,0.07184160048348212,203,570,1134,337
87,0.1,0.1,Hoeffding-Bentkus,37.784172,0.08636509906679539,0.08294920810095316,268,780,1593,409
87,0.1,0.1,IID-normal,37.784172,0.08636509906679539,0.08294920810095316,268,780,1593,409
87,0.1,0.1,Empirical Bernstein,37.784172,0.08636509906679539,0.08294920810095316,268,780,1593,409
87,0.1,0.1,Platt calibration,37.784172,0.08636509906679539,0.08294920810095316,268,780,1593,409
87,0.1,0.1,Isotonic calibration,37.784172,0.08636509906679539,0.08294920810095316,268,780,1593,409
87,0.2,0.5,Multilabel,27.159271,0.15195479025640382,0.14482541683879802,455,1328,2920,702
87,0.2,0.5,Hoeffding/LTT,27.159271,0.15195479025640382,0.14482541683879802,455,1328,2920,702
87,0.2,0.5,Hoeffding-Bentkus,27.159271,0.15195479025640382,0.14482541683879802,455,1328,2920,702
87,0.2,0.5,IID-normal,27.159271,0.15195479025640382,0.14482541683879802,455,1328,2920,702
87,0.2,0.5,Empirical Bernstein,27.159271,0.15195479025640382,0.14482541683879802,455,1328,2920,702
87,0.2,0.5,Platt calibration,27.159271,0.15195479025640382,0.14482541683879802,455,1328,2920,702
87,0.2,0.5,Isotonic calibration,27.159271,0.15195479025640382,0.14482541683879802,455,1328,2920,702
87,0.2,0.1,Multilabel,27.159271,0.15195479025640382,0.14482541683879802,455,1328,2920,702
87,0.2,0.1,Hoeffding/LTT,27.159271,0.15195479025640382,0.14482541683879802,455,1328,2920,702
87,0.2,0.1,Hoeffding-Bentkus,27.159271,0.15195479025640382,0.14482541683879802,455,1328,2920,702
87,0.2,0.1,IID-normal,27.159271,0.15195479025640382,0.14482541683879802,455,1328,2920,702
87,0.2,0.1,Empirical Bernstein,27.159271,0.15195479025640382,0.14482541683879802,455,1328,2920,702
87,0.2,0.1,Platt calibration,27.159271,0.15195479025640382,0.14482541683879802,455,1328,2920,702
87,0.2,0.1,Isotonic calibration,27.159271,0.15195479025640382,0.14482541683879802,455,1328,2920,702
88,0.05,0.5,Multilabel,62.000847,0.0429881592686723,0.03794710600476913,146,384,659,232
88,0.05,0.5,Hoeffding/LTT,62.000847,0.0429881592686723,0.03794710600476913,146,384,659,232
88,0.05,0.5,Hoeffding-Bentkus,62.000847,0.0429881592686723,0.03794710600476913,146,384,659,232
88,0.05,0.5,IID-normal,62.000847,0.0429881592686723,0.03794710600476913,146,384,659,232
88,0.05,0.5,Empirical Bernstein,62.000847,0.0429881592686723,0.03794710600476913,146,384,659,232
88,0.05,0.5,Platt calibration,52.565611,0.059637586933821936,0.05550289366677834,165,472,906,282
88,0.05,0.5,Isotonic calibration,62.000847,0.0429881592686723,0.03794710600476913,146,384,659,232
88,0.05,0.1,Multilabel,62.000847,0.0429881592686723,0.03794710600476913,146,384,659,232
88,0.05,0.1,Hoeffding/LTT,73.129656,0.0244104261481175,0.019913091460891156,113,229,349,167
88,0.05,0.1,Hoeffding-Bentkus,62.000847,0.0429881592686723,0.03794710600476913,146,384,659,232
88,0.05,0.1,IID-normal,62.000847,0.0429881592686723,0.03794710600476913,146,384,659,232
88,0.05,0.1,Empirical Bernstein,62.000847,0.0429881592686723,0.03794710600476913,146,384,659,232
88,0.05,0.1,Platt calibration,52.565611,0.059637586933821936,0.05550289366677834,165,472,906,282
88,0.05,0.1,Isotonic calibration,62.000847,0.0429881592686723,0.03794710600476913,146,384,659,232
88,0.1,0.5,Multilabel,37.784172,0.0866420723578357,0.0842549163869346,261,775,1629,402
88,0.1,0.5,Hoeffding/LTT,37.784172,0.0866420723578357,0.0842549163869346,261,775,1629,402
88,0.1,0.5,Hoeffding-Bentkus,37.784172,0.0866420723578357,0.0842549163869346,261,775,1629,402
88,0.1,0.5,IID-normal,37.784172,0.0866420723578357,0.0842549163869346,261,775,1629,402
88,0.1,0.5,Empirical Bernstein,37.784172,0.0866420723578357,0.0842549163869346,261,775,1629,402
88,0.1,0.5,Platt calibration,37.784172,0.0866420723578357,0.0842549163869346,261,775,1629,402
88,0.1,0.5,Isotonic calibration,37.784172,0.0866420723578357,0.0842549163869346,261,775,1629,402
88,0.1,0.1,Multilabel,37.784172,0.0866420723578357,0.0842549163869346,261,775,1629,402
88,0.1,0.1,Hoeffding/LTT,44.566222,0.07412622889453672,0.0721838480184459,205,573,1175,339
88,0.1,0.1,Hoeffding-Bentkus,37.784172,0.0866420723578357,0.0842549163869346,261,775,1629,402
88,0.1,0.1,IID-normal,37.784172,0.0866420723578357,0.0842549163869346,261,775,1629,402
88,0.1,0.1,Empirical Bernstein,44.566222,0.07412622889453672,0.0721838480184459,205,573,1175,339
88,0.1,0.1,Platt calibration,37.784172,0.0866420723578357,0.0842549163869346,261,775,1629,402
88,0.1,0.1,Isotonic calibration,37.784172,0.0866420723578357,0.0842549163869346,261,775,1629,402
88,0.2,0.5,Multilabel,27.159271,0.1488097545813723,0.1468764784670427,463,1339,2921,703
88,0.2,0.5,Hoeffding/LTT,27.159271,0.1488097545813723,0.1468764784670427,463,1339,2921,703
88,0.2,0.5,Hoeffding-Bentkus,27.159271,0.1488097545813723,0.1468764784670427,463,1339,2921,703
88,0.2,0.5,IID-normal,27.159271,0.1488097545813723,0.1468764784670427,463,1339,2921,703
88,0.2,0.5,Empirical Bernstein,27.159271,0.1488097545813723,0.1468764784670427,463,1339,2921,703
88,0.2,0.5,Platt calibration,27.159271,0.1488097545813723,0.1468764784670427,463,1339,2921,703
88,0.2,0.5,Isotonic calibration,27.159271,0.1488097545813723,0.1468764784670427,463,1339,2921,703
88,0.2,0.1,Multilabel,27.159271,0.1488097545813723,0.1468764784670427,463,1339,2921,703
88,0.2,0.1,Hoeffding/LTT,27.159271,0.1488097545813723,0.1468764784670427,463,1339,2921,703
88,0.2,0.1,Hoeffding-Bentkus,27.159271,0.1488097545813723,0.1468764784670427,463,1339,2921,703
88,0.2,0.1,IID-normal,27.159271,0.1488097545813723,0.1468764784670427,463,1339,2921,703
88,0.2,0.1,Empirical Bernstein,27.159271,0.1488097545813723,0.1468764784670427,463,1339,2921,703
88,0.2,0.1,Platt calibration,27.159271,0.1488097545813723,0.1468764784670427,463,1339,2921,703
88,0.2,0.1,Isotonic calibration,27.159271,0.1488097545813723,0.1468764784670427,463,1339,2921,703
89,0.05,0.5,Multilabel,62.000847,0.03880647004354079,0.038226619106740495,170,450,698,245
89,0.05,0.5,Hoeffding/LTT,62.000847,0.03880647004354079,0.038226619106740495,170,450,698,245
89,0.05,0.5,Hoeffding-Bentkus,62.000847,0.03880647004354079,0.038226619106740495,170,450,698,245
89,0.05,0.5,IID-normal,62.000847,0.03880647004354079,0.038226619106740495,170,450,698,245
89,0.05,0.5,Empirical Bernstein,62.000847,0.03880647004354079,0.038226619106740495,170,450,698,245
89,0.05,0.5,Platt calibration,52.565611,0.05337736666863683,0.05505291370238259,178,552,953,281
89,0.05,0.5,Isotonic calibration,62.000847,0.03880647004354079,0.038226619106740495,170,450,698,245
89,0.05,0.1,Multilabel,62.000847,0.03880647004354079,0.038226619106740495,170,450,698,245
89,0.05,0.1,Hoeffding/LTT,73.129656,0.025113777410012413,0.02074079183335633,142,257,373,196
89,0.05,0.1,Hoeffding-Bentkus,62.000847,0.03880647004354079,0.038226619106740495,170,450,698,245
89,0.05,0.1,IID-normal,62.000847,0.03880647004354079,0.038226619106740495,170,450,698,245
89,0.05,0.1,Empirical Bernstein,62.000847,0.03880647004354079,0.038226619106740495,170,450,698,245
89,0.05,0.1,Platt calibration,52.565611,0.05337736666863683,0.05505291370238259,178,552,953,281
89,0.05,0.1,Isotonic calibration,62.000847,0.03880647004354079,0.038226619106740495,170,450,698,245
89,0.1,0.5,Multilabel,37.784172,0.07806575119359561,0.08224867359920471,267,864,1657,396
89,0.1,0.5,Hoeffding/LTT,44.566222,0.06953917686230471,0.07126237444902088,209,654,1215,342
89,0.1,0.5,Hoeffding-Bentkus,37.784172,0.07806575119359561,0.08224867359920471,267,864,1657,396
89,0.1,0.5,IID-normal,37.784172,0.07806575119359561,0.08224867359920471,267,864,1657,396
89,0.1,0.5,Empirical Bernstein,37.784172,0.07806575119359561,0.08224867359920471,267,864,1657,396
89,0.1,0.5,Platt calibration,37.784172,0.07806575119359561,0.08224867359920471,267,864,1657,396
89,0.1,0.5,Isotonic calibration,37.784172,0.07806575119359561,0.08224867359920471,267,864,1657,396
89,0.1,0.1,Multilabel,37.784172,0.07806575119359561,0.08224867359920471,267,864,1657,396
89,0.1,0.1,Hoeffding/LTT,44.566222,0.06953917686230471,0.07126237444902088,209,654,1215,342
89,0.1,0.1,Hoeffding-Bentkus,37.784172,0.07806575119359561,0.08224867359920471,267,864,1657,396
89,0.1,0.1,IID-normal,37.784172,0.07806575119359561,0.08224867359920471,267,864,1657,396
89,0.1,0.1,Empirical Bernstein,44.566222,0.06953917686230471,0.07126237444902088,209,654,1215,342
89,0.1,0.1,Platt calibration,37.784172,0.07806575119359561,0.08224867359920471,267,864,1657,396
89,0.1,0.1,Isotonic calibration,37.784172,0.07806575119359561,0.08224867359920471,267,864,1657,396
89,0.2,0.5,Multilabel,27.159271,0.13721766097645288,0.1429464892183888,473,1407,2862,682
89,0.2,0.5,Hoeffding/LTT,27.159271,0.13721766097645288,0.1429464892183888,473,1407,2862,682
89,0.2,0.5,Hoeffding-Bentkus,27.159271,0.13721766097645288,0.1429464892183888,473,1407,2862,682
89,0.2,0.5,IID-normal,27.159271,0.13721766097645288,0.1429464892183888,473,1407,2862,682
89,0.2,0.5,Empirical Bernstein,27.159271,0.13721766097645288,0.1429464892183888,473,1407,2862,682
89,0.2,0.5,Platt calibration,27.159271,0.13721766097645288,0.1429464892183888,473,1407,2862,682
89,0.2,0.5,Isotonic calibration,27.159271,0.13721766097645288,0.1429464892183888,473,1407,2862,682
89,0.2,0.1,Multilabel,27.159271,0.13721766097645288,0.1429464892183888,473,1407,2862,682
89,0.2,0.1,Hoeffding/LTT,27.159271,0.13721766097645288,0.1429464892183888,473,1407,2862,682
89,0.2,0.1,Hoeffding-Bentkus,27.159271,0.13721766097645288,0.1429464892183888,473,1407,2862,682
89,0.2,0.1,IID-normal,27.159271,0.13721766097645288,0.1429464892183888,473,1407,2862,682
89,0.2,0.1,Empirical Bernstein,27.159271,0.13721766097645288,0.1429464892183888,473,1407,2862,682
89,0.2,0.1,Platt calibration,27.159271,0.13721766097645288,0.1429464892183888,473,1407,2862,682
89,0.2,0.1,Isotonic calibration,27.159271,0.13721766097645288,0.1429464892183888,473,1407,2862,682
90,0.05,0.5,Multilabel,62.000847,0.03865575191599188,0.03752865748313396,156,448,688,231
90,0.05,0.5,Hoeffding/LTT,62.000847,0.03865575191599188,0.03752865748313396,156,448,688,231
90,0.05,0.5,Hoeffding-Bentkus,62.000847,0.03865575191599188,0.03752865748313396,156,448,688,231
90,0.05,0.5,IID-normal,62.000847,0.03865575191599188,0.03752865748313396,156,448,688,231
90,0.05,0.5,Empirical Bernstein,62.000847,0.03865575191599188,0.03752865748313396,156,448,688,231
90,0.05,0.5,Platt calibration,52.565611,0.05728470949819729,0.055050286082152546,174,538,955,284
90,0.05,0.5,Isotonic calibration,62.000847,0.03865575191599188,0.03752865748313396,156,448,688,231
90,0.05,0.1,Multilabel,62.000847,0.03865575191599188,0.03752865748313396,156,448,688,231
90,0.05,0.1,Hoeffding/LTT,73.129656,0.02254861398427803,0.020464891709201273,131,268,374,179
90,0.05,0.1,Hoeffding-Bentkus,62.000847,0.03865575191599188,0.03752865748313396,156,448,688,231
90,0.05,0.1,IID-normal,62.000847,0.03865575191599188,0.03752865748313396,156,448,688,231
90,0.05,0.1,Empirical Bernstein,62.000847,0.03865575191599188,0.03752865748313396,156,448,688,231
90,0.05,0.1,Platt calibration,52.565611,0.05728470949819729,0.055050286082152546,174,538,955,284
90,0.05,0.1,Isotonic calibration,62.000847,0.03865575191599188,0.03752865748313396,156,448,688,231
90,0.1,0.5,Multilabel,37.784172,0.07999126557256471,0.08214811238331723,259,836,1645,395
90,0.1,0.5,Hoeffding/LTT,37.784172,0.07999126557256471,0.08214811238331723,259,836,1645,395
90,0.1,0.5,Hoeffding-Bentkus,37.784172,0.07999126557256471,0.08214811238331723,259,836,1645,395
90,0.1,0.5,IID-normal,37.784172,0.07999126557256471,0.08214811238331723,259,836,1645,395
90,0.1,0.5,Empirical Bernstein,37.784172,0.07999126557256471,0.08214811238331723,259,836,1645,395
90,0.1,0.5,Platt calibration,37.784172,0.07999126557256471,0.08214811238331723,259,836,1645,395
90,0.1,0.5,Isotonic calibration,37.784172,0.07999126557256471,0.08214811238331723,259,836,1645,395
90,0.1,0.1,Multilabel,37.784172,0.07999126557256471,0.08214811238331723,259,836,1645,395
90,0.1,0.1,Hoeffding/LTT,44.566222,0.07155958784010087,0.07065966405875358,206,632,1216,339
90,0.1,0.1,Hoeffding-Bentkus,37.784172,0.07999126557256471,0.08214811238331723,259,836,1645,395
90,0.1,0.1,IID-normal,37.784172,0.07999126557256471,0.08214811238331723,259,836,1645,395
90,0.1,0.1,Empirical Bernstein,44.566222,0.07155958784010087,0.07065966405875358,206,632,1216,339
90,0.1,0.1,Platt calibration,37.784172,0.07999126557256471,0.08214811238331723,259,836,1645,395
90,0.1,0.1,Isotonic calibration,37.784172,0.07999126557256471,0.08214811238331723,259,836,1645,395
90,0.2,0.5,Multilabel,27.159271,0.1395645888612376,0.1448743911014569,473,1396,2913,700
90,0.2,0.5,Hoeffding/LTT,27.159271,0.1395645888612376,0.1448743911014569,473,1396,2913,700
90,0.2,0.5,Hoeffding-Bentkus,27.159271,0.1395645888612376,0.1448743911014569,473,1396,2913,700
90,0.2,0.5,IID-normal,27.159271,0.1395645888612376,0.1448743911014569,473,1396,2913,700
90,0.2,0.5,Empirical Bernstein,27.159271,0.1395645888612376,0.1448743911014569,473,1396,2913,700
90,0.2,0.5,Platt calibration,27.159271,0.1395645888612376,0.1448743911014569,473,1396,2913,700
90,0.2,0.5,Isotonic calibration,27.159271,0.1395645888612376,0.1448743911014569,473,1396,2913,700
90,0.2,0.1,Multilabel,27.159271,0.1395645888612376,0.1448743911014569,473,1396,2913,700
90,0.2,0.1,Hoeffding/LTT,27.159271,0.1395645888612376,0.1448743911014569,473,1396,2913,700
90,0.2,0.1,Hoeffding-Bentkus,27.159271,0.1395645888612376,0.1448743911014569,473,1396,2913,700
90,0.2,0.1,IID-normal,27.159271,0.1395645888612376,0.1448743911014569,473,1396,2913,700
90,0.2,0.1,Empirical Bernstein,27.159271,0.1395645888612376,0.1448743911014569,473,1396,2913,700
90,0.2,0.1,Platt calibration,27.159271,0.1395645888612376,0.1448743911014569,473,1396,2913,700
90,0.2,0.1,Isotonic calibration,27.159271,0.1395645888612376,0.1448743911014569,473,1396,2913,700
91,0.05,0.5,Multilabel,62.000847,0.03850700396004492,0.03894001799919857,143,364,611,217
91,0.05,0.5,Hoeffding/LTT,73.129656,0.01810095159288374,0.02101669195751138,113,219,310,150
91,0.05,0.5,Hoeffding-Bentkus,62.000847,0.03850700396004492,0.03894001799919857,143,364,611,217
91,0.05,0.5,IID-normal,62.000847,0.03850700396004492,0.03894001799919857,143,364,611,217
91,0.05,0.5,Empirical Bernstein,62.000847,0.03850700396004492,0.03894001799919857,143,364,611,217
91,0.05,0.5,Platt calibration,52.565611,0.057332978702444984,0.05529974577774274,157,441,865,265
91,0.05,0.5,Isotonic calibration,62.000847,0.03850700396004492,0.03894001799919857,143,364,611,217
91,0.05,0.1,Multilabel,62.000847,0.03850700396004492,0.03894001799919857,143,364,611,217
91,0.05,0.1,Hoeffding/LTT,73.129656,0.01810095159288374,0.02101669195751138,113,219,310,150
91,0.05,0.1,Hoeffding-Bentkus,62.000847,0.03850700396004492,0.03894001799919857,143,364,611,217
91,0.05,0.1,IID-normal,62.000847,0.03850700396004492,0.03894001799919857,143,364,611,217
91,0.05,0.1,Empirical Bernstein,73.129656,0.01810095159288374,0.02101669195751138,113,219,310,150
91,0.05,0.1,Platt calibration,52.565611,0.057332978702444984,0.05529974577774274,157,441,865,265
91,0.05,0.1,Isotonic calibration,62.000847,0.03850700396004492,0.03894001799919857,143,364,611,217
91,0.1,0.5,Multilabel,37.784172,0.08143490881389102,0.0813527098428464,250,737,1558,381
91,0.1,0.5,Hoeffding/LTT,37.784172,0.08143490881389102,0.0813527098428464,250,737,1558,381
91,0.1,0.5,Hoeffding-Bentkus,37.784172,0.08143490881389102,0.0813527098428464,250,737,1558,381
91,0.1,0.5,IID-normal,37.784172,0.08143490881389102,0.0813527098428464,250,737,1558,381
91,0.1,0.5,Empirical Bernstein,37.784172,0.08143490881389102,0.0813527098428464,250,737,1558,381
91,0.1,0.5,Platt calibration,37.784172,0.08143490881389102,0.0813527098428464,250,737,1558,381
91,0.1,0.5,Isotonic calibration,37.784172,0.08143490881389102,0.0813527098428464,250,737,1558,381
91,0.1,0.1,Multilabel,37.784172,0.08143490881389102,0.0813527098428464,250,737,1558,381
91,0.1,0.1,Hoeffding/LTT,44.566222,0.07239937348543057,0.07099616367446412,194,529,1127,324
91,0.1,0.1,Hoeffding-Bentkus,37.784172,0.08143490881389102,0.0813527098428464,250,737,1558,381
91,0.1,0.1,IID-normal,37.784172,0.08143490881389102,0.0813527098428464,250,737,1558,381
91,0.1,0.1,Empirical Bernstein,37.784172,0.08143490881389102,0.0813527098428464,250,737,1558,381
91,0.1,0.1,Platt calibration,37.784172,0.08143490881389102,0.0813527098428464,250,737,1558,381
91,0.1,0.1,Isotonic calibration,37.784172,0.08143490881389102,0.0813527098428464,250,737,1558,381
91,0.2,0.5,Multilabel,27.159271,0.1485344311368308,0.1446831869407397,460,1319,2865,708
91,0.2,0.5,Hoeffding/LTT,27.159271,0.1485344311368308,0.1446831869407397,460,1319,2865,708
91,0.2,0.5,Hoeffding-Bentkus,27.159271,0.1485344311368308,0.1446831869407397,460,1319,2865,708
91,0.2,0.5,IID-normal,27.159271,0.1485344311368308,0.1446831869407397,460,1319,2865,708
91,0.2,0.5,Empirical Bernstein,27.159271,0.1485344311368308,0.1446831869407397,460,1319,2865,708
91,0.2,0.5,Platt calibration,27.159271,0.1485344311368308,0.1446831869407397,460,1319,2865,708
91,0.2,0.5,Isotonic calibration,27.159271,0.1485344311368308,0.1446831869407397,460,1319,2865,708
91,0.2,0.1,Multilabel,27.159271,0.1485344311368308,0.1446831869407397,460,1319,2865,708
91,0.2,0.1,Hoeffding/LTT,27.159271,0.1485344311368308,0.1446831869407397,460,1319,2865,708
91,0.2,0.1,Hoeffding-Bentkus,27.159271,0.1485344311368308,0.1446831869407397,460,1319,2865,708
91,0.2,0.1,IID-normal,27.159271,0.1485344311368308,0.1446831869407397,460,1319,2865,708
91,0.2,0.1,Empirical Bernstein,27.159271,0.1485344311368308,0.1446831869407397,460,1319,2865,708
91,0.2,0.1,Platt calibration,27.159271,0.1485344311368308,0.1446831869407397,460,1319,2865,708
91,0.2,0.1,Isotonic calibration,27.159271,0.1485344311368308,0.1446831869407397,460,1319,2865,708
92,0.05,0.5,Multilabel,62.000847,0.04157357605847469,0.038310374501573284,159,434,679,243
92,0.05,0.5,Hoeffding/LTT,62.000847,0.04157357605847469,0.038310374501573284,159,434,679,243
92,0.05,0.5,Hoeffding-Bentkus,62.000847,0.04157357605847469,0.038310374501573284,159,434,679,243
92,0.05,0.5,IID-normal,62.000847,0.04157357605847469,0.038310374501573284,159,434,679,243
92,0.05,0.5,Empirical Bernstein,62.000847,0.04157357605847469,0.038310374501573284,159,434,679,243
92,0.05,0.5,Platt calibration,52.565611,0.061202395728667966,0.05562474955494682,175,529,957,294
92,0.05,0.5,Isotonic calibration,62.000847,0.04157357605847469,0.038310374501573284,159,434,679,243
92,0.05,0.1,Multilabel,62.000847,0.04157357605847469,0.038310374501573284,159,434,679,243
92,0.05,0.1,Hoeffding/LTT,73.129656,0.020893669838642947,0.020878741895433855,135,276,379,180
92,0.05,0.1,Hoeffding-Bentkus,62.000847,0.04157357605847469,0.038310374501573284,159,434,679,243
92,0.05,0.1,IID-normal,62.000847,0.04157357605847469,0.038310374501573284,159,434,679,243
92,0.05,0.1,Empirical Bernstein,62.000847,0.04157357605847469,0.038310374501573284,159,434,679,243
92,0.05,0.1,Platt calibration,52.565611,0.061202395728667966,0.05562474955494682,175,529,957,294
92,0.05,0.1,Isotonic calibration,62.000847,0.04157357605847469,0.038310374501573284,159,434,679,243
92,0.1,0.5,Multilabel,37.784172,0.09080061206664433,0.08323173201777147,262,813,1676,417
92,0.1,0.5,Hoeffding/LTT,37.784172,0.09080061206664433,0.08323173201777147,262,813,1676,417
92,0.1,0.5,Hoeffding-Bentkus,37.784172,0.09080061206664433,0.08323173201777147,262,813,1676,417
92,0.1,0.5,IID-normal,37.784172,0.09080061206664433,0.08323173201777147,262,813,1676,417
92,0.1,0.5,Empirical Bernstein,37.784172,0.09080061206664433,0.08323173201777147,262,813,1676,417
92,0.1,0.5,Platt calibration,37.784172,0.09080061206664433,0.08323173201777147,262,813,1676,417
92,0.1,0.5,Isotonic calibration,37.784172,0.09080061206664433,0.08323173201777147,262,813,1676,417
92,0.1,0.1,Multilabel,37.784172,0.09080061206664433,0.08323173201777147,262,813,1676,417
92,0.1,0.1,Hoeffding/LTT,44.566222,0.07849508442185314,0.07181696654382543,200,616,1240,350
92,0.1,0.1,Hoeffding-Bentkus,37.784172,0.09080061206664433,0.08323173201777147,262,813,1676,417
92,0.1,0.1,IID-normal,37.784172,0.09080061206664433,0.08323173201777147,262,813,1676,417
92,0.1,0.1,Empirical Bernstein,37.784172,0.09080061206664433,0.08323173201777147,262,813,1676,417
92,0.1,0.1,Platt calibration,37.784172,0.09080061206664433,0.08323173201777147,262,813,1676,417
92,0.1,0.1,Isotonic calibration,37.784172,0.09080061206664433,0.08323173201777147,262,813,1676,417
92,0.2,0.5,Multilabel,27.159271,0.15370592378246498,0.14537786901561217,476,1350,2925,728
92,0.2,0.5,Hoeffding/LTT,27.159271,0.15370592378246498,0.14537786901561217,476,1350,2925,728
92,0.2,0.5,Hoeffding-Bentkus,27.159271,0.15370592378246498,0.14537786901561217,476,1350,2925,728
92,0.2,0.5,IID-normal,27.159271,0.15370592378246498,0.14537786901561217,476,1350,2925,728
92,0.2,0.5,Empirical Bernstein,27.159271,0.15370592378246498,0.14537786901561217,476,1350,2925,728
92,0.2,0.5,Platt calibration,27.159271,0.15370592378246498,0.14537786901561217,476,1350,2925,728
92,0.2,0.5,Isotonic calibration,27.159271,0.15370592378246498,0.14537786901561217,476,1350,2925,728
92,0.2,0.1,Multilabel,27.159271,0.15370592378246498,0.14537786901561217,476,1350,2925,728
92,0.2,0.1,Hoeffding/LTT,27.159271,0.15370592378246498,0.14537786901561217,476,1350,2925,728
92,0.2,0.1,Hoeffding-Bentkus,27.159271,0.15370592378246498,0.14537786901561217,476,1350,2925,728
92,0.2,0.1,IID-normal,27.159271,0.15370592378246498,0.14537786901561217,476,1350,2925,728
92,0.2,0.1,Empirical Bernstein,27.159271,0.15370592378246498,0.14537786901561217,476,1350,2925,728
92,0.2,0.1,Platt calibration,27.159271,0.15370592378246498,0.14537786901561217,476,1350,2925,728
92,0.2,0.1,Isotonic calibration,27.159271,0.15370592378246498,0.14537786901561217,476,1350,2925,728
93,0.05,0.5,Multilabel,62.000847,0.042466063794156475,0.037501067470718456,177,450,734,258
93,0.05,0.5,Hoeffding/LTT,62.000847,0.042466063794156475,0.037501067470718456,177,450,734,258
93,0.05,0.5,Hoeffding-Bentkus,62.000847,0.042466063794156475,0.037501067470718456,177,450,734,258
93,0.05,0.5,IID-normal,62.000847,0.042466063794156475,0.037501067470718456,177,450,734,258
93,0.05,0.5,Empirical Bernstein,62.000847,0.042466063794156475,0.037501067470718456,177,450,734,258
93,0.05,0.5,Platt calibration,52.565611,0.059037177138128734,0.05442425556234358,194,539,987,303
93,0.05,0.5,Isotonic calibration,62.000847,0.042466063794156475,0.037501067470718456,177,450,734,258
93,0.05,0.1,Multilabel,62.000847,0.042466063794156475,0.037501067470718456,177,450,734,258
93,0.05,0.1,Hoeffding/LTT,73.129656,0.024782788580885395,0.020740791833356323,138,273,389,193
93,0.05,0.1,Hoeffding-Bentkus,62.000847,0.042466063794156475,0.037501067470718456,177,450,734,258
93,0.05,0.1,IID-normal,62.000847,0.042466063794156475,0.037501067470718456,177,450,734,258
93,0.05,0.1,Empirical Bernstein,62.000847,0.042466063794156475,0.037501067470718456,177,450,734,258
93,0.05,0.1,Platt calibration,52.565611,0.059037177138128734,0.05442425556234358,194,539,987,303
93,0.05,0.1,Isotonic calibration,62.000847,0.042466063794156475,0.037501067470718456,177,450,734,258
93,0.1,0.5,Multilabel,37.784172,0.08782942910994214,0.0817217262589038,287,863,1708,427
93,0.1,0.5,Hoeffding/LTT,37.784172,0.08782942910994214,0.0817217262589038,287,863,1708,427
93,0.1,0.5,Hoeffding-Bentkus,37.784172,0.08782942910994214,0.0817217262589038,287,863,1708,427
93,0.1,0.5,IID-normal,37.784172,0.08782942910994214,0.0817217262589038,287,863,1708,427
93,0.1,0.5,Empirical Bernstein,37.784172,0.08782942910994214,0.0817217262589038,287,863,1708,427
93,0.1,0.5,Platt calibration,37.784172,0.08782942910994214,0.0817217262589038,287,863,1708,427
93,0.1,0.5,Isotonic calibration,37.784172,0.08782942910994214,0.0817217262589038,287,863,1708,427
93,0.1,0.1,Multilabel,37.784172,0.08782942910994214,0.0817217262589038,287,863,1708,427
93,0.1,0.1,Hoeffding/LTT,44.566222,0.07758929802785823,0.0704571730747755,225,641,1266,366
93,0.1,0.1,Hoeffding-Bentkus,37.784172,0.08782942910994214,0.0817217262589038,287,863,1708,427
93,0.1,0.1,IID-normal,37.784172,0.08782942910994214,0.0817217262589038,287,863,1708,427
93,0.1,0.1,Empirical Bernstein,37.784172,0.08782942910994214,0.0817217262589038,287,863,1708,427
93,0.1,0.1,Platt calibration,37.784172,0.08782942910994214,0.0817217262589038,287,863,1708,427
93,0.1,0.1,Isotonic calibration,37.784172,0.08782942910994214,0.0817217262589038,287,863,1708,427
93,0.2,0.5,Multilabel,27.159271,0.1522814288639692,0.1453411967931212,478,1425,3014,729
93,0.2,0.5,Hoeffding/LTT,27.159271,0.1522814288639692,0.1453411967931212,478,1425,3014,729
93,0.2,0.5,Hoeffding-Bentkus,27.159271,0.1522814288639692,0.1453411967931212,478,1425,3014,729
93,0.2,0.5,IID-normal,27.159271,0.1522814288639692,0.1453411967931212,478,1425,3014,729
93,0.2,0.5,Empirical Bernstein,27.159271,0.1522814288639692,0.1453411967931212,478,1425,3014,729
93,0.2,0.5,Platt calibration,27.159271,0.1522814288639692,0.1453411967931212,478,1425,3014,729
93,0.2,0.5,Isotonic calibration,27.159271,0.1522814288639692,0.1453411967931212,478,1425,3014,729
93,0.2,0.1,Multilabel,27.159271,0.1522814288639692,0.1453411967931212,478,1425,3014,729
93,0.2,0.1,Hoeffding/LTT,27.159271,0.1522814288639692,0.1453411967931212,478,1425,3014,729
93,0.2,0.1,Hoeffding-Bentkus,27.159271,0.1522814288639692,0.1453411967931212,478,1425,3014,729
93,0.2,0.1,IID-normal,27.159271,0.1522814288639692,0.1453411967931212,478,1425,3014,729
93,0.2,0.1,Empirical Bernstein,27.159271,0.1522814288639692,0.1453411967931212,478,1425,3014,729
93,0.2,0.1,Platt calibration,27.159271,0.1522814288639692,0.1453411967931212,478,1425,3014,729
93,0.2,0.1,Isotonic calibration,27.159271,0.1522814288639692,0.1453411967931212,478,1425,3014,729
94,0.05,0.5,Multilabel,62.000847,0.03770514411805268,0.03842993122204048,174,434,683,237
94,0.05,0.5,Hoeffding/LTT,62.000847,0.03770514411805268,0.03842993122204048,174,434,683,237
94,0.05,0.5,Hoeffding-Bentkus,62.000847,0.03770514411805268,0.03842993122204048,174,434,683,237
94,0.05,0.5,IID-normal,62.000847,0.03770514411805268,0.03842993122204048,174,434,683,237
94,0.05,0.5,Empirical Bernstein,62.000847,0.03770514411805268,0.03842993122204048,174,434,683,237
94,0.05,0.5,Platt calibration,52.565611,0.05128799968477254,0.055610133417417176,194,527,924,278
94,0.05,0.5,Isotonic calibration,62.000847,0.03770514411805268,0.03842993122204048,174,434,683,237
94,0.05,0.1,Multilabel,62.000847,0.03770514411805268,0.03842993122204048,174,434,683,237
94,0.05,0.1,Hoeffding/LTT,73.129656,0.02201075713694663,0.02077527934887571,135,267,384,181
94,0.05,0.1,Hoeffding-Bentkus,62.000847,0.03770514411805268,0.03842993122204048,174,434,683,237
94,0.05,0.1,IID-normal,62.000847,0.03770514411805268,0.03842993122204048,174,434,683,237
94,0.05,0.1,Empirical Bernstein,62.000847,0.03770514411805268,0.03842993122204048,174,434,683,237
94,0.05,0.1,Platt calibration,52.565611,0.05128799968477254,0.055610133417417176,194,527,924,278
94,0.05,0.1,Isotonic calibration,62.000847,0.03770514411805268,0.03842993122204048,174,434,683,237
94,0.1,0.5,Multilabel,37.784172,0.07806230339329222,0.08245817157046291,274,839,1594,396
94,0.1,0.5,Hoeffding/LTT,37.784172,0.07806230339329222,0.08245817157046291,274,839,1594,396
94,0.1,0.5,Hoeffding-Bentkus,37.784172,0.07806230339329222,0.08245817157046291,274,839,1594,396
94,0.1,0.5,IID-normal,37.784172,0.07806230339329222,0.08245817157046291,274,839,1594,396
94,0.1,0.5,Empirical Bernstein,37.784172,0.07806230339329222,0.08245817157046291,274,839,1594,396
94,0.1,0.5,Platt calibration,37.784172,0.07806230339329222,0.08245817157046291,274,839,1594,396
94,0.1,0.5,Isotonic calibration,37.784172,0.07806230339329222,0.08245817157046291,274,839,1594,396
94,0.1,0.1,Multilabel,37.784172,0.07806230339329222,0.08245817157046291,274,839,1594,396
94,0.1,0.1,Hoeffding/LTT,44.566222,0.06893728943791004,0.07119274251292461,229,629,1174,344
94,0.1,0.1,Hoeffding-Bentkus,37.784172,0.07806230339329222,0.08245817157046291,274,839,1594,396
94,0.1,0.1,IID-normal,37.784172,0.07806230339329222,0.08245817157046291,274,839,1594,396
94,0.1,0.1,Empirical Bernstein,44.566222,0.06893728943791004,0.07119274251292461,229,629,1174,344
94,0.1,0.1,Platt calibration,37.784172,0.07806230339329222,0.08245817157046291,274,839,1594,396
94,0.1,0.1,Isotonic calibration,37.784172,0.07806230339329222,0.08245817157046291,274,839,1594,396
94,0.2,0.5,Multilabel,27.159271,0.14194721405106178,0.1460161518100544,487,1408,2893,711
94,0.2,0.5,Hoeffding/LTT,27.159271,0.14194721405106178,0.1460161518100544,487,1408,2893,711
94,0.2,0.5,Hoeffding-Bentkus,27.159271,0.14194721405106178,0.1460161518100544,487,1408,2893,711
94,0.2,0.5,IID-normal,27.159271,0.14194721405106178,0.1460161518100544,487,1408,2893,711
94,0.2,0.5,Empirical Bernstein,27.159271,0.14194721405106178,0.1460161518100544,487,1408,2893,711
94,0.2,0.5,Platt calibration,27.159271,0.14194721405106178,0.1460161518100544,487,1408,2893,711
94,0.2,0.5,Isotonic calibration,27.159271,0.14194721405106178,0.1460161518100544,487,1408,2893,711
94,0.2,0.1,Multilabel,27.159271,0.14194721405106178,0.1460161518100544,487,1408,2893,711
94,0.2,0.1,Hoeffding/LTT,27.159271,0.14194721405106178,0.1460161518100544,487,1408,2893,711
94,0.2,0.1,Hoeffding-Bentkus,27.159271,0.14194721405106178,0.1460161518100544,487,1408,2893,711
94,0.2,0.1,IID-normal,27.159271,0.14194721405106178,0.1460161518100544,487,1408,2893,711
94,0.2,0.1,Empirical Bernstein,27.159271,0.14194721405106178,0.1460161518100544,487,1408,2893,711
94,0.2,0.1,Platt calibration,27.159271,0.14194721405106178,0.1460161518100544,487,1408,2893,711
94,0.2,0.1,Isotonic calibration,27.159271,0.14194721405106178,0.1460161518100544,487,1408,2893,711
95,0.05,0.5,Multilabel,62.000847,0.03559114998916405,0.038334679988701235,175,474,698,241
95,0.05,0.5,Hoeffding/LTT,73.129656,0.018390566818369883,0.020706304317836946,146,297,372,186
95,0.05,0.5,Hoeffding-Bentkus,62.000847,0.03559114998916405,0.038334679988701235,175,474,698,241
95,0.05,0.5,IID-normal,62.000847,0.03559114998916405,0.038334679988701235,175,474,698,241
95,0.05,0.5,Empirical Bernstein,62.000847,0.03559114998916405,0.038334679988701235,175,474,698,241
95,0.05,0.5,Platt calibration,52.565611,0.05275922532852611,0.05587059627272071,195,568,954,291
95,0.05,0.5,Isotonic calibration,62.000847,0.03559114998916405,0.038334679988701235,175,474,698,241
95,0.05,0.1,Multilabel,62.000847,0.03559114998916405,0.038334679988701235,175,474,698,241
95,0.05,0.1,Hoeffding/LTT,73.129656,0.018390566818369883,0.020706304317836946,146,297,372,186
95,0.05,0.1,Hoeffding-Bentkus,62.000847,0.03559114998916405,0.038334679988701235,175,474,698,241
95,0.05,0.1,IID-normal,62.000847,0.03559114998916405,0.038334679988701235,175,474,698,241
95,0.05,0.1,Empirical Bernstein,73.129656,0.018390566818369883,0.020706304317836946,146,297,372,186
95,0.05,0.1,Platt calibration,52.565611,0.05275922532852611,0.05587059627272071,195,568,954,291
95,0.05,0.1,Isotonic calibration,62.000847,0.03559114998916405,0.038334679988701235,175,474,698,241
95,0.1,0.5,Multilabel,37.784172,0.08177131561492339,0.08278136885875884,286,907,1718,416
95,0.1,0.5,Hoeffding/LTT,37.784172,0.08177131561492339,0.08278136885875884,286,907,1718,416
95,0.1,0.5,Hoeffding-Bentkus,37.784172,0.08177131561492339,0.08278136885875884,286,907,1718,416
95,0.1,0.5,IID-normal,37.784172,0.08177131561492339,0.08278136885875884,286,907,1718,416
95,0.1,0.5,Empirical Bernstein,37.784172,0.08177131561492339,0.08278136885875884,286,907,1718,416
95,0.1,0.5,Platt calibration,37.784172,0.08177131561492339,0.08278136885875884,286,907,1718,416
95,0.1,0.5,Isotonic calibration,37.784172,0.08177131561492339,0.08278136885875884,286,907,1718,416
95,0.1,0.1,Multilabel,37.784172,0.08177131561492339,0.08278136885875884,286,907,1718,416
95,0.1,0.1,Hoeffding/LTT,44.566222,0.07028833461394488,0.07127124266729729,229,671,1223,354
95,0.1,0.1,Hoeffding-Bentkus,37.784172,0.08177131561492339,0.08278136885875884,286,907,1718,416
95,0.1,0.1,IID-normal,37.784172,0.08177131561492339,0.08278136885875884,286,907,1718,416
95,0.1,0.1,Empirical Bernstein,44.566222,0.07028833461394488,0.07127124266729729,229,671,1223,354
95,0.1,0.1,Platt calibration,37.784172,0.08177131561492339,0.08278136885875884,286,907,1718,416
95,0.1,0.1,Isotonic calibration,37.784172,0.08177131561492339,0.08278136885875884,286,907,1718,416
95,0.2,0.5,Multilabel,27.159271,0.1426123191845161,0.14700184588789914,495,1510,3007,719
95,0.2,0.5,Hoeffding/LTT,27.159271,0.1426123191845161,0.14700184588789914,495,1510,3007,719
95,0.2,0.5,Hoeffding-Bentkus,27.159271,0.1426123191845161,0.14700184588789914,495,1510,3007,719
95,0.2,0.5,IID-normal,27.159271,0.1426123191845161,0.14700184588789914,495,1510,3007,719
95,0.2,0.5,Empirical Bernstein,27.159271,0.1426123191845161,0.14700184588789914,495,1510,3007,719
95,0.2,0.5,Platt calibration,27.159271,0.1426123191845161,0.14700184588789914,495,1510,3007,719
95,0.2,0.5,Isotonic calibration,27.159271,0.1426123191845161,0.14700184588789914,495,1510,3007,719
95,0.2,0.1,Multilabel,27.159271,0.1426123191845161,0.14700184588789914,495,1510,3007,719
95,0.2,0.1,Hoeffding/LTT,27.159271,0.1426123191845161,0.14700184588789914,495,1510,3007,719
95,0.2,0.1,Hoeffding-Bentkus,27.159271,0.1426123191845161,0.14700184588789914,495,1510,3007,719
95,0.2,0.1,IID-normal,27.159271,0.1426123191845161,0.14700184588789914,495,1510,3007,719
95,0.2,0.1,Empirical Bernstein,27.159271,0.1426123191845161,0.14700184588789914,495,1510,3007,719
95,0.2,0.1,Platt calibration,27.159271,0.1426123191845161,0.14700184588789914,495,1510,3007,719
95,0.2,0.1,Isotonic calibration,27.159271,0.1426123191845161,0.14700184588789914,495,1510,3007,719
96,0.05,0.5,Multilabel,62.000847,0.03688358256004098,0.03846507564261738,150,370,591,224
96,0.05,0.5,Hoeffding/LTT,73.129656,0.020583367811336368,0.021223617050627676,117,218,302,163
96,0.05,0.5,Hoeffding-Bentkus,62.000847,0.03688358256004098,0.03846507564261738,150,370,591,224
96,0.05,0.5,IID-normal,62.000847,0.03688358256004098,0.03846507564261738,150,370,591,224
96,0.05,0.5,Empirical Bernstein,62.000847,0.03688358256004098,0.03846507564261738,150,370,591,224
96,0.05,0.5,Platt calibration,52.565611,0.05454075299958626,0.05607801404463013,168,448,839,275
96,0.05,0.5,Isotonic calibration,62.000847,0.03688358256004098,0.03846507564261738,150,370,591,224
96,0.05,0.1,Multilabel,62.000847,0.03688358256004098,0.03846507564261738,150,370,591,224
96,0.05,0.1,Hoeffding/LTT,73.129656,0.020583367811336368,0.021223617050627676,117,218,302,163
96,0.05,0.1,Hoeffding-Bentkus,62.000847,0.03688358256004098,0.03846507564261738,150,370,591,224
96,0.05,0.1,IID-normal,62.000847,0.03688358256004098,0.03846507564261738,150,370,591,224
96,0.05,0.1,Empirical Bernstein,73.129656,0.020583367811336368,0.021223617050627676,117,218,302,163
96,0.05,0.1,Platt calibration,52.565611,0.05454075299958626,0.05607801404463013,168,448,839,275
96,0.05,0.1,Isotonic calibration,62.000847,0.03688358256004098,0.03846507564261738,150,370,591,224
96,0.1,0.5,Multilabel,37.784172,0.08235103860879617,0.08470068121054465,253,741,1524,396
96,0.1,0.5,Hoeffding/LTT,44.566222,0.0720895640010245,0.0727190614140538,205,547,1100,341
96,0.1,0.5,Hoeffding-Bentkus,37.784172,0.08235103860879617,0.08470068121054465,253,741,1524,396
96,0.1,0.5,IID-normal,37.784172,0.08235103860879617,0.08470068121054465,253,741,1524,396
96,0.1,0.5,Empirical Bernstein,44.566222,0.0720895640010245,0.0727190614140538,205,547,1100,341
96,0.1,0.5,Platt calibration,37.784172,0.08235103860879617,0.08470068121054465,253,741,1524,396
96,0.1,0.5,Isotonic calibration,37.784172,0.08235103860879617,0.08470068121054465,253,741,1524,396
96,0.1,0.1,Multilabel,37.784172,0.08235103860879617,0.08470068121054465,253,741,1524,396
96,0.1,0.1,Hoeffding/LTT,44.566222,0.0720895640010245,0.0727190614140538,205,547,1100,341
96,0.1,0.1,Hoeffding-Bentkus,44.566222,0.0720895640010245,0.0727190614140538,205,547,1100,341
96,0.1,0.1,IID-normal,37.784172,0.08235103860879617,0.08470068121054465,253,741,1524,396
96,0.1,0.1,Empirical Bernstein,44.566222,0.0720895640010245,0.0727190614140538,205,547,1100,341
96,0.1,0.1,Platt calibration,37.784172,0.08235103860879617,0.08470068121054465,253,741,1524,396
96,0.1,0.1,Isotonic calibration,37.784172,0.08235103860879617,0.08470068121054465,253,741,1524,396
96,0.2,0.5,Multilabel,27.159271,0.1503993179624127,0.14840564701924888,470,1314,2830,716
96,0.2,0.5,Hoeffding/LTT,27.159271,0.1503993179624127,0.14840564701924888,470,1314,2830,716
96,0.2,0.5,Hoeffding-Bentkus,27.159271,0.1503993179624127,0.14840564701924888,470,1314,2830,716
96,0.2,0.5,IID-normal,27.159271,0.1503993179624127,0.14840564701924888,470,1314,2830,716
96,0.2,0.5,Empirical Bernstein,27.159271,0.1503993179624127,0.14840564701924888,470,1314,2830,716
96,0.2,0.5,Platt calibration,27.159271,0.1503993179624127,0.14840564701924888,470,1314,2830,716
96,0.2,0.5,Isotonic calibration,27.159271,0.1503993179624127,0.14840564701924888,470,1314,2830,716
96,0.2,0.1,Multilabel,27.159271,0.1503993179624127,0.14840564701924888,470,1314,2830,716
96,0.2,0.1,Hoeffding/LTT,27.159271,0.1503993179624127,0.14840564701924888,470,1314,2830,716
96,0.2,0.1,Hoeffding-Bentkus,27.159271,0.1503993179624127,0.14840564701924888,470,1314,2830,716
96,0.2,0.1,IID-normal,27.159271,0.1503993179624127,0.14840564701924888,470,1314,2830,716
96,0.2,0.1,Empirical Bernstein,27.159271,0.1503993179624127,0.14840564701924888,470,1314,2830,716
96,0.2,0.1,Platt calibration,27.159271,0.1503993179624127,0.14840564701924888,470,1314,2830,716
96,0.2,0.1,Isotonic calibration,27.159271,0.1503993179624127,0.14840564701924888,470,1314,2830,716
97,0.05,0.5,Multilabel,62.000847,0.03892862068286148,0.0379861918556911,166,443,713,238
97,0.05,0.5,Hoeffding/LTT,62.000847,0.03892862068286148,0.0379861918556911,166,443,713,238
97,0.05,0.5,Hoeffding-Bentkus,62.000847,0.03892862068286148,0.0379861918556911,166,443,713,238
97,0.05,0.5,IID-normal,62.000847,0.03892862068286148,0.0379861918556911,166,443,713,238
97,0.05,0.5,Empirical Bernstein,62.000847,0.03892862068286148,0.0379861918556911,166,443,713,238
97,0.05,0.5,Platt calibration,52.565611,0.05685471954607246,0.054763547024548546,179,534,978,285
97,0.05,0.5,Isotonic calibration,62.000847,0.03892862068286148,0.0379861918556911,166,443,713,238
97,0.05,0.1,Multilabel,62.000847,0.03892862068286148,0.0379861918556911,166,443,713,238
97,0.05,0.1,Hoeffding/LTT,73.129656,0.024100124120810924,0.021085666988550144,138,274,394,190
97,0.05,0.1,Hoeffding-Bentkus,62.000847,0.03892862068286148,0.0379861918556911,166,443,713,238
97,0.05,0.1,IID-normal,62.000847,0.03892862068286148,0.0379861918556911,166,443,713,238
97,0.05,0.1,Empirical Bernstein,62.000847,0.03892862068286148,0.0379861918556911,166,443,713,238
97,0.05,0.1,Platt calibration,52.565611,0.05685471954607246,0.054763547024548546,179,534,978,285
97,0.05,0.1,Isotonic calibration,62.000847,0.03892862068286148,0.0379861918556911,166,443,713,238
97,0.1,0.5,Multilabel,37.784172,0.08464087055315853,0.08273341478956046,256,829,1696,392
97,0.1,0.5,Hoeffding/LTT,37.784172,0.08464087055315853,0.08273341478956046,256,829,1696,392
97,0.1,0.5,Hoeffding-Bentkus,37.784172,0.08464087055315853,0.08273341478956046,256,829,1696,392
97,0.1,0.5,IID-normal,37.784172,0.08464087055315853,0.08273341478956046,256,829,1696,392
97,0.1,0.5,Empirical Bernstein,37.784172,0.08464087055315853,0.08273341478956046,256,829,1696,392
97,0.1,0.5,Platt calibration,37.784172,0.08464087055315853,0.08273341478956046,256,829,1696,392
97,0.1,0.5,Isotonic calibration,37.784172,0.08464087055315853,0.08273341478956046,256,829,1696,392
97,0.1,0.1,Multilabel,37.784172,0.08464087055315853,0.08273341478956046,256,829,1696,392
97,0.1,0.1,Hoeffding/LTT,44.566222,0.07180782946194612,0.07111555616866694,210,633,1237,336
97,0.1,0.1,Hoeffding-Bentkus,37.784172,0.08464087055315853,0.08273341478956046,256,829,1696,392
97,0.1,0.1,IID-normal,37.784172,0.08464087055315853,0.08273341478956046,256,829,1696,392
97,0.1,0.1,Empirical Bernstein,37.784172,0.08464087055315853,0.08273341478956046,256,829,1696,392
97,0.1,0.1,Platt calibration,37.784172,0.08464087055315853,0.08273341478956046,256,829,1696,392
97,0.1,0.1,Isotonic calibration,37.784172,0.08464087055315853,0.08273341478956046,256,829,1696,392
97,0.2,0.5,Multilabel,27.159271,0.1556430789364178,0.147157678620639,478,1381,3025,726
97,0.2,0.5,Hoeffding/LTT,27.159271,0.1556430789364178,0.147157678620639,478,1381,3025,726
97,0.2,0.5,Hoeffding-Bentkus,27.159271,0.1556430789364178,0.147157678620639,478,1381,3025,726
97,0.2,0.5,IID-normal,27.159271,0.1556430789364178,0.147157678620639,478,1381,3025,726
97,0.2,0.5,Empirical Bernstein,27.159271,0.1556430789364178,0.147157678620639,478,1381,3025,726
97,0.2,0.5,Platt calibration,27.159271,0.1556430789364178,0.147157678620639,478,1381,3025,726
97,0.2,0.5,Isotonic calibration,27.159271,0.1556430789364178,0.147157678620639,478,1381,3025,726
97,0.2,0.1,Multilabel,27.159271,0.1556430789364178,0.147157678620639,478,1381,3025,726
97,0.2,0.1,Hoeffding/LTT,27.159271,0.1556430789364178,0.147157678620639,478,1381,3025,726
97,0.2,0.1,Hoeffding-Bentkus,27.159271,0.1556430789364178,0.147157678620639,478,1381,3025,726
97,0.2,0.1,IID-normal,27.159271,0.1556430789364178,0.147157678620639,478,1381,3025,726
97,0.2,0.1,Empirical Bernstein,27.159271,0.1556430789364178,0.147157678620639,478,1381,3025,726
97,0.2,0.1,Platt calibration,27.159271,0.1556430789364178,0.147157678620639,478,1381,3025,726
97,0.2,0.1,Isotonic calibration,27.159271,0.1556430789364178,0.147157678620639,478,1381,3025,726
98,0.05,0.5,Multilabel,62.000847,0.03564237445081467,0.038498906253079244,142,377,585,213
98,0.05,0.5,Hoeffding/LTT,73.129656,0.015411667356226727,0.02063732928679818,118,229,308,151
98,0.05,0.5,Hoeffding-Bentkus,62.000847,0.03564237445081467,0.038498906253079244,142,377,585,213
98,0.05,0.5,IID-normal,62.000847,0.03564237445081467,0.038498906253079244,142,377,585,213
98,0.05,0.5,Empirical Bernstein,62.000847,0.03564237445081467,0.038498906253079244,142,377,585,213
98,0.05,0.5,Platt calibration,52.565611,0.05522588017416317,0.05668499431777125,148,445,826,258
98,0.05,0.5,Isotonic calibration,62.000847,0.03564237445081467,0.038498906253079244,142,377,585,213
98,0.05,0.1,Multilabel,62.000847,0.03564237445081467,0.038498906253079244,142,377,585,213
98,0.05,0.1,Hoeffding/LTT,73.129656,0.015411667356226727,0.02063732928679818,118,229,308,151
98,0.05,0.1,Hoeffding-Bentkus,62.000847,0.03564237445081467,0.038498906253079244,142,377,585,213
98,0.05,0.1,IID-normal,62.000847,0.03564237445081467,0.038498906253079244,142,377,585,213
98,0.05,0.1,Empirical Bernstein,73.129656,0.015411667356226727,0.02063732928679818,118,229,308,151
98,0.05,0.1,Platt calibration,52.565611,0.05522588017416317,0.05668499431777125,148,445,826,258
98,0.05,0.1,Isotonic calibration,62.000847,0.03564237445081467,0.038498906253079244,142,377,585,213
98,0.1,0.5,Multilabel,37.784172,0.0789935378371456,0.08416831440351925,253,762,1554,395
98,0.1,0.5,Hoeffding/LTT,44.566222,0.0667316823295309,0.07250688108047743,190,549,1097,317
98,0.1,0.5,Hoeffding-Bentkus,37.784172,0.0789935378371456,0.08416831440351925,253,762,1554,395
98,0.1,0.5,IID-normal,37.784172,0.0789935378371456,0.08416831440351925,253,762,1554,395
98,0.1,0.5,Empirical Bernstein,44.566222,0.0667316823295309,0.07250688108047743,190,549,1097,317
98,0.1,0.5,Platt calibration,37.784172,0.0789935378371456,0.08416831440351925,253,762,1554,395
98,0.1,0.5,Isotonic calibration,37.784172,0.0789935378371456,0.08416831440351925,253,762,1554,395
98,0.1,0.1,Multilabel,37.784172,0.0789935378371456,0.08416831440351925,253,762,1554,395
98,0.1,0.1,Hoeffding/LTT,44.566222,0.0667316823295309,0.07250688108047743,190,549,1097,317
98,0.1,0.1,Hoeffding-Bentkus,44.566222,0.0667316823295309,0.07250688108047743,190,549,1097,317
98,0.1,0.1,IID-normal,37.784172,0.0789935378371456,0.08416831440351925,253,762,1554,395
98,0.1,0.1,Empirical Bernstein,44.566222,0.0667316823295309,0.07250688108047743,190,549,1097,317
98,0.1,0.1,Platt calibration,37.784172,0.0789935378371456,0.08416831440351925,253,762,1554,395
98,0.1,0.1,Isotonic calibration,37.784172,0.0789935378371456,0.08416831440351925,253,762,1554,395
98,0.2,0.5,Multilabel,27.159271,0.1442929054120614,0.14686199171990316,460,1330,2850,699
98,0.2,0.5,Hoeffding/LTT,27.159271,0.1442929054120614,0.14686199171990316,460,1330,2850,699
98,0.2,0.5,Hoeffding-Bentkus,27.159271,0.1442929054120614,0.14686199171990316,460,1330,2850,699
98,0.2,0.5,IID-normal,27.159271,0.1442929054120614,0.14686199171990316,460,1330,2850,699
98,0.2,0.5,Empirical Bernstein,27.159271,0.1442929054120614,0.14686199171990316,460,1330,2850,699
98,0.2,0.5,Platt calibration,27.159271,0.1442929054120614,0.14686199171990316,460,1330,2850,699
98,0.2,0.5,Isotonic calibration,27.159271,0.1442929054120614,0.14686199171990316,460,1330,2850,699
98,0.2,0.1,Multilabel,27.159271,0.1442929054120614,0.14686199171990316,460,1330,2850,699
98,0.2,0.1,Hoeffding/LTT,27.159271,0.1442929054120614,0.14686199171990316,460,1330,2850,699
98,0.2,0.1,Hoeffding-Bentkus,27.159271,0.1442929054120614,0.14686199171990316,460,1330,2850,699
98,0.2,0.1,IID-normal,27.159271,0.1442929054120614,0.14686199171990316,460,1330,2850,699
98,0.2,0.1,Empirical Bernstein,27.159271,0.1442929054120614,0.14686199171990316,460,1330,2850,699
98,0.2,0.1,Platt calibration,27.159271,0.1442929054120614,0.14686199171990316,460,1330,2850,699
98,0.2,0.1,Isotonic calibration,27.159271,0.1442929054120614,0.14686199171990316,460,1330,2850,699
99,0.05,0.5,Multilabel,62.000847,0.036402860689166025,0.03874491719711749,163,427,675,233
99,0.05,0.5,Hoeffding/LTT,73.129656,0.021307405875051717,0.021258104566147053,131,253,362,178
99,0.05,0.5,Hoeffding-Bentkus,62.000847,0.036402860689166025,0.03874491719711749,163,427,675,233
99,0.05,0.5,IID-normal,62.000847,0.036402860689166025,0.03874491719711749,163,427,675,233
99,0.05,0.5,Empirical Bernstein,62.000847,0.036402860689166025,0.03874491719711749,163,427,675,233
99,0.05,0.5,Platt calibration,52.565611,0.05529434363733081,0.05597619376071577,174,525,923,282
99,0.05,0.5,Isotonic calibration,62.000847,0.036402860689166025,0.03874491719711749,163,427,675,233
99,0.05,0.1,Multilabel,62.000847,0.036402860689166025,0.03874491719711749,163,427,675,233
99,0.05,0.1,Hoeffding/LTT,73.129656,0.021307405875051717,0.021258104566147053,131,253,362,178
99,0.05,0.1,Hoeffding-Bentkus,62.000847,0.036402860689166025,0.03874491719711749,163,427,675,233
99,0.05,0.1,IID-normal,62.000847,0.036402860689166025,0.03874491719711749,163,427,675,233
99,0.05,0.1,Empirical Bernstein,73.129656,0.021307405875051717,0.021258104566147053,131,253,362,178
99,0.05,0.1,Platt calibration,52.565611,0.05529434363733081,0.05597619376071577,174,525,923,282
99,0.05,0.1,Isotonic calibration,62.000847,0.036402860689166025,0.03874491719711749,163,427,675,233
99,0.1,0.5,Multilabel,37.784172,0.0805427494401429,0.08349991350750076,271,851,1632,406
99,0.1,0.5,Hoeffding/LTT,37.784172,0.0805427494401429,0.08349991350750076,271,851,1632,406
99,0.1,0.5,Hoeffding-Bentkus,37.784172,0.0805427494401429,0.08349991350750076,271,851,1632,406
99,0.1,0.5,IID-normal,37.784172,0.0805427494401429,0.08349991350750076,271,851,1632,406
99,0.1,0.5,Empirical Bernstein,37.784172,0.0805427494401429,0.08349991350750076,271,851,1632,406
99,0.1,0.5,Platt calibration,37.784172,0.0805427494401429,0.08349991350750076,271,851,1632,406
99,0.1,0.5,Isotonic calibration,37.784172,0.0805427494401429,0.08349991350750076,271,851,1632,406
99,0.1,0.1,Multilabel,37.784172,0.0805427494401429,0.08349991350750076,271,851,1632,406
99,0.1,0.1,Hoeffding/LTT,44.566222,0.06810045904998324,0.07221636481879275,215,640,1184,339
99,0.1,0.1,Hoeffding-Bentkus,37.784172,0.0805427494401429,0.08349991350750076,271,851,1632,406
99,0.1,0.1,IID-normal,37.784172,0.0805427494401429,0.08349991350750076,271,851,1632,406
99,0.1,0.1,Empirical Bernstein,44.566222,0.06810045904998324,0.07221636481879275,215,640,1184,339
99,0.1,0.1,Platt calibration,37.784172,0.0805427494401429,0.08349991350750076,271,851,1632,406
99,0.1,0.1,Isotonic calibration,37.784172,0.0805427494401429,0.08349991350750076,271,851,1632,406
99,0.2,0.5,Multilabel,27.159271,0.14287341169840137,0.14660335525972168,471,1425,2916,713
99,0.2,0.5,Hoeffding/LTT,27.159271,0.14287341169840137,0.14660335525972168,471,1425,2916,713
99,0.2,0.5,Hoeffding-Bentkus,27.159271,0.14287341169840137,0.14660335525972168,471,1425,2916,713
99,0.2,0.5,IID-normal,27.159271,0.14287341169840137,0.14660335525972168,471,1425,2916,713
99,0.2,0.5,Empirical Bernstein,27.159271,0.14287341169840137,0.14660335525972168,471,1425,2916,713
99,0.2,0.5,Platt calibration,27.159271,0.14287341169840137,0.14660335525972168,471,1425,2916,713
99,0.2,0.5,Isotonic calibration,27.159271,0.14287341169840137,0.14660335525972168,471,1425,2916,713
99,0.2,0.1,Multilabel,27.159271,0.14287341169840137,0.14660335525972168,471,1425,2916,713
99,0.2,0.1,Hoeffding/LTT,27.159271,0.14287341169840137,0.14660335525972168,471,1425,2916,713
99,0.2,0.1,Hoeffding-Bentkus,27.159271,0.14287341169840137,0.14660335525972168,471,1425,2916,713
99,0.2,0.1,IID-normal,27.159271,0.14287341169840137,0.14660335525972168,471,1425,2916,713
99,0.2,0.1,Empirical Bernstein,27.159271,0.14287341169840137,0.14660335525972168,471,1425,2916,713
99,0.2,0.1,Platt calibration,27.159271,0.14287341169840137,0.14660335525972168,471,1425,2916,713
99,0.2,0.1,Isotonic calibration,27.159271,0.14287341169840137,0.14660335525972168,471,1425,2916,713
