dataset,seed,alpha,delta,method,policy,p_selected,cal_mean,cal_sd,unit_fdp,unit_yield,go_yield,total_calls,genes_with_calls,term_fdp,unit_fdp_direct,go_yield_direct,n_relaxed_eval
DRIVE,0,0.1,0.1,GoCo-oracle (paper path),adapt_275_to_250_q0.75,0.03480144933114597,0.09187204778115377,0.27504144240472894,0.07957269826839711,98,267.0,1503.0,188,0.8223552894211577,0.08202998066612517,226.0,76
DRIVE,0,0.1,0.1,GoCo-knapk0.5 (paper path),adapt_275_to_250_q0.275,0.08697957957607394,0.09383100377944167,0.2785971488633804,0.08134833883385444,93,251.0,1466.0,188,0.8287858117326057,0.08346560833782986,212.0,33
DRIVE,0,0.1,0.1,GoCo-knapk2 (paper path),adapt_275_to_250_q0.2,0.08842878209316224,0.09387037376984361,0.2786839749191475,0.08131991899140001,94,251.0,1467.0,188,0.8289025221540559,0.08344666177619357,212.0,32
DRIVE,0,0.1,0.1,GoCo-knapk4 (paper path),adapt_275_to_250_q0.175,0.07637935147932065,0.09352324057162914,0.2781227466209507,0.08141275719401059,93,249.0,1455.0,188,0.8288659793814434,0.08353949997880415,210.0,28
DRIVE,0,0.1,0.5,GoCo-oracle (paper path),adapt_250_to_225_q0.75,0.24013853678667585,0.09676847165396106,0.2811006965582511,0.08316397593413487,103,303.0,1905.0,192,0.8409448818897638,0.08562910660350355,250.0,100
DRIVE,0,0.1,0.5,GoCo-knapk0.5 (paper path),adapt_250_to_225_q0.5,0.4856523907192571,0.09983238256894625,0.28610584271914,0.08635592859841151,104,300.0,1955.0,195,0.8465473145780051,0.08854815728310249,247.0,66
DRIVE,0,0.1,0.5,GoCo-knapk2 (paper path),adapt_250_to_225_q0.4,0.48446414779182884,0.09981842622832847,0.28621273937748637,0.08546909818756801,104,297.0,1900.0,194,0.8436842105263158,0.08770944881660553,246.0,45
DRIVE,0,0.1,0.5,GoCo-knapk4 (paper path),adapt_250_to_225_q0.35,0.4865500837887445,0.09984280170591188,0.2862376079637833,0.08549902405125392,104,295.0,1895.0,194,0.8443271767810027,0.0877570581293865,244.0,43
DRIVE,1,0.1,0.1,GoCo-oracle (paper path),adapt_250_to_225_q0.75,0.052331067073752534,0.09275078973102949,0.27430509601589886,0.09467285052534756,98,226.0,2036.0,210,0.8889980353634578,0.09645587062013561,194.0,99
DRIVE,1,0.1,0.1,GoCo-knapk0.5 (paper path),adapt_250_to_225_q0.3,0.0964550059027407,0.09412609353384858,0.27700046509087145,0.09578580544861305,90,204.0,1785.0,210,0.8857142857142857,0.09728461488172294,177.0,10
DRIVE,1,0.1,0.1,GoCo-knapk2 (paper path),adapt_250_to_225_q0.15,0.08679626891415726,0.0938627465610795,0.27692758509214915,0.09591843144330801,90,202.0,1799.0,210,0.8877153974430239,0.0974172408764179,175.0,6
DRIVE,1,0.1,0.1,GoCo-knapk4 (paper path),adapt_250_to_225_q0.1,0.09678087066763974,0.09412799855046942,0.2773161994100447,0.09618368343269794,89,200.0,1797.0,210,0.8887033945464663,0.09768249286580781,173.0,5
DRIVE,1,0.1,0.5,GoCo-oracle (paper path),adapt_250_to_225_q0.75,0.052331067073752534,0.09275078973102949,0.27430509601589886,0.09467285052534756,98,226.0,2036.0,210,0.8889980353634578,0.09645587062013561,194.0,99
DRIVE,1,0.1,0.5,GoCo-knapk0.5 (paper path),adapt_250_to_225_q0.6,0.49589542813818177,0.09995222856890934,0.2850844089086712,0.09952121509797376,98,227.0,2135.0,217,0.8936768149882904,0.10111509338614162,194.0,91
DRIVE,1,0.1,0.5,GoCo-knapk2 (paper path),adapt_250_to_225_q0.6,0.44992920999069136,0.09941730374366599,0.284310896230481,0.09888861427572741,98,227.0,2121.0,216,0.892975011786893,0.10048249256389527,194.0,77
DRIVE,1,0.1,0.5,GoCo-knapk4 (paper path),adapt_250_to_225_q0.6,0.46559246076669,0.0995997716008194,0.28457421020063467,0.09903892371951743,98,225.0,2119.0,216,0.8938178386031147,0.10063280200768529,192.0,75
DRIVE,2,0.1,0.1,GoCo-oracle (paper path),adapt_250_to_225_q0.75,0.031116734260719738,0.09168797587526256,0.2737064979713925,0.09557746218749635,114,327.0,2156.0,221,0.8483302411873841,0.09788863273134915,275.0,140
DRIVE,2,0.1,0.1,GoCo-knapk0.5 (paper path),adapt_250_to_225_q0.5,0.0881562050797362,0.09389460927927842,0.2772325864718128,0.09974285361779463,111,320.0,2161.0,226,0.8519204072188802,0.1017378635210447,272.0,92
DRIVE,2,0.1,0.1,GoCo-knapk2 (paper path),adapt_250_to_225_q0.4,0.0797177021161114,0.0936490510755888,0.27715552547233413,0.09869028547240188,111,313.0,2102.0,225,0.8510941960038059,0.1007336071536775,265.0,63
DRIVE,2,0.1,0.1,GoCo-knapk4 (paper path),adapt_250_to_225_q0.35,0.0846232922558891,0.0937866124060173,0.2775324134155675,0.09821277635483273,109,302.0,2043.0,224,0.8521781693587861,0.1002392237951648,257.0,43
DRIVE,2,0.1,0.5,GoCo-oracle (paper path),adapt_225_to_200_q0.75,0.4136790371946587,0.09899368074275454,0.28331421755256364,0.10221491878956003,119,382.0,2559.0,233,0.8507229386479094,0.10475931120171787,321.0,111
DRIVE,2,0.1,0.5,GoCo-knapk0.5 (paper path),adapt_225_to_200_q0.275,0.4960940486992919,0.09995448292882753,0.28544424233435983,0.10345460616783375,115,338.0,2288.0,233,0.8522727272727273,0.10577591195979232,282.0,9
DRIVE,2,0.1,0.5,GoCo-knapk2 (paper path),adapt_225_to_200_q0.225,0.499154611048984,0.0999901448146734,0.285554260359355,0.10348440969180049,115,339.0,2319.0,233,0.8538163001293662,0.1058019681697815,283.0,10
DRIVE,2,0.1,0.5,GoCo-knapk4 (paper path),adapt_225_to_200_q0.125,0.4757187668923701,0.09971715867203174,0.28515728387565276,0.10355856156949972,114,332.0,2250.0,233,0.8524444444444444,0.10585308210919327,278.0,5
DRIVE,3,0.1,0.1,GoCo-oracle (paper path),adapt_250_to_225_q0.75,0.030872258565294176,0.09169313448730768,0.2730245506593609,0.09376895399245407,107,302.0,2318.0,210,0.8697152717860225,0.09609308155841473,247.0,106
DRIVE,3,0.1,0.1,GoCo-knapk0.5 (paper path),adapt_250_to_225_q0.3,0.09072109103178816,0.09396231883163478,0.2774136813034044,0.09678418955689083,101,289.0,2253.0,213,0.8717265867731913,0.09883106630740178,239.0,40
DRIVE,3,0.1,0.1,GoCo-knapk2 (paper path),adapt_250_to_225_q0.2,0.09516365243159375,0.09407723181206605,0.27768533125178047,0.0958256012564945,100,281.0,2231.0,211,0.8740475123263111,0.09773464285094162,233.0,31
DRIVE,3,0.1,0.1,GoCo-knapk4 (paper path),adapt_250_to_225_q0.15,0.09515939369279935,0.09407709174115082,0.2776865623897424,0.09585458871856609,99,278.0,2201.0,211,0.8736937755565652,0.09777273211618318,230.0,25
DRIVE,3,0.1,0.5,GoCo-oracle (paper path),adapt_250_to_225_q0.75,0.030872258565294176,0.09169313448730768,0.2730245506593609,0.09376895399245407,107,302.0,2318.0,210,0.8697152717860225,0.09609308155841473,247.0,106
DRIVE,3,0.1,0.5,GoCo-knapk0.5 (paper path),adapt_250_to_225_q0.75,0.4665653592477106,0.09961169023728814,0.28415351563427477,0.1021735202333339,108,309.0,2486.0,223,0.8757039420756235,0.10448896063575694,251.0,143
DRIVE,3,0.1,0.5,GoCo-knapk2 (paper path),adapt_250_to_225_q0.75,0.4674517194397365,0.09962167108248653,0.28440653284704487,0.1011672377981621,108,307.0,2470.0,221,0.8757085020242915,0.10332547042825178,251.0,126
DRIVE,3,0.1,0.5,GoCo-knapk4 (paper path),adapt_250_to_225_q0.75,0.48646968738896473,0.09984271440961316,0.2846941628867633,0.1011672377981621,108,307.0,2471.0,221,0.8757588021044111,0.10332547042825178,251.0,127
DRIVE,4,0.1,0.1,GoCo-oracle (paper path),adapt_250_to_225_q0.75,0.018107901804746803,0.09078531009132729,0.27012938441220186,0.09588360284462531,92,264.0,2268.0,208,0.8835978835978836,0.09807144344169202,218.0,122
DRIVE,4,0.1,0.1,GoCo-knapk0.5 (paper path),adapt_250_to_225_q0.275,0.08163741339517339,0.093736330730055,0.27586244685484146,0.09676266454100925,86,243.0,2083.0,208,0.8833413346135381,0.09858199108975003,204.0,30
DRIVE,4,0.1,0.1,GoCo-knapk2 (paper path),adapt_250_to_225_q0.2,0.08253108044429674,0.0937632742587388,0.27584232368004485,0.09670095299061793,87,241.0,2082.0,208,0.8842459173871278,0.09852027953935871,202.0,24
DRIVE,4,0.1,0.1,GoCo-knapk4 (paper path),adapt_250_to_225_q0.175,0.08982501110275215,0.09396589730399357,0.2761116789453221,0.09671863643971298,87,240.0,2080.0,208,0.8846153846153846,0.09849375433409562,202.0,23
DRIVE,4,0.1,0.5,GoCo-oracle (paper path),adapt_225_to_200_q0.75,0.35767034125729524,0.0983349086435151,0.280337677125876,0.10495272334912095,105,313.0,2679.0,227,0.8831653602090332,0.10807614602365924,249.0,117
DRIVE,4,0.1,0.5,GoCo-knapk0.5 (paper path),adapt_225_to_200_q0.225,0.47194382711578964,0.09967538628243008,0.2831787876479531,0.10646563370759038,96,291.0,2541.0,227,0.885478158205431,0.10880248025652585,237.0,23
DRIVE,4,0.1,0.5,GoCo-knapk2 (paper path),adapt_225_to_200_q0.175,0.48023219729648137,0.09977113654347883,0.2834790457018656,0.10659368620785226,95,286.0,2526.0,227,0.8867775138558986,0.10893576800507007,232.0,19
DRIVE,4,0.1,0.5,GoCo-knapk4 (paper path),adapt_225_to_200_q0.15,0.47668403885413935,0.09973010174949859,0.2833870637943349,0.10694735552176873,94,282.0,2521.0,227,0.8881396271320905,0.10920101999445998,229.0,18
DRIVE,5,0.1,0.1,GoCo-oracle (paper path),adapt_275_to_250_q0.75,0.03960799101119114,0.09215514061858862,0.274420169183716,0.0790418785272922,97,232.0,1570.0,188,0.8522292993630574,0.08176917733342957,194.0,68
DRIVE,5,0.1,0.1,GoCo-knapk0.5 (paper path),adapt_275_to_250_q0.6,0.07881808171744165,0.09362027327720303,0.2772107970278987,0.08069927725614856,96,232.0,1627.0,188,0.8574062692071297,0.08323809102928607,195.0,66
DRIVE,5,0.1,0.1,GoCo-knapk2 (paper path),adapt_275_to_250_q0.6,0.08225845390562697,0.09371929301902533,0.2774291500935682,0.0815613462216658,95,232.0,1633.0,189,0.8579301898346602,0.0841266852000664,195.0,63
DRIVE,5,0.1,0.1,GoCo-knapk4 (paper path),adapt_275_to_250_q0.75,0.08339486354885345,0.09375152895004743,0.2774917747647863,0.08319939689547694,96,233.0,1650.0,192,0.8587878787878788,0.08573821066861444,196.0,74
DRIVE,5,0.1,0.5,GoCo-oracle (paper path),adapt_250_to_225_q0.75,0.12927867831343703,0.09489705070497503,0.277324017662615,0.08507783148902165,102,278.0,2000.0,196,0.861,0.08762282186857269,232.0,104
DRIVE,5,0.1,0.5,GoCo-knapk0.5 (paper path),adapt_250_to_225_q0.6,0.45523881682216427,0.09947938875589193,0.2843010399031396,0.08802304407013506,100,277.0,2033.0,199,0.8637481554353172,0.09030653677821475,231.0,75
DRIVE,5,0.1,0.5,GoCo-knapk2 (paper path),adapt_250_to_225_q0.6,0.4723245407680658,0.09967809515543262,0.28468502981012,0.08806122429174833,100,277.0,2033.0,199,0.8637481554353172,0.0903520851141578,231.0,74
DRIVE,5,0.1,0.5,GoCo-knapk4 (paper path),adapt_250_to_225_q0.5,0.4952265022637259,0.0999444143762639,0.28523061601647964,0.08825911068473634,99,267.0,2001.0,199,0.8665667166416792,0.09043502897735615,224.0,57
DRIVE,6,0.1,0.1,GoCo-oracle (paper path),adapt_275_to_250_q0.75,0.02244259248062542,0.09110149642358724,0.2724052241723251,0.08482462661019687,87,227.0,1611.0,194,0.8590937306021105,0.08717145538772765,204.0,93
DRIVE,6,0.1,0.1,GoCo-knapk0.5 (paper path),adapt_275_to_250_q0.6,0.089548864680353,0.0939454086658493,0.2766976401071967,0.08657319133888822,87,229.0,1628.0,195,0.8593366093366094,0.08872262959613092,206.0,87
DRIVE,6,0.1,0.1,GoCo-knapk2 (paper path),adapt_275_to_250_q0.5,0.058733412166946046,0.09297039316725035,0.2757083691604606,0.086107910635933,85,226.0,1600.0,194,0.85875,0.08813419619510914,204.0,63
DRIVE,6,0.1,0.1,GoCo-knapk4 (paper path),adapt_275_to_250_q0.6,0.08510837961051748,0.09381287516112037,0.27698823217540636,0.08597086377896428,86,227.0,1611.0,194,0.8590937306021105,0.08817398398719352,204.0,68
DRIVE,6,0.1,0.5,GoCo-oracle (paper path),adapt_250_to_225_q0.75,0.15235422734632487,0.09536117685252223,0.27750235670137297,0.08781451346545384,93,259.0,1949.0,198,0.8671113391482812,0.09033680617493091,227.0,102
DRIVE,6,0.1,0.5,GoCo-knapk0.5 (paper path),adapt_250_to_225_q0.75,0.4427855663200887,0.09933589778702202,0.2833433838997196,0.0935045405313254,91,259.0,2009.0,206,0.8710801393728222,0.09584113099372671,227.0,77
DRIVE,6,0.1,0.5,GoCo-knapk2 (paper path),adapt_250_to_225_q0.75,0.4188172781519297,0.09905569577485876,0.2829424198169485,0.0925143995715073,92,261.0,2031.0,204,0.8714918759231906,0.09489798258881355,228.0,81
DRIVE,6,0.1,0.5,GoCo-knapk4 (paper path),adapt_250_to_225_q0.75,0.4871928243727341,0.09985145174302852,0.2840666952500611,0.09306827099000743,92,260.0,2033.0,205,0.8721101819970487,0.09545185400731368,227.0,80
DRIVE,7,0.1,0.1,GoCo-oracle (paper path),global_300,0.0010363437067375247,0.08661047828529495,0.26695582100901577,0.07363066662211633,74,185.0,1185.0,173,0.8438818565400844,0.07467983681263911,163.0,0
DRIVE,7,0.1,0.1,GoCo-knapk0.5 (paper path),global_300,0.0010363437067375247,0.08661047828529495,0.26695582100901577,0.07363066662211633,74,185.0,1185.0,173,0.8438818565400844,0.07467983681263911,163.0,0
DRIVE,7,0.1,0.1,GoCo-knapk2 (paper path),global_300,0.0010363437067375247,0.08661047828529495,0.26695582100901577,0.07363066662211633,74,185.0,1185.0,173,0.8438818565400844,0.07467983681263911,163.0,0
DRIVE,7,0.1,0.1,GoCo-knapk4 (paper path),global_300,0.0010363437067375247,0.08661047828529495,0.26695582100901577,0.07363066662211633,74,185.0,1185.0,173,0.8438818565400844,0.07467983681263911,163.0,0
DRIVE,7,0.1,0.5,GoCo-oracle (paper path),adapt_250_to_225_q0.75,0.3307729322915546,0.09799196384155466,0.28163486406362526,0.08449035304294657,96,279.0,2206.0,193,0.8735267452402539,0.0866932643819551,233.0,110
DRIVE,7,0.1,0.5,GoCo-knapk0.5 (paper path),adapt_250_to_225_q0.3,0.46530613420996847,0.09959664089847306,0.2844273686511045,0.08589166252619392,90,255.0,2032.0,194,0.874507874015748,0.08787437149321052,214.0,25
DRIVE,7,0.1,0.5,GoCo-knapk2 (paper path),adapt_250_to_225_q0.3,0.49686934485933937,0.09996357283083133,0.2850141854250212,0.08589905913059528,90,255.0,2056.0,194,0.8759727626459144,0.08786694035922185,214.0,27
DRIVE,7,0.1,0.5,GoCo-knapk4 (paper path),adapt_250_to_225_q0.225,0.4776068542182974,0.09973947293167089,0.28483295616965887,0.08591409366706322,90,254.0,2026.0,194,0.8746298124383021,0.08788197489568979,213.0,22
DRIVE,8,0.1,0.1,GoCo-oracle (paper path),adapt_250_to_225_q0.75,0.04676547593914601,0.09251102346640366,0.27418570723126084,0.09484287845835446,111,320.0,2243.0,216,0.8573339277753009,0.09734669190977233,261.0,133
DRIVE,8,0.1,0.1,GoCo-knapk0.5 (paper path),adapt_250_to_225_q0.2,0.0968266151166482,0.09412853192113123,0.2773479529187757,0.096420304457452,103,285.0,1999.0,216,0.8574287143571786,0.098575061551772,233.0,19
DRIVE,8,0.1,0.1,GoCo-knapk2 (paper path),adapt_250_to_225_q0.125,0.09437845543175111,0.09406580179534477,0.2772360180811125,0.0967669189055339,99,276.0,1976.0,216,0.8603238866396761,0.09884841591515023,227.0,10
DRIVE,8,0.1,0.1,GoCo-knapk4 (paper path),adapt_250_to_225_q0.125,0.0975367199325683,0.09414561628821042,0.2774227852842296,0.09691515926182745,100,277.0,2012.0,216,0.8623260437375746,0.0989941057618164,228.0,14
DRIVE,8,0.1,0.5,GoCo-oracle (paper path),adapt_250_to_225_q0.75,0.04676547593914601,0.09251102346640366,0.27418570723126084,0.09484287845835446,111,320.0,2243.0,216,0.8573339277753009,0.09734669190977233,261.0,133
DRIVE,8,0.1,0.5,GoCo-knapk0.5 (paper path),adapt_250_to_225_q0.6,0.31829237595925786,0.0978286427630986,0.28217544516383325,0.09959601393903282,111,314.0,2288.0,222,0.8627622377622378,0.10173799216114873,257.0,97
DRIVE,8,0.1,0.5,GoCo-knapk2 (paper path),adapt_250_to_225_q0.75,0.4108219470980391,0.09895857568998236,0.2836511132606708,0.10095658821673861,111,315.0,2303.0,224,0.8632218844984803,0.10309856643885452,258.0,111
DRIVE,8,0.1,0.5,GoCo-knapk4 (paper path),adapt_250_to_225_q0.75,0.41157335147537516,0.09896741741452988,0.28367348400980913,0.10096496458236988,111,315.0,2304.0,224,0.86328125,0.10310694280448579,258.0,112
DRIVE,9,0.1,0.1,GoCo-oracle (paper path),adapt_250_to_225_q0.75,0.009341466791527748,0.08967921412908114,0.26945328613154695,0.10164287987533235,104,272.0,2204.0,226,0.8765880217785844,0.10351631257989362,238.0,135
DRIVE,9,0.1,0.1,GoCo-knapk0.5 (paper path),adapt_250_to_225_q0.4,0.03070817393175423,0.09167312562307565,0.273336863499788,0.10263132390514293,98,241.0,1971.0,226,0.8777270421106037,0.10385054687448142,218.0,21
DRIVE,9,0.1,0.1,GoCo-knapk2 (paper path),adapt_250_to_225_q0.5,0.07082848160316162,0.09340220717046242,0.2756486427390764,0.10391562259323717,103,257.0,2135.0,228,0.8796252927400469,0.10519616625195156,230.0,62
DRIVE,9,0.1,0.1,GoCo-knapk4 (paper path),adapt_250_to_225_q0.5,0.07082848160316162,0.09340220717046242,0.2756486427390764,0.10391562259323717,103,257.0,2135.0,228,0.8796252927400469,0.10519616625195156,230.0,62
DRIVE,9,0.1,0.5,GoCo-oracle (paper path),adapt_225_to_200_q0.75,0.3371198833235358,0.09808289007498668,0.2800404410587235,0.10814220117953476,112,304.0,2567.0,238,0.8815738215816128,0.11012538526039224,264.0,113
DRIVE,9,0.1,0.5,GoCo-knapk0.5 (paper path),adapt_225_to_200_q0.6,0.4842874092566066,0.09981839878963855,0.2830344846486979,0.11001037677023708,108,301.0,2614.0,239,0.8848508033664881,0.11182562133361554,262.0,88
DRIVE,9,0.1,0.5,GoCo-knapk2 (paper path),adapt_225_to_200_q0.275,0.4829248846217849,0.0998020839114088,0.28383472671960963,0.10885344574558956,104,277.0,2376.0,237,0.8834175084175084,0.11057455534960293,243.0,13
DRIVE,9,0.1,0.5,GoCo-knapk4 (paper path),adapt_225_to_200_q0.275,0.48225432801349105,0.09979434017714518,0.2837882794055356,0.10892395895735338,104,283.0,2419.0,237,0.8830095080611823,0.11064506856136676,249.0,20
DRIVE,10,0.1,0.1,GoCo-oracle (paper path),adapt_275_to_250_q0.75,0.012872389575871706,0.09017655498469224,0.27047169100519913,0.08358954651286178,94,270.0,1621.0,199,0.8334361505243677,0.084966399340794,239.0,86
DRIVE,10,0.1,0.1,GoCo-knapk0.5 (paper path),adapt_275_to_250_q0.75,0.0402490461259702,0.09218537250943779,0.27452784365878136,0.08582911270841047,91,265.0,1669.0,198,0.8412222887956861,0.08709126710101212,235.0,68
DRIVE,10,0.1,0.1,GoCo-knapk2 (paper path),adapt_275_to_250_q0.75,0.04080255785065366,0.09221209252860882,0.2745876480085009,0.08584395195666296,90,264.0,1672.0,197,0.8421052631578947,0.08710610634926459,234.0,69
DRIVE,10,0.1,0.1,GoCo-knapk4 (paper path),adapt_275_to_250_q0.75,0.046505145747794456,0.09247734451799873,0.27498116151408336,0.08584395195666296,90,264.0,1672.0,197,0.8421052631578947,0.08710610634926459,234.0,69
DRIVE,10,0.1,0.5,GoCo-oracle (paper path),adapt_250_to_225_q0.75,0.06934434094750094,0.09338835377433888,0.2741672457532542,0.08991401997896341,97,304.0,2068.0,208,0.8529980657640233,0.09133071781627695,264.0,116
DRIVE,10,0.1,0.5,GoCo-knapk0.5 (paper path),adapt_250_to_225_q0.75,0.3934442223716203,0.09875729941720988,0.2822314857221622,0.09579475088840454,99,309.0,2169.0,215,0.8575380359612724,0.09739460433667788,266.0,113
DRIVE,10,0.1,0.5,GoCo-knapk2 (paper path),adapt_250_to_225_q0.75,0.4393309908226151,0.09929643461890815,0.28296578012186435,0.09639147219670546,99,309.0,2170.0,216,0.8576036866359447,0.09798395753064902,266.0,111
DRIVE,10,0.1,0.5,GoCo-knapk4 (paper path),adapt_250_to_225_q0.75,0.4849708837439374,0.09982595015663051,0.2836077987413643,0.09714034798923159,99,310.0,2196.0,217,0.8588342440801457,0.09869178782565524,267.0,136
DRIVE,11,0.1,0.1,GoCo-oracle (paper path),adapt_250_to_225_q0.75,0.0174731154355806,0.09067167805739992,0.2715823588334621,0.09792288791595782,114,270.0,2189.0,222,0.8766560073092736,0.10054259036200748,227.0,118
DRIVE,11,0.1,0.1,GoCo-knapk0.5 (paper path),adapt_250_to_225_q0.35,0.0754938463269233,0.09352779220048565,0.27672800886716437,0.10033582679789009,106,248.0,2082.0,223,0.8808837656099904,0.10213470637640207,213.0,29
DRIVE,11,0.1,0.1,GoCo-knapk2 (paper path),adapt_250_to_225_q0.3,0.09832844855611744,0.09416138180370988,0.27765731797351256,0.1005340314986535,107,252.0,2141.0,223,0.8822979915927137,0.10233291107716548,217.0,35
DRIVE,11,0.1,0.1,GoCo-knapk4 (paper path),adapt_250_to_225_q0.275,0.09832844855611744,0.09416138180370988,0.27765731797351256,0.10046771850130602,108,253.0,2148.0,223,0.8822160148975792,0.10233291107716548,217.0,36
DRIVE,11,0.1,0.5,GoCo-oracle (paper path),adapt_250_to_225_q0.75,0.0174731154355806,0.09067167805739992,0.2715823588334621,0.09792288791595782,114,270.0,2189.0,222,0.8766560073092736,0.10054259036200748,227.0,118
DRIVE,11,0.1,0.5,GoCo-knapk0.5 (paper path),adapt_250_to_225_q0.75,0.35261848266595547,0.09826092745723396,0.28229110586970685,0.10639708692736588,114,274.0,2353.0,234,0.8835529111772206,0.10872589617730452,230.0,156
DRIVE,11,0.1,0.5,GoCo-knapk2 (paper path),adapt_250_to_225_q0.75,0.35618234247595426,0.09830513612740235,0.2822626621102546,0.10639708692736588,114,275.0,2354.0,234,0.883177570093458,0.10872589617730452,231.0,157
DRIVE,11,0.1,0.5,GoCo-knapk4 (paper path),adapt_250_to_225_q0.75,0.36713007717745283,0.09843776212209732,0.2825686751765501,0.10639708692736588,114,275.0,2354.0,234,0.883177570093458,0.10872589617730452,231.0,157
DRIVE,12,0.1,0.1,GoCo-oracle (paper path),adapt_250_to_225_q0.75,0.008193063070685732,0.08948668194465359,0.26894475998935086,0.0961864155941996,96,254.0,2090.0,216,0.8784688995215311,0.09832418517503562,215.0,106
DRIVE,12,0.1,0.1,GoCo-knapk0.5 (paper path),adapt_250_to_225_q0.6,0.0943998456100617,0.09408347707449283,0.276437003955995,0.10372127548294928,96,253.0,2233.0,227,0.8866995073891626,0.10562956024070001,213.0,97
DRIVE,12,0.1,0.1,GoCo-knapk2 (paper path),adapt_250_to_225_q0.4,0.060023067777956185,0.09303186020816352,0.27521649532622366,0.10299761215476838,95,244.0,2174.0,225,0.8877644894204232,0.10484440665820549,206.0,66
DRIVE,12,0.1,0.1,GoCo-knapk4 (paper path),adapt_250_to_225_q0.4,0.07631497375116286,0.09357285519335568,0.27590563876988783,0.10344070774016392,96,244.0,2175.0,226,0.887816091954023,0.1054032033966454,205.0,65
DRIVE,12,0.1,0.5,GoCo-oracle (paper path),adapt_225_to_200_q0.75,0.21703544975217254,0.09645446031811383,0.2782982720237223,0.1081327334560197,108,297.0,2711.0,237,0.8904463297676134,0.11091676307768025,242.0,121
DRIVE,12,0.1,0.5,GoCo-knapk0.5 (paper path),adapt_225_to_200_q0.3,0.4142358446330721,0.09900346095587277,0.28241128938947874,0.10997234283296752,106,291.0,2741.0,238,0.893834367019336,0.11254438850386389,238.0,90
DRIVE,12,0.1,0.5,GoCo-knapk2 (paper path),adapt_225_to_200_q0.3,0.3389810466937776,0.09809891339638505,0.2811043063589544,0.10944510016106168,105,287.0,2705.0,237,0.8939001848428836,0.11201532354247348,235.0,71
DRIVE,12,0.1,0.5,GoCo-knapk4 (paper path),adapt_225_to_200_q0.3,0.3437382410105282,0.09815756108621704,0.28121154439666024,0.10947302141145307,104,286.0,2703.0,237,0.8941916389197189,0.11204324479286487,234.0,70
DRIVE,13,0.1,0.1,GoCo-oracle (paper path),adapt_275_to_250_q0.75,0.018147635256799834,0.09071783265716517,0.2722234467532391,0.08323406745489459,96,245.0,1777.0,191,0.8621271806415307,0.08613745207337549,199.0,77
DRIVE,13,0.1,0.1,GoCo-knapk0.5 (paper path),adapt_275_to_250_q0.6,0.07384837217401699,0.09348161432407895,0.27645702042350273,0.08690294862900236,95,241.0,1831.0,195,0.8683779355543418,0.08944318562508895,195.0,91
DRIVE,13,0.1,0.1,GoCo-knapk2 (paper path),adapt_275_to_250_q0.6,0.07647140348198696,0.09356118992405797,0.2766171512740896,0.08675137608848137,96,243.0,1834.0,195,0.8675027262813523,0.08929161308456796,197.0,94
DRIVE,13,0.1,0.1,GoCo-knapk4 (paper path),adapt_275_to_250_q0.6,0.08212089424946867,0.09372322616273591,0.27707469990740735,0.08523404319185161,93,237.0,1805.0,192,0.8686980609418282,0.08796488664036405,192.0,62
DRIVE,13,0.1,0.5,GoCo-oracle (paper path),adapt_250_to_225_q0.75,0.1260487236311546,0.09483731219085521,0.2767825858024553,0.08661345018157908,104,281.0,2186.0,197,0.8714547118023788,0.08953405970445678,224.0,99
DRIVE,13,0.1,0.5,GoCo-knapk0.5 (paper path),adapt_250_to_225_q0.6,0.48300695665167104,0.09980227015220834,0.2849380295952031,0.09205417782463508,103,276.0,2288.0,204,0.8793706293706294,0.09478159038552555,220.0,77
DRIVE,13,0.1,0.5,GoCo-knapk2 (paper path),adapt_250_to_225_q0.6,0.4911902452679736,0.09989747775802561,0.28503600101893795,0.09201706936409998,103,276.0,2284.0,204,0.8791593695271454,0.09475185003932023,220.0,74
DRIVE,13,0.1,0.5,GoCo-knapk4 (paper path),adapt_250_to_225_q0.6,0.4911987699191344,0.09989757635074838,0.2850377480700331,0.09201706936409998,103,276.0,2282.0,204,0.8790534618755478,0.09475185003932023,220.0,73
DRIVE,14,0.1,0.1,GoCo-oracle (paper path),adapt_250_to_225_q0.75,0.026233461746621133,0.09143265361257827,0.2712538286051782,0.08714611471806027,90,259.0,2067.0,194,0.8746976294146106,0.08883663985077835,215.0,106
DRIVE,14,0.1,0.1,GoCo-knapk0.5 (paper path),adapt_250_to_225_q0.225,0.08859158626218089,0.09392989346218994,0.27618549714126406,0.08999852305698142,84,233.0,1996.0,196,0.8832665330661322,0.09145148126136719,194.0,34
DRIVE,14,0.1,0.1,GoCo-knapk2 (paper path),adapt_250_to_225_q0.275,0.09575192304216779,0.0941228242348929,0.27627942441694847,0.0903834997817123,85,236.0,2025.0,196,0.8834567901234568,0.09183645798609807,197.0,38
DRIVE,14,0.1,0.1,GoCo-knapk4 (paper path),adapt_250_to_225_q0.25,0.0956611733459734,0.09412023729844814,0.27628807634589414,0.09039710244702408,85,235.0,2023.0,196,0.8838358872960949,0.09185006065140985,196.0,37
DRIVE,14,0.1,0.5,GoCo-oracle (paper path),adapt_250_to_225_q0.75,0.026233461746621133,0.09143265361257827,0.2712538286051782,0.08714611471806027,90,259.0,2067.0,194,0.8746976294146106,0.08883663985077835,215.0,106
DRIVE,14,0.1,0.5,GoCo-knapk0.5 (paper path),adapt_250_to_225_q0.75,0.30076466916255906,0.09761860241782444,0.2800036084337203,0.09675530700373713,90,259.0,2212.0,209,0.8829113924050633,0.09834612583450045,214.0,136
DRIVE,14,0.1,0.5,GoCo-knapk2 (paper path),adapt_250_to_225_q0.75,0.3550654183492889,0.09829943941347795,0.28092678638481666,0.09663968436439727,90,261.0,2217.0,209,0.8822733423545331,0.09823050319516058,216.0,139
DRIVE,14,0.1,0.5,GoCo-knapk4 (paper path),adapt_250_to_225_q0.75,0.3600320970339346,0.09836069998437594,0.28086255035429325,0.09663968436439727,90,261.0,2218.0,209,0.8823264201983769,0.09823050319516058,216.0,140
DRIVE,15,0.1,0.1,GoCo-oracle (paper path),adapt_250_to_225_q0.75,0.019412313468534035,0.09089211851990824,0.27067562683468266,0.09693723058510839,97,256.0,2107.0,211,0.878500237304224,0.09858005179650588,218.0,118
DRIVE,15,0.1,0.1,GoCo-knapk0.5 (paper path),adapt_250_to_225_q0.5,0.07434283297368038,0.09352838186749729,0.2751435666103537,0.10092472219024476,93,247.0,2143.0,214,0.8847410172655157,0.10230489268859438,210.0,70
DRIVE,15,0.1,0.1,GoCo-knapk2 (paper path),adapt_250_to_225_q0.4,0.05848230217909411,0.09298992655400572,0.2745656694860861,0.10110781393569723,92,240.0,2094.0,214,0.8853868194842407,0.102443953455285,205.0,51
DRIVE,15,0.1,0.1,GoCo-knapk4 (paper path),adapt_250_to_225_q0.4,0.07175358835903639,0.09344520611930589,0.27512405337699625,0.10116983740652272,92,235.0,2077.0,214,0.8868560423688011,0.10252517034899968,200.0,45
DRIVE,15,0.1,0.5,GoCo-oracle (paper path),adapt_250_to_225_q0.75,0.019412313468534035,0.09089211851990824,0.27067562683468266,0.09693723058510839,97,256.0,2107.0,211,0.878500237304224,0.09858005179650588,218.0,118
DRIVE,15,0.1,0.5,GoCo-knapk0.5 (paper path),adapt_250_to_225_q0.75,0.26258773083230547,0.09710774402719594,0.27949141070131633,0.10297240770622021,96,255.0,2217.0,219,0.8849797023004059,0.10448009603377678,216.0,124
DRIVE,15,0.1,0.5,GoCo-knapk2 (paper path),adapt_250_to_225_q0.75,0.41172820746321404,0.09897490984881271,0.28211748635327505,0.10506789841607647,96,256.0,2233.0,223,0.8853560232870578,0.10656674501908553,217.0,131
DRIVE,15,0.1,0.5,GoCo-knapk4 (paper path),adapt_250_to_225_q0.75,0.34913230136449924,0.09822538118779818,0.2810736516902729,0.10415867354414507,96,254.0,2223.0,221,0.8857399910031489,0.10556910283843782,216.0,121
DRIVE,16,0.1,0.1,GoCo-oracle (paper path),adapt_275_to_250_q0.75,0.005988867166752264,0.08898556187788434,0.2691380883040706,0.08586199358698544,94,248.0,1734.0,201,0.8569780853517878,0.08775622869201934,216.0,100
DRIVE,16,0.1,0.1,GoCo-knapk0.5 (paper path),adapt_275_to_250_q0.75,0.0931972731348566,0.09403905532957704,0.27699862758458754,0.0905226691173938,92,247.0,1783.0,206,0.8614694335389792,0.09234028643575208,213.0,109
DRIVE,16,0.1,0.1,GoCo-knapk2 (paper path),adapt_275_to_250_q0.75,0.08700885926390506,0.09387287798310465,0.27674371536297665,0.09048293283510588,92,246.0,1792.0,205,0.8627232142857143,0.09219950178257666,212.0,111
DRIVE,16,0.1,0.1,GoCo-knapk4 (paper path),adapt_275_to_250_q0.75,0.08765867014948314,0.09389056144800996,0.2767781832822671,0.09048293283510588,92,246.0,1790.0,205,0.8625698324022346,0.09219950178257666,212.0,109
DRIVE,16,0.1,0.5,GoCo-oracle (paper path),adapt_250_to_225_q0.75,0.10772281343965417,0.09441744676872653,0.2767113721430897,0.08997029305611112,105,290.0,2215.0,206,0.8690744920993227,0.09219352777661949,241.0,129
DRIVE,16,0.1,0.5,GoCo-knapk0.5 (paper path),adapt_250_to_225_q0.75,0.464238541722769,0.09958500691370875,0.2838726204392609,0.09584664486605546,106,294.0,2270.0,214,0.8704845814977974,0.09801303987003449,245.0,142
DRIVE,16,0.1,0.5,GoCo-knapk2 (paper path),adapt_250_to_225_q0.6,0.2748966088674849,0.0972625143806245,0.2810415251447741,0.09359629119422772,104,290.0,2215.0,210,0.8690744920993227,0.09559917922677665,244.0,87
DRIVE,16,0.1,0.5,GoCo-knapk4 (paper path),adapt_250_to_225_q0.6,0.37422315652150473,0.09852246131441637,0.2828953971960726,0.09412679517300755,104,289.0,2218.0,211,0.869702434625789,0.0961296832055565,243.0,87
DRIVE,17,0.1,0.1,GoCo-oracle (paper path),adapt_250_to_225_q0.75,0.01312729222628953,0.0901483956595947,0.2721764124264724,0.09732149934262749,106,277.0,2096.0,216,0.8678435114503816,0.09947401391100189,240.0,130
DRIVE,17,0.1,0.1,GoCo-knapk0.5 (paper path),adapt_250_to_225_q0.6,0.07151514365202694,0.09338723181571505,0.2772267711217448,0.10113553264096814,106,272.0,2121.0,220,0.8717586044318718,0.1027797136445893,240.0,89
DRIVE,17,0.1,0.1,GoCo-knapk2 (paper path),adapt_250_to_225_q0.6,0.07418794699358837,0.09347122827006271,0.2773617516008003,0.10334596589642431,106,271.0,2135.0,224,0.8730679156908665,0.10499014690004546,239.0,91
DRIVE,17,0.1,0.1,GoCo-knapk4 (paper path),adapt_250_to_225_q0.6,0.07418794699358837,0.09347122827006271,0.2773617516008003,0.10332453140213256,106,271.0,2133.0,224,0.8729488982653539,0.10497942963708934,239.0,90
DRIVE,17,0.1,0.5,GoCo-oracle (paper path),adapt_225_to_200_q0.75,0.2047726924940808,0.09624079005787796,0.27988167445153234,0.10584949280286025,117,328.0,2611.0,231,0.8743776330907698,0.10859045234535987,276.0,124
DRIVE,17,0.1,0.5,GoCo-knapk0.5 (paper path),adapt_225_to_200_q0.75,0.44586101063699846,0.09936951947465184,0.28438237088918983,0.10938641458986925,117,328.0,2659.0,236,0.8766453553967657,0.11196396001454058,276.0,126
DRIVE,17,0.1,0.5,GoCo-knapk2 (paper path),adapt_225_to_200_q0.75,0.4897834123996726,0.09988102257567945,0.2852278719814747,0.10841420733960301,116,325.0,2639.0,234,0.8768472906403941,0.11088954654549414,275.0,106
DRIVE,17,0.1,0.5,GoCo-knapk4 (paper path),adapt_225_to_200_q0.75,0.4992742338063574,0.09999154420366971,0.2853896904487594,0.10845210049449606,116,325.0,2642.0,234,0.8769871309613929,0.11091480863821601,275.0,109
DRIVE,18,0.1,0.1,GoCo-oracle (paper path),adapt_275_to_250_q0.75,0.006377742335868359,0.08906823523164745,0.2695070965495874,0.08610331647750237,95,239.0,1779.0,200,0.865654862282181,0.0887825560743676,202.0,96
DRIVE,18,0.1,0.1,GoCo-knapk0.5 (paper path),adapt_275_to_250_q0.75,0.07267442056150264,0.09344969604470686,0.27619989772317816,0.08851247134196032,95,241.0,1844.0,202,0.8693058568329718,0.09113727431714692,204.0,110
DRIVE,18,0.1,0.1,GoCo-knapk2 (paper path),adapt_275_to_250_q0.75,0.05692022045311593,0.09290693942210403,0.27544018539024817,0.08804608975544533,94,237.0,1838.0,200,0.8710554951033732,0.0906837667014934,200.0,100
DRIVE,18,0.1,0.1,GoCo-knapk4 (paper path),adapt_275_to_250_q0.75,0.08315819418860798,0.0937628665163283,0.2766792002055047,0.08870692762202863,95,241.0,1853.0,202,0.8699406368051807,0.09133173059721525,204.0,115
DRIVE,18,0.1,0.5,GoCo-oracle (paper path),adapt_250_to_225_q0.75,0.086719909786385,0.09389701540969728,0.27528352954092566,0.08797570454347038,106,274.0,2127.0,204,0.8711800658204043,0.09127956551329211,223.0,87
DRIVE,18,0.1,0.5,GoCo-knapk0.5 (paper path),adapt_250_to_225_q0.5,0.2948357948906516,0.09752987297918815,0.28122237877595274,0.09086474245043585,104,266.0,2224.0,204,0.8803956834532374,0.09358683946278114,220.0,66
DRIVE,18,0.1,0.5,GoCo-knapk2 (paper path),adapt_250_to_225_q0.6,0.35385695266210193,0.09827666905182426,0.2822222936914706,0.09168109251902654,104,271.0,2265.0,205,0.8803532008830022,0.09444088866286948,223.0,86
DRIVE,18,0.1,0.5,GoCo-knapk4 (paper path),adapt_250_to_225_q0.6,0.3830495293001504,0.09863033836574074,0.2826989851136653,0.09221159651361663,104,273.0,2274.0,206,0.8799472295514512,0.09505980996617588,223.0,89
DRIVE,19,0.1,0.1,GoCo-oracle (paper path),adapt_250_to_225_q0.75,0.013916866924694484,0.09030770165376385,0.27055117168842546,0.09099844962121321,102,287.0,2068.0,208,0.8612185686653772,0.09352657632897324,241.0,101
DRIVE,19,0.1,0.1,GoCo-knapk0.5 (paper path),adapt_250_to_225_q0.4,0.07072047372281645,0.09339326108640322,0.2758726720170736,0.0957249165846119,98,272.0,2040.0,213,0.8666666666666667,0.09745540026012087,230.0,46
DRIVE,19,0.1,0.1,GoCo-knapk2 (paper path),adapt_250_to_225_q0.4,0.07494638317369771,0.09352396528189631,0.27614958317947647,0.09593206574493125,98,271.0,2078.0,213,0.8695861405197305,0.09766254942044023,229.0,48
DRIVE,19,0.1,0.1,GoCo-knapk4 (paper path),adapt_250_to_225_q0.35,0.07383455301385496,0.09349080878322258,0.2760482287758673,0.09602048308526806,97,270.0,2071.0,213,0.8696281989377113,0.09775096676077703,228.0,46
DRIVE,19,0.1,0.5,GoCo-oracle (paper path),adapt_250_to_225_q0.75,0.013916866924694484,0.09030770165376385,0.27055117168842546,0.09099844962121321,102,287.0,2068.0,208,0.8612185686653772,0.09352657632897324,241.0,101
DRIVE,19,0.1,0.5,GoCo-knapk0.5 (paper path),adapt_250_to_225_q0.75,0.15462723614707757,0.0953934646411663,0.27817291016689805,0.0971135264445363,101,291.0,2184.0,215,0.8667582417582418,0.09890632172478289,246.0,98
DRIVE,19,0.1,0.5,GoCo-knapk2 (paper path),adapt_250_to_225_q0.75,0.3236728664795392,0.09790072395251348,0.28176956639753575,0.09712535934201602,102,294.0,2209.0,215,0.866908103214124,0.09904957862684519,247.0,122
DRIVE,19,0.1,0.5,GoCo-knapk4 (paper path),adapt_250_to_225_q0.75,0.1817176851352243,0.09587328655333988,0.2787971067092428,0.09703458238501764,101,292.0,2189.0,215,0.8666057560529923,0.09896000365995918,246.0,102
DRIVE,20,0.1,0.1,GoCo-oracle (paper path),adapt_275_to_250_q0.75,0.04529742317137592,0.09243957782534769,0.27431371787310366,0.0797377460752305,90,222.0,1476.0,188,0.8495934959349594,0.08172770505400488,192.0,78
DRIVE,20,0.1,0.1,GoCo-knapk0.5 (paper path),adapt_275_to_250_q0.6,0.09653043206744699,0.0941160856056909,0.27756646638464366,0.08305700546234293,86,215.0,1494.0,190,0.856091030789826,0.0849343962631428,185.0,61
DRIVE,20,0.1,0.1,GoCo-knapk2 (paper path),adapt_275_to_250_q0.6,0.09818556296724912,0.09415725796466165,0.2776760637024986,0.08337530786225904,86,216.0,1504.0,190,0.8563829787234043,0.0852526986630589,186.0,63
DRIVE,20,0.1,0.1,GoCo-knapk4 (paper path),adapt_275_to_250_q0.5,0.07854924203173223,0.09361745577987372,0.2769742902156752,0.08291359850519216,82,209.0,1467.0,188,0.8575323790047716,0.08453415804579656,181.0,43
DRIVE,20,0.1,0.5,GoCo-oracle (paper path),adapt_250_to_225_q0.75,0.19027349080256478,0.09601478573893363,0.27904726765019205,0.08541750220152047,101,265.0,1896.0,199,0.8602320675105485,0.08784880100574038,223.0,112
DRIVE,20,0.1,0.5,GoCo-knapk0.5 (paper path),adapt_250_to_225_q0.3,0.34472613035042154,0.09815949171939642,0.2828033830385776,0.08840317278705162,94,239.0,1792.0,200,0.8666294642857143,0.09024502005754162,206.0,35
DRIVE,20,0.1,0.5,GoCo-knapk2 (paper path),adapt_250_to_225_q0.35,0.47203885428307507,0.0996745156712178,0.2849048396275176,0.09013110002408925,95,240.0,1852.0,203,0.8704103671706264,0.09199947246822185,206.0,46
DRIVE,20,0.1,0.5,GoCo-knapk4 (paper path),adapt_250_to_225_q0.35,0.4864626984699911,0.09984230763162795,0.28528303370336944,0.09012076555892073,95,240.0,1849.0,203,0.8702001081665766,0.09198913800305333,206.0,45
DRIVE,21,0.1,0.1,GoCo-oracle (paper path),adapt_250_to_225_q0.75,0.005826088912370431,0.0889955800945626,0.2678585572636862,0.0958671116860539,107,268.0,2021.0,219,0.867392380009896,0.09922878961980501,218.0,103
DRIVE,21,0.1,0.1,GoCo-knapk0.5 (paper path),adapt_250_to_225_q0.6,0.05632161445284452,0.09290835065297802,0.2744724384275185,0.10120974936441021,108,277.0,2150.0,224,0.8711627906976744,0.10421317442658726,225.0,93
DRIVE,21,0.1,0.1,GoCo-knapk2 (paper path),adapt_250_to_225_q0.5,0.06310842236109966,0.09315326657314199,0.27491096811293564,0.10127139859079366,108,276.0,2147.0,224,0.871448532836516,0.10427734984643264,224.0,89
DRIVE,21,0.1,0.1,GoCo-knapk4 (paper path),adapt_250_to_225_q0.5,0.09966723590351201,0.09422051575360943,0.27649087984926024,0.10233240654835334,108,276.0,2155.0,226,0.8719257540603248,0.10533835780399231,224.0,91
DRIVE,21,0.1,0.5,GoCo-oracle (paper path),adapt_225_to_200_q0.75,0.27879693001214056,0.09733006428107026,0.2795524585729161,0.1048751482517713,115,315.0,2497.0,233,0.8738486183420104,0.10891352585203136,248.0,94
DRIVE,21,0.1,0.5,GoCo-knapk0.5 (paper path),adapt_225_to_200_q0.6,0.46999476193107853,0.09965227726520846,0.28360029338367354,0.10781566731493417,114,315.0,2624.0,235,0.879954268292683,0.11151438055051101,250.0,95
DRIVE,21,0.1,0.5,GoCo-knapk2 (paper path),adapt_225_to_200_q0.6,0.4692447894652399,0.09964360298702508,0.28357322910857474,0.10772145235570103,115,317.0,2637.0,235,0.8797876374668183,0.11146615293044942,251.0,98
DRIVE,21,0.1,0.5,GoCo-knapk4 (paper path),adapt_225_to_200_q0.6,0.47062086976616385,0.09965954968799647,0.283597519498022,0.10772145235570103,115,317.0,2637.0,235,0.8797876374668183,0.11146615293044942,251.0,98
DRIVE,22,0.1,0.1,GoCo-oracle (paper path),adapt_250_to_225_q0.75,0.007066955041095492,0.08926887288096728,0.26851554549969536,0.09724102341211759,100,256.0,2132.0,219,0.8799249530956847,0.09908020757237543,216.0,111
DRIVE,22,0.1,0.1,GoCo-knapk0.5 (paper path),adapt_250_to_225_q0.5,0.09426715416150255,0.09407927610118447,0.2764672637065412,0.10126158856744792,97,257.0,2206.0,221,0.8834995466908432,0.10288164206145613,214.0,67
DRIVE,22,0.1,0.1,GoCo-knapk2 (paper path),adapt_250_to_225_q0.4,0.06417287250175571,0.093184283593131,0.27520144221477616,0.10157938452551156,94,248.0,2157.0,221,0.885025498377376,0.10308849533293545,207.0,50
DRIVE,22,0.1,0.1,GoCo-knapk4 (paper path),adapt_250_to_225_q0.4,0.0724333993062157,0.09345585109779626,0.275609825441985,0.1014732837360797,95,249.0,2160.0,221,0.8847222222222222,0.10298239454350358,208.0,50
DRIVE,22,0.1,0.5,GoCo-oracle (paper path),adapt_225_to_200_q0.75,0.4020875001101298,0.09886224072238811,0.28174827468337765,0.10381980888565276,113,316.0,2648.0,230,0.8806646525679759,0.10619225726519718,253.0,114
DRIVE,22,0.1,0.5,GoCo-knapk0.5 (paper path),adapt_225_to_200_q0.125,0.48291040516607747,0.09980180990000302,0.2839867268945283,0.1054860972520211,101,271.0,2350.0,230,0.8846808510638298,0.10725793745220498,223.0,3
DRIVE,22,0.1,0.5,GoCo-knapk2 (paper path),adapt_225_to_200_q0.05,0.4854377783285716,0.09983109345644792,0.28405543362102154,0.10604674350519712,100,271.0,2369.0,231,0.885605740818911,0.107818583705381,223.0,4
DRIVE,22,0.1,0.5,GoCo-knapk4 (paper path),adapt_225_to_200_q0.03,0.4873235339639668,0.09985294534135561,0.28411111833855746,0.10551199523302225,100,268.0,2317.0,230,0.8843331894691411,0.10727208421148103,222.0,0
DRIVE,23,0.1,0.1,GoCo-oracle (paper path),adapt_250_to_225_q0.75,0.00674600263092713,0.08914737258728998,0.2697234599083568,0.09057309179312355,102,291.0,2086.0,204,0.8604985618408437,0.09271744482555187,244.0,103
DRIVE,23,0.1,0.1,GoCo-knapk0.5 (paper path),adapt_250_to_225_q0.5,0.0736190493295201,0.09346778444965576,0.2767298526588279,0.09389023239321671,99,283.0,2093.0,207,0.864787386526517,0.09583882461017892,236.0,61
DRIVE,23,0.1,0.1,GoCo-knapk2 (paper path),adapt_250_to_225_q0.6,0.08491985436576116,0.09380178953513543,0.2772396472254247,0.09406690296348906,100,284.0,2111.0,207,0.8654666035054477,0.09597922140628652,237.0,65
DRIVE,23,0.1,0.1,GoCo-knapk4 (paper path),adapt_250_to_225_q0.6,0.09395649128227257,0.09404851942068702,0.277512831292545,0.09458788999353859,100,284.0,2112.0,208,0.865530303030303,0.09650349326886296,237.0,64
DRIVE,23,0.1,0.5,GoCo-oracle (paper path),adapt_225_to_200_q0.75,0.3237208803018256,0.09790647584816504,0.28107963850617224,0.09819907186360195,107,337.0,2509.0,216,0.8656835392586688,0.10078501047601118,278.0,102
DRIVE,23,0.1,0.5,GoCo-knapk0.5 (paper path),adapt_225_to_200_q0.5,0.4400302930997636,0.099302791394985,0.2837043615929707,0.10019024715657576,106,328.0,2525.0,218,0.8700990099009901,0.10260062991624169,271.0,62
DRIVE,23,0.1,0.5,GoCo-knapk2 (paper path),adapt_225_to_200_q0.6,0.43780518385497846,0.09927663871479919,0.2837338035868062,0.10008046229416875,107,332.0,2545.0,218,0.8695481335952848,0.10257010490729891,273.0,65
DRIVE,23,0.1,0.5,GoCo-knapk4 (paper path),adapt_225_to_200_q0.6,0.4389665502060457,0.09929011926173531,0.2837875949002249,0.10008046229416875,107,332.0,2543.0,218,0.8694455367675973,0.10257010490729891,273.0,64
DRIVE,24,0.1,0.1,GoCo-oracle (paper path),adapt_250_to_225_q0.75,0.001522192180652617,0.08706124364064922,0.2681015012311929,0.09867823908120314,123,307.0,2405.0,224,0.8723492723492724,0.10194530615123577,255.0,106
DRIVE,24,0.1,0.1,GoCo-knapk0.5 (paper path),adapt_250_to_225_q0.75,0.04887774179107421,0.09254663962109969,0.2763796455931056,0.10639032011639218,122,312.0,2569.0,234,0.8785519657454263,0.10954087558412426,257.0,140
DRIVE,24,0.1,0.1,GoCo-knapk2 (paper path),adapt_250_to_225_q0.75,0.05661561077728316,0.09285831336001187,0.27686079947373576,0.10602801110131038,122,309.0,2557.0,233,0.879155260070395,0.10912271829751821,255.0,127
DRIVE,24,0.1,0.1,GoCo-knapk4 (paper path),adapt_250_to_225_q0.75,0.056389771271195335,0.09284987351622442,0.2768405979978239,0.10602801110131038,122,309.0,2556.0,233,0.8791079812206573,0.10912271829751821,255.0,126
DRIVE,24,0.1,0.5,GoCo-oracle (paper path),adapt_225_to_200_q0.75,0.1735845334448432,0.09571518199197178,0.2798540028891095,0.10724350511237228,131,354.0,2992.0,238,0.8816844919786097,0.11094963620132729,287.0,121
DRIVE,24,0.1,0.5,GoCo-knapk0.5 (paper path),adapt_225_to_200_q0.35,0.4580341557071667,0.09950939292379653,0.2858349046238856,0.11013073568635025,129,344.0,2998.0,241,0.885256837891928,0.1134656431978514,280.0,88
DRIVE,24,0.1,0.5,GoCo-knapk2 (paper path),adapt_225_to_200_q0.35,0.4602004999516679,0.09953473458950969,0.28587855679235225,0.11014207122496648,129,344.0,3005.0,241,0.8855241264559068,0.11347697873646764,280.0,89
DRIVE,24,0.1,0.5,GoCo-knapk4 (paper path),adapt_225_to_200_q0.4,0.4608970620270485,0.0995429720304689,0.2858360144544903,0.11011678721923727,129,348.0,3029.0,241,0.8851105975569495,0.11344404813465453,284.0,98
DRIVE,25,0.1,0.1,GoCo-oracle (paper path),adapt_250_to_225_q0.75,0.008859223170322611,0.0895960311042219,0.26937405093979666,0.09850307585231821,103,281.0,2148.0,219,0.8691806331471136,0.10014579119827767,241.0,100
DRIVE,25,0.1,0.1,GoCo-knapk0.5 (paper path),adapt_250_to_225_q0.6,0.06085680778248527,0.0930671087429125,0.27505560520539485,0.10449922061883486,103,284.0,2254.0,227,0.8740017746228926,0.10604134006746883,243.0,92
DRIVE,25,0.1,0.1,GoCo-knapk2 (paper path),adapt_250_to_225_q0.6,0.061991507113602407,0.09310689653499689,0.27513976815893965,0.10453885384990935,103,283.0,2249.0,227,0.874166296131614,0.10608097329854332,242.0,89
DRIVE,25,0.1,0.1,GoCo-knapk4 (paper path),adapt_250_to_225_q0.6,0.06428455505726852,0.09318647212707079,0.27527400834068844,0.10457879620300364,103,282.0,2252.0,227,0.8747779751332149,0.10612091565163762,241.0,90
DRIVE,25,0.1,0.5,GoCo-oracle (paper path),adapt_225_to_200_q0.75,0.20810823625460845,0.09631577322669624,0.27824348638047713,0.11002717603106714,115,324.0,2661.0,240,0.8782412626832018,0.1123729787707645,266.0,116
DRIVE,25,0.1,0.5,GoCo-knapk0.5 (paper path),adapt_225_to_200_q0.5,0.3469123976259383,0.09819470773641248,0.28156977166295094,0.11145369973359753,114,323.0,2710.0,240,0.8808118081180811,0.1136542679934666,266.0,77
DRIVE,25,0.1,0.5,GoCo-knapk2 (paper path),adapt_225_to_200_q0.5,0.34547393989224895,0.0981772203660454,0.2815089951966214,0.11146349786763482,114,324.0,2713.0,240,0.8805750092148913,0.11361611496548438,267.0,76
DRIVE,25,0.1,0.5,GoCo-knapk4 (paper path),adapt_225_to_200_q0.5,0.34547393989224895,0.0981772203660454,0.2815089951966214,0.11146349786763482,114,324.0,2713.0,240,0.8805750092148913,0.11361611496548438,267.0,76
DRIVE,26,0.1,0.1,GoCo-oracle (paper path),adapt_275_to_250_q0.75,0.014166166597254013,0.09036123658918259,0.26991183855965456,0.08486290902136491,82,215.0,1571.0,192,0.8631444939528963,0.08671812145558214,182.0,83
DRIVE,26,0.1,0.1,GoCo-knapk0.5 (paper path),adapt_275_to_250_q0.75,0.09028890206441215,0.0939808614453207,0.27601427483662017,0.08860342836980795,79,210.0,1629.0,195,0.8710865561694291,0.09014001010425528,177.0,91
DRIVE,26,0.1,0.1,GoCo-knapk2 (paper path),adapt_275_to_250_q0.75,0.08792165177231165,0.09391887362661033,0.2758312885073881,0.08966443632736762,79,210.0,1626.0,197,0.8708487084870848,0.09120101806181495,177.0,88
DRIVE,26,0.1,0.1,GoCo-knapk4 (paper path),adapt_275_to_250_q0.75,0.09253208578527783,0.09404413151488064,0.2759269789055322,0.09021070701532086,79,209.0,1629.0,198,0.8717004297114794,0.0917139004095796,177.0,91
DRIVE,26,0.1,0.5,GoCo-oracle (paper path),adapt_250_to_225_q0.75,0.13463738486975885,0.09503957281378284,0.2756969402447323,0.08898317835217129,92,247.0,2004.0,199,0.876746506986028,0.09089461870946049,205.0,101
DRIVE,26,0.1,0.5,GoCo-knapk0.5 (paper path),adapt_250_to_225_q0.6,0.47176214258937754,0.09967382659330293,0.2827056079984178,0.0918061015697626,89,245.0,2082.0,201,0.8823246878001921,0.09334813618059183,203.0,82
DRIVE,26,0.1,0.5,GoCo-knapk2 (paper path),adapt_250_to_225_q0.6,0.4999181823497754,0.09999905397784489,0.28322725463734305,0.09188567715393137,89,244.0,2080.0,201,0.8826923076923077,0.09345423697002371,202.0,80
DRIVE,26,0.1,0.5,GoCo-knapk4 (paper path),adapt_250_to_225_q0.4,0.39425078136701264,0.09876839868744108,0.28189662826733486,0.0914683519608146,89,239.0,2040.0,200,0.8828431372549019,0.0930716042098063,197.0,60
DRIVE,27,0.1,0.1,GoCo-oracle (paper path),adapt_275_to_250_q0.75,0.03148532710510654,0.09171311049783894,0.2736463840204566,0.0828079314383651,106,287.0,1782.0,198,0.8389450056116723,0.08501346885999887,244.0,95
DRIVE,27,0.1,0.1,GoCo-knapk0.5 (paper path),adapt_275_to_250_q0.6,0.07004037825555606,0.09335961973872678,0.27632949726576894,0.08426490943058733,101,278.0,1781.0,195,0.8439079169006176,0.0862686769715671,237.0,66
DRIVE,27,0.1,0.1,GoCo-knapk2 (paper path),adapt_275_to_250_q0.6,0.08650393255799843,0.09384521481924411,0.277341230571045,0.08424079562055653,101,278.0,1783.0,195,0.8440830061693775,0.0862445631615363,237.0,66
DRIVE,27,0.1,0.1,GoCo-knapk4 (paper path),adapt_275_to_250_q0.6,0.09644851236144558,0.09411046680863404,0.2777292828377709,0.08530180357811622,101,278.0,1787.0,197,0.8444320089535534,0.08730557111909598,237.0,68
DRIVE,27,0.1,0.5,GoCo-oracle (paper path),adapt_250_to_225_q0.75,0.16536864137997698,0.0955951468974589,0.278070228682801,0.08554612690637219,113,331.0,2173.0,202,0.8476760239300506,0.08792514333041973,279.0,93
DRIVE,27,0.1,0.5,GoCo-knapk0.5 (paper path),adapt_250_to_225_q0.35,0.42242558441945544,0.09909275370583294,0.28465747075231473,0.08728988388805238,110,313.0,2129.0,202,0.8529826209488023,0.0892794015078709,266.0,37
DRIVE,27,0.1,0.5,GoCo-knapk2 (paper path),adapt_250_to_225_q0.225,0.423780609613365,0.09910860227257882,0.2847204377408029,0.08690805770357977,109,304.0,2053.0,202,0.8519240136385777,0.08893498266091081,257.0,20
DRIVE,27,0.1,0.5,GoCo-knapk4 (paper path),adapt_250_to_225_q0.2,0.4240847779399288,0.09911232629015211,0.2846810401904569,0.08737450306864569,109,305.0,2089.0,202,0.8539971278123504,0.08940142802597673,258.0,26
DRIVE,28,0.1,0.1,GoCo-oracle (paper path),adapt_250_to_225_q0.75,0.012819771560475276,0.09017136331736567,0.2704220537553253,0.09535484554280653,104,278.0,2242.0,212,0.8760035682426405,0.09733459601667895,233.0,129
DRIVE,28,0.1,0.1,GoCo-knapk0.5 (paper path),adapt_250_to_225_q0.4,0.0755390405373248,0.09354573570448776,0.27602185612764535,0.0994546364409854,99,260.0,2134.0,217,0.8781630740393627,0.10125828548198669,217.0,55
DRIVE,28,0.1,0.1,GoCo-knapk2 (paper path),adapt_250_to_225_q0.4,0.08370097442829394,0.09378796659350712,0.27627179750408987,0.09763406634488853,102,273.0,2215.0,214,0.8767494356659142,0.09948914642359281,229.0,74
DRIVE,28,0.1,0.1,GoCo-knapk4 (paper path),adapt_250_to_225_q0.35,0.07481055706949602,0.0935258885593566,0.2758835006671084,0.09723036599886513,102,270.0,2196.0,214,0.8770491803278688,0.0990887309100963,226.0,65
DRIVE,28,0.1,0.5,GoCo-oracle (paper path),adapt_225_to_200_q0.75,0.3535922832407715,0.09828243036643264,0.2807457711207505,0.10394277309391163,113,321.0,2652.0,229,0.8789592760180995,0.10651825641131211,263.0,103
DRIVE,28,0.1,0.5,GoCo-knapk0.5 (paper path),adapt_225_to_200_q0.35,0.4666536005079458,0.09961340734117544,0.28364734927382196,0.10722514675529946,110,308.0,2620.0,232,0.8824427480916031,0.10942599496727597,255.0,48
DRIVE,28,0.1,0.5,GoCo-knapk2 (paper path),adapt_225_to_200_q0.4,0.45877074706286985,0.09952218976830297,0.28337101833523637,0.10717208545151061,110,315.0,2688.0,232,0.8828125,0.10960462994537556,259.0,69
DRIVE,28,0.1,0.5,GoCo-knapk4 (paper path),adapt_225_to_200_q0.4,0.45843975624279326,0.09951834553748923,0.2833677480872025,0.10611107749395092,110,315.0,2686.0,230,0.8827252419955324,0.10854362198781588,259.0,67
DRIVE,29,0.1,0.1,GoCo-oracle (paper path),adapt_250_to_225_q0.75,0.0026330684173524704,0.08789270464479133,0.2664213138824822,0.09856529838210391,94,246.0,2101.0,218,0.8829128986197049,0.1000284179610346,210.0,116
DRIVE,29,0.1,0.1,GoCo-knapk0.5 (paper path),adapt_250_to_225_q0.5,0.0670969257455483,0.09328073201903614,0.27545359191266766,0.10438264341980456,95,244.0,2129.0,226,0.8853922029121654,0.10563928091241447,207.0,74
DRIVE,29,0.1,0.1,GoCo-knapk2 (paper path),adapt_250_to_225_q0.6,0.07920422724687903,0.0936678164478006,0.2756564437923576,0.10343229025207085,95,245.0,2155.0,224,0.8863109048723898,0.1046699449459501,208.0,86
DRIVE,29,0.1,0.1,GoCo-knapk4 (paper path),adapt_250_to_225_q0.6,0.08657944029764392,0.09387810130255292,0.27595628861005844,0.10343229025207085,95,244.0,2154.0,224,0.8867223769730733,0.1046699449459501,207.0,85
DRIVE,29,0.1,0.5,GoCo-oracle (paper path),adapt_225_to_200_q0.75,0.25944725071675356,0.09706971844959639,0.2789243003541735,0.10644691988074811,105,290.0,2656.0,232,0.8908132530120482,0.10821293020912444,242.0,128
DRIVE,29,0.1,0.5,GoCo-knapk0.5 (paper path),adapt_225_to_200_q0.6,0.38053105718702906,0.09860441378399296,0.28179315315652653,0.10811830340867333,104,289.0,2665.0,233,0.8915572232645403,0.10984057860760221,241.0,91
DRIVE,29,0.1,0.5,GoCo-knapk2 (paper path),adapt_225_to_200_q0.6,0.38832942679243,0.09869725195498302,0.2819738538780541,0.10816545933089775,104,289.0,2668.0,233,0.8916791604197901,0.10988773452982663,241.0,92
DRIVE,29,0.1,0.5,GoCo-knapk4 (paper path),adapt_225_to_200_q0.6,0.38832942679243,0.09869725195498302,0.2819738538780541,0.10816545933089775,104,289.0,2668.0,233,0.8916791604197901,0.10988773452982663,241.0,92
DRIVE,30,0.1,0.1,GoCo-oracle (paper path),adapt_250_to_225_q0.75,0.003630637246402006,0.0882906941820519,0.26780539727669855,0.10075414108818975,114,304.0,2289.0,227,0.8671909130624726,0.10276189553168472,260.0,109
DRIVE,30,0.1,0.1,GoCo-knapk0.5 (paper path),adapt_250_to_225_q0.75,0.08579305975976209,0.09384331733225511,0.2765089610575819,0.10894365959679733,115,304.0,2385.0,238,0.8725366876310272,0.11076682130126801,261.0,107
DRIVE,30,0.1,0.1,GoCo-knapk2 (paper path),adapt_250_to_225_q0.75,0.07892085943619243,0.09364416782672588,0.2763091813145342,0.10791107148169206,114,303.0,2380.0,236,0.8726890756302521,0.10966792018881527,261.0,100
DRIVE,30,0.1,0.1,GoCo-knapk4 (paper path),adapt_250_to_225_q0.75,0.0758409485139123,0.09355448738965812,0.2760548117843676,0.10844157546047191,114,303.0,2385.0,237,0.8729559748427673,0.11019842416759511,261.0,105
DRIVE,30,0.1,0.5,GoCo-oracle (paper path),adapt_225_to_200_q0.75,0.2610182433565542,0.09708206561105005,0.27984926196693316,0.11032568693002909,123,355.0,2857.0,242,0.8757437871893594,0.11298420842667789,292.0,125
DRIVE,30,0.1,0.5,GoCo-knapk0.5 (paper path),adapt_225_to_200_q0.4,0.374849213284517,0.09853309434430985,0.28231356934291085,0.1121201732035341,121,342.0,2844.0,244,0.879746835443038,0.11456687719973709,283.0,71
DRIVE,30,0.1,0.5,GoCo-knapk2 (paper path),adapt_225_to_200_q0.4,0.37819142820442475,0.09857324698954742,0.28237730226260366,0.1123889562542938,120,338.0,2820.0,244,0.8801418439716312,0.11453374068522011,283.0,62
DRIVE,30,0.1,0.5,GoCo-knapk4 (paper path),adapt_225_to_200_q0.4,0.3773259924774572,0.0985629124927584,0.28235025145836734,0.1123889562542938,120,338.0,2814.0,244,0.8798862828713575,0.11453374068522011,283.0,60
DRIVE,31,0.1,0.1,GoCo-oracle (paper path),adapt_275_to_250_q0.75,0.007922006475819867,0.08935707328095044,0.2708734221049785,0.08070336041146944,91,247.0,1518.0,187,0.8372859025032938,0.08257573545769609,206.0,83
DRIVE,31,0.1,0.1,GoCo-knapk0.5 (paper path),adapt_275_to_250_q0.75,0.08749224197969485,0.0938655248292245,0.2776981225515701,0.08415918117809043,91,248.0,1581.0,191,0.8431372549019608,0.08595197893264123,207.0,104
DRIVE,31,0.1,0.1,GoCo-knapk2 (paper path),adapt_275_to_250_q0.75,0.08557376033992298,0.09381342175310423,0.27756721272369794,0.08407076385356387,91,248.0,1580.0,191,0.8430379746835444,0.08586356160811467,207.0,103
DRIVE,31,0.1,0.1,GoCo-knapk4 (paper path),adapt_275_to_250_q0.75,0.08489696451041007,0.0937944751756577,0.27753704653948513,0.08467074442921646,91,247.0,1583.0,192,0.8439671509791535,0.0864458587030517,206.0,102
DRIVE,31,0.1,0.5,GoCo-oracle (paper path),adapt_250_to_225_q0.75,0.09585802137050381,0.09411462241838085,0.276797187571411,0.08459655232233457,98,291.0,1971.0,193,0.852359208523592,0.08654949680089317,242.0,121
DRIVE,31,0.1,0.5,GoCo-knapk0.5 (paper path),adapt_250_to_225_q0.75,0.40487789276870184,0.09888973542407589,0.28316979425791783,0.09034137642826262,98,293.0,2045.0,201,0.8567237163814181,0.09220297546064189,243.0,139
DRIVE,31,0.1,0.5,GoCo-knapk2 (paper path),adapt_250_to_225_q0.75,0.45276489195027014,0.09945118546248748,0.2839376011719639,0.09140238438582231,98,292.0,2049.0,203,0.8574914592484139,0.09326398341820158,242.0,137
DRIVE,31,0.1,0.5,GoCo-knapk4 (paper path),adapt_250_to_225_q0.6,0.3688607725317352,0.09845642445495337,0.2830215841088431,0.08915195407380476,96,285.0,2000.0,198,0.8575,0.09087723560769614,237.0,88
DRIVE,32,0.1,0.1,GoCo-oracle (paper path),adapt_250_to_225_q0.75,0.012431377317621568,0.09012873681454824,0.27015425791726816,0.09265127976471929,110,311.0,2235.0,213,0.8608501118568233,0.09486778529474527,259.0,93
DRIVE,32,0.1,0.1,GoCo-knapk0.5 (paper path),adapt_250_to_225_q0.6,0.0875627051292705,0.0938911363087219,0.2766290818310071,0.09957397957221266,103,305.0,2335.0,220,0.8693790149892934,0.10109417899375885,258.0,61
DRIVE,32,0.1,0.1,GoCo-knapk2 (paper path),adapt_250_to_225_q0.6,0.09210715323733754,0.09401379215780557,0.27679626490479425,0.10055811431268798,105,307.0,2374.0,222,0.8706823925863522,0.10215210052162646,258.0,69
DRIVE,32,0.1,0.1,GoCo-knapk4 (paper path),adapt_250_to_225_q0.6,0.09211313212080025,0.0940140144657393,0.2767935293617199,0.10054945807400054,105,306.0,2368.0,222,0.870777027027027,0.102143444282939,257.0,66
DRIVE,32,0.1,0.5,GoCo-oracle (paper path),adapt_225_to_200_q0.75,0.2821240711823586,0.09737016763785157,0.2800702358095845,0.10500723212878331,118,355.0,2843.0,232,0.8751319029194513,0.10735245273505345,288.0,114
DRIVE,32,0.1,0.5,GoCo-knapk0.5 (paper path),adapt_225_to_200_q0.6,0.4903468725006489,0.09988799533493006,0.28418845092577777,0.10762049934434005,117,355.0,2903.0,235,0.8777127109886325,0.1098269658711608,289.0,105
DRIVE,32,0.1,0.5,GoCo-knapk2 (paper path),adapt_225_to_200_q0.6,0.4646489766673272,0.09958987791753258,0.28380651424797965,0.1075513200908504,117,355.0,2896.0,235,0.8774171270718232,0.10976118727609396,289.0,98
DRIVE,32,0.1,0.5,GoCo-knapk4 (paper path),adapt_225_to_200_q0.6,0.4646489766673272,0.09958987791753258,0.28380651424797965,0.1075513200908504,117,355.0,2896.0,235,0.8774171270718232,0.10976118727609396,289.0,98
DRIVE,33,0.1,0.1,GoCo-oracle (paper path),adapt_250_to_225_q0.75,0.024944323090145337,0.09130424621962109,0.27228178208220394,0.09219674039582675,101,271.0,2128.0,206,0.8726503759398496,0.09449846037819151,231.0,105
DRIVE,33,0.1,0.1,GoCo-knapk0.5 (paper path),adapt_250_to_225_q0.4,0.09648221181970162,0.09411512455589259,0.2775516655773529,0.0952858071428395,100,265.0,2141.0,210,0.8762260625875758,0.09759065862992082,224.0,51
DRIVE,33,0.1,0.1,GoCo-knapk2 (paper path),adapt_250_to_225_q0.25,0.09856060922253734,0.09416732477019257,0.2776624645959545,0.09535058983441057,99,258.0,2121.0,210,0.8783592644978784,0.09757807616845998,219.0,43
DRIVE,33,0.1,0.1,GoCo-knapk4 (paper path),adapt_250_to_225_q0.2,0.09833577328001475,0.09416100923120185,0.2776841231749386,0.09543900717474738,98,255.0,2113.0,210,0.8793185044959773,0.09757807616845998,218.0,41
DRIVE,33,0.1,0.5,GoCo-oracle (paper path),adapt_250_to_225_q0.75,0.024944323090145337,0.09130424621962109,0.27228178208220394,0.09219674039582675,101,271.0,2128.0,206,0.8726503759398496,0.09449846037819151,231.0,105
DRIVE,33,0.1,0.5,GoCo-knapk0.5 (paper path),adapt_250_to_225_q0.75,0.2450469186105954,0.09684618097638578,0.2805807819341896,0.09628943337685866,103,279.0,2282.0,211,0.8777388255915863,0.09860927767715656,236.0,131
DRIVE,33,0.1,0.5,GoCo-knapk2 (paper path),adapt_250_to_225_q0.75,0.36384805452888996,0.09839632844339948,0.2827922489331469,0.09708518934502842,103,279.0,2284.0,213,0.87784588441331,0.09940503364532632,236.0,127
DRIVE,33,0.1,0.5,GoCo-knapk4 (paper path),adapt_250_to_225_q0.75,0.28336989118382305,0.09737269828189905,0.2815998724011447,0.09616115029990199,103,277.0,2249.0,212,0.876834148510449,0.09849500752570459,235.0,92
DRIVE,34,0.1,0.1,GoCo-oracle (paper path),adapt_250_to_225_q0.75,0.02543042598744829,0.09131931415129087,0.27296054532337377,0.09660289963455351,118,314.0,2258.0,221,0.8609388839681134,0.09932691710222938,263.0,127
DRIVE,34,0.1,0.1,GoCo-knapk0.5 (paper path),adapt_250_to_225_q0.275,0.07810031106866469,0.09359305625094659,0.2774314526770555,0.09937320334999884,111,281.0,2121.0,222,0.8675153229608675,0.10134805792680786,236.0,35
DRIVE,34,0.1,0.1,GoCo-knapk2 (paper path),adapt_250_to_225_q0.275,0.08671977984729251,0.09384422522008577,0.27766453598922164,0.09938307517561419,112,283.0,2154.0,222,0.8686165273909007,0.101428966157,237.0,38
DRIVE,34,0.1,0.1,GoCo-knapk4 (paper path),adapt_250_to_225_q0.225,0.07659358301490085,0.0935494529552738,0.27728627889536916,0.09938024539372016,111,276.0,2120.0,222,0.869811320754717,0.10143302603963199,231.0,31
DRIVE,34,0.1,0.5,GoCo-oracle (paper path),adapt_250_to_225_q0.75,0.02543042598744829,0.09131931415129087,0.27296054532337377,0.09660289963455351,118,314.0,2258.0,221,0.8609388839681134,0.09932691710222938,263.0,127
DRIVE,34,0.1,0.5,GoCo-knapk0.5 (paper path),adapt_250_to_225_q0.75,0.1965064721956578,0.09610439323541024,0.2800292760429518,0.10379152486906128,116,303.0,2333.0,230,0.8701243034719246,0.10601462238821491,254.0,122
DRIVE,34,0.1,0.5,GoCo-knapk2 (paper path),adapt_250_to_225_q0.75,0.26109087682413434,0.09706947382549393,0.28115503210335524,0.10401698909008218,118,314.0,2368.0,231,0.8673986486486487,0.1064546039313157,262.0,156
DRIVE,34,0.1,0.5,GoCo-knapk4 (paper path),adapt_250_to_225_q0.75,0.2279929932829552,0.09659440294105748,0.2804995520204294,0.1044834957514897,116,308.0,2354.0,231,0.8691588785046729,0.10686469188735719,257.0,142
DRIVE,35,0.1,0.1,GoCo-oracle (paper path),adapt_250_to_225_q0.75,0.01157676355284016,0.08998697448314343,0.2707319744612257,0.09268139176248555,110,298.0,2241.0,211,0.8670236501561803,0.09491616769716026,250.0,98
DRIVE,35,0.1,0.1,GoCo-knapk0.5 (paper path),adapt_250_to_225_q0.35,0.059073633961787934,0.09296945085655156,0.2762566647586487,0.09540833147040097,104,286.0,2238.0,213,0.872207327971403,0.09732708639270114,240.0,34
DRIVE,35,0.1,0.1,GoCo-knapk2 (paper path),adapt_250_to_225_q0.3,0.054941605204438845,0.0928096828947649,0.27615109770476404,0.0954496632283183,103,278.0,2207.0,213,0.8740371545083824,0.0972711591015444,234.0,25
DRIVE,35,0.1,0.1,GoCo-knapk4 (paper path),adapt_250_to_225_q0.35,0.09865495284788511,0.09416497188474518,0.2778914888818747,0.09563821656160076,104,284.0,2264.0,213,0.8745583038869258,0.09739782026813264,239.0,38
DRIVE,35,0.1,0.5,GoCo-oracle (paper path),adapt_250_to_225_q0.75,0.01157676355284016,0.08998697448314343,0.2707319744612257,0.09268139176248555,110,298.0,2241.0,211,0.8670236501561803,0.09491616769716026,250.0,98
DRIVE,35,0.1,0.5,GoCo-knapk0.5 (paper path),adapt_250_to_225_q0.75,0.4286894244928066,0.09916890908615658,0.28395052509065255,0.09952003667303991,110,307.0,2434.0,220,0.8738701725554643,0.10144539601132471,258.0,141
DRIVE,35,0.1,0.5,GoCo-knapk2 (paper path),adapt_250_to_225_q0.75,0.4253315783297649,0.09912956338029957,0.28387116345464225,0.09944209665929607,110,308.0,2434.0,220,0.8734593262119967,0.10145511757631834,258.0,141
DRIVE,35,0.1,0.5,GoCo-knapk4 (paper path),adapt_250_to_225_q0.75,0.4286894244928066,0.09916890908615658,0.28395052509065255,0.09952003667303991,110,307.0,2434.0,220,0.8738701725554643,0.10144539601132471,258.0,141
DRIVE,36,0.1,0.1,GoCo-oracle (paper path),adapt_250_to_225_q0.75,0.010438946933453938,0.08986750930073406,0.26930229864397337,0.09969910086782288,108,276.0,2324.0,227,0.8812392426850258,0.10293478590265825,227.0,103
DRIVE,36,0.1,0.1,GoCo-knapk0.5 (paper path),adapt_250_to_225_q0.5,0.08436016343584635,0.09381220449424232,0.2760481912284662,0.10193889290489631,105,270.0,2338.0,229,0.8845166809238666,0.10475891269644629,225.0,58
DRIVE,36,0.1,0.1,GoCo-knapk2 (paper path),adapt_250_to_225_q0.6,0.08833629349801986,0.09392166177616196,0.27623408240207376,0.10263089866473757,105,272.0,2361.0,230,0.8847945785684033,0.10551637026137951,226.0,64
DRIVE,36,0.1,0.1,GoCo-knapk4 (paper path),adapt_250_to_225_q0.5,0.0870639171944228,0.09388757659917801,0.2761504366470089,0.10249137411225064,105,269.0,2345.0,230,0.8852878464818763,0.10531770943488619,224.0,58
DRIVE,36,0.1,0.5,GoCo-oracle (paper path),adapt_250_to_225_q0.75,0.010438946933453938,0.08986750930073406,0.26930229864397337,0.09969910086782288,108,276.0,2324.0,227,0.8812392426850258,0.10293478590265825,227.0,103
DRIVE,36,0.1,0.5,GoCo-knapk0.5 (paper path),adapt_250_to_225_q0.75,0.16231239351309917,0.09553471896550383,0.27834529519748796,0.1043245609306214,105,274.0,2402.0,232,0.8859283930058285,0.10727352265179632,226.0,86
DRIVE,36,0.1,0.5,GoCo-knapk2 (paper path),adapt_250_to_225_q0.75,0.2479757986343114,0.09689158491731006,0.2803130465626117,0.10580045022762107,105,276.0,2416.0,234,0.8857615894039735,0.10874941194879598,228.0,90
DRIVE,36,0.1,0.5,GoCo-knapk4 (paper path),adapt_250_to_225_q0.75,0.2479757986343114,0.09689158491731006,0.2803130465626117,0.10580045022762107,105,276.0,2416.0,234,0.8857615894039735,0.10874941194879598,228.0,90
DRIVE,37,0.1,0.1,GoCo-oracle (paper path),global_300,0.0008463852904017502,0.0862826187469915,0.2682817495053997,0.07227196597768394,80,167.0,1068.0,168,0.8436329588014981,0.0745932771056021,140.0,0
DRIVE,37,0.1,0.1,GoCo-knapk0.5 (paper path),global_300,0.0008463852904017502,0.0862826187469915,0.2682817495053997,0.07227196597768394,80,167.0,1068.0,168,0.8436329588014981,0.0745932771056021,140.0,0
DRIVE,37,0.1,0.1,GoCo-knapk2 (paper path),global_300,0.0008463852904017502,0.0862826187469915,0.2682817495053997,0.07227196597768394,80,167.0,1068.0,168,0.8436329588014981,0.0745932771056021,140.0,0
DRIVE,37,0.1,0.1,GoCo-knapk4 (paper path),global_300,0.0008463852904017502,0.0862826187469915,0.2682817495053997,0.07227196597768394,80,167.0,1068.0,168,0.8436329588014981,0.0745932771056021,140.0,0
DRIVE,37,0.1,0.5,GoCo-oracle (paper path),adapt_250_to_225_q0.75,0.25984704604322395,0.09704568581729732,0.28175063090812913,0.08644154781688114,106,258.0,2011.0,197,0.8717056190949776,0.08899541729641214,215.0,107
DRIVE,37,0.1,0.5,GoCo-knapk0.5 (paper path),adapt_250_to_225_q0.35,0.49043993043118445,0.09988813504616209,0.2865973457444286,0.08861776240940751,100,243.0,1914.0,199,0.8730407523510971,0.0910673528514427,203.0,33
DRIVE,37,0.1,0.5,GoCo-knapk2 (paper path),adapt_250_to_225_q0.275,0.4961736497528998,0.09995521318058753,0.28670784926616233,0.08914237188407534,100,239.0,1913.0,200,0.8750653423941454,0.09147996704837688,201.0,31
DRIVE,37,0.1,0.5,GoCo-knapk4 (paper path),adapt_250_to_225_q0.2,0.4960539947323739,0.09995380527381871,0.28675328096554864,0.08914385788952957,100,238.0,1909.0,200,0.8753273965426925,0.09148739707564801,200.0,30
DRIVE,38,0.1,0.1,GoCo-oracle (paper path),adapt_250_to_225_q0.75,0.00566382708736856,0.08891354483460874,0.2687984480983464,0.09412616701594081,105,274.0,2307.0,212,0.8812310359774599,0.09709802051754149,222.0,104
DRIVE,38,0.1,0.1,GoCo-knapk0.5 (paper path),adapt_250_to_225_q0.6,0.08637814712222813,0.09385536156535465,0.27672189910142353,0.09992478202129232,103,274.0,2423.0,218,0.8869170449855551,0.1025572539166367,222.0,91
DRIVE,38,0.1,0.1,GoCo-knapk2 (paper path),adapt_250_to_225_q0.6,0.09955202577872507,0.09420655904145077,0.2770164727217273,0.10049243273722398,103,276.0,2451.0,219,0.8873929008567931,0.10308134666488404,223.0,96
DRIVE,38,0.1,0.1,GoCo-knapk4 (paper path),adapt_250_to_225_q0.5,0.09277163977555153,0.09402189908514605,0.2772590106496114,0.09963447845266732,103,269.0,2405.0,218,0.8881496881496882,0.10212842984920471,219.0,73
DRIVE,38,0.1,0.5,GoCo-oracle (paper path),adapt_225_to_200_q0.75,0.37850883990716366,0.09857978564279465,0.28184155092332364,0.10186656637596515,113,337.0,2901.0,226,0.8838331609789728,0.10530155101884897,265.0,117
DRIVE,38,0.1,0.5,GoCo-knapk0.5 (paper path),adapt_225_to_200_q0.6,0.4779041365324631,0.09974360737149215,0.2840881209456709,0.10351946894622924,111,336.0,2930.0,228,0.8853242320819112,0.10685532812414499,264.0,90
DRIVE,38,0.1,0.5,GoCo-knapk2 (paper path),adapt_225_to_200_q0.6,0.4811549191473546,0.09978130106426361,0.2841631744536469,0.10351767062508459,111,336.0,2931.0,228,0.8853633572159673,0.10685412923284171,264.0,89
DRIVE,38,0.1,0.5,GoCo-knapk4 (paper path),adapt_225_to_200_q0.6,0.48350414577017164,0.09980852429209085,0.2842469433295815,0.10351767062508459,111,336.0,2931.0,228,0.8853633572159673,0.10685412923284171,264.0,89
DRIVE,39,0.1,0.1,GoCo-oracle (paper path),adapt_250_to_225_q0.75,0.037692343929033915,0.09209070430984548,0.2731166788951122,0.09231907556164486,106,296.0,2409.0,206,0.8771274387712744,0.09493023368977109,242.0,109
DRIVE,39,0.1,0.1,GoCo-knapk0.5 (paper path),adapt_250_to_225_q0.03,0.07472370094339972,0.09350844693594966,0.2765087176689706,0.09328160942075107,98,261.0,2056.0,206,0.8730544747081712,0.09578020473057774,213.0,0
DRIVE,39,0.1,0.1,GoCo-knapk2 (paper path),adapt_250_to_225_q0.05,0.0904481616485609,0.09396262906432468,0.2770526498940489,0.09409293053320927,99,268.0,2178.0,207,0.8769513314967861,0.0965706650078771,219.0,9
DRIVE,39,0.1,0.1,GoCo-knapk4 (paper path),adapt_250_to_225_q0.075,0.09616813059036833,0.09411031293141747,0.27738667391777677,0.09413111216193484,100,269.0,2232.0,207,0.8794802867383512,0.09659146838858526,220.0,15
DRIVE,39,0.1,0.5,GoCo-oracle (paper path),adapt_250_to_225_q0.75,0.037692343929033915,0.09209070430984548,0.2731166788951122,0.09231907556164486,106,296.0,2409.0,206,0.8771274387712744,0.09493023368977109,242.0,109
DRIVE,39,0.1,0.5,GoCo-knapk0.5 (paper path),adapt_250_to_225_q0.75,0.40168664606258764,0.09885190167224692,0.28312526275933597,0.09775548608929156,106,300.0,2541.0,213,0.8819362455726092,0.1001941114426924,245.0,127
DRIVE,39,0.1,0.5,GoCo-knapk2 (paper path),adapt_250_to_225_q0.75,0.40784958188236276,0.09892486261910406,0.2832235335459466,0.09882061013492412,106,297.0,2531.0,214,0.8826550770446464,0.10120048864450631,243.0,106
DRIVE,39,0.1,0.5,GoCo-knapk4 (paper path),adapt_250_to_225_q0.6,0.28368207857897654,0.0973822358313859,0.2810298434779933,0.09680190087945771,106,296.0,2512.0,211,0.8821656050955414,0.09922893527964383,242.0,90
DRIVE,40,0.1,0.1,GoCo-oracle (paper path),adapt_250_to_225_q0.75,0.02041255879216835,0.09093049381234601,0.272268203055958,0.09013680736645463,118,316.0,2159.0,210,0.8536359425660027,0.09354618628081972,259.0,111
DRIVE,40,0.1,0.1,GoCo-knapk0.5 (paper path),adapt_250_to_225_q0.3,0.0915284786858041,0.09397810449334608,0.2777121428611574,0.09460445111246893,114,295.0,2142.0,214,0.8622782446311859,0.09753813852682038,245.0,44
DRIVE,40,0.1,0.1,GoCo-knapk2 (paper path),adapt_250_to_225_q0.3,0.09175846372641572,0.09398432283091608,0.27771684582990075,0.09471612254883946,114,298.0,2163.0,214,0.8622283865002311,0.09764595583516027,246.0,48
DRIVE,40,0.1,0.1,GoCo-knapk4 (paper path),adapt_250_to_225_q0.3,0.09380865658738469,0.0940381383706151,0.27781073945821055,0.09471612254883946,114,298.0,2163.0,214,0.8622283865002311,0.09764595583516027,246.0,48
DRIVE,40,0.1,0.5,GoCo-oracle (paper path),adapt_250_to_225_q0.75,0.02041255879216835,0.09093049381234601,0.272268203055958,0.09013680736645463,118,316.0,2159.0,210,0.8536359425660027,0.09354618628081972,259.0,111
DRIVE,40,0.1,0.5,GoCo-knapk0.5 (paper path),adapt_250_to_225_q0.75,0.1876607291493982,0.09596054680072344,0.27976297356884133,0.09805667579806451,120,323.0,2310.0,220,0.8601731601731601,0.10133326554804328,263.0,136
DRIVE,40,0.1,0.5,GoCo-knapk2 (paper path),adapt_250_to_225_q0.75,0.2477610363377653,0.09688130515560864,0.28095991106449286,0.09911957839281553,120,324.0,2325.0,222,0.8606451612903225,0.10236837985661049,264.0,144
DRIVE,40,0.1,0.5,GoCo-knapk4 (paper path),adapt_250_to_225_q0.75,0.26700185668431975,0.09715027998470817,0.2813508016285626,0.09911010511199739,120,324.0,2326.0,222,0.8607050730868444,0.10236837985661049,264.0,145
DRIVE,41,0.1,0.1,GoCo-oracle (paper path),adapt_250_to_225_q0.75,0.024293208764829845,0.0913060811296382,0.27066656095541447,0.09284713319663344,102,250.0,1966.0,210,0.8728382502543235,0.09459548289801145,210.0,98
DRIVE,41,0.1,0.1,GoCo-knapk0.5 (paper path),adapt_250_to_225_q0.4,0.08670814372316538,0.09390105491291623,0.2750862684591916,0.09627055066491944,95,229.0,1939.0,211,0.8818978855079939,0.09754116991312498,194.0,34
DRIVE,41,0.1,0.1,GoCo-knapk2 (paper path),adapt_250_to_225_q0.35,0.09095684904846962,0.0940107101945093,0.2754874772659851,0.09611817431544752,93,226.0,1913.0,211,0.8818609513852588,0.09741296481232428,193.0,27
DRIVE,41,0.1,0.1,GoCo-knapk4 (paper path),adapt_250_to_225_q0.35,0.09505505919558244,0.09411762877705875,0.2756562225047644,0.09615118725704577,94,227.0,1925.0,211,0.8820779220779221,0.09736875612634563,194.0,30
DRIVE,41,0.1,0.5,GoCo-oracle (paper path),adapt_250_to_225_q0.75,0.024293208764829845,0.0913060811296382,0.27066656095541447,0.09284713319663344,102,250.0,1966.0,210,0.8728382502543235,0.09459548289801145,210.0,98
DRIVE,41,0.1,0.5,GoCo-knapk0.5 (paper path),adapt_250_to_225_q0.75,0.4440072134041395,0.09935206064573966,0.28252026845607664,0.10110814906557929,100,250.0,2089.0,221,0.8803255146002872,0.10248948351457833,211.0,114
DRIVE,41,0.1,0.5,GoCo-knapk2 (paper path),adapt_250_to_225_q0.75,0.44318033932015627,0.09934216116009087,0.2826346002396349,0.1006982715676887,99,243.0,2069.0,220,0.8825519574673756,0.10198613624199632,206.0,94
DRIVE,41,0.1,0.5,GoCo-knapk4 (paper path),adapt_250_to_225_q0.75,0.4663806731575943,0.09961109720664568,0.2830204264832794,0.10074248022204685,99,243.0,2070.0,220,0.8826086956521739,0.10203034489635447,206.0,95
DRIVE,42,0.1,0.1,GoCo-oracle (paper path),adapt_250_to_225_q0.75,0.0010909044735902963,0.08670381273214633,0.26641991824236333,0.10214433007594445,108,287.0,2355.0,229,0.8781316348195329,0.10507651542162705,236.0,127
DRIVE,42,0.1,0.1,GoCo-knapk0.5 (paper path),adapt_250_to_225_q0.75,0.0944639267373481,0.09406697661158893,0.27728830693085466,0.1085712290331919,108,291.0,2455.0,237,0.8814663951120163,0.11104822621263306,241.0,136
DRIVE,42,0.1,0.1,GoCo-knapk2 (paper path),adapt_250_to_225_q0.6,0.013439197345898511,0.09021005970808808,0.2715904487648625,0.10597227634738547,105,285.0,2398.0,231,0.8811509591326105,0.10842708037765969,236.0,80
DRIVE,42,0.1,0.1,GoCo-knapk4 (paper path),adapt_250_to_225_q0.6,0.02881319312473967,0.09154042473917615,0.27359107124287263,0.10706644080361889,105,285.0,2409.0,233,0.8816936488169365,0.10950703489685565,236.0,84
DRIVE,42,0.1,0.5,GoCo-oracle (paper path),adapt_225_to_200_q0.75,0.1954536644661603,0.09609618434776362,0.27937421173406146,0.10834679242312434,118,340.0,2897.0,239,0.8826372109078356,0.11129926115037275,279.0,127
DRIVE,42,0.1,0.5,GoCo-knapk0.5 (paper path),adapt_225_to_200_q0.75,0.422551598281702,0.09909651694073285,0.2839438828878017,0.11032557866933808,118,341.0,2958.0,241,0.8847194050033806,0.11309479195179926,280.0,148
DRIVE,42,0.1,0.5,GoCo-knapk2 (paper path),adapt_225_to_200_q0.75,0.422551598281702,0.09909651694073285,0.2839438828878017,0.11032557866933808,118,341.0,2958.0,241,0.8847194050033806,0.11309479195179926,280.0,148
DRIVE,42,0.1,0.5,GoCo-knapk4 (paper path),adapt_225_to_200_q0.6,0.4686731160850626,0.09963542356178046,0.2847771138635522,0.11018293025639077,117,339.0,2933.0,241,0.8844186839413569,0.11297703592467372,279.0,121
DRIVE,43,0.1,0.1,GoCo-oracle (paper path),adapt_275_to_250_q0.75,0.009316716456502427,0.089613623707617,0.27105198378034034,0.08516677095497951,105,266.0,1596.0,202,0.8333333333333334,0.08720201385906584,233.0,77
DRIVE,43,0.1,0.1,GoCo-knapk0.5 (paper path),adapt_275_to_250_q0.6,0.02745720285520104,0.09141941540516339,0.27446532225891357,0.08793904195571768,101,259.0,1649.0,201,0.8429351121892056,0.08943212532712547,228.0,68
DRIVE,43,0.1,0.1,GoCo-knapk2 (paper path),adapt_275_to_250_q0.6,0.027064815472242584,0.09139289019990031,0.2744209987049065,0.08793904195571768,101,259.0,1649.0,201,0.8429351121892056,0.08943212532712547,228.0,68
DRIVE,43,0.1,0.1,GoCo-knapk4 (paper path),adapt_275_to_250_q0.75,0.04570606311700046,0.09241853140156212,0.2757736555267363,0.08910346259647087,105,267.0,1678.0,205,0.8408820023837902,0.09079359032272977,234.0,92
DRIVE,43,0.1,0.5,GoCo-oracle (paper path),adapt_250_to_225_q0.75,0.0850057853265172,0.09382863577148959,0.2761499698375281,0.08845532538878191,111,316.0,1999.0,207,0.8419209604802401,0.09052176436789788,275.0,98
DRIVE,43,0.1,0.5,GoCo-knapk0.5 (paper path),adapt_250_to_225_q0.6,0.4685779001586572,0.0996343358204915,0.2847594678874948,0.09351536034747207,109,312.0,2058.0,212,0.8483965014577259,0.09542340984869382,271.0,86
DRIVE,43,0.1,0.5,GoCo-knapk2 (paper path),adapt_250_to_225_q0.6,0.4839451547075132,0.09981306512254619,0.2851331267631652,0.09359493593164085,109,311.0,2063.0,212,0.8492486669898206,0.0955029854328626,270.0,87
DRIVE,43,0.1,0.5,GoCo-knapk4 (paper path),adapt_250_to_225_q0.6,0.4829952397381696,0.09980201295105152,0.2851119612294115,0.09366566979126209,109,310.0,2062.0,212,0.8496605237633366,0.09557371929248384,269.0,86
DRIVE,44,0.1,0.1,GoCo-oracle (paper path),adapt_250_to_225_q0.75,0.013113507325600321,0.09023146351468342,0.2698318446797235,0.10147594577121481,99,265.0,2279.0,226,0.8837209302325582,0.10468339526368706,217.0,128
DRIVE,44,0.1,0.1,GoCo-knapk0.5 (paper path),adapt_250_to_225_q0.5,0.07903370956221129,0.09365920027228819,0.27580535417120433,0.1049329989310601,97,258.0,2269.0,229,0.8862935213750551,0.10732088530095249,213.0,69
DRIVE,44,0.1,0.1,GoCo-knapk2 (paper path),adapt_250_to_225_q0.5,0.07920941358194783,0.09366460162306338,0.2758032667953526,0.10496133782503143,97,256.0,2255.0,229,0.8864745011086475,0.10734922419492382,211.0,64
DRIVE,44,0.1,0.1,GoCo-knapk4 (paper path),adapt_250_to_225_q0.5,0.08648125129498152,0.09387367781577756,0.27602951263746023,0.10494816187838345,97,258.0,2273.0,229,0.8864936207655081,0.10733604824827583,213.0,70
DRIVE,44,0.1,0.5,GoCo-oracle (paper path),adapt_250_to_225_q0.75,0.013113507325600321,0.09023146351468342,0.2698318446797235,0.10147594577121481,99,265.0,2279.0,226,0.8837209302325582,0.10468339526368706,217.0,128
DRIVE,44,0.1,0.5,GoCo-knapk0.5 (paper path),adapt_250_to_225_q0.75,0.23072803927731372,0.09665076883228135,0.2792362200357086,0.10749939403420102,100,273.0,2380.0,234,0.8852941176470588,0.11020446328016428,223.0,155
DRIVE,44,0.1,0.5,GoCo-knapk2 (paper path),adapt_250_to_225_q0.75,0.2792138436503394,0.09732814583364152,0.28034644280778986,0.10904717135492624,99,268.0,2381.0,236,0.8874422511549769,0.11157686043165091,220.0,147
DRIVE,44,0.1,0.5,GoCo-knapk4 (paper path),adapt_250_to_225_q0.75,0.30065904660469944,0.09761081099589244,0.28075657016494115,0.10886194837188215,100,271.0,2389.0,236,0.8865634156550858,0.11145058234743478,222.0,155
DRIVE,45,0.1,0.1,GoCo-oracle (paper path),adapt_275_to_250_q0.75,0.01975531898903929,0.09084470233724351,0.27303787866130524,0.08524268350171157,105,301.0,1797.0,201,0.8324986087924319,0.08730686835015801,257.0,94
DRIVE,45,0.1,0.1,GoCo-knapk0.5 (paper path),adapt_275_to_250_q0.5,0.07963466929157365,0.09363435995357422,0.2776860761077416,0.08752404313821059,103,295.0,1806.0,202,0.8366555924695459,0.08925538069373416,253.0,66
DRIVE,45,0.1,0.1,GoCo-knapk2 (paper path),adapt_275_to_250_q0.6,0.0963036762118919,0.09409616263064528,0.27822263666135166,0.08743583041413709,104,298.0,1831.0,202,0.8372474057891862,0.08916716796966068,256.0,88
DRIVE,45,0.1,0.1,GoCo-knapk4 (paper path),adapt_275_to_250_q0.6,0.0919135769515445,0.09398564097103453,0.2778525746894157,0.08743583041413709,104,298.0,1831.0,202,0.8372474057891862,0.08916716796966068,256.0,88
DRIVE,45,0.1,0.5,GoCo-oracle (paper path),adapt_250_to_225_q0.75,0.13911713482815025,0.09508795367469838,0.27815437690570355,0.08862020379668521,110,341.0,2316.0,205,0.8527633851468048,0.09067329209426354,287.0,123
DRIVE,45,0.1,0.5,GoCo-knapk0.5 (paper path),adapt_250_to_225_q0.75,0.49427795416108733,0.09993330682146138,0.2854933080192327,0.09594519501181432,111,346.0,2416.0,214,0.8567880794701986,0.09791476079892733,291.0,125
DRIVE,45,0.1,0.5,GoCo-knapk2 (paper path),adapt_250_to_225_q0.6,0.35946817728041813,0.09833941525268301,0.2833173490836006,0.09365433077439073,111,343.0,2383.0,210,0.8560637851447755,0.09560621311240866,289.0,94
DRIVE,45,0.1,0.5,GoCo-knapk4 (paper path),adapt_250_to_225_q0.5,0.3424260139459644,0.09812643810197592,0.2834471012488553,0.09184399686694461,109,333.0,2287.0,208,0.8543944031482291,0.09369637702124821,281.0,56
DRIVE,46,0.1,0.1,GoCo-oracle (paper path),adapt_250_to_225_q0.75,0.0021409993784656605,0.08755034180629791,0.2675950546539547,0.09986712913614369,113,289.0,2263.0,226,0.8722934158197083,0.10225951670019316,250.0,119
DRIVE,46,0.1,0.1,GoCo-knapk0.5 (paper path),adapt_250_to_225_q0.6,0.0290504093357638,0.09152973202163409,0.27445627907926395,0.10358937697322046,112,278.0,2305.0,228,0.8793926247288504,0.10532940679899261,242.0,69
DRIVE,46,0.1,0.1,GoCo-knapk2 (paper path),adapt_250_to_225_q0.6,0.02934554890633599,0.09154866599831088,0.2744853815414433,0.10361844750234872,111,277.0,2302.0,228,0.8796698523023457,0.10536584544245065,241.0,66
DRIVE,46,0.1,0.1,GoCo-knapk4 (paper path),adapt_250_to_225_q0.75,0.05470371380139418,0.09280617102308678,0.27591595501471944,0.1052234502148565,112,283.0,2357.0,231,0.8799321170980059,0.10702882440716266,245.0,90
DRIVE,46,0.1,0.5,GoCo-oracle (paper path),adapt_225_to_200_q0.75,0.23676469640714815,0.09672952330713247,0.2801657472779916,0.1081671039685014,123,346.0,2888.0,240,0.8801939058171745,0.11075534110676388,292.0,134
DRIVE,46,0.1,0.5,GoCo-knapk0.5 (paper path),adapt_225_to_200_q0.6,0.43554664306149604,0.09924874671337143,0.28426211775857135,0.11205068004542383,122,340.0,2899.0,246,0.8827181786823043,0.11432092031686313,289.0,105
DRIVE,46,0.1,0.5,GoCo-knapk2 (paper path),adapt_225_to_200_q0.6,0.39443195484019966,0.09876318820986887,0.2835868788777346,0.10897186230917508,122,339.0,2894.0,240,0.8828610919143055,0.11119157837936038,288.0,99
DRIVE,46,0.1,0.5,GoCo-knapk4 (paper path),adapt_225_to_200_q0.6,0.39443195484019966,0.09876318820986887,0.2835868788777346,0.10897186230917508,122,339.0,2894.0,240,0.8828610919143055,0.11119157837936038,288.0,99
DRIVE,47,0.1,0.1,GoCo-oracle (paper path),adapt_250_to_225_q0.75,0.04471594619492035,0.09244216495942058,0.27322948320064916,0.09055625053236276,108,294.0,2193.0,208,0.86593707250342,0.09330657186179325,242.0,115
DRIVE,47,0.1,0.1,GoCo-knapk0.5 (paper path),adapt_250_to_225_q0.25,0.08874302806286599,0.09392643866946906,0.276535924726222,0.09190297512540134,100,261.0,1939.0,208,0.8653945332645694,0.0941607258838431,219.0,15
DRIVE,47,0.1,0.1,GoCo-knapk2 (paper path),adapt_250_to_225_q0.1,0.0810924460351683,0.09371229113334054,0.2762041663200851,0.09192407956490149,99,257.0,1879.0,208,0.863225119744545,0.09413939687554336,216.0,6
DRIVE,47,0.1,0.1,GoCo-knapk4 (paper path),adapt_250_to_225_q0.075,0.08514348551338313,0.09382683175865472,0.276408833323774,0.09199481342452275,99,256.0,1878.0,208,0.8636847710330139,0.0941217134264483,216.0,5
DRIVE,47,0.1,0.5,GoCo-oracle (paper path),adapt_250_to_225_q0.75,0.04471594619492035,0.09244216495942058,0.27322948320064916,0.09055625053236276,108,294.0,2193.0,208,0.86593707250342,0.09330657186179325,242.0,115
DRIVE,47,0.1,0.5,GoCo-knapk0.5 (paper path),adapt_250_to_225_q0.75,0.4897783136722294,0.09988141033393319,0.28415644520187583,0.09446557787116074,108,295.0,2270.0,212,0.8700440528634361,0.09710700326952441,242.0,130
DRIVE,47,0.1,0.5,GoCo-knapk2 (paper path),adapt_250_to_225_q0.6,0.38977075238596054,0.0987117478045924,0.28258098817525024,0.09415715150238664,107,291.0,2233.0,211,0.8696820420958352,0.0966272589224403,240.0,92
DRIVE,47,0.1,0.5,GoCo-knapk4 (paper path),adapt_250_to_225_q0.6,0.3979688024898838,0.09880920118140922,0.2827267402230347,0.09408578608649479,108,292.0,2235.0,211,0.8693512304250559,0.09662473269735787,240.0,94
DRIVE,48,0.1,0.1,GoCo-oracle (paper path),adapt_250_to_225_q0.75,0.04924425275064077,0.09263839077807232,0.27357348663284264,0.08965586753517626,112,286.0,1981.0,211,0.8556284704694599,0.09229371184853723,245.0,101
DRIVE,48,0.1,0.1,GoCo-knapk0.5 (paper path),adapt_250_to_225_q0.175,0.09526944303901569,0.09409801890031096,0.27684283315369557,0.09228018186294748,100,250.0,1760.0,212,0.8579545454545454,0.09415801955629091,221.0,10
DRIVE,48,0.1,0.1,GoCo-knapk2 (paper path),adapt_250_to_225_q0.1,0.09426368700316362,0.09407244621521599,0.27678184144429374,0.09227111907947601,101,251.0,1798.0,212,0.860400444938821,0.09416553502215631,221.0,13
DRIVE,48,0.1,0.1,GoCo-knapk4 (paper path),adapt_250_to_225_q0.075,0.0939815369640748,0.09406502999029362,0.2767743547796197,0.09228672816045089,100,250.0,1747.0,212,0.8568975386376646,0.09418114410313118,220.0,7
DRIVE,48,0.1,0.5,GoCo-oracle (paper path),adapt_250_to_225_q0.75,0.04924425275064077,0.09263839077807232,0.27357348663284264,0.08965586753517626,112,286.0,1981.0,211,0.8556284704694599,0.09229371184853723,245.0,101
DRIVE,48,0.1,0.5,GoCo-knapk0.5 (paper path),adapt_250_to_225_q0.6,0.3116519547709914,0.09774827643715102,0.28148226168763224,0.09487135753391276,109,283.0,2113.0,216,0.8660672030288689,0.09700305193899797,244.0,97
DRIVE,48,0.1,0.5,GoCo-knapk2 (paper path),adapt_250_to_225_q0.6,0.3197022851714702,0.09784995636430913,0.28175989776644783,0.09536207372060822,109,283.0,2115.0,217,0.866193853427896,0.0975335559177778,244.0,95
DRIVE,48,0.1,0.5,GoCo-knapk4 (paper path),adapt_250_to_225_q0.6,0.3192246503687596,0.09784392791575398,0.28174618729825635,0.09543280759603971,109,282.0,2113.0,217,0.8665404637955514,0.09760428979320931,243.0,93
DRIVE,49,0.1,0.1,GoCo-oracle (paper path),adapt_250_to_225_q0.75,0.041131174183498,0.09225248283353345,0.2737515084925702,0.08949301398559338,115,325.0,2317.0,207,0.8597324126025032,0.09234083741508049,263.0,105
DRIVE,49,0.1,0.1,GoCo-knapk0.5 (paper path),adapt_250_to_225_q0.15,0.09887258953502165,0.09417238658397836,0.2778080250065775,0.09119011738414157,109,295.0,2105.0,207,0.8598574821852731,0.09365256238205047,240.0,14
DRIVE,49,0.1,0.1,GoCo-knapk2 (paper path),adapt_250_to_225_q0.075,0.09830255008949751,0.09415712406369672,0.2778276446859712,0.09121790570194588,109,294.0,2092.0,207,0.8594646271510517,0.09359193335951797,240.0,9
DRIVE,49,0.1,0.1,GoCo-knapk4 (paper path),adapt_250_to_225_q0.05,0.09871981836184085,0.09416734088479049,0.27785909673738257,0.09076901771503672,109,294.0,2081.0,207,0.8587217683805862,0.09336748936606339,240.0,8
DRIVE,49,0.1,0.5,GoCo-oracle (paper path),adapt_250_to_225_q0.75,0.041131174183498,0.09225248283353345,0.2737515084925702,0.08949301398559338,115,325.0,2317.0,207,0.8597324126025032,0.09234083741508049,263.0,105
DRIVE,49,0.1,0.5,GoCo-knapk0.5 (paper path),adapt_250_to_225_q0.75,0.3017419187123839,0.09761588916538248,0.28183672077275357,0.09483348930387978,113,325.0,2421.0,212,0.86575795125981,0.09750257361314657,259.0,105
DRIVE,49,0.1,0.5,GoCo-knapk2 (paper path),adapt_250_to_225_q0.75,0.37715513490483216,0.0985567626570517,0.28315104626340803,0.09519181193818464,114,329.0,2452.0,213,0.8658238172920065,0.09775535484049618,263.0,135
DRIVE,49,0.1,0.5,GoCo-knapk4 (paper path),adapt_250_to_225_q0.75,0.37715513490483216,0.0985567626570517,0.28315104626340803,0.09545706392757457,114,329.0,2454.0,213,0.8659331703341483,0.0980206068298861,263.0,137
DRIVE,50,0.1,0.1,GoCo-oracle (paper path),adapt_275_to_250_q0.75,0.005955021487764535,0.08897950168629856,0.26907212804164554,0.0870014225930687,80,196.0,1576.0,196,0.8756345177664975,0.0890749939082472,165.0,81
DRIVE,50,0.1,0.1,GoCo-knapk0.5 (paper path),adapt_275_to_250_q0.75,0.07739686653421067,0.09359743696704151,0.2762995970522481,0.09038453560609083,80,199.0,1640.0,199,0.8786585365853659,0.09230090017660227,166.0,104
DRIVE,50,0.1,0.1,GoCo-knapk2 (paper path),adapt_275_to_250_q0.75,0.08551345569783708,0.09383213593172458,0.27664961325998544,0.09160469476360858,80,199.0,1649.0,201,0.8793208004851425,0.09352105933412,166.0,109
DRIVE,50,0.1,0.1,GoCo-knapk4 (paper path),adapt_275_to_250_q0.75,0.027795932187548104,0.0914771810094937,0.27337686475597683,0.08997086879429197,77,193.0,1614.0,196,0.8804213135068154,0.09192156684177308,160.0,74
DRIVE,50,0.1,0.5,GoCo-oracle (paper path),adapt_250_to_225_q0.75,0.07135564604729841,0.09343870214189079,0.2748495085062408,0.09169854357324797,87,231.0,2027.0,202,0.8860384805130735,0.09397856514080766,190.0,119
DRIVE,50,0.1,0.5,GoCo-knapk0.5 (paper path),adapt_250_to_225_q0.6,0.4693458769870949,0.09964412951184837,0.28408989603345847,0.09417291381631036,87,222.0,1979.0,205,0.887822132390096,0.0959259058183321,183.0,63
DRIVE,50,0.1,0.5,GoCo-knapk2 (paper path),adapt_250_to_225_q0.6,0.4037035114963204,0.09887686793146462,0.2828894811378023,0.09418873298389525,87,226.0,2014.0,204,0.887785501489573,0.09597633330828315,186.0,78
DRIVE,50,0.1,0.5,GoCo-knapk4 (paper path),adapt_250_to_225_q0.6,0.4022348324495203,0.0988596216199885,0.2828312494717703,0.09426863738965609,87,225.0,2011.0,204,0.8881153654898061,0.09606583807765647,185.0,76
DRIVE,51,0.1,0.1,GoCo-oracle (paper path),adapt_250_to_225_q0.75,0.0003240155850167509,0.08535949375964602,0.2635644780766742,0.10143459760225736,112,311.0,2334.0,231,0.8667523564695802,0.1039354447028365,261.0,110
DRIVE,51,0.1,0.1,GoCo-knapk0.5 (paper path),adapt_250_to_225_q0.5,0.08427121409069704,0.09379837492811902,0.27654959584115035,0.10735901243174424,111,316.0,2445.0,238,0.870756646216769,0.10947097271127473,265.0,118
DRIVE,51,0.1,0.1,GoCo-knapk2 (paper path),adapt_250_to_225_q0.5,0.04052854738637931,0.09220195463623862,0.27445063669728403,0.10577905783602666,109,314.0,2426.0,234,0.8705688375927453,0.10793106597045372,263.0,96
DRIVE,51,0.1,0.1,GoCo-knapk4 (paper path),adapt_250_to_225_q0.75,0.08893773024560636,0.09392594040942129,0.2768071039435942,0.10783089484713122,112,317.0,2464.0,238,0.8713474025974026,0.10998141024093729,265.0,125
DRIVE,51,0.1,0.5,GoCo-oracle (paper path),adapt_225_to_200_q0.75,0.17813519554958235,0.0958131896603645,0.27866979658397484,0.10857912625336837,123,367.0,2902.0,243,0.8735354927636113,0.11187879350678674,294.0,127
DRIVE,51,0.1,0.5,GoCo-knapk0.5 (paper path),adapt_225_to_200_q0.75,0.34710943306043707,0.09819029797293463,0.2826406863175677,0.11152668220611087,123,372.0,3021.0,246,0.8768619662363456,0.1145750470914006,298.0,162
DRIVE,51,0.1,0.5,GoCo-knapk2 (paper path),adapt_225_to_200_q0.75,0.34710943306043707,0.09819029797293463,0.2826406863175677,0.11152668220611087,123,372.0,3021.0,246,0.8768619662363456,0.1145750470914006,298.0,162
DRIVE,51,0.1,0.5,GoCo-knapk4 (paper path),adapt_225_to_200_q0.6,0.2962192179990083,0.09754338700828248,0.2817769691474021,0.11055663524477172,120,367.0,2963.0,244,0.8761390482618967,0.11350372499274955,295.0,104
DRIVE,52,0.1,0.1,GoCo-oracle (paper path),adapt_275_to_250_q0.75,0.008343693100541569,0.08947291720451031,0.2700479681004165,0.08491270286018715,93,215.0,1587.0,199,0.8645242596093258,0.08690335288920516,186.0,84
DRIVE,52,0.1,0.1,GoCo-knapk0.5 (paper path),adapt_275_to_250_q0.75,0.07217773415176476,0.09343601403960498,0.2760935335261416,0.08928838025986041,93,218.0,1665.0,203,0.8690690690690691,0.09086958778631782,188.0,111
DRIVE,52,0.1,0.1,GoCo-knapk2 (paper path),adapt_275_to_250_q0.75,0.07964200047674397,0.09365965863516855,0.2765922043198864,0.08972146612263485,92,213.0,1655.0,203,0.8712990936555891,0.09130267364909225,183.0,99
DRIVE,52,0.1,0.1,GoCo-knapk4 (paper path),adapt_275_to_250_q0.75,0.08337279872630854,0.09377073679188519,0.2766099827302854,0.08950673831868868,93,215.0,1661.0,203,0.8705599036724865,0.09108794584514608,185.0,105
DRIVE,52,0.1,0.5,GoCo-oracle (paper path),adapt_250_to_225_q0.75,0.07342558881652934,0.09350905719976527,0.27471836601391003,0.0887131363232509,103,257.0,2012.0,204,0.8722664015904572,0.09075087587144078,219.0,94
DRIVE,52,0.1,0.5,GoCo-knapk0.5 (paper path),adapt_250_to_225_q0.6,0.43426266583429163,0.09923473249537876,0.2838586988945947,0.09496590910919149,103,253.0,2155.0,210,0.8825986078886311,0.09631575584727826,216.0,84
DRIVE,52,0.1,0.5,GoCo-knapk2 (paper path),adapt_250_to_225_q0.6,0.4385905914676695,0.09928531740799507,0.28394421212514115,0.09496590910919149,103,253.0,2155.0,210,0.8825986078886311,0.09631575584727826,216.0,84
DRIVE,52,0.1,0.5,GoCo-knapk4 (paper path),adapt_250_to_225_q0.6,0.4385905914676695,0.09928531740799507,0.28394421212514115,0.09496590910919149,103,253.0,2155.0,210,0.8825986078886311,0.09631575584727826,216.0,84
DRIVE,53,0.1,0.1,GoCo-oracle (paper path),adapt_250_to_225_q0.75,0.06111353991609259,0.09308562013530605,0.2746988809275532,0.09454001393020943,111,266.0,2258.0,211,0.8821966341895483,0.09770467413357145,216.0,129
DRIVE,53,0.1,0.1,GoCo-knapk0.5 (paper path),adapt_250_to_225_q0.175,0.09686195729835934,0.09413272704069431,0.27719375508611915,0.0962352288733743,100,228.0,1911.0,212,0.880690737833595,0.09883792428028046,191.0,3
DRIVE,53,0.1,0.1,GoCo-knapk2 (paper path),adapt_250_to_225_q0.05,0.09718834167974139,0.09414072019747145,0.27722169327394075,0.0962352288733743,100,228.0,1911.0,212,0.880690737833595,0.09883792428028046,191.0,3
DRIVE,53,0.1,0.1,GoCo-knapk4 (paper path),adapt_250_to_225_q0.05,0.09718834167974139,0.09414072019747145,0.27722169327394075,0.0962352288733743,100,228.0,1911.0,212,0.880690737833595,0.09883792428028046,191.0,3
DRIVE,53,0.1,0.5,GoCo-oracle (paper path),adapt_250_to_225_q0.75,0.06111353991609259,0.09308562013530605,0.2746988809275532,0.09454001393020943,111,266.0,2258.0,211,0.8821966341895483,0.09770467413357145,216.0,129
DRIVE,53,0.1,0.5,GoCo-knapk0.5 (paper path),adapt_250_to_225_q0.75,0.4524632203977198,0.09944831886247235,0.28360082665065384,0.09689865194517991,111,267.0,2325.0,213,0.8851612903225806,0.09975317354543772,216.0,140
DRIVE,53,0.1,0.5,GoCo-knapk2 (paper path),adapt_250_to_225_q0.75,0.3179550819714307,0.0978285983481521,0.28161764693011615,0.09925427118252064,110,261.0,2296.0,217,0.8863240418118467,0.10208419557433546,211.0,100
DRIVE,53,0.1,0.5,GoCo-knapk4 (paper path),adapt_250_to_225_q0.75,0.4890160274426637,0.09987247913522493,0.2843463581405914,0.09986632293984492,111,263.0,2325.0,218,0.8868817204301075,0.10272248444253633,212.0,128
DRIVE,54,0.1,0.1,GoCo-oracle (paper path),adapt_250_to_225_q0.75,0.028555051899846653,0.09152234738954498,0.27360820383839185,0.09204972949995602,109,321.0,2256.0,211,0.8577127659574468,0.09497814512853597,264.0,116
DRIVE,54,0.1,0.1,GoCo-knapk0.5 (paper path),adapt_250_to_225_q0.35,0.09949214428246195,0.09417869201231382,0.27827474826573656,0.09447511182381557,107,312.0,2203.0,213,0.8583749432591921,0.09683908216991222,259.0,51
DRIVE,54,0.1,0.1,GoCo-knapk2 (paper path),adapt_250_to_225_q0.225,0.09963476605435023,0.09418302503283524,0.2782442254928473,0.09477113985730735,106,306.0,2191.0,213,0.8603377453217709,0.09715364383291503,253.0,45
DRIVE,54,0.1,0.1,GoCo-knapk4 (paper path),adapt_250_to_225_q0.15,0.0758114274036811,0.09351527091678953,0.27769435351836264,0.09478664269339818,104,290.0,2129.0,213,0.8637858149365899,0.0971876722194788,240.0,29
DRIVE,54,0.1,0.5,GoCo-oracle (paper path),adapt_250_to_225_q0.75,0.028555051899846653,0.09152234738954498,0.27360820383839185,0.09204972949995602,109,321.0,2256.0,211,0.8577127659574468,0.09497814512853597,264.0,116
DRIVE,54,0.1,0.5,GoCo-knapk0.5 (paper path),adapt_250_to_225_q0.75,0.2428449558109348,0.0968035688174182,0.28150808529306515,0.0963308138777786,109,327.0,2353.0,214,0.8610284742881428,0.0988336986587914,268.0,136
DRIVE,54,0.1,0.5,GoCo-knapk2 (paper path),adapt_250_to_225_q0.75,0.31793693748718943,0.0978193293950602,0.2827893846789816,0.09845282979289796,109,327.0,2367.0,218,0.861850443599493,0.10095571457391077,268.0,138
DRIVE,54,0.1,0.5,GoCo-knapk4 (paper path),adapt_250_to_225_q0.75,0.32809098796507574,0.0979475345274814,0.2830743317596492,0.09901364828294405,109,326.0,2366.0,219,0.8622147083685545,0.10151905925741879,267.0,136
DRIVE,55,0.1,0.1,GoCo-oracle (paper path),adapt_250_to_225_q0.75,0.04122963088496151,0.0922329331898879,0.27461862576502755,0.09000488817691803,106,326.0,2206.0,205,0.8522212148685403,0.09209674115364368,269.0,105
DRIVE,55,0.1,0.1,GoCo-knapk0.5 (paper path),adapt_250_to_225_q0.225,0.09091766714123678,0.09395632985337027,0.27793893992901153,0.09179652647093058,96,294.0,2042.0,205,0.8560235063663075,0.09333468478775783,247.0,22
DRIVE,55,0.1,0.1,GoCo-knapk2 (paper path),adapt_250_to_225_q0.075,0.07635265241047345,0.0935398534296046,0.2773732744066476,0.0919143409801731,93,287.0,1973.0,205,0.8545362392295996,0.09337935661921767,243.0,9
DRIVE,55,0.1,0.1,GoCo-knapk4 (paper path),adapt_250_to_225_q0.05,0.09421789158323074,0.09404370219543062,0.27806638148336227,0.09189776273083623,94,288.0,1983.0,205,0.8547655068078669,0.09337935661921767,243.0,10
DRIVE,55,0.1,0.5,GoCo-oracle (paper path),adapt_250_to_225_q0.75,0.04122963088496151,0.0922329331898879,0.27461862576502755,0.09000488817691803,106,326.0,2206.0,205,0.8522212148685403,0.09209674115364368,269.0,105
DRIVE,55,0.1,0.5,GoCo-knapk0.5 (paper path),adapt_250_to_225_q0.75,0.49299123817013263,0.09991831822167657,0.2854580407500292,0.09597773215973093,106,333.0,2320.0,214,0.8564655172413793,0.09801332579841664,273.0,136
DRIVE,55,0.1,0.5,GoCo-knapk2 (paper path),adapt_250_to_225_q0.75,0.41753307335836637,0.09903554291876937,0.2844166772113116,0.09268368799585246,106,329.0,2279.0,208,0.8556384379113646,0.0944782391388157,272.0,95
DRIVE,55,0.1,0.5,GoCo-knapk4 (paper path),adapt_250_to_225_q0.75,0.4996951067537293,0.09999644565013106,0.2855571699720758,0.09551290962202795,106,331.0,2308.0,213,0.8565857885615251,0.09744492866474375,272.0,124
DRIVE,56,0.1,0.1,GoCo-oracle (paper path),adapt_250_to_225_q0.75,0.025004155626604727,0.0913212780413324,0.2718905501947468,0.09096374982864218,100,254.0,2154.0,207,0.8820798514391829,0.09360390599589766,215.0,110
DRIVE,56,0.1,0.1,GoCo-knapk0.5 (paper path),adapt_250_to_225_q0.3,0.08565218055944934,0.09383088388635878,0.2768851712445174,0.09343117513454245,95,229.0,1986.0,209,0.8846928499496476,0.0955573898411556,196.0,24
DRIVE,56,0.1,0.1,GoCo-knapk2 (paper path),adapt_250_to_225_q0.3,0.08818066255448437,0.09389984310068565,0.27702626119795215,0.09396671815639465,95,227.0,2011.0,209,0.887120835405271,0.09609207215296495,194.0,26
DRIVE,56,0.1,0.1,GoCo-knapk4 (paper path),adapt_250_to_225_q0.275,0.08898411458217748,0.09392099010138044,0.27709195275150517,0.09396671815639465,95,227.0,2007.0,209,0.8868958644743398,0.09609207215296495,194.0,25
DRIVE,56,0.1,0.5,GoCo-oracle (paper path),adapt_250_to_225_q0.75,0.025004155626604727,0.0913212780413324,0.2718905501947468,0.09096374982864218,100,254.0,2154.0,207,0.8820798514391829,0.09360390599589766,215.0,110
DRIVE,56,0.1,0.5,GoCo-knapk0.5 (paper path),adapt_250_to_225_q0.75,0.4205928779811232,0.09907580093537464,0.2831968100017256,0.10055917629512615,100,261.0,2278.0,220,0.8854258121158911,0.10289196421043942,220.0,144
DRIVE,56,0.1,0.5,GoCo-knapk2 (paper path),adapt_250_to_225_q0.75,0.42912330232007345,0.09917584235930632,0.2833240486004988,0.10059196846238498,100,261.0,2276.0,220,0.8853251318101933,0.10294370293933454,220.0,140
DRIVE,56,0.1,0.5,GoCo-knapk4 (paper path),adapt_250_to_225_q0.75,0.42912330232007345,0.09917584235930632,0.2833240486004988,0.10059196846238498,100,261.0,2276.0,220,0.8853251318101933,0.10294370293933454,220.0,140
DRIVE,57,0.1,0.1,GoCo-oracle (paper path),adapt_250_to_225_q0.75,0.004649267884458104,0.08865225510745846,0.2678922566331635,0.10116786646115684,109,297.0,2400.0,231,0.87625,0.10362610514189267,252.0,132
DRIVE,57,0.1,0.1,GoCo-knapk0.5 (paper path),adapt_250_to_225_q0.75,0.09775089914445856,0.09417456277801757,0.27631592916118086,0.10913880672948113,110,307.0,2505.0,243,0.8774451097804391,0.11178393921263971,257.0,161
DRIVE,57,0.1,0.1,GoCo-knapk2 (paper path),adapt_250_to_225_q0.75,0.095276706547265,0.09410656447514931,0.27645104474555215,0.10787844234183233,110,304.0,2462.0,241,0.8765231519090171,0.11037717346961681,256.0,115
DRIVE,57,0.1,0.1,GoCo-knapk4 (paper path),adapt_250_to_225_q0.6,0.07163285451676556,0.0934284877990538,0.2756594087254714,0.10585705791291254,108,301.0,2443.0,236,0.8767908309455588,0.10831600124861264,254.0,96
DRIVE,57,0.1,0.5,GoCo-oracle (paper path),adapt_225_to_200_q0.75,0.1937871930133513,0.09608206672282688,0.2784207579423063,0.11037040917247297,121,370.0,3004.0,249,0.8768308921438083,0.11420717527916956,300.0,137
DRIVE,57,0.1,0.5,GoCo-knapk0.5 (paper path),adapt_225_to_200_q0.6,0.4676941511489665,0.09962484193891682,0.28414392988591985,0.11407412828912153,120,367.0,3022.0,253,0.8785572468563865,0.11759971399996579,300.0,116
DRIVE,57,0.1,0.5,GoCo-knapk2 (paper path),adapt_225_to_200_q0.6,0.3549955939059001,0.09829047706462345,0.28226490690242667,0.112482616352782,119,366.0,3018.0,249,0.878727634194831,0.11600820206362626,299.0,112
DRIVE,57,0.1,0.5,GoCo-knapk4 (paper path),adapt_225_to_200_q0.75,0.46864231713858023,0.09963583910654963,0.28417256395984514,0.11404440704169894,120,368.0,3036.0,253,0.8787878787878788,0.11760013502693935,300.0,125
DRIVE,58,0.1,0.1,GoCo-oracle (paper path),adapt_275_to_250_q0.75,0.021602967936182927,0.09104075289136218,0.2720962349604518,0.08479262730329043,91,229.0,1691.0,198,0.8645771732702543,0.08699851828955846,204.0,90
DRIVE,58,0.1,0.1,GoCo-knapk0.5 (paper path),adapt_275_to_250_q0.6,0.08157387706896257,0.09371563173257387,0.276690508606351,0.08762961829214577,86,225.0,1712.0,199,0.8685747663551402,0.0894177031532839,202.0,68
DRIVE,58,0.1,0.1,GoCo-knapk2 (paper path),adapt_275_to_250_q0.6,0.08870885498838627,0.09391709691807826,0.2769175915140147,0.08762961829214577,86,225.0,1711.0,199,0.8684979544126242,0.0894177031532839,202.0,67
DRIVE,58,0.1,0.1,GoCo-knapk4 (paper path),adapt_275_to_250_q0.6,0.09170360856924953,0.09399667251805728,0.27707733111876337,0.08765775108369023,86,224.0,1710.0,199,0.8690058479532163,0.08944985491053178,201.0,66
DRIVE,58,0.1,0.5,GoCo-oracle (paper path),adapt_250_to_225_q0.75,0.21438169915672628,0.0964014031921837,0.27922704385481395,0.0867069250155507,105,279.0,2141.0,201,0.8696870621205044,0.08911159401388953,245.0,121
DRIVE,58,0.1,0.5,GoCo-knapk0.5 (paper path),adapt_250_to_225_q0.35,0.49799447630808497,0.099976653524672,0.28514938435265097,0.08907542447670701,98,256.0,2024.0,202,0.8735177865612648,0.09116357167298345,228.0,36
DRIVE,58,0.1,0.5,GoCo-knapk2 (paper path),adapt_250_to_225_q0.2,0.4567471729309882,0.09949649920988463,0.2845855803866898,0.08829518699677616,96,244.0,1977.0,201,0.8765806777946383,0.09042079572810419,216.0,24
DRIVE,58,0.1,0.5,GoCo-knapk4 (paper path),adapt_250_to_225_q0.175,0.4569380576116838,0.09949872839197872,0.2845864808119797,0.08829518699677616,96,244.0,1977.0,201,0.8765806777946383,0.09042079572810419,216.0,24
DRIVE,59,0.1,0.1,GoCo-oracle (paper path),adapt_250_to_225_q0.75,0.009472282216747627,0.08966619264858154,0.270388531486247,0.10129046132615137,119,315.0,2375.0,230,0.8673684210526316,0.10491182095017926,262.0,122
DRIVE,59,0.1,0.1,GoCo-knapk0.5 (paper path),adapt_250_to_225_q0.5,0.08333866638666015,0.09376191600801458,0.27695708563594057,0.10548374800688393,119,314.0,2447.0,232,0.871679607682877,0.10845372000961152,263.0,97
DRIVE,59,0.1,0.1,GoCo-knapk2 (paper path),adapt_250_to_225_q0.4,0.0529529911932312,0.09273870984581484,0.2757458033852726,0.10516398954612823,117,303.0,2387.0,232,0.8730624214495182,0.10813603855728787,253.0,67
DRIVE,59,0.1,0.1,GoCo-knapk4 (paper path),adapt_250_to_225_q0.4,0.06588871771622816,0.09321616342987875,0.27637289398840936,0.10511978089177007,117,303.0,2385.0,232,0.8729559748427673,0.10809182990292972,253.0,66
DRIVE,59,0.1,0.5,GoCo-oracle (paper path),adapt_225_to_200_q0.75,0.26819142413296426,0.09717804764246751,0.28023778867808213,0.11117927017041164,129,362.0,2864.0,245,0.8736033519553073,0.11503687232969927,293.0,103
DRIVE,59,0.1,0.5,GoCo-knapk0.5 (paper path),adapt_225_to_200_q0.75,0.4945693357662461,0.09993688146773953,0.284689380068147,0.11573233942770515,129,367.0,3056.0,251,0.8799083769633508,0.11929271379263395,298.0,143
DRIVE,59,0.1,0.5,GoCo-knapk2 (paper path),adapt_225_to_200_q0.75,0.4768709115380548,0.09973138182248614,0.2843243863119139,0.11466918111796089,129,367.0,3054.0,249,0.8798297314996726,0.11823997611392398,298.0,141
DRIVE,59,0.1,0.5,GoCo-knapk4 (paper path),adapt_225_to_200_q0.6,0.4686456865985717,0.09963577510270263,0.2842531160888042,0.11387528001629706,127,365.0,3012.0,248,0.8788180610889774,0.11739200439788303,297.0,101
DRIVE,60,0.1,0.1,GoCo-oracle (paper path),adapt_275_to_250_q0.75,0.023076443281580008,0.09114426864553193,0.272691507481584,0.07987371932922688,96,224.0,1492.0,192,0.8498659517426274,0.08227737836875713,192.0,85
DRIVE,60,0.1,0.1,GoCo-knapk0.5 (paper path),adapt_275_to_250_q0.6,0.0730817496788881,0.09345507559314647,0.27653163726794777,0.08134313912701543,92,217.0,1524.0,192,0.8576115485564304,0.0836501244603797,186.0,66
DRIVE,60,0.1,0.1,GoCo-knapk2 (paper path),adapt_275_to_250_q0.6,0.07341217731473924,0.09346510092048493,0.2765603848087043,0.08143787196681733,92,215.0,1519.0,192,0.858459512837393,0.08374485730018161,184.0,62
DRIVE,60,0.1,0.1,GoCo-knapk4 (paper path),adapt_275_to_250_q0.6,0.07405580238225985,0.09348457378955355,0.27661451443690793,0.08192416729123903,92,216.0,1523.0,193,0.8581746552856205,0.08423115262460329,185.0,63
DRIVE,60,0.1,0.5,GoCo-oracle (paper path),adapt_250_to_225_q0.75,0.17421650592304727,0.09574829233261888,0.2784204662161865,0.08283218348532204,107,267.0,1914.0,198,0.8605015673981191,0.08568392540636999,225.0,102
DRIVE,60,0.1,0.5,GoCo-knapk0.5 (paper path),adapt_250_to_225_q0.4,0.40186178656948185,0.09885196864842104,0.2836245521450535,0.0879873534175382,102,249.0,1904.0,202,0.8692226890756303,0.09001081822247341,213.0,54
DRIVE,60,0.1,0.5,GoCo-knapk2 (paper path),adapt_250_to_225_q0.4,0.2781387781283945,0.09729923776669591,0.2818379375412037,0.0860013569302521,100,235.0,1783.0,198,0.8681996634885025,0.08813822251257909,201.0,23
DRIVE,60,0.1,0.5,GoCo-knapk4 (paper path),adapt_250_to_225_q0.4,0.3673817662212706,0.09843604970990188,0.28343634959895764,0.08653122933695108,102,240.0,1833.0,199,0.8690671031096563,0.08868135752190962,205.0,32
DRIVE,61,0.1,0.1,GoCo-oracle (paper path),adapt_275_to_250_q0.75,0.004430799789825315,0.08853137792342537,0.2690422455010556,0.0830161632609304,87,210.0,1494.0,190,0.8594377510040161,0.08445903825665026,186.0,75
DRIVE,61,0.1,0.1,GoCo-knapk0.5 (paper path),adapt_275_to_250_q0.75,0.0889244760917014,0.09391584565531987,0.2772501968611457,0.08675079172580881,87,213.0,1561.0,194,0.8635490070467648,0.08803952985322128,189.0,102
DRIVE,61,0.1,0.1,GoCo-knapk2 (paper path),adapt_275_to_250_q0.75,0.05875671152858702,0.09296434832346534,0.27598051090508674,0.08507139829014594,86,210.0,1551.0,191,0.8646034816247582,0.08636013641755841,186.0,88
DRIVE,61,0.1,0.1,GoCo-knapk4 (paper path),adapt_275_to_250_q0.75,0.02651220900768381,0.09136740599292027,0.27396395003897406,0.08453848293194403,85,207.0,1540.0,189,0.8655844155844156,0.0858272210593565,183.0,77
DRIVE,61,0.1,0.5,GoCo-oracle (paper path),adapt_250_to_225_q0.75,0.06332080481077894,0.09316206225823977,0.27486547010940593,0.08591133987713873,93,248.0,1879.0,195,0.8680149015433741,0.08752644037536347,217.0,105
DRIVE,61,0.1,0.5,GoCo-knapk0.5 (paper path),adapt_250_to_225_q0.75,0.35902853850441974,0.09833933108286137,0.28240888029778766,0.0907397670518182,93,250.0,1986.0,200,0.8741188318227593,0.09228878422030087,218.0,128
DRIVE,61,0.1,0.5,GoCo-knapk2 (paper path),adapt_250_to_225_q0.6,0.4325052327533645,0.09921382358915294,0.2839506261505767,0.08952064601116534,92,241.0,1932.0,197,0.8752587991718427,0.09083545509162569,212.0,69
DRIVE,61,0.1,0.5,GoCo-knapk4 (paper path),adapt_250_to_225_q0.6,0.4590094156805862,0.09952328424080613,0.28437396033765644,0.08952064601116534,92,240.0,1931.0,197,0.875712066286898,0.09083545509162569,211.0,68
DRIVE,62,0.1,0.1,GoCo-oracle (paper path),adapt_250_to_225_q0.75,0.0057086678837013575,0.08893905019175152,0.2684732849700412,0.09285367339928523,87,230.0,2033.0,205,0.8868666994589277,0.09573992884443673,182.0,102
DRIVE,62,0.1,0.1,GoCo-knapk0.5 (paper path),adapt_250_to_225_q0.6,0.07052200021906031,0.09339238680721278,0.27563396921066147,0.09634527545866979,87,233.0,2105.0,208,0.8893111638954869,0.0990172555971525,183.0,82
DRIVE,62,0.1,0.1,GoCo-knapk2 (paper path),adapt_250_to_225_q0.6,0.07574722859020604,0.09355335835199458,0.27597673479098767,0.0962909619672229,87,233.0,2104.0,208,0.8892585551330798,0.09897241538652375,183.0,80
DRIVE,62,0.1,0.1,GoCo-knapk4 (paper path),adapt_250_to_225_q0.6,0.07538076627658491,0.09354230618049991,0.27595461626421824,0.0962909619672229,87,233.0,2103.0,208,0.889205896338564,0.09897241538652375,183.0,79
DRIVE,62,0.1,0.5,GoCo-oracle (paper path),adapt_225_to_200_q0.75,0.30332435908448785,0.0976500459272286,0.2802452878960867,0.10011902196970163,100,267.0,2499.0,218,0.8931572629051621,0.10319143447540799,207.0,116
DRIVE,62,0.1,0.5,GoCo-knapk0.5 (paper path),adapt_225_to_200_q0.5,0.4249801572164267,0.09912897356704312,0.2827169834620001,0.10285959440612034,94,256.0,2513.0,220,0.8981297254277756,0.10552537222281691,201.0,65
DRIVE,62,0.1,0.5,GoCo-knapk2 (paper path),adapt_225_to_200_q0.5,0.38167259681183396,0.09861720714629171,0.2819877209044963,0.1018381360275992,94,256.0,2503.0,218,0.8977227327207351,0.10452982667112223,200.0,56
DRIVE,62,0.1,0.5,GoCo-knapk4 (paper path),adapt_225_to_200_q0.5,0.3812159609367889,0.09861177346355403,0.2819739397409968,0.10185807977336155,94,255.0,2506.0,218,0.898244213886672,0.10454977041688458,199.0,56
DRIVE,63,0.1,0.1,GoCo-oracle (paper path),adapt_275_to_250_q0.75,0.00973125753188804,0.08971718022851792,0.27021380627037467,0.08889284869878299,103,271.0,1905.0,205,0.857742782152231,0.0918266664844609,225.0,112
DRIVE,63,0.1,0.1,GoCo-knapk0.5 (paper path),adapt_275_to_250_q0.75,0.05656412278767417,0.09290154557724531,0.27510621460743667,0.09218488090550551,103,273.0,1947.0,208,0.8597842835130971,0.09509726419689168,227.0,123
DRIVE,63,0.1,0.1,GoCo-knapk2 (paper path),adapt_275_to_250_q0.75,0.07190851962633028,0.09343204955602515,0.2758896202846607,0.09271538488428535,103,273.0,1950.0,209,0.86,0.09562776817567152,227.0,125
DRIVE,63,0.1,0.1,GoCo-knapk4 (paper path),adapt_275_to_250_q0.75,0.040898770641657645,0.09222831415007537,0.2741885155781129,0.09228857687676933,100,265.0,1922.0,206,0.8621227887617066,0.09517741462596216,220.0,97
DRIVE,63,0.1,0.5,GoCo-oracle (paper path),adapt_250_to_225_q0.75,0.05786303964160418,0.09299045314602257,0.27361541004835965,0.09297490625862101,112,306.0,2224.0,212,0.862410071942446,0.09631859037224746,250.0,77
DRIVE,63,0.1,0.5,GoCo-knapk0.5 (paper path),adapt_250_to_225_q0.75,0.45048686522469494,0.09942489746631931,0.28378278454342093,0.0963130481837599,112,313.0,2386.0,214,0.8688181056160938,0.09926743956396371,256.0,98
DRIVE,63,0.1,0.5,GoCo-knapk2 (paper path),adapt_250_to_225_q0.6,0.3810635319133889,0.09860683672070819,0.2826027597560205,0.09584430239561066,112,311.0,2374.0,213,0.8689974726200506,0.09867343589544929,255.0,86
DRIVE,63,0.1,0.5,GoCo-knapk4 (paper path),adapt_250_to_225_q0.6,0.49423942323463277,0.0999330966676578,0.28447717695299496,0.09584430239561066,112,311.0,2374.0,213,0.8689974726200506,0.09867343589544929,255.0,86
DRIVE,64,0.1,0.1,GoCo-oracle (paper path),adapt_275_to_250_q0.75,0.0031314966250960558,0.08802685336820011,0.2689245864779741,0.08720350664711757,103,281.0,1830.0,203,0.846448087431694,0.09011151299710615,238.0,79
DRIVE,64,0.1,0.1,GoCo-knapk0.5 (paper path),adapt_275_to_250_q0.75,0.05257187894169241,0.09271275421273487,0.2761268158480821,0.09103281879772875,102,283.0,1928.0,206,0.8532157676348547,0.09373868660363974,239.0,117
DRIVE,64,0.1,0.1,GoCo-knapk2 (paper path),adapt_275_to_250_q0.75,0.04404260727644692,0.09234268760570481,0.27565981124403854,0.09042963380048383,102,279.0,1914.0,205,0.85423197492163,0.0930987491927033,237.0,100
DRIVE,64,0.1,0.1,GoCo-knapk4 (paper path),adapt_275_to_250_q0.75,0.04404260727644692,0.09234268760570481,0.27565981124403854,0.09042963380048383,102,279.0,1913.0,205,0.8541557762676425,0.0930987491927033,237.0,99
DRIVE,64,0.1,0.5,GoCo-oracle (paper path),adapt_250_to_225_q0.75,0.04668405912650078,0.09250738074909154,0.27418282550962964,0.09024778064587388,110,317.0,2244.0,206,0.8587344028520499,0.09331046286723342,261.0,95
DRIVE,64,0.1,0.5,GoCo-knapk0.5 (paper path),adapt_250_to_225_q0.6,0.3085684597941514,0.09769810838550724,0.28272345063818083,0.09662435842129533,110,321.0,2385.0,216,0.8654088050314466,0.09967848085440122,265.0,101
DRIVE,64,0.1,0.5,GoCo-knapk2 (paper path),adapt_250_to_225_q0.75,0.38991011102083406,0.09870758482331622,0.2838625268318735,0.097516890799019,110,324.0,2405.0,217,0.8652806652806653,0.10055073068850237,267.0,117
DRIVE,64,0.1,0.5,GoCo-knapk4 (paper path),adapt_250_to_225_q0.75,0.4347198233051528,0.09923808880209607,0.28461101024154956,0.09750265319404298,110,324.0,2411.0,217,0.8656159270012443,0.10054757290714932,267.0,122
DRIVE,65,0.1,0.1,GoCo-oracle (paper path),adapt_250_to_225_q0.75,0.03883243609513642,0.09212774995230237,0.2739509553627749,0.09421917905225678,119,313.0,2443.0,218,0.8718788374948834,0.09641083874183877,260.0,128
DRIVE,65,0.1,0.1,GoCo-knapk0.5 (paper path),adapt_250_to_225_q0.225,0.09449598900380701,0.09405381812736273,0.2779435831257432,0.09628284706361098,113,290.0,2249.0,220,0.8710538016896399,0.09839271488809459,243.0,28
DRIVE,65,0.1,0.1,GoCo-knapk2 (paper path),adapt_250_to_225_q0.075,0.09130239168619486,0.09396973828184826,0.27781080710628453,0.09595048478174589,109,283.0,2187.0,219,0.8705989940557842,0.09800735172921846,237.0,15
DRIVE,65,0.1,0.1,GoCo-knapk4 (paper path),adapt_250_to_225_q0.05,0.06798633050888486,0.09327946641638045,0.27676373010005717,0.09544573374072816,107,278.0,2084.0,218,0.8666026871401151,0.09748697791554883,234.0,5
DRIVE,65,0.1,0.5,GoCo-oracle (paper path),adapt_250_to_225_q0.75,0.03883243609513642,0.09212774995230237,0.2739509553627749,0.09421917905225678,119,313.0,2443.0,218,0.8718788374948834,0.09641083874183877,260.0,128
DRIVE,65,0.1,0.5,GoCo-knapk0.5 (paper path),adapt_250_to_225_q0.75,0.24684559802132766,0.09686597751685731,0.28114554079812165,0.09990441764381267,119,311.0,2498.0,227,0.8755004003202562,0.10210603783870566,258.0,121
DRIVE,65,0.1,0.5,GoCo-knapk2 (paper path),adapt_250_to_225_q0.75,0.2579851362629312,0.09702663169457362,0.2810565355176958,0.10056322556117485,120,317.0,2525.0,228,0.8744554455445545,0.10272539367884477,264.0,145
DRIVE,65,0.1,0.5,GoCo-knapk4 (paper path),adapt_250_to_225_q0.75,0.24865833207205595,0.09689400569987866,0.28098430930799073,0.10162423351873454,120,317.0,2527.0,230,0.8745548080728136,0.10378640163640444,264.0,145
DRIVE,66,0.1,0.1,GoCo-oracle (paper path),adapt_250_to_225_q0.75,0.02674635814311239,0.09144321150030318,0.27209262670836615,0.09239132407489442,109,270.0,2061.0,211,0.868995633187773,0.09548508381021434,225.0,104
DRIVE,66,0.1,0.1,GoCo-knapk0.5 (paper path),adapt_250_to_225_q0.225,0.09205502548411942,0.09399989449298034,0.2773729546535198,0.09402223178815462,103,244.0,1892.0,212,0.8710359408033826,0.0966947460522386,207.0,17
DRIVE,66,0.1,0.1,GoCo-knapk2 (paper path),adapt_250_to_225_q0.175,0.09349036291170443,0.09403751655741142,0.2774389919508144,0.09338523837236258,103,243.0,1870.0,211,0.8700534759358288,0.09605775263644656,206.0,11
DRIVE,66,0.1,0.1,GoCo-knapk4 (paper path),adapt_250_to_225_q0.15,0.09548112081536819,0.0940883442206155,0.27756143271961986,0.09405721008619516,103,241.0,1876.0,212,0.8715351812366737,0.09669435740465827,205.0,11
DRIVE,66,0.1,0.5,GoCo-oracle (paper path),adapt_250_to_225_q0.75,0.02674635814311239,0.09144321150030318,0.27209262670836615,0.09239132407489442,109,270.0,2061.0,211,0.868995633187773,0.09548508381021434,225.0,104
DRIVE,66,0.1,0.5,GoCo-knapk0.5 (paper path),adapt_250_to_225_q0.75,0.15220263427612518,0.09533988979672248,0.2786010648986791,0.09754923872985638,109,272.0,2138.0,217,0.872778297474275,0.10026245880822604,229.0,95
DRIVE,66,0.1,0.5,GoCo-knapk2 (paper path),adapt_250_to_225_q0.75,0.24808730642139915,0.09688771938613619,0.28080696415290696,0.09678253417622189,109,272.0,2127.0,216,0.8721203573107663,0.09953996292475996,229.0,84
DRIVE,66,0.1,0.5,GoCo-knapk4 (paper path),adapt_250_to_225_q0.75,0.28671779768098865,0.09741822336491603,0.2815669991668445,0.09678253417622189,109,272.0,2127.0,216,0.8721203573107663,0.09953996292475996,229.0,84
DRIVE,67,0.1,0.1,GoCo-oracle (paper path),adapt_250_to_225_q0.75,0.012209823415104227,0.09011828003732848,0.2696072552352894,0.09851019450460884,100,289.0,2204.0,219,0.8688747731397459,0.10084751322667858,239.0,99
DRIVE,67,0.1,0.1,GoCo-knapk0.5 (paper path),adapt_250_to_225_q0.5,0.09600557951578065,0.09412808737245731,0.2763473895200636,0.10221853566106498,99,284.0,2293.0,223,0.8761447884866986,0.10441989493939226,232.0,71
DRIVE,67,0.1,0.1,GoCo-knapk2 (paper path),adapt_250_to_225_q0.275,0.058957326933067135,0.09299256716229871,0.2751741564880824,0.10101845999611468,95,266.0,2131.0,221,0.8751759737212577,0.10321267887515162,218.0,25
DRIVE,67,0.1,0.1,GoCo-knapk4 (paper path),adapt_250_to_225_q0.275,0.06286834087481204,0.09313043477680702,0.27547816982749673,0.10101845999611468,95,266.0,2131.0,221,0.8751759737212577,0.10321267887515162,218.0,25
DRIVE,67,0.1,0.5,GoCo-oracle (paper path),adapt_250_to_225_q0.75,0.012209823415104227,0.09011828003732848,0.2696072552352894,0.09851019450460884,100,289.0,2204.0,219,0.8688747731397459,0.10084751322667858,239.0,99
DRIVE,67,0.1,0.5,GoCo-knapk0.5 (paper path),adapt_250_to_225_q0.75,0.1894669388285069,0.09600832861124363,0.2785548452873499,0.10466254915577664,101,297.0,2389.0,227,0.8756802009208874,0.10682915173253583,244.0,143
DRIVE,67,0.1,0.5,GoCo-knapk2 (paper path),adapt_250_to_225_q0.75,0.22790996559313043,0.09660321638106667,0.27967054202743447,0.10347796746527169,101,293.0,2347.0,225,0.8751597784405625,0.1056209920572033,241.0,101
DRIVE,67,0.1,0.5,GoCo-knapk4 (paper path),adapt_250_to_225_q0.75,0.34176518412927326,0.09813034452636299,0.28160762133514894,0.10466254915577664,101,297.0,2391.0,227,0.875784190715182,0.10682915173253583,244.0,145
DRIVE,68,0.1,0.1,GoCo-oracle (paper path),adapt_250_to_225_q0.75,0.023272084195353634,0.09124254543205787,0.2701486552321976,0.09244868854154642,86,216.0,2118.0,203,0.8980169971671388,0.09468918971579018,175.0,91
DRIVE,68,0.1,0.1,GoCo-knapk0.5 (paper path),adapt_250_to_225_q0.3,0.061106184057472465,0.09309195657149551,0.27443633397306844,0.09476949755171565,80,206.0,2056.0,205,0.8998054474708171,0.09653907112322689,169.0,34
DRIVE,68,0.1,0.1,GoCo-knapk2 (paper path),adapt_250_to_225_q0.275,0.06818070176512725,0.09333447229798972,0.2747710453701245,0.09490570235473723,79,201.0,2048.0,205,0.90185546875,0.09661822568042208,165.0,29
DRIVE,68,0.1,0.1,GoCo-knapk4 (paper path),adapt_250_to_225_q0.2,0.07056219883261841,0.09341037002261185,0.2749393990673386,0.09536105161162207,80,201.0,2056.0,206,0.9022373540856031,0.0971398879346544,164.0,29
DRIVE,68,0.1,0.5,GoCo-oracle (paper path),adapt_250_to_225_q0.75,0.023272084195353634,0.09124254543205787,0.2701486552321976,0.09244868854154642,86,216.0,2118.0,203,0.8980169971671388,0.09468918971579018,175.0,91
DRIVE,68,0.1,0.5,GoCo-knapk0.5 (paper path),adapt_250_to_225_q0.75,0.34771745836558243,0.09821073440167885,0.28062384474491375,0.0997353701676867,85,219.0,2242.0,213,0.9023193577163247,0.10156974598804899,177.0,111
DRIVE,68,0.1,0.5,GoCo-knapk2 (paper path),adapt_250_to_225_q0.6,0.2097450652452842,0.09634045730456117,0.2783295008891904,0.09760129511040148,85,218.0,2215.0,209,0.9015801354401806,0.099425336449785,176.0,82
DRIVE,68,0.1,0.5,GoCo-knapk4 (paper path),adapt_250_to_225_q0.75,0.45229112578685426,0.09944882635570648,0.282312999454573,0.09933215268252699,85,218.0,2250.0,212,0.9031111111111111,0.1011561940219105,176.0,114
DRIVE,69,0.1,0.1,GoCo-oracle (paper path),adapt_250_to_225_q0.75,0.014050588406782532,0.0902905241959291,0.27149362267090665,0.0928412079732045,107,298.0,2285.0,211,0.8695842450765864,0.09598107740322538,244.0,120
DRIVE,69,0.1,0.1,GoCo-knapk0.5 (paper path),adapt_250_to_225_q0.5,0.09171200345832753,0.09398554939411047,0.2776013452420127,0.0974613049539394,103,279.0,2234.0,216,0.8751119068934646,0.09987571055282016,233.0,58
DRIVE,69,0.1,0.1,GoCo-knapk2 (paper path),adapt_250_to_225_q0.4,0.06428739838605564,0.09315312971961277,0.2766251950960308,0.0949083288800495,103,274.0,2167.0,212,0.8735579141670512,0.09737873214151246,228.0,37
DRIVE,69,0.1,0.1,GoCo-knapk4 (paper path),adapt_250_to_225_q0.4,0.08531465352286055,0.09380682285489707,0.27752692173509963,0.09710289234349835,103,274.0,2203.0,216,0.8756241488878802,0.09953702183079656,228.0,46
DRIVE,69,0.1,0.5,GoCo-oracle (paper path),adapt_225_to_200_q0.75,0.3147484183658176,0.0977880006285498,0.28152483123888905,0.10236366222802777,117,335.0,2768.0,228,0.8789739884393064,0.10584535314960884,270.0,124
DRIVE,69,0.1,0.5,GoCo-knapk0.5 (paper path),adapt_225_to_200_q0.6,0.4686951437002756,0.09963573462846108,0.2847347589111394,0.1047086167635905,116,330.0,2759.0,231,0.8803914461761507,0.10796218510489881,267.0,87
DRIVE,69,0.1,0.5,GoCo-knapk2 (paper path),adapt_225_to_200_q0.6,0.4687393015391766,0.09963630626388191,0.2846903317031591,0.10477641296797785,116,330.0,2770.0,231,0.8808664259927798,0.10800979074970164,267.0,91
DRIVE,69,0.1,0.5,GoCo-knapk4 (paper path),adapt_225_to_200_q0.6,0.44825270355892965,0.09939757162996565,0.2843643557834783,0.10301372953530015,115,327.0,2725.0,228,0.88,0.10623057115457418,265.0,68
DRIVE,70,0.1,0.1,GoCo-oracle (paper path),adapt_275_to_250_q0.75,0.04719288586072962,0.09250673142209925,0.2750572708920246,0.08173833933686071,86,212.0,1541.0,190,0.8624269954574951,0.0842629259397876,180.0,80
DRIVE,70,0.1,0.1,GoCo-knapk0.5 (paper path),adapt_275_to_250_q0.225,0.09635724059925194,0.09409615245674903,0.2782901173846037,0.0826214718407598,79,197.0,1437.0,187,0.8629088378566457,0.08475847015014061,168.0,17
DRIVE,70,0.1,0.1,GoCo-knapk2 (paper path),adapt_275_to_250_q0.15,0.09913321417686999,0.09416475571118868,0.2784952592036943,0.08264597772919531,79,195.0,1427.0,187,0.8633496846531185,0.08478605438923013,166.0,14
DRIVE,70,0.1,0.1,GoCo-knapk4 (paper path),adapt_275_to_250_q0.15,0.09939910789925654,0.09417125698109836,0.278514745238951,0.08264597772919531,79,195.0,1432.0,187,0.8638268156424581,0.08478605438923013,166.0,15
DRIVE,70,0.1,0.5,GoCo-oracle (paper path),adapt_250_to_225_q0.75,0.39038307599427946,0.09871587818117926,0.28329004962251547,0.08452242944854008,97,253.0,1984.0,194,0.8724798387096774,0.08726673595785146,210.0,120
DRIVE,70,0.1,0.5,GoCo-knapk0.5 (paper path),adapt_250_to_225_q0.225,0.4730328587345444,0.09968544668480951,0.28550186976304887,0.08616129645302062,91,234.0,1825.0,195,0.8717808219178083,0.08870305135964715,195.0,31
DRIVE,70,0.1,0.5,GoCo-knapk2 (paper path),adapt_250_to_225_q0.2,0.4885262548977461,0.09986609490069534,0.28583326765178146,0.08620569943116894,91,230.0,1841.0,195,0.8750678978815861,0.08881391305822277,192.0,29
DRIVE,70,0.1,0.5,GoCo-knapk4 (paper path),adapt_250_to_225_q0.125,0.48549354575217835,0.09983072797088471,0.2857649299455658,0.0863442322935919,90,227.0,1832.0,195,0.8760917030567685,0.08880365963639884,191.0,26
DRIVE,71,0.1,0.1,GoCo-oracle (paper path),adapt_250_to_225_q0.75,0.032697346777988044,0.0917575769264755,0.2746668337055956,0.09529186832651852,119,310.0,2399.0,215,0.8707794914547728,0.09810370183908022,246.0,119
DRIVE,71,0.1,0.1,GoCo-knapk0.5 (paper path),adapt_250_to_225_q0.5,0.07427372962837948,0.0934775038842181,0.27721229591557595,0.09877893868586746,117,310.0,2385.0,218,0.870020964360587,0.1012865207951012,246.0,70
DRIVE,71,0.1,0.1,GoCo-knapk2 (paper path),adapt_250_to_225_q0.5,0.081901083563438,0.09370504710576262,0.2775875821505393,0.0995298058743186,117,308.0,2396.0,219,0.8714524207011686,0.10203738798355234,244.0,71
DRIVE,71,0.1,0.1,GoCo-knapk4 (paper path),adapt_250_to_225_q0.4,0.08501601918278362,0.09378639815340624,0.2780533016216161,0.09955348106056688,117,301.0,2372.0,219,0.8731028667790893,0.10207078704309085,238.0,62
DRIVE,71,0.1,0.5,GoCo-oracle (paper path),adapt_225_to_200_q0.75,0.4400463099212001,0.09930093280516505,0.2845372228250594,0.10370381386748043,131,364.0,2933.0,230,0.8758949880668258,0.10678193867206573,283.0,133
DRIVE,71,0.1,0.5,GoCo-knapk0.5 (paper path),adapt_225_to_200_q0.125,0.4858200189378971,0.09983453381441,0.28577410205839554,0.10509312049305407,121,320.0,2557.0,230,0.8748533437622213,0.1075802459087549,253.0,7
DRIVE,71,0.1,0.5,GoCo-knapk2 (paper path),adapt_225_to_200_q0.075,0.49342306397455327,0.09992319973931704,0.2860224640202851,0.10508038726504348,121,317.0,2515.0,230,0.8739562624254473,0.10756609684118225,251.0,2
DRIVE,71,0.1,0.5,GoCo-knapk4 (paper path),adapt_225_to_200_q0.05,0.49274532684121314,0.09991529161006765,0.28599956917918096,0.10518648805447535,120,315.0,2507.0,230,0.874351814918229,0.10761914725170844,250.0,1
DRIVE,72,0.1,0.1,GoCo-oracle (paper path),adapt_250_to_225_q0.75,0.004559792303571716,0.08868164745819031,0.26651593620026676,0.09653148522269504,97,232.0,2101.0,212,0.8895763921941933,0.09802041900410892,199.0,83
DRIVE,72,0.1,0.1,GoCo-knapk0.5 (paper path),adapt_250_to_225_q0.5,0.0925371730645746,0.09405122360595025,0.27560479418895445,0.1005013179794863,95,228.0,2217.0,216,0.8971583220568335,0.10182922469051826,196.0,65
DRIVE,72,0.1,0.1,GoCo-knapk2 (paper path),adapt_250_to_225_q0.6,0.09105383266083156,0.09401291584304536,0.2755082739934144,0.10058131463015427,95,231.0,2234.0,216,0.896598030438675,0.10201448005295559,197.0,70
DRIVE,72,0.1,0.1,GoCo-knapk4 (paper path),adapt_250_to_225_q0.6,0.09588026924381193,0.09413707253945601,0.27576894713222816,0.10058131463015427,95,231.0,2234.0,216,0.896598030438675,0.10201448005295559,197.0,70
DRIVE,72,0.1,0.5,GoCo-oracle (paper path),adapt_225_to_200_q0.75,0.40416291409972815,0.09889009785035562,0.2809240637274637,0.10363193078445819,106,272.0,2606.0,225,0.8956254796623178,0.10569918959621409,227.0,102
DRIVE,72,0.1,0.5,GoCo-knapk0.5 (paper path),adapt_225_to_200_q0.3,0.4981473190931623,0.09997856629226821,0.28338434735658496,0.10542695398988394,101,247.0,2456.0,226,0.8994299674267101,0.10710481467708668,208.0,18
DRIVE,72,0.1,0.5,GoCo-knapk2 (paper path),adapt_225_to_200_q0.25,0.4983918012069329,0.09998139281725062,0.28341344941460594,0.10551077819945641,100,245.0,2473.0,226,0.9009300444803882,0.10714041123497707,207.0,17
DRIVE,72,0.1,0.5,GoCo-knapk4 (paper path),adapt_225_to_200_q0.175,0.4942642330022657,0.09993365895131538,0.2833065460591817,0.1054767239315124,100,245.0,2432.0,226,0.8992598684210527,0.10710635696703306,207.0,11
DRIVE,73,0.1,0.1,GoCo-oracle (paper path),global_250,0.08345411331084657,0.09375638490251267,0.2773535864740276,0.10362322000831128,96,277.0,1919.0,229,0.8556539864512767,0.10569499640154902,238.0,0
DRIVE,73,0.1,0.1,GoCo-knapk0.5 (paper path),global_250,0.08345411331084657,0.09375638490251267,0.2773535864740276,0.10362322000831128,96,277.0,1919.0,229,0.8556539864512767,0.10569499640154902,238.0,0
DRIVE,73,0.1,0.1,GoCo-knapk2 (paper path),global_250,0.08345411331084657,0.09375638490251267,0.2773535864740276,0.10362322000831128,96,277.0,1919.0,229,0.8556539864512767,0.10569499640154902,238.0,0
DRIVE,73,0.1,0.1,GoCo-knapk4 (paper path),global_250,0.08345411331084657,0.09375638490251267,0.2773535864740276,0.10362322000831128,96,277.0,1919.0,229,0.8556539864512767,0.10569499640154902,238.0,0
DRIVE,73,0.1,0.5,GoCo-oracle (paper path),global_250,0.08345411331084657,0.09375638490251267,0.2773535864740276,0.10362322000831128,96,277.0,1919.0,229,0.8556539864512767,0.10569499640154902,238.0,0
DRIVE,73,0.1,0.5,GoCo-knapk0.5 (paper path),global_250,0.08345411331084657,0.09375638490251267,0.2773535864740276,0.10362322000831128,96,277.0,1919.0,229,0.8556539864512767,0.10569499640154902,238.0,0
DRIVE,73,0.1,0.5,GoCo-knapk2 (paper path),global_250,0.08345411331084657,0.09375638490251267,0.2773535864740276,0.10362322000831128,96,277.0,1919.0,229,0.8556539864512767,0.10569499640154902,238.0,0
DRIVE,73,0.1,0.5,GoCo-knapk4 (paper path),global_250,0.08345411331084657,0.09375638490251267,0.2773535864740276,0.10362322000831128,96,277.0,1919.0,229,0.8556539864512767,0.10569499640154902,238.0,0
DRIVE,74,0.1,0.1,GoCo-oracle (paper path),adapt_250_to_225_q0.75,0.009406870727992475,0.08966373794116772,0.2701556078910732,0.09658488175913257,107,293.0,2161.0,223,0.8644146228597871,0.09937800029860884,246.0,120
DRIVE,74,0.1,0.1,GoCo-knapk0.5 (paper path),adapt_250_to_225_q0.5,0.0830363390425714,0.09375672472803916,0.27679236788806616,0.10006477692082959,105,283.0,2152.0,225,0.8684944237918215,0.1018712054987485,243.0,72
DRIVE,74,0.1,0.1,GoCo-knapk2 (paper path),adapt_250_to_225_q0.6,0.08552326071000155,0.09382781193885627,0.27685624470603365,0.10082126177590468,106,288.0,2196.0,226,0.8688524590163934,0.10270223264985122,246.0,91
DRIVE,74,0.1,0.1,GoCo-knapk4 (paper path),adapt_250_to_225_q0.4,0.07342551074357903,0.09346723450985132,0.27648833502379505,0.09968005845654232,105,281.0,2150.0,224,0.8693023255813953,0.101493855148791,241.0,67
DRIVE,74,0.1,0.5,GoCo-oracle (paper path),adapt_225_to_200_q0.75,0.3396612530474053,0.0981032203576609,0.2817279217269289,0.10610149199987913,117,342.0,2721.0,238,0.8743109151047409,0.10908546151311707,280.0,130
DRIVE,74,0.1,0.5,GoCo-knapk0.5 (paper path),adapt_225_to_200_q0.5,0.43287924299928515,0.09921892122501404,0.2836966239689708,0.10801056295396162,114,335.0,2713.0,240,0.8765204570586067,0.11085882435901095,276.0,82
DRIVE,74,0.1,0.5,GoCo-knapk2 (paper path),adapt_225_to_200_q0.5,0.4424104730924915,0.0993302497133336,0.28387905217099846,0.1080775582110534,114,338.0,2737.0,240,0.8765071245889661,0.11089589844806125,278.0,92
DRIVE,74,0.1,0.5,GoCo-knapk4 (paper path),adapt_225_to_200_q0.6,0.4634308512249743,0.09957509285100892,0.2842172060115839,0.10814912825901882,114,339.0,2748.0,240,0.8766375545851528,0.11096746849602666,279.0,99
DRIVE,75,0.1,0.1,GoCo-oracle (paper path),adapt_275_to_250_q0.75,0.0059157805027321994,0.0889244765319938,0.2701652701116033,0.0820088907799607,101,267.0,1718.0,197,0.8445867287543656,0.08442514877104317,231.0,89
DRIVE,75,0.1,0.1,GoCo-knapk0.5 (paper path),adapt_275_to_250_q0.6,0.026090480280823978,0.09132505961612301,0.2743272502801453,0.08411337016273873,97,255.0,1730.0,195,0.8526011560693642,0.08636566034520653,220.0,63
DRIVE,75,0.1,0.1,GoCo-knapk2 (paper path),adapt_275_to_250_q0.75,0.09097461483915714,0.09395957061482361,0.27786232108278985,0.08574683178483017,101,267.0,1779.0,200,0.8499156829679595,0.08792105845968666,231.0,112
DRIVE,75,0.1,0.1,GoCo-knapk4 (paper path),adapt_275_to_250_q0.75,0.04600127065129356,0.0924300243312231,0.2758569404026854,0.08494089814174713,98,259.0,1745.0,197,0.8515759312320917,0.08712449485648532,223.0,76
DRIVE,75,0.1,0.5,GoCo-oracle (paper path),adapt_250_to_225_q0.75,0.07122327676215429,0.09341595509245161,0.27561957485718586,0.08562495781983241,110,314.0,2141.0,202,0.8533395609528258,0.08812063730838128,269.0,103
DRIVE,75,0.1,0.5,GoCo-knapk0.5 (paper path),adapt_250_to_225_q0.6,0.3480862132759696,0.09820169122291812,0.2827628053770699,0.08848179499729875,109,316.0,2220.0,204,0.8576576576576577,0.09079491904781099,270.0,88
DRIVE,75,0.1,0.5,GoCo-knapk2 (paper path),adapt_250_to_225_q0.6,0.36989452862526273,0.09846799064931566,0.2832177391714908,0.08855231410628604,109,317.0,2224.0,204,0.8574640287769785,0.09086011980983875,271.0,89
DRIVE,75,0.1,0.5,GoCo-knapk4 (paper path),adapt_250_to_225_q0.6,0.45875774672919367,0.09951981014772182,0.2846921903081062,0.08908281808506589,109,315.0,2226.0,205,0.8584905660377359,0.0913906237886186,269.0,88
DRIVE,76,0.1,0.1,GoCo-oracle (paper path),adapt_250_to_225_q0.75,0.011434759661889483,0.08998452161367122,0.27023714244073577,0.09592925789975994,103,306.0,2283.0,215,0.8659658344283837,0.09857452384514898,245.0,123
DRIVE,76,0.1,0.1,GoCo-knapk0.5 (paper path),adapt_250_to_225_q0.6,0.07576971965470713,0.09356033232072937,0.2757084924770831,0.0998506298352932,100,302.0,2377.0,217,0.8729490954985275,0.10186132473243642,244.0,101
DRIVE,76,0.1,0.1,GoCo-knapk2 (paper path),adapt_250_to_225_q0.6,0.08924595302409188,0.09394542943261347,0.276311148094999,0.0998506298352932,100,302.0,2377.0,217,0.8729490954985275,0.10186132473243642,244.0,101
DRIVE,76,0.1,0.1,GoCo-knapk4 (paper path),adapt_250_to_225_q0.4,0.06558266193218003,0.09322856602997616,0.2754303208952842,0.10031794169695371,97,290.0,2328.0,217,0.8754295532646048,0.10225900170499513,234.0,76
DRIVE,76,0.1,0.5,GoCo-oracle (paper path),adapt_250_to_225_q0.75,0.011434759661889483,0.08998452161367122,0.27023714244073577,0.09592925789975994,103,306.0,2283.0,215,0.8659658344283837,0.09857452384514898,245.0,123
DRIVE,76,0.1,0.5,GoCo-knapk0.5 (paper path),adapt_250_to_225_q0.75,0.4877125299719591,0.09985719326320314,0.2846415410978863,0.10029620597786233,103,311.0,2428.0,220,0.8719110378912686,0.10251657482167453,250.0,151
DRIVE,76,0.1,0.5,GoCo-knapk2 (paper path),adapt_250_to_225_q0.6,0.08924595302409188,0.09394542943261347,0.276311148094999,0.0998506298352932,100,302.0,2377.0,217,0.8729490954985275,0.10186132473243642,244.0,101
DRIVE,76,0.1,0.5,GoCo-knapk4 (paper path),adapt_250_to_225_q0.75,0.49871709743783393,0.09998508695740282,0.2847426865415492,0.099380611108532,102,308.0,2408.0,218,0.872093023255814,0.10150219028128869,249.0,131
DRIVE,77,0.1,0.1,GoCo-oracle (paper path),adapt_250_to_225_q0.75,0.018528586197390038,0.09073883590315635,0.2727108153383786,0.09156783226314211,120,296.0,1924.0,211,0.8461538461538461,0.09374352037432339,254.0,103
DRIVE,77,0.1,0.1,GoCo-knapk0.5 (paper path),adapt_250_to_225_q0.75,0.08400498409113788,0.0937705978079247,0.2774408786904704,0.09739852800609579,119,295.0,2027.0,217,0.8544647261963493,0.09905855459623059,255.0,92
DRIVE,77,0.1,0.1,GoCo-knapk2 (paper path),adapt_250_to_225_q0.6,0.08201717432835204,0.09370602679979896,0.2776973002236475,0.09610640964710428,117,287.0,1974.0,216,0.8546099290780141,0.09773472533301902,248.0,61
DRIVE,77,0.1,0.1,GoCo-knapk4 (paper path),adapt_250_to_225_q0.6,0.0871947882986977,0.09385277440756638,0.27789156273784016,0.09613588208861314,117,286.0,1973.0,216,0.8550430816016219,0.09770525287569992,248.0,60
DRIVE,77,0.1,0.5,GoCo-oracle (paper path),adapt_250_to_225_q0.75,0.018528586197390038,0.09073883590315635,0.2727108153383786,0.09156783226314211,120,296.0,1924.0,211,0.8461538461538461,0.09374352037432339,254.0,103
DRIVE,77,0.1,0.5,GoCo-knapk0.5 (paper path),adapt_250_to_225_q0.75,0.08400498409113788,0.0937705978079247,0.2774408786904704,0.09739852800609579,119,295.0,2027.0,217,0.8544647261963493,0.09905855459623059,255.0,92
DRIVE,77,0.1,0.5,GoCo-knapk2 (paper path),adapt_250_to_225_q0.75,0.14015132380842066,0.09508801603032677,0.2793500561174177,0.09845953596365546,119,295.0,2034.0,219,0.8549655850540806,0.10011956255379027,255.0,94
DRIVE,77,0.1,0.5,GoCo-knapk4 (paper path),adapt_250_to_225_q0.75,0.14095521381830894,0.09510443639059599,0.2793482235280763,0.09852584896100294,118,294.0,2033.0,219,0.8553861288735858,0.10011956255379027,255.0,93
DRIVE,78,0.1,0.1,GoCo-oracle (paper path),adapt_250_to_225_q0.75,0.019352982399415856,0.09082250323946976,0.2725784814350096,0.09471310117832862,116,313.0,2224.0,216,0.8592625899280576,0.09794038402939349,252.0,118
DRIVE,78,0.1,0.1,GoCo-knapk0.5 (paper path),adapt_250_to_225_q0.35,0.04760344078742195,0.09249557538121068,0.27615265653052595,0.09661934186039932,108,283.0,2072.0,215,0.8634169884169884,0.09940359467536765,231.0,23
DRIVE,78,0.1,0.1,GoCo-knapk2 (paper path),adapt_250_to_225_q0.25,0.09035287638479839,0.09393502502289627,0.2781977898841883,0.097131740635839,110,288.0,2110.0,216,0.8635071090047394,0.09995874762535095,234.0,29
DRIVE,78,0.1,0.1,GoCo-knapk4 (paper path),adapt_250_to_225_q0.3,0.09035287638479839,0.09393502502289627,0.2781977898841883,0.09736920430742461,110,288.0,2132.0,216,0.8649155722326454,0.10012800363077726,234.0,31
DRIVE,78,0.1,0.5,GoCo-oracle (paper path),adapt_250_to_225_q0.75,0.019352982399415856,0.09082250323946976,0.2725784814350096,0.09471310117832862,116,313.0,2224.0,216,0.8592625899280576,0.09794038402939349,252.0,118
DRIVE,78,0.1,0.5,GoCo-knapk0.5 (paper path),adapt_250_to_225_q0.75,0.4600077767726338,0.09953370431848167,0.28512627817757735,0.10134938642264045,116,316.0,2347.0,224,0.8653600340860673,0.10439115033858018,252.0,143
DRIVE,78,0.1,0.5,GoCo-knapk2 (paper path),adapt_250_to_225_q0.75,0.4792933842490708,0.09975876661131174,0.2852422774746526,0.1014704339700289,116,316.0,2349.0,224,0.8654746700723712,0.10449956685541796,252.0,145
DRIVE,78,0.1,0.5,GoCo-knapk4 (paper path),adapt_250_to_225_q0.75,0.4781536759986624,0.09974550400868018,0.28521087947438867,0.1014704339700289,116,316.0,2350.0,224,0.865531914893617,0.10449956685541796,252.0,146
DRIVE,79,0.1,0.1,GoCo-oracle (paper path),adapt_250_to_225_q0.75,0.007376672226717499,0.08929987613022802,0.26943777188167534,0.09417862908751642,103,280.0,2003.0,216,0.8602096854717923,0.09703768682258515,236.0,103
DRIVE,79,0.1,0.1,GoCo-knapk0.5 (paper path),adapt_250_to_225_q0.5,0.07889138193713008,0.09364162130523423,0.2763806800955141,0.097238516293723,100,281.0,2074.0,217,0.8645130183220829,0.09969676145666158,238.0,74
DRIVE,79,0.1,0.1,GoCo-knapk2 (paper path),adapt_250_to_225_q0.6,0.07359159765518883,0.09348094018685091,0.27613504364210667,0.09678303307658481,100,281.0,2097.0,216,0.865999046256557,0.09923056100818775,238.0,85
DRIVE,79,0.1,0.1,GoCo-knapk4 (paper path),adapt_250_to_225_q0.5,0.06545825739766405,0.09321590394414073,0.2757672188299908,0.09678695635865159,100,279.0,2074.0,216,0.8654773384763742,0.09924520152159015,236.0,72
DRIVE,79,0.1,0.5,GoCo-oracle (paper path),adapt_225_to_200_q0.75,0.42768662293666526,0.09915921926814618,0.28323409695230617,0.09940745967294556,116,332.0,2435.0,225,0.8636550308008214,0.10300784160825238,272.0,104
DRIVE,79,0.1,0.5,GoCo-knapk0.5 (paper path),adapt_225_to_200_q0.25,0.47651182162173017,0.09972696505111471,0.284576154790719,0.10197280987662409,104,291.0,2204.0,226,0.8679673321234119,0.10449869986080049,245.0,8
DRIVE,79,0.1,0.5,GoCo-knapk2 (paper path),adapt_225_to_200_q0.2,0.49963736640759504,0.0999957812085392,0.2849710267139524,0.10206172732680799,103,290.0,2225.0,226,0.8696629213483146,0.10455251042817569,244.0,7
DRIVE,79,0.1,0.5,GoCo-knapk4 (paper path),adapt_225_to_200_q0.125,0.47895615993977353,0.0997553446406711,0.2846485206368026,0.1019394033230268,103,288.0,2181.0,226,0.8679504814305364,0.10452250453300121,242.0,2
DRIVE,80,0.1,0.1,GoCo-oracle (paper path),adapt_250_to_225_q0.75,0.06209846761198842,0.09308686167080775,0.27609645672188493,0.09303855380581924,110,325.0,2344.0,213,0.8613481228668942,0.09594591769046429,277.0,133
DRIVE,80,0.1,0.1,GoCo-knapk0.5 (paper path),adapt_250_to_225_q0.15,0.09515452909406064,0.09407174231914374,0.2779312613360001,0.09364107447214405,99,287.0,1979.0,213,0.8549772612430521,0.09631972625970207,245.0,11
DRIVE,80,0.1,0.1,GoCo-knapk2 (paper path),adapt_250_to_225_q0.03,0.0720605300521039,0.0934059491801009,0.2771961127610232,0.09385275470799413,98,280.0,1925.0,213,0.8545454545454545,0.09644278629388986,241.0,4
DRIVE,80,0.1,0.1,GoCo-knapk4 (paper path),adapt_250_to_225_q0.03,0.07130994336923993,0.09338288379521838,0.27712428295179214,0.09385275470799413,98,280.0,1939.0,213,0.855595667870036,0.09644278629388986,241.0,5
DRIVE,80,0.1,0.5,GoCo-oracle (paper path),adapt_250_to_225_q0.75,0.06209846761198842,0.09308686167080775,0.27609645672188493,0.09303855380581924,110,325.0,2344.0,213,0.8613481228668942,0.09594591769046429,277.0,133
DRIVE,80,0.1,0.5,GoCo-knapk0.5 (paper path),adapt_250_to_225_q0.75,0.3480935961592456,0.09819864129118958,0.2832568586060314,0.09931028972253875,110,328.0,2401.0,222,0.863390254060808,0.10211113177496811,278.0,140
DRIVE,80,0.1,0.5,GoCo-knapk2 (paper path),adapt_250_to_225_q0.75,0.3480935961592456,0.09819864129118958,0.2832568586060314,0.09931028972253875,110,328.0,2401.0,222,0.863390254060808,0.10211113177496811,278.0,140
DRIVE,80,0.1,0.5,GoCo-knapk4 (paper path),adapt_250_to_225_q0.75,0.36974314013690845,0.09846389328057949,0.283632746360877,0.09931028972253875,110,328.0,2401.0,222,0.863390254060808,0.10211113177496811,278.0,140
DRIVE,81,0.1,0.1,GoCo-oracle (paper path),adapt_275_to_250_q0.75,0.024765999271191427,0.09126018379822334,0.2732342432787651,0.08304646240463308,93,216.0,1608.0,192,0.8656716417910447,0.08568873736681293,181.0,82
DRIVE,81,0.1,0.1,GoCo-knapk0.5 (paper path),adapt_275_to_250_q0.4,0.06598127794545507,0.0932041533390154,0.2769948733694127,0.08422319777606337,87,205.0,1562.0,190,0.8687580025608195,0.08678526357409176,171.0,39
DRIVE,81,0.1,0.1,GoCo-knapk2 (paper path),adapt_275_to_250_q0.4,0.069108461068267,0.0933065286484258,0.27722856656158534,0.08422319777606337,87,205.0,1567.0,190,0.8691767708998086,0.08678526357409176,171.0,40
DRIVE,81,0.1,0.1,GoCo-knapk4 (paper path),adapt_275_to_250_q0.4,0.06524639737942439,0.09317969187738409,0.27693414595564736,0.08458570883033763,87,205.0,1568.0,190,0.8692602040816326,0.08714777462836602,171.0,39
DRIVE,81,0.1,0.5,GoCo-oracle (paper path),adapt_250_to_225_q0.75,0.16435657327794784,0.09557587753793605,0.2781202064788174,0.08611790703051286,100,257.0,2000.0,198,0.8715,0.08903791674410316,211.0,107
DRIVE,81,0.1,0.5,GoCo-knapk0.5 (paper path),adapt_250_to_225_q0.4,0.4881598890297836,0.09986215653169693,0.28513293769380854,0.09097313473806456,100,245.0,2019.0,202,0.878652798415057,0.09314859975079959,202.0,54
DRIVE,81,0.1,0.5,GoCo-knapk2 (paper path),adapt_250_to_225_q0.35,0.4870242547797885,0.09984884534416527,0.2852944776243744,0.09098576576861525,99,243.0,2023.0,202,0.8798813643104301,0.09316123078135027,200.0,53
DRIVE,81,0.1,0.5,GoCo-knapk4 (paper path),adapt_250_to_225_q0.35,0.4870242547797885,0.09984884534416527,0.2852944776243744,0.09098576576861525,99,243.0,2023.0,202,0.8798813643104301,0.09316123078135027,200.0,53
DRIVE,82,0.1,0.1,GoCo-oracle (paper path),adapt_225_to_200_q0.75,0.05315413233941539,0.09279663276609122,0.27386131345812814,0.11640933248503454,128,369.0,2943.0,257,0.8746177370030581,0.12063244636558411,281.0,105
DRIVE,82,0.1,0.1,GoCo-knapk0.5 (paper path),adapt_225_to_200_q0.03,0.08010599990288975,0.09368558460426583,0.27607412820726424,0.11778877934821405,116,325.0,2610.0,256,0.8754789272030651,0.12107006755684668,252.0,0
DRIVE,82,0.1,0.1,GoCo-knapk2 (paper path),adapt_225_to_200_q0.03,0.07979626176003873,0.0936767428797183,0.27605097244555,0.11778877934821405,116,325.0,2610.0,256,0.8754789272030651,0.12107006755684668,252.0,0
DRIVE,82,0.1,0.1,GoCo-knapk4 (paper path),adapt_225_to_200_q0.03,0.07979626176003873,0.0936767428797183,0.27605097244555,0.11778877934821405,116,325.0,2610.0,256,0.8754789272030651,0.12107006755684668,252.0,0
DRIVE,82,0.1,0.5,GoCo-oracle (paper path),adapt_200_to_175_q0.75,0.3569339700731936,0.09832472989350478,0.2805333559312426,0.12120086122254795,143,425.0,3703.0,268,0.8852281933567377,0.12549854202359045,315.0,155
DRIVE,82,0.1,0.5,GoCo-knapk0.5 (paper path),adapt_200_to_175_q0.225,0.49623481368748623,0.09995625023026049,0.28461880686072577,0.12234629835310919,130,385.0,3262.0,265,0.8819742489270386,0.12617924203923273,289.0,16
DRIVE,82,0.1,0.5,GoCo-knapk2 (paper path),adapt_200_to_175_q0.075,0.4920722754604275,0.09990789785941653,0.2845596559940466,0.122254518172469,129,380.0,3216.0,265,0.8818407960199005,0.12612202490040098,287.0,7
DRIVE,82,0.1,0.5,GoCo-knapk4 (paper path),adapt_200_to_175_q0.075,0.49132643728820813,0.09989922689348064,0.28457296974861473,0.12226778075929029,129,381.0,3228.0,265,0.8819702602230484,0.12612202490040098,287.0,8
DRIVE,83,0.1,0.1,GoCo-oracle (paper path),adapt_275_to_250_q0.75,0.006597872131093798,0.08915388168327372,0.2686990899496232,0.09070668780202891,88,198.0,1667.0,204,0.8812237552489502,0.09331530844817428,166.0,94
DRIVE,83,0.1,0.1,GoCo-knapk0.5 (paper path),adapt_275_to_250_q0.75,0.03441392067759176,0.09190484577053738,0.2731695240036946,0.09274739549552098,84,189.0,1664.0,204,0.8864182692307693,0.0949111736184406,158.0,64
DRIVE,83,0.1,0.1,GoCo-knapk2 (paper path),adapt_275_to_250_q0.75,0.034719453068509966,0.0919214248815329,0.2732098881558936,0.09286233804112087,84,188.0,1664.0,204,0.8870192307692307,0.0950261161640405,157.0,63
DRIVE,83,0.1,0.1,GoCo-knapk4 (paper path),adapt_275_to_250_q0.75,0.03443280831024528,0.09190523417305883,0.2731936221457051,0.09289047083266534,84,187.0,1672.0,204,0.8881578947368421,0.09505826792128838,156.0,65
DRIVE,83,0.1,0.5,GoCo-oracle (paper path),adapt_250_to_225_q0.75,0.06602734451995614,0.09328492937574968,0.2737677350200482,0.09407779167280272,98,230.0,2112.0,209,0.8910984848484849,0.09652549606261265,193.0,121
DRIVE,83,0.1,0.5,GoCo-knapk0.5 (paper path),adapt_250_to_225_q0.75,0.4407266299101632,0.09931330313258842,0.2827345384766532,0.1020068543026871,98,236.0,2210.0,218,0.893212669683258,0.10437974615976096,197.0,141
DRIVE,83,0.1,0.5,GoCo-knapk2 (paper path),adapt_250_to_225_q0.75,0.4689441829338369,0.09964044724914692,0.28330944666975244,0.1010254219292962,98,235.0,2206.0,216,0.8934723481414325,0.10329221299693818,197.0,137
DRIVE,83,0.1,0.5,GoCo-knapk4 (paper path),adapt_250_to_225_q0.6,0.3046883537615601,0.09766368635927651,0.28074501513379874,0.09841220061089695,97,229.0,2159.0,211,0.8939323761000463,0.1006266285396065,192.0,90
DRIVE,84,0.1,0.1,GoCo-oracle (paper path),adapt_275_to_250_q0.75,0.024408502673671773,0.09122955391593573,0.27332857002160194,0.08310616205320434,93,225.0,1521.0,193,0.8520710059171598,0.0853223160897389,193.0,80
DRIVE,84,0.1,0.1,GoCo-knapk0.5 (paper path),adapt_275_to_250_q0.6,0.07952567283734124,0.09363194436862551,0.27764625197552667,0.08445796347581423,88,220.0,1560.0,191,0.8589743589743589,0.08657503048209993,190.0,73
DRIVE,84,0.1,0.1,GoCo-knapk2 (paper path),adapt_275_to_250_q0.75,0.09384413142784737,0.09403403304932288,0.27804673647420475,0.08569676772510974,90,224.0,1583.0,193,0.8584965255843335,0.08784977750215353,193.0,87
DRIVE,84,0.1,0.1,GoCo-knapk4 (paper path),adapt_275_to_250_q0.75,0.09961967394968047,0.09417822789450223,0.2784549819804301,0.08531442135177177,88,221.0,1574.0,192,0.8595933926302414,0.08743148835805746,191.0,77
DRIVE,84,0.1,0.5,GoCo-oracle (paper path),adapt_250_to_225_q0.75,0.22230819480656544,0.09651138637046915,0.2802147104085115,0.08575531090128011,100,268.0,1961.0,197,0.8633350331463538,0.08848311433899624,222.0,113
DRIVE,84,0.1,0.5,GoCo-knapk0.5 (paper path),adapt_250_to_225_q0.4,0.48740892263933716,0.0998532745502988,0.28539816613819347,0.08825118785985901,96,253.0,1896.0,198,0.8665611814345991,0.09051461766031756,212.0,48
DRIVE,84,0.1,0.5,GoCo-knapk2 (paper path),adapt_250_to_225_q0.25,0.4639941033153204,0.0995797072386552,0.28554077358978036,0.08693642781489092,96,242.0,1798.0,197,0.8654060066740823,0.08922237002090687,205.0,22
DRIVE,84,0.1,0.5,GoCo-knapk4 (paper path),adapt_250_to_225_q0.2,0.46832567275963594,0.09963023142409894,0.28565793827366825,0.08693642781489092,96,242.0,1798.0,197,0.8654060066740823,0.08922237002090687,205.0,22
DRIVE,85,0.1,0.1,GoCo-oracle (paper path),adapt_250_to_225_q0.75,0.04221727701919472,0.0923300081720719,0.2729270802672277,0.09332390732727253,107,280.0,2281.0,208,0.8772468215694871,0.09560892815931406,229.0,119
DRIVE,85,0.1,0.1,GoCo-knapk0.5 (paper path),adapt_250_to_225_q0.175,0.09556122035142883,0.09409900632555984,0.27716086661063105,0.09409865507712731,100,246.0,1915.0,208,0.8715404699738903,0.09627972071303613,202.0,3
DRIVE,85,0.1,0.1,GoCo-knapk2 (paper path),adapt_250_to_225_q0.125,0.09669050342003727,0.094127005129183,0.27725060734054074,0.094080971612222,100,245.0,1911.0,208,0.8717948717948718,0.09621782859377266,202.0,1
DRIVE,85,0.1,0.1,GoCo-knapk4 (paper path),adapt_250_to_225_q0.05,0.0948130087583659,0.0940787775012163,0.2771737446812114,0.09409360267439319,100,243.0,1895.0,208,0.8717678100263853,0.09621151309430757,201.0,0
DRIVE,85,0.1,0.5,GoCo-oracle (paper path),adapt_250_to_225_q0.75,0.04221727701919472,0.0923300081720719,0.2729270802672277,0.09332390732727253,107,280.0,2281.0,208,0.8772468215694871,0.09560892815931406,229.0,119
DRIVE,85,0.1,0.5,GoCo-knapk0.5 (paper path),adapt_250_to_225_q0.75,0.38678297010670787,0.09867776182112074,0.2821758883869921,0.0967126649001549,108,284.0,2381.0,212,0.880722385552289,0.09894799256514492,230.0,145
DRIVE,85,0.1,0.5,GoCo-knapk2 (paper path),adapt_250_to_225_q0.75,0.4750979835132124,0.09971171360986618,0.28339230255055864,0.09883379664281951,108,282.0,2392.0,216,0.8821070234113713,0.10107000848026428,228.0,145
DRIVE,85,0.1,0.5,GoCo-knapk4 (paper path),adapt_250_to_225_q0.75,0.33810939911816196,0.09808693380744767,0.28126170416217866,0.09884185040028722,107,279.0,2358.0,216,0.8816793893129771,0.10105889970807246,226.0,111
DRIVE,86,0.1,0.1,GoCo-oracle (paper path),adapt_300_to_275_q0.75,0.0006729937456463195,0.08614744925451531,0.26530063262493714,0.06992516935029776,76,165.0,988.0,165,0.832995951417004,0.07142711882565951,143.0,54
DRIVE,86,0.1,0.1,GoCo-knapk0.5 (paper path),adapt_300_to_275_q0.75,0.02376101662945365,0.09118595252144558,0.2731028081111274,0.07416979613607695,75,164.0,1028.0,170,0.8404669260700389,0.0752197109103519,143.0,57
DRIVE,86,0.1,0.1,GoCo-knapk2 (paper path),adapt_300_to_275_q0.75,0.042287619141108054,0.0922826682145779,0.27473593456806616,0.07594200019336822,77,167.0,1049.0,174,0.8408007626310772,0.07708327952841548,145.0,71
DRIVE,86,0.1,0.1,GoCo-knapk4 (paper path),adapt_300_to_275_q0.75,0.04036494584456968,0.09218909320685845,0.2746071403954255,0.07635223056814715,77,167.0,1048.0,175,0.8406488549618321,0.07750824613185398,145.0,68
DRIVE,86,0.1,0.5,GoCo-oracle (paper path),adapt_275_to_250_q0.75,0.11620138585391343,0.09460994647494678,0.27713380366070073,0.077446635608964,88,191.0,1217.0,180,0.8430566967953985,0.07914335323739748,163.0,68
DRIVE,86,0.1,0.5,GoCo-knapk0.5 (paper path),adapt_275_to_250_q0.75,0.48078220733418386,0.09977636632141447,0.28493537815131526,0.0821820007790305,88,193.0,1301.0,186,0.851652574942352,0.08373365983248389,165.0,101
DRIVE,86,0.1,0.5,GoCo-knapk2 (paper path),adapt_275_to_250_q0.75,0.3484890099273841,0.09820716731270049,0.2826904216366707,0.08141819557239269,85,188.0,1282.0,184,0.8533541341653667,0.08293669812717236,161.0,81
DRIVE,86,0.1,0.5,GoCo-knapk4 (paper path),adapt_275_to_250_q0.75,0.3512236160726043,0.09823867371132898,0.2830906127540759,0.08082287252265516,85,185.0,1256.0,183,0.8527070063694268,0.08240326718088803,158.0,55
DRIVE,87,0.1,0.1,GoCo-oracle (paper path),adapt_250_to_225_q0.75,0.024609354258648665,0.09126165816733313,0.27281190175352155,0.08501373319948384,120,322.0,2222.0,201,0.8550855085508551,0.08750208070012555,269.0,88
DRIVE,87,0.1,0.1,GoCo-knapk0.5 (paper path),adapt_250_to_225_q0.35,0.07208283927884597,0.09340667373621811,0.27719648881597786,0.08726642118366706,116,303.0,2218.0,201,0.8633904418394951,0.08942194445854157,255.0,24
DRIVE,87,0.1,0.1,GoCo-knapk2 (paper path),adapt_250_to_225_q0.35,0.07787471444432507,0.09358922567228424,0.2772947871178545,0.08866649237646665,116,303.0,2275.0,202,0.8668131868131869,0.09083364952938626,254.0,31
DRIVE,87,0.1,0.1,GoCo-knapk4 (paper path),adapt_250_to_225_q0.3,0.0788686070928144,0.09361805036782586,0.27737483756648046,0.0885848166218487,116,301.0,2261.0,202,0.8668730650154799,0.09070969017652365,253.0,28
DRIVE,87,0.1,0.5,GoCo-oracle (paper path),adapt_225_to_200_q0.75,0.3293357945966825,0.09797639218344296,0.2812693800572359,0.09741088775646149,126,375.0,2819.0,220,0.8669741042923023,0.10046663861375905,303.0,93
DRIVE,87,0.1,0.5,GoCo-knapk0.5 (paper path),adapt_225_to_200_q0.5,0.49216072306632214,0.0999088331226961,0.2848484507340074,0.09886970869426069,124,368.0,2880.0,220,0.8722222222222222,0.1017471694503602,298.0,70
DRIVE,87,0.1,0.5,GoCo-knapk2 (paper path),adapt_225_to_200_q0.4,0.4993957237413648,0.0999929632448075,0.2852446354738493,0.09907976611855808,123,359.0,2823.0,220,0.8728303223521077,0.1016329862394763,294.0,48
DRIVE,87,0.1,0.5,GoCo-knapk4 (paper path),adapt_225_to_200_q0.5,0.48497324555952814,0.09982534491256946,0.2846387735754077,0.09892291221125372,124,369.0,2890.0,220,0.8723183391003461,0.10177281430924918,299.0,71
DRIVE,88,0.1,0.1,GoCo-oracle (paper path),adapt_250_to_225_q0.75,0.02102656088632902,0.09098709081781321,0.2722071681484326,0.09460659246862092,105,257.0,2204.0,209,0.8833938294010889,0.09771388478241169,205.0,133
DRIVE,88,0.1,0.1,GoCo-knapk0.5 (paper path),adapt_250_to_225_q0.6,0.08529302408138739,0.0938241446207942,0.27672270633782414,0.09743650059168787,104,250.0,2192.0,210,0.8859489051094891,0.10028916464560228,200.0,92
DRIVE,88,0.1,0.1,GoCo-knapk2 (paper path),adapt_250_to_225_q0.5,0.09014235124401632,0.09395276927821516,0.277116030454851,0.09703077381422412,103,241.0,2141.0,210,0.8874357776739841,0.09984559377245308,193.0,62
DRIVE,88,0.1,0.1,GoCo-knapk4 (paper path),adapt_250_to_225_q0.4,0.07230251725150946,0.0934259508071907,0.2766887562340352,0.09697749665308378,103,235.0,2102.0,210,0.8882017126546147,0.09980133607469756,188.0,48
DRIVE,88,0.1,0.5,GoCo-oracle (paper path),adapt_250_to_225_q0.75,0.02102656088632902,0.09098709081781321,0.2722071681484326,0.09460659246862092,105,257.0,2204.0,209,0.8833938294010889,0.09771388478241169,205.0,133
DRIVE,88,0.1,0.5,GoCo-knapk0.5 (paper path),adapt_250_to_225_q0.75,0.16434874065973876,0.09556363634863962,0.27888071013756893,0.09846588343144728,105,254.0,2230.0,213,0.8860986547085202,0.10140501440994303,203.0,126
DRIVE,88,0.1,0.5,GoCo-knapk2 (paper path),adapt_250_to_225_q0.75,0.18559084703194872,0.09592874009033729,0.2795340377375436,0.09797184231742939,105,253.0,2221.0,212,0.8860873480414228,0.1008245063713438,203.0,117
DRIVE,88,0.1,0.5,GoCo-knapk4 (paper path),adapt_250_to_225_q0.75,0.26168422700345606,0.09708094194096659,0.2808553502399145,0.09839402928908877,105,255.0,2234.0,213,0.8858549686660698,0.10132475319844658,204.0,130
DRIVE,89,0.1,0.1,GoCo-oracle (paper path),adapt_250_to_225_q0.75,0.026383388367698067,0.09140902507052182,0.27234713689503215,0.09742282538894632,102,246.0,2243.0,218,0.8903254569772626,0.09986239621114351,207.0,124
DRIVE,89,0.1,0.1,GoCo-knapk0.5 (paper path),adapt_250_to_225_q0.15,0.07216621358721148,0.0934427351312865,0.2757949969515256,0.09971008234378198,90,207.0,1841.0,219,0.8875611080934275,0.10180609256266283,177.0,4
DRIVE,89,0.1,0.1,GoCo-knapk2 (paper path),adapt_250_to_225_q0.2,0.09405151238627452,0.0940643158057008,0.27689540005130947,0.09926725107415602,93,215.0,2068.0,218,0.8960348162475822,0.1013559903168868,184.0,26
DRIVE,89,0.1,0.1,GoCo-knapk4 (paper path),adapt_250_to_225_q0.175,0.09397682741957558,0.09406244118428674,0.2768891757269964,0.09939987706885098,92,214.0,2066.0,218,0.8964181994191674,0.10148861631158176,183.0,25
DRIVE,89,0.1,0.5,GoCo-oracle (paper path),adapt_250_to_225_q0.75,0.026383388367698067,0.09140902507052182,0.27234713689503215,0.09742282538894632,102,246.0,2243.0,218,0.8903254569772626,0.09986239621114351,207.0,124
DRIVE,89,0.1,0.5,GoCo-knapk0.5 (paper path),adapt_250_to_225_q0.75,0.29090896224893825,0.0974783009535754,0.2811410194545268,0.10258761638039303,102,243.0,2273.0,225,0.8930928288605368,0.10500550228973915,205.0,111
DRIVE,89,0.1,0.5,GoCo-knapk2 (paper path),adapt_250_to_225_q0.75,0.336910596938121,0.09806734927057904,0.2819261488585019,0.10299433612064594,101,242.0,2272.0,225,0.8934859154929577,0.10532380468965526,205.0,104
DRIVE,89,0.1,0.5,GoCo-knapk4 (paper path),adapt_250_to_225_q0.6,0.17785577621698223,0.09580768366944568,0.2787122697032881,0.10039419141309015,101,238.0,2232.0,220,0.8933691756272402,0.10275347001988945,201.0,76
DRIVE,90,0.1,0.1,GoCo-oracle (paper path),adapt_275_to_250_q0.75,0.03403842059056984,0.09183844873380281,0.2746629196620361,0.08436535524910894,96,251.0,1945.0,194,0.8709511568123394,0.08749454586670316,201.0,105
DRIVE,90,0.1,0.1,GoCo-knapk0.5 (paper path),adapt_275_to_250_q0.6,0.0644434608917785,0.09315198955153281,0.27689723266241506,0.0860213154427885,88,237.0,1891.0,193,0.8746694870438921,0.08884249603874804,191.0,48
DRIVE,90,0.1,0.1,GoCo-knapk2 (paper path),adapt_275_to_250_q0.75,0.09983930353176518,0.09418340683852962,0.2784792924274171,0.0869494869395972,91,243.0,1931.0,195,0.8741584671154842,0.0900322354519715,195.0,68
DRIVE,90,0.1,0.1,GoCo-knapk4 (paper path),adapt_275_to_250_q0.6,0.08088973983061948,0.09367048105210145,0.27777232926269946,0.08599618735775075,91,241.0,1927.0,193,0.8749351323300467,0.08908295483582848,193.0,64
DRIVE,90,0.1,0.5,GoCo-oracle (paper path),adapt_250_to_225_q0.75,0.15200149551851222,0.09533420984956884,0.2787086891771536,0.08829536680675629,103,298.0,2375.0,202,0.8745263157894737,0.09161323450446444,236.0,108
DRIVE,90,0.1,0.5,GoCo-knapk0.5 (paper path),adapt_250_to_225_q0.6,0.40946158861163856,0.09894189161868563,0.28379044261800207,0.09285732797823787,102,297.0,2459.0,207,0.879219194794632,0.09576523296870983,235.0,88
DRIVE,90,0.1,0.5,GoCo-knapk2 (paper path),adapt_250_to_225_q0.6,0.4218672937348793,0.099088048144424,0.2840629441708347,0.09296584014709179,102,296.0,2459.0,207,0.8796258641724278,0.09586302789041787,234.0,87
DRIVE,90,0.1,0.5,GoCo-knapk4 (paper path),adapt_250_to_225_q0.6,0.4672303986685829,0.09961855212320384,0.2848101922118147,0.09349634412587163,102,296.0,2463.0,208,0.8798213560698336,0.09639353186919772,234.0,88
DRIVE,91,0.1,0.1,GoCo-oracle (paper path),adapt_250_to_225_q0.75,0.04987322275303949,0.09262666590017729,0.2750315828227647,0.09586718692703652,121,305.0,2204.0,225,0.8616152450090744,0.09883800136315728,253.0,119
DRIVE,91,0.1,0.1,GoCo-knapk0.5 (paper path),adapt_250_to_225_q0.04,0.09027021494995913,0.09393165474387,0.2782468445240512,0.09668107328427565,113,271.0,1848.0,224,0.8533549783549783,0.09939518144023197,226.0,0
DRIVE,91,0.1,0.1,GoCo-knapk2 (paper path),adapt_250_to_225_q0.04,0.09055616753060286,0.09393915906350872,0.2782674312506952,0.09668107328427565,113,271.0,1862.0,224,0.8544575725026853,0.09939518144023197,226.0,1
DRIVE,91,0.1,0.1,GoCo-knapk4 (paper path),adapt_250_to_225_q0.04,0.09055616753060286,0.09393915906350872,0.2782674312506952,0.09668107328427565,113,271.0,1848.0,224,0.8533549783549783,0.09939518144023197,226.0,0
DRIVE,91,0.1,0.5,GoCo-oracle (paper path),adapt_250_to_225_q0.75,0.04987322275303949,0.09262666590017729,0.2750315828227647,0.09586718692703652,121,305.0,2204.0,225,0.8616152450090744,0.09883800136315728,253.0,119
DRIVE,91,0.1,0.5,GoCo-knapk0.5 (paper path),adapt_250_to_225_q0.75,0.38637475590273723,0.0986643807127558,0.28397872199816976,0.1019752969792414,121,306.0,2275.0,232,0.8654945054945055,0.10464185653377907,256.0,105
DRIVE,91,0.1,0.5,GoCo-knapk2 (paper path),adapt_250_to_225_q0.75,0.33168293451972,0.09799338808031234,0.2830574030742411,0.10145788338203329,120,303.0,2258.0,230,0.8658104517271922,0.10408023426640255,254.0,88
DRIVE,91,0.1,0.5,GoCo-knapk4 (paper path),adapt_250_to_225_q0.75,0.3343510708861673,0.09802654457898607,0.2831557213540094,0.10144841010121515,120,303.0,2256.0,230,0.8656914893617021,0.1040707609855844,254.0,86
DRIVE,92,0.1,0.1,GoCo-oracle (paper path),adapt_250_to_225_q0.75,0.019951045905174932,0.09092456254544878,0.2711920302948204,0.09534394908647006,106,280.0,2046.0,218,0.863147605083089,0.09774301361974418,234.0,95
DRIVE,92,0.1,0.1,GoCo-knapk0.5 (paper path),adapt_250_to_225_q0.4,0.08282730533414046,0.09376771875733722,0.2760322150302089,0.09781494186474726,100,269.0,2048.0,218,0.86865234375,0.09994820448068473,226.0,44
DRIVE,92,0.1,0.1,GoCo-knapk2 (paper path),adapt_250_to_225_q0.3,0.09628813981344214,0.09412656198366884,0.27677071223549654,0.09802908236531427,97,260.0,1997.0,218,0.8698047070605909,0.09995393765699959,222.0,29
DRIVE,92,0.1,0.1,GoCo-knapk4 (paper path),adapt_250_to_225_q0.2,0.08204449577730416,0.09373804258493909,0.27632053377171323,0.09763665567658625,96,257.0,1980.0,218,0.8702020202020202,0.09961456136298749,219.0,25
DRIVE,92,0.1,0.5,GoCo-oracle (paper path),adapt_250_to_225_q0.75,0.019951045905174932,0.09092456254544878,0.2711920302948204,0.09534394908647006,106,280.0,2046.0,218,0.863147605083089,0.09774301361974418,234.0,95
DRIVE,92,0.1,0.5,GoCo-knapk0.5 (paper path),adapt_250_to_225_q0.75,0.4544366795228358,0.09947107746129959,0.283733092767064,0.10236514041531307,105,287.0,2198.0,227,0.8694267515923567,0.1045728260863681,239.0,139
DRIVE,92,0.1,0.5,GoCo-knapk2 (paper path),adapt_250_to_225_q0.75,0.46205147307815525,0.09955949478582615,0.2839097743029376,0.10236514041531307,105,287.0,2199.0,227,0.8694861300591178,0.1045728260863681,239.0,140
DRIVE,92,0.1,0.5,GoCo-knapk4 (paper path),adapt_250_to_225_q0.75,0.3633006781817256,0.09839100083558566,0.28254844317511585,0.10004349823655753,104,284.0,2178.0,223,0.869605142332415,0.10217861107869237,238.0,113
DRIVE,93,0.1,0.1,GoCo-oracle (paper path),adapt_275_to_250_q0.75,0.01065881894590215,0.08981794070659961,0.2715453070382571,0.0867351970637825,98,261.0,1721.0,199,0.8483439860546194,0.08882560496779272,228.0,98
DRIVE,93,0.1,0.1,GoCo-knapk0.5 (paper path),adapt_275_to_250_q0.5,0.042645182806001845,0.0922667284780219,0.27593579749221725,0.0877518806675701,94,252.0,1659.0,198,0.8481012658227848,0.0897846473702069,221.0,45
DRIVE,93,0.1,0.1,GoCo-knapk2 (paper path),adapt_275_to_250_q0.6,0.04204586290460932,0.09223979354220929,0.2758323865741065,0.0873860548677748,97,257.0,1718.0,198,0.8504074505238649,0.08941097668216462,226.0,72
DRIVE,93,0.1,0.1,GoCo-knapk4 (paper path),adapt_275_to_250_q0.6,0.05427117024871741,0.09277029752098913,0.2766150047855751,0.08797971406254908,97,255.0,1716.0,199,0.8513986013986014,0.09001726693911008,224.0,69
DRIVE,93,0.1,0.5,GoCo-oracle (paper path),adapt_250_to_225_q0.75,0.12659689170944122,0.09482775549515489,0.2779364511849353,0.08890672967193614,111,302.0,2140.0,205,0.8588785046728972,0.09165656121561319,257.0,130
DRIVE,93,0.1,0.5,GoCo-knapk0.5 (paper path),adapt_250_to_225_q0.6,0.37234603313374204,0.09849650036118707,0.2834836470481077,0.09230623240496183,107,292.0,2145.0,207,0.8638694638694638,0.09442806186189069,251.0,84
DRIVE,93,0.1,0.5,GoCo-knapk2 (paper path),adapt_250_to_225_q0.6,0.4600517900903656,0.09953453725781934,0.28493159485108666,0.09283333572531885,107,292.0,2154.0,208,0.8644382544103992,0.09495516518224772,251.0,85
DRIVE,93,0.1,0.5,GoCo-knapk4 (paper path),adapt_250_to_225_q0.5,0.3992175756558038,0.09881729889927872,0.28436162111651797,0.09276074161580133,107,285.0,2099.0,208,0.8642210576464984,0.09487923707032393,245.0,57
DRIVE,94,0.1,0.1,GoCo-oracle (paper path),adapt_250_to_225_q0.75,0.004068893674747772,0.0884265690883844,0.2685306734825821,0.09294686210724656,112,283.0,1895.0,220,0.8506596306068601,0.09511388073075039,248.0,112
DRIVE,94,0.1,0.1,GoCo-knapk0.5 (paper path),adapt_250_to_225_q0.6,0.05720596732403194,0.09291444154411792,0.27558374810293845,0.09792239492072351,111,276.0,1943.0,224,0.8579516212043232,0.09982597392338972,242.0,79
DRIVE,94,0.1,0.1,GoCo-knapk2 (paper path),adapt_250_to_225_q0.6,0.07524363215695909,0.09352736531581424,0.2764073065892795,0.09822753473365338,111,274.0,1943.0,224,0.8589809572825527,0.10016179975685453,240.0,77
DRIVE,94,0.1,0.1,GoCo-knapk4 (paper path),adapt_250_to_225_q0.6,0.07524363215695909,0.09352736531581424,0.2764073065892795,0.09822753473365338,111,274.0,1945.0,224,0.8591259640102827,0.10016179975685453,240.0,78
DRIVE,94,0.1,0.5,GoCo-oracle (paper path),adapt_225_to_200_q0.75,0.21185187511355624,0.09636215148617165,0.27920210975979604,0.10114750836034668,122,335.0,2383.0,234,0.8594208980276962,0.10375113986847571,282.0,104
DRIVE,94,0.1,0.5,GoCo-knapk0.5 (paper path),adapt_225_to_200_q0.6,0.3407095957801036,0.09811093997733979,0.28253639799569735,0.10296064194696967,120,326.0,2431.0,234,0.8658988070752777,0.10517828761740768,275.0,79
DRIVE,94,0.1,0.5,GoCo-knapk2 (paper path),adapt_225_to_200_q0.6,0.33947676984622155,0.0980957091566106,0.2824993185383901,0.10295503553724415,120,326.0,2425.0,234,0.8655670103092783,0.10517828761740768,275.0,75
DRIVE,94,0.1,0.5,GoCo-knapk4 (paper path),adapt_225_to_200_q0.6,0.33843919545654566,0.09808287665603647,0.2824681600766933,0.10295503553724415,120,326.0,2432.0,234,0.865953947368421,0.10517828761740768,275.0,75
DRIVE,95,0.1,0.1,GoCo-oracle (paper path),adapt_250_to_225_q0.75,0.05545494989481677,0.0928646047053666,0.27483282503582307,0.09373966308424264,107,300.0,2356.0,210,0.8726655348047538,0.09604917584426839,249.0,96
DRIVE,95,0.1,0.1,GoCo-knapk0.5 (paper path),global_250,0.0958596261246002,0.09409576368663924,0.2776861451474816,0.09497864110400253,95,263.0,1970.0,210,0.8664974619289341,0.09685211107332448,223.0,0
DRIVE,95,0.1,0.1,GoCo-knapk2 (paper path),global_250,0.0958596261246002,0.09409576368663924,0.2776861451474816,0.09497864110400253,95,263.0,1970.0,210,0.8664974619289341,0.09685211107332448,223.0,0
DRIVE,95,0.1,0.1,GoCo-knapk4 (paper path),global_250,0.0958596261246002,0.09409576368663924,0.2776861451474816,0.09497864110400253,95,263.0,1970.0,210,0.8664974619289341,0.09685211107332448,223.0,0
DRIVE,95,0.1,0.5,GoCo-oracle (paper path),adapt_250_to_225_q0.75,0.05545494989481677,0.0928646047053666,0.27483282503582307,0.09373966308424264,107,300.0,2356.0,210,0.8726655348047538,0.09604917584426839,249.0,96
DRIVE,95,0.1,0.5,GoCo-knapk0.5 (paper path),adapt_250_to_225_q0.75,0.46687065272871614,0.0996144312683404,0.2847538399498082,0.09776008011333506,107,310.0,2520.0,215,0.876984126984127,0.09982723845094837,257.0,119
DRIVE,95,0.1,0.5,GoCo-knapk2 (paper path),adapt_250_to_225_q0.6,0.3025744450157618,0.09762368949243813,0.2822114131812215,0.09707152562843394,106,304.0,2488.0,213,0.8778135048231511,0.09895153395060835,253.0,87
DRIVE,95,0.1,0.5,GoCo-knapk4 (paper path),adapt_250_to_225_q0.6,0.36643593996067025,0.0984248865267326,0.2833585449765613,0.09813253358599362,106,304.0,2496.0,215,0.8782051282051282,0.10001254190816804,253.0,89
DRIVE,96,0.1,0.1,GoCo-oracle (paper path),adapt_275_to_250_q0.75,0.019005380551618704,0.09078488980348294,0.2727142338992484,0.08307698771397062,94,223.0,1604.0,191,0.8609725685785536,0.08533293014337909,189.0,85
DRIVE,96,0.1,0.1,GoCo-knapk0.5 (paper path),adapt_275_to_250_q0.5,0.0671407229776542,0.09324709749348284,0.276894716241937,0.08465624831873796,93,222.0,1581.0,192,0.8595825426944972,0.08659348525008093,188.0,54
DRIVE,96,0.1,0.1,GoCo-knapk2 (paper path),adapt_275_to_250_q0.6,0.08316325781149997,0.09374228899295513,0.27759865335195066,0.0849837842686423,94,226.0,1626.0,192,0.8610086100861009,0.08708103307836568,191.0,75
DRIVE,96,0.1,0.1,GoCo-knapk4 (paper path),adapt_275_to_250_q0.6,0.08250065704422016,0.0937233424155086,0.2775684857292513,0.08493073385811611,94,226.0,1624.0,192,0.8608374384236454,0.0870545078731026,191.0,73
DRIVE,96,0.1,0.5,GoCo-oracle (paper path),adapt_250_to_225_q0.75,0.1334769774966168,0.09497351052353173,0.2780171264717608,0.0876760780574156,99,266.0,2078.0,198,0.8719923002887392,0.09001178560427708,222.0,119
DRIVE,96,0.1,0.5,GoCo-knapk0.5 (paper path),adapt_250_to_225_q0.6,0.3689053790830232,0.0984580391163219,0.28282540668723677,0.09155955516216925,98,259.0,2096.0,201,0.8764312977099237,0.09342284900598248,217.0,82
DRIVE,96,0.1,0.5,GoCo-knapk2 (paper path),adapt_250_to_225_q0.6,0.4647451577878333,0.0995901710040057,0.2843794462231553,0.09207917700869968,98,259.0,2096.0,202,0.8764312977099237,0.0939424708525129,217.0,81
DRIVE,96,0.1,0.5,GoCo-knapk4 (paper path),adapt_250_to_225_q0.6,0.4850918036430331,0.09982668735699565,0.284698228476155,0.09260462856893514,98,259.0,2098.0,203,0.8765490943755958,0.09446792241274836,217.0,81
DRIVE,97,0.1,0.1,GoCo-oracle (paper path),adapt_275_to_250_q0.75,0.0057758919167806835,0.08896497685649983,0.26827994709925684,0.08611623012418772,87,206.0,1637.0,197,0.874160048869884,0.08861293242527889,176.0,70
DRIVE,97,0.1,0.1,GoCo-knapk0.5 (paper path),adapt_275_to_250_q0.75,0.06078533024623919,0.09307467454466327,0.27465008087186515,0.09173820645644747,87,210.0,1756.0,203,0.8804100227790432,0.09383529902927439,179.0,117
DRIVE,97,0.1,0.1,GoCo-knapk2 (paper path),adapt_275_to_250_q0.75,0.04155394137681648,0.09227263989119694,0.2737918298423823,0.0910498143902508,87,209.0,1739.0,202,0.879815986198965,0.09314690696307772,178.0,100
DRIVE,97,0.1,0.1,GoCo-knapk4 (paper path),adapt_275_to_250_q0.75,0.0636613735152252,0.09317572292345588,0.274808491192116,0.09173820645644747,87,210.0,1755.0,203,0.8803418803418803,0.09383529902927439,179.0,116
DRIVE,97,0.1,0.5,GoCo-oracle (paper path),adapt_250_to_225_q0.75,0.06815527785897608,0.09335274324809209,0.2739823179261017,0.08985598197192032,98,248.0,2085.0,203,0.8810551558752998,0.09244903323663008,206.0,99
DRIVE,97,0.1,0.5,GoCo-knapk0.5 (paper path),adapt_250_to_225_q0.5,0.4724599058813542,0.09968097599257841,0.2835262720510628,0.09326625816543792,94,239.0,2111.0,206,0.886783514921838,0.09540870068718331,201.0,61
DRIVE,97,0.1,0.5,GoCo-knapk2 (paper path),adapt_250_to_225_q0.4,0.4164870773104758,0.09902841551550504,0.2828772507668606,0.09337235895486978,93,238.0,2112.0,206,0.8873106060606061,0.09551480147661517,200.0,58
DRIVE,97,0.1,0.5,GoCo-knapk4 (paper path),adapt_250_to_225_q0.4,0.4622474474364756,0.09956205145354613,0.2837316353308758,0.09329152025815979,94,238.0,2116.0,206,0.8875236294896031,0.09544027831099078,200.0,59
DRIVE,98,0.1,0.1,GoCo-oracle (paper path),adapt_250_to_225_q0.75,0.0427984930500843,0.09231134261392472,0.2746130572834701,0.09417811851128342,117,335.0,2119.0,217,0.8419065596979708,0.09648844726996333,287.0,109
DRIVE,98,0.1,0.1,GoCo-knapk0.5 (paper path),adapt_250_to_225_q0.35,0.0846237477211062,0.09378029845990932,0.2778150309825547,0.09691191695096954,107,299.0,1946.0,218,0.8463514902363823,0.0984554108479295,262.0,20
DRIVE,98,0.1,0.1,GoCo-knapk2 (paper path),adapt_250_to_225_q0.3,0.09329120628262372,0.09401761472462343,0.2781135468041993,0.09789575947848808,109,298.0,2022.0,220,0.8526211671612265,0.09942069547720234,261.0,26
DRIVE,98,0.1,0.1,GoCo-knapk4 (paper path),adapt_250_to_225_q0.25,0.0951962188822279,0.09406794459418213,0.2781616249541681,0.09789575947848808,109,298.0,2022.0,220,0.8526211671612265,0.09942069547720234,261.0,26
DRIVE,98,0.1,0.5,GoCo-oracle (paper path),adapt_250_to_225_q0.75,0.0427984930500843,0.09231134261392472,0.2746130572834701,0.09417811851128342,117,335.0,2119.0,217,0.8419065596979708,0.09648844726996333,287.0,109
DRIVE,98,0.1,0.5,GoCo-knapk0.5 (paper path),adapt_250_to_225_q0.75,0.442688818951551,0.09933094622206624,0.2849707768248028,0.1006018872997805,115,329.0,2221.0,225,0.8518685276902296,0.10254894384338621,281.0,106
DRIVE,98,0.1,0.5,GoCo-knapk2 (paper path),adapt_250_to_225_q0.75,0.4448046819881419,0.09935587547739241,0.2849414796312711,0.10065987531481119,115,330.0,2224.0,225,0.8516187050359713,0.10259621461127101,282.0,108
DRIVE,98,0.1,0.5,GoCo-knapk4 (paper path),adapt_250_to_225_q0.75,0.4584900560789484,0.09951595277858982,0.2851217925648179,0.10066619081427627,115,329.0,2223.0,225,0.8520017993702205,0.10260253011073611,281.0,107
DRIVE,99,0.1,0.1,GoCo-oracle (paper path),adapt_250_to_225_q0.75,0.019108197066067385,0.09082688956029851,0.27176108318833275,0.09908826366976022,103,297.0,2393.0,220,0.875888006686168,0.10131323261665728,248.0,124
DRIVE,99,0.1,0.1,GoCo-knapk0.5 (paper path),adapt_250_to_225_q0.4,0.09401899980285272,0.09405806055910075,0.27714639257915136,0.10354710360420794,100,283.0,2358.0,224,0.879983036471586,0.10531747009140743,237.0,45
DRIVE,99,0.1,0.1,GoCo-knapk2 (paper path),adapt_250_to_225_q0.3,0.05970440993064722,0.0930082777411299,0.27567270986699866,0.10264421492735966,100,278.0,2331.0,222,0.8807378807378807,0.10441265934658303,233.0,37
DRIVE,99,0.1,0.1,GoCo-knapk4 (paper path),adapt_250_to_225_q0.3,0.06772903688124476,0.09328510818573145,0.276167836307885,0.10264421492735966,100,278.0,2330.0,222,0.8806866952789699,0.10441265934658303,233.0,36
DRIVE,99,0.1,0.5,GoCo-oracle (paper path),adapt_225_to_200_q0.75,0.2439166711038082,0.09684270711255011,0.2794324893482124,0.11166282162584107,112,347.0,2956.0,242,0.8826116373477673,0.11433405445330339,280.0,137
DRIVE,99,0.1,0.5,GoCo-knapk0.5 (paper path),adapt_225_to_200_q0.6,0.3823010099030763,0.09862171962896772,0.28261422009010473,0.11266284631639324,108,338.0,2926.0,241,0.8844839371155161,0.11507658562388282,275.0,86
DRIVE,99,0.1,0.5,GoCo-knapk2 (paper path),adapt_225_to_200_q0.6,0.38275313489092555,0.09862701656884793,0.2826466833976213,0.11263784221534072,108,337.0,2916.0,241,0.8844307270233196,0.11503066922530572,275.0,78
DRIVE,99,0.1,0.5,GoCo-knapk4 (paper path),adapt_225_to_200_q0.6,0.38275313489092555,0.09862701656884793,0.2826466833976213,0.11263784221534072,108,337.0,2918.0,241,0.8845099383139137,0.11503066922530572,275.0,79
