dataset,seed,alpha,delta,method,policy,p_selected,cal_mean,cal_sd,unit_fdp,unit_yield,go_yield,total_calls,genes_with_calls,term_fdp,unit_fdp_direct,go_yield_direct,n_relaxed_eval
HAP1,0,0.1,0.1,GoCo-knap (paper path),adapt_475_to_450_q0.225,0.02224012050735422,0.09391219361035812,0.28759111863148595,0.10006212661372679,76,136.0,1253.0,498,0.8914604948124502,0.10128642015135982,120.0,145
HAP1,0,0.1,0.1,GoCo-knapEB (paper path),adapt_475_to_450_q0.25,0.002937419208088386,0.09174841198585745,0.2843648651430384,0.09773190024887991,79,139.0,1221.0,490,0.8861588861588862,0.09895619378651295,123.0,150
HAP1,0,0.1,0.1,GoCo-learned (paper path),adapt_475_to_450_q0.5,0.02143885008161031,0.09387520588917887,0.287143271617504,0.09659637725728912,82,142.0,1236.0,486,0.8851132686084142,0.09833849887158995,123.0,177
HAP1,0,0.1,0.1,GoCo-learnedgb (paper path),adapt_475_to_450_q0.5,5.906879860242386e-05,0.08865993735833111,0.27962110022798436,0.08927280868205609,81,141.0,1104.0,452,0.8722826086956522,0.09123685661681853,121.0,143
HAP1,0,0.1,0.1,GoCo-ens (paper path),adapt_475_to_450_q0.4,0.015494732924467541,0.09348683483167801,0.28662275917739954,0.09942223906808041,77,137.0,1281.0,494,0.8930523028883685,0.10072050804145803,120.0,183
HAP1,0,0.1,0.5,GoCo-knap (paper path),adapt_475_to_450_q0.3,0.3487316931118666,0.09879457266051347,0.2943639976073852,0.10427872670249731,76,136.0,1291.0,517,0.8946553059643687,0.10550302024013034,120.0,164
HAP1,0,0.1,0.5,GoCo-knapEB (paper path),adapt_475_to_450_q0.25,0.002937419208088386,0.09174841198585745,0.2843648651430384,0.09773190024887991,79,139.0,1221.0,490,0.8861588861588862,0.09895619378651295,123.0,150
HAP1,0,0.1,0.5,GoCo-learned (paper path),adapt_475_to_450_q0.6,0.21184100862815203,0.09753699017679537,0.292253541553918,0.09837178782098197,84,144.0,1256.0,496,0.8853503184713376,0.10033583575574441,124.0,187
HAP1,0,0.1,0.5,GoCo-learnedgb (paper path),adapt_475_to_450_q0.6,0.24483424982524876,0.0978698796574878,0.29271141614237933,0.10014719838467483,81,141.0,1259.0,501,0.8880063542494043,0.10211124631943726,121.0,192
HAP1,0,0.1,0.5,GoCo-ens (paper path),adapt_475_to_450_q0.4,0.015494732924467541,0.09348683483167801,0.28662275917739954,0.09942223906808041,77,137.0,1281.0,494,0.8930523028883685,0.10072050804145803,120.0,183
HAP1,1,0.1,0.1,GoCo-knap (paper path),adapt_475_to_450_q0.3,0.010760574591349117,0.09306760064189401,0.2862919290823961,0.09588523630070993,97,166.0,1298.0,496,0.8721109399075501,0.09709156437537642,150.0,127
HAP1,1,0.1,0.1,GoCo-knapEB (paper path),adapt_475_to_450_q0.225,0.011042279600111799,0.09309534143195171,0.2863676845128097,0.09566330998024833,97,166.0,1282.0,495,0.8705148205928237,0.0968696380549148,150.0,126
HAP1,1,0.1,0.1,GoCo-learned (paper path),adapt_475_to_450_q0.6,0.0928838541357116,0.09595819097880358,0.28997445134650895,0.10424815980106579,101,170.0,1384.0,536,0.8771676300578035,0.10556545103596307,153.0,212
HAP1,1,0.1,0.1,GoCo-learnedgb (paper path),adapt_475_to_450_q0.6,0.0928838541357116,0.09595819097880358,0.28997445134650895,0.10180697027598812,99,168.0,1342.0,523,0.8748137108792846,0.10334618783134701,150.0,199
HAP1,1,0.1,0.1,GoCo-ens (paper path),adapt_475_to_450_q0.5,0.08687444791880944,0.09584722781857279,0.2898197760831673,0.10202889659644972,101,170.0,1393.0,526,0.8779612347451543,0.10334618783134701,153.0,199
HAP1,1,0.1,0.5,GoCo-knap (paper path),adapt_475_to_450_q0.4,0.3018364525738605,0.09839383233297258,0.29371675539006664,0.10032376270994206,97,166.0,1344.0,516,0.8764880952380952,0.10153009078460855,150.0,147
HAP1,1,0.1,0.5,GoCo-knapEB (paper path),adapt_475_to_450_q0.225,0.011042279600111799,0.09309534143195171,0.2863676845128097,0.09566330998024833,97,166.0,1282.0,495,0.8705148205928237,0.0968696380549148,150.0,126
HAP1,1,0.1,0.5,GoCo-learned (paper path),adapt_475_to_450_q0.6,0.0928838541357116,0.09595819097880358,0.28997445134650895,0.10424815980106579,101,170.0,1384.0,536,0.8771676300578035,0.10556545103596307,153.0,212
HAP1,1,0.1,0.5,GoCo-learnedgb (paper path),adapt_475_to_450_q0.6,0.0928838541357116,0.09595819097880358,0.28997445134650895,0.10180697027598812,99,168.0,1342.0,523,0.8748137108792846,0.10334618783134701,150.0,199
HAP1,1,0.1,0.5,GoCo-ens (paper path),adapt_475_to_450_q0.5,0.08687444791880944,0.09584722781857279,0.2898197760831673,0.10202889659644972,101,170.0,1393.0,526,0.8779612347451543,0.10334618783134701,153.0,199
HAP1,2,0.1,0.1,GoCo-knap (paper path),adapt_475_to_450_q0.275,0.03146020528206751,0.09434807227153118,0.288503980364848,0.08626271280655584,79,126.0,1176.0,437,0.8928571428571429,0.08782738942902617,109.0,114
HAP1,2,0.1,0.1,GoCo-knapEB (paper path),adapt_475_to_450_q0.2,0.0006771725330094764,0.09044956657630414,0.2829521169825978,0.08186117412180992,79,126.0,1095.0,418,0.8849315068493151,0.08342585074428024,109.0,97
HAP1,2,0.1,0.1,GoCo-learned (paper path),adapt_475_to_450_q0.6,0.031159947948613865,0.0943425241171573,0.28812728993132697,0.09000587008671923,82,129.0,1209.0,455,0.8933002481389578,0.09164452214493415,111.0,165
HAP1,2,0.1,0.1,GoCo-learnedgb (paper path),adapt_475_to_450_q0.6,0.004346467755343708,0.09212326091254122,0.2849769967105962,0.08856334900371879,81,128.0,1155.0,448,0.8891774891774892,0.09020200106193371,110.0,152
HAP1,2,0.1,0.1,GoCo-ens (paper path),adapt_475_to_450_q0.4,0.00157715480165987,0.09117822466468578,0.28366660172817426,0.08562652402608277,81,128.0,1188.0,435,0.8922558922558923,0.08726517608429768,110.0,136
HAP1,2,0.1,0.5,GoCo-knap (paper path),adapt_475_to_450_q0.35,0.33472059438308505,0.0986756355205325,0.2944941215565007,0.09181087081809601,79,126.0,1243.0,462,0.8986323411102172,0.09337554744056634,109.0,139
HAP1,2,0.1,0.5,GoCo-knapEB (paper path),adapt_475_to_450_q0.2,0.0006771725330094764,0.09044956657630414,0.2829521169825978,0.08186117412180992,79,126.0,1095.0,418,0.8849315068493151,0.08342585074428024,109.0,97
HAP1,2,0.1,0.5,GoCo-learned (paper path),adapt_475_to_450_q0.6,0.031159947948613865,0.0943425241171573,0.28812728993132697,0.09000587008671923,82,129.0,1209.0,455,0.8933002481389578,0.09164452214493415,111.0,165
HAP1,2,0.1,0.5,GoCo-learnedgb (paper path),adapt_475_to_450_q0.6,0.004346467755343708,0.09212326091254122,0.2849769967105962,0.08856334900371879,81,128.0,1155.0,448,0.8891774891774892,0.09020200106193371,110.0,152
HAP1,2,0.1,0.5,GoCo-ens (paper path),adapt_475_to_450_q0.5,0.31871344121132783,0.09854063034699168,0.2939537034470875,0.09242856575616772,81,128.0,1261.0,465,0.8984932593180016,0.09406721781438264,110.0,171
HAP1,3,0.1,0.1,GoCo-knap (paper path),adapt_475_to_450_q0.175,0.09053340206951332,0.09591119975856924,0.29021508497303083,0.09387346458630831,88,159.0,1263.0,480,0.8741092636579573,0.09552427777120182,136.0,131
HAP1,3,0.1,0.1,GoCo-knapEB (paper path),adapt_475_to_450_q0.175,0.07903749253562814,0.09568927343810764,0.2899058302508888,0.0936515382658467,88,159.0,1260.0,479,0.8738095238095238,0.0953023514507402,136.0,131
HAP1,3,0.1,0.1,GoCo-learned (paper path),adapt_475_to_450_q0.4,1.16727921637266e-05,0.08761115537528932,0.2780210940566086,0.08455625790201501,89,160.0,1142.0,437,0.8598949211908932,0.08649557530615418,136.0,122
HAP1,3,0.1,0.1,GoCo-learnedgb (paper path),adapt_475_to_450_q0.4,0.002814551458458159,0.09171679230382905,0.28401603867504155,0.08983810433164682,90,161.0,1200.0,461,0.8658333333333333,0.09159988067677113,137.0,147
HAP1,3,0.1,0.1,GoCo-ens (paper path),adapt_475_to_450_q0.3,0.03419204403849185,0.09447237744735602,0.2879315073891643,0.09472048338180217,89,160.0,1299.0,482,0.8768283294842186,0.09648225972692648,136.0,167
HAP1,3,0.1,0.5,GoCo-knap (paper path),adapt_475_to_450_q0.25,0.3488461853856046,0.09879624192457012,0.2941905819916986,0.09564887515000116,88,159.0,1287.0,488,0.8764568764568764,0.09729968833489466,136.0,140
HAP1,3,0.1,0.5,GoCo-knapEB (paper path),adapt_475_to_450_q0.25,0.4737383042090691,0.09979491036664735,0.29554769540299686,0.09653658043184758,88,159.0,1295.0,492,0.8772200772200772,0.0981873936167411,136.0,144
HAP1,3,0.1,0.5,GoCo-learned (paper path),adapt_475_to_450_q0.5,0.17714846097178338,0.09715398715513841,0.2916768380354103,0.09405470442041734,90,161.0,1275.0,480,0.8737254901960785,0.09581648076554165,137.0,166
HAP1,3,0.1,0.5,GoCo-learnedgb (paper path),adapt_475_to_450_q0.5,0.28699164438290947,0.09826361875744645,0.29320328766484693,0.0958301149841102,90,161.0,1263.0,488,0.8725257323832145,0.09759189132923451,137.0,174
HAP1,3,0.1,0.5,GoCo-ens (paper path),adapt_475_to_450_q0.35,0.2285102796915191,0.09770880295629243,0.2924415850943196,0.09649589394549503,89,160.0,1313.0,490,0.8781416603198782,0.09825767029061934,136.0,176
HAP1,4,0.1,0.1,GoCo-knap (paper path),adapt_475_to_450_q0.3,0.012210188134211278,0.09320871840172008,0.2864790763094009,0.09844572322597728,79,138.0,1321.0,495,0.8955336866010598,0.09984905493627164,118.0,137
HAP1,4,0.1,0.1,GoCo-knapEB (paper path),adapt_475_to_450_q0.275,8.958795525844975e-06,0.08743863406971832,0.278005477840066,0.08879192828920435,80,139.0,1170.0,452,0.8811965811965812,0.09041718631996032,118.0,109
HAP1,4,0.1,0.1,GoCo-learned (paper path),adapt_475_to_450_q0.6,7.032454706639829e-08,0.08481990349720014,0.27373880631148456,0.09213561817666345,81,141.0,1229.0,467,0.8852725793327909,0.09376087620741941,120.0,148
HAP1,4,0.1,0.1,GoCo-learnedgb (paper path),adapt_475_to_450_q0.6,1.7742722945422419e-06,0.08650284475959834,0.2763692249355602,0.09187670413832955,80,140.0,1185.0,465,0.8818565400843882,0.0935019621690855,119.0,145
HAP1,4,0.1,0.1,GoCo-ens (paper path),adapt_475_to_450_q0.6,0.07903076727258918,0.09569429319981887,0.28955887494897586,0.10123459731558933,81,141.0,1374.0,508,0.8973799126637555,0.10285985534634529,120.0,186
HAP1,4,0.1,0.5,GoCo-knap (paper path),adapt_475_to_450_q0.6,0.4947468834953709,0.09995897731686294,0.2957434510646212,0.10195955663218373,80,140.0,1375.0,511,0.8981818181818182,0.1035848146629397,119.0,171
HAP1,4,0.1,0.5,GoCo-knapEB (paper path),adapt_475_to_450_q0.275,8.958795525844975e-06,0.08743863406971832,0.278005477840066,0.08879192828920435,80,139.0,1170.0,452,0.8811965811965812,0.09041718631996032,118.0,109
HAP1,4,0.1,0.5,GoCo-learned (paper path),adapt_475_to_450_q0.75,0.17560587175854314,0.09713681428281931,0.2915625150919011,0.1038977131611286,81,141.0,1360.0,520,0.8963235294117647,0.10552297119188457,120.0,201
HAP1,4,0.1,0.5,GoCo-learnedgb (paper path),adapt_475_to_450_q0.75,0.2213262126951051,0.09763614850385793,0.2922986801409799,0.103675786840667,80,140.0,1333.0,518,0.894973743435859,0.10530104487142296,119.0,199
HAP1,4,0.1,0.5,GoCo-ens (paper path),adapt_475_to_450_q0.6,0.07903076727258918,0.09569429319981887,0.28955887494897586,0.10123459731558933,81,141.0,1374.0,508,0.8973799126637555,0.10285985534634529,120.0,186
HAP1,5,0.1,0.1,GoCo-knap (paper path),adapt_475_to_450_q0.25,0.07481598730278433,0.09559530300686374,0.2902104831957699,0.09575131193259744,84,132.0,1247.0,484,0.8941459502806736,0.09673201489848028,116.0,136
HAP1,5,0.1,0.1,GoCo-knapEB (paper path),adapt_475_to_450_q0.25,0.017231344041735496,0.09359796612270926,0.28740680292441584,0.09253338028590413,85,133.0,1198.0,470,0.8889816360601002,0.09362504641201778,116.0,133
HAP1,5,0.1,0.1,GoCo-learned (paper path),adapt_475_to_450_q0.6,0.00620487955958859,0.09248278636437388,0.2854171280332203,0.09337670030299684,87,136.0,1198.0,476,0.8864774624373957,0.09486783380858696,118.0,169
HAP1,5,0.1,0.1,GoCo-learnedgb (paper path),adapt_475_to_450_q0.6,0.00768015644918667,0.09270471268483547,0.28573373149653475,0.09248899502115042,86,135.0,1203.0,471,0.8877805486284289,0.09398012852674054,117.0,162
HAP1,5,0.1,0.1,GoCo-ens (paper path),adapt_475_to_450_q0.4,0.0013417480474578979,0.09104026528137343,0.283346345949523,0.09288846240062688,87,136.0,1257.0,473,0.8918058870326173,0.09420205484720214,118.0,165
HAP1,5,0.1,0.5,GoCo-knap (paper path),adapt_475_to_450_q0.35,0.419532611716004,0.09936805045471105,0.29539689319688794,0.10041176466229118,84,132.0,1299.0,505,0.8983833718244804,0.10139246762817403,116.0,157
HAP1,5,0.1,0.5,GoCo-knapEB (paper path),adapt_475_to_450_q0.25,0.017231344041735496,0.09359796612270926,0.28740680292441584,0.09253338028590413,85,133.0,1198.0,470,0.8889816360601002,0.09362504641201778,116.0,133
HAP1,5,0.1,0.5,GoCo-learned (paper path),adapt_475_to_450_q0.6,0.00620487955958859,0.09248278636437388,0.2854171280332203,0.09337670030299684,87,136.0,1198.0,476,0.8864774624373957,0.09486783380858696,118.0,169
HAP1,5,0.1,0.5,GoCo-learnedgb (paper path),adapt_475_to_450_q0.6,0.00768015644918667,0.09270471268483547,0.28573373149653475,0.09248899502115042,86,135.0,1203.0,471,0.8877805486284289,0.09398012852674054,117.0,162
HAP1,5,0.1,0.5,GoCo-ens (paper path),adapt_475_to_450_q0.4,0.0013417480474578979,0.09104026528137343,0.283346345949523,0.09288846240062688,87,136.0,1257.0,473,0.8918058870326173,0.09420205484720214,118.0,165
HAP1,6,0.1,0.1,GoCo-knap (paper path),adapt_475_to_450_q0.225,0.08101449692735097,0.09572933145492436,0.28994278372331755,0.09251251664298722,83,139.0,1228.0,469,0.8868078175895765,0.09377872958759494,122.0,116
HAP1,6,0.1,0.1,GoCo-knapEB (paper path),adapt_475_to_450_q0.15,0.019119285039331475,0.09373199457076989,0.287137421879601,0.09118095872021759,83,139.0,1200.0,463,0.8841666666666667,0.09244717166482529,122.0,110
HAP1,6,0.1,0.1,GoCo-learned (paper path),adapt_475_to_450_q0.5,0.0002844561782180321,0.08979650115767057,0.2810879078521922,0.08886552746236139,86,142.0,1188.0,454,0.8804713804713805,0.0904276421631753,123.0,146
HAP1,6,0.1,0.1,GoCo-learnedgb (paper path),adapt_475_to_450_q0.5,1.2006241258338387e-05,0.0876327195331699,0.2779537536959338,0.0859804852963605,87,143.0,1113.0,442,0.87151841868823,0.08776452631763601,123.0,134
HAP1,6,0.1,0.1,GoCo-ens (paper path),adapt_475_to_450_q0.4,0.08520979316592353,0.0958162526034986,0.28972364583626264,0.09185413523179078,84,140.0,1246.0,466,0.8876404494382022,0.09319432361214308,122.0,143
HAP1,6,0.1,0.5,GoCo-knap (paper path),adapt_475_to_450_q0.35,0.4223237289349338,0.09939111574254086,0.29498154710609037,0.09717296937268097,83,139.0,1275.0,490,0.8909803921568628,0.09843918231728867,122.0,137
HAP1,6,0.1,0.5,GoCo-knapEB (paper path),adapt_475_to_450_q0.15,0.019119285039331475,0.09373199457076989,0.287137421879601,0.09118095872021759,83,139.0,1200.0,463,0.8841666666666667,0.09244717166482529,122.0,110
HAP1,6,0.1,0.5,GoCo-learned (paper path),adapt_475_to_450_q0.6,0.32097622977590634,0.09856259081590403,0.2934711721971549,0.09552331707620959,86,142.0,1267.0,484,0.8879242304656669,0.0970854317770235,123.0,176
HAP1,6,0.1,0.5,GoCo-learnedgb (paper path),adapt_475_to_450_q0.6,0.17892411666282815,0.09717555131301898,0.29161194545714164,0.09485753811482478,87,143.0,1242.0,482,0.8848631239935588,0.09664157913610029,123.0,174
HAP1,6,0.1,0.5,GoCo-ens (paper path),adapt_475_to_450_q0.4,0.08520979316592353,0.0958162526034986,0.28972364583626264,0.09185413523179078,84,140.0,1246.0,466,0.8876404494382022,0.09319432361214308,122.0,143
HAP1,7,0.1,0.1,GoCo-knap (paper path),adapt_475_to_450_q0.275,0.07729068423384036,0.0956559244409382,0.28969438040549955,0.0941499357739661,69,115.0,1163.0,470,0.9011177987962167,0.09512693999121044,99.0,131
HAP1,7,0.1,0.1,GoCo-knapEB (paper path),adapt_475_to_450_q0.175,0.020610649383214448,0.09382503229712995,0.287169987777046,0.09248548837050405,70,116.0,1132.0,463,0.8975265017667845,0.09346249258774839,100.0,124
HAP1,7,0.1,0.1,GoCo-learned (paper path),adapt_475_to_450_q0.6,0.016024302008939718,0.09353467870025808,0.2862962440657161,0.0960326107294095,71,118.0,1184.0,478,0.9003378378378378,0.09700961494665383,102.0,180
HAP1,7,0.1,0.1,GoCo-learnedgb (paper path),adapt_475_to_450_q0.6,8.584513365837624e-05,0.08892970755067975,0.27969367572601017,0.09026252639740771,70,117.0,1095.0,451,0.8931506849315068,0.09123953061465205,101.0,153
HAP1,7,0.1,0.1,GoCo-ens (paper path),adapt_475_to_450_q0.4,0.0022410166654263366,0.09151514918207329,0.2834122395311096,0.09070637903833093,70,117.0,1175.0,453,0.9004255319148936,0.09168338325557526,101.0,154
HAP1,7,0.1,0.5,GoCo-knap (paper path),adapt_475_to_450_q0.3,0.19183392277374461,0.09732037184440026,0.29200356598286004,0.09648016213881297,70,116.0,1195.0,481,0.902928870292887,0.0974571663560573,100.0,142
HAP1,7,0.1,0.5,GoCo-knapEB (paper path),adapt_475_to_450_q0.225,0.12076780569540824,0.09641417270361768,0.2906596742123971,0.09603630949788976,71,117.0,1175.0,480,0.9004255319148936,0.0970133137151341,101.0,146
HAP1,7,0.1,0.5,GoCo-learned (paper path),adapt_475_to_450_q0.6,0.016024302008939718,0.09353467870025808,0.2862962440657161,0.0960326107294095,71,118.0,1184.0,478,0.9003378378378378,0.09700961494665383,102.0,180
HAP1,7,0.1,0.5,GoCo-learnedgb (paper path),adapt_475_to_450_q0.6,8.584513365837624e-05,0.08892970755067975,0.27969367572601017,0.09026252639740771,70,117.0,1095.0,451,0.8931506849315068,0.09123953061465205,101.0,153
HAP1,7,0.1,0.5,GoCo-ens (paper path),adapt_475_to_450_q0.5,0.11940667394780646,0.09639752823222864,0.29032295060282126,0.0962545370498711,71,118.0,1228.0,479,0.9039087947882736,0.09723154126711543,102.0,180
HAP1,8,0.1,0.1,GoCo-knap (paper path),adapt_475_to_450_q0.4,0.042938293095030694,0.09476994044328074,0.2890712308485167,0.11045596419878657,84,147.0,1456.0,550,0.8990384615384616,0.1117046600049779,126.0,166
HAP1,8,0.1,0.1,GoCo-knapEB (paper path),adapt_475_to_450_q0.225,0.06064198517338799,0.0952748228220002,0.28950978277190614,0.11347046338395442,86,148.0,1449.0,565,0.8978605935127675,0.11527397499129977,126.0,216
HAP1,8,0.1,0.1,GoCo-learned (paper path),adapt_475_to_450_q0.5,0.0002868515524939656,0.0897858451673231,0.2815666702006302,0.10500027548854107,86,149.0,1387.0,526,0.8925739005046863,0.10669282393565561,126.0,184
HAP1,8,0.1,0.1,GoCo-learnedgb (paper path),adapt_475_to_450_q0.6,0.05639982345558115,0.09516755843851707,0.28929894165444864,0.10788531765454196,86,149.0,1409.0,539,0.8942512420156139,0.1095778661016565,126.0,195
HAP1,8,0.1,0.1,GoCo-ens (paper path),adapt_475_to_450_q0.4,5.956344677647953e-05,0.08865402093098473,0.2799155268559705,0.10389064388623304,86,149.0,1420.0,521,0.8950704225352113,0.10558319233334758,126.0,179
HAP1,8,0.1,0.5,GoCo-knap (paper path),adapt_475_to_450_q0.4,0.042938293095030694,0.09476994044328074,0.2890712308485167,0.11045596419878657,84,147.0,1456.0,550,0.8990384615384616,0.1117046600049779,126.0,166
HAP1,8,0.1,0.5,GoCo-knapEB (paper path),adapt_475_to_450_q0.35,0.30216901154677145,0.09839658639891857,0.2937527343891395,0.1158746651911598,86,149.0,1498.0,575,0.9005340453938585,0.11756721363827434,126.0,233
HAP1,8,0.1,0.5,GoCo-learned (paper path),adapt_475_to_450_q0.6,0.4425626710950866,0.0995506032676338,0.2952892196637762,0.11565273887069819,86,149.0,1499.0,574,0.9006004002668445,0.11734528731781273,126.0,232
HAP1,8,0.1,0.5,GoCo-learnedgb (paper path),adapt_475_to_450_q0.6,0.05639982345558115,0.09516755843851707,0.28929894165444864,0.10788531765454196,86,149.0,1409.0,539,0.8942512420156139,0.1095778661016565,126.0,195
HAP1,8,0.1,0.5,GoCo-ens (paper path),adapt_475_to_450_q0.5,0.19301380359091713,0.09733134006301773,0.2922556978016217,0.1125457703842357,86,149.0,1493.0,560,0.9002009377093101,0.11423831883135024,126.0,218
HAP1,9,0.1,0.1,GoCo-knap (paper path),adapt_475_to_450_q0.3,0.01951407736596929,0.0937583102876485,0.28709540183543814,0.09098032836484422,80,125.0,1248.0,461,0.8998397435897436,0.09232317474726513,107.0,139
HAP1,9,0.1,0.1,GoCo-knapEB (paper path),adapt_475_to_450_q0.175,0.0008688937120564123,0.09067353443190938,0.28271129957215385,0.08765143355792013,80,125.0,1184.0,446,0.8944256756756757,0.08899427994034104,107.0,125
HAP1,9,0.1,0.1,GoCo-learned (paper path),adapt_475_to_450_q0.6,0.00563918509677738,0.09239901158308855,0.28476199306778605,0.09415387474347685,84,131.0,1271.0,477,0.8969315499606609,0.09590358604233476,110.0,194
HAP1,9,0.1,0.1,GoCo-learnedgb (paper path),adapt_475_to_450_q0.6,0.011719956842373976,0.09317575370470418,0.28587058449698094,0.09171268521839918,85,132.0,1227.0,467,0.8924205378973105,0.09368432283771869,110.0,184
HAP1,9,0.1,0.1,GoCo-ens (paper path),adapt_475_to_450_q0.4,1.2491777801986632e-06,0.08631638101357066,0.27589940887312,0.08605356405324212,83,130.0,1238.0,440,0.8949919224555735,0.08780327535210003,109.0,148
HAP1,9,0.1,0.5,GoCo-knap (paper path),adapt_475_to_450_q0.5,0.4822301414221165,0.09986128410034269,0.2955420245135562,0.09874774958100047,80,125.0,1330.0,496,0.9060150375939849,0.10009059596342136,107.0,174
HAP1,9,0.1,0.5,GoCo-knapEB (paper path),adapt_475_to_450_q0.175,0.0008688937120564123,0.09067353443190938,0.28271129957215385,0.08765143355792013,80,125.0,1184.0,446,0.8944256756756757,0.08899427994034104,107.0,125
HAP1,9,0.1,0.5,GoCo-learned (paper path),adapt_475_to_450_q0.6,0.00563918509677738,0.09239901158308855,0.28476199306778605,0.09415387474347685,84,131.0,1271.0,477,0.8969315499606609,0.09590358604233476,110.0,194
HAP1,9,0.1,0.5,GoCo-learnedgb (paper path),adapt_475_to_450_q0.6,0.011719956842373976,0.09317575370470418,0.28587058449698094,0.09171268521839918,85,132.0,1227.0,467,0.8924205378973105,0.09368432283771869,110.0,184
HAP1,9,0.1,0.5,GoCo-ens (paper path),adapt_475_to_450_q0.5,0.12421780931243503,0.09646766079044902,0.2905413363823944,0.09480115984923249,83,130.0,1314.0,479,0.9010654490106544,0.09655087114809038,109.0,194
HAP1,10,0.1,0.1,GoCo-knap (paper path),adapt_475_to_450_q0.35,0.09589264811883874,0.09600759599038722,0.2903550879778136,0.09679753600863208,78,123.0,1282.0,488,0.9040561622464899,0.09804411823755892,108.0,139
HAP1,10,0.1,0.1,GoCo-knapEB (paper path),adapt_475_to_450_q0.3,0.028580756962313745,0.09423218542669437,0.28786875528350336,0.0942453833233236,79,124.0,1253.0,477,0.9010375099760575,0.09571389187271205,108.0,135
HAP1,10,0.1,0.1,GoCo-learned (paper path),adapt_475_to_450_q0.5,0.001162906284832505,0.09092733264796161,0.28283947239285817,0.09050222604646717,78,123.0,1195.0,458,0.897071129707113,0.09192634933440885,108.0,145
HAP1,10,0.1,0.1,GoCo-learnedgb (paper path),adapt_475_to_450_q0.5,0.002460823471610716,0.09159311160934644,0.28379997856421,0.09249956293062163,78,123.0,1183.0,467,0.8960270498732037,0.09392368621856331,108.0,154
HAP1,10,0.1,0.1,GoCo-ens (paper path),adapt_475_to_450_q0.4,0.04738628754765233,0.09492200641627054,0.2885315120262635,0.09644985143748379,78,123.0,1301.0,484,0.9054573405073021,0.09769643366641063,108.0,172
HAP1,10,0.1,0.5,GoCo-knap (paper path),adapt_475_to_450_q0.4,0.28309354591226943,0.09822685919500329,0.2934182730161133,0.09968257817463297,78,123.0,1308.0,501,0.9059633027522935,0.1009291604035598,108.0,152
HAP1,10,0.1,0.5,GoCo-knapEB (paper path),adapt_475_to_450_q0.3,0.028580756962313745,0.09423218542669437,0.28786875528350336,0.0942453833233236,79,124.0,1253.0,477,0.9010375099760575,0.09571389187271205,108.0,135
HAP1,10,0.1,0.5,GoCo-learned (paper path),adapt_475_to_450_q0.6,0.3235104074130911,0.09858379070388705,0.2936045660958308,0.09911296728302307,78,123.0,1282.0,496,0.9040561622464899,0.1003595495119499,108.0,184
HAP1,10,0.1,0.5,GoCo-learnedgb (paper path),adapt_475_to_450_q0.6,0.19559635781359552,0.09736319594134821,0.2919284472870307,0.09627231037846894,78,123.0,1231.0,484,0.9000812347684809,0.09769643366641063,108.0,171
HAP1,10,0.1,0.5,GoCo-ens (paper path),adapt_475_to_450_q0.5,0.36327076212897996,0.09891668018457946,0.29405915201507143,0.10044452520579272,78,123.0,1341.0,502,0.9082774049217002,0.10169110743471955,108.0,190
HAP1,11,0.1,0.1,GoCo-knap (paper path),adapt_475_to_450_q0.275,0.06743152160928116,0.09543601562394283,0.28977194196173445,0.09375118897443234,88,152.0,1314.0,479,0.8843226788432268,0.09578727490958562,126.0,136
HAP1,11,0.1,0.1,GoCo-knapEB (paper path),adapt_475_to_450_q0.2,0.015820286481115806,0.09350525663857243,0.2869141102908515,0.09064422048796986,90,154.0,1257.0,467,0.8774860779634049,0.09268030642312312,128.0,134
HAP1,11,0.1,0.1,GoCo-learned (paper path),adapt_475_to_450_q0.5,0.01433804092180367,0.09339799225012885,0.286455363702328,0.09192399560241132,91,155.0,1297.0,473,0.8804934464148034,0.0941820078580262,128.0,168
HAP1,11,0.1,0.1,GoCo-learnedgb (paper path),adapt_475_to_450_q0.5,0.01529836171807823,0.0934719676891804,0.2866033592370669,0.08859510079548721,89,153.0,1224.0,456,0.875,0.09085311305110211,126.0,151
HAP1,11,0.1,0.1,GoCo-ens (paper path),adapt_475_to_450_q0.4,0.024950102036481167,0.09406377121151367,0.28739806237523763,0.09235675192466589,91,155.0,1326.0,475,0.8831070889894419,0.09461476418028077,128.0,165
HAP1,11,0.1,0.5,GoCo-knap (paper path),adapt_475_to_450_q0.3,0.101507437600806,0.09610179458532765,0.29069921820554073,0.09375118897443234,88,152.0,1314.0,479,0.8843226788432268,0.09578727490958562,126.0,136
HAP1,11,0.1,0.5,GoCo-knapEB (paper path),adapt_475_to_450_q0.2,0.015820286481115806,0.09350525663857243,0.2869141102908515,0.09064422048796986,90,154.0,1257.0,467,0.8774860779634049,0.09268030642312312,128.0,134
HAP1,11,0.1,0.5,GoCo-learned (paper path),adapt_475_to_450_q0.5,0.01433804092180367,0.09339799225012885,0.286455363702328,0.09192399560241132,91,155.0,1297.0,473,0.8804934464148034,0.0941820078580262,128.0,168
HAP1,11,0.1,0.5,GoCo-learnedgb (paper path),adapt_475_to_450_q0.6,0.2528806338784251,0.09794748181959179,0.2928064902369,0.09258977456379613,89,153.0,1280.0,474,0.88046875,0.09484778681941103,126.0,169
HAP1,11,0.1,0.5,GoCo-ens (paper path),adapt_475_to_450_q0.5,0.49292886891223237,0.09994481870374625,0.2955295586199134,0.0979160062548747,91,155.0,1383.0,500,0.8879248011569053,0.10017401851048958,128.0,195
HAP1,12,0.1,0.1,GoCo-knap (paper path),adapt_475_to_450_q0.275,0.02544586334485107,0.09408107618199843,0.2877970949946204,0.0945677769432796,79,141.0,1227.0,476,0.8850855745721271,0.09593253573787197,123.0,129
HAP1,12,0.1,0.1,GoCo-knapEB (paper path),adapt_475_to_450_q0.175,0.0003388954624526242,0.0899125601330758,0.2817837529312357,0.09063228352356634,79,141.0,1157.0,458,0.878133102852204,0.09199704231815871,123.0,119
HAP1,12,0.1,0.1,GoCo-learned (paper path),adapt_475_to_450_q0.5,0.00041297424406277393,0.09007530610659521,0.28175266732923443,0.09043994738732346,82,145.0,1182.0,458,0.877326565143824,0.09195265706001893,125.0,152
HAP1,12,0.1,0.1,GoCo-learnedgb (paper path),adapt_475_to_450_q0.6,0.03834724841221913,0.09462479567605815,0.2882598895615938,0.09487847379655559,82,145.0,1230.0,478,0.8821138211382114,0.09639118346925106,125.0,172
HAP1,12,0.1,0.1,GoCo-ens (paper path),adapt_475_to_450_q0.5,0.08688983532488337,0.095845390438597,0.28996874276550866,0.09731966332163326,82,145.0,1294.0,489,0.8879443585780525,0.09883237299432873,125.0,183
HAP1,12,0.1,0.5,GoCo-knap (paper path),adapt_475_to_450_q0.35,0.16183712905195002,0.09696611834799931,0.2918236296831157,0.09841449983348542,79,142.0,1274.0,493,0.8885400313971743,0.0998532340704363,123.0,149
HAP1,12,0.1,0.5,GoCo-knapEB (paper path),adapt_475_to_450_q0.175,0.0003388954624526242,0.0899125601330758,0.2817837529312357,0.09063228352356634,79,141.0,1157.0,458,0.878133102852204,0.09199704231815871,123.0,119
HAP1,12,0.1,0.5,GoCo-learned (paper path),adapt_475_to_450_q0.6,0.16979498596330878,0.09706598520113582,0.2916624760383285,0.09731966332163326,82,145.0,1265.0,489,0.8853754940711462,0.09883237299432873,125.0,183
HAP1,12,0.1,0.5,GoCo-learnedgb (paper path),adapt_475_to_450_q0.6,0.03834724841221913,0.09462479567605815,0.2882598895615938,0.09487847379655559,82,145.0,1230.0,478,0.8821138211382114,0.09639118346925106,125.0,172
HAP1,12,0.1,0.5,GoCo-ens (paper path),adapt_475_to_450_q0.5,0.08688983532488337,0.095845390438597,0.28996874276550866,0.09731966332163326,82,145.0,1294.0,489,0.8879443585780525,0.09883237299432873,125.0,183
HAP1,13,0.1,0.1,GoCo-knap (paper path),adapt_475_to_450_q0.275,0.05641367260908877,0.09516377560050288,0.2895476888199786,0.09570402047843654,79,134.0,1306.0,478,0.8973966309341501,0.09720608217685528,115.0,144
HAP1,13,0.1,0.1,GoCo-knapEB (paper path),adapt_475_to_450_q0.2,0.0014487435023765047,0.09109512639644936,0.2838271659536822,0.09207922391530624,79,133.0,1244.0,463,0.8930868167202572,0.0936922487739558,115.0,133
HAP1,13,0.1,0.1,GoCo-learned (paper path),adapt_475_to_450_q0.6,0.059097256098296656,0.09523775104947531,0.2893552137467196,0.09586306767851524,81,136.0,1322.0,478,0.897125567322239,0.09751308024842317,115.0,189
HAP1,13,0.1,0.1,GoCo-learnedgb (paper path),adapt_475_to_450_q0.6,0.05483700020978832,0.0951267878892445,0.2891999308662011,0.09430958343528399,81,136.0,1276.0,471,0.8934169278996865,0.09595959600519192,115.0,182
HAP1,13,0.1,0.1,GoCo-ens (paper path),adapt_475_to_450_q0.4,0.0025010414858962844,0.09159446062079495,0.28428195963295544,0.08939021666725636,81,136.0,1277.0,449,0.8935003915426781,0.09104022923716427,115.0,152
HAP1,13,0.1,0.5,GoCo-knap (paper path),adapt_475_to_450_q0.4,0.3197071912585073,0.09854815198754238,0.29417495750718836,0.09936580476605304,79,134.0,1346.0,494,0.9004457652303121,0.1008678664644718,115.0,162
HAP1,13,0.1,0.5,GoCo-knapEB (paper path),adapt_475_to_450_q0.2,0.0014487435023765047,0.09109512639644936,0.2838271659536822,0.09207922391530624,79,133.0,1244.0,463,0.8930868167202572,0.0936922487739558,115.0,133
HAP1,13,0.1,0.5,GoCo-learned (paper path),adapt_475_to_450_q0.6,0.059097256098296656,0.09523775104947531,0.2893552137467196,0.09586306767851524,81,136.0,1322.0,478,0.897125567322239,0.09751308024842317,115.0,189
HAP1,13,0.1,0.5,GoCo-learnedgb (paper path),adapt_475_to_450_q0.6,0.05483700020978832,0.0951267878892445,0.2891999308662011,0.09430958343528399,81,136.0,1276.0,471,0.8934169278996865,0.09595959600519192,115.0,182
HAP1,13,0.1,0.5,GoCo-ens (paper path),adapt_475_to_450_q0.5,0.271763362032679,0.09812279321547619,0.2933489876665086,0.0976384782422081,81,136.0,1360.0,486,0.9,0.09928849081211602,115.0,196
HAP1,14,0.1,0.1,GoCo-knap (paper path),adapt_475_to_450_q0.2,7.977094432497348e-28,0.07115613532083541,0.2518949567054413,0.0741315091841495,73,131.0,898.0,385,0.8541202672605791,0.07621929785621151,114.0,26
HAP1,14,0.1,0.1,GoCo-knapEB (paper path),adapt_475_to_450_q0.2,7.977094432497348e-28,0.07115613532083541,0.2518949567054413,0.0741315091841495,73,131.0,898.0,385,0.8541202672605791,0.07621929785621151,114.0,26
HAP1,14,0.1,0.1,GoCo-learned (paper path),adapt_475_to_450_q0.5,0.002723867455310298,0.09170250159585365,0.28341538587481324,0.09405679399246011,78,143.0,1234.0,476,0.8841166936790924,0.09577470547257134,125.0,170
HAP1,14,0.1,0.1,GoCo-learnedgb (paper path),adapt_475_to_450_q0.5,8.42471288335731e-05,0.08892842259008356,0.27937660317101765,0.08917441494230477,76,141.0,1148.0,452,0.877177700348432,0.090892326422416,123.0,139
HAP1,14,0.1,0.1,GoCo-ens (paper path),adapt_475_to_450_q0.3,0.0011383122796149977,0.09092575947423802,0.28229309926373375,0.09294716239015209,78,143.0,1193.0,471,0.8801341156747695,0.09466507387026331,125.0,164
HAP1,14,0.1,0.5,GoCo-knap (paper path),adapt_475_to_450_q0.2,7.977094432497348e-28,0.07115613532083541,0.2518949567054413,0.0741315091841495,73,131.0,898.0,385,0.8541202672605791,0.07621929785621151,114.0,26
HAP1,14,0.1,0.5,GoCo-knapEB (paper path),adapt_475_to_450_q0.2,7.977094432497348e-28,0.07115613532083541,0.2518949567054413,0.0741315091841495,73,131.0,898.0,385,0.8541202672605791,0.07621929785621151,114.0,26
HAP1,14,0.1,0.5,GoCo-learned (paper path),adapt_475_to_450_q0.6,0.19502509193274936,0.09736162276762463,0.29139915122273874,0.10160228888815474,78,143.0,1319.0,510,0.8915845337376801,0.10332020036826597,125.0,204
HAP1,14,0.1,0.5,GoCo-learnedgb (paper path),adapt_475_to_450_q0.5,8.42471288335731e-05,0.08892842259008356,0.27937660317101765,0.08917441494230477,76,141.0,1148.0,452,0.877177700348432,0.090892326422416,123.0,139
HAP1,14,0.1,0.5,GoCo-ens (paper path),adapt_475_to_450_q0.4,0.46044971029636705,0.09969184913247149,0.2945921120849525,0.10138036256769314,78,143.0,1291.0,509,0.8892331525948877,0.10309827404780436,125.0,203
HAP1,15,0.1,0.1,GoCo-knap (paper path),adapt_475_to_450_q0.25,0.07134199819110011,0.09552591500900556,0.2897474883186325,0.09001158633551701,82,134.0,1172.0,459,0.8856655290102389,0.0916908288327419,116.0,116
HAP1,15,0.1,0.1,GoCo-knapEB (paper path),adapt_475_to_450_q0.275,0.04669492664540585,0.0948971237688,0.2887289594497462,0.09134314425828666,83,135.0,1189.0,466,0.8864592094196804,0.09302238675551154,117.0,133
HAP1,15,0.1,0.1,GoCo-learned (paper path),adapt_475_to_450_q0.5,4.875829305773602e-06,0.08708716667874411,0.27717476742804575,0.0837014812928171,83,135.0,1116.0,430,0.8790322580645161,0.08549168695027279,116.0,136
HAP1,15,0.1,0.1,GoCo-learnedgb (paper path),adapt_475_to_450_q0.6,0.02262859665830849,0.09394468998233053,0.2870961349823254,0.08969349194528048,83,135.0,1154.0,457,0.8830155979202773,0.09148369760273617,116.0,163
HAP1,15,0.1,0.1,GoCo-ens (paper path),adapt_475_to_450_q0.4,0.0009040318042068089,0.09071011385763426,0.2826547304704166,0.08575060098199278,83,135.0,1166.0,440,0.8842195540308748,0.08754080663944847,116.0,118
HAP1,15,0.1,0.5,GoCo-knap (paper path),adapt_475_to_450_q0.3,0.24740911132297122,0.0978931290950317,0.29298173715584164,0.09334048114244112,82,134.0,1214.0,474,0.8896210873146623,0.095019723639666,116.0,135
HAP1,15,0.1,0.5,GoCo-knapEB (paper path),adapt_475_to_450_q0.275,0.04669492664540585,0.0948971237688,0.2887289594497462,0.09134314425828666,83,135.0,1189.0,466,0.8864592094196804,0.09302238675551154,117.0,133
HAP1,15,0.1,0.5,GoCo-learned (paper path),adapt_475_to_450_q0.6,0.1047713021621739,0.09616395318694661,0.2902094981383976,0.09191275514989655,86,138.0,1215.0,470,0.8864197530864197,0.09370296080735224,119.0,176
HAP1,15,0.1,0.5,GoCo-learnedgb (paper path),adapt_475_to_450_q0.6,0.02262859665830849,0.09394468998233053,0.2870961349823254,0.08969349194528048,83,135.0,1154.0,457,0.8830155979202773,0.09148369760273617,116.0,163
HAP1,15,0.1,0.5,GoCo-ens (paper path),adapt_475_to_450_q0.5,0.11163501010147309,0.09627491634717741,0.2903638447618033,0.0905811972271269,83,135.0,1235.0,461,0.8906882591093117,0.09237140288458259,116.0,165
HAP1,16,0.1,0.1,GoCo-knap (paper path),adapt_475_to_450_q0.225,0.07578592003554717,0.09562472906831736,0.2896449378474277,0.08931183790861634,87,150.0,1173.0,462,0.8721227621483376,0.09128734244871183,128.0,118
HAP1,16,0.1,0.1,GoCo-knapEB (paper path),adapt_475_to_450_q0.15,0.011473388487264652,0.0931465518253674,0.28606730765553423,0.08709257470400028,87,150.0,1129.0,452,0.8671390611160319,0.08906807924409575,128.0,114
HAP1,16,0.1,0.1,GoCo-learned (paper path),adapt_475_to_450_q0.5,0.0002219274198325385,0.08961052578513061,0.28079126727392456,0.08333462235322275,90,155.0,1109.0,436,0.8602344454463481,0.08578356970853929,131.0,125
HAP1,16,0.1,0.1,GoCo-learnedgb (paper path),adapt_475_to_450_q0.5,0.04483046146175507,0.09484428817491451,0.2883825666881378,0.09150151094885546,91,156.0,1169.0,473,0.8665526090675791,0.09377291724515713,132.0,158
HAP1,16,0.1,0.1,GoCo-ens (paper path),adapt_475_to_450_q0.4,0.04231469588757807,0.0947647645798356,0.28820402758599656,0.09099847795272265,90,155.0,1217.0,471,0.8726376335250616,0.09326988424902433,131.0,151
HAP1,16,0.1,0.5,GoCo-knap (paper path),adapt_475_to_450_q0.3,0.39522565308738483,0.09917555019570307,0.29453914884238164,0.0941942169587717,87,150.0,1232.0,484,0.8782467532467533,0.09616972149886717,128.0,140
HAP1,16,0.1,0.5,GoCo-knapEB (paper path),adapt_475_to_450_q0.15,0.011473388487264652,0.0931465518253674,0.28606730765553423,0.08709257470400028,87,150.0,1129.0,452,0.8671390611160319,0.08906807924409575,128.0,114
HAP1,16,0.1,0.5,GoCo-learned (paper path),adapt_475_to_450_q0.6,0.39237197265324836,0.0991533575649797,0.2942536755458196,0.09571811103762598,90,155.0,1233.0,491,0.8742903487429035,0.09798951733392765,131.0,181
HAP1,16,0.1,0.5,GoCo-learnedgb (paper path),adapt_475_to_450_q0.6,0.2892286488262669,0.09828414614206941,0.29315529733116485,0.09372077415347152,91,156.0,1188.0,483,0.8686868686868687,0.09599218044977319,132.0,168
HAP1,16,0.1,0.5,GoCo-ens (paper path),adapt_475_to_450_q0.5,0.2688852740074973,0.09809920754609402,0.2928411891374715,0.09388352011872354,90,155.0,1243.0,483,0.8753016894609815,0.09615492641502521,131.0,171
HAP1,17,0.1,0.1,GoCo-knap (paper path),adapt_475_to_450_q0.275,0.0980026568559122,0.09604668929260199,0.2902467969626709,0.0972626846179505,76,124.0,1308.0,487,0.9051987767584098,0.09867897803683943,107.0,130
HAP1,17,0.1,0.1,GoCo-knapEB (paper path),adapt_475_to_450_q0.15,0.00019600911637904933,0.08950356161407878,0.28105243718732575,0.09193645292687194,76,124.0,1236.0,463,0.8996763754045307,0.09335274634576088,107.0,108
HAP1,17,0.1,0.1,GoCo-learned (paper path),adapt_475_to_450_q0.5,0.05415097256041398,0.09511459875426925,0.2888017308580421,0.09886425289772269,79,128.0,1318.0,494,0.9028831562974203,0.10061343579730403,109.0,185
HAP1,17,0.1,0.1,GoCo-learnedgb (paper path),adapt_475_to_450_q0.5,0.07258021012109081,0.09555845139519246,0.28942298051582305,0.09830943709656867,78,127.0,1308.0,491,0.9029051987767585,0.10005861999615001,108.0,182
HAP1,17,0.1,0.1,GoCo-ens (paper path),adapt_475_to_450_q0.35,0.062005724470981925,0.09531618182824762,0.28907554839443766,0.09678924180272945,78,127.0,1337.0,484,0.9050112191473448,0.0983164983818492,109.0,171
HAP1,17,0.1,0.5,GoCo-knap (paper path),adapt_475_to_450_q0.35,0.29977503509054354,0.09837691565744887,0.293462737842019,0.09881616886118175,76,124.0,1325.0,494,0.9064150943396226,0.10023246228007068,107.0,138
HAP1,17,0.1,0.5,GoCo-knapEB (paper path),adapt_475_to_450_q0.15,0.00019600911637904933,0.08950356161407878,0.28105243718732575,0.09193645292687194,76,124.0,1236.0,463,0.8996763754045307,0.09335274634576088,107.0,108
HAP1,17,0.1,0.5,GoCo-learned (paper path),adapt_475_to_450_q0.5,0.05415097256041398,0.09511459875426925,0.2888017308580421,0.09886425289772269,79,128.0,1318.0,494,0.9028831562974203,0.10061343579730403,109.0,185
HAP1,17,0.1,0.5,GoCo-learnedgb (paper path),adapt_475_to_450_q0.6,0.35970458336006006,0.09888734620211656,0.29401916068810324,0.10163833190349278,78,127.0,1335.0,506,0.9048689138576779,0.10338751480307412,108.0,197
HAP1,17,0.1,0.5,GoCo-ens (paper path),adapt_475_to_450_q0.4,0.30727250330909395,0.09844349356119335,0.2934126787055699,0.09975195817956911,79,128.0,1362.0,498,0.9060205580029369,0.10150114107915047,109.0,188
HAP1,18,0.1,0.1,GoCo-knap (paper path),adapt_475_to_450_q0.25,6.807086043621019e-24,0.07304727660613593,0.25558107155467213,0.06961694178227261,90,143.0,879.0,378,0.8373151308304891,0.07100891296764612,126.0,35
HAP1,18,0.1,0.1,GoCo-knapEB (paper path),adapt_475_to_450_q0.25,8.509834786666548e-24,0.07310275818625134,0.2556194755730242,0.06983886810273421,90,145.0,885.0,378,0.8361581920903954,0.07123083928810772,128.0,37
HAP1,18,0.1,0.1,GoCo-learned (paper path),adapt_475_to_450_q0.6,0.017512216569527818,0.09363617876497471,0.2865776650002881,0.09188143569683425,95,153.0,1208.0,476,0.8733443708609272,0.0932866167781409,133.0,177
HAP1,18,0.1,0.1,GoCo-learnedgb (paper path),adapt_475_to_450_q0.5,0.0007191477321002488,0.09052921027851221,0.28212051618166667,0.0865552040057557,95,153.0,1131.0,452,0.8647214854111406,0.08796038508706235,133.0,153
HAP1,18,0.1,0.1,GoCo-ens (paper path),adapt_475_to_450_q0.35,0.02749024027757297,0.09419099456612873,0.2873627748935501,0.08899639353083337,95,153.0,1180.0,463,0.8703389830508474,0.09040157461214002,133.0,164
HAP1,18,0.1,0.5,GoCo-knap (paper path),adapt_475_to_450_q0.25,6.807086043621019e-24,0.07304727660613593,0.25558107155467213,0.06961694178227261,90,143.0,879.0,378,0.8373151308304891,0.07100891296764612,126.0,35
HAP1,18,0.1,0.5,GoCo-knapEB (paper path),adapt_475_to_450_q0.25,8.509834786666548e-24,0.07310275818625134,0.2556194755730242,0.06983886810273421,90,145.0,885.0,378,0.8361581920903954,0.07123083928810772,128.0,37
HAP1,18,0.1,0.5,GoCo-learned (paper path),adapt_475_to_450_q0.6,0.017512216569527818,0.09363617876497471,0.2865776650002881,0.09188143569683425,95,153.0,1208.0,476,0.8733443708609272,0.0932866167781409,133.0,177
HAP1,18,0.1,0.5,GoCo-learnedgb (paper path),adapt_475_to_450_q0.6,0.10618951790106107,0.09618833145028319,0.2901627984922302,0.09321299361960389,95,153.0,1213.0,482,0.8738664468260511,0.09461817470091055,133.0,183
HAP1,18,0.1,0.5,GoCo-ens (paper path),adapt_475_to_450_q0.4,0.41013169098101054,0.09929529993674568,0.2944385447473994,0.09387877258098871,95,153.0,1223.0,485,0.874897792313982,0.09528395366229538,133.0,186
HAP1,19,0.1,0.1,GoCo-knap (paper path),adapt_475_to_450_q0.2,0.002431623885512958,0.09157059472790041,0.28417234778634864,0.09814388903177848,71,123.0,1278.0,483,0.903755868544601,0.09914431877391264,107.0,131
HAP1,19,0.1,0.1,GoCo-knapEB (paper path),adapt_475_to_450_q0.25,0.00012154909265945892,0.08915159783685309,0.2806587228271574,0.09649053794367812,71,123.0,1244.0,476,0.9011254019292605,0.09766850874482712,107.0,130
HAP1,19,0.1,0.1,GoCo-learned (paper path),adapt_475_to_450_q0.5,4.398086935581144e-06,0.08702665332273224,0.27708150767245426,0.09604298653427464,71,123.0,1235.0,473,0.9004048582995952,0.09704341627640879,107.0,155
HAP1,19,0.1,0.1,GoCo-learnedgb (paper path),adapt_475_to_450_q0.6,0.03114242405042724,0.09435022189796527,0.2876967231054832,0.10270077614812284,72,124.0,1295.0,504,0.9042471042471042,0.10370120589025698,108.0,185
HAP1,19,0.1,0.1,GoCo-ens (paper path),adapt_475_to_450_q0.4,0.00789106485653613,0.09274125607461861,0.2854631381566479,0.10025958662304517,72,124.0,1318.0,493,0.9059180576631259,0.10126001636517931,108.0,171
HAP1,19,0.1,0.5,GoCo-knap (paper path),adapt_475_to_450_q0.3,0.4451420890645693,0.0995710385831869,0.295205214666804,0.10702094185024275,72,124.0,1367.0,524,0.9092904169714704,0.1080213715923769,108.0,179
HAP1,19,0.1,0.5,GoCo-knapEB (paper path),adapt_475_to_450_q0.25,0.00012154909265945892,0.08915159783685309,0.2806587228271574,0.09649053794367812,71,123.0,1244.0,476,0.9011254019292605,0.09766850874482712,107.0,130
HAP1,19,0.1,0.5,GoCo-learned (paper path),adapt_475_to_450_q0.6,0.11631713347657746,0.09634755878211973,0.29049243304896744,0.10558581831412372,73,125.0,1329.0,518,0.9059443190368698,0.10658624805625788,109.0,200
HAP1,19,0.1,0.5,GoCo-learnedgb (paper path),adapt_475_to_450_q0.6,0.03114242405042724,0.09435022189796527,0.2876967231054832,0.10270077614812284,72,124.0,1295.0,504,0.9042471042471042,0.10370120589025698,108.0,185
HAP1,19,0.1,0.5,GoCo-ens (paper path),adapt_475_to_450_q0.5,0.2715035444331233,0.09812296934581258,0.29294367921570935,0.1049200393527389,73,125.0,1356.0,515,0.9078171091445427,0.10592046909487306,109.0,196
HAP1,20,0.1,0.1,GoCo-knap (paper path),adapt_475_to_450_q0.25,8.356846253560338e-07,0.08608449122645671,0.2758118496822718,0.08586451036238003,74,125.0,1175.0,433,0.8936170212765957,0.08702232206841336,110.0,79
HAP1,20,0.1,0.1,GoCo-knapEB (paper path),adapt_475_to_450_q0.225,0.06455525162883259,0.0953776558957865,0.2891413085454412,0.09481553862320281,74,126.0,1274.0,473,0.9010989010989011,0.09604732577159465,110.0,138
HAP1,20,0.1,0.1,GoCo-learned (paper path),adapt_475_to_450_q0.5,0.0007482536099618897,0.09056555351454895,0.28205515996940006,0.09148664382289264,77,129.0,1247.0,459,0.896551724137931,0.09294035729174607,112.0,163
HAP1,20,0.1,0.1,GoCo-learnedgb (paper path),adapt_475_to_450_q0.5,0.0031901304438391328,0.09184162985720319,0.2839474685688268,0.09414975966843192,77,129.0,1264.0,471,0.8979430379746836,0.09560347313728536,112.0,175
HAP1,20,0.1,0.1,GoCo-ens (paper path),adapt_475_to_450_q0.35,0.0007396843460222121,0.09055630658673436,0.28203490612252613,0.09190830382647855,77,129.0,1281.0,462,0.8992974238875878,0.09336201729533199,112.0,154
HAP1,20,0.1,0.5,GoCo-knap (paper path),adapt_475_to_450_q0.35,0.4268997623538357,0.09942781124421082,0.29477381166109834,0.09881021239151173,74,126.0,1329.0,491,0.9051918735891648,0.10004199953990357,110.0,152
HAP1,20,0.1,0.5,GoCo-knapEB (paper path),adapt_475_to_450_q0.225,0.06455525162883259,0.0953776558957865,0.2891413085454412,0.09481553862320281,74,126.0,1274.0,473,0.9010989010989011,0.09604732577159465,110.0,138
HAP1,20,0.1,0.5,GoCo-learned (paper path),adapt_475_to_450_q0.5,0.0007482536099618897,0.09056555351454895,0.28205515996940006,0.09148664382289264,77,129.0,1247.0,459,0.896551724137931,0.09294035729174607,112.0,163
HAP1,20,0.1,0.5,GoCo-learnedgb (paper path),adapt_475_to_450_q0.6,0.30087036915223864,0.09838845631082059,0.2931340785372175,0.1001417703208953,77,129.0,1328.0,498,0.9028614457831325,0.10159548378974874,112.0,202
HAP1,20,0.1,0.5,GoCo-ens (paper path),adapt_475_to_450_q0.4,0.12970182443454242,0.09654831723919774,0.29054184900787594,0.09867705660055756,77,129.0,1347.0,492,0.9042316258351893,0.100130770069411,112.0,191
HAP1,21,0.1,0.1,GoCo-knap (paper path),adapt_475_to_450_q0.275,0.07119174836194452,0.09552345316091539,0.2896888026625151,0.10079862257731104,83,143.0,1375.0,510,0.896,0.10195669848959657,126.0,163
HAP1,21,0.1,0.1,GoCo-knapEB (paper path),adapt_475_to_450_q0.225,0.0006375557264072575,0.09041914779029843,0.28232768772114974,0.09425179612369364,85,145.0,1294.0,482,0.8879443585780525,0.09552083519620996,127.0,149
HAP1,21,0.1,0.1,GoCo-learned (paper path),adapt_475_to_450_q0.6,0.09412888049335966,0.09598210089229448,0.28989187162471897,0.0994226793964016,86,147.0,1372.0,505,0.8928571428571429,0.10069171846891793,129.0,202
HAP1,21,0.1,0.1,GoCo-learnedgb (paper path),adapt_475_to_450_q0.6,0.0303335593762743,0.09431765348883242,0.287557983305419,0.10097616363963285,85,146.0,1362.0,511,0.8928046989720999,0.10224520271214918,128.0,205
HAP1,21,0.1,0.1,GoCo-ens (paper path),adapt_475_to_450_q0.4,0.02133817109326051,0.09387380084790921,0.28693077631331737,0.09920075307593999,86,147.0,1398.0,504,0.8948497854077253,0.10046979214845633,129.0,201
HAP1,21,0.1,0.5,GoCo-knap (paper path),adapt_475_to_450_q0.35,0.2786673955482376,0.09818656900645466,0.29337151532503497,0.10301788578192711,83,143.0,1395.0,520,0.8974910394265233,0.10417596169421263,126.0,173
HAP1,21,0.1,0.5,GoCo-knapEB (paper path),adapt_475_to_450_q0.25,0.43528509351947287,0.09949408491260732,0.29476490918251547,0.10393888001647252,86,147.0,1381.0,526,0.8935553946415641,0.10520791908898885,129.0,216
HAP1,21,0.1,0.5,GoCo-learned (paper path),adapt_475_to_450_q0.6,0.09412888049335966,0.09598210089229448,0.28989187162471897,0.0994226793964016,86,147.0,1372.0,505,0.8928571428571429,0.10069171846891793,129.0,202
HAP1,21,0.1,0.5,GoCo-learnedgb (paper path),adapt_475_to_450_q0.6,0.0303335593762743,0.09431765348883242,0.287557983305419,0.10097616363963285,85,146.0,1362.0,511,0.8928046989720999,0.10224520271214918,128.0,205
HAP1,21,0.1,0.5,GoCo-ens (paper path),adapt_475_to_450_q0.4,0.02133817109326051,0.09387380084790921,0.28693077631331737,0.09920075307593999,86,147.0,1398.0,504,0.8948497854077253,0.10046979214845633,129.0,201
HAP1,22,0.1,0.1,GoCo-knap (paper path),adapt_475_to_450_q0.4,0.09998310666711568,0.09608248411068057,0.2901700946399513,0.10431248002842274,82,139.0,1361.0,522,0.8978692138133725,0.10564413400514888,118.0,160
HAP1,22,0.1,0.1,GoCo-knapEB (paper path),adapt_475_to_450_q0.25,0.0877171748244539,0.09586610594789981,0.2896326588090372,0.10345806370258226,87,144.0,1310.0,521,0.8900763358778626,0.10523357032023162,121.0,190
HAP1,22,0.1,0.1,GoCo-learned (paper path),adapt_475_to_450_q0.6,0.0027017651069404453,0.09168834296785563,0.28362904532452465,0.09617518162031571,86,143.0,1270.0,487,0.8874015748031496,0.09795068823796509,120.0,166
HAP1,22,0.1,0.1,GoCo-learnedgb (paper path),adapt_475_to_450_q0.6,0.004813254157482546,0.09224315876900964,0.2844260941780161,0.09528747633846929,86,143.0,1230.0,483,0.883739837398374,0.09706298295611865,120.0,162
HAP1,22,0.1,0.1,GoCo-ens (paper path),adapt_475_to_450_q0.5,0.001876192942400492,0.09135545348716322,0.283149217243055,0.09928215010677821,86,143.0,1345.0,501,0.8936802973977696,0.10105765672442757,120.0,176
HAP1,22,0.1,0.5,GoCo-knap (paper path),adapt_475_to_450_q0.4,0.09998310666711568,0.09608248411068057,0.2901700946399513,0.10431248002842274,82,139.0,1361.0,522,0.8978692138133725,0.10564413400514888,118.0,160
HAP1,22,0.1,0.5,GoCo-knapEB (paper path),adapt_475_to_450_q0.4,0.34780374012315773,0.09878998522262704,0.2935887747553999,0.10704957132293445,87,144.0,1370.0,537,0.8948905109489051,0.10882507794058381,121.0,209
HAP1,22,0.1,0.5,GoCo-learned (paper path),adapt_475_to_450_q0.6,0.0027017651069404453,0.09168834296785563,0.28362904532452465,0.09617518162031571,86,143.0,1270.0,487,0.8874015748031496,0.09795068823796509,120.0,166
HAP1,22,0.1,0.5,GoCo-learnedgb (paper path),adapt_475_to_450_q0.6,0.004813254157482546,0.09224315876900964,0.2844260941780161,0.09528747633846929,86,143.0,1230.0,483,0.883739837398374,0.09706298295611865,120.0,162
HAP1,22,0.1,0.5,GoCo-ens (paper path),adapt_475_to_450_q0.6,0.2836148562834428,0.09823516942147303,0.29282907220807886,0.10749342396385766,86,143.0,1417.0,538,0.8990825688073395,0.10926893058150702,120.0,217
HAP1,23,0.1,0.1,GoCo-knap (paper path),adapt_475_to_450_q0.35,0.05956597354304443,0.09524953987695776,0.2893741091053283,0.0988295068455917,77,124.0,1276.0,491,0.9028213166144201,0.1003185267673034,106.0,140
HAP1,23,0.1,0.1,GoCo-knapEB (paper path),adapt_475_to_450_q0.225,0.0004750362576503197,0.09018222222752006,0.2820098561245847,0.09372520147497475,77,124.0,1197.0,468,0.8964076858813701,0.09521422139668645,106.0,119
HAP1,23,0.1,0.1,GoCo-learned (paper path),adapt_475_to_450_q0.5,0.007228724942931935,0.09264745377252169,0.2853951674602495,0.09647338907492727,78,125.0,1258.0,480,0.9006359300476947,0.09818433531710057,106.0,169
HAP1,23,0.1,0.1,GoCo-learnedgb (paper path),adapt_475_to_450_q0.6,0.030292030395889583,0.09431190117598373,0.2877562597064205,0.09491990483169602,78,125.0,1220.0,473,0.8975409836065574,0.09663085107386932,106.0,162
HAP1,23,0.1,0.1,GoCo-ens (paper path),adapt_475_to_450_q0.4,0.04091325445789532,0.09471506732394047,0.2883066021367296,0.09577062239567015,77,124.0,1268.0,476,0.9022082018927445,0.09725964231738185,106.0,159
HAP1,23,0.1,0.5,GoCo-knap (paper path),adapt_475_to_450_q0.5,0.42947656442430887,0.09944764610679215,0.29506901313159056,0.10238032797297741,77,124.0,1310.0,507,0.9053435114503817,0.10386934789468912,106.0,159
HAP1,23,0.1,0.5,GoCo-knapEB (paper path),adapt_475_to_450_q0.225,0.0004750362576503197,0.09018222222752006,0.2820098561245847,0.09372520147497475,77,124.0,1197.0,468,0.8964076858813701,0.09521422139668645,106.0,119
HAP1,23,0.1,0.5,GoCo-learned (paper path),adapt_475_to_450_q0.5,0.007228724942931935,0.09264745377252169,0.2853951674602495,0.09647338907492727,78,125.0,1258.0,480,0.9006359300476947,0.09818433531710057,106.0,169
HAP1,23,0.1,0.5,GoCo-learnedgb (paper path),adapt_475_to_450_q0.6,0.030292030395889583,0.09431190117598373,0.2877562597064205,0.09491990483169602,78,125.0,1220.0,473,0.8975409836065574,0.09663085107386932,106.0,162
HAP1,23,0.1,0.5,GoCo-ens (paper path),adapt_475_to_450_q0.6,0.4820660916157082,0.0998600591875239,0.29542262319304835,0.10202154708646743,78,125.0,1330.0,505,0.9060150375939849,0.10373249332864073,106.0,194
HAP1,24,0.1,0.1,GoCo-knap (paper path),adapt_475_to_450_q0.35,0.061748653541145795,0.09530243952665601,0.289527153941552,0.10309988322770706,85,159.0,1350.0,522,0.8822222222222222,0.10452796951022299,139.0,150
HAP1,24,0.1,0.1,GoCo-knapEB (paper path),adapt_475_to_450_q0.2,7.460670241883388e-05,0.08881109465315402,0.2800831127934358,0.09910520945939814,86,160.0,1314.0,505,0.878234398782344,0.10075522206237567,139.0,141
HAP1,24,0.1,0.1,GoCo-learned (paper path),adapt_475_to_450_q0.6,0.013313508704176547,0.09331250018111557,0.2863649990623904,0.10462007853808108,88,162.0,1355.0,530,0.8804428044280442,0.1062700911410586,141.0,194
HAP1,24,0.1,0.1,GoCo-learnedgb (paper path),adapt_475_to_450_q0.5,0.0018969906590144683,0.09135215102144734,0.28359584929729037,0.10351044693577305,89,163.0,1319.0,526,0.8764215314632298,0.10538238585921218,141.0,190
HAP1,24,0.1,0.1,GoCo-ens (paper path),adapt_475_to_450_q0.5,0.06649148418802804,0.09542080022550084,0.2893359747884177,0.10550778381992751,88,162.0,1393.0,534,0.8837042354630295,0.10715779642290504,141.0,198
HAP1,24,0.1,0.5,GoCo-knap (paper path),adapt_475_to_450_q0.35,0.061748653541145795,0.09530243952665601,0.289527153941552,0.10309988322770706,85,159.0,1350.0,522,0.8822222222222222,0.10452796951022299,139.0,150
HAP1,24,0.1,0.5,GoCo-knapEB (paper path),adapt_475_to_450_q0.3,0.47107952158425537,0.09977425488031974,0.29536064992600947,0.11416291031793017,88,162.0,1417.0,573,0.8856739590684545,0.1158129229209077,141.0,236
HAP1,24,0.1,0.5,GoCo-learned (paper path),adapt_475_to_450_q0.6,0.013313508704176547,0.09331250018111557,0.2863649990623904,0.10462007853808108,88,162.0,1355.0,530,0.8804428044280442,0.1062700911410586,141.0,194
HAP1,24,0.1,0.5,GoCo-learnedgb (paper path),adapt_475_to_450_q0.6,0.10472693871411809,0.09616055462593721,0.2904100480997964,0.1081708996654668,89,163.0,1385.0,547,0.8823104693140794,0.11004283858890593,141.0,211
HAP1,24,0.1,0.5,GoCo-ens (paper path),adapt_475_to_450_q0.5,0.06649148418802804,0.09542080022550084,0.2893359747884177,0.10550778381992751,88,162.0,1393.0,534,0.8837042354630295,0.10715779642290504,141.0,198
HAP1,25,0.1,0.1,GoCo-knap (paper path),adapt_475_to_450_q0.3,0.08305501350295652,0.09576469396240596,0.2903385066178931,0.09634490878620097,83,155.0,1315.0,482,0.8821292775665399,0.0977932422215601,137.0,139
HAP1,25,0.1,0.1,GoCo-knapEB (paper path),adapt_475_to_450_q0.175,9.440396825178295e-06,0.08746280019157895,0.278225967884589,0.08839624774254962,83,155.0,1212.0,446,0.8721122112211221,0.08984458117790874,137.0,111
HAP1,25,0.1,0.1,GoCo-learned (paper path),adapt_475_to_450_q0.5,0.012644805334726722,0.09325137838582383,0.28639761743391895,0.09205063448989863,85,157.0,1265.0,463,0.8758893280632412,0.09349896792525775,139.0,166
HAP1,25,0.1,0.1,GoCo-learnedgb (paper path),adapt_475_to_450_q0.5,0.002181114987159798,0.09147596782213098,0.283859387003483,0.0913848555285138,84,156.0,1266.0,459,0.8767772511848341,0.09283318896387294,138.0,162
HAP1,25,0.1,0.1,GoCo-ens (paper path),adapt_475_to_450_q0.4,0.007948560472871576,0.09274279723697063,0.28571575937944865,0.09260914906283987,84,156.0,1316.0,465,0.8814589665653495,0.094057482498199,138.0,162
HAP1,25,0.1,0.5,GoCo-knap (paper path),adapt_475_to_450_q0.35,0.28099416591325693,0.09820588348748363,0.2937075399242282,0.09745454038850901,83,155.0,1331.0,487,0.8835462058602555,0.09890287382386813,137.0,145
HAP1,25,0.1,0.5,GoCo-knapEB (paper path),adapt_475_to_450_q0.2,0.47415337729940954,0.09979820483944123,0.29547683429860255,0.09773194828908602,85,157.0,1303.0,489,0.8795088257866462,0.09918028172444514,139.0,184
HAP1,25,0.1,0.5,GoCo-learned (paper path),adapt_475_to_450_q0.5,0.012644805334726722,0.09325137838582383,0.28639761743391895,0.09205063448989863,85,157.0,1265.0,463,0.8758893280632412,0.09349896792525775,139.0,166
HAP1,25,0.1,0.5,GoCo-learnedgb (paper path),adapt_475_to_450_q0.5,0.002181114987159798,0.09147596782213098,0.283859387003483,0.0913848555285138,84,156.0,1266.0,459,0.8767772511848341,0.09283318896387294,138.0,162
HAP1,25,0.1,0.5,GoCo-ens (paper path),adapt_475_to_450_q0.4,0.007948560472871576,0.09274279723697063,0.28571575937944865,0.09260914906283987,84,156.0,1316.0,465,0.8814589665653495,0.094057482498199,138.0,162
HAP1,26,0.1,0.1,GoCo-knap (paper path),adapt_475_to_450_q0.275,0.08866653502678107,0.09588178170657242,0.2898038163517129,0.0963425870424263,72,122.0,1282.0,485,0.9048361934477379,0.09796274525823986,104.0,155
HAP1,26,0.1,0.1,GoCo-knapEB (paper path),adapt_475_to_450_q0.225,0.0050891924245804404,0.09229397285800746,0.28468009881456047,0.09327260628045002,72,122.0,1221.0,470,0.9000819000819,0.09489276449626359,104.0,145
HAP1,26,0.1,0.1,GoCo-learned (paper path),adapt_475_to_450_q0.6,0.05330011073292344,0.09509764204634279,0.28840472397813427,0.09828074357137118,74,126.0,1293.0,493,0.9025522041763341,0.10045571758833875,105.0,195
HAP1,26,0.1,0.1,GoCo-learnedgb (paper path),adapt_475_to_450_q0.6,0.00520755986876946,0.0923235630405727,0.284469905328141,0.0960614803667551,76,128.0,1250.0,485,0.8976,0.0982364543837227,107.0,187
HAP1,26,0.1,0.1,GoCo-ens (paper path),adapt_475_to_450_q0.4,0.00013620447308241877,0.08926097981886391,0.28005803802911405,0.09136403991918907,75,127.0,1262.0,463,0.8993660855784469,0.09353901393615666,106.0,164
HAP1,26,0.1,0.5,GoCo-knap (paper path),adapt_475_to_450_q0.4,0.25920827431848337,0.09800857560989383,0.2927415220563121,0.098931727452221,72,122.0,1315.0,496,0.9072243346007605,0.10055188566803457,104.0,170
HAP1,26,0.1,0.5,GoCo-knapEB (paper path),adapt_475_to_450_q0.225,0.0050891924245804404,0.09229397285800746,0.28468009881456047,0.09327260628045002,72,122.0,1221.0,470,0.9000819000819,0.09489276449626359,104.0,145
HAP1,26,0.1,0.5,GoCo-learned (paper path),adapt_475_to_450_q0.6,0.05330011073292344,0.09509764204634279,0.28840472397813427,0.09828074357137118,74,126.0,1293.0,493,0.9025522041763341,0.10045571758833875,105.0,195
HAP1,26,0.1,0.5,GoCo-learnedgb (paper path),adapt_475_to_450_q0.6,0.00520755986876946,0.0923235630405727,0.284469905328141,0.0960614803667551,76,128.0,1250.0,485,0.8976,0.0982364543837227,107.0,187
HAP1,26,0.1,0.5,GoCo-ens (paper path),adapt_475_to_450_q0.5,0.17733286443613644,0.0971597074417342,0.29131376310526724,0.09757797689211406,76,128.0,1320.0,492,0.9030303030303031,0.09975295090908164,107.0,193
HAP1,27,0.1,0.1,GoCo-knap (paper path),adapt_475_to_450_q0.125,0.0007818991840432396,0.09057434010197468,0.2829315423035789,0.07790283156377815,85,141.0,1060.0,407,0.8669811320754717,0.07943465155572083,125.0,78
HAP1,27,0.1,0.1,GoCo-knapEB (paper path),adapt_475_to_450_q0.125,0.06583294539384622,0.0954012375819355,0.2895846335250513,0.08418121683930906,86,143.0,1114.0,436,0.8716337522441652,0.08550960437303323,127.0,120
HAP1,27,0.1,0.1,GoCo-learned (paper path),adapt_475_to_450_q0.5,0.04533833867797942,0.09485936747872983,0.2884483915961606,0.0813479574849433,90,148.0,1102.0,424,0.8656987295825771,0.08267634501866748,132.0,150
HAP1,27,0.1,0.1,GoCo-learnedgb (paper path),adapt_475_to_450_q0.5,0.009624856404595022,0.09295449989256306,0.2857486400067236,0.07890676795986563,86,144.0,1055.0,409,0.8635071090047394,0.08023515549358981,128.0,135
HAP1,27,0.1,0.1,GoCo-ens (paper path),adapt_475_to_450_q0.35,0.04902046968976385,0.09497033063896063,0.28860418165964613,0.08513180124484535,90,148.0,1186.0,442,0.8752107925801011,0.08646018877856952,132.0,159
HAP1,27,0.1,0.5,GoCo-knap (paper path),adapt_475_to_450_q0.225,0.2917372945536779,0.09830477360356558,0.29349923291437,0.08725119760128534,86,143.0,1178.0,449,0.8786078098471987,0.08857958513500952,127.0,135
HAP1,27,0.1,0.5,GoCo-knapEB (paper path),adapt_475_to_450_q0.2,0.20946941545802322,0.09750953762632077,0.29250785668472157,0.08640048004392513,86,143.0,1163.0,446,0.8770421324161651,0.0877288675776493,127.0,135
HAP1,27,0.1,0.5,GoCo-learned (paper path),adapt_475_to_450_q0.5,0.04533833867797942,0.09485936747872983,0.2884483915961606,0.0813479574849433,90,148.0,1102.0,424,0.8656987295825771,0.08267634501866748,132.0,150
HAP1,27,0.1,0.5,GoCo-learnedgb (paper path),adapt_475_to_450_q0.6,0.42449683635351765,0.09940885704819277,0.2947340206401555,0.08733996813740669,86,144.0,1163.0,447,0.8761822871883062,0.08866835567113086,128.0,173
HAP1,27,0.1,0.5,GoCo-ens (paper path),adapt_475_to_450_q0.35,0.04902046968976385,0.09497033063896063,0.28860418165964613,0.08513180124484535,90,148.0,1186.0,442,0.8752107925801011,0.08646018877856952,132.0,159
HAP1,28,0.1,0.1,GoCo-knap (paper path),adapt_475_to_450_q0.3,0.011050043161926778,0.09309611000911003,0.28636922563095313,0.09066314664262165,65,112.0,1215.0,450,0.9078189300411522,0.09178185706013212,99.0,132
HAP1,28,0.1,0.1,GoCo-knapEB (paper path),adapt_475_to_450_q0.3,0.022489799067306967,0.09392833371084106,0.2874998610874068,0.09021929400169844,66,113.0,1204.0,448,0.9061461794019934,0.0915599307396705,99.0,138
HAP1,28,0.1,0.1,GoCo-learned (paper path),adapt_475_to_450_q0.6,0.009407988504048805,0.09292966527537774,0.28571862077167653,0.0892982997770739,67,115.0,1193.0,443,0.90360435875943,0.09060194879055976,100.0,168
HAP1,28,0.1,0.1,GoCo-learnedgb (paper path),adapt_475_to_450_q0.6,0.009407988504048805,0.09292966527537774,0.28571862077167653,0.09040793137938194,68,116.0,1191.0,449,0.9026028547439127,0.0919335067133294,100.0,174
HAP1,28,0.1,0.1,GoCo-ens (paper path),adapt_475_to_450_q0.4,7.468254012017447e-05,0.08882402834683802,0.27977796196906435,0.08796674185430427,67,115.0,1226.0,437,0.9061990212071778,0.08927039086779011,100.0,156
HAP1,28,0.1,0.5,GoCo-knap (paper path),adapt_475_to_450_q0.4,0.24483191604512344,0.09786752589903458,0.29303170878187634,0.09288240984723772,65,112.0,1241.0,460,0.9097502014504432,0.09400112026474818,99.0,142
HAP1,28,0.1,0.5,GoCo-knapEB (paper path),adapt_475_to_450_q0.3,0.022489799067306967,0.09392833371084106,0.2874998610874068,0.09021929400169844,66,113.0,1204.0,448,0.9061461794019934,0.0915599307396705,99.0,138
HAP1,28,0.1,0.5,GoCo-learned (paper path),adapt_475_to_450_q0.6,0.009407988504048805,0.09292966527537774,0.28571862077167653,0.0892982997770739,67,115.0,1193.0,443,0.90360435875943,0.09060194879055976,100.0,168
HAP1,28,0.1,0.5,GoCo-learnedgb (paper path),adapt_475_to_450_q0.6,0.009407988504048805,0.09292966527537774,0.28571862077167653,0.09040793137938194,68,116.0,1191.0,449,0.9026028547439127,0.0919335067133294,100.0,174
HAP1,28,0.1,0.5,GoCo-ens (paper path),adapt_475_to_450_q0.5,0.1252177463423647,0.09648048640276345,0.2907118673441707,0.09351489986584444,67,115.0,1285.0,462,0.9105058365758755,0.09481854887933028,100.0,187
HAP1,29,0.1,0.1,GoCo-knap (paper path),adapt_475_to_450_q0.35,0.07643636705337863,0.09564420366076909,0.28927230680809607,0.10103037225845597,59,102.0,1309.0,492,0.922077922077922,0.10201318880821725,90.0,155
HAP1,29,0.1,0.1,GoCo-knapEB (paper path),adapt_475_to_450_q0.2,0.001972564674469237,0.09139986278194086,0.28323324343565265,0.0951493247662234,59,102.0,1212.0,465,0.9158415841584159,0.09613214131598466,90.0,132
HAP1,29,0.1,0.1,GoCo-learned (paper path),adapt_475_to_450_q0.5,0.0007988602204503431,0.09063051820720665,0.28180245889809885,0.09430230598065041,60,104.0,1216.0,461,0.9144736842105263,0.09528512253041167,92.0,163
HAP1,29,0.1,0.1,GoCo-learnedgb (paper path),adapt_475_to_450_q0.5,0.001041823205077661,0.09085244452766826,0.28212457587975226,0.0936365270192656,59,103.0,1192.0,457,0.9135906040268457,0.09461934356902686,91.0,159
HAP1,29,0.1,0.1,GoCo-ens (paper path),adapt_475_to_450_q0.4,0.00021679198906747783,0.08960965713109909,0.28031863837890836,0.09692103656143598,60,104.0,1295.0,473,0.9196911196911197,0.09790385311119724,92.0,172
HAP1,29,0.1,0.5,GoCo-knap (paper path),adapt_475_to_450_q0.4,0.20055026246054147,0.09741961422446194,0.2917380854602803,0.10236193018122562,59,102.0,1324.0,498,0.9229607250755287,0.10334474673098688,90.0,162
HAP1,29,0.1,0.5,GoCo-knapEB (paper path),adapt_475_to_450_q0.2,0.001972564674469237,0.09139986278194086,0.28323324343565265,0.0951493247662234,59,102.0,1212.0,465,0.9158415841584159,0.09613214131598466,90.0,132
HAP1,29,0.1,0.5,GoCo-learned (paper path),adapt_475_to_450_q0.6,0.367418444339211,0.09895275522451691,0.29352530712411945,0.10184780087634504,60,104.0,1309.0,495,0.920550038197097,0.1028306174261063,92.0,197
HAP1,29,0.1,0.5,GoCo-learnedgb (paper path),adapt_475_to_450_q0.6,0.18837480960671282,0.09728830782105485,0.29123751723753827,0.100738169274037,59,103.0,1291.0,489,0.9202168861347793,0.10172098582379828,91.0,191
HAP1,29,0.1,0.5,GoCo-ens (paper path),adapt_475_to_450_q0.5,0.24158588738928788,0.09784312362220887,0.29200315965135193,0.10451091672188433,60,104.0,1364.0,507,0.9237536656891495,0.10549373327164559,92.0,208
HAP1,30,0.1,0.1,GoCo-knap (paper path),adapt_475_to_450_q0.225,0.035782185562061926,0.09452341568870805,0.2885324295590738,0.08572974537168139,76,127.0,1202.0,430,0.8943427620632279,0.08736047948327426,103.0,116
HAP1,30,0.1,0.1,GoCo-knapEB (paper path),adapt_475_to_450_q0.225,0.08136568133030242,0.09573476352343228,0.2900585778168273,0.08729219633078925,76,127.0,1228.0,437,0.8965798045602605,0.08892293044238211,103.0,130
HAP1,30,0.1,0.1,GoCo-learned (paper path),adapt_475_to_450_q0.6,0.08830262607745193,0.09587346748033472,0.28990119707475664,0.09157167554986355,77,129.0,1292.0,456,0.9001547987616099,0.09320240966145642,105.0,191
HAP1,30,0.1,0.1,GoCo-learnedgb (paper path),adapt_475_to_450_q0.6,0.049570434266843356,0.09498576219848828,0.28865970541418745,0.09063958499995645,76,128.0,1239.0,451,0.8966908797417272,0.09227031911154931,104.0,183
HAP1,30,0.1,0.1,GoCo-ens (paper path),adapt_475_to_450_q0.4,0.034580626458939154,0.09448642797744967,0.2880059757145927,0.09012175691667473,76,128.0,1284.0,449,0.9003115264797508,0.0917524910282676,104.0,172
HAP1,30,0.1,0.5,GoCo-knap (paper path),adapt_475_to_450_q0.275,0.289811867906314,0.09828691620874076,0.2935829666371883,0.08840182793309728,76,127.0,1244.0,442,0.8979099678456591,0.09003256204469015,103.0,135
HAP1,30,0.1,0.5,GoCo-knapEB (paper path),adapt_475_to_450_q0.275,0.3814473422319078,0.0990636583303564,0.29464285146111807,0.09106494377863655,76,127.0,1267.0,454,0.8997632202052092,0.09269567789022942,103.0,147
HAP1,30,0.1,0.5,GoCo-learned (paper path),adapt_475_to_450_q0.6,0.08830262607745193,0.09587346748033472,0.28990119707475664,0.09157167554986355,77,129.0,1292.0,456,0.9001547987616099,0.09320240966145642,105.0,191
HAP1,30,0.1,0.5,GoCo-learnedgb (paper path),adapt_475_to_450_q0.6,0.049570434266843356,0.09498576219848828,0.28865970541418745,0.09063958499995645,76,128.0,1239.0,451,0.8966908797417272,0.09227031911154931,104.0,183
HAP1,30,0.1,0.5,GoCo-ens (paper path),adapt_475_to_450_q0.5,0.39164245385463436,0.09914688070714342,0.2944579356970866,0.09530003772965019,77,129.0,1341.0,473,0.9038031319910514,0.09693077184124306,105.0,203
HAP1,31,0.1,0.1,GoCo-knap (paper path),adapt_475_to_450_q0.2,0.07963863257303339,0.09570247132150904,0.289853788036666,0.09350495641622023,80,139.0,1238.0,475,0.8877221324717286,0.09434087889304545,126.0,144
HAP1,31,0.1,0.1,GoCo-knapEB (paper path),adapt_475_to_450_q0.15,0.012757744782403246,0.09326128179643137,0.2864180951840469,0.09128569321160417,80,139.0,1193.0,465,0.8834870075440067,0.09212161568842937,126.0,134
HAP1,31,0.1,0.1,GoCo-learned (paper path),adapt_475_to_450_q0.5,0.03375634362885569,0.09445783454235321,0.2877766293037443,0.0901020861768585,82,141.0,1182.0,460,0.8807106598984772,0.09115993497414532,127.0,165
HAP1,31,0.1,0.1,GoCo-learnedgb (paper path),adapt_475_to_450_q0.4,0.0012603353926596054,0.09099948271626215,0.2828453561732557,0.08810474929270404,82,141.0,1127.0,451,0.8748890860692103,0.08916259808999086,127.0,150
HAP1,31,0.1,0.1,GoCo-ens (paper path),adapt_475_to_450_q0.35,0.019776523617596353,0.09378095926229973,0.28681844021525743,0.0919218820019981,80,139.0,1242.0,467,0.8880837359098228,0.09275780447882331,126.0,163
HAP1,31,0.1,0.5,GoCo-knap (paper path),adapt_475_to_450_q0.275,0.36382471959724844,0.09892040296820233,0.2942904466331697,0.09528036697991309,80,139.0,1257.0,483,0.8894192521877486,0.0961162894567383,126.0,152
HAP1,31,0.1,0.5,GoCo-knapEB (paper path),adapt_475_to_450_q0.15,0.012757744782403246,0.09326128179643137,0.2864180951840469,0.09128569321160417,80,139.0,1193.0,465,0.8834870075440067,0.09212161568842937,126.0,134
HAP1,31,0.1,0.5,GoCo-learned (paper path),adapt_475_to_450_q0.5,0.03375634362885569,0.09445783454235321,0.2877766293037443,0.0901020861768585,82,141.0,1182.0,460,0.8807106598984772,0.09115993497414532,127.0,165
HAP1,31,0.1,0.5,GoCo-learnedgb (paper path),adapt_475_to_450_q0.5,0.10898699002462542,0.09623324510604606,0.2902623709334501,0.09254327570193617,82,141.0,1180.0,471,0.8805084745762712,0.09360112449922299,127.0,174
HAP1,31,0.1,0.5,GoCo-ens (paper path),adapt_475_to_450_q0.4,0.37431693541949446,0.09900732411181615,0.2940828288450993,0.0969818021111683,82,141.0,1294.0,491,0.8910355486862442,0.09803965090845512,127.0,193
HAP1,32,0.1,0.1,GoCo-knap (paper path),adapt_475_to_450_q0.3,0.020347036334952415,0.09381385192050173,0.28693980720669054,0.09138933087368832,71,122.0,1200.0,456,0.8983333333333333,0.09208866297087562,112.0,128
HAP1,32,0.1,0.1,GoCo-knapEB (paper path),adapt_475_to_450_q0.2,2.1012251583919733e-06,0.08660124650549952,0.2764473014168632,0.08495346758030173,71,122.0,1084.0,426,0.8874538745387454,0.08565279967748902,112.0,106
HAP1,32,0.1,0.1,GoCo-learned (paper path),adapt_475_to_450_q0.5,0.002383722342055827,0.09157424547601635,0.28340656084088933,0.09014654348373308,73,124.0,1189.0,449,0.8957106812447435,0.09106780190138197,113.0,162
HAP1,32,0.1,0.1,GoCo-learnedgb (paper path),adapt_475_to_450_q0.5,0.0043823257998188035,0.09215125390789375,0.28426753262039256,0.09025750664396387,71,122.0,1146.0,448,0.893542757417103,0.09117876506161277,111.0,157
HAP1,32,0.1,0.1,GoCo-ens (paper path),adapt_475_to_450_q0.4,0.002383722342055827,0.09157424547601635,0.28340656084088933,0.09059039612465629,71,122.0,1228.0,449,0.9006514657980456,0.09128972822184357,112.0,158
HAP1,32,0.1,0.5,GoCo-knap (paper path),adapt_475_to_450_q0.4,0.3770271742211698,0.0990291204513495,0.2941836052628603,0.09604978360338207,71,122.0,1256.0,477,0.9028662420382165,0.09674911570056935,112.0,149
HAP1,32,0.1,0.5,GoCo-knapEB (paper path),adapt_475_to_450_q0.2,2.1012251583919733e-06,0.08660124650549952,0.2764473014168632,0.08495346758030173,71,122.0,1084.0,426,0.8874538745387454,0.08565279967748902,112.0,106
HAP1,32,0.1,0.5,GoCo-learned (paper path),adapt_475_to_450_q0.6,0.10212444419924671,0.09612373504547929,0.28985313228000803,0.09613855413619646,73,124.0,1239.0,476,0.8999192897497982,0.09705981255384535,113.0,189
HAP1,32,0.1,0.5,GoCo-learnedgb (paper path),adapt_475_to_450_q0.6,0.1760449943765342,0.0971445961182799,0.2913007953203793,0.0975810752191969,71,122.0,1224.0,481,0.9003267973856209,0.0985023336368458,111.0,193
HAP1,32,0.1,0.5,GoCo-ens (paper path),adapt_475_to_450_q0.5,0.24753165488358986,0.09789914560917214,0.2923110989755817,0.0972481857385045,72,123.0,1296.0,480,0.9050925925925926,0.09794751783569178,113.0,192
HAP1,33,0.1,0.1,GoCo-knap (paper path),adapt_475_to_450_q0.225,0.05947810467938737,0.09525443155349915,0.28893851340113375,0.088612169563056,79,137.0,1159.0,451,0.8817946505608283,0.09039180729450567,113.0,119
HAP1,33,0.1,0.1,GoCo-knapEB (paper path),adapt_475_to_450_q0.225,0.00934725407990956,0.09292420518865227,0.2856461744575757,0.08705868531982475,79,137.0,1134.0,444,0.8791887125220459,0.08883832305127443,113.0,118
HAP1,33,0.1,0.1,GoCo-learned (paper path),adapt_475_to_450_q0.5,0.0001614158261331368,0.08938078160649451,0.2803191030460803,0.08175094750421713,82,140.0,1092.0,419,0.8717948717948718,0.08393745015210381,113.0,130
HAP1,33,0.1,0.1,GoCo-learnedgb (paper path),adapt_475_to_450_q0.5,0.0013209546265312369,0.09104522900995655,0.28274182098008327,0.08574562127252605,83,141.0,1117.0,438,0.873769024171889,0.08793212392041273,114.0,149
HAP1,33,0.1,0.1,GoCo-ens (paper path),adapt_475_to_450_q0.35,0.0055064425355660284,0.0923767869327262,0.28465814271747836,0.08374828438837159,81,139.0,1154.0,427,0.8795493934142115,0.08571286071579667,113.0,138
HAP1,33,0.1,0.5,GoCo-knap (paper path),adapt_475_to_450_q0.3,0.2382554801291707,0.09780658423880763,0.29248059084644046,0.09038758012674884,79,137.0,1182.0,459,0.8840947546531303,0.09216721785819854,113.0,127
HAP1,33,0.1,0.5,GoCo-knapEB (paper path),adapt_475_to_450_q0.225,0.00934725407990956,0.09292420518865227,0.2856461744575757,0.08705868531982475,79,137.0,1134.0,444,0.8791887125220459,0.08883832305127443,113.0,118
HAP1,33,0.1,0.5,GoCo-learned (paper path),adapt_475_to_450_q0.6,0.19601666661921346,0.09737012914311236,0.2916781259203685,0.08596754759298765,83,141.0,1149.0,439,0.8772845953002611,0.08815405024087435,114.0,150
HAP1,33,0.1,0.5,GoCo-learnedgb (paper path),adapt_475_to_450_q0.6,0.4052206373835501,0.09925650286703601,0.2942644925102151,0.09129377928406622,83,141.0,1175.0,463,0.88,0.0934802819319529,114.0,174
HAP1,33,0.1,0.5,GoCo-ens (paper path),adapt_475_to_450_q0.4,0.20628174905696078,0.09748109230334315,0.29183123717885756,0.08951836872037336,81,139.0,1208.0,453,0.8849337748344371,0.09148294504779844,113.0,164
HAP1,34,0.1,0.1,GoCo-knap (paper path),adapt_475_to_450_q0.25,0.026754611261546338,0.09414692153295198,0.28777976365513624,0.10011110733905158,84,141.0,1246.0,505,0.8868378812199037,0.10145544283227607,124.0,130
HAP1,34,0.1,0.1,GoCo-knapEB (paper path),adapt_475_to_450_q0.2,0.001255945949019591,0.09098447146637409,0.28321806139243116,0.09781786869869093,84,141.0,1198.0,494,0.8823038397328882,0.09916220419191542,124.0,133
HAP1,34,0.1,0.1,GoCo-learned (paper path),adapt_475_to_450_q0.6,0.03621708346679755,0.09455008768586916,0.2880063035663598,0.10496019744642883,84,142.0,1291.0,525,0.8900077459333849,0.10630453293965332,125.0,200
HAP1,34,0.1,0.1,GoCo-learnedgb (paper path),adapt_475_to_450_q0.6,0.0014366374907805862,0.09111022971871426,0.2831014271401894,0.10163130263950472,85,143.0,1240.0,511,0.8846774193548387,0.10319756445319082,125.0,186
HAP1,34,0.1,0.1,GoCo-ens (paper path),adapt_475_to_450_q0.4,0.014853619748448232,0.09344045608356112,0.2864377760351309,0.09941203943488866,84,142.0,1279.0,500,0.8889757623143081,0.10075637492811315,125.0,174
HAP1,34,0.1,0.5,GoCo-knap (paper path),adapt_475_to_450_q0.4,0.3636203342247516,0.09891833742287653,0.29439329750345267,0.10454963374828372,84,141.0,1298.0,525,0.8913713405238829,0.1058939692415082,124.0,154
HAP1,34,0.1,0.5,GoCo-knapEB (paper path),adapt_475_to_450_q0.25,0.4557311809741595,0.09965439305648612,0.29506042989618936,0.10695753433058329,85,143.0,1290.0,535,0.8891472868217054,0.10852379614426938,125.0,210
HAP1,34,0.1,0.5,GoCo-learned (paper path),adapt_475_to_450_q0.6,0.03621708346679755,0.09455008768586916,0.2880063035663598,0.10496019744642883,84,142.0,1291.0,525,0.8900077459333849,0.10630453293965332,125.0,200
HAP1,34,0.1,0.5,GoCo-learnedgb (paper path),adapt_475_to_450_q0.6,0.0014366374907805862,0.09111022971871426,0.2831014271401894,0.10163130263950472,85,143.0,1240.0,511,0.8846774193548387,0.10319756445319082,125.0,186
HAP1,34,0.1,0.5,GoCo-ens (paper path),adapt_475_to_450_q0.5,0.469926406092506,0.09976535621671691,0.29521092832949647,0.10828909225335293,84,142.0,1354.0,540,0.8951255539143279,0.10963342774657742,125.0,215
HAP1,35,0.1,0.1,GoCo-knap (paper path),adapt_475_to_450_q0.3,0.004383459799596294,0.0921453614857691,0.28449051918289725,0.09208423566590719,75,127.0,1187.0,463,0.8930075821398483,0.09306222462304899,112.0,121
HAP1,35,0.1,0.1,GoCo-knapEB (paper path),adapt_475_to_450_q0.25,5.275431399808041e-05,0.08859454035838339,0.27923167416946654,0.08808956189759826,75,127.0,1127.0,444,0.8873114463176575,0.08906755085474007,112.0,112
HAP1,35,0.1,0.1,GoCo-learned (paper path),adapt_475_to_450_q0.5,0.014135258209794128,0.09339554643418013,0.2858297852497825,0.09166627443080154,76,129.0,1171.0,460,0.8898377455166524,0.09286618970840495,113.0,151
HAP1,35,0.1,0.1,GoCo-learnedgb (paper path),adapt_475_to_450_q0.5,0.0015609368064788244,0.09119847586028744,0.2827099498804155,0.08855930594433904,76,129.0,1109.0,446,0.8836789900811542,0.08975922122194245,113.0,137
HAP1,35,0.1,0.1,GoCo-ens (paper path),adapt_475_to_450_q0.4,0.037753522438057664,0.09461614119671898,0.28755829811928096,0.09011279018757029,76,129.0,1190.0,453,0.8915966386554622,0.0913127054651737,113.0,143
HAP1,35,0.1,0.5,GoCo-knap (paper path),adapt_475_to_450_q0.4,0.34948367541241643,0.0988031510996173,0.2938049524683542,0.09829817263883217,75,127.0,1249.0,491,0.8983186549239391,0.09927616159597398,112.0,149
HAP1,35,0.1,0.5,GoCo-knapEB (paper path),adapt_475_to_450_q0.25,5.275431399808041e-05,0.08859454035838339,0.27923167416946654,0.08808956189759826,75,127.0,1127.0,444,0.8873114463176575,0.08906755085474007,112.0,112
HAP1,35,0.1,0.5,GoCo-learned (paper path),adapt_475_to_450_q0.6,0.3263814358428966,0.0986108149650279,0.29310846103866856,0.09566094819911046,76,129.0,1209.0,478,0.8933002481389578,0.09686086347671387,113.0,169
HAP1,35,0.1,0.5,GoCo-learnedgb (paper path),adapt_475_to_450_q0.6,0.3965397282116965,0.09918782339690528,0.29392720355051966,0.09543902187864885,76,129.0,1204.0,477,0.8928571428571429,0.09663893715625226,113.0,168
HAP1,35,0.1,0.5,GoCo-ens (paper path),adapt_475_to_450_q0.5,0.47835026571324474,0.09983140972756673,0.29477270422287943,0.09654865348095688,76,129.0,1261.0,482,0.8977002379064235,0.09774856875856029,113.0,173
HAP1,36,0.1,0.1,GoCo-knap (paper path),adapt_475_to_450_q0.3,0.014171283121495841,0.09337089995159555,0.28702730276223787,0.09654193646012017,87,164.0,1320.0,491,0.8757575757575757,0.09811682875123068,143.0,143
HAP1,36,0.1,0.1,GoCo-knapEB (paper path),adapt_475_to_450_q0.25,0.0013892448266287175,0.09105916744899178,0.28375113138299685,0.09362730411982145,87,164.0,1265.0,479,0.8703557312252964,0.09537973746994681,143.0,138
HAP1,36,0.1,0.1,GoCo-learned (paper path),adapt_475_to_450_q0.6,0.011415829851197382,0.09313417854894546,0.2863420170370988,0.09620164944246722,88,165.0,1287.0,489,0.8717948717948718,0.09799846805403935,143.0,173
HAP1,36,0.1,0.1,GoCo-learnedgb (paper path),adapt_475_to_450_q0.6,0.05498441465193055,0.09513151543309992,0.2891592253247635,0.0988647652880065,88,165.0,1304.0,501,0.8734662576687117,0.10066158389957862,143.0,184
HAP1,36,0.1,0.1,GoCo-ens (paper path),adapt_475_to_450_q0.4,1.0259647733511316e-06,0.08617863778803701,0.2763303852494052,0.09063129879358976,87,164.0,1285.0,463,0.8723735408560311,0.09220619108470027,143.0,143
HAP1,36,0.1,0.5,GoCo-knap (paper path),adapt_475_to_450_q0.4,0.23909282115982328,0.09780942636082768,0.29321432436518885,0.10142431551027552,87,164.0,1371.0,513,0.8803792851932896,0.10299920780138604,143.0,165
HAP1,36,0.1,0.5,GoCo-knapEB (paper path),adapt_475_to_450_q0.25,0.0013892448266287175,0.09105916744899178,0.28375113138299685,0.09362730411982145,87,164.0,1265.0,479,0.8703557312252964,0.09537973746994681,143.0,138
HAP1,36,0.1,0.5,GoCo-learned (paper path),adapt_475_to_450_q0.6,0.011415829851197382,0.09313417854894546,0.2863420170370988,0.09620164944246722,88,165.0,1287.0,489,0.8717948717948718,0.09799846805403935,143.0,173
HAP1,36,0.1,0.5,GoCo-learnedgb (paper path),adapt_475_to_450_q0.6,0.05498441465193055,0.09513151543309992,0.2891592253247635,0.0988647652880065,88,165.0,1304.0,501,0.8734662576687117,0.10066158389957862,143.0,184
HAP1,36,0.1,0.5,GoCo-ens (paper path),adapt_475_to_450_q0.5,0.43093429621191354,0.09945907868210126,0.29512458002634145,0.10130595481308417,88,165.0,1386.0,512,0.8809523809523809,0.10310277342465629,143.0,196
HAP1,37,0.1,0.1,GoCo-knap (paper path),adapt_475_to_450_q0.4,0.019528733773728286,0.09375384296019819,0.2873439022720767,0.09668234563765396,84,147.0,1255.0,490,0.8828685258964143,0.09725195654579866,137.0,141
HAP1,37,0.1,0.1,GoCo-knapEB (paper path),adapt_475_to_450_q0.3,0.06690479559576597,0.09542938667902193,0.2894089196065378,0.10012220360150191,84,150.0,1266.0,505,0.8815165876777251,0.10069181450964661,140.0,189
HAP1,37,0.1,0.1,GoCo-learned (paper path),adapt_475_to_450_q0.5,0.000793783809679834,0.09060063981812792,0.2825347159045637,0.09438170945371885,84,150.0,1210.0,478,0.8760330578512396,0.09495132036186354,140.0,169
HAP1,37,0.1,0.1,GoCo-learnedgb (paper path),adapt_475_to_450_q0.6,0.0020793576185678033,0.09143286351985895,0.2837857247767657,0.0924953357297952,83,149.0,1197.0,469,0.8755221386800334,0.09306494663793989,139.0,160
HAP1,37,0.1,0.1,GoCo-ens (paper path),adapt_475_to_450_q0.5,0.06444621130259848,0.09537205570805248,0.2893266812906672,0.0990421621834126,84,150.0,1294.0,499,0.884080370942813,0.09961177309155729,140.0,190
HAP1,37,0.1,0.5,GoCo-knap (paper path),adapt_475_to_450_q0.4,0.019528733773728286,0.09375384296019819,0.2873439022720767,0.09668234563765396,84,147.0,1255.0,490,0.8828685258964143,0.09725195654579866,137.0,141
HAP1,37,0.1,0.5,GoCo-knapEB (paper path),adapt_475_to_450_q0.4,0.4192147067701841,0.0993667294763614,0.2948333162282236,0.10436839387449115,84,150.0,1322.0,523,0.886535552193646,0.10493800478263585,140.0,214
HAP1,37,0.1,0.5,GoCo-learned (paper path),adapt_475_to_450_q0.6,0.14125448797543588,0.09670361363082211,0.2911798869258684,0.09793253058110456,84,150.0,1247.0,494,0.8797113071371291,0.09850214148924925,140.0,185
HAP1,37,0.1,0.5,GoCo-learnedgb (paper path),adapt_475_to_450_q0.6,0.0020793576185678033,0.09143286351985895,0.2837857247767657,0.0924953357297952,83,149.0,1197.0,469,0.8755221386800334,0.09306494663793989,139.0,160
HAP1,37,0.1,0.5,GoCo-ens (paper path),adapt_475_to_450_q0.6,0.48994897596102865,0.09992154527751541,0.2955857436945624,0.10436839387449115,84,150.0,1335.0,523,0.8876404494382022,0.10493800478263585,140.0,214
HAP1,38,0.1,0.1,GoCo-knap (paper path),adapt_475_to_450_q0.35,0.057200610152457226,0.09518832600432875,0.2893362074708124,0.09721226281210733,77,132.0,1295.0,486,0.8980694980694981,0.09864713015473794,111.0,154
HAP1,38,0.1,0.1,GoCo-knapEB (paper path),adapt_475_to_450_q0.25,0.004167258364536329,0.09208135751786625,0.2849391399444866,0.09632455753026091,77,132.0,1283.0,482,0.897116134060795,0.0977594248728915,111.0,151
HAP1,38,0.1,0.1,GoCo-learned (paper path),adapt_475_to_450_q0.5,1.3156178710103249e-05,0.08768351760656104,0.27817192209802516,0.08974074335877122,78,135.0,1209.0,452,0.8883374689826302,0.09128657386163262,113.0,154
HAP1,38,0.1,0.1,GoCo-learnedgb (paper path),adapt_475_to_450_q0.6,0.04657531999814215,0.09489612302156326,0.2885746848807921,0.0988397224976971,79,136.0,1284.0,494,0.8940809968847352,0.1006074793210201,113.0,196
HAP1,38,0.1,0.1,GoCo-ens (paper path),adapt_475_to_450_q0.5,0.06520055706447331,0.09539175847742858,0.2892305191715957,0.09972742777954352,78,135.0,1347.0,497,0.8997772828507795,0.10127325828240492,113.0,199
HAP1,38,0.1,0.5,GoCo-knap (paper path),adapt_475_to_450_q0.4,0.2784990000569092,0.09818433133056044,0.29348270948814303,0.10076308393949304,77,132.0,1330.0,502,0.9007518796992481,0.10219795128212364,111.0,170
HAP1,38,0.1,0.5,GoCo-knapEB (paper path),adapt_475_to_450_q0.25,0.004167258364536329,0.09208135751786625,0.2849391399444866,0.09632455753026091,77,132.0,1283.0,482,0.897116134060795,0.0977594248728915,111.0,151
HAP1,38,0.1,0.5,GoCo-learned (paper path),adapt_475_to_450_q0.6,0.10071415126536148,0.09609452515337873,0.29021907790683055,0.09994935410000513,78,135.0,1310.0,498,0.8969465648854962,0.10149518460286654,113.0,200
HAP1,38,0.1,0.5,GoCo-learnedgb (paper path),adapt_475_to_450_q0.6,0.04657531999814215,0.09489612302156326,0.2885746848807921,0.0988397224976971,79,136.0,1284.0,494,0.8940809968847352,0.1006074793210201,113.0,196
HAP1,38,0.1,0.5,GoCo-ens (paper path),adapt_475_to_450_q0.5,0.06520055706447331,0.09539175847742858,0.2892305191715957,0.09972742777954352,78,135.0,1347.0,497,0.8997772828507795,0.10127325828240492,113.0,199
HAP1,39,0.1,0.1,GoCo-knap (paper path),adapt_475_to_450_q0.35,0.025690836327152917,0.09408992682027648,0.2879734553241931,0.09777122572944051,77,120.0,1277.0,486,0.9060297572435395,0.09942827557610026,102.0,134
HAP1,39,0.1,0.1,GoCo-knapEB (paper path),adapt_475_to_450_q0.175,0.00032506936388302776,0.08987332673150594,0.2819358266589074,0.09399847828159319,77,120.0,1215.0,469,0.9012345679012346,0.09565552812825295,102.0,117
HAP1,39,0.1,0.1,GoCo-learned (paper path),adapt_475_to_450_q0.6,0.006288712173928037,0.09249945486082642,0.2853271777507243,0.09572950359376017,79,122.0,1262.0,477,0.9033280507131537,0.09738655344041992,104.0,174
HAP1,39,0.1,0.1,GoCo-learnedgb (paper path),adapt_475_to_450_q0.6,0.02072658347848358,0.09383101278359605,0.2872195092181549,0.09617335623468339,77,120.0,1247.0,477,0.9037690457097033,0.09783040608134314,102.0,174
HAP1,39,0.1,0.1,GoCo-ens (paper path),adapt_475_to_450_q0.4,7.05214783744655e-06,0.08728788510176588,0.27791721671077263,0.08904952133596075,77,120.0,1219.0,446,0.9015586546349467,0.09070657118262052,102.0,122
HAP1,39,0.1,0.5,GoCo-knap (paper path),adapt_475_to_450_q0.4,0.13710492138706076,0.09664207950558495,0.29153745291907984,0.09999048893405658,77,120.0,1303.0,496,0.9079048349961627,0.10164753878071633,102.0,144
HAP1,39,0.1,0.5,GoCo-knapEB (paper path),adapt_475_to_450_q0.175,0.00032506936388302776,0.08987332673150594,0.2819358266589074,0.09399847828159319,77,120.0,1215.0,469,0.9012345679012346,0.09565552812825295,102.0,117
HAP1,39,0.1,0.5,GoCo-learned (paper path),adapt_475_to_450_q0.6,0.006288712173928037,0.09249945486082642,0.2853271777507243,0.09572950359376017,79,122.0,1262.0,477,0.9033280507131537,0.09738655344041992,104.0,174
HAP1,39,0.1,0.5,GoCo-learnedgb (paper path),adapt_475_to_450_q0.6,0.02072658347848358,0.09383101278359605,0.2872195092181549,0.09617335623468339,77,120.0,1247.0,477,0.9037690457097033,0.09783040608134314,102.0,174
HAP1,39,0.1,0.5,GoCo-ens (paper path),adapt_475_to_450_q0.5,0.1502169143618356,0.09682146995049341,0.29139717581221714,0.10013474105360029,79,122.0,1334.0,497,0.9085457271364318,0.10179179090026004,104.0,190
HAP1,40,0.1,0.1,GoCo-knap (paper path),adapt_475_to_450_q0.35,0.07020970533169464,0.09550489925585531,0.28945728685482,0.0984038598620516,73,130.0,1298.0,491,0.8998459167950693,0.09968003225866234,115.0,149
HAP1,40,0.1,0.1,GoCo-knapEB (paper path),adapt_475_to_450_q0.225,0.00012207655933920645,0.0891654682351889,0.2803844828677284,0.09085836496635696,73,130.0,1184.0,457,0.8902027027027027,0.09213453736296771,115.0,115
HAP1,40,0.1,0.1,GoCo-learned (paper path),adapt_475_to_450_q0.6,0.015494351689163514,0.09349276728455194,0.2863603920262238,0.09268925712008609,76,134.0,1223.0,465,0.8904333605887162,0.09437229443313384,116.0,159
HAP1,40,0.1,0.1,GoCo-learnedgb (paper path),adapt_475_to_450_q0.6,0.09143627370798868,0.09593395680962961,0.2897948189872652,0.09513044664516378,76,134.0,1237.0,476,0.8916734033953112,0.09681348395821152,116.0,170
HAP1,40,0.1,0.1,GoCo-ens (paper path),adapt_475_to_450_q0.5,0.06936628062213594,0.0954901041687064,0.289174944533478,0.09668393088839501,76,134.0,1305.0,483,0.8973180076628352,0.09836696820144276,116.0,177
HAP1,40,0.1,0.5,GoCo-knap (paper path),adapt_475_to_450_q0.4,0.23009218199065595,0.09772416246047139,0.2925336868998852,0.09973541778482123,73,130.0,1313.0,497,0.900990099009901,0.10101159018143198,115.0,155
HAP1,40,0.1,0.5,GoCo-knapEB (paper path),adapt_475_to_450_q0.275,0.37802976829195856,0.09903722652595835,0.2942050724261012,0.10094861501039953,76,134.0,1271.0,503,0.8945712037765539,0.10263165232344727,116.0,187
HAP1,40,0.1,0.5,GoCo-learned (paper path),adapt_475_to_450_q0.6,0.015494351689163514,0.09349276728455194,0.2863603920262238,0.09268925712008609,76,134.0,1223.0,465,0.8904333605887162,0.09437229443313384,116.0,159
HAP1,40,0.1,0.5,GoCo-learnedgb (paper path),adapt_475_to_450_q0.6,0.09143627370798868,0.09593395680962961,0.2897948189872652,0.09513044664516378,76,134.0,1237.0,476,0.8916734033953112,0.09681348395821152,116.0,170
HAP1,40,0.1,0.5,GoCo-ens (paper path),adapt_475_to_450_q0.5,0.06936628062213594,0.0954901041687064,0.289174944533478,0.09668393088839501,76,134.0,1305.0,483,0.8973180076628352,0.09836696820144276,116.0,177
HAP1,41,0.1,0.1,GoCo-knap (paper path),adapt_475_to_450_q0.4,0.08226684024932401,0.09575257688277941,0.2900856594269186,0.10701990105076149,83,135.0,1325.0,533,0.8981132075471698,0.10809624371690535,124.0,167
HAP1,41,0.1,0.1,GoCo-knapEB (paper path),adapt_475_to_450_q0.3,0.018601018040138285,0.09369975842016304,0.28705556217601835,0.10281439728065961,83,135.0,1277.0,514,0.894283476898982,0.10389073994680346,124.0,151
HAP1,41,0.1,0.1,GoCo-learned (paper path),adapt_475_to_450_q0.6,0.0163126309953646,0.0935481087702727,0.2866561250469592,0.1005137610967245,85,137.0,1256.0,503,0.8909235668789809,0.10159010376286835,126.0,183
HAP1,41,0.1,0.1,GoCo-learnedgb (paper path),adapt_475_to_450_q0.6,0.06235392852353312,0.09532351933396556,0.2891570851750181,0.10018087161603209,84,136.0,1235.0,501,0.8898785425101214,0.10125721428217593,125.0,178
HAP1,41,0.1,0.1,GoCo-ens (paper path),adapt_475_to_450_q0.4,0.0043513936622054,0.09213147908647591,0.2847215321813231,0.09927097370346229,84,136.0,1278.0,497,0.8935837245696401,0.10034731636960613,125.0,167
HAP1,41,0.1,0.5,GoCo-knap (paper path),adapt_475_to_450_q0.5,0.19224271966468792,0.09732270560070667,0.29225133004194154,0.10790760633260792,83,135.0,1333.0,537,0.8987246811702926,0.10898394899875177,124.0,171
HAP1,41,0.1,0.5,GoCo-knapEB (paper path),adapt_475_to_450_q0.3,0.018601018040138285,0.09369975842016304,0.28705556217601835,0.10281439728065961,83,135.0,1277.0,514,0.894283476898982,0.10389073994680346,124.0,151
HAP1,41,0.1,0.5,GoCo-learned (paper path),adapt_475_to_450_q0.75,0.31861030654049816,0.09854145098065885,0.2936084251693832,0.10694962439011109,85,137.0,1322.0,532,0.8963691376701967,0.10802596705625495,126.0,212
HAP1,41,0.1,0.5,GoCo-learnedgb (paper path),adapt_475_to_450_q0.6,0.06235392852353312,0.09532351933396556,0.2891570851750181,0.10018087161603209,84,136.0,1235.0,501,0.8898785425101214,0.10125721428217593,125.0,178
HAP1,41,0.1,0.5,GoCo-ens (paper path),adapt_475_to_450_q0.6,0.3581554687507166,0.09887434046135127,0.2940630530529874,0.10916888759472716,85,137.0,1376.0,542,0.9004360465116279,0.110245230260871,126.0,222
HAP1,42,0.1,0.1,GoCo-knap (paper path),adapt_475_to_450_q0.225,0.06073204658358681,0.0952732576428521,0.28974580880826384,0.09793743030182583,101,171.0,1346.0,507,0.8729569093610698,0.09929507177800959,150.0,145
HAP1,42,0.1,0.1,GoCo-knapEB (paper path),adapt_475_to_450_q0.2,0.002414321104683657,0.0915559917751202,0.28443298166021597,0.09139060384820843,101,171.0,1260.0,477,0.8642857142857143,0.09274824532439219,150.0,119
HAP1,42,0.1,0.1,GoCo-learned (paper path),adapt_475_to_450_q0.4,0.00010802517233551482,0.08906856760931607,0.28050989009745797,0.09047330839206418,102,172.0,1260.0,472,0.8634920634920635,0.09190492530399251,150.0,145
HAP1,42,0.1,0.1,GoCo-learnedgb (paper path),adapt_475_to_450_q0.5,0.020542335661806497,0.09381779086851724,0.2873128946799504,0.09757495064683559,102,172.0,1317.0,504,0.8694001518602885,0.09900656755876393,150.0,176
HAP1,42,0.1,0.1,GoCo-ens (paper path),adapt_475_to_450_q0.4,0.03184777134705605,0.09437260666967126,0.28809565120693276,0.09491183480129631,102,172.0,1345.0,492,0.8721189591078067,0.09634345171322464,150.0,164
HAP1,42,0.1,0.5,GoCo-knap (paper path),adapt_475_to_450_q0.4,0.22408011939701283,0.09765896558781438,0.2930022541535456,0.10159921458944235,101,171.0,1394.0,523,0.8773314203730272,0.1029568560656261,150.0,168
HAP1,42,0.1,0.5,GoCo-knapEB (paper path),adapt_475_to_450_q0.2,0.002414321104683657,0.0915559917751202,0.28443298166021597,0.09139060384820843,101,171.0,1260.0,477,0.8642857142857143,0.09274824532439219,150.0,119
HAP1,42,0.1,0.5,GoCo-learned (paper path),adapt_475_to_450_q0.5,0.23914612872804603,0.09781246463682616,0.29287859748161815,0.09979421385145167,104,174.0,1355.0,516,0.8715867158671586,0.10122583076338,152.0,189
HAP1,42,0.1,0.5,GoCo-learnedgb (paper path),adapt_475_to_450_q0.5,0.020542335661806497,0.09381779086851724,0.2873128946799504,0.09757495064683559,102,172.0,1317.0,504,0.8694001518602885,0.09900656755876393,150.0,176
HAP1,42,0.1,0.5,GoCo-ens (paper path),adapt_475_to_450_q0.4,0.03184777134705605,0.09437260666967126,0.28809565120693276,0.09491183480129631,102,172.0,1345.0,492,0.8721189591078067,0.09634345171322464,150.0,164
HAP1,43,0.1,0.1,GoCo-knap (paper path),adapt_475_to_450_q0.35,0.08646271604279843,0.09583092760005317,0.29040063738502175,0.0972963258114805,77,137.0,1216.0,488,0.8873355263157895,0.09923907781091733,115.0,137
HAP1,43,0.1,0.1,GoCo-knapEB (paper path),adapt_475_to_450_q0.3,0.039198029784730894,0.09464732055869358,0.28870350892844215,0.0971853626512497,77,137.0,1213.0,487,0.8870568837592745,0.09912811465068654,115.0,139
HAP1,43,0.1,0.1,GoCo-learned (paper path),adapt_475_to_450_q0.6,2.0860222231336104e-06,0.08658584696891782,0.2766741037146674,0.08919971389633996,79,141.0,1154.0,451,0.8778162911611785,0.09132740449175218,117.0,140
HAP1,43,0.1,0.1,GoCo-learnedgb (paper path),adapt_475_to_450_q0.6,3.7258999913108774e-06,0.08691873644961022,0.2771708702160726,0.0904203086588788,78,140.0,1116.0,456,0.8745519713261649,0.09254799925429102,116.0,144
HAP1,43,0.1,0.1,GoCo-ens (paper path),adapt_475_to_450_q0.5,0.0013785166854479146,0.09106690925701004,0.2832813321669982,0.09557639683451696,79,141.0,1234.0,480,0.8857374392220422,0.0977040874299292,117.0,153
HAP1,43,0.1,0.5,GoCo-knap (paper path),adapt_475_to_450_q0.4,0.2641069377579667,0.09805019080466923,0.29346468299626366,0.10012588639736598,77,137.0,1253.0,500,0.8906624102154829,0.10206863839680282,115.0,152
HAP1,43,0.1,0.5,GoCo-knapEB (paper path),adapt_475_to_450_q0.3,0.039198029784730894,0.09464732055869358,0.28870350892844215,0.0971853626512497,77,137.0,1213.0,487,0.8870568837592745,0.09912811465068654,115.0,139
HAP1,43,0.1,0.5,GoCo-learned (paper path),adapt_475_to_450_q0.6,2.0860222231336104e-06,0.08658584696891782,0.2766741037146674,0.08919971389633996,79,141.0,1154.0,451,0.8778162911611785,0.09132740449175218,117.0,140
HAP1,43,0.1,0.5,GoCo-learnedgb (paper path),adapt_475_to_450_q0.6,3.7258999913108774e-06,0.08691873644961022,0.2771708702160726,0.0904203086588788,78,140.0,1116.0,456,0.8745519713261649,0.09254799925429102,116.0,144
HAP1,43,0.1,0.5,GoCo-ens (paper path),adapt_475_to_450_q0.6,0.3889295416023702,0.0991246840749986,0.29454847253848027,0.1000741035989587,79,141.0,1289.0,500,0.8906128782001551,0.10220179419437092,117.0,186
HAP1,44,0.1,0.1,GoCo-knap (paper path),adapt_475_to_450_q0.225,0.02526668849791311,0.09408509119835844,0.2871562856945996,0.08814136873429688,83,137.0,1183.0,453,0.8841927303465765,0.08957702066638551,118.0,125
HAP1,44,0.1,0.1,GoCo-knapEB (paper path),adapt_475_to_450_q0.225,0.04830592320158714,0.09495430262126872,0.2882901825693416,0.08797492399395068,84,138.0,1176.0,454,0.8826530612244898,0.0894105759260393,119.0,134
HAP1,44,0.1,0.1,GoCo-learned (paper path),adapt_475_to_450_q0.5,0.07513059617160625,0.09562008159092093,0.2890238534784591,0.08824123557255208,85,139.0,1162.0,454,0.8803786574870912,0.08989881382510231,119.0,158
HAP1,44,0.1,0.1,GoCo-learnedgb (paper path),adapt_475_to_450_q0.5,0.0019673017614872355,0.09140348150215041,0.28303143175892614,0.08291500388147352,84,138.0,1083.0,429,0.8725761772853186,0.08457258213402376,118.0,131
HAP1,44,0.1,0.1,GoCo-ens (paper path),adapt_475_to_450_q0.4,0.028631246897198582,0.09424968655942495,0.28711180588637436,0.08768641977139806,85,139.0,1207.0,452,0.8848384424192212,0.0893439980239483,119.0,149
HAP1,44,0.1,0.5,GoCo-knap (paper path),adapt_475_to_450_q0.3,0.18023906383613503,0.09719205968482093,0.29149855714978523,0.09013870561845135,83,137.0,1210.0,462,0.8867768595041322,0.09157435755053997,118.0,134
HAP1,44,0.1,0.5,GoCo-knapEB (paper path),adapt_475_to_450_q0.225,0.04830592320158714,0.09495430262126872,0.2882901825693416,0.08797492399395068,84,138.0,1176.0,454,0.8826530612244898,0.0894105759260393,119.0,134
HAP1,44,0.1,0.5,GoCo-learned (paper path),adapt_475_to_450_q0.6,0.4790310089038179,0.09983668167969147,0.2948342330241701,0.09401131990455386,85,139.0,1235.0,480,0.8874493927125506,0.0956688981571041,119.0,184
HAP1,44,0.1,0.5,GoCo-learnedgb (paper path),adapt_475_to_450_q0.6,0.340176759325354,0.09872705007738343,0.2933222220570281,0.09046049877716815,84,138.0,1188.0,463,0.8838383838383839,0.09211807702971839,118.0,167
HAP1,44,0.1,0.5,GoCo-ens (paper path),adapt_475_to_450_q0.4,0.028631246897198582,0.09424968655942495,0.28711180588637436,0.08768641977139806,85,139.0,1207.0,452,0.8848384424192212,0.0893439980239483,119.0,149
HAP1,45,0.1,0.1,GoCo-knap (paper path),adapt_475_to_450_q0.275,0.020846269608804358,0.09383142509866015,0.28753769687919895,0.09683797430764608,81,139.0,1310.0,483,0.8938931297709923,0.09817508038313612,118.0,137
HAP1,45,0.1,0.1,GoCo-knapEB (paper path),adapt_475_to_450_q0.15,0.00015802753662681244,0.08933741710931262,0.2810326326024631,0.0910678899756443,82,140.0,1207.0,458,0.884009942004971,0.09240499605113435,119.0,118
HAP1,45,0.1,0.1,GoCo-learned (paper path),adapt_475_to_450_q0.6,0.013667867429404306,0.09333948841954251,0.2865344746034151,0.09609082237024917,83,142.0,1297.0,480,0.8905165767154973,0.0974279284457392,121.0,169
HAP1,45,0.1,0.1,GoCo-learnedgb (paper path),adapt_475_to_450_q0.6,0.0012899697998411499,0.09100926205469564,0.2831984341236545,0.09320578020424829,82,141.0,1237.0,466,0.8860145513338723,0.09454288627973832,120.0,155
HAP1,45,0.1,0.1,GoCo-ens (paper path),adapt_475_to_450_q0.4,0.002775712484731137,0.09169723364680384,0.2842221753427188,0.09669002342954298,83,142.0,1342.0,483,0.8941877794336811,0.09802712950503302,121.0,167
HAP1,45,0.1,0.5,GoCo-knap (paper path),adapt_475_to_450_q0.4,0.49160633392908853,0.09993439891135433,0.2959701896974762,0.10482732184426392,81,139.0,1393.0,519,0.9002153625269204,0.10616442791975396,118.0,173
HAP1,45,0.1,0.5,GoCo-knapEB (paper path),adapt_475_to_450_q0.15,0.00015802753662681244,0.08933741710931262,0.2810326326024631,0.0910678899756443,82,140.0,1207.0,458,0.884009942004971,0.09240499605113435,119.0,118
HAP1,45,0.1,0.5,GoCo-learned (paper path),adapt_475_to_450_q0.6,0.013667867429404306,0.09333948841954251,0.2865344746034151,0.09609082237024917,83,142.0,1297.0,480,0.8905165767154973,0.0974279284457392,121.0,169
HAP1,45,0.1,0.5,GoCo-learnedgb (paper path),adapt_475_to_450_q0.6,0.0012899697998411499,0.09100926205469564,0.2831984341236545,0.09320578020424829,82,141.0,1237.0,466,0.8860145513338723,0.09454288627973832,120.0,155
HAP1,45,0.1,0.5,GoCo-ens (paper path),adapt_475_to_450_q0.5,0.1645223808836112,0.09700127270715903,0.2916621377818604,0.10208283302271255,83,142.0,1398.0,507,0.8984263233190272,0.1034199390982026,121.0,196
HAP1,46,0.1,0.1,GoCo-knap (paper path),adapt_475_to_450_q0.3,0.08492448598442554,0.09580547252940275,0.29008241433037024,0.09340804377450872,87,167.0,1287.0,479,0.8702408702408703,0.09539534912154879,142.0,124
HAP1,46,0.1,0.1,GoCo-knapEB (paper path),adapt_475_to_450_q0.2,0.0021922104527666523,0.0914779092804014,0.28395549745515414,0.08919144368573818,87,167.0,1206.0,460,0.8615257048092869,0.09117874903277826,142.0,107
HAP1,46,0.1,0.1,GoCo-learned (paper path),adapt_475_to_450_q0.6,0.02323732963131748,0.09397642976818114,0.2871976966016207,0.09023449740249001,88,168.0,1243.0,464,0.8648431214802896,0.0924437290699917,142.0,152
HAP1,46,0.1,0.1,GoCo-learnedgb (paper path),adapt_475_to_450_q0.5,0.006466326441151247,0.0925339086851807,0.2851474021373729,0.08934679212064357,88,168.0,1209.0,460,0.8610421836228288,0.09155602378814526,142.0,148
HAP1,46,0.1,0.1,GoCo-ens (paper path),adapt_475_to_450_q0.4,0.029364562515216033,0.0942723315276943,0.28765843292612653,0.08934679212064357,88,168.0,1278.0,460,0.8685446009389671,0.09155602378814526,142.0,147
HAP1,46,0.1,0.5,GoCo-knap (paper path),adapt_475_to_450_q0.4,0.2852892002690893,0.09824666205448042,0.2934540485162015,0.09673693858143281,87,167.0,1324.0,494,0.8738670694864048,0.09872424392847289,142.0,141
HAP1,46,0.1,0.5,GoCo-knapEB (paper path),adapt_475_to_450_q0.2,0.0021922104527666523,0.0914779092804014,0.28395549745515414,0.08919144368573818,87,167.0,1206.0,460,0.8615257048092869,0.09117874903277826,142.0,107
HAP1,46,0.1,0.5,GoCo-learned (paper path),adapt_475_to_450_q0.6,0.02323732963131748,0.09397642976818114,0.2871976966016207,0.09023449740249001,88,168.0,1243.0,464,0.8648431214802896,0.0924437290699917,142.0,152
HAP1,46,0.1,0.5,GoCo-learnedgb (paper path),adapt_475_to_450_q0.6,0.18059675895527727,0.09719436141487445,0.29169380185581334,0.09223183428664447,88,168.0,1237.0,473,0.8641875505254648,0.09444106595414616,142.0,161
HAP1,46,0.1,0.5,GoCo-ens (paper path),adapt_475_to_450_q0.5,0.27916633078873926,0.09819302985695168,0.2930679362563103,0.09489495013218374,88,168.0,1329.0,485,0.873589164785553,0.09710418179968543,142.0,173
HAP1,47,0.1,0.1,GoCo-knap (paper path),adapt_475_to_450_q0.35,0.09081059933785568,0.0959151426980853,0.29030368677723595,0.0987613437622058,75,131.0,1259.0,494,0.8959491660047657,0.1003909170382879,116.0,141
HAP1,47,0.1,0.1,GoCo-knapEB (paper path),adapt_475_to_450_q0.2,0.08803365739131808,0.09586890805239842,0.2898607396500027,0.09587630159620492,77,134.0,1180.0,482,0.8864406779661017,0.09772780119274861,118.0,166
HAP1,47,0.1,0.1,GoCo-learned (paper path),adapt_475_to_450_q0.5,0.003576223033942706,0.09194636033724744,0.284253033449273,0.09131941448647447,77,134.0,1173.0,461,0.8857630008525149,0.09317091408301818,118.0,158
HAP1,47,0.1,0.1,GoCo-learnedgb (paper path),adapt_475_to_450_q0.6,0.0226120342162749,0.0939436972214019,0.28709900529418153,0.09242904608878251,78,135.0,1146.0,467,0.8821989528795812,0.09450247200578782,118.0,164
HAP1,47,0.1,0.1,GoCo-ens (paper path),adapt_475_to_450_q0.5,0.05883634425606911,0.0952382674296062,0.2889132676943701,0.09664564617755304,77,134.0,1278.0,485,0.8951486697965572,0.09849714577409674,118.0,181
HAP1,47,0.1,0.5,GoCo-knap (paper path),adapt_475_to_450_q0.4,0.19540211183266054,0.09735766378108576,0.2923011316114583,0.09987097536451384,75,131.0,1270.0,499,0.8968503937007875,0.10150054864059593,116.0,146
HAP1,47,0.1,0.5,GoCo-knapEB (paper path),adapt_475_to_450_q0.3,0.31834350607563977,0.09853942144151216,0.29355163840677423,0.10017427466760145,78,135.0,1248.0,502,0.8918269230769231,0.10224770058460676,118.0,196
HAP1,47,0.1,0.5,GoCo-learned (paper path),adapt_475_to_450_q0.6,0.27554804528677956,0.09816029731017242,0.29297169352905755,0.0986429830617075,78,135.0,1255.0,495,0.8924302788844621,0.10071640897871281,118.0,192
HAP1,47,0.1,0.5,GoCo-learnedgb (paper path),adapt_475_to_450_q0.6,0.0226120342162749,0.0939436972214019,0.28709900529418153,0.09242904608878251,78,135.0,1146.0,467,0.8821989528795812,0.09450247200578782,118.0,164
HAP1,47,0.1,0.5,GoCo-ens (paper path),adapt_475_to_450_q0.5,0.05883634425606911,0.0952382674296062,0.2889132676943701,0.09664564617755304,77,134.0,1278.0,485,0.8951486697965572,0.09849714577409674,118.0,181
HAP1,48,0.1,0.1,GoCo-knap (paper path),adapt_475_to_450_q0.35,0.06280641613294094,0.09532785056348224,0.2895825452803959,0.09712759135857298,81,130.0,1305.0,491,0.9003831417624522,0.09824683016874607,111.0,135
HAP1,48,0.1,0.1,GoCo-knapEB (paper path),adapt_475_to_450_q0.15,1.5736061787627017e-05,0.08778235566778761,0.278637275291247,0.09069172806518638,81,130.0,1210.0,462,0.8925619834710744,0.09181096687535947,111.0,107
HAP1,48,0.1,0.1,GoCo-learned (paper path),adapt_475_to_450_q0.5,6.44421542302435e-05,0.08871814498948194,0.2797391727933221,0.09059186121701031,82,133.0,1227.0,462,0.8916055419722901,0.09193302634764501,113.0,140
HAP1,48,0.1,0.1,GoCo-learnedgb (paper path),adapt_475_to_450_q0.6,0.06940732022596449,0.09548689776356094,0.28944070061937927,0.09547424026716565,83,134.0,1263.0,485,0.8939034045922407,0.09681540539780036,114.0,163
HAP1,48,0.1,0.1,GoCo-ens (paper path),adapt_475_to_450_q0.5,0.07362536859302768,0.09557936706816256,0.2895565833156805,0.09787844207437103,81,132.0,1337.0,494,0.9012715033657442,0.09899768088454412,113.0,170
HAP1,48,0.1,0.5,GoCo-knap (paper path),adapt_475_to_450_q0.4,0.2695776651988294,0.09810192956925232,0.29342041518048073,0.09912492824272744,81,130.0,1323.0,500,0.9017384731670446,0.10024416705290053,111.0,144
HAP1,48,0.1,0.5,GoCo-knapEB (paper path),adapt_475_to_450_q0.275,0.4947102941224312,0.09995871312053162,0.29558913452208985,0.10341180499876228,82,133.0,1307.0,520,0.8982402448355011,0.10453104380893538,114.0,193
HAP1,48,0.1,0.5,GoCo-learned (paper path),adapt_475_to_450_q0.6,0.1586146902643532,0.0969294188465614,0.2914461797049572,0.09747157715132011,83,134.0,1321.0,494,0.898561695685087,0.09881274228195482,114.0,172
HAP1,48,0.1,0.5,GoCo-learnedgb (paper path),adapt_475_to_450_q0.6,0.06940732022596449,0.09548689776356094,0.28944070061937927,0.09547424026716565,83,134.0,1263.0,485,0.8939034045922407,0.09681540539780036,114.0,163
HAP1,48,0.1,0.5,GoCo-ens (paper path),adapt_475_to_450_q0.5,0.07362536859302768,0.09557936706816256,0.2895565833156805,0.09787844207437103,81,132.0,1337.0,494,0.9012715033657442,0.09899768088454412,113.0,170
HAP1,49,0.1,0.1,GoCo-knap (paper path),adapt_475_to_450_q0.275,0.08986463581730086,0.09588638115037668,0.29108185173541795,0.09288026426852253,100,171.0,1300.0,480,0.8684615384615385,0.09469645737913837,147.0,146
HAP1,49,0.1,0.1,GoCo-knapEB (paper path),adapt_475_to_450_q0.225,0.04799567138002185,0.09492100165934494,0.2896524112947945,0.09443004973665958,100,172.0,1288.0,487,0.8664596273291926,0.09624624284727543,148.0,169
HAP1,49,0.1,0.1,GoCo-learned (paper path),adapt_475_to_450_q0.5,0.0032954734547985557,0.09184177396459364,0.28506445759832044,0.08938862349303944,101,173.0,1259.0,463,0.8625893566322478,0.0914267429241169,148.0,173
HAP1,49,0.1,0.1,GoCo-learnedgb (paper path),adapt_475_to_450_q0.5,0.0023097487410631717,0.09150888448390122,0.2845872291769392,0.09072018141580908,101,173.0,1256.0,469,0.8622611464968153,0.09275830084688653,148.0,179
HAP1,49,0.1,0.1,GoCo-ens (paper path),adapt_475_to_450_q0.4,0.007965315030407401,0.09272947924644007,0.28633128608539893,0.09083114457603989,100,172.0,1316.0,469,0.8693009118541033,0.09264733768665574,148.0,170
HAP1,49,0.1,0.5,GoCo-knap (paper path),adapt_475_to_450_q0.35,0.47065015251387426,0.09977009175845479,0.2963991934847711,0.09643108539590822,100,171.0,1338.0,496,0.8721973094170403,0.09824727850652408,147.0,162
HAP1,49,0.1,0.5,GoCo-knapEB (paper path),adapt_475_to_450_q0.25,0.276359106735815,0.09816112594006858,0.2940366507433211,0.09723371892003446,100,172.0,1308.0,499,0.8685015290519877,0.0990499120306503,148.0,189
HAP1,49,0.1,0.5,GoCo-learned (paper path),adapt_475_to_450_q0.6,0.38049696904025476,0.09905437937959585,0.2951228418328771,0.09582448678642604,101,173.0,1322.0,492,0.8691376701966718,0.09786260621750349,148.0,202
HAP1,49,0.1,0.5,GoCo-learnedgb (paper path),adapt_475_to_450_q0.6,0.16058673848307342,0.09694607933521059,0.29223692357903047,0.09626833942734925,101,173.0,1315.0,494,0.8684410646387832,0.0983064588584267,148.0,204
HAP1,49,0.1,0.5,GoCo-ens (paper path),adapt_475_to_450_q0.5,0.16058673848307342,0.09694607933521059,0.29223692357903047,0.094714855184118,100,172.0,1358.0,486,0.8733431516936672,0.09653104829473386,148.0,195
HAP1,50,0.1,0.1,GoCo-knap (paper path),adapt_475_to_450_q0.225,0.04260407250770553,0.09477092919286706,0.2883997531886874,0.08564722749309121,63,115.0,1111.0,430,0.8964896489648965,0.08666607105581167,104.0,100
HAP1,50,0.1,0.1,GoCo-knapEB (paper path),adapt_475_to_450_q0.2,0.022200459256878233,0.09391914683080387,0.2871555677468013,0.08498144853170639,63,115.0,1086.0,427,0.8941068139963168,0.08600029209442685,104.0,101
HAP1,50,0.1,0.1,GoCo-learned (paper path),adapt_475_to_450_q0.5,0.016960732690036805,0.09360660060816905,0.2861547361528132,0.08402346657598173,64,116.0,1078.0,423,0.8923933209647495,0.08526423645916378,104.0,128
HAP1,50,0.1,0.1,GoCo-learnedgb (paper path),adapt_475_to_450_q0.5,0.005520466023089365,0.09238600584563021,0.2844133609053129,0.08313576129413529,64,116.0,1049.0,419,0.8894184938036225,0.08437653117731736,104.0,124
HAP1,50,0.1,0.1,GoCo-ens (paper path),adapt_475_to_450_q0.4,0.01033360696150688,0.09304253787424001,0.28542785177243624,0.08444882536127575,64,116.0,1131.0,425,0.8974358974358975,0.08568959524445781,104.0,125
HAP1,50,0.1,0.5,GoCo-knap (paper path),adapt_475_to_450_q0.35,0.4573483182903972,0.09966703853208227,0.2950859963740967,0.0885322696590921,63,115.0,1146.0,443,0.8996509598603839,0.08955111322181256,104.0,114
HAP1,50,0.1,0.5,GoCo-knapEB (paper path),adapt_475_to_450_q0.2,0.022200459256878233,0.09391914683080387,0.2871555677468013,0.08498144853170639,63,115.0,1086.0,427,0.8941068139963168,0.08600029209442685,104.0,101
HAP1,50,0.1,0.5,GoCo-learned (paper path),adapt_475_to_450_q0.6,0.12555959776352765,0.09649164277416994,0.2902087761265091,0.08602080346013619,64,116.0,1108.0,432,0.8953068592057761,0.08726157334331824,104.0,137
HAP1,50,0.1,0.5,GoCo-learnedgb (paper path),adapt_475_to_450_q0.6,0.35154072571434375,0.09882186913901682,0.2934216001095049,0.0897935509079835,64,116.0,1131.0,449,0.8974358974358975,0.09103432079116557,104.0,154
HAP1,50,0.1,0.5,GoCo-ens (paper path),adapt_475_to_450_q0.5,0.4912047467225327,0.09993150074132484,0.29493274486371596,0.09068125618982992,64,116.0,1197.0,453,0.9030910609857978,0.09192202607301199,104.0,157
HAP1,51,0.1,0.1,GoCo-knap (paper path),adapt_475_to_450_q0.35,0.0810401942627591,0.09573001195451337,0.2899320804742336,0.09771023602074007,77,130.0,1285.0,492,0.8988326848249028,0.09896580097784322,113.0,147
HAP1,51,0.1,0.1,GoCo-knapEB (paper path),adapt_475_to_450_q0.25,4.897999063113077e-06,0.08707488546312464,0.27749987057937786,0.08921045794441496,77,130.0,1162.0,454,0.8881239242685026,0.09064356396053296,113.0,112
HAP1,51,0.1,0.1,GoCo-learned (paper path),adapt_475_to_450_q0.6,0.02820494418155691,0.09422461175278352,0.28737321448897535,0.09472532701979094,80,134.0,1250.0,480,0.8928,0.09627679373310029,115.0,177
HAP1,51,0.1,0.1,GoCo-learnedgb (paper path),adapt_475_to_450_q0.6,0.013525647392067778,0.09333690647093709,0.2861156382903223,0.09516917966071416,81,135.0,1245.0,483,0.891566265060241,0.0969425726944851,115.0,180
HAP1,51,0.1,0.1,GoCo-ens (paper path),adapt_475_to_450_q0.4,0.0007005105974316806,0.0905073458850516,0.2821002253257853,0.09228413749471327,79,133.0,1256.0,468,0.8941082802547771,0.093613677887561,115.0,162
HAP1,51,0.1,0.5,GoCo-knap (paper path),adapt_475_to_450_q0.4,0.16952898109945153,0.09706156987728302,0.2917798074792971,0.09992949922535613,77,130.0,1305.0,502,0.9003831417624522,0.10118506418245928,113.0,157
HAP1,51,0.1,0.5,GoCo-knapEB (paper path),adapt_475_to_450_q0.25,4.897999063113077e-06,0.08707488546312464,0.27749987057937786,0.08921045794441496,77,130.0,1162.0,454,0.8881239242685026,0.09064356396053296,113.0,112
HAP1,51,0.1,0.5,GoCo-learned (paper path),adapt_475_to_450_q0.6,0.02820494418155691,0.09422461175278352,0.28737321448897535,0.09472532701979094,80,134.0,1250.0,480,0.8928,0.09627679373310029,115.0,177
HAP1,51,0.1,0.5,GoCo-learnedgb (paper path),adapt_475_to_450_q0.6,0.013525647392067778,0.09333690647093709,0.2861156382903223,0.09516917966071416,81,135.0,1245.0,483,0.891566265060241,0.0969425726944851,115.0,180
HAP1,51,0.1,0.5,GoCo-ens (paper path),adapt_475_to_450_q0.5,0.12640606057921877,0.09649935653751499,0.290606265638448,0.096944590224407,80,134.0,1301.0,490,0.8970023059185243,0.09849605693771635,115.0,185
HAP1,52,0.1,0.1,GoCo-knap (paper path),adapt_475_to_450_q0.3,0.0007999483701107847,0.090613425406307,0.2823520682666514,0.09069834101268888,68,120.0,1175.0,453,0.8978723404255319,0.09188529456846987,104.0,115
HAP1,52,0.1,0.1,GoCo-knapEB (paper path),adapt_475_to_450_q0.175,2.3204176147248078e-06,0.08665943813096456,0.276491088286825,0.08757287867059721,68,119.0,1118.0,441,0.8935599284436494,0.088870795386609,104.0,113
HAP1,52,0.1,0.1,GoCo-learned (paper path),adapt_475_to_450_q0.6,0.02378261225679724,0.09401259687718845,0.286888859177004,0.098188354338189,71,123.0,1267.0,488,0.9029202841357538,0.09959723421443159,106.0,195
HAP1,52,0.1,0.1,GoCo-learnedgb (paper path),adapt_475_to_450_q0.6,0.020793011704777535,0.09384615213684225,0.2867015550538499,0.09741161221657336,68,120.0,1248.0,482,0.9038461538461539,0.09882049209281597,103.0,189
HAP1,52,0.1,0.1,GoCo-ens (paper path),adapt_475_to_450_q0.5,0.07620459839492796,0.09564005655947125,0.2892208215801176,0.09885413329957381,71,123.0,1297.0,491,0.905165767154973,0.10026301317581642,106.0,198
HAP1,52,0.1,0.5,GoCo-knap (paper path),adapt_475_to_450_q0.5,0.40677420277864035,0.09926855190430965,0.2944127762836198,0.10157273071530762,70,122.0,1301.0,504,0.9062259800153728,0.10275968427108861,106.0,174
HAP1,52,0.1,0.5,GoCo-knapEB (paper path),adapt_475_to_450_q0.2,0.3387229880464131,0.09871373610315565,0.29356120754499315,0.09833260644781182,70,121.0,1194.0,490,0.8986599664991625,0.09985244948428523,105.0,189
HAP1,52,0.1,0.5,GoCo-learned (paper path),adapt_475_to_450_q0.6,0.02378261225679724,0.09401259687718845,0.286888859177004,0.098188354338189,71,123.0,1267.0,488,0.9029202841357538,0.09959723421443159,106.0,195
HAP1,52,0.1,0.5,GoCo-learnedgb (paper path),adapt_475_to_450_q0.6,0.020793011704777535,0.09384615213684225,0.2867015550538499,0.09741161221657336,68,120.0,1248.0,482,0.9038461538461539,0.09882049209281597,103.0,189
HAP1,52,0.1,0.5,GoCo-ens (paper path),adapt_475_to_450_q0.5,0.07620459839492796,0.09564005655947125,0.2892208215801176,0.09885413329957381,71,123.0,1297.0,491,0.905165767154973,0.10026301317581642,106.0,198
HAP1,53,0.1,0.1,GoCo-knap (paper path),adapt_475_to_450_q0.35,0.04500955920178979,0.09484025312995202,0.28893039264496906,0.09490995339907067,75,132.0,1230.0,475,0.8926829268292683,0.09567216461994782,119.0,133
HAP1,53,0.1,0.1,GoCo-knapEB (paper path),adapt_475_to_450_q0.225,0.0007885954992268466,0.0905866653233092,0.28278365706994435,0.08980564802845371,76,133.0,1143.0,453,0.8836395450568679,0.09078978556979247,119.0,119
HAP1,53,0.1,0.1,GoCo-learned (paper path),adapt_475_to_450_q0.6,0.00037295005847119684,0.08999301241673578,0.2817150275075182,0.09174380457393339,79,136.0,1202.0,462,0.8868552412645591,0.09309781930722293,119.0,163
HAP1,53,0.1,0.1,GoCo-learnedgb (paper path),adapt_475_to_450_q0.5,0.001263556708116553,0.09099168085881301,0.2831629945172315,0.09129995193301017,79,136.0,1183.0,460,0.8850380388841927,0.09265396666629971,119.0,161
HAP1,53,0.1,0.1,GoCo-ens (paper path),adapt_475_to_450_q0.5,0.034686631289740366,0.09448702040608332,0.2881944669170214,0.09240958353531821,77,134.0,1249.0,463,0.8927141713370697,0.09331974562768454,119.0,163
HAP1,53,0.1,0.5,GoCo-knap (paper path),adapt_475_to_450_q0.4,0.3315343114881233,0.09864998829897859,0.29415761405231144,0.09690729028322513,75,132.0,1259.0,484,0.8951548848292296,0.09766950150410228,119.0,145
HAP1,53,0.1,0.5,GoCo-knapEB (paper path),adapt_475_to_450_q0.225,0.0007885954992268466,0.0905866653233092,0.28278365706994435,0.08980564802845371,76,133.0,1143.0,453,0.8836395450568679,0.09078978556979247,119.0,119
HAP1,53,0.1,0.5,GoCo-learned (paper path),adapt_475_to_450_q0.6,0.00037295005847119684,0.08999301241673578,0.2817150275075182,0.09174380457393339,79,136.0,1202.0,462,0.8868552412645591,0.09309781930722293,119.0,163
HAP1,53,0.1,0.5,GoCo-learnedgb (paper path),adapt_475_to_450_q0.6,0.163080273891703,0.09698369151127641,0.2916280879524239,0.09729196258547355,79,136.0,1242.0,487,0.8904991948470209,0.0986459773187631,119.0,188
HAP1,53,0.1,0.5,GoCo-ens (paper path),adapt_475_to_450_q0.5,0.034686631289740366,0.09448702040608332,0.2881944669170214,0.09240958353531821,77,134.0,1249.0,463,0.8927141713370697,0.09331974562768454,119.0,163
HAP1,54,0.1,0.1,GoCo-knap (paper path),adapt_475_to_450_q0.3,0.042721184629646865,0.09476685012896167,0.2888411776503477,0.09100343368342333,84,144.0,1227.0,465,0.882640586797066,0.09255744631931721,124.0,128
HAP1,54,0.1,0.1,GoCo-knapEB (paper path),adapt_475_to_450_q0.225,0.006994416849478121,0.09260306850446101,0.285732621656689,0.08994928366123069,85,145.0,1210.0,462,0.8801652892561983,0.09172522261758619,124.0,131
HAP1,54,0.1,0.1,GoCo-learned (paper path),adapt_475_to_450_q0.5,0.0020721261193420624,0.0914268590066759,0.2838753926988515,0.08519636163685622,88,148.0,1175.0,440,0.8740425531914894,0.08763807955459653,124.0,146
HAP1,54,0.1,0.1,GoCo-learnedgb (paper path),adapt_475_to_450_q0.6,0.09413417707940913,0.09597634857613882,0.29031386327767433,0.0911883722893196,88,148.0,1223.0,467,0.8789860997547015,0.09363009020705991,124.0,173
HAP1,54,0.1,0.1,GoCo-ens (paper path),adapt_475_to_450_q0.4,0.004383408929289293,0.09213332446102719,0.2849260632540461,0.0887397852173605,87,147.0,1245.0,456,0.8819277108433735,0.09095957681463922,124.0,156
HAP1,54,0.1,0.5,GoCo-knap (paper path),adapt_475_to_450_q0.4,0.4269572245517117,0.09942730285865542,0.29527046239973237,0.09477618113127063,84,144.0,1273.0,482,0.8868813825608798,0.09633019376716453,124.0,145
HAP1,54,0.1,0.5,GoCo-knapEB (paper path),adapt_475_to_450_q0.225,0.006994416849478121,0.09260306850446101,0.285732621656689,0.08994928366123069,85,145.0,1210.0,462,0.8801652892561983,0.09172522261758619,124.0,131
HAP1,54,0.1,0.5,GoCo-learned (paper path),adapt_475_to_450_q0.6,0.19085556690964844,0.09730790649890847,0.2921580530342883,0.08919103540516514,88,148.0,1209.0,458,0.8775847808105872,0.09163275332290545,124.0,164
HAP1,54,0.1,0.5,GoCo-learnedgb (paper path),adapt_475_to_450_q0.6,0.09413417707940913,0.09597634857613882,0.29031386327767433,0.0911883722893196,88,148.0,1223.0,467,0.8789860997547015,0.09363009020705991,124.0,173
HAP1,54,0.1,0.5,GoCo-ens (paper path),adapt_475_to_450_q0.5,0.3831561722471214,0.099077768903267,0.2945769224596449,0.09448397814685167,87,147.0,1302.0,481,0.8870967741935484,0.09670376974413038,124.0,186
HAP1,55,0.1,0.1,GoCo-knap (paper path),adapt_475_to_450_q0.4,0.060559520201488144,0.09527380207096318,0.28944400606667864,0.10615660606015803,81,131.0,1389.0,531,0.9056875449964003,0.10731669946268194,114.0,167
HAP1,55,0.1,0.1,GoCo-knapEB (paper path),adapt_475_to_450_q0.3,0.002866231965694027,0.09172298094357748,0.28441343788299267,0.10149615333046429,81,131.0,1331.0,510,0.9015777610818934,0.1026562467329882,114.0,146
HAP1,55,0.1,0.1,GoCo-learned (paper path),adapt_475_to_450_q0.5,0.012726429822541232,0.09325982071376619,0.2863581632395863,0.10356746566028421,85,136.0,1353.0,521,0.8994826311899483,0.10517141170373134,117.0,199
HAP1,55,0.1,0.1,GoCo-learnedgb (paper path),adapt_475_to_450_q0.6,0.01337720016747336,0.09331530229388159,0.28648537229933385,0.10800599206951635,85,136.0,1376.0,541,0.9011627906976745,0.10960993811296348,117.0,219
HAP1,55,0.1,0.1,GoCo-ens (paper path),adapt_475_to_450_q0.4,0.051180938368721896,0.09502968311812472,0.2888504146727864,0.1062305815058235,85,136.0,1409.0,533,0.9034776437189496,0.10783452754927063,117.0,207
HAP1,55,0.1,0.5,GoCo-knap (paper path),adapt_475_to_450_q0.4,0.060559520201488144,0.09527380207096318,0.28944400606667864,0.10615660606015803,81,131.0,1389.0,531,0.9056875449964003,0.10731669946268194,114.0,167
HAP1,55,0.1,0.5,GoCo-knapEB (paper path),adapt_475_to_450_q0.3,0.002866231965694027,0.09172298094357748,0.28441343788299267,0.10149615333046429,81,131.0,1331.0,510,0.9015777610818934,0.1026562467329882,114.0,146
HAP1,55,0.1,0.5,GoCo-learned (paper path),adapt_475_to_450_q0.6,0.28591772291091855,0.09825316292415234,0.2933224335084166,0.11111296055597884,85,136.0,1439.0,555,0.9054899235580264,0.11271690659942597,117.0,233
HAP1,55,0.1,0.5,GoCo-learnedgb (paper path),adapt_475_to_450_q0.6,0.01337720016747336,0.09331530229388159,0.28648537229933385,0.10800599206951635,85,136.0,1376.0,541,0.9011627906976745,0.10960993811296348,117.0,219
HAP1,55,0.1,0.5,GoCo-ens (paper path),adapt_475_to_450_q0.4,0.051180938368721896,0.09502968311812472,0.2888504146727864,0.1062305815058235,85,136.0,1409.0,533,0.9034776437189496,0.10783452754927063,117.0,207
HAP1,56,0.1,0.1,GoCo-knap (paper path),adapt_475_to_450_q0.35,0.07065490827687736,0.09550537160050854,0.2900762178615454,0.09996714343759572,80,136.0,1330.0,499,0.8977443609022556,0.1013600913600238,118.0,149
HAP1,56,0.1,0.1,GoCo-knapEB (paper path),adapt_475_to_450_q0.25,0.000704515080041755,0.09048428860006467,0.2829311992198667,0.09397513278513234,81,137.0,1259.0,473,0.8911834789515488,0.09559000702802202,118.0,134
HAP1,56,0.1,0.1,GoCo-learned (paper path),adapt_475_to_450_q0.6,0.001997319832653731,0.09139603590514202,0.2837462722844651,0.0972374496998863,84,141.0,1314.0,490,0.8926940639269406,0.0990742502632376,121.0,187
HAP1,56,0.1,0.1,GoCo-learnedgb (paper path),adapt_475_to_450_q0.6,0.0053795821904276215,0.09233922276710385,0.2851483438585792,0.09568396545665507,82,139.0,1282.0,481,0.891575663026521,0.09752076602000635,119.0,178
HAP1,56,0.1,0.1,GoCo-ens (paper path),adapt_475_to_450_q0.5,0.07527769212439556,0.09561263599391255,0.28972401754354077,0.10300753403188809,84,141.0,1390.0,516,0.8985611510791367,0.10484433459523938,121.0,213
HAP1,56,0.1,0.5,GoCo-knap (paper path),adapt_475_to_450_q0.4,0.10582205910557302,0.09617115056189335,0.29100236585704314,0.10152062768082697,80,136.0,1345.0,506,0.8988847583643123,0.10291357560325505,118.0,158
HAP1,56,0.1,0.5,GoCo-knapEB (paper path),adapt_475_to_450_q0.25,0.000704515080041755,0.09048428860006467,0.2829311992198667,0.09397513278513234,81,137.0,1259.0,473,0.8911834789515488,0.09559000702802202,118.0,134
HAP1,56,0.1,0.5,GoCo-learned (paper path),adapt_475_to_450_q0.6,0.001997319832653731,0.09139603590514202,0.2837462722844651,0.0972374496998863,84,141.0,1314.0,490,0.8926940639269406,0.0990742502632376,121.0,187
HAP1,56,0.1,0.5,GoCo-learnedgb (paper path),adapt_475_to_450_q0.75,0.43563777911007295,0.09949634660199067,0.29506943271746905,0.10367331299327291,82,139.0,1381.0,517,0.8993482983345402,0.1055101135566242,119.0,214
HAP1,56,0.1,0.5,GoCo-ens (paper path),adapt_475_to_450_q0.5,0.07527769212439556,0.09561263599391255,0.28972401754354077,0.10300753403188809,84,141.0,1390.0,516,0.8985611510791367,0.10484433459523938,121.0,213
HAP1,57,0.1,0.1,GoCo-knap (paper path),adapt_475_to_450_q0.2,0.009931714254631642,0.09297748910378098,0.2862522310725175,0.08737987005083603,75,121.0,1160.0,439,0.8956896551724138,0.0887994138938133,105.0,101
HAP1,57,0.1,0.1,GoCo-knapEB (paper path),adapt_475_to_450_q0.25,0.010550727208167018,0.09304670097295623,0.2862274333785338,0.08934021921711818,76,123.0,1179.0,448,0.8956743002544529,0.09072277534222317,106.0,127
HAP1,57,0.1,0.1,GoCo-learned (paper path),adapt_475_to_450_q0.6,2.7088040498021453e-05,0.08814397868458504,0.2788098219026159,0.08357753243530479,78,125.0,1134.0,423,0.8897707231040565,0.08540394120133299,106.0,128
HAP1,57,0.1,0.1,GoCo-learnedgb (paper path),adapt_475_to_450_q0.6,3.717294965044052e-06,0.0869215345344991,0.27708106612212025,0.08412864946136461,78,125.0,1108.0,426,0.8871841155234657,0.08595505822739281,106.0,121
HAP1,57,0.1,0.1,GoCo-ens (paper path),adapt_475_to_450_q0.5,0.025513509688183722,0.0940934534598418,0.2873629376506764,0.08945488115244318,76,123.0,1226.0,448,0.899673735725938,0.09083743727754816,106.0,148
HAP1,57,0.1,0.5,GoCo-knap (paper path),adapt_475_to_450_q0.3,0.23972644711126873,0.09781811686288078,0.29289394681989944,0.0927800771842731,75,122.0,1235.0,463,0.9012145748987854,0.09405167014914727,106.0,134
HAP1,57,0.1,0.5,GoCo-knapEB (paper path),adapt_475_to_450_q0.25,0.010550727208167018,0.09304670097295623,0.2862274333785338,0.08934021921711818,76,123.0,1179.0,448,0.8956743002544529,0.09072277534222317,106.0,127
HAP1,57,0.1,0.5,GoCo-learned (paper path),adapt_475_to_450_q0.75,0.40049598415527476,0.099218102076942,0.2944765105665988,0.09489577477884674,78,125.0,1248.0,474,0.8998397435897436,0.09672218354487493,106.0,179
HAP1,57,0.1,0.5,GoCo-learnedgb (paper path),adapt_475_to_450_q0.75,0.28722639122650473,0.09826566828716558,0.2932165745738388,0.09435945283993583,78,125.0,1229.0,472,0.8982912937347437,0.09618586160596403,106.0,170
HAP1,57,0.1,0.5,GoCo-ens (paper path),adapt_475_to_450_q0.5,0.025513509688183722,0.0940934534598418,0.2873629376506764,0.08945488115244318,76,123.0,1226.0,448,0.899673735725938,0.09083743727754816,106.0,148
HAP1,58,0.1,0.1,GoCo-knap (paper path),adapt_475_to_450_q0.275,0.016502322682438578,0.09356831591716884,0.28637997109897884,0.09597732128366279,68,113.0,1237.0,479,0.9086499595796281,0.09680584621691354,103.0,136
HAP1,58,0.1,0.1,GoCo-knapEB (paper path),adapt_475_to_450_q0.125,0.0008058440114574122,0.09062779217105255,0.2821114253982876,0.0929813159574311,68,113.0,1173.0,465,0.9036658141517476,0.09380984089068185,103.0,126
HAP1,58,0.1,0.1,GoCo-learned (paper path),adapt_475_to_450_q0.6,0.09240119018558213,0.09595772264383921,0.28937184697561047,0.10192124789627827,71,117.0,1294.0,506,0.9095826893353941,0.10319362547045224,105.0,208
HAP1,58,0.1,0.1,GoCo-learnedgb (paper path),adapt_475_to_450_q0.6,0.027104968859187294,0.09418231208014637,0.2868766841076722,0.09814850044843096,71,117.0,1247.0,489,0.9061748195669607,0.09942087802260492,105.0,191
HAP1,58,0.1,0.1,GoCo-ens (paper path),adapt_475_to_450_q0.4,0.017234218980466242,0.09362749627899235,0.2860902234134338,0.09748272148704613,71,117.0,1278.0,486,0.9084507042253521,0.0987550990612201,105.0,187
HAP1,58,0.1,0.5,GoCo-knap (paper path),adapt_475_to_450_q0.4,0.2829477794355346,0.09822876864686257,0.2928823643206295,0.10196933193612617,68,113.0,1301.0,506,0.9131437355880092,0.10279785686937692,103.0,167
HAP1,58,0.1,0.5,GoCo-knapEB (paper path),adapt_475_to_450_q0.125,0.0008058440114574122,0.09062779217105255,0.2821114253982876,0.0929813159574311,68,113.0,1173.0,465,0.9036658141517476,0.09380984089068185,103.0,126
HAP1,58,0.1,0.5,GoCo-learned (paper path),adapt_475_to_450_q0.6,0.09240119018558213,0.09595772264383921,0.28937184697561047,0.10192124789627827,71,117.0,1294.0,506,0.9095826893353941,0.10319362547045224,105.0,208
HAP1,58,0.1,0.5,GoCo-learnedgb (paper path),adapt_475_to_450_q0.6,0.027104968859187294,0.09418231208014637,0.2868766841076722,0.09814850044843096,71,117.0,1247.0,489,0.9061748195669607,0.09942087802260492,105.0,191
HAP1,58,0.1,0.5,GoCo-ens (paper path),adapt_475_to_450_q0.5,0.2416730340432564,0.09784409636776288,0.2919877683858823,0.10214317421673988,71,117.0,1322.0,507,0.9114977307110439,0.10341555179091384,105.0,208
HAP1,59,0.1,0.1,GoCo-knap (paper path),adapt_475_to_450_q0.3,0.06900841695811294,0.09547355173497109,0.2897100312105408,0.09350438803249182,77,144.0,1253.0,471,0.8850758180367119,0.09426413338566905,128.0,125
HAP1,59,0.1,0.1,GoCo-knapEB (paper path),adapt_475_to_450_q0.225,0.0061840796450104854,0.0924775464087394,0.2854802959030456,0.092838609071107,77,144.0,1244.0,468,0.8842443729903537,0.09359835442428424,128.0,122
HAP1,59,0.1,0.1,GoCo-learned (paper path),adapt_475_to_450_q0.5,0.001405707328682894,0.09108680813902757,0.2832146627279527,0.0890325726870955,80,147.0,1190.0,450,0.8764705882352941,0.09005123207199271,128.0,140
HAP1,59,0.1,0.1,GoCo-learnedgb (paper path),adapt_475_to_450_q0.5,0.00041971962398362533,0.09008813969695034,0.28176729839519976,0.09014220428940353,80,147.0,1185.0,455,0.8759493670886076,0.09116086367430075,128.0,145
HAP1,59,0.1,0.1,GoCo-ens (paper path),adapt_475_to_450_q0.4,0.03235483694440078,0.09439720908370856,0.2879302647382007,0.09169568853263478,80,147.0,1266.0,462,0.8838862559241706,0.092714347917532,128.0,151
HAP1,59,0.1,0.5,GoCo-knap (paper path),adapt_475_to_450_q0.4,0.3364037783240199,0.09869148338166439,0.2941513624301657,0.09527979859618467,77,144.0,1278.0,479,0.8873239436619719,0.09603954394936191,128.0,136
HAP1,59,0.1,0.5,GoCo-knapEB (paper path),adapt_475_to_450_q0.225,0.0061840796450104854,0.0924775464087394,0.2854802959030456,0.092838609071107,77,144.0,1244.0,468,0.8842443729903537,0.09359835442428424,128.0,122
HAP1,59,0.1,0.5,GoCo-learned (paper path),adapt_475_to_450_q0.5,0.001405707328682894,0.09108680813902757,0.2832146627279527,0.0890325726870955,80,147.0,1190.0,450,0.8764705882352941,0.09005123207199271,128.0,140
HAP1,59,0.1,0.5,GoCo-learnedgb (paper path),adapt_475_to_450_q0.6,0.355757268093599,0.0988542293551838,0.29411326790169284,0.09635614126232853,80,147.0,1241.0,483,0.8815471394037067,0.09737480064722574,128.0,173
HAP1,59,0.1,0.5,GoCo-ens (paper path),adapt_475_to_450_q0.4,0.03235483694440078,0.09439720908370856,0.2879302647382007,0.09169568853263478,80,147.0,1266.0,462,0.8838862559241706,0.092714347917532,128.0,151
HAP1,60,0.1,0.1,GoCo-knap (paper path),adapt_475_to_450_q0.275,0.07964692904020215,0.0957007820619195,0.28997925921089296,0.09136035714316675,78,127.0,1242.0,465,0.8977455716586151,0.09323035058872571,110.0,122
HAP1,60,0.1,0.1,GoCo-knapEB (paper path),adapt_475_to_450_q0.2,0.02677110394371761,0.09414729781868825,0.28780099466466275,0.0894185018391277,78,127.0,1207.0,457,0.8947804473902237,0.09128849528468666,110.0,115
HAP1,60,0.1,0.1,GoCo-learned (paper path),adapt_475_to_450_q0.6,0.008895991650709856,0.09286752270920721,0.2857047684315606,0.09135295961282013,81,130.0,1230.0,465,0.8943089430894309,0.09351885481458529,111.0,167
HAP1,60,0.1,0.1,GoCo-learnedgb (paper path),adapt_475_to_450_q0.5,8.408227265124163e-05,0.08890058972930252,0.28004247365845664,0.08647058056266478,80,129.0,1172.0,442,0.8899317406143344,0.08863647576442994,110.0,140
HAP1,60,0.1,0.1,GoCo-ens (paper path),adapt_475_to_450_q0.4,0.0049349397638408996,0.09225722532959128,0.2848575617998354,0.08635221984563168,79,128.0,1217.0,441,0.8948233360723089,0.08829618872693523,110.0,133
HAP1,60,0.1,0.5,GoCo-knap (paper path),adapt_475_to_450_q0.35,0.32394534190185953,0.09858582422792038,0.29396001069374,0.09424539930916764,78,127.0,1273.0,478,0.9002356637863315,0.09611539275472661,110.0,135
HAP1,60,0.1,0.5,GoCo-knapEB (paper path),adapt_475_to_450_q0.2,0.02677110394371761,0.09414729781868825,0.28780099466466275,0.0894185018391277,78,127.0,1207.0,457,0.8947804473902237,0.09128849528468666,110.0,115
HAP1,60,0.1,0.5,GoCo-learned (paper path),adapt_475_to_450_q0.6,0.008895991650709856,0.09286752270920721,0.2857047684315606,0.09135295961282013,81,130.0,1230.0,465,0.8943089430894309,0.09351885481458529,111.0,167
HAP1,60,0.1,0.5,GoCo-learnedgb (paper path),adapt_475_to_450_q0.6,0.10189611252400127,0.09611319514430475,0.2903479998917164,0.09179681225374334,80,129.0,1229.0,466,0.8950366151342555,0.09396270745550851,110.0,165
HAP1,60,0.1,0.5,GoCo-ens (paper path),adapt_475_to_450_q0.5,0.30414135891472927,0.09841568072074738,0.29345204596064567,0.09268451753558977,81,130.0,1293.0,471,0.8994586233565351,0.09485041273735494,111.0,172
HAP1,61,0.1,0.1,GoCo-knap (paper path),adapt_475_to_450_q0.2,3.069365330774074e-05,0.08820317104405898,0.27945488526555584,0.08207291678500292,74,119.0,1087.0,418,0.890524379024839,0.08324182479647706,107.0,70
HAP1,61,0.1,0.1,GoCo-knapEB (paper path),adapt_475_to_450_q0.15,0.017639320653315246,0.093635602328799,0.2870025621101691,0.08836082920028641,75,121.0,1152.0,446,0.8949652777777778,0.08938178633365745,108.0,115
HAP1,61,0.1,0.1,GoCo-learned (paper path),adapt_475_to_450_q0.5,0.00046450815044148504,0.09017355173753465,0.2817238811895145,0.08288294786262448,77,123.0,1101.0,421,0.888283378746594,0.08434775763691874,108.0,121
HAP1,61,0.1,0.1,GoCo-learnedgb (paper path),adapt_475_to_450_q0.5,0.012724301959369605,0.09326387574930113,0.28617759123221953,0.08694419952310353,78,124.0,1129.0,441,0.8901682905225864,0.0886309356178594,108.0,137
HAP1,61,0.1,0.1,GoCo-ens (paper path),adapt_475_to_450_q0.4,0.06915126965859243,0.09548313895391719,0.28930606219604077,0.09005116800956603,75,121.0,1221.0,452,0.9009009009009009,0.09107212514293707,108.0,149
HAP1,61,0.1,0.5,GoCo-knap (paper path),adapt_475_to_450_q0.3,0.48073080758608866,0.099849539301724,0.29560463994233394,0.09279935560951855,75,121.0,1225.0,466,0.9012244897959184,0.09382031274288959,108.0,134
HAP1,61,0.1,0.5,GoCo-knapEB (paper path),adapt_475_to_450_q0.15,0.017639320653315246,0.093635602328799,0.2870025621101691,0.08836082920028641,75,121.0,1152.0,446,0.8949652777777778,0.08938178633365745,108.0,115
HAP1,61,0.1,0.5,GoCo-learned (paper path),adapt_475_to_450_q0.6,0.24066794800591867,0.09783000979346008,0.2925497597079555,0.09020651643785751,77,123.0,1187.0,454,0.8963774220724515,0.09167132621215177,108.0,154
HAP1,61,0.1,0.5,GoCo-learnedgb (paper path),adapt_475_to_450_q0.6,0.4494752499723641,0.09960542035715293,0.29497498795751936,0.09176000068108876,78,124.0,1194.0,462,0.8961474036850922,0.09344673677584461,108.0,162
HAP1,61,0.1,0.5,GoCo-ens (paper path),adapt_475_to_450_q0.4,0.06915126965859243,0.09548313895391719,0.28930606219604077,0.09005116800956603,75,121.0,1221.0,452,0.9009009009009009,0.09107212514293707,108.0,149
HAP1,62,0.1,0.1,GoCo-knap (paper path),adapt_475_to_450_q0.3,0.0013863282034164844,0.09106538009892239,0.2834931492188246,0.09876145584830379,86,151.0,1341.0,498,0.8873974645786726,0.10000645289262877,131.0,147
HAP1,62,0.1,0.1,GoCo-knapEB (paper path),adapt_475_to_450_q0.2,9.263535531040491e-05,0.08895708005453712,0.2804275431735503,0.09565448736184129,86,151.0,1281.0,484,0.8821233411397346,0.09689948440616628,131.0,138
HAP1,62,0.1,0.1,GoCo-learned (paper path),adapt_475_to_450_q0.6,0.0006980853849912046,0.09049946799232755,0.28224590127836674,0.09552133157419407,87,152.0,1301.0,483,0.8831667947732513,0.09698825493898065,131.0,171
HAP1,62,0.1,0.1,GoCo-learnedgb (paper path),adapt_475_to_450_q0.6,0.02064502481351443,0.09382836279925165,0.28711237733121736,0.09774059477881014,86,151.0,1303.0,492,0.884113584036838,0.09898559182313511,131.0,177
HAP1,62,0.1,0.1,GoCo-ens (paper path),adapt_475_to_450_q0.4,8.251287683632047e-05,0.08889050216898091,0.2799467022241721,0.09655698773414359,86,151.0,1350.0,487,0.8881481481481481,0.09780198477846858,131.0,171
HAP1,62,0.1,0.5,GoCo-knap (paper path),adapt_475_to_450_q0.4,0.1693242243535778,0.09705739075138577,0.29194715730687326,0.10408768753938234,86,151.0,1396.0,522,0.8918338108882522,0.10533268458370733,131.0,171
HAP1,62,0.1,0.5,GoCo-knapEB (paper path),adapt_475_to_450_q0.225,0.3923730000472332,0.0991527451044366,0.29446942034803597,0.10423563841748544,87,152.0,1346.0,523,0.8870728083209509,0.10548063546181043,132.0,203
HAP1,62,0.1,0.5,GoCo-learned (paper path),adapt_475_to_450_q0.6,0.0006980853849912046,0.09049946799232755,0.28224590127836674,0.09552133157419407,87,152.0,1301.0,483,0.8831667947732513,0.09698825493898065,131.0,171
HAP1,62,0.1,0.5,GoCo-learnedgb (paper path),adapt_475_to_450_q0.6,0.02064502481351443,0.09382836279925165,0.28711237733121736,0.09774059477881014,86,151.0,1303.0,492,0.884113584036838,0.09898559182313511,131.0,177
HAP1,62,0.1,0.5,GoCo-ens (paper path),adapt_475_to_450_q0.6,0.4485936656160666,0.09959844713125343,0.2950119166462613,0.1066176475972744,87,152.0,1440.0,533,0.8944444444444445,0.10808457096206099,131.0,221
HAP1,63,0.1,0.1,GoCo-knap (paper path),adapt_475_to_450_q0.3,0.0265891189376024,0.09413922776017938,0.287758286241791,0.09483143856895272,79,128.0,1228.0,472,0.8957654723127035,0.09614099598213983,107.0,120
HAP1,63,0.1,0.1,GoCo-knapEB (paper path),adapt_475_to_450_q0.175,0.0002283454633512375,0.08961747898077414,0.28121043401383344,0.09020797355713127,79,127.0,1159.0,451,0.8904227782571182,0.09144355552795988,107.0,111
HAP1,63,0.1,0.1,GoCo-learned (paper path),adapt_475_to_450_q0.6,0.0048784669228329495,0.09225100465532254,0.28464829412218584,0.09827129653280066,81,130.0,1271.0,488,0.8977183320220299,0.09958085394598779,109.0,184
HAP1,63,0.1,0.1,GoCo-learnedgb (paper path),adapt_475_to_450_q0.6,0.00010021413572549038,0.08903307300862925,0.27998228420836474,0.09654027123055456,80,129.0,1235.0,480,0.8955465587044534,0.09802736970275654,108.0,174
HAP1,63,0.1,0.1,GoCo-ens (paper path),adapt_475_to_450_q0.5,0.02415155844668618,0.0940264152190154,0.28717476040094625,0.09760551757141583,80,129.0,1292.0,484,0.9001547987616099,0.09891507498460296,108.0,179
HAP1,63,0.1,0.5,GoCo-knap (paper path),adapt_475_to_450_q0.4,0.3492716736186922,0.09879968048987313,0.29422117763493527,0.09971381761910807,79,128.0,1283.0,494,0.9002338269680437,0.10102337503229519,107.0,142
HAP1,63,0.1,0.5,GoCo-knapEB (paper path),adapt_475_to_450_q0.225,0.393032392899493,0.09915846137969006,0.2943310399198665,0.099972731654135,81,129.0,1237.0,496,0.8957154405820533,0.10120831362496362,109.0,189
HAP1,63,0.1,0.5,GoCo-learned (paper path),adapt_475_to_450_q0.6,0.0048784669228329495,0.09225100465532254,0.28464829412218584,0.09827129653280066,81,130.0,1271.0,488,0.8977183320220299,0.09958085394598779,109.0,184
HAP1,63,0.1,0.5,GoCo-learnedgb (paper path),adapt_475_to_450_q0.6,0.00010021413572549038,0.08903307300862925,0.27998228420836474,0.09654027123055456,80,129.0,1235.0,480,0.8955465587044534,0.09802736970275654,108.0,174
HAP1,63,0.1,0.5,GoCo-ens (paper path),adapt_475_to_450_q0.5,0.02415155844668618,0.0940264152190154,0.28717476040094625,0.09760551757141583,80,129.0,1292.0,484,0.9001547987616099,0.09891507498460296,108.0,179
HAP1,64,0.1,0.1,GoCo-knap (paper path),adapt_475_to_450_q0.4,0.02210565608793493,0.09390046082923162,0.28778090761286634,0.10240067121615369,89,142.0,1366.0,517,0.8960468521229868,0.10345138666289042,125.0,152
HAP1,64,0.1,0.1,GoCo-knapEB (paper path),adapt_475_to_450_q0.275,2.727054063554311e-07,0.08546726065169055,0.2753939231890688,0.09341265523745862,89,142.0,1246.0,475,0.8860353130016051,0.09446337068419534,125.0,121
HAP1,64,0.1,0.1,GoCo-learned (paper path),adapt_475_to_450_q0.6,0.09644449727696347,0.09601615842215178,0.29045238004196217,0.10304795632190933,89,142.0,1345.0,518,0.8944237918215613,0.10409867176864605,125.0,183
HAP1,64,0.1,0.1,GoCo-learnedgb (paper path),adapt_475_to_450_q0.6,0.030088945608549644,0.09429622943857432,0.2880932499562185,0.1021602510400629,89,142.0,1328.0,514,0.8930722891566265,0.10321096648679963,125.0,179
HAP1,64,0.1,0.1,GoCo-ens (paper path),adapt_475_to_450_q0.5,0.018435860458474698,0.09368593205730491,0.28718357808185224,0.10193832471960129,89,142.0,1367.0,513,0.8961228968544257,0.10298904016633802,125.0,177
HAP1,64,0.1,0.5,GoCo-knap (paper path),adapt_475_to_450_q0.5,0.1429835828051612,0.0967226238748496,0.2915870607184187,0.10517475022192378,89,142.0,1394.0,529,0.8981348637015782,0.10622546566866051,125.0,173
HAP1,64,0.1,0.5,GoCo-knapEB (paper path),adapt_475_to_450_q0.275,2.727054063554311e-07,0.08546726065169055,0.2753939231890688,0.09341265523745862,89,142.0,1246.0,475,0.8860353130016051,0.09446337068419534,125.0,121
HAP1,64,0.1,0.5,GoCo-learned (paper path),adapt_475_to_450_q0.6,0.09644449727696347,0.09601615842215178,0.29045238004196217,0.10304795632190933,89,142.0,1345.0,518,0.8944237918215613,0.10409867176864605,125.0,183
HAP1,64,0.1,0.5,GoCo-learnedgb (paper path),adapt_475_to_450_q0.6,0.030088945608549644,0.09429622943857432,0.2880932499562185,0.1021602510400629,89,142.0,1328.0,514,0.8930722891566265,0.10321096648679963,125.0,179
HAP1,64,0.1,0.5,GoCo-ens (paper path),adapt_475_to_450_q0.6,0.22599160292015458,0.09768060582561383,0.29275353866211634,0.1052672195265254,89,142.0,1400.0,528,0.8985714285714286,0.10631793497326213,125.0,192
HAP1,65,0.1,0.1,GoCo-knap (paper path),adapt_475_to_450_q0.4,0.09710846924555067,0.09602583766056334,0.29061160607949954,0.10024529591672324,89,152.0,1388.0,506,0.8904899135446686,0.10178972537973643,130.0,165
HAP1,65,0.1,0.1,GoCo-knapEB (paper path),adapt_475_to_450_q0.275,0.00792507867656443,0.0927339305748185,0.28593691549098765,0.09669447478933753,90,153.0,1346.0,491,0.8863298662704309,0.09823890425235073,131.0,156
HAP1,65,0.1,0.1,GoCo-learned (paper path),adapt_475_to_450_q0.6,0.0002554727201298641,0.08970648568674187,0.28120659279691107,0.09001079377959265,90,153.0,1266.0,460,0.8791469194312796,0.09155522324260584,131.0,158
HAP1,65,0.1,0.1,GoCo-learnedgb (paper path),adapt_475_to_450_q0.6,0.000789747412624512,0.09059419096858831,0.2825956136096634,0.0918971675035163,89,152.0,1259.0,468,0.8792692613185068,0.0934415969665295,130.0,162
HAP1,65,0.1,0.1,GoCo-ens (paper path),adapt_475_to_450_q0.5,0.03983691370357752,0.09467763526640466,0.28829488767908207,0.09689050971390245,90,153.0,1387.0,491,0.889689978370584,0.09843493917691565,131.0,187
HAP1,65,0.1,0.5,GoCo-knap (paper path),adapt_475_to_450_q0.4,0.09710846924555067,0.09602583766056334,0.29061160607949954,0.10024529591672324,89,152.0,1388.0,506,0.8904899135446686,0.10178972537973643,130.0,165
HAP1,65,0.1,0.5,GoCo-knapEB (paper path),adapt_475_to_450_q0.275,0.00792507867656443,0.0927339305748185,0.28593691549098765,0.09669447478933753,90,153.0,1346.0,491,0.8863298662704309,0.09823890425235073,131.0,156
HAP1,65,0.1,0.5,GoCo-learned (paper path),adapt_475_to_450_q0.6,0.0002554727201298641,0.08970648568674187,0.28120659279691107,0.09001079377959265,90,153.0,1266.0,460,0.8791469194312796,0.09155522324260584,131.0,158
HAP1,65,0.1,0.5,GoCo-learnedgb (paper path),adapt_475_to_450_q0.6,0.000789747412624512,0.09059419096858831,0.2825956136096634,0.0918971675035163,89,152.0,1259.0,468,0.8792692613185068,0.0934415969665295,130.0,162
HAP1,65,0.1,0.5,GoCo-ens (paper path),adapt_475_to_450_q0.5,0.03983691370357752,0.09467763526640466,0.28829488767908207,0.09689050971390245,90,153.0,1387.0,491,0.889689978370584,0.09843493917691565,131.0,187
HAP1,66,0.1,0.1,GoCo-knap (paper path),adapt_475_to_450_q0.3,0.09818978711661747,0.09605227349283851,0.29007941193767717,0.0878566353223454,78,148.0,1248.0,448,0.8814102564102564,0.08922871161885543,130.0,130
HAP1,66,0.1,0.1,GoCo-knapEB (paper path),adapt_475_to_450_q0.275,0.027292057373306713,0.094184393627851,0.2872191161009785,0.08715386864308829,78,150.0,1247.0,444,0.8797113071371291,0.08852594493959831,132.0,142
HAP1,66,0.1,0.1,GoCo-learned (paper path),adapt_475_to_450_q0.5,0.026687515986244744,0.09415665283448633,0.28713982610284133,0.08847433026372407,78,150.0,1251.0,449,0.8800959232613909,0.08984640656023411,132.0,168
HAP1,66,0.1,0.1,GoCo-learnedgb (paper path),adapt_475_to_450_q0.5,0.008474089770598242,0.0928250949117167,0.2852484861295939,0.08825240394326248,78,150.0,1210.0,448,0.8760330578512396,0.0896244802397725,132.0,167
HAP1,66,0.1,0.1,GoCo-ens (paper path),adapt_475_to_450_q0.4,0.04593641916982056,0.0948834615336674,0.2881590549457472,0.08733140971202402,78,150.0,1271.0,444,0.8819826907946499,0.08870348600853405,132.0,161
HAP1,66,0.1,0.5,GoCo-knap (paper path),adapt_475_to_450_q0.4,0.3793868482541422,0.0990482788190702,0.29420664211139613,0.09074167748834629,78,148.0,1279.0,461,0.8842845973416732,0.09211375378485631,130.0,143
HAP1,66,0.1,0.5,GoCo-knapEB (paper path),adapt_475_to_450_q0.275,0.027292057373306713,0.094184393627851,0.2872191161009785,0.08715386864308829,78,150.0,1247.0,444,0.8797113071371291,0.08852594493959831,132.0,142
HAP1,66,0.1,0.5,GoCo-learned (paper path),adapt_475_to_450_q0.5,0.026687515986244744,0.09415665283448633,0.28713982610284133,0.08847433026372407,78,150.0,1251.0,449,0.8800959232613909,0.08984640656023411,132.0,168
HAP1,66,0.1,0.5,GoCo-learnedgb (paper path),adapt_475_to_450_q0.5,0.008474089770598242,0.0928250949117167,0.2852484861295939,0.08825240394326248,78,150.0,1210.0,448,0.8760330578512396,0.0896244802397725,132.0,167
HAP1,66,0.1,0.5,GoCo-ens (paper path),adapt_475_to_450_q0.4,0.04593641916982056,0.0948834615336674,0.2881590549457472,0.08733140971202402,78,150.0,1271.0,444,0.8819826907946499,0.08870348600853405,132.0,161
HAP1,67,0.1,0.1,GoCo-knap (paper path),adapt_475_to_450_q0.25,4.0082437438390097e-05,0.08839083968753081,0.27943755548325555,0.08256696704634549,74,115.0,1158.0,419,0.9006908462867013,0.0841834264606092,100.0,82
HAP1,67,0.1,0.1,GoCo-knapEB (paper path),adapt_475_to_450_q0.225,0.08926595057535835,0.09589009993753854,0.2900188583781069,0.08959463386537232,74,117.0,1252.0,450,0.9065495207667732,0.09091519152342982,102.0,131
HAP1,67,0.1,0.1,GoCo-learned (paper path),adapt_475_to_450_q0.5,0.0026104900491110694,0.09165315661220565,0.28369420630464853,0.08376167040968069,74,117.0,1186.0,423,0.9013490725126475,0.08508222806773819,102.0,132
HAP1,67,0.1,0.1,GoCo-learnedgb (paper path),adapt_475_to_450_q0.5,0.08215997454271723,0.09575879354074537,0.2895144110333138,0.08575900729383515,75,118.0,1157.0,433,0.8980121002592912,0.08730149127235426,102.0,140
HAP1,67,0.1,0.1,GoCo-ens (paper path),adapt_475_to_450_q0.4,0.03915599815526507,0.09465840886294498,0.2880242683378475,0.08707946889793614,74,117.0,1265.0,438,0.9075098814229249,0.08840002655599363,102.0,144
HAP1,67,0.1,0.5,GoCo-knap (paper path),adapt_475_to_450_q0.3,0.3462347459414697,0.09877514210353944,0.29399721588715433,0.09114811810860357,74,117.0,1276.0,457,0.908307210031348,0.09246867576666107,102.0,138
HAP1,67,0.1,0.5,GoCo-knapEB (paper path),adapt_475_to_450_q0.225,0.08926595057535835,0.09589009993753854,0.2900188583781069,0.08959463386537232,74,117.0,1252.0,450,0.9065495207667732,0.09091519152342982,102.0,131
HAP1,67,0.1,0.5,GoCo-learned (paper path),adapt_475_to_450_q0.6,0.267726639638321,0.09808901990559225,0.29274068947645954,0.0910852389849137,74,117.0,1266.0,456,0.9075829383886256,0.0924057966429712,102.0,165
HAP1,67,0.1,0.5,GoCo-learnedgb (paper path),adapt_475_to_450_q0.6,0.46838452603083597,0.0997534673090543,0.29501230527636646,0.09175101794629853,75,118.0,1251.0,460,0.9056754596322941,0.09329350192481764,102.0,169
HAP1,67,0.1,0.5,GoCo-ens (paper path),adapt_475_to_450_q0.4,0.03915599815526507,0.09465840886294498,0.2880242683378475,0.08707946889793614,74,117.0,1265.0,438,0.9075098814229249,0.08840002655599363,102.0,144
HAP1,68,0.1,0.1,GoCo-knap (paper path),adapt_475_to_450_q0.175,0.06522914181594877,0.09539150628040115,0.2892893564694908,0.08935580687341932,80,144.0,1234.0,455,0.8833063209076175,0.091030734131932,123.0,123
HAP1,68,0.1,0.1,GoCo-knapEB (paper path),adapt_475_to_450_q0.2,0.0109878355908791,0.09309826763673354,0.2860116897539831,0.08743244543162336,80,144.0,1200.0,446,0.88,0.08910737269013604,123.0,119
HAP1,68,0.1,0.1,GoCo-learned (paper path),adapt_475_to_450_q0.5,0.005689539227947589,0.09240659727449159,0.28482813554683345,0.08812781457061297,83,148.0,1216.0,451,0.8782894736842105,0.08980274182912566,127.0,152
HAP1,68,0.1,0.1,GoCo-learnedgb (paper path),adapt_475_to_450_q0.5,0.015535248208273516,0.09349403624607625,0.2864438472933388,0.08990322513430583,83,148.0,1208.0,459,0.8774834437086093,0.09157815239281851,127.0,157
HAP1,68,0.1,0.1,GoCo-ens (paper path),adapt_475_to_450_q0.4,0.061908604021475196,0.09531568146206991,0.28895706406380905,0.09027310233287053,83,148.0,1267.0,461,0.8831886345698501,0.09194802959138322,127.0,158
HAP1,68,0.1,0.5,GoCo-knap (paper path),adapt_475_to_450_q0.3,0.49243954633257997,0.09994099584986409,0.29554890992012856,0.09335048064172824,80,144.0,1278.0,473,0.8873239436619719,0.09502540790024092,123.0,141
HAP1,68,0.1,0.5,GoCo-knapEB (paper path),adapt_475_to_450_q0.2,0.0109878355908791,0.09309826763673354,0.2860116897539831,0.08743244543162336,80,144.0,1200.0,446,0.88,0.08910737269013604,123.0,119
HAP1,68,0.1,0.5,GoCo-learned (paper path),adapt_475_to_450_q0.5,0.005689539227947589,0.09240659727449159,0.28482813554683345,0.08812781457061297,83,148.0,1216.0,451,0.8782894736842105,0.08980274182912566,127.0,152
HAP1,68,0.1,0.5,GoCo-learnedgb (paper path),adapt_475_to_450_q0.6,0.23977330686675835,0.09782159949507757,0.29248882096076456,0.09434175154353797,83,148.0,1264.0,479,0.8829113924050633,0.09601667880205064,127.0,177
HAP1,68,0.1,0.5,GoCo-ens (paper path),adapt_475_to_450_q0.4,0.061908604021475196,0.09531568146206991,0.28895706406380905,0.09027310233287053,83,148.0,1267.0,461,0.8831886345698501,0.09194802959138322,127.0,158
HAP1,69,0.1,0.1,GoCo-knap (paper path),adapt_475_to_450_q0.3,0.008250781114579067,0.09278075367582675,0.28583831330464043,0.09984532413657803,89,139.0,1295.0,505,0.8926640926640926,0.10094808658797425,123.0,137
HAP1,69,0.1,0.1,GoCo-knapEB (paper path),adapt_475_to_450_q0.175,0.0004573106484988629,0.09015092678298646,0.28200060264131366,0.09766304865314121,89,139.0,1249.0,495,0.88871096877502,0.09876581110453743,123.0,130
HAP1,69,0.1,0.1,GoCo-learned (paper path),adapt_475_to_450_q0.5,0.0009919756150870835,0.09079636249623456,0.2825159237791124,0.09626491284812232,90,141.0,1250.0,488,0.8872,0.09744165073526313,124.0,158
HAP1,69,0.1,0.1,GoCo-learnedgb (paper path),adapt_475_to_450_q0.5,9.107601199427221e-05,0.0889654703524263,0.27989501668042227,0.09471142860489107,90,141.0,1195.0,481,0.8820083682008368,0.09588816649203188,124.0,145
HAP1,69,0.1,0.1,GoCo-ens (paper path),adapt_475_to_450_q0.4,0.009164764916539864,0.09290466254061981,0.2855455311398021,0.10114729189827767,90,141.0,1331.0,510,0.8940646130728775,0.10232402978541848,124.0,178
HAP1,69,0.1,0.5,GoCo-knap (paper path),adapt_475_to_450_q0.35,0.10182616958590601,0.09610964848275085,0.29052304535258877,0.10361807158442535,89,139.0,1330.0,522,0.8954887218045112,0.10472083403582157,123.0,154
HAP1,69,0.1,0.5,GoCo-knapEB (paper path),adapt_475_to_450_q0.275,0.486578335011953,0.09989534163516042,0.29526111577692266,0.10769411835189507,91,142.0,1355.0,541,0.8952029520295203,0.10887085623903588,125.0,204
HAP1,69,0.1,0.5,GoCo-learned (paper path),adapt_475_to_450_q0.6,0.374343395858718,0.099007636353314,0.2940543970630643,0.10492003934612498,90,141.0,1348.0,527,0.8954005934718101,0.1060967772332658,124.0,197
HAP1,69,0.1,0.5,GoCo-learnedgb (paper path),adapt_475_to_450_q0.6,0.13508060562255297,0.09662192840835172,0.2908207975440187,0.10025958661643124,90,141.0,1266.0,506,0.8886255924170616,0.10143632450357205,124.0,174
HAP1,69,0.1,0.5,GoCo-ens (paper path),adapt_475_to_450_q0.4,0.009164764916539864,0.09290466254061981,0.2855455311398021,0.10114729189827767,90,141.0,1331.0,510,0.8940646130728775,0.10232402978541848,124.0,178
HAP1,70,0.1,0.1,GoCo-knap (paper path),adapt_475_to_450_q0.35,0.09684504473059785,0.09602870781733573,0.2900587302035731,0.09813255251869328,72,116.0,1300.0,489,0.9107692307692308,0.09974944427827703,98.0,156
HAP1,70,0.1,0.1,GoCo-knapEB (paper path),adapt_475_to_450_q0.25,0.008417565420690047,0.09281077617064244,0.2855237430972879,0.0922515050264607,73,117.0,1221.0,463,0.9041769041769042,0.09397935994627525,98.0,139
HAP1,70,0.1,0.1,GoCo-learned (paper path),adapt_475_to_450_q0.6,0.001578143504376494,0.09120365973484289,0.28286727006188145,0.0911714636149853,76,120.0,1228.0,459,0.9022801302931596,0.09304726940628903,99.0,159
HAP1,70,0.1,0.1,GoCo-learnedgb (paper path),adapt_475_to_450_q0.6,2.9123428478818373e-05,0.0882076544086112,0.278487709600962,0.08895220041036923,75,119.0,1169.0,448,0.8982035928143712,0.09082800620167297,98.0,148
HAP1,70,0.1,0.1,GoCo-ens (paper path),adapt_475_to_450_q0.5,0.008374796272377357,0.09281262555818953,0.28522714311876074,0.09205916889683173,76,120.0,1267.0,463,0.9052880820836622,0.09393497468813546,99.0,159
HAP1,70,0.1,0.5,GoCo-knap (paper path),adapt_475_to_450_q0.4,0.17576343935498784,0.09713833941964377,0.29159793262209277,0.09946411044146292,72,116.0,1316.0,495,0.9118541033434651,0.10108100220104667,98.0,162
HAP1,70,0.1,0.5,GoCo-knapEB (paper path),adapt_475_to_450_q0.25,0.008417565420690047,0.09281077617064244,0.2855237430972879,0.0922515050264607,73,117.0,1221.0,463,0.9041769041769042,0.09397935994627525,98.0,139
HAP1,70,0.1,0.5,GoCo-learned (paper path),adapt_475_to_450_q0.75,0.17094332302996862,0.09708470722707546,0.29118311615915504,0.09538806370375583,76,120.0,1270.0,478,0.905511811023622,0.09726386949505957,99.0,178
HAP1,70,0.1,0.5,GoCo-learnedgb (paper path),adapt_475_to_450_q0.75,0.10654322022133128,0.09619700194522904,0.2899508217757386,0.09716347426744869,75,119.0,1280.0,485,0.90703125,0.09903928005875241,98.0,185
HAP1,70,0.1,0.5,GoCo-ens (paper path),adapt_475_to_450_q0.6,0.30394129256713603,0.09841626514984511,0.29301679847791656,0.09960466379252636,76,120.0,1339.0,497,0.9103808812546677,0.10148046958383009,99.0,195
HAP1,71,0.1,0.1,GoCo-knap (paper path),adapt_475_to_450_q0.125,5.6348550229440146e-05,0.08861222161791138,0.27995907873795955,0.08064504666522615,86,130.0,1091.0,421,0.8808432630614116,0.08252940288568358,114.0,60
HAP1,71,0.1,0.1,GoCo-knapEB (paper path),adapt_475_to_450_q0.125,0.09364234872231597,0.09596801434444735,0.2902676258447575,0.08935565474995813,88,135.0,1184.0,460,0.8859797297297297,0.09085163991622167,118.0,112
HAP1,71,0.1,0.1,GoCo-learned (paper path),adapt_475_to_450_q0.4,0.0005280598170658276,0.0902774536240593,0.2818133588028396,0.08325268093395699,89,136.0,1136.0,431,0.8802816901408451,0.08497059242068213,118.0,122
HAP1,71,0.1,0.1,GoCo-learnedgb (paper path),adapt_475_to_450_q0.4,0.0006950017979812436,0.0904993799445209,0.28213574105862776,0.08569387045903466,89,136.0,1142.0,442,0.8809106830122592,0.08741178194575981,118.0,133
HAP1,71,0.1,0.1,GoCo-ens (paper path),adapt_475_to_450_q0.3,0.03469671687831471,0.09449405371282982,0.28784763631871213,0.08587880906162397,89,136.0,1198.0,443,0.8864774624373957,0.08759672054834912,118.0,129
HAP1,71,0.1,0.5,GoCo-knap (paper path),adapt_475_to_450_q0.25,0.43850434475402855,0.09951883547183306,0.2951473816663196,0.09268454955688224,88,135.0,1238.0,475,0.8909531502423264,0.09418053472314578,118.0,130
HAP1,71,0.1,0.5,GoCo-knapEB (paper path),adapt_475_to_450_q0.225,0.28682619252481545,0.09826125299142194,0.29334928368322477,0.0917228688326773,88,135.0,1227.0,469,0.8899755501222494,0.09321885399894084,118.0,132
HAP1,71,0.1,0.5,GoCo-learned (paper path),adapt_475_to_450_q0.5,0.29973320301755835,0.09837776432090795,0.2932420740900779,0.09257358639334447,89,136.0,1238.0,473,0.8901453957996769,0.09429149788006962,118.0,164
HAP1,71,0.1,0.5,GoCo-learnedgb (paper path),adapt_475_to_450_q0.4,0.0006950017979812436,0.0904993799445209,0.28213574105862776,0.08569387045903466,89,136.0,1142.0,442,0.8809106830122592,0.08741178194575981,118.0,133
HAP1,71,0.1,0.5,GoCo-ens (paper path),adapt_475_to_450_q0.35,0.29973320301755835,0.09837776432090795,0.2932420740900779,0.09035432318872841,89,136.0,1245.0,463,0.8907630522088353,0.09207223467545354,118.0,152
HAP1,72,0.1,0.1,GoCo-knap (paper path),adapt_475_to_450_q0.3,0.007766358273254966,0.09271990807451674,0.28561657729174106,0.09799196717279306,89,143.0,1339.0,501,0.8932038834951457,0.09922745309627908,127.0,159
HAP1,72,0.1,0.1,GoCo-knapEB (paper path),adapt_475_to_450_q0.25,0.0005351959841409632,0.09027871854943907,0.282103481065352,0.09538433290736918,89,143.0,1301.0,490,0.8900845503458877,0.0966198188308552,127.0,156
HAP1,72,0.1,0.1,GoCo-learned (paper path),adapt_475_to_450_q0.6,0.011011860243255334,0.09310642975604487,0.2857769378760886,0.09586147449107049,89,145.0,1310.0,490,0.8893129770992366,0.09709696041455652,129.0,185
HAP1,72,0.1,0.1,GoCo-learnedgb (paper path),adapt_475_to_450_q0.6,0.04420690525661102,0.09482635873962232,0.28825838573330476,0.09652725345245532,89,145.0,1315.0,493,0.8897338403041825,0.09776273937594133,129.0,188
HAP1,72,0.1,0.1,GoCo-ens (paper path),adapt_475_to_450_q0.5,0.09460644239388477,0.09599147192204575,0.28984124097165864,0.10030000090030262,89,145.0,1379.0,510,0.8948513415518492,0.10153548682378866,129.0,205
HAP1,72,0.1,0.5,GoCo-knap (paper path),adapt_475_to_450_q0.4,0.28759029345443055,0.09826806608605691,0.29336897548384766,0.10154278830017877,89,143.0,1375.0,517,0.896,0.10277827422366478,127.0,175
HAP1,72,0.1,0.5,GoCo-knapEB (paper path),adapt_475_to_450_q0.25,0.0005351959841409632,0.09027871854943907,0.282103481065352,0.09538433290736918,89,143.0,1301.0,490,0.8900845503458877,0.0966198188308552,127.0,156
HAP1,72,0.1,0.5,GoCo-learned (paper path),adapt_475_to_450_q0.6,0.011011860243255334,0.09310642975604487,0.2857769378760886,0.09586147449107049,89,145.0,1310.0,490,0.8893129770992366,0.09709696041455652,129.0,185
HAP1,72,0.1,0.5,GoCo-learnedgb (paper path),adapt_475_to_450_q0.6,0.04420690525661102,0.09482635873962232,0.28825838573330476,0.09652725345245532,89,145.0,1315.0,493,0.8897338403041825,0.09776273937594133,129.0,188
HAP1,72,0.1,0.5,GoCo-ens (paper path),adapt_475_to_450_q0.5,0.09460644239388477,0.09599147192204575,0.28984124097165864,0.10030000090030262,89,145.0,1379.0,510,0.8948513415518492,0.10153548682378866,129.0,205
HAP1,73,0.1,0.1,GoCo-knap (paper path),adapt_475_to_450_q0.3,0.04066818568128256,0.09470349065446874,0.28847413469512906,0.08975755595930725,70,114.0,1194.0,447,0.9045226130653267,0.09093129960592726,98.0,137
HAP1,73,0.1,0.1,GoCo-knapEB (paper path),adapt_475_to_450_q0.25,0.0016892849916300121,0.09124513883168466,0.28355798817877265,0.08635468571663855,70,113.0,1119.0,433,0.8990169794459338,0.08782433111946476,98.0,125
HAP1,73,0.1,0.1,GoCo-learned (paper path),adapt_475_to_450_q0.6,0.004990095627633864,0.09227709621654,0.28454998192175934,0.08679483958908149,71,116.0,1158.0,434,0.8998272884283247,0.08819050955616312,99.0,157
HAP1,73,0.1,0.1,GoCo-learnedgb (paper path),adapt_475_to_450_q0.6,0.002448156062760956,0.09159467278045916,0.28357992303058815,0.08600700114879722,70,115.0,1130.0,430,0.8982300884955752,0.08740267111587884,98.0,151
HAP1,73,0.1,0.1,GoCo-ens (paper path),adapt_475_to_450_q0.4,9.291487640429587e-10,0.0828563239122834,0.27080670107731264,0.07755160833391887,70,115.0,1080.0,392,0.8935185185185185,0.07872535198053889,99.0,95
HAP1,73,0.1,0.5,GoCo-knap (paper path),adapt_475_to_450_q0.4,0.4329219488836935,0.0994749065443933,0.29506310577256734,0.09353030340715456,70,114.0,1239.0,464,0.9079903147699758,0.09470404705377457,98.0,154
HAP1,73,0.1,0.5,GoCo-knapEB (paper path),adapt_475_to_450_q0.25,0.0016892849916300121,0.09124513883168466,0.28355798817877265,0.08635468571663855,70,113.0,1119.0,433,0.8990169794459338,0.08782433111946476,98.0,125
HAP1,73,0.1,0.5,GoCo-learned (paper path),adapt_475_to_450_q0.6,0.004990095627633864,0.09227709621654,0.28454998192175934,0.08679483958908149,71,116.0,1158.0,434,0.8998272884283247,0.08819050955616312,99.0,157
HAP1,73,0.1,0.5,GoCo-learnedgb (paper path),adapt_475_to_450_q0.6,0.002448156062760956,0.09159467278045916,0.28357992303058815,0.08600700114879722,70,115.0,1130.0,430,0.8982300884955752,0.08740267111587884,98.0,151
HAP1,73,0.1,0.5,GoCo-ens (paper path),adapt_475_to_450_q0.5,0.16530090248326235,0.0970152231570725,0.2912414449322672,0.09077841703872178,70,115.0,1229.0,451,0.9064279902359642,0.09195216068534177,99.0,172
HAP1,74,0.1,0.1,GoCo-knap (paper path),adapt_475_to_450_q0.2,0.0702225064761085,0.09551437438539648,0.2888657829055291,0.08718610076416454,64,104.0,1192.0,438,0.912751677852349,0.08855860937953895,87.0,112
HAP1,74,0.1,0.1,GoCo-knapEB (paper path),adapt_475_to_450_q0.1,0.059185446385384574,0.09525546034706257,0.2884174102282242,0.08719506748004115,64,104.0,1187.0,438,0.9123841617523167,0.08856757609541555,87.0,119
HAP1,74,0.1,0.1,GoCo-learned (paper path),adapt_475_to_450_q0.6,0.05788005746741247,0.09522771956031184,0.28804282544447524,0.08732452450912898,67,107.0,1190.0,440,0.9100840336134454,0.08869703312450337,90.0,164
HAP1,74,0.1,0.1,GoCo-learnedgb (paper path),adapt_475_to_450_q0.5,0.00020182678640766447,0.08956859838854087,0.2799202259102316,0.0802672675158043,65,105.0,1071.0,407,0.9019607843137255,0.08181731719019357,88.0,129
HAP1,74,0.1,0.1,GoCo-ens (paper path),adapt_475_to_450_q0.4,0.0011123594223833386,0.09091680078600652,0.28193273134564956,0.0850090932248171,64,104.0,1217.0,427,0.914543960558751,0.0863816018401915,87.0,146
HAP1,74,0.1,0.5,GoCo-knap (paper path),adapt_475_to_450_q0.225,0.33634883852487696,0.09869531831421749,0.2931847495329468,0.08963625700511882,64,104.0,1226.0,449,0.9151712887438825,0.09100876562049322,87.0,129
HAP1,74,0.1,0.5,GoCo-knapEB (paper path),adapt_475_to_450_q0.225,0.18257207228394073,0.09722320705857268,0.2910814547593923,0.08767220907035637,66,106.0,1203.0,442,0.9118869492934331,0.08904471768573079,89.0,134
HAP1,74,0.1,0.5,GoCo-learned (paper path),adapt_475_to_450_q0.6,0.05788005746741247,0.09522771956031184,0.28804282544447524,0.08732452450912898,67,107.0,1190.0,440,0.9100840336134454,0.08869703312450337,90.0,164
HAP1,74,0.1,0.5,GoCo-learnedgb (paper path),adapt_475_to_450_q0.6,0.10791774261220749,0.09622638800238907,0.2894410795944223,0.08754645082959057,65,105.0,1173.0,439,0.9104859335038363,0.08891895944496499,88.0,163
HAP1,74,0.1,0.5,GoCo-ens (paper path),adapt_475_to_450_q0.4,0.0011123594223833386,0.09091680078600652,0.28193273134564956,0.0850090932248171,64,104.0,1217.0,427,0.914543960558751,0.0863816018401915,87.0,146
HAP1,75,0.1,0.1,GoCo-knap (paper path),adapt_475_to_450_q0.3,0.05659619480910718,0.09516670979489976,0.2896654414248345,0.09832551314454581,88,143.0,1316.0,500,0.8913373860182371,0.09969828596617242,125.0,151
HAP1,75,0.1,0.1,GoCo-knapEB (paper path),adapt_475_to_450_q0.25,0.0008582722689765746,0.09064681040304161,0.2831949784545962,0.09359478374758774,88,143.0,1256.0,478,0.8861464968152867,0.09496755656921435,125.0,136
HAP1,75,0.1,0.1,GoCo-learned (paper path),adapt_475_to_450_q0.6,9.490321638300624e-06,0.08746031832480716,0.27835747805185973,0.08762126696067443,92,147.0,1217.0,452,0.8792111750205424,0.08925295381402101,126.0,152
HAP1,75,0.1,0.1,GoCo-learnedgb (paper path),adapt_475_to_450_q0.6,0.01668365815106837,0.09356329213750135,0.28719518980295433,0.09627639345867708,92,147.0,1263.0,491,0.8836104513064132,0.09790808031202368,126.0,190
HAP1,75,0.1,0.1,GoCo-ens (paper path),adapt_475_to_450_q0.4,0.0030849769031425153,0.09178788157380849,0.2846660164369151,0.0933913512926762,91,146.0,1304.0,477,0.8880368098159509,0.0950230381460228,125.0,172
HAP1,75,0.1,0.5,GoCo-knap (paper path),adapt_475_to_450_q0.35,0.15716391140604324,0.09690513264072032,0.29199532832204417,0.10058176406703416,88,143.0,1339.0,510,0.8932038834951457,0.10195453688866077,125.0,164
HAP1,75,0.1,0.5,GoCo-knapEB (paper path),adapt_475_to_450_q0.25,0.0008582722689765746,0.09064681040304161,0.2831949784545962,0.09359478374758774,88,143.0,1256.0,478,0.8861464968152867,0.09496755656921435,125.0,136
HAP1,75,0.1,0.5,GoCo-learned (paper path),adapt_475_to_450_q0.75,0.16495579093325596,0.09700315010465625,0.29200242039834323,0.09760795138144673,92,147.0,1315.0,497,0.888212927756654,0.09923963823479331,126.0,197
HAP1,75,0.1,0.5,GoCo-learnedgb (paper path),adapt_475_to_450_q0.75,0.32066339282788014,0.0985566343478875,0.2941344908676392,0.10115877250883244,92,147.0,1323.0,513,0.8888888888888888,0.10279045936217902,126.0,213
HAP1,75,0.1,0.5,GoCo-ens (paper path),adapt_475_to_450_q0.5,0.1935992753641757,0.09733603958534866,0.2924612957764653,0.100271067226986,92,147.0,1371.0,509,0.8927789934354485,0.1019027540803326,126.0,206
HAP1,76,0.1,0.1,GoCo-knap (paper path),adapt_475_to_450_q0.3,0.05388308191226527,0.0950898281846293,0.28982518037399935,0.09224913524909385,89,158.0,1254.0,468,0.8740031897926634,0.09360262961901933,137.0,144
HAP1,76,0.1,0.1,GoCo-knapEB (paper path),adapt_475_to_450_q0.2,0.00025510015106265947,0.08967482596404332,0.2820397250308261,0.08503652983409164,89,158.0,1152.0,435,0.8628472222222222,0.0863900242040171,137.0,117
HAP1,76,0.1,0.1,GoCo-learned (paper path),adapt_475_to_450_q0.5,0.025437730476659395,0.09407821404460373,0.2879160395139516,0.09102854049316894,92,162.0,1226.0,464,0.867862969004894,0.09304781382447923,138.0,171
HAP1,76,0.1,0.1,GoCo-learnedgb (paper path),adapt_475_to_450_q0.4,1.8136586549068207e-05,0.08786427707167874,0.27894854007319686,0.08192956135424306,92,162.0,1081.0,423,0.8501387604070305,0.08394883468555335,138.0,130
HAP1,76,0.1,0.1,GoCo-ens (paper path),adapt_475_to_450_q0.4,0.026399149441443864,0.09412444869690453,0.2880226846627029,0.09211967823984779,92,162.0,1265.0,469,0.8719367588932806,0.09413895157115808,138.0,174
HAP1,76,0.1,0.5,GoCo-knap (paper path),adapt_475_to_450_q0.4,0.26612080802916305,0.09806733964861788,0.293746444217224,0.09561501778050417,89,159.0,1292.0,483,0.8769349845201239,0.09696851215042965,138.0,166
HAP1,76,0.1,0.5,GoCo-knapEB (paper path),adapt_475_to_450_q0.2,0.00025510015106265947,0.08967482596404332,0.2820397250308261,0.08503652983409164,89,158.0,1152.0,435,0.8628472222222222,0.0863900242040171,137.0,117
HAP1,76,0.1,0.5,GoCo-learned (paper path),adapt_475_to_450_q0.5,0.025437730476659395,0.09407821404460373,0.2879160395139516,0.09102854049316894,92,162.0,1226.0,464,0.867862969004894,0.09304781382447923,138.0,171
HAP1,76,0.1,0.5,GoCo-learnedgb (paper path),adapt_475_to_450_q0.5,0.19001463247596728,0.09729614569129702,0.2923999792194466,0.09125046681363054,92,162.0,1223.0,465,0.8675388389206868,0.09326974014494084,138.0,172
HAP1,76,0.1,0.5,GoCo-ens (paper path),adapt_475_to_450_q0.4,0.026399149441443864,0.09412444869690453,0.2880226846627029,0.09211967823984779,92,162.0,1265.0,469,0.8719367588932806,0.09413895157115808,138.0,174
HAP1,77,0.1,0.1,GoCo-knap (paper path),adapt_475_to_450_q0.4,0.07377717755532757,0.09557869455653512,0.28981796745705307,0.0977871496671843,77,141.0,1229.0,490,0.8852725793327909,0.09932619907686142,119.0,134
HAP1,77,0.1,0.1,GoCo-knapEB (paper path),adapt_475_to_450_q0.15,4.1670766837471674e-06,0.08697904963864785,0.27737519775582237,0.09057454425218207,77,141.0,1132.0,457,0.8754416961130742,0.0921135936618592,119.0,105
HAP1,77,0.1,0.1,GoCo-learned (paper path),adapt_475_to_450_q0.6,0.00020962807577010382,0.08956079249660068,0.28092594880275296,0.09591926981211767,82,146.0,1181.0,485,0.8763759525825572,0.0977912087024872,122.0,166
HAP1,77,0.1,0.1,GoCo-learnedgb (paper path),adapt_475_to_450_q0.6,5.108340999328941e-05,0.08856212405452345,0.27946127818397326,0.09547541717119445,82,146.0,1175.0,483,0.8757446808510638,0.09734735606156399,122.0,164
HAP1,77,0.1,0.1,GoCo-ens (paper path),adapt_475_to_450_q0.5,0.010057291714623173,0.0930006504637556,0.2858867979529999,0.09632983350364886,82,146.0,1243.0,487,0.8825422365245374,0.0982017723940184,122.0,166
HAP1,77,0.1,0.5,GoCo-knap (paper path),adapt_475_to_450_q0.4,0.07377717755532757,0.09557869455653512,0.28981796745705307,0.0977871496671843,77,141.0,1229.0,490,0.8852725793327909,0.09932619907686142,119.0,134
HAP1,77,0.1,0.5,GoCo-knapEB (paper path),adapt_475_to_450_q0.2,0.3568483156067171,0.09886320410035898,0.2941373464024661,0.09937022408802035,82,146.0,1206.0,501,0.87893864013267,0.10124216297838988,122.0,173
HAP1,77,0.1,0.5,GoCo-learned (paper path),adapt_475_to_450_q0.75,0.2130827799572026,0.09755014003321852,0.292256466103769,0.1032428383873507,82,146.0,1261.0,518,0.8842188739095955,0.10511477727772023,122.0,199
HAP1,77,0.1,0.5,GoCo-learnedgb (paper path),adapt_475_to_450_q0.75,0.15499980258517754,0.09688436107183371,0.29133745625696966,0.10279898574642747,82,146.0,1255.0,516,0.8836653386454183,0.10467092463679702,122.0,197
HAP1,77,0.1,0.5,GoCo-ens (paper path),adapt_475_to_450_q0.6,0.47045187598830823,0.09976940323783459,0.2952883356689634,0.10257705942596587,82,146.0,1295.0,515,0.8872586872586873,0.1044489983163354,122.0,196
HAP1,78,0.1,0.1,GoCo-knap (paper path),adapt_475_to_450_q0.3,0.02459175722853152,0.09403797587288044,0.28774020083911644,0.09469118942843507,86,147.0,1257.0,485,0.883054892601432,0.09635528455468956,127.0,141
HAP1,78,0.1,0.1,GoCo-knapEB (paper path),adapt_475_to_450_q0.175,0.0011108680192582104,0.09087552580630255,0.2831766445842523,0.09247192622381901,86,147.0,1217.0,475,0.8792111750205424,0.09413602135007348,127.0,131
HAP1,78,0.1,0.1,GoCo-learned (paper path),adapt_475_to_450_q0.5,0.003789629504723171,0.09199810311647981,0.28447888237026636,0.0891689228293264,87,148.0,1192.0,459,0.8758389261744967,0.09090699339132546,127.0,152
HAP1,78,0.1,0.1,GoCo-learnedgb (paper path),adapt_475_to_450_q0.5,0.00022544887073076267,0.08961239517151753,0.2810756783650722,0.09127722287371166,87,148.0,1207.0,469,0.8773819386909694,0.09301529343571073,127.0,158
HAP1,78,0.1,0.1,GoCo-ens (paper path),adapt_475_to_450_q0.4,0.0009864218213352421,0.09078305650996833,0.2827720397856256,0.09138818603394247,87,148.0,1243.0,469,0.8809332260659695,0.09312625659594152,127.0,156
HAP1,78,0.1,0.5,GoCo-knap (paper path),adapt_475_to_450_q0.4,0.20654076826693613,0.09747783384003536,0.29253289381232467,0.09935164215812882,86,147.0,1308.0,506,0.8876146788990825,0.10101573728438329,127.0,162
HAP1,78,0.1,0.5,GoCo-knapEB (paper path),adapt_475_to_450_q0.175,0.0011108680192582104,0.09087552580630255,0.2831766445842523,0.09247192622381901,86,147.0,1217.0,475,0.8792111750205424,0.09413602135007348,127.0,131
HAP1,78,0.1,0.5,GoCo-learned (paper path),adapt_475_to_450_q0.6,0.21273153589058047,0.09754626112801998,0.29227516220703836,0.09671441772502103,87,148.0,1270.0,493,0.8834645669291339,0.09845248828702009,127.0,186
HAP1,78,0.1,0.5,GoCo-learnedgb (paper path),adapt_475_to_450_q0.6,0.11499899643605854,0.09632566636548114,0.2905870175006338,0.09760212300686745,87,148.0,1270.0,497,0.8834645669291339,0.09934019356886652,127.0,187
HAP1,78,0.1,0.5,GoCo-ens (paper path),adapt_475_to_450_q0.5,0.1636046228419582,0.09699144532686596,0.2915096691971949,0.09627056508409781,87,148.0,1299.0,491,0.8860662047729022,0.09800863564609688,127.0,183
HAP1,79,0.1,0.1,GoCo-knap (paper path),adapt_475_to_450_q0.4,0.07980501933691209,0.09570352010399143,0.29001426811552705,0.09356343224347034,72,132.0,1240.0,468,0.8935483870967742,0.09451982900136532,121.0,135
HAP1,79,0.1,0.1,GoCo-knapEB (paper path),adapt_475_to_450_q0.175,9.863541663808558e-07,0.08616068832414234,0.2762262541442084,0.08690564262962214,72,132.0,1137.0,438,0.8839050131926122,0.08786203938751712,121.0,107
HAP1,79,0.1,0.1,GoCo-learned (paper path),adapt_475_to_450_q0.6,0.0037825498091611526,0.09200104933002236,0.28430730199816723,0.09576790035763054,73,134.0,1263.0,478,0.8939034045922407,0.09694622343598712,122.0,186
HAP1,79,0.1,0.1,GoCo-learnedgb (paper path),adapt_475_to_450_q0.5,0.00013608301444829247,0.08924916295497565,0.2803485146900818,0.09188418974955241,72,133.0,1178.0,460,0.8870967741935484,0.09306251282790899,121.0,168
HAP1,79,0.1,0.1,GoCo-ens (paper path),adapt_475_to_450_q0.4,0.00019675442398693065,0.08951917330867123,0.28071362574955167,0.09108895377230761,72,133.0,1244.0,456,0.8930868167202572,0.09204535053020257,122.0,160
HAP1,79,0.1,0.5,GoCo-knap (paper path),adapt_475_to_450_q0.4,0.07980501933691209,0.09570352010399143,0.29001426811552705,0.09356343224347034,72,132.0,1240.0,468,0.8935483870967742,0.09451982900136532,121.0,135
HAP1,79,0.1,0.5,GoCo-knapEB (paper path),adapt_475_to_450_q0.275,0.36742961576199756,0.09895104192828952,0.294031260229676,0.10018793291123348,72,133.0,1281.0,497,0.8961748633879781,0.10114432966912845,122.0,201
HAP1,79,0.1,0.5,GoCo-learned (paper path),adapt_475_to_450_q0.6,0.0037825498091611526,0.09200104933002236,0.28430730199816723,0.09576790035763054,73,134.0,1263.0,478,0.8939034045922407,0.09694622343598712,122.0,186
HAP1,79,0.1,0.5,GoCo-learnedgb (paper path),adapt_475_to_450_q0.6,0.12389948666769507,0.09646176836997787,0.29063453930157335,0.0980981267224774,72,133.0,1270.0,488,0.8952755905511811,0.09927644980083399,121.0,196
HAP1,79,0.1,0.5,GoCo-ens (paper path),adapt_475_to_450_q0.5,0.16370258748280048,0.09699439154040851,0.29134217900502213,0.09443634243486089,73,134.0,1276.0,472,0.8949843260188087,0.09561466551321747,122.0,178
HAP1,80,0.1,0.1,GoCo-knap (paper path),adapt_475_to_450_q0.275,0.031837111214922914,0.09437195418995326,0.28810588469031395,0.09112571731137002,78,131.0,1199.0,460,0.890742285237698,0.09244582667133304,113.0,117
HAP1,80,0.1,0.1,GoCo-knapEB (paper path),adapt_475_to_450_q0.225,0.011396561753060858,0.09313286557178523,0.28631568433193416,0.0907373462505622,78,131.0,1189.0,458,0.8898233809924306,0.09205745561052522,113.0,128
HAP1,80,0.1,0.1,GoCo-learned (paper path),adapt_475_to_450_q0.5,0.034048211298228555,0.09446627288044848,0.28794917036641887,0.09163614786430511,82,135.0,1196.0,463,0.887123745819398,0.09328914670496055,115.0,158
HAP1,80,0.1,0.1,GoCo-learnedgb (paper path),adapt_475_to_450_q0.5,0.019563032612129737,0.09376350619788441,0.2869998225260187,0.09289373034471625,81,134.0,1202.0,469,0.8885191347753744,0.09454672918537167,114.0,154
HAP1,80,0.1,0.1,GoCo-ens (paper path),adapt_475_to_450_q0.4,0.03698358667561232,0.09457723604067929,0.28810538177855816,0.09230192682568994,79,132.0,1242.0,463,0.893719806763285,0.09373299934588376,113.0,155
HAP1,80,0.1,0.5,GoCo-knap (paper path),adapt_475_to_450_q0.4,0.4472182821178623,0.099587222720801,0.29531122588283776,0.09844928588660304,78,131.0,1283.0,493,0.8978955572876072,0.09976939524656606,113.0,150
HAP1,80,0.1,0.5,GoCo-knapEB (paper path),adapt_475_to_450_q0.225,0.011396561753060858,0.09313286557178523,0.28631568433193416,0.0907373462505622,78,131.0,1189.0,458,0.8898233809924306,0.09205745561052522,113.0,128
HAP1,80,0.1,0.5,GoCo-learned (paper path),adapt_475_to_450_q0.6,0.38912838079036033,0.09912672561014223,0.29440269432554045,0.09718430587584528,82,135.0,1260.0,488,0.8928571428571429,0.09883730471650072,115.0,183
HAP1,80,0.1,0.5,GoCo-learnedgb (paper path),adapt_475_to_450_q0.5,0.019563032612129737,0.09376350619788441,0.2869998225260187,0.09289373034471625,81,134.0,1202.0,469,0.8885191347753744,0.09454672918537167,114.0,154
HAP1,80,0.1,0.5,GoCo-ens (paper path),adapt_475_to_450_q0.4,0.03698358667561232,0.09457723604067929,0.28810538177855816,0.09230192682568994,79,132.0,1242.0,463,0.893719806763285,0.09373299934588376,113.0,155
HAP1,81,0.1,0.1,GoCo-knap (paper path),adapt_475_to_450_q0.3,0.06405175577942658,0.09536187206731866,0.2893651219009942,0.09541174544858975,80,146.0,1300.0,481,0.8876923076923077,0.09686007888394887,126.0,133
HAP1,81,0.1,0.1,GoCo-knapEB (paper path),adapt_475_to_450_q0.225,0.011474454713357188,0.0931426088627026,0.28623635622784616,0.0936363348848969,81,147.0,1273.0,474,0.8845247446975648,0.09530659464071763,126.0,127
HAP1,81,0.1,0.1,GoCo-learned (paper path),adapt_475_to_450_q0.5,0.0025703358341103186,0.09163535927177216,0.2837900152265068,0.09354016681512196,83,150.0,1267.0,473,0.8816101026045777,0.0950994634107119,129.0,157
HAP1,81,0.1,0.1,GoCo-learnedgb (paper path),adapt_475_to_450_q0.6,0.04510163705029966,0.09485329091846546,0.28836538741630896,0.09553750369927642,84,151.0,1262.0,483,0.8803486529318542,0.09731872661532796,129.0,167
HAP1,81,0.1,0.1,GoCo-ens (paper path),adapt_475_to_450_q0.4,9.202963597611724e-05,0.08897224342623289,0.2799189808949933,0.09198668257189072,82,149.0,1288.0,465,0.8843167701863354,0.09354597916748066,128.0,146
HAP1,81,0.1,0.5,GoCo-knap (paper path),adapt_475_to_450_q0.4,0.3628809195929444,0.09891269319470437,0.2942671586659254,0.10118182978059152,80,146.0,1362.0,507,0.8928046989720999,0.10263016321595066,126.0,159
HAP1,81,0.1,0.5,GoCo-knapEB (paper path),adapt_475_to_450_q0.225,0.011474454713357188,0.0931426088627026,0.28623635622784616,0.0936363348848969,81,147.0,1273.0,474,0.8845247446975648,0.09530659464071763,126.0,127
HAP1,81,0.1,0.5,GoCo-learned (paper path),adapt_475_to_450_q0.6,0.161045846330865,0.09696159096285073,0.2913048118039918,0.09997603010850857,84,151.0,1341.0,503,0.8873974645786726,0.10175725302456011,129.0,187
HAP1,81,0.1,0.5,GoCo-learnedgb (paper path),adapt_475_to_450_q0.6,0.04510163705029966,0.09485329091846546,0.28836538741630896,0.09553750369927642,84,151.0,1262.0,483,0.8803486529318542,0.09731872661532796,129.0,167
HAP1,81,0.1,0.5,GoCo-ens (paper path),adapt_475_to_450_q0.5,0.2658951756205924,0.09807122256515875,0.2928339297436166,0.09953217746758534,82,149.0,1369.0,499,0.8911614317019723,0.10109147406317529,128.0,182
HAP1,82,0.1,0.1,GoCo-knap (paper path),adapt_475_to_450_q0.35,0.028070332988149458,0.09420131029014688,0.288217439149457,0.09355071071275753,80,146.0,1273.0,469,0.8853102906520032,0.09419508964233382,133.0,134
HAP1,82,0.1,0.1,GoCo-knapEB (paper path),adapt_475_to_450_q0.2,6.0255462347472155e-05,0.0886531522786067,0.280143102877194,0.08977796326491021,80,146.0,1210.0,452,0.8793388429752066,0.0904223421944865,133.0,120
HAP1,82,0.1,0.1,GoCo-learned (paper path),adapt_475_to_450_q0.6,0.09773479786056782,0.09603959998083654,0.29041902821052973,0.09458266811745462,80,146.0,1276.0,472,0.8855799373040752,0.09522704704703092,133.0,162
HAP1,82,0.1,0.1,GoCo-learnedgb (paper path),adapt_475_to_450_q0.5,3.609993763276141e-05,0.08831841341698111,0.2794089760586869,0.0858424698584248,80,146.0,1148.0,433,0.872822299651568,0.08648684878800109,133.0,118
HAP1,82,0.1,0.1,GoCo-ens (paper path),adapt_475_to_450_q0.5,0.0442320345981088,0.09481900521829771,0.28871366125990844,0.09436074179699301,80,146.0,1300.0,471,0.8876923076923077,0.0950051207265693,133.0,160
HAP1,82,0.1,0.5,GoCo-knap (paper path),adapt_475_to_450_q0.4,0.27995180981309387,0.0981959840584558,0.2937607897139302,0.09687960551968162,80,146.0,1312.0,484,0.8887195121951219,0.09752398444925792,133.0,149
HAP1,82,0.1,0.5,GoCo-knapEB (paper path),adapt_475_to_450_q0.225,0.4845038986055398,0.09987892532250747,0.2958300425688169,0.10011603104184587,80,146.0,1274.0,497,0.8854003139717426,0.10076040997142216,133.0,184
HAP1,82,0.1,0.5,GoCo-learned (paper path),adapt_475_to_450_q0.6,0.09773479786056782,0.09603959998083654,0.29041902821052973,0.09458266811745462,80,146.0,1276.0,472,0.8855799373040752,0.09522704704703092,133.0,162
HAP1,82,0.1,0.5,GoCo-learnedgb (paper path),adapt_475_to_450_q0.6,0.19160456761703942,0.09731567632349078,0.29223328521173125,0.09413881547653141,80,146.0,1250.0,470,0.8832,0.09478319440610769,133.0,160
HAP1,82,0.1,0.5,GoCo-ens (paper path),adapt_475_to_450_q0.5,0.0442320345981088,0.09481900521829771,0.28871366125990844,0.09436074179699301,80,146.0,1300.0,471,0.8876923076923077,0.0950051207265693,133.0,160
HAP1,83,0.1,0.1,GoCo-knap (paper path),adapt_475_to_450_q0.35,0.05689772903119194,0.09518240157083252,0.28920785906709034,0.09518011583323696,74,123.0,1318.0,478,0.9066767830045523,0.0965729676884807,110.0,149
HAP1,83,0.1,0.1,GoCo-knapEB (paper path),adapt_475_to_450_q0.225,8.951591958138707e-05,0.08893517564851551,0.28033850755811773,0.09096351574446644,74,123.0,1259.0,459,0.9023034154090548,0.09235636759971017,110.0,135
HAP1,83,0.1,0.1,GoCo-learned (paper path),adapt_475_to_450_q0.5,0.007965586801261857,0.09275415775197059,0.28536085819886486,0.08949140449047512,76,127.0,1243.0,453,0.8978278358809332,0.09099521950594965,113.0,161
HAP1,83,0.1,0.1,GoCo-learnedgb (paper path),adapt_475_to_450_q0.5,0.0009475182317497086,0.09075682086781613,0.28248896572093357,0.0890475518495519,76,127.0,1239.0,451,0.897497982243745,0.09055136686502643,113.0,159
HAP1,83,0.1,0.1,GoCo-ens (paper path),adapt_475_to_450_q0.4,0.011126496745313491,0.09311478802602766,0.2859219996959287,0.09320127280801865,75,126.0,1321.0,469,0.9046177138531416,0.09470508782349318,112.0,171
HAP1,83,0.1,0.5,GoCo-knap (paper path),adapt_475_to_450_q0.4,0.16105405013396645,0.09695781213452538,0.29167699351292714,0.09673360007646821,74,123.0,1332.0,485,0.9076576576576577,0.09812645193171195,110.0,156
HAP1,83,0.1,0.5,GoCo-knapEB (paper path),adapt_475_to_450_q0.275,0.33939224468042,0.09871842761768324,0.2937819022500471,0.09941520978094365,76,127.0,1329.0,498,0.9044394281414597,0.10091902479641818,113.0,199
HAP1,83,0.1,0.5,GoCo-learned (paper path),adapt_475_to_450_q0.6,0.41085761023772305,0.09930098420558799,0.2944830965636042,0.0988123099498626,76,127.0,1354.0,495,0.9062038404726735,0.10031612496533714,113.0,203
HAP1,83,0.1,0.5,GoCo-learnedgb (paper path),adapt_475_to_450_q0.5,0.0009475182317497086,0.09075682086781613,0.28248896572093357,0.0890475518495519,76,127.0,1239.0,451,0.897497982243745,0.09055136686502643,113.0,159
HAP1,83,0.1,0.5,GoCo-ens (paper path),adapt_475_to_450_q0.5,0.21060814174065134,0.09752557364189514,0.2920519329640089,0.09703689938616974,76,127.0,1365.0,487,0.906959706959707,0.09854071440164427,113.0,195
HAP1,84,0.1,0.1,GoCo-knap (paper path),adapt_475_to_450_q0.35,0.05813351870578666,0.09521015036207964,0.28950542322842204,0.10166055655550861,89,149.0,1384.0,517,0.8923410404624278,0.10285535597280032,134.0,159
HAP1,84,0.1,0.1,GoCo-knapEB (paper path),adapt_475_to_450_q0.275,0.09813240717050115,0.09604607284055833,0.2904605240984872,0.10075435741141908,91,153.0,1297.0,513,0.882035466461064,0.10194915682871078,138.0,182
HAP1,84,0.1,0.1,GoCo-learned (paper path),adapt_475_to_450_q0.6,4.593786790677207e-05,0.0884820840826206,0.2795666021162557,0.09467357623606219,92,154.0,1306.0,486,0.8820826952526799,0.09586837565335389,139.0,162
HAP1,84,0.1,0.1,GoCo-learnedgb (paper path),adapt_475_to_450_q0.6,0.008468382630831061,0.09280964733162193,0.28583298765820236,0.09711476576113987,91,153.0,1323.0,496,0.8843537414965986,0.09830956517843156,138.0,172
HAP1,84,0.1,0.1,GoCo-ens (paper path),adapt_475_to_450_q0.5,0.00552487356389646,0.09236579469069872,0.2851996402551493,0.09999980792714075,91,153.0,1391.0,509,0.8900071890726097,0.10119460734443246,138.0,185
HAP1,84,0.1,0.5,GoCo-knap (paper path),adapt_475_to_450_q0.35,0.05813351870578666,0.09521015036207964,0.28950542322842204,0.10166055655550861,89,149.0,1384.0,517,0.8923410404624278,0.10285535597280032,134.0,159
HAP1,84,0.1,0.5,GoCo-knapEB (paper path),adapt_475_to_450_q0.35,0.31251035626192103,0.09848726236563601,0.29382582058842577,0.10541481014111283,92,154.0,1377.0,535,0.888162672476398,0.10660960955840453,139.0,205
HAP1,84,0.1,0.5,GoCo-learned (paper path),adapt_475_to_450_q0.75,0.33624878129496694,0.09869069482385451,0.294032858229912,0.10710145018191217,92,154.0,1425.0,542,0.8919298245614035,0.10829624959920386,139.0,218
HAP1,84,0.1,0.5,GoCo-learnedgb (paper path),adapt_475_to_450_q0.6,0.008468382630831061,0.09280964733162193,0.28583298765820236,0.09711476576113987,91,153.0,1323.0,496,0.8843537414965986,0.09830956517843156,138.0,172
HAP1,84,0.1,0.5,GoCo-ens (paper path),adapt_475_to_450_q0.6,0.26119751719274586,0.09802491586246968,0.293122008509149,0.10710145018191217,92,154.0,1449.0,542,0.893719806763285,0.10829624959920386,139.0,218
HAP1,85,0.1,0.1,GoCo-knap (paper path),adapt_475_to_450_q0.4,0.011288163360115006,0.09311551655094147,0.2865802998756953,0.1051910104278824,89,154.0,1385.0,528,0.8888086642599278,0.10642772926537661,134.0,141
HAP1,85,0.1,0.1,GoCo-knapEB (paper path),adapt_475_to_450_q0.25,6.891218228920201e-07,0.08595839271605464,0.27608885851500803,0.09598106812872571,89,154.0,1263.0,486,0.8780680918448139,0.09721778696621994,134.0,108
HAP1,85,0.1,0.1,GoCo-learned (paper path),adapt_475_to_450_q0.6,0.0230043859487549,0.09395698718214056,0.28751010465274734,0.10337861215623813,92,157.0,1387.0,520,0.8868060562364816,0.10468930642947694,136.0,178
HAP1,85,0.1,0.1,GoCo-learnedgb (paper path),adapt_475_to_450_q0.6,0.00168389936725085,0.09123838975648588,0.28368058678172753,0.10138127527208367,90,155.0,1302.0,509,0.8809523809523809,0.10269196954532248,134.0,163
HAP1,85,0.1,0.1,GoCo-ens (paper path),adapt_475_to_450_q0.5,0.0037473403575928694,0.09197814415692225,0.28478685531548886,0.10315668583577652,92,157.0,1409.0,519,0.8885734563520227,0.10446738010901532,136.0,176
HAP1,85,0.1,0.5,GoCo-knap (paper path),adapt_475_to_450_q0.5,0.17387687666814022,0.09711019031925039,0.29216956104950426,0.11051724211896095,89,154.0,1438.0,552,0.8929068150208623,0.11175396095645518,134.0,165
HAP1,85,0.1,0.5,GoCo-knapEB (paper path),adapt_475_to_450_q0.3,0.4731137307574128,0.09978995064113916,0.2956530196955785,0.10715135960408544,93,158.0,1372.0,538,0.8848396501457726,0.10846205387732424,137.0,194
HAP1,85,0.1,0.5,GoCo-learned (paper path),adapt_475_to_450_q0.6,0.0230043859487549,0.09395698718214056,0.28751010465274734,0.10337861215623813,92,157.0,1387.0,520,0.8868060562364816,0.10468930642947694,136.0,178
HAP1,85,0.1,0.5,GoCo-learnedgb (paper path),adapt_475_to_450_q0.6,0.00168389936725085,0.09123838975648588,0.28368058678172753,0.10138127527208367,90,155.0,1302.0,509,0.8809523809523809,0.10269196954532248,134.0,163
HAP1,85,0.1,0.5,GoCo-ens (paper path),adapt_475_to_450_q0.6,0.17919124606656311,0.09717491882883386,0.2920016138912275,0.10648558064270063,92,157.0,1438.0,534,0.8908205841446454,0.10779627491593943,136.0,191
HAP1,86,0.1,0.1,GoCo-knap (paper path),adapt_475_to_450_q0.2,1.515738905742511e-06,0.0864043109072641,0.276450976758375,0.07988638210590289,70,104.0,1007.0,405,0.8967229394240318,0.08069237812368064,93.0,53
HAP1,86,0.1,0.1,GoCo-knapEB (paper path),adapt_475_to_450_q0.15,0.003432340099792558,0.09190623427477086,0.2842240310314827,0.08906830340306388,70,105.0,1086.0,446,0.9033149171270718,0.08972634854273853,94.0,108
HAP1,86,0.1,0.1,GoCo-learned (paper path),adapt_475_to_450_q0.4,0.009114709522986889,0.09290675210935563,0.2852157775273611,0.08577269754883876,74,111.0,1105.0,433,0.8995475113122172,0.08680061988707811,97.0,138
HAP1,86,0.1,0.1,GoCo-learnedgb (paper path),adapt_475_to_450_q0.4,1.3008270794732324e-05,0.08769148357850787,0.2778229700280913,0.08188898694076065,74,111.0,1026.0,416,0.8918128654970761,0.082916909279,97.0,114
HAP1,86,0.1,0.1,GoCo-ens (paper path),adapt_475_to_450_q0.3,0.00302889351722372,0.09179527111619354,0.2837853151316713,0.08514760508372739,72,109.0,1108.0,429,0.9016245487364621,0.08617552742196674,95.0,111
HAP1,86,0.1,0.5,GoCo-knap (paper path),adapt_475_to_450_q0.3,0.32118984414257595,0.09856402388696558,0.2935551787477529,0.09261912453044958,70,105.0,1151.0,462,0.9087749782797567,0.09327716967012424,94.0,120
HAP1,86,0.1,0.5,GoCo-knapEB (paper path),adapt_475_to_450_q0.15,0.003432340099792558,0.09190623427477086,0.2842240310314827,0.08906830340306388,70,105.0,1086.0,446,0.9033149171270718,0.08972634854273853,94.0,108
HAP1,86,0.1,0.5,GoCo-learned (paper path),adapt_475_to_450_q0.5,0.2250989837836495,0.09767816799928017,0.29190768356498487,0.08932351867622447,74,111.0,1136.0,449,0.9022887323943662,0.09035144101446382,97.0,154
HAP1,86,0.1,0.5,GoCo-learnedgb (paper path),adapt_475_to_450_q0.5,0.2476269394596744,0.09790009431974178,0.2923082271519801,0.08976737131714768,74,111.0,1122.0,451,0.9010695187165776,0.09079529365538704,97.0,154
HAP1,86,0.1,0.5,GoCo-ens (paper path),adapt_475_to_450_q0.4,0.4300549536953632,0.09945357856297303,0.294339118199879,0.09132085556037893,74,111.0,1186.0,458,0.9064080944350759,0.09234877789861828,97.0,162
HAP1,87,0.1,0.1,GoCo-knap (paper path),adapt_475_to_450_q0.4,0.07569162770087148,0.09562879611803753,0.2892423397975013,0.0936531955024903,65,103.0,1221.0,463,0.9156429156429157,0.09444113002318676,92.0,153
HAP1,87,0.1,0.1,GoCo-knapEB (paper path),adapt_475_to_450_q0.225,0.0013730593798370102,0.09107930654857459,0.2827738816222004,0.08766118485002691,65,103.0,1128.0,436,0.9086879432624113,0.08844911937072338,92.0,126
HAP1,87,0.1,0.1,GoCo-learned (paper path),adapt_475_to_450_q0.6,0.0015588153749990497,0.09119951663661997,0.2826364020000821,0.08325224863493437,70,108.0,1105.0,418,0.902262443438914,0.08474294982827403,92.0,136
HAP1,87,0.1,0.1,GoCo-learnedgb (paper path),adapt_475_to_450_q0.6,0.014412453571059762,0.09341877984123605,0.2858196675316376,0.0874688487237049,70,108.0,1125.0,437,0.904,0.08895954991704455,92.0,155
HAP1,87,0.1,0.1,GoCo-ens (paper path),adapt_475_to_450_q0.5,0.00557182218154111,0.09239791876843544,0.28433072328635,0.08835655400555133,68,106.0,1194.0,439,0.9112227805695142,0.08940340255796778,92.0,157
HAP1,87,0.1,0.5,GoCo-knap (paper path),adapt_475_to_450_q0.5,0.328168359167907,0.09862480144426922,0.29338567048311776,0.09653823766849118,65,103.0,1253.0,476,0.9177972865123704,0.09732617218918764,92.0,166
HAP1,87,0.1,0.5,GoCo-knapEB (paper path),adapt_475_to_450_q0.225,0.0013730593798370102,0.09107930654857459,0.2827738816222004,0.08766118485002691,65,103.0,1128.0,436,0.9086879432624113,0.08844911937072338,92.0,126
HAP1,87,0.1,0.5,GoCo-learned (paper path),adapt_475_to_450_q0.6,0.0015588153749990497,0.09119951663661997,0.2826364020000821,0.08325224863493437,70,108.0,1105.0,418,0.902262443438914,0.08474294982827403,92.0,136
HAP1,87,0.1,0.5,GoCo-learnedgb (paper path),adapt_475_to_450_q0.6,0.014412453571059762,0.09341877984123605,0.2858196675316376,0.0874688487237049,70,108.0,1125.0,437,0.904,0.08895954991704455,92.0,155
HAP1,87,0.1,0.5,GoCo-ens (paper path),adapt_475_to_450_q0.6,0.3938626206256445,0.09916667154251445,0.29379594896209066,0.09523626993986113,70,108.0,1258.0,472,0.9141494435612083,0.09672697113320079,92.0,190
HAP1,88,0.1,0.1,GoCo-knap (paper path),adapt_475_to_450_q0.3,0.005194875537064705,0.09228749199213582,0.2857121499101856,0.09474059446978135,88,153.0,1323.0,479,0.8843537414965986,0.09593309616505491,134.0,127
HAP1,88,0.1,0.1,GoCo-knapEB (paper path),adapt_475_to_450_q0.2,0.00029521585488333853,0.08979082088694273,0.2820666771770411,0.09263229442539608,88,153.0,1281.0,469,0.8805620608899297,0.09382479612066964,134.0,119
HAP1,88,0.1,0.1,GoCo-learned (paper path),adapt_475_to_450_q0.6,0.07369201116675372,0.09557570031932128,0.2898922335439864,0.09496621955541627,90,155.0,1333.0,481,0.8837209302325582,0.09615872125068983,136.0,171
HAP1,88,0.1,0.1,GoCo-learnedgb (paper path),adapt_475_to_450_q0.5,0.00016380035625021213,0.08936176334639628,0.2811196211925858,0.0894180615438761,88,153.0,1241.0,454,0.8767123287671232,0.09061056323914966,134.0,141
HAP1,88,0.1,0.1,GoCo-ens (paper path),adapt_475_to_450_q0.4,0.011446229732630769,0.0931345107942436,0.2864559214516068,0.09097154578710735,90,155.0,1327.0,463,0.8831951770911831,0.09216404748238091,136.0,152
HAP1,88,0.1,0.5,GoCo-knap (paper path),adapt_475_to_450_q0.4,0.1989284755732802,0.09739179736275277,0.2928609857279873,0.09873526823809027,88,153.0,1362.0,497,0.8876651982378855,0.09992776993336383,134.0,145
HAP1,88,0.1,0.5,GoCo-knapEB (paper path),adapt_475_to_450_q0.2,0.00029521585488333853,0.08979082088694273,0.2820666771770411,0.09263229442539608,88,153.0,1281.0,469,0.8805620608899297,0.09382479612066964,134.0,119
HAP1,88,0.1,0.5,GoCo-learned (paper path),adapt_475_to_450_q0.6,0.07369201116675372,0.09557570031932128,0.2898922335439864,0.09496621955541627,90,155.0,1333.0,481,0.8837209302325582,0.09615872125068983,136.0,171
HAP1,88,0.1,0.5,GoCo-learnedgb (paper path),adapt_475_to_450_q0.6,0.2263671418027038,0.09768400036370653,0.2928111297030537,0.09674163011910912,88,153.0,1325.0,487,0.8845283018867924,0.09793413181438268,134.0,177
HAP1,88,0.1,0.5,GoCo-ens (paper path),adapt_475_to_450_q0.5,0.4450909827435982,0.0995703740876302,0.29538557163986223,0.09851704068280198,90,155.0,1395.0,497,0.8888888888888888,0.09970954237807554,136.0,187
HAP1,89,0.1,0.1,GoCo-knap (paper path),adapt_475_to_450_q0.4,0.07657836440640554,0.0956389076885413,0.28982434183936273,0.09348819186581117,85,139.0,1334.0,475,0.8958020989505248,0.09501376718653079,118.0,145
HAP1,89,0.1,0.1,GoCo-knapEB (paper path),adapt_475_to_450_q0.175,1.800338012792315e-05,0.08787148647238506,0.2786684955919027,0.08616462329057815,85,139.0,1214.0,442,0.8855024711696869,0.08769019861129777,118.0,110
HAP1,89,0.1,0.1,GoCo-learned (paper path),adapt_475_to_450_q0.6,0.0569497308773067,0.09519135628409826,0.2887533686255679,0.09304803799998215,89,144.0,1331.0,475,0.8918106686701728,0.09494349051265255,120.0,177
HAP1,89,0.1,0.1,GoCo-learnedgb (paper path),adapt_475_to_450_q0.5,0.002285034721141114,0.09152957199648175,0.2835497405506547,0.08683410102705716,89,144.0,1224.0,447,0.8823529411764706,0.08872955353972756,120.0,145
HAP1,89,0.1,0.1,GoCo-ens (paper path),adapt_475_to_450_q0.5,0.0659920937440873,0.09541328260455986,0.28906423858184743,0.09260418535905894,87,142.0,1347.0,471,0.894580549368968,0.09427771155126773,119.0,173
HAP1,89,0.1,0.5,GoCo-knap (paper path),adapt_475_to_450_q0.5,0.32966345335016234,0.09863491301477299,0.2939593663200357,0.09526360242950403,85,139.0,1350.0,483,0.8970370370370371,0.09678917775022365,118.0,153
HAP1,89,0.1,0.5,GoCo-knapEB (paper path),adapt_475_to_450_q0.175,1.800338012792315e-05,0.08787148647238506,0.2786684955919027,0.08616462329057815,85,139.0,1214.0,442,0.8855024711696869,0.08769019861129777,118.0,110
HAP1,89,0.1,0.5,GoCo-learned (paper path),adapt_475_to_450_q0.6,0.0569497308773067,0.09519135628409826,0.2887533686255679,0.09304803799998215,89,144.0,1331.0,475,0.8918106686701728,0.09494349051265255,120.0,177
HAP1,89,0.1,0.5,GoCo-learnedgb (paper path),adapt_475_to_450_q0.6,0.22085904758521946,0.09763254580917594,0.2921454735704732,0.09371381696136698,89,144.0,1310.0,478,0.8900763358778626,0.09560926947403738,120.0,178
HAP1,89,0.1,0.5,GoCo-ens (paper path),adapt_475_to_450_q0.6,0.396435613827378,0.09918603005240718,0.2942731850076917,0.09659885912736786,88,143.0,1384.0,490,0.8966763005780347,0.09849431164003826,119.0,192
HAP1,90,0.1,0.1,GoCo-knap (paper path),adapt_475_to_450_q0.35,0.007900359164536078,0.092735499758695,0.28574029013152197,0.09661091613772177,78,124.0,1221.0,485,0.8984438984438985,0.09774081892124346,109.0,131
HAP1,90,0.1,0.1,GoCo-knapEB (paper path),adapt_475_to_450_q0.25,0.008299433389548987,0.09278913195457027,0.2857633836943963,0.09413273889807876,79,125.0,1170.0,474,0.8931623931623932,0.09533661711734505,109.0,137
HAP1,90,0.1,0.1,GoCo-learned (paper path),adapt_475_to_450_q0.6,0.0002991409320742508,0.08983196373706492,0.28122296476294995,0.09136975621097733,84,130.0,1194.0,464,0.8911222780569514,0.0928695361864498,112.0,162
HAP1,90,0.1,0.1,GoCo-learnedgb (paper path),adapt_475_to_450_q0.6,0.0002991409320742517,0.08983196373706492,0.28122296476295,0.0920799204338089,84,130.0,1178.0,468,0.8896434634974533,0.09375724146829623,112.0,164
HAP1,90,0.1,0.1,GoCo-ens (paper path),adapt_475_to_450_q0.5,0.02251155803431387,0.09393760066560465,0.28711931618867076,0.09669598790205589,83,129.0,1276.0,487,0.8989028213166145,0.09797384155706676,112.0,185
HAP1,90,0.1,0.5,GoCo-knap (paper path),adapt_475_to_450_q0.4,0.1198487503329363,0.09639728404631151,0.2908895567669154,0.09993981094464587,78,124.0,1258.0,500,0.9014308426073132,0.10106971372816756,109.0,146
HAP1,90,0.1,0.5,GoCo-knapEB (paper path),adapt_475_to_450_q0.275,0.2454068795023986,0.09787494346625107,0.2927873667903654,0.09759478949595704,80,126.0,1194.0,490,0.8944723618090452,0.09879866771522332,110.0,161
HAP1,90,0.1,0.5,GoCo-learned (paper path),adapt_475_to_450_q0.75,0.2512197780184077,0.09793227443391357,0.2926870648661639,0.09913717742713356,84,130.0,1284.0,499,0.8987538940809969,0.10063695740260604,112.0,197
HAP1,90,0.1,0.5,GoCo-learnedgb (paper path),adapt_475_to_450_q0.6,0.0002991409320742517,0.08983196373706492,0.28122296476295,0.0920799204338089,84,130.0,1178.0,468,0.8896434634974533,0.09375724146829623,112.0,164
HAP1,90,0.1,0.5,GoCo-ens (paper path),adapt_475_to_450_q0.5,0.02251155803431387,0.09393760066560465,0.28711931618867076,0.09669598790205589,83,129.0,1276.0,487,0.8989028213166145,0.09797384155706676,112.0,185
HAP1,91,0.1,0.1,GoCo-knap (paper path),adapt_475_to_450_q0.35,0.04456100041723575,0.0948310262307399,0.28863824614550393,0.09197011012278077,77,136.0,1224.0,469,0.8888888888888888,0.09274315347591612,129.0,127
HAP1,91,0.1,0.1,GoCo-knapEB (paper path),adapt_475_to_450_q0.175,1.4054094102842331e-05,0.08772013704815389,0.27833565650002645,0.08313004502218879,77,136.0,1091.0,429,0.8753437213565536,0.08390308837532415,129.0,93
HAP1,91,0.1,0.1,GoCo-learned (paper path),adapt_475_to_450_q0.5,5.862590318722804e-05,0.08866332390515529,0.2794038422817492,0.08707663477379854,82,142.0,1148.0,449,0.8763066202090593,0.08792365356267848,134.0,153
HAP1,91,0.1,0.1,GoCo-learnedgb (paper path),adapt_475_to_450_q0.6,0.0931297264295452,0.09596469984966492,0.2898311410289536,0.09351249806718513,79,139.0,1209.0,475,0.8850289495450786,0.09435951685606507,131.0,179
HAP1,91,0.1,0.1,GoCo-ens (paper path),adapt_475_to_450_q0.4,0.0014777597257415193,0.09113965177047903,0.2829859216029809,0.08870039568098714,79,139.0,1217.0,454,0.885784716516023,0.08954741446986708,131.0,152
HAP1,91,0.1,0.5,GoCo-knap (paper path),adapt_475_to_450_q0.4,0.19760605427234545,0.09738317891604838,0.29218766199728763,0.09441129964785845,77,136.0,1248.0,480,0.8910256410256411,0.0951843430009938,129.0,139
HAP1,91,0.1,0.5,GoCo-knapEB (paper path),adapt_475_to_450_q0.2,0.3736124586350082,0.09900139166720962,0.2941335428225024,0.0924953357628648,82,142.0,1167.0,474,0.8783204798628963,0.09334235455174474,134.0,169
HAP1,91,0.1,0.5,GoCo-learned (paper path),adapt_475_to_450_q0.6,0.11299471543868739,0.09629758933035734,0.29029463945659706,0.09440020334903156,82,142.0,1244.0,482,0.8858520900321544,0.0952472221379115,134.0,186
HAP1,91,0.1,0.5,GoCo-learnedgb (paper path),adapt_475_to_450_q0.6,0.0931297264295452,0.09596469984966492,0.2898311410289536,0.09351249806718513,79,139.0,1209.0,475,0.8850289495450786,0.09435951685606507,131.0,179
HAP1,91,0.1,0.5,GoCo-ens (paper path),adapt_475_to_450_q0.5,0.22052522008018755,0.09762914725312698,0.2921374863612521,0.09639754023318602,82,142.0,1293.0,491,0.8901778808971385,0.09724455902206595,134.0,194
HAP1,92,0.1,0.1,GoCo-knap (paper path),adapt_475_to_450_q0.225,0.09050363866752248,0.09590401436308464,0.2906854255615325,0.08780100165845234,87,153.0,1156.0,447,0.8676470588235294,0.08901226141560728,133.0,105
HAP1,92,0.1,0.1,GoCo-knapEB (paper path),adapt_475_to_450_q0.225,0.017722465999649405,0.09363111896590026,0.2874651610323221,0.08686891111515915,87,152.0,1132.0,443,0.8657243816254417,0.08836867509155977,133.0,106
HAP1,92,0.1,0.1,GoCo-learned (paper path),adapt_475_to_450_q0.5,9.013915924084374e-05,0.08893737729012147,0.28041305647647546,0.08393578491592428,90,156.0,1101.0,431,0.8583106267029973,0.0856574752127865,134.0,130
HAP1,92,0.1,0.1,GoCo-learnedgb (paper path),adapt_475_to_450_q0.6,0.0050271144718635405,0.09226627209704556,0.2852317814724763,0.08682082708192518,90,156.0,1104.0,444,0.8586956521739131,0.08854251737878739,134.0,142
HAP1,92,0.1,0.1,GoCo-ens (paper path),adapt_475_to_450_q0.4,0.01584714918457724,0.09350351133262694,0.28708167338692425,0.08629930023016318,90,156.0,1175.0,441,0.8672340425531915,0.08784344946801054,134.0,134
HAP1,92,0.1,0.5,GoCo-knap (paper path),adapt_475_to_450_q0.275,0.23724178440135574,0.0977903880870083,0.2932899765190757,0.0897983385426068,87,153.0,1186.0,456,0.8709949409780776,0.09100959829976174,133.0,114
HAP1,92,0.1,0.5,GoCo-knapEB (paper path),adapt_475_to_450_q0.225,0.017722465999649405,0.09363111896590026,0.2874651610323221,0.08686891111515915,87,152.0,1132.0,443,0.8657243816254417,0.08836867509155977,133.0,106
HAP1,92,0.1,0.5,GoCo-learned (paper path),adapt_475_to_450_q0.6,0.13350902387768399,0.09659383534604689,0.2913201475195127,0.08992779556838766,90,156.0,1175.0,458,0.8672340425531915,0.09164948586524987,134.0,157
HAP1,92,0.1,0.5,GoCo-learnedgb (paper path),adapt_475_to_450_q0.6,0.0050271144718635405,0.09226627209704556,0.2852317814724763,0.08682082708192518,90,156.0,1104.0,444,0.8586956521739131,0.08854251737878739,134.0,142
HAP1,92,0.1,0.5,GoCo-ens (paper path),adapt_475_to_450_q0.4,0.01584714918457724,0.09350351133262694,0.28708167338692425,0.08629930023016318,90,156.0,1175.0,441,0.8672340425531915,0.08784344946801054,134.0,134
HAP1,93,0.1,0.1,GoCo-knap (paper path),adapt_475_to_450_q0.3,0.006999804992281822,0.09260317658913754,0.2857606092761846,0.09744119438802831,91,161.0,1303.0,500,0.876438986953185,0.0988502583891828,140.0,126
HAP1,93,0.1,0.1,GoCo-knapEB (paper path),adapt_475_to_450_q0.2,0.0028508664555497846,0.09171547130729112,0.28449084549301445,0.09522193118341224,91,161.0,1259.0,490,0.8721207307386815,0.09663099518456673,140.0,116
HAP1,93,0.1,0.1,GoCo-learned (paper path),adapt_475_to_450_q0.6,5.040660911303829e-05,0.08854747308799282,0.2795861843360288,0.09772599983548673,91,161.0,1298.0,500,0.8759630200308166,0.09913506383664122,140.0,164
HAP1,93,0.1,0.1,GoCo-learnedgb (paper path),adapt_475_to_450_q0.6,0.002646754902669774,0.09165444157445532,0.28410477167408843,0.0999452630401028,91,161.0,1316.0,510,0.8776595744680851,0.10135432704125728,140.0,172
HAP1,93,0.1,0.1,GoCo-ens (paper path),adapt_475_to_450_q0.5,0.03910930334235179,0.09465044690068701,0.2883632365195728,0.0999452630401028,91,161.0,1365.0,510,0.882051282051282,0.10135432704125728,140.0,174
HAP1,93,0.1,0.5,GoCo-knap (paper path),adapt_475_to_450_q0.4,0.2513032670252857,0.09792940828021611,0.29320732735260985,0.10298935239956848,91,161.0,1363.0,525,0.8818782098312545,0.10439841640072296,140.0,152
HAP1,93,0.1,0.5,GoCo-knapEB (paper path),adapt_475_to_450_q0.2,0.0028508664555497846,0.09171547130729112,0.28449084549301445,0.09522193118341224,91,161.0,1259.0,490,0.8721207307386815,0.09663099518456673,140.0,116
HAP1,93,0.1,0.5,GoCo-learned (paper path),adapt_475_to_450_q0.6,5.040660911303829e-05,0.08854747308799282,0.2795861843360288,0.09772599983548673,91,161.0,1298.0,500,0.8759630200308166,0.09913506383664122,140.0,164
HAP1,93,0.1,0.5,GoCo-learnedgb (paper path),adapt_475_to_450_q0.6,0.002646754902669774,0.09165444157445532,0.28410477167408843,0.0999452630401028,91,161.0,1316.0,510,0.8776595744680851,0.10135432704125728,140.0,172
HAP1,93,0.1,0.5,GoCo-ens (paper path),adapt_475_to_450_q0.5,0.03910930334235179,0.09465044690068701,0.2883632365195728,0.0999452630401028,91,161.0,1365.0,510,0.882051282051282,0.10135432704125728,140.0,174
HAP1,94,0.1,0.1,GoCo-knap (paper path),adapt_475_to_450_q0.225,0.04735323207206298,0.09491536543236222,0.28885099512849916,0.09428575758305963,78,141.0,1280.0,473,0.88984375,0.09609851611821957,117.0,141
HAP1,94,0.1,0.1,GoCo-knapEB (paper path),adapt_475_to_450_q0.25,0.00940340136252508,0.09292357670919556,0.2859425634808586,0.09151167857728955,78,141.0,1243.0,460,0.8865647626709574,0.09332443711244949,117.0,139
HAP1,94,0.1,0.1,GoCo-learned (paper path),adapt_475_to_450_q0.5,3.1354719465996358e-06,0.08682984982762293,0.27678795021589436,0.08883006886950716,81,145.0,1189.0,449,0.8780487804878049,0.09116065548133491,118.0,150
HAP1,94,0.1,0.1,GoCo-learnedgb (paper path),adapt_475_to_450_q0.5,2.126022232653236e-06,0.08660792350716132,0.2764563862006448,0.08527924774212145,81,145.0,1124.0,433,0.8709964412811388,0.0876098343539492,118.0,134
HAP1,94,0.1,0.1,GoCo-ens (paper path),adapt_475_to_450_q0.4,0.033132083372771994,0.09443082630343295,0.28785852170002285,0.09522894444502146,81,145.0,1306.0,478,0.8889739663093414,0.09755953105684921,118.0,178
HAP1,94,0.1,0.5,GoCo-knap (paper path),adapt_475_to_450_q0.3,0.41763971923570165,0.09935389184159435,0.2949765322310302,0.09850235767183016,78,141.0,1321.0,492,0.8932626797880394,0.1003151162069901,117.0,160
HAP1,94,0.1,0.5,GoCo-knapEB (paper path),adapt_475_to_450_q0.25,0.00940340136252508,0.09292357670919556,0.2859425634808586,0.09151167857728955,78,141.0,1243.0,460,0.8865647626709574,0.09332443711244949,117.0,139
HAP1,94,0.1,0.5,GoCo-learned (paper path),adapt_475_to_450_q0.6,0.1863537728308443,0.09726038688931844,0.2917566561531022,0.09948253225166429,81,145.0,1320.0,497,0.8901515151515151,0.10181311886349202,118.0,198
HAP1,94,0.1,0.5,GoCo-learnedgb (paper path),adapt_475_to_450_q0.6,0.49019346978084416,0.09992350273485773,0.29539793281984156,0.09903867961074107,81,145.0,1297.0,495,0.8882035466461063,0.10136926622256881,118.0,196
HAP1,94,0.1,0.5,GoCo-ens (paper path),adapt_475_to_450_q0.4,0.033132083372771994,0.09443082630343295,0.28785852170002285,0.09522894444502146,81,145.0,1306.0,478,0.8889739663093414,0.09755953105684921,118.0,178
HAP1,95,0.1,0.1,GoCo-knap (paper path),adapt_475_to_450_q0.35,0.09044141466234479,0.09590734486024591,0.29036621262713896,0.09134703520081915,88,145.0,1234.0,469,0.8824959481361426,0.09310414404986543,125.0,126
HAP1,95,0.1,0.1,GoCo-knapEB (paper path),adapt_475_to_450_q0.225,0.00021990464508598248,0.08958244472709011,0.28135536550265583,0.08535502454835577,88,145.0,1129.0,442,0.8715677590788308,0.08711213339740205,125.0,102
HAP1,95,0.1,0.1,GoCo-learned (paper path),adapt_475_to_450_q0.6,0.061554864030039215,0.09530259564327125,0.28921848127556027,0.09115100027956118,90,147.0,1226.0,468,0.8800978792822186,0.09335196176953069,125.0,157
HAP1,95,0.1,0.1,GoCo-learnedgb (paper path),adapt_475_to_450_q0.5,0.004149267688440311,0.09208466399657796,0.2846619006077745,0.08981944235679154,91,148.0,1170.0,463,0.8735042735042735,0.09202040384676104,126.0,150
HAP1,95,0.1,0.1,GoCo-ens (paper path),adapt_475_to_450_q0.4,0.007783165565193537,0.09272270216625159,0.2855997624155012,0.08978615340739951,90,147.0,1239.0,462,0.8813559322033898,0.09198711489736902,125.0,150
HAP1,95,0.1,0.5,GoCo-knap (paper path),adapt_475_to_450_q0.4,0.21545766841068648,0.09757179226370795,0.29266866759439913,0.09201281416220396,88,145.0,1240.0,472,0.8830645161290323,0.09376992301125024,125.0,129
HAP1,95,0.1,0.5,GoCo-knapEB (paper path),adapt_475_to_450_q0.25,0.46329532253029826,0.0997133812607922,0.29531787023626355,0.09799742726447896,92,149.0,1236.0,501,0.8794498381877023,0.10042031507491007,126.0,189
HAP1,95,0.1,0.5,GoCo-learned (paper path),adapt_475_to_450_q0.6,0.061554864030039215,0.09530259564327125,0.28921848127556027,0.09115100027956118,90,147.0,1226.0,468,0.8800978792822186,0.09335196176953069,125.0,157
HAP1,95,0.1,0.5,GoCo-learnedgb (paper path),adapt_475_to_450_q0.6,0.25484807463206194,0.09796571148881053,0.29290911536808967,0.09447989508648529,91,148.0,1231.0,484,0.8797725426482534,0.09668085657645478,126.0,173
HAP1,95,0.1,0.5,GoCo-ens (paper path),adapt_475_to_450_q0.5,0.221124758737191,0.09763282200811813,0.29245165938880296,0.09447989508648529,90,147.0,1284.0,483,0.8855140186915887,0.09668085657645478,125.0,172
HAP1,96,0.1,0.1,GoCo-knap (paper path),adapt_475_to_450_q0.3,0.013465375254780877,0.09332213940861962,0.2865238113601409,0.09511135231837452,84,148.0,1284.0,483,0.8847352024922118,0.09638937411245324,131.0,113
HAP1,96,0.1,0.1,GoCo-knapEB (paper path),adapt_475_to_450_q0.225,0.0004589381677348549,0.09015968934204173,0.28183412526012347,0.0912276417102964,84,148.0,1226.0,465,0.8792822185970636,0.09250566350437513,131.0,102
HAP1,96,0.1,0.1,GoCo-learned (paper path),adapt_475_to_450_q0.5,0.0016830457544057002,0.09125267647792115,0.2832028060756713,0.09279961980915684,86,152.0,1263.0,473,0.8796516231195566,0.09441053108392797,133.0,152
HAP1,96,0.1,0.1,GoCo-learnedgb (paper path),adapt_475_to_450_q0.6,0.047075723017397146,0.09491446076553767,0.2884162092510096,0.09723814621838897,86,152.0,1297.0,493,0.8828064764841943,0.0988490574931601,133.0,171
HAP1,96,0.1,0.1,GoCo-ens (paper path),adapt_475_to_450_q0.35,0.0035780996743736485,0.09194804561029685,0.28421205373040304,0.09544424179906692,86,152.0,1335.0,485,0.8861423220973783,0.09705515307383807,133.0,163
HAP1,96,0.1,0.5,GoCo-knap (paper path),adapt_475_to_450_q0.4,0.2805944351370112,0.09820451845877498,0.2933311572004905,0.10021565768899147,84,148.0,1340.0,506,0.8895522388059701,0.1014936794830702,131.0,136
HAP1,96,0.1,0.5,GoCo-knapEB (paper path),adapt_475_to_450_q0.225,0.0004589381677348549,0.09015968934204173,0.28183412526012347,0.0912276417102964,84,148.0,1226.0,465,0.8792822185970636,0.09250566350437513,131.0,102
HAP1,96,0.1,0.5,GoCo-learned (paper path),adapt_475_to_450_q0.6,0.1466434947385512,0.09677864185873794,0.29098623006848634,0.09701621989792736,86,152.0,1322.0,492,0.8850226928895613,0.0986271311726985,133.0,171
HAP1,96,0.1,0.5,GoCo-learnedgb (paper path),adapt_475_to_450_q0.6,0.047075723017397146,0.09491446076553767,0.2884162092510096,0.09723814621838897,86,152.0,1297.0,493,0.8828064764841943,0.0988490574931601,133.0,171
HAP1,96,0.1,0.5,GoCo-ens (paper path),adapt_475_to_450_q0.4,0.10478313816231305,0.09616464569906738,0.2901721826494575,0.09721965236275978,86,152.0,1351.0,493,0.8874907475943745,0.09883056363753091,133.0,171
HAP1,97,0.1,0.1,GoCo-knap (paper path),adapt_475_to_450_q0.275,0.06246192165573579,0.09532630140324777,0.2891506312781749,0.09322461833424214,79,131.0,1245.0,470,0.8947791164658635,0.09472015515611376,111.0,133
HAP1,97,0.1,0.1,GoCo-knapEB (paper path),adapt_475_to_450_q0.25,0.03623008625575168,0.09454955928163215,0.28806046244811767,0.09255883937285733,79,131.0,1235.0,467,0.8939271255060729,0.09405437619472894,111.0,130
HAP1,97,0.1,0.1,GoCo-learned (paper path),adapt_475_to_450_q0.5,2.953831819616722e-05,0.0882080146770873,0.2787103550332179,0.08579008659877832,82,134.0,1142.0,437,0.882661996497373,0.08739658658088073,113.0,142
HAP1,97,0.1,0.1,GoCo-learnedgb (paper path),adapt_475_to_450_q0.6,0.04198983125344145,0.0947548411307047,0.288146598785979,0.09311365517401135,80,132.0,1216.0,468,0.8914473684210527,0.09472015515611376,111.0,173
HAP1,97,0.1,0.1,GoCo-ens (paper path),adapt_475_to_450_q0.4,0.07644249210067636,0.09564254641255113,0.2893910000452717,0.09222594989216491,82,134.0,1275.0,466,0.8949019607843137,0.09383244987426734,113.0,169
HAP1,97,0.1,0.5,GoCo-knap (paper path),adapt_475_to_450_q0.35,0.3994996593387091,0.0992100120113259,0.294510229758799,0.09699736578208946,79,131.0,1286.0,487,0.8981337480559876,0.09849290260396107,111.0,151
HAP1,97,0.1,0.5,GoCo-knapEB (paper path),adapt_475_to_450_q0.35,0.3994996593387091,0.0992100120113259,0.294510229758799,0.09699736578208946,79,131.0,1286.0,487,0.8981337480559876,0.09849290260396107,111.0,151
HAP1,97,0.1,0.5,GoCo-learned (paper path),adapt_475_to_450_q0.6,0.10673362541496678,0.09619736221370515,0.29016466169359545,0.09688640262185866,82,134.0,1263.0,487,0.8939034045922407,0.09849290260396107,113.0,192
HAP1,97,0.1,0.5,GoCo-learnedgb (paper path),adapt_475_to_450_q0.6,0.04198983125344145,0.0947548411307047,0.288146598785979,0.09311365517401135,80,132.0,1216.0,468,0.8914473684210527,0.09472015515611376,111.0,173
HAP1,97,0.1,0.5,GoCo-ens (paper path),adapt_475_to_450_q0.4,0.07644249210067636,0.09564254641255113,0.2893910000452717,0.09222594989216491,82,134.0,1275.0,466,0.8949019607843137,0.09383244987426734,113.0,169
HAP1,98,0.1,0.1,GoCo-knap (paper path),adapt_475_to_450_q0.35,0.07341589932786331,0.09557306634396963,0.28966899734247564,0.09447469918451677,74,138.0,1251.0,473,0.8896882494004796,0.09616328467674061,117.0,130
HAP1,98,0.1,0.1,GoCo-knapEB (paper path),adapt_475_to_450_q0.225,0.08137041823751112,0.09574320986602394,0.28949070557920153,0.09794044855418228,78,142.0,1242.0,491,0.8856682769726248,0.09996192352709853,119.0,183
HAP1,98,0.1,0.1,GoCo-learned (paper path),adapt_475_to_450_q0.5,0.00047385390777643263,0.09019505185448377,0.28158182729292075,0.09150458526079569,78,142.0,1224.0,462,0.8839869281045751,0.09352606023371193,119.0,154
HAP1,98,0.1,0.1,GoCo-learnedgb (paper path),adapt_475_to_450_q0.6,0.061200202647802994,0.09529935722510073,0.2888698854566755,0.09549925902910461,78,142.0,1247.0,480,0.8861267040898155,0.09752073400202085,119.0,172
HAP1,98,0.1,0.1,GoCo-ens (paper path),adapt_475_to_450_q0.4,0.001068112505410478,0.0908608308158686,0.2825483343173132,0.09039495365848765,77,141.0,1241.0,456,0.8863819500402901,0.0921945023109423,119.0,148
HAP1,98,0.1,0.5,GoCo-knap (paper path),adapt_475_to_450_q0.4,0.20464268544533387,0.09745944006789328,0.2922847418141432,0.09625010974820963,74,138.0,1271.0,481,0.8914240755310779,0.09793869524043346,117.0,138
HAP1,98,0.1,0.5,GoCo-knapEB (paper path),adapt_475_to_450_q0.3,0.23150068437969828,0.0977405467501784,0.29225973594959,0.10038163807925995,78,142.0,1292.0,502,0.8900928792569659,0.1024031130521762,119.0,194
HAP1,98,0.1,0.5,GoCo-learned (paper path),adapt_475_to_450_q0.6,0.15231321148097027,0.09685284146833198,0.2910340006837889,0.09705274327233586,78,142.0,1275.0,487,0.8886274509803922,0.0990742182452521,119.0,179
HAP1,98,0.1,0.5,GoCo-learnedgb (paper path),adapt_475_to_450_q0.6,0.061200202647802994,0.09529935722510073,0.2888698854566755,0.09549925902910461,78,142.0,1247.0,480,0.8861267040898155,0.09752073400202085,119.0,172
HAP1,98,0.1,0.5,GoCo-ens (paper path),adapt_475_to_450_q0.4,0.001068112505410478,0.0908608308158686,0.2825483343173132,0.09039495365848765,77,141.0,1241.0,456,0.8863819500402901,0.0921945023109423,119.0,148
HAP1,99,0.1,0.1,GoCo-knap (paper path),adapt_475_to_450_q0.275,0.0851800775094686,0.0958112888815294,0.2900270503489844,0.09174781552273276,72,123.0,1243.0,455,0.9010458567980691,0.0927281822435495,105.0,122
HAP1,99,0.1,0.1,GoCo-knapEB (paper path),adapt_475_to_450_q0.175,0.008506312250633138,0.09281528355529771,0.28580554722326545,0.0895285523181167,72,123.0,1206.0,445,0.8980099502487562,0.09050891903893343,105.0,112
HAP1,99,0.1,0.1,GoCo-learned (paper path),adapt_475_to_450_q0.6,0.012130977362595734,0.09321105216794738,0.2860621831209477,0.08976897249420748,76,127.0,1218.0,448,0.8957307060755336,0.09130415501617825,106.0,148
HAP1,99,0.1,0.1,GoCo-learnedgb (paper path),adapt_475_to_450_q0.6,0.033119818703697824,0.09443164693048621,0.2877900826621954,0.09132245673743873,76,127.0,1222.0,455,0.8960720130932897,0.09285763925940949,106.0,154
HAP1,99,0.1,0.1,GoCo-ens (paper path),adapt_475_to_450_q0.4,0.004697823759717806,0.09221238372587015,0.2846367522012821,0.08754970928959142,76,127.0,1236.0,438,0.8972491909385113,0.08908489181156218,106.0,135
HAP1,99,0.1,0.5,GoCo-knap (paper path),adapt_475_to_450_q0.35,0.4467958262442231,0.09958403632937671,0.2952139227195576,0.09463285768873364,72,123.0,1278.0,468,0.903755868544601,0.09561322440955039,105.0,135
HAP1,99,0.1,0.5,GoCo-knapEB (paper path),adapt_475_to_450_q0.175,0.008506312250633138,0.09281528355529771,0.28580554722326545,0.0895285523181167,72,123.0,1206.0,445,0.8980099502487562,0.09050891903893343,105.0,112
HAP1,99,0.1,0.5,GoCo-learned (paper path),adapt_475_to_450_q0.6,0.012130977362595734,0.09321105216794738,0.2860621831209477,0.08976897249420748,76,127.0,1218.0,448,0.8957307060755336,0.09130415501617825,106.0,148
HAP1,99,0.1,0.5,GoCo-learnedgb (paper path),adapt_475_to_450_q0.6,0.033119818703697824,0.09443164693048621,0.2877900826621954,0.09132245673743873,76,127.0,1222.0,455,0.8960720130932897,0.09285763925940949,106.0,154
HAP1,99,0.1,0.5,GoCo-ens (paper path),adapt_475_to_450_q0.5,0.3442365091493239,0.09875921017948755,0.2937935487284266,0.09331979362159319,76,127.0,1296.0,464,0.9020061728395061,0.09485497614356395,106.0,163
