dataset,seed,alpha,delta,method,policy,p_selected,cal_mean,cal_sd,unit_fdp,unit_yield,go_yield,total_calls,genes_with_calls,term_fdp,unit_fdp_direct,go_yield_direct,n_relaxed_eval
HAP1,0,0.05,0.1,GoCo-learned (paper path),adapt_550_to_525_q0.4,0.0011016831757537232,0.043552536052753804,0.19993352253994795,0.04921621264773266,64,99.0,561.0,265,0.8235294117647058,0.05100888413320474,85.0,52
HAP1,0,0.05,0.1,GoCo-dense-learned (tie-level path),adapt_538.398_to_526.433_q0.4,0.019143778222781467,0.04553877662154658,0.204420527865263,0.050991623211425516,65,102.0,591.0,274,0.8274111675126904,0.0527842946968976,88.0,61
HAP1,0,0.05,0.5,GoCo-learned (paper path),adapt_550_to_525_q0.4,0.0011016831757537232,0.043552536052753804,0.19993352253994795,0.04921621264773266,64,99.0,561.0,265,0.8235294117647058,0.05100888413320474,85.0,52
HAP1,0,0.05,0.5,GoCo-dense-learned (tie-level path),adapt_538.398_to_526.433_q0.4,0.019143778222781467,0.04553877662154658,0.204420527865263,0.050991623211425516,65,102.0,591.0,274,0.8274111675126904,0.0527842946968976,88.0,61
HAP1,0,0.2,0.1,GoCo-learned (paper path),adapt_400_to_375_q0.5,1.64825728685717e-05,0.1832960225836838,0.38192506817294153,0.18101862026316506,124,210.0,3379.0,881,0.9378514353358982,0.18444821451816673,168.0,578
HAP1,0,0.2,0.1,GoCo-dense-learned (tie-level path),adapt_404.949_to_394.825_q0.4,0.00010732750682741268,0.18504002049591772,0.3837153112909951,0.1841816011563281,110,188.0,2742.0,894,0.9314369073668854,0.18746514997043665,156.0,323
HAP1,0,0.2,0.5,GoCo-learned (paper path),adapt_400_to_375_q0.5,1.64825728685717e-05,0.1832960225836838,0.38192506817294153,0.18101862026316506,124,210.0,3379.0,881,0.9378514353358982,0.18444821451816673,168.0,578
HAP1,0,0.2,0.5,GoCo-dense-learned (tie-level path),adapt_404.949_to_394.825_q0.5,0.38124043419161713,0.19874397078442194,0.39453047142085523,0.1979410330249477,110,188.0,2864.0,956,0.9343575418994413,0.20122458183905625,156.0,385
HAP1,1,0.05,0.1,GoCo-learned (paper path),adapt_550_to_525_q0.35,0.0038061143753216867,0.04434156739283179,0.201275247142552,0.047028557134108494,78,128.0,607.0,265,0.7891268533772653,0.04874848610445811,115.0,59
HAP1,1,0.05,0.1,GoCo-dense-learned (tie-level path),adapt_538.398_to_526.433_q0.3,0.0022808799147675434,0.04400867791213939,0.20051994040214952,0.046362778172723676,77,127.0,603.0,261,0.7893864013266998,0.048082707143073285,114.0,47
HAP1,1,0.05,0.5,GoCo-learned (paper path),adapt_550_to_525_q0.35,0.0038061143753216867,0.04434156739283179,0.201275247142552,0.047028557134108494,78,128.0,607.0,265,0.7891268533772653,0.04874848610445811,115.0,59
HAP1,1,0.05,0.5,GoCo-dense-learned (tie-level path),adapt_538.398_to_526.433_q0.35,0.14459528604865146,0.047670462199755896,0.2086487995453944,0.04969167297964778,79,129.0,641.0,278,0.7987519500780031,0.05141160194999739,116.0,66
HAP1,1,0.2,0.1,GoCo-learned (paper path),adapt_400_to_375_q0.6,0.015411044654822254,0.19116457437462295,0.3884298538810919,0.19358899548510897,129,223.0,3505.0,941,0.936376604850214,0.19602542943984627,192.0,637
HAP1,1,0.2,0.1,GoCo-dense-learned (tie-level path),adapt_404.949_to_394.825_q0.4,0.01749015787390623,0.19136153009240225,0.3889162216872106,0.1955104995133662,123,212.0,2883.0,950,0.9264654873395768,0.19810386708761077,183.0,374
HAP1,1,0.2,0.5,GoCo-learned (paper path),adapt_400_to_375_q0.6,0.015411044654822254,0.19116457437462295,0.3884298538810919,0.19358899548510897,129,223.0,3505.0,941,0.936376604850214,0.19602542943984627,192.0,637
HAP1,1,0.2,0.5,GoCo-dense-learned (tie-level path),adapt_404.949_to_394.825_q0.4,0.01749015787390623,0.19136153009240225,0.3889162216872106,0.1955104995133662,123,212.0,2883.0,950,0.9264654873395768,0.19810386708761077,183.0,374
HAP1,2,0.05,0.1,GoCo-learned (paper path),adapt_550_to_525_q0.3,0.037551599282999164,0.04613304998323857,0.20625275161106416,0.040014804738974286,63,92.0,486.0,222,0.8106995884773662,0.0419085760064724,78.0,26
HAP1,2,0.05,0.1,GoCo-dense-learned (tie-level path),adapt_538.398_to_526.433_q0.3,0.04289525803811072,0.046270605092359765,0.20607122480451187,0.04010357526848171,63,92.0,503.0,222,0.8170974155069582,0.04198994898579145,78.0,33
HAP1,2,0.05,0.5,GoCo-learned (paper path),adapt_550_to_525_q0.35,0.10660712642067482,0.047269273534436995,0.20825609909351656,0.04121320687078975,66,95.0,517.0,230,0.816247582205029,0.043099580588099484,81.0,47
HAP1,2,0.05,0.5,GoCo-dense-learned (tie-level path),adapt_538.398_to_526.433_q0.3,0.04289525803811072,0.046270605092359765,0.20607122480451187,0.04010357526848171,63,92.0,503.0,222,0.8170974155069582,0.04198994898579145,78.0,33
HAP1,2,0.2,0.1,GoCo-learned (paper path),adapt_400_to_375_q0.5,4.205769652672095e-05,0.1841486805179386,0.3826683635651004,0.1818993242975875,109,175.0,3391.0,879,0.9483928044824536,0.1845275539850268,144.0,599
HAP1,2,0.2,0.1,GoCo-dense-learned (tie-level path),adapt_404.949_to_394.825_q0.35,0.09352524864669798,0.19455920254065098,0.3914817504731207,0.1897401509751122,103,166.0,2826.0,914,0.9412597310686482,0.19225464343257442,138.0,367
HAP1,2,0.2,0.5,GoCo-learned (paper path),adapt_400_to_375_q0.5,4.205769652672095e-05,0.1841486805179386,0.3826683635651004,0.1818993242975875,109,175.0,3391.0,879,0.9483928044824536,0.1845275539850268,144.0,599
HAP1,2,0.2,0.5,GoCo-dense-learned (tie-level path),adapt_404.949_to_394.825_q0.4,0.14732707282597796,0.19566883414295902,0.3923449798254032,0.1921813405001899,103,166.0,2847.0,925,0.9416930101861609,0.1946958329576521,138.0,378
HAP1,3,0.05,0.1,GoCo-learned (paper path),adapt_550_to_525_q0.5,0.02350041484087978,0.04571730242376586,0.20468440115247707,0.04260778803456057,69,126.0,548.0,238,0.7700729927007299,0.04468782689906839,109.0,45
HAP1,3,0.05,0.1,GoCo-dense-learned (tie-level path),adapt_538.398_to_526.433_q0.5,0.0729345206657064,0.046826934026073894,0.20712953837654347,0.04393934595733021,69,126.0,557.0,244,0.7737881508078994,0.046019384821838025,109.0,43
HAP1,3,0.05,0.5,GoCo-learned (paper path),adapt_550_to_525_q0.5,0.02350041484087978,0.04571730242376586,0.20468440115247707,0.04260778803456057,69,126.0,548.0,238,0.7700729927007299,0.04468782689906839,109.0,45
HAP1,3,0.05,0.5,GoCo-dense-learned (tie-level path),adapt_538.398_to_526.433_q0.5,0.0729345206657064,0.046826934026073894,0.20712953837654347,0.04393934595733021,69,126.0,557.0,244,0.7737881508078994,0.046019384821838025,109.0,43
HAP1,3,0.2,0.1,GoCo-learned (paper path),adapt_400_to_375_q0.5,4.837575550014625e-09,0.1772414427258891,0.3766356134974932,0.1732393406262093,117,201.0,3252.0,845,0.9381918819188192,0.17602253445005395,166.0,548
HAP1,3,0.2,0.1,GoCo-dense-learned (tie-level path),adapt_404.949_to_394.825_q0.4,0.07663781271957476,0.194117583575854,0.391039831481062,0.19094306849607934,113,193.0,2804.0,923,0.931169757489301,0.19354657966046665,161.0,353
HAP1,3,0.2,0.5,GoCo-learned (paper path),adapt_400_to_375_q0.5,4.837575550014625e-09,0.1772414427258891,0.3766356134974932,0.1732393406262093,117,201.0,3252.0,845,0.9381918819188192,0.17602253445005395,166.0,548
HAP1,3,0.2,0.5,GoCo-dense-learned (tie-level path),adapt_404.949_to_394.825_q0.5,0.3946592420708791,0.19888899946577857,0.39472568682503045,0.19427196330300342,113,193.0,2828.0,938,0.9317538896746818,0.19687547446739076,161.0,368
HAP1,4,0.05,0.1,GoCo-learned (paper path),adapt_550_to_525_q0.6,0.024632729664119505,0.04576118330769258,0.2046483764698824,0.04968578056579053,62,102.0,644.0,266,0.8416149068322981,0.05127836609754465,86.0,74
HAP1,4,0.05,0.1,GoCo-dense-learned (tie-level path),adapt_538.398_to_526.433_q0.5,0.00013366784892076668,0.042432288500768474,0.19709299829050853,0.044581475195173574,61,101.0,577.0,242,0.8249566724436742,0.046174060726927695,85.0,45
HAP1,4,0.05,0.5,GoCo-learned (paper path),adapt_550_to_525_q0.6,0.024632729664119505,0.04576118330769258,0.2046483764698824,0.04968578056579053,62,102.0,644.0,266,0.8416149068322981,0.05127836609754465,86.0,74
HAP1,4,0.05,0.5,GoCo-dense-learned (tie-level path),adapt_538.398_to_526.433_q0.6,0.1310655607983619,0.04753659387138543,0.2085443039171264,0.0519050437704066,62,102.0,663.0,276,0.8461538461538461,0.05349762930216072,86.0,79
HAP1,4,0.2,0.1,GoCo-learned (paper path),adapt_400_to_375_q0.6,0.0009398942887499587,0.1873845747290481,0.385254985205859,0.19018537017421303,104,176.0,3455.0,909,0.9490593342981186,0.19190944625412787,151.0,624
HAP1,4,0.2,0.1,GoCo-dense-learned (tie-level path),adapt_404.949_to_394.825_q0.5,0.0001232673434532995,0.18517845225860635,0.38382341162077094,0.18738701139959926,98,163.0,2805.0,897,0.9418894830659537,0.18921200311678651,140.0,341
HAP1,4,0.2,0.5,GoCo-learned (paper path),adapt_400_to_375_q0.6,0.0009398942887499587,0.1873845747290481,0.385254985205859,0.19018537017421303,104,176.0,3455.0,909,0.9490593342981186,0.19190944625412787,151.0,624
HAP1,4,0.2,0.5,GoCo-dense-learned (tie-level path),adapt_404.949_to_394.825_q0.6,0.41994900816893693,0.19915981044768757,0.3948071896514901,0.2015902959091421,98,163.0,2902.0,961,0.9438318401102688,0.20341528762632935,140.0,405
HAP1,5,0.05,0.1,GoCo-learned (paper path),adapt_550_to_525_q0.5,0.004348588701703641,0.044401404229180846,0.20256759010655565,0.04413321923135494,70,99.0,522.0,248,0.8103448275862069,0.045723691185844566,87.0,43
HAP1,5,0.05,0.1,GoCo-dense-learned (tie-level path),adapt_538.398_to_526.433_q0.5,0.008655313149832686,0.04490073846014034,0.20339164458415324,0.0452058631224046,70,101.0,540.0,252,0.812962962962963,0.04679633507689422,89.0,54
HAP1,5,0.05,0.5,GoCo-learned (paper path),adapt_550_to_525_q0.5,0.004348588701703641,0.044401404229180846,0.20256759010655565,0.04413321923135494,70,99.0,522.0,248,0.8103448275862069,0.045723691185844566,87.0,43
HAP1,5,0.05,0.5,GoCo-dense-learned (tie-level path),adapt_538.398_to_526.433_q0.5,0.008655313149832686,0.04490073846014034,0.20339164458415324,0.0452058631224046,70,101.0,540.0,252,0.812962962962963,0.04679633507689422,89.0,54
HAP1,5,0.2,0.1,GoCo-learned (paper path),adapt_400_to_375_q0.5,4.555201237585759e-12,0.17316440244846432,0.37354580808916693,0.17231636249021695,116,186.0,3230.0,833,0.9424148606811146,0.17414578151898652,156.0,550
HAP1,5,0.2,0.1,GoCo-dense-learned (tie-level path),adapt_404.949_to_394.825_q0.5,0.08402132041525617,0.19431632851435246,0.3914049631211793,0.1949425538943124,108,172.0,2841.0,935,0.9394579373460049,0.19688125483152658,144.0,389
HAP1,5,0.2,0.5,GoCo-learned (paper path),adapt_400_to_375_q0.6,0.2961797045526984,0.19777973016076653,0.39366037112679064,0.1978378893433017,118,188.0,3507.0,949,0.9463929284288566,0.1997782715323021,157.0,666
HAP1,5,0.2,0.5,GoCo-dense-learned (tie-level path),adapt_404.949_to_394.825_q0.5,0.08402132041525617,0.19431632851435246,0.3914049631211793,0.1949425538943124,108,172.0,2841.0,935,0.9394579373460049,0.19688125483152658,144.0,389
HAP1,6,0.05,0.1,GoCo-learned (paper path),adapt_550_to_525_q0.4,0.05347554346295687,0.046496494384246884,0.2063169624320623,0.044408417500710944,69,105.0,569.0,243,0.8154657293497364,0.045696823076042024,91.0,59
HAP1,6,0.05,0.1,GoCo-dense-learned (tie-level path),adapt_538.398_to_526.433_q0.35,0.014133530183813107,0.04529439348064419,0.20364637900830987,0.04352071221886451,67,103.0,554.0,237,0.8140794223826715,0.0448091177941956,89.0,42
HAP1,6,0.05,0.5,GoCo-learned (paper path),adapt_550_to_525_q0.4,0.05347554346295687,0.046496494384246884,0.2063169624320623,0.044408417500710944,69,105.0,569.0,243,0.8154657293497364,0.045696823076042024,91.0,59
HAP1,6,0.05,0.5,GoCo-dense-learned (tie-level path),adapt_538.398_to_526.433_q0.35,0.014133530183813107,0.04529439348064419,0.20364637900830987,0.04352071221886451,67,103.0,554.0,237,0.8140794223826715,0.0448091177941956,89.0,42
HAP1,6,0.2,0.1,GoCo-learned (paper path),adapt_400_to_375_q0.5,1.097396691221535e-24,0.16109678528366278,0.36242364459694126,0.1617837913807265,121,205.0,3096.0,791,0.9337855297157622,0.1644481641521096,170.0,486
HAP1,6,0.2,0.1,GoCo-dense-learned (tie-level path),adapt_404.949_to_394.825_q0.5,0.03052526274101934,0.19231157809085864,0.3896548000366284,0.19725571144860002,116,194.0,2906.0,952,0.9332415691672402,0.19998111395281895,163.0,378
HAP1,6,0.2,0.5,GoCo-learned (paper path),adapt_400_to_375_q0.6,0.16384508082170451,0.19595771145837815,0.39206144240029117,0.2042456940312519,123,207.0,3603.0,984,0.9425478767693589,0.20691006680263502,172.0,680
HAP1,6,0.2,0.5,GoCo-dense-learned (tie-level path),adapt_404.949_to_394.825_q0.6,0.2324246926314537,0.19697203082055237,0.3932900686052248,0.20413542738290982,117,195.0,2943.0,984,0.9337410805300713,0.20708275620759037,163.0,410
HAP1,7,0.05,0.1,GoCo-learned (paper path),adapt_550_to_525_q0.4,0.010060244183197476,0.04504150795410117,0.20253805443183703,0.04381195447522166,54,79.0,490.0,238,0.8387755102040816,0.045360507022736606,66.0,33
HAP1,7,0.05,0.1,GoCo-dense-learned (tie-level path),adapt_538.398_to_526.433_q0.4,0.011738234159155064,0.04515986865790643,0.2028085811227644,0.04382674956237058,54,79.0,493.0,238,0.8397565922920892,0.04536790455969714,66.0,32
HAP1,7,0.05,0.5,GoCo-learned (paper path),adapt_550_to_525_q0.4,0.010060244183197476,0.04504150795410117,0.20253805443183703,0.04381195447522166,54,79.0,490.0,238,0.8387755102040816,0.045360507022736606,66.0,33
HAP1,7,0.05,0.5,GoCo-dense-learned (tie-level path),adapt_538.398_to_526.433_q0.4,0.011738234159155064,0.04515986865790643,0.2028085811227644,0.04382674956237058,54,79.0,493.0,238,0.8397565922920892,0.04536790455969714,66.0,32
HAP1,7,0.2,0.1,GoCo-learned (paper path),adapt_400_to_375_q0.5,1.87043075026986e-09,0.17665330797294962,0.37595234346238915,0.1752184900148043,92,161.0,3218.0,836,0.9499689247980112,0.17670716815890603,134.0,549
HAP1,7,0.2,0.1,GoCo-dense-learned (tie-level path),adapt_404.949_to_394.825_q0.4,0.004531721957638105,0.18936046242012852,0.38703548935447746,0.19121672153882963,88,153.0,2740.0,909,0.9441605839416058,0.1926758150643261,129.0,350
HAP1,7,0.2,0.5,GoCo-learned (paper path),adapt_400_to_375_q0.6,0.43210281584149957,0.1992897926600335,0.394222192958663,0.20196061163042792,93,162.0,3481.0,957,0.9534616489514507,0.2034492897745296,135.0,670
HAP1,7,0.2,0.5,GoCo-dense-learned (tie-level path),adapt_404.949_to_394.825_q0.5,0.3602982032259154,0.1985149231391698,0.3941730583992997,0.20131436911983275,89,154.0,2825.0,955,0.9454867256637168,0.20277346264532922,130.0,396
HAP1,8,0.05,0.1,GoCo-learned (paper path),adapt_550_to_525_q0.4,0.09643710698831903,0.04714866314220577,0.20787726040162682,0.05518796811805425,65,105.0,678.0,293,0.8451327433628318,0.05662309163763848,91.0,80
HAP1,8,0.05,0.1,GoCo-dense-learned (tie-level path),adapt_538.398_to_526.433_q0.4,0.09643710698831903,0.04714866314220577,0.20787726040162682,0.05518796811805425,65,105.0,678.0,293,0.8451327433628318,0.05662309163763848,91.0,72
HAP1,8,0.05,0.5,GoCo-learned (paper path),adapt_550_to_525_q0.4,0.09643710698831903,0.04714866314220577,0.20787726040162682,0.05518796811805425,65,105.0,678.0,293,0.8451327433628318,0.05662309163763848,91.0,80
HAP1,8,0.05,0.5,GoCo-dense-learned (tie-level path),adapt_538.398_to_526.433_q0.4,0.09643710698831903,0.04714866314220577,0.20787726040162682,0.05518796811805425,65,105.0,678.0,293,0.8451327433628318,0.05662309163763848,91.0,72
HAP1,8,0.2,0.1,GoCo-learned (paper path),adapt_400_to_375_q0.5,6.531461038670217e-32,0.15591700933294936,0.3577447893224569,0.17422099449848313,117,202.0,3334.0,846,0.9394121175764847,0.17650856335944617,168.0,526
HAP1,8,0.2,0.1,GoCo-dense-learned (tie-level path),adapt_404.949_to_394.825_q0.4,7.7145605919139e-05,0.18470231540372145,0.38377651336493895,0.19900607123567537,109,187.0,2931.0,958,0.9361992494029342,0.20136819348976023,156.0,349
HAP1,8,0.2,0.5,GoCo-learned (paper path),adapt_400_to_375_q0.6,0.16950062224884316,0.19604868561862787,0.3923109699972143,0.20828668468933978,118,203.0,3711.0,1000,0.94529776340609,0.2106852167105336,168.0,680
HAP1,8,0.2,0.5,GoCo-dense-learned (tie-level path),adapt_404.949_to_394.825_q0.5,0.23603820634204553,0.19701922618934065,0.39350249204204824,0.21276550310429498,112,190.0,3013.0,1023,0.9369399269830734,0.21579340431976465,156.0,414
HAP1,9,0.05,0.1,GoCo-learned (paper path),adapt_550_to_525_q0.4,0.002254332426588909,0.04400785329854599,0.2002837022302981,0.044526137719141656,63,99.0,568.0,245,0.8257042253521126,0.046013492388139024,85.0,56
HAP1,9,0.05,0.1,GoCo-dense-learned (tie-level path),adapt_538.398_to_526.433_q0.35,0.001887106006372134,0.043896890138315194,0.20003087863371227,0.044526137719141656,63,99.0,568.0,245,0.8257042253521126,0.046013492388139024,85.0,50
HAP1,9,0.05,0.5,GoCo-learned (paper path),adapt_550_to_525_q0.4,0.002254332426588909,0.04400785329854599,0.2002837022302981,0.044526137719141656,63,99.0,568.0,245,0.8257042253521126,0.046013492388139024,85.0,56
HAP1,9,0.05,0.5,GoCo-dense-learned (tie-level path),adapt_538.398_to_526.433_q0.35,0.001887106006372134,0.043896890138315194,0.20003087863371227,0.044526137719141656,63,99.0,568.0,245,0.8257042253521126,0.046013492388139024,85.0,50
HAP1,9,0.2,0.1,GoCo-learned (paper path),adapt_400_to_375_q0.6,0.0033216368691629462,0.1889528717516636,0.38638076986148595,0.18792294326275125,111,174.0,3470.0,902,0.9498559077809798,0.19034850352335866,142.0,635
HAP1,9,0.2,0.1,GoCo-dense-learned (tie-level path),adapt_404.949_to_394.825_q0.5,0.035846893030164445,0.19260931325042135,0.38955408292820215,0.1906895344449423,100,157.0,2806.0,914,0.9440484675694939,0.19315627912746447,130.0,371
HAP1,9,0.2,0.5,GoCo-learned (paper path),adapt_400_to_375_q0.6,0.0033216368691629462,0.1889528717516636,0.38638076986148595,0.18792294326275125,111,174.0,3470.0,902,0.9498559077809798,0.19034850352335866,142.0,635
HAP1,9,0.2,0.5,GoCo-dense-learned (tie-level path),adapt_404.949_to_394.825_q0.6,0.49356868358536893,0.19993288182565438,0.3952229021918562,0.2008981451861762,100,157.0,2873.0,960,0.945353289244692,0.20336488986869838,130.0,417
HAP1,10,0.05,0.1,GoCo-learned (paper path),adapt_550_to_525_q0.5,0.04893582065848553,0.046410557972263136,0.20585961180010867,0.05012548610706939,58,94.0,625.0,265,0.8496,0.05149773050957767,83.0,75
HAP1,10,0.05,0.1,GoCo-dense-learned (tie-level path),adapt_538.398_to_526.433_q0.4,0.0025796291709329266,0.044080331607416263,0.20092232534627003,0.04772128429986401,58,93.0,581.0,254,0.8399311531841652,0.0490935287023723,82.0,56
HAP1,10,0.05,0.5,GoCo-learned (paper path),adapt_550_to_525_q0.5,0.04893582065848553,0.046410557972263136,0.20585961180010867,0.05012548610706939,58,94.0,625.0,265,0.8496,0.05149773050957767,83.0,75
HAP1,10,0.05,0.5,GoCo-dense-learned (tie-level path),adapt_538.398_to_526.433_q0.4,0.0025796291709329266,0.044080331607416263,0.20092232534627003,0.04772128429986401,58,93.0,581.0,254,0.8399311531841652,0.0490935287023723,82.0,56
HAP1,10,0.2,0.1,GoCo-learned (paper path),adapt_400_to_375_q0.6,8.10140135290658e-05,0.18478212600819438,0.3830079114368057,0.18822575605912997,105,165.0,3455.0,901,0.9522431259044862,0.18996036404564387,139.0,621
HAP1,10,0.2,0.1,GoCo-dense-learned (tie-level path),adapt_404.949_to_394.825_q0.5,0.022920485037890657,0.19181624285403856,0.3890602496998814,0.1917881818609771,96,153.0,2854.0,916,0.9463910301331465,0.19354766046754848,132.0,372
HAP1,10,0.2,0.5,GoCo-learned (paper path),adapt_400_to_375_q0.6,8.10140135290658e-05,0.18478212600819438,0.3830079114368057,0.18822575605912997,105,165.0,3455.0,901,0.9522431259044862,0.18996036404564387,139.0,621
HAP1,10,0.2,0.5,GoCo-dense-learned (tie-level path),adapt_404.949_to_394.825_q0.5,0.022920485037890657,0.19181624285403856,0.3890602496998814,0.1917881818609771,96,153.0,2854.0,916,0.9463910301331465,0.19354766046754848,132.0,372
HAP1,11,0.05,0.1,GoCo-learned (paper path),adapt_550_to_525_q0.35,0.010411490568692679,0.045063084127820445,0.20278357442505462,0.0481772099832826,69,108.0,629.0,266,0.8282988871224165,0.05081443440316256,86.0,69
HAP1,11,0.05,0.1,GoCo-dense-learned (tie-level path),adapt_538.398_to_526.433_q0.3,0.0029439621075475824,0.044175378845974014,0.20078020377935904,0.046549750310920686,69,108.0,605.0,259,0.8214876033057851,0.049186974730800644,86.0,48
HAP1,11,0.05,0.5,GoCo-learned (paper path),adapt_550_to_525_q0.35,0.010411490568692679,0.045063084127820445,0.20278357442505462,0.0481772099832826,69,108.0,629.0,266,0.8282988871224165,0.05081443440316256,86.0,69
HAP1,11,0.05,0.5,GoCo-dense-learned (tie-level path),adapt_538.398_to_526.433_q0.35,0.17582549406239917,0.04794812629382133,0.2091360297955026,0.049952620546975454,69,108.0,659.0,274,0.8361153262518968,0.05258984496685541,86.0,73
HAP1,11,0.2,0.1,GoCo-learned (paper path),adapt_400_to_375_q0.5,1.6842758090239604e-11,0.17387768409607202,0.3740609183074658,0.16850778014724432,123,211.0,3251.0,826,0.9350968932636112,0.1715183403827432,171.0,529
HAP1,11,0.2,0.1,GoCo-dense-learned (tie-level path),adapt_404.949_to_394.825_q0.4,0.016674170993002252,0.19128321539288196,0.3888866117781445,0.18855150817131605,110,194.0,2877.0,914,0.932568647897115,0.19151440069668038,158.0,351
HAP1,11,0.2,0.5,GoCo-learned (paper path),adapt_400_to_375_q0.5,1.6842758090239604e-11,0.17387768409607202,0.3740609183074658,0.16850778014724432,123,211.0,3251.0,826,0.9350968932636112,0.1715183403827432,171.0,529
HAP1,11,0.2,0.5,GoCo-dense-learned (tie-level path),adapt_404.949_to_394.825_q0.4,0.016674170993002252,0.19128321539288196,0.3888866117781445,0.18855150817131605,110,194.0,2877.0,914,0.932568647897115,0.19151440069668038,158.0,351
HAP1,12,0.05,0.1,GoCo-learned (paper path),adapt_550_to_525_q0.5,0.0026403474255982115,0.04408966660618623,0.20114668058351512,0.043969768757985216,62,108.0,544.0,242,0.8014705882352942,0.04555249090492064,94.0,48
HAP1,12,0.05,0.1,GoCo-dense-learned (tie-level path),adapt_538.398_to_526.433_q0.5,0.0026403474255982115,0.04408966660618623,0.20114668058351512,0.043969768757985216,62,108.0,544.0,242,0.8014705882352942,0.04555249090492064,94.0,42
HAP1,12,0.05,0.5,GoCo-learned (paper path),adapt_550_to_525_q0.6,0.13048760449533203,0.047529524573341135,0.20863654160305425,0.048075405686524936,63,109.0,590.0,260,0.8152542372881356,0.049658127833460367,95.0,69
HAP1,12,0.05,0.5,GoCo-dense-learned (tie-level path),adapt_538.398_to_526.433_q0.6,0.3592081847713341,0.04919397197680319,0.21220900716712846,0.050516595211602615,63,109.0,613.0,271,0.8221859706362153,0.05209931735853804,95.0,74
HAP1,12,0.2,0.1,GoCo-learned (paper path),adapt_400_to_375_q0.6,2.1167585144675006e-09,0.17670751687617128,0.3763857945383404,0.18136325457719923,113,201.0,3405.0,876,0.9409691629955947,0.18379498097865357,169.0,587
HAP1,12,0.2,0.1,GoCo-dense-learned (tie-level path),adapt_404.949_to_394.825_q0.6,0.055575886235689854,0.19344821792712646,0.39043076175751684,0.19947163614825147,103,185.0,2901.0,956,0.9362288865908307,0.2019827740719146,156.0,389
HAP1,12,0.2,0.5,GoCo-learned (paper path),adapt_400_to_375_q0.6,2.1167585144675006e-09,0.17670751687617128,0.3763857945383404,0.18136325457719923,113,201.0,3405.0,876,0.9409691629955947,0.18379498097865357,169.0,587
HAP1,12,0.2,0.5,GoCo-dense-learned (tie-level path),adapt_404.949_to_394.825_q0.6,0.055575886235689854,0.19344821792712646,0.39043076175751684,0.19947163614825147,103,185.0,2901.0,956,0.9362288865908307,0.2019827740719146,156.0,389
HAP1,13,0.05,0.1,GoCo-learned (paper path),adapt_550_to_525_q0.4,0.002616887069969329,0.04408010743852726,0.20126356411541044,0.043184892533622316,56,92.0,545.0,231,0.8311926605504587,0.044708882676354,80.0,42
HAP1,13,0.05,0.1,GoCo-dense-learned (tie-level path),adapt_538.398_to_526.433_q0.4,0.002492813688555879,0.04405051726422943,0.20114013539316186,0.04308872446054043,57,93.0,556.0,231,0.8327338129496403,0.04460531705308373,81.0,44
HAP1,13,0.05,0.5,GoCo-learned (paper path),adapt_550_to_525_q0.4,0.002616887069969329,0.04408010743852726,0.20126356411541044,0.043184892533622316,56,92.0,545.0,231,0.8311926605504587,0.044708882676354,80.0,42
HAP1,13,0.05,0.5,GoCo-dense-learned (tie-level path),adapt_538.398_to_526.433_q0.4,0.002492813688555879,0.04405051726422943,0.20114013539316186,0.04308872446054043,57,93.0,556.0,231,0.8327338129496403,0.04460531705308373,81.0,44
HAP1,13,0.2,0.1,GoCo-learned (paper path),adapt_400_to_375_q0.6,0.002903243106993419,0.18876572580957646,0.386616564713058,0.19410831819520333,114,195.0,3619.0,929,0.9461177120751589,0.19716264725167965,157.0,642
HAP1,13,0.2,0.1,GoCo-dense-learned (tie-level path),adapt_404.949_to_394.825_q0.4,1.5743722078346044e-06,0.18129633484293342,0.38095199487885956,0.18620825599245744,106,183.0,2888.0,894,0.9366343490304709,0.18929552172773212,147.0,340
HAP1,13,0.2,0.5,GoCo-learned (paper path),adapt_400_to_375_q0.6,0.002903243106993419,0.18876572580957646,0.386616564713058,0.19410831819520333,114,195.0,3619.0,929,0.9461177120751589,0.19716264725167965,157.0,642
HAP1,13,0.2,0.5,GoCo-dense-learned (tie-level path),adapt_404.949_to_394.825_q0.5,0.18420134029064633,0.1962763614740919,0.39299923662433967,0.2017430984247699,108,185.0,3011.0,965,0.938558618399203,0.20483036416004458,149.0,411
HAP1,14,0.05,0.1,GoCo-learned (paper path),adapt_550_to_525_q0.35,0.011969853856752805,0.04518018789255402,0.2026275061742127,0.045173150602574354,59,97.0,571.0,245,0.830122591943958,0.04722765033185826,82.0,54
HAP1,14,0.05,0.1,GoCo-dense-learned (tie-level path),adapt_538.398_to_526.433_q0.3,0.0025577946293027383,0.04408905014918214,0.20042967445104015,0.04472929796165114,59,97.0,566.0,243,0.8286219081272085,0.04678379769093505,82.0,47
HAP1,14,0.05,0.5,GoCo-learned (paper path),adapt_550_to_525_q0.4,0.16306282570213682,0.047843303738093305,0.20850249343677146,0.04850204540949846,60,98.0,613.0,261,0.8401305057096248,0.05055654513878236,83.0,70
HAP1,14,0.05,0.5,GoCo-dense-learned (tie-level path),adapt_538.398_to_526.433_q0.35,0.16306282570213682,0.047843303738093305,0.20850249343677146,0.04850204540949846,60,98.0,613.0,261,0.8401305057096248,0.05055654513878236,83.0,66
HAP1,14,0.2,0.1,GoCo-learned (paper path),adapt_400_to_375_q0.6,1.2011572714852876e-09,0.176386431043102,0.37561764343829074,0.17797629468066925,105,188.0,3326.0,859,0.9434756464221287,0.1809436865365881,158.0,560
HAP1,14,0.2,0.1,GoCo-dense-learned (tie-level path),adapt_404.949_to_394.825_q0.6,0.013559947394422166,0.19096766692688347,0.38802523413096496,0.1932532478023041,97,179.0,2871.0,928,0.937652385928248,0.1960541949443324,152.0,374
HAP1,14,0.2,0.5,GoCo-learned (paper path),adapt_400_to_375_q0.6,1.2011572714852876e-09,0.176386431043102,0.37561764343829074,0.17797629468066925,105,188.0,3326.0,859,0.9434756464221287,0.1809436865365881,158.0,560
HAP1,14,0.2,0.5,GoCo-dense-learned (tie-level path),adapt_404.949_to_394.825_q0.6,0.013559947394422166,0.19096766692688347,0.38802523413096496,0.1932532478023041,97,179.0,2871.0,928,0.937652385928248,0.1960541949443324,152.0,374
HAP1,15,0.05,0.1,GoCo-learned (paper path),adapt_550_to_525_q0.4,0.0007572080964112412,0.04333518917064269,0.19947019200023275,0.04308883652018273,62,95.0,523.0,241,0.8183556405353728,0.044716296205772485,83.0,35
HAP1,15,0.05,0.1,GoCo-dense-learned (tie-level path),adapt_538.398_to_526.433_q0.4,0.0009681463940908912,0.043483140058666665,0.19957703834467733,0.04323678741151367,62,96.0,531.0,241,0.8192090395480226,0.0447532839302587,84.0,36
HAP1,15,0.05,0.5,GoCo-learned (paper path),adapt_550_to_525_q0.4,0.0007572080964112412,0.04333518917064269,0.19947019200023275,0.04308883652018273,62,95.0,523.0,241,0.8183556405353728,0.044716296205772485,83.0,35
HAP1,15,0.05,0.5,GoCo-dense-learned (tie-level path),adapt_538.398_to_526.433_q0.4,0.0009681463940908912,0.043483140058666665,0.19957703834467733,0.04323678741151367,62,96.0,531.0,241,0.8192090395480226,0.0447532839302587,84.0,36
HAP1,15,0.2,0.1,GoCo-learned (paper path),adapt_400_to_375_q0.5,1.080875236345762e-06,0.18104080134763803,0.37989582534326566,0.18307231754871459,115,193.0,3398.0,888,0.9432018834608593,0.18593436892938467,160.0,602
HAP1,15,0.2,0.1,GoCo-dense-learned (tie-level path),adapt_404.949_to_394.825_q0.5,0.03922459639783818,0.19277281174911587,0.38987690832283955,0.19482361671795487,109,181.0,2857.0,943,0.936646832341617,0.19796810132156623,152.0,372
HAP1,15,0.2,0.5,GoCo-learned (paper path),adapt_400_to_375_q0.6,0.28816568591537417,0.19768527538225855,0.39327041052880785,0.19860715998102704,117,195.0,3549.0,960,0.945054945054945,0.20191306400262035,160.0,674
HAP1,15,0.2,0.5,GoCo-dense-learned (tie-level path),adapt_404.949_to_394.825_q0.6,0.29973205646363343,0.19782163553961743,0.3937677540199433,0.20192525897272628,110,182.0,2907.0,976,0.9373925008599931,0.20529166989679926,152.0,405
HAP1,16,0.05,0.1,GoCo-learned (paper path),adapt_550_to_525_q0.5,0.013124746653693313,0.04524219035110207,0.20322436102814279,0.04082868668538858,71,115.0,540.0,236,0.7870370370370371,0.04332915264608804,98.0,38
HAP1,16,0.05,0.1,GoCo-dense-learned (tie-level path),adapt_538.398_to_526.433_q0.5,0.012531197556415215,0.045206911921421795,0.2030919702396873,0.04080217882256692,74,120.0,549.0,239,0.7814207650273224,0.043295247233077996,103.0,39
HAP1,16,0.05,0.5,GoCo-learned (paper path),adapt_550_to_525_q0.5,0.013124746653693313,0.04524219035110207,0.20322436102814279,0.04082868668538858,71,115.0,540.0,236,0.7870370370370371,0.04332915264608804,98.0,38
HAP1,16,0.05,0.5,GoCo-dense-learned (tie-level path),adapt_538.398_to_526.433_q0.5,0.012531197556415215,0.045206911921421795,0.2030919702396873,0.04080217882256692,74,120.0,549.0,239,0.7814207650273224,0.043295247233077996,103.0,39
HAP1,16,0.2,0.1,GoCo-learned (paper path),adapt_400_to_375_q0.5,1.30501739661103e-10,0.1750349233855394,0.37497616689995406,0.17151601065927435,119,204.0,3263.0,832,0.9374808458473797,0.1745320149741594,164.0,564
HAP1,16,0.2,0.1,GoCo-dense-learned (tie-level path),adapt_404.949_to_394.825_q0.4,0.03241902488780899,0.19241884248591612,0.3897863680565297,0.18929704288628385,111,193.0,2758.0,913,0.9300217548948514,0.19217716138256002,158.0,361
HAP1,16,0.2,0.5,GoCo-learned (paper path),adapt_400_to_375_q0.6,0.3443022042892216,0.19833718703400807,0.39389528107779365,0.1964827217112051,120,205.0,3514.0,945,0.9416619237336369,0.19949872602609015,165.0,677
HAP1,16,0.2,0.5,GoCo-dense-learned (tie-level path),adapt_404.949_to_394.825_q0.5,0.3121690498145504,0.1979670004974563,0.3941010636777077,0.19573290617967043,111,193.0,2802.0,942,0.9311206281227694,0.19861302467594663,158.0,390
HAP1,17,0.05,0.1,GoCo-learned (paper path),adapt_550_to_525_q0.4,0.00989816625432114,0.04502651272643369,0.20261941112968684,0.04567230869493006,61,93.0,614.0,248,0.8485342019543974,0.04732734103812359,79.0,63
HAP1,17,0.05,0.1,GoCo-dense-learned (tie-level path),adapt_538.398_to_526.433_q0.4,0.013183786292481528,0.045248439046895295,0.20311700494819673,0.04611616133585328,61,93.0,618.0,250,0.8495145631067961,0.0477711936790468,79.0,62
HAP1,17,0.05,0.5,GoCo-learned (paper path),adapt_550_to_525_q0.4,0.00989816625432114,0.04502651272643369,0.20261941112968684,0.04567230869493006,61,93.0,614.0,248,0.8485342019543974,0.04732734103812359,79.0,63
HAP1,17,0.05,0.5,GoCo-dense-learned (tie-level path),adapt_538.398_to_526.433_q0.4,0.013183786292481528,0.045248439046895295,0.20311700494819673,0.04611616133585328,61,93.0,618.0,250,0.8495145631067961,0.0477711936790468,79.0,62
HAP1,17,0.2,0.1,GoCo-learned (paper path),adapt_400_to_375_q0.6,1.365373330358641e-06,0.18121116209065866,0.3803020130057222,0.18495208419168255,112,178.0,3435.0,890,0.9481804949053857,0.18743509303528735,145.0,587
HAP1,17,0.2,0.1,GoCo-dense-learned (tie-level path),adapt_404.949_to_394.825_q0.5,0.011521539944046569,0.1907004586413099,0.3884420660271432,0.19429862329920716,105,165.0,2913.0,931,0.9433573635427395,0.19679683154548902,134.0,368
HAP1,17,0.2,0.5,GoCo-learned (paper path),adapt_400_to_375_q0.6,1.365373330358641e-06,0.18121116209065866,0.3803020130057222,0.18495208419168255,112,178.0,3435.0,890,0.9481804949053857,0.18743509303528735,145.0,587
HAP1,17,0.2,0.5,GoCo-dense-learned (tie-level path),adapt_404.949_to_394.825_q0.6,0.35618166419105685,0.19846787985746617,0.3945019967838947,0.20162219187444017,105,165.0,2954.0,964,0.9441435341909276,0.20412040012072205,134.0,401
HAP1,18,0.05,0.1,GoCo-learned (paper path),adapt_550_to_525_q0.4,0.019203426180920517,0.04555524497748056,0.2037915230376262,0.04590254524682185,67,105.0,558.0,256,0.8118279569892473,0.047061493806292945,94.0,57
HAP1,18,0.05,0.1,GoCo-dense-learned (tie-level path),adapt_538.398_to_526.433_q0.4,0.05613881689849339,0.046553913419557794,0.20600404557764188,0.04701217684912989,67,105.0,580.0,261,0.8189655172413793,0.048171125408600975,94.0,60
HAP1,18,0.05,0.5,GoCo-learned (paper path),adapt_550_to_525_q0.4,0.019203426180920517,0.04555524497748056,0.2037915230376262,0.04590254524682185,67,105.0,558.0,256,0.8118279569892473,0.047061493806292945,94.0,57
HAP1,18,0.05,0.5,GoCo-dense-learned (tie-level path),adapt_538.398_to_526.433_q0.4,0.05613881689849339,0.046553913419557794,0.20600404557764188,0.04701217684912989,67,105.0,580.0,261,0.8189655172413793,0.048171125408600975,94.0,60
HAP1,18,0.2,0.1,GoCo-learned (paper path),adapt_400_to_375_q0.5,5.501340609516299e-22,0.16328073831178377,0.36435744922868685,0.1615828063307579,122,198.0,3059.0,791,0.9352729650212488,0.16386336344469932,167.0,500
HAP1,18,0.2,0.1,GoCo-dense-learned (tie-level path),adapt_404.949_to_394.825_q0.4,0.006925034643480255,0.1899491876208327,0.3876836106372533,0.18401310692098582,113,186.0,2719.0,892,0.931592497241633,0.18624029603869027,157.0,334
HAP1,18,0.2,0.5,GoCo-learned (paper path),adapt_400_to_375_q0.6,0.304749488778199,0.19788275044816522,0.39349689116300757,0.19213466312532895,122,198.0,3417.0,928,0.9420544337137841,0.19437823251478417,167.0,641
HAP1,18,0.2,0.5,GoCo-dense-learned (tie-level path),adapt_404.949_to_394.825_q0.5,0.24663713032240336,0.19716179303583495,0.39327296758909475,0.1900051175734492,113,186.0,2770.0,919,0.9328519855595668,0.19223230669115365,157.0,361
HAP1,19,0.05,0.1,GoCo-learned (paper path),adapt_550_to_525_q0.35,1.307952239149872e-05,0.04136176619974709,0.195036090655509,0.048495304356984334,60,99.0,556.0,259,0.8219424460431655,0.049626512119783805,87.0,38
HAP1,19,0.05,0.1,GoCo-dense-learned (tie-level path),adapt_538.398_to_526.433_q0.3,1.218742784114443e-05,0.041334193542143315,0.19491913824982127,0.04845831664572596,60,101.0,556.0,259,0.8183453237410072,0.04958644209704926,89.0,34
HAP1,19,0.05,0.5,GoCo-learned (paper path),adapt_550_to_525_q0.35,1.307952239149872e-05,0.04136176619974709,0.195036090655509,0.048495304356984334,60,99.0,556.0,259,0.8219424460431655,0.049626512119783805,87.0,38
HAP1,19,0.05,0.5,GoCo-dense-learned (tie-level path),adapt_538.398_to_526.433_q0.3,1.218742784114443e-05,0.041334193542143315,0.19491913824982127,0.04845831664572596,60,101.0,556.0,259,0.8183453237410072,0.04958644209704926,89.0,34
HAP1,19,0.2,0.1,GoCo-learned (paper path),adapt_400_to_375_q0.5,1.987648190736142e-18,0.16642106257468342,0.3672679907038511,0.1756604631120133,102,177.0,3377.0,842,0.9475866153390583,0.17780594298549085,146.0,548
HAP1,19,0.2,0.1,GoCo-dense-learned (tie-level path),adapt_404.949_to_394.825_q0.5,0.08650817013427442,0.1943867973374807,0.39107562137075463,0.20139229155769361,92,161.0,2932.0,955,0.9450886766712142,0.20329768752660213,135.0,378
HAP1,19,0.2,0.5,GoCo-learned (paper path),adapt_400_to_375_q0.6,0.23356676908116375,0.19699141322488367,0.39277931170134395,0.20317932686248039,102,177.0,3675.0,965,0.9518367346938775,0.20528781901147172,146.0,675
HAP1,19,0.2,0.5,GoCo-dense-learned (tie-level path),adapt_404.949_to_394.825_q0.5,0.08650817013427442,0.1943867973374807,0.39107562137075463,0.20139229155769361,92,161.0,2932.0,955,0.9450886766712142,0.20329768752660213,135.0,378
HAP1,20,0.05,0.1,GoCo-learned (paper path),adapt_550_to_525_q0.3,0.0016266764831579274,0.04379566227111931,0.200150216945713,0.04717386603567053,64,103.0,616.0,256,0.8327922077922078,0.048235413588209784,92.0,65
HAP1,20,0.05,0.1,GoCo-dense-learned (tie-level path),adapt_538.398_to_526.433_q0.3,0.0006269239074300791,0.04324084646996529,0.19888082555286415,0.04628616075382411,64,103.0,602.0,252,0.8289036544850499,0.047347708306363354,92.0,50
HAP1,20,0.05,0.5,GoCo-learned (paper path),adapt_550_to_525_q0.3,0.0016266764831579274,0.04379566227111931,0.200150216945713,0.04717386603567053,64,103.0,616.0,256,0.8327922077922078,0.048235413588209784,92.0,65
HAP1,20,0.05,0.5,GoCo-dense-learned (tie-level path),adapt_538.398_to_526.433_q0.3,0.0006269239074300791,0.04324084646996529,0.19888082555286415,0.04628616075382411,64,103.0,602.0,252,0.8289036544850499,0.047347708306363354,92.0,50
HAP1,20,0.2,0.1,GoCo-learned (paper path),adapt_400_to_375_q0.5,7.589824029368286e-15,0.17002338832893268,0.37024762007612627,0.17904530780425454,103,178.0,3242.0,862,0.9450956199876619,0.18123539314963688,149.0,545
HAP1,20,0.2,0.1,GoCo-dense-learned (tie-level path),adapt_404.949_to_394.825_q0.5,0.032585455453975926,0.1924345823004015,0.38945996606875016,0.1965146359772191,99,170.0,2844.0,942,0.940225035161744,0.19875638005048818,143.0,365
HAP1,20,0.2,0.5,GoCo-learned (paper path),adapt_400_to_375_q0.6,0.13499626024253358,0.19545244588402977,0.391364602940225,0.19979541876741477,104,179.0,3464.0,956,0.9483256351039261,0.2020964672730279,149.0,642
HAP1,20,0.2,0.5,GoCo-dense-learned (tie-level path),adapt_404.949_to_394.825_q0.5,0.032585455453975926,0.1924345823004015,0.38945996606875016,0.1965146359772191,99,170.0,2844.0,942,0.940225035161744,0.19875638005048818,143.0,365
HAP1,21,0.05,0.1,GoCo-learned (paper path),adapt_550_to_525_q0.4,0.0002562344617879727,0.04276925303898438,0.19758083994929868,0.04748268945980114,65,106.0,610.0,263,0.8262295081967214,0.048799548362606214,94.0,55
HAP1,21,0.05,0.1,GoCo-dense-learned (tie-level path),adapt_538.398_to_526.433_q0.3,0.00016853272188962243,0.04254732671852277,0.19734781262902187,0.04737172629957034,65,106.0,609.0,263,0.825944170771757,0.048688585202375415,94.0,50
HAP1,21,0.05,0.5,GoCo-learned (paper path),adapt_550_to_525_q0.4,0.0002562344617879727,0.04276925303898438,0.19758083994929868,0.04748268945980114,65,106.0,610.0,263,0.8262295081967214,0.048799548362606214,94.0,55
HAP1,21,0.05,0.5,GoCo-dense-learned (tie-level path),adapt_538.398_to_526.433_q0.4,0.4085376701058074,0.04948252423294798,0.21237798266304506,0.052808921150879706,65,106.0,668.0,286,0.8413173652694611,0.05412578005368478,94.0,79
HAP1,21,0.2,0.1,GoCo-learned (paper path),adapt_400_to_375_q0.5,1.1574599217276483e-17,0.16715705508504292,0.3678080688311638,0.1639504533275942,113,193.0,3164.0,800,0.9390012642225032,0.16577755307296727,166.0,485
HAP1,21,0.2,0.1,GoCo-dense-learned (tie-level path),adapt_404.949_to_394.825_q0.4,0.0048201093269483975,0.18944189544061105,0.38721548833508446,0.185188323639654,106,182.0,2771.0,896,0.934319740166005,0.18686422764514216,160.0,310
HAP1,21,0.2,0.5,GoCo-learned (paper path),adapt_400_to_375_q0.6,0.39485094919663666,0.1988925189110527,0.39420995206772813,0.1937995434296803,114,194.0,3531.0,935,0.94505805720759,0.19562664317505338,167.0,623
HAP1,21,0.2,0.5,GoCo-dense-learned (tie-level path),adapt_404.949_to_394.825_q0.5,0.46654599381409706,0.19965050618184496,0.39518647785226196,0.19672849230365758,108,184.0,2864.0,949,0.9357541899441341,0.1984043963091457,162.0,363
HAP1,22,0.05,0.1,GoCo-learned (paper path),adapt_550_to_525_q0.5,0.0001861029788441901,0.042603408743342557,0.19729167007637607,0.0479638981279457,69,106.0,595.0,264,0.8218487394957983,0.049750404990465444,91.0,54
HAP1,22,0.05,0.1,GoCo-dense-learned (tie-level path),adapt_538.398_to_526.433_q0.5,0.0001861029788441901,0.042603408743342557,0.19729167007637607,0.0479638981279457,69,106.0,595.0,264,0.8218487394957983,0.049750404990465444,91.0,46
HAP1,22,0.05,0.5,GoCo-learned (paper path),adapt_550_to_525_q0.6,0.3330252583721167,0.049039272036729156,0.21132700596313148,0.052735314017870245,69,106.0,650.0,285,0.8369230769230769,0.05452182088038999,91.0,77
HAP1,22,0.05,0.5,GoCo-dense-learned (tie-level path),adapt_538.398_to_526.433_q0.5,0.0001861029788441901,0.042603408743342557,0.19729167007637607,0.0479638981279457,69,106.0,595.0,264,0.8218487394957983,0.049750404990465444,91.0,46
HAP1,22,0.2,0.1,GoCo-learned (paper path),adapt_400_to_375_q0.5,8.459089076079171e-09,0.1776094668546069,0.3768148855453966,0.17989786679592334,115,189.0,3424.0,873,0.9448014018691588,0.18294553882312203,153.0,583
HAP1,22,0.2,0.1,GoCo-dense-learned (tie-level path),adapt_404.949_to_394.825_q0.4,0.005160856208732855,0.1895402091122499,0.38714151731694163,0.19113833484017898,110,181.0,2817.0,924,0.9357472488462903,0.19411647075409366,148.0,339
HAP1,22,0.2,0.5,GoCo-learned (paper path),adapt_400_to_375_q0.6,0.4071830423318945,0.19902535677915195,0.3940607775309907,0.2043097620467001,116,190.0,3667.0,984,0.9481865284974094,0.20757936039436037,153.0,694
HAP1,22,0.2,0.5,GoCo-dense-learned (tie-level path),adapt_404.949_to_394.825_q0.5,0.19331106739967618,0.1964199250465597,0.3925595168631031,0.1982399770949504,111,182.0,2875.0,957,0.936695652173913,0.2014400393293267,148.0,372
HAP1,23,0.05,0.1,GoCo-learned (paper path),adapt_550_to_525_q0.4,0.0005933397020099256,0.043204323092249836,0.1989857213922978,0.04462664504607836,58,95.0,515.0,242,0.8155339805825242,0.04607656366603934,81.0,36
HAP1,23,0.05,0.1,GoCo-dense-learned (tie-level path),adapt_538.398_to_526.433_q0.4,0.0005933397020099256,0.043204323092249836,0.1989857213922978,0.044530476972996474,59,96.0,525.0,242,0.8171428571428572,0.04608396120299988,81.0,40
HAP1,23,0.05,0.5,GoCo-learned (paper path),adapt_550_to_525_q0.4,0.0005933397020099256,0.043204323092249836,0.1989857213922978,0.04462664504607836,58,95.0,515.0,242,0.8155339805825242,0.04607656366603934,81.0,36
HAP1,23,0.05,0.5,GoCo-dense-learned (tie-level path),adapt_538.398_to_526.433_q0.4,0.0005933397020099256,0.043204323092249836,0.1989857213922978,0.044530476972996474,59,96.0,525.0,242,0.8171428571428572,0.04608396120299988,81.0,40
HAP1,23,0.2,0.1,GoCo-learned (paper path),adapt_400_to_375_q0.4,6.897383696417301e-72,0.13628950770952625,0.3380497112463289,0.1375712516721333,101,164.0,2329.0,670,0.9295835122370116,0.13934473523393082,134.0,288
HAP1,23,0.2,0.1,GoCo-dense-learned (tie-level path),adapt_404.949_to_394.825_q0.275,0.031259536261132446,0.192356343646077,0.38957671222361084,0.19466158328019825,99,160.0,2795.0,926,0.9427549194991055,0.19663683960319253,130.0,363
HAP1,23,0.2,0.5,GoCo-learned (paper path),adapt_400_to_375_q0.4,6.897383696417301e-72,0.13628950770952625,0.3380497112463289,0.1375712516721333,101,164.0,2329.0,670,0.9295835122370116,0.13934473523393082,134.0,288
HAP1,23,0.2,0.5,GoCo-dense-learned (tie-level path),adapt_404.949_to_394.825_q0.3,0.10355934943903239,0.1947975331711547,0.3914921304999073,0.19688084648481433,99,160.0,2815.0,936,0.9431616341030196,0.1988561028078086,130.0,373
HAP1,24,0.05,0.1,GoCo-learned (paper path),adapt_550_to_525_q0.35,0.0024337496342460006,0.04404616200799578,0.2007359673679451,0.049953196963309396,69,123.0,629.0,275,0.8044515103338633,0.05154623085268328,110.0,64
HAP1,24,0.05,0.1,GoCo-dense-learned (tie-level path),adapt_538.398_to_526.433_q0.3,0.0024337496342460006,0.04404616200799578,0.2007359673679451,0.049953196963309396,69,123.0,629.0,275,0.8044515103338633,0.05154623085268328,110.0,56
HAP1,24,0.05,0.5,GoCo-learned (paper path),adapt_550_to_525_q0.35,0.0024337496342460006,0.04404616200799578,0.2007359673679451,0.049953196963309396,69,123.0,629.0,275,0.8044515103338633,0.05154623085268328,110.0,64
HAP1,24,0.05,0.5,GoCo-dense-learned (tie-level path),adapt_538.398_to_526.433_q0.3,0.0024337496342460006,0.04404616200799578,0.2007359673679451,0.049953196963309396,69,123.0,629.0,275,0.8044515103338633,0.05154623085268328,110.0,56
HAP1,24,0.2,0.1,GoCo-learned (paper path),adapt_400_to_375_q0.5,1.894952955281107e-05,0.18340576174381676,0.3823651236079873,0.19094694095932002,115,205.0,3532.0,918,0.9419592298980748,0.19344617399939737,169.0,619
HAP1,24,0.2,0.1,GoCo-dense-learned (tie-level path),adapt_404.949_to_394.825_q0.4,0.0605377886981553,0.19361697240532952,0.3908666628880459,0.2003990751879246,101,186.0,2893.0,960,0.9357068786726581,0.20298646230711917,155.0,363
HAP1,24,0.2,0.5,GoCo-learned (paper path),adapt_400_to_375_q0.5,1.894952955281107e-05,0.18340576174381676,0.3823651236079873,0.19094694095932002,115,205.0,3532.0,918,0.9419592298980748,0.19344617399939737,169.0,619
HAP1,24,0.2,0.5,GoCo-dense-learned (tie-level path),adapt_404.949_to_394.825_q0.5,0.3392385034111025,0.19827742513502328,0.39447534215989016,0.20505952791761833,101,186.0,2915.0,981,0.9361921097770154,0.20764691503681293,155.0,384
HAP1,25,0.05,0.1,GoCo-learned (paper path),adapt_550_to_525_q0.3,0.0006153480756799276,0.04320366658796165,0.1996449934400241,0.04637784545573985,64,111.0,583.0,253,0.8096054888507719,0.04778769405296629,98.0,33
HAP1,25,0.05,0.1,GoCo-dense-learned (tie-level path),adapt_538.398_to_526.433_q0.275,0.0005888645587468648,0.04318102562607419,0.19953514768247133,0.04632606265733256,64,114.0,587.0,253,0.8057921635434412,0.04773036308861075,101.0,27
HAP1,25,0.05,0.5,GoCo-learned (paper path),adapt_550_to_525_q0.3,0.0006153480756799276,0.04320366658796165,0.1996449934400241,0.04637784545573985,64,111.0,583.0,253,0.8096054888507719,0.04778769405296629,98.0,33
HAP1,25,0.05,0.5,GoCo-dense-learned (tie-level path),adapt_538.398_to_526.433_q0.3,0.4681384188999149,0.04982032139090713,0.2133473421166919,0.052392048752154446,67,118.0,669.0,281,0.8236173393124065,0.053796349183432644,105.0,67
HAP1,25,0.2,0.1,GoCo-learned (paper path),adapt_400_to_375_q0.5,3.2358428878703288e-15,0.16959335417368918,0.37033656442252133,0.16565174990053766,121,219.0,3217.0,804,0.9319241529375194,0.16850158412140104,182.0,527
HAP1,25,0.2,0.1,GoCo-dense-learned (tie-level path),adapt_404.949_to_394.825_q0.4,0.021490335103617093,0.19170074030274134,0.3892793546821361,0.18919808072642755,110,201.0,2854.0,910,0.9295725297827611,0.19187749678221905,170.0,384
HAP1,25,0.2,0.5,GoCo-learned (paper path),adapt_400_to_375_q0.6,0.35388503932995435,0.19844377583369804,0.3941143040298298,0.19664745932941802,122,220.0,3554.0,944,0.9380979178390546,0.19949729355028137,183.0,667
HAP1,25,0.2,0.5,GoCo-dense-learned (tie-level path),adapt_404.949_to_394.825_q0.5,0.2535000636779478,0.19724889831428152,0.39360973049418096,0.19607779666073735,110,201.0,2910.0,941,0.9309278350515464,0.19875721271652885,170.0,415
HAP1,26,0.05,0.1,GoCo-learned (paper path),adapt_550_to_525_q0.4,0.00048211000475157105,0.043096722432284476,0.19854157939708697,0.042508193369023915,56,89.0,540.0,235,0.8351851851851851,0.04443940068555841,74.0,46
HAP1,26,0.05,0.1,GoCo-dense-learned (tie-level path),adapt_538.398_to_526.433_q0.4,0.0004287513753949026,0.04303542851303823,0.19833535539736213,0.04250713657708471,56,90.0,542.0,235,0.8339483394833949,0.044430946343430824,75.0,43
HAP1,26,0.05,0.5,GoCo-learned (paper path),adapt_550_to_525_q0.4,0.00048211000475157105,0.043096722432284476,0.19854157939708697,0.042508193369023915,56,89.0,540.0,235,0.8351851851851851,0.04443940068555841,74.0,46
HAP1,26,0.05,0.5,GoCo-dense-learned (tie-level path),adapt_538.398_to_526.433_q0.4,0.0004287513753949026,0.04303542851303823,0.19833535539736213,0.04250713657708471,56,90.0,542.0,235,0.8339483394833949,0.044430946343430824,75.0,43
HAP1,26,0.2,0.1,GoCo-learned (paper path),adapt_400_to_375_q0.5,2.4641425099529523e-08,0.1783270306266841,0.3772450423623034,0.18205189062352717,94,166.0,3382.0,875,0.9509166173861621,0.1849425209763047,134.0,591
HAP1,26,0.2,0.1,GoCo-dense-learned (tie-level path),adapt_404.949_to_394.825_q0.5,0.04477065773319437,0.19302874356607463,0.3897888658764937,0.19881511208445454,92,161.0,2872.0,952,0.9439415041782729,0.20188115391991057,129.0,397
HAP1,26,0.2,0.5,GoCo-learned (paper path),adapt_400_to_375_q0.6,0.16430906797461042,0.19597017310338183,0.39160335234723753,0.20124851734345614,97,169.0,3566.0,963,0.9526079641054402,0.20425011085646447,136.0,679
HAP1,26,0.2,0.5,GoCo-dense-learned (tie-level path),adapt_404.949_to_394.825_q0.5,0.04477065773319437,0.19302874356607463,0.3897888658764937,0.19881511208445454,92,161.0,2872.0,952,0.9439415041782729,0.20188115391991057,129.0,397
HAP1,27,0.05,0.1,GoCo-learned (paper path),adapt_550_to_525_q0.35,0.04474419841404369,0.04631467812718998,0.20602602641175793,0.03861623657871446,64,102.0,477.0,221,0.7861635220125787,0.039813405783293884,91.0,31
HAP1,27,0.05,0.1,GoCo-dense-learned (tie-level path),adapt_538.398_to_526.433_q0.35,0.04474419841404369,0.04631467812718998,0.20602602641175793,0.03861623657871446,64,102.0,477.0,221,0.7861635220125787,0.039813405783293884,91.0,25
HAP1,27,0.05,0.5,GoCo-learned (paper path),adapt_550_to_525_q0.4,0.11831007756673129,0.04740581587717579,0.20809017000730112,0.03924502782884091,64,103.0,497.0,223,0.7927565392354124,0.04044219703342033,92.0,45
HAP1,27,0.05,0.5,GoCo-dense-learned (tie-level path),adapt_538.398_to_526.433_q0.4,0.11831007756673129,0.04740581587717579,0.20809017000730112,0.03924502782884091,64,103.0,497.0,223,0.7927565392354124,0.04044219703342033,92.0,39
HAP1,27,0.2,0.1,GoCo-learned (paper path),adapt_400_to_375_q0.5,0.012718738158385227,0.19085956299392265,0.3882930182831738,0.18531905920226152,118,201.0,3342.0,899,0.9398563734290843,0.18734696294155007,173.0,629
HAP1,27,0.2,0.1,GoCo-dense-learned (tie-level path),adapt_404.949_to_394.825_q0.35,0.019316144357169097,0.19152429607137542,0.3890617718053083,0.18520452779264276,111,191.0,2682.0,899,0.9287844891871737,0.18723990916346,166.0,335
HAP1,27,0.2,0.5,GoCo-learned (paper path),adapt_400_to_375_q0.5,0.012718738158385227,0.19085956299392265,0.3882930182831738,0.18531905920226152,118,201.0,3342.0,899,0.9398563734290843,0.18734696294155007,173.0,629
HAP1,27,0.2,0.5,GoCo-dense-learned (tie-level path),adapt_404.949_to_394.825_q0.4,0.10695262042154602,0.19487168474054262,0.3916964586669285,0.1896430542018749,111,191.0,2720.0,919,0.9297794117647059,0.19167843557269215,166.0,355
HAP1,28,0.05,0.1,GoCo-learned (paper path),adapt_550_to_525_q0.4,7.949493781067032e-05,0.04217500768724252,0.19669559188145883,0.04362595907407922,51,84.0,506.0,233,0.83399209486166,0.04495751699684886,74.0,27
HAP1,28,0.05,0.1,GoCo-dense-learned (tie-level path),adapt_538.398_to_526.433_q0.4,0.0003746693228622272,0.04295729796819247,0.1983394753542371,0.04403282399713014,51,85.0,527.0,235,0.8387096774193549,0.045364381919899784,75.0,36
HAP1,28,0.05,0.5,GoCo-learned (paper path),adapt_550_to_525_q0.4,7.949493781067032e-05,0.04217500768724252,0.19669559188145883,0.04362595907407922,51,84.0,506.0,233,0.83399209486166,0.04495751699684886,74.0,27
HAP1,28,0.05,0.5,GoCo-dense-learned (tie-level path),adapt_538.398_to_526.433_q0.4,0.0003746693228622272,0.04295729796819247,0.1983394753542371,0.04403282399713014,51,85.0,527.0,235,0.8387096774193549,0.045364381919899784,75.0,36
HAP1,28,0.2,0.1,GoCo-learned (paper path),adapt_400_to_375_q0.5,6.1896098522298536e-61,0.1408201582346209,0.34201250215702717,0.13579066708531848,95,164.0,2601.0,660,0.9369473279507882,0.1379648124641225,134.0,374
HAP1,28,0.2,0.1,GoCo-dense-learned (tie-level path),adapt_404.949_to_394.825_q0.4,0.00047839253714859536,0.18660976891180595,0.38485631322521646,0.17748758441215085,91,152.0,2642.0,850,0.9424678274034822,0.18000082794330516,125.0,312
HAP1,28,0.2,0.5,GoCo-learned (paper path),adapt_400_to_375_q0.6,0.1778613465251792,0.19618707642131153,0.3919314537705107,0.18638986815056482,96,165.0,3372.0,889,0.951067615658363,0.18878593984983044,134.0,606
HAP1,28,0.2,0.5,GoCo-dense-learned (tie-level path),adapt_404.949_to_394.825_q0.5,0.35742828044534436,0.1984828270565019,0.39422736230629435,0.18902775307615438,91,152.0,2737.0,902,0.9444647424187066,0.1915409966073087,125.0,364
HAP1,29,0.05,0.1,GoCo-learned (paper path),adapt_550_to_525_q0.4,0.025962466274456496,0.04581904267793859,0.20419479734864626,0.04245239156275604,47,77.0,486.0,223,0.8415637860082305,0.04330310911350233,69.0,38
HAP1,29,0.05,0.1,GoCo-dense-learned (tie-level path),adapt_538.398_to_526.433_q0.4,0.025962466274456496,0.04581904267793859,0.20419479734864626,0.04248198173705388,47,77.0,488.0,223,0.8422131147540983,0.043317904187423414,69.0,34
HAP1,29,0.05,0.5,GoCo-learned (paper path),adapt_550_to_525_q0.5,0.18424245526915106,0.04801981202361851,0.2090283455532113,0.04692050814628601,47,77.0,566.0,243,0.8639575971731449,0.04775643059665555,69.0,65
HAP1,29,0.05,0.5,GoCo-dense-learned (tie-level path),adapt_538.398_to_526.433_q0.5,0.18424245526915106,0.04801981202361851,0.2090283455532113,0.04692050814628601,47,77.0,566.0,243,0.8639575971731449,0.04775643059665555,69.0,59
HAP1,29,0.2,0.1,GoCo-learned (paper path),adapt_400_to_375_q0.5,4.823059766894216e-05,0.18431087116691414,0.38196184108453435,0.18880897864229776,85,145.0,3467.0,894,0.9581770983559273,0.19063873396573786,121.0,613
HAP1,29,0.2,0.1,GoCo-dense-learned (tie-level path),adapt_404.949_to_394.825_q0.35,0.00784891487353189,0.19014697185937848,0.38717512027184703,0.19228938144879293,78,133.0,2771.0,909,0.9520028870443883,0.1942912977712979,111.0,342
HAP1,29,0.2,0.5,GoCo-learned (paper path),adapt_400_to_375_q0.5,4.823059766894216e-05,0.18431087116691414,0.38196184108453435,0.18880897864229776,85,145.0,3467.0,894,0.9581770983559273,0.19063873396573786,121.0,613
HAP1,29,0.2,0.5,GoCo-dense-learned (tie-level path),adapt_404.949_to_394.825_q0.4,0.1612154442583582,0.19591705619138028,0.391723162565243,0.19905813422287194,79,134.0,2821.0,940,0.9524991137894364,0.20106005054537687,112.0,373
HAP1,30,0.05,0.1,GoCo-learned (paper path),adapt_550_to_525_q0.3,0.06191660927470463,0.046651810781325014,0.2065453371732175,0.04350967994939471,59,98.0,574.0,234,0.8292682926829268,0.0453603949300247,78.0,56
HAP1,30,0.05,0.1,GoCo-dense-learned (tie-level path),adapt_538.398_to_526.433_q0.275,0.06191660927470463,0.046651810781325014,0.2065453371732175,0.04350967994939471,59,98.0,574.0,234,0.8292682926829268,0.0453603949300247,78.0,50
HAP1,30,0.05,0.5,GoCo-learned (paper path),adapt_550_to_525_q0.3,0.06191660927470463,0.046651810781325014,0.2065453371732175,0.04350967994939471,59,98.0,574.0,234,0.8292682926829268,0.0453603949300247,78.0,56
HAP1,30,0.05,0.5,GoCo-dense-learned (tie-level path),adapt_538.398_to_526.433_q0.3,0.1312783500228928,0.047539516063171444,0.2084827749515545,0.04439738523124114,59,98.0,592.0,238,0.8344594594594594,0.04624810021187113,78.0,54
HAP1,30,0.2,0.1,GoCo-learned (paper path),adapt_400_to_375_q0.6,0.0018841406783807015,0.18822842513124677,0.3857504568244695,0.1779828956338283,101,176.0,3372.0,850,0.9478054567022538,0.1801797540298685,140.0,581
HAP1,30,0.2,0.1,GoCo-dense-learned (tie-level path),adapt_404.949_to_394.825_q0.5,0.001834759379016767,0.1881814187899384,0.38618144783839664,0.1793333356889999,93,166.0,2684.0,857,0.9381520119225037,0.1814544212901481,135.0,306
HAP1,30,0.2,0.5,GoCo-learned (paper path),adapt_400_to_375_q0.6,0.0018841406783807015,0.18822842513124677,0.3857504568244695,0.1779828956338283,101,176.0,3372.0,850,0.9478054567022538,0.1801797540298685,140.0,581
HAP1,30,0.2,0.5,GoCo-dense-learned (tie-level path),adapt_404.949_to_394.825_q0.6,0.4468632318703109,0.19944417955336494,0.3949751843445464,0.1916502464746191,94,167.0,2786.0,913,0.9400574300071788,0.1937713320757673,136.0,362
HAP1,31,0.05,0.1,GoCo-learned (paper path),adapt_550_to_525_q0.275,0.041738319051544334,0.046254224817302035,0.20544246547464812,0.04698884735835482,66,108.0,577.0,260,0.8128249566724437,0.048030668141256685,98.0,71
HAP1,31,0.05,0.1,GoCo-dense-learned (tie-level path),adapt_538.398_to_526.433_q0.225,0.041738319051544334,0.046254224817302035,0.20544246547464812,0.04698884735835482,66,108.0,577.0,260,0.8128249566724437,0.048030668141256685,98.0,66
HAP1,31,0.05,0.5,GoCo-learned (paper path),adapt_550_to_525_q0.3,0.17015268753543533,0.04790017836182794,0.20904704901246857,0.04765462631973964,66,108.0,591.0,263,0.817258883248731,0.04869644710264151,98.0,75
HAP1,31,0.05,0.5,GoCo-dense-learned (tie-level path),adapt_538.398_to_526.433_q0.25,0.17015268753543533,0.04790017836182794,0.20904704901246857,0.04765462631973964,66,108.0,591.0,263,0.817258883248731,0.04869644710264151,98.0,70
HAP1,31,0.2,0.1,GoCo-learned (paper path),adapt_400_to_375_q0.5,4.379807507394306e-24,0.16157202853019695,0.36281842995639796,0.15379600500695398,103,187.0,2965.0,747,0.9369308600337268,0.15544709839055765,163.0,460
HAP1,31,0.2,0.1,GoCo-dense-learned (tie-level path),adapt_404.949_to_394.825_q0.35,2.907404456607798e-06,0.18180132527987375,0.3811214032429685,0.17195764806037261,98,178.0,2608.0,829,0.9317484662576687,0.17357747002450616,156.0,283
HAP1,31,0.2,0.5,GoCo-learned (paper path),adapt_400_to_375_q0.5,4.379807507394306e-24,0.16157202853019695,0.36281842995639796,0.15379600500695398,103,187.0,2965.0,747,0.9369308600337268,0.15544709839055765,163.0,460
HAP1,31,0.2,0.5,GoCo-dense-learned (tie-level path),adapt_404.949_to_394.825_q0.4,0.4154323525010909,0.19911157827587905,0.39486022425129924,0.1886021220949931,99,179.0,2761.0,905,0.9351684172401303,0.19044387037958826,156.0,359
HAP1,32,0.05,0.1,GoCo-learned (paper path),adapt_550_to_525_q0.4,0.02879672295269102,0.04590927029365018,0.20452047542422974,0.04097482022369273,53,87.0,504.0,221,0.8273809523809523,0.04218273347634715,78.0,33
HAP1,32,0.05,0.1,GoCo-dense-learned (tie-level path),adapt_538.398_to_526.433_q0.4,0.029036322535337736,0.04591666783722464,0.2045417214251378,0.04098961531084165,53,87.0,505.0,221,0.8277227722772277,0.04219013101330769,78.0,29
HAP1,32,0.05,0.5,GoCo-learned (paper path),adapt_550_to_525_q0.4,0.02879672295269102,0.04590927029365018,0.20452047542422974,0.04097482022369273,53,87.0,504.0,221,0.8273809523809523,0.04218273347634715,78.0,33
HAP1,32,0.05,0.5,GoCo-dense-learned (tie-level path),adapt_538.398_to_526.433_q0.4,0.029036322535337736,0.04591666783722464,0.2045417214251378,0.04098961531084165,53,87.0,505.0,221,0.8277227722772277,0.04219013101330769,78.0,29
HAP1,32,0.2,0.1,GoCo-learned (paper path),adapt_400_to_375_q0.5,3.9773434530042356e-08,0.17864663509219633,0.37761739588458443,0.1844059490047716,103,175.0,3494.0,880,0.9499141385231826,0.1864971747192816,150.0,622
HAP1,32,0.2,0.1,GoCo-dense-learned (tie-level path),adapt_404.949_to_394.825_q0.4,0.06548546279352897,0.193789321590253,0.39038305555776487,0.19568577483858576,95,164.0,2879.0,932,0.9430357763112192,0.19777216245757173,142.0,370
HAP1,32,0.2,0.5,GoCo-learned (paper path),adapt_400_to_375_q0.5,3.9773434530042356e-08,0.17864663509219633,0.37761739588458443,0.1844059490047716,103,175.0,3494.0,880,0.9499141385231826,0.1864971747192816,150.0,622
HAP1,32,0.2,0.5,GoCo-dense-learned (tie-level path),adapt_404.949_to_394.825_q0.5,0.15374403649966656,0.19578665847440746,0.3919415166534513,0.19879274332504826,95,164.0,2904.0,946,0.9435261707988981,0.20087913094403423,142.0,384
HAP1,33,0.05,0.1,GoCo-learned (paper path),adapt_550_to_525_q0.3,0.004992666553291409,0.044532274308995146,0.2014719886999866,0.04245036604321908,60,93.0,478.0,236,0.805439330543933,0.04496799685189949,75.0,27
HAP1,33,0.05,0.1,GoCo-dense-learned (tie-level path),adapt_538.398_to_526.433_q0.3,0.004095004414279186,0.04440206073346902,0.20098110042780062,0.042443584963262636,60,95.0,519.0,236,0.8169556840077071,0.04494395481709422,77.0,38
HAP1,33,0.05,0.5,GoCo-learned (paper path),adapt_550_to_525_q0.4,0.4779830577662435,0.04987624330595764,0.21277064786334546,0.04779940683525295,60,96.0,598.0,259,0.8394648829431438,0.050122235630069685,78.0,78
HAP1,33,0.05,0.5,GoCo-dense-learned (tie-level path),adapt_538.398_to_526.433_q0.4,0.4779830577662435,0.04987624330595764,0.21277064786334546,0.04779940683525295,60,96.0,598.0,259,0.8394648829431438,0.050122235630069685,78.0,71
HAP1,33,0.2,0.1,GoCo-learned (paper path),adapt_400_to_375_q0.5,4.733240214631816e-09,0.1772359156947214,0.376484667956813,0.16063789257765662,111,186.0,2997.0,783,0.9379379379379379,0.16413245557468836,147.0,509
HAP1,33,0.2,0.1,GoCo-dense-learned (tie-level path),adapt_404.949_to_394.825_q0.4,0.025566794283242218,0.19200512445070878,0.38914207997998207,0.17820498602579712,103,176.0,2626.0,862,0.9329779131759329,0.18169187126070246,139.0,335
HAP1,33,0.2,0.5,GoCo-learned (paper path),adapt_400_to_375_q0.5,4.733240214631816e-09,0.1772359156947214,0.376484667956813,0.16063789257765662,111,186.0,2997.0,783,0.9379379379379379,0.16413245557468836,147.0,509
HAP1,33,0.2,0.5,GoCo-dense-learned (tie-level path),adapt_404.949_to_394.825_q0.4,0.025566794283242218,0.19200512445070878,0.38914207997998207,0.17820498602579712,103,176.0,2626.0,862,0.9329779131759329,0.18169187126070246,139.0,335
HAP1,34,0.05,0.1,GoCo-learned (paper path),adapt_550_to_525_q0.4,0.0021176563425383123,0.04394677551227626,0.2009180076898972,0.046018680287264635,68,107.0,552.0,255,0.8061594202898551,0.04762932737562533,94.0,44
HAP1,34,0.05,0.1,GoCo-dense-learned (tie-level path),adapt_538.398_to_526.433_q0.35,0.0021176563425383123,0.04394677551227626,0.2009180076898972,0.046018680287264635,68,107.0,553.0,255,0.8065099457504521,0.04762932737562533,94.0,41
HAP1,34,0.05,0.5,GoCo-learned (paper path),adapt_550_to_525_q0.4,0.0021176563425383123,0.04394677551227626,0.2009180076898972,0.046018680287264635,68,107.0,552.0,255,0.8061594202898551,0.04762932737562533,94.0,44
HAP1,34,0.05,0.5,GoCo-dense-learned (tie-level path),adapt_538.398_to_526.433_q0.35,0.0021176563425383123,0.04394677551227626,0.2009180076898972,0.046018680287264635,68,107.0,553.0,255,0.8065099457504521,0.04762932737562533,94.0,41
HAP1,34,0.2,0.1,GoCo-learned (paper path),adapt_400_to_375_q0.5,2.831906949046544e-08,0.17839636659448907,0.3777542391633713,0.18296139875465744,113,189.0,3289.0,882,0.9425357251444207,0.18551637752157712,153.0,584
HAP1,34,0.2,0.1,GoCo-dense-learned (tie-level path),adapt_404.949_to_394.825_q0.4,0.0037244657256781492,0.18909072826372164,0.3869969915847155,0.1888087970108336,105,174.0,2694.0,908,0.9354120267260579,0.19142965717787644,143.0,334
HAP1,34,0.2,0.5,GoCo-learned (paper path),adapt_400_to_375_q0.5,2.831906949046544e-08,0.17839636659448907,0.3777542391633713,0.18296139875465744,113,189.0,3289.0,882,0.9425357251444207,0.18551637752157712,153.0,584
HAP1,34,0.2,0.5,GoCo-dense-learned (tie-level path),adapt_404.949_to_394.825_q0.5,0.49665970608375476,0.19996511796634037,0.3954874414064893,0.1985735551111443,107,176.0,2771.0,954,0.9364850234572356,0.20163826791911035,143.0,380
HAP1,35,0.05,0.1,GoCo-learned (paper path),adapt_550_to_525_q0.3,0.06833098393462861,0.04676585625633895,0.2062854275833651,0.04096809516363656,63,99.0,512.0,229,0.806640625,0.04226646021742637,86.0,43
HAP1,35,0.05,0.1,GoCo-dense-learned (tie-level path),adapt_538.398_to_526.433_q0.25,0.06833098393462861,0.04676585625633895,0.2062854275833651,0.04096809516363656,63,99.0,512.0,229,0.806640625,0.04226646021742637,86.0,38
HAP1,35,0.05,0.5,GoCo-learned (paper path),adapt_550_to_525_q0.3,0.06833098393462861,0.04676585625633895,0.2062854275833651,0.04096809516363656,63,99.0,512.0,229,0.806640625,0.04226646021742637,86.0,43
HAP1,35,0.05,0.5,GoCo-dense-learned (tie-level path),adapt_538.398_to_526.433_q0.275,0.1006152451687165,0.04720970889726216,0.20725785623565465,0.04096809516363656,63,99.0,512.0,229,0.806640625,0.04226646021742637,86.0,38
HAP1,35,0.2,0.1,GoCo-learned (paper path),adapt_400_to_375_q0.6,0.00791164267806358,0.1901619329393783,0.38705183013053523,0.19123531553581774,99,173.0,3387.0,915,0.9489223501623856,0.19313407055058057,145.0,623
HAP1,35,0.2,0.1,GoCo-dense-learned (tie-level path),adapt_404.949_to_394.825_q0.5,0.042610571746853336,0.19293467707260684,0.3896910743873638,0.19203174838120812,95,163.0,2724.0,920,0.9401615271659325,0.1941482545869963,137.0,339
HAP1,35,0.2,0.5,GoCo-learned (paper path),adapt_400_to_375_q0.6,0.00791164267806358,0.1901619329393783,0.38705183013053523,0.19123531553581774,99,173.0,3387.0,915,0.9489223501623856,0.19313407055058057,145.0,623
HAP1,35,0.2,0.5,GoCo-dense-learned (tie-level path),adapt_404.949_to_394.825_q0.5,0.042610571746853336,0.19293467707260684,0.3896910743873638,0.19203174838120812,95,163.0,2724.0,920,0.9401615271659325,0.1941482545869963,137.0,339
HAP1,36,0.05,0.1,GoCo-learned (paper path),adapt_550_to_525_q0.4,0.0025339806463351394,0.0440533353859882,0.20142353472433006,0.04511935029408692,67,120.0,581.0,250,0.7934595524956971,0.04669054380348932,104.0,47
HAP1,36,0.05,0.1,GoCo-dense-learned (tie-level path),adapt_538.398_to_526.433_q0.4,0.0025339806463351394,0.0440533353859882,0.20142353472433006,0.04511935029408692,67,120.0,581.0,250,0.7934595524956971,0.04669054380348932,104.0,38
HAP1,36,0.05,0.5,GoCo-learned (paper path),adapt_550_to_525_q0.4,0.0025339806463351394,0.0440533353859882,0.20142353472433006,0.04511935029408692,67,120.0,581.0,250,0.7934595524956971,0.04669054380348932,104.0,47
HAP1,36,0.05,0.5,GoCo-dense-learned (tie-level path),adapt_538.398_to_526.433_q0.4,0.0025339806463351394,0.0440533353859882,0.20142353472433006,0.04511935029408692,67,120.0,581.0,250,0.7934595524956971,0.04669054380348932,104.0,38
HAP1,36,0.2,0.1,GoCo-learned (paper path),adapt_400_to_375_q0.5,1.778817577069786e-10,0.175209369816306,0.3752076170185275,0.1764222561545865,120,221.0,3394.0,858,0.9348850913376547,0.17970844944199085,183.0,572
HAP1,36,0.2,0.1,GoCo-dense-learned (tie-level path),adapt_404.949_to_394.825_q0.4,0.004653950381698216,0.18938490873904584,0.38750018881638537,0.18919031487350405,109,205.0,2807.0,914,0.9269682935518347,0.1922523056731931,173.0,339
HAP1,36,0.2,0.5,GoCo-learned (paper path),adapt_400_to_375_q0.6,0.17778058321730872,0.19618140709992785,0.392382430712772,0.19410238635577046,121,222.0,3576.0,938,0.9379194630872483,0.1973885796431748,184.0,653
HAP1,36,0.2,0.5,GoCo-dense-learned (tie-level path),adapt_404.949_to_394.825_q0.5,0.29959624491562253,0.19781810891658688,0.39411195865266185,0.1980673676919683,109,205.0,2876.0,954,0.9287204450625869,0.20112935849165736,173.0,379
HAP1,37,0.05,0.1,GoCo-learned (paper path),adapt_550_to_525_q0.3,0.005515515267771787,0.04459532557978823,0.20186145484266316,0.04893264010436155,67,108.0,572.0,268,0.8111888111888111,0.04970938222597717,101.0,62
HAP1,37,0.05,0.1,GoCo-dense-learned (tie-level path),adapt_538.398_to_526.433_q0.275,0.005515515267771787,0.04459532557978823,0.20186145484266316,0.04893264010436155,67,108.0,572.0,268,0.8111888111888111,0.04970938222597717,101.0,59
HAP1,37,0.05,0.5,GoCo-learned (paper path),adapt_550_to_525_q0.3,0.005515515267771787,0.04459532557978823,0.20186145484266316,0.04893264010436155,67,108.0,572.0,268,0.8111888111888111,0.04970938222597717,101.0,62
HAP1,37,0.05,0.5,GoCo-dense-learned (tie-level path),adapt_538.398_to_526.433_q0.3,0.13637757915901227,0.04759133090601992,0.208489473507871,0.05181768227036244,67,108.0,600.0,281,0.82,0.05259442439197806,101.0,73
HAP1,37,0.2,0.1,GoCo-learned (paper path),adapt_400_to_375_q0.6,1.2645330895049735e-05,0.18305687105495613,0.3818530378365906,0.18566618395470746,112,204.0,3358.0,895,0.939249553305539,0.18749594171537698,174.0,607
HAP1,37,0.2,0.1,GoCo-dense-learned (tie-level path),adapt_404.949_to_394.825_q0.6,0.09594422232686495,0.19461660957335103,0.39160808939687547,0.19896377550658786,103,187.0,2795.0,954,0.9330948121645796,0.20066002276517314,164.0,390
HAP1,37,0.2,0.5,GoCo-learned (paper path),adapt_400_to_375_q0.6,1.2645330895049735e-05,0.18305687105495613,0.3818530378365906,0.18566618395470746,112,204.0,3358.0,895,0.939249553305539,0.18749594171537698,174.0,607
HAP1,37,0.2,0.5,GoCo-dense-learned (tie-level path),adapt_404.949_to_394.825_q0.6,0.09594422232686495,0.19461660957335103,0.39160808939687547,0.19896377550658786,103,187.0,2795.0,954,0.9330948121645796,0.20066002276517314,164.0,390
HAP1,38,0.05,0.1,GoCo-learned (paper path),adapt_550_to_525_q0.4,0.0740629406718726,0.04684815792919951,0.20689585427146384,0.04119833173537011,57,94.0,510.0,227,0.8156862745098039,0.042944152111537286,78.0,52
HAP1,38,0.05,0.1,GoCo-dense-learned (tie-level path),adapt_538.398_to_526.433_q0.35,0.0740629406718726,0.04684815792919951,0.20689585427146384,0.04119833173537011,57,94.0,510.0,227,0.8156862745098039,0.042944152111537286,78.0,47
HAP1,38,0.05,0.5,GoCo-learned (paper path),adapt_550_to_525_q0.4,0.0740629406718726,0.04684815792919951,0.20689585427146384,0.04119833173537011,57,94.0,510.0,227,0.8156862745098039,0.042944152111537286,78.0,52
HAP1,38,0.05,0.5,GoCo-dense-learned (tie-level path),adapt_538.398_to_526.433_q0.35,0.0740629406718726,0.04684815792919951,0.20689585427146384,0.04119833173537011,57,94.0,510.0,227,0.8156862745098039,0.042944152111537286,78.0,47
HAP1,38,0.2,0.1,GoCo-learned (paper path),adapt_400_to_375_q0.5,1.8438660842722106e-14,0.1704228165887273,0.37083620627741265,0.17815268503008447,104,188.0,3338.0,858,0.9436788496105453,0.18071932701126925,150.0,565
HAP1,38,0.2,0.1,GoCo-dense-learned (tie-level path),adapt_404.949_to_394.825_q0.4,3.260132254437188e-06,0.1818995429124374,0.38110219920593774,0.18513885454249498,99,175.0,2746.0,891,0.9362709395484341,0.18773355111115994,143.0,289
HAP1,38,0.2,0.5,GoCo-learned (paper path),adapt_400_to_375_q0.6,0.25529580497277826,0.19727590136458173,0.3930632669391849,0.1989397837177309,105,189.0,3565.0,952,0.946984572230014,0.2015064256989157,151.0,661
HAP1,38,0.2,0.5,GoCo-dense-learned (tie-level path),adapt_404.949_to_394.825_q0.5,0.1594690460496433,0.19588090110151862,0.3923497938372011,0.19801058112926817,99,175.0,2865.0,949,0.9389179755671903,0.20060527769793313,143.0,347
HAP1,39,0.05,0.1,GoCo-learned (paper path),adapt_550_to_525_q0.4,0.00017958555709061462,0.04253960491099783,0.19847196751352972,0.04565552812891434,63,88.0,538.0,248,0.8364312267657993,0.047178189270611716,75.0,35
HAP1,39,0.05,0.1,GoCo-dense-learned (tie-level path),adapt_538.398_to_526.433_q0.4,0.00016969422802294462,0.042513573409132144,0.19834079709030306,0.04564073304176542,63,89.0,539.0,248,0.8348794063079777,0.04716092832899072,76.0,31
HAP1,39,0.05,0.5,GoCo-learned (paper path),adapt_550_to_525_q0.4,0.00017958555709061462,0.04253960491099783,0.19847196751352972,0.04565552812891434,63,88.0,538.0,248,0.8364312267657993,0.047178189270611716,75.0,35
HAP1,39,0.05,0.5,GoCo-dense-learned (tie-level path),adapt_538.398_to_526.433_q0.4,0.00016969422802294462,0.042513573409132144,0.19834079709030306,0.04564073304176542,63,89.0,539.0,248,0.8348794063079777,0.04716092832899072,76.0,31
HAP1,39,0.2,0.1,GoCo-learned (paper path),adapt_400_to_375_q0.6,0.015918216116491853,0.19122014493180073,0.38830723513216364,0.19828726671044158,103,166.0,3556.0,942,0.9533183352080989,0.2007304922083564,137.0,654
HAP1,39,0.2,0.1,GoCo-dense-learned (tie-level path),adapt_404.949_to_394.825_q0.5,0.05752010573280834,0.19351723766523998,0.39050959254168804,0.19816324757341802,95,153.0,2848.0,941,0.9462780898876404,0.20050264879088903,127.0,358
HAP1,39,0.2,0.5,GoCo-learned (paper path),adapt_400_to_375_q0.6,0.015918216116491853,0.19122014493180073,0.38830723513216364,0.19828726671044158,103,166.0,3556.0,942,0.9533183352080989,0.2007304922083564,137.0,654
HAP1,39,0.2,0.5,GoCo-dense-learned (tie-level path),adapt_404.949_to_394.825_q0.5,0.05752010573280834,0.19351723766523998,0.39050959254168804,0.19816324757341802,95,153.0,2848.0,941,0.9462780898876404,0.20050264879088903,127.0,358
HAP1,40,0.05,0.1,GoCo-learned (paper path),adapt_550_to_525_q0.35,0.003147590454434988,0.04422368705471092,0.20071561778954908,0.04558075207818417,63,106.0,577.0,251,0.8162911611785095,0.047215609294120546,93.0,56
HAP1,40,0.05,0.1,GoCo-dense-learned (tie-level path),adapt_538.398_to_526.433_q0.3,0.0006707375842873627,0.043280500192749094,0.19890904733758458,0.04458208363610694,62,105.0,557.0,246,0.8114901256732495,0.046216940852043316,92.0,40
HAP1,40,0.05,0.5,GoCo-learned (paper path),adapt_550_to_525_q0.4,0.3078045550367532,0.048884139784404666,0.21098172273584717,0.04868772056464667,63,106.0,616.0,265,0.827922077922078,0.050322577780583036,93.0,70
HAP1,40,0.05,0.5,GoCo-dense-learned (tie-level path),adapt_538.398_to_526.433_q0.35,0.3078045550367532,0.048884139784404666,0.21098172273584717,0.04868772056464667,63,106.0,616.0,265,0.827922077922078,0.050322577780583036,93.0,66
HAP1,40,0.2,0.1,GoCo-learned (paper path),adapt_400_to_375_q0.6,0.009951204659712398,0.19049288591397268,0.3876522030971761,0.1851257607638439,101,175.0,3400.0,887,0.9485294117647058,0.1880251216494238,145.0,619
HAP1,40,0.2,0.1,GoCo-dense-learned (tie-level path),adapt_404.949_to_394.825_q0.5,0.007096307502586372,0.1899856149330173,0.3876611240860474,0.18609753303656407,96,167.0,2706.0,892,0.9382852919438285,0.18897897247481335,139.0,340
HAP1,40,0.2,0.5,GoCo-learned (paper path),adapt_400_to_375_q0.6,0.009951204659712398,0.19049288591397268,0.3876522030971761,0.1851257607638439,101,175.0,3400.0,887,0.9485294117647058,0.1880251216494238,145.0,619
HAP1,40,0.2,0.5,GoCo-dense-learned (tie-level path),adapt_404.949_to_394.825_q0.6,0.4076785750599622,0.19902911249182778,0.39468829493487984,0.19364302793225868,96,167.0,2759.0,926,0.9394708227618702,0.196524467370508,139.0,374
HAP1,41,0.05,0.1,GoCo-learned (paper path),adapt_550_to_525_q0.5,0.07052565831751674,0.0467920038424171,0.20690447133632853,0.04900307692769258,64,97.0,585.0,264,0.8341880341880342,0.049879685890870364,90.0,60
HAP1,41,0.05,0.1,GoCo-dense-learned (tie-level path),adapt_538.398_to_526.433_q0.4,0.0005189960903816823,0.04313021955480059,0.19882764731346586,0.04500840315938366,64,97.0,549.0,247,0.8233151183970856,0.04588501212256144,90.0,33
HAP1,41,0.05,0.5,GoCo-learned (paper path),adapt_550_to_525_q0.5,0.07052565831751674,0.0467920038424171,0.20690447133632853,0.04900307692769258,64,97.0,585.0,264,0.8341880341880342,0.049879685890870364,90.0,60
HAP1,41,0.05,0.5,GoCo-dense-learned (tie-level path),adapt_538.398_to_526.433_q0.5,0.3470938135810013,0.04912223020726397,0.21193438783469243,0.051222340132308655,64,97.0,605.0,274,0.8396694214876033,0.05209894909548643,90.0,63
HAP1,41,0.2,0.1,GoCo-learned (paper path),adapt_400_to_375_q0.5,1.1411310840159192e-06,0.1810751738736908,0.3800902740525612,0.19131585007514415,102,172.0,3448.0,910,0.9501160092807425,0.19306079224843317,151.0,616
HAP1,41,0.2,0.1,GoCo-dense-learned (tie-level path),adapt_404.949_to_394.825_q0.4,2.668184051413636e-05,0.18370235798805223,0.38292408930171934,0.19368943075008305,99,163.0,2785.0,922,0.9414721723518851,0.1953835644016412,145.0,338
HAP1,41,0.2,0.5,GoCo-learned (paper path),adapt_400_to_375_q0.5,1.1411310840159192e-06,0.1810751738736908,0.3800902740525612,0.19131585007514415,102,172.0,3448.0,910,0.9501160092807425,0.19306079224843317,151.0,616
HAP1,41,0.2,0.5,GoCo-dense-learned (tie-level path),adapt_404.949_to_394.825_q0.5,0.21965829892368566,0.19679601089528703,0.3933025755328118,0.21144353638701158,99,163.0,2916.0,1002,0.9441015089163237,0.21313767003856973,145.0,418
HAP1,42,0.05,0.1,GoCo-learned (paper path),adapt_550_to_525_q0.4,0.003506955705150691,0.044281386275504146,0.20135016130079467,0.04558036781606069,79,128.0,619.0,262,0.7932148626817448,0.04739074858754569,114.0,50
HAP1,42,0.05,0.1,GoCo-dense-learned (tie-level path),adapt_538.398_to_526.433_q0.35,0.0037469417196862105,0.0443257715369509,0.20144018448355613,0.045669138338954196,78,127.0,621.0,262,0.7954911433172303,0.04747212156025082,113.0,47
HAP1,42,0.05,0.5,GoCo-learned (paper path),adapt_550_to_525_q0.4,0.003506955705150691,0.044281386275504146,0.20135016130079467,0.04558036781606069,79,128.0,619.0,262,0.7932148626817448,0.04739074858754569,114.0,50
HAP1,42,0.05,0.5,GoCo-dense-learned (tie-level path),adapt_538.398_to_526.433_q0.35,0.0037469417196862105,0.0443257715369509,0.20144018448355613,0.045669138338954196,78,127.0,621.0,262,0.7954911433172303,0.04747212156025082,113.0,47
HAP1,42,0.2,0.1,GoCo-learned (paper path),adapt_400_to_375_q0.6,0.07238015605520112,0.19399508565360052,0.3909067522733791,0.19517444368804024,135,223.0,3587.0,950,0.9378310565932534,0.19734003065138248,191.0,665
HAP1,42,0.2,0.1,GoCo-dense-learned (tie-level path),adapt_404.949_to_394.825_q0.5,0.005363580087600259,0.18957597992345326,0.38784347921665246,0.18954414007891776,128,212.0,2834.0,925,0.9251940719830628,0.1915971506940911,184.0,341
HAP1,42,0.2,0.5,GoCo-learned (paper path),adapt_400_to_375_q0.6,0.07238015605520112,0.19399508565360052,0.3909067522733791,0.19517444368804024,135,223.0,3587.0,950,0.9378310565932534,0.19734003065138248,191.0,665
HAP1,42,0.2,0.5,GoCo-dense-learned (tie-level path),adapt_404.949_to_394.825_q0.6,0.2523606549648969,0.1972324379793787,0.3938495144080432,0.19664578233368915,129,213.0,2883.0,958,0.9261186264308012,0.19892071926932414,184.0,374
HAP1,43,0.05,0.1,GoCo-learned (paper path),adapt_550_to_525_q0.35,3.0062481804258648e-05,0.04174015380333013,0.19542809900642927,0.045960284514899155,65,108.0,532.0,256,0.7969924812030075,0.04838466144936168,90.0,42
HAP1,43,0.05,0.1,GoCo-dense-learned (tie-level path),adapt_538.398_to_526.433_q0.35,3.0062481804258648e-05,0.04174015380333013,0.19542809900642927,0.045960284514899155,65,108.0,532.0,256,0.7969924812030075,0.04838466144936168,90.0,35
HAP1,43,0.05,0.5,GoCo-learned (paper path),adapt_550_to_525_q0.4,0.3866068024562076,0.04935592536298212,0.21217396989475185,0.052359160090413456,66,110.0,602.0,285,0.8172757475083057,0.05478353702487598,92.0,76
HAP1,43,0.05,0.5,GoCo-dense-learned (tie-level path),adapt_538.398_to_526.433_q0.4,0.3866068024562076,0.04935592536298212,0.21217396989475185,0.052359160090413456,66,110.0,602.0,285,0.8172757475083057,0.05478353702487598,92.0,69
HAP1,43,0.2,0.1,GoCo-learned (paper path),adapt_400_to_375_q0.6,0.009588699881245579,0.19043460621920577,0.3877167747763692,0.18528960172964953,106,194.0,3313.0,889,0.9414428010866285,0.18786750816195688,156.0,594
HAP1,43,0.2,0.1,GoCo-dense-learned (tie-level path),adapt_404.949_to_394.825_q0.5,0.02734004739233267,0.19211665202300918,0.38949451157950227,0.18500935749919267,98,178.0,2661.0,887,0.9331078541901541,0.18766685314327677,144.0,325
HAP1,43,0.2,0.5,GoCo-learned (paper path),adapt_400_to_375_q0.6,0.009588699881245579,0.19043460621920577,0.3877167747763692,0.18528960172964953,106,194.0,3313.0,889,0.9414428010866285,0.18786750816195688,156.0,594
HAP1,43,0.2,0.5,GoCo-dense-learned (tie-level path),adapt_404.949_to_394.825_q0.6,0.40465877073363954,0.19899636795731898,0.3948353378424862,0.1924438892346565,99,179.0,2720.0,921,0.9341911764705882,0.1951013848787406,145.0,359
HAP1,44,0.05,0.1,GoCo-learned (paper path),adapt_550_to_525_q0.35,0.07756573474655849,0.046907722582909143,0.20649052299487541,0.03913158281506616,67,102.0,513.0,225,0.8011695906432749,0.04068506705168349,90.0,41
HAP1,44,0.05,0.1,GoCo-dense-learned (tie-level path),adapt_538.398_to_526.433_q0.3,0.0788412793231194,0.04692621644184529,0.20652363613969857,0.03905760737270765,67,102.0,507.0,225,0.7988165680473372,0.040611091609324974,90.0,32
HAP1,44,0.05,0.5,GoCo-learned (paper path),adapt_550_to_525_q0.35,0.07756573474655849,0.046907722582909143,0.20649052299487541,0.03913158281506616,67,102.0,513.0,225,0.8011695906432749,0.04068506705168349,90.0,41
HAP1,44,0.05,0.5,GoCo-dense-learned (tie-level path),adapt_538.398_to_526.433_q0.35,0.10309106971761328,0.047240612063601556,0.20721941168037578,0.039797361776450976,67,102.0,516.0,228,0.8023255813953488,0.04135084601306831,90.0,38
HAP1,44,0.2,0.1,GoCo-learned (paper path),adapt_400_to_375_q0.5,1.1232905111170016e-20,0.1644246045134621,0.3651087930314793,0.15887717675472227,116,190.0,3041.0,777,0.937520552449852,0.1619477924463805,152.0,499
HAP1,44,0.2,0.1,GoCo-dense-learned (tie-level path),adapt_404.949_to_394.825_q0.4,0.0022996234190174212,0.18847144815096895,0.3861981109713768,0.19048909625700725,109,178.0,2793.0,920,0.9362692445399212,0.19338957399553158,145.0,358
HAP1,44,0.2,0.5,GoCo-learned (paper path),adapt_400_to_375_q0.5,1.1232905111170016e-20,0.1644246045134621,0.3651087930314793,0.15887717675472227,116,190.0,3041.0,777,0.937520552449852,0.1619477924463805,152.0,499
HAP1,44,0.2,0.5,GoCo-dense-learned (tie-level path),adapt_404.949_to_394.825_q0.5,0.23545078919922563,0.1970156114887408,0.39293699221818335,0.20025385435731793,109,178.0,2876.0,964,0.9381084840055632,0.20315433209584227,145.0,402
HAP1,45,0.05,0.1,GoCo-learned (paper path),adapt_550_to_525_q0.35,0.008282734822808592,0.04486943498961512,0.2032592890506397,0.04511108811278371,70,107.0,599.0,250,0.8213689482470785,0.0469095719572284,91.0,41
HAP1,45,0.05,0.1,GoCo-dense-learned (tie-level path),adapt_538.398_to_526.433_q0.35,0.008451763045097326,0.04488423007676404,0.20330211783560836,0.04511108811278371,70,107.0,602.0,250,0.8222591362126246,0.0469095719572284,91.0,31
HAP1,45,0.05,0.5,GoCo-learned (paper path),adapt_550_to_525_q0.35,0.008282734822808592,0.04486943498961512,0.2032592890506397,0.04511108811278371,70,107.0,599.0,250,0.8213689482470785,0.0469095719572284,91.0,41
HAP1,45,0.05,0.5,GoCo-dense-learned (tie-level path),adapt_538.398_to_526.433_q0.35,0.008451763045097326,0.04488423007676404,0.20330211783560836,0.04511108811278371,70,107.0,602.0,250,0.8222591362126246,0.0469095719572284,91.0,31
HAP1,45,0.2,0.1,GoCo-learned (paper path),adapt_400_to_375_q0.6,0.014258518857279474,0.19104103500307057,0.38833329666377103,0.20208169380347568,114,200.0,3698.0,962,0.9459167117360735,0.20440007127487442,161.0,675
HAP1,45,0.2,0.1,GoCo-dense-learned (tie-level path),adapt_404.949_to_394.825_q0.4,0.00016690959887015347,0.1854807267860868,0.3842017575782126,0.19660968326207431,102,180.0,2971.0,937,0.9394143386065298,0.19901602265837984,144.0,353
HAP1,45,0.2,0.5,GoCo-learned (paper path),adapt_400_to_375_q0.6,0.014258518857279474,0.19104103500307057,0.38833329666377103,0.20208169380347568,114,200.0,3698.0,962,0.9459167117360735,0.20440007127487442,161.0,675
HAP1,45,0.2,0.5,GoCo-dense-learned (tie-level path),adapt_404.949_to_394.825_q0.5,0.2119106572848357,0.19668800596939792,0.3931096514032386,0.2060415518816926,103,181.0,3036.0,980,0.9403820816864296,0.2085588544382289,144.0,396
HAP1,46,0.05,0.1,GoCo-learned (paper path),adapt_550_to_525_q0.4,0.021494664874798158,0.04564458393039991,0.20430063713491817,0.046022411086958245,70,125.0,603.0,255,0.7927031509121062,0.0479256934686814,105.0,63
HAP1,46,0.05,0.1,GoCo-dense-learned (tie-level path),adapt_538.398_to_526.433_q0.35,0.0006547614213313414,0.043258875985437636,0.1991189655698326,0.044468926843727,69,124.0,590.0,248,0.7898305084745763,0.04637220922545015,104.0,44
HAP1,46,0.05,0.5,GoCo-learned (paper path),adapt_550_to_525_q0.4,0.021494664874798158,0.04564458393039991,0.20430063713491817,0.046022411086958245,70,125.0,603.0,255,0.7927031509121062,0.0479256934686814,105.0,63
HAP1,46,0.05,0.5,GoCo-dense-learned (tie-level path),adapt_538.398_to_526.433_q0.4,0.10965161114303457,0.04730903133386196,0.20796269216767355,0.048463600612035924,70,125.0,642.0,266,0.8052959501557633,0.05036688299375908,105.0,66
HAP1,46,0.2,0.1,GoCo-learned (paper path),adapt_400_to_375_q0.5,7.588508887524453e-55,0.14345636192826605,0.3451274720953192,0.14078515416190618,112,204.0,2731.0,694,0.925302087147565,0.14381371588308547,167.0,420
HAP1,46,0.2,0.1,GoCo-dense-learned (tie-level path),adapt_404.949_to_394.825_q0.5,0.07351608992614808,0.19402788836414742,0.39096890285344965,0.20083447351648287,103,193.0,2982.0,963,0.9352783366867874,0.20377447684301675,160.0,404
HAP1,46,0.2,0.5,GoCo-learned (paper path),adapt_400_to_375_q0.6,0.4195347873307126,0.19915616959564908,0.39444875738504925,0.20386771075311788,115,207.0,3679.0,980,0.9437347105191628,0.2068962724742972,170.0,710
HAP1,46,0.2,0.5,GoCo-dense-learned (tie-level path),adapt_404.949_to_394.825_q0.5,0.07351608992614808,0.19402788836414742,0.39096890285344965,0.20083447351648287,103,193.0,2982.0,963,0.9352783366867874,0.20377447684301675,160.0,404
HAP1,47,0.05,0.1,GoCo-learned (paper path),adapt_550_to_525_q0.4,0.009994690462789661,0.04502684897480676,0.20292258392798468,0.04609135873996042,59,94.0,547.0,251,0.8281535648994516,0.04777430000566558,82.0,46
HAP1,47,0.05,0.1,GoCo-dense-learned (tie-level path),adapt_538.398_to_526.433_q0.35,0.0036713528180522545,0.044305588420078694,0.2016418865883799,0.045388592054089384,58,92.0,533.0,247,0.8273921200750469,0.047071533319794544,80.0,32
HAP1,47,0.05,0.5,GoCo-learned (paper path),adapt_550_to_525_q0.4,0.009994690462789661,0.04502684897480676,0.20292258392798468,0.04609135873996042,59,94.0,547.0,251,0.8281535648994516,0.04777430000566558,82.0,46
HAP1,47,0.05,0.5,GoCo-dense-learned (tie-level path),adapt_538.398_to_526.433_q0.4,0.1294450543179046,0.04752352007999983,0.20823053563499247,0.04731195350249926,59,94.0,565.0,256,0.8336283185840708,0.048994894768204414,82.0,49
HAP1,47,0.2,0.1,GoCo-learned (paper path),adapt_400_to_375_q0.5,1.1816326595532727e-09,0.17634982452510836,0.3760314463925206,0.1780432950468842,107,190.0,3332.0,856,0.9429771908763506,0.18064080417169448,156.0,577
HAP1,47,0.2,0.1,GoCo-dense-learned (tie-level path),adapt_404.949_to_394.825_q0.4,0.008861112547416207,0.19030519443428945,0.3881058280119976,0.19304999948883925,100,175.0,2782.0,924,0.9370956146657081,0.19559774888101494,149.0,363
HAP1,47,0.2,0.5,GoCo-learned (paper path),adapt_400_to_375_q0.6,0.20937981711877313,0.19665608284734537,0.3925959152709853,0.19901533233050606,108,191.0,3548.0,951,0.9461668545659526,0.2016128414553163,157.0,672
HAP1,47,0.2,0.5,GoCo-dense-learned (tie-level path),adapt_404.949_to_394.825_q0.5,0.3309246650533417,0.1981835788106765,0.3942636861692064,0.20037356806407228,102,177.0,2833.0,958,0.9375220614189904,0.20292131745624797,151.0,397
HAP1,48,0.05,0.1,GoCo-learned (paper path),adapt_550_to_525_q0.35,0.0001968891682714171,0.04259629139517129,0.198307612680761,0.045756948150320685,66,104.0,576.0,252,0.8194444444444444,0.04734047089901385,87.0,36
HAP1,48,0.05,0.1,GoCo-dense-learned (tie-level path),adapt_538.398_to_526.433_q0.35,0.07400894552277164,0.04683833456520922,0.20748541875574353,0.049285576640369096,67,108.0,649.0,266,0.8335901386748844,0.05085183843421343,91.0,72
HAP1,48,0.05,0.5,GoCo-learned (paper path),adapt_550_to_525_q0.4,0.37391367708252815,0.049279524090286894,0.2127363311980378,0.05106098720406195,67,108.0,665.0,274,0.837593984962406,0.05262724899790629,91.0,85
HAP1,48,0.05,0.5,GoCo-dense-learned (tie-level path),adapt_538.398_to_526.433_q0.4,0.4510936621248775,0.049723376731210106,0.2136741831703956,0.05150483984498516,67,108.0,669.0,276,0.8385650224215246,0.0530711016388295,91.0,82
HAP1,48,0.2,0.1,GoCo-learned (paper path),adapt_400_to_375_q0.5,0.0068501497977160415,0.18994233437143745,0.3873344592554654,0.18749638944467437,113,185.0,3444.0,906,0.9462833914053427,0.1899440318240201,152.0,608
HAP1,48,0.2,0.1,GoCo-dense-learned (tie-level path),adapt_404.949_to_394.825_q0.35,0.059101332568953245,0.1935725951682209,0.39053907925164744,0.19218551959467103,101,167.0,2841.0,926,0.9412178810278071,0.19450685934151643,139.0,365
HAP1,48,0.2,0.5,GoCo-learned (paper path),adapt_400_to_375_q0.5,0.0068501497977160415,0.18994233437143745,0.3873344592554654,0.18749638944467437,113,185.0,3444.0,906,0.9462833914053427,0.1899440318240201,152.0,608
HAP1,48,0.2,0.5,GoCo-dense-learned (tie-level path),adapt_404.949_to_394.825_q0.4,0.19595841713631468,0.1964576373342218,0.39278564245901454,0.1948486354402103,101,167.0,2856.0,938,0.9415266106442577,0.1971699751870557,139.0,377
HAP1,49,0.05,0.1,GoCo-learned (paper path),adapt_550_to_525_q0.4,0.011604883001755979,0.04512087943233282,0.2040483877201773,0.045726733502948015,79,127.0,606.0,259,0.7904290429042904,0.04724861005518736,112.0,66
HAP1,49,0.05,0.1,GoCo-dense-learned (tie-level path),adapt_538.398_to_526.433_q0.4,0.046491343956169724,0.046341474194871654,0.2067479161296089,0.047724070387102475,79,127.0,635.0,268,0.8,0.04924594693934182,112.0,69
HAP1,49,0.05,0.5,GoCo-learned (paper path),adapt_550_to_525_q0.4,0.011604883001755979,0.04512087943233282,0.2040483877201773,0.045726733502948015,79,127.0,606.0,259,0.7904290429042904,0.04724861005518736,112.0,66
HAP1,49,0.05,0.5,GoCo-dense-learned (tie-level path),adapt_538.398_to_526.433_q0.4,0.046491343956169724,0.046341474194871654,0.2067479161296089,0.047724070387102475,79,127.0,635.0,268,0.8,0.04924594693934182,112.0,69
HAP1,49,0.2,0.1,GoCo-learned (paper path),adapt_400_to_375_q0.5,7.326167745099497e-09,0.17747179334309438,0.37747867017746306,0.17595624301336207,124,214.0,3351.0,853,0.9361384661295136,0.17855356796365604,179.0,568
HAP1,49,0.2,0.1,GoCo-dense-learned (tie-level path),adapt_404.949_to_394.825_q0.35,0.012858699950214393,0.19086096293089974,0.38897169533151565,0.1868063523055869,118,202.0,2799.0,904,0.9278313683458378,0.18936282819276695,171.0,338
HAP1,49,0.2,0.5,GoCo-learned (paper path),adapt_400_to_375_q0.5,7.326167745099497e-09,0.17747179334309438,0.37747867017746306,0.17595624301336207,124,214.0,3351.0,853,0.9361384661295136,0.17855356796365604,179.0,568
HAP1,49,0.2,0.5,GoCo-dense-learned (tie-level path),adapt_404.949_to_394.825_q0.35,0.012858699950214393,0.19086096293089974,0.38897169533151565,0.1868063523055869,118,202.0,2799.0,904,0.9278313683458378,0.18936282819276695,171.0,338
HAP1,50,0.05,0.1,GoCo-learned (paper path),adapt_550_to_525_q0.4,0.019467184516829078,0.04555445237525876,0.20438125898095041,0.040972882735427624,46,82.0,498.0,222,0.8353413654618473,0.04171263713917095,76.0,38
HAP1,50,0.05,0.1,GoCo-dense-learned (tie-level path),adapt_538.398_to_526.433_q0.4,0.019815258462127287,0.045569247462407675,0.20442380312460326,0.040972882735427624,46,82.0,500.0,222,0.836,0.04171263713917095,76.0,35
HAP1,50,0.05,0.5,GoCo-learned (paper path),adapt_550_to_525_q0.4,0.019467184516829078,0.04555445237525876,0.20438125898095041,0.040972882735427624,46,82.0,498.0,222,0.8353413654618473,0.04171263713917095,76.0,38
HAP1,50,0.05,0.5,GoCo-dense-learned (tie-level path),adapt_538.398_to_526.433_q0.4,0.019815258462127287,0.045569247462407675,0.20442380312460326,0.040972882735427624,46,82.0,500.0,222,0.836,0.04171263713917095,76.0,35
HAP1,50,0.2,0.1,GoCo-learned (paper path),adapt_400_to_375_q0.5,3.984673893382784e-09,0.17713230402534186,0.37629160719267873,0.16028142943680684,90,159.0,3008.0,771,0.9471409574468085,0.16215984117863075,134.0,513
HAP1,50,0.2,0.1,GoCo-dense-learned (tie-level path),adapt_404.949_to_394.825_q0.4,0.08836856081303424,0.19443823190309237,0.3908498531628341,0.18084701406945136,84,149.0,2659.0,865,0.9439638962015795,0.1825818342073621,129.0,343
HAP1,50,0.2,0.5,GoCo-learned (paper path),adapt_400_to_375_q0.5,3.984673893382784e-09,0.17713230402534186,0.37629160719267873,0.16028142943680684,90,159.0,3008.0,771,0.9471409574468085,0.16215984117863075,134.0,513
HAP1,50,0.2,0.5,GoCo-dense-learned (tie-level path),adapt_404.949_to_394.825_q0.4,0.08836856081303424,0.19443823190309237,0.3908498531628341,0.18084701406945136,84,149.0,2659.0,865,0.9439638962015795,0.1825818342073621,129.0,343
HAP1,51,0.05,0.1,GoCo-learned (paper path),adapt_550_to_525_q0.3,0.0034510221762843493,0.04427635051968148,0.20112830754088948,0.044976267042659515,60,98.0,604.0,246,0.8377483443708609,0.04604891092709525,90.0,56
HAP1,51,0.05,0.1,GoCo-dense-learned (tie-level path),adapt_538.398_to_526.433_q0.3,0.00407423909985039,0.04438731367991228,0.20137954427924448,0.044976267042659515,60,98.0,604.0,246,0.8377483443708609,0.04604891092709525,90.0,49
HAP1,51,0.05,0.5,GoCo-learned (paper path),adapt_550_to_525_q0.35,0.35309186730196074,0.04915872956983682,0.21184614621663364,0.04963671977235326,60,98.0,663.0,267,0.8521870286576169,0.050709363656789,90.0,78
HAP1,51,0.05,0.5,GoCo-dense-learned (tie-level path),adapt_538.398_to_526.433_q0.35,0.35309186730196074,0.04915872956983682,0.21184614621663364,0.04963671977235326,60,98.0,663.0,267,0.8521870286576169,0.050709363656789,90.0,71
HAP1,51,0.2,0.1,GoCo-learned (paper path),adapt_400_to_375_q0.5,2.0565440358669067e-09,0.17668092173606462,0.37650926578915694,0.17952518749451352,106,178.0,3298.0,861,0.9460278956943602,0.1817898566835042,143.0,575
HAP1,51,0.2,0.1,GoCo-dense-learned (tie-level path),adapt_404.949_to_394.825_q0.4,0.00040925391346367785,0.1864296219171522,0.38496126303302686,0.18911143978648434,98,164.0,2735.0,907,0.940036563071298,0.19134348053179262,136.0,331
HAP1,51,0.2,0.5,GoCo-learned (paper path),adapt_400_to_375_q0.6,0.12566823972611657,0.19526725107472417,0.3916690752879501,0.19916566685536571,107,179.0,3489.0,950,0.9486959014044138,0.2014303360443564,144.0,664
HAP1,51,0.2,0.5,GoCo-dense-learned (tie-level path),adapt_404.949_to_394.825_q0.5,0.15839666621458387,0.1958614905367705,0.3924555046224838,0.2008735347709495,98,164.0,2819.0,960,0.9418233416105002,0.20310557551625777,136.0,384
HAP1,52,0.05,0.1,GoCo-learned (paper path),adapt_550_to_525_q0.3,0.002834937601504284,0.04414105712309235,0.20106327255948803,0.04445536465074452,52,91.0,538.0,238,0.8308550185873605,0.04578815549413628,80.0,38
HAP1,52,0.05,0.1,GoCo-dense-learned (tie-level path),adapt_538.398_to_526.433_q0.3,0.0025274789478541377,0.04406809044900176,0.20086437493708933,0.044415462753849985,53,93.0,547.0,238,0.829981718464351,0.045748253597241745,82.0,39
HAP1,52,0.05,0.5,GoCo-learned (paper path),adapt_550_to_525_q0.3,0.002834937601504284,0.04414105712309235,0.20106327255948803,0.04445536465074452,52,91.0,538.0,238,0.8308550185873605,0.04578815549413628,80.0,38
HAP1,52,0.05,0.5,GoCo-dense-learned (tie-level path),adapt_538.398_to_526.433_q0.3,0.0025274789478541377,0.04406809044900176,0.20086437493708933,0.044415462753849985,53,93.0,547.0,238,0.829981718464351,0.045748253597241745,82.0,39
HAP1,52,0.2,0.1,GoCo-learned (paper path),adapt_400_to_375_q0.6,2.13204486074858e-06,0.18159023497900167,0.3800866561895798,0.18933554374333017,105,172.0,3426.0,909,0.9497956800934034,0.1920124138765371,140.0,616
HAP1,52,0.2,0.1,GoCo-dense-learned (tie-level path),adapt_404.949_to_394.825_q0.5,0.017089549403836068,0.191333080781231,0.38847148348500454,0.19878456118540186,96,158.0,2848.0,951,0.9445224719101124,0.2013578497028806,131.0,376
HAP1,52,0.2,0.5,GoCo-learned (paper path),adapt_400_to_375_q0.6,2.13204486074858e-06,0.18159023497900167,0.3800866561895798,0.18933554374333017,105,172.0,3426.0,909,0.9497956800934034,0.1920124138765371,140.0,616
HAP1,52,0.2,0.5,GoCo-dense-learned (tie-level path),adapt_404.949_to_394.825_q0.5,0.017089549403836068,0.191333080781231,0.38847148348500454,0.19878456118540186,96,158.0,2848.0,951,0.9445224719101124,0.2013578497028806,131.0,376
HAP1,53,0.05,0.1,GoCo-learned (paper path),adapt_550_to_525_q0.3,0.09531146361285275,0.047136205807824266,0.20773013293688772,0.04739315037297716,62,107.0,592.0,255,0.8192567567567568,0.04876380959088359,95.0,77
HAP1,53,0.05,0.1,GoCo-dense-learned (tie-level path),adapt_538.398_to_526.433_q0.275,0.09531146361285275,0.047136205807824266,0.20773013293688772,0.04739315037297716,62,107.0,592.0,255,0.8192567567567568,0.04876380959088359,95.0,71
HAP1,53,0.05,0.5,GoCo-learned (paper path),adapt_550_to_525_q0.3,0.09531146361285275,0.047136205807824266,0.20773013293688772,0.04739315037297716,62,107.0,592.0,255,0.8192567567567568,0.04876380959088359,95.0,77
HAP1,53,0.05,0.5,GoCo-dense-learned (tie-level path),adapt_538.398_to_526.433_q0.275,0.09531146361285275,0.047136205807824266,0.20773013293688772,0.04739315037297716,62,107.0,592.0,255,0.8192567567567568,0.04876380959088359,95.0,71
HAP1,53,0.2,0.1,GoCo-learned (paper path),adapt_400_to_375_q0.5,2.285495999087095e-12,0.1728175052396599,0.3729929176419993,0.16787202618900426,98,172.0,3148.0,807,0.9453621346886912,0.17009067293661623,143.0,513
HAP1,53,0.2,0.1,GoCo-dense-learned (tie-level path),adapt_404.949_to_394.825_q0.4,0.020213898011478677,0.19160041710237,0.38909168030952346,0.188560042591477,95,165.0,2750.0,903,0.94,0.1909497135045578,139.0,337
HAP1,53,0.2,0.5,GoCo-learned (paper path),adapt_400_to_375_q0.5,2.285495999087095e-12,0.1728175052396599,0.3729929176419993,0.16787202618900426,98,172.0,3148.0,807,0.9453621346886912,0.17009067293661623,143.0,513
HAP1,53,0.2,0.5,GoCo-dense-learned (tie-level path),adapt_404.949_to_394.825_q0.4,0.020213898011478677,0.19160041710237,0.38909168030952346,0.188560042591477,95,165.0,2750.0,903,0.94,0.1909497135045578,139.0,337
HAP1,54,0.05,0.1,GoCo-learned (paper path),adapt_550_to_525_q0.4,0.040828088920584614,0.04623115151670844,0.20548565117220452,0.0501987570148545,62,102.0,591.0,269,0.8274111675126904,0.05196923586960321,89.0,67
HAP1,54,0.05,0.1,GoCo-dense-learned (tie-level path),adapt_538.398_to_526.433_q0.4,0.06996260835943965,0.046785967317862456,0.2067064616104482,0.05016176929698221,62,103.0,595.0,269,0.826890756302521,0.05193224815173092,90.0,62
HAP1,54,0.05,0.5,GoCo-learned (paper path),adapt_550_to_525_q0.4,0.040828088920584614,0.04623115151670844,0.20548565117220452,0.0501987570148545,62,102.0,591.0,269,0.8274111675126904,0.05196923586960321,89.0,67
HAP1,54,0.05,0.5,GoCo-dense-learned (tie-level path),adapt_538.398_to_526.433_q0.4,0.06996260835943965,0.046785967317862456,0.2067064616104482,0.05016176929698221,62,103.0,595.0,269,0.826890756302521,0.05193224815173092,90.0,62
HAP1,54,0.2,0.1,GoCo-learned (paper path),adapt_400_to_375_q0.5,5.452787912463828e-05,0.18438922863865342,0.3829828661287708,0.1827428909675894,108,187.0,3445.0,879,0.9457184325108854,0.18567101339261055,152.0,606
HAP1,54,0.2,0.1,GoCo-dense-learned (tie-level path),adapt_404.949_to_394.825_q0.35,0.0005579888435968072,0.18676913637441367,0.38533997955436516,0.18436448221808796,103,178.0,2823.0,888,0.9369465108041091,0.1874387862183124,146.0,348
HAP1,54,0.2,0.5,GoCo-learned (paper path),adapt_400_to_375_q0.5,5.452787912463828e-05,0.18438922863865342,0.3829828661287708,0.1827428909675894,108,187.0,3445.0,879,0.9457184325108854,0.18567101339261055,152.0,606
HAP1,54,0.2,0.5,GoCo-dense-learned (tie-level path),adapt_404.949_to_394.825_q0.4,0.23703700808356515,0.19703322869576298,0.3934258106251008,0.1954607982411683,105,180.0,2923.0,940,0.9384194320903182,0.19897895488231593,146.0,400
HAP1,55,0.05,0.1,GoCo-learned (paper path),adapt_550_to_525_q0.4,8.262164610352605e-05,0.04221701517178649,0.196139489103363,0.05038625751925848,62,100.0,608.0,271,0.8355263157894737,0.0514795088365879,89.0,60
HAP1,55,0.05,0.1,GoCo-dense-learned (tie-level path),adapt_538.398_to_526.433_q0.35,8.262164610352605e-05,0.04221701517178649,0.196139489103363,0.05038625751925848,62,100.0,608.0,271,0.8355263157894737,0.0514795088365879,89.0,55
HAP1,55,0.05,0.5,GoCo-learned (paper path),adapt_550_to_525_q0.4,8.262164610352605e-05,0.04221701517178649,0.196139489103363,0.05038625751925848,62,100.0,608.0,271,0.8355263157894737,0.0514795088365879,89.0,60
HAP1,55,0.05,0.5,GoCo-dense-learned (tie-level path),adapt_538.398_to_526.433_q0.4,0.30634630338918545,0.0488748047856347,0.21100241379367543,0.059707162978645964,62,100.0,698.0,313,0.8567335243553008,0.06080041429597539,89.0,98
HAP1,55,0.2,0.1,GoCo-learned (paper path),adapt_400_to_375_q0.5,7.965798933597783e-14,0.1711175062830481,0.37156907851036597,0.18576578043907205,113,192.0,3519.0,895,0.9454390451832907,0.18820696997737757,160.0,604
HAP1,55,0.2,0.1,GoCo-dense-learned (tie-level path),adapt_404.949_to_394.825_q0.5,0.07454146375528646,0.1940568860932768,0.3910434691268676,0.2069319391840572,109,182.0,3017.0,993,0.9396751740139211,0.21004375130189454,149.0,405
HAP1,55,0.2,0.5,GoCo-learned (paper path),adapt_400_to_375_q0.6,0.38146174577230374,0.19874733318051813,0.39423168813853393,0.21084345465123364,116,195.0,3766.0,1011,0.9482209240573553,0.21395042315092397,160.0,720
HAP1,55,0.2,0.5,GoCo-dense-learned (tie-level path),adapt_404.949_to_394.825_q0.5,0.07454146375528646,0.1940568860932768,0.3910434691268676,0.2069319391840572,109,182.0,3017.0,993,0.9396751740139211,0.21004375130189454,149.0,405
HAP1,56,0.05,0.1,GoCo-learned (paper path),adapt_550_to_525_q0.35,9.060687119562514e-06,0.04123406250094288,0.1941195733553578,0.04940555454676172,62,100.0,562.0,265,0.8220640569395018,0.0505965591283888,91.0,43
HAP1,56,0.05,0.1,GoCo-dense-learned (tie-level path),adapt_538.398_to_526.433_q0.3,9.060687119562514e-06,0.04123406250094288,0.1941195733553578,0.049420349633910635,62,100.0,565.0,265,0.8230088495575221,0.05060395666534934,91.0,40
HAP1,56,0.05,0.5,GoCo-learned (paper path),adapt_550_to_525_q0.35,9.060687119562514e-06,0.04123406250094288,0.1941195733553578,0.04940555454676172,62,100.0,562.0,265,0.8220640569395018,0.0505965591283888,91.0,43
HAP1,56,0.05,0.5,GoCo-dense-learned (tie-level path),adapt_538.398_to_526.433_q0.35,0.1686274657864098,0.0478856874951457,0.20916453946420294,0.05474658132498919,63,101.0,652.0,290,0.8450920245398773,0.0559301883564279,92.0,68
HAP1,56,0.2,0.1,GoCo-learned (paper path),adapt_400_to_375_q0.5,4.3394421919489937e-63,0.13981072389042434,0.3416445878213981,0.14209089825352297,113,198.0,2720.0,699,0.9272058823529412,0.14506388231748166,162.0,397
HAP1,56,0.2,0.1,GoCo-dense-learned (tie-level path),adapt_404.949_to_394.825_q0.4,0.09032398189996838,0.19447900644882593,0.3914932280349867,0.19643222227778584,106,187.0,2892.0,944,0.9353388658367912,0.19956157552934042,155.0,376
HAP1,56,0.2,0.5,GoCo-learned (paper path),adapt_400_to_375_q0.6,0.3984144641830466,0.198930046281786,0.3945274874539477,0.20214046180724463,116,201.0,3638.0,970,0.9447498625618471,0.2051134458712033,165.0,674
HAP1,56,0.2,0.5,GoCo-dense-learned (tie-level path),adapt_404.949_to_394.825_q0.4,0.09032398189996838,0.19447900644882593,0.3914932280349867,0.19643222227778584,106,187.0,2892.0,944,0.9353388658367912,0.19956157552934042,155.0,376
HAP1,57,0.05,0.1,GoCo-learned (paper path),adapt_550_to_525_q0.4,0.008361772996485444,0.0448791222457509,0.20317081295709097,0.04237330830261224,63,95.0,538.0,233,0.8234200743494424,0.04380966475604642,82.0,42
HAP1,57,0.05,0.1,GoCo-dense-learned (tie-level path),adapt_538.398_to_526.433_q0.4,0.007730422119304919,0.04482319234108533,0.20295793741687349,0.04229933286686765,63,97.0,540.0,233,0.8203703703703704,0.04373568932030183,84.0,41
HAP1,57,0.05,0.5,GoCo-learned (paper path),adapt_550_to_525_q0.4,0.008361772996485444,0.0448791222457509,0.20317081295709097,0.04237330830261224,63,95.0,538.0,233,0.8234200743494424,0.04380966475604642,82.0,42
HAP1,57,0.05,0.5,GoCo-dense-learned (tie-level path),adapt_538.398_to_526.433_q0.4,0.007730422119304919,0.04482319234108533,0.20295793741687349,0.04229933286686765,63,97.0,540.0,233,0.8203703703703704,0.04373568932030183,84.0,41
HAP1,57,0.2,0.1,GoCo-learned (paper path),adapt_400_to_375_q0.6,0.07835254197149213,0.19417622140776142,0.3903717834147463,0.20098801662908147,102,167.0,3560.0,956,0.9530898876404494,0.20398637168588926,134.0,659
HAP1,57,0.2,0.1,GoCo-dense-learned (tie-level path),adapt_404.949_to_394.825_q0.5,0.01781717214750876,0.19139769718487476,0.3886723724748482,0.20133840320470647,95,155.0,2916.0,957,0.9468449931412894,0.2042577270330771,125.0,391
HAP1,57,0.2,0.5,GoCo-learned (paper path),adapt_400_to_375_q0.6,0.07835254197149213,0.19417622140776142,0.3903717834147463,0.20098801662908147,102,167.0,3560.0,956,0.9530898876404494,0.20398637168588926,134.0,659
HAP1,57,0.2,0.5,GoCo-dense-learned (tie-level path),adapt_404.949_to_394.825_q0.6,0.3006991539575329,0.19783356047826134,0.3936966309924189,0.20821811913901628,95,155.0,2959.0,988,0.947617438323758,0.21113744296738693,125.0,422
HAP1,58,0.05,0.1,GoCo-learned (paper path),adapt_550_to_525_q0.4,0.016725969721450747,0.045457932048118016,0.20275659444722458,0.0457812863564523,51,87.0,532.0,246,0.8364661654135338,0.047083254098310184,77.0,63
HAP1,58,0.05,0.1,GoCo-dense-learned (tie-level path),adapt_538.398_to_526.433_q0.4,0.016725969721450747,0.045457932048118016,0.20275659444722458,0.0457812863564523,51,87.0,532.0,246,0.8364661654135338,0.047083254098310184,77.0,58
HAP1,58,0.05,0.5,GoCo-learned (paper path),adapt_550_to_525_q0.4,0.016725969721450747,0.045457932048118016,0.20275659444722458,0.0457812863564523,51,87.0,532.0,246,0.8364661654135338,0.047083254098310184,77.0,63
HAP1,58,0.05,0.5,GoCo-dense-learned (tie-level path),adapt_538.398_to_526.433_q0.4,0.016725969721450747,0.045457932048118016,0.20275659444722458,0.0457812863564523,51,87.0,532.0,246,0.8364661654135338,0.047083254098310184,77.0,58
HAP1,58,0.2,0.1,GoCo-learned (paper path),adapt_400_to_375_q0.4,7.468626868207361e-75,0.1353407919628457,0.3360120920864639,0.13939956340507248,99,171.0,2613.0,682,0.9345579793340988,0.14138737561315945,147.0,375
HAP1,58,0.2,0.1,GoCo-dense-learned (tie-level path),adapt_404.949_to_394.825_q0.35,0.09848846131855349,0.19468827532745708,0.3908273396544254,0.19451639441797272,91,158.0,2803.0,931,0.9436318230467357,0.19639008664854674,139.0,362
HAP1,58,0.2,0.5,GoCo-learned (paper path),adapt_400_to_375_q0.4,7.468626868207361e-75,0.1353407919628457,0.3360120920864639,0.13939956340507248,99,171.0,2613.0,682,0.9345579793340988,0.14138737561315945,147.0,375
HAP1,58,0.2,0.5,GoCo-dense-learned (tie-level path),adapt_404.949_to_394.825_q0.35,0.09848846131855349,0.19468827532745708,0.3908273396544254,0.19451639441797272,91,158.0,2803.0,931,0.9436318230467357,0.19639008664854674,139.0,362
HAP1,59,0.05,0.1,GoCo-learned (paper path),adapt_550_to_525_q0.5,0.00033878702943822427,0.04287944761213598,0.19890123957717068,0.04471946663450147,67,124.0,588.0,247,0.7891156462585034,0.04548352723300483,110.0,44
HAP1,59,0.05,0.1,GoCo-dense-learned (tie-level path),adapt_538.398_to_526.433_q0.4,0.0001324192640473849,0.042398607246726554,0.19783923203203108,0.0439871097743326,66,123.0,566.0,244,0.7826855123674912,0.044928711431850815,109.0,27
HAP1,59,0.05,0.5,GoCo-learned (paper path),adapt_550_to_525_q0.5,0.00033878702943822427,0.04287944761213598,0.19890123957717068,0.04471946663450147,67,124.0,588.0,247,0.7891156462585034,0.04548352723300483,110.0,44
HAP1,59,0.05,0.5,GoCo-dense-learned (tie-level path),adapt_538.398_to_526.433_q0.4,0.0001324192640473849,0.042398607246726554,0.19783923203203108,0.0439871097743326,66,123.0,566.0,244,0.7826855123674912,0.044928711431850815,109.0,27
HAP1,59,0.2,0.1,GoCo-learned (paper path),adapt_400_to_375_q0.5,4.211356563543922e-21,0.16403665961561287,0.36497533863298237,0.17109127078144168,101,188.0,3229.0,822,0.9417776401362651,0.17258148357649142,161.0,521
HAP1,59,0.2,0.1,GoCo-dense-learned (tie-level path),adapt_404.949_to_394.825_q0.4,0.001314235278143599,0.18776906173737432,0.38598594649069695,0.19449322511964093,97,179.0,2867.0,928,0.937565399372166,0.19599248469206582,154.0,361
HAP1,59,0.2,0.5,GoCo-learned (paper path),adapt_400_to_375_q0.6,0.4670172767509686,0.19965583404970075,0.39473568915414703,0.20548985045299073,101,188.0,3615.0,977,0.9479944674965421,0.20698006324804047,161.0,676
HAP1,59,0.2,0.5,GoCo-dense-learned (tie-level path),adapt_404.949_to_394.825_q0.5,0.3035660011174831,0.1978667093183774,0.39386965201505103,0.20181679369487393,97,179.0,2923.0,961,0.938761546356483,0.20331605326729885,154.0,394
HAP1,60,0.05,0.1,GoCo-learned (paper path),adapt_550_to_525_q0.4,0.01194251971500271,0.045163899679952234,0.20323325616177423,0.044957605061190314,66,96.0,569.0,251,0.8312829525483304,0.046991929656603156,83.0,67
HAP1,60,0.05,0.1,GoCo-dense-learned (tie-level path),adapt_538.398_to_526.433_q0.35,0.00617872508780265,0.04467490521791613,0.20206482334422257,0.04493602889408496,66,97.0,570.0,251,0.8298245614035088,0.046970353489497796,84.0,62
HAP1,60,0.05,0.5,GoCo-learned (paper path),adapt_550_to_525_q0.4,0.01194251971500271,0.045163899679952234,0.20323325616177423,0.044957605061190314,66,96.0,569.0,251,0.8312829525483304,0.046991929656603156,83.0,67
HAP1,60,0.05,0.5,GoCo-dense-learned (tie-level path),adapt_538.398_to_526.433_q0.35,0.00617872508780265,0.04467490521791613,0.20206482334422257,0.04493602889408496,66,97.0,570.0,251,0.8298245614035088,0.046970353489497796,84.0,62
HAP1,60,0.2,0.1,GoCo-learned (paper path),adapt_400_to_375_q0.6,0.06645880507868554,0.19381817199597345,0.3905319346859562,0.1921190458419743,114,183.0,3413.0,926,0.9463814825666569,0.19525984768609814,151.0,640
HAP1,60,0.2,0.1,GoCo-dense-learned (tie-level path),adapt_404.949_to_394.825_q0.4,1.4306010032879663e-06,0.1812300811882581,0.38069486548948395,0.18172144540285884,104,167.0,2691.0,879,0.9379412857673727,0.18476766437173048,138.0,318
HAP1,60,0.2,0.5,GoCo-learned (paper path),adapt_400_to_375_q0.6,0.06645880507868554,0.19381817199597345,0.3905319346859562,0.1921190458419743,114,183.0,3413.0,926,0.9463814825666569,0.19525984768609814,151.0,640
HAP1,60,0.2,0.5,GoCo-dense-learned (tie-level path),adapt_404.949_to_394.825_q0.5,0.1869925252088795,0.19632107097964735,0.3928383252921644,0.19525895095101686,104,167.0,2804.0,940,0.9404422253922967,0.1983051699198885,138.0,379
HAP1,61,0.05,0.1,GoCo-learned (paper path),adapt_550_to_525_q0.225,0.05432159483607231,0.04651393145455078,0.206279035494293,0.045904834959383176,64,103.0,557.0,250,0.8150807899461401,0.04710693585306499,92.0,55
HAP1,61,0.05,0.1,GoCo-dense-learned (tie-level path),adapt_538.398_to_526.433_q0.175,0.05432159483607231,0.04651393145455078,0.206279035494293,0.045904834959383176,64,103.0,557.0,250,0.8150807899461401,0.04710693585306499,92.0,47
HAP1,61,0.05,0.5,GoCo-learned (paper path),adapt_550_to_525_q0.25,0.3377566847278286,0.04906608413985926,0.21180004338125893,0.04878987712538407,64,103.0,597.0,263,0.8274706867671692,0.04999197801906587,92.0,68
HAP1,61,0.05,0.5,GoCo-dense-learned (tie-level path),adapt_538.398_to_526.433_q0.2,0.3377566847278286,0.04906608413985926,0.21180004338125893,0.04878987712538407,64,103.0,597.0,263,0.8274706867671692,0.04999197801906587,92.0,60
HAP1,61,0.2,0.1,GoCo-learned (paper path),adapt_400_to_375_q0.5,0.001642848443335188,0.18805887006120686,0.38561907641744203,0.1746666078442105,102,166.0,3222.0,837,0.9484792054624457,0.17643672244394296,139.0,565
HAP1,61,0.2,0.1,GoCo-dense-learned (tie-level path),adapt_404.949_to_394.825_q0.3,0.01059238660221404,0.19058038066135108,0.3880022317296851,0.17731072388910157,91,150.0,2593.0,849,0.9421519475510991,0.17913724475445558,127.0,309
HAP1,61,0.2,0.5,GoCo-learned (paper path),adapt_400_to_375_q0.5,0.001642848443335188,0.18805887006120686,0.38561907641744203,0.1746666078442105,102,166.0,3222.0,837,0.9484792054624457,0.17643672244394296,139.0,565
HAP1,61,0.2,0.5,GoCo-dense-learned (tie-level path),adapt_404.949_to_394.825_q0.35,0.20749256508499392,0.19662787289392986,0.39271343797223357,0.184412366143873,93,152.0,2661.0,882,0.9428786170612552,0.18634985016945782,128.0,342
HAP1,62,0.05,0.1,GoCo-learned (paper path),adapt_550_to_525_q0.4,0.019287211262868413,0.04554883216057573,0.20426193394909184,0.04826778987620176,74,115.0,644.0,269,0.8214285714285714,0.050026387836051636,101.0,78
HAP1,62,0.05,0.1,GoCo-dense-learned (tie-level path),adapt_538.398_to_526.433_q0.35,0.012823393358529944,0.04521594267988332,0.20351968656297742,0.047195145991766024,74,114.0,636.0,264,0.8207547169811321,0.04895374395161589,100.0,62
HAP1,62,0.05,0.5,GoCo-learned (paper path),adapt_550_to_525_q0.4,0.019287211262868413,0.04554883216057573,0.20426193394909184,0.04826778987620176,74,115.0,644.0,269,0.8214285714285714,0.050026387836051636,101.0,78
HAP1,62,0.05,0.5,GoCo-dense-learned (tie-level path),adapt_538.398_to_526.433_q0.35,0.012823393358529944,0.04521594267988332,0.20351968656297742,0.047195145991766024,74,114.0,636.0,264,0.8207547169811321,0.04895374395161589,100.0,62
HAP1,62,0.2,0.1,GoCo-learned (paper path),adapt_400_to_375_q0.5,1.4785047398706983e-11,0.17382240544093538,0.37376949182993263,0.1844977581740431,114,197.0,3465.0,891,0.9431457431457432,0.18701345149445842,161.0,591
HAP1,62,0.2,0.1,GoCo-dense-learned (tie-level path),adapt_404.949_to_394.825_q0.4,0.0017773705119019198,0.18813795821730475,0.3862810850550336,0.20282763927923644,109,188.0,3009.0,976,0.9375207710202725,0.20568741449265282,155.0,400
HAP1,62,0.2,0.5,GoCo-learned (paper path),adapt_400_to_375_q0.6,0.42678162986189555,0.19923296913378935,0.3945055758276016,0.2141249219556676,117,200.0,3756.0,1027,0.946751863684771,0.21719543107723693,161.0,727
HAP1,62,0.2,0.5,GoCo-dense-learned (tie-level path),adapt_404.949_to_394.825_q0.5,0.345287521369224,0.19834656895853867,0.39430472647063214,0.21436780794323998,109,188.0,3081.0,1028,0.9389808503732554,0.21722758315665638,155.0,452
HAP1,63,0.05,0.1,GoCo-learned (paper path),adapt_550_to_525_q0.35,0.0005413953101871102,0.043163172252512594,0.1985968290308014,0.047589761737024734,63,104.0,591.0,252,0.8240270727580372,0.04900437388428571,89.0,60
HAP1,63,0.05,0.1,GoCo-dense-learned (tie-level path),adapt_538.398_to_526.433_q0.35,0.0005413953101871102,0.043163172252512594,0.1985968290308014,0.047589761737024734,63,104.0,591.0,252,0.8240270727580372,0.04900437388428571,89.0,52
HAP1,63,0.05,0.5,GoCo-learned (paper path),adapt_550_to_525_q0.35,0.0005413953101871102,0.043163172252512594,0.1985968290308014,0.047589761737024734,63,104.0,591.0,252,0.8240270727580372,0.04900437388428571,89.0,60
HAP1,63,0.05,0.5,GoCo-dense-learned (tie-level path),adapt_538.398_to_526.433_q0.35,0.0005413953101871102,0.043163172252512594,0.1985968290308014,0.047589761737024734,63,104.0,591.0,252,0.8240270727580372,0.04900437388428571,89.0,52
HAP1,63,0.2,0.1,GoCo-learned (paper path),adapt_400_to_375_q0.5,0.034116130034653504,0.1925248250305732,0.38916463577180826,0.19111948224884956,107,176.0,3333.0,914,0.9471947194719472,0.19334240020300303,144.0,614
HAP1,63,0.2,0.1,GoCo-dense-learned (tie-level path),adapt_404.949_to_394.825_q0.35,0.05521739246757611,0.19343714563682826,0.3903054704094498,0.1907700108082306,98,164.0,2727.0,911,0.9398606527319399,0.19304864651234585,134.0,348
HAP1,63,0.2,0.5,GoCo-learned (paper path),adapt_400_to_375_q0.5,0.034116130034653504,0.1925248250305732,0.38916463577180826,0.19111948224884956,107,176.0,3333.0,914,0.9471947194719472,0.19334240020300303,144.0,614
HAP1,63,0.2,0.5,GoCo-dense-learned (tie-level path),adapt_404.949_to_394.825_q0.4,0.14031588148936536,0.19554544568121354,0.3919522525275065,0.19232349505146185,98,164.0,2738.0,918,0.9401022644265887,0.19460213075557709,134.0,355
HAP1,64,0.05,0.1,GoCo-learned (paper path),adapt_550_to_525_q0.4,2.6174568323808953e-05,0.041655554381995745,0.19584029572279027,0.04691882689449981,69,106.0,592.0,260,0.8209459459459459,0.048470725939901364,92.0,42
HAP1,64,0.05,0.1,GoCo-dense-learned (tie-level path),adapt_538.398_to_526.433_q0.4,0.0001088972307766411,0.04231208641225901,0.19738733801786337,0.04802845849680784,69,106.0,600.0,265,0.8233333333333334,0.049580357542209394,92.0,43
HAP1,64,0.05,0.5,GoCo-learned (paper path),adapt_550_to_525_q0.5,0.1517763574071938,0.04773078740463223,0.20938038953533186,0.05801514291758014,71,108.0,705.0,310,0.8468085106382979,0.0595670419629817,94.0,104
HAP1,64,0.05,0.5,GoCo-dense-learned (tie-level path),adapt_538.398_to_526.433_q0.4,0.0001088972307766411,0.04231208641225901,0.19738733801786337,0.04802845849680784,69,106.0,600.0,265,0.8233333333333334,0.049580357542209394,92.0,43
HAP1,64,0.2,0.1,GoCo-learned (paper path),adapt_400_to_375_q0.5,8.192095528698191e-14,0.17111425585895976,0.37179887635372466,0.1725865113691547,118,195.0,3361.0,837,0.9419815531091937,0.17465097056036255,164.0,546
HAP1,64,0.2,0.1,GoCo-dense-learned (tie-level path),adapt_404.949_to_394.825_q0.5,0.03152684953257449,0.19236285253347316,0.3900373069653155,0.1941073198769286,112,183.0,2911.0,936,0.9371350051528684,0.1961176024672988,156.0,370
HAP1,64,0.2,0.5,GoCo-learned (paper path),adapt_400_to_375_q0.6,0.3121203845709083,0.19796734063481417,0.39392449763107096,0.19966152246547073,120,197.0,3638.0,960,0.945849367784497,0.20172598165667857,166.0,671
HAP1,64,0.2,0.5,GoCo-dense-learned (tie-level path),adapt_404.949_to_394.825_q0.5,0.03152684953257449,0.19236285253347316,0.3900373069653155,0.1941073198769286,112,183.0,2911.0,936,0.9371350051528684,0.1961176024672988,156.0,370
HAP1,65,0.05,0.1,GoCo-learned (paper path),adapt_550_to_525_q0.4,0.0020864263372510935,0.04394299669221831,0.20071301787954846,0.048223484669639646,73,118.0,626.0,267,0.8115015974440895,0.05008036428644982,102.0,61
HAP1,65,0.05,0.1,GoCo-dense-learned (tie-level path),adapt_538.398_to_526.433_q0.4,0.0020864263372510935,0.04394299669221831,0.20071301787954846,0.048223484669639646,73,118.0,626.0,267,0.8115015974440895,0.05008036428644982,102.0,54
HAP1,65,0.05,0.5,GoCo-learned (paper path),adapt_550_to_525_q0.4,0.0020864263372510935,0.04394299669221831,0.20071301787954846,0.048223484669639646,73,118.0,626.0,267,0.8115015974440895,0.05008036428644982,102.0,61
HAP1,65,0.05,0.5,GoCo-dense-learned (tie-level path),adapt_538.398_to_526.433_q0.4,0.0020864263372510935,0.04394299669221831,0.20071301787954846,0.048223484669639646,73,118.0,626.0,267,0.8115015974440895,0.05008036428644982,102.0,54
HAP1,65,0.2,0.1,GoCo-learned (paper path),adapt_400_to_375_q0.4,2.8381868023958314e-74,0.13539124957479692,0.3370971327025338,0.13791168866372353,114,198.0,2583.0,685,0.9233449477351916,0.13991092697374566,170.0,329
HAP1,65,0.2,0.1,GoCo-dense-learned (tie-level path),adapt_404.949_to_394.825_q0.4,0.09779429060286315,0.19466050246650254,0.39165352530853537,0.19338994226850406,115,196.0,2860.0,934,0.9314685314685315,0.19533753788278096,169.0,347
HAP1,65,0.2,0.5,GoCo-learned (paper path),adapt_400_to_375_q0.5,0.12318976450384272,0.19521783003099907,0.39163517615227894,0.19332104668027816,120,206.0,3541.0,932,0.9418243434058176,0.195363269198671,175.0,636
HAP1,65,0.2,0.5,GoCo-dense-learned (tie-level path),adapt_404.949_to_394.825_q0.4,0.09779429060286315,0.19466050246650254,0.39165352530853537,0.19338994226850406,115,196.0,2860.0,934,0.9314685314685315,0.19533753788278096,169.0,347
HAP1,66,0.05,0.1,GoCo-learned (paper path),adapt_550_to_525_q0.4,0.04171010446488881,0.04625140670215718,0.20555945359460576,0.043406930946795826,63,112.0,577.0,241,0.8058925476603119,0.04517212585507633,98.0,53
HAP1,66,0.05,0.1,GoCo-dense-learned (tie-level path),adapt_538.398_to_526.433_q0.4,0.04203150078385256,0.046258804245731644,0.20558057990963216,0.043406930946795826,63,112.0,578.0,241,0.8062283737024222,0.04517212585507633,98.0,47
HAP1,66,0.05,0.5,GoCo-learned (paper path),adapt_550_to_525_q0.4,0.04171010446488881,0.04625140670215718,0.20555945359460576,0.043406930946795826,63,112.0,577.0,241,0.8058925476603119,0.04517212585507633,98.0,53
HAP1,66,0.05,0.5,GoCo-dense-learned (tie-level path),adapt_538.398_to_526.433_q0.4,0.04203150078385256,0.046258804245731644,0.20558057990963216,0.043406930946795826,63,112.0,578.0,241,0.8062283737024222,0.04517212585507633,98.0,47
HAP1,66,0.2,0.1,GoCo-learned (paper path),adapt_400_to_375_q0.5,1.869979216028922e-16,0.16833017257203856,0.3690410402961347,0.16123599837845398,114,203.0,3189.0,785,0.9363436814048292,0.16384783178184278,168.0,527
HAP1,66,0.2,0.1,GoCo-dense-learned (tie-level path),adapt_404.949_to_394.825_q0.4,1.895091775247265e-05,0.18340707269877102,0.3823364829143631,0.18024140821924434,102,191.0,2773.0,871,0.9311215290299315,0.18259048871315695,163.0,333
HAP1,66,0.2,0.5,GoCo-learned (paper path),adapt_400_to_375_q0.6,0.20084777736503168,0.19653330913951966,0.3924392689046392,0.1943769955695919,116,205.0,3571.0,935,0.9425931111733408,0.1969888289729807,170.0,680
HAP1,66,0.2,0.5,GoCo-dense-learned (tie-level path),adapt_404.949_to_394.825_q0.5,0.11548282406280685,0.1950582045296193,0.3916370983709689,0.19296518392791442,104,193.0,2887.0,929,0.9331485971596813,0.19531426442182703,165.0,394
HAP1,67,0.05,0.1,GoCo-learned (paper path),adapt_550_to_525_q0.4,0.0124019418926515,0.04519699247701931,0.2031492351311265,0.0462139466379782,60,92.0,592.0,251,0.8445945945945946,0.04778962349870498,81.0,63
HAP1,67,0.05,0.1,GoCo-dense-learned (tie-level path),adapt_538.398_to_526.433_q0.35,0.0124019418926515,0.04519699247701931,0.2031492351311265,0.0462139466379782,60,92.0,592.0,251,0.8445945945945946,0.04778962349870498,81.0,59
HAP1,67,0.05,0.5,GoCo-learned (paper path),adapt_550_to_525_q0.4,0.0124019418926515,0.04519699247701931,0.2031492351311265,0.0462139466379782,60,92.0,592.0,251,0.8445945945945946,0.04778962349870498,81.0,63
HAP1,67,0.05,0.5,GoCo-dense-learned (tie-level path),adapt_538.398_to_526.433_q0.35,0.0124019418926515,0.04519699247701931,0.2031492351311265,0.0462139466379782,60,92.0,592.0,251,0.8445945945945946,0.04778962349870498,81.0,59
HAP1,67,0.2,0.1,GoCo-learned (paper path),adapt_400_to_375_q0.5,5.793777676957715e-17,0.16782156617454672,0.3686072788432012,0.15975045550679082,106,169.0,3148.0,775,0.9463151207115629,0.16161380796844146,144.0,516
HAP1,67,0.2,0.1,GoCo-dense-learned (tie-level path),adapt_404.949_to_394.825_q0.5,0.0407557673194265,0.19284414921635476,0.38996723554620905,0.18879355355945102,99,155.0,2875.0,906,0.9460869565217391,0.1908596779669966,131.0,375
HAP1,67,0.2,0.5,GoCo-learned (paper path),adapt_400_to_375_q0.6,0.27792557620502284,0.19755969311640204,0.39330422970896234,0.19252157549936402,107,170.0,3537.0,923,0.9519366694939214,0.19438492796101467,145.0,664
HAP1,67,0.2,0.5,GoCo-dense-learned (tie-level path),adapt_404.949_to_394.825_q0.6,0.32970875369441155,0.19817038090743333,0.3941041011060575,0.19656097477560724,99,155.0,2934.0,941,0.9471710974778459,0.19862709918315286,131.0,410
HAP1,68,0.05,0.1,GoCo-learned (paper path),adapt_550_to_525_q0.5,0.05125656618813343,0.046459946984774896,0.20582113881941252,0.041655650475635776,67,108.0,559.0,235,0.8067978533094812,0.04377469456809603,91.0,50
HAP1,68,0.05,0.1,GoCo-dense-learned (tie-level path),adapt_538.398_to_526.433_q0.4,0.023998443420295845,0.0457386864333538,0.20457870964825978,0.04076794518717543,65,104.0,538.0,229,0.8066914498141264,0.04288698927963568,87.0,34
HAP1,68,0.05,0.5,GoCo-learned (paper path),adapt_550_to_525_q0.5,0.05125656618813343,0.046459946984774896,0.20582113881941252,0.041655650475635776,67,108.0,559.0,235,0.8067978533094812,0.04377469456809603,91.0,50
HAP1,68,0.05,0.5,GoCo-dense-learned (tie-level path),adapt_538.398_to_526.433_q0.5,0.34699639403588334,0.04912306283031418,0.21159137128544786,0.044318766321175054,67,108.0,590.0,247,0.8169491525423729,0.04643781041363531,91.0,56
HAP1,68,0.2,0.1,GoCo-learned (paper path),adapt_400_to_375_q0.5,5.633838538530693e-21,0.16416514713831387,0.36487337047471785,0.16033122279791634,106,191.0,3146.0,777,0.9392879847425302,0.16238591465495503,161.0,504
HAP1,68,0.2,0.1,GoCo-dense-learned (tie-level path),adapt_404.949_to_394.825_q0.4,0.0008117967142799733,0.18721469028415122,0.38511106107847015,0.18311324850868976,98,179.0,2763.0,881,0.9352153456387984,0.1851099689226123,153.0,331
HAP1,68,0.2,0.5,GoCo-learned (paper path),adapt_400_to_375_q0.6,0.4072488700694397,0.19902607331302924,0.3940557334482813,0.19206668662392612,108,193.0,3493.0,921,0.9447466361294017,0.1941213784809648,163.0,648
HAP1,68,0.2,0.5,GoCo-dense-learned (tie-level path),adapt_404.949_to_394.825_q0.6,0.23271685087622213,0.1969794483844619,0.3928405842547835,0.19265608028853887,98,179.0,2842.0,924,0.9370161857846587,0.19465280070246138,153.0,374
HAP1,69,0.05,0.1,GoCo-learned (paper path),adapt_550_to_525_q0.35,0.0049094585360592476,0.04451258357199255,0.20174295895267172,0.04464312137839956,66,99.0,543.0,246,0.8176795580110497,0.04588960753352812,89.0,55
HAP1,69,0.05,0.1,GoCo-dense-learned (tie-level path),adapt_538.398_to_526.433_q0.3,0.002588966801040147,0.044087224790005486,0.200772177111079,0.04442119505793796,65,98.0,534.0,244,0.8164794007490637,0.04566768121306652,88.0,42
HAP1,69,0.05,0.5,GoCo-learned (paper path),adapt_550_to_525_q0.35,0.0049094585360592476,0.04451258357199255,0.20174295895267172,0.04464312137839956,66,99.0,543.0,246,0.8176795580110497,0.04588960753352812,89.0,55
HAP1,69,0.05,0.5,GoCo-dense-learned (tie-level path),adapt_538.398_to_526.433_q0.35,0.4615448761577181,0.04978333368295571,0.21305102443178847,0.05152283731270937,66,99.0,610.0,276,0.8377049180327869,0.052769323467837935,89.0,80
HAP1,69,0.2,0.1,GoCo-learned (paper path),adapt_400_to_375_q0.4,8.038521346375853e-76,0.13490455209236646,0.33604845390310123,0.1401561722787708,114,177.0,2606.0,688,0.93207981580967,0.14146440072068625,155.0,371
HAP1,69,0.2,0.1,GoCo-dense-learned (tie-level path),adapt_404.949_to_394.825_q0.5,0.030417548591345087,0.1923103892156351,0.38939018928351515,0.2022984586606489,110,172.0,2871.0,969,0.9400905607802159,0.20378589340767964,150.0,377
HAP1,69,0.2,0.5,GoCo-learned (paper path),adapt_400_to_375_q0.6,0.4068983990354219,0.19902214838321666,0.39412673398074016,0.20772692454004096,116,181.0,3606.0,993,0.9498058790904049,0.20917200753477697,158.0,702
HAP1,69,0.2,0.5,GoCo-dense-learned (tie-level path),adapt_404.949_to_394.825_q0.5,0.030417548591345087,0.1923103892156351,0.38939018928351515,0.2022984586606489,110,172.0,2871.0,969,0.9400905607802159,0.20378589340767964,150.0,377
HAP1,70,0.05,0.1,GoCo-learned (paper path),adapt_550_to_525_q0.35,0.008110241504584927,0.04487027161408677,0.2025748866989038,0.04081911950496584,58,85.0,526.0,228,0.8384030418250951,0.04263768240286941,71.0,46
HAP1,70,0.05,0.1,GoCo-dense-learned (tie-level path),adapt_538.398_to_526.433_q0.35,0.022990042811159322,0.04571552509487443,0.20381676583845418,0.041375952836041764,59,88.0,534.0,230,0.8352059925093633,0.043155062154987045,74.0,48
HAP1,70,0.05,0.5,GoCo-learned (paper path),adapt_550_to_525_q0.35,0.008110241504584927,0.04487027161408677,0.2025748866989038,0.04081911950496584,58,85.0,526.0,228,0.8384030418250951,0.04263768240286941,71.0,46
HAP1,70,0.05,0.5,GoCo-dense-learned (tie-level path),adapt_538.398_to_526.433_q0.35,0.022990042811159322,0.04571552509487443,0.20381676583845418,0.041375952836041764,59,88.0,534.0,230,0.8352059925093633,0.043155062154987045,74.0,48
HAP1,70,0.2,0.1,GoCo-learned (paper path),adapt_400_to_375_q0.5,2.7650677624220546e-11,0.1741786633568158,0.373900400981388,0.17497385870309815,107,169.0,3360.0,847,0.9497023809523809,0.1778786301123424,132.0,559
HAP1,70,0.2,0.1,GoCo-dense-learned (tie-level path),adapt_404.949_to_394.825_q0.4,0.03704771684224501,0.19267016281016233,0.38959889950089877,0.20045845572664323,100,155.0,2939.0,961,0.9472609731201089,0.20317644467168103,123.0,389
HAP1,70,0.2,0.5,GoCo-learned (paper path),adapt_400_to_375_q0.6,0.478338450199659,0.1997741656522591,0.394645868592039,0.20815184361210834,109,171.0,3683.0,998,0.9535704588650556,0.2110566150213526,134.0,710
HAP1,70,0.2,0.5,GoCo-dense-learned (tie-level path),adapt_404.949_to_394.825_q0.4,0.03704771684224501,0.19267016281016233,0.38959889950089877,0.20045845572664323,100,155.0,2939.0,961,0.9472609731201089,0.20317644467168103,123.0,389
HAP1,71,0.05,0.1,GoCo-learned (paper path),adapt_550_to_525_q0.3,0.015286610895181805,0.045356720179994,0.20382739101795844,0.040272021493380515,66,99.0,554.0,229,0.8212996389891697,0.042030619466458224,85.0,45
HAP1,71,0.05,0.1,GoCo-dense-learned (tie-level path),adapt_538.398_to_526.433_q0.225,0.014602308532618017,0.0453207412237757,0.20369907247361202,0.04023211959648598,67,101.0,556.0,229,0.8183453237410072,0.04199071756956369,87.0,39
HAP1,71,0.05,0.5,GoCo-learned (paper path),adapt_550_to_525_q0.35,0.13868124587645442,0.047613979877364196,0.20852088620883139,0.041933554731048164,67,101.0,579.0,235,0.8255613126079447,0.04358118953728115,87.0,65
HAP1,71,0.05,0.5,GoCo-dense-learned (tie-level path),adapt_538.398_to_526.433_q0.3,0.13868124587645442,0.047613979877364196,0.20852088620883139,0.041933554731048164,67,101.0,579.0,235,0.8255613126079447,0.04358118953728115,87.0,57
HAP1,71,0.2,0.1,GoCo-learned (paper path),adapt_400_to_375_q0.5,0.004947687105734545,0.18948753753861375,0.38688826846372015,0.18097731978018655,111,176.0,3323.0,872,0.9470358110141438,0.18298030088424577,151.0,612
HAP1,71,0.2,0.1,GoCo-dense-learned (tie-level path),adapt_404.949_to_394.825_q0.35,0.03722651534163154,0.19267630746073053,0.38975332970377446,0.18227514836902467,103,162.0,2742.0,878,0.9409190371991247,0.18430587028959725,140.0,339
HAP1,71,0.2,0.5,GoCo-learned (paper path),adapt_400_to_375_q0.5,0.004947687105734545,0.18948753753861375,0.38688826846372015,0.18097731978018655,111,176.0,3323.0,872,0.9470358110141438,0.18298030088424577,151.0,612
HAP1,71,0.2,0.5,GoCo-dense-learned (tie-level path),adapt_404.949_to_394.825_q0.4,0.41546317693452794,0.1991121707541171,0.3947429850204446,0.18715752741918001,103,162.0,2786.0,900,0.9418521177315147,0.1891882493397526,140.0,361
HAP1,72,0.05,0.1,GoCo-learned (paper path),adapt_550_to_525_q0.35,0.0025142058201289797,0.04407491956585733,0.20051172368843817,0.041340518278171895,71,113.0,577.0,240,0.804159445407279,0.042566493067591124,103.0,58
HAP1,72,0.05,0.1,GoCo-dense-learned (tie-level path),adapt_538.398_to_526.433_q0.35,0.0025142058201289797,0.04407491956585733,0.20051172368843817,0.041340518278171895,71,113.0,577.0,240,0.804159445407279,0.042566493067591124,103.0,52
HAP1,72,0.05,0.5,GoCo-learned (paper path),adapt_550_to_525_q0.35,0.0025142058201289797,0.04407491956585733,0.20051172368843817,0.041340518278171895,71,113.0,577.0,240,0.804159445407279,0.042566493067591124,103.0,58
HAP1,72,0.05,0.5,GoCo-dense-learned (tie-level path),adapt_538.398_to_526.433_q0.35,0.0025142058201289797,0.04407491956585733,0.20051172368843817,0.041340518278171895,71,113.0,577.0,240,0.804159445407279,0.042566493067591124,103.0,52
HAP1,72,0.2,0.1,GoCo-learned (paper path),adapt_400_to_375_q0.5,1.820712938230987e-64,0.13928354956801606,0.3408081841852084,0.14950039989740332,111,188.0,2805.0,731,0.9329768270944742,0.1513895941703943,161.0,427
HAP1,72,0.2,0.1,GoCo-dense-learned (tie-level path),adapt_404.949_to_394.825_q0.4,0.0006691763504465806,0.18697887354832568,0.38536776068145645,0.1914914634940204,107,176.0,2767.0,921,0.936393205637875,0.19332333235834845,152.0,333
HAP1,72,0.2,0.5,GoCo-learned (paper path),adapt_400_to_375_q0.6,0.22089614641275934,0.1968179481476876,0.3927312025400174,0.20248530890761193,114,191.0,3576.0,971,0.9465883668903803,0.2043745031806029,164.0,678
HAP1,72,0.2,0.5,GoCo-dense-learned (tie-level path),adapt_404.949_to_394.825_q0.5,0.283989722883128,0.1976313369304828,0.3937813202416643,0.2043631900807936,107,176.0,2862.0,979,0.9385045422781272,0.20619505894512163,152.0,391
HAP1,73,0.05,0.1,GoCo-learned (paper path),adapt_550_to_525_q0.4,0.01412979421297504,0.04530235945093754,0.20329200844163808,0.040161266499659884,57,84.0,510.0,223,0.8352941176470589,0.04152364751734947,72.0,37
HAP1,73,0.05,0.1,GoCo-dense-learned (tie-level path),adapt_538.398_to_526.433_q0.4,0.01412979421297504,0.04530235945093754,0.20329200844163808,0.040161266499659884,57,84.0,510.0,223,0.8352941176470589,0.04152364751734947,72.0,36
HAP1,73,0.05,0.5,GoCo-learned (paper path),adapt_550_to_525_q0.4,0.01412979421297504,0.04530235945093754,0.20329200844163808,0.040161266499659884,57,84.0,510.0,223,0.8352941176470589,0.04152364751734947,72.0,37
HAP1,73,0.05,0.5,GoCo-dense-learned (tie-level path),adapt_538.398_to_526.433_q0.4,0.01412979421297504,0.04530235945093754,0.20329200844163808,0.040161266499659884,57,84.0,510.0,223,0.8352941176470589,0.04152364751734947,72.0,36
HAP1,73,0.2,0.1,GoCo-learned (paper path),adapt_400_to_375_q0.6,0.0005333830567717462,0.18675004194676215,0.38439000464968914,0.1820397960295743,98,169.0,3362.0,870,0.9497323022010707,0.18417550860856619,137.0,600
HAP1,73,0.2,0.1,GoCo-dense-learned (tie-level path),adapt_404.949_to_394.825_q0.5,0.054296327721366174,0.19340599830441352,0.390127104442156,0.1865820641643039,89,153.0,2746.0,889,0.9442825928623453,0.18856559870404982,126.0,345
HAP1,73,0.2,0.5,GoCo-learned (paper path),adapt_400_to_375_q0.6,0.0005333830567717462,0.18675004194676215,0.38439000464968914,0.1820397960295743,98,169.0,3362.0,870,0.9497323022010707,0.18417550860856619,137.0,600
HAP1,73,0.2,0.5,GoCo-dense-learned (tie-level path),adapt_404.949_to_394.825_q0.5,0.054296327721366174,0.19340599830441352,0.390127104442156,0.1865820641643039,89,153.0,2746.0,889,0.9442825928623453,0.18856559870404982,126.0,345
HAP1,74,0.05,0.1,GoCo-learned (paper path),adapt_550_to_525_q0.3,0.06297026338569728,0.046669900324733005,0.20658034392067418,0.039742864896549525,48,75.0,489.0,218,0.8466257668711656,0.04159621387733336,63.0,29
HAP1,74,0.05,0.1,GoCo-dense-learned (tie-level path),adapt_538.398_to_526.433_q0.3,0.05735627091314064,0.04657306377286124,0.20624602390443872,0.039701033560530216,48,77.0,491.0,218,0.8431771894093686,0.04155130022983788,65.0,28
HAP1,74,0.05,0.5,GoCo-learned (paper path),adapt_550_to_525_q0.35,0.3207853643420559,0.04896801865886594,0.2104549873871336,0.04273402661124812,48,77.0,545.0,230,0.8587155963302753,0.044584293280555784,65.0,62
HAP1,74,0.05,0.5,GoCo-dense-learned (tie-level path),adapt_538.398_to_526.433_q0.35,0.3207853643420559,0.04896801865886594,0.2104549873871336,0.04273402661124812,48,77.0,545.0,230,0.8587155963302753,0.044584293280555784,65.0,59
HAP1,74,0.2,0.1,GoCo-learned (paper path),adapt_400_to_375_q0.4,2.7106102147622993e-27,0.15921673633049077,0.3598756810734409,0.15002569931576212,97,152.0,2959.0,729,0.9486312943562014,0.1528824803084995,120.0,465
HAP1,74,0.2,0.1,GoCo-dense-learned (tie-level path),adapt_404.949_to_394.825_q0.275,0.03725148744088218,0.19268757992130991,0.3892204551037652,0.18331169314877593,88,141.0,2720.0,879,0.9481617647058823,0.18609959852732502,112.0,338
HAP1,74,0.2,0.5,GoCo-learned (paper path),adapt_400_to_375_q0.4,2.7106102147622993e-27,0.15921673633049077,0.3598756810734409,0.15002569931576212,97,152.0,2959.0,729,0.9486312943562014,0.1528824803084995,120.0,465
HAP1,74,0.2,0.5,GoCo-dense-learned (tie-level path),adapt_404.949_to_394.825_q0.35,0.2786178991021467,0.19756995897146526,0.3930261524240876,0.18996948276262415,88,141.0,2777.0,909,0.9492257832193014,0.19275738814117324,112.0,368
HAP1,75,0.05,0.1,GoCo-learned (paper path),adapt_550_to_525_q0.4,0.026630916446142124,0.045826087944305476,0.20500704160497485,0.05084913243492921,68,103.0,641.0,275,0.8393135725429017,0.052458098238434094,89.0,76
HAP1,75,0.05,0.1,GoCo-dense-learned (tie-level path),adapt_538.398_to_526.433_q0.4,0.09719852509428734,0.04715764586707512,0.20793179603646064,0.05240261667816045,68,103.0,655.0,282,0.8427480916030534,0.05401158248166534,89.0,77
HAP1,75,0.05,0.5,GoCo-learned (paper path),adapt_550_to_525_q0.4,0.026630916446142124,0.045826087944305476,0.20500704160497485,0.05084913243492921,68,103.0,641.0,275,0.8393135725429017,0.052458098238434094,89.0,76
HAP1,75,0.05,0.5,GoCo-dense-learned (tie-level path),adapt_538.398_to_526.433_q0.4,0.09719852509428734,0.04715764586707512,0.20793179603646064,0.05240261667816045,68,103.0,655.0,282,0.8427480916030534,0.05401158248166534,89.0,77
HAP1,75,0.2,0.1,GoCo-learned (paper path),adapt_400_to_375_q0.6,2.3825887368358846e-11,0.174057966887726,0.37438163953282944,0.17948462329623013,117,192.0,3346.0,867,0.9426180514046623,0.18217609885582328,156.0,575
HAP1,75,0.2,0.1,GoCo-dense-learned (tie-level path),adapt_404.949_to_394.825_q0.6,0.05065374543073676,0.1932568945473451,0.39067125051318136,0.19683120129534895,109,177.0,2887.0,946,0.9386906823692415,0.19938926242665614,146.0,381
HAP1,75,0.2,0.5,GoCo-learned (paper path),adapt_400_to_375_q0.6,2.3825887368358846e-11,0.174057966887726,0.37438163953282944,0.17948462329623013,117,192.0,3346.0,867,0.9426180514046623,0.18217609885582328,156.0,575
HAP1,75,0.2,0.5,GoCo-dense-learned (tie-level path),adapt_404.949_to_394.825_q0.6,0.05065374543073676,0.1932568945473451,0.39067125051318136,0.19683120129534895,109,177.0,2887.0,946,0.9386906823692415,0.19938926242665614,146.0,381
HAP1,76,0.05,0.1,GoCo-learned (paper path),adapt_550_to_525_q0.4,0.09540615420414256,0.04712468516321326,0.20865487459537732,0.0429855911759763,76,125.0,577.0,245,0.7833622183708839,0.044922963115463135,108.0,57
HAP1,76,0.05,0.1,GoCo-dense-learned (tie-level path),adapt_538.398_to_526.433_q0.35,0.04694990128569333,0.04634794304159764,0.20696066944794556,0.041210180612283445,76,125.0,567.0,237,0.7795414462081128,0.04314755255177028,108.0,44
HAP1,76,0.05,0.5,GoCo-learned (paper path),adapt_550_to_525_q0.4,0.09540615420414256,0.04712468516321326,0.20865487459537732,0.0429855911759763,76,125.0,577.0,245,0.7833622183708839,0.044922963115463135,108.0,57
HAP1,76,0.05,0.5,GoCo-dense-learned (tie-level path),adapt_538.398_to_526.433_q0.4,0.3382364065209797,0.04906654046725232,0.21236227778104858,0.044095222778284336,76,125.0,586.0,249,0.7866894197952219,0.04603259471777117,108.0,59
HAP1,76,0.2,0.1,GoCo-learned (paper path),adapt_400_to_375_q0.6,0.005931199695911762,0.18973049651740448,0.38744753808682986,0.19010422388699338,117,206.0,3467.0,916,0.9405826362849726,0.1926876559913079,173.0,637
HAP1,76,0.2,0.1,GoCo-dense-learned (tie-level path),adapt_404.949_to_394.825_q0.5,0.06795757826711393,0.1938541701755495,0.39125695035804375,0.19406628915920185,111,196.0,2848.0,933,0.9311797752808989,0.19652379491675234,166.0,370
HAP1,76,0.2,0.5,GoCo-learned (paper path),adapt_400_to_375_q0.6,0.005931199695911762,0.18973049651740448,0.38744753808682986,0.19010422388699338,117,206.0,3467.0,916,0.9405826362849726,0.1926876559913079,173.0,637
HAP1,76,0.2,0.5,GoCo-dense-learned (tie-level path),adapt_404.949_to_394.825_q0.5,0.06795757826711393,0.1938541701755495,0.39125695035804375,0.19406628915920185,111,196.0,2848.0,933,0.9311797752808989,0.19652379491675234,166.0,370
HAP1,77,0.05,0.1,GoCo-learned (paper path),adapt_550_to_525_q0.5,0.00043226516448386916,0.04303070497721817,0.19860518544124314,0.042630012689883374,58,102.0,515.0,235,0.8019417475728156,0.043855186870930936,89.0,40
HAP1,77,0.05,0.1,GoCo-dense-learned (tie-level path),adapt_538.398_to_526.433_q0.5,0.00043226516448386916,0.04303070497721817,0.19860518544124314,0.042630012689883374,58,102.0,515.0,235,0.8019417475728156,0.043855186870930936,89.0,35
HAP1,77,0.05,0.5,GoCo-learned (paper path),adapt_550_to_525_q0.5,0.00043226516448386916,0.04303070497721817,0.19860518544124314,0.042630012689883374,58,102.0,515.0,235,0.8019417475728156,0.043855186870930936,89.0,40
HAP1,77,0.05,0.5,GoCo-dense-learned (tie-level path),adapt_538.398_to_526.433_q0.5,0.00043226516448386916,0.04303070497721817,0.19860518544124314,0.042630012689883374,58,102.0,515.0,235,0.8019417475728156,0.043855186870930936,89.0,35
HAP1,77,0.2,0.1,GoCo-learned (paper path),adapt_400_to_375_q0.5,4.8201595405050345e-08,0.1787582425705682,0.3780931435831893,0.17868382893122411,108,197.0,3266.0,861,0.9396815676668708,0.18086387475649093,164.0,578
HAP1,77,0.2,0.1,GoCo-dense-learned (tie-level path),adapt_404.949_to_394.825_q0.4,0.06447846499218816,0.19374973989966918,0.3908154138784842,0.19603240263432967,100,187.0,2813.0,939,0.933522929257021,0.19841265849044892,156.0,399
HAP1,77,0.2,0.5,GoCo-learned (paper path),adapt_400_to_375_q0.5,4.8201595405050345e-08,0.1787582425705682,0.3780931435831893,0.17868382893122411,108,197.0,3266.0,861,0.9396815676668708,0.18086387475649093,164.0,578
HAP1,77,0.2,0.5,GoCo-dense-learned (tie-level path),adapt_404.949_to_394.825_q0.5,0.3026707741085165,0.1978553768282089,0.39399814241301645,0.20180248696633143,100,187.0,2843.0,965,0.9342244108336265,0.2041827428224507,156.0,425
HAP1,78,0.05,0.1,GoCo-learned (paper path),adapt_550_to_525_q0.4,0.0403362278523454,0.04621886231478087,0.20548990940883569,0.04631760831520497,70,114.0,601.0,261,0.8103161397670549,0.04812754073568413,98.0,65
HAP1,78,0.05,0.1,GoCo-dense-learned (tie-level path),adapt_538.398_to_526.433_q0.4,0.0403362278523454,0.04621886231478087,0.20548990940883569,0.04631760831520497,70,114.0,601.0,261,0.8103161397670549,0.04812754073568413,98.0,58
HAP1,78,0.05,0.5,GoCo-learned (paper path),adapt_550_to_525_q0.4,0.0403362278523454,0.04621886231478087,0.20548990940883569,0.04631760831520497,70,114.0,601.0,261,0.8103161397670549,0.04812754073568413,98.0,65
HAP1,78,0.05,0.5,GoCo-dense-learned (tie-level path),adapt_538.398_to_526.433_q0.4,0.0403362278523454,0.04621886231478087,0.20548990940883569,0.04631760831520497,70,114.0,601.0,261,0.8103161397670549,0.04812754073568413,98.0,58
HAP1,78,0.2,0.1,GoCo-learned (paper path),adapt_400_to_375_q0.6,0.005431744494446363,0.18961336074625976,0.3871208288322093,0.19074941137817983,110,193.0,3361.0,919,0.9425766141029456,0.19316728744462391,161.0,604
HAP1,78,0.2,0.1,GoCo-dense-learned (tie-level path),adapt_404.949_to_394.825_q0.5,0.0005276451324237973,0.18671206958985467,0.3851318815797368,0.1862948889593204,102,181.0,2736.0,898,0.9338450292397661,0.1886888911167992,151.0,318
HAP1,78,0.2,0.5,GoCo-learned (paper path),adapt_400_to_375_q0.6,0.005431744494446363,0.18961336074625976,0.3871208288322093,0.19074941137817983,110,193.0,3361.0,919,0.9425766141029456,0.19316728744462391,161.0,604
HAP1,78,0.2,0.5,GoCo-dense-learned (tie-level path),adapt_404.949_to_394.825_q0.6,0.17208200462675938,0.19608845662935756,0.39253780272202693,0.1929526785731686,102,181.0,2790.0,928,0.9351254480286738,0.19534668073064743,151.0,348
HAP1,79,0.05,0.1,GoCo-learned (paper path),adapt_550_to_525_q0.275,0.0027333503298023185,0.044129056129331753,0.20061371901859276,0.04532140572098589,59,109.0,559.0,247,0.8050089445438283,0.04657898819478311,100.0,59
HAP1,79,0.05,0.1,GoCo-dense-learned (tie-level path),adapt_538.398_to_526.433_q0.2,0.0027333503298023185,0.044129056129331753,0.20061371901859276,0.04532140572098589,59,109.0,559.0,247,0.8050089445438283,0.04657898819478311,100.0,53
HAP1,79,0.05,0.5,GoCo-learned (paper path),adapt_550_to_525_q0.3,0.36558769114271195,0.04923336149994871,0.21183394284053947,0.050647637412064454,59,109.0,616.0,271,0.823051948051948,0.051905219885861664,100.0,83
HAP1,79,0.05,0.5,GoCo-dense-learned (tie-level path),adapt_538.398_to_526.433_q0.25,0.4623948470897085,0.04978817730110273,0.21301055472943475,0.050647637412064454,59,109.0,616.0,271,0.823051948051948,0.051905219885861664,100.0,77
HAP1,79,0.2,0.1,GoCo-learned (paper path),adapt_400_to_375_q0.6,0.005481723476375049,0.18962826498623325,0.3870512727584103,0.18510739901795473,95,171.0,3393.0,881,0.9496021220159151,0.1868401055587592,149.0,603
HAP1,79,0.2,0.1,GoCo-dense-learned (tie-level path),adapt_404.949_to_394.825_q0.4,0.0001657070367342884,0.18548243605609052,0.3839547269645608,0.1817354639298483,83,152.0,2691.0,863,0.9435154217762913,0.1832371653614444,135.0,314
HAP1,79,0.2,0.5,GoCo-learned (paper path),adapt_400_to_375_q0.6,0.005481723476375049,0.18962826498623325,0.3870512727584103,0.18510739901795473,95,171.0,3393.0,881,0.9496021220159151,0.1868401055587592,149.0,603
HAP1,79,0.2,0.5,GoCo-dense-learned (tie-level path),adapt_404.949_to_394.825_q0.5,0.2749634498317073,0.19752193894113268,0.39347402986175845,0.19427430103592908,84,153.0,2793.0,920,0.9452201933404941,0.1957760024675252,136.0,371
HAP1,80,0.05,0.1,GoCo-learned (paper path),adapt_550_to_525_q0.4,0.004786241299890541,0.04448394209834347,0.202110310502956,0.04332098651212742,59,97.0,552.0,238,0.8242753623188406,0.04491454077809322,82.0,38
HAP1,80,0.05,0.1,GoCo-dense-learned (tie-level path),adapt_538.398_to_526.433_q0.4,0.015647592816940514,0.04537133914838089,0.20406175106167218,0.043709077380839,61,100.0,560.0,240,0.8214285714285714,0.04529954933532862,85.0,38
HAP1,80,0.05,0.5,GoCo-learned (paper path),adapt_550_to_525_q0.4,0.004786241299890541,0.04448394209834347,0.202110310502956,0.04332098651212742,59,97.0,552.0,238,0.8242753623188406,0.04491454077809322,82.0,38
HAP1,80,0.05,0.5,GoCo-dense-learned (tie-level path),adapt_538.398_to_526.433_q0.4,0.015647592816940514,0.04537133914838089,0.20406175106167218,0.043709077380839,61,100.0,560.0,240,0.8214285714285714,0.04529954933532862,85.0,38
HAP1,80,0.2,0.1,GoCo-learned (paper path),adapt_400_to_375_q0.6,0.02235058082743999,0.19177805136308848,0.3888117472016764,0.18749436945437434,104,177.0,3438.0,898,0.9485165794066318,0.18952642035613948,148.0,606
HAP1,80,0.2,0.1,GoCo-dense-learned (tie-level path),adapt_404.949_to_394.825_q0.5,0.09788497028860443,0.19466488577071636,0.39149082298005894,0.19461101739011338,98,165.0,2881.0,930,0.9427282193682749,0.19664710333188057,138.0,378
HAP1,80,0.2,0.5,GoCo-learned (paper path),adapt_400_to_375_q0.6,0.02235058082743999,0.19177805136308848,0.3888117472016764,0.18749436945437434,104,177.0,3438.0,898,0.9485165794066318,0.18952642035613948,148.0,606
HAP1,80,0.2,0.5,GoCo-dense-learned (tie-level path),adapt_404.949_to_394.825_q0.5,0.09788497028860443,0.19466488577071636,0.39149082298005894,0.19461101739011338,98,165.0,2881.0,930,0.9427282193682749,0.19664710333188057,138.0,378
HAP1,81,0.05,0.1,GoCo-learned (paper path),adapt_550_to_525_q0.4,0.05341271317516967,0.04649908833050273,0.2060903426973076,0.04402489806089304,65,109.0,575.0,244,0.8104347826086956,0.04545878865985515,94.0,52
HAP1,81,0.05,0.1,GoCo-dense-learned (tie-level path),adapt_538.398_to_526.433_q0.4,0.05341271317516967,0.04649908833050273,0.2060903426973076,0.04402489806089304,65,109.0,575.0,244,0.8104347826086956,0.04545878865985515,94.0,43
HAP1,81,0.05,0.5,GoCo-learned (paper path),adapt_550_to_525_q0.4,0.05341271317516967,0.04649908833050273,0.2060903426973076,0.04402489806089304,65,109.0,575.0,244,0.8104347826086956,0.04545878865985515,94.0,52
HAP1,81,0.05,0.5,GoCo-dense-learned (tie-level path),adapt_538.398_to_526.433_q0.4,0.05341271317516967,0.04649908833050273,0.2060903426973076,0.04402489806089304,65,109.0,575.0,244,0.8104347826086956,0.04545878865985515,94.0,43
HAP1,81,0.2,0.1,GoCo-learned (paper path),adapt_400_to_375_q0.6,0.011056834714729293,0.19065377956832508,0.38771519216452643,0.1910039301229169,118,215.0,3541.0,924,0.9392826885060718,0.19390907536082622,176.0,633
HAP1,81,0.2,0.1,GoCo-dense-learned (tie-level path),adapt_404.949_to_394.825_q0.5,0.0865331167963635,0.19438714962626266,0.39109648566490646,0.19519367004189553,108,198.0,2901.0,942,0.9317476732161324,0.19812319355306232,164.0,371
HAP1,81,0.2,0.5,GoCo-learned (paper path),adapt_400_to_375_q0.6,0.011056834714729293,0.19065377956832508,0.38771519216452643,0.1910039301229169,118,215.0,3541.0,924,0.9392826885060718,0.19390907536082622,176.0,633
HAP1,81,0.2,0.5,GoCo-dense-learned (tie-level path),adapt_404.949_to_394.825_q0.5,0.0865331167963635,0.19438714962626266,0.39109648566490646,0.19519367004189553,108,198.0,2901.0,942,0.9317476732161324,0.19812319355306232,164.0,371
HAP1,82,0.05,0.1,GoCo-learned (paper path),adapt_550_to_525_q0.4,0.0057034391408561135,0.0445944929335893,0.20282888963521503,0.0420852364154588,65,110.0,577.0,234,0.8093587521663779,0.04264093286664127,101.0,50
HAP1,82,0.05,0.1,GoCo-dense-learned (tie-level path),adapt_538.398_to_526.433_q0.4,0.03010165741933645,0.045926050856358945,0.2057925728644427,0.04341679433822843,65,110.0,583.0,240,0.8113207547169812,0.043972490789410915,101.0,46
HAP1,82,0.05,0.5,GoCo-learned (paper path),adapt_550_to_525_q0.4,0.0057034391408561135,0.0445944929335893,0.20282888963521503,0.0420852364154588,65,110.0,577.0,234,0.8093587521663779,0.04264093286664127,101.0,50
HAP1,82,0.05,0.5,GoCo-dense-learned (tie-level path),adapt_538.398_to_526.433_q0.4,0.03010165741933645,0.045926050856358945,0.2057925728644427,0.04341679433822843,65,110.0,583.0,240,0.8113207547169812,0.043972490789410915,101.0,46
HAP1,82,0.2,0.1,GoCo-learned (paper path),adapt_400_to_375_q0.6,0.0698028866934456,0.19392116118968195,0.39063763354787445,0.18360059589636998,110,201.0,3398.0,882,0.940847557386698,0.1847813072545339,177.0,604
HAP1,82,0.2,0.1,GoCo-dense-learned (tie-level path),adapt_404.949_to_394.825_q0.4,0.0021500700729126564,0.1883669418232789,0.3867751794922807,0.17722305014590609,104,188.0,2672.0,853,0.9296407185628742,0.1783976024235824,167.0,295
HAP1,82,0.2,0.5,GoCo-learned (paper path),adapt_400_to_375_q0.6,0.0698028866934456,0.19392116118968195,0.39063763354787445,0.18360059589636998,110,201.0,3398.0,882,0.940847557386698,0.1847813072545339,177.0,604
HAP1,82,0.2,0.5,GoCo-dense-learned (tie-level path),adapt_404.949_to_394.825_q0.5,0.46988696186649653,0.19968518416682085,0.3955574954805305,0.19342367153960338,104,188.0,2817.0,926,0.9332623358182464,0.1945982238172797,167.0,368
HAP1,83,0.05,0.1,GoCo-learned (paper path),adapt_550_to_525_q0.4,0.0033471420971192645,0.04425666377087249,0.2010648360169079,0.04653002349498586,57,90.0,619.0,251,0.8546042003231018,0.04768034157703254,81.0,62
HAP1,83,0.05,0.1,GoCo-dense-learned (tie-level path),adapt_538.398_to_526.433_q0.35,0.0033471420971192645,0.04425666377087249,0.2010648360169079,0.04653002349498586,57,90.0,619.0,251,0.8546042003231018,0.04768034157703254,81.0,57
HAP1,83,0.05,0.5,GoCo-learned (paper path),adapt_550_to_525_q0.4,0.0033471420971192645,0.04425666377087249,0.2010648360169079,0.04653002349498586,57,90.0,619.0,251,0.8546042003231018,0.04768034157703254,81.0,62
HAP1,83,0.05,0.5,GoCo-dense-learned (tie-level path),adapt_538.398_to_526.433_q0.4,0.4948996965912247,0.049971266522758864,0.2133541034863374,0.04974795514167916,57,90.0,649.0,265,0.8613251155624037,0.05089827322372584,81.0,73
HAP1,83,0.2,0.1,GoCo-learned (paper path),adapt_400_to_375_q0.5,2.3879548562455463e-09,0.17679134863306828,0.3763124631373184,0.17284493274322044,102,167.0,3306.0,832,0.9494857834240774,0.17562526687682073,137.0,556
HAP1,83,0.2,0.1,GoCo-dense-learned (tie-level path),adapt_404.949_to_394.825_q0.4,0.0013149630850559596,0.18777497817794853,0.3858208137015766,0.18412958619610975,95,156.0,2773.0,883,0.9437432383699964,0.18689882956012005,129.0,320
HAP1,83,0.2,0.5,GoCo-learned (paper path),adapt_400_to_375_q0.6,0.3102657293556298,0.19794832451927943,0.3933949002094004,0.19625815955191997,103,168.0,3532.0,938,0.9524348810872028,0.19914945684575103,137.0,662
HAP1,83,0.2,0.5,GoCo-dense-learned (tie-level path),adapt_404.949_to_394.825_q0.5,0.13421578291875708,0.19543143623387396,0.39189303961995353,0.19256278637365082,95,156.0,2845.0,921,0.9451669595782074,0.19533202973766112,129.0,358
HAP1,84,0.05,0.1,GoCo-learned (paper path),adapt_550_to_525_q0.4,0.00678837623624074,0.04472821715787628,0.20275673021210774,0.04555080965974836,71,113.0,616.0,257,0.8165584415584416,0.046845379851417866,104.0,61
HAP1,84,0.05,0.1,GoCo-dense-learned (tie-level path),adapt_538.398_to_526.433_q0.4,0.00678837623624074,0.04472821715787628,0.20275673021210774,0.04555080965974836,71,113.0,616.0,257,0.8165584415584416,0.046845379851417866,104.0,55
HAP1,84,0.05,0.5,GoCo-learned (paper path),adapt_550_to_525_q0.4,0.00678837623624074,0.04472821715787628,0.20275673021210774,0.04555080965974836,71,113.0,616.0,257,0.8165584415584416,0.046845379851417866,104.0,61
HAP1,84,0.05,0.5,GoCo-dense-learned (tie-level path),adapt_538.398_to_526.433_q0.4,0.00678837623624074,0.04472821715787628,0.20275673021210774,0.04555080965974836,71,113.0,616.0,257,0.8165584415584416,0.046845379851417866,104.0,55
HAP1,84,0.2,0.1,GoCo-learned (paper path),adapt_400_to_375_q0.6,0.0006578215297593385,0.18695995723353298,0.38533665183866483,0.1949550312556429,126,208.0,3591.0,944,0.9420774157616263,0.19745466856495095,177.0,637
HAP1,84,0.2,0.1,GoCo-dense-learned (tie-level path),adapt_404.949_to_394.825_q0.5,0.0001048304379033097,0.18500176782455646,0.3840771261500059,0.19370701188809386,116,195.0,2926.0,939,0.9333561175666438,0.19609978111172272,169.0,348
HAP1,84,0.2,0.5,GoCo-learned (paper path),adapt_400_to_375_q0.6,0.0006578215297593385,0.18695995723353298,0.38533665183866483,0.1949550312556429,126,208.0,3591.0,944,0.9420774157616263,0.19745466856495095,177.0,637
HAP1,84,0.2,0.5,GoCo-dense-learned (tie-level path),adapt_404.949_to_394.825_q0.6,0.4086675081998996,0.1990386075937531,0.39513747556532464,0.2080212595578675,118,197.0,3028.0,1005,0.9349405548216645,0.21063595510195796,170.0,414
HAP1,85,0.05,0.1,GoCo-learned (paper path),adapt_550_to_525_q0.5,0.004043039546200043,0.04437042101787769,0.20178739391802406,0.053408730700711275,75,125.0,691.0,289,0.8191027496382055,0.05485786472460031,108.0,73
HAP1,85,0.05,0.1,GoCo-dense-learned (tie-level path),adapt_538.398_to_526.433_q0.5,0.004043039546200043,0.04437042101787769,0.20178739391802406,0.053408730700711275,75,125.0,691.0,289,0.8191027496382055,0.05485786472460031,108.0,66
HAP1,85,0.05,0.5,GoCo-learned (paper path),adapt_550_to_525_q0.5,0.004043039546200043,0.04437042101787769,0.20178739391802406,0.053408730700711275,75,125.0,691.0,289,0.8191027496382055,0.05485786472460031,108.0,73
HAP1,85,0.05,0.5,GoCo-dense-learned (tie-level path),adapt_538.398_to_526.433_q0.5,0.004043039546200043,0.04437042101787769,0.20178739391802406,0.053408730700711275,75,125.0,691.0,289,0.8191027496382055,0.05485786472460031,108.0,66
HAP1,85,0.2,0.1,GoCo-learned (paper path),adapt_400_to_375_q0.5,1.422262812591352e-07,0.17949132211059926,0.3792603668529101,0.1854523030443293,125,212.0,3501.0,891,0.9394458726078263,0.18734804376516667,180.0,582
HAP1,85,0.2,0.1,GoCo-dense-learned (tie-level path),adapt_404.949_to_394.825_q0.35,0.0003188427883296775,0.1861428990414473,0.38519882817121637,0.18988103253532926,116,199.0,2898.0,910,0.9313319530710835,0.19161156144305647,171.0,327
HAP1,85,0.2,0.5,GoCo-learned (paper path),adapt_400_to_375_q0.5,1.422262812591352e-07,0.17949132211059926,0.3792603668529101,0.1854523030443293,125,212.0,3501.0,891,0.9394458726078263,0.18734804376516667,180.0,582
HAP1,85,0.2,0.5,GoCo-dense-learned (tie-level path),adapt_404.949_to_394.825_q0.4,0.20415479796429498,0.1965734361031428,0.3933970714026942,0.2011992748788712,116,199.0,3001.0,961,0.9336887704098634,0.20292980378659842,171.0,379
HAP1,86,0.05,0.1,GoCo-learned (paper path),adapt_550_to_525_q0.4,0.04739796447883417,0.0463824248973973,0.20556509763845005,0.04370139160925581,51,74.0,502.0,232,0.852589641434263,0.044498308851514665,66.0,43
HAP1,86,0.05,0.1,GoCo-dense-learned (tie-level path),adapt_538.398_to_526.433_q0.4,0.06533010528230067,0.04671531437808971,0.20629810369879034,0.044145244250179023,51,74.0,513.0,234,0.8557504873294347,0.044942161492437877,66.0,45
HAP1,86,0.05,0.5,GoCo-learned (paper path),adapt_550_to_525_q0.4,0.04739796447883417,0.0463824248973973,0.20556509763845005,0.04370139160925581,51,74.0,502.0,232,0.852589641434263,0.044498308851514665,66.0,43
HAP1,86,0.05,0.5,GoCo-dense-learned (tie-level path),adapt_538.398_to_526.433_q0.4,0.06533010528230067,0.04671531437808971,0.20629810369879034,0.044145244250179023,51,74.0,513.0,234,0.8557504873294347,0.044942161492437877,66.0,45
HAP1,86,0.2,0.1,GoCo-learned (paper path),adapt_400_to_375_q0.5,2.929347493506433e-13,0.17177702256846683,0.3719254872662608,0.16829485101629457,109,174.0,3163.0,814,0.9449889345558015,0.17042444297804918,144.0,549
HAP1,86,0.2,0.1,GoCo-dense-learned (tie-level path),adapt_404.949_to_394.825_q0.4,0.0017526626748807486,0.18812717414674787,0.38605409247803346,0.18335272395248367,99,157.0,2719.0,881,0.9422581831555719,0.18561949473431627,130.0,348
HAP1,86,0.2,0.5,GoCo-learned (paper path),adapt_400_to_375_q0.5,2.929347493506433e-13,0.17177702256846683,0.3719254872662608,0.16829485101629457,109,174.0,3163.0,814,0.9449889345558015,0.17042444297804918,144.0,549
HAP1,86,0.2,0.5,GoCo-dense-learned (tie-level path),adapt_404.949_to_394.825_q0.5,0.47876029019847455,0.19977830597098223,0.39511248357773054,0.19289555573233275,99,157.0,2795.0,924,0.9438282647584973,0.19516232651416535,130.0,391
HAP1,87,0.05,0.1,GoCo-learned (paper path),adapt_550_to_525_q0.3,0.015691391545128018,0.045391242063235984,0.20328946875264894,0.04030601497073201,47,76.0,530.0,214,0.8566037735849057,0.041276774503525446,67.0,42
HAP1,87,0.05,0.1,GoCo-dense-learned (tie-level path),adapt_538.398_to_526.433_q0.3,0.07776710841726786,0.04690897151583097,0.20660844562754135,0.040709517383596606,49,78.0,539.0,216,0.8552875695732839,0.04168027691639004,69.0,40
HAP1,87,0.05,0.5,GoCo-learned (paper path),adapt_550_to_525_q0.35,0.235365879273851,0.048406974178946814,0.2096641279691957,0.04170818582567384,49,78.0,549.0,220,0.8579234972677595,0.04267894535846727,69.0,53
HAP1,87,0.05,0.5,GoCo-dense-learned (tie-level path),adapt_538.398_to_526.433_q0.3,0.07776710841726786,0.04690897151583097,0.20660844562754135,0.040709517383596606,49,78.0,539.0,216,0.8552875695732839,0.04168027691639004,69.0,40
HAP1,87,0.2,0.1,GoCo-learned (paper path),adapt_400_to_375_q0.5,2.6497838066789616e-31,0.15639921980821128,0.357482208826626,0.15139870436864591,99,154.0,2893.0,731,0.9467680608365019,0.15346131414585096,128.0,467
HAP1,87,0.2,0.1,GoCo-dense-learned (tie-level path),adapt_404.949_to_394.825_q0.4,5.756190549936188e-05,0.18445431755891228,0.38269376998193555,0.17747491087865364,88,140.0,2598.0,847,0.9461123941493457,0.17936315800857397,119.0,292
HAP1,87,0.2,0.5,GoCo-learned (paper path),adapt_400_to_375_q0.6,0.4440792110411833,0.1994159382665046,0.39425427935419083,0.19164134381455525,100,155.0,3408.0,913,0.954518779342723,0.1937039535917603,129.0,650
HAP1,87,0.2,0.5,GoCo-dense-learned (tie-level path),adapt_404.949_to_394.825_q0.5,0.18700267457718855,0.19632737570360825,0.3921817646744184,0.18834930058127236,88,140.0,2696.0,896,0.9480712166172107,0.1902375477111927,119.0,341
HAP1,88,0.05,0.1,GoCo-learned (paper path),adapt_550_to_525_q0.4,0.002190727115393996,0.04396983279064926,0.2009095864963522,0.044481432224928515,67,112.0,605.0,244,0.8148760330578513,0.04627128561179055,98.0,51
HAP1,88,0.05,0.1,GoCo-dense-learned (tie-level path),adapt_538.398_to_526.433_q0.4,0.002217056374920526,0.04397723033422372,0.20093128570754687,0.04449622731207743,67,112.0,610.0,244,0.8163934426229508,0.04627868314875109,98.0,48
HAP1,88,0.05,0.5,GoCo-learned (paper path),adapt_550_to_525_q0.4,0.002190727115393996,0.04396983279064926,0.2009095864963522,0.044481432224928515,67,112.0,605.0,244,0.8148760330578513,0.04627128561179055,98.0,51
HAP1,88,0.05,0.5,GoCo-dense-learned (tie-level path),adapt_538.398_to_526.433_q0.4,0.002217056374920526,0.04397723033422372,0.20093128570754687,0.04449622731207743,67,112.0,610.0,244,0.8163934426229508,0.04627868314875109,98.0,48
HAP1,88,0.2,0.1,GoCo-learned (paper path),adapt_400_to_375_q0.6,0.024998111589085277,0.1919641808564934,0.38921134834752863,0.18435558757740184,119,209.0,3437.0,892,0.9391911550771022,0.18644195920392984,179.0,600
HAP1,88,0.2,0.1,GoCo-dense-learned (tie-level path),adapt_404.949_to_394.825_q0.4,4.572512194645473e-05,0.18419873399624442,0.38342358754961153,0.17459366358469394,109,195.0,2686.0,846,0.9274013402829486,0.17658140127044014,169.0,281
HAP1,88,0.2,0.5,GoCo-learned (paper path),adapt_400_to_375_q0.6,0.024998111589085277,0.1919641808564934,0.38921134834752863,0.18435558757740184,119,209.0,3437.0,892,0.9391911550771022,0.18644195920392984,179.0,600
HAP1,88,0.2,0.5,GoCo-dense-learned (tie-level path),adapt_404.949_to_394.825_q0.5,0.11641019110189932,0.19507312370878402,0.39200920641635545,0.188833935818723,111,197.0,2818.0,911,0.9300922640170334,0.19089564894021377,170.0,347
HAP1,89,0.05,0.1,GoCo-learned (paper path),adapt_550_to_525_q0.35,0.007737749950682583,0.04482526989232896,0.2029053457481244,0.0456519174181616,65,103.0,577.0,251,0.8214904679376083,0.04767699509237377,88.0,47
HAP1,89,0.05,0.1,GoCo-dense-learned (tie-level path),adapt_538.398_to_526.433_q0.35,0.06587107444998123,0.04671789230543193,0.2067155435765022,0.047724630804364544,66,105.0,606.0,260,0.8267326732673267,0.04974662616710053,90.0,58
HAP1,89,0.05,0.5,GoCo-learned (paper path),adapt_550_to_525_q0.4,0.41030959435516867,0.04949197131120201,0.21269344418456337,0.05038774664990382,66,105.0,641.0,272,0.8361934477379095,0.052409742012639815,90.0,79
HAP1,89,0.05,0.5,GoCo-dense-learned (tie-level path),adapt_538.398_to_526.433_q0.4,0.42974361571386466,0.04960293447143281,0.21292831769263185,0.05105352561128865,66,105.0,647.0,275,0.8377125193199382,0.05307552097402463,90.0,73
HAP1,89,0.2,0.1,GoCo-learned (paper path),adapt_400_to_375_q0.6,0.012268503680430067,0.1908093270408779,0.38800991109187755,0.18466263590153195,123,201.0,3500.0,898,0.9425714285714286,0.1876900311918244,164.0,597
HAP1,89,0.2,0.1,GoCo-dense-learned (tie-level path),adapt_404.949_to_394.825_q0.5,0.014448100074684205,0.19105768637112444,0.388533956251569,0.18422401699750518,112,185.0,2832.0,892,0.9346751412429378,0.18716868782673102,151.0,330
HAP1,89,0.2,0.5,GoCo-learned (paper path),adapt_400_to_375_q0.6,0.012268503680430067,0.1908093270408779,0.38800991109187755,0.18466263590153195,123,201.0,3500.0,898,0.9425714285714286,0.1876900311918244,164.0,597
HAP1,89,0.2,0.5,GoCo-dense-learned (tie-level path),adapt_404.949_to_394.825_q0.5,0.014448100074684205,0.19105768637112444,0.388533956251569,0.18422401699750518,112,185.0,2832.0,892,0.9346751412429378,0.18716868782673102,151.0,330
HAP1,90,0.05,0.1,GoCo-learned (paper path),adapt_550_to_525_q0.6,0.0004833311390595162,0.04310618555590782,0.19831206428331127,0.04637429076488739,57,89.0,534.0,250,0.8333333333333334,0.04763355451692648,81.0,51
HAP1,90,0.05,0.1,GoCo-dense-learned (tie-level path),adapt_538.398_to_526.433_q0.6,0.0004833311390595162,0.04310618555590782,0.19831206428331127,0.04637429076488739,57,89.0,534.0,250,0.8333333333333334,0.04763355451692648,81.0,48
HAP1,90,0.05,0.5,GoCo-learned (paper path),adapt_550_to_525_q0.6,0.0004833311390595162,0.04310618555590782,0.19831206428331127,0.04637429076488739,57,89.0,534.0,250,0.8333333333333334,0.04763355451692648,81.0,51
HAP1,90,0.05,0.5,GoCo-dense-learned (tie-level path),adapt_538.398_to_526.433_q0.6,0.0004833311390595162,0.04310618555590782,0.19831206428331127,0.04637429076488739,57,89.0,534.0,250,0.8333333333333334,0.04763355451692648,81.0,48
HAP1,90,0.2,0.1,GoCo-learned (paper path),adapt_400_to_375_q0.5,2.630394030845495e-11,0.1741254434793116,0.374245976817919,0.1710380749422288,108,179.0,3246.0,825,0.9448552064078867,0.17319415077811814,149.0,531
HAP1,90,0.2,0.1,GoCo-dense-learned (tie-level path),adapt_404.949_to_394.825_q0.4,0.009528251796502104,0.19041160218288672,0.3882580889721868,0.18664586399522717,99,165.0,2745.0,895,0.9398907103825137,0.18885457527621607,137.0,322
HAP1,90,0.2,0.5,GoCo-learned (paper path),adapt_400_to_375_q0.5,2.630394030845495e-11,0.1741254434793116,0.374245976817919,0.1710380749422288,108,179.0,3246.0,825,0.9448552064078867,0.17319415077811814,149.0,531
HAP1,90,0.2,0.5,GoCo-dense-learned (tie-level path),adapt_404.949_to_394.825_q0.4,0.009528251796502104,0.19041160218288672,0.3882580889721868,0.18664586399522717,99,165.0,2745.0,895,0.9398907103825137,0.18885457527621607,137.0,322
HAP1,91,0.05,0.1,GoCo-learned (paper path),adapt_550_to_525_q0.35,0.05003070581835582,0.04642780289827746,0.20620412306417146,0.040331409988644595,66,106.0,502.0,231,0.7888446215139442,0.04127459685060642,101.0,25
HAP1,91,0.05,0.1,GoCo-dense-learned (tie-level path),adapt_538.398_to_526.433_q0.35,0.051351521141144295,0.04645580789458736,0.20617568484858614,0.04026271852582389,66,109.0,521.0,231,0.7907869481765835,0.041205905387785714,104.0,30
HAP1,91,0.05,0.5,GoCo-learned (paper path),adapt_550_to_525_q0.4,0.1544805917061695,0.047759625027299295,0.2090440335573754,0.04052163257077171,68,112.0,531.0,233,0.7890772128060264,0.041464819432733536,107.0,46
HAP1,91,0.05,0.5,GoCo-dense-learned (tie-level path),adapt_538.398_to_526.433_q0.35,0.051351521141144295,0.04645580789458736,0.20617568484858614,0.04026271852582389,66,109.0,521.0,231,0.7907869481765835,0.041205905387785714,104.0,30
HAP1,91,0.2,0.1,GoCo-learned (paper path),adapt_400_to_375_q0.5,3.5013879117930267e-47,0.14714606006411093,0.34894510948292917,0.14116693223932825,113,200.0,2728.0,699,0.9266862170087976,0.1430443232483034,177.0,401
HAP1,91,0.2,0.1,GoCo-dense-learned (tie-level path),adapt_404.949_to_394.825_q0.3,0.00021860360991680485,0.1857618814920432,0.38436812613862587,0.18633388616128121,106,188.0,2788.0,901,0.9325681492109039,0.18815209682166073,168.0,350
HAP1,91,0.2,0.5,GoCo-learned (paper path),adapt_400_to_375_q0.5,3.5013879117930267e-47,0.14714606006411093,0.34894510948292917,0.14116693223932825,113,200.0,2728.0,699,0.9266862170087976,0.1430443232483034,177.0,401
HAP1,91,0.2,0.5,GoCo-dense-learned (tie-level path),adapt_404.949_to_394.825_q0.4,0.3412212833623583,0.19830071859812398,0.39428669152829765,0.19743020218436155,108,190.0,2878.0,952,0.9339819318971508,0.19924841284474107,170.0,401
HAP1,92,0.05,0.1,GoCo-learned (paper path),adapt_550_to_525_q0.3,0.05296423041633432,0.04647135551683224,0.20719100895004003,0.040170505444473335,66,109.0,498.0,224,0.7811244979919679,0.041942217226458085,93.0,29
HAP1,92,0.05,0.1,GoCo-dense-learned (tie-level path),adapt_538.398_to_526.433_q0.3,0.05296423041633432,0.04647135551683224,0.20719100895004003,0.04020009561877117,66,109.0,500.0,224,0.782,0.04195701230037916,93.0,23
HAP1,92,0.05,0.5,GoCo-learned (paper path),adapt_550_to_525_q0.4,0.12153573593939537,0.04743303625095806,0.20875239533448373,0.04101382547148693,66,111.0,519.0,227,0.7861271676300579,0.0427337544286087,95.0,44
HAP1,92,0.05,0.5,GoCo-dense-learned (tie-level path),adapt_538.398_to_526.433_q0.4,0.36185026856350705,0.04920844681465091,0.21255915602874376,0.042789236035179784,66,111.0,549.0,235,0.7978142076502732,0.04450916499230156,95.0,44
HAP1,92,0.2,0.1,GoCo-learned (paper path),adapt_400_to_375_q0.6,9.644734751259959e-10,0.176216504907362,0.3760700362065667,0.16677115866529957,122,211.0,3127.0,813,0.9325231851614967,0.16951664023951218,174.0,521
HAP1,92,0.2,0.1,GoCo-dense-learned (tie-level path),adapt_404.949_to_394.825_q0.5,0.00027648174986528816,0.18600185332704902,0.38476646972533435,0.17641299507298366,116,201.0,2617.0,857,0.9231944975162399,0.1790384346916048,167.0,312
HAP1,92,0.2,0.5,GoCo-learned (paper path),adapt_400_to_375_q0.6,9.644734751259959e-10,0.176216504907362,0.3760700362065667,0.16677115866529957,122,211.0,3127.0,813,0.9325231851614967,0.16951664023951218,174.0,521
HAP1,92,0.2,0.5,GoCo-dense-learned (tie-level path),adapt_404.949_to_394.825_q0.6,0.3090840677625796,0.1979303930518604,0.3941653004858285,0.1878422005767564,117,202.0,2719.0,909,0.9257079808753218,0.19046764019537754,168.0,364
HAP1,93,0.05,0.1,GoCo-learned (paper path),adapt_550_to_525_q0.4,0.027669279332081312,0.04585281998593702,0.20545689024548672,0.046549125831231934,73,122.0,604.0,262,0.7980132450331126,0.048380898631682566,107.0,60
HAP1,93,0.05,0.1,GoCo-dense-learned (tie-level path),adapt_538.398_to_526.433_q0.35,0.0059777266083601574,0.044632225223398186,0.2027372303230902,0.04521756790846229,73,122.0,593.0,256,0.7942664418212478,0.04704934070891293,107.0,49
HAP1,93,0.05,0.5,GoCo-learned (paper path),adapt_550_to_525_q0.4,0.027669279332081312,0.04585281998593702,0.20545689024548672,0.046549125831231934,73,122.0,604.0,262,0.7980132450331126,0.048380898631682566,107.0,60
HAP1,93,0.05,0.5,GoCo-dense-learned (tie-level path),adapt_538.398_to_526.433_q0.4,0.26869952544658265,0.04862689899170711,0.21135050738078132,0.04832453639492479,76,125.0,636.0,272,0.8034591194968553,0.05015630919537542,110.0,68
HAP1,93,0.2,0.1,GoCo-learned (paper path),adapt_400_to_375_q0.5,1.880851049782646e-17,0.16733403002890385,0.3682892267705807,0.17354406254044438,115,196.0,3298.0,840,0.9405700424499697,0.17527700526432308,164.0,542
HAP1,93,0.2,0.1,GoCo-dense-learned (tie-level path),adapt_404.949_to_394.825_q0.5,0.008565305939987113,0.19025594151144393,0.388028683800411,0.20059922519414836,106,183.0,2922.0,962,0.9373716632443532,0.20232851317841055,157.0,379
HAP1,93,0.2,0.5,GoCo-learned (paper path),adapt_400_to_375_q0.6,0.13885053167883116,0.1955186727275279,0.3919116271233557,0.20542747725117116,118,199.0,3638.0,985,0.9452996151731721,0.20716041997504986,167.0,687
HAP1,93,0.2,0.5,GoCo-dense-learned (tie-level path),adapt_404.949_to_394.825_q0.5,0.008565305939987113,0.19025594151144393,0.388028683800411,0.20059922519414836,106,183.0,2922.0,962,0.9373716632443532,0.20232851317841055,157.0,379
HAP1,94,0.05,0.1,GoCo-learned (paper path),adapt_550_to_525_q0.275,0.013862451623363931,0.04528696392900511,0.20326392744281332,0.045520755102303204,59,98.0,548.0,246,0.8211678832116789,0.04731105682032933,81.0,52
HAP1,94,0.05,0.1,GoCo-dense-learned (tie-level path),adapt_538.398_to_526.433_q0.275,0.03841518117812694,0.04617466921085154,0.20523824815686564,0.04664518179176016,60,99.0,557.0,252,0.822262118491921,0.0484280859595979,82.0,54
HAP1,94,0.05,0.5,GoCo-learned (paper path),adapt_550_to_525_q0.275,0.013862451623363931,0.04528696392900511,0.20326392744281332,0.045520755102303204,59,98.0,548.0,246,0.8211678832116789,0.04731105682032933,81.0,52
HAP1,94,0.05,0.5,GoCo-dense-learned (tie-level path),adapt_538.398_to_526.433_q0.275,0.03841518117812694,0.04617466921085154,0.20523824815686564,0.04664518179176016,60,99.0,557.0,252,0.822262118491921,0.0484280859595979,82.0,54
HAP1,94,0.2,0.1,GoCo-learned (paper path),adapt_400_to_375_q0.6,0.023433336145865277,0.1918596402141342,0.3888180126449049,0.19709421257098622,112,199.0,3477.0,947,0.9427667529479437,0.2007396350529159,157.0,637
HAP1,94,0.2,0.1,GoCo-dense-learned (tie-level path),adapt_404.949_to_394.825_q0.5,0.02136089870682214,0.19169547638983606,0.3890414939415039,0.19739202155346772,104,185.0,2810.0,948,0.9341637010676157,0.20110120935819437,145.0,351
HAP1,94,0.2,0.5,GoCo-learned (paper path),adapt_400_to_375_q0.6,0.023433336145865277,0.1918596402141342,0.3888180126449049,0.19709421257098622,112,199.0,3477.0,947,0.9427667529479437,0.2007396350529159,157.0,637
HAP1,94,0.2,0.5,GoCo-dense-learned (tie-level path),adapt_404.949_to_394.825_q0.6,0.2704802803944993,0.19746556072183782,0.39354526593185607,0.20271825324454626,104,185.0,2844.0,972,0.9349507735583685,0.20642744104927294,145.0,375
HAP1,95,0.05,0.1,GoCo-learned (paper path),adapt_550_to_525_q0.35,0.004607315821528731,0.04445236242060867,0.20224598150049816,0.04521657516572193,73,115.0,573.0,254,0.7993019197207679,0.04686420996534099,102.0,56
HAP1,95,0.05,0.1,GoCo-dense-learned (tie-level path),adapt_538.398_to_526.433_q0.3,0.0005373213725850935,0.043124503263012336,0.19958956995311314,0.04443983302426455,70,110.0,550.0,251,0.8,0.046124455548369823,97.0,34
HAP1,95,0.05,0.5,GoCo-learned (paper path),adapt_550_to_525_q0.4,0.4608509734789743,0.04977859411168723,0.21384053127790215,0.049655101574954064,73,115.0,628.0,274,0.8168789808917197,0.05130273637457313,102.0,76
HAP1,95,0.05,0.5,GoCo-dense-learned (tie-level path),adapt_538.398_to_526.433_q0.4,0.4608509734789743,0.04977859411168723,0.21384053127790215,0.049655101574954064,73,115.0,628.0,274,0.8168789808917197,0.05130273637457313,102.0,73
HAP1,95,0.2,0.1,GoCo-learned (paper path),adapt_400_to_375_q0.5,2.8326822863653287e-21,0.1638747082251842,0.364986629049919,0.15974224941483403,127,207.0,3031.0,789,0.9317057076872319,0.16348942166175304,165.0,474
HAP1,95,0.2,0.1,GoCo-dense-learned (tie-level path),adapt_404.949_to_394.825_q0.4,0.02311510893322963,0.19182757134939954,0.38921742100626766,0.18931006867053293,115,191.0,2788.0,921,0.9314921090387375,0.19301149866486253,157.0,369
HAP1,95,0.2,0.5,GoCo-learned (paper path),adapt_400_to_375_q0.6,0.2139039539888456,0.196719803653502,0.3927041808536775,0.19362300100971527,128,208.0,3434.0,942,0.9394292370413512,0.19737017325663428,166.0,627
HAP1,95,0.2,0.5,GoCo-dense-learned (tie-level path),adapt_404.949_to_394.825_q0.6,0.42960613204635134,0.19926210308486336,0.3949198429733873,0.1939705214002267,115,191.0,2822.0,942,0.9323175053153792,0.19767195139455626,157.0,390
HAP1,96,0.05,0.1,GoCo-learned (paper path),adapt_550_to_525_q0.35,0.002244587307619682,0.04400581176340236,0.2002545252668955,0.04974116607210766,68,115.0,637.0,273,0.8194662480376766,0.05116977271798765,102.0,60
HAP1,96,0.05,0.1,GoCo-dense-learned (tie-level path),adapt_538.398_to_526.433_q0.35,0.002244587307619682,0.04400581176340236,0.2002545252668955,0.04974116607210766,68,115.0,637.0,273,0.8194662480376766,0.05116977271798765,102.0,51
HAP1,96,0.05,0.5,GoCo-learned (paper path),adapt_550_to_525_q0.4,0.25716158880797557,0.0485553013328653,0.21030991094278761,0.05351391351995498,68,115.0,688.0,290,0.8328488372093024,0.054942520165834965,102.0,79
HAP1,96,0.05,0.5,GoCo-dense-learned (tie-level path),adapt_538.398_to_526.433_q0.4,0.25716158880797557,0.0485553013328653,0.21030991094278761,0.05351391351995498,68,115.0,688.0,290,0.8328488372093024,0.054942520165834965,102.0,70
HAP1,96,0.2,0.1,GoCo-learned (paper path),adapt_400_to_375_q0.5,1.3635456046666337e-09,0.17644028662907724,0.376067208483477,0.1699166079653246,110,198.0,3282.0,817,0.9396709323583181,0.171843119769217,168.0,544
HAP1,96,0.2,0.1,GoCo-dense-learned (tie-level path),adapt_404.949_to_394.825_q0.4,0.01752126160830005,0.19136656586145276,0.3888221821550248,0.18331438323827623,100,180.0,2812.0,878,0.9359886201991465,0.1853744311136666,154.0,344
HAP1,96,0.2,0.5,GoCo-learned (paper path),adapt_400_to_375_q0.5,1.3635456046666337e-09,0.17644028662907724,0.376067208483477,0.1699166079653246,110,198.0,3282.0,817,0.9396709323583181,0.171843119769217,168.0,544
HAP1,96,0.2,0.5,GoCo-dense-learned (tie-level path),adapt_404.949_to_394.825_q0.4,0.01752126160830005,0.19136656586145276,0.3888221821550248,0.18331438323827623,100,180.0,2812.0,878,0.9359886201991465,0.1853744311136666,154.0,344
HAP1,97,0.05,0.1,GoCo-learned (paper path),adapt_550_to_525_q0.35,0.001241202144853384,0.04363483773222829,0.1997220733442052,0.04472105181248941,61,97.0,574.0,242,0.8310104529616724,0.04644221371007505,80.0,57
HAP1,97,0.05,0.1,GoCo-dense-learned (tie-level path),adapt_538.398_to_526.433_q0.35,0.001241202144853384,0.04363483773222829,0.1997220733442052,0.04472105181248941,61,97.0,579.0,242,0.8324697754749568,0.04644221371007505,80.0,52
HAP1,97,0.05,0.5,GoCo-learned (paper path),adapt_550_to_525_q0.4,0.12882394474210168,0.04751854834030641,0.20810487898245741,0.04705127817733627,61,97.0,609.0,252,0.8407224958949097,0.04877244007492192,80.0,74
HAP1,97,0.05,0.5,GoCo-dense-learned (tie-level path),adapt_538.398_to_526.433_q0.35,0.001241202144853384,0.04363483773222829,0.1997220733442052,0.04472105181248941,61,97.0,579.0,242,0.8324697754749568,0.04644221371007505,80.0,52
HAP1,97,0.2,0.1,GoCo-learned (paper path),adapt_400_to_375_q0.5,4.990374292174227e-05,0.18431212009818249,0.38274276038021837,0.18346335090733187,112,182.0,3370.0,883,0.9459940652818991,0.18567742619628755,152.0,593
HAP1,97,0.2,0.1,GoCo-dense-learned (tie-level path),adapt_404.949_to_394.825_q0.4,0.004388885460752986,0.18931111742325268,0.3872075235591728,0.18912090288034503,103,172.0,2768.0,907,0.9378612716763006,0.1911976752853161,145.0,341
HAP1,97,0.2,0.5,GoCo-learned (paper path),adapt_400_to_375_q0.5,4.990374292174227e-05,0.18431212009818249,0.38274276038021837,0.18346335090733187,112,182.0,3370.0,883,0.9459940652818991,0.18567742619628755,152.0,593
HAP1,97,0.2,0.5,GoCo-dense-learned (tie-level path),adapt_404.949_to_394.825_q0.5,0.12205829471439872,0.19519216491548527,0.39185383975240884,0.19378135561003879,103,172.0,2806.0,928,0.9387027797576621,0.19585812801500982,145.0,362
HAP1,98,0.05,0.1,GoCo-learned (paper path),adapt_550_to_525_q0.35,0.0019104647616413177,0.04389198246104845,0.20045902909714666,0.043640225761951576,60,101.0,574.0,238,0.8240418118466899,0.04549788996821978,85.0,55
HAP1,98,0.05,0.1,GoCo-dense-learned (tie-level path),adapt_538.398_to_526.433_q0.35,0.004235036147022035,0.04440981054433017,0.2015719891312126,0.04408407840287479,60,101.0,579.0,240,0.8255613126079447,0.045941742609142994,85.0,53
HAP1,98,0.05,0.5,GoCo-learned (paper path),adapt_550_to_525_q0.35,0.0019104647616413177,0.04389198246104845,0.20045902909714666,0.043640225761951576,60,101.0,574.0,238,0.8240418118466899,0.04549788996821978,85.0,55
HAP1,98,0.05,0.5,GoCo-dense-learned (tie-level path),adapt_538.398_to_526.433_q0.35,0.004235036147022035,0.04440981054433017,0.2015719891312126,0.04408407840287479,60,101.0,579.0,240,0.8255613126079447,0.045941742609142994,85.0,53
HAP1,98,0.2,0.1,GoCo-learned (paper path),adapt_400_to_375_q0.6,0.00477363262561239,0.18944100557243193,0.3867497960852954,0.18915830292650926,108,195.0,3364.0,910,0.9420332936979786,0.1920373285618349,156.0,608
HAP1,98,0.2,0.1,GoCo-dense-learned (tie-level path),adapt_404.949_to_394.825_q0.4,0.04523586032475492,0.19304292619102698,0.3901235321665085,0.1950125743184839,103,187.0,2815.0,937,0.933570159857904,0.19795486738072784,152.0,379
HAP1,98,0.2,0.5,GoCo-learned (paper path),adapt_400_to_375_q0.6,0.00477363262561239,0.18944100557243193,0.3867497960852954,0.18915830292650926,108,195.0,3364.0,910,0.9420332936979786,0.1920373285618349,156.0,608
HAP1,98,0.2,0.5,GoCo-dense-learned (tie-level path),adapt_404.949_to_394.825_q0.5,0.47134421067562804,0.1997007158048752,0.3952010549621805,0.20277999553464013,105,189.0,2865.0,974,0.9340314136125655,0.20616614123780727,152.0,416
HAP1,99,0.05,0.1,GoCo-learned (paper path),adapt_550_to_525_q0.35,0.05523195935508899,0.04652927094666205,0.2064277585763131,0.04091832987530942,56,91.0,547.0,223,0.8336380255941499,0.04225156905647918,80.0,49
HAP1,99,0.05,0.1,GoCo-dense-learned (tie-level path),adapt_538.398_to_526.433_q0.35,0.05523195935508899,0.04652927094666205,0.2064277585763131,0.04091832987530942,56,91.0,547.0,223,0.8336380255941499,0.04225156905647918,80.0,39
HAP1,99,0.05,0.5,GoCo-learned (paper path),adapt_550_to_525_q0.4,0.1230545838306335,0.04745396394968773,0.2083879756457584,0.04264935517755552,56,91.0,565.0,230,0.8389380530973451,0.04380505329971043,80.0,59
HAP1,99,0.05,0.5,GoCo-dense-learned (tie-level path),adapt_538.398_to_526.433_q0.4,0.1230545838306335,0.04745396394968773,0.2083879756457584,0.04264935517755552,57,92.0,566.0,231,0.8374558303886925,0.04380505329971043,81.0,50
HAP1,99,0.2,0.1,GoCo-learned (paper path),adapt_400_to_375_q0.5,1.2671208840682538e-06,0.18116397042897242,0.3800209425238395,0.17419587350187965,101,171.0,3217.0,833,0.9468448865402549,0.17618797845473777,139.0,556
HAP1,99,0.2,0.1,GoCo-dense-learned (tie-level path),adapt_404.949_to_394.825_q0.35,1.3563985688543271e-06,0.18119557131754785,0.3805081223871617,0.17464486995023248,90,156.0,2593.0,832,0.9398380254531431,0.17672799913898024,125.0,275
HAP1,99,0.2,0.5,GoCo-learned (paper path),adapt_400_to_375_q0.5,1.2671208840682538e-06,0.18116397042897242,0.3800209425238395,0.17419587350187965,101,171.0,3217.0,833,0.9468448865402549,0.17618797845473777,139.0,556
HAP1,99,0.2,0.5,GoCo-dense-learned (tie-level path),adapt_404.949_to_394.825_q0.4,0.3950964306200134,0.198894195374361,0.3945564180199346,0.1884043018188521,90,156.0,2719.0,894,0.9426259654284663,0.19048743100759985,125.0,338
