dataset,seed,alpha,delta,method,policy,p_selected,cal_mean,cal_sd,unit_fdp,unit_yield,go_yield,total_calls,genes_with_calls,term_fdp,unit_fdp_direct,go_yield_direct,n_relaxed_eval
HAP1,0,0.1,0.1,GoDag (global grid),global_475,1.970398209402801e-32,0.07094820120136434,0.25246708502844906,0.07433031415719749,74,128.0,819.0,386,0.8437118437118437,0.07604654436568076,114.0,0
HAP1,0,0.1,0.1,GoCo-source (paper path),adapt_475_to_450_q0.4,0.0571504043636001,0.0951882699497054,0.28925937658226436,0.1008240736481935,76,135.0,1265.0,501,0.8932806324110671,0.10204836718582652,119.0,153
HAP1,0,0.1,0.1,GoCo-random1 (paper path),adapt_475_to_450_q0.4,0.030230094790485634,0.09429897948656409,0.28827112448596615,0.09237662280830763,79,138.0,1074.0,468,0.8715083798882681,0.0942223100392648,120.0,117
HAP1,0,0.1,0.1,GoCo-knap (paper path),adapt_475_to_450_q0.225,0.02224012050735422,0.09391219361035812,0.28759111863148595,0.10006212661372679,76,136.0,1253.0,498,0.8914604948124502,0.10128642015135982,120.0,145
HAP1,0,0.1,0.1,GoCo-exp1 (paper path),adapt_475_to_450_q0.35,0.028943244442636667,0.09424508309105054,0.28806059331028294,0.09832370376790622,76,135.0,1236.0,490,0.8907766990291263,0.09954799730553926,119.0,137
HAP1,0,0.1,0.1,GoCo-dense-knap (tie-level path),adapt_455.567_to_451.229_q0.25,6.324170176605e-27,0.07149794747531282,0.2533505199518543,0.07518999845358303,76,135.0,872.0,389,0.8451834862385321,0.0765363514701155,120.0,29
HAP1,0,0.1,0.5,GoDag (global grid),global_475,1.970398209402801e-32,0.07094820120136434,0.25246708502844906,0.07433031415719749,74,128.0,819.0,386,0.8437118437118437,0.07604654436568076,114.0,0
HAP1,0,0.1,0.5,GoCo-source (paper path),adapt_475_to_450_q0.5,0.48536403362169583,0.09988571039727144,0.29567085734305587,0.10511464917932253,79,139.0,1316.0,523,0.8943768996960486,0.10633894271695556,123.0,185
HAP1,0,0.1,0.5,GoCo-random1 (paper path),adapt_475_to_450_q0.4,0.030230094790485634,0.09429897948656409,0.28827112448596615,0.09237662280830763,79,138.0,1074.0,468,0.8715083798882681,0.0942223100392648,120.0,117
HAP1,0,0.1,0.5,GoCo-knap (paper path),adapt_475_to_450_q0.3,0.3487316931118666,0.09879457266051347,0.2943639976073852,0.10427872670249731,76,136.0,1291.0,517,0.8946553059643687,0.10550302024013034,120.0,164
HAP1,0,0.1,0.5,GoCo-exp1 (paper path),adapt_475_to_450_q0.4,0.39624909625999183,0.09918294372132128,0.2948455606247065,0.10453764074083122,76,135.0,1296.0,518,0.8958333333333334,0.10576193427846424,119.0,167
HAP1,0,0.1,0.5,GoCo-dense-knap (tie-level path),adapt_455.567_to_451.229_q0.25,6.324170176605e-27,0.07149794747531282,0.2533505199518543,0.07518999845358303,76,135.0,872.0,389,0.8451834862385321,0.0765363514701155,120.0,29
HAP1,1,0.1,0.1,GoDag (global grid),global_475,1.7330845284611176e-32,0.07087887151512964,0.2528382556255165,0.07449208342507846,95,159.0,905.0,401,0.8243093922651934,0.07636947440759796,143.0,0
HAP1,1,0.1,0.1,GoCo-source (paper path),adapt_475_to_450_q0.4,1.9193736272432305e-06,0.08652632234430398,0.27686089160911,0.08882058176381082,96,161.0,1220.0,465,0.8680327868852459,0.0906926887932482,144.0,87
HAP1,1,0.1,0.1,GoCo-random1 (paper path),adapt_475_to_450_q0.5,0.02424243830729637,0.09402214803043017,0.28761267153243025,0.09821970585222727,97,163.0,1168.0,508,0.860445205479452,0.09994914595664367,147.0,135
HAP1,1,0.1,0.1,GoCo-knap (paper path),adapt_475_to_450_q0.3,0.010760574591349117,0.09306760064189401,0.2862919290823961,0.09588523630070993,97,166.0,1298.0,496,0.8721109399075501,0.09709156437537642,150.0,127
HAP1,1,0.1,0.1,GoCo-exp1 (paper path),adapt_475_to_450_q0.4,5.243805579562342e-06,0.08710333077618138,0.2778165550822514,0.08993021336611884,95,160.0,1226.0,469,0.8694942903752039,0.09158039407509462,144.0,84
HAP1,1,0.1,0.1,GoCo-dense-knap (tie-level path),adapt_455.567_to_451.229_q0.3,0.009534886734431348,0.09293444484928635,0.2861335950578705,0.09579646576128163,97,166.0,1303.0,496,0.8726016884113584,0.097113756989565,150.0,122
HAP1,1,0.1,0.5,GoDag (global grid),global_475,1.7330845284611176e-32,0.07087887151512964,0.2528382556255165,0.07449208342507846,95,159.0,905.0,401,0.8243093922651934,0.07636947440759796,143.0,0
HAP1,1,0.1,0.5,GoCo-source (paper path),adapt_475_to_450_q0.5,0.36007697435638886,0.09888946778222396,0.2942739747704409,0.10124845571627471,97,165.0,1361.0,520,0.878765613519471,0.1026767101114028,148.0,157
HAP1,1,0.1,0.5,GoCo-random1 (paper path),adapt_475_to_450_q0.6,0.35852071339397057,0.09887678629052782,0.29421581427002524,0.10450178988962452,98,164.0,1239.0,537,0.8676351896690879,0.10623122999404094,148.0,175
HAP1,1,0.1,0.5,GoCo-knap (paper path),adapt_475_to_450_q0.4,0.3018364525738605,0.09839383233297258,0.29371675539006664,0.10032376270994206,97,166.0,1344.0,516,0.8764880952380952,0.10153009078460855,150.0,147
HAP1,1,0.1,0.5,GoCo-exp1 (paper path),adapt_475_to_450_q0.5,0.44314905150934414,0.09955524674360879,0.2952732843532665,0.10158134519696711,97,165.0,1362.0,522,0.8788546255506607,0.10300959959209521,148.0,155
HAP1,1,0.1,0.5,GoCo-dense-knap (tie-level path),adapt_455.567_to_451.229_q0.4,0.29934023432507373,0.09837163970059572,0.29371663319279695,0.10001306585005215,97,166.0,1347.0,515,0.8767631774313289,0.10133035707833551,150.0,141
HAP1,2,0.1,0.1,GoDag (global grid),global_475,2.1905485269173114e-25,0.07399097299573539,0.2577816031235766,0.06723051330366507,76,119.0,801.0,353,0.8514357053682896,0.06907091656831228,104.0,0
HAP1,2,0.1,0.1,GoCo-source (paper path),adapt_475_to_450_q0.4,4.203918800182735e-05,0.08840890922713851,0.2798142092366557,0.08159856130838182,79,126.0,1136.0,416,0.8890845070422535,0.08321871951096756,109.0,92
HAP1,2,0.1,0.1,GoCo-random1 (paper path),adapt_475_to_450_q0.4,0.06110445005329334,0.0952806992268647,0.28986787792080093,0.0861443521093645,80,125.0,1031.0,439,0.8787584869059166,0.08783848574769482,107.0,113
HAP1,2,0.1,0.1,GoCo-knap (paper path),adapt_475_to_450_q0.275,0.03146020528206751,0.09434807227153118,0.288503980364848,0.08626271280655584,79,126.0,1176.0,437,0.8928571428571429,0.08782738942902617,109.0,114
HAP1,2,0.1,0.1,GoCo-exp1 (paper path),adapt_475_to_450_q0.4,0.039591230596797464,0.09465798453534914,0.2888866057228377,0.08719110458136875,79,126.0,1200.0,441,0.895,0.08875578120383908,109.0,118
HAP1,2,0.1,0.1,GoCo-dense-knap (tie-level path),adapt_455.567_to_451.229_q0.25,0.04756274983125816,0.09491398438804688,0.2892961172922062,0.08710603282034159,79,126.0,1191.0,441,0.8942065491183879,0.08874468487855651,109.0,115
HAP1,2,0.1,0.5,GoDag (global grid),global_475,2.1905485269173114e-25,0.07399097299573539,0.2577816031235766,0.06723051330366507,76,119.0,801.0,353,0.8514357053682896,0.06907091656831228,104.0,0
HAP1,2,0.1,0.5,GoCo-source (paper path),adapt_475_to_450_q0.5,0.49406032383355997,0.09995356124908036,0.29608906841904187,0.09252843259111596,80,127.0,1259.0,466,0.8991262907069102,0.09409310921358628,110.0,151
HAP1,2,0.1,0.5,GoCo-random1 (paper path),adapt_475_to_450_q0.5,0.24247562634938902,0.09784209884329473,0.2933336965520252,0.0899466897348166,80,125.0,1066.0,456,0.8827392120075047,0.09164082337314693,107.0,132
HAP1,2,0.1,0.5,GoCo-knap (paper path),adapt_475_to_450_q0.35,0.33472059438308505,0.0986756355205325,0.2944941215565007,0.09181087081809601,79,126.0,1243.0,462,0.8986323411102172,0.09337554744056634,109.0,139
HAP1,2,0.1,0.5,GoCo-exp1 (paper path),adapt_475_to_450_q0.4,0.039591230596797464,0.09465798453534914,0.2888866057228377,0.08719110458136875,79,126.0,1200.0,441,0.895,0.08875578120383908,109.0,118
HAP1,2,0.1,0.5,GoCo-dense-knap (tie-level path),adapt_455.567_to_451.229_q0.35,0.4597977166050039,0.09968540027797143,0.2958633887017883,0.09221033819095854,79,126.0,1250.0,464,0.8992,0.09384899024917347,109.0,138
HAP1,3,0.1,0.1,GoDag (global grid),global_475,2.3526614021099773e-28,0.07263461820992403,0.25552591597599816,0.07039534113722487,84,153.0,825.0,376,0.8145454545454546,0.0724624342988239,133.0,0
HAP1,3,0.1,0.1,GoCo-source (paper path),adapt_475_to_450_q0.3,0.00048679602834856905,0.09019211364543761,0.2823117385759158,0.08849175131511434,87,158.0,1214.0,455,0.8698517298187809,0.08997611975966165,136.0,99
HAP1,3,0.1,0.1,GoCo-random1 (paper path),adapt_475_to_450_q0.4,0.0014503950091721706,0.09110069057965776,0.2836830749284847,0.08463393211946771,85,156.0,1005.0,438,0.844776119402985,0.08642529863888986,135.0,80
HAP1,3,0.1,0.1,GoCo-knap (paper path),adapt_475_to_450_q0.175,0.09053340206951332,0.09591119975856924,0.29021508497303083,0.09387346458630831,88,159.0,1263.0,480,0.8741092636579573,0.09552427777120182,136.0,131
HAP1,3,0.1,0.1,GoCo-exp1 (paper path),adapt_475_to_450_q0.25,0.0003121036622881863,0.08984073029919513,0.28192674237320486,0.08862120833097434,86,155.0,1210.0,456,0.871900826446281,0.09034599695161243,134.0,96
HAP1,3,0.1,0.1,GoCo-dense-knap (tie-level path),adapt_455.567_to_451.229_q0.175,0.05749229827175432,0.09519733675733652,0.28925923789292624,0.09336303404329409,88,159.0,1263.0,478,0.8741092636579573,0.09508782266393218,136.0,127
HAP1,3,0.1,0.5,GoDag (global grid),global_475,2.3526614021099773e-28,0.07263461820992403,0.25552591597599816,0.07039534113722487,84,153.0,825.0,376,0.8145454545454546,0.0724624342988239,133.0,0
HAP1,3,0.1,0.5,GoCo-source (paper path),adapt_475_to_450_q0.3,0.00048679602834856905,0.09019211364543761,0.2823117385759158,0.08849175131511434,87,158.0,1214.0,455,0.8698517298187809,0.08997611975966165,136.0,99
HAP1,3,0.1,0.5,GoCo-random1 (paper path),adapt_475_to_450_q0.5,0.20273752354211572,0.09743747962047616,0.2924258254338491,0.09168009279412373,86,157.0,1092.0,470,0.8562271062271062,0.09347145931354588,136.0,118
HAP1,3,0.1,0.5,GoCo-knap (paper path),adapt_475_to_450_q0.25,0.3488461853856046,0.09879624192457012,0.2941905819916986,0.09564887515000116,88,159.0,1287.0,488,0.8764568764568764,0.09729968833489466,136.0,140
HAP1,3,0.1,0.5,GoCo-exp1 (paper path),adapt_475_to_450_q0.275,0.3013682840301649,0.09838937700151922,0.29377134234071633,0.09587080147046277,87,158.0,1295.0,488,0.877992277992278,0.09729968833489466,136.0,139
HAP1,3,0.1,0.5,GoCo-dense-knap (tie-level path),adapt_455.567_to_451.229_q0.25,0.33648709338230065,0.09869267630460682,0.294042163699584,0.09558229724791015,88,159.0,1290.0,488,0.8767441860465116,0.09730708586854825,136.0,137
HAP1,4,0.1,0.1,GoDag (global grid),global_475,3.772117617049727e-33,0.07065745644499553,0.25203900929966594,0.0750087185887247,77,132.0,887.0,392,0.8511837655016911,0.07691138451344376,112.0,0
HAP1,4,0.1,0.1,GoCo-source (paper path),adapt_475_to_450_q0.4,3.094332392608798e-10,0.08237131641697365,0.27055291155711736,0.09023444936559087,79,135.0,1224.0,459,0.8897058823529411,0.09230356003065612,114.0,102
HAP1,4,0.1,0.1,GoCo-random1 (paper path),adapt_475_to_450_q0.4,0.005064025435727637,0.09227504268043897,0.28518886407553146,0.09245952492587259,79,136.0,1119.0,470,0.8784629133154602,0.09443616629295015,115.0,109
HAP1,4,0.1,0.1,GoCo-knap (paper path),adapt_475_to_450_q0.3,0.012210188134211278,0.09320871840172008,0.2864790763094009,0.09844572322597728,79,138.0,1321.0,495,0.8955336866010598,0.09984905493627164,118.0,137
HAP1,4,0.1,0.1,GoCo-exp1 (paper path),adapt_475_to_450_q0.4,4.1674509711871265e-08,0.08453509804147431,0.273914678931187,0.09356334417251497,78,134.0,1264.0,473,0.8939873417721519,0.09541052851711862,114.0,110
HAP1,4,0.1,0.1,GoCo-dense-knap (tie-level path),adapt_455.567_to_451.229_q0.35,0.09681756711633299,0.09602348389880318,0.29040446204020093,0.1000140025431296,79,139.0,1342.0,503,0.8964232488822653,0.10152829740704085,119.0,142
HAP1,4,0.1,0.5,GoDag (global grid),global_475,3.772117617049727e-33,0.07065745644499553,0.25203900929966594,0.0750087185887247,77,132.0,887.0,392,0.8511837655016911,0.07691138451344376,112.0,0
HAP1,4,0.1,0.5,GoCo-source (paper path),adapt_475_to_450_q0.6,0.440382283536841,0.09953361853487588,0.29516199566267487,0.10210750751690074,80,139.0,1373.0,512,0.898761835396941,0.10373276554765672,118.0,169
HAP1,4,0.1,0.5,GoCo-random1 (paper path),adapt_475_to_450_q0.5,0.34196546276537915,0.09873864676388328,0.29413110857311436,0.09475276357284716,79,137.0,1152.0,480,0.8810763888888888,0.09658145406182163,116.0,127
HAP1,4,0.1,0.5,GoCo-knap (paper path),adapt_475_to_450_q0.6,0.4947468834953709,0.09995897731686294,0.2957434510646212,0.10195955663218373,80,140.0,1375.0,511,0.8981818181818182,0.1035848146629397,119.0,171
HAP1,4,0.1,0.5,GoCo-exp1 (paper path),adapt_475_to_450_q0.6,0.43334654134648665,0.09947813695476047,0.29513370593710797,0.10210750751690074,80,139.0,1370.0,512,0.8985401459854014,0.10373276554765672,118.0,166
HAP1,4,0.1,0.5,GoCo-dense-knap (tie-level path),adapt_455.567_to_451.229_q0.5,0.4035165834152316,0.09924141554549647,0.2948293304950198,0.10160077573575288,79,139.0,1358.0,510,0.8976435935198822,0.10311507059966411,119.0,151
HAP1,5,0.1,0.1,GoDag (global grid),global_475,5.007164590166507e-30,0.07189621910274267,0.2544837374214001,0.07211827238731473,83,129.0,821.0,381,0.8428745432399513,0.07385511002207776,113.0,0
HAP1,5,0.1,0.1,GoCo-source (paper path),adapt_475_to_450_q0.4,5.236740260144196e-05,0.0885491423255938,0.28021368609280967,0.09031411708128807,84,132.0,1200.0,460,0.89,0.09140578320740173,115.0,116
HAP1,5,0.1,0.1,GoCo-random1 (paper path),adapt_475_to_450_q0.4,0.002170560849098574,0.09145506415673219,0.2844016508463369,0.09368369838117865,84,131.0,1074.0,478,0.8780260707635009,0.09560019065883495,114.0,123
HAP1,5,0.1,0.1,GoCo-knap (paper path),adapt_475_to_450_q0.25,0.07481598730278433,0.09559530300686374,0.2902104831957699,0.09575131193259744,84,132.0,1247.0,484,0.8941459502806736,0.09673201489848028,116.0,136
HAP1,5,0.1,0.1,GoCo-exp1 (paper path),adapt_475_to_450_q0.4,0.06731844943175992,0.0954288582599036,0.29005811387692454,0.09630612773375145,84,132.0,1268.0,487,0.8958990536277602,0.0973977938598651,115.0,146
HAP1,5,0.1,0.1,GoCo-dense-knap (tie-level path),adapt_455.567_to_451.229_q0.25,0.05998513668326154,0.09525501597763643,0.2896965578190689,0.09568473403050642,84,133.0,1250.0,484,0.8936,0.09673941243213387,117.0,133
HAP1,5,0.1,0.5,GoDag (global grid),global_475,5.007164590166507e-30,0.07189621910274267,0.2544837374214001,0.07211827238731473,83,129.0,821.0,381,0.8428745432399513,0.07385511002207776,113.0,0
HAP1,5,0.1,0.5,GoCo-source (paper path),adapt_475_to_450_q0.4,5.236740260144196e-05,0.0885491423255938,0.28021368609280967,0.09031411708128807,84,132.0,1200.0,460,0.89,0.09140578320740173,115.0,116
HAP1,5,0.1,0.5,GoCo-random1 (paper path),adapt_475_to_450_q0.5,0.2541315823027175,0.09795565595804878,0.2933631031793503,0.09726410968616915,84,131.0,1127.0,494,0.8837622005323869,0.09918060196382546,114.0,149
HAP1,5,0.1,0.5,GoCo-knap (paper path),adapt_475_to_450_q0.35,0.419532611716004,0.09936805045471105,0.29539689319688794,0.10041176466229118,84,132.0,1299.0,505,0.8983833718244804,0.10139246762817403,116.0,157
HAP1,5,0.1,0.5,GoCo-exp1 (paper path),adapt_475_to_450_q0.4,0.06731844943175992,0.0954288582599036,0.29005811387692454,0.09630612773375145,84,132.0,1268.0,487,0.8958990536277602,0.0973977938598651,115.0,146
HAP1,5,0.1,0.5,GoCo-dense-knap (tie-level path),adapt_455.567_to_451.229_q0.35,0.4326042181849584,0.09947161606640695,0.2954989194007734,0.10056711308066177,84,133.0,1304.0,506,0.8980061349693251,0.10162179148228921,117.0,155
HAP1,6,0.1,0.1,GoDag (global grid),global_475,1.0234595737957432e-30,0.07160079770041029,0.2540557833302198,0.07280758899275695,82,136.0,861.0,381,0.8420441347270615,0.07427723439558315,119.0,0
HAP1,6,0.1,0.1,GoCo-source (paper path),adapt_475_to_450_q0.4,6.660224594543422e-05,0.08873125480854188,0.2800082360127735,0.0861469300367067,83,137.0,1171.0,440,0.8830059777967549,0.08761657543953291,120.0,96
HAP1,6,0.1,0.1,GoCo-random1 (paper path),adapt_475_to_450_q0.4,0.02270564712515899,0.0939393900004139,0.2875530039835224,0.09198202310180431,84,138.0,1093.0,468,0.8737419945105215,0.09374757026083672,119.0,117
HAP1,6,0.1,0.1,GoCo-knap (paper path),adapt_475_to_450_q0.225,0.08101449692735097,0.09572933145492436,0.28994278372331755,0.09251251664298722,83,139.0,1228.0,469,0.8868078175895765,0.09377872958759494,122.0,116
HAP1,6,0.1,0.1,GoCo-exp1 (paper path),adapt_475_to_450_q0.4,0.011653291117730296,0.09315683551982568,0.28638707647235384,0.09077409380378058,83,138.0,1218.0,461,0.8866995073891626,0.0920403067483883,121.0,110
HAP1,6,0.1,0.1,GoCo-dense-knap (tie-level path),adapt_455.567_to_451.229_q0.25,0.08540212005340797,0.09581440320768411,0.29011257831069187,0.09247552891850101,83,139.0,1229.0,469,0.886899918633035,0.09377872958098102,122.0,114
HAP1,6,0.1,0.5,GoDag (global grid),global_475,1.0234595737957432e-30,0.07160079770041029,0.2540557833302198,0.07280758899275695,82,136.0,861.0,381,0.8420441347270615,0.07427723439558315,119.0,0
HAP1,6,0.1,0.5,GoCo-source (paper path),adapt_475_to_450_q0.4,6.660224594543422e-05,0.08873125480854188,0.2800082360127735,0.0861469300367067,83,137.0,1171.0,440,0.8830059777967549,0.08761657543953291,120.0,96
HAP1,6,0.1,0.5,GoCo-random1 (paper path),adapt_475_to_450_q0.5,0.4639955519601016,0.09971872126353723,0.29546807427084876,0.09508899158826681,84,138.0,1130.0,482,0.8778761061946903,0.09685453874729921,119.0,139
HAP1,6,0.1,0.5,GoCo-knap (paper path),adapt_475_to_450_q0.35,0.4223237289349338,0.09939111574254086,0.29498154710609037,0.09717296937268097,83,139.0,1275.0,490,0.8909803921568628,0.09843918231728867,122.0,137
HAP1,6,0.1,0.5,GoCo-exp1 (paper path),adapt_475_to_450_q0.4,0.011653291117730296,0.09315683551982568,0.28638707647235384,0.09077409380378058,83,138.0,1218.0,461,0.8866995073891626,0.0920403067483883,121.0,110
HAP1,6,0.1,0.5,GoCo-dense-knap (tie-level path),adapt_455.567_to_451.229_q0.35,0.41906959420070766,0.09936522433506982,0.29499674790808955,0.09713598164819476,83,139.0,1276.0,490,0.8910658307210031,0.09843918231067475,122.0,135
HAP1,7,0.1,0.1,GoDag (global grid),global_475,1.0146164946080087e-29,0.07209495777171761,0.25407658612177153,0.0716545488263732,68,109.0,782.0,372,0.860613810741688,0.07322124297215152,94.0,0
HAP1,7,0.1,0.1,GoCo-source (paper path),adapt_475_to_450_q0.4,4.8913930584253716e-05,0.08853024016789632,0.2794828814621358,0.08681740048285648,69,115.0,1084.0,437,0.8939114391143912,0.08779440470010082,99.0,88
HAP1,7,0.1,0.1,GoCo-random1 (paper path),adapt_475_to_450_q0.4,0.017136146544029895,0.09360416277852844,0.2868251402195375,0.09459063405798532,69,113.0,1054.0,474,0.8927893738140418,0.09608335276801905,97.0,134
HAP1,7,0.1,0.1,GoCo-knap (paper path),adapt_475_to_450_q0.275,0.07729068423384036,0.0956559244409382,0.28969438040549955,0.0941499357739661,69,115.0,1163.0,470,0.9011177987962167,0.09512693999121044,99.0,131
HAP1,7,0.1,0.1,GoCo-exp1 (paper path),adapt_475_to_450_q0.4,0.045263273018971054,0.09485514030105212,0.28855123730658006,0.09502867433993593,69,115.0,1182.0,474,0.9027072758037225,0.09600567855718027,99.0,133
HAP1,7,0.1,0.1,GoCo-dense-knap (tie-level path),adapt_455.567_to_451.229_q0.275,0.09885087840677886,0.09606278935737521,0.29016201421219,0.09454940314682865,70,117.0,1170.0,473,0.9,0.09563737051768986,101.0,131
HAP1,7,0.1,0.5,GoDag (global grid),global_475,1.0146164946080087e-29,0.07209495777171761,0.25407658612177153,0.0716545488263732,68,109.0,782.0,372,0.860613810741688,0.07322124297215152,94.0,0
HAP1,7,0.1,0.5,GoCo-source (paper path),adapt_475_to_450_q0.4,4.8913930584253716e-05,0.08853024016789632,0.2794828814621358,0.08681740048285648,69,115.0,1084.0,437,0.8939114391143912,0.08779440470010082,99.0,88
HAP1,7,0.1,0.5,GoCo-random1 (paper path),adapt_475_to_450_q0.5,0.4591764691605069,0.09968124518540505,0.2951934948223346,0.10129650771168143,70,115.0,1117.0,504,0.8970456580125336,0.10264127554361205,99.0,171
HAP1,7,0.1,0.5,GoCo-knap (paper path),adapt_475_to_450_q0.3,0.19183392277374461,0.09732037184440026,0.29200356598286004,0.09648016213881297,70,116.0,1195.0,481,0.902928870292887,0.0974571663560573,100.0,142
HAP1,7,0.1,0.5,GoCo-exp1 (paper path),adapt_475_to_450_q0.4,0.045263273018971054,0.09485514030105212,0.28855123730658006,0.09502867433993593,69,115.0,1182.0,474,0.9027072758037225,0.09600567855718027,99.0,133
HAP1,7,0.1,0.5,GoCo-dense-knap (tie-level path),adapt_455.567_to_451.229_q0.3,0.18844626112048568,0.09728338411991405,0.2918537166587239,0.0963248137105215,70,117.0,1196.0,481,0.9021739130434783,0.09741278108138272,101.0,139
HAP1,8,0.1,0.1,GoDag (global grid),global_475,2.3011002871967586e-40,0.06800366300626787,0.24763786370999716,0.08120090327908926,82,137.0,962.0,422,0.8575883575883576,0.08280458512289811,119.0,0
HAP1,8,0.1,0.1,GoCo-source (paper path),adapt_475_to_450_q0.4,8.801095548050001e-10,0.08279331668358192,0.2714052501055503,0.0977971972165984,83,146.0,1326.0,492,0.889894419306184,0.09904589302278972,125.0,104
HAP1,8,0.1,0.1,GoCo-random1 (paper path),adapt_475_to_450_q0.5,0.06233695454436192,0.09531207474447122,0.28983862369138313,0.10991648790627863,86,146.0,1312.0,551,0.8887195121951219,0.11179925890906461,123.0,180
HAP1,8,0.1,0.1,GoCo-knap (paper path),adapt_475_to_450_q0.4,0.042938293095030694,0.09476994044328074,0.2890712308485167,0.11045596419878657,84,147.0,1456.0,550,0.8990384615384616,0.1117046600049779,126.0,166
HAP1,8,0.1,0.1,GoCo-exp1 (paper path),adapt_475_to_450_q0.4,0.04178493445336316,0.09473295272210148,0.28896604465503484,0.11045596419878657,83,146.0,1455.0,549,0.8996563573883162,0.1117046600049779,125.0,165
HAP1,8,0.1,0.1,GoCo-dense-knap (tie-level path),adapt_455.567_to_451.229_q0.4,0.06677727635784042,0.09541722554076898,0.2899885927927294,0.11087762420567945,84,147.0,1465.0,552,0.8996587030716724,0.11220029544761538,126.0,165
HAP1,8,0.1,0.5,GoDag (global grid),global_475,2.3011002871967586e-40,0.06800366300626787,0.24763786370999716,0.08120090327908926,82,137.0,962.0,422,0.8575883575883576,0.08280458512289811,119.0,0
HAP1,8,0.1,0.5,GoCo-source (paper path),adapt_475_to_450_q0.6,0.3549188244658795,0.09884598719917612,0.29443655659850704,0.11252727652529955,84,147.0,1490.0,559,0.9013422818791946,0.11377597233149088,126.0,191
HAP1,8,0.1,0.5,GoCo-random1 (paper path),adapt_475_to_450_q0.6,0.3364586042347918,0.09869090297382987,0.29438657032300797,0.11458590735184898,86,147.0,1375.0,571,0.893090909090909,0.11646867835463495,124.0,204
HAP1,8,0.1,0.5,GoCo-knap (paper path),adapt_475_to_450_q0.4,0.042938293095030694,0.09476994044328074,0.2890712308485167,0.11045596419878657,84,147.0,1456.0,550,0.8990384615384616,0.1117046600049779,126.0,166
HAP1,8,0.1,0.5,GoCo-exp1 (paper path),adapt_475_to_450_q0.6,0.4004293672613446,0.09921586439774081,0.29511743940047364,0.11289715372386425,83,146.0,1478.0,560,0.9012178619756428,0.11414584953005558,125.0,177
HAP1,8,0.1,0.5,GoCo-dense-knap (tie-level path),adapt_455.567_to_451.229_q0.4,0.06677727635784042,0.09541722554076898,0.2899885927927294,0.11087762420567945,84,147.0,1465.0,552,0.8996587030716724,0.11220029544761538,126.0,165
HAP1,9,0.1,0.1,GoDag (global grid),global_475,9.548816749762943e-27,0.0733806344423431,0.256494342382101,0.06865463659491372,75,116.0,805.0,363,0.8559006211180125,0.07027320961951151,100.0,0
HAP1,9,0.1,0.1,GoCo-source (paper path),adapt_475_to_450_q0.5,8.511328235702175e-06,0.08741228232351188,0.2778523773926783,0.08566519297920647,80,123.0,1207.0,437,0.8980944490472246,0.08758134901841058,104.0,117
HAP1,9,0.1,0.1,GoCo-random1 (paper path),adapt_475_to_450_q0.5,0.0071777222894079075,0.09263785458072736,0.28546988706924603,0.0929834776079713,80,123.0,1098.0,472,0.8879781420765027,0.09482565820481689,103.0,143
HAP1,9,0.1,0.1,GoCo-knap (paper path),adapt_475_to_450_q0.3,0.01951407736596929,0.0937583102876485,0.28709540183543814,0.09098032836484422,80,125.0,1248.0,461,0.8998397435897436,0.09232317474726513,107.0,139
HAP1,9,0.1,0.1,GoCo-exp1 (paper path),adapt_475_to_450_q0.4,7.373446166607371e-06,0.08731796363301665,0.27788652471185715,0.08545066420893324,79,122.0,1188.0,436,0.8973063973063973,0.08714489392767574,104.0,100
HAP1,9,0.1,0.1,GoCo-dense-knap (tie-level path),adapt_455.567_to_451.229_q0.35,0.03920688243982465,0.09465341310976243,0.28839201011286675,0.09220092312076913,80,127.0,1271.0,467,0.9000786782061369,0.09361774493893464,109.0,143
HAP1,9,0.1,0.5,GoDag (global grid),global_475,9.548816749762943e-27,0.0733806344423431,0.256494342382101,0.06865463659491372,75,116.0,805.0,363,0.8559006211180125,0.07027320961951151,100.0,0
HAP1,9,0.1,0.5,GoCo-source (paper path),adapt_475_to_450_q0.5,8.511328235702175e-06,0.08741228232351188,0.2778523773926783,0.08566519297920647,80,123.0,1207.0,437,0.8980944490472246,0.08758134901841058,104.0,117
HAP1,9,0.1,0.5,GoCo-random1 (paper path),adapt_475_to_450_q0.5,0.0071777222894079075,0.09263785458072736,0.28546988706924603,0.0929834776079713,80,123.0,1098.0,472,0.8879781420765027,0.09482565820481689,103.0,143
HAP1,9,0.1,0.5,GoCo-knap (paper path),adapt_475_to_450_q0.5,0.4822301414221165,0.09986128410034269,0.2955420245135562,0.09874774958100047,80,125.0,1330.0,496,0.9060150375939849,0.10009059596342136,107.0,174
HAP1,9,0.1,0.5,GoCo-exp1 (paper path),adapt_475_to_450_q0.5,0.39425592817287847,0.09916776435055365,0.2945287009299295,0.09670602743539924,80,125.0,1317.0,486,0.9050873196659074,0.09827080013828177,106.0,170
HAP1,9,0.1,0.5,GoCo-dense-knap (tie-level path),adapt_455.567_to_451.229_q0.5,0.42657475846466875,0.09942482899968696,0.29498362561093916,0.09841486009369413,80,127.0,1332.0,495,0.9046546546546547,0.09983168191185962,109.0,171
HAP1,10,0.1,0.1,GoDag (global grid),global_475,5.668202487227261e-30,0.07196614579775044,0.254094507352946,0.07195511009896326,77,119.0,839.0,379,0.8581644815256257,0.07365496002908183,105.0,0
HAP1,10,0.1,0.1,GoCo-source (paper path),adapt_475_to_450_q0.4,4.1854213311690844e-05,0.08841586644239179,0.279570929618161,0.08607109719073038,79,123.0,1174.0,440,0.8952299829642248,0.0875396057401188,107.0,91
HAP1,10,0.1,0.1,GoCo-random1 (paper path),adapt_475_to_450_q0.4,0.06903256235592489,0.09547523703447618,0.28963766533676016,0.09213023014694016,78,121.0,1079.0,468,0.8878591288229842,0.09370230431298494,106.0,116
HAP1,10,0.1,0.1,GoCo-knap (paper path),adapt_475_to_450_q0.35,0.09589264811883874,0.09600759599038722,0.2903550879778136,0.09679753600863208,78,123.0,1282.0,488,0.9040561622464899,0.09804411823755892,108.0,139
HAP1,10,0.1,0.1,GoCo-exp1 (paper path),adapt_475_to_450_q0.4,0.00011014508551726285,0.0890816454037766,0.2805485867721707,0.08773554459419242,79,123.0,1194.0,448,0.8969849246231156,0.08920405314358086,107.0,95
HAP1,10,0.1,0.1,GoCo-dense-knap (tie-level path),adapt_455.567_to_451.229_q0.3,0.08011704901970418,0.0957116942275671,0.28989530511731587,0.09566571176898675,78,123.0,1268.0,483,0.9029968454258676,0.09698626943365818,108.0,129
HAP1,10,0.1,0.5,GoDag (global grid),global_475,5.668202487227261e-30,0.07196614579775044,0.254094507352946,0.07195511009896326,77,119.0,839.0,379,0.8581644815256257,0.07365496002908183,105.0,0
HAP1,10,0.1,0.5,GoCo-source (paper path),adapt_475_to_450_q0.5,0.15460368847092337,0.0968768074132975,0.2915659676992729,0.09772222901496472,79,123.0,1303.0,491,0.9056024558710668,0.09919073756435316,107.0,156
HAP1,10,0.1,0.5,GoCo-random1 (paper path),adapt_475_to_450_q0.4,0.06903256235592489,0.09547523703447618,0.28963766533676016,0.09213023014694016,78,121.0,1079.0,468,0.8878591288229842,0.09370230431298494,106.0,116
HAP1,10,0.1,0.5,GoCo-knap (paper path),adapt_475_to_450_q0.4,0.28309354591226943,0.09822685919500329,0.2934182730161133,0.09968257817463297,78,123.0,1308.0,501,0.9059633027522935,0.1009291604035598,108.0,152
HAP1,10,0.1,0.5,GoCo-exp1 (paper path),adapt_475_to_450_q0.5,0.3649994757096287,0.0989296258742604,0.29442002834390496,0.09971956589911918,79,123.0,1312.0,502,0.90625,0.10118807444850762,107.0,154
HAP1,10,0.1,0.5,GoCo-dense-knap (tie-level path),adapt_455.567_to_451.229_q0.4,0.3122808841444278,0.09848577323333718,0.293725463345238,0.09966038553729567,78,123.0,1309.0,501,0.906035141329259,0.1009809432019671,108.0,147
HAP1,11,0.1,0.1,GoDag (global grid),global_475,3.179618994468959e-29,0.07225158942988419,0.2549389863391323,0.07128907495731784,87,144.0,877.0,382,0.8358038768529077,0.07388526064009335,120.0,0
HAP1,11,0.1,0.1,GoCo-source (paper path),adapt_475_to_450_q0.4,0.0004893681820495788,0.09019961926211424,0.2822223438840932,0.08679010005418956,88,152.0,1256.0,448,0.8789808917197452,0.08888166756945824,126.0,108
HAP1,11,0.1,0.1,GoCo-random1 (paper path),adapt_475_to_450_q0.35,0.03263581560120045,0.09439693290130118,0.28854825236450526,0.08938716640683528,87,149.0,1107.0,461,0.8654019873532068,0.09176142577576309,124.0,108
HAP1,11,0.1,0.1,GoCo-knap (paper path),adapt_475_to_450_q0.275,0.06743152160928116,0.09543601562394283,0.28977194196173445,0.09375118897443234,88,152.0,1314.0,479,0.8843226788432268,0.09578727490958562,126.0,136
HAP1,11,0.1,0.1,GoCo-exp1 (paper path),adapt_475_to_450_q0.35,0.00041756154740734,0.09006831285043976,0.2822099444237088,0.08677900373552092,88,152.0,1246.0,448,0.8780096308186196,0.08887057125078959,126.0,99
HAP1,11,0.1,0.1,GoCo-dense-knap (tie-level path),adapt_455.567_to_451.229_q0.275,0.0879245750344842,0.09586137440427642,0.29024278453130886,0.09348487737598919,88,152.0,1313.0,479,0.8842345773038842,0.09566891418263164,126.0,131
HAP1,11,0.1,0.5,GoDag (global grid),global_475,3.179618994468959e-29,0.07225158942988419,0.2549389863391323,0.07128907495731784,87,144.0,877.0,382,0.8358038768529077,0.07388526064009335,120.0,0
HAP1,11,0.1,0.5,GoCo-source (paper path),adapt_475_to_450_q0.4,0.0004893681820495788,0.09019961926211424,0.2822223438840932,0.08679010005418956,88,152.0,1256.0,448,0.8789808917197452,0.08888166756945824,126.0,108
HAP1,11,0.1,0.5,GoCo-random1 (paper path),adapt_475_to_450_q0.4,0.13192296785281127,0.09656996145361643,0.2914214255280225,0.09274565139136418,87,149.0,1152.0,476,0.8706597222222222,0.09511991076029198,124.0,127
HAP1,11,0.1,0.5,GoCo-knap (paper path),adapt_475_to_450_q0.3,0.101507437600806,0.09610179458532765,0.29069921820554073,0.09375118897443234,88,152.0,1314.0,479,0.8843226788432268,0.09578727490958562,126.0,136
HAP1,11,0.1,0.5,GoCo-exp1 (paper path),adapt_475_to_450_q0.35,0.00041756154740734,0.09006831285043976,0.2822099444237088,0.08677900373552092,88,152.0,1246.0,448,0.8780096308186196,0.08887057125078959,126.0,99
HAP1,11,0.1,0.5,GoCo-dense-knap (tie-level path),adapt_455.567_to_451.229_q0.3,0.10032561540253504,0.09608330072473803,0.2905515491568851,0.09348487737598919,88,152.0,1313.0,479,0.8842345773038842,0.09566891418263164,126.0,131
HAP1,12,0.1,0.1,GoDag (global grid),global_475,1.7552267485547714e-30,0.0717190932131707,0.25403486179992263,0.07253156612964931,77,135.0,825.0,379,0.8363636363636363,0.07425827617334145,118.0,0
HAP1,12,0.1,0.1,GoCo-source (paper path),adapt_475_to_450_q0.4,1.0846320616801583e-07,0.08499689213022146,0.27473172117573896,0.08824657557860408,77,139.0,1178.0,446,0.8820033955857386,0.08977777911354265,121.0,112
HAP1,12,0.1,0.1,GoCo-random1 (paper path),adapt_475_to_450_q0.5,0.028375855422454542,0.09421713816235978,0.2881434036962415,0.09311681754698607,80,140.0,1060.0,471,0.8679245283018868,0.09500468837132837,120.0,121
HAP1,12,0.1,0.1,GoCo-knap (paper path),adapt_475_to_450_q0.275,0.02544586334485107,0.09408107618199843,0.2877970949946204,0.0945677769432796,79,141.0,1227.0,476,0.8850855745721271,0.09593253573787197,123.0,129
HAP1,12,0.1,0.1,GoCo-exp1 (paper path),adapt_475_to_450_q0.4,0.0009122372832860962,0.09070224795429324,0.2831356695275691,0.09309196691750105,78,140.0,1229.0,469,0.8860862489829129,0.09462317045243962,122.0,126
HAP1,12,0.1,0.1,GoCo-dense-knap (tie-level path),adapt_455.567_to_451.229_q0.275,0.030101273052370713,0.09429560495392514,0.28815249601152926,0.094819293441346,79,142.0,1238.0,477,0.8852988691437803,0.09629501539616916,123.0,132
HAP1,12,0.1,0.5,GoDag (global grid),global_475,1.7552267485547714e-30,0.0717190932131707,0.25403486179992263,0.07253156612964931,77,135.0,825.0,379,0.8363636363636363,0.07425827617334145,118.0,0
HAP1,12,0.1,0.5,GoCo-source (paper path),adapt_475_to_450_q0.5,0.11698967421452733,0.09635212219824962,0.2909656072308176,0.09725308541954225,79,142.0,1282.0,487,0.8892355694227769,0.09869181965649314,123.0,161
HAP1,12,0.1,0.5,GoCo-random1 (paper path),adapt_475_to_450_q0.5,0.028375855422454542,0.09421713816235978,0.2881434036962415,0.09311681754698607,80,140.0,1060.0,471,0.8679245283018868,0.09500468837132837,120.0,121
HAP1,12,0.1,0.5,GoCo-knap (paper path),adapt_475_to_450_q0.35,0.16183712905195002,0.09696611834799931,0.2918236296831157,0.09841449983348542,79,142.0,1274.0,493,0.8885400313971743,0.0998532340704363,123.0,149
HAP1,12,0.1,0.5,GoCo-exp1 (paper path),adapt_475_to_450_q0.5,0.2487816390612358,0.09790560644148087,0.2931086701444738,0.0988065696627735,79,142.0,1296.0,494,0.8904320987654321,0.10024530389972437,123.0,165
HAP1,12,0.1,0.5,GoCo-dense-knap (tie-level path),adapt_455.567_to_451.229_q0.4,0.3682869388243877,0.09895605768361887,0.29460426583590255,0.09970167249150134,80,143.0,1291.0,500,0.8892331525948877,0.10117739444632452,124.0,157
HAP1,13,0.1,0.1,GoDag (global grid),global_475,1.9921466152803566e-28,0.07260128808510219,0.2554878131863596,0.07047311142847583,75,125.0,856.0,366,0.8539719626168224,0.0721469018203229,109.0,0
HAP1,13,0.1,0.1,GoCo-source (paper path),adapt_475_to_450_q0.4,2.545714856650136e-05,0.08807244507659556,0.27948466427751256,0.08462619831098539,75,128.0,1211.0,426,0.8943022295623452,0.08614675386503332,111.0,100
HAP1,13,0.1,0.1,GoCo-random1 (paper path),adapt_475_to_450_q0.4,0.0019202775615490989,0.09134057435528257,0.28435193242697204,0.09037250484088977,79,132.0,1105.0,455,0.8805429864253393,0.09236069084457223,111.0,122
HAP1,13,0.1,0.1,GoCo-knap (paper path),adapt_475_to_450_q0.275,0.05641367260908877,0.09516377560050288,0.2895476888199786,0.09570402047843654,79,134.0,1306.0,478,0.8973966309341501,0.09720608217685528,115.0,144
HAP1,13,0.1,0.1,GoCo-exp1 (paper path),adapt_475_to_450_q0.4,0.003672247968679488,0.09194875813944574,0.2851070707494094,0.09206073004644921,76,129.0,1284.0,460,0.8995327102803738,0.09358128560049715,112.0,129
HAP1,13,0.1,0.1,GoCo-dense-knap (tie-level path),adapt_455.567_to_451.229_q0.275,0.054367197368438244,0.095108294018734,0.28952865924645377,0.09565963520706891,79,134.0,1310.0,478,0.8977099236641222,0.09723567234123225,115.0,141
HAP1,13,0.1,0.5,GoDag (global grid),global_475,1.9921466152803566e-28,0.07260128808510219,0.2554878131863596,0.07047311142847583,75,125.0,856.0,366,0.8539719626168224,0.0721469018203229,109.0,0
HAP1,13,0.1,0.5,GoCo-source (paper path),adapt_475_to_450_q0.5,0.24512011966282277,0.09786942732820922,0.2931594825158964,0.09895893984300214,78,133.0,1366.0,491,0.9026354319180088,0.10023907522095928,115.0,175
HAP1,13,0.1,0.5,GoCo-random1 (paper path),adapt_475_to_450_q0.5,0.10848032399393709,0.09621370647431637,0.2911259198002648,0.09639410567095795,81,134.0,1173.0,483,0.8857630008525149,0.09838229167464041,113.0,157
HAP1,13,0.1,0.5,GoCo-knap (paper path),adapt_475_to_450_q0.4,0.3197071912585073,0.09854815198754238,0.29417495750718836,0.09936580476605304,79,134.0,1346.0,494,0.9004457652303121,0.1008678664644718,115.0,162
HAP1,13,0.1,0.5,GoCo-exp1 (paper path),adapt_475_to_450_q0.5,0.3962458107367428,0.0991824913920427,0.2949992292376383,0.10169603113089992,77,132.0,1382.0,503,0.9044862518089725,0.10297616650885706,114.0,179
HAP1,13,0.1,0.5,GoCo-dense-knap (tie-level path),adapt_455.567_to_451.229_q0.4,0.48816504828230123,0.0999074507020232,0.2961171628930045,0.09980225986009485,80,135.0,1362.0,497,0.9008810572687225,0.10145227243000277,115.0,171
HAP1,14,0.1,0.1,GoDag (global grid),global_475,5.315295092928905e-32,0.071153877622244,0.25247293219557715,0.0738504025084783,71,129.0,859.0,384,0.8498253783469151,0.07588270960042491,113.0,0
HAP1,14,0.1,0.1,GoCo-source (paper path),adapt_475_to_450_q0.35,1.879723745369379e-05,0.0879205072069639,0.278210647406288,0.08962936389197575,74,133.0,1195.0,454,0.8887029288702929,0.09171715256403776,116.0,105
HAP1,14,0.1,0.1,GoCo-random1 (paper path),adapt_475_to_450_q0.4,0.008712382689226158,0.09284753573143212,0.28557738749311384,0.09087954884204026,74,136.0,1092.0,460,0.8754578754578755,0.09289336207835769,118.0,112
HAP1,14,0.1,0.1,GoCo-knap (paper path),adapt_475_to_450_q0.2,7.977094432497348e-28,0.07115613532083541,0.2518949567054413,0.0741315091841495,73,131.0,898.0,385,0.8541202672605791,0.07621929785621151,114.0,26
HAP1,14,0.1,0.1,GoCo-exp1 (paper path),adapt_475_to_450_q0.35,0.08756128125437623,0.09586362009458789,0.2895975411926625,0.09902424480033567,74,137.0,1298.0,495,0.8944530046224961,0.10052022995998529,120.0,156
HAP1,14,0.1,0.1,GoCo-dense-knap (tie-level path),adapt_455.567_to_451.229_q0.2,1.3043226091876215e-27,0.0712670984827197,0.2519678313690279,0.07403534110776065,74,138.0,911.0,385,0.8485181119648738,0.07567927713889945,121.0,26
HAP1,14,0.1,0.5,GoDag (global grid),global_475,5.315295092928905e-32,0.071153877622244,0.25247293219557715,0.0738504025084783,71,129.0,859.0,384,0.8498253783469151,0.07588270960042491,113.0,0
HAP1,14,0.1,0.5,GoCo-source (paper path),adapt_475_to_450_q0.5,0.4368522291022442,0.09950691052657522,0.2944845954599804,0.10390662385049101,74,137.0,1345.0,517,0.8981412639405204,0.10540260901014063,120.0,182
HAP1,14,0.1,0.5,GoCo-random1 (paper path),adapt_475_to_450_q0.5,0.22924230936344775,0.09771696908033217,0.2923494937131215,0.09372760329016885,75,138.0,1129.0,473,0.8777679362267493,0.09559346564838318,120.0,131
HAP1,14,0.1,0.5,GoCo-knap (paper path),adapt_475_to_450_q0.2,7.977094432497348e-28,0.07115613532083541,0.2518949567054413,0.0741315091841495,73,131.0,898.0,385,0.8541202672605791,0.07621929785621151,114.0,26
HAP1,14,0.1,0.5,GoCo-exp1 (paper path),adapt_475_to_450_q0.4,0.19024430939053988,0.09730614117758835,0.29160007800856813,0.10079965536402852,74,137.0,1314.0,503,0.895738203957382,0.10229564052367814,120.0,164
HAP1,14,0.1,0.5,GoCo-dense-knap (tie-level path),adapt_455.567_to_451.229_q0.2,1.3043226091876215e-27,0.0712670984827197,0.2519678313690279,0.07403534110776065,74,138.0,911.0,385,0.8485181119648738,0.07567927713889945,121.0,26
HAP1,15,0.1,0.1,GoDag (global grid),global_475,4.7606063654200186e-27,0.07322970533696377,0.2563909475809172,0.0690068045074655,81,128.0,826.0,368,0.8450363196125908,0.07083399788279349,112.0,0
HAP1,15,0.1,0.1,GoCo-source (paper path),adapt_475_to_450_q0.5,0.000286841973099527,0.08978357146375453,0.2816286093934878,0.08585999496661448,82,132.0,1149.0,441,0.8851174934725848,0.08783513922004556,114.0,98
HAP1,15,0.1,0.1,GoCo-random1 (paper path),adapt_475_to_450_q0.35,0.004132130166844367,0.09207046936901474,0.2850209519737892,0.087855746672781,82,131.0,1032.0,451,0.873062015503876,0.08983089092621209,113.0,109
HAP1,15,0.1,0.1,GoCo-knap (paper path),adapt_475_to_450_q0.25,0.07134199819110011,0.09552591500900556,0.2897474883186325,0.09001158633551701,82,134.0,1172.0,459,0.8856655290102389,0.0916908288327419,116.0,116
HAP1,15,0.1,0.1,GoCo-exp1 (paper path),adapt_475_to_450_q0.4,5.1131641361619354e-05,0.0885444828389726,0.27990882182787297,0.08438048615912781,81,131.0,1124.0,434,0.8834519572953736,0.08628165497681431,114.0,84
HAP1,15,0.1,0.1,GoCo-dense-knap (tie-level path),adapt_455.567_to_451.229_q0.25,2.8927649352636873e-06,0.08676537350679947,0.2770978599316595,0.08240534191231065,82,134.0,1095.0,425,0.8776255707762557,0.08415855984528013,116.0,74
HAP1,15,0.1,0.5,GoDag (global grid),global_475,4.7606063654200186e-27,0.07322970533696377,0.2563909475809172,0.0690068045074655,81,128.0,826.0,368,0.8450363196125908,0.07083399788279349,112.0,0
HAP1,15,0.1,0.5,GoCo-source (paper path),adapt_475_to_450_q0.5,0.000286841973099527,0.08978357146375453,0.2816286093934878,0.08585999496661448,82,132.0,1149.0,441,0.8851174934725848,0.08783513922004556,114.0,98
HAP1,15,0.1,0.5,GoCo-random1 (paper path),adapt_475_to_450_q0.4,0.23882144441759123,0.09780911413751811,0.29289474774271584,0.09369980644714128,82,132.0,1090.0,477,0.8788990825688073,0.09552699982246927,114.0,141
HAP1,15,0.1,0.5,GoCo-knap (paper path),adapt_475_to_450_q0.3,0.24740911132297122,0.0978931290950317,0.29298173715584164,0.09334048114244112,82,134.0,1214.0,474,0.8896210873146623,0.095019723639666,116.0,135
HAP1,15,0.1,0.5,GoCo-exp1 (paper path),adapt_475_to_450_q0.4,5.1131641361619354e-05,0.0885444828389726,0.27990882182787297,0.08438048615912781,81,131.0,1124.0,434,0.8834519572953736,0.08628165497681431,114.0,84
HAP1,15,0.1,0.5,GoCo-dense-knap (tie-level path),adapt_455.567_to_451.229_q0.3,0.32038295055580546,0.09855520928132232,0.29393042665575136,0.09506410889449883,82,134.0,1240.0,482,0.8919354838709678,0.09681732682746831,116.0,141
HAP1,16,0.1,0.1,GoDag (global grid),global_475,4.167623388619089e-26,0.07367317712145975,0.2570122816657304,0.06797203701030821,86,146.0,822.0,369,0.8223844282238443,0.07066668850141158,125.0,0
HAP1,16,0.1,0.1,GoCo-source (paper path),adapt_475_to_450_q0.5,9.409678587877253e-05,0.08896985363514488,0.2803985421442164,0.08480303483211989,87,149.0,1147.0,441,0.8700959023539668,0.08698197183043387,127.0,105
HAP1,16,0.1,0.1,GoCo-random1 (paper path),adapt_475_to_450_q0.4,0.089898405491254,0.09589976719648796,0.29017967143818174,0.08833747570098266,88,152.0,1041.0,461,0.8539865513928915,0.09121706578806142,128.0,115
HAP1,16,0.1,0.1,GoCo-knap (paper path),adapt_475_to_450_q0.225,0.07578592003554717,0.09562472906831736,0.2896449378474277,0.08931183790861634,87,150.0,1173.0,462,0.8721227621483376,0.09128734244871183,128.0,118
HAP1,16,0.1,0.1,GoCo-exp1 (paper path),adapt_475_to_450_q0.4,5.368498433472333e-05,0.08858148257764403,0.27985867841855316,0.08463289131667949,87,149.0,1136.0,441,0.8688380281690141,0.08681182831499347,127.0,90
HAP1,16,0.1,0.1,GoCo-dense-knap (tie-level path),adapt_455.567_to_451.229_q0.225,0.06770170636635181,0.09544718800764902,0.28946293841325565,0.08918607965792966,88,153.0,1178.0,462,0.870118845500849,0.09119857191589743,131.0,117
HAP1,16,0.1,0.5,GoDag (global grid),global_475,4.167623388619089e-26,0.07367317712145975,0.2570122816657304,0.06797203701030821,86,146.0,822.0,369,0.8223844282238443,0.07066668850141158,125.0,0
HAP1,16,0.1,0.5,GoCo-source (paper path),adapt_475_to_450_q0.5,9.409678587877253e-05,0.08896985363514488,0.2803985421442164,0.08480303483211989,87,149.0,1147.0,441,0.8700959023539668,0.08698197183043387,127.0,105
HAP1,16,0.1,0.5,GoCo-random1 (paper path),adapt_475_to_450_q0.5,0.48648128159252185,0.09989444096479688,0.2956632907497164,0.09162938279003448,89,154.0,1082.0,476,0.8576709796672828,0.09436102199901013,130.0,137
HAP1,16,0.1,0.5,GoCo-knap (paper path),adapt_475_to_450_q0.3,0.39522565308738483,0.09917555019570307,0.29453914884238164,0.0941942169587717,87,150.0,1232.0,484,0.8782467532467533,0.09616972149886717,128.0,140
HAP1,16,0.1,0.5,GoCo-exp1 (paper path),adapt_475_to_450_q0.4,5.368498433472333e-05,0.08858148257764403,0.27985867841855316,0.08463289131667949,87,149.0,1136.0,441,0.8688380281690141,0.08681182831499347,127.0,90
HAP1,16,0.1,0.5,GoCo-dense-knap (tie-level path),adapt_455.567_to_451.229_q0.35,0.4995745017463991,0.09999667757711196,0.29571796099730874,0.09540001663085465,88,153.0,1251.0,490,0.8776978417266187,0.09741250888882243,131.0,145
HAP1,17,0.1,0.1,GoDag (global grid),global_475,1.6089267567422571e-34,0.07013338025172491,0.2510791863241265,0.0762315630396895,72,116.0,903.0,393,0.8715393133997785,0.07801605239874301,101.0,0
HAP1,17,0.1,0.1,GoCo-source (paper path),adapt_475_to_450_q0.35,0.00016083632262968174,0.08935852491499792,0.2808335316350879,0.08992432094895464,75,120.0,1229.0,454,0.9023596419853539,0.09172898542203746,104.0,95
HAP1,17,0.1,0.1,GoCo-random1 (paper path),adapt_475_to_450_q0.35,0.0915373572296157,0.09593045018874588,0.29017871409942214,0.09974297545469976,74,121.0,1202.0,497,0.8993344425956739,0.1012517381715764,105.0,142
HAP1,17,0.1,0.1,GoCo-knap (paper path),adapt_475_to_450_q0.275,0.0980026568559122,0.09604668929260199,0.2902467969626709,0.0972626846179505,76,124.0,1308.0,487,0.9051987767584098,0.09867897803683943,107.0,130
HAP1,17,0.1,0.1,GoCo-exp1 (paper path),adapt_475_to_450_q0.3,0.010697267934254726,0.09306654385491524,0.286057569847501,0.09399297015962207,75,122.0,1274.0,472,0.9042386185243328,0.0955017328764987,106.0,114
HAP1,17,0.1,0.1,GoCo-dense-knap (tie-level path),adapt_455.567_to_451.229_q0.275,0.0888081510089398,0.09588024454894883,0.2901015057539643,0.09705555337802389,77,126.0,1313.0,487,0.904036557501904,0.0985828099505297,109.0,127
HAP1,17,0.1,0.5,GoDag (global grid),global_475,1.6089267567422571e-34,0.07013338025172491,0.2510791863241265,0.0762315630396895,72,116.0,903.0,393,0.8715393133997785,0.07801605239874301,101.0,0
HAP1,17,0.1,0.5,GoCo-source (paper path),adapt_475_to_450_q0.5,0.4889484405768164,0.0999137554259841,0.29551077256239944,0.1009651553985335,76,124.0,1357.0,502,0.9086219602063376,0.10238144881742244,107.0,163
HAP1,17,0.1,0.5,GoCo-random1 (paper path),adapt_475_to_450_q0.4,0.14997639445552408,0.0968181554705923,0.2914108567691469,0.1008526070570078,74,121.0,1214.0,502,0.9003294892915981,0.10236136977388442,105.0,148
HAP1,17,0.1,0.5,GoCo-knap (paper path),adapt_475_to_450_q0.35,0.29977503509054354,0.09837691565744887,0.293462737842019,0.09881616886118175,76,124.0,1325.0,494,0.9064150943396226,0.10023246228007068,107.0,138
HAP1,17,0.1,0.5,GoCo-exp1 (paper path),adapt_475_to_450_q0.4,0.38127930245466124,0.09906303786531692,0.29440787233305055,0.09978154835386695,76,124.0,1338.0,498,0.9073243647234679,0.10119784177275588,107.0,147
HAP1,17,0.1,0.5,GoCo-dense-knap (tie-level path),adapt_455.567_to_451.229_q0.4,0.46977024186667976,0.09976395515702695,0.29543657321832806,0.10016252186448639,77,126.0,1344.0,501,0.90625,0.1016897784369922,109.0,142
HAP1,18,0.1,0.1,GoDag (global grid),global_475,2.3341732958453198e-26,0.07354906924453007,0.2568893490500021,0.06826162205647746,89,142.0,817.0,374,0.8261933904528764,0.06983113430086581,125.0,0
HAP1,18,0.1,0.1,GoCo-source (paper path),adapt_475_to_450_q0.4,0.00011124760576142544,0.08908853857313798,0.2805637243540801,0.08303027426765275,90,145.0,1134.0,435,0.8721340388007055,0.08437997377545792,128.0,97
HAP1,18,0.1,0.1,GoCo-random1 (paper path),adapt_475_to_450_q0.5,0.06618752093415367,0.09541106093435144,0.28949667602779766,0.09270099391751536,93,149.0,1108.0,481,0.8655234657039711,0.09428371605783688,129.0,148
HAP1,18,0.1,0.1,GoCo-knap (paper path),adapt_475_to_450_q0.25,6.807086043621019e-24,0.07304727660613593,0.25558107155467213,0.06961694178227261,90,143.0,879.0,378,0.8373151308304891,0.07100891296764612,126.0,35
HAP1,18,0.1,0.1,GoCo-exp1 (paper path),adapt_475_to_450_q0.35,3.792864474043612e-05,0.08834878417600857,0.27951304814361133,0.08278615530985385,90,145.0,1123.0,434,0.8708815672306323,0.08413585481765902,128.0,88
HAP1,18,0.1,0.1,GoCo-dense-knap (tie-level path),adapt_455.567_to_451.229_q0.25,8.060347105859938e-24,0.07309905941446411,0.25551705348116815,0.06963913441299599,90,146.0,886.0,378,0.835214446952596,0.07092014243813868,129.0,35
HAP1,18,0.1,0.5,GoDag (global grid),global_475,2.3341732958453198e-26,0.07354906924453007,0.2568893490500021,0.06826162205647746,89,142.0,817.0,374,0.8261933904528764,0.06983113430086581,125.0,0
HAP1,18,0.1,0.5,GoCo-source (paper path),adapt_475_to_450_q0.5,0.42676785017198804,0.09942660634015277,0.29485638073483267,0.09214774726882173,92,148.0,1237.0,477,0.8803556992724333,0.09340497747863921,130.0,152
HAP1,18,0.1,0.5,GoCo-random1 (paper path),adapt_475_to_450_q0.5,0.06618752093415367,0.09541106093435144,0.28949667602779766,0.09270099391751536,93,149.0,1108.0,481,0.8655234657039711,0.09428371605783688,129.0,148
HAP1,18,0.1,0.5,GoCo-knap (paper path),adapt_475_to_450_q0.25,6.807086043621019e-24,0.07304727660613593,0.25558107155467213,0.06961694178227261,90,143.0,879.0,378,0.8373151308304891,0.07100891296764612,126.0,35
HAP1,18,0.1,0.5,GoCo-exp1 (paper path),adapt_475_to_450_q0.4,0.36237066180926714,0.09890877826348496,0.2941856485803356,0.09123784934963801,91,147.0,1219.0,472,0.8794093519278097,0.09249507955945549,129.0,137
HAP1,18,0.1,0.5,GoCo-dense-knap (tie-level path),adapt_455.567_to_451.229_q0.25,8.060347105859938e-24,0.07309905941446411,0.25551705348116815,0.06963913441299599,90,146.0,886.0,378,0.835214446952596,0.07092014243813868,129.0,35
HAP1,19,0.1,0.1,GoDag (global grid),global_475,2.300608664596466e-36,0.06941857025670715,0.2500916694220888,0.07789945302806428,70,120.0,863.0,396,0.8609501738122828,0.07911969550678162,105.0,0
HAP1,19,0.1,0.1,GoCo-source (paper path),adapt_475_to_450_q0.4,0.008499981408991381,0.09281338212446959,0.2858483949613037,0.09929420712374604,71,123.0,1301.0,488,0.9054573405073021,0.1002946368658802,107.0,147
HAP1,19,0.1,0.1,GoCo-random1 (paper path),adapt_475_to_450_q0.4,0.06838067052726006,0.09546091830828324,0.289592440884513,0.10679214637225541,72,122.0,1192.0,526,0.8976510067114094,0.10802559875351982,106.0,167
HAP1,19,0.1,0.1,GoCo-knap (paper path),adapt_475_to_450_q0.2,0.002431623885512958,0.09157059472790041,0.28417234778634864,0.09814388903177848,71,123.0,1278.0,483,0.903755868544601,0.09914431877391264,107.0,131
HAP1,19,0.1,0.1,GoCo-exp1 (paper path),adapt_475_to_450_q0.4,3.696286103008858e-06,0.08690565864026838,0.2773425599753407,0.09625381653276063,71,123.0,1266.0,475,0.9028436018957346,0.09725424627489479,107.0,121
HAP1,19,0.1,0.1,GoCo-dense-knap (tie-level path),adapt_455.567_to_451.229_q0.225,0.09606076043960676,0.09600912113217211,0.29046384000670633,0.10187964875513958,71,123.0,1321.0,500,0.906888720666162,0.10288007849727374,107.0,147
HAP1,19,0.1,0.5,GoDag (global grid),global_475,2.300608664596466e-36,0.06941857025670715,0.2500916694220888,0.07789945302806428,70,120.0,863.0,396,0.8609501738122828,0.07911969550678162,105.0,0
HAP1,19,0.1,0.5,GoCo-source (paper path),adapt_475_to_450_q0.6,0.4207215972036243,0.09937870244198357,0.29483324309782977,0.1075424687053117,72,124.0,1387.0,526,0.9105984138428262,0.10854289844744586,108.0,189
HAP1,19,0.1,0.5,GoCo-random1 (paper path),adapt_475_to_450_q0.5,0.4500844250022573,0.09960987570018065,0.2952226527262981,0.10883386852116358,72,122.0,1227.0,535,0.9005704971475142,0.11006732090242799,106.0,180
HAP1,19,0.1,0.5,GoCo-knap (paper path),adapt_475_to_450_q0.3,0.4451420890645693,0.0995710385831869,0.295205214666804,0.10702094185024275,72,124.0,1367.0,524,0.9092904169714704,0.1080213715923769,108.0,179
HAP1,19,0.1,0.5,GoCo-exp1 (paper path),adapt_475_to_450_q0.5,0.26160153922611074,0.09802865065531735,0.2931369662544827,0.10650681253874826,71,123.0,1370.0,521,0.9102189781021898,0.1075072422808824,107.0,176
HAP1,19,0.1,0.5,GoCo-dense-knap (tie-level path),adapt_455.567_to_451.229_q0.3,0.42638724735307837,0.09942308770012337,0.2951143186037462,0.10701724307514857,72,124.0,1369.0,524,0.9094229364499635,0.10801767281728271,108.0,176
HAP1,20,0.1,0.1,GoDag (global grid),global_475,7.980553385595669e-31,0.07159996736672117,0.25358705528395975,0.07280952643803157,72,123.0,878.0,377,0.8599088838268792,0.07407662004589559,110.0,0
HAP1,20,0.1,0.1,GoCo-source (paper path),adapt_475_to_450_q0.4,4.779524007579977e-05,0.08851643381379892,0.27941743958234805,0.0879950030441026,74,125.0,1212.0,442,0.8968646864686468,0.08915281475013592,110.0,98
HAP1,20,0.1,0.1,GoCo-random1 (paper path),adapt_475_to_450_q0.35,0.047625084404094555,0.09492588532642952,0.288727946673011,0.09324725930605049,74,126.0,1140.0,466,0.8894736842105263,0.09466398505041772,110.0,126
HAP1,20,0.1,0.1,GoCo-knap (paper path),adapt_475_to_450_q0.25,8.356846253560338e-07,0.08608449122645671,0.2758118496822718,0.08586451036238003,74,125.0,1175.0,433,0.8936170212765957,0.08702232206841336,110.0,79
HAP1,20,0.1,0.1,GoCo-exp1 (paper path),adapt_475_to_450_q0.35,3.289836333126727e-05,0.0882575197688511,0.27931179040448884,0.08795801532623031,74,125.0,1205.0,442,0.8962655601659751,0.08911582703226363,110.0,91
HAP1,20,0.1,0.1,GoCo-dense-knap (tie-level path),adapt_455.567_to_451.229_q0.225,7.527744575772813e-07,0.0860245262817891,0.2757954599353161,0.08595328089188746,74,125.0,1172.0,433,0.893344709897611,0.08711109259792078,110.0,76
HAP1,20,0.1,0.5,GoDag (global grid),global_475,7.980553385595669e-31,0.07159996736672117,0.25358705528395975,0.07280952643803157,72,123.0,878.0,377,0.8599088838268792,0.07407662004589559,110.0,0
HAP1,20,0.1,0.5,GoCo-source (paper path),adapt_475_to_450_q0.4,4.779524007579977e-05,0.08851643381379892,0.27941743958234805,0.0879950030441026,74,125.0,1212.0,442,0.8968646864686468,0.08915281475013592,110.0,98
HAP1,20,0.1,0.5,GoCo-random1 (paper path),adapt_475_to_450_q0.4,0.1411042115659461,0.09670129589012237,0.29120271432780875,0.09435689090835853,74,126.0,1162.0,471,0.891566265060241,0.09577361665272575,110.0,136
HAP1,20,0.1,0.5,GoCo-knap (paper path),adapt_475_to_450_q0.35,0.4268997623538357,0.09942781124421082,0.29477381166109834,0.09881021239151173,74,126.0,1329.0,491,0.9051918735891648,0.10004199953990357,110.0,152
HAP1,20,0.1,0.5,GoCo-exp1 (paper path),adapt_475_to_450_q0.4,0.3369145645117684,0.09869730376497513,0.29381656043529086,0.09827758922769501,74,126.0,1332.0,488,0.9054054054054054,0.09950937637608685,110.0,158
HAP1,20,0.1,0.5,GoCo-dense-knap (tie-level path),adapt_455.567_to_451.229_q0.3,0.3249422773361742,0.09859558753586588,0.29371321341249285,0.09845513028009595,74,126.0,1327.0,489,0.9050489826676714,0.09968691742848779,110.0,150
HAP1,21,0.1,0.1,GoDag (global grid),global_475,3.975934137190128e-31,0.07147746527628095,0.2533556216296345,0.07309536464905876,81,137.0,888.0,388,0.8457207207207207,0.07455462627063261,122.0,0
HAP1,21,0.1,0.1,GoCo-source (paper path),adapt_475_to_450_q0.4,3.909568676078441e-05,0.08837742564304374,0.2793375734683968,0.09139107618459426,82,141.0,1280.0,468,0.88984375,0.09258613981475208,125.0,119
HAP1,21,0.1,0.1,GoCo-random1 (paper path),adapt_475_to_450_q0.4,0.014328889501960694,0.09338846912502555,0.28683561988506845,0.09380848790096062,81,139.0,1140.0,479,0.8780701754385964,0.09534172496489297,123.0,125
HAP1,21,0.1,0.1,GoCo-knap (paper path),adapt_475_to_450_q0.275,0.07119174836194452,0.09552345316091539,0.2896888026625151,0.10079862257731104,83,143.0,1375.0,510,0.896,0.10195669848959657,126.0,163
HAP1,21,0.1,0.1,GoCo-exp1 (paper path),adapt_475_to_450_q0.4,0.06787180932965578,0.09545132710775744,0.28945153193590467,0.0993524027192164,84,144.0,1384.0,504,0.8959537572254336,0.10062144179173274,126.0,169
HAP1,21,0.1,0.1,GoCo-dense-knap (tie-level path),adapt_455.567_to_451.229_q0.25,0.05555580299638407,0.09514617841050882,0.28921417494767226,0.10060628642784031,83,144.0,1377.0,509,0.8954248366013072,0.10180135005799813,127.0,160
HAP1,21,0.1,0.5,GoDag (global grid),global_475,3.975934137190128e-31,0.07147746527628095,0.2533556216296345,0.07309536464905876,81,137.0,888.0,388,0.8457207207207207,0.07455462627063261,122.0,0
HAP1,21,0.1,0.5,GoCo-source (paper path),adapt_475_to_450_q0.5,0.2828494881310011,0.09822540611352754,0.29328994832124206,0.10356900280798693,85,145.0,1420.0,524,0.897887323943662,0.10483804188050326,127.0,190
HAP1,21,0.1,0.5,GoCo-random1 (paper path),adapt_475_to_450_q0.4,0.014328889501960694,0.09338846912502555,0.28683561988506845,0.09380848790096062,81,139.0,1140.0,479,0.8780701754385964,0.09534172496489297,123.0,125
HAP1,21,0.1,0.5,GoCo-knap (paper path),adapt_475_to_450_q0.35,0.2786673955482376,0.09818656900645466,0.29337151532503497,0.10301788578192711,83,143.0,1395.0,520,0.8974910394265233,0.10417596169421263,126.0,173
HAP1,21,0.1,0.5,GoCo-exp1 (paper path),adapt_475_to_450_q0.5,0.3602505310560971,0.09889118507491235,0.2941998243852441,0.10312515016706372,84,144.0,1418.0,521,0.8984485190409027,0.10439418923958005,126.0,186
HAP1,21,0.1,0.5,GoCo-dense-knap (tie-level path),adapt_455.567_to_451.229_q0.4,0.4704980899219271,0.09976964342233027,0.2954436959228574,0.1038464107118709,84,145.0,1415.0,524,0.8975265017667845,0.10515243750225953,127.0,187
HAP1,22,0.1,0.1,GoDag (global grid),global_475,5.172473540968762e-33,0.07071268067843836,0.25211998694325294,0.07487986204402478,81,134.0,863.0,393,0.8447276940903824,0.07686240381457464,114.0,0
HAP1,22,0.1,0.1,GoCo-source (paper path),adapt_475_to_450_q0.5,0.0643290557208837,0.095372319887849,0.2891329327397511,0.10398328932282451,82,139.0,1365.0,519,0.8981684981684982,0.10531494329955067,118.0,168
HAP1,22,0.1,0.1,GoCo-random1 (paper path),adapt_475_to_450_q0.5,0.004294226175679072,0.09211660792767552,0.2847709892467176,0.09873526025178217,84,139.0,1156.0,500,0.879757785467128,0.10081195257871986,117.0,139
HAP1,22,0.1,0.1,GoCo-knap (paper path),adapt_475_to_450_q0.4,0.09998310666711568,0.09608248411068057,0.2901700946399513,0.10431248002842274,82,139.0,1361.0,522,0.8978692138133725,0.10564413400514888,118.0,160
HAP1,22,0.1,0.1,GoCo-exp1 (paper path),adapt_475_to_450_q0.4,0.002453430227402438,0.09158847612133303,0.2838587878130949,0.10031780626011381,82,139.0,1327.0,503,0.8952524491333835,0.10164946023683996,118.0,146
HAP1,22,0.1,0.1,GoCo-dense-knap (tie-level path),adapt_455.567_to_451.229_q0.35,0.04577748392476996,0.09487298566019646,0.2884664130636758,0.10338038947851563,82,139.0,1355.0,518,0.8974169741697416,0.10482300660885867,118.0,153
HAP1,22,0.1,0.5,GoDag (global grid),global_475,5.172473540968762e-33,0.07071268067843836,0.25211998694325294,0.07487986204402478,81,134.0,863.0,393,0.8447276940903824,0.07686240381457464,114.0,0
HAP1,22,0.1,0.5,GoCo-source (paper path),adapt_475_to_450_q0.6,0.2924150530652417,0.09831284363396528,0.29315712498273294,0.10797796309113344,82,139.0,1403.0,537,0.9009265858873842,0.10930961706785959,118.0,188
HAP1,22,0.1,0.5,GoCo-random1 (paper path),adapt_475_to_450_q0.6,0.3266247680493529,0.09860980218541765,0.2937627420549451,0.10602184110914291,85,141.0,1242.0,533,0.8864734299516909,0.10795058255797749,119.0,182
HAP1,22,0.1,0.5,GoCo-knap (paper path),adapt_475_to_450_q0.4,0.09998310666711568,0.09608248411068057,0.2901700946399513,0.10431248002842274,82,139.0,1361.0,522,0.8978692138133725,0.10564413400514888,118.0,160
HAP1,22,0.1,0.5,GoCo-exp1 (paper path),adapt_475_to_450_q0.6,0.30503217950547334,0.09842380679419609,0.2934036709859357,0.10790398764877493,82,139.0,1400.0,537,0.9007142857142857,0.10923564162550108,118.0,185
HAP1,22,0.1,0.5,GoCo-dense-knap (tie-level path),adapt_455.567_to_451.229_q0.4,0.11427167605901789,0.0963155067431969,0.2904816674382477,0.10493387372174688,82,139.0,1369.0,525,0.8984660336011687,0.10637649085208992,118.0,160
HAP1,23,0.1,0.1,GoDag (global grid),global_475,1.1139305600052611e-33,0.07043908135630637,0.25178336808424534,0.07551826046233277,73,118.0,841.0,389,0.8596908442330559,0.07695179880392906,102.0,0
HAP1,23,0.1,0.1,GoCo-source (paper path),adapt_475_to_450_q0.5,4.7580902901799364e-06,0.08705860926470807,0.27745672225899376,0.09105838685434128,76,123.0,1208.0,455,0.8981788079470199,0.09254740677605297,105.0,114
HAP1,23,0.1,0.1,GoCo-random1 (paper path),adapt_475_to_450_q0.4,0.015947337934533384,0.09351244603713195,0.2870231199590211,0.09508106561234618,74,119.0,1070.0,475,0.888785046728972,0.09657008553405788,102.0,118
HAP1,23,0.1,0.1,GoCo-knap (paper path),adapt_475_to_450_q0.35,0.05956597354304443,0.09524953987695776,0.2893741091053283,0.0988295068455917,77,124.0,1276.0,491,0.9028213166144201,0.1003185267673034,106.0,140
HAP1,23,0.1,0.1,GoCo-exp1 (paper path),adapt_475_to_450_q0.4,3.392079078141085e-05,0.08827735463804634,0.2793483960155356,0.09268954530841131,76,123.0,1215.0,463,0.8987654320987655,0.094178565230123,105.0,107
HAP1,23,0.1,0.1,GoCo-dense-knap (tie-level path),adapt_455.567_to_451.229_q0.35,0.09084767341166222,0.09591531883503562,0.2903404551580807,0.09880731420825441,77,124.0,1276.0,491,0.9028213166144201,0.10029633412996611,106.0,137
HAP1,23,0.1,0.5,GoDag (global grid),global_475,1.1139305600052611e-33,0.07043908135630637,0.25178336808424534,0.07551826046233277,73,118.0,841.0,389,0.8596908442330559,0.07695179880392906,102.0,0
HAP1,23,0.1,0.5,GoCo-source (paper path),adapt_475_to_450_q0.6,0.33236526236556996,0.09865795828392121,0.29396554105421957,0.10185880111460151,77,124.0,1317.0,504,0.90584662110858,0.1033478210363132,106.0,170
HAP1,23,0.1,0.5,GoCo-random1 (paper path),adapt_475_to_450_q0.5,0.4882759597495653,0.09990840742370313,0.29582924457561904,0.1017943368063098,76,121.0,1148.0,506,0.8945993031358885,0.10333883830813688,103.0,158
HAP1,23,0.1,0.5,GoCo-knap (paper path),adapt_475_to_450_q0.5,0.42947656442430887,0.09944764610679215,0.29506901313159056,0.10238032797297741,77,124.0,1310.0,507,0.9053435114503817,0.10386934789468912,106.0,159
HAP1,23,0.1,0.5,GoCo-exp1 (paper path),adapt_475_to_450_q0.5,0.19047001267369762,0.09730420772712124,0.29208605806234783,0.10026832915349797,76,123.0,1293.0,497,0.9048723897911833,0.10175734907520965,105.0,151
HAP1,23,0.1,0.5,GoCo-dense-knap (tie-level path),adapt_455.567_to_451.229_q0.4,0.23811639080880237,0.09780169255895928,0.2929480004115994,0.10080465109240887,77,124.0,1294.0,500,0.9041731066460588,0.10229367101412057,106.0,146
HAP1,24,0.1,0.1,GoDag (global grid),global_475,2.3112539549547016e-36,0.06944114375425106,0.2499143587376532,0.07784678153379515,81,149.0,906.0,410,0.8355408388520972,0.07957605353221331,133.0,0
HAP1,24,0.1,0.1,GoCo-source (paper path),adapt_475_to_450_q0.5,0.03548575904995138,0.09451829985815897,0.2881973426636744,0.10247109199080846,86,160.0,1358.0,519,0.882179675994109,0.10412110459378598,139.0,161
HAP1,24,0.1,0.1,GoCo-random1 (paper path),adapt_475_to_450_q0.6,0.030612166483445134,0.094317253192914,0.28819920709294833,0.10809322544470713,85,157.0,1263.0,544,0.8756927949326999,0.10972474418544155,137.0,180
HAP1,24,0.1,0.1,GoCo-knap (paper path),adapt_475_to_450_q0.35,0.061748653541145795,0.09530243952665601,0.289527153941552,0.10309988322770706,85,159.0,1350.0,522,0.8822222222222222,0.10452796951022299,139.0,150
HAP1,24,0.1,0.1,GoCo-exp1 (paper path),adapt_475_to_450_q0.5,0.08669946471395207,0.09583876146556693,0.2901744607956176,0.10361771130437487,85,159.0,1363.0,525,0.8833455612619222,0.1051937484716078,139.0,159
HAP1,24,0.1,0.1,GoCo-dense-knap (tie-level path),adapt_455.567_to_451.229_q0.35,0.055694366790721685,0.09514709109505759,0.28938402898208543,0.10313687094888632,85,159.0,1351.0,522,0.8823094004441154,0.10463893266714683,139.0,148
HAP1,24,0.1,0.5,GoDag (global grid),global_475,2.3112539549547016e-36,0.06944114375425106,0.2499143587376532,0.07784678153379515,81,149.0,906.0,410,0.8355408388520972,0.07957605353221331,133.0,0
HAP1,24,0.1,0.5,GoCo-source (paper path),adapt_475_to_450_q0.6,0.27790227105268295,0.09818008414577549,0.2932812177607444,0.10579998679773256,86,160.0,1388.0,534,0.8847262247838616,0.10744999940071008,139.0,176
HAP1,24,0.1,0.5,GoCo-random1 (paper path),adapt_475_to_450_q0.6,0.030612166483445134,0.094317253192914,0.28819920709294833,0.10809322544470713,85,157.0,1263.0,544,0.8756927949326999,0.10972474418544155,137.0,180
HAP1,24,0.1,0.5,GoCo-knap (paper path),adapt_475_to_450_q0.35,0.061748653541145795,0.09530243952665601,0.289527153941552,0.10309988322770706,85,159.0,1350.0,522,0.8822222222222222,0.10452796951022299,139.0,150
HAP1,24,0.1,0.5,GoCo-exp1 (paper path),adapt_475_to_450_q0.6,0.391092137817429,0.09914176486667346,0.2946884361035041,0.10583697450899093,85,159.0,1385.0,535,0.8851985559566787,0.10741301167622387,139.0,171
HAP1,24,0.1,0.5,GoCo-dense-knap (tie-level path),adapt_455.567_to_451.229_q0.35,0.055694366790721685,0.09514709109505759,0.28938402898208543,0.10313687094888632,85,159.0,1351.0,522,0.8823094004441154,0.10463893266714683,139.0,148
HAP1,25,0.1,0.1,GoDag (global grid),global_475,2.3861420961174013e-31,0.07134539029666039,0.25356616195421877,0.07340353960150674,79,146.0,896.0,381,0.8370535714285714,0.0749681201567927,129.0,0
HAP1,25,0.1,0.1,GoCo-source (paper path),adapt_475_to_450_q0.4,1.341211467857509e-05,0.08767099621967374,0.2787439518386198,0.08785622703185147,82,153.0,1231.0,443,0.875710804224208,0.08945251134531369,135.0,103
HAP1,25,0.1,0.1,GoCo-random1 (paper path),adapt_475_to_450_q0.4,0.009729624884064722,0.09294835129183131,0.28649314550010047,0.0929071644095384,82,151.0,1148.0,468,0.8684668989547039,0.09439776952246587,133.0,125
HAP1,25,0.1,0.1,GoCo-knap (paper path),adapt_475_to_450_q0.3,0.08305501350295652,0.09576469396240596,0.2903385066178931,0.09634490878620097,83,155.0,1315.0,482,0.8821292775665399,0.0977932422215601,137.0,139
HAP1,25,0.1,0.1,GoCo-exp1 (paper path),adapt_475_to_450_q0.35,0.0010290749704567753,0.09079645856837934,0.28351350090582833,0.09104086972584578,82,153.0,1260.0,458,0.8785714285714286,0.09256317860356342,136.0,110
HAP1,25,0.1,0.1,GoCo-dense-knap (tie-level path),adapt_455.567_to_451.229_q0.3,0.07849720187493911,0.09567222465780434,0.2902961611288059,0.09628572843099138,84,156.0,1320.0,482,0.8818181818181818,0.09777104958422281,138.0,138
HAP1,25,0.1,0.5,GoDag (global grid),global_475,2.3861420961174013e-31,0.07134539029666039,0.25356616195421877,0.07340353960150674,79,146.0,896.0,381,0.8370535714285714,0.0749681201567927,129.0,0
HAP1,25,0.1,0.5,GoCo-source (paper path),adapt_475_to_450_q0.4,1.341211467857509e-05,0.08767099621967374,0.2787439518386198,0.08785622703185147,82,153.0,1231.0,443,0.875710804224208,0.08945251134531369,135.0,103
HAP1,25,0.1,0.5,GoCo-random1 (paper path),adapt_475_to_450_q0.4,0.009729624884064722,0.09294835129183131,0.28649314550010047,0.0929071644095384,82,151.0,1148.0,468,0.8684668989547039,0.09439776952246587,133.0,125
HAP1,25,0.1,0.5,GoCo-knap (paper path),adapt_475_to_450_q0.35,0.28099416591325693,0.09820588348748363,0.2937075399242282,0.09745454038850901,83,155.0,1331.0,487,0.8835462058602555,0.09890287382386813,137.0,145
HAP1,25,0.1,0.5,GoCo-exp1 (paper path),adapt_475_to_450_q0.4,0.22512746663122746,0.09767141093281285,0.29279401778433917,0.0977171532019371,83,155.0,1337.0,488,0.8840688107703815,0.09916548663729623,137.0,153
HAP1,25,0.1,0.5,GoCo-dense-knap (tie-level path),adapt_455.567_to_451.229_q0.35,0.214394635952956,0.097558598381728,0.2929056662866244,0.0973953600332994,84,156.0,1334.0,487,0.8830584707646177,0.09888068118653083,138.0,143
HAP1,26,0.1,0.1,GoDag (global grid),global_475,2.153485593916323e-28,0.07266843212502343,0.2550246780332853,0.07031644200199295,69,114.0,807.0,370,0.8587360594795539,0.0723064774097573,98.0,0
HAP1,26,0.1,0.1,GoCo-source (paper path),adapt_475_to_450_q0.4,3.0827922708447736e-07,0.08556882076418458,0.274766562363395,0.08635590261504007,69,119.0,1179.0,437,0.899067005937235,0.08797606083085364,101.0,106
HAP1,26,0.1,0.1,GoCo-random1 (paper path),adapt_475_to_450_q0.4,0.03971594981708144,0.09467546164963016,0.2881807544984347,0.09722500837119061,72,122.0,1128.0,490,0.8918439716312057,0.09925203150344117,103.0,152
HAP1,26,0.1,0.1,GoCo-knap (paper path),adapt_475_to_450_q0.275,0.08866653502678107,0.09588178170657242,0.2898038163517129,0.0963425870424263,72,122.0,1282.0,485,0.9048361934477379,0.09796274525823986,104.0,155
HAP1,26,0.1,0.1,GoCo-exp1 (paper path),adapt_475_to_450_q0.4,3.1577762276684965e-06,0.08683380078982365,0.2767969419063833,0.08724360789688651,69,118.0,1182.0,442,0.9001692047377327,0.08878979067034157,101.0,99
HAP1,26,0.1,0.1,GoCo-dense-knap (tie-level path),adapt_455.567_to_451.229_q0.25,0.0616774103617446,0.0953084720431753,0.2890455592143854,0.09580256632180728,73,125.0,1280.0,483,0.90234375,0.09745971225549314,107.0,150
HAP1,26,0.1,0.5,GoDag (global grid),global_475,2.153485593916323e-28,0.07266843212502343,0.2550246780332853,0.07031644200199295,69,114.0,807.0,370,0.8587360594795539,0.0723064774097573,98.0,0
HAP1,26,0.1,0.5,GoCo-source (paper path),adapt_475_to_450_q0.6,0.4855717648000708,0.09988755179520348,0.2950973174212891,0.10018930993263213,70,120.0,1330.0,499,0.9097744360902256,0.10180946814844569,102.0,181
HAP1,26,0.1,0.5,GoCo-random1 (paper path),adapt_475_to_450_q0.4,0.03971594981708144,0.09467546164963016,0.2881807544984347,0.09722500837119061,72,122.0,1128.0,490,0.8918439716312057,0.09925203150344117,103.0,152
HAP1,26,0.1,0.5,GoCo-knap (paper path),adapt_475_to_450_q0.4,0.25920827431848337,0.09800857560989383,0.2927415220563121,0.098931727452221,72,122.0,1315.0,496,0.9072243346007605,0.10055188566803457,104.0,170
HAP1,26,0.1,0.5,GoCo-exp1 (paper path),adapt_475_to_450_q0.5,0.31887993544147786,0.09854489755376519,0.29338445940535596,0.09885775200324856,70,120.0,1312.0,494,0.9085365853658537,0.10047791021906213,102.0,168
HAP1,26,0.1,0.5,GoCo-dense-knap (tie-level path),adapt_455.567_to_451.229_q0.4,0.2553365679491105,0.09797158788871459,0.29273831993243504,0.09868760848780816,73,125.0,1317.0,496,0.9050873196659074,0.10034475442149403,107.0,165
HAP1,27,0.1,0.1,GoDag (global grid),global_475,5.376086074184744e-22,0.07568314403227488,0.2605592118101708,0.06328211421840624,82,137.0,763.0,342,0.8204456094364351,0.064824502129741,122.0,0
HAP1,27,0.1,0.1,GoCo-source (paper path),adapt_475_to_450_q0.4,0.006563078604255032,0.09253653865084349,0.28565495533230495,0.08238204446597677,84,140.0,1137.0,426,0.8768689533861038,0.08378440744205945,125.0,113
HAP1,27,0.1,0.1,GoCo-random1 (paper path),adapt_475_to_450_q0.35,0.031806558475046404,0.09436584561170339,0.2883520946082062,0.07954191598054096,83,141.0,957.0,414,0.8526645768025078,0.08101032844951721,125.0,98
HAP1,27,0.1,0.1,GoCo-knap (paper path),adapt_475_to_450_q0.125,0.0007818991840432396,0.09057434010197468,0.2829315423035789,0.07790283156377815,85,141.0,1060.0,407,0.8669811320754717,0.07943465155572083,125.0,78
HAP1,27,0.1,0.1,GoCo-exp1 (paper path),adapt_475_to_450_q0.3,0.04463043542132411,0.0948279279086175,0.2889366669524516,0.0863545255969484,85,141.0,1179.0,445,0.8804071246819338,0.08775688857303109,126.0,128
HAP1,27,0.1,0.1,GoCo-dense-knap (tie-level path),adapt_455.567_to_451.229_q0.15,0.0013924755046136822,0.09106627677613187,0.28359275598644973,0.07874615158417783,85,143.0,1075.0,410,0.8669767441860465,0.0801670084158897,127.0,81
HAP1,27,0.1,0.5,GoDag (global grid),global_475,5.376086074184744e-22,0.07568314403227488,0.2605592118101708,0.06328211421840624,82,137.0,763.0,342,0.8204456094364351,0.064824502129741,122.0,0
HAP1,27,0.1,0.5,GoCo-source (paper path),adapt_475_to_450_q0.4,0.006563078604255032,0.09253653865084349,0.28565495533230495,0.08238204446597677,84,140.0,1137.0,426,0.8768689533861038,0.08378440744205945,125.0,113
HAP1,27,0.1,0.5,GoCo-random1 (paper path),adapt_475_to_450_q0.4,0.1748110058814723,0.09712143075523036,0.29216338675993253,0.08330145352584122,85,143.0,1001.0,432,0.8571428571428571,0.08472759431724912,127.0,120
HAP1,27,0.1,0.5,GoCo-knap (paper path),adapt_475_to_450_q0.225,0.2917372945536779,0.09830477360356558,0.29349923291437,0.08725119760128534,86,143.0,1178.0,449,0.8786078098471987,0.08857958513500952,127.0,135
HAP1,27,0.1,0.5,GoCo-exp1 (paper path),adapt_475_to_450_q0.35,0.4020187525403499,0.0992294666032843,0.29480246381472924,0.08976636256210761,85,142.0,1217.0,460,0.8833196384552178,0.09102077466008719,127.0,149
HAP1,27,0.1,0.5,GoCo-dense-knap (tie-level path),adapt_455.567_to_451.229_q0.225,0.2686626456725616,0.09809394359185174,0.29333091040604875,0.08735476321794168,86,144.0,1184.0,449,0.8783783783783784,0.08872013846953816,128.0,134
HAP1,28,0.1,0.1,GoDag (global grid),global_475,8.127731153945382e-27,0.07336597660772923,0.2562743084371745,0.06868883820901275,61,105.0,784.0,354,0.8660714285714286,0.06999080596409847,95.0,0
HAP1,28,0.1,0.1,GoCo-source (paper path),adapt_475_to_450_q0.4,3.898064549358491e-06,0.08692840768187193,0.27756380783905654,0.08431975264722276,64,110.0,1158.0,422,0.9050086355785838,0.08575285868318251,97.0,104
HAP1,28,0.1,0.1,GoCo-random1 (paper path),adapt_475_to_450_q0.4,0.0017934409592366063,0.0912924382754606,0.2838307202759268,0.08829064861343429,64,109.0,1013.0,441,0.8923988153998026,0.08981622394076783,95.0,114
HAP1,28,0.1,0.1,GoCo-knap (paper path),adapt_475_to_450_q0.3,0.011050043161926778,0.09309611000911003,0.28636922563095313,0.09066314664262165,65,112.0,1215.0,450,0.9078189300411522,0.09178185706013212,99.0,132
HAP1,28,0.1,0.1,GoCo-exp1 (paper path),adapt_475_to_450_q0.4,0.0001321683798604436,0.0892031524666034,0.2809688570803382,0.08587323689045401,63,109.0,1170.0,428,0.9068376068376068,0.08708441660595215,97.0,106
HAP1,28,0.1,0.1,GoCo-dense-knap (tie-level path),adapt_455.567_to_451.229_q0.3,0.009826014529412964,0.0929666529882896,0.2862013459588438,0.0906483515422449,65,113.0,1223.0,450,0.9076042518397384,0.09180404967762765,100.0,131
HAP1,28,0.1,0.5,GoDag (global grid),global_475,8.127731153945382e-27,0.07336597660772923,0.2562743084371745,0.06868883820901275,61,105.0,784.0,354,0.8660714285714286,0.06999080596409847,95.0,0
HAP1,28,0.1,0.5,GoCo-source (paper path),adapt_475_to_450_q0.5,0.22799455758188047,0.09770108115868838,0.29275578250009693,0.09266048352677611,66,113.0,1252.0,459,0.9097444089456869,0.09400112026474818,99.0,153
HAP1,28,0.1,0.5,GoCo-random1 (paper path),adapt_475_to_450_q0.5,0.3472435569353362,0.09878245159103984,0.2942762084195995,0.09447129663696725,65,111.0,1091.0,468,0.8982584784601283,0.09584892108619769,97.0,156
HAP1,28,0.1,0.5,GoCo-knap (paper path),adapt_475_to_450_q0.4,0.24483191604512344,0.09786752589903458,0.29303170878187634,0.09288240984723772,65,112.0,1241.0,460,0.9097502014504432,0.09400112026474818,99.0,142
HAP1,28,0.1,0.5,GoCo-exp1 (paper path),adapt_475_to_450_q0.5,0.28025195348770093,0.09820041537972699,0.29348799443446755,0.0922166308858529,66,113.0,1245.0,458,0.9092369477911647,0.09355726762382496,99.0,146
HAP1,28,0.1,0.5,GoCo-dense-knap (tie-level path),adapt_455.567_to_451.229_q0.4,0.22078145618519407,0.09762710571798335,0.29271728673811237,0.09286761474686096,65,113.0,1249.0,460,0.9095276220976781,0.09402331288224372,100.0,141
HAP1,29,0.1,0.1,GoDag (global grid),global_475,9.215302958829597e-32,0.07123480455881519,0.2527728221329628,0.07366157298981217,58,101.0,806.0,370,0.8746898263027295,0.07486420227615663,89.0,0
HAP1,29,0.1,0.1,GoCo-source (paper path),adapt_475_to_450_q0.4,8.440192435289586e-07,0.08610058729146197,0.2756074369682523,0.0915319257433606,58,101.0,1217.0,448,0.9170090386195563,0.09251474229312187,89.0,114
HAP1,29,0.1,0.1,GoCo-random1 (paper path),adapt_475_to_450_q0.4,0.018593948826089245,0.09370816872515945,0.28665099929966176,0.09790332473506941,59,102.0,1114.0,479,0.9084380610412927,0.09910595402141385,90.0,137
HAP1,29,0.1,0.1,GoCo-knap (paper path),adapt_475_to_450_q0.35,0.07643636705337863,0.09564420366076909,0.28927230680809607,0.10103037225845597,59,102.0,1309.0,492,0.922077922077922,0.10201318880821725,90.0,155
HAP1,29,0.1,0.1,GoCo-exp1 (paper path),adapt_475_to_450_q0.4,0.010824515686989528,0.09308756761421536,0.28574638221438553,0.09781244061176268,58,101.0,1281.0,477,0.9211553473848556,0.09879525716152394,89.0,142
HAP1,29,0.1,0.1,GoCo-dense-knap (tie-level path),adapt_455.567_to_451.229_q0.35,0.07011432267164468,0.09550734909141376,0.28916044153207354,0.10105996243275381,59,103.0,1313.0,492,0.9215536938309216,0.10204277898251507,91.0,155
HAP1,29,0.1,0.5,GoDag (global grid),global_475,9.215302958829597e-32,0.07123480455881519,0.2527728221329628,0.07366157298981217,58,101.0,806.0,370,0.8746898263027295,0.07486420227615663,89.0,0
HAP1,29,0.1,0.5,GoCo-source (paper path),adapt_475_to_450_q0.6,0.46364029444141286,0.09971655164322375,0.29482999104978586,0.10562424709267262,59,102.0,1366.0,512,0.9253294289897511,0.1066070636424339,90.0,190
HAP1,29,0.1,0.5,GoCo-random1 (paper path),adapt_475_to_450_q0.5,0.2679446335014657,0.09809121355427619,0.2927173280621187,0.1012322195419935,59,102.0,1144.0,494,0.9108391608391608,0.10243484882833796,90.0,153
HAP1,29,0.1,0.5,GoCo-knap (paper path),adapt_475_to_450_q0.4,0.20055026246054147,0.09741961422446194,0.2917380854602803,0.10236193018122562,59,102.0,1324.0,498,0.9229607250755287,0.10334474673098688,90.0,162
HAP1,29,0.1,0.5,GoCo-exp1 (paper path),adapt_475_to_450_q0.5,0.3431662424896119,0.09875117214723159,0.2935667822932122,0.10458119338584168,59,102.0,1349.0,508,0.9243884358784284,0.10556400993560294,90.0,176
HAP1,29,0.1,0.5,GoCo-dense-knap (tie-level path),adapt_455.567_to_451.229_q0.4,0.1882068127345466,0.09728275965510662,0.29162799919601773,0.10239152035552346,59,103.0,1328.0,498,0.9224397590361446,0.10337433690528472,91.0,162
HAP1,30,0.1,0.1,GoDag (global grid),global_475,3.929187990537159e-24,0.0745973417176501,0.25878136735910856,0.06581565295253072,75,121.0,805.0,346,0.8496894409937888,0.06799740802299907,98.0,0
HAP1,30,0.1,0.1,GoCo-source (paper path),adapt_475_to_450_q0.4,0.0013104126984954877,0.09101882921362314,0.28334588674577804,0.08226029723684257,76,127.0,1183.0,414,0.8926458157227388,0.08389103134843544,103.0,106
HAP1,30,0.1,0.1,GoCo-random1 (paper path),adapt_475_to_450_q0.3,0.0411763075433202,0.09471416665688388,0.288851937961881,0.08658997406972233,76,126.0,1070.0,436,0.8822429906542056,0.08864395337611689,102.0,125
HAP1,30,0.1,0.1,GoCo-knap (paper path),adapt_475_to_450_q0.225,0.035782185562061926,0.09452341568870805,0.2885324295590738,0.08572974537168139,76,127.0,1202.0,430,0.8943427620632279,0.08736047948327426,103.0,116
HAP1,30,0.1,0.1,GoCo-exp1 (paper path),adapt_475_to_450_q0.4,0.0813830074211484,0.09573476352343228,0.29008248647608725,0.08666183592158849,76,127.0,1237.0,434,0.8973322554567502,0.08829257003318136,103.0,129
HAP1,30,0.1,0.1,GoCo-dense-knap (tie-level path),adapt_455.567_to_451.229_q0.225,0.06271367686564357,0.09532419982528718,0.28966666804159374,0.0860531077060073,76,128.0,1213.0,432,0.8944765045342127,0.08781329883346016,104.0,118
HAP1,30,0.1,0.5,GoDag (global grid),global_475,3.929187990537159e-24,0.0745973417176501,0.25878136735910856,0.06581565295253072,75,121.0,805.0,346,0.8496894409937888,0.06799740802299907,98.0,0
HAP1,30,0.1,0.5,GoCo-source (paper path),adapt_475_to_450_q0.4,0.0013104126984954877,0.09101882921362314,0.28334588674577804,0.08226029723684257,76,127.0,1183.0,414,0.8926458157227388,0.08389103134843544,103.0,106
HAP1,30,0.1,0.5,GoCo-random1 (paper path),adapt_475_to_450_q0.35,0.1288299626035755,0.09652656493844904,0.2913041085035214,0.0888092372743384,77,127.0,1098.0,447,0.8843351548269581,0.09086321658073294,103.0,139
HAP1,30,0.1,0.5,GoCo-knap (paper path),adapt_475_to_450_q0.275,0.289811867906314,0.09828691620874076,0.2935829666371883,0.08840182793309728,76,127.0,1244.0,442,0.8979099678456591,0.09003256204469015,103.0,135
HAP1,30,0.1,0.5,GoCo-exp1 (paper path),adapt_475_to_450_q0.4,0.0813830074211484,0.09573476352343228,0.29008248647608725,0.08666183592158849,76,127.0,1237.0,434,0.8973322554567502,0.08829257003318136,103.0,129
HAP1,30,0.1,0.5,GoCo-dense-knap (tie-level path),adapt_455.567_to_451.229_q0.3,0.3232035849636224,0.09857911919315973,0.2940245197480804,0.08921555777258519,76,128.0,1260.0,446,0.8984126984126984,0.09092026731992266,104.0,137
HAP1,31,0.1,0.1,GoDag (global grid),global_475,7.059930906333151e-28,0.07287796515605058,0.2555741622708941,0.06982753159626293,75,129.0,801.0,368,0.8389513108614233,0.07086688653792057,118.0,0
HAP1,31,0.1,0.1,GoCo-source (paper path),adapt_475_to_450_q0.35,2.9160463234056215e-05,0.08818471721587211,0.2790501790823207,0.08748705435793928,76,133.0,1160.0,445,0.8853448275862069,0.08823050754339072,122.0,104
HAP1,31,0.1,0.1,GoCo-random1 (paper path),adapt_475_to_450_q0.35,0.0385099773311682,0.09462639286823131,0.2884921930725114,0.08920169939504853,79,136.0,1050.0,455,0.8704761904761905,0.09046298065055385,122.0,119
HAP1,31,0.1,0.1,GoCo-knap (paper path),adapt_475_to_450_q0.2,0.07963863257303339,0.09570247132150904,0.289853788036666,0.09350495641622023,80,139.0,1238.0,475,0.8877221324717286,0.09434087889304545,126.0,144
HAP1,31,0.1,0.1,GoCo-exp1 (paper path),adapt_475_to_450_q0.35,0.04403978956253754,0.09481476603635565,0.28860088650623766,0.09424471081334963,76,133.0,1234.0,476,0.8922204213938412,0.09493268241868567,122.0,136
HAP1,31,0.1,0.1,GoCo-dense-knap (tie-level path),adapt_455.567_to_451.229_q0.175,0.06302046814522283,0.09533629288646416,0.289386447172268,0.09354934168097394,80,139.0,1241.0,475,0.8879935535858179,0.09445923959354374,126.0,140
HAP1,31,0.1,0.5,GoDag (global grid),global_475,7.059930906333151e-28,0.07287796515605058,0.2555741622708941,0.06982753159626293,75,129.0,801.0,368,0.8389513108614233,0.07086688653792057,118.0,0
HAP1,31,0.1,0.5,GoCo-source (paper path),adapt_475_to_450_q0.4,0.21244081727618241,0.09754261039643884,0.2923426425506808,0.09567983435938954,79,138.0,1263.0,483,0.8907363420427553,0.09651575683621476,125.0,157
HAP1,31,0.1,0.5,GoCo-random1 (paper path),adapt_475_to_450_q0.4,0.1677809902745961,0.09703984160325128,0.29181811454248796,0.09211633173865422,79,136.0,1081.0,468,0.8741905642923219,0.09337761299415953,122.0,135
HAP1,31,0.1,0.5,GoCo-knap (paper path),adapt_475_to_450_q0.275,0.36382471959724844,0.09892040296820233,0.2942904466331697,0.09528036697991309,80,139.0,1257.0,483,0.8894192521877486,0.0961162894567383,126.0,152
HAP1,31,0.1,0.5,GoCo-exp1 (paper path),adapt_475_to_450_q0.35,0.04403978956253754,0.09481476603635565,0.28860088650623766,0.09424471081334963,76,133.0,1234.0,476,0.8922204213938412,0.09493268241868567,122.0,136
HAP1,31,0.1,0.5,GoCo-dense-knap (tie-level path),adapt_455.567_to_451.229_q0.25,0.3597995180109198,0.09888711401384986,0.29428843734968435,0.0953247522446668,80,139.0,1260.0,483,0.8896825396825396,0.0962346501572366,126.0,148
HAP1,32,0.1,0.1,GoDag (global grid),global_475,4.34424953614101e-27,0.0732234983924838,0.256247608234871,0.06902128737791877,70,118.0,800.0,358,0.8525,0.07010899052929995,108.0,0
HAP1,32,0.1,0.1,GoCo-source (paper path),adapt_475_to_450_q0.4,2.7573052525136003e-05,0.0881547307454238,0.2788448152715657,0.08467605967972472,71,122.0,1131.0,425,0.8921308576480991,0.08543087335702741,112.0,93
HAP1,32,0.1,0.1,GoCo-random1 (paper path),adapt_475_to_450_q0.4,0.06455187733656077,0.09537605470384537,0.2892363686892825,0.09251958594764544,70,119.0,1082.0,461,0.890018484288355,0.09360728909902662,109.0,134
HAP1,32,0.1,0.1,GoCo-knap (paper path),adapt_475_to_450_q0.3,0.020347036334952415,0.09381385192050173,0.28693980720669054,0.09138933087368832,71,122.0,1200.0,456,0.8983333333333333,0.09208866297087562,112.0,128
HAP1,32,0.1,0.1,GoCo-exp1 (paper path),adapt_475_to_450_q0.4,0.00016387827598976116,0.08937532550465568,0.28077091898566825,0.08571171583967424,71,121.0,1141.0,431,0.8939526730937774,0.08661448039508003,111.0,92
HAP1,32,0.1,0.1,GoCo-dense-knap (tie-level path),adapt_455.567_to_451.229_q0.225,5.4355439166412496e-21,0.07466113010790948,0.25789731961845086,0.06990316429179984,71,121.0,849.0,359,0.8574793875147232,0.07084291656507792,111.0,27
HAP1,32,0.1,0.5,GoDag (global grid),global_475,4.34424953614101e-27,0.0732234983924838,0.256247608234871,0.06902128737791877,70,118.0,800.0,358,0.8525,0.07010899052929995,108.0,0
HAP1,32,0.1,0.5,GoCo-source (paper path),adapt_475_to_450_q0.5,0.28769741644424784,0.09827087219197699,0.29305792678701564,0.09582785728292047,71,122.0,1266.0,474,0.9036334913112164,0.09652718938010775,112.0,160
HAP1,32,0.1,0.5,GoCo-random1 (paper path),adapt_475_to_450_q0.5,0.4478458146320976,0.0995926547926159,0.2949520137301107,0.0980677439591856,70,119.0,1125.0,486,0.8942222222222223,0.09915544711056679,109.0,163
HAP1,32,0.1,0.5,GoCo-knap (paper path),adapt_475_to_450_q0.4,0.3770271742211698,0.0990291204513495,0.2941836052628603,0.09604978360338207,71,122.0,1256.0,477,0.9028662420382165,0.09674911570056935,112.0,149
HAP1,32,0.1,0.5,GoCo-exp1 (paper path),adapt_475_to_450_q0.5,0.3884572592320765,0.0991215897493372,0.2943043624135273,0.09604978360338207,71,122.0,1263.0,476,0.9034045922406968,0.09674911570056935,112.0,155
HAP1,32,0.1,0.5,GoCo-dense-knap (tie-level path),adapt_455.567_to_451.229_q0.225,5.4355439166412496e-21,0.07466113010790948,0.25789731961845086,0.06990316429179984,71,121.0,849.0,359,0.8574793875147232,0.07084291656507792,111.0,27
HAP1,33,0.1,0.1,GoDag (global grid),global_475,5.9941486736131465e-28,0.07285705576843016,0.2554213192003756,0.06987632016737727,73,127.0,823.0,368,0.8456865127582017,0.07224036386766489,107.0,0
HAP1,33,0.1,0.1,GoCo-source (paper path),adapt_475_to_450_q0.4,0.00020297007276362988,0.08953982880161278,0.28081066281996236,0.08205637638694807,74,131.0,1092.0,419,0.88003663003663,0.08365107551580844,110.0,81
HAP1,33,0.1,0.1,GoCo-random1 (paper path),adapt_475_to_450_q0.4,0.018610197710129926,0.09370596707693958,0.2868004299087118,0.08933186094548191,77,133.0,1056.0,455,0.8740530303030303,0.09201030026421883,108.0,115
HAP1,33,0.1,0.1,GoCo-knap (paper path),adapt_475_to_450_q0.225,0.05947810467938737,0.09525443155349915,0.28893851340113375,0.088612169563056,79,137.0,1159.0,451,0.8817946505608283,0.09039180729450567,113.0,119
HAP1,33,0.1,0.1,GoCo-exp1 (paper path),adapt_475_to_450_q0.35,0.0001359495449030675,0.08924392703879266,0.28046558787116954,0.08201938866246186,73,128.0,1081.0,419,0.8815911193339501,0.08390998954752843,107.0,72
HAP1,33,0.1,0.1,GoCo-dense-knap (tie-level path),adapt_455.567_to_451.229_q0.2,0.06067034550431998,0.0952840217261435,0.2889901982237869,0.08853079657381606,79,137.0,1159.0,451,0.8817946505608283,0.09038440974101034,113.0,115
HAP1,33,0.1,0.5,GoDag (global grid),global_475,5.9941486736131465e-28,0.07285705576843016,0.2554213192003756,0.06987632016737727,73,127.0,823.0,368,0.8456865127582017,0.07224036386766489,107.0,0
HAP1,33,0.1,0.5,GoCo-source (paper path),adapt_475_to_450_q0.4,0.00020297007276362988,0.08953982880161278,0.28081066281996236,0.08205637638694807,74,131.0,1092.0,419,0.88003663003663,0.08365107551580844,110.0,81
HAP1,33,0.1,0.5,GoCo-random1 (paper path),adapt_475_to_450_q0.4,0.018610197710129926,0.09370596707693958,0.2868004299087118,0.08933186094548191,77,133.0,1056.0,455,0.8740530303030303,0.09201030026421883,108.0,115
HAP1,33,0.1,0.5,GoCo-knap (paper path),adapt_475_to_450_q0.3,0.2382554801291707,0.09780658423880763,0.29248059084644046,0.09038758012674884,79,137.0,1182.0,459,0.8840947546531303,0.09216721785819854,113.0,127
HAP1,33,0.1,0.5,GoCo-exp1 (paper path),adapt_475_to_450_q0.4,0.2854651978462968,0.09825043687973084,0.29308996611315635,0.09090540820341665,76,134.0,1187.0,459,0.8871103622577927,0.09268504593486633,110.0,127
HAP1,33,0.1,0.5,GoCo-dense-knap (tie-level path),adapt_455.567_to_451.229_q0.3,0.3804280967763687,0.09905676917399082,0.29420211317118344,0.09119391241935534,79,137.0,1192.0,463,0.8850671140939598,0.09304752558654962,113.0,127
HAP1,34,0.1,0.1,GoDag (global grid),global_475,7.190650760222756e-36,0.06959656422041159,0.2504466388288218,0.07748413377942057,82,136.0,856.0,406,0.8411214953271028,0.07916135874672355,120.0,0
HAP1,34,0.1,0.1,GoCo-source (paper path),adapt_475_to_450_q0.4,8.177062621966838e-06,0.08737816875556602,0.2780320063037525,0.09276904490818937,84,141.0,1180.0,472,0.8805084745762712,0.09416886198152927,124.0,98
HAP1,34,0.1,0.1,GoCo-random1 (paper path),adapt_475_to_450_q0.4,0.029762149658156288,0.0942851051049951,0.2879178606017962,0.10401542539325122,82,138.0,1151.0,524,0.8801042571676803,0.10569265036055421,122.0,156
HAP1,34,0.1,0.1,GoCo-knap (paper path),adapt_475_to_450_q0.25,0.026754611261546338,0.09414692153295198,0.28777976365513624,0.10011110733905158,84,141.0,1246.0,505,0.8868378812199037,0.10145544283227607,124.0,130
HAP1,34,0.1,0.1,GoCo-exp1 (paper path),adapt_475_to_450_q0.35,0.00025326037137066686,0.08968990125816978,0.281470728833478,0.09522872828889624,84,141.0,1207.0,483,0.8831814415907208,0.09657306378212073,124.0,108
HAP1,34,0.1,0.1,GoCo-dense-knap (tie-level path),adapt_455.567_to_451.229_q0.275,0.03079907371911673,0.09432816135879363,0.2880606616654607,0.10035522628692961,84,142.0,1256.0,506,0.8869426751592356,0.1017365494980264,125.0,130
HAP1,34,0.1,0.5,GoDag (global grid),global_475,7.190650760222756e-36,0.06959656422041159,0.2504466388288218,0.07748413377942057,82,136.0,856.0,406,0.8411214953271028,0.07916135874672355,120.0,0
HAP1,34,0.1,0.5,GoCo-source (paper path),adapt_475_to_450_q0.5,0.4279905890885999,0.09943616550615825,0.2949198698379328,0.10536336359438556,84,141.0,1316.0,528,0.8928571428571429,0.10670769908761005,124.0,170
HAP1,34,0.1,0.5,GoCo-random1 (paper path),adapt_475_to_450_q0.5,0.2534391429531847,0.09795137275054991,0.2930202102590085,0.10675621544962928,83,139.0,1185.0,536,0.8827004219409282,0.10848892199704767,122.0,175
HAP1,34,0.1,0.5,GoCo-knap (paper path),adapt_475_to_450_q0.4,0.3636203342247516,0.09891833742287653,0.29439329750345267,0.10454963374828372,84,141.0,1298.0,525,0.8913713405238829,0.1058939692415082,124.0,154
HAP1,34,0.1,0.5,GoCo-exp1 (paper path),adapt_475_to_450_q0.5,0.46334366171156505,0.09971357340012134,0.29551018005994484,0.10614010571600117,84,141.0,1314.0,532,0.8926940639269406,0.10748444120922566,124.0,164
HAP1,34,0.1,0.5,GoCo-dense-knap (tie-level path),adapt_455.567_to_451.229_q0.35,0.2575481256513622,0.09798994564641014,0.2931492822169342,0.1036841210938537,84,142.0,1294.0,521,0.8902627511591963,0.10506544430495049,125.0,145
HAP1,35,0.1,0.1,GoDag (global grid),global_475,9.548781061495533e-30,0.07204518904556946,0.25440897070348756,0.07177067585405222,71,120.0,813.0,372,0.8523985239852399,0.0730243914533709,107.0,0
HAP1,35,0.1,0.1,GoCo-source (paper path),adapt_475_to_450_q0.4,6.759196738631278e-05,0.08875650173748434,0.27964729490970336,0.08727583205149643,75,125.0,1152.0,441,0.8914930555555556,0.08854972276484442,110.0,104
HAP1,35,0.1,0.1,GoCo-random1 (paper path),adapt_475_to_450_q0.4,0.014613558663487262,0.0934190680675913,0.2865232812736717,0.0940762885903656,75,126.0,1074.0,473,0.88268156424581,0.09547963632618751,110.0,125
HAP1,35,0.1,0.1,GoCo-knap (paper path),adapt_475_to_450_q0.3,0.004383459799596294,0.0921453614857691,0.28449051918289725,0.09208423566590719,75,127.0,1187.0,463,0.8930075821398483,0.09306222462304899,112.0,121
HAP1,35,0.1,0.1,GoCo-exp1 (paper path),adapt_475_to_450_q0.35,0.00010949351410691134,0.08908939121817674,0.28023521831520953,0.08727583205149643,75,125.0,1145.0,442,0.8908296943231441,0.08854972276484442,110.0,95
HAP1,35,0.1,0.1,GoCo-dense-knap (tie-level path),adapt_455.567_to_451.229_q0.3,0.004001997173902221,0.09205659095295471,0.28435454098999363,0.09199546513639975,75,128.0,1190.0,463,0.892436974789916,0.09304742952928614,113.0,119
HAP1,35,0.1,0.5,GoDag (global grid),global_475,9.548781061495533e-30,0.07204518904556946,0.25440897070348756,0.07177067585405222,71,120.0,813.0,372,0.8523985239852399,0.0730243914533709,107.0,0
HAP1,35,0.1,0.5,GoCo-source (paper path),adapt_475_to_450_q0.5,0.48169278155428286,0.09985730112180993,0.2950980512081254,0.09925985336303711,75,127.0,1271.0,494,0.9000786782061369,0.10023784232017892,112.0,165
HAP1,35,0.1,0.5,GoCo-random1 (paper path),adapt_475_to_450_q0.5,0.11868405662297238,0.09638363383363154,0.29054666518118977,0.09873674132005934,75,126.0,1137.0,494,0.8891820580474934,0.10014008905588126,110.0,154
HAP1,35,0.1,0.5,GoCo-knap (paper path),adapt_475_to_450_q0.4,0.34948367541241643,0.0988031510996173,0.2938049524683542,0.09829817263883217,75,127.0,1249.0,491,0.8983186549239391,0.09927616159597398,112.0,149
HAP1,35,0.1,0.5,GoCo-exp1 (paper path),adapt_475_to_450_q0.4,0.29757167387002703,0.0983592984586941,0.29310327010768855,0.09829817263883217,75,127.0,1259.0,490,0.8991262907069102,0.09927616159597398,112.0,157
HAP1,35,0.1,0.5,GoCo-dense-knap (tie-level path),adapt_455.567_to_451.229_q0.4,0.3388583456228792,0.09871438056680291,0.293675299612804,0.09820940210932474,75,128.0,1252.0,491,0.8977635782747604,0.09926136650221114,113.0,147
HAP1,36,0.1,0.1,GoDag (global grid),global_475,4.0392975749032455e-31,0.0714559279905201,0.25357679823004065,0.07314561831583408,85,155.0,890.0,390,0.8258426966292135,0.07499052096394714,135.0,0
HAP1,36,0.1,0.1,GoCo-source (paper path),adapt_475_to_450_q0.4,6.906783496653458e-06,0.08725604523077468,0.2783202293441261,0.0912748851242512,86,161.0,1260.0,466,0.8722222222222222,0.09299772829346481,140.0,111
HAP1,36,0.1,0.1,GoCo-random1 (paper path),adapt_475_to_450_q0.5,0.033918567432954606,0.09445121359366128,0.28846099529520397,0.10013925643283104,88,161.0,1214.0,511,0.8673805601317958,0.10226156698152113,139.0,159
HAP1,36,0.1,0.1,GoCo-knap (paper path),adapt_475_to_450_q0.3,0.014171283121495841,0.09337089995159555,0.28702730276223787,0.09654193646012017,87,164.0,1320.0,491,0.8757575757575757,0.09811682875123068,143.0,143
HAP1,36,0.1,0.1,GoCo-exp1 (paper path),adapt_475_to_450_q0.35,0.02619508533778425,0.09411065434872495,0.28820081898578,0.09809542070335142,86,162.0,1334.0,497,0.8785607196401799,0.09967031299446193,141.0,144
HAP1,36,0.1,0.1,GoCo-dense-knap (tie-level path),adapt_455.567_to_451.229_q0.3,0.026543040086950614,0.09412914821096806,0.2881415120701994,0.09739265401748039,87,164.0,1332.0,495,0.8768768768768769,0.0990045340264632,143.0,145
HAP1,36,0.1,0.5,GoDag (global grid),global_475,4.0392975749032455e-31,0.0714559279905201,0.25357679823004065,0.07314561831583408,85,155.0,890.0,390,0.8258426966292135,0.07499052096394714,135.0,0
HAP1,36,0.1,0.5,GoCo-source (paper path),adapt_475_to_450_q0.5,0.27623786063654476,0.09816265908800334,0.29361221010834276,0.10266710291015166,87,164.0,1391.0,518,0.8820992092020129,0.10424199520126216,143.0,179
HAP1,36,0.1,0.5,GoCo-random1 (paper path),adapt_475_to_450_q0.5,0.033918567432954606,0.09445121359366128,0.28846099529520397,0.10013925643283104,88,161.0,1214.0,511,0.8673805601317958,0.10226156698152113,139.0,159
HAP1,36,0.1,0.5,GoCo-knap (paper path),adapt_475_to_450_q0.4,0.23909282115982328,0.09780942636082768,0.29321432436518885,0.10142431551027552,87,164.0,1371.0,513,0.8803792851932896,0.10299920780138604,143.0,165
HAP1,36,0.1,0.5,GoCo-exp1 (paper path),adapt_475_to_450_q0.5,0.45191687974725153,0.09962367402993992,0.295689998730296,0.10344384503176728,86,162.0,1390.0,521,0.883453237410072,0.1050187373228778,141.0,174
HAP1,36,0.1,0.5,GoCo-dense-knap (tie-level path),adapt_455.567_to_451.229_q0.4,0.23725195614182676,0.09779093249858457,0.2932312147942252,0.10138732778578931,87,164.0,1372.0,513,0.880466472303207,0.10299920779477212,143.0,163
HAP1,37,0.1,0.1,GoDag (global grid),global_475,5.1889123257894524e-30,0.07192044985346498,0.2543345145687377,0.07206173396896268,80,140.0,838.0,381,0.8329355608591885,0.07287176505319817,131.0,0
HAP1,37,0.1,0.1,GoCo-source (paper path),adapt_475_to_450_q0.5,0.03252922186370229,0.09439927866848585,0.28819869523467895,0.09660097266164187,84,147.0,1261.0,489,0.8834258524980174,0.09717058356978657,137.0,149
HAP1,37,0.1,0.1,GoCo-random1 (paper path),adapt_475_to_450_q0.4,0.0006336985754680738,0.09040117834079175,0.2827046486415892,0.09331487793486964,82,145.0,1075.0,476,0.8651162790697674,0.09397695814100203,136.0,122
HAP1,37,0.1,0.1,GoCo-knap (paper path),adapt_475_to_450_q0.4,0.019528733773728286,0.09375384296019819,0.2873439022720767,0.09668234563765396,84,147.0,1255.0,490,0.8828685258964143,0.09725195654579866,137.0,141
HAP1,37,0.1,0.1,GoCo-exp1 (paper path),adapt_475_to_450_q0.5,0.0316252021374299,0.09436229095392051,0.2881386100743127,0.09628287826148446,84,147.0,1255.0,488,0.8828685258964143,0.09685248916962916,137.0,142
HAP1,37,0.1,0.1,GoCo-dense-knap (tie-level path),adapt_455.567_to_451.229_q0.4,0.017429452157924526,0.09361698839084286,0.28718058845714506,0.0966453579098608,84,150.0,1262.0,490,0.8811410459587956,0.09728894425375008,140.0,139
HAP1,37,0.1,0.5,GoDag (global grid),global_475,5.1889123257894524e-30,0.07192044985346498,0.2543345145687377,0.07206173396896268,80,140.0,838.0,381,0.8329355608591885,0.07287176505319817,131.0,0
HAP1,37,0.1,0.5,GoCo-source (paper path),adapt_475_to_450_q0.6,0.3145706267554439,0.09850491559702558,0.29389135795369076,0.09948601482764277,84,147.0,1287.0,502,0.8857808857808858,0.10005562573578745,137.0,162
HAP1,37,0.1,0.5,GoCo-random1 (paper path),adapt_475_to_450_q0.6,0.25158851511801,0.09793266273548853,0.2931377840245617,0.10103051633939074,83,146.0,1174.0,510,0.8756388415672913,0.10174807812563853,136.0,168
HAP1,37,0.1,0.5,GoCo-knap (paper path),adapt_475_to_450_q0.4,0.019528733773728286,0.09375384296019819,0.2873439022720767,0.09668234563765396,84,147.0,1255.0,490,0.8828685258964143,0.09725195654579866,137.0,141
HAP1,37,0.1,0.5,GoCo-exp1 (paper path),adapt_475_to_450_q0.6,0.3405998036337674,0.09872684191748718,0.2941942992005498,0.09970794114810437,84,147.0,1290.0,503,0.8860465116279069,0.10027755205624907,137.0,162
HAP1,37,0.1,0.5,GoCo-dense-knap (tie-level path),adapt_455.567_to_451.229_q0.4,0.017429452157924526,0.09361698839084286,0.28718058845714506,0.0966453579098608,84,150.0,1262.0,490,0.8811410459587956,0.09728894425375008,140.0,139
HAP1,38,0.1,0.1,GoDag (global grid),global_475,1.694147116763192e-30,0.07173610139628973,0.2538136228264104,0.07249188036903825,70,120.0,838.0,376,0.8568019093078759,0.07452215392537716,101.0,0
HAP1,38,0.1,0.1,GoCo-source (paper path),adapt_475_to_450_q0.5,1.1445314370407091e-05,0.08757546862535248,0.27853060361880655,0.08944484158933719,75,127.0,1200.0,450,0.8941666666666667,0.09154548788673868,105.0,104
HAP1,38,0.1,0.1,GoCo-random1 (paper path),adapt_475_to_450_q0.4,0.03827861655872881,0.09461793054144911,0.28849362017255425,0.0981781707040691,75,128.0,1153.0,492,0.8889852558542931,0.10013615007644963,107.0,149
HAP1,38,0.1,0.1,GoCo-knap (paper path),adapt_475_to_450_q0.35,0.057200610152457226,0.09518832600432875,0.2893362074708124,0.09721226281210733,77,132.0,1295.0,486,0.8980694980694981,0.09864713015473794,111.0,154
HAP1,38,0.1,0.1,GoCo-exp1 (paper path),adapt_475_to_450_q0.4,1.0163620802494342e-05,0.08749964379710036,0.2784802298420627,0.08950032316945258,74,126.0,1191.0,450,0.8942065491183879,0.09154548788673868,105.0,96
HAP1,38,0.1,0.1,GoCo-dense-knap (tie-level path),adapt_455.567_to_451.229_q0.35,0.057424887030067845,0.09519572354459625,0.28924896231522873,0.09695334876715951,77,134.0,1298.0,486,0.8967642526964561,0.098499179263407,113.0,151
HAP1,38,0.1,0.5,GoDag (global grid),global_475,1.694147116763192e-30,0.07173610139628973,0.2538136228264104,0.07249188036903825,70,120.0,838.0,376,0.8568019093078759,0.07452215392537716,101.0,0
HAP1,38,0.1,0.5,GoCo-source (paper path),adapt_475_to_450_q0.5,1.1445314370407091e-05,0.08757546862535248,0.27853060361880655,0.08944484158933719,75,127.0,1200.0,450,0.8941666666666667,0.09154548788673868,105.0,104
HAP1,38,0.1,0.5,GoCo-random1 (paper path),adapt_475_to_450_q0.5,0.17404128264797547,0.09711460164664218,0.29192260296585787,0.10350440239514767,75,128.0,1206.0,516,0.8938640132669984,0.10546238176752819,107.0,179
HAP1,38,0.1,0.5,GoCo-knap (paper path),adapt_475_to_450_q0.4,0.2784990000569092,0.09818433133056044,0.29348270948814303,0.10076308393949304,77,132.0,1330.0,502,0.9007518796992481,0.10219795128212364,111.0,170
HAP1,38,0.1,0.5,GoCo-exp1 (paper path),adapt_475_to_450_q0.5,0.28502285619005885,0.09824351168246308,0.29357537222952057,0.10098501025995466,75,130.0,1333.0,501,0.9024756189047262,0.10264180392304686,108.0,170
HAP1,38,0.1,0.5,GoCo-dense-knap (tie-level path),adapt_455.567_to_451.229_q0.4,0.27924525189966165,0.09819172887082794,0.2933966218094634,0.10050416989454522,77,134.0,1333.0,502,0.8994748687171793,0.1020500003907927,113.0,167
HAP1,39,0.1,0.1,GoDag (global grid),global_475,4.174533837693781e-32,0.071039373523862,0.2530332899537802,0.07411757873803629,73,113.0,870.0,379,0.8701149425287357,0.07570065314233752,97.0,0
HAP1,39,0.1,0.1,GoCo-source (paper path),adapt_475_to_450_q0.4,1.29437790257066e-06,0.08629106603896834,0.2768362365195807,0.08824318903674033,76,118.0,1185.0,442,0.90042194092827,0.08988174502115698,101.0,92
HAP1,39,0.1,0.1,GoCo-random1 (paper path),adapt_475_to_450_q0.5,0.012966442650751702,0.09327118523018761,0.2868051565505275,0.09569621465098208,75,116.0,1129.0,476,0.8972542072630647,0.09750121537574492,99.0,126
HAP1,39,0.1,0.1,GoCo-knap (paper path),adapt_475_to_450_q0.35,0.025690836327152917,0.09408992682027648,0.2879734553241931,0.09777122572944051,77,120.0,1277.0,486,0.9060297572435395,0.09942827557610026,102.0,134
HAP1,39,0.1,0.1,GoCo-exp1 (paper path),adapt_475_to_450_q0.4,0.00019794633783157327,0.08949050382672549,0.2816080223151017,0.09168304700389525,76,118.0,1223.0,458,0.9035159443990188,0.0933216029883119,101.0,101
HAP1,39,0.1,0.1,GoCo-dense-knap (tie-level path),adapt_455.567_to_451.229_q0.35,0.07634578415541074,0.09562861597139836,0.29017940329522984,0.09907319347460536,77,120.0,1295.0,492,0.9073359073359073,0.1007672310391374,102.0,139
HAP1,39,0.1,0.5,GoDag (global grid),global_475,4.174533837693781e-32,0.071039373523862,0.2530332899537802,0.07411757873803629,73,113.0,870.0,379,0.8701149425287357,0.07570065314233752,97.0,0
HAP1,39,0.1,0.5,GoCo-source (paper path),adapt_475_to_450_q0.5,0.1848414720454853,0.09723943118725255,0.29213533257174856,0.10057859368460262,76,119.0,1327.0,497,0.9103240391861341,0.10201371721080077,102.0,162
HAP1,39,0.1,0.5,GoCo-random1 (paper path),adapt_475_to_450_q0.6,0.2969358327000763,0.098349599194987,0.2938206074972187,0.1026499060276504,76,118.0,1199.0,508,0.9015846538782318,0.10430695587431014,101.0,165
HAP1,39,0.1,0.5,GoCo-knap (paper path),adapt_475_to_450_q0.4,0.13710492138706076,0.09664207950558495,0.29153745291907984,0.09999048893405658,77,120.0,1303.0,496,0.9079048349961627,0.10164753878071633,102.0,144
HAP1,39,0.1,0.5,GoCo-exp1 (paper path),adapt_475_to_450_q0.5,0.24311831434880776,0.09784972856852196,0.2931589472734146,0.10146629896644904,76,119.0,1329.0,501,0.9104589917231001,0.1029014224926472,102.0,159
HAP1,39,0.1,0.5,GoCo-dense-knap (tie-level path),adapt_455.567_to_451.229_q0.4,0.1442446109710535,0.0967382475737064,0.2917194908607534,0.09996089875645178,77,120.0,1306.0,496,0.9081163859111792,0.10165493632098382,102.0,143
HAP1,40,0.1,0.1,GoDag (global grid),global_475,3.2885241014337376e-30,0.07185631491129041,0.25401986012715666,0.07221138216737001,72,127.0,841.0,376,0.8489892984542212,0.07384835296718481,113.0,0
HAP1,40,0.1,0.1,GoCo-source (paper path),adapt_475_to_450_q0.4,7.479633729993104e-07,0.08602679598062926,0.27567724111656533,0.08725576103395004,73,130.0,1181.0,440,0.8899237933954276,0.08858741501067618,115.0,99
HAP1,40,0.1,0.1,GoCo-random1 (paper path),adapt_475_to_450_q0.4,0.06097155115590199,0.09528693591177967,0.2892787815349217,0.09511989473476444,75,131.0,1126.0,479,0.8836589698046181,0.09707294240481473,114.0,128
HAP1,40,0.1,0.1,GoCo-knap (paper path),adapt_475_to_450_q0.35,0.07020970533169464,0.09550489925585531,0.28945728685482,0.0984038598620516,73,130.0,1298.0,491,0.8998459167950693,0.09968003225866234,115.0,149
HAP1,40,0.1,0.1,GoCo-exp1 (paper path),adapt_475_to_450_q0.35,1.7398371609102724e-05,0.08784844119331596,0.27866860679592365,0.08984120266203663,73,129.0,1205.0,453,0.8929460580912864,0.09132080751686587,114.0,98
HAP1,40,0.1,0.1,GoCo-dense-knap (tie-level path),adapt_455.567_to_451.229_q0.35,0.061674022879814654,0.09530516556115665,0.2892440475813942,0.09846304021395422,73,131.0,1302.0,491,0.8993855606758833,0.09977620032843726,116.0,147
HAP1,40,0.1,0.5,GoDag (global grid),global_475,3.2885241014337376e-30,0.07185631491129041,0.25401986012715666,0.07221138216737001,72,127.0,841.0,376,0.8489892984542212,0.07384835296718481,113.0,0
HAP1,40,0.1,0.5,GoCo-source (paper path),adapt_475_to_450_q0.5,0.19894716679902835,0.09740051990759357,0.29190470327700385,0.09988706744463244,74,131.0,1322.0,497,0.9009077155824509,0.10123721527698777,115.0,165
HAP1,40,0.1,0.5,GoCo-random1 (paper path),adapt_475_to_450_q0.4,0.06097155115590199,0.09528693591177967,0.2892787815349217,0.09511989473476444,75,131.0,1126.0,479,0.8836589698046181,0.09707294240481473,114.0,128
HAP1,40,0.1,0.5,GoCo-knap (paper path),adapt_475_to_450_q0.4,0.23009218199065595,0.09772416246047139,0.2925336868998852,0.09973541778482123,73,130.0,1313.0,497,0.900990099009901,0.10101159018143198,115.0,155
HAP1,40,0.1,0.5,GoCo-exp1 (paper path),adapt_475_to_450_q0.4,0.1455748922814592,0.09676248173626645,0.29115371919842525,0.09942472094146612,73,130.0,1306.0,495,0.900459418070444,0.10070089333807687,115.0,151
HAP1,40,0.1,0.5,GoCo-dense-knap (tie-level path),adapt_455.567_to_451.229_q0.5,0.4177656850594557,0.09935532090958098,0.29478149265045134,0.10145904554018591,73,131.0,1336.0,504,0.9019461077844312,0.10277220565466895,116.0,165
HAP1,41,0.1,0.1,GoDag (global grid),global_475,2.2247234550690045e-33,0.07057325962760137,0.251837209899418,0.0752051778293111,79,128.0,846.0,392,0.8486997635933806,0.07633700206895642,119.0,0
HAP1,41,0.1,0.1,GoCo-source (paper path),adapt_475_to_450_q0.5,1.0709772169174728e-06,0.08619786419976408,0.27645214089477926,0.09207316336899507,82,134.0,1185.0,464,0.8869198312236287,0.09314950603513891,123.0,101
HAP1,41,0.1,0.1,GoCo-random1 (paper path),adapt_475_to_450_q0.5,0.022383781892213492,0.09392301374331243,0.2874669012099636,0.10117795487681443,81,131.0,1145.0,508,0.885589519650655,0.10238375455881826,121.0,153
HAP1,41,0.1,0.1,GoCo-knap (paper path),adapt_475_to_450_q0.4,0.08226684024932401,0.09575257688277941,0.2900856594269186,0.10701990105076149,83,135.0,1325.0,533,0.8981132075471698,0.10809624371690535,124.0,167
HAP1,41,0.1,0.1,GoCo-exp1 (paper path),adapt_475_to_450_q0.5,0.08905090013064576,0.09588203390029289,0.29030027574600753,0.10636521840804532,83,135.0,1322.0,530,0.8978819969742814,0.10744156107418917,124.0,166
HAP1,41,0.1,0.1,GoCo-dense-knap (tie-level path),adapt_455.567_to_451.229_q0.4,0.07615871625348605,0.09562681862878578,0.290034058805169,0.10699031087646366,84,136.0,1333.0,533,0.8979744936234059,0.10806665354260751,125.0,167
HAP1,41,0.1,0.5,GoDag (global grid),global_475,2.2247234550690045e-33,0.07057325962760137,0.251837209899418,0.0752051778293111,79,128.0,846.0,392,0.8486997635933806,0.07633700206895642,119.0,0
HAP1,41,0.1,0.5,GoCo-source (paper path),adapt_475_to_450_q0.6,0.21748656865966437,0.0975945653469098,0.2924923210578575,0.10794089528199995,83,135.0,1344.0,536,0.8995535714285714,0.10901723794814379,124.0,182
HAP1,41,0.1,0.5,GoCo-random1 (paper path),adapt_475_to_450_q0.6,0.3254312201740503,0.09859904614630616,0.29386917666293766,0.10755833659008562,83,133.0,1219.0,538,0.8908941755537325,0.10881961785220486,122.0,194
HAP1,41,0.1,0.5,GoCo-knap (paper path),adapt_475_to_450_q0.5,0.19224271966468792,0.09732270560070667,0.29225133004194154,0.10790760633260792,83,135.0,1333.0,537,0.8987246811702926,0.10898394899875177,124.0,171
HAP1,41,0.1,0.5,GoCo-exp1 (paper path),adapt_475_to_450_q0.6,0.30646185254868563,0.09843418658560137,0.2938204862149752,0.108806407933123,83,135.0,1344.0,541,0.8995535714285714,0.10988275059926685,124.0,177
HAP1,41,0.1,0.5,GoCo-dense-knap (tie-level path),adapt_455.567_to_451.229_q0.5,0.1909379760818009,0.09730791050694383,0.29225878770848585,0.10787801615831008,84,136.0,1344.0,537,0.8988095238095238,0.10895435882445394,125.0,174
HAP1,42,0.1,0.1,GoDag (global grid),global_475,2.1643721593187043e-31,0.07133178237881614,0.2535038129664289,0.07343529140980996,98,161.0,913.0,400,0.823658269441402,0.07531436365734351,143.0,0
HAP1,42,0.1,0.1,GoCo-source (paper path),adapt_475_to_450_q0.4,0.07708808257297062,0.09564313484472378,0.29026177031067013,0.09893609874390306,103,173.0,1375.0,513,0.8741818181818182,0.10029374022008682,152.0,160
HAP1,42,0.1,0.1,GoCo-random1 (paper path),adapt_475_to_450_q0.4,0.02342244378288204,0.0939707615149455,0.2879534150197302,0.0963084014472409,102,168.0,1198.0,502,0.8597662771285476,0.09822085871135082,146.0,134
HAP1,42,0.1,0.1,GoCo-knap (paper path),adapt_475_to_450_q0.225,0.06073204658358681,0.0952732576428521,0.28974580880826384,0.09793743030182583,101,171.0,1346.0,507,0.8729569093610698,0.09929507177800959,150.0,145
HAP1,42,0.1,0.1,GoCo-exp1 (paper path),adapt_475_to_450_q0.35,8.210751585010852e-05,0.08885588820840166,0.28072730039507765,0.09004055205658178,100,166.0,1253.0,472,0.8675179569034318,0.0917125891446009,147.0,95
HAP1,42,0.1,0.1,GoCo-dense-knap (tie-level path),adapt_455.567_to_451.229_q0.25,0.08162849018114804,0.09573560414436495,0.2903640067123731,0.0991580250544438,101,171.0,1367.0,513,0.8749085588880761,0.10062662968424443,150.0,148
HAP1,42,0.1,0.5,GoDag (global grid),global_475,2.1643721593187043e-31,0.07133178237881614,0.2535038129664289,0.07343529140980996,98,161.0,913.0,400,0.823658269441402,0.07531436365734351,143.0,0
HAP1,42,0.1,0.5,GoCo-source (paper path),adapt_475_to_450_q0.5,0.4537235025129577,0.0996378086130327,0.29574733373254913,0.1031526988326736,103,173.0,1416.0,532,0.8778248587570622,0.10451034030885735,152.0,182
HAP1,42,0.1,0.5,GoCo-random1 (paper path),adapt_475_to_450_q0.5,0.4845891595378025,0.09987954979723578,0.2959332848685648,0.10488372413161275,103,170.0,1282.0,541,0.8673946957878315,0.10664823051761957,148.0,182
HAP1,42,0.1,0.5,GoCo-knap (paper path),adapt_475_to_450_q0.4,0.22408011939701283,0.09765896558781438,0.2930022541535456,0.10159921458944235,101,171.0,1394.0,523,0.8773314203730272,0.1029568560656261,150.0,168
HAP1,42,0.1,0.5,GoCo-exp1 (paper path),adapt_475_to_450_q0.4,0.2012429920803845,0.09741854540841663,0.292719220621078,0.10115536194851914,101,171.0,1390.0,521,0.8769784172661871,0.10251300342470289,150.0,165
HAP1,42,0.1,0.5,GoCo-dense-knap (tie-level path),adapt_455.567_to_451.229_q0.3,0.2204874835811914,0.0976219778682886,0.2929724994875059,0.10137728825905987,101,171.0,1390.0,523,0.8769784172661871,0.1028458928888605,150.0,158
HAP1,43,0.1,0.1,GoDag (global grid),global_475,4.659309879291126e-32,0.0710915886623927,0.2527773593370757,0.07399574341479799,72,126.0,801.0,384,0.8426966292134831,0.0764361483702594,107.0,0
HAP1,43,0.1,0.1,GoCo-source (paper path),adapt_475_to_450_q0.4,1.3183746542596515e-09,0.08297506090017144,0.27150545568295437,0.08614452820167084,77,133.0,1112.0,438,0.8803956834532374,0.08853113283541697,112.0,90
HAP1,43,0.1,0.1,GoCo-random1 (paper path),adapt_475_to_450_q0.5,0.0022895633645999653,0.09150654273963324,0.2843840702937164,0.09606093597502059,76,135.0,1078.0,483,0.8747680890538033,0.09855850376238359,112.0,128
HAP1,43,0.1,0.1,GoCo-knap (paper path),adapt_475_to_450_q0.35,0.08646271604279843,0.09583092760005317,0.29040063738502175,0.0972963258114805,77,137.0,1216.0,488,0.8873355263157895,0.09923907781091733,115.0,137
HAP1,43,0.1,0.1,GoCo-exp1 (paper path),adapt_475_to_450_q0.4,9.66699958559924e-07,0.08613751096674933,0.27645266292477627,0.08902957036767173,76,133.0,1144.0,450,0.8837412587412588,0.09119424868095626,112.0,93
HAP1,43,0.1,0.1,GoCo-dense-knap (tie-level path),adapt_455.567_to_451.229_q0.35,0.05457852397197475,0.09511706459882044,0.2893548872396857,0.09714837492676348,77,139.0,1218.0,488,0.8858784893267652,0.0992020900798172,117.0,133
HAP1,43,0.1,0.5,GoDag (global grid),global_475,4.659309879291126e-32,0.0710915886623927,0.2527773593370757,0.07399574341479799,72,126.0,801.0,384,0.8426966292134831,0.0764361483702594,107.0,0
HAP1,43,0.1,0.5,GoCo-source (paper path),adapt_475_to_450_q0.5,0.18639795874249715,0.09725680421001108,0.29219220640029764,0.09823951267344233,77,137.0,1247.0,491,0.8901363271852446,0.10007130151264836,115.0,152
HAP1,43,0.1,0.5,GoCo-random1 (paper path),adapt_475_to_450_q0.5,0.0022895633645999653,0.09150654273963324,0.2843840702937164,0.09606093597502059,76,135.0,1078.0,483,0.8747680890538033,0.09855850376238359,112.0,128
HAP1,43,0.1,0.5,GoCo-knap (paper path),adapt_475_to_450_q0.4,0.2641069377579667,0.09805019080466923,0.29346468299626366,0.10012588639736598,77,137.0,1253.0,500,0.8906624102154829,0.10206863839680282,115.0,152
HAP1,43,0.1,0.5,GoCo-exp1 (paper path),adapt_475_to_450_q0.5,0.2279893258958453,0.09770065685093429,0.2928030152475172,0.0970559056287758,77,136.0,1238.0,486,0.8901453957996769,0.09903564534608492,114.0,143
HAP1,43,0.1,0.5,GoCo-dense-knap (tie-level path),adapt_455.567_to_451.229_q0.4,0.25896408197732557,0.09800210676482134,0.293349852536259,0.09997793551264897,77,139.0,1255.0,500,0.8892430278884462,0.10203165066570269,117.0,148
HAP1,44,0.1,0.1,GoDag (global grid),global_475,1.759196022619685e-25,0.07397982864489183,0.25737005168989063,0.0672565167889667,82,129.0,795.0,363,0.8377358490566038,0.06917829303293296,111.0,0
HAP1,44,0.1,0.1,GoCo-source (paper path),adapt_475_to_450_q0.4,0.0009561504487876637,0.09075804577236751,0.28269567176900223,0.0832404958152845,83,133.0,1131.0,432,0.8824049513704686,0.08517548196179783,114.0,95
HAP1,44,0.1,0.1,GoCo-random1 (paper path),adapt_475_to_450_q0.4,0.055367779947792746,0.09514611838422667,0.2889132651286909,0.08440032505123975,83,135.0,990.0,439,0.8636363636363636,0.08624812585946141,116.0,98
HAP1,44,0.1,0.1,GoCo-knap (paper path),adapt_475_to_450_q0.225,0.02526668849791311,0.09408509119835844,0.2871562856945996,0.08814136873429688,83,137.0,1183.0,453,0.8841927303465765,0.08957702066638551,118.0,125
HAP1,44,0.1,0.1,GoCo-exp1 (paper path),adapt_475_to_450_q0.35,0.0006096105335350049,0.09038631918294875,0.28217202566674604,0.0832404958152845,83,133.0,1126.0,432,0.8818827708703375,0.08517548196179783,114.0,88
HAP1,44,0.1,0.1,GoCo-dense-knap (tie-level path),adapt_455.567_to_451.229_q0.225,0.09575744468043162,0.0960121514135951,0.2898472870155575,0.08933237331261701,83,137.0,1204.0,459,0.8862126245847176,0.09087898839832252,118.0,127
HAP1,44,0.1,0.5,GoDag (global grid),global_475,1.759196022619685e-25,0.07397982864489183,0.25737005168989063,0.0672565167889667,82,129.0,795.0,363,0.8377358490566038,0.06917829303293296,111.0,0
HAP1,44,0.1,0.5,GoCo-source (paper path),adapt_475_to_450_q0.4,0.0009561504487876637,0.09075804577236751,0.28269567176900223,0.0832404958152845,83,133.0,1131.0,432,0.8824049513704686,0.08517548196179783,114.0,95
HAP1,44,0.1,0.5,GoCo-random1 (paper path),adapt_475_to_450_q0.5,0.3630569931096975,0.09891516705863326,0.29399098541430696,0.08750729353770223,83,135.0,1029.0,453,0.8688046647230321,0.08935509434592391,116.0,115
HAP1,44,0.1,0.5,GoCo-knap (paper path),adapt_475_to_450_q0.3,0.18023906383613503,0.09719205968482093,0.29149855714978523,0.09013870561845135,83,137.0,1210.0,462,0.8867768595041322,0.09157435755053997,118.0,134
HAP1,44,0.1,0.5,GoCo-exp1 (paper path),adapt_475_to_450_q0.4,0.2511795684073993,0.09793181408195034,0.2926971438410023,0.09010171789396514,83,135.0,1210.0,462,0.8884297520661157,0.09168532070415686,116.0,132
HAP1,44,0.1,0.5,GoCo-dense-knap (tie-level path),adapt_455.567_to_451.229_q0.3,0.21434641402346782,0.09756563565682634,0.2920003664234974,0.09044200491492504,83,137.0,1219.0,464,0.8876127973748975,0.09198862000063054,118.0,132
HAP1,45,0.1,0.1,GoDag (global grid),global_475,5.0416697001915276e-33,0.07069656461057768,0.2522135073625135,0.07491746620236636,77,133.0,889.0,388,0.8503937007874016,0.07667993105653652,114.0,0
HAP1,45,0.1,0.1,GoCo-source (paper path),adapt_475_to_450_q0.4,5.3152261870096805e-06,0.08711445512960235,0.27776173859350434,0.08993236697082566,80,138.0,1236.0,452,0.8883495145631068,0.09147290551114813,117.0,99
HAP1,45,0.1,0.1,GoCo-random1 (paper path),adapt_475_to_450_q0.4,0.00859097189723893,0.09281637638152519,0.2861990587843427,0.09506097856596529,79,138.0,1146.0,477,0.8795811518324608,0.09663850481754613,117.0,119
HAP1,45,0.1,0.1,GoCo-knap (paper path),adapt_475_to_450_q0.275,0.020846269608804358,0.09383142509866015,0.28753769687919895,0.09683797430764608,81,139.0,1310.0,483,0.8938931297709923,0.09817508038313612,118.0,137
HAP1,45,0.1,0.1,GoCo-exp1 (paper path),adapt_475_to_450_q0.4,0.043532979289978874,0.09479310581625117,0.28888067891165203,0.09779965502523709,81,139.0,1326.0,488,0.8951734539969834,0.09928471198544415,118.0,139
HAP1,45,0.1,0.1,GoCo-dense-knap (tie-level path),adapt_455.567_to_451.229_q0.275,0.020115243351731683,0.09378703982563903,0.2875174451148115,0.09661604798718447,82,141.0,1314.0,483,0.8926940639269406,0.09799014178054681,120.0,136
HAP1,45,0.1,0.5,GoDag (global grid),global_475,5.0416697001915276e-33,0.07069656461057768,0.2522135073625135,0.07491746620236636,77,133.0,889.0,388,0.8503937007874016,0.07667993105653652,114.0,0
HAP1,45,0.1,0.5,GoCo-source (paper path),adapt_475_to_450_q0.4,5.3152261870096805e-06,0.08711445512960235,0.27776173859350434,0.08993236697082566,80,138.0,1236.0,452,0.8883495145631068,0.09147290551114813,117.0,99
HAP1,45,0.1,0.5,GoCo-random1 (paper path),adapt_475_to_450_q0.5,0.11813584438859398,0.0963671975089109,0.29118544837492283,0.09811246547231238,81,140.0,1183.0,491,0.8816568047337278,0.09968999172389321,119.0,139
HAP1,45,0.1,0.5,GoCo-knap (paper path),adapt_475_to_450_q0.4,0.49160633392908853,0.09993439891135433,0.2959701896974762,0.10482732184426392,81,139.0,1393.0,519,0.9002153625269204,0.10616442791975396,118.0,173
HAP1,45,0.1,0.5,GoCo-exp1 (paper path),adapt_475_to_450_q0.4,0.043532979289978874,0.09479310581625117,0.28888067891165203,0.09779965502523709,81,139.0,1326.0,488,0.8951734539969834,0.09928471198544415,118.0,139
HAP1,45,0.1,0.5,GoCo-dense-knap (tie-level path),adapt_455.567_to_451.229_q0.35,0.33388499875066324,0.09866941887579438,0.29429409595415434,0.10282998496010946,82,141.0,1381.0,511,0.8979000724112962,0.1042040787534718,120.0,164
HAP1,46,0.1,0.1,GoDag (global grid),global_475,2.00604583105438e-29,0.07215562380463401,0.2548872141328376,0.07151299474956828,85,164.0,897.0,382,0.8171683389074693,0.07357259428056674,141.0,0
HAP1,46,0.1,0.1,GoCo-source (paper path),adapt_475_to_450_q0.4,8.37706360158625e-06,0.08739076620418391,0.27809957180582373,0.08494155464757563,87,166.0,1207.0,441,0.8624689312344657,0.0870768108727188,141.0,87
HAP1,46,0.1,0.1,GoCo-random1 (paper path),adapt_475_to_450_q0.4,0.04940865219307489,0.09497378523144466,0.28907195683383247,0.09342283887488546,86,165.0,1166.0,478,0.8584905660377359,0.09550261351991324,141.0,132
HAP1,46,0.1,0.1,GoCo-knap (paper path),adapt_475_to_450_q0.3,0.08492448598442554,0.09580547252940275,0.29008241433037024,0.09340804377450872,87,167.0,1287.0,479,0.8702408702408703,0.09539534912154879,142.0,124
HAP1,46,0.1,0.1,GoCo-exp1 (paper path),adapt_475_to_450_q0.4,0.0012689559093738568,0.09098782198387043,0.2834055006345845,0.08867361560245646,87,166.0,1242.0,458,0.8663446054750402,0.09080887182759964,141.0,99
HAP1,46,0.1,0.1,GoCo-dense-knap (tie-level path),adapt_455.567_to_451.229_q0.3,0.05660637930448795,0.09517298250914255,0.28930585639389567,0.09324529780594973,87,167.0,1287.0,478,0.8702408702408703,0.0952695908708621,142.0,122
HAP1,46,0.1,0.5,GoDag (global grid),global_475,2.00604583105438e-29,0.07215562380463401,0.2548872141328376,0.07151299474956828,85,164.0,897.0,382,0.8171683389074693,0.07357259428056674,141.0,0
HAP1,46,0.1,0.5,GoCo-source (paper path),adapt_475_to_450_q0.6,0.49927402207100646,0.09999433182480862,0.29569246993387527,0.09840508475998905,87,167.0,1352.0,501,0.8764792899408284,0.10039239010702913,142.0,160
HAP1,46,0.1,0.5,GoCo-random1 (paper path),adapt_475_to_450_q0.5,0.3190267652263391,0.09854310021776651,0.2940035819256013,0.09837919336739932,86,166.0,1214.0,500,0.8632619439868204,0.100311017134324,142.0,160
HAP1,46,0.1,0.5,GoCo-knap (paper path),adapt_475_to_450_q0.4,0.2852892002690893,0.09824666205448042,0.2934540485162015,0.09673693858143281,87,167.0,1324.0,494,0.8738670694864048,0.09872424392847289,142.0,141
HAP1,46,0.1,0.5,GoCo-exp1 (paper path),adapt_475_to_450_q0.5,0.48861388979585885,0.09991110945794247,0.2956254745884158,0.09829042282466406,87,167.0,1342.0,501,0.875558867362146,0.10027772817170413,142.0,150
HAP1,46,0.1,0.5,GoCo-dense-knap (tie-level path),adapt_455.567_to_451.229_q0.4,0.2648213709309256,0.09805802467514343,0.2933009394909958,0.09679611893333544,87,167.0,1327.0,494,0.8741522230595328,0.09882041199824781,142.0,140
HAP1,47,0.1,0.1,GoDag (global grid),global_475,2.242898721458283e-31,0.07137411582519829,0.2531961010260372,0.07333651336825164,73,124.0,820.0,381,0.848780487804878,0.07513781533776205,110.0,0
HAP1,47,0.1,0.1,GoCo-source (paper path),adapt_475_to_450_q0.4,4.097966313213019e-06,0.08696702862785913,0.2774080700471655,0.08786846019734397,75,130.0,1150.0,446,0.8869565217391304,0.08970146593164456,115.0,94
HAP1,47,0.1,0.1,GoCo-random1 (paper path),adapt_475_to_450_q0.5,0.09210112514380042,0.0959384001401256,0.2903578364026457,0.09677193282090236,75,129.0,1115.0,487,0.884304932735426,0.0984992593546682,114.0,143
HAP1,47,0.1,0.1,GoCo-knap (paper path),adapt_475_to_450_q0.35,0.09081059933785568,0.0959151426980853,0.29030368677723595,0.0987613437622058,75,131.0,1259.0,494,0.8959491660047657,0.1003909170382879,116.0,141
HAP1,47,0.1,0.1,GoCo-exp1 (paper path),adapt_475_to_450_q0.4,0.0021845487992872793,0.09147213293091488,0.2840369391117227,0.09402691559015355,75,130.0,1217.0,473,0.8931799506984388,0.09558251342387714,116.0,120
HAP1,47,0.1,0.1,GoCo-dense-knap (tie-level path),adapt_455.567_to_451.229_q0.3,0.009964152288786872,0.09298201649223652,0.2862179456406001,0.09466310437393358,76,133.0,1223.0,476,0.8912510220768601,0.09632966536788796,118.0,121
HAP1,47,0.1,0.5,GoDag (global grid),global_475,2.242898721458283e-31,0.07137411582519829,0.2531961010260372,0.07333651336825164,73,124.0,820.0,381,0.848780487804878,0.07513781533776205,110.0,0
HAP1,47,0.1,0.5,GoCo-source (paper path),adapt_475_to_450_q0.5,0.1649546652834591,0.09700628043980372,0.29169605376820873,0.09978220484162033,76,132.0,1293.0,499,0.8979118329466357,0.10163370443816402,116.0,167
HAP1,47,0.1,0.5,GoCo-random1 (paper path),adapt_475_to_450_q0.6,0.4884541746430827,0.09990981647631511,0.2957755246760763,0.10160252905942259,75,129.0,1162.0,508,0.8889845094664371,0.10332985559318841,114.0,173
HAP1,47,0.1,0.5,GoCo-knap (paper path),adapt_475_to_450_q0.4,0.19540211183266054,0.09735766378108576,0.2923011316114583,0.09987097536451384,75,131.0,1270.0,499,0.8968503937007875,0.10150054864059593,116.0,146
HAP1,47,0.1,0.5,GoCo-exp1 (paper path),adapt_475_to_450_q0.5,0.42478441941552136,0.09941048224535562,0.29506117998172515,0.10098060696682187,76,132.0,1291.0,505,0.8977536793183578,0.10283210656336557,116.0,159
HAP1,47,0.1,0.5,GoCo-dense-knap (tie-level path),adapt_455.567_to_451.229_q0.4,0.33046805647898103,0.09864113766400749,0.2941010284405843,0.10021126238547375,76,133.0,1281.0,501,0.8961748633879781,0.10187782337942813,118.0,146
HAP1,48,0.1,0.1,GoDag (global grid),global_475,1.026075562557626e-31,0.07121194628809077,0.2531721420671123,0.07371490895483582,80,126.0,876.0,387,0.8561643835616438,0.0753149881171905,107.0,0
HAP1,48,0.1,0.1,GoCo-source (paper path),adapt_475_to_450_q0.4,6.96504458666849e-06,0.08728117206085538,0.2778893334453295,0.08827486077362413,81,130.0,1208.0,451,0.8923841059602649,0.08939409958379722,111.0,91
HAP1,48,0.1,0.1,GoCo-random1 (paper path),adapt_475_to_450_q0.4,0.0011570086056980442,0.09089777849968465,0.2836184315206674,0.09054062282356537,81,129.0,1080.0,463,0.8805555555555555,0.09221467742827856,109.0,101
HAP1,48,0.1,0.1,GoCo-knap (paper path),adapt_475_to_450_q0.35,0.06280641613294094,0.09532785056348224,0.2895825452803959,0.09712759135857298,81,130.0,1305.0,491,0.9003831417624522,0.09824683016874607,111.0,135
HAP1,48,0.1,0.1,GoCo-exp1 (paper path),adapt_475_to_450_q0.4,0.00011774822469638319,0.08912131113082475,0.28082129384881604,0.09046083502884816,81,130.0,1227.0,461,0.8940505297473512,0.09158007383902127,111.0,95
HAP1,48,0.1,0.1,GoCo-dense-knap (tie-level path),adapt_455.567_to_451.229_q0.35,0.05978484057462959,0.09525387511947025,0.2894527339600282,0.09703142327887716,81,132.0,1307.0,491,0.8990053557765876,0.09822463752479485,113.0,132
HAP1,48,0.1,0.5,GoDag (global grid),global_475,1.026075562557626e-31,0.07121194628809077,0.2531721420671123,0.07371490895483582,80,126.0,876.0,387,0.8561643835616438,0.0753149881171905,107.0,0
HAP1,48,0.1,0.5,GoCo-source (paper path),adapt_475_to_450_q0.5,0.12712846344201473,0.09650406006292084,0.291100426790669,0.09764172066676051,81,130.0,1316.0,493,0.9012158054711246,0.0987609594769336,111.0,145
HAP1,48,0.1,0.5,GoCo-random1 (paper path),adapt_475_to_450_q0.5,0.10255735083599066,0.09611859518821325,0.29079303912375826,0.09875189668064481,81,129.0,1173.0,500,0.8900255754475703,0.10042595128535801,109.0,143
HAP1,48,0.1,0.5,GoCo-knap (paper path),adapt_475_to_450_q0.4,0.2695776651988294,0.09810192956925232,0.29342041518048073,0.09912492824272744,81,130.0,1323.0,500,0.9017384731670446,0.10024416705290053,111.0,144
HAP1,48,0.1,0.5,GoCo-exp1 (paper path),adapt_475_to_450_q0.5,0.26633462817297787,0.09807233939330101,0.29329235144287585,0.09871436455119624,81,130.0,1323.0,498,0.9017384731670446,0.09983360336136934,111.0,147
HAP1,48,0.1,0.5,GoCo-dense-knap (tie-level path),adapt_455.567_to_451.229_q0.4,0.2616386992600577,0.09802795412524033,0.29329300219746174,0.09902876016303162,81,132.0,1325.0,500,0.900377358490566,0.10022197440894931,113.0,141
HAP1,49,0.1,0.1,GoDag (global grid),global_475,2.2428805475323118e-26,0.07347857984006462,0.25748260098760883,0.06842609733356353,95,162.0,849.0,372,0.8091872791519434,0.07006263580790002,142.0,0
HAP1,49,0.1,0.1,GoCo-source (paper path),adapt_475_to_450_q0.4,1.5171702021015723e-06,0.0863483129387504,0.27760115600378177,0.08294166388429117,99,169.0,1188.0,435,0.8577441077441077,0.0847393631326639,146.0,97
HAP1,49,0.1,0.1,GoCo-random1 (paper path),adapt_475_to_450_q0.4,0.00108604776572361,0.09082303447851434,0.2841773702803359,0.0875598449496444,100,169.0,1070.0,458,0.8420560747663551,0.0896957176384056,144.0,109
HAP1,49,0.1,0.1,GoCo-knap (paper path),adapt_475_to_450_q0.275,0.08986463581730086,0.09588638115037668,0.29108185173541795,0.09288026426852253,100,171.0,1300.0,480,0.8684615384615385,0.09469645737913837,147.0,146
HAP1,49,0.1,0.1,GoCo-exp1 (paper path),adapt_475_to_450_q0.4,0.001678300730565275,0.09120295119719457,0.28472758126234626,0.08505366269054278,97,167.0,1221.0,444,0.8632268632268633,0.08670341106742634,146.0,106
HAP1,49,0.1,0.1,GoCo-dense-knap (tie-level path),adapt_455.567_to_451.229_q0.275,0.0679482394193341,0.09543513096091856,0.29059566553659183,0.0930208175997442,100,172.0,1310.0,480,0.8687022900763359,0.09483701071036005,148.0,146
HAP1,49,0.1,0.5,GoDag (global grid),global_475,2.2428805475323118e-26,0.07347857984006462,0.25748260098760883,0.06842609733356353,95,162.0,849.0,372,0.8091872791519434,0.07006263580790002,142.0,0
HAP1,49,0.1,0.5,GoCo-source (paper path),adapt_475_to_450_q0.5,0.2979710995316494,0.09835531146716553,0.2944542458594977,0.09583188433330746,100,171.0,1339.0,493,0.8722927557879014,0.0976480774439233,147.0,169
HAP1,49,0.1,0.5,GoCo-random1 (paper path),adapt_475_to_450_q0.5,0.21891225153178562,0.09760103418371491,0.2935246046751874,0.09580070898432864,100,169.0,1164.0,495,0.8548109965635738,0.09793658167308984,144.0,154
HAP1,49,0.1,0.5,GoCo-knap (paper path),adapt_475_to_450_q0.35,0.47065015251387426,0.09977009175845479,0.2963991934847711,0.09643108539590822,100,171.0,1338.0,496,0.8721973094170403,0.09824727850652408,147.0,162
HAP1,49,0.1,0.5,GoCo-exp1 (paper path),adapt_475_to_450_q0.4,0.001678300730565275,0.09120295119719457,0.28472758126234626,0.08505366269054278,97,167.0,1221.0,444,0.8632268632268633,0.08670341106742634,146.0,106
HAP1,49,0.1,0.5,GoCo-dense-knap (tie-level path),adapt_455.567_to_451.229_q0.35,0.4414992449449599,0.09954076788945829,0.29622791479990396,0.09657163872712991,100,172.0,1348.0,496,0.8724035608308606,0.09838783183774576,148.0,162
HAP1,50,0.1,0.1,GoDag (global grid),global_475,2.413559163498904e-26,0.07360550469832432,0.25641752499185616,0.06812993933095754,60,109.0,773.0,353,0.8589909443725744,0.06905463233729019,101.0,0
HAP1,50,0.1,0.1,GoCo-source (paper path),adapt_475_to_450_q0.5,0.002404975499545722,0.09156672783358014,0.28394590861923735,0.08187448003862997,62,113.0,1096.0,413,0.8968978102189781,0.08276386657887652,104.0,89
HAP1,50,0.1,0.1,GoCo-random1 (paper path),adapt_475_to_450_q0.4,0.03710990773779678,0.09457885725956941,0.2882709985764769,0.08318226014607438,63,115.0,957.0,420,0.8798328108672936,0.08447851160937185,103.0,85
HAP1,50,0.1,0.1,GoCo-knap (paper path),adapt_475_to_450_q0.225,0.04260407250770553,0.09477092919286706,0.2883997531886874,0.08564722749309121,63,115.0,1111.0,430,0.8964896489648965,0.08666607105581167,104.0,100
HAP1,50,0.1,0.1,GoCo-exp1 (paper path),adapt_475_to_450_q0.4,0.0013680121425607085,0.09105814667976649,0.28333835723843726,0.08130117038184677,61,112.0,1078.0,410,0.8961038961038961,0.08219055692209332,103.0,76
HAP1,50,0.1,0.1,GoCo-dense-knap (tie-level path),adapt_455.567_to_451.229_q0.275,1.980672229101187e-06,0.08656043991863172,0.27655054022693365,0.07843832084656925,61,112.0,1042.0,397,0.8925143953934741,0.07932770738681581,103.0,64
HAP1,50,0.1,0.5,GoDag (global grid),global_475,2.413559163498904e-26,0.07360550469832432,0.25641752499185616,0.06812993933095754,60,109.0,773.0,353,0.8589909443725744,0.06905463233729019,101.0,0
HAP1,50,0.1,0.5,GoCo-source (paper path),adapt_475_to_450_q0.5,0.002404975499545722,0.09156672783358014,0.28394590861923735,0.08187448003862997,62,113.0,1096.0,413,0.8968978102189781,0.08276386657887652,104.0,89
HAP1,50,0.1,0.5,GoCo-random1 (paper path),adapt_475_to_450_q0.5,0.3515463458378245,0.09881949936495693,0.29402349430405345,0.0871769339143833,63,115.0,1000.0,438,0.885,0.08847318537768077,103.0,110
HAP1,50,0.1,0.5,GoCo-knap (paper path),adapt_475_to_450_q0.35,0.4573483182903972,0.09966703853208227,0.2950859963740967,0.0885322696590921,63,115.0,1146.0,443,0.8996509598603839,0.08955111322181256,104.0,114
HAP1,50,0.1,0.5,GoCo-exp1 (paper path),adapt_475_to_450_q0.4,0.0013680121425607085,0.09105814667976649,0.28333835723843726,0.08130117038184677,61,112.0,1078.0,410,0.8961038961038961,0.08219055692209332,103.0,76
HAP1,50,0.1,0.5,GoCo-dense-knap (tie-level path),adapt_455.567_to_451.229_q0.35,0.452164759805178,0.09962635203580882,0.2951145668437714,0.08855446228981548,63,115.0,1149.0,443,0.8999129677980853,0.08957330585253594,104.0,114
HAP1,51,0.1,0.1,GoDag (global grid),global_475,7.145440399303326e-30,0.07201658360644486,0.2540940663847127,0.07183742187867628,73,122.0,875.0,377,0.8605714285714285,0.07332432821650955,108.0,0
HAP1,51,0.1,0.1,GoCo-source (paper path),adapt_475_to_450_q0.5,2.475220075302933e-06,0.0866772674612744,0.27693929015793617,0.08696530333398132,75,126.0,1175.0,443,0.8927659574468085,0.08823936214671366,111.0,96
HAP1,51,0.1,0.1,GoCo-random1 (paper path),adapt_475_to_450_q0.5,0.023528334329438978,0.09398524837193889,0.2875378452990535,0.09929172525366729,78,130.0,1200.0,502,0.8916666666666667,0.10107621460610688,111.0,162
HAP1,51,0.1,0.1,GoCo-knap (paper path),adapt_475_to_450_q0.35,0.0810401942627591,0.09573001195451337,0.2899320804742336,0.09771023602074007,77,130.0,1285.0,492,0.8988326848249028,0.09896580097784322,113.0,147
HAP1,51,0.1,0.1,GoCo-exp1 (paper path),adapt_475_to_450_q0.4,2.052413610203219e-06,0.08656630430104359,0.2768738205523927,0.08774204545559695,75,126.0,1183.0,447,0.893491124260355,0.08901610426832927,111.0,95
HAP1,51,0.1,0.1,GoCo-dense-knap (tie-level path),adapt_455.567_to_451.229_q0.35,0.07685020889160751,0.09564494019348622,0.28980640345239345,0.09763626057838155,77,131.0,1289.0,492,0.8983708301008534,0.09892881325335699,114.0,146
HAP1,51,0.1,0.5,GoDag (global grid),global_475,7.145440399303326e-30,0.07201658360644486,0.2540940663847127,0.07183742187867628,73,122.0,875.0,377,0.8605714285714285,0.07332432821650955,108.0,0
HAP1,51,0.1,0.5,GoCo-source (paper path),adapt_475_to_450_q0.6,0.2829563714537413,0.09822668305970646,0.29324019838186693,0.1020377992697414,77,130.0,1334.0,511,0.9025487256371814,0.10329336422684454,113.0,174
HAP1,51,0.1,0.5,GoCo-random1 (paper path),adapt_475_to_450_q0.5,0.023528334329438978,0.09398524837193889,0.2875378452990535,0.09929172525366729,78,130.0,1200.0,502,0.8916666666666667,0.10107621460610688,111.0,162
HAP1,51,0.1,0.5,GoCo-knap (paper path),adapt_475_to_450_q0.4,0.16952898109945153,0.09706156987728302,0.2917798074792971,0.09992949922535613,77,130.0,1305.0,502,0.9003831417624522,0.10118506418245928,113.0,157
HAP1,51,0.1,0.5,GoCo-exp1 (paper path),adapt_475_to_450_q0.6,0.3079334259617331,0.09844860938016807,0.2935440219856664,0.10270357823112622,77,130.0,1337.0,514,0.9027673896783844,0.10395914318822937,113.0,174
HAP1,51,0.1,0.5,GoCo-dense-knap (tie-level path),adapt_455.567_to_451.229_q0.4,0.16252665195946653,0.09697649811625586,0.2916553150595827,0.09985552378299763,77,131.0,1309.0,502,0.8999236058059588,0.10114807645797307,114.0,156
HAP1,52,0.1,0.1,GoDag (global grid),global_475,2.8650975698697445e-30,0.07185746092595187,0.25374071536079523,0.07220870813315992,67,114.0,812.0,373,0.8596059113300493,0.07390027986306166,99.0,0
HAP1,52,0.1,0.1,GoCo-source (paper path),adapt_475_to_450_q0.5,3.4912179406641475e-06,0.08689167617732982,0.27688734997262876,0.08979584064369354,67,118.0,1167.0,448,0.8988860325621251,0.09098279419947454,102.0,108
HAP1,52,0.1,0.1,GoCo-random1 (paper path),adapt_475_to_450_q0.4,0.02918607611895381,0.09426253620010983,0.28774287213468386,0.09340267175377817,68,117.0,1062.0,467,0.8898305084745762,0.0949832803234491,101.0,127
HAP1,52,0.1,0.1,GoCo-knap (paper path),adapt_475_to_450_q0.3,0.0007999483701107847,0.090613425406307,0.2823520682666514,0.09069834101268888,68,120.0,1175.0,453,0.8978723404255319,0.09188529456846987,104.0,115
HAP1,52,0.1,0.1,GoCo-exp1 (paper path),adapt_475_to_450_q0.4,1.6223336331072905e-06,0.0864478235364066,0.27639410193658503,0.0888489550000236,67,116.0,1149.0,445,0.8990426457789382,0.09033181031201079,100.0,92
HAP1,52,0.1,0.1,GoCo-dense-knap (tie-level path),adapt_455.567_to_451.229_q0.3,0.0013685914490369421,0.09106837436093841,0.2830264719242646,0.09102383293988596,68,120.0,1186.0,455,0.8988195615514334,0.09228476193141154,104.0,113
HAP1,52,0.1,0.5,GoDag (global grid),global_475,2.8650975698697445e-30,0.07185746092595187,0.25374071536079523,0.07220870813315992,67,114.0,812.0,373,0.8596059113300493,0.07390027986306166,99.0,0
HAP1,52,0.1,0.5,GoCo-source (paper path),adapt_475_to_450_q0.5,3.4912179406641475e-06,0.08689167617732982,0.27688734997262876,0.08979584064369354,67,118.0,1167.0,448,0.8988860325621251,0.09098279419947454,102.0,108
HAP1,52,0.1,0.5,GoCo-random1 (paper path),adapt_475_to_450_q0.5,0.4192220447464057,0.09936684157072678,0.2948082806877532,0.09810011220134421,68,117.0,1107.0,488,0.8943089430894309,0.09968072077101514,101.0,155
HAP1,52,0.1,0.5,GoCo-knap (paper path),adapt_475_to_450_q0.5,0.40677420277864035,0.09926855190430965,0.2944127762836198,0.10157273071530762,70,122.0,1301.0,504,0.9062259800153728,0.10275968427108861,106.0,174
HAP1,52,0.1,0.5,GoCo-exp1 (paper path),adapt_475_to_450_q0.5,0.3565795923615369,0.0988616869845657,0.2939525671673015,0.10086996402943658,68,119.0,1288.0,499,0.907608695652174,0.10205691758521758,103.0,167
HAP1,52,0.1,0.5,GoCo-dense-knap (tie-level path),adapt_455.567_to_451.229_q0.4,0.2646273994627518,0.09805905345547904,0.29286948244669786,0.09967895943788863,68,120.0,1277.0,494,0.9060297572435395,0.1009398884294142,104.0,152
HAP1,53,0.1,0.1,GoDag (global grid),global_475,9.7291440767403e-31,0.07160460969777939,0.25392453760746314,0.07279869433222905,73,126.0,830.0,375,0.8481927710843373,0.07403434836832724,113.0,0
HAP1,53,0.1,0.1,GoCo-source (paper path),adapt_475_to_450_q0.5,3.5074518600034976e-05,0.08829079270263646,0.2795862265721374,0.08771584183969765,75,128.0,1159.0,442,0.8895599654874892,0.08899588113724259,114.0,98
HAP1,53,0.1,0.1,GoCo-random1 (paper path),adapt_475_to_450_q0.4,0.0008584896483366024,0.09064981665609415,0.28311066298480714,0.08975016646818008,77,132.0,1023.0,453,0.8709677419354839,0.09142967313858757,115.0,102
HAP1,53,0.1,0.1,GoCo-knap (paper path),adapt_475_to_450_q0.35,0.04500955920178979,0.09484025312995202,0.28893039264496906,0.09490995339907067,75,132.0,1230.0,475,0.8926829268292683,0.09567216461994782,119.0,133
HAP1,53,0.1,0.1,GoCo-exp1 (paper path),adapt_475_to_450_q0.4,0.003203898622556929,0.09182127058353892,0.28480444760474555,0.09195093579071129,74,127.0,1207.0,461,0.8947804473902237,0.09300904876779462,114.0,114
HAP1,53,0.1,0.1,GoCo-dense-knap (tie-level path),adapt_455.567_to_451.229_q0.35,0.04040928879511537,0.09468860347510125,0.28879255488708083,0.09493214602648709,75,132.0,1233.0,475,0.8929440389294404,0.09576833268310883,119.0,129
HAP1,53,0.1,0.5,GoDag (global grid),global_475,9.7291440767403e-31,0.07160460969777939,0.25392453760746314,0.07279869433222905,73,126.0,830.0,375,0.8481927710843373,0.07403434836832724,113.0,0
HAP1,53,0.1,0.5,GoCo-source (paper path),adapt_475_to_450_q0.5,3.5074518600034976e-05,0.08829079270263646,0.2795862265721374,0.08771584183969765,75,128.0,1159.0,442,0.8895599654874892,0.08899588113724259,114.0,98
HAP1,53,0.1,0.5,GoCo-random1 (paper path),adapt_475_to_450_q0.5,0.11582265742858694,0.09633297984448212,0.29103486840834886,0.09537229992207875,77,133.0,1102.0,478,0.8793103448275862,0.09690385571438315,116.0,135
HAP1,53,0.1,0.5,GoCo-knap (paper path),adapt_475_to_450_q0.4,0.3315343114881233,0.09864998829897859,0.29415761405231144,0.09690729028322513,75,132.0,1259.0,484,0.8951548848292296,0.09766950150410228,119.0,145
HAP1,53,0.1,0.5,GoCo-exp1 (paper path),adapt_475_to_450_q0.4,0.003203898622556929,0.09182127058353892,0.28480444760474555,0.09195093579071129,74,127.0,1207.0,461,0.8947804473902237,0.09300904876779462,114.0,114
HAP1,53,0.1,0.5,GoCo-dense-knap (tie-level path),adapt_455.567_to_451.229_q0.4,0.32679396966336133,0.09860930180435862,0.2941756564244705,0.09692948291064156,75,132.0,1262.0,484,0.8954041204437401,0.09776566956726329,119.0,141
HAP1,54,0.1,0.1,GoDag (global grid),global_475,9.819370236756619e-28,0.07291967412416124,0.25588921380688884,0.06973021067067141,78,133.0,855.0,368,0.8444444444444444,0.07164089060258294,115.0,0
HAP1,54,0.1,0.1,GoCo-source (paper path),adapt_475_to_450_q0.5,0.0002306538797601654,0.08961261133425669,0.2815574701972117,0.08590652585307387,82,138.0,1184.0,441,0.8834459459459459,0.08812631744373865,117.0,105
HAP1,54,0.1,0.1,GoCo-random1 (paper path),adapt_475_to_450_q0.35,0.0018395333869760042,0.09130348655226968,0.28424500503119254,0.08520957153609632,82,141.0,1043.0,438,0.8648130393096836,0.08739765936858486,119.0,98
HAP1,54,0.1,0.1,GoCo-knap (paper path),adapt_475_to_450_q0.3,0.042721184629646865,0.09476685012896167,0.2888411776503477,0.09100343368342333,84,144.0,1227.0,465,0.882640586797066,0.09255744631931721,124.0,128
HAP1,54,0.1,0.1,GoCo-exp1 (paper path),adapt_475_to_450_q0.4,0.00010605708265518888,0.08904300044595376,0.2808119290965388,0.08552925110101382,79,135.0,1169.0,438,0.8845166809238666,0.08745314093547242,116.0,91
HAP1,54,0.1,0.1,GoCo-dense-knap (tie-level path),adapt_455.567_to_451.229_q0.3,0.05786639503169797,0.09520330522300348,0.28949469676412176,0.09095904841536265,84,144.0,1230.0,465,0.8829268292682927,0.09262402420487342,124.0,124
HAP1,54,0.1,0.5,GoDag (global grid),global_475,9.819370236756619e-28,0.07291967412416124,0.25588921380688884,0.06973021067067141,78,133.0,855.0,368,0.8444444444444444,0.07164089060258294,115.0,0
HAP1,54,0.1,0.5,GoCo-source (paper path),adapt_475_to_450_q0.5,0.0002306538797601654,0.08961261133425669,0.2815574701972117,0.08590652585307387,82,138.0,1184.0,441,0.8834459459459459,0.08812631744373865,117.0,105
HAP1,54,0.1,0.5,GoCo-random1 (paper path),adapt_475_to_450_q0.4,0.16959982440024823,0.09705771900187637,0.29224791103755243,0.09062087498489507,84,143.0,1113.0,463,0.87151841868823,0.09280896281738361,121.0,130
HAP1,54,0.1,0.5,GoCo-knap (paper path),adapt_475_to_450_q0.4,0.4269572245517117,0.09942730285865542,0.29527046239973237,0.09477618113127063,84,144.0,1273.0,482,0.8868813825608798,0.09633019376716453,124.0,145
HAP1,54,0.1,0.5,GoCo-exp1 (paper path),adapt_475_to_450_q0.4,0.00010605708265518888,0.08904300044595376,0.2808119290965388,0.08552925110101382,79,135.0,1169.0,438,0.8845166809238666,0.08745314093547242,116.0,91
HAP1,54,0.1,0.5,GoCo-dense-knap (tie-level path),adapt_455.567_to_451.229_q0.4,0.4260322986063868,0.099419905311774,0.29530176311106504,0.09473179586320997,84,144.0,1276.0,482,0.8871473354231975,0.09639677165272074,124.0,141
HAP1,55,0.1,0.1,GoDag (global grid),global_475,1.8096396913286205e-36,0.06938024782620843,0.25002596990652404,0.0779888720325613,78,126.0,896.0,405,0.859375,0.07942425975178381,111.0,0
HAP1,55,0.1,0.1,GoCo-source (paper path),adapt_475_to_450_q0.5,0.07780552928827876,0.0956658719068652,0.2897527309244762,0.10674471081070407,80,130.0,1393.0,532,0.9066762383345298,0.10790480421322798,113.0,170
HAP1,55,0.1,0.1,GoCo-random1 (paper path),adapt_475_to_450_q0.5,5.922763888901645e-05,0.08864217607202765,0.2801069137587335,0.09755537596428283,81,131.0,1113.0,494,0.8823000898472596,0.09932365316419775,113.0,117
HAP1,55,0.1,0.1,GoCo-knap (paper path),adapt_475_to_450_q0.4,0.060559520201488144,0.09527380207096318,0.28944400606667864,0.10615660606015803,81,131.0,1389.0,531,0.9056875449964003,0.10731669946268194,114.0,167
HAP1,55,0.1,0.1,GoCo-exp1 (paper path),adapt_475_to_450_q0.4,0.04061638692931074,0.09470049240756606,0.2885392056419634,0.10482504813738838,80,130.0,1366.0,524,0.9048316251830161,0.1059851415399123,113.0,150
HAP1,55,0.1,0.1,GoCo-dense-knap (tie-level path),adapt_455.567_to_451.229_q0.35,0.025200421452877615,0.09406800239061283,0.2878203164761378,0.10464010953810603,82,133.0,1380.0,524,0.9036231884057971,0.10580020294062994,116.0,159
HAP1,55,0.1,0.5,GoDag (global grid),global_475,1.8096396913286205e-36,0.06938024782620843,0.25002596990652404,0.0779888720325613,78,126.0,896.0,405,0.859375,0.07942425975178381,111.0,0
HAP1,55,0.1,0.5,GoCo-source (paper path),adapt_475_to_450_q0.6,0.2820361482594542,0.09821802459217367,0.293281394664599,0.10985167929716656,80,130.0,1421.0,546,0.9085151301900071,0.11101177269969048,113.0,184
HAP1,55,0.1,0.5,GoCo-random1 (paper path),adapt_475_to_450_q0.6,0.2589205922190449,0.09800270322463907,0.2932013439065233,0.1067468244011964,83,133.0,1240.0,536,0.8927419354838709,0.10857058318122673,114.0,172
HAP1,55,0.1,0.5,GoCo-knap (paper path),adapt_475_to_450_q0.4,0.060559520201488144,0.09527380207096318,0.28944400606667864,0.10615660606015803,81,131.0,1389.0,531,0.9056875449964003,0.10731669946268194,114.0,167
HAP1,55,0.1,0.5,GoCo-exp1 (paper path),adapt_475_to_450_q0.6,0.3907474514281079,0.0991390188167982,0.29467446073931386,0.1119266903921598,80,130.0,1430.0,556,0.9090909090909091,0.11308678379468372,113.0,182
HAP1,55,0.1,0.5,GoCo-dense-knap (tie-level path),adapt_455.567_to_451.229_q0.35,0.025200421452877615,0.09406800239061283,0.2878203164761378,0.10464010953810603,82,133.0,1380.0,524,0.9036231884057971,0.10580020294062994,116.0,159
HAP1,56,0.1,0.1,GoDag (global grid),global_475,1.3272114587379495e-31,0.07125699719095584,0.25325233890528853,0.073609790181484,77,128.0,859.0,383,0.8509895227008148,0.075006340805208,114.0,0
HAP1,56,0.1,0.1,GoCo-source (paper path),adapt_475_to_450_q0.5,0.0358922208581146,0.09452704640326107,0.2885648227204795,0.09886860815395634,81,137.0,1339.0,495,0.8976848394324123,0.10048348239684603,118.0,159
HAP1,56,0.1,0.1,GoCo-random1 (paper path),adapt_475_to_450_q0.4,0.00012629647496466704,0.08916330661606482,0.28110708743576635,0.09184094134815735,80,136.0,1086.0,465,0.8747697974217311,0.09362226033139324,117.0,109
HAP1,56,0.1,0.1,GoCo-knap (paper path),adapt_475_to_450_q0.35,0.07065490827687736,0.09550537160050854,0.2900762178615454,0.09996714343759572,80,136.0,1330.0,499,0.8977443609022556,0.1013600913600238,118.0,149
HAP1,56,0.1,0.1,GoCo-exp1 (paper path),adapt_475_to_450_q0.4,1.1118445047666518e-06,0.08620032602470555,0.27684641938157756,0.08952920883232575,79,134.0,1222.0,452,0.8903436988543372,0.09079269973227992,118.0,97
HAP1,56,0.1,0.1,GoCo-dense-knap (tie-level path),adapt_455.567_to_451.229_q0.3,0.029540793555678475,0.09426628296911267,0.28836341606382615,0.0983174911278965,80,137.0,1323.0,491,0.8964474678760394,0.09971043905032459,119.0,141
HAP1,56,0.1,0.5,GoDag (global grid),global_475,1.3272114587379495e-31,0.07125699719095584,0.25325233890528853,0.073609790181484,77,128.0,859.0,383,0.8509895227008148,0.075006340805208,114.0,0
HAP1,56,0.1,0.5,GoCo-source (paper path),adapt_475_to_450_q0.6,0.21267055973908178,0.09754154559173586,0.29275970999476253,0.10352906088365008,81,137.0,1380.0,516,0.9007246376811594,0.10514393512653976,118.0,180
HAP1,56,0.1,0.5,GoCo-random1 (paper path),adapt_475_to_450_q0.5,0.13325864169278162,0.09658859142040709,0.29146331065936015,0.09786254217822553,81,137.0,1155.0,493,0.8813852813852814,0.09964386116146141,118.0,149
HAP1,56,0.1,0.5,GoCo-knap (paper path),adapt_475_to_450_q0.4,0.10582205910557302,0.09617115056189335,0.29100236585704314,0.10152062768082697,80,136.0,1345.0,506,0.8988847583643123,0.10291357560325505,118.0,158
HAP1,56,0.1,0.5,GoCo-exp1 (paper path),adapt_475_to_450_q0.6,0.3899913667844667,0.0991320175528394,0.29497554890018535,0.10486061880641973,81,137.0,1389.0,522,0.9013678905687545,0.10647549304930941,118.0,182
HAP1,56,0.1,0.5,GoCo-dense-knap (tie-level path),adapt_455.567_to_451.229_q0.35,0.24862276223602675,0.09790217585752553,0.2933719479302719,0.10342179649851346,82,139.0,1364.0,516,0.8980938416422287,0.10481474442094155,121.0,168
HAP1,57,0.1,0.1,GoDag (global grid),global_475,1.0062321345458134e-27,0.07290415849344617,0.2560885440585172,0.06976641380900656,72,117.0,822.0,361,0.8576642335766423,0.07122126411806992,102.0,0
HAP1,57,0.1,0.1,GoCo-source (paper path),adapt_475_to_450_q0.4,1.2902206689206694e-05,0.08764834322375929,0.2786740714051186,0.08111415027288982,76,122.0,1130.0,411,0.8920353982300885,0.0827001388562133,105.0,89
HAP1,57,0.1,0.1,GoCo-random1 (paper path),adapt_475_to_450_q0.5,0.03726216723200914,0.09457932159476581,0.2885493791812122,0.09112144213978365,75,121.0,1063.0,457,0.8861712135465664,0.09267044300523483,104.0,123
HAP1,57,0.1,0.1,GoCo-knap (paper path),adapt_475_to_450_q0.2,0.009931714254631642,0.09297748910378098,0.2862522310725175,0.08737987005083603,75,121.0,1160.0,439,0.8956896551724138,0.0887994138938133,105.0,101
HAP1,57,0.1,0.1,GoCo-exp1 (paper path),adapt_475_to_450_q0.4,0.016695035276242904,0.09356452904962403,0.28717700389132755,0.08582638580760478,75,121.0,1173.0,432,0.896845694799659,0.08724592965058205,105.0,101
HAP1,57,0.1,0.1,GoCo-dense-knap (tie-level path),adapt_455.567_to_451.229_q0.3,7.264210594322872e-23,0.07355998485414018,0.256797363242035,0.06988837722402862,76,122.0,919.0,361,0.8672470076169749,0.0713634026471213,105.0,36
HAP1,57,0.1,0.5,GoDag (global grid),global_475,1.0062321345458134e-27,0.07290415849344617,0.2560885440585172,0.06976641380900656,72,117.0,822.0,361,0.8576642335766423,0.07122126411806992,102.0,0
HAP1,57,0.1,0.5,GoCo-source (paper path),adapt_475_to_450_q0.4,1.2902206689206694e-05,0.08764834322375929,0.2786740714051186,0.08111415027288982,76,122.0,1130.0,411,0.8920353982300885,0.0827001388562133,105.0,89
HAP1,57,0.1,0.5,GoCo-random1 (paper path),adapt_475_to_450_q0.5,0.03726216723200914,0.09457932159476581,0.2885493791812122,0.09112144213978365,75,121.0,1063.0,457,0.8861712135465664,0.09267044300523483,104.0,123
HAP1,57,0.1,0.5,GoCo-knap (paper path),adapt_475_to_450_q0.3,0.23972644711126873,0.09781811686288078,0.29289394681989944,0.0927800771842731,75,122.0,1235.0,463,0.9012145748987854,0.09405167014914727,106.0,134
HAP1,57,0.1,0.5,GoCo-exp1 (paper path),adapt_475_to_450_q0.4,0.016695035276242904,0.09356452904962403,0.28717700389132755,0.08582638580760478,75,121.0,1173.0,432,0.896845694799659,0.08724592965058205,105.0,101
HAP1,57,0.1,0.5,GoCo-dense-knap (tie-level path),adapt_455.567_to_451.229_q0.3,7.264210594322872e-23,0.07355998485414018,0.256797363242035,0.06988837722402862,76,122.0,919.0,361,0.8672470076169749,0.0713634026471213,105.0,36
HAP1,58,0.1,0.1,GoDag (global grid),global_475,4.1882337812277164e-31,0.0715387077505697,0.2529096498525832,0.072952465542385,65,106.0,813.0,378,0.8696186961869619,0.07411387994971426,96.0,0
HAP1,58,0.1,0.1,GoCo-source (paper path),adapt_475_to_450_q0.4,2.610755898947092e-07,0.08549126264913263,0.2744798641515893,0.08920856850958378,66,111.0,1165.0,446,0.9047210300429185,0.09003709344283455,101.0,102
HAP1,58,0.1,0.1,GoCo-random1 (paper path),adapt_475_to_450_q0.4,0.035802720697645084,0.09453977998288218,0.2877119433820039,0.09825206607500818,69,112.0,1126.0,492,0.9005328596802842,0.09985733312326064,100.0,148
HAP1,58,0.1,0.1,GoCo-knap (paper path),adapt_475_to_450_q0.275,0.016502322682438578,0.09356831591716884,0.28637997109897884,0.09597732128366279,68,113.0,1237.0,479,0.9086499595796281,0.09680584621691354,103.0,136
HAP1,58,0.1,0.1,GoCo-exp1 (paper path),adapt_475_to_450_q0.35,0.0006550765033320491,0.09045686406946109,0.28189676295523075,0.09176072119489226,66,111.0,1194.0,458,0.907035175879397,0.09258924612814302,101.0,111
HAP1,58,0.1,0.1,GoCo-dense-knap (tie-level path),adapt_455.567_to_451.229_q0.275,0.07485141129381842,0.0956100380594631,0.2892899706828622,0.09790068272545874,69,115.0,1261.0,488,0.908802537668517,0.0987661953765818,105.0,143
HAP1,58,0.1,0.5,GoDag (global grid),global_475,4.1882337812277164e-31,0.0715387077505697,0.2529096498525832,0.072952465542385,65,106.0,813.0,378,0.8696186961869619,0.07411387994971426,96.0,0
HAP1,58,0.1,0.5,GoCo-source (paper path),adapt_475_to_450_q0.5,0.24529463091672565,0.09787738530392706,0.2922995732672136,0.10030488453266412,66,111.0,1287.0,496,0.9137529137529138,0.10113340946591488,101.0,162
HAP1,58,0.1,0.5,GoCo-random1 (paper path),adapt_475_to_450_q0.5,0.31115453042273583,0.09847897217107571,0.2931369574143211,0.10230592019191277,70,113.0,1167.0,511,0.9031705227077977,0.10391118724016524,101.0,176
HAP1,58,0.1,0.5,GoCo-knap (paper path),adapt_475_to_450_q0.4,0.2829477794355346,0.09822876864686257,0.2928823643206295,0.10196933193612617,68,113.0,1301.0,506,0.9131437355880092,0.10279785686937692,103.0,167
HAP1,58,0.1,0.5,GoCo-exp1 (paper path),adapt_475_to_450_q0.5,0.3381969228291998,0.09870960900565809,0.2934883313998487,0.10196933193612617,66,111.0,1297.0,504,0.9144178874325366,0.10279785686937692,101.0,163
HAP1,58,0.1,0.5,GoCo-dense-knap (tie-level path),adapt_455.567_to_451.229_q0.4,0.28171294199650665,0.09821767232488697,0.2928534596583598,0.10200631965399846,69,115.0,1313.0,506,0.9124143183549124,0.10287183230512152,105.0,172
HAP1,59,0.1,0.1,GoDag (global grid),global_475,3.450856067823606e-29,0.07227017591723885,0.2549345079969093,0.07124570648682366,76,143.0,857.0,371,0.8331388564760793,0.07204772351756923,127.0,0
HAP1,59,0.1,0.1,GoCo-source (paper path),adapt_475_to_450_q0.4,3.297194728515622e-05,0.08825169939215427,0.2794873407711807,0.08540407733564317,78,145.0,1177.0,435,0.8768054375531011,0.08627478584905121,128.0,90
HAP1,59,0.1,0.1,GoCo-random1 (paper path),adapt_475_to_450_q0.4,0.013945622663711587,0.09335178560943165,0.28703005689699945,0.09496751657484163,78,145.0,1134.0,477,0.8721340388007055,0.09587521279950804,127.0,133
HAP1,59,0.1,0.1,GoCo-knap (paper path),adapt_475_to_450_q0.3,0.06900841695811294,0.09547355173497109,0.2897100312105408,0.09350438803249182,77,144.0,1253.0,471,0.8850758180367119,0.09426413338566905,128.0,125
HAP1,59,0.1,0.1,GoCo-exp1 (paper path),adapt_475_to_450_q0.4,0.014040903300623667,0.09336525169389279,0.28679706083197887,0.09206186694949138,78,145.0,1252.0,465,0.884185303514377,0.09293257546289942,128.0,125
HAP1,59,0.1,0.1,GoCo-dense-knap (tie-level path),adapt_455.567_to_451.229_q0.3,0.06585963331885208,0.09539957628930562,0.28972929276683645,0.09403701120292246,77,144.0,1263.0,473,0.8859857482185273,0.0947967565560997,128.0,127
HAP1,59,0.1,0.5,GoDag (global grid),global_475,3.450856067823606e-29,0.07227017591723885,0.2549345079969093,0.07124570648682366,76,143.0,857.0,371,0.8331388564760793,0.07204772351756923,127.0,0
HAP1,59,0.1,0.5,GoCo-source (paper path),adapt_475_to_450_q0.5,0.2999587050152892,0.09837708776321509,0.2937272003187936,0.09539076175641548,78,145.0,1284.0,480,0.8870716510903427,0.09626147026982351,128.0,142
HAP1,59,0.1,0.5,GoCo-random1 (paper path),adapt_475_to_450_q0.5,0.2100073070387687,0.09751290411808677,0.29278903785459304,0.09896219034315056,78,145.0,1166.0,495,0.8756432246998285,0.09986988656781697,127.0,155
HAP1,59,0.1,0.5,GoCo-knap (paper path),adapt_475_to_450_q0.4,0.3364037783240199,0.09869148338166439,0.2941513624301657,0.09527979859618467,77,144.0,1278.0,479,0.8873239436619719,0.09603954394936191,128.0,136
HAP1,59,0.1,0.5,GoCo-exp1 (paper path),adapt_475_to_450_q0.5,0.35632832255319097,0.09885792812531756,0.2943835423624465,0.09539076175641548,78,145.0,1284.0,480,0.8870716510903427,0.09626147026982351,128.0,141
HAP1,59,0.1,0.5,GoCo-dense-knap (tie-level path),adapt_455.567_to_451.229_q0.4,0.40882089813295924,0.09928328689738374,0.295077416611777,0.09714397968938496,77,144.0,1294.0,487,0.8887171561051005,0.09790372504256219,128.0,141
HAP1,60,0.1,0.1,GoDag (global grid),global_475,2.240817294061743e-28,0.07265732208625068,0.2552116887861817,0.07034236542579601,75,121.0,847.0,372,0.8571428571428571,0.07248976676531807,106.0,0
HAP1,60,0.1,0.1,GoCo-source (paper path),adapt_475_to_450_q0.4,2.865620847644453e-05,0.08815528716126443,0.2794596306384347,0.08568117295007836,77,124.0,1182.0,439,0.8950930626057529,0.08775459885385584,107.0,94
HAP1,60,0.1,0.1,GoCo-random1 (paper path),adapt_475_to_450_q0.4,0.005678285902684167,0.09238588975645731,0.28552653191783983,0.08925048794632111,78,126.0,1069.0,457,0.882132834424696,0.09174927262216476,108.0,108
HAP1,60,0.1,0.1,GoCo-knap (paper path),adapt_475_to_450_q0.275,0.07964692904020215,0.0957007820619195,0.28997925921089296,0.09136035714316675,78,127.0,1242.0,465,0.8977455716586151,0.09323035058872571,110.0,122
HAP1,60,0.1,0.1,GoCo-exp1 (paper path),adapt_475_to_450_q0.4,9.793498511649927e-05,0.08898751086464893,0.28070699753578465,0.08567377539327607,75,122.0,1162.0,439,0.8950086058519794,0.08763623813682274,107.0,80
HAP1,60,0.1,0.1,GoCo-dense-knap (tie-level path),adapt_455.567_to_451.229_q0.275,0.0900325521002186,0.09590051574835076,0.2903055275195209,0.09134556204940392,78,127.0,1243.0,465,0.8978278358809332,0.09325254321283517,110.0,120
HAP1,60,0.1,0.5,GoDag (global grid),global_475,2.240817294061743e-28,0.07265732208625068,0.2552116887861817,0.07034236542579601,75,121.0,847.0,372,0.8571428571428571,0.07248976676531807,106.0,0
HAP1,60,0.1,0.5,GoCo-source (paper path),adapt_475_to_450_q0.5,0.2819116245243485,0.0982159470277022,0.2934357739689142,0.09258834946250788,78,126.0,1266.0,470,0.9004739336492891,0.09445834290806686,109.0,136
HAP1,60,0.1,0.5,GoCo-random1 (paper path),adapt_475_to_450_q0.4,0.005678285902684167,0.09238588975645731,0.28552653191783983,0.08925048794632111,78,126.0,1069.0,457,0.882132834424696,0.09174927262216476,108.0,108
HAP1,60,0.1,0.5,GoCo-knap (paper path),adapt_475_to_450_q0.35,0.32394534190185953,0.09858582422792038,0.29396001069374,0.09424539930916764,78,127.0,1273.0,478,0.9002356637863315,0.09611539275472661,110.0,135
HAP1,60,0.1,0.5,GoCo-exp1 (paper path),adapt_475_to_450_q0.4,9.793498511649927e-05,0.08898751086464893,0.28070699753578465,0.08567377539327607,75,122.0,1162.0,439,0.8950086058519794,0.08763623813682274,107.0,80
HAP1,60,0.1,0.5,GoCo-dense-knap (tie-level path),adapt_455.567_to_451.229_q0.3,0.11645864583033,0.09634436838927399,0.2909223668778013,0.09156748836986552,78,127.0,1245.0,466,0.8979919678714859,0.09347446953329679,110.0,121
HAP1,61,0.1,0.1,GoDag (global grid),global_475,9.534491424830447e-28,0.07289997250584339,0.25601190850224875,0.06977618111341305,72,117.0,816.0,362,0.8566176470588235,0.07092491401085788,106.0,0
HAP1,61,0.1,0.1,GoCo-source (paper path),adapt_475_to_450_q0.4,0.0007821703739179068,0.09057778267696652,0.2828372356514947,0.08355982313606404,75,120.0,1123.0,425,0.8931433659839715,0.08495065746799978,106.0,86
HAP1,61,0.1,0.1,GoCo-random1 (paper path),adapt_475_to_450_q0.4,0.0719905165002415,0.09553915693945901,0.2898278049883572,0.09022131153162034,75,120.0,1060.0,455,0.8867924528301887,0.09166762744367149,106.0,119
HAP1,61,0.1,0.1,GoCo-knap (paper path),adapt_475_to_450_q0.2,3.069365330774074e-05,0.08820317104405898,0.27945488526555584,0.08207291678500292,74,119.0,1087.0,418,0.890524379024839,0.08324182479647706,107.0,70
HAP1,61,0.1,0.1,GoCo-exp1 (paper path),adapt_475_to_450_q0.4,0.0010547985737579283,0.09082744978748583,0.2832350325327347,0.08405915735710265,74,119.0,1124.0,427,0.8941281138790036,0.08539451010892299,106.0,85
HAP1,61,0.1,0.1,GoCo-dense-knap (tie-level path),adapt_455.567_to_451.229_q0.225,0.08517978640547746,0.09580969567920333,0.29013696868736816,0.08875289902957449,75,121.0,1167.0,448,0.8963153384747216,0.08981084388081784,108.0,106
HAP1,61,0.1,0.5,GoDag (global grid),global_475,9.534491424830447e-28,0.07289997250584339,0.25601190850224875,0.06977618111341305,72,117.0,816.0,362,0.8566176470588235,0.07092491401085788,106.0,0
HAP1,61,0.1,0.5,GoCo-source (paper path),adapt_475_to_450_q0.4,0.0007821703739179068,0.09057778267696652,0.2828372356514947,0.08355982313606404,75,120.0,1123.0,425,0.8931433659839715,0.08495065746799978,106.0,86
HAP1,61,0.1,0.5,GoCo-random1 (paper path),adapt_475_to_450_q0.5,0.32083177213062186,0.09855920428561465,0.2939075521354777,0.09477080110108328,76,121.0,1109.0,476,0.890892696122633,0.09621711701313443,107.0,144
HAP1,61,0.1,0.5,GoCo-knap (paper path),adapt_475_to_450_q0.3,0.48073080758608866,0.099849539301724,0.29560463994233394,0.09279935560951855,75,121.0,1225.0,466,0.9012244897959184,0.09382031274288959,108.0,134
HAP1,61,0.1,0.5,GoCo-exp1 (paper path),adapt_475_to_450_q0.4,0.0010547985737579283,0.09082744978748583,0.2832350325327347,0.08405915735710265,74,119.0,1124.0,427,0.8941281138790036,0.08539451010892299,106.0,85
HAP1,61,0.1,0.5,GoCo-dense-knap (tie-level path),adapt_455.567_to_451.229_q0.3,0.48025995793657406,0.0998458405266298,0.2956415477939383,0.09274757279788341,75,121.0,1227.0,466,0.9013854930725347,0.09380551764912676,108.0,132
HAP1,62,0.1,0.1,GoDag (global grid),global_475,6.281891923369869e-33,0.07074225713357694,0.2522086574958229,0.07481085031536808,83,142.0,914.0,395,0.8446389496717724,0.07671370036499901,123.0,0
HAP1,62,0.1,0.1,GoCo-source (paper path),adapt_475_to_450_q0.4,2.1003309302989393e-06,0.08656873813587668,0.27711268515849297,0.09184845096460195,85,147.0,1264.0,467,0.8837025316455697,0.09348181906312082,128.0,110
HAP1,62,0.1,0.1,GoCo-random1 (paper path),adapt_475_to_450_q0.5,0.003792037696689583,0.09199034531765708,0.2847774306082622,0.09998257901342615,85,145.0,1224.0,507,0.8815359477124183,0.10206508370595035,125.0,153
HAP1,62,0.1,0.1,GoCo-knap (paper path),adapt_475_to_450_q0.3,0.0013863282034164844,0.09106538009892239,0.2834931492188246,0.09876145584830379,86,151.0,1341.0,498,0.8873974645786726,0.10000645289262877,131.0,147
HAP1,62,0.1,0.1,GoCo-exp1 (paper path),adapt_475_to_450_q0.35,2.461125824193361e-06,0.08665935804962424,0.27723888572034416,0.09193722148749546,84,146.0,1244.0,467,0.882636655948553,0.09357058958601433,127.0,92
HAP1,62,0.1,0.1,GoCo-dense-knap (tie-level path),adapt_455.567_to_451.229_q0.3,0.0012972286476619786,0.09100989851715349,0.2833384841532771,0.09860610741670535,86,151.0,1342.0,498,0.8874813710879285,0.09996206761464721,131.0,144
HAP1,62,0.1,0.5,GoDag (global grid),global_475,6.281891923369869e-33,0.07074225713357694,0.2522086574958229,0.07481085031536808,83,142.0,914.0,395,0.8446389496717724,0.07671370036499901,123.0,0
HAP1,62,0.1,0.5,GoCo-source (paper path),adapt_475_to_450_q0.6,0.3966413696374145,0.09918603404225428,0.29487118580792737,0.10533047493925848,86,151.0,1420.0,527,0.893661971830986,0.10657547198358346,131.0,189
HAP1,62,0.1,0.5,GoCo-random1 (paper path),adapt_475_to_450_q0.6,0.2410975763045266,0.09783149090307425,0.2929238383390759,0.10658488704715895,86,147.0,1306.0,536,0.8874425727411945,0.10857492244169546,126.0,193
HAP1,62,0.1,0.5,GoCo-knap (paper path),adapt_475_to_450_q0.4,0.1693242243535778,0.09705739075138577,0.29194715730687326,0.10408768753938234,86,151.0,1396.0,522,0.8918338108882522,0.10533268458370733,131.0,171
HAP1,62,0.1,0.5,GoCo-exp1 (paper path),adapt_475_to_450_q0.5,0.25876250162537495,0.09800057761334759,0.2932918242953614,0.10453154018030555,85,150.0,1402.0,523,0.8930099857346647,0.10577653722463054,130.0,174
HAP1,62,0.1,0.5,GoCo-dense-knap (tie-level path),adapt_455.567_to_451.229_q0.5,0.2586772185446228,0.09800057761169412,0.29317241362838753,0.10415426542824552,86,151.0,1408.0,523,0.8927556818181818,0.10551022562618738,131.0,178
HAP1,63,0.1,0.1,GoDag (global grid),global_475,3.669059052867095e-33,0.07061509211491514,0.252354186414455,0.07510756869224565,75,122.0,857.0,384,0.8576429404900817,0.07646352889680143,107.0,0
HAP1,63,0.1,0.1,GoCo-source (paper path),adapt_475_to_450_q0.4,1.79488720900174e-08,0.08414805998146878,0.2731158908348605,0.08743389454474726,77,126.0,1158.0,438,0.8911917098445595,0.0885955010864452,107.0,87
HAP1,63,0.1,0.1,GoCo-random1 (paper path),adapt_475_to_450_q0.5,0.03858844557949978,0.09462985146379026,0.28845959183052655,0.09856719829892774,80,129.0,1151.0,490,0.8879235447437012,0.10010977835124511,108.0,146
HAP1,63,0.1,0.1,GoCo-knap (paper path),adapt_475_to_450_q0.3,0.0265891189376024,0.09413922776017938,0.287758286241791,0.09483143856895272,79,128.0,1228.0,472,0.8957654723127035,0.09614099598213983,107.0,120
HAP1,63,0.1,0.1,GoCo-exp1 (paper path),adapt_475_to_450_q0.4,0.0005196683465676895,0.09025103379416297,0.2821894940229762,0.09276012623582583,77,126.0,1216.0,462,0.8963815789473685,0.09392173277752378,107.0,108
HAP1,63,0.1,0.1,GoCo-dense-knap (tie-level path),adapt_455.567_to_451.229_q0.3,0.07958516665509269,0.09570010954367812,0.28993872563786255,0.09619998420959465,79,128.0,1245.0,478,0.8971887550200803,0.09750954162278178,107.0,125
HAP1,63,0.1,0.5,GoDag (global grid),global_475,3.669059052867095e-33,0.07061509211491514,0.252354186414455,0.07510756869224565,75,122.0,857.0,384,0.8576429404900817,0.07646352889680143,107.0,0
HAP1,63,0.1,0.5,GoCo-source (paper path),adapt_475_to_450_q0.5,0.1574231797453045,0.09691330676594946,0.2915363337586571,0.097494554414492,80,129.0,1280.0,485,0.89921875,0.09880411182767912,108.0,148
HAP1,63,0.1,0.5,GoCo-random1 (paper path),adapt_475_to_450_q0.6,0.3053676578607446,0.09842557612851202,0.2936255839433128,0.10396000788548339,80,129.0,1222.0,514,0.8944353518821604,0.10550258793780076,108.0,181
HAP1,63,0.1,0.5,GoCo-knap (paper path),adapt_475_to_450_q0.4,0.3492716736186922,0.09879968048987313,0.29422117763493527,0.09971381761910807,79,128.0,1283.0,494,0.9002338269680437,0.10102337503229519,107.0,142
HAP1,63,0.1,0.5,GoCo-exp1 (paper path),adapt_475_to_450_q0.4,0.0005196683465676895,0.09025103379416297,0.2821894940229762,0.09276012623582583,77,126.0,1216.0,462,0.8963815789473685,0.09392173277752378,107.0,108
HAP1,63,0.1,0.5,GoCo-dense-knap (tie-level path),adapt_455.567_to_451.229_q0.4,0.418645773109645,0.09936189383129464,0.2949779210941978,0.10108236325975,79,128.0,1298.0,500,0.901386748844376,0.10239192067293712,107.0,147
HAP1,64,0.1,0.1,GoDag (global grid),global_475,3.5877849311411056e-37,0.06913684941339293,0.24948192175515677,0.07855680166246412,85,128.0,925.0,414,0.8616216216216216,0.08008835746138243,113.0,0
HAP1,64,0.1,0.1,GoCo-source (paper path),adapt_475_to_450_q0.5,1.7162460712383808e-08,0.084103478574311,0.2734928065028894,0.09259892538474286,88,135.0,1255.0,472,0.8924302788844621,0.09401951802343038,119.0,102
HAP1,64,0.1,0.1,GoCo-random1 (paper path),adapt_475_to_450_q0.5,0.0017031161673765735,0.09123946658529497,0.2839872291040744,0.09872620542526668,87,137.0,1156.0,502,0.8814878892733564,0.1000728226282096,120.0,124
HAP1,64,0.1,0.1,GoCo-knap (paper path),adapt_475_to_450_q0.4,0.02210565608793493,0.09390046082923162,0.28778090761286634,0.10240067121615369,89,142.0,1366.0,517,0.8960468521229868,0.10345138666289042,125.0,152
HAP1,64,0.1,0.1,GoCo-exp1 (paper path),adapt_475_to_450_q0.5,0.027952749778630093,0.09419636258543782,0.2881873171061203,0.10288151157494921,86,137.0,1366.0,515,0.8997071742313324,0.10393222702168593,120.0,152
HAP1,64,0.1,0.1,GoCo-dense-knap (tie-level path),adapt_455.567_to_451.229_q0.4,0.023248751753228627,0.093963339951268,0.2878518437132433,0.10221573261025742,89,142.0,1367.0,517,0.8961228968544257,0.10337741121061103,125.0,145
HAP1,64,0.1,0.5,GoDag (global grid),global_475,3.5877849311411056e-37,0.06913684941339293,0.24948192175515677,0.07855680166246412,85,128.0,925.0,414,0.8616216216216216,0.08008835746138243,113.0,0
HAP1,64,0.1,0.5,GoCo-source (paper path),adapt_475_to_450_q0.6,0.10937223502086385,0.09623068719407848,0.29094595195210066,0.10428704494007736,89,142.0,1393.0,524,0.8980617372577172,0.10533776038681408,125.0,172
HAP1,64,0.1,0.5,GoCo-random1 (paper path),adapt_475_to_450_q0.6,0.19023647943177208,0.09729805513323544,0.29246574696993466,0.10394147395611444,87,137.0,1214.0,525,0.8871499176276771,0.10528809115905736,120.0,154
HAP1,64,0.1,0.5,GoCo-knap (paper path),adapt_475_to_450_q0.5,0.1429835828051612,0.0967226238748496,0.2915870607184187,0.10517475022192378,89,142.0,1394.0,529,0.8981348637015782,0.10622546566866051,125.0,173
HAP1,64,0.1,0.5,GoCo-exp1 (paper path),adapt_475_to_450_q0.6,0.200812836500797,0.0974142942321311,0.29266580154008415,0.10554462742048848,86,137.0,1390.0,527,0.9014388489208633,0.1065953428672252,120.0,164
HAP1,64,0.1,0.5,GoCo-dense-knap (tie-level path),adapt_455.567_to_451.229_q0.5,0.10647116746773233,0.09618260315588406,0.2909569783295888,0.10399114317395028,89,142.0,1390.0,524,0.897841726618705,0.10515282177430389,125.0,161
HAP1,65,0.1,0.1,GoDag (global grid),global_475,2.8619805795583546e-30,0.07180356794416576,0.2542245055737624,0.07233445842399419,87,145.0,899.0,385,0.8387096774193549,0.07445580023847259,125.0,0
HAP1,65,0.1,0.1,GoCo-source (paper path),adapt_475_to_450_q0.4,6.700110767755426e-06,0.08724786709420321,0.27807267749312525,0.08998490237708204,88,149.0,1282.0,459,0.8837753510140406,0.09145535639773672,128.0,114
HAP1,65,0.1,0.1,GoCo-random1 (paper path),adapt_475_to_450_q0.4,0.0035097739833064344,0.09190779143784822,0.2849517901796781,0.0905175255541266,88,148.0,1125.0,464,0.8684444444444445,0.09254279536932138,126.0,107
HAP1,65,0.1,0.1,GoCo-knap (paper path),adapt_475_to_450_q0.4,0.09710846924555067,0.09602583766056334,0.29061160607949954,0.10024529591672324,89,152.0,1388.0,506,0.8904899135446686,0.10178972537973643,130.0,165
HAP1,65,0.1,0.1,GoCo-exp1 (paper path),adapt_475_to_450_q0.4,0.0007774136435194721,0.09056566558576562,0.28304204556499607,0.09355051858500274,89,150.0,1317.0,476,0.8861047835990888,0.09502097260565744,129.0,128
HAP1,65,0.1,0.1,GoCo-dense-knap (tie-level path),adapt_455.567_to_451.229_q0.35,0.06779572688849554,0.09544513045524525,0.28973310190317186,0.1000899474851248,89,152.0,1390.0,506,0.8906474820143885,0.10174534010175489,130.0,161
HAP1,65,0.1,0.5,GoDag (global grid),global_475,2.8619805795583546e-30,0.07180356794416576,0.2542245055737624,0.07233445842399419,87,145.0,899.0,385,0.8387096774193549,0.07445580023847259,125.0,0
HAP1,65,0.1,0.5,GoCo-source (paper path),adapt_475_to_450_q0.5,0.108107238822238,0.09621262564739279,0.2907365231409955,0.10085929207970076,89,151.0,1403.0,508,0.8923734853884533,0.10240372154271396,129.0,178
HAP1,65,0.1,0.5,GoCo-random1 (paper path),adapt_475_to_450_q0.5,0.42931696400139263,0.09944588878666143,0.29533231222259315,0.09892483432915705,89,150.0,1219.0,501,0.8769483182936834,0.10080215326624874,128.0,159
HAP1,65,0.1,0.5,GoCo-knap (paper path),adapt_475_to_450_q0.4,0.09710846924555067,0.09602583766056334,0.29061160607949954,0.10024529591672324,89,152.0,1388.0,506,0.8904899135446686,0.10178972537973643,130.0,165
HAP1,65,0.1,0.5,GoCo-exp1 (paper path),adapt_475_to_450_q0.5,0.2814063658054624,0.09820996252493333,0.2936585930633428,0.10304156756644454,89,151.0,1413.0,518,0.8931351733899504,0.10458599702945774,129.0,178
HAP1,65,0.1,0.5,GoCo-dense-knap (tie-level path),adapt_455.567_to_451.229_q0.4,0.19310429865988465,0.0973315041791689,0.2923490983126109,0.10097765276697124,89,152.0,1398.0,510,0.8912732474964234,0.10263304538360131,130.0,165
HAP1,66,0.1,0.1,GoDag (global grid),global_475,3.5520151634316655e-26,0.07365093645667177,0.256860812916619,0.0680239318948135,72,136.0,841.0,358,0.8382877526753865,0.0696902286891296,121.0,0
HAP1,66,0.1,0.1,GoCo-source (paper path),adapt_475_to_450_q0.35,0.0005201144120948131,0.09026369530024711,0.28184380416559535,0.08367332417635298,74,141.0,1197.0,426,0.8822055137844611,0.0854892531071723,123.0,106
HAP1,66,0.1,0.1,GoCo-random1 (paper path),adapt_475_to_450_q0.4,0.005029886806747927,0.09227239270105501,0.2850271679452458,0.0871670945711629,73,144.0,1105.0,441,0.869683257918552,0.08863164016566062,127.0,118
HAP1,66,0.1,0.1,GoCo-knap (paper path),adapt_475_to_450_q0.3,0.09818978711661747,0.09605227349283851,0.29007941193767717,0.0878566353223454,78,148.0,1248.0,448,0.8814102564102564,0.08922871161885543,130.0,130
HAP1,66,0.1,0.1,GoCo-exp1 (paper path),adapt_475_to_450_q0.35,0.06414156498030708,0.09536800066921058,0.2891188229556144,0.0878936230402177,75,144.0,1250.0,445,0.8848,0.08941365021483082,126.0,129
HAP1,66,0.1,0.1,GoCo-dense-knap (tie-level path),adapt_455.567_to_451.229_q0.3,0.0968613273750435,0.09603008085715468,0.28997963492330747,0.0876569016293002,78,150.0,1252.0,448,0.8801916932907349,0.08913994107942712,132.0,127
HAP1,66,0.1,0.5,GoDag (global grid),global_475,3.5520151634316655e-26,0.07365093645667177,0.256860812916619,0.0680239318948135,72,136.0,841.0,358,0.8382877526753865,0.0696902286891296,121.0,0
HAP1,66,0.1,0.5,GoCo-source (paper path),adapt_475_to_450_q0.5,0.49534831899695514,0.09996372489262781,0.2953313823154953,0.09199556120027715,75,145.0,1297.0,463,0.8882035466461063,0.09336763749678718,127.0,156
HAP1,66,0.1,0.5,GoCo-random1 (paper path),adapt_475_to_450_q0.5,0.2815808576820388,0.09821446993108385,0.29318109635299683,0.09127273149970262,74,145.0,1162.0,460,0.8752151462994836,0.09273727709420035,128.0,143
HAP1,66,0.1,0.5,GoCo-knap (paper path),adapt_475_to_450_q0.4,0.3793868482541422,0.0990482788190702,0.29420664211139613,0.09074167748834629,78,148.0,1279.0,461,0.8842845973416732,0.09211375378485631,130.0,143
HAP1,66,0.1,0.5,GoCo-exp1 (paper path),adapt_475_to_450_q0.4,0.22372448326576228,0.09766123931618516,0.2922594940147667,0.08974300904626906,75,145.0,1274.0,453,0.8861852433281004,0.09111508534277908,127.0,142
HAP1,66,0.1,0.5,GoCo-dense-knap (tie-level path),adapt_455.567_to_451.229_q0.4,0.376624840128405,0.09902608618338639,0.29410849134480727,0.0905419437953011,78,150.0,1283.0,461,0.8830865159781761,0.09202498324542802,132.0,140
HAP1,67,0.1,0.1,GoDag (global grid),global_475,2.064223779956192e-26,0.07354084136584922,0.2566888638543163,0.06828082044006611,72,110.0,850.0,357,0.8705882352941177,0.06991937641786883,96.0,0
HAP1,67,0.1,0.1,GoCo-source (paper path),adapt_475_to_450_q0.4,0.0015983092252262329,0.09119265948335858,0.28359785715848473,0.08483431429411642,73,113.0,1207.0,428,0.9063794531897266,0.08645077370838013,98.0,103
HAP1,67,0.1,0.1,GoCo-random1 (paper path),adapt_475_to_450_q0.5,0.06034274036599362,0.09526976304276752,0.2893536527833497,0.08786202337852436,73,112.0,1105.0,443,0.8986425339366516,0.08947848279278807,97.0,113
HAP1,67,0.1,0.1,GoCo-knap (paper path),adapt_475_to_450_q0.25,4.0082437438390097e-05,0.08839083968753081,0.27943755548325555,0.08256696704634549,74,115.0,1158.0,419,0.9006908462867013,0.0841834264606092,100.0,82
HAP1,67,0.1,0.1,GoCo-exp1 (paper path),adapt_475_to_450_q0.35,0.0016697265156435121,0.09123334597632507,0.2835900967500701,0.08489719341780629,73,114.0,1201.0,428,0.9050791007493755,0.08636570195396688,99.0,95
HAP1,67,0.1,0.1,GoCo-dense-knap (tie-level path),adapt_455.567_to_451.229_q0.225,3.814034686465578e-05,0.08836124951323297,0.2793079005835944,0.08260395476421778,74,117.0,1163.0,419,0.8993981083404987,0.08399848785801987,102.0,81
HAP1,67,0.1,0.5,GoDag (global grid),global_475,2.064223779956192e-26,0.07354084136584922,0.2566888638543163,0.06828082044006611,72,110.0,850.0,357,0.8705882352941177,0.06991937641786883,96.0,0
HAP1,67,0.1,0.5,GoCo-source (paper path),adapt_475_to_450_q0.4,0.0015983092252262329,0.09119265948335858,0.28359785715848473,0.08483431429411642,73,113.0,1207.0,428,0.9063794531897266,0.08645077370838013,98.0,103
HAP1,67,0.1,0.5,GoCo-random1 (paper path),adapt_475_to_450_q0.5,0.06034274036599362,0.09526976304276752,0.2893536527833497,0.08786202337852436,73,112.0,1105.0,443,0.8986425339366516,0.08947848279278807,97.0,113
HAP1,67,0.1,0.5,GoCo-knap (paper path),adapt_475_to_450_q0.3,0.3462347459414697,0.09877514210353944,0.29399721588715433,0.09114811810860357,74,117.0,1276.0,457,0.908307210031348,0.09246867576666107,102.0,138
HAP1,67,0.1,0.5,GoCo-exp1 (paper path),adapt_475_to_450_q0.4,0.28994145627298384,0.09828875358210264,0.2934686893603812,0.09162895847401299,73,115.0,1286.0,458,0.9105754276827371,0.0929495161320705,100.0,140
HAP1,67,0.1,0.5,GoCo-dense-knap (tie-level path),adapt_455.567_to_451.229_q0.3,0.3493398662372544,0.09880103350605003,0.29402940234259956,0.09103715494175885,74,117.0,1277.0,457,0.9083790133124511,0.09243168803556094,102.0,135
HAP1,68,0.1,0.1,GoDag (global grid),global_475,9.930041240111774e-27,0.07337216981462547,0.2566638833933055,0.06867438739292155,79,139.0,837.0,365,0.8339307048984468,0.07094111816384663,119.0,0
HAP1,68,0.1,0.1,GoCo-source (paper path),adapt_475_to_450_q0.4,0.00019155504707904402,0.08948826615744519,0.28098222646546867,0.08362271026590375,80,144.0,1187.0,428,0.8786857624262847,0.08529763752441644,123.0,102
HAP1,68,0.1,0.1,GoCo-random1 (paper path),adapt_475_to_450_q0.4,0.011609771846890733,0.09315137944940298,0.2864346457479944,0.08724222287595193,79,142.0,1055.0,447,0.8654028436018958,0.08939799048664619,121.0,103
HAP1,68,0.1,0.1,GoCo-knap (paper path),adapt_475_to_450_q0.175,0.06522914181594877,0.09539150628040115,0.2892893564694908,0.08935580687341932,80,144.0,1234.0,455,0.8833063209076175,0.091030734131932,123.0,123
HAP1,68,0.1,0.1,GoCo-exp1 (paper path),adapt_475_to_450_q0.35,0.0008293385238048764,0.09063303609007843,0.28270628255469127,0.08499125590654569,80,144.0,1199.0,435,0.8798999165971643,0.08666618316505836,123.0,100
HAP1,68,0.1,0.1,GoCo-dense-knap (tie-level path),adapt_455.567_to_451.229_q0.175,0.022298405240863472,0.09392309378992966,0.28723329574971,0.08812781456399905,79,144.0,1217.0,449,0.8816762530813476,0.08987671725825633,123.0,113
HAP1,68,0.1,0.5,GoDag (global grid),global_475,9.930041240111774e-27,0.07337216981462547,0.2566638833933055,0.06867438739292155,79,139.0,837.0,365,0.8339307048984468,0.07094111816384663,119.0,0
HAP1,68,0.1,0.5,GoCo-source (paper path),adapt_475_to_450_q0.4,0.00019155504707904402,0.08948826615744519,0.28098222646546867,0.08362271026590375,80,144.0,1187.0,428,0.8786857624262847,0.08529763752441644,123.0,102
HAP1,68,0.1,0.5,GoCo-random1 (paper path),adapt_475_to_450_q0.5,0.40164468905579503,0.09922661247203945,0.29474567173311844,0.09285695878296918,79,143.0,1125.0,471,0.8728888888888889,0.09486477551556036,122.0,138
HAP1,68,0.1,0.5,GoCo-knap (paper path),adapt_475_to_450_q0.3,0.49243954633257997,0.09994099584986409,0.29554890992012856,0.09335048064172824,80,144.0,1278.0,473,0.8873239436619719,0.09502540790024092,123.0,141
HAP1,68,0.1,0.5,GoCo-exp1 (paper path),adapt_475_to_450_q0.4,0.325970241416656,0.09860388976776012,0.29382463606149684,0.0921668736036756,80,144.0,1275.0,467,0.8870588235294118,0.0938418008621883,123.0,140
HAP1,68,0.1,0.5,GoCo-dense-knap (tie-level path),adapt_455.567_to_451.229_q0.3,0.4749038378124393,0.09980414128216224,0.29537212903297955,0.09334308309484682,80,145.0,1281.0,473,0.8868071818891491,0.09509198578910409,124.0,139
HAP1,69,0.1,0.1,GoDag (global grid),global_475,9.156777557336636e-36,0.06962962671675019,0.25056298170606583,0.07740698795463051,86,133.0,874.0,406,0.8478260869565217,0.07890340541330275,119.0,0
HAP1,69,0.1,0.1,GoCo-source (paper path),adapt_475_to_450_q0.35,4.876264861140454e-06,0.08706615092063341,0.27762708308159656,0.09353891785905143,88,136.0,1208.0,477,0.8874172185430463,0.09488210048653843,121.0,92
HAP1,69,0.1,0.1,GoCo-random1 (paper path),adapt_475_to_450_q0.4,0.0016694008464543783,0.09122595645378179,0.28382328397778916,0.09386810859771924,89,140.0,1071.0,479,0.869281045751634,0.09522978508083545,123.0,103
HAP1,69,0.1,0.1,GoCo-knap (paper path),adapt_475_to_450_q0.3,0.008250781114579067,0.09278075367582675,0.28583831330464043,0.09984532413657803,89,139.0,1295.0,505,0.8926640926640926,0.10094808658797425,123.0,137
HAP1,69,0.1,0.1,GoCo-exp1 (paper path),adapt_475_to_450_q0.35,0.07257717664674787,0.09555483268159684,0.28965441647304974,0.10383999790488695,88,138.0,1327.0,522,0.8960060286360211,0.10494276035628317,122.0,151
HAP1,69,0.1,0.1,GoCo-dense-knap (tie-level path),adapt_455.567_to_451.229_q0.35,0.097081986529783,0.09602827549351092,0.29039884731901455,0.10353669859849238,89,140.0,1332.0,522,0.8948948948948949,0.10471343648563318,124.0,152
HAP1,69,0.1,0.5,GoDag (global grid),global_475,9.156777557336636e-36,0.06962962671675019,0.25056298170606583,0.07740698795463051,86,133.0,874.0,406,0.8478260869565217,0.07890340541330275,119.0,0
HAP1,69,0.1,0.5,GoCo-source (paper path),adapt_475_to_450_q0.4,0.12657082827293709,0.09649801954355866,0.2909192075598069,0.10406192422534856,89,139.0,1336.0,524,0.8959580838323353,0.10516468667674478,123.0,160
HAP1,69,0.1,0.5,GoCo-random1 (paper path),adapt_475_to_450_q0.5,0.34062396824663804,0.0987270660847227,0.29418969341301654,0.10268228228918669,90,141.0,1179.0,518,0.8804071246819338,0.1040439587723029,124.0,155
HAP1,69,0.1,0.5,GoCo-knap (paper path),adapt_475_to_450_q0.35,0.10182616958590601,0.09610964848275085,0.29052304535258877,0.10361807158442535,89,139.0,1330.0,522,0.8954887218045112,0.10472083403582157,123.0,154
HAP1,69,0.1,0.5,GoCo-exp1 (paper path),adapt_475_to_450_q0.4,0.16420318023246638,0.09699735376459728,0.29165809002463294,0.1053934821481182,88,138.0,1341.0,529,0.8970917225950783,0.10649624459951441,122.0,158
HAP1,69,0.1,0.5,GoCo-dense-knap (tie-level path),adapt_455.567_to_451.229_q0.35,0.097081986529783,0.09602827549351092,0.29039884731901455,0.10353669859849238,89,140.0,1332.0,522,0.8948948948948949,0.10471343648563318,124.0,152
HAP1,70,0.1,0.1,GoDag (global grid),global_475,1.442188402405015e-27,0.07302588172538983,0.2557147855681055,0.06948239293447135,70,110.0,837.0,364,0.8685782556750299,0.0713006035683952,95.0,0
HAP1,70,0.1,0.1,GoCo-source (paper path),adapt_475_to_450_q0.5,1.5358386716597948e-05,0.08778520981226029,0.27820178203560003,0.08672184087054972,71,115.0,1203.0,437,0.9044056525353283,0.08817228788978726,98.0,110
HAP1,70,0.1,0.1,GoCo-random1 (paper path),adapt_475_to_450_q0.4,8.151110920868127e-05,0.08887740435749227,0.28005006807038285,0.08677415208807533,73,115.0,1055.0,441,0.8909952606635071,0.08885127675371915,96.0,99
HAP1,70,0.1,0.1,GoCo-knap (paper path),adapt_475_to_450_q0.35,0.09684504473059785,0.09602870781733573,0.2900587302035731,0.09813255251869328,72,116.0,1300.0,489,0.9107692307692308,0.09974944427827703,98.0,156
HAP1,70,0.1,0.1,GoCo-exp1 (paper path),adapt_475_to_450_q0.4,1.4101864658325905e-05,0.08772972823214488,0.2781694242432521,0.0863889513898573,70,114.0,1185.0,435,0.9037974683544304,0.08772843524886405,98.0,94
HAP1,70,0.1,0.1,GoCo-dense-knap (tie-level path),adapt_455.567_to_451.229_q0.35,0.09024899659777474,0.09591034710857003,0.2898972179571465,0.09812515497181186,72,116.0,1302.0,489,0.9109062980030722,0.0997790344492679,98.0,154
HAP1,70,0.1,0.5,GoDag (global grid),global_475,1.442188402405015e-27,0.07302588172538983,0.2557147855681055,0.06948239293447135,70,110.0,837.0,364,0.8685782556750299,0.0713006035683952,95.0,0
HAP1,70,0.1,0.5,GoCo-source (paper path),adapt_475_to_450_q0.6,0.46411380098921345,0.09972008228090357,0.29500992624630307,0.10112116029804355,72,116.0,1345.0,502,0.9137546468401487,0.1026270888973965,98.0,183
HAP1,70,0.1,0.5,GoCo-random1 (paper path),adapt_475_to_450_q0.5,0.16042274425533593,0.09695261624082427,0.29141380912549597,0.09458965734407947,74,117.0,1153.0,476,0.8985255854293148,0.09651883113162019,98.0,146
HAP1,70,0.1,0.5,GoCo-knap (paper path),adapt_475_to_450_q0.4,0.17576343935498784,0.09713833941964377,0.29159793262209277,0.09946411044146292,72,116.0,1316.0,495,0.9118541033434651,0.10108100220104667,98.0,162
HAP1,70,0.1,0.5,GoCo-exp1 (paper path),adapt_475_to_450_q0.5,0.19027144826526776,0.09730478415998997,0.2917802156153682,0.09909423323628429,72,116.0,1324.0,493,0.9123867069486404,0.10060016183563725,98.0,170
HAP1,70,0.1,0.5,GoCo-dense-knap (tie-level path),adapt_455.567_to_451.229_q0.4,0.1658493124833882,0.09701997871087807,0.29143772404242474,0.0994567128945815,72,116.0,1318.0,495,0.9119878603945372,0.10111059237203755,98.0,160
HAP1,71,0.1,0.1,GoDag (global grid),global_475,2.306730886899171e-28,0.07265323902493945,0.25531064115149976,0.07035189256885556,85,127.0,857.0,379,0.851808634772462,0.07223624878931299,111.0,0
HAP1,71,0.1,0.1,GoCo-source (paper path),adapt_475_to_450_q0.35,0.0012672192404070905,0.09098868263505905,0.283339492774116,0.08247593880903441,87,131.0,1142.0,428,0.8852889667250438,0.08441577660960724,114.0,87
HAP1,71,0.1,0.1,GoCo-random1 (paper path),adapt_475_to_450_q0.4,0.005438723447253019,0.09234718877212027,0.2852784088207645,0.08865341646336367,87,132.0,1066.0,460,0.8761726078799249,0.090667229706295,114.0,105
HAP1,71,0.1,0.1,GoCo-knap (paper path),adapt_475_to_450_q0.125,5.6348550229440146e-05,0.08861222161791138,0.27995907873795955,0.08064504666522615,86,130.0,1091.0,421,0.8808432630614116,0.08252940288568358,114.0,60
HAP1,71,0.1,0.1,GoCo-exp1 (paper path),adapt_475_to_450_q0.3,0.0029969760459474686,0.09176542475667468,0.28445747920207604,0.08258690196926521,87,131.0,1134.0,430,0.8844797178130511,0.08452673976983804,114.0,78
HAP1,71,0.1,0.1,GoCo-dense-knap (tie-level path),adapt_455.567_to_451.229_q0.125,6.72548864062763e-05,0.08873797986859805,0.28001744754339025,0.08068203438309844,86,133.0,1092.0,421,0.8782051282051282,0.08223350112286347,117.0,58
HAP1,71,0.1,0.5,GoDag (global grid),global_475,2.306730886899171e-28,0.07265323902493945,0.25531064115149976,0.07035189256885556,85,127.0,857.0,379,0.851808634772462,0.07223624878931299,111.0,0
HAP1,71,0.1,0.5,GoCo-source (paper path),adapt_475_to_450_q0.35,0.0012672192404070905,0.09098868263505905,0.283339492774116,0.08247593880903441,87,131.0,1142.0,428,0.8852889667250438,0.08441577660960724,114.0,87
HAP1,71,0.1,0.5,GoCo-random1 (paper path),adapt_475_to_450_q0.5,0.19341368433422784,0.09733683220906571,0.2921457869620404,0.0928885104143773,88,134.0,1120.0,479,0.8803571428571428,0.09475437277920554,116.0,133
HAP1,71,0.1,0.5,GoCo-knap (paper path),adapt_475_to_450_q0.25,0.43850434475402855,0.09951883547183306,0.2951473816663196,0.09268454955688224,88,135.0,1238.0,475,0.8909531502423264,0.09418053472314578,118.0,130
HAP1,71,0.1,0.5,GoCo-exp1 (paper path),adapt_475_to_450_q0.3,0.0029969760459474686,0.09176542475667468,0.28445747920207604,0.08258690196926521,87,131.0,1134.0,430,0.8844797178130511,0.08452673976983804,114.0,78
HAP1,71,0.1,0.5,GoCo-dense-knap (tie-level path),adapt_455.567_to_451.229_q0.25,0.44508425770007476,0.09957061828016124,0.2951812958572163,0.092499610947679,88,135.0,1237.0,475,0.8908649959579629,0.09410655926755943,118.0,127
HAP1,72,0.1,0.1,GoDag (global grid),global_475,2.4998612570536754e-27,0.07309156751789157,0.25628982946575557,0.06932912608530063,88,138.0,848.0,375,0.8372641509433962,0.07082881000020268,123.0,0
HAP1,72,0.1,0.1,GoCo-source (paper path),adapt_475_to_450_q0.4,1.3969802506637117e-07,0.08513479148063774,0.2747169936335887,0.08676619412062489,89,141.0,1222.0,451,0.8846153846153846,0.0882975818003171,125.0,107
HAP1,72,0.1,0.1,GoCo-random1 (paper path),adapt_475_to_450_q0.4,0.01291719949595827,0.0932739392977871,0.2864978073368236,0.09518512761029359,88,142.0,1173.0,489,0.8789428815004262,0.09642061353377962,126.0,144
HAP1,72,0.1,0.1,GoCo-knap (paper path),adapt_475_to_450_q0.3,0.007766358273254966,0.09271990807451674,0.28561657729174106,0.09799196717279306,89,143.0,1339.0,501,0.8932038834951457,0.09922745309627908,127.0,159
HAP1,72,0.1,0.1,GoCo-exp1 (paper path),adapt_475_to_450_q0.4,0.0003122530786546892,0.08985072579044688,0.28166007865192794,0.09098279420939541,89,141.0,1274.0,470,0.8893249607535322,0.09251418188908764,125.0,125
HAP1,72,0.1,0.1,GoCo-dense-knap (tie-level path),adapt_455.567_to_451.229_q0.3,0.007289536445823311,0.0926533301757327,0.285519888531824,0.09788100400594833,89,145.0,1340.0,501,0.8917910447761194,0.09919046536517895,129.0,157
HAP1,72,0.1,0.5,GoDag (global grid),global_475,2.4998612570536754e-27,0.07309156751789157,0.25628982946575557,0.06932912608530063,88,138.0,848.0,375,0.8372641509433962,0.07082881000020268,123.0,0
HAP1,72,0.1,0.5,GoCo-source (paper path),adapt_475_to_450_q0.6,0.48448247546775386,0.09987888129695066,0.29552884277001673,0.10389150852065482,89,143.0,1406.0,527,0.8982930298719772,0.10512699444414085,127.0,196
HAP1,72,0.1,0.5,GoCo-random1 (paper path),adapt_475_to_450_q0.5,0.2826136180152108,0.09822289624341954,0.2933485819611101,0.09951269085929493,88,142.0,1217.0,508,0.8833196384552178,0.10074817678278095,126.0,170
HAP1,72,0.1,0.5,GoCo-knap (paper path),adapt_475_to_450_q0.4,0.28759029345443055,0.09826806608605691,0.29336897548384766,0.10154278830017877,89,143.0,1375.0,517,0.896,0.10277827422366478,127.0,175
HAP1,72,0.1,0.5,GoCo-exp1 (paper path),adapt_475_to_450_q0.5,0.27762548142029353,0.0981774461690024,0.2932953438643935,0.10178320847626955,89,143.0,1386.0,518,0.8968253968253969,0.10301869439975558,127.0,185
HAP1,72,0.1,0.5,GoCo-dense-knap (tie-level path),adapt_455.567_to_451.229_q0.4,0.28022726801485487,0.09820148818727287,0.2932761021106623,0.10143182513333404,89,145.0,1376.0,517,0.8946220930232558,0.10274128649256466,129.0,173
HAP1,73,0.1,0.1,GoDag (global grid),global_475,3.5633590504209455e-25,0.0741153176188673,0.25771264833706037,0.06694037584969059,67,108.0,782.0,348,0.8618925831202046,0.06828056423665681,95.0,0
HAP1,73,0.1,0.1,GoCo-source (paper path),adapt_475_to_450_q0.5,4.9405843885198454e-05,0.08853208955875037,0.27961190550940557,0.08336080997997107,69,113.0,1140.0,418,0.9008771929824562,0.08446057819084649,98.0,107
HAP1,73,0.1,0.1,GoCo-random1 (paper path),adapt_475_to_450_q0.5,0.012886621508629634,0.09327233008977523,0.286448177022097,0.08705799682069978,70,114.0,1001.0,438,0.8861138861138861,0.0886386053837568,97.0,116
HAP1,73,0.1,0.1,GoCo-knap (paper path),adapt_475_to_450_q0.3,0.04066818568128256,0.09470349065446874,0.28847413469512906,0.08975755595930725,70,114.0,1194.0,447,0.9045226130653267,0.09093129960592726,98.0,137
HAP1,73,0.1,0.1,GoCo-exp1 (paper path),adapt_475_to_450_q0.4,4.154309584563479e-05,0.08840633130475674,0.2796736254266761,0.08368260314199483,68,112.0,1133.0,419,0.9011473962930273,0.08478237135287026,97.0,98
HAP1,73,0.1,0.1,GoCo-dense-knap (tie-level path),adapt_455.567_to_451.229_q0.3,0.03720904755235068,0.09458143117226234,0.2883314332496719,0.08979454367717954,70,115.0,1197.0,447,0.9039264828738512,0.09096828732379955,99.0,135
HAP1,73,0.1,0.5,GoDag (global grid),global_475,3.5633590504209455e-25,0.0741153176188673,0.25771264833706037,0.06694037584969059,67,108.0,782.0,348,0.8618925831202046,0.06828056423665681,95.0,0
HAP1,73,0.1,0.5,GoCo-source (paper path),adapt_475_to_450_q0.5,4.9405843885198454e-05,0.08853208955875037,0.27961190550940557,0.08336080997997107,69,113.0,1140.0,418,0.9008771929824562,0.08446057819084649,98.0,107
HAP1,73,0.1,0.5,GoCo-random1 (paper path),adapt_475_to_450_q0.6,0.2627069408336258,0.09804004720956604,0.29299974112196014,0.09277259957258616,70,114.0,1066.0,463,0.8930581613508443,0.09435320813564317,97.0,148
HAP1,73,0.1,0.5,GoCo-knap (paper path),adapt_475_to_450_q0.4,0.4329219488836935,0.0994749065443933,0.29506310577256734,0.09353030340715456,70,114.0,1239.0,464,0.9079903147699758,0.09470404705377457,98.0,154
HAP1,73,0.1,0.5,GoCo-exp1 (paper path),adapt_475_to_450_q0.5,0.49433349093381374,0.0999557469031888,0.29575638779121344,0.09401114375933614,69,113.0,1244.0,466,0.9091639871382636,0.09511091197021157,98.0,155
HAP1,73,0.1,0.5,GoCo-dense-knap (tie-level path),adapt_455.567_to_451.229_q0.4,0.4174944026827546,0.09935284706218687,0.2949255672080087,0.09356729112502685,70,115.0,1242.0,464,0.9074074074074074,0.09474103477164686,99.0,152
HAP1,74,0.1,0.1,GoDag (global grid),global_475,1.127448586692656e-25,0.07392635430296678,0.2568473979034145,0.06738129025345847,64,102.0,807.0,353,0.8736059479553904,0.06941746423972536,86.0,0
HAP1,74,0.1,0.1,GoCo-source (paper path),adapt_475_to_450_q0.35,0.0007535525651309324,0.09057651375347225,0.281909317052538,0.08458743322123118,64,103.0,1161.0,426,0.9112833763996555,0.08610789271470869,86.0,101
HAP1,74,0.1,0.1,GoCo-random1 (paper path),adapt_475_to_450_q0.275,0.06693949936903017,0.09543881376174308,0.288863558777419,0.08544979152206415,64,103.0,1024.0,433,0.8994140625,0.08737500234810025,86.0,107
HAP1,74,0.1,0.1,GoCo-knap (paper path),adapt_475_to_450_q0.2,0.0702225064761085,0.09551437438539648,0.2888657829055291,0.08718610076416454,64,104.0,1192.0,438,0.912751677852349,0.08855860937953895,87.0,112
HAP1,74,0.1,0.1,GoCo-exp1 (paper path),adapt_475_to_450_q0.3,0.005822707030523941,0.09243514668568473,0.28467127224070504,0.08693245466661305,64,103.0,1185.0,437,0.9130801687763713,0.08845291416009056,86.0,106
HAP1,74,0.1,0.1,GoCo-dense-knap (tie-level path),adapt_455.567_to_451.229_q0.2,0.0001242031052826337,0.0891987211784018,0.2798610448775643,0.08389419367511274,64,104.0,1147.0,423,0.909328683522232,0.08530369000835944,87.0,88
HAP1,74,0.1,0.5,GoDag (global grid),global_475,1.127448586692656e-25,0.07392635430296678,0.2568473979034145,0.06738129025345847,64,102.0,807.0,353,0.8736059479553904,0.06941746423972536,86.0,0
HAP1,74,0.1,0.5,GoCo-source (paper path),adapt_475_to_450_q0.35,0.0007535525651309324,0.09057651375347225,0.281909317052538,0.08458743322123118,64,103.0,1161.0,426,0.9112833763996555,0.08610789271470869,86.0,101
HAP1,74,0.1,0.5,GoCo-random1 (paper path),adapt_475_to_450_q0.3,0.23789476512874425,0.09780602784446224,0.2920766430583795,0.08722520208575701,65,104.0,1045.0,442,0.9004784688995215,0.0891504129117931,87.0,120
HAP1,74,0.1,0.5,GoCo-knap (paper path),adapt_475_to_450_q0.225,0.33634883852487696,0.09869531831421749,0.2931847495329468,0.08963625700511882,64,104.0,1226.0,449,0.9151712887438825,0.09100876562049322,87.0,129
HAP1,74,0.1,0.5,GoCo-exp1 (paper path),adapt_475_to_450_q0.3,0.005822707030523941,0.09243514668568473,0.28467127224070504,0.08693245466661305,64,103.0,1185.0,437,0.9130801687763713,0.08845291416009056,86.0,106
HAP1,74,0.1,0.5,GoCo-dense-knap (tie-level path),adapt_455.567_to_451.229_q0.25,0.369893831040477,0.09897272620983405,0.2936180456390373,0.09033902368437594,64,104.0,1236.0,452,0.9158576051779935,0.09174852001762263,87.0,132
HAP1,75,0.1,0.1,GoDag (global grid),global_475,3.388442299754212e-30,0.07181634209569653,0.25443921613269954,0.07230465207042241,84,133.0,862.0,384,0.845707656612529,0.0737329064655505,119.0,0
HAP1,75,0.1,0.1,GoCo-source (paper path),adapt_475_to_450_q0.5,0.006882906925991004,0.09257941877595911,0.2859750907649872,0.09707162943261494,88,142.0,1318.0,493,0.8922610015174507,0.09844440225424154,124.0,159
HAP1,75,0.1,0.1,GoCo-random1 (paper path),adapt_475_to_450_q0.5,0.04272789474836104,0.09476302326208372,0.28906480597378903,0.1000639360035942,88,141.0,1192.0,509,0.8817114093959731,0.10167712899469769,122.0,168
HAP1,75,0.1,0.1,GoCo-knap (paper path),adapt_475_to_450_q0.3,0.05659619480910718,0.09516670979489976,0.2896654414248345,0.09832551314454581,88,143.0,1316.0,500,0.8913373860182371,0.09969828596617242,125.0,151
HAP1,75,0.1,0.1,GoCo-exp1 (paper path),adapt_475_to_450_q0.4,0.0024122655382288,0.09155300954713115,0.28450583114558103,0.09355779602310153,86,139.0,1276.0,477,0.8910658307210031,0.09485659340236963,122.0,130
HAP1,75,0.1,0.1,GoCo-dense-knap (tie-level path),adapt_455.567_to_451.229_q0.3,0.06946203741858828,0.0954774066432153,0.29012977507292814,0.09853264436793761,88,143.0,1322.0,501,0.8918305597579426,0.0999793926253088,125.0,149
HAP1,75,0.1,0.5,GoDag (global grid),global_475,3.388442299754212e-30,0.07181634209569653,0.25443921613269954,0.07230465207042241,84,133.0,862.0,384,0.845707656612529,0.0737329064655505,119.0,0
HAP1,75,0.1,0.5,GoCo-source (paper path),adapt_475_to_450_q0.6,0.36882947244185105,0.09895980048923031,0.2948089213868575,0.10310062781617846,90,145.0,1379.0,521,0.8948513415518492,0.10462135150929425,125.0,191
HAP1,75,0.1,0.5,GoCo-random1 (paper path),adapt_475_to_450_q0.6,0.3745273516455922,0.0990062993411694,0.2948973367032537,0.10435821030320351,89,143.0,1240.0,527,0.8846774193548387,0.1060268848744224,123.0,193
HAP1,75,0.1,0.5,GoCo-knap (paper path),adapt_475_to_450_q0.35,0.15716391140604324,0.09690513264072032,0.29199532832204417,0.10058176406703416,88,143.0,1339.0,510,0.8932038834951457,0.10195453688866077,125.0,164
HAP1,75,0.1,0.5,GoCo-exp1 (paper path),adapt_475_to_450_q0.6,0.43103607099572394,0.09945913471026893,0.29553391983989163,0.10450616116807877,87,141.0,1383.0,526,0.8980477223427332,0.10565700766924377,124.0,187
HAP1,75,0.1,0.5,GoCo-dense-knap (tie-level path),adapt_455.567_to_451.229_q0.3,0.06946203741858828,0.0954774066432153,0.29012977507292814,0.09853264436793761,88,143.0,1322.0,501,0.8918305597579426,0.0999793926253088,125.0,149
HAP1,76,0.1,0.1,GoDag (global grid),global_475,9.382478500474746e-26,0.07379253628006992,0.2577329289453238,0.06769353230688448,86,151.0,827.0,361,0.8174123337363967,0.06971808958466297,131.0,0
HAP1,76,0.1,0.1,GoCo-source (paper path),adapt_475_to_450_q0.4,0.06277784679268202,0.0953210014329055,0.2899632395039932,0.09295560070344516,89,158.0,1264.0,470,0.875,0.09430909507337062,137.0,152
HAP1,76,0.1,0.1,GoCo-random1 (paper path),adapt_475_to_450_q0.5,0.01909313753422602,0.09371494179565908,0.2878406290488841,0.08561408269077314,88,156.0,1043.0,441,0.850431447746884,0.08778659085326866,134.0,108
HAP1,76,0.1,0.1,GoCo-knap (paper path),adapt_475_to_450_q0.3,0.05388308191226527,0.0950898281846293,0.28982518037399935,0.09224913524909385,89,158.0,1254.0,468,0.8740031897926634,0.09360262961901933,137.0,144
HAP1,76,0.1,0.1,GoCo-exp1 (paper path),adapt_475_to_450_q0.4,0.08572635766273523,0.09581108872612952,0.2907825057178644,0.0938026194923251,88,157.0,1266.0,473,0.8759873617693523,0.09515611386225058,136.0,150
HAP1,76,0.1,0.1,GoCo-dense-knap (tie-level path),adapt_455.567_to_451.229_q0.35,0.09936892508816408,0.09605890644579478,0.2911196762798331,0.094061533530659,89,159.0,1275.0,477,0.8752941176470588,0.09552599105420136,138.0,149
HAP1,76,0.1,0.5,GoDag (global grid),global_475,9.382478500474746e-26,0.07379253628006992,0.2577329289453238,0.06769353230688448,86,151.0,827.0,361,0.8174123337363967,0.06971808958466297,131.0,0
HAP1,76,0.1,0.5,GoCo-source (paper path),adapt_475_to_450_q0.5,0.23446973912173552,0.09776219095798318,0.29334027531519535,0.09606256918990766,89,158.0,1292.0,484,0.8777089783281734,0.09741606355983312,137.0,166
HAP1,76,0.1,0.5,GoCo-random1 (paper path),adapt_475_to_450_q0.5,0.01909313753422602,0.09371494179565908,0.2878406290488841,0.08561408269077314,88,156.0,1043.0,441,0.850431447746884,0.08778659085326866,134.0,108
HAP1,76,0.1,0.5,GoCo-knap (paper path),adapt_475_to_450_q0.4,0.26612080802916305,0.09806733964861788,0.293746444217224,0.09561501778050417,89,159.0,1292.0,483,0.8769349845201239,0.09696851215042965,138.0,166
HAP1,76,0.1,0.5,GoCo-exp1 (paper path),adapt_475_to_450_q0.5,0.3911117625497901,0.09913998353305363,0.29535468309548785,0.0969095879787876,88,157.0,1294.0,487,0.8786707882534776,0.09826308234871307,136.0,164
HAP1,76,0.1,0.5,GoCo-dense-knap (tie-level path),adapt_455.567_to_451.229_q0.4,0.26496627981930443,0.09805624332994924,0.29377679941223,0.09539309145342864,89,159.0,1289.0,483,0.8766485647788984,0.096857548976971,138.0,157
HAP1,77,0.1,0.1,GoDag (global grid),global_475,7.671710295948964e-33,0.07078838885249987,0.2521649746717958,0.07470320963788128,71,131.0,813.0,387,0.8388683886838868,0.07611640473299433,115.0,0
HAP1,77,0.1,0.1,GoCo-source (paper path),adapt_475_to_450_q0.5,0.018754210344495762,0.09371081468824063,0.28701374021038806,0.09581570419876828,80,143.0,1232.0,483,0.8839285714285714,0.09735475360844541,121.0,147
HAP1,77,0.1,0.1,GoCo-random1 (paper path),adapt_475_to_450_q0.4,0.01228678348987288,0.09321280946823633,0.28661332575865806,0.09858819801993651,77,139.0,1093.0,495,0.8728270814272644,0.10033596384752817,117.0,138
HAP1,77,0.1,0.1,GoCo-knap (paper path),adapt_475_to_450_q0.4,0.07377717755532757,0.09557869455653512,0.28981796745705307,0.0977871496671843,77,141.0,1229.0,490,0.8852725793327909,0.09932619907686142,119.0,134
HAP1,77,0.1,0.1,GoCo-exp1 (paper path),adapt_475_to_450_q0.4,0.002777473550323912,0.09169498394845699,0.28432034824240593,0.09357424835681492,77,140.0,1194.0,470,0.8827470686767169,0.09511329776649204,118.0,120
HAP1,77,0.1,0.1,GoCo-dense-knap (tie-level path),adapt_455.567_to_451.229_q0.4,0.07013922474458975,0.0954973215656417,0.2898422384233709,0.0978167398447891,77,141.0,1231.0,490,0.8854589764419172,0.09935578925446621,119.0,133
HAP1,77,0.1,0.5,GoDag (global grid),global_475,7.671710295948964e-33,0.07078838885249987,0.2521649746717958,0.07470320963788128,71,131.0,813.0,387,0.8388683886838868,0.07611640473299433,115.0,0
HAP1,77,0.1,0.5,GoCo-source (paper path),adapt_475_to_450_q0.6,0.18664181793875534,0.09726163581562634,0.2919753400288183,0.09870074636476917,80,143.0,1258.0,496,0.8863275039745628,0.10023979577444629,121.0,160
HAP1,77,0.1,0.5,GoCo-random1 (paper path),adapt_475_to_450_q0.5,0.39631065652704434,0.09918341207282044,0.29485558989890526,0.10512392815819223,79,141.0,1168.0,525,0.8792808219178082,0.10692717556589929,118.0,180
HAP1,77,0.1,0.5,GoCo-knap (paper path),adapt_475_to_450_q0.4,0.07377717755532757,0.09557869455653512,0.28981796745705307,0.0977871496671843,77,141.0,1229.0,490,0.8852725793327909,0.09932619907686142,119.0,134
HAP1,77,0.1,0.5,GoCo-exp1 (paper path),adapt_475_to_450_q0.6,0.454880573596279,0.09964734376058862,0.2953790144595077,0.10025423060800041,77,140.0,1257.0,500,0.888623707239459,0.10179328001767754,118.0,152
HAP1,77,0.1,0.5,GoCo-dense-knap (tie-level path),adapt_455.567_to_451.229_q0.5,0.23515143202147115,0.09777206635037317,0.2929434905177682,0.09903733460732793,77,141.0,1246.0,495,0.8868378812199037,0.10057638401700505,119.0,143
HAP1,78,0.1,0.1,GoDag (global grid),global_475,5.775510328328439e-30,0.07195900901599327,0.25419616278114193,0.07197176258973,81,138.0,857.0,382,0.838973162193699,0.07376531473184447,121.0,0
HAP1,78,0.1,0.1,GoCo-source (paper path),adapt_475_to_450_q0.4,2.4041719909251572e-05,0.08804966399551126,0.2790979144164883,0.08694226207452195,81,140.0,1166.0,447,0.8799313893653516,0.08847690017830251,122.0,93
HAP1,78,0.1,0.1,GoCo-random1 (paper path),adapt_475_to_450_q0.35,0.09024422609524269,0.09590347796427214,0.29037778421514215,0.09592870889083577,84,144.0,1129.0,488,0.8724534986713907,0.09766677945283482,123.0,141
HAP1,78,0.1,0.1,GoCo-knap (paper path),adapt_475_to_450_q0.3,0.02459175722853152,0.09403797587288044,0.28774020083911644,0.09469118942843507,86,147.0,1257.0,485,0.883054892601432,0.09635528455468956,127.0,141
HAP1,78,0.1,0.1,GoCo-exp1 (paper path),adapt_475_to_450_q0.4,0.07887839045051809,0.0956839294140994,0.29004313639105267,0.09483914031315209,83,143.0,1257.0,483,0.8862370723945903,0.09650323543940657,123.0,136
HAP1,78,0.1,0.1,GoCo-dense-knap (tie-level path),adapt_455.567_to_451.229_q0.25,0.025172158973752353,0.09406756604387133,0.2877708047562605,0.09468379188486062,86,147.0,1261.0,485,0.8834258524980174,0.0963848747289874,127.0,139
HAP1,78,0.1,0.5,GoDag (global grid),global_475,5.775510328328439e-30,0.07195900901599327,0.25419616278114193,0.07197176258973,81,138.0,857.0,382,0.838973162193699,0.07376531473184447,121.0,0
HAP1,78,0.1,0.5,GoCo-source (paper path),adapt_475_to_450_q0.5,0.30218655161728547,0.09839697868703368,0.2937093666459085,0.10068320008089846,84,145.0,1321.0,510,0.8902346707040121,0.10234729520715294,125.0,170
HAP1,78,0.1,0.5,GoCo-random1 (paper path),adapt_475_to_450_q0.4,0.18453159789719187,0.09723503588704178,0.29222190261880543,0.09703834049314379,84,144.0,1140.0,493,0.8736842105263158,0.09877641105514286,123.0,147
HAP1,78,0.1,0.5,GoCo-knap (paper path),adapt_475_to_450_q0.4,0.20654076826693613,0.09747783384003536,0.29253289381232467,0.09935164215812882,86,147.0,1308.0,506,0.8876146788990825,0.10101573728438329,127.0,162
HAP1,78,0.1,0.5,GoCo-exp1 (paper path),adapt_475_to_450_q0.4,0.07887839045051809,0.0956839294140994,0.29004313639105267,0.09483914031315209,83,143.0,1257.0,483,0.8862370723945903,0.09650323543940657,123.0,136
HAP1,78,0.1,0.5,GoCo-dense-knap (tie-level path),adapt_455.567_to_451.229_q0.4,0.4087377204788455,0.09928283457471908,0.2949897122632256,0.10089772885778561,86,147.0,1326.0,513,0.8891402714932126,0.10259881170191237,127.0,167
HAP1,79,0.1,0.1,GoDag (global grid),global_475,1.2402215550031154e-28,0.07253020510165348,0.2551605363228963,0.07063897172318953,69,127.0,801.0,367,0.8414481897627965,0.07181729480154611,117.0,0
HAP1,79,0.1,0.1,GoCo-source (paper path),adapt_475_to_450_q0.4,2.3274854918788516e-07,0.0853924085474972,0.2751423473285547,0.0857035417227125,71,131.0,1149.0,432,0.8859878154917319,0.08665993848060746,120.0,91
HAP1,79,0.1,0.1,GoCo-random1 (paper path),adapt_475_to_450_q0.5,0.08693098904053564,0.09584143947970322,0.2903000126406271,0.09461071311475117,71,132.0,1122.0,473,0.8823529411764706,0.09556710987264613,121.0,144
HAP1,79,0.1,0.1,GoCo-knap (paper path),adapt_475_to_450_q0.4,0.07980501933691209,0.09570352010399143,0.29001426811552705,0.09356343224347034,72,132.0,1240.0,468,0.8935483870967742,0.09451982900136532,121.0,135
HAP1,79,0.1,0.1,GoCo-exp1 (paper path),adapt_475_to_450_q0.4,5.859958177037536e-07,0.08586955012789156,0.27599560713491006,0.08583299873857249,70,128.0,1145.0,433,0.8882096069868995,0.08701132181692907,118.0,87
HAP1,79,0.1,0.1,GoCo-dense-knap (tie-level path),adapt_455.567_to_451.229_q0.35,0.035279796139145246,0.09450881674230972,0.288274144798336,0.09241681291336913,72,133.0,1233.0,463,0.8921330089213301,0.0934471851070087,122.0,127
HAP1,79,0.1,0.5,GoDag (global grid),global_475,1.2402215550031154e-28,0.07253020510165348,0.2551605363228963,0.07063897172318953,69,127.0,801.0,367,0.8414481897627965,0.07181729480154611,117.0,0
HAP1,79,0.1,0.5,GoCo-source (paper path),adapt_475_to_450_q0.6,0.4453092796337163,0.09957243562822758,0.29514901517895714,0.09694780862389593,72,132.0,1281.0,483,0.8969555035128806,0.0979042053817909,121.0,160
HAP1,79,0.1,0.5,GoCo-random1 (paper path),adapt_475_to_450_q0.5,0.08693098904053564,0.09584143947970322,0.2903000126406271,0.09461071311475117,71,132.0,1122.0,473,0.8823529411764706,0.09556710987264613,121.0,144
HAP1,79,0.1,0.5,GoCo-knap (paper path),adapt_475_to_450_q0.4,0.07980501933691209,0.09570352010399143,0.29001426811552705,0.09356343224347034,72,132.0,1240.0,468,0.8935483870967742,0.09451982900136532,121.0,135
HAP1,79,0.1,0.5,GoCo-exp1 (paper path),adapt_475_to_450_q0.6,0.46894823268143393,0.09975737422420299,0.29561879676736186,0.09698479634176822,71,131.0,1273.0,483,0.8970934799685781,0.09786721766391861,121.0,152
HAP1,79,0.1,0.5,GoCo-dense-knap (tie-level path),adapt_455.567_to_451.229_q0.4,0.1789227935263733,0.097171932587849,0.29198395566182284,0.09441414979752359,72,133.0,1251.0,472,0.8936850519584333,0.09544452199116316,122.0,136
HAP1,80,0.1,0.1,GoDag (global grid),global_475,1.1730349461251466e-29,0.07208486334473002,0.25445750660329897,0.07167810248934424,75,124.0,832.0,375,0.8509615384615384,0.07338658290350114,107.0,0
HAP1,80,0.1,0.1,GoCo-source (paper path),adapt_475_to_450_q0.4,0.09756681548333329,0.0960364015934153,0.2904350590119406,0.09467653843875573,78,131.0,1255.0,476,0.895617529880478,0.09599664779871875,113.0,140
HAP1,80,0.1,0.1,GoCo-random1 (paper path),adapt_475_to_450_q0.4,0.04491664943772277,0.0948382716740019,0.28887421478894515,0.09097829484577133,78,129.0,1084.0,461,0.8809963099630996,0.09266828140429904,110.0,116
HAP1,80,0.1,0.1,GoCo-knap (paper path),adapt_475_to_450_q0.275,0.031837111214922914,0.09437195418995326,0.28810588469031395,0.09112571731137002,78,131.0,1199.0,460,0.890742285237698,0.09244582667133304,113.0,117
HAP1,80,0.1,0.1,GoCo-exp1 (paper path),adapt_475_to_450_q0.35,0.008429421633278181,0.0927999760844789,0.28601452867810767,0.09153258223442094,78,129.0,1213.0,462,0.8936521022258862,0.09300064247248704,111.0,117
HAP1,80,0.1,0.1,GoCo-dense-knap (tie-level path),adapt_455.567_to_451.229_q0.2,1.5007148359498894e-22,0.07374760147417274,0.25691369774299777,0.07272432656868584,76,129.0,897.0,377,0.8561872909698997,0.07415539908226575,111.0,23
HAP1,80,0.1,0.5,GoDag (global grid),global_475,1.1730349461251466e-29,0.07208486334473002,0.25445750660329897,0.07167810248934424,75,124.0,832.0,375,0.8509615384615384,0.07338658290350114,107.0,0
HAP1,80,0.1,0.5,GoCo-source (paper path),adapt_475_to_450_q0.4,0.09756681548333329,0.0960364015934153,0.2904350590119406,0.09467653843875573,78,131.0,1255.0,476,0.895617529880478,0.09599664779871875,113.0,140
HAP1,80,0.1,0.5,GoCo-random1 (paper path),adapt_475_to_450_q0.5,0.37309543084212843,0.09899569141252328,0.2945646273898431,0.09608260021638827,78,129.0,1133.0,484,0.8861429832303619,0.097772586774916,110.0,143
HAP1,80,0.1,0.5,GoCo-knap (paper path),adapt_475_to_450_q0.4,0.4472182821178623,0.099587222720801,0.29531122588283776,0.09844928588660304,78,131.0,1283.0,493,0.8978955572876072,0.09976939524656606,113.0,150
HAP1,80,0.1,0.5,GoCo-exp1 (paper path),adapt_475_to_450_q0.4,0.3242580079223304,0.09858855427872378,0.29395231515472164,0.09737664200878123,78,130.0,1278.0,488,0.8982785602503912,0.09869675136874424,112.0,151
HAP1,80,0.1,0.5,GoCo-dense-knap (tie-level path),adapt_455.567_to_451.229_q0.2,1.5007148359498894e-22,0.07374760147417274,0.25691369774299777,0.07272432656868584,76,129.0,897.0,377,0.8561872909698997,0.07415539908226575,111.0,23
HAP1,81,0.1,0.1,GoDag (global grid),global_475,2.1490106310252217e-30,0.07175323651706354,0.2541202354090029,0.07245189842056604,77,140.0,879.0,379,0.8407281001137656,0.07390023185592516,123.0,0
HAP1,81,0.1,0.1,GoCo-source (paper path),adapt_475_to_450_q0.4,4.613876014520061e-06,0.08703963504670145,0.277447728927479,0.08847654793416454,80,146.0,1227.0,450,0.8810105949470253,0.08998036294963907,126.0,96
HAP1,81,0.1,0.1,GoCo-random1 (paper path),adapt_475_to_450_q0.5,0.04973490481511592,0.094985918316757,0.2889316882751277,0.09576895717271847,80,145.0,1152.0,483,0.8741319444444444,0.09719879674583448,126.0,133
HAP1,81,0.1,0.1,GoCo-knap (paper path),adapt_475_to_450_q0.3,0.06405175577942658,0.09536187206731866,0.2893651219009942,0.09541174544858975,80,146.0,1300.0,481,0.8876923076923077,0.09686007888394887,126.0,133
HAP1,81,0.1,0.1,GoCo-exp1 (paper path),adapt_475_to_450_q0.4,3.4910757026032216e-05,0.08829721752711259,0.2793545823729694,0.09054786025406358,78,144.0,1252.0,458,0.8849840255591054,0.09175577351333192,126.0,101
HAP1,81,0.1,0.1,GoCo-dense-knap (tie-level path),adapt_455.567_to_451.229_q0.275,0.059939370619819445,0.09526200522079607,0.2891983502648646,0.09525639701699132,81,148.0,1305.0,481,0.8865900383141763,0.09677870588809503,128.0,130
HAP1,81,0.1,0.5,GoDag (global grid),global_475,2.1490106310252217e-30,0.07175323651706354,0.2541202354090029,0.07245189842056604,77,140.0,879.0,379,0.8407281001137656,0.07390023185592516,123.0,0
HAP1,81,0.1,0.5,GoCo-source (paper path),adapt_475_to_450_q0.5,0.39016533436441747,0.09913461951516599,0.2945694062159061,0.10140375610105314,80,146.0,1370.0,508,0.8934306569343066,0.10285208953641226,126.0,163
HAP1,81,0.1,0.5,GoCo-random1 (paper path),adapt_475_to_450_q0.5,0.04973490481511592,0.094985918316757,0.2889316882751277,0.09576895717271847,80,145.0,1152.0,483,0.8741319444444444,0.09719879674583448,126.0,133
HAP1,81,0.1,0.5,GoCo-knap (paper path),adapt_475_to_450_q0.4,0.3628809195929444,0.09891269319470437,0.2942671586659254,0.10118182978059152,80,146.0,1362.0,507,0.8928046989720999,0.10263016321595066,126.0,159
HAP1,81,0.1,0.5,GoCo-exp1 (paper path),adapt_475_to_450_q0.5,0.3924762463233301,0.09915311337079517,0.2946311897913912,0.10147773153679772,79,145.0,1368.0,508,0.8940058479532164,0.10285208953641226,126.0,161
HAP1,81,0.1,0.5,GoCo-dense-knap (tie-level path),adapt_455.567_to_451.229_q0.4,0.41933665355278654,0.0993676421493358,0.2948597023277809,0.10235803927176272,81,148.0,1379.0,513,0.892675852066715,0.10388034814286645,128.0,162
HAP1,82,0.1,0.1,GoDag (global grid),global_475,1.6201441096915072e-29,0.07213301942622637,0.2546642327192345,0.07156573829918611,77,139.0,881.0,373,0.8422247446083996,0.07219690732621532,127.0,0
HAP1,82,0.1,0.1,GoCo-source (paper path),adapt_475_to_450_q0.5,4.7936438167207456e-05,0.0885007180425653,0.2798510491359211,0.08513600439084566,79,145.0,1190.0,431,0.8781512605042017,0.08572490174030654,133.0,91
HAP1,82,0.1,0.1,GoCo-random1 (paper path),adapt_475_to_450_q0.4,0.0005498996212269915,0.09027612860956512,0.282841943415012,0.0893383378115856,79,142.0,1089.0,451,0.869605142332415,0.09002498841873022,129.0,103
HAP1,82,0.1,0.1,GoCo-knap (paper path),adapt_475_to_450_q0.35,0.028070332988149458,0.09420131029014688,0.288217439149457,0.09355071071275753,80,146.0,1273.0,469,0.8853102906520032,0.09419508964233382,133.0,134
HAP1,82,0.1,0.1,GoCo-exp1 (paper path),adapt_475_to_450_q0.4,0.0037357608158974064,0.09196831679647095,0.28502513028648124,0.09116500276779525,78,143.0,1253.0,457,0.8858739026336792,0.09175390011725613,131.0,117
HAP1,82,0.1,0.1,GoCo-dense-knap (tie-level path),adapt_455.567_to_451.229_q0.35,0.029500743393281646,0.09426418941218324,0.28837757152999255,0.09352851807542023,80,146.0,1273.0,469,0.8853102906520032,0.09417289700499652,133.0,132
HAP1,82,0.1,0.5,GoDag (global grid),global_475,1.6201441096915072e-29,0.07213301942622637,0.2546642327192345,0.07156573829918611,77,139.0,881.0,373,0.8422247446083996,0.07219690732621532,127.0,0
HAP1,82,0.1,0.5,GoCo-source (paper path),adapt_475_to_450_q0.6,0.4878171944557895,0.09990481672832503,0.2958465138984157,0.09818897080511398,80,146.0,1329.0,490,0.8901429646350639,0.09883334973469025,133.0,159
HAP1,82,0.1,0.5,GoCo-random1 (paper path),adapt_475_to_450_q0.5,0.1116697730707858,0.09626444049189475,0.29122415779870303,0.09346246859575451,79,142.0,1142.0,468,0.8756567425569177,0.09414911920289913,129.0,128
HAP1,82,0.1,0.5,GoCo-knap (paper path),adapt_475_to_450_q0.4,0.27995180981309387,0.0981959840584558,0.2937607897139302,0.09687960551968162,80,146.0,1312.0,484,0.8887195121951219,0.09752398444925792,133.0,149
HAP1,82,0.1,0.5,GoCo-exp1 (paper path),adapt_475_to_450_q0.5,0.3680685843001271,0.09895423232113526,0.2946120842334592,0.09710153184014324,79,144.0,1313.0,484,0.8903274942878904,0.09774591076971953,131.0,148
HAP1,82,0.1,0.5,GoCo-dense-knap (tie-level path),adapt_455.567_to_451.229_q0.4,0.274748425202181,0.09814790002026137,0.29376531704195924,0.09685741288234433,80,146.0,1312.0,484,0.8887195121951219,0.09750179181192062,133.0,147
HAP1,83,0.1,0.1,GoDag (global grid),global_475,4.2822886095444305e-29,0.07234460086237007,0.2546891484131422,0.07107204828151745,69,113.0,867.0,370,0.8696655132641292,0.07250717180771558,102.0,0
HAP1,83,0.1,0.1,GoCo-source (paper path),adapt_475_to_450_q0.4,3.126220017329676e-05,0.08822871019085725,0.27915209279506464,0.08658786846553808,73,122.0,1230.0,438,0.9008130081300812,0.08798072032078182,109.0,113
HAP1,83,0.1,0.1,GoCo-random1 (paper path),adapt_475_to_450_q0.5,0.07935659174930126,0.09569759568206956,0.2897901668088923,0.09589450724366713,71,119.0,1167.0,482,0.8980291345329906,0.0974775816545823,106.0,143
HAP1,83,0.1,0.1,GoCo-knap (paper path),adapt_475_to_450_q0.35,0.05689772903119194,0.09518240157083252,0.28920785906709034,0.09518011583323696,74,123.0,1318.0,478,0.9066767830045523,0.0965729676884807,110.0,149
HAP1,83,0.1,0.1,GoCo-exp1 (paper path),adapt_475_to_450_q0.4,0.032871683958234005,0.09441490637372453,0.2881265240110444,0.09502106864307915,72,121.0,1322.0,475,0.9084720121028744,0.09619199417786126,109.0,154
HAP1,83,0.1,0.1,GoCo-dense-knap (tie-level path),adapt_455.567_to_451.229_q0.35,0.0697696136696547,0.09549309841584111,0.2895732956904534,0.09590507513991049,74,125.0,1330.0,482,0.9060150375939849,0.09737190243089881,112.0,151
HAP1,83,0.1,0.5,GoDag (global grid),global_475,4.2822886095444305e-29,0.07234460086237007,0.2546891484131422,0.07107204828151745,69,113.0,867.0,370,0.8696655132641292,0.07250717180771558,102.0,0
HAP1,83,0.1,0.5,GoCo-source (paper path),adapt_475_to_450_q0.6,0.3162509807943633,0.09852054330887818,0.29369445419955403,0.09912670557161886,74,123.0,1365.0,495,0.9098901098901099,0.1005195574268626,110.0,180
HAP1,83,0.1,0.5,GoCo-random1 (paper path),adapt_475_to_450_q0.5,0.07935659174930126,0.09569759568206956,0.2897901668088923,0.09589450724366713,71,119.0,1167.0,482,0.8980291345329906,0.0974775816545823,106.0,143
HAP1,83,0.1,0.5,GoCo-knap (paper path),adapt_475_to_450_q0.4,0.16105405013396645,0.09695781213452538,0.29167699351292714,0.09673360007646821,74,123.0,1332.0,485,0.9076576576576577,0.09812645193171195,110.0,156
HAP1,83,0.1,0.5,GoCo-exp1 (paper path),adapt_475_to_450_q0.5,0.23220207292401818,0.09774380118064864,0.29275606316851577,0.09857188977046485,72,121.0,1354.0,491,0.9106351550960118,0.09974281530524697,109.0,170
HAP1,83,0.1,0.5,GoCo-dense-knap (tie-level path),adapt_455.567_to_451.229_q0.4,0.15921309135147133,0.09693561949884157,0.2915778321091378,0.09657085410129532,74,125.0,1336.0,485,0.906437125748503,0.09803768139228364,112.0,154
HAP1,84,0.1,0.1,GoDag (global grid),global_475,1.441829590400173e-31,0.07129689451857667,0.25305450580344696,0.0735166964170354,84,142.0,894.0,393,0.8411633109619687,0.07490584949718493,130.0,0
HAP1,84,0.1,0.1,GoCo-source (paper path),adapt_475_to_450_q0.5,2.639430385441576e-07,0.08545015582503132,0.2753727462374958,0.09040149456717626,90,150.0,1292.0,466,0.8839009287925697,0.09159629398446796,135.0,125
HAP1,84,0.1,0.1,GoCo-random1 (paper path),adapt_475_to_450_q0.5,0.0488863378182424,0.0949552073013211,0.2892407210643273,0.10004630678238681,89,149.0,1217.0,511,0.8775677896466721,0.10160358585466875,134.0,153
HAP1,84,0.1,0.1,GoCo-knap (paper path),adapt_475_to_450_q0.35,0.05813351870578666,0.09521015036207964,0.28950542322842204,0.10166055655550861,89,149.0,1384.0,517,0.8923410404624278,0.10285535597280032,134.0,159
HAP1,84,0.1,0.1,GoCo-exp1 (paper path),adapt_475_to_450_q0.5,0.047990125303851494,0.09493274246150263,0.2889731941696764,0.10277018815781665,89,149.0,1407.0,521,0.8941009239516702,0.10396498757510834,134.0,180
HAP1,84,0.1,0.1,GoCo-dense-knap (tie-level path),adapt_455.567_to_451.229_q0.35,0.042245310463904936,0.09474780385725984,0.28900871560923247,0.10141643760101667,90,152.0,1389.0,516,0.89056875449964,0.10261123701830838,137.0,158
HAP1,84,0.1,0.5,GoDag (global grid),global_475,1.441829590400173e-31,0.07129689451857667,0.25305450580344696,0.0735166964170354,84,142.0,894.0,393,0.8411633109619687,0.07490584949718493,130.0,0
HAP1,84,0.1,0.5,GoCo-source (paper path),adapt_475_to_450_q0.6,0.297326215565255,0.09835410656641443,0.29363915811592717,0.10689801772369367,90,150.0,1449.0,540,0.8964803312629399,0.10809281714098537,135.0,204
HAP1,84,0.1,0.5,GoCo-random1 (paper path),adapt_475_to_450_q0.6,0.25997246612428504,0.0980111775656065,0.29343039474822685,0.10355274264501879,90,150.0,1271.0,527,0.8819826907946499,0.10511002171730074,135.0,175
HAP1,84,0.1,0.5,GoCo-knap (paper path),adapt_475_to_450_q0.35,0.05813351870578666,0.09521015036207964,0.28950542322842204,0.10166055655550861,89,149.0,1384.0,517,0.8923410404624278,0.10285535597280032,134.0,159
HAP1,84,0.1,0.5,GoCo-exp1 (paper path),adapt_475_to_450_q0.6,0.2808713927473179,0.09820615568500438,0.2934786943580222,0.10771174756318158,89,149.0,1453.0,543,0.8974535443909153,0.10890654698047329,134.0,204
HAP1,84,0.1,0.5,GoCo-dense-knap (tie-level path),adapt_455.567_to_451.229_q0.5,0.13252771059842788,0.0965786960010681,0.29141621314923516,0.10430147976701756,91,153.0,1431.0,529,0.8930817610062893,0.10549627918430926,138.0,189
HAP1,85,0.1,0.1,GoDag (global grid),global_475,6.395468731103091e-38,0.06883435641231704,0.24928549230657382,0.07926261866497454,89,151.0,954.0,416,0.8417190775681341,0.08064728838057186,131.0,0
HAP1,85,0.1,0.1,GoCo-source (paper path),adapt_475_to_450_q0.5,6.491910998236122e-08,0.08474441090763224,0.2743353716843843,0.09853322081403419,89,153.0,1326.0,498,0.8846153846153846,0.09976993965152842,133.0,110
HAP1,85,0.1,0.1,GoCo-random1 (paper path),adapt_475_to_450_q0.4,0.0016162252333978809,0.09119269151457193,0.2839288421250607,0.09981669472010465,91,153.0,1223.0,506,0.874897792313982,0.10127533987144656,132.0,125
HAP1,85,0.1,0.1,GoCo-knap (paper path),adapt_475_to_450_q0.4,0.011288163360115006,0.09311551655094147,0.2865802998756953,0.1051910104278824,89,154.0,1385.0,528,0.8888086642599278,0.10642772926537661,134.0,141
HAP1,85,0.1,0.1,GoCo-exp1 (paper path),adapt_475_to_450_q0.5,0.09676055149734353,0.09601905257587849,0.2906536821668028,0.1089637578757297,89,153.0,1421.0,545,0.8923293455313159,0.11020047671322393,133.0,155
HAP1,85,0.1,0.1,GoCo-dense-knap (tie-level path),adapt_455.567_to_451.229_q0.4,0.014905780696184092,0.09342991216773729,0.2870813490571194,0.1061378960583245,89,154.0,1398.0,532,0.8898426323319027,0.10741160261369101,134.0,140
HAP1,85,0.1,0.5,GoDag (global grid),global_475,6.395468731103091e-38,0.06883435641231704,0.24928549230657382,0.07926261866497454,89,151.0,954.0,416,0.8417190775681341,0.08064728838057186,131.0,0
HAP1,85,0.1,0.5,GoCo-source (paper path),adapt_475_to_450_q0.6,0.24420450873086763,0.09786104103504845,0.29307524949497227,0.11062820527919176,89,154.0,1446.0,552,0.8934993084370678,0.11186492411668598,134.0,173
HAP1,85,0.1,0.5,GoCo-random1 (paper path),adapt_475_to_450_q0.5,0.16326223785788313,0.09698126970550985,0.29208187821868653,0.10627105187573435,92,155.0,1291.0,535,0.8799380325329202,0.10758174614897316,134.0,162
HAP1,85,0.1,0.5,GoCo-knap (paper path),adapt_475_to_450_q0.5,0.17387687666814022,0.09711019031925039,0.29216956104950426,0.11051724211896095,89,154.0,1438.0,552,0.8929068150208623,0.11175396095645518,134.0,165
HAP1,85,0.1,0.5,GoCo-exp1 (paper path),adapt_475_to_450_q0.6,0.30317766942769764,0.09840476052084077,0.29389401435965096,0.11096109475988417,89,153.0,1439.0,554,0.8936761640027797,0.11219781359737839,133.0,164
HAP1,85,0.1,0.5,GoCo-dense-knap (tie-level path),adapt_455.567_to_451.229_q0.5,0.1818479010457199,0.0972026596155846,0.29235122690974097,0.11057642246755663,89,154.0,1439.0,552,0.8929812369701181,0.11185012902292314,134.0,160
HAP1,86,0.1,0.1,GoDag (global grid),global_475,1.5576977709521978e-28,0.07259495076750856,0.2550327466124551,0.07048789850286098,68,101.0,795.0,365,0.8729559748427673,0.07127371940660943,91.0,0
HAP1,86,0.1,0.1,GoCo-source (paper path),adapt_475_to_450_q0.4,0.00040791735169675423,0.0900660951965341,0.2817263101954216,0.08388105587421181,70,104.0,1075.0,423,0.9032558139534884,0.08468705189198956,93.0,79
HAP1,86,0.1,0.1,GoCo-random1 (paper path),adapt_475_to_450_q0.35,0.010640776394723656,0.0930615721416775,0.2860136841615,0.08720466673466772,71,107.0,997.0,440,0.892678034102307,0.08838053995101017,93.0,100
HAP1,86,0.1,0.1,GoCo-knap (paper path),adapt_475_to_450_q0.2,1.515738905742511e-06,0.0864043109072641,0.276450976758375,0.07988638210590289,70,104.0,1007.0,405,0.8967229394240318,0.08069237812368064,93.0,53
HAP1,86,0.1,0.1,GoCo-exp1 (paper path),adapt_475_to_450_q0.4,0.0006228388355448624,0.09039898467557302,0.2823358723788976,0.08410298219467342,70,104.0,1073.0,424,0.9030754892823858,0.08490897821245118,93.0,73
HAP1,86,0.1,0.1,GoCo-dense-knap (tie-level path),adapt_455.567_to_451.229_q0.25,3.858864005918336e-06,0.08694803039140295,0.2770132389635226,0.08056695615774359,70,106.0,1029.0,408,0.8969873663751214,0.08126198901529054,95.0,58
HAP1,86,0.1,0.5,GoDag (global grid),global_475,1.5576977709521978e-28,0.07259495076750856,0.2550327466124551,0.07048789850286098,68,101.0,795.0,365,0.8729559748427673,0.07127371940660943,91.0,0
HAP1,86,0.1,0.5,GoCo-source (paper path),adapt_475_to_450_q0.4,0.00040791735169675423,0.0900660951965341,0.2817263101954216,0.08388105587421181,70,104.0,1075.0,423,0.9032558139534884,0.08468705189198956,93.0,79
HAP1,86,0.1,0.5,GoCo-random1 (paper path),adapt_475_to_450_q0.4,0.1571118992186098,0.09691093700842439,0.29138505324776365,0.0904965738171056,72,108.0,1035.0,455,0.8956521739130435,0.09167244703344805,94.0,118
HAP1,86,0.1,0.5,GoCo-knap (paper path),adapt_475_to_450_q0.3,0.32118984414257595,0.09856402388696558,0.2935551787477529,0.09261912453044958,70,105.0,1151.0,462,0.9087749782797567,0.09327716967012424,94.0,120
HAP1,86,0.1,0.5,GoCo-exp1 (paper path),adapt_475_to_450_q0.4,0.0006228388355448624,0.09039898467557302,0.2823358723788976,0.08410298219467342,70,104.0,1073.0,424,0.9030754892823858,0.08490897821245118,93.0,73
HAP1,86,0.1,0.5,GoCo-dense-knap (tie-level path),adapt_455.567_to_451.229_q0.35,0.3483445925529078,0.0987933477460412,0.29387187812587773,0.09344764946039338,70,106.0,1168.0,466,0.9092465753424658,0.09414268231794033,95.0,123
HAP1,87,0.1,0.1,GoDag (global grid),global_475,1.2956036165631252e-23,0.07490279921503241,0.25870457081591763,0.065102918791972,62,99.0,779.0,335,0.8729139922978177,0.0661365574484553,88.0,0
HAP1,87,0.1,0.1,GoCo-source (paper path),adapt_475_to_450_q0.4,2.0906687131038384e-05,0.08799083192104823,0.2782491056045499,0.08227050486295635,63,101.0,1104.0,410,0.9085144927536232,0.08311392096376821,90.0,96
HAP1,87,0.1,0.1,GoCo-random1 (paper path),adapt_475_to_450_q0.4,0.012071083403437911,0.09320530785959506,0.28606250913598585,0.08719568400979835,66,103.0,1033.0,435,0.9002904162633107,0.08859919985823243,89.0,123
HAP1,87,0.1,0.1,GoCo-knap (paper path),adapt_475_to_450_q0.4,0.07569162770087148,0.09562879611803753,0.2892423397975013,0.0936531955024903,65,103.0,1221.0,463,0.9156429156429157,0.09444113002318676,92.0,153
HAP1,87,0.1,0.1,GoCo-exp1 (paper path),adapt_475_to_450_q0.4,5.792748290058432e-05,0.08865661088243305,0.27935655989301567,0.08293628382434116,63,101.0,1108.0,413,0.9088447653429603,0.08377969992515304,90.0,93
HAP1,87,0.1,0.1,GoCo-dense-knap (tie-level path),adapt_455.567_to_451.229_q0.35,0.0661218429547954,0.09541796611128413,0.28896293855897826,0.09184079721431122,65,103.0,1206.0,455,0.9145936981757877,0.09266571945287998,92.0,144
HAP1,87,0.1,0.5,GoDag (global grid),global_475,1.2956036165631252e-23,0.07490279921503241,0.25870457081591763,0.065102918791972,62,99.0,779.0,335,0.8729139922978177,0.0661365574484553,88.0,0
HAP1,87,0.1,0.5,GoCo-source (paper path),adapt_475_to_450_q0.6,0.395560719954706,0.09917961724542322,0.2940488749321106,0.09731497979010681,65,103.0,1263.0,479,0.9184481393507522,0.09810291431080327,92.0,175
HAP1,87,0.1,0.5,GoCo-random1 (paper path),adapt_475_to_450_q0.6,0.4389270127153518,0.0995228104491764,0.2947510685889197,0.09594327980578872,66,103.0,1123.0,473,0.9082813891362422,0.0973467956542228,89.0,167
HAP1,87,0.1,0.5,GoCo-knap (paper path),adapt_475_to_450_q0.5,0.328168359167907,0.09862480144426922,0.29338567048311776,0.09653823766849118,65,103.0,1253.0,476,0.9177972865123704,0.09732617218918764,92.0,166
HAP1,87,0.1,0.5,GoCo-exp1 (paper path),adapt_475_to_450_q0.5,0.22193938261337148,0.09764462686112813,0.2920347120756727,0.09565053238664475,63,101.0,1243.0,470,0.918744971842317,0.09643846690734122,90.0,162
HAP1,87,0.1,0.5,GoCo-dense-knap (tie-level path),adapt_455.567_to_451.229_q0.4,0.12825157777852814,0.09652759771359215,0.290510279679403,0.09450391305985051,65,103.0,1235.0,467,0.9165991902834008,0.09532883529841926,92.0,156
HAP1,88,0.1,0.1,GoDag (global grid),global_475,2.7918615634997942e-31,0.07136399736984025,0.25369621811735316,0.07336012309742038,86,145.0,925.0,387,0.8432432432432433,0.07522950006613348,128.0,0
HAP1,88,0.1,0.1,GoCo-source (paper path),adapt_475_to_450_q0.4,2.3569997099835807e-05,0.08801541031994292,0.27958016063952823,0.08795334784007316,86,150.0,1253.0,447,0.8802873104549083,0.08909036795523131,132.0,94
HAP1,88,0.1,0.1,GoCo-random1 (paper path),adapt_475_to_450_q0.5,0.0016019800085245164,0.0911762752151468,0.2841937987243885,0.09414722177183898,87,148.0,1183.0,477,0.874894336432798,0.09596111716043669,129.0,120
HAP1,88,0.1,0.1,GoCo-knap (paper path),adapt_475_to_450_q0.3,0.005194875537064705,0.09228749199213582,0.2857121499101856,0.09474059446978135,88,153.0,1323.0,479,0.8843537414965986,0.09593309616505491,134.0,127
HAP1,88,0.1,0.1,GoCo-exp1 (paper path),adapt_475_to_450_q0.4,0.0016531439950853272,0.09120560117657853,0.28418779399390737,0.09322409795103632,87,151.0,1312.0,471,0.8849085365853658,0.09441659964630988,132.0,122
HAP1,88,0.1,0.1,GoCo-dense-knap (tie-level path),adapt_455.567_to_451.229_q0.3,0.006551893122753534,0.09252791217153357,0.28591502699916455,0.09475538955031634,88,153.0,1326.0,480,0.8846153846153846,0.09605885439920679,134.0,124
HAP1,88,0.1,0.5,GoDag (global grid),global_475,2.7918615634997942e-31,0.07136399736984025,0.25369621811735316,0.07336012309742038,86,145.0,925.0,387,0.8432432432432433,0.07522950006613348,128.0,0
HAP1,88,0.1,0.5,GoCo-source (paper path),adapt_475_to_450_q0.5,0.2630706561479309,0.09803908246520145,0.29365957041525065,0.09995586300062911,88,153.0,1387.0,502,0.889689978370584,0.10114836469590267,134.0,162
HAP1,88,0.1,0.5,GoCo-random1 (paper path),adapt_475_to_450_q0.5,0.0016019800085245164,0.0911762752151468,0.2841937987243885,0.09414722177183898,87,148.0,1183.0,477,0.874894336432798,0.09596111716043669,129.0,120
HAP1,88,0.1,0.5,GoCo-knap (paper path),adapt_475_to_450_q0.4,0.1989284755732802,0.09739179736275277,0.2928609857279873,0.09873526823809027,88,153.0,1362.0,497,0.8876651982378855,0.09992776993336383,134.0,145
HAP1,88,0.1,0.5,GoCo-exp1 (paper path),adapt_475_to_450_q0.5,0.45034479443891606,0.09961106056406188,0.29587743129435795,0.10110248232742336,88,152.0,1394.0,507,0.890961262553802,0.10229498402269692,133.0,164
HAP1,88,0.1,0.5,GoCo-dense-knap (tie-level path),adapt_455.567_to_451.229_q0.4,0.2912854987314901,0.09829799650353535,0.2939666739787841,0.09941584228001009,88,153.0,1372.0,501,0.8884839650145773,0.10071930712890054,134.0,146
HAP1,89,0.1,0.1,GoDag (global grid),global_475,7.205804529005313e-28,0.07286064473875625,0.25578119346867617,0.06986794590328303,80,129.0,865.0,371,0.8508670520231214,0.07201323366554059,110.0,0
HAP1,89,0.1,0.1,GoCo-source (paper path),adapt_475_to_450_q0.5,0.09107221607554572,0.09592186375010611,0.2901733070985749,0.094153970827196,83,137.0,1337.0,476,0.8975317875841436,0.09567954614791561,116.0,146
HAP1,89,0.1,0.1,GoCo-random1 (paper path),adapt_475_to_450_q0.4,0.04728847747864331,0.09491157060992543,0.2889531215119592,0.09413020901755656,87,139.0,1188.0,480,0.882996632996633,0.09640663504746032,115.0,140
HAP1,89,0.1,0.1,GoCo-knap (paper path),adapt_475_to_450_q0.4,0.07657836440640554,0.0956389076885413,0.28982434183936273,0.09348819186581117,85,139.0,1334.0,475,0.8958020989505248,0.09501376718653079,118.0,145
HAP1,89,0.1,0.1,GoCo-exp1 (paper path),adapt_475_to_450_q0.4,4.284429409546198e-05,0.08842630227023213,0.2797187702967984,0.08767215309344659,82,134.0,1263.0,447,0.8939034045922407,0.0894936301703724,113.0,105
HAP1,89,0.1,0.1,GoCo-dense-knap (tie-level path),adapt_455.567_to_451.229_q0.4,0.07373792848252424,0.09557972733333171,0.2896940932361759,0.09336243361181754,85,140.0,1337.0,475,0.8952879581151832,0.09496198436828174,119.0,143
HAP1,89,0.1,0.5,GoDag (global grid),global_475,7.205804529005313e-28,0.07286064473875625,0.25578119346867617,0.06986794590328303,80,129.0,865.0,371,0.8508670520231214,0.07201323366554059,110.0,0
HAP1,89,0.1,0.5,GoCo-source (paper path),adapt_475_to_450_q0.6,0.3368488766637557,0.0986959427558762,0.2939978605145226,0.09592938139088886,83,137.0,1353.0,484,0.8987435328898744,0.09745495671160846,116.0,154
HAP1,89,0.1,0.5,GoCo-random1 (paper path),adapt_475_to_450_q0.4,0.04728847747864331,0.09491157060992543,0.2889531215119592,0.09413020901755656,87,139.0,1188.0,480,0.882996632996633,0.09640663504746032,115.0,140
HAP1,89,0.1,0.5,GoCo-knap (paper path),adapt_475_to_450_q0.5,0.32966345335016234,0.09863491301477299,0.2939593663200357,0.09526360242950403,85,139.0,1350.0,483,0.8970370370370371,0.09678917775022365,118.0,153
HAP1,89,0.1,0.5,GoCo-exp1 (paper path),adapt_475_to_450_q0.6,0.36352236075786903,0.0989178690763378,0.29430054808213657,0.09592938139088886,83,137.0,1352.0,484,0.8986686390532544,0.09745495671160846,116.0,153
HAP1,89,0.1,0.5,GoCo-dense-knap (tie-level path),adapt_455.567_to_451.229_q0.5,0.32270266307530726,0.0985757326595634,0.29383155410865286,0.09513784417551038,85,140.0,1353.0,483,0.8965262379896526,0.0967373949319746,119.0,151
HAP1,90,0.1,0.1,GoDag (global grid),global_475,1.9674414397181488e-31,0.07135431127208527,0.2531263813402821,0.073382723992182,74,116.0,813.0,384,0.8573185731857319,0.07495268457434837,103.0,0
HAP1,90,0.1,0.1,GoCo-source (paper path),adapt_475_to_450_q0.5,0.0264055858082684,0.09413178618939463,0.2876786256852435,0.0984270131943811,78,124.0,1255.0,492,0.901195219123506,0.0995569159779028,109.0,151
HAP1,90,0.1,0.1,GoCo-random1 (paper path),adapt_475_to_450_q0.4,0.01506533748695989,0.09344672078338666,0.28690374203796504,0.09028812959505832,81,125.0,1060.0,461,0.8820754716981132,0.09215567318521709,107.0,112
HAP1,90,0.1,0.1,GoCo-knap (paper path),adapt_475_to_450_q0.35,0.007900359164536078,0.092735499758695,0.28574029013152197,0.09661091613772177,78,124.0,1221.0,485,0.8984438984438985,0.09774081892124346,109.0,131
HAP1,90,0.1,0.1,GoCo-exp1 (paper path),adapt_475_to_450_q0.4,2.185896387116178e-06,0.0865955382215146,0.2770609193745618,0.08862156859449001,77,120.0,1142.0,449,0.8949211908931699,0.0900473731342179,105.0,88
HAP1,90,0.1,0.1,GoCo-dense-knap (tie-level path),adapt_455.567_to_451.229_q0.35,0.08134306206942232,0.09573520385506044,0.2899974234953528,0.09898552776070843,78,124.0,1250.0,496,0.9008,0.10018940597997472,109.0,139
HAP1,90,0.1,0.5,GoDag (global grid),global_475,1.9674414397181488e-31,0.07135431127208527,0.2531263813402821,0.073382723992182,74,116.0,813.0,384,0.8573185731857319,0.07495268457434837,103.0,0
HAP1,90,0.1,0.5,GoCo-source (paper path),adapt_475_to_450_q0.6,0.4028266094778238,0.09923609156001159,0.29474783858387543,0.10382722033443209,83,129.0,1319.0,520,0.9021986353297953,0.10510507398944297,112.0,188
HAP1,90,0.1,0.5,GoCo-random1 (paper path),adapt_475_to_450_q0.5,0.38159552681176584,0.09906515546384463,0.2945512684222921,0.09868804082320734,83,127.0,1150.0,500,0.8895652173913043,0.10055558441336611,109.0,162
HAP1,90,0.1,0.5,GoCo-knap (paper path),adapt_475_to_450_q0.4,0.1198487503329363,0.09639728404631151,0.2908895567669154,0.09993981094464587,78,124.0,1258.0,500,0.9014308426073132,0.10106971372816756,109.0,146
HAP1,90,0.1,0.5,GoCo-exp1 (paper path),adapt_475_to_450_q0.6,0.43783295853742704,0.0995134994605886,0.2951716489328124,0.10467793788517839,78,123.0,1310.0,520,0.9061068702290076,0.10580784066870008,108.0,176
HAP1,90,0.1,0.5,GoCo-dense-knap (tie-level path),adapt_455.567_to_451.229_q0.5,0.19409613476094795,0.09734416967840709,0.2921798633616345,0.10205550853591255,83,129.0,1297.0,513,0.9005397070161912,0.10340733762666801,112.0,168
HAP1,91,0.1,0.1,GoDag (global grid),global_475,1.5153262455891895e-26,0.07346442296168458,0.256726974534966,0.0684591300497836,76,134.0,807.0,364,0.8339529120198265,0.06932464270090666,128.0,0
HAP1,91,0.1,0.1,GoCo-source (paper path),adapt_475_to_450_q0.4,0.00020698883345742915,0.08954469644647675,0.28109195355657435,0.0850016236622705,76,135.0,1153.0,437,0.8829141370338248,0.08571918543529045,129.0,95
HAP1,91,0.1,0.1,GoCo-random1 (paper path),adapt_475_to_450_q0.3,0.006784910193317704,0.09257425492504572,0.2855785873284036,0.08468194409404603,78,137.0,999.0,437,0.8628628628628628,0.08567691376102907,129.0,92
HAP1,91,0.1,0.1,GoCo-knap (paper path),adapt_475_to_450_q0.35,0.04456100041723575,0.0948310262307399,0.28863824614550393,0.09197011012278077,77,136.0,1224.0,469,0.8888888888888888,0.09274315347591612,129.0,127
HAP1,91,0.1,0.1,GoCo-exp1 (paper path),adapt_475_to_450_q0.4,0.0450856062156342,0.09484767070543591,0.28865151817430756,0.09226971065738812,77,136.0,1235.0,470,0.8898785425101214,0.09304275401052348,129.0,136
HAP1,91,0.1,0.1,GoCo-dense-knap (tie-level path),adapt_455.567_to_451.229_q0.35,0.027678353894396452,0.09419113867021221,0.2878002442621522,0.09165201572593032,78,138.0,1227.0,468,0.8875305623471883,0.09246204679693797,131.0,124
HAP1,91,0.1,0.5,GoDag (global grid),global_475,1.5153262455891895e-26,0.07346442296168458,0.256726974534966,0.0684591300497836,76,134.0,807.0,364,0.8339529120198265,0.06932464270090666,128.0,0
HAP1,91,0.1,0.5,GoCo-source (paper path),adapt_475_to_450_q0.5,0.21111117155502884,0.0975292804132183,0.2922471060618847,0.09452596157987649,80,139.0,1266.0,483,0.8902053712480252,0.09529900493301183,132.0,157
HAP1,91,0.1,0.5,GoCo-random1 (paper path),adapt_475_to_450_q0.4,0.2542157374005763,0.09795861017278074,0.2930554673928733,0.090814508084345,80,139.0,1090.0,466,0.8724770642201835,0.09180947775132806,131.0,133
HAP1,91,0.1,0.5,GoCo-knap (paper path),adapt_475_to_450_q0.4,0.19760605427234545,0.09738317891604838,0.29218766199728763,0.09441129964785845,77,136.0,1248.0,480,0.8910256410256411,0.0951843430009938,129.0,139
HAP1,91,0.1,0.5,GoCo-exp1 (paper path),adapt_475_to_450_q0.5,0.42307266172698954,0.09939716027489885,0.2949329986307542,0.09715208970754347,77,136.0,1279.0,492,0.893666927286943,0.09792513306067882,129.0,158
HAP1,91,0.1,0.5,GoCo-dense-knap (tie-level path),adapt_455.567_to_451.229_q0.4,0.14432495122098649,0.09674329135552069,0.29136547404309066,0.09387127893054639,78,138.0,1247.0,478,0.8893344025661588,0.09468131000155404,131.0,134
HAP1,92,0.1,0.1,GoDag (global grid),global_475,6.283152470723809e-28,0.07280455927517061,0.2560160420646301,0.06999881198498285,83,144.0,814.0,371,0.8230958230958231,0.07159104525937116,126.0,0
HAP1,92,0.1,0.1,GoCo-source (paper path),adapt_475_to_450_q0.4,0.0003461855619227609,0.089915702480755,0.28217974800933,0.08480499633222065,84,150.0,1124.0,431,0.8665480427046264,0.0859607745092602,131.0,91
HAP1,92,0.1,0.1,GoCo-random1 (paper path),adapt_475_to_450_q0.4,0.02241176855504619,0.09391539601738909,0.2879026009817782,0.09113729401556482,85,150.0,1069.0,463,0.8596819457436857,0.09269253957208082,130.0,120
HAP1,92,0.1,0.1,GoCo-knap (paper path),adapt_475_to_450_q0.225,0.09050363866752248,0.09590401436308464,0.2906854255615325,0.08780100165845234,87,153.0,1156.0,447,0.8676470588235294,0.08901226141560728,133.0,105
HAP1,92,0.1,0.1,GoCo-exp1 (paper path),adapt_475_to_450_q0.35,0.016975846154890062,0.09357748677167849,0.2875064790514582,0.08865171922242647,85,151.0,1162.0,450,0.8700516351118761,0.08980749739946602,132.0,101
HAP1,92,0.1,0.1,GoCo-dense-knap (tie-level path),adapt_455.567_to_451.229_q0.2,0.09014202998807214,0.09589661681454974,0.2907277325201387,0.08779360411157092,87,153.0,1156.0,447,0.8676470588235294,0.08904185158659816,133.0,102
HAP1,92,0.1,0.5,GoDag (global grid),global_475,6.283152470723809e-28,0.07280455927517061,0.2560160420646301,0.06999881198498285,83,144.0,814.0,371,0.8230958230958231,0.07159104525937116,126.0,0
HAP1,92,0.1,0.5,GoCo-source (paper path),adapt_475_to_450_q0.4,0.0003461855619227609,0.089915702480755,0.28217974800933,0.08480499633222065,84,150.0,1124.0,431,0.8665480427046264,0.0859607745092602,131.0,91
HAP1,92,0.1,0.5,GoCo-random1 (paper path),adapt_475_to_450_q0.5,0.4550862805114768,0.09964849262821161,0.2957709598476955,0.09665956062459438,86,151.0,1142.0,488,0.8677758318739054,0.09821480618111039,131.0,156
HAP1,92,0.1,0.5,GoCo-knap (paper path),adapt_475_to_450_q0.275,0.23724178440135574,0.0977903880870083,0.2932899765190757,0.0897983385426068,87,153.0,1186.0,456,0.8709949409780776,0.09100959829976174,133.0,114
HAP1,92,0.1,0.5,GoCo-exp1 (paper path),adapt_475_to_450_q0.35,0.016975846154890062,0.09357748677167849,0.2875064790514582,0.08865171922242647,85,151.0,1162.0,450,0.8700516351118761,0.08980749739946602,132.0,101
HAP1,92,0.1,0.5,GoCo-dense-knap (tie-level path),adapt_455.567_to_451.229_q0.25,0.21472371473665647,0.09756106421801179,0.29302740780495085,0.08979094099572538,87,153.0,1186.0,456,0.8709949409780776,0.09103918847075262,133.0,111
HAP1,93,0.1,0.1,GoDag (global grid),global_475,4.9840644033853084e-33,0.07070136820836871,0.2521518885029667,0.07490625780752062,90,155.0,889.0,403,0.8256467941507312,0.07687955266348373,136.0,0
HAP1,93,0.1,0.1,GoCo-source (paper path),adapt_475_to_450_q0.4,5.98408164433591e-08,0.08470075019448003,0.27434580192246394,0.09185604865200192,91,157.0,1242.0,475,0.8735909822866345,0.0934870389670041,137.0,96
HAP1,93,0.1,0.1,GoCo-random1 (paper path),adapt_475_to_450_q0.5,0.03527721020847823,0.09450118303715627,0.2886695885156969,0.09758544650757202,91,159.0,1178.0,502,0.865025466893039,0.09950494104181985,138.0,135
HAP1,93,0.1,0.1,GoCo-knap (paper path),adapt_475_to_450_q0.3,0.006999804992281822,0.09260317658913754,0.2857606092761846,0.09744119438802831,91,161.0,1303.0,500,0.876438986953185,0.0988502583891828,140.0,126
HAP1,93,0.1,0.1,GoCo-exp1 (paper path),adapt_475_to_450_q0.35,1.933166503405777e-07,0.08528330678569175,0.27526342997833936,0.09281772937620686,91,157.0,1250.0,480,0.8744,0.09444871969120903,137.0,94
HAP1,93,0.1,0.1,GoCo-dense-knap (tie-level path),adapt_455.567_to_451.229_q0.3,0.006836439234956314,0.0925772851816665,0.2857756855622002,0.09735982139878838,91,161.0,1307.0,500,0.8768171384850804,0.09884286083568745,140.0,123
HAP1,93,0.1,0.5,GoDag (global grid),global_475,4.9840644033853084e-33,0.07070136820836871,0.2521518885029667,0.07490625780752062,90,155.0,889.0,403,0.8256467941507312,0.07687955266348373,136.0,0
HAP1,93,0.1,0.5,GoCo-source (paper path),adapt_475_to_450_q0.5,0.23187215706889824,0.09773892152490639,0.2929563012366319,0.10295236468169618,91,160.0,1368.0,524,0.8830409356725146,0.10436142868285067,139.0,157
HAP1,93,0.1,0.5,GoCo-random1 (paper path),adapt_475_to_450_q0.6,0.34701511056808065,0.09877959744822064,0.2945021970118156,0.10280071503841978,91,159.0,1225.0,525,0.8702040816326531,0.1047202095726676,138.0,163
HAP1,93,0.1,0.5,GoCo-knap (paper path),adapt_475_to_450_q0.4,0.2513032670252857,0.09792940828021611,0.29320732735260985,0.10298935239956848,91,161.0,1363.0,525,0.8818782098312545,0.10439841640072296,140.0,152
HAP1,93,0.1,0.5,GoCo-exp1 (paper path),adapt_475_to_450_q0.5,0.4379816509625293,0.09951433208859925,0.29537873905843803,0.10572644368746627,91,160.0,1391.0,537,0.8849748382458663,0.10713550768862075,139.0,167
HAP1,93,0.1,0.5,GoCo-dense-knap (tie-level path),adapt_455.567_to_451.229_q0.4,0.24865069430829734,0.09790351687274507,0.29322249106298065,0.10290797941032855,91,161.0,1367.0,525,0.8822238478419897,0.10439101884722762,140.0,149
HAP1,94,0.1,0.1,GoDag (global grid),global_475,7.11367927115621e-29,0.07242738403520227,0.2549644663513499,0.07087888754490901,75,133.0,842.0,372,0.8420427553444181,0.07298543425239672,111.0,0
HAP1,94,0.1,0.1,GoCo-source (paper path),adapt_475_to_450_q0.4,2.7864060491214725e-05,0.08815401020351114,0.27903248001971515,0.0875450258043624,78,140.0,1199.0,442,0.8832360300250208,0.08933929047727923,117.0,106
HAP1,94,0.1,0.1,GoCo-random1 (paper path),adapt_475_to_450_q0.4,0.02592211907136226,0.09410824054910827,0.2876500362917283,0.09442157137608242,78,139.0,1131.0,478,0.8770999115826702,0.09689799528213484,114.0,138
HAP1,94,0.1,0.1,GoCo-knap (paper path),adapt_475_to_450_q0.225,0.04735323207206298,0.09491536543236222,0.28885099512849916,0.09428575758305963,78,141.0,1280.0,473,0.88984375,0.09609851611821957,117.0,141
HAP1,94,0.1,0.1,GoCo-exp1 (paper path),adapt_475_to_450_q0.35,0.08699873299693645,0.09584560659306873,0.29010041154474586,0.09461864706375205,77,140.0,1287.0,473,0.8912198912198912,0.09643140559891199,116.0,142
HAP1,94,0.1,0.1,GoCo-dense-knap (tie-level path),adapt_455.567_to_451.229_q0.2,0.045148921090488,0.0948487875302712,0.2887025184223285,0.09421178214070113,78,142.0,1279.0,473,0.8889757623143081,0.09606152839373336,118.0,139
HAP1,94,0.1,0.5,GoDag (global grid),global_475,7.11367927115621e-29,0.07242738403520227,0.2549644663513499,0.07087888754490901,75,133.0,842.0,372,0.8420427553444181,0.07298543425239672,111.0,0
HAP1,94,0.1,0.5,GoCo-source (paper path),adapt_475_to_450_q0.4,2.7864060491214725e-05,0.08815401020351114,0.27903248001971515,0.0875450258043624,78,140.0,1199.0,442,0.8832360300250208,0.08933929047727923,117.0,106
HAP1,94,0.1,0.5,GoCo-random1 (paper path),adapt_475_to_450_q0.5,0.2727313797439289,0.09813250449171503,0.29323878986512464,0.10215200487436636,79,141.0,1202.0,513,0.8826955074875208,0.1044804779023157,116.0,180
HAP1,94,0.1,0.5,GoCo-knap (paper path),adapt_475_to_450_q0.3,0.41763971923570165,0.09935389184159435,0.2949765322310302,0.09850235767183016,78,141.0,1321.0,492,0.8932626797880394,0.1003151162069901,117.0,160
HAP1,94,0.1,0.5,GoCo-exp1 (paper path),adapt_475_to_450_q0.35,0.08699873299693645,0.09584560659306873,0.29010041154474586,0.09461864706375205,77,140.0,1287.0,473,0.8912198912198912,0.09643140559891199,116.0,142
HAP1,94,0.1,0.5,GoCo-dense-knap (tie-level path),adapt_455.567_to_451.229_q0.275,0.4092501520884153,0.09928731393950334,0.2948321426494542,0.09842838222947164,78,142.0,1320.0,492,0.8924242424242425,0.10027812848250389,118.0,158
HAP1,95,0.1,0.1,GoDag (global grid),global_475,1.373560464563186e-28,0.07251806570926002,0.25548576441690296,0.07066729697210758,85,138.0,847.0,377,0.8370720188902007,0.07268692256078368,121.0,0
HAP1,95,0.1,0.1,GoCo-source (paper path),adapt_475_to_450_q0.4,1.5184551762853175e-06,0.086392253872108,0.2767179478789014,0.0830765809885301,88,142.0,1146.0,432,0.8760907504363001,0.08503712229579488,122.0,85
HAP1,95,0.1,0.1,GoCo-random1 (paper path),adapt_475_to_450_q0.4,0.00010678878055320671,0.08904004623618224,0.28101991123487446,0.08542001726253795,89,146.0,1039.0,444,0.8594802694898941,0.08790367060616659,124.0,92
HAP1,95,0.1,0.1,GoCo-knap (paper path),adapt_475_to_450_q0.35,0.09044141466234479,0.09590734486024591,0.29036621262713896,0.09134703520081915,88,145.0,1234.0,469,0.8824959481361426,0.09310414404986543,125.0,126
HAP1,95,0.1,0.1,GoCo-exp1 (paper path),adapt_475_to_450_q0.4,4.1324291252602086e-05,0.08839883768242357,0.2797642482726787,0.0840049727567291,87,141.0,1154.0,436,0.8778162911611785,0.08589153862824929,122.0,83
HAP1,95,0.1,0.1,GoCo-dense-knap (tie-level path),adapt_455.567_to_451.229_q0.35,0.08430001875296939,0.09578898414982673,0.29037088933989375,0.091524576259834,88,145.0,1239.0,469,0.8829701372074253,0.09331867282675257,125.0,123
HAP1,95,0.1,0.5,GoDag (global grid),global_475,1.373560464563186e-28,0.07251806570926002,0.25548576441690296,0.07066729697210758,85,138.0,847.0,377,0.8370720188902007,0.07268692256078368,121.0,0
HAP1,95,0.1,0.5,GoCo-source (paper path),adapt_475_to_450_q0.6,0.3856655910238585,0.09909753571853498,0.29477731201416457,0.09404343999575045,89,144.0,1271.0,481,0.8867033831628639,0.09602247516525834,123.0,146
HAP1,95,0.1,0.5,GoCo-random1 (paper path),adapt_475_to_450_q0.5,0.11551470524808055,0.096326627090236,0.29115445954775976,0.0922236441739178,89,146.0,1115.0,474,0.8690582959641255,0.0946650258399781,124.0,130
HAP1,95,0.1,0.5,GoCo-knap (paper path),adapt_475_to_450_q0.4,0.21545766841068648,0.09757179226370795,0.29266866759439913,0.09201281416220396,88,145.0,1240.0,472,0.8830645161290323,0.09376992301125024,125.0,129
HAP1,95,0.1,0.5,GoCo-exp1 (paper path),adapt_475_to_450_q0.5,0.21375746171009768,0.09755329840146484,0.2927327501581585,0.09323340891812888,87,142.0,1258.0,477,0.8871224165341812,0.09513846865189218,122.0,136
HAP1,95,0.1,0.5,GoCo-dense-knap (tie-level path),adapt_455.567_to_451.229_q0.4,0.20440108382793654,0.09745343155328877,0.29267398063792255,0.09219035522121881,88,145.0,1245.0,472,0.8835341365461847,0.0939844517881374,125.0,126
HAP1,96,0.1,0.1,GoDag (global grid),global_475,1.0282768609571265e-34,0.07006622249122715,0.2508948452407967,0.07638826448085093,81,140.0,907.0,403,0.8456449834619625,0.07797900063497884,124.0,0
HAP1,96,0.1,0.1,GoCo-source (paper path),adapt_475_to_450_q0.4,3.2197315667706617e-06,0.08683449331021181,0.27703508264614835,0.09080228292500238,83,147.0,1245.0,463,0.8819277108433735,0.0920803047190811,130.0,91
HAP1,96,0.1,0.1,GoCo-random1 (paper path),adapt_475_to_450_q0.4,0.016245750088469447,0.09354063116519969,0.2867674006104464,0.09631186802745448,83,145.0,1163.0,491,0.8753224419604472,0.09814470561607329,127.0,122
HAP1,96,0.1,0.1,GoCo-knap (paper path),adapt_475_to_450_q0.3,0.013465375254780877,0.09332213940861962,0.2865238113601409,0.09511135231837452,84,148.0,1284.0,483,0.8847352024922118,0.09638937411245324,131.0,113
HAP1,96,0.1,0.1,GoCo-exp1 (paper path),adapt_475_to_450_q0.4,0.00010539157772686774,0.08905375651482789,0.2804154765353165,0.09235576716823363,83,147.0,1260.0,470,0.8833333333333333,0.09363378896231235,130.0,97
HAP1,96,0.1,0.1,GoCo-dense-knap (tie-level path),adapt_455.567_to_451.229_q0.3,0.022111620987068356,0.09391024415420524,0.28733548514028473,0.09572534846481724,84,150.0,1299.0,486,0.8845265588914549,0.09704035797676826,133.0,115
HAP1,96,0.1,0.5,GoDag (global grid),global_475,1.0282768609571265e-34,0.07006622249122715,0.2508948452407967,0.07638826448085093,81,140.0,907.0,403,0.8456449834619625,0.07797900063497884,124.0,0
HAP1,96,0.1,0.5,GoCo-source (paper path),adapt_475_to_450_q0.5,0.32938404877820976,0.09863357601585623,0.2937329170737152,0.10034511470485147,84,148.0,1350.0,506,0.8903703703703704,0.10162313649893019,131.0,146
HAP1,96,0.1,0.5,GoCo-random1 (paper path),adapt_475_to_450_q0.6,0.3809951568676393,0.09906104838668216,0.2943066945772919,0.10288088711179524,83,145.0,1234.0,520,0.8824959481361426,0.10471372470041407,127.0,163
HAP1,96,0.1,0.5,GoCo-knap (paper path),adapt_475_to_450_q0.4,0.2805944351370112,0.09820451845877498,0.2933311572004905,0.10021565768899147,84,148.0,1340.0,506,0.8895522388059701,0.1014936794830702,131.0,136
HAP1,96,0.1,0.5,GoCo-exp1 (paper path),adapt_475_to_450_q0.5,0.4317356978100749,0.09946579971758726,0.2949137637829731,0.10023415154462066,84,148.0,1344.0,506,0.8898809523809523,0.10151217333869939,131.0,140
HAP1,96,0.1,0.5,GoCo-dense-knap (tie-level path),adapt_455.567_to_451.229_q0.4,0.2842523938578856,0.09823780740320656,0.2933559466305687,0.10016387487404937,84,150.0,1345.0,506,0.8884758364312267,0.1014788843860004,133.0,135
HAP1,97,0.1,0.1,GoDag (global grid),global_475,1.2869013243035568e-27,0.07298383648481255,0.2558664086700993,0.06958049849581835,76,123.0,831.0,365,0.851985559566787,0.07133494935602386,104.0,0
HAP1,97,0.1,0.1,GoCo-source (paper path),adapt_475_to_450_q0.4,9.762091013193969e-05,0.08900694942611935,0.28015055401453276,0.08750104886978613,77,127.0,1189.0,443,0.8931875525651808,0.08903357341614396,107.0,107
HAP1,97,0.1,0.1,GoCo-random1 (paper path),adapt_475_to_450_q0.4,0.002279548270994246,0.09151603784486552,0.28392593837863583,0.08758612063412025,77,127.0,1028.0,445,0.8764591439688716,0.08926659605196725,107.0,100
HAP1,97,0.1,0.1,GoCo-knap (paper path),adapt_475_to_450_q0.275,0.06246192165573579,0.09532630140324777,0.2891506312781749,0.09322461833424214,79,131.0,1245.0,470,0.8947791164658635,0.09472015515611376,111.0,133
HAP1,97,0.1,0.1,GoCo-exp1 (paper path),adapt_475_to_450_q0.35,0.021898900162290107,0.09390042479163638,0.28722032712504786,0.09181751580011882,78,128.0,1231.0,463,0.8960194963444355,0.09335004034647665,108.0,125
HAP1,97,0.1,0.1,GoCo-dense-knap (tie-level path),adapt_455.567_to_451.229_q0.25,0.06145181912804431,0.09530040999412324,0.28919391387179244,0.0931876306130629,79,131.0,1246.0,470,0.8948635634028892,0.0947201551528068,111.0,128
HAP1,97,0.1,0.5,GoDag (global grid),global_475,1.2869013243035568e-27,0.07298383648481255,0.2558664086700993,0.06958049849581835,76,123.0,831.0,365,0.851985559566787,0.07133494935602386,104.0,0
HAP1,97,0.1,0.5,GoCo-source (paper path),adapt_475_to_450_q0.4,9.762091013193969e-05,0.08900694942611935,0.28015055401453276,0.08750104886978613,77,127.0,1189.0,443,0.8931875525651808,0.08903357341614396,107.0,107
HAP1,97,0.1,0.5,GoCo-random1 (paper path),adapt_475_to_450_q0.4,0.002279548270994246,0.09151603784486552,0.28392593837863583,0.08758612063412025,77,127.0,1028.0,445,0.8764591439688716,0.08926659605196725,107.0,100
HAP1,97,0.1,0.5,GoCo-knap (paper path),adapt_475_to_450_q0.35,0.3994996593387091,0.0992100120113259,0.294510229758799,0.09699736578208946,79,131.0,1286.0,487,0.8981337480559876,0.09849290260396107,111.0,151
HAP1,97,0.1,0.5,GoCo-exp1 (paper path),adapt_475_to_450_q0.4,0.40830902839699174,0.09928028867859022,0.29462791824648216,0.09738573684620423,78,128.0,1294.0,488,0.9010819165378671,0.09891826139256206,108.0,159
HAP1,97,0.1,0.5,GoCo-dense-knap (tie-level path),adapt_455.567_to_451.229_q0.3,0.3825213358506739,0.09907315744197057,0.294402012370601,0.09696037806091021,79,131.0,1285.0,487,0.8980544747081712,0.09849290260065412,111.0,145
HAP1,98,0.1,0.1,GoDag (global grid),global_475,1.0139704089797127e-30,0.07163734280957636,0.2537110012610337,0.07272231707136947,73,135.0,857.0,377,0.8424737456242707,0.07478438246345392,115.0,0
HAP1,98,0.1,0.1,GoCo-source (paper path),adapt_475_to_450_q0.4,7.118961168519354e-07,0.08598876348500298,0.2758619685682763,0.08728058762514375,75,139.0,1175.0,441,0.8817021276595745,0.08913561785771378,117.0,96
HAP1,98,0.1,0.1,GoCo-random1 (paper path),adapt_475_to_450_q0.4,0.00244594629492465,0.09157787220237576,0.28411743052266947,0.09353151232255495,74,137.0,1100.0,469,0.8754545454545455,0.09542353027299728,116.0,118
HAP1,98,0.1,0.1,GoCo-knap (paper path),adapt_475_to_450_q0.35,0.07341589932786331,0.09557306634396963,0.28966899734247564,0.09447469918451677,74,138.0,1251.0,473,0.8896882494004796,0.09616328467674061,117.0,130
HAP1,98,0.1,0.1,GoCo-exp1 (paper path),adapt_475_to_450_q0.4,0.0002982671247910113,0.0898169925129657,0.28157196384226657,0.09088689033264485,74,138.0,1213.0,457,0.886232481450948,0.09257547582486868,117.0,107
HAP1,98,0.1,0.1,GoCo-dense-knap (tie-level path),adapt_455.567_to_451.229_q0.3,0.0414349862985903,0.09472974632356995,0.2884862350863956,0.09391988337674884,74,138.0,1245.0,471,0.8891566265060241,0.09568244430471726,117.0,123
HAP1,98,0.1,0.5,GoDag (global grid),global_475,1.0139704089797127e-30,0.07163734280957636,0.2537110012610337,0.07272231707136947,73,135.0,857.0,377,0.8424737456242707,0.07478438246345392,115.0,0
HAP1,98,0.1,0.5,GoCo-source (paper path),adapt_475_to_450_q0.5,0.16553020165702453,0.09701558742697007,0.2914821997151002,0.0957692693828002,75,139.0,1281.0,479,0.8914910226385636,0.09756881803525484,117.0,149
HAP1,98,0.1,0.5,GoCo-random1 (paper path),adapt_475_to_450_q0.5,0.1891750432112858,0.09729062556836851,0.29196655044312364,0.09996737561594154,76,139.0,1175.0,500,0.8817021276595745,0.10185939356638388,118.0,161
HAP1,98,0.1,0.5,GoCo-knap (paper path),adapt_475_to_450_q0.4,0.20464268544533387,0.09745944006789328,0.2922847418141432,0.09625010974820963,74,138.0,1271.0,481,0.8914240755310779,0.09793869524043346,117.0,138
HAP1,98,0.1,0.5,GoCo-exp1 (paper path),adapt_475_to_450_q0.5,0.31120288170748556,0.09847660236890667,0.29367524841729226,0.09687890098510823,75,139.0,1288.0,484,0.8920807453416149,0.09867844963756287,117.0,151
HAP1,98,0.1,0.5,GoCo-dense-knap (tie-level path),adapt_455.567_to_451.229_q0.4,0.24153444369956306,0.09783671481003245,0.2928019439732153,0.09613914658136491,74,138.0,1269.0,481,0.8912529550827423,0.09790170750933333,117.0,133
HAP1,99,0.1,0.1,GoDag (global grid),global_475,1.3774245852874693e-28,0.07255464170495889,0.25515158049272035,0.07058195298214356,68,117.0,848.0,362,0.8620283018867925,0.07176935486247472,103.0,0
HAP1,99,0.1,0.1,GoCo-source (paper path),adapt_475_to_450_q0.4,5.735148470151101e-05,0.08862194089203267,0.2800328216283578,0.08486809958842295,73,124.0,1181.0,424,0.8950042337002541,0.0859594294694705,105.0,90
HAP1,99,0.1,0.1,GoCo-random1 (paper path),adapt_475_to_450_q0.35,0.016005061957575374,0.09351647306933067,0.28703811538942414,0.09116393794655747,73,123.0,1080.0,456,0.8861111111111111,0.09275988600172576,104.0,116
HAP1,99,0.1,0.1,GoCo-knap (paper path),adapt_475_to_450_q0.275,0.0851800775094686,0.0958112888815294,0.2900270503489844,0.09174781552273276,72,123.0,1243.0,455,0.9010458567980691,0.0927281822435495,105.0,122
HAP1,99,0.1,0.1,GoCo-exp1 (paper path),adapt_475_to_450_q0.4,0.000124222352703138,0.08915826283094357,0.28091236173202494,0.08564484171003857,73,124.0,1187.0,428,0.8955349620893007,0.08673617159108613,105.0,88
HAP1,99,0.1,0.1,GoCo-dense-knap (tie-level path),adapt_455.567_to_451.229_q0.275,0.08182725046730727,0.09574471097943839,0.2900175788635007,0.09163685236250195,73,124.0,1245.0,455,0.9004016064257028,0.0926172190833187,106.0,122
HAP1,99,0.1,0.5,GoDag (global grid),global_475,1.3774245852874693e-28,0.07255464170495889,0.25515158049272035,0.07058195298214356,68,117.0,848.0,362,0.8620283018867925,0.07176935486247472,103.0,0
HAP1,99,0.1,0.5,GoCo-source (paper path),adapt_475_to_450_q0.5,0.3173477450137342,0.09852988630718408,0.2937315290382743,0.09452189452850285,73,124.0,1292.0,467,0.9040247678018576,0.09561322440955039,105.0,144
HAP1,99,0.1,0.5,GoCo-random1 (paper path),adapt_475_to_450_q0.4,0.4449588066717999,0.0995695134595903,0.29526198876965937,0.09593535383648201,74,124.0,1126.0,478,0.8898756660746003,0.0975313018916503,105.0,142
HAP1,99,0.1,0.5,GoCo-knap (paper path),adapt_475_to_450_q0.35,0.4467958262442231,0.09958403632937671,0.2952139227195576,0.09463285768873364,72,123.0,1278.0,468,0.903755868544601,0.09561322440955039,105.0,135
HAP1,99,0.1,0.5,GoCo-exp1 (paper path),adapt_475_to_450_q0.4,0.000124222352703138,0.08915826283094357,0.28091236173202494,0.08564484171003857,73,124.0,1187.0,428,0.8955349620893007,0.08673617159108613,105.0,88
HAP1,99,0.1,0.5,GoCo-dense-knap (tie-level path),adapt_455.567_to_451.229_q0.35,0.4383417945836141,0.09951745842728571,0.2952054685238805,0.09452189452850285,73,124.0,1280.0,468,0.903125,0.09550226124931958,106.0,135
