dataset,seed,alpha,delta,method,policy,p_selected,cal_mean,cal_sd,unit_fdp,unit_yield,go_yield,total_calls,genes_with_calls,term_fdp,unit_fdp_direct,go_yield_direct,n_relaxed_eval
HAP1,0,0.05,0.1,GoCo-knap (paper path),adapt_550_to_525_q0.225,0.001644636065616332,0.04377578335156506,0.20102384684389166,0.04786087688318211,64,96.0,526.0,262,0.8174904942965779,0.049727523811012704,82.0,16
HAP1,0,0.05,0.1,GoCo-dense-knap (tie-level path),adapt_538.398_to_526.433_q0.2,0.001586665192494948,0.04375411912011825,0.20096439983629635,0.047792185420361406,64,99.0,531.0,262,0.8135593220338984,0.049658832348191996,85.0,14
HAP1,0,0.05,0.5,GoCo-knap (paper path),adapt_550_to_525_q0.35,0.4930541596648221,0.04996065854946878,0.2144985134903838,0.05223071182959354,64,99.0,590.0,282,0.8322033898305085,0.054097358757424135,85.0,48
HAP1,0,0.05,0.5,GoCo-dense-knap (tie-level path),adapt_538.398_to_526.433_q0.3,0.4356611343214087,0.04963516661235083,0.21381887351012085,0.05178685918867033,64,99.0,586.0,280,0.8310580204778157,0.05365350611650092,85.0,40
HAP1,0,0.2,0.1,GoCo-knap (paper path),adapt_400_to_375_q0.5,0.06363757946047546,0.19372151982695646,0.3908531466313974,0.19457636496463035,120,200.0,3396.0,943,0.9411071849234394,0.19784302109355562,160.0,523
HAP1,0,0.2,0.1,GoCo-dense-knap (tie-level path),adapt_404.949_to_394.825_q0.4,0.0005828542988064278,0.18681358165552867,0.38551064192893275,0.18604789582348588,108,180.0,2721.0,903,0.9338478500551268,0.18915707395439724,150.0,286
HAP1,0,0.2,0.5,GoCo-knap (paper path),adapt_400_to_375_q0.5,0.06363757946047546,0.19372151982695646,0.3908531466313974,0.19457636496463035,120,200.0,3396.0,943,0.9411071849234394,0.19784302109355562,160.0,523
HAP1,0,0.2,0.5,GoCo-dense-knap (tie-level path),adapt_404.949_to_394.825_q0.4,0.0005828542988064278,0.18681358165552867,0.38551064192893275,0.18604789582348588,108,180.0,2721.0,903,0.9338478500551268,0.18915707395439724,150.0,286
HAP1,1,0.05,0.1,GoCo-knap (paper path),adapt_550_to_525_q0.175,0.00306960394522445,0.04417300905207237,0.20186657711370504,0.046638600862243154,77,124.0,577.0,266,0.7850953206239168,0.04840291510726736,111.0,20
HAP1,1,0.05,0.1,GoCo-dense-knap (tie-level path),adapt_538.398_to_526.433_q0.15,0.0029068030715812387,0.044138134924692415,0.20175965299519763,0.046584704486571364,77,127.0,584.0,266,0.7825342465753424,0.04834162118140719,114.0,19
HAP1,1,0.05,0.5,GoCo-knap (paper path),adapt_550_to_525_q0.4,0.41189558347620925,0.049499240743150937,0.21348870354482,0.05285253783516814,77,124.0,657.0,294,0.8112633181126332,0.054616852080192346,111.0,56
HAP1,1,0.05,0.5,GoCo-dense-knap (tie-level path),adapt_538.398_to_526.433_q0.4,0.4058277789024236,0.04946436661577098,0.21338847358222532,0.05279864145949635,77,127.0,664.0,294,0.8087349397590361,0.054555558154332176,114.0,55
HAP1,1,0.2,0.1,GoCo-knap (paper path),adapt_400_to_375_q0.5,0.05851939437640777,0.1935547136094403,0.39038561148800377,0.19315138747572527,122,213.0,3341.0,941,0.9362466327446872,0.19550063610539878,185.0,479
HAP1,1,0.2,0.1,GoCo-dense-knap (tie-level path),adapt_404.949_to_394.825_q0.4,0.0004670857329660863,0.18656792156348692,0.38527736125526735,0.18685273099913896,117,203.0,2752.0,912,0.9262354651162791,0.18911849306561498,178.0,275
HAP1,1,0.2,0.5,GoCo-knap (paper path),adapt_400_to_375_q0.5,0.05851939437640777,0.1935547136094403,0.39038561148800377,0.19315138747572527,122,213.0,3341.0,941,0.9362466327446872,0.19550063610539878,185.0,479
HAP1,1,0.2,0.5,GoCo-dense-knap (tie-level path),adapt_404.949_to_394.825_q0.4,0.0004670857329660863,0.18656792156348692,0.38527736125526735,0.18685273099913896,117,203.0,2752.0,912,0.9262354651162791,0.18911849306561498,178.0,275
HAP1,2,0.05,0.1,GoCo-knap (paper path),adapt_550_to_525_q0.1,0.08363176700633318,0.04696597420820066,0.20855490230147897,0.0408179666524562,65,93.0,487.0,230,0.8090349075975359,0.042600774759723514,80.0,14
HAP1,2,0.05,0.1,GoCo-dense-knap (tie-level path),adapt_538.398_to_526.433_q0.075,0.06570963567748839,0.04669596386442595,0.20792265294129147,0.04080634194773883,65,94.0,487.0,230,0.8069815195071869,0.042581752504817764,81.0,12
HAP1,2,0.05,0.5,GoCo-knap (paper path),adapt_550_to_525_q0.175,0.1539025863014264,0.047742716343044125,0.21011904885923774,0.041679252142436334,65,94.0,505.0,234,0.8138613861386138,0.04346206024970365,81.0,20
HAP1,2,0.05,0.5,GoCo-dense-knap (tie-level path),adapt_538.398_to_526.433_q0.15,0.15472034384488642,0.04775011388661858,0.21013966427907513,0.04191597355004686,65,94.0,509.0,235,0.8153241650294696,0.043691384107125794,81.0,19
HAP1,2,0.2,0.1,GoCo-knap (paper path),adapt_400_to_375_q0.5,0.07141561082201313,0.19396360017296424,0.3910690912164793,0.18906427797837835,104,166.0,3303.0,910,0.9497426581895246,0.19120426976344768,139.0,472
HAP1,2,0.2,0.1,GoCo-dense-knap (tie-level path),adapt_404.949_to_394.825_q0.5,0.036590417625355684,0.19263267070484913,0.39035080401312355,0.189603296395836,100,161.0,2777.0,912,0.9420237666546633,0.19161105708868514,137.0,325
HAP1,2,0.2,0.5,GoCo-knap (paper path),adapt_400_to_375_q0.5,0.07141561082201313,0.19396360017296424,0.3910690912164793,0.18906427797837835,104,166.0,3303.0,910,0.9497426581895246,0.19120426976344768,139.0,472
HAP1,2,0.2,0.5,GoCo-dense-knap (tie-level path),adapt_404.949_to_394.825_q0.5,0.036590417625355684,0.19263267070484913,0.39035080401312355,0.189603296395836,100,161.0,2777.0,912,0.9420237666546633,0.19161105708868514,137.0,325
HAP1,3,0.05,0.1,GoCo-knap (paper path),adapt_550_to_525_q0.225,0.07426319104610712,0.0468380303315147,0.20776564126355096,0.04329575962666877,68,125.0,537.0,244,0.7672253258845437,0.04527223288113416,109.0,18
HAP1,3,0.05,0.1,GoCo-dense-knap (tie-level path),adapt_538.398_to_526.433_q0.4,0.016172545178166235,0.04539057755941187,0.20446502426735572,0.04227489855386816,68,124.0,514.0,239,0.7587548638132295,0.04424397425814517,108.0,15
HAP1,3,0.05,0.5,GoCo-knap (paper path),adapt_550_to_525_q0.225,0.07426319104610712,0.0468380303315147,0.20776564126355096,0.04329575962666877,68,125.0,537.0,244,0.7672253258845437,0.04527223288113416,109.0,18
HAP1,3,0.05,0.5,GoCo-dense-knap (tie-level path),adapt_538.398_to_526.433_q0.4,0.016172545178166235,0.04539057755941187,0.20446502426735572,0.04227489855386816,68,124.0,514.0,239,0.7587548638132295,0.04424397425814517,108.0,15
HAP1,3,0.2,0.1,GoCo-knap (paper path),adapt_400_to_375_q0.4,0.0003441030821414161,0.1862472800353581,0.38464251675065,0.1791893917946513,115,195.0,3134.0,873,0.9377791959157626,0.18180297851840285,162.0,412
HAP1,3,0.2,0.1,GoCo-dense-knap (tie-level path),adapt_404.949_to_394.825_q0.5,0.0436337118067994,0.19296779386828172,0.3903985565484597,0.1896865427745378,109,186.0,2750.0,918,0.9323636363636364,0.19212149562131442,156.0,296
HAP1,3,0.2,0.5,GoCo-knap (paper path),adapt_400_to_375_q0.5,0.16732840750165523,0.19601203813566878,0.3924053440245876,0.19072956045865483,115,195.0,3289.0,925,0.9407114624505929,0.1933431471824064,162.0,470
HAP1,3,0.2,0.5,GoCo-dense-knap (tie-level path),adapt_404.949_to_394.825_q0.5,0.0436337118067994,0.19296779386828172,0.3903985565484597,0.1896865427745378,109,186.0,2750.0,918,0.9323636363636364,0.19212149562131442,156.0,296
HAP1,4,0.05,0.1,GoCo-knap (paper path),adapt_550_to_525_q0.275,0.0033750391463899946,0.04422664124464068,0.20232125685614696,0.048653823167707354,61,99.0,598.0,263,0.8344481605351171,0.05018291312538144,84.0,42
HAP1,4,0.05,0.1,GoCo-dense-knap (tie-level path),adapt_538.398_to_526.433_q0.225,0.0001108138355778572,0.042302831471680645,0.19786217166324058,0.045302735736673795,61,101.0,562.0,248,0.8202846975088968,0.046821345832683325,86.0,24
HAP1,4,0.05,0.5,GoCo-knap (paper path),adapt_550_to_525_q0.35,0.4213564301537321,0.04955287293571924,0.21391734676395033,0.05475679698040154,64,102.0,679.0,293,0.8497790868924889,0.056396850098306424,86.0,83
HAP1,4,0.05,0.5,GoCo-dense-knap (tie-level path),adapt_538.398_to_526.433_q0.3,0.2529451233457105,0.04851676844460563,0.21165781034120293,0.05351400959375325,61,101.0,665.0,285,0.8481203007518797,0.05503261968976278,86.0,71
HAP1,4,0.2,0.1,GoCo-knap (paper path),adapt_400_to_375_q0.6,0.08298468970277939,0.19429282402587478,0.3911081520367859,0.19486347609065238,100,169.0,3377.0,930,0.949955581877406,0.19651867656299288,145.0,523
HAP1,4,0.2,0.1,GoCo-dense-knap (tie-level path),adapt_404.949_to_394.825_q0.6,0.009846158263805133,0.19046135547521692,0.38827466933950266,0.18997615178624525,95,158.0,2793.0,908,0.9434300035803795,0.1917271680676879,136.0,317
HAP1,4,0.2,0.5,GoCo-knap (paper path),adapt_400_to_375_q0.6,0.08298468970277939,0.19429282402587478,0.3911081520367859,0.19486347609065238,100,169.0,3377.0,930,0.949955581877406,0.19651867656299288,145.0,523
HAP1,4,0.2,0.5,GoCo-dense-knap (tie-level path),adapt_404.949_to_394.825_q0.6,0.009846158263805133,0.19046135547521692,0.38827466933950266,0.18997615178624525,95,158.0,2793.0,908,0.9434300035803795,0.1917271680676879,136.0,317
HAP1,5,0.05,0.1,GoCo-knap (paper path),adapt_550_to_525_q0.3,0.013910698375354833,0.045259519336729434,0.20457409189024822,0.044673239945360044,69,98.0,509.0,253,0.8074656188605108,0.04616014628980724,87.0,18
HAP1,5,0.05,0.1,GoCo-dense-knap (tie-level path),adapt_538.398_to_526.433_q0.3,0.01609401328006849,0.045377880040534696,0.2048418037138745,0.04490996135297057,69,98.0,516.0,254,0.810077519379845,0.046389470147229384,87.0,17
HAP1,5,0.05,0.5,GoCo-knap (paper path),adapt_550_to_525_q0.3,0.013910698375354833,0.045259519336729434,0.20457409189024822,0.044673239945360044,69,98.0,509.0,253,0.8074656188605108,0.04616014628980724,87.0,18
HAP1,5,0.05,0.5,GoCo-dense-knap (tie-level path),adapt_538.398_to_526.433_q0.3,0.01609401328006849,0.045377880040534696,0.2048418037138745,0.04490996135297057,69,98.0,516.0,254,0.810077519379845,0.046389470147229384,87.0,17
HAP1,5,0.2,0.1,GoCo-knap (paper path),adapt_400_to_375_q0.5,0.029025896132903913,0.19221895065901018,0.3897348861472585,0.1956573911523798,113,181.0,3331.0,941,0.945661963374362,0.19742921503369035,153.0,497
HAP1,5,0.2,0.1,GoCo-dense-knap (tie-level path),adapt_404.949_to_394.825_q0.5,0.002305292282545375,0.18845113289790105,0.3869861189994378,0.19196874116242751,104,167.0,2758.0,923,0.9394488759970994,0.19370770842643828,142.0,316
HAP1,5,0.2,0.5,GoCo-knap (paper path),adapt_400_to_375_q0.6,0.3699403725319651,0.19861993981509593,0.3945988227877186,0.20002722609548426,116,185.0,3411.0,962,0.9457637056581648,0.2018751389898039,156.0,569
HAP1,5,0.2,0.5,GoCo-dense-knap (tie-level path),adapt_404.949_to_394.825_q0.5,0.002305292282545375,0.18845113289790105,0.3869861189994378,0.19196874116242751,104,167.0,2758.0,923,0.9394488759970994,0.19370770842643828,142.0,316
HAP1,6,0.05,0.1,GoCo-knap (paper path),adapt_550_to_525_q0.275,0.044965323949558045,0.04630561531105943,0.20681754762932653,0.04409570313404784,67,103.0,529.0,245,0.8052930056710775,0.04538410871599285,90.0,16
HAP1,6,0.05,0.1,GoCo-dense-knap (tie-level path),adapt_538.398_to_526.433_q0.25,0.04353806196830407,0.046274568050557435,0.20669518368233844,0.04407552802001853,68,104.0,533.0,245,0.8048780487804879,0.04536393360196354,91.0,15
HAP1,6,0.05,0.5,GoCo-knap (paper path),adapt_550_to_525_q0.3,0.14240322648763193,0.04763717323382907,0.20971400922638517,0.045427261056817485,67,103.0,549.0,251,0.8123861566484517,0.04671566663876248,90.0,25
HAP1,6,0.05,0.5,GoCo-dense-knap (tie-level path),adapt_538.398_to_526.433_q0.25,0.04353806196830407,0.046274568050557435,0.20669518368233844,0.04407552802001853,68,104.0,533.0,245,0.8048780487804879,0.04536393360196354,91.0,15
HAP1,6,0.2,0.1,GoCo-knap (paper path),adapt_400_to_375_q0.6,0.04275090016471181,0.19293385723095655,0.3900864597576491,0.1979106582711127,117,198.0,3407.0,954,0.9418843557381861,0.20024531193762105,167.0,507
HAP1,6,0.2,0.1,GoCo-dense-knap (tie-level path),adapt_404.949_to_394.825_q0.5,3.0341618446800064e-05,0.18381549877805337,0.3831338986651079,0.18560299441330813,113,188.0,2752.0,899,0.9316860465116279,0.1879801839570231,161.0,285
HAP1,6,0.2,0.5,GoCo-knap (paper path),adapt_400_to_375_q0.6,0.04275090016471181,0.19293385723095655,0.3900864597576491,0.1979106582711127,117,198.0,3407.0,954,0.9418843557381861,0.20024531193762105,167.0,507
HAP1,6,0.2,0.5,GoCo-dense-knap (tie-level path),adapt_404.949_to_394.825_q0.5,3.0341618446800064e-05,0.18381549877805337,0.3831338986651079,0.18560299441330813,113,188.0,2752.0,899,0.9316860465116279,0.1879801839570231,161.0,285
HAP1,7,0.05,0.1,GoCo-knap (paper path),adapt_550_to_525_q0.225,0.053008510110779596,0.04648402903379465,0.20649922327466172,0.04584627907724842,54,79.0,484.0,248,0.8367768595041323,0.04739483162476336,66.0,19
HAP1,7,0.05,0.1,GoCo-dense-knap (tie-level path),adapt_538.398_to_526.433_q0.175,0.023498509132495942,0.04571468445575348,0.2048059810990218,0.04430758992116609,54,79.0,468.0,241,0.8311965811965812,0.045848744918492654,66.0,10
HAP1,7,0.05,0.5,GoCo-knap (paper path),adapt_550_to_525_q0.3,0.4277426218911829,0.04959099752025714,0.21319098390800117,0.049619026525095734,54,79.0,532.0,265,0.8515037593984962,0.05116757907261067,66.0,43
HAP1,7,0.05,0.5,GoCo-dense-knap (tie-level path),adapt_538.398_to_526.433_q0.275,0.42904219559070716,0.0495983950638316,0.21321123817470825,0.04963382161224465,54,79.0,535.0,265,0.8523364485981308,0.05117497660957122,66.0,42
HAP1,7,0.2,0.1,GoCo-knap (paper path),adapt_400_to_375_q0.5,0.002611508534910635,0.18863277783294122,0.38636890758641335,0.19066926940475312,88,155.0,3224.0,907,0.9519230769230769,0.19205639946212041,130.0,448
HAP1,7,0.2,0.1,GoCo-dense-knap (tie-level path),adapt_404.949_to_394.825_q0.6,0.0963484943195243,0.19462804213873927,0.3914876710273026,0.19762669340986386,85,149.0,2768.0,938,0.9461705202312138,0.19893783606387117,127.0,339
HAP1,7,0.2,0.5,GoCo-knap (paper path),adapt_400_to_375_q0.5,0.002611508534910635,0.18863277783294122,0.38636890758641335,0.19066926940475312,88,155.0,3224.0,907,0.9519230769230769,0.19205639946212041,130.0,448
HAP1,7,0.2,0.5,GoCo-dense-knap (tie-level path),adapt_404.949_to_394.825_q0.6,0.0963484943195243,0.19462804213873927,0.3914876710273026,0.19762669340986386,85,149.0,2768.0,938,0.9461705202312138,0.19893783606387117,127.0,339
HAP1,8,0.05,0.1,GoCo-knap (paper path),adapt_550_to_525_q0.3,0.04961708864518225,0.04640226774794019,0.2071714978804958,0.0553205074387765,64,101.0,685.0,295,0.8525547445255475,0.05683946980537968,87.0,61
HAP1,8,0.05,0.1,GoCo-dense-knap (tie-level path),adapt_538.398_to_526.433_q0.3,0.08062029535326243,0.04692673681513024,0.20825704307291193,0.05574278391259435,64,103.0,693.0,297,0.8513708513708513,0.057251882874537086,89.0,59
HAP1,8,0.05,0.5,GoCo-knap (paper path),adapt_550_to_525_q0.4,0.14107515291320033,0.04762286251047903,0.20982339649106496,0.058649402245700595,64,101.0,715.0,310,0.8587412587412587,0.060168364612303786,87.0,76
HAP1,8,0.05,0.5,GoCo-dense-knap (tie-level path),adapt_538.398_to_526.433_q0.4,0.13788403615143946,0.04759251577651506,0.20969941826585073,0.05862782607859524,64,103.0,719.0,310,0.8567454798331016,0.06013692504053798,89.0,72
HAP1,8,0.2,0.1,GoCo-knap (paper path),adapt_400_to_375_q0.6,0.0027410254888939807,0.18867835798166457,0.38699431485613567,0.203350088967914,115,195.0,3542.0,978,0.9449463579898363,0.2057189347343978,161.0,531
HAP1,8,0.2,0.1,GoCo-dense-knap (tie-level path),adapt_404.949_to_394.825_q0.5,2.525491467704532e-07,0.1798833438633047,0.3800888372465515,0.19698759849620193,108,182.0,2852.0,950,0.9361851332398317,0.19931801699872448,152.0,280
HAP1,8,0.2,0.5,GoCo-knap (paper path),adapt_400_to_375_q0.6,0.0027410254888939807,0.18867835798166457,0.38699431485613567,0.203350088967914,115,195.0,3542.0,978,0.9449463579898363,0.2057189347343978,161.0,531
HAP1,8,0.2,0.5,GoCo-dense-knap (tie-level path),adapt_404.949_to_394.825_q0.6,0.4090354734511797,0.19904245447269875,0.39517693745706284,0.21687114001960686,111,189.0,3006.0,1042,0.937125748502994,0.21982506579933195,156.0,421
HAP1,9,0.05,0.1,GoCo-knap (paper path),adapt_550_to_525_q0.2,0.0037804944035431387,0.04431300196603199,0.2021195896128956,0.04429839903309352,62,96.0,547.0,246,0.8244972577696527,0.04572657336672306,83.0,23
HAP1,9,0.05,0.1,GoCo-dense-knap (tie-level path),adapt_538.398_to_526.433_q0.175,0.003472397503196348,0.04425752039914442,0.20194353486801997,0.044285717536436946,62,98.0,558.0,246,0.8243727598566308,0.04569909676968972,85.0,25
HAP1,9,0.05,0.5,GoCo-knap (paper path),adapt_550_to_525_q0.25,0.43634435072090616,0.049639233657110544,0.2137244694028745,0.04784922016047923,62,96.0,591.0,262,0.8375634517766497,0.04927739449410876,83.0,44
HAP1,9,0.05,0.5,GoCo-dense-knap (tie-level path),adapt_538.398_to_526.433_q0.225,0.426602437421593,0.049583752090222984,0.2135593655324106,0.047836538663822654,62,98.0,596.0,262,0.8355704697986577,0.049249917897075425,85.0,43
HAP1,9,0.2,0.1,GoCo-knap (paper path),adapt_400_to_375_q0.5,0.017046980319519744,0.19132379659885995,0.38870294595387633,0.19320541408939781,103,163.0,3343.0,926,0.9512413999401735,0.1951834229670574,135.0,494
HAP1,9,0.2,0.1,GoCo-dense-knap (tie-level path),adapt_404.949_to_394.825_q0.5,0.00217095057119636,0.18838637239017383,0.3865448504978474,0.18877357052357208,95,149.0,2734.0,905,0.9455010972933431,0.1907890650282105,126.0,306
HAP1,9,0.2,0.5,GoCo-knap (paper path),adapt_400_to_375_q0.6,0.10820862126579217,0.19490235851630336,0.3914915098797247,0.19666746468727608,103,163.0,3393.0,941,0.9519599174771588,0.1986454735649357,135.0,532
HAP1,9,0.2,0.5,GoCo-dense-knap (tie-level path),adapt_404.949_to_394.825_q0.5,0.00217095057119636,0.18838637239017383,0.3865448504978474,0.18877357052357208,95,149.0,2734.0,905,0.9455010972933431,0.1907890650282105,126.0,306
HAP1,10,0.05,0.1,GoCo-knap (paper path),adapt_550_to_525_q0.1,0.003790610883498131,0.04431731719482331,0.20203408146057925,0.04822167529961399,58,90.0,563.0,259,0.8401420959147424,0.04960131725231066,79.0,27
HAP1,10,0.05,0.1,GoCo-dense-knap (tie-level path),adapt_538.398_to_526.433_q0.4,0.0007645532054085123,0.04333502904433861,0.199651516849279,0.04611231848313128,58,92.0,487.0,249,0.811088295687885,0.04748456288563956,81.0,10
HAP1,10,0.05,0.5,GoCo-knap (paper path),adapt_550_to_525_q0.1,0.003790610883498131,0.04431731719482331,0.20203408146057925,0.04822167529961399,58,90.0,563.0,259,0.8401420959147424,0.04960131725231066,79.0,27
HAP1,10,0.05,0.5,GoCo-dense-knap (tie-level path),adapt_538.398_to_526.433_q0.4,0.0007645532054085123,0.04333502904433861,0.199651516849279,0.04611231848313128,58,92.0,487.0,249,0.811088295687885,0.04748456288563956,81.0,10
HAP1,10,0.2,0.1,GoCo-knap (paper path),adapt_400_to_375_q0.5,3.927812681090706e-05,0.18407293448131243,0.38289998415921683,0.18711588423925668,100,158.0,3283.0,896,0.951873286628084,0.18879702813920052,133.0,450
HAP1,10,0.2,0.1,GoCo-dense-knap (tie-level path),adapt_404.949_to_394.825_q0.5,0.00043395517855286783,0.18648869015815467,0.3851596904590261,0.18647304646541846,93,148.0,2759.0,892,0.9463573758608191,0.18816964595160693,128.0,297
HAP1,10,0.2,0.5,GoCo-knap (paper path),adapt_400_to_375_q0.5,3.927812681090706e-05,0.18407293448131243,0.38289998415921683,0.18711588423925668,100,158.0,3283.0,896,0.951873286628084,0.18879702813920052,133.0,450
HAP1,10,0.2,0.5,GoCo-dense-knap (tie-level path),adapt_404.949_to_394.825_q0.5,0.00043395517855286783,0.18648869015815467,0.3851596904590261,0.18647304646541846,93,148.0,2759.0,892,0.9463573758608191,0.18816964595160693,128.0,297
HAP1,11,0.05,0.1,GoCo-knap (paper path),adapt_550_to_525_q0.15,0.008420154779734589,0.04487700864533768,0.20347186646514745,0.046761108692148445,68,103.0,570.0,261,0.8192982456140351,0.049300315667934226,82.0,16
HAP1,11,0.05,0.1,GoCo-dense-knap (tie-level path),adapt_538.398_to_526.433_q0.125,0.004410218266105092,0.04441579901214393,0.20241685113012028,0.046697701189023784,68,107.0,566.0,261,0.8109540636042403,0.049223962448672935,86.0,13
HAP1,11,0.05,0.5,GoCo-knap (paper path),adapt_550_to_525_q0.175,0.26487964213128223,0.04859955848268652,0.21157175977604267,0.049841657386744655,68,104.0,618.0,275,0.8317152103559871,0.05238086436253043,83.0,38
HAP1,11,0.05,0.5,GoCo-dense-knap (tie-level path),adapt_538.398_to_526.433_q0.125,0.004410218266105092,0.04441579901214393,0.20241685113012028,0.046697701189023784,68,107.0,566.0,261,0.8109540636042403,0.049223962448672935,86.0,13
HAP1,11,0.2,0.1,GoCo-knap (paper path),adapt_400_to_375_q0.5,0.048563175280724055,0.19317975380700586,0.3902815070824757,0.19273542531109153,119,203.0,3396.0,935,0.940223792697291,0.19585887014971698,163.0,481
HAP1,11,0.2,0.1,GoCo-dense-knap (tie-level path),adapt_404.949_to_394.825_q0.5,0.0019570140256485674,0.18825075072986625,0.3866104398480393,0.18571560680733962,109,190.0,2815.0,902,0.9325044404973357,0.18873186733555486,154.0,291
HAP1,11,0.2,0.5,GoCo-knap (paper path),adapt_400_to_375_q0.5,0.048563175280724055,0.19317975380700586,0.3902815070824757,0.19273542531109153,119,203.0,3396.0,935,0.940223792697291,0.19585887014971698,163.0,481
HAP1,11,0.2,0.5,GoCo-dense-knap (tie-level path),adapt_404.949_to_394.825_q0.5,0.0019570140256485674,0.18825075072986625,0.3866104398480393,0.18571560680733962,109,190.0,2815.0,902,0.9325044404973357,0.18873186733555486,154.0,291
HAP1,12,0.05,0.1,GoCo-knap (paper path),adapt_550_to_525_q0.225,0.0010897127623802942,0.04353062362074058,0.20039900819951217,0.04365801509623521,62,105.0,522.0,242,0.7988505747126436,0.04531471268552915,91.0,19
HAP1,12,0.05,0.1,GoCo-dense-knap (tie-level path),adapt_538.398_to_526.433_q0.3,0.03435846630906929,0.04605001576585448,0.20600066843868334,0.04648493371219355,62,108.0,560.0,255,0.8071428571428572,0.04814163130148749,94.0,32
HAP1,12,0.05,0.5,GoCo-knap (paper path),adapt_550_to_525_q0.35,0.474476364840353,0.049855523753896375,0.2142288602512257,0.0498719520691602,62,105.0,593.0,270,0.8229342327150084,0.051528649658454134,91.0,52
HAP1,12,0.05,0.5,GoCo-dense-knap (tie-level path),adapt_538.398_to_526.433_q0.3,0.03435846630906929,0.04605001576585448,0.20600066843868334,0.04648493371219355,62,108.0,560.0,255,0.8071428571428572,0.04814163130148749,94.0,32
HAP1,12,0.2,0.1,GoCo-knap (paper path),adapt_400_to_375_q0.5,0.010463564430442818,0.19055389387047772,0.38831458092708043,0.19964323430274572,110,195.0,3424.0,960,0.9430490654205608,0.20181322053795753,165.0,498
HAP1,12,0.2,0.1,GoCo-dense-knap (tie-level path),adapt_404.949_to_394.825_q0.5,0.0006107753620715463,0.1868662531249956,0.38555479626168726,0.19536335721671502,100,179.0,2817.0,938,0.9364572239971601,0.19747291418363716,153.0,310
HAP1,12,0.2,0.5,GoCo-knap (paper path),adapt_400_to_375_q0.6,0.37372584508557055,0.1986623947164296,0.3943491484275516,0.20770814247955177,112,197.0,3538.0,997,0.9443188241944601,0.20987284474845364,167.0,612
HAP1,12,0.2,0.5,GoCo-dense-knap (tie-level path),adapt_404.949_to_394.825_q0.5,0.0006107753620715463,0.1868662531249956,0.38555479626168726,0.19536335721671502,100,179.0,2817.0,938,0.9364572239971601,0.19747291418363716,153.0,310
HAP1,13,0.05,0.1,GoCo-knap (paper path),adapt_550_to_525_q0.25,0.010882214859536436,0.04506952894617598,0.203995052325728,0.044054103953225635,56,93.0,541.0,238,0.8280961182994455,0.04557809409595732,81.0,22
HAP1,13,0.05,0.1,GoCo-dense-knap (tie-level path),adapt_538.398_to_526.433_q0.175,0.03542107251104857,0.04607559493182767,0.20622880989024397,0.045400456963144195,56,93.0,559.0,244,0.8336314847942755,0.0469170495556875,81.0,27
HAP1,13,0.05,0.5,GoCo-knap (paper path),adapt_550_to_525_q0.35,0.39426297650483344,0.04939709219517731,0.21338400676824207,0.049602261964765804,56,93.0,615.0,263,0.848780487804878,0.05112625210749749,81.0,59
HAP1,13,0.05,0.5,GoCo-dense-knap (tie-level path),adapt_538.398_to_526.433_q0.275,0.3955397673522707,0.04940448973875177,0.21340424943671094,0.04961705705191472,56,93.0,617.0,263,0.8492706645056726,0.051133649644458025,81.0,56
HAP1,13,0.2,0.1,GoCo-knap (paper path),adapt_400_to_375_q0.5,0.00010551369145951186,0.1850108237043387,0.3840157514242772,0.18861344007918213,111,189.0,3408.0,904,0.9445422535211268,0.19124179388343943,154.0,452
HAP1,13,0.2,0.1,GoCo-dense-knap (tie-level path),adapt_404.949_to_394.825_q0.5,1.5126289214465645e-05,0.18317636779868704,0.3828531353632869,0.1877987279436401,104,179.0,2851.0,901,0.9372150122763943,0.19045323735335326,146.0,294
HAP1,13,0.2,0.5,GoCo-knap (paper path),adapt_400_to_375_q0.6,0.33416139460261146,0.19822045954178294,0.3942913783184976,0.20009442839459002,113,191.0,3554.0,956,0.9462577377602701,0.20272278219884732,156.0,575
HAP1,13,0.2,0.5,GoCo-dense-knap (tie-level path),adapt_404.949_to_394.825_q0.5,1.5126289214465645e-05,0.18317636779868704,0.3828531353632869,0.1877987279436401,104,179.0,2851.0,901,0.9372150122763943,0.19045323735335326,146.0,294
HAP1,14,0.05,0.1,GoCo-knap (paper path),adapt_550_to_525_q0.2,0.01310886423141235,0.045222195350642314,0.2040352031497117,0.04608199170997711,59,94.0,552.0,250,0.8297101449275363,0.04817347916374723,79.0,23
HAP1,14,0.05,0.1,GoCo-dense-knap (tie-level path),adapt_538.398_to_526.433_q0.175,0.0613175871843079,0.04663195589344818,0.20710731960261647,0.04779927872362742,59,97.0,585.0,258,0.8341880341880342,0.04989076617739754,82.0,37
HAP1,14,0.05,0.5,GoCo-knap (paper path),adapt_550_to_525_q0.3,0.49887122903027264,0.04999361124056686,0.21435359992714698,0.0522959286829021,59,94.0,632.0,278,0.8512658227848101,0.054387416136672216,79.0,63
HAP1,14,0.05,0.5,GoCo-dense-knap (tie-level path),adapt_538.398_to_526.433_q0.3,0.49307989320863405,0.04996085070037228,0.21424469502801702,0.052237805132859555,59,97.0,635.0,278,0.8472440944881889,0.05432929258662968,82.0,62
HAP1,14,0.2,0.1,GoCo-knap (paper path),adapt_400_to_375_q0.5,0.004637044221787109,0.18940044823443683,0.38674726335403226,0.19348370852308489,101,182.0,3350.0,929,0.9456716417910448,0.19608818841837694,155.0,481
HAP1,14,0.2,0.1,GoCo-dense-knap (tie-level path),adapt_404.949_to_394.825_q0.6,0.00033163875123024255,0.18621342389439668,0.3844465620751106,0.18811671025108562,93,173.0,2773.0,904,0.9376126938333934,0.19055306416085915,149.0,293
HAP1,14,0.2,0.5,GoCo-knap (paper path),adapt_400_to_375_q0.6,0.3485876308558452,0.19838608643292216,0.3937214063783803,0.20087015622531473,102,183.0,3451.0,962,0.9469718922051579,0.20358559928083758,155.0,564
HAP1,14,0.2,0.5,GoCo-dense-knap (tie-level path),adapt_404.949_to_394.825_q0.6,0.00033163875123024255,0.18621342389439668,0.3844465620751106,0.18811671025108562,93,173.0,2773.0,904,0.9376126938333934,0.19055306416085915,149.0,293
HAP1,15,0.05,0.1,GoCo-knap (paper path),adapt_550_to_525_q0.15,0.02241244632248639,0.04566911430727679,0.20492396215167016,0.047490375218156494,62,94.0,563.0,261,0.8330373001776199,0.04911783490374625,82.0,38
HAP1,15,0.05,0.1,GoCo-dense-knap (tie-level path),adapt_538.398_to_526.433_q0.4,0.0032099743665033485,0.04422659322758331,0.2010910401745509,0.04402585877242006,62,93.0,502.0,243,0.8147410358565738,0.04554235529116509,81.0,23
HAP1,15,0.05,0.5,GoCo-knap (paper path),adapt_550_to_525_q0.25,0.49941273135370867,0.04999667755627812,0.21426010769129455,0.04970963842277256,62,94.0,596.0,271,0.8422818791946308,0.05133709810836232,82.0,53
HAP1,15,0.05,0.5,GoCo-dense-knap (tie-level path),adapt_538.398_to_526.433_q0.4,0.0032099743665033485,0.04422659322758331,0.2010910401745509,0.04402585877242006,62,93.0,502.0,243,0.8147410358565738,0.04554235529116509,81.0,23
HAP1,15,0.2,0.1,GoCo-knap (paper path),adapt_400_to_375_q0.6,0.0949179776460472,0.19459587602623557,0.3913017762990791,0.19351015605373062,112,186.0,3339.0,937,0.9442946990116802,0.19624063683796925,155.0,488
HAP1,15,0.2,0.1,GoCo-dense-knap (tie-level path),adapt_404.949_to_394.825_q0.5,0.0002723120813146598,0.1859879428863896,0.3846925527525583,0.18652832787525267,105,173.0,2729.0,905,0.9366068156834005,0.18906040151702316,148.0,282
HAP1,15,0.2,0.5,GoCo-knap (paper path),adapt_400_to_375_q0.6,0.0949179776460472,0.19459587602623557,0.3913017762990791,0.19351015605373062,112,186.0,3339.0,937,0.9442946990116802,0.19624063683796925,155.0,488
HAP1,15,0.2,0.5,GoCo-dense-knap (tie-level path),adapt_404.949_to_394.825_q0.5,0.0002723120813146598,0.1859879428863896,0.3846925527525583,0.18652832787525267,105,173.0,2729.0,905,0.9366068156834005,0.18906040151702316,148.0,282
HAP1,16,0.05,0.1,GoCo-knap (paper path),adapt_550_to_525_q0.225,0.0943161382477552,0.04711403316767333,0.2083993775145486,0.04409945790920054,72,112.0,562.0,254,0.800711743772242,0.046488960709669194,96.0,30
HAP1,16,0.05,0.1,GoCo-dense-knap (tie-level path),adapt_538.398_to_526.433_q0.175,0.015684403933218793,0.04536410972403252,0.20446939183491142,0.04135699461710702,72,116.0,542.0,242,0.7859778597785978,0.04373909986738729,100.0,16
HAP1,16,0.05,0.5,GoCo-knap (paper path),adapt_550_to_525_q0.25,0.1033612225305301,0.04722499632790413,0.20864034976925297,0.04409945790920054,72,112.0,562.0,254,0.800711743772242,0.046488960709669194,96.0,30
HAP1,16,0.05,0.5,GoCo-dense-knap (tie-level path),adapt_538.398_to_526.433_q0.175,0.015684403933218793,0.04536410972403252,0.20446939183491142,0.04135699461710702,72,116.0,542.0,242,0.7859778597785978,0.04373909986738729,100.0,16
HAP1,16,0.2,0.1,GoCo-knap (paper path),adapt_400_to_375_q0.4,9.014038215686113e-06,0.18275010541637,0.38189258026800255,0.1785564309939299,117,197.0,3182.0,866,0.9380892520427404,0.18135844293735423,159.0,437
HAP1,16,0.2,0.1,GoCo-dense-knap (tie-level path),adapt_404.949_to_394.825_q0.5,0.014076026312358299,0.19100643995499483,0.38893395235045786,0.18604318030042963,109,187.0,2684.0,899,0.930327868852459,0.1886733674898552,154.0,296
HAP1,16,0.2,0.5,GoCo-knap (paper path),adapt_400_to_375_q0.6,0.18601643166857446,0.19630795421597166,0.3926320699892184,0.19119513494818674,117,197.0,3357.0,922,0.9413166517724159,0.19398605057624937,159.0,538
HAP1,16,0.2,0.5,GoCo-dense-knap (tie-level path),adapt_404.949_to_394.825_q0.5,0.014076026312358299,0.19100643995499483,0.38893395235045786,0.18604318030042963,109,187.0,2684.0,899,0.930327868852459,0.1886733674898552,154.0,296
HAP1,17,0.05,0.1,GoCo-knap (paper path),adapt_550_to_525_q0.125,0.02350608324267388,0.04571448431854189,0.20482962147228026,0.04508050515606199,60,92.0,579.0,248,0.8411053540587219,0.046809512948227945,78.0,29
HAP1,17,0.05,0.1,GoCo-dense-knap (tie-level path),adapt_538.398_to_526.433_q0.125,0.06679925958411992,0.046727947847768035,0.20707219920928543,0.046190136758370026,60,92.0,604.0,253,0.847682119205298,0.04791914455053598,78.0,35
HAP1,17,0.05,0.5,GoCo-knap (paper path),adapt_550_to_525_q0.2,0.29848044922360867,0.048821452805004384,0.2115854960564619,0.04796554732206288,60,92.0,619.0,261,0.851373182552504,0.04969455511422883,78.0,47
HAP1,17,0.05,0.5,GoCo-dense-knap (tie-level path),adapt_538.398_to_526.433_q0.175,0.3185582951670502,0.0489472110523841,0.211862763434831,0.04840939996298609,60,92.0,626.0,263,0.853035143769968,0.05013840775515205,78.0,46
HAP1,17,0.2,0.1,GoCo-knap (paper path),adapt_400_to_375_q0.5,0.03896963618651563,0.19275959692415903,0.3899219291109967,0.19536294246442149,107,170.0,3372.0,938,0.9495848161328588,0.19776044724797653,139.0,475
HAP1,17,0.2,0.1,GoCo-dense-knap (tie-level path),adapt_404.949_to_394.825_q0.5,0.014168948960272404,0.1910172320283946,0.3889251220530286,0.1932492288208992,102,159.0,2861.0,927,0.9444250262146103,0.19564175787326024,130.0,319
HAP1,17,0.2,0.5,GoCo-knap (paper path),adapt_400_to_375_q0.5,0.03896963618651563,0.19275959692415903,0.3899219291109967,0.19536294246442149,107,170.0,3372.0,938,0.9495848161328588,0.19776044724797653,139.0,475
HAP1,17,0.2,0.5,GoCo-dense-knap (tie-level path),adapt_404.949_to_394.825_q0.5,0.014168948960272404,0.1910172320283946,0.3889251220530286,0.1932492288208992,102,159.0,2861.0,927,0.9444250262146103,0.19564175787326024,130.0,319
HAP1,18,0.05,0.1,GoCo-knap (paper path),adapt_550_to_525_q0.2,0.0034277994086598174,0.04425134376531382,0.2018393473907744,0.04483466491903457,66,101.0,515.0,254,0.8038834951456311,0.04599361347850566,90.0,16
HAP1,18,0.05,0.1,GoCo-dense-knap (tie-level path),adapt_538.398_to_526.433_q0.4,0.0007371092548498619,0.04332118666918078,0.19939864741254243,0.043461355715130254,69,105.0,509.0,249,0.793713163064833,0.04462030427460135,94.0,29
HAP1,18,0.05,0.5,GoCo-knap (paper path),adapt_550_to_525_q0.4,0.4449767063846527,0.04968853861662318,0.21369498721688204,0.05082667557149795,66,101.0,591.0,281,0.8291032148900169,0.05198562413096904,90.0,53
HAP1,18,0.05,0.5,GoCo-dense-knap (tie-level path),adapt_538.398_to_526.433_q0.4,0.0007371092548498619,0.04332118666918078,0.19939864741254243,0.043461355715130254,69,105.0,509.0,249,0.793713163064833,0.04462030427460135,94.0,29
HAP1,18,0.2,0.1,GoCo-knap (paper path),adapt_400_to_375_q0.4,3.213363466942914e-06,0.1818855414658957,0.3811378973136433,0.17802991643977917,117,187.0,3100.0,864,0.9396774193548387,0.17992738644268796,160.0,406
HAP1,18,0.2,0.1,GoCo-dense-knap (tie-level path),adapt_404.949_to_394.825_q0.5,0.05846694170660651,0.19354677177995402,0.3907546514511043,0.18603369321457502,109,176.0,2689.0,900,0.9345481591669765,0.1878519038286571,151.0,289
HAP1,18,0.2,0.5,GoCo-knap (paper path),adapt_400_to_375_q0.5,0.1013072406184673,0.19474617173730718,0.39144429217889587,0.18712889557870505,117,187.0,3211.0,905,0.941762690750545,0.18902636558161384,160.0,447
HAP1,18,0.2,0.5,GoCo-dense-knap (tie-level path),adapt_404.949_to_394.825_q0.5,0.05846694170660651,0.19354677177995402,0.3907546514511043,0.18603369321457502,109,176.0,2689.0,900,0.9345481591669765,0.1878519038286571,151.0,289
HAP1,19,0.05,0.1,GoCo-knap (paper path),adapt_550_to_525_q0.275,0.08330874878708466,0.046967423298175846,0.20813815068240413,0.05310397428827078,60,101.0,625.0,283,0.8384,0.05412853412955166,90.0,50
HAP1,19,0.05,0.1,GoCo-dense-knap (tie-level path),adapt_538.398_to_526.433_q0.225,0.08384839443349867,0.0469748208417503,0.20815898983668946,0.0531187693754197,60,101.0,626.0,283,0.8386581469648562,0.0541359316665122,90.0,47
HAP1,19,0.05,0.5,GoCo-knap (paper path),adapt_550_to_525_q0.35,0.3615107833637793,0.04920518036503502,0.2128907225364341,0.05613696733898869,61,102.0,649.0,297,0.8428351309707242,0.05716152718026957,91.0,66
HAP1,19,0.05,0.5,GoCo-dense-knap (tie-level path),adapt_538.398_to_526.433_q0.3,0.15453237334473652,0.047751562963365926,0.20984119995634043,0.05467225361865095,60,101.0,640.0,290,0.8421875,0.055689415909743446,90.0,54
HAP1,19,0.2,0.1,GoCo-knap (paper path),adapt_400_to_375_q0.4,1.8368758790240273e-07,0.1796866122829983,0.37921973096158135,0.1887686869242802,99,171.0,3394.0,901,0.9496169711255156,0.1908791965965795,141.0,462
HAP1,19,0.2,0.1,GoCo-dense-knap (tie-level path),adapt_404.949_to_394.825_q0.5,0.0006105514253893738,0.1868737987889563,0.3853208056730277,0.19645443090096718,90,156.0,2871.0,933,0.9456635318704284,0.19833393547067207,131.0,318
HAP1,19,0.2,0.5,GoCo-knap (paper path),adapt_400_to_375_q0.5,0.12394617076532755,0.19523202263966327,0.3917246448998969,0.2032345842472511,100,172.0,3549.0,966,0.9515356438433361,0.20534509391955041,142.0,550
HAP1,19,0.2,0.5,GoCo-dense-knap (tie-level path),adapt_404.949_to_394.825_q0.5,0.0006105514253893738,0.1868737987889563,0.3853208056730277,0.19645443090096718,90,156.0,2871.0,933,0.9456635318704284,0.19833393547067207,131.0,318
HAP1,20,0.05,0.1,GoCo-knap (paper path),adapt_550_to_525_q0.15,0.005315853219529198,0.044550475941808075,0.20251176230632978,0.046564625426498564,64,100.0,569.0,256,0.8242530755711776,0.0477075459715847,89.0,22
HAP1,20,0.05,0.1,GoCo-dense-knap (tie-level path),adapt_538.398_to_526.433_q0.175,0.007951051418472752,0.04484056535557646,0.20313634584770346,0.0465265809299149,64,102.0,575.0,256,0.8226086956521739,0.04766210392481266,91.0,21
HAP1,20,0.05,0.5,GoCo-knap (paper path),adapt_550_to_525_q0.225,0.4978213592401933,0.049987670793117445,0.21432262222883827,0.04944966759249945,64,100.0,621.0,269,0.8389694041867954,0.05059258813758559,89.0,47
HAP1,20,0.05,0.5,GoCo-dense-knap (tie-level path),adapt_538.398_to_526.433_q0.2,0.49025403185042915,0.04994487072619342,0.2142075315308178,0.049411623095915784,64,102.0,625.0,269,0.8368,0.050547146090813545,91.0,45
HAP1,20,0.2,0.1,GoCo-knap (paper path),adapt_400_to_375_q0.4,2.8550542015635025e-08,0.17839529455085093,0.3778741291934583,0.1847791889549307,101,172.0,3166.0,889,0.9456727732154138,0.18692436065943147,143.0,425
HAP1,20,0.2,0.1,GoCo-dense-knap (tie-level path),adapt_404.949_to_394.825_q0.5,0.0001912548713330245,0.18562197264265706,0.38428491418408756,0.18934377383389475,97,165.0,2767.0,909,0.9403686302855078,0.19136887554639823,139.0,299
HAP1,20,0.2,0.5,GoCo-knap (paper path),adapt_400_to_375_q0.4,2.8550542015635025e-08,0.17839529455085093,0.3778741291934583,0.1847791889549307,101,172.0,3166.0,889,0.9456727732154138,0.18692436065943147,143.0,425
HAP1,20,0.2,0.5,GoCo-dense-knap (tie-level path),adapt_404.949_to_394.825_q0.5,0.0001912548713330245,0.18562197264265706,0.38428491418408756,0.18934377383389475,97,165.0,2767.0,909,0.9403686302855078,0.19136887554639823,139.0,299
HAP1,21,0.05,0.1,GoCo-knap (paper path),adapt_550_to_525_q0.25,0.008657488504546304,0.04490529386681342,0.20321785223013267,0.04907686018938495,64,104.0,594.0,271,0.8249158249158249,0.05032714120663382,93.0,30
HAP1,21,0.05,0.1,GoCo-dense-knap (tie-level path),adapt_538.398_to_526.433_q0.2,0.0033546254787652054,0.0442395149054286,0.20172026978427438,0.04842587631514905,64,104.0,586.0,268,0.8225255972696246,0.04966875978220953,93.0,23
HAP1,21,0.05,0.5,GoCo-knap (paper path),adapt_550_to_525_q0.275,0.48207156622934116,0.04989863607719957,0.21405010911072728,0.0537373129190787,64,104.0,653.0,292,0.8407350689127105,0.05498759393632756,93.0,59
HAP1,21,0.05,0.5,GoCo-dense-knap (tie-level path),adapt_538.398_to_526.433_q0.25,0.48207156622934116,0.04989863607719957,0.21405010911072728,0.053752108006227615,64,104.0,655.0,292,0.8412213740458016,0.054994991473288096,93.0,57
HAP1,21,0.2,0.1,GoCo-knap (paper path),adapt_400_to_375_q0.4,0.00014280245002035147,0.18532735259134506,0.3839278269072193,0.17923402741941621,110,189.0,3224.0,871,0.9413771712158809,0.18088993488340127,164.0,406
HAP1,21,0.2,0.1,GoCo-dense-knap (tie-level path),adapt_404.949_to_394.825_q0.5,0.07986998926883215,0.19420512117316496,0.3912786226109859,0.18653837541143894,104,179.0,2760.0,903,0.9351449275362319,0.18801454573049578,159.0,272
HAP1,21,0.2,0.5,GoCo-knap (paper path),adapt_400_to_375_q0.5,0.15014994511254243,0.19572090193516828,0.39218493507834745,0.19077419608341975,110,189.0,3374.0,923,0.9439834024896265,0.19243010354740483,164.0,461
HAP1,21,0.2,0.5,GoCo-dense-knap (tie-level path),adapt_404.949_to_394.825_q0.5,0.07986998926883215,0.19420512117316496,0.3912786226109859,0.18653837541143894,104,179.0,2760.0,903,0.9351449275362319,0.18801454573049578,159.0,272
HAP1,22,0.05,0.1,GoCo-knap (paper path),adapt_550_to_525_q0.3,0.001543573928285363,0.04374509636119266,0.20067687982824026,0.048093018878897824,67,102.0,574.0,266,0.8222996515679443,0.04995596704486207,87.0,18
HAP1,22,0.05,0.1,GoCo-dense-knap (tie-level path),adapt_538.398_to_526.433_q0.25,0.001507465171121129,0.04373153420127978,0.20061792378672524,0.048037873563690284,69,105.0,577.0,266,0.8180242634315424,0.04989835587518246,90.0,14
HAP1,22,0.05,0.5,GoCo-knap (paper path),adapt_550_to_525_q0.4,0.47313491862307755,0.049848070173886844,0.21401632476491472,0.05319732424951478,67,102.0,629.0,289,0.8378378378378378,0.05506027241547903,87.0,45
HAP1,22,0.05,0.5,GoCo-dense-knap (tie-level path),adapt_538.398_to_526.433_q0.4,0.47073341655288636,0.04983450801397397,0.2139614312248667,0.05314217893430724,69,105.0,634.0,289,0.8343848580441641,0.05500266124579942,90.0,42
HAP1,22,0.2,0.1,GoCo-knap (paper path),adapt_400_to_375_q0.5,0.034570576639284555,0.19254485598926113,0.3893974396008917,0.19604795429106558,108,179.0,3434.0,946,0.9478741991846243,0.19860147997981645,147.0,487
HAP1,22,0.2,0.1,GoCo-dense-knap (tie-level path),adapt_404.949_to_394.825_q0.4,4.836510374384546e-06,0.18222271707082557,0.3814396800313329,0.1842596756779666,104,172.0,2698.0,892,0.9362490733876946,0.18673636379027123,143.0,256
HAP1,22,0.2,0.5,GoCo-knap (paper path),adapt_400_to_375_q0.5,0.034570576639284555,0.19254485598926113,0.3893974396008917,0.19604795429106558,108,179.0,3434.0,946,0.9478741991846243,0.19860147997981645,147.0,487
HAP1,22,0.2,0.5,GoCo-dense-knap (tie-level path),adapt_404.949_to_394.825_q0.4,4.836510374384546e-06,0.18222271707082557,0.3814396800313329,0.1842596756779666,104,172.0,2698.0,892,0.9362490733876946,0.18673636379027123,143.0,256
HAP1,23,0.05,0.1,GoCo-knap (paper path),adapt_550_to_525_q0.3,0.03983431621434722,0.046190689186017035,0.20633420243099654,0.048419567594727146,58,95.0,545.0,262,0.8256880733944955,0.04998044938153285,81.0,35
HAP1,23,0.05,0.1,GoCo-dense-knap (tie-level path),adapt_538.398_to_526.433_q0.3,0.037938936099930994,0.04614484683836612,0.20616940150082047,0.04841418756784675,59,96.0,550.0,262,0.8254545454545454,0.04996767180446408,82.0,34
HAP1,23,0.05,0.5,GoCo-knap (paper path),adapt_550_to_525_q0.4,0.20710721312496083,0.048188026070171495,0.21067186306654626,0.05219231504257446,58,95.0,589.0,279,0.8387096774193549,0.053753196829380165,81.0,57
HAP1,23,0.05,0.5,GoCo-dense-knap (tie-level path),adapt_538.398_to_526.433_q0.4,0.23084885152388118,0.04836411004298219,0.21098659926476168,0.052408861336155674,59,96.0,597.0,280,0.8391959798994975,0.053962345572773004,82.0,57
HAP1,23,0.2,0.1,GoCo-knap (paper path),adapt_400_to_375_q0.5,0.029162394889496665,0.1922301658562724,0.3895961427610452,0.19473302697360226,104,173.0,3281.0,928,0.9472721731179519,0.19670299379443573,138.0,488
HAP1,23,0.2,0.1,GoCo-dense-knap (tie-level path),adapt_404.949_to_394.825_q0.5,0.004157218225423311,0.18922823930760252,0.38748371813427407,0.19196517846873215,97,158.0,2728.0,915,0.9420821114369502,0.1939145433991367,129.0,306
HAP1,23,0.2,0.5,GoCo-knap (paper path),adapt_400_to_375_q0.5,0.029162394889496665,0.1922301658562724,0.3895961427610452,0.19473302697360226,104,173.0,3281.0,928,0.9472721731179519,0.19670299379443573,138.0,488
HAP1,23,0.2,0.5,GoCo-dense-knap (tie-level path),adapt_404.949_to_394.825_q0.5,0.004157218225423311,0.18922823930760252,0.38748371813427407,0.19196517846873215,97,158.0,2728.0,915,0.9420821114369502,0.1939145433991367,129.0,306
HAP1,24,0.05,0.1,GoCo-knap (paper path),adapt_550_to_525_q0.35,0.08948664710144155,0.04705326364297524,0.20815051656534747,0.053748137035266166,68,120.0,654.0,296,0.8165137614678899,0.05523760531459763,108.0,53
HAP1,24,0.05,0.1,GoCo-dense-knap (tie-level path),adapt_538.398_to_526.433_q0.25,9.391806396815063e-05,0.042233763716509755,0.19740103827086736,0.0475489951494901,69,121.0,567.0,269,0.7865961199294532,0.04903106587863318,109.0,12
HAP1,24,0.05,0.5,GoCo-knap (paper path),adapt_550_to_525_q0.4,0.23373350224708062,0.04838482156574488,0.2110239657733145,0.0546358423171126,69,121.0,664.0,301,0.8177710843373494,0.05612531059644405,109.0,59
HAP1,24,0.05,0.5,GoCo-dense-knap (tie-level path),adapt_538.398_to_526.433_q0.25,9.391806396815063e-05,0.042233763716509755,0.19740103827086736,0.0475489951494901,69,121.0,567.0,269,0.7865961199294532,0.04903106587863318,109.0,12
HAP1,24,0.2,0.1,GoCo-knap (paper path),adapt_400_to_375_q0.5,0.0047516636629146,0.18940866051867597,0.38769717943393645,0.20104238685903367,111,197.0,3473.0,965,0.943276706017852,0.20333017345684876,164.0,501
HAP1,24,0.2,0.1,GoCo-dense-knap (tie-level path),adapt_404.949_to_394.825_q0.5,0.0011597717667391828,0.1876038258958937,0.386346478643731,0.19525778207959357,97,179.0,2814.0,937,0.9363894811656006,0.1975714600766123,151.0,299
HAP1,24,0.2,0.5,GoCo-knap (paper path),adapt_400_to_375_q0.5,0.0047516636629146,0.18940866051867597,0.38769717943393645,0.20104238685903367,111,197.0,3473.0,965,0.943276706017852,0.20333017345684876,164.0,501
HAP1,24,0.2,0.5,GoCo-dense-knap (tie-level path),adapt_404.949_to_394.825_q0.5,0.0011597717667391828,0.1876038258958937,0.386346478643731,0.19525778207959357,97,179.0,2814.0,937,0.9363894811656006,0.1975714600766123,151.0,299
HAP1,25,0.05,0.1,GoCo-knap (paper path),adapt_550_to_525_q0.125,0.014009410414794948,0.045269694948164664,0.2043926076756799,0.048058144711834345,66,107.0,602.0,263,0.8222591362126246,0.049467993309060786,94.0,26
HAP1,25,0.05,0.1,GoCo-dense-knap (tie-level path),adapt_538.398_to_526.433_q0.125,0.013368194620440876,0.045233844090344054,0.2042384262031103,0.047879546900563806,66,116.0,612.0,263,0.8104575163398693,0.049283847331842,103.0,26
HAP1,25,0.05,0.5,GoCo-knap (paper path),adapt_550_to_525_q0.25,0.4876665127743573,0.04993014767785841,0.21446005790292347,0.0531624500824513,66,107.0,660.0,286,0.8378787878787879,0.05457229867967774,94.0,55
HAP1,25,0.05,0.5,GoCo-dense-knap (tie-level path),adapt_538.398_to_526.433_q0.25,0.4813276184425147,0.0498942968200378,0.2143138989044821,0.05298385227118076,66,116.0,670.0,286,0.826865671641791,0.054388152702458954,103.0,55
HAP1,25,0.2,0.1,GoCo-knap (paper path),adapt_400_to_375_q0.6,0.05243491063194683,0.19332760953560596,0.39059286538872895,0.19202626801124426,117,212.0,3406.0,922,0.9377568995889607,0.19447115874203164,178.0,519
HAP1,25,0.2,0.1,GoCo-dense-knap (tie-level path),adapt_404.949_to_394.825_q0.5,0.00010671083240297438,0.1850157382815772,0.3841864088048174,0.18487157425944456,105,194.0,2773.0,889,0.9300396682293545,0.18712351794937057,166.0,304
HAP1,25,0.2,0.5,GoCo-knap (paper path),adapt_400_to_375_q0.6,0.05243491063194683,0.19332760953560596,0.39059286538872895,0.19202626801124426,117,212.0,3406.0,922,0.9377568995889607,0.19447115874203164,178.0,519
HAP1,25,0.2,0.5,GoCo-dense-knap (tie-level path),adapt_404.949_to_394.825_q0.6,0.2911988364973524,0.1977173213595239,0.3940785763802056,0.19574490717343104,107,198.0,2869.0,938,0.9309864064133845,0.19798047058829932,170.0,392
HAP1,26,0.05,0.1,GoCo-knap (paper path),adapt_550_to_525_q0.275,0.03357103895215121,0.04603724618170772,0.2054874638863075,0.0451343214966909,56,87.0,557.0,248,0.8438061041292639,0.0470655288132254,72.0,38
HAP1,26,0.05,0.1,GoCo-dense-knap (tie-level path),adapt_538.398_to_526.433_q0.25,0.0043506929078389895,0.04442246801923023,0.2018181384719285,0.04380170678198205,56,88.0,546.0,242,0.8388278388278388,0.04572551654832817,73.0,29
HAP1,26,0.05,0.5,GoCo-knap (paper path),adapt_550_to_525_q0.35,0.48600520964723376,0.04992095678978584,0.21386008166951623,0.04801936366269179,56,87.0,589.0,261,0.8522920203735145,0.04995057097922628,72.0,54
HAP1,26,0.05,0.5,GoCo-dense-knap (tie-level path),adapt_538.398_to_526.433_q0.3,0.30463658176116215,0.04886099442846237,0.2115538851306871,0.047130601588906154,56,88.0,584.0,257,0.8493150684931506,0.04905441135525227,73.0,48
HAP1,26,0.2,0.1,GoCo-knap (paper path),adapt_400_to_375_q0.5,0.0017560355248289917,0.18813353598025234,0.38592644872377857,0.19205649243068335,95,161.0,3314.0,923,0.9514182257091128,0.19514306165076234,128.0,467
HAP1,26,0.2,0.1,GoCo-dense-knap (tie-level path),adapt_404.949_to_394.825_q0.5,5.6746233077025e-05,0.18441536033809636,0.38330599192886233,0.18794811990556853,91,154.0,2723.0,904,0.9434447300771208,0.19105114946551074,122.0,286
HAP1,26,0.2,0.5,GoCo-knap (paper path),adapt_400_to_375_q0.6,0.4777785814041674,0.19976828754596376,0.3947057881988869,0.20608012231717468,97,167.0,3489.0,987,0.9521352823158498,0.20934634616691908,133.0,624
HAP1,26,0.2,0.5,GoCo-dense-knap (tie-level path),adapt_404.949_to_394.825_q0.5,5.6746233077025e-05,0.18441536033809636,0.38330599192886233,0.18794811990556853,91,154.0,2723.0,904,0.9434447300771208,0.19105114946551074,122.0,286
HAP1,27,0.05,0.1,GoCo-knap (paper path),adapt_550_to_525_q0.05,0.0810819029161019,0.04694061520969502,0.20777343007427318,0.039493638120965326,63,97.0,453.0,226,0.7858719646799117,0.04076046753580497,87.0,9
HAP1,27,0.05,0.1,GoCo-dense-knap (tie-level path),adapt_538.398_to_526.433_q0.05,0.09216946611613469,0.0470914202488056,0.2079948951052414,0.039577917302919395,63,102.0,463.0,226,0.7796976241900648,0.040664123347268016,92.0,10
HAP1,27,0.05,0.5,GoCo-knap (paper path),adapt_550_to_525_q0.125,0.11202479304632612,0.04732898627050284,0.2085517128446808,0.040336958141365,63,97.0,480.0,229,0.7979166666666667,0.04142624649718979,87.0,17
HAP1,27,0.05,0.5,GoCo-dense-knap (tie-level path),adapt_538.398_to_526.433_q0.125,0.10569171141179612,0.047257864989151806,0.2082903655905515,0.04024369626430422,63,102.0,486.0,229,0.7901234567901234,0.04132990230865284,92.0,17
HAP1,27,0.2,0.1,GoCo-knap (paper path),adapt_400_to_375_q0.4,0.003598051421795787,0.18903953896540301,0.38714164535714835,0.1826661269577725,113,194.0,3145.0,888,0.9383147853736089,0.18468865069002244,167.0,440
HAP1,27,0.2,0.1,GoCo-dense-knap (tie-level path),adapt_404.949_to_394.825_q0.4,0.0005140813751010806,0.18666886520409554,0.38551908495154746,0.18202728262238116,107,185.0,2617.0,885,0.9293083683607184,0.18396279716486408,162.0,278
HAP1,27,0.2,0.5,GoCo-knap (paper path),adapt_400_to_375_q0.4,0.003598051421795787,0.18903953896540301,0.38714164535714835,0.1826661269577725,113,194.0,3145.0,888,0.9383147853736089,0.18468865069002244,167.0,440
HAP1,27,0.2,0.5,GoCo-dense-knap (tie-level path),adapt_404.949_to_394.825_q0.4,0.0005140813751010806,0.18666886520409554,0.38551908495154746,0.18202728262238116,107,185.0,2617.0,885,0.9293083683607184,0.18396279716486408,162.0,278
HAP1,28,0.05,0.1,GoCo-knap (paper path),adapt_550_to_525_q0.275,0.08718070217279783,0.047020399009604696,0.20824080675326437,0.04625208719513229,52,85.0,545.0,248,0.8440366972477065,0.04765762056026044,75.0,32
HAP1,28,0.05,0.1,GoCo-dense-knap (tie-level path),adapt_538.398_to_526.433_q0.225,0.0012210019288889666,0.043595336129598705,0.20063270088705354,0.04425475031097783,52,85.0,518.0,239,0.8359073359073359,0.04566028367610598,75.0,17
HAP1,28,0.05,0.5,GoCo-knap (paper path),adapt_550_to_525_q0.4,0.34872922801954914,0.049128699053989956,0.2127670615812527,0.04958098200205639,52,85.0,580.0,263,0.853448275862069,0.05098651536718454,75.0,48
HAP1,28,0.05,0.5,GoCo-dense-knap (tie-level path),adapt_538.398_to_526.433_q0.35,0.3512012330514754,0.049143494141138874,0.21280768076511383,0.04958098200205639,52,85.0,581.0,263,0.8537005163511188,0.05098651536718454,75.0,47
HAP1,28,0.2,0.1,GoCo-knap (paper path),adapt_400_to_375_q0.5,0.021214730118652644,0.19168477017338204,0.38899337343366924,0.17903987976362373,88,154.0,3182.0,854,0.9516027655562539,0.1809101974565984,128.0,431
HAP1,28,0.2,0.1,GoCo-dense-knap (tie-level path),adapt_404.949_to_394.825_q0.5,0.0009685858804565567,0.18739945671979555,0.38590489856562205,0.1762643476598431,84,143.0,2597.0,842,0.9449364651520986,0.17819107163166714,121.0,256
HAP1,28,0.2,0.5,GoCo-knap (paper path),adapt_400_to_375_q0.6,0.23561343722475403,0.19701655002710186,0.39310162692213774,0.18480996409562553,88,154.0,3252.0,880,0.9526445264452644,0.18668028178860016,128.0,477
HAP1,28,0.2,0.5,GoCo-dense-knap (tie-level path),adapt_404.949_to_394.825_q0.5,0.0009685858804565567,0.18739945671979555,0.38590489856562205,0.1762643476598431,84,143.0,2597.0,842,0.9449364651520986,0.17819107163166714,121.0,256
HAP1,29,0.05,0.1,GoCo-knap (paper path),adapt_550_to_525_q0.275,0.044116863244127044,0.04630156428521334,0.20594817750987632,0.044595213470541524,47,75.0,514.0,237,0.8540856031128404,0.04544839687575989,67.0,25
HAP1,29,0.05,0.1,GoCo-dense-knap (tie-level path),adapt_538.398_to_526.433_q0.275,0.04236553425874232,0.046262895315554844,0.2057979292107843,0.04459028177482522,47,77.0,518.0,237,0.8513513513513513,0.045426204225194756,69.0,23
HAP1,29,0.05,0.5,GoCo-knap (paper path),adapt_550_to_525_q0.275,0.044116863244127044,0.04630156428521334,0.20594817750987632,0.044595213470541524,47,75.0,514.0,237,0.8540856031128404,0.04544839687575989,67.0,25
HAP1,29,0.05,0.5,GoCo-dense-knap (tie-level path),adapt_538.398_to_526.433_q0.275,0.04236553425874232,0.046262895315554844,0.2057979292107843,0.04459028177482522,47,77.0,518.0,237,0.8513513513513513,0.045426204225194756,69.0,23
HAP1,29,0.2,0.1,GoCo-knap (paper path),adapt_400_to_375_q0.4,5.554993745732393e-07,0.1805342447708778,0.3793796522344264,0.18521857584416998,81,141.0,3288.0,877,0.9571167883211679,0.1868543137365905,118.0,442
HAP1,29,0.2,0.1,GoCo-dense-knap (tie-level path),adapt_404.949_to_394.825_q0.5,0.0533279155986287,0.19337282943073453,0.3899370065607726,0.1949524972943322,79,134.0,2759.0,922,0.9514316781442551,0.19695441361683716,112.0,343
HAP1,29,0.2,0.5,GoCo-knap (paper path),adapt_400_to_375_q0.4,5.554993745732393e-07,0.1805342447708778,0.3793796522344264,0.18521857584416998,81,141.0,3288.0,877,0.9571167883211679,0.1868543137365905,118.0,442
HAP1,29,0.2,0.5,GoCo-dense-knap (tie-level path),adapt_404.949_to_394.825_q0.5,0.0533279155986287,0.19337282943073453,0.3899370065607726,0.1949524972943322,79,134.0,2759.0,922,0.9514316781442551,0.19695441361683716,112.0,343
HAP1,30,0.05,0.1,GoCo-knap (paper path),adapt_550_to_525_q0.225,0.053589535796803985,0.04648612259733799,0.2070622129758889,0.04353865364023277,57,94.0,537.0,237,0.8249534450651769,0.0456137608156382,75.0,20
HAP1,30,0.05,0.1,GoCo-dense-knap (tie-level path),adapt_538.398_to_526.433_q0.225,0.05160755945077305,0.04644837831979955,0.20691543295781234,0.043517077473127413,57,96.0,542.0,237,0.8228782287822878,0.04558232124387239,77.0,19
HAP1,30,0.05,0.5,GoCo-knap (paper path),adapt_550_to_525_q0.225,0.053589535796803985,0.04648612259733799,0.2070622129758889,0.04353865364023277,57,94.0,537.0,237,0.8249534450651769,0.0456137608156382,75.0,20
HAP1,30,0.05,0.5,GoCo-dense-knap (tie-level path),adapt_538.398_to_526.433_q0.225,0.05160755945077305,0.04644837831979955,0.20691543295781234,0.043517077473127413,57,96.0,542.0,237,0.8228782287822878,0.04558232124387239,77.0,19
HAP1,30,0.2,0.1,GoCo-knap (paper path),adapt_400_to_375_q0.4,4.968119339116016e-05,0.18429211506605994,0.38312407532471343,0.1757401187870696,100,169.0,3189.0,842,0.94700533082471,0.17809170914778327,133.0,427
HAP1,30,0.2,0.1,GoCo-dense-knap (tie-level path),adapt_404.949_to_394.825_q0.5,0.05902882579829175,0.19356603822573734,0.3907833606981355,0.18551398369269112,92,160.0,2702.0,886,0.9407846039970392,0.18772014106148038,129.0,287
HAP1,30,0.2,0.5,GoCo-knap (paper path),adapt_400_to_375_q0.6,0.4349243026956461,0.1993183763495192,0.39491778844464576,0.18954023714865573,100,169.0,3373.0,904,0.9498962348058109,0.1918807311907007,133.0,517
HAP1,30,0.2,0.5,GoCo-dense-knap (tie-level path),adapt_404.949_to_394.825_q0.5,0.05902882579829175,0.19356603822573734,0.3907833606981355,0.18551398369269112,92,160.0,2702.0,886,0.9407846039970392,0.18772014106148038,129.0,287
HAP1,31,0.05,0.1,GoCo-knap (paper path),adapt_550_to_525_q0.2,0.020817040327862097,0.045608789095786535,0.20463027890468113,0.04534289381052196,63,103.0,517.0,254,0.8007736943907157,0.046273751433193025,94.0,21
HAP1,31,0.05,0.1,GoCo-dense-knap (tie-level path),adapt_538.398_to_526.433_q0.175,0.02100019290344903,0.04561618663936099,0.20465152436778683,0.04534289381052196,63,103.0,518.0,254,0.8011583011583011,0.046273751433193025,94.0,17
HAP1,31,0.05,0.5,GoCo-knap (paper path),adapt_550_to_525_q0.275,0.4690930029745691,0.04982538918455706,0.21374691429063833,0.04867178861744606,63,103.0,580.0,269,0.8224137931034483,0.04960264624011712,94.0,51
HAP1,31,0.05,0.5,GoCo-dense-knap (tie-level path),adapt_538.398_to_526.433_q0.25,0.4704027379379288,0.049832786728131524,0.21376710777211486,0.04867178861744606,63,103.0,581.0,269,0.8227194492254734,0.04960264624011712,94.0,47
HAP1,31,0.2,0.1,GoCo-knap (paper path),adapt_400_to_375_q0.4,0.00036347293904562733,0.18630421578493903,0.3847533221201328,0.1770852028404243,102,180.0,3118.0,853,0.9422706863373957,0.17858085174508695,157.0,417
HAP1,31,0.2,0.1,GoCo-dense-knap (tie-level path),adapt_404.949_to_394.825_q0.4,0.0017164445321323609,0.18808421792187163,0.3865898781641804,0.177503164072223,97,172.0,2597.0,854,0.9337697343088178,0.1789655240341075,151.0,254
HAP1,31,0.2,0.5,GoCo-knap (paper path),adapt_400_to_375_q0.5,0.1708675126048419,0.19606897388524974,0.39251254155964976,0.18507455037704215,102,180.0,3221.0,889,0.944116733933561,0.1865701992817048,157.0,455
HAP1,31,0.2,0.5,GoCo-dense-knap (tie-level path),adapt_404.949_to_394.825_q0.4,0.0017164445321323609,0.18808421792187163,0.3865898781641804,0.177503164072223,97,172.0,2597.0,854,0.9337697343088178,0.1789655240341075,151.0,254
HAP1,32,0.05,0.1,GoCo-knap (paper path),adapt_550_to_525_q0.25,0.06541894312399293,0.046704506251053234,0.20707247937869533,0.043051416496673905,52,83.0,515.0,231,0.8388349514563107,0.044148366589097515,75.0,20
HAP1,32,0.05,0.1,GoCo-dense-knap (tie-level path),adapt_538.398_to_526.433_q0.4,0.025595361672029172,0.04579090957661708,0.20492338581644381,0.041618406541126335,52,85.0,475.0,224,0.8210526315789474,0.04270795908336157,77.0,16
HAP1,32,0.05,0.5,GoCo-knap (paper path),adapt_550_to_525_q0.25,0.06541894312399293,0.046704506251053234,0.20707247937869533,0.043051416496673905,52,83.0,515.0,231,0.8388349514563107,0.044148366589097515,75.0,20
HAP1,32,0.05,0.5,GoCo-dense-knap (tie-level path),adapt_538.398_to_526.433_q0.4,0.025595361672029172,0.04579090957661708,0.20492338581644381,0.041618406541126335,52,85.0,475.0,224,0.8210526315789474,0.04270795908336157,77.0,16
HAP1,32,0.2,0.1,GoCo-knap (paper path),adapt_400_to_375_q0.5,0.010012342747604376,0.19049820509609836,0.3878180356219933,0.19690881512110042,98,168.0,3441.0,937,0.951176983435048,0.1988550761885713,145.0,505
HAP1,32,0.2,0.1,GoCo-dense-knap (tie-level path),adapt_404.949_to_394.825_q0.5,0.0007511336693568392,0.187112245502019,0.385431652602795,0.19339253618169033,92,159.0,2816.0,921,0.9435369318181818,0.19530508152336953,139.0,315
HAP1,32,0.2,0.5,GoCo-knap (paper path),adapt_400_to_375_q0.5,0.010012342747604376,0.19049820509609836,0.3878180356219933,0.19690881512110042,98,168.0,3441.0,937,0.951176983435048,0.1988550761885713,145.0,505
HAP1,32,0.2,0.5,GoCo-dense-knap (tie-level path),adapt_404.949_to_394.825_q0.5,0.0007511336693568392,0.187112245502019,0.385431652602795,0.19339253618169033,92,159.0,2816.0,921,0.9435369318181818,0.19530508152336953,139.0,315
HAP1,33,0.05,0.1,GoCo-knap (paper path),adapt_550_to_525_q0.175,0.021667673485476942,0.04564190590468926,0.20476523075177613,0.04455126854402988,60,92.0,521.0,246,0.8234165067178503,0.046891358293695444,74.0,24
HAP1,33,0.05,0.1,GoCo-dense-knap (tie-level path),adapt_538.398_to_526.433_q0.3,0.003796429059561357,0.04432808528449659,0.20169014757739198,0.04267784052301501,60,93.0,481.0,238,0.8066528066528067,0.04517821037684659,75.0,21
HAP1,33,0.05,0.5,GoCo-knap (paper path),adapt_550_to_525_q0.275,0.4945997778911129,0.04996946915369059,0.2141088477876156,0.04921172127372363,60,92.0,590.0,267,0.8440677966101695,0.05155181102338919,74.0,57
HAP1,33,0.05,0.5,GoCo-dense-knap (tie-level path),adapt_538.398_to_526.433_q0.3,0.003796429059561357,0.04432808528449659,0.20169014757739198,0.04267784052301501,60,93.0,481.0,238,0.8066528066528067,0.04517821037684659,75.0,21
HAP1,33,0.2,0.1,GoCo-knap (paper path),adapt_400_to_375_q0.4,0.006657015453696318,0.18989549524324817,0.3875299898013301,0.1769084703860101,108,180.0,3030.0,857,0.9405940594059405,0.18010862072441136,143.0,434
HAP1,33,0.2,0.1,GoCo-dense-knap (tie-level path),adapt_404.949_to_394.825_q0.4,0.002064051065010173,0.1883198265143357,0.38658941393955176,0.17377861273047981,103,173.0,2555.0,843,0.9322896281800391,0.1769378924443888,138.0,274
HAP1,33,0.2,0.5,GoCo-knap (paper path),adapt_400_to_375_q0.5,0.2017707742567258,0.19654403792597483,0.39276281498565074,0.18398792001005812,109,181.0,3116.0,889,0.9419127086007703,0.1871880703484594,144.0,471
HAP1,33,0.2,0.5,GoCo-dense-knap (tie-level path),adapt_404.949_to_394.825_q0.5,0.24859844666938558,0.19718710401562972,0.3933272921417418,0.18378748977866852,104,176.0,2646.0,888,0.9334845049130763,0.1870577326528083,140.0,345
HAP1,34,0.05,0.1,GoCo-knap (paper path),adapt_550_to_525_q0.275,0.06910513141216139,0.046757842229304715,0.2076124027556976,0.0491071549048701,66,104.0,571.0,271,0.8178633975481612,0.0506808142753585,92.0,37
HAP1,34,0.05,0.1,GoCo-dense-knap (tie-level path),adapt_538.398_to_526.433_q0.175,0.009681663290928772,0.04498243166561186,0.20369186499634745,0.044890554816099576,66,104.0,518.0,252,0.7992277992277992,0.04646421418658797,92.0,9
HAP1,34,0.05,0.5,GoCo-knap (paper path),adapt_550_to_525_q0.35,0.4175889080175184,0.0495319212350748,0.21356468194078101,0.05332375499364063,66,104.0,611.0,290,0.8297872340425532,0.054897414364129024,92.0,57
HAP1,34,0.05,0.5,GoCo-dense-knap (tie-level path),adapt_538.398_to_526.433_q0.35,0.4175889080175184,0.0495319212350748,0.21356468194078101,0.05332375499364063,66,104.0,612.0,290,0.8300653594771242,0.054897414364129024,92.0,54
HAP1,34,0.2,0.1,GoCo-knap (paper path),adapt_400_to_375_q0.5,0.027786682697816537,0.19214713994927846,0.38941565209313206,0.19424755300514654,108,180.0,3229.0,933,0.9442551873645091,0.1965431854347097,147.0,465
HAP1,34,0.2,0.1,GoCo-dense-knap (tie-level path),adapt_404.949_to_394.825_q0.6,0.021328712054641027,0.19168726620055598,0.38930525359614837,0.19280347075599383,101,167.0,2683.0,925,0.9377562430115542,0.1951025377676268,139.0,303
HAP1,34,0.2,0.5,GoCo-knap (paper path),adapt_400_to_375_q0.6,0.42801094345502066,0.19924534763024745,0.39484211099464284,0.19944961164998204,111,184.0,3322.0,957,0.9446116797110174,0.20198777783290048,149.0,549
HAP1,34,0.2,0.5,GoCo-dense-knap (tie-level path),adapt_404.949_to_394.825_q0.6,0.021328712054641027,0.19168726620055598,0.38930525359614837,0.19280347075599383,101,167.0,2683.0,925,0.9377562430115542,0.1951025377676268,139.0,303
HAP1,35,0.05,0.1,GoCo-knap (paper path),adapt_550_to_525_q0.125,0.03620103543532196,0.04610377606012744,0.20587687119413378,0.04289145660543251,61,96.0,500.0,239,0.808,0.04415283394135002,84.0,17
HAP1,35,0.05,0.1,GoCo-dense-knap (tie-level path),adapt_538.398_to_526.433_q0.2,0.016599421143930652,0.04542196909427854,0.20406895310406714,0.04053164006628781,62,97.0,463.0,229,0.7904967602591793,0.04200754617909246,84.0,13
HAP1,35,0.05,0.5,GoCo-knap (paper path),adapt_550_to_525_q0.3,0.4781589053026498,0.04987652350797475,0.21399982268752954,0.04744094617489545,61,97.0,575.0,259,0.831304347826087,0.04870232351081296,85.0,51
HAP1,35,0.05,0.5,GoCo-dense-knap (tie-level path),adapt_538.398_to_526.433_q0.2,0.016599421143930652,0.04542196909427854,0.20406895310406714,0.04053164006628781,62,97.0,463.0,229,0.7904967602591793,0.04200754617909246,84.0,13
HAP1,35,0.2,0.1,GoCo-knap (paper path),adapt_400_to_375_q0.5,2.2879379533585724e-05,0.1835891430030994,0.38218719971219894,0.18573512141565932,99,168.0,3168.0,893,0.946969696969697,0.18756255098728936,142.0,432
HAP1,35,0.2,0.1,GoCo-dense-knap (tie-level path),adapt_404.949_to_394.825_q0.6,0.001034588621329898,0.1874906130571578,0.38554856041805285,0.18834143068808426,94,158.0,2651.0,904,0.940399849113542,0.19012293383591555,135.0,272
HAP1,35,0.2,0.5,GoCo-knap (paper path),adapt_400_to_375_q0.6,0.1655657379112183,0.19598769097428984,0.3919325961010569,0.19559974636083913,99,168.0,3283.0,937,0.9488272921108742,0.19742717593246917,142.0,502
HAP1,35,0.2,0.5,GoCo-dense-knap (tie-level path),adapt_404.949_to_394.825_q0.6,0.001034588621329898,0.1874906130571578,0.38554856041805285,0.18834143068808426,94,158.0,2651.0,904,0.940399849113542,0.19012293383591555,135.0,272
HAP1,36,0.05,0.1,GoCo-knap (paper path),adapt_550_to_525_q0.15,0.006981406055307612,0.044732200139715995,0.20343203455014613,0.04550833779205707,66,114.0,561.0,252,0.7967914438502673,0.047118984880417755,98.0,18
HAP1,36,0.05,0.1,GoCo-dense-knap (tie-level path),adapt_538.398_to_526.433_q0.3,0.0014273724552258552,0.043684074637813666,0.20100183604805028,0.04460152219096343,66,117.0,539.0,248,0.7829313543599258,0.046209703424852054,101.0,16
HAP1,36,0.05,0.5,GoCo-knap (paper path),adapt_550_to_525_q0.15,0.006981406055307612,0.044732200139715995,0.20343203455014613,0.04550833779205707,66,114.0,561.0,252,0.7967914438502673,0.047118984880417755,98.0,18
HAP1,36,0.05,0.5,GoCo-dense-knap (tie-level path),adapt_538.398_to_526.433_q0.3,0.0014273724552258552,0.043684074637813666,0.20100183604805028,0.04460152219096343,66,117.0,539.0,248,0.7829313543599258,0.046209703424852054,101.0,16
HAP1,36,0.2,0.1,GoCo-knap (paper path),adapt_400_to_375_q0.5,0.06588733460243126,0.19379077944036488,0.39110553504319095,0.19619115174504528,117,211.0,3430.0,947,0.9384839650145773,0.19921420380982408,175.0,488
HAP1,36,0.2,0.1,GoCo-dense-knap (tie-level path),adapt_404.949_to_394.825_q0.5,0.004578768070847182,0.18935161977973294,0.3878826452178362,0.19216624113635597,107,196.0,2792.0,927,0.9297994269340975,0.1949539944079787,166.0,300
HAP1,36,0.2,0.5,GoCo-knap (paper path),adapt_400_to_375_q0.6,0.10218735714410065,0.1947617070940379,0.39180960610074506,0.19690131597118382,117,211.0,3470.0,950,0.9391930835734871,0.1999243680359626,175.0,525
HAP1,36,0.2,0.5,GoCo-dense-knap (tie-level path),adapt_404.949_to_394.825_q0.5,0.004578768070847182,0.18935161977973294,0.3878826452178362,0.19216624113635597,107,196.0,2792.0,927,0.9297994269340975,0.1949539944079787,166.0,300
HAP1,37,0.05,0.1,GoCo-knap (paper path),adapt_550_to_525_q0.275,0.0014208811716310559,0.04368886221291169,0.20075560220589336,0.04802115700057597,67,105.0,548.0,268,0.8083941605839416,0.048797899122191596,98.0,25
HAP1,37,0.05,0.1,GoCo-dense-knap (tie-level path),adapt_538.398_to_526.433_q0.225,0.02473747398885121,0.045751191821169226,0.20531990182898588,0.050208716447015786,67,107.0,581.0,278,0.8158347676419966,0.05098545856863141,100.0,40
HAP1,37,0.05,0.5,GoCo-knap (paper path),adapt_550_to_525_q0.5,0.4242135196180509,0.04956990970514427,0.21362443690403515,0.05501183609511658,67,105.0,629.0,299,0.8330683624801272,0.05578857821673221,98.0,67
HAP1,37,0.05,0.5,GoCo-dense-knap (tie-level path),adapt_538.398_to_526.433_q0.4,0.3405733240141238,0.04908008662809333,0.21253111194275714,0.0539814638948631,67,107.0,621.0,295,0.8276972624798712,0.054758206016478725,100.0,59
HAP1,37,0.2,0.1,GoCo-knap (paper path),adapt_400_to_375_q0.6,0.04164050257760973,0.19288262283066565,0.3901154642545353,0.1972819132126018,110,200.0,3341.0,949,0.9401376833283448,0.19895051019262114,172.0,531
HAP1,37,0.2,0.1,GoCo-dense-knap (tie-level path),adapt_404.949_to_394.825_q0.5,1.4576244715992618e-06,0.18123075366020203,0.3809936118476159,0.1858204533517546,101,181.0,2645.0,896,0.9315689981096408,0.18724986062915497,161.0,275
HAP1,37,0.2,0.5,GoCo-knap (paper path),adapt_400_to_375_q0.6,0.04164050257760973,0.19288262283066565,0.3901154642545353,0.1972819132126018,110,200.0,3341.0,949,0.9401376833283448,0.19895051019262114,172.0,531
HAP1,37,0.2,0.5,GoCo-dense-knap (tie-level path),adapt_404.949_to_394.825_q0.5,1.4576244715992618e-06,0.18123075366020203,0.3809936118476159,0.1858204533517546,101,181.0,2645.0,896,0.9315689981096408,0.18724986062915497,161.0,275
HAP1,38,0.05,0.1,GoCo-knap (paper path),adapt_550_to_525_q0.3,0.0697434521561313,0.04677206889304171,0.2073706405294178,0.043159737673749726,58,93.0,531.0,238,0.8248587570621468,0.04491295560010528,77.0,36
HAP1,38,0.05,0.1,GoCo-dense-knap (tie-level path),adapt_538.398_to_526.433_q0.275,0.06753342240389425,0.04673719476566175,0.20726699316246203,0.04312169317716606,58,95.0,535.0,238,0.822429906542056,0.04486751355333324,79.0,35
HAP1,38,0.05,0.5,GoCo-knap (paper path),adapt_550_to_525_q0.3,0.0697434521561313,0.04677206889304171,0.2073706405294178,0.043159737673749726,58,93.0,531.0,238,0.8248587570621468,0.04491295560010528,77.0,36
HAP1,38,0.05,0.5,GoCo-dense-knap (tie-level path),adapt_538.398_to_526.433_q0.275,0.06753342240389425,0.04673719476566175,0.20726699316246203,0.04312169317716606,58,95.0,535.0,238,0.822429906542056,0.04486751355333324,79.0,35
HAP1,38,0.2,0.1,GoCo-knap (paper path),adapt_400_to_375_q0.6,0.06444715675874679,0.193751776226351,0.3906241455707165,0.20054553107544945,103,185.0,3460.0,961,0.9465317919075145,0.2031379684151092,148.0,537
HAP1,38,0.2,0.1,GoCo-dense-knap (tie-level path),adapt_404.949_to_394.825_q0.6,0.09309683588738132,0.1945480221789041,0.3915240043134982,0.20135796978520754,100,175.0,2856.0,966,0.9387254901960784,0.2042115803988203,142.0,341
HAP1,38,0.2,0.5,GoCo-knap (paper path),adapt_400_to_375_q0.6,0.06444715675874679,0.193751776226351,0.3906241455707165,0.20054553107544945,103,185.0,3460.0,961,0.9465317919075145,0.2031379684151092,148.0,537
HAP1,38,0.2,0.5,GoCo-dense-knap (tie-level path),adapt_404.949_to_394.825_q0.6,0.09309683588738132,0.1945480221789041,0.3915240043134982,0.20135796978520754,100,175.0,2856.0,966,0.9387254901960784,0.2042115803988203,142.0,341
HAP1,39,0.05,0.1,GoCo-knap (paper path),adapt_550_to_525_q0.225,0.029404647152986994,0.04590164856795888,0.2058951701111135,0.049302517329381935,62,88.0,595.0,264,0.8521008403361344,0.05071174945637643,76.0,38
HAP1,39,0.05,0.1,GoCo-dense-knap (tie-level path),adapt_538.398_to_526.433_q0.4,0.0005364095153514112,0.04312756956549575,0.19947125531951057,0.04684283394867507,63,89.0,545.0,251,0.8366972477064221,0.048215078351183355,77.0,33
HAP1,39,0.05,0.5,GoCo-knap (paper path),adapt_550_to_525_q0.3,0.04676930255065945,0.04634550120888209,0.20687128745904176,0.049302517329381935,62,88.0,597.0,264,0.8525963149078727,0.05071174945637643,76.0,39
HAP1,39,0.05,0.5,GoCo-dense-knap (tie-level path),adapt_538.398_to_526.433_q0.4,0.0005364095153514112,0.04312756956549575,0.19947125531951057,0.04684283394867507,63,89.0,545.0,251,0.8366972477064221,0.048215078351183355,77.0,33
HAP1,39,0.2,0.1,GoCo-knap (paper path),adapt_400_to_375_q0.5,0.016475555189452297,0.19126499852159792,0.388819634355586,0.19636428951092735,98,159.0,3386.0,933,0.9530419373892498,0.19864097418808377,131.0,484
HAP1,39,0.2,0.1,GoCo-dense-knap (tie-level path),adapt_404.949_to_394.825_q0.5,0.0005501032127185944,0.18674716388966262,0.38550267097092844,0.19124760068671945,92,148.0,2744.0,909,0.9460641399416909,0.19341844358657975,123.0,279
HAP1,39,0.2,0.5,GoCo-knap (paper path),adapt_400_to_375_q0.5,0.016475555189452297,0.19126499852159792,0.388819634355586,0.19636428951092735,98,159.0,3386.0,933,0.9530419373892498,0.19864097418808377,131.0,484
HAP1,39,0.2,0.5,GoCo-dense-knap (tie-level path),adapt_404.949_to_394.825_q0.5,0.0005501032127185944,0.18674716388966262,0.38550267097092844,0.19124760068671945,92,148.0,2744.0,909,0.9460641399416909,0.19341844358657975,123.0,279
HAP1,40,0.05,0.1,GoCo-knap (paper path),adapt_550_to_525_q0.275,0.011389553234894632,0.045112849416147585,0.2037419886688503,0.04676973914311718,61,104.0,568.0,258,0.8169014084507042,0.04837500619136964,92.0,31
HAP1,40,0.05,0.1,GoCo-dense-knap (tie-level path),adapt_538.398_to_526.433_q0.25,0.010818648053478742,0.045074404612071135,0.20359622183346535,0.04676435911623679,62,105.0,570.0,258,0.8157894736842105,0.048362228614300874,93.0,30
HAP1,40,0.05,0.5,GoCo-knap (paper path),adapt_550_to_525_q0.275,0.011389553234894632,0.045112849416147585,0.2037419886688503,0.04676973914311718,61,104.0,568.0,258,0.8169014084507042,0.04837500619136964,92.0,31
HAP1,40,0.05,0.5,GoCo-dense-knap (tie-level path),adapt_538.398_to_526.433_q0.25,0.010818648053478742,0.045074404612071135,0.20359622183346535,0.04676435911623679,62,105.0,570.0,258,0.8157894736842105,0.048362228614300874,93.0,30
HAP1,40,0.2,0.1,GoCo-knap (paper path),adapt_400_to_375_q0.5,0.0015837244397356996,0.18799901286390586,0.3860628932442747,0.18202292335149822,95,166.0,3209.0,873,0.9482704892489873,0.184478431589541,140.0,437
HAP1,40,0.2,0.1,GoCo-dense-knap (tie-level path),adapt_404.949_to_394.825_q0.5,0.00010240772120750971,0.18498223317771342,0.3839642502655617,0.18027566588631325,92,160.0,2596.0,865,0.938366718027735,0.18268736128443566,136.0,254
HAP1,40,0.2,0.5,GoCo-knap (paper path),adapt_400_to_375_q0.5,0.0015837244397356996,0.18799901286390586,0.3860628932442747,0.18202292335149822,95,166.0,3209.0,873,0.9482704892489873,0.184478431589541,140.0,437
HAP1,40,0.2,0.5,GoCo-dense-knap (tie-level path),adapt_404.949_to_394.825_q0.5,0.00010240772120750971,0.18498223317771342,0.3839642502655617,0.18027566588631325,92,160.0,2596.0,865,0.938366718027735,0.18268736128443566,136.0,254
HAP1,41,0.05,0.1,GoCo-knap (paper path),adapt_550_to_525_q0.225,0.0037833803942805702,0.04430700145757733,0.2023522568932225,0.04514166300052333,62,91.0,517.0,249,0.8239845261121856,0.04601827196370111,84.0,10
HAP1,41,0.05,0.1,GoCo-dense-knap (tie-level path),adapt_538.398_to_526.433_q0.2,0.003465030317192797,0.04424909807500234,0.20218679308768947,0.04502689702162677,64,96.0,524.0,249,0.816793893129771,0.04590350598480455,89.0,10
HAP1,41,0.05,0.5,GoCo-knap (paper path),adapt_550_to_525_q0.225,0.0037833803942805702,0.04430700145757733,0.2023522568932225,0.04514166300052333,62,91.0,517.0,249,0.8239845261121856,0.04601827196370111,84.0,10
HAP1,41,0.05,0.5,GoCo-dense-knap (tie-level path),adapt_538.398_to_526.433_q0.2,0.003465030317192797,0.04424909807500234,0.20218679308768947,0.04502689702162677,64,96.0,524.0,249,0.816793893129771,0.04590350598480455,89.0,10
HAP1,41,0.2,0.1,GoCo-knap (paper path),adapt_400_to_375_q0.5,0.023212859196561818,0.1918348776026932,0.38921765316996354,0.20275948235010285,99,168.0,3396.0,964,0.950530035335689,0.20430627603148335,149.0,500
HAP1,41,0.2,0.1,GoCo-dense-knap (tie-level path),adapt_404.949_to_394.825_q0.5,0.0013018117522780284,0.18774617257326695,0.38633774275285593,0.19840166626495623,96,159.0,2788.0,944,0.9429698708751794,0.19987387359605277,143.0,317
HAP1,41,0.2,0.5,GoCo-knap (paper path),adapt_400_to_375_q0.5,0.023212859196561818,0.1918348776026932,0.38921765316996354,0.20275948235010285,99,168.0,3396.0,964,0.950530035335689,0.20430627603148335,149.0,500
HAP1,41,0.2,0.5,GoCo-dense-knap (tie-level path),adapt_404.949_to_394.825_q0.5,0.0013018117522780284,0.18774617257326695,0.38633774275285593,0.19840166626495623,96,159.0,2788.0,944,0.9429698708751794,0.19987387359605277,143.0,317
HAP1,42,0.05,0.1,GoCo-knap (paper path),adapt_550_to_525_q0.2,0.025936650330861653,0.045788635866434585,0.2056345495733553,0.04630162834433307,77,125.0,589.0,267,0.7877758913412564,0.048148996840304284,111.0,20
HAP1,42,0.05,0.1,GoCo-dense-knap (tie-level path),adapt_538.398_to_526.433_q0.4,0.002214705139895451,0.04396514126950775,0.2013106935964084,0.04584298062287486,79,127.0,570.0,266,0.7771929824561403,0.047823504903186334,113.0,24
HAP1,42,0.05,0.5,GoCo-knap (paper path),adapt_550_to_525_q0.225,0.4617532729994449,0.049783309634743506,0.21423926578212926,0.051405933714950024,77,125.0,651.0,290,0.8079877112135176,0.05325330221092124,111.0,51
HAP1,42,0.05,0.5,GoCo-dense-knap (tie-level path),adapt_538.398_to_526.433_q0.4,0.002214705139895451,0.04396514126950775,0.2013106935964084,0.04584298062287486,79,127.0,570.0,266,0.7771929824561403,0.047823504903186334,113.0,24
HAP1,42,0.2,0.1,GoCo-knap (paper path),adapt_400_to_375_q0.6,0.03390411310176949,0.19249564989296744,0.39008254830444783,0.19560090724926127,132,216.0,3437.0,954,0.9371544951993017,0.1977105803301585,185.0,516
HAP1,42,0.2,0.1,GoCo-dense-knap (tie-level path),adapt_404.949_to_394.825_q0.5,0.0003803985000148888,0.18632766549031946,0.3855243339819111,0.18814230547234898,125,206.0,2770.0,919,0.9256317689530686,0.19009544924265323,179.0,286
HAP1,42,0.2,0.5,GoCo-knap (paper path),adapt_400_to_375_q0.6,0.03390411310176949,0.19249564989296744,0.39008254830444783,0.19560090724926127,132,216.0,3437.0,954,0.9371544951993017,0.1977105803301585,185.0,516
HAP1,42,0.2,0.5,GoCo-dense-knap (tie-level path),adapt_404.949_to_394.825_q0.5,0.0003803985000148888,0.18632766549031946,0.3855243339819111,0.18814230547234898,125,206.0,2770.0,919,0.9256317689530686,0.19009544924265323,179.0,286
HAP1,43,0.05,0.1,GoCo-knap (paper path),adapt_550_to_525_q0.25,0.07378774957786109,0.04683239810264645,0.20764814730110878,0.05120585573761928,64,102.0,570.0,281,0.8210526315789474,0.05363331498355798,84.0,43
HAP1,43,0.05,0.1,GoCo-dense-knap (tie-level path),adapt_538.398_to_526.433_q0.25,0.06827385843047992,0.04674829109094432,0.20734539349548597,0.051138565321260696,65,106.0,577.0,281,0.8162911611785095,0.05356294225572323,88.0,43
HAP1,43,0.05,0.5,GoCo-knap (paper path),adapt_550_to_525_q0.4,0.4305802662949412,0.049606477108416536,0.21359846212997402,0.05320319262177374,64,102.0,595.0,290,0.8285714285714286,0.05563065186771244,84.0,56
HAP1,43,0.05,0.5,GoCo-dense-knap (tie-level path),adapt_538.398_to_526.433_q0.4,0.4158314562088664,0.0495223700967144,0.21330524791831945,0.05313590220541516,65,106.0,602.0,290,0.8239202657807309,0.05556027913987769,88.0,56
HAP1,43,0.2,0.1,GoCo-knap (paper path),adapt_400_to_375_q0.5,0.03298150624896267,0.1924486956346236,0.38987699645006185,0.18846896041765035,104,189.0,3209.0,905,0.9411031473979433,0.19111133119793294,152.0,458
HAP1,43,0.2,0.1,GoCo-dense-knap (tie-level path),adapt_404.949_to_394.825_q0.5,0.014700167393541772,0.1910728057073425,0.3890921153655605,0.18570472661834053,96,174.0,2637.0,891,0.9340159271899886,0.18838071613128166,141.0,290
HAP1,43,0.2,0.5,GoCo-knap (paper path),adapt_400_to_375_q0.5,0.03298150624896267,0.1924486956346236,0.38987699645006185,0.18846896041765035,104,189.0,3209.0,905,0.9411031473979433,0.19111133119793294,152.0,458
HAP1,43,0.2,0.5,GoCo-dense-knap (tie-level path),adapt_404.949_to_394.825_q0.5,0.014700167393541772,0.1910728057073425,0.3890921153655605,0.18570472661834053,96,174.0,2637.0,891,0.9340159271899886,0.18838071613128166,141.0,290
HAP1,44,0.05,0.1,GoCo-knap (paper path),adapt_550_to_525_q0.1,0.05213191923975616,0.04646532300031296,0.20655416802162097,0.03900170145672901,64,95.0,455.0,226,0.7912087912087912,0.04045162008330391,84.0,4
HAP1,44,0.05,0.1,GoCo-dense-knap (tie-level path),adapt_538.398_to_526.433_q0.1,0.05361581611451458,0.04649530949060302,0.20655176977435516,0.03892815035684766,66,99.0,461.0,226,0.7852494577006508,0.04037067143323418,88.0,4
HAP1,44,0.05,0.5,GoCo-knap (paper path),adapt_550_to_525_q0.175,0.2573202771713283,0.04855143041397485,0.21103260999713533,0.03977844357834463,64,96.0,489.0,229,0.803680981595092,0.04122836220491954,85.0,14
HAP1,44,0.05,0.5,GoCo-dense-knap (tie-level path),adapt_538.398_to_526.433_q0.175,0.24546207104805717,0.0484704537440341,0.21079243976950512,0.03970489247846328,66,100.0,495.0,229,0.797979797979798,0.041147413554849806,89.0,14
HAP1,44,0.2,0.1,GoCo-knap (paper path),adapt_400_to_375_q0.4,0.000811252818970553,0.18720959646638055,0.3852405708609813,0.1857520858453371,111,179.0,3235.0,899,0.9446676970633694,0.18827158450762854,146.0,464
HAP1,44,0.2,0.1,GoCo-dense-knap (tie-level path),adapt_404.949_to_394.825_q0.5,0.015048063839930247,0.1911208256864172,0.38865035797604125,0.19355537822735452,104,167.0,2786.0,933,0.9400574300071788,0.19590473893651209,139.0,329
HAP1,44,0.2,0.5,GoCo-knap (paper path),adapt_400_to_375_q0.6,0.19445959447486527,0.19643803262612686,0.3924690237888177,0.19944493981847963,111,179.0,3415.0,960,0.9475841874084919,0.20196443848077106,146.0,553
HAP1,44,0.2,0.5,GoCo-dense-knap (tie-level path),adapt_404.949_to_394.825_q0.5,0.015048063839930247,0.1911208256864172,0.38865035797604125,0.19355537822735452,104,167.0,2786.0,933,0.9400574300071788,0.19590473893651209,139.0,329
HAP1,45,0.05,0.1,GoCo-knap (paper path),adapt_550_to_525_q0.3,0.013141199465657404,0.04521289238308569,0.20452062228574588,0.045772479737117136,66,96.0,580.0,252,0.8344827586206897,0.0475395240362517,81.0,14
HAP1,45,0.05,0.1,GoCo-dense-knap (tie-level path),adapt_538.398_to_526.433_q0.3,0.016965222877832073,0.04542055201567494,0.20497650428429903,0.04603578110588851,68,105.0,601.0,254,0.8252911813643927,0.04779727723907483,90.0,16
HAP1,45,0.05,0.5,GoCo-knap (paper path),adapt_550_to_525_q0.35,0.2063950651339057,0.04817983593429611,0.21097970476983235,0.04836690411983571,66,99.0,619.0,264,0.840064620355412,0.05013394841897027,84.0,33
HAP1,45,0.05,0.5,GoCo-dense-knap (tie-level path),adapt_538.398_to_526.433_q0.35,0.3596888013030072,0.04919329946352226,0.21314586693098092,0.04936467591281261,68,105.0,641.0,269,0.8361934477379095,0.051126172045998924,90.0,36
HAP1,45,0.2,0.1,GoCo-knap (paper path),adapt_400_to_375_q0.6,0.015913642945410977,0.19120702338130063,0.38886677073285886,0.1996231392072245,107,188.0,3512.0,951,0.9464692482915718,0.20178324606515965,152.0,495
HAP1,45,0.2,0.1,GoCo-dense-knap (tie-level path),adapt_404.949_to_394.825_q0.5,1.7959198617799713e-05,0.1833372883898811,0.3827953269015675,0.19403375274159884,98,172.0,2901.0,925,0.9407100999655291,0.19626942023310828,139.0,294
HAP1,45,0.2,0.5,GoCo-knap (paper path),adapt_400_to_375_q0.6,0.015913642945410977,0.19120702338130063,0.38886677073285886,0.1996231392072245,107,188.0,3512.0,951,0.9464692482915718,0.20178324606515965,152.0,495
HAP1,45,0.2,0.5,GoCo-dense-knap (tie-level path),adapt_404.949_to_394.825_q0.5,1.7959198617799713e-05,0.1833372883898811,0.3827953269015675,0.19403375274159884,98,172.0,2901.0,925,0.9407100999655291,0.19626942023310828,139.0,294
HAP1,46,0.05,0.1,GoCo-knap (paper path),adapt_550_to_525_q0.3,0.014389879487751053,0.04528810074275936,0.2045780560933843,0.04713362784741246,69,118.0,595.0,262,0.8016806722689076,0.049190409286414785,98.0,29
HAP1,46,0.05,0.1,GoCo-dense-knap (tie-level path),adapt_538.398_to_526.433_q0.25,0.0027582634156535194,0.0441003466116763,0.2018089829295898,0.045929941775742715,69,123.0,589.0,257,0.7911714770797963,0.0479811750487968,103.0,23
HAP1,46,0.05,0.5,GoCo-knap (paper path),adapt_550_to_525_q0.4,0.41292682082988935,0.049504700831529885,0.21370324702302834,0.05245985953849101,69,118.0,659.0,286,0.8209408194233687,0.05451664097749335,98.0,60
HAP1,46,0.05,0.5,GoCo-dense-knap (tie-level path),adapt_538.398_to_526.433_q0.4,0.39934414743486324,0.04942657830275486,0.21343605883426928,0.05236580506912931,69,123.0,667.0,286,0.815592203898051,0.0544170383421834,103.0,60
HAP1,46,0.2,0.1,GoCo-knap (paper path),adapt_400_to_375_q0.5,0.05073257902584979,0.1932633052081121,0.39048000775626923,0.19864141793580145,112,200.0,3476.0,957,0.9424626006904487,0.20147894848348086,165.0,519
HAP1,46,0.2,0.1,GoCo-dense-knap (tie-level path),adapt_404.949_to_394.825_q0.4,1.6680495739079994e-05,0.18327053835722165,0.3827595919699591,0.18779735896476787,101,187.0,2818.0,905,0.9336408800567778,0.19052071993715014,156.0,299
HAP1,46,0.2,0.5,GoCo-knap (paper path),adapt_400_to_375_q0.5,0.05073257902584979,0.1932633052081121,0.39048000775626923,0.19864141793580145,112,200.0,3476.0,957,0.9424626006904487,0.20147894848348086,165.0,519
HAP1,46,0.2,0.5,GoCo-dense-knap (tie-level path),adapt_404.949_to_394.825_q0.4,1.6680495739079994e-05,0.18327053835722165,0.3827595919699591,0.18779735896476787,101,187.0,2818.0,905,0.9336408800567778,0.19052071993715014,156.0,299
HAP1,47,0.05,0.1,GoCo-knap (paper path),adapt_550_to_525_q0.2,0.05971928694549563,0.04660252584214746,0.20712887584533313,0.046794125419217535,58,92.0,527.0,255,0.825426944971537,0.04836610352469189,81.0,20
HAP1,47,0.05,0.1,GoCo-dense-knap (tie-level path),adapt_538.398_to_526.433_q0.225,0.04376249336918502,0.04628443144860397,0.2064407154438658,0.04612834645783272,58,92.0,527.0,252,0.825426944971537,0.04770032456330707,81.0,16
HAP1,47,0.05,0.5,GoCo-knap (paper path),adapt_550_to_525_q0.225,0.4878802415363768,0.04993142064907156,0.2142659904481087,0.05034494654660324,58,92.0,567.0,271,0.8377425044091711,0.051916924652077596,81.0,40
HAP1,47,0.05,0.5,GoCo-dense-knap (tie-level path),adapt_538.398_to_526.433_q0.225,0.04376249336918502,0.04628443144860397,0.2064407154438658,0.04612834645783272,58,92.0,527.0,252,0.825426944971537,0.04770032456330707,81.0,16
HAP1,47,0.2,0.1,GoCo-knap (paper path),adapt_400_to_375_q0.5,0.022369108436286343,0.19177130596026865,0.3891982424989434,0.19335188789733823,106,185.0,3327.0,927,0.9443943492636009,0.19596577730712708,152.0,486
HAP1,47,0.2,0.1,GoCo-dense-knap (tie-level path),adapt_404.949_to_394.825_q0.5,0.0015008527728568306,0.1879200148671085,0.3864354970299972,0.19006614725337365,100,171.0,2709.0,913,0.9368770764119602,0.19261178306828486,146.0,293
HAP1,47,0.2,0.5,GoCo-knap (paper path),adapt_400_to_375_q0.5,0.022369108436286343,0.19177130596026865,0.3891982424989434,0.19335188789733823,106,185.0,3327.0,927,0.9443943492636009,0.19596577730712708,152.0,486
HAP1,47,0.2,0.5,GoCo-dense-knap (tie-level path),adapt_404.949_to_394.825_q0.5,0.0015008527728568306,0.1879200148671085,0.3864354970299972,0.19006614725337365,100,171.0,2709.0,913,0.9368770764119602,0.19261178306828486,146.0,293
HAP1,48,0.05,0.1,GoCo-knap (paper path),adapt_550_to_525_q0.275,0.010791189109516867,0.04505597477587815,0.20427235156964912,0.04878994118119683,66,104.0,604.0,268,0.8278145695364238,0.05048442709673472,87.0,34
HAP1,48,0.05,0.1,GoCo-dense-knap (tie-level path),adapt_538.398_to_526.433_q0.35,0.00039730662505737694,0.04295462395051718,0.19937270076138427,0.04578407246353253,66,103.0,518.0,255,0.8011583011583011,0.04746129742422159,86.0,14
HAP1,48,0.05,0.5,GoCo-knap (paper path),adapt_550_to_525_q0.35,0.3180308894854058,0.04893968538395627,0.21271072441556957,0.051674983347197716,66,104.0,643.0,281,0.838258164852255,0.05336946926273561,87.0,52
HAP1,48,0.05,0.5,GoCo-dense-knap (tie-level path),adapt_538.398_to_526.433_q0.35,0.00039730662505737694,0.04295462395051718,0.19937270076138427,0.04578407246353253,66,103.0,518.0,255,0.8011583011583011,0.04746129742422159,86.0,14
HAP1,48,0.2,0.1,GoCo-knap (paper path),adapt_400_to_375_q0.6,0.09346332542129726,0.19455987492165353,0.3913234165077639,0.18844644541455755,109,178.0,3336.0,910,0.9466426858513189,0.19047031419651803,148.0,494
HAP1,48,0.2,0.1,GoCo-dense-knap (tie-level path),adapt_404.949_to_394.825_q0.5,0.0047478360970229574,0.1894083062639064,0.38766872522348467,0.18693432012135539,98,160.0,2742.0,901,0.9416484318016046,0.18875421205997678,136.0,287
HAP1,48,0.2,0.5,GoCo-knap (paper path),adapt_400_to_375_q0.6,0.09346332542129726,0.19455987492165353,0.3913234165077639,0.18844644541455755,109,178.0,3336.0,910,0.9466426858513189,0.19047031419651803,148.0,494
HAP1,48,0.2,0.5,GoCo-dense-knap (tie-level path),adapt_404.949_to_394.825_q0.5,0.0047478360970229574,0.1894083062639064,0.38766872522348467,0.18693432012135539,98,160.0,2742.0,901,0.9416484318016046,0.18875421205997678,136.0,287
HAP1,49,0.05,0.1,GoCo-knap (paper path),adapt_550_to_525_q0.2,0.006610687160082826,0.04467887616903582,0.20387147735516262,0.043636927314191935,78,124.0,559.0,252,0.778175313059034,0.045084828430686695,110.0,24
HAP1,49,0.05,0.1,GoCo-dense-knap (tie-level path),adapt_538.398_to_526.433_q0.2,0.00901556216954756,0.04490820003307189,0.2043876986688293,0.044080779955115154,78,124.0,571.0,254,0.7828371278458844,0.04552868107160991,110.0,22
HAP1,49,0.05,0.5,GoCo-knap (paper path),adapt_550_to_525_q0.25,0.4423760398836932,0.04967221837942197,0.21467602145176293,0.04696582212111604,78,124.0,609.0,267,0.7963875205254516,0.0484137232376108,110.0,47
HAP1,49,0.05,0.5,GoCo-dense-knap (tie-level path),adapt_538.398_to_526.433_q0.25,0.4631508642429564,0.04979057908322723,0.2149287209333894,0.04696582212111604,78,124.0,609.0,267,0.7963875205254516,0.0484137232376108,110.0,41
HAP1,49,0.2,0.1,GoCo-knap (paper path),adapt_400_to_375_q0.4,6.979830707629168e-05,0.1845930582825946,0.3839984976245136,0.18080030528508553,122,207.0,3248.0,877,0.9362684729064039,0.18342880561081398,173.0,434
HAP1,49,0.2,0.1,GoCo-dense-knap (tie-level path),adapt_404.949_to_394.825_q0.5,0.04766208258150412,0.19312698916725143,0.39117639602420157,0.18431073796587735,117,196.0,2744.0,893,0.9285714285714286,0.18685770273552543,166.0,282
HAP1,49,0.2,0.5,GoCo-knap (paper path),adapt_400_to_375_q0.5,0.2575706420442677,0.1972983401290216,0.39405627692336936,0.19056506338539622,122,207.0,3365.0,921,0.9384843982169391,0.1931935637111247,173.0,478
HAP1,49,0.2,0.5,GoCo-dense-knap (tie-level path),adapt_404.949_to_394.825_q0.5,0.04766208258150412,0.19312698916725143,0.39117639602420157,0.18431073796587735,117,196.0,2744.0,893,0.9285714285714286,0.18685770273552543,166.0,282
HAP1,50,0.05,0.1,GoCo-knap (paper path),adapt_550_to_525_q0.225,0.0781898783513314,0.046903623493708246,0.20738929644039217,0.04226216896078717,45,78.0,491.0,228,0.8411405295315683,0.042890960204299694,73.0,19
HAP1,50,0.05,0.1,GoCo-dense-knap (tie-level path),adapt_538.398_to_526.433_q0.175,0.07628669631680189,0.046876146909902744,0.20730660890333663,0.04219347749796646,45,81.0,496.0,228,0.8366935483870968,0.042822268741478986,76.0,19
HAP1,50,0.05,0.5,GoCo-knap (paper path),adapt_550_to_525_q0.275,0.44298269968426557,0.04967770249947833,0.2133459047064738,0.04514721112678805,45,78.0,525.0,241,0.8514285714285714,0.04577600237030058,73.0,36
HAP1,50,0.05,0.5,GoCo-dense-knap (tie-level path),adapt_538.398_to_526.433_q0.175,0.07628669631680189,0.046876146909902744,0.20730660890333663,0.04219347749796646,45,81.0,496.0,228,0.8366935483870968,0.042822268741478986,76.0,19
HAP1,50,0.2,0.1,GoCo-knap (paper path),adapt_400_to_375_q0.4,0.0003837254641424575,0.18636867410101945,0.38464246798057683,0.16526420368481043,91,158.0,2888.0,797,0.9452908587257618,0.16720919333203232,133.0,371
HAP1,50,0.2,0.1,GoCo-dense-knap (tie-level path),adapt_404.949_to_394.825_q0.4,0.0009391756793119461,0.18736723659802318,0.3857564189561843,0.16964713241979382,85,148.0,2511.0,816,0.9410593389088012,0.1714300366008594,128.0,246
HAP1,50,0.2,0.5,GoCo-knap (paper path),adapt_400_to_375_q0.5,0.13907879651292487,0.19552313482006073,0.39189352449291753,0.1773961758744542,91,158.0,3062.0,851,0.9483997387328543,0.1793411655216761,133.0,429
HAP1,50,0.2,0.5,GoCo-dense-knap (tie-level path),adapt_404.949_to_394.825_q0.6,0.3049547260381099,0.19788284542074586,0.39393121590932784,0.17946737210352687,85,148.0,2627.0,860,0.9436619718309859,0.18123917996592379,128.0,300
HAP1,51,0.05,0.1,GoCo-knap (paper path),adapt_550_to_525_q0.175,0.0027504681940688724,0.04410435760015918,0.2016049286921517,0.04649804750787275,58,93.0,586.0,254,0.841296928327645,0.04745972823207769,86.0,27
HAP1,51,0.05,0.1,GoCo-dense-knap (tie-level path),adapt_538.398_to_526.433_q0.175,0.00181308204787356,0.043841744799958934,0.20096866896966203,0.04556807055507191,58,95.0,578.0,250,0.8356401384083045,0.046529751279276846,88.0,18
HAP1,51,0.05,0.5,GoCo-knap (paper path),adapt_550_to_525_q0.3,0.38086014278627545,0.04931962613100695,0.21300841448505212,0.05160235287848971,58,93.0,655.0,277,0.8580152671755725,0.05256403360269465,86.0,59
HAP1,51,0.05,0.5,GoCo-dense-knap (tie-level path),adapt_538.398_to_526.433_q0.3,0.4510242178045529,0.049722792292191516,0.21382047589845668,0.05244778648938172,58,95.0,667.0,281,0.8575712143928036,0.05340946721358666,88.0,60
HAP1,51,0.2,0.1,GoCo-knap (paper path),adapt_400_to_375_q0.6,0.0021977975673999214,0.18840255035865427,0.38653613172965623,0.19403803198074585,105,174.0,3331.0,930,0.9477634344040828,0.1963655803000403,140.0,529
HAP1,51,0.2,0.1,GoCo-dense-knap (tie-level path),adapt_404.949_to_394.825_q0.5,7.591739287704877e-08,0.17903313468323248,0.37910392471310805,0.1831786094594679,97,160.0,2635.0,882,0.9392789373814042,0.18545133670766353,133.0,255
HAP1,51,0.2,0.5,GoCo-knap (paper path),adapt_400_to_375_q0.6,0.0021977975673999214,0.18840255035865427,0.38653613172965623,0.19403803198074585,105,174.0,3331.0,930,0.9477634344040828,0.1963655803000403,140.0,529
HAP1,51,0.2,0.5,GoCo-dense-knap (tie-level path),adapt_404.949_to_394.825_q0.6,0.18900824655165505,0.1963515778250341,0.39288491044606316,0.20018556317222738,98,164.0,2780.0,957,0.9410071942446043,0.20241760391753566,136.0,373
HAP1,52,0.05,0.1,GoCo-knap (paper path),adapt_550_to_525_q0.15,0.018928289041121864,0.04552254846002915,0.2047055302395684,0.046360232236911283,51,91.0,544.0,247,0.8327205882352942,0.04758205992007224,81.0,25
HAP1,52,0.05,0.1,GoCo-dense-knap (tie-level path),adapt_538.398_to_526.433_q0.15,0.018439675295517505,0.04550136459095976,0.20462029984998073,0.04632033034001675,52,93.0,546.0,247,0.8296703296703297,0.047542158023177704,83.0,22
HAP1,52,0.05,0.5,GoCo-knap (paper path),adapt_550_to_525_q0.225,0.4735000577841009,0.04985011170903048,0.21405416637047048,0.05057683232568181,51,91.0,606.0,266,0.8498349834983498,0.05179866000884276,81.0,56
HAP1,52,0.05,0.5,GoCo-dense-knap (tie-level path),adapt_538.398_to_526.433_q0.175,0.46975009316438987,0.049828927839961096,0.2139730882369481,0.05053693042878728,52,93.0,608.0,266,0.8470394736842105,0.05175875811194823,83.0,53
HAP1,52,0.2,0.1,GoCo-knap (paper path),adapt_400_to_375_q0.5,0.0024391273305135494,0.1885454995012844,0.38629025096258823,0.1989006642111661,101,168.0,3369.0,953,0.95013357079252,0.20152575154265878,137.0,494
HAP1,52,0.2,0.1,GoCo-dense-knap (tie-level path),adapt_404.949_to_394.825_q0.5,2.3756779854338747e-05,0.18360740283675264,0.3825844496367862,0.19389108580665698,94,156.0,2768.0,930,0.9436416184971098,0.19641259152242146,130.0,307
HAP1,52,0.2,0.5,GoCo-knap (paper path),adapt_400_to_375_q0.6,0.11832827411826707,0.19512138773488352,0.39136392181048263,0.2037164653691513,102,169.0,3452.0,975,0.9510428736964078,0.20633045638197536,138.0,568
HAP1,52,0.2,0.5,GoCo-dense-knap (tie-level path),adapt_404.949_to_394.825_q0.5,2.3756779854338747e-05,0.18360740283675264,0.3825844496367862,0.19389108580665698,94,156.0,2768.0,930,0.9436416184971098,0.19641259152242146,130.0,307
HAP1,53,0.05,0.1,GoCo-knap (paper path),adapt_550_to_525_q0.125,0.006567279111358436,0.04469493220659875,0.2030637289457179,0.04599607933297773,59,99.0,527.0,249,0.8121442125237192,0.04744811154343105,87.0,21
HAP1,53,0.05,0.1,GoCo-dense-knap (tie-level path),adapt_538.398_to_526.433_q0.25,0.001896524274360054,0.04387820412516859,0.20075161042739006,0.044349060996976684,60,101.0,481.0,242,0.7900207900207901,0.045971236716256476,89.0,10
HAP1,53,0.05,0.5,GoCo-knap (paper path),adapt_550_to_525_q0.125,0.006567279111358436,0.04469493220659875,0.2030637289457179,0.04599607933297773,59,99.0,527.0,249,0.8121442125237192,0.04744811154343105,87.0,21
HAP1,53,0.05,0.5,GoCo-dense-knap (tie-level path),adapt_538.398_to_526.433_q0.25,0.001896524274360054,0.04387820412516859,0.20075161042739006,0.044349060996976684,60,101.0,481.0,242,0.7900207900207901,0.045971236716256476,89.0,10
HAP1,53,0.2,0.1,GoCo-knap (paper path),adapt_400_to_375_q0.4,0.0003711723928219883,0.18632385940933777,0.3848582515485576,0.18410240585638374,96,168.0,3185.0,883,0.9472527472527472,0.18614659384984308,141.0,425
HAP1,53,0.2,0.1,GoCo-dense-knap (tie-level path),adapt_404.949_to_394.825_q0.5,0.006990345562118279,0.1899536709490084,0.3880419455339153,0.18871169222483253,91,160.0,2701.0,904,0.9407626804887079,0.19087943681745173,136.0,283
HAP1,53,0.2,0.5,GoCo-knap (paper path),adapt_400_to_375_q0.5,0.12622247586985114,0.19527488767016055,0.39195221953334575,0.1923136797134632,96,168.0,3286.0,920,0.9488740109555691,0.19435786770692254,141.0,467
HAP1,53,0.2,0.5,GoCo-dense-knap (tie-level path),adapt_404.949_to_394.825_q0.5,0.006990345562118279,0.1899536709490084,0.3880419455339153,0.18871169222483253,91,160.0,2701.0,904,0.9407626804887079,0.19087943681745173,136.0,283
HAP1,54,0.05,0.1,GoCo-knap (paper path),adapt_550_to_525_q0.175,0.0008077565058508878,0.04335650513291729,0.20001872591726425,0.04838865643546574,61,99.0,543.0,263,0.8176795580110497,0.050243590594237504,86.0,18
HAP1,54,0.05,0.1,GoCo-dense-knap (tie-level path),adapt_538.398_to_526.433_q0.175,0.000505719622758806,0.043096442236881284,0.19936130727359033,0.04836786486443233,62,101.0,549.0,263,0.8160291438979964,0.05021231916153955,88.0,17
HAP1,54,0.05,0.5,GoCo-knap (paper path),adapt_550_to_525_q0.4,0.3300351198603688,0.04901562630468827,0.21247086107190438,0.054824519728852335,61,99.0,640.0,292,0.8453125,0.056679453887624104,86.0,62
HAP1,54,0.05,0.5,GoCo-dense-knap (tie-level path),adapt_538.398_to_526.433_q0.4,0.3237793550517152,0.04897748972911386,0.21233107912733562,0.05480372815781893,62,101.0,646.0,292,0.8436532507739938,0.056648182454926144,88.0,61
HAP1,54,0.2,0.1,GoCo-knap (paper path),adapt_400_to_375_q0.4,0.00043943596216507283,0.18649982236725882,0.38524679004333684,0.1855680802551789,106,182.0,3289.0,893,0.9446640316205533,0.18843534108312512,148.0,459
HAP1,54,0.2,0.1,GoCo-dense-knap (tie-level path),adapt_404.949_to_394.825_q0.4,0.0007503170907061954,0.18709198630853488,0.3859991529248394,0.18473066063825153,102,174.0,2782.0,890,0.9374550682961897,0.18770509779360683,143.0,301
HAP1,54,0.2,0.5,GoCo-knap (paper path),adapt_400_to_375_q0.5,0.1355022491305714,0.1954508506280816,0.39232971816060486,0.19400128043271994,106,182.0,3392.0,931,0.9463443396226415,0.19686854126066616,148.0,504
HAP1,54,0.2,0.5,GoCo-dense-knap (tie-level path),adapt_404.949_to_394.825_q0.5,0.23392089439901692,0.19698937181044407,0.393671558725997,0.19533873875896188,103,176.0,2870.0,938,0.9386759581881533,0.1985351022347788,144.0,363
HAP1,55,0.05,0.1,GoCo-knap (paper path),adapt_550_to_525_q0.35,0.005895472603613141,0.04462702930820184,0.20253995324943166,0.05201477398355961,61,96.0,603.0,282,0.8407960199004975,0.05315241057556362,85.0,33
HAP1,55,0.05,0.1,GoCo-dense-knap (tie-level path),adapt_538.398_to_526.433_q0.3,0.001135502932246339,0.04356706694687836,0.20007529012031863,0.050904085589312364,61,97.0,592.0,277,0.8361486486486487,0.052034324631128004,86.0,25
HAP1,55,0.05,0.5,GoCo-knap (paper path),adapt_550_to_525_q0.4,0.2847588815160855,0.048732666236741565,0.21152959267477245,0.055787521431406924,61,96.0,653.0,299,0.8529862174578867,0.056925158023410936,85.0,57
HAP1,55,0.05,0.5,GoCo-dense-knap (tie-level path),adapt_538.398_to_526.433_q0.4,0.3278770586804926,0.049004261798187725,0.21204713677861223,0.05600839095992932,61,97.0,660.0,300,0.853030303030303,0.057138630001744954,86.0,58
HAP1,55,0.2,0.1,GoCo-knap (paper path),adapt_400_to_375_q0.6,0.0033423085957210285,0.18894457858249286,0.3869639171879128,0.1989127132517467,110,187.0,3538.0,955,0.9471452798191068,0.20112396245578423,157.0,540
HAP1,55,0.2,0.1,GoCo-dense-knap (tie-level path),adapt_404.949_to_394.825_q0.5,2.665592812079339e-05,0.18369530469569376,0.3830682080882224,0.19354238450738837,104,176.0,2866.0,930,0.9385903698534543,0.1957295036321209,148.0,295
HAP1,55,0.2,0.5,GoCo-knap (paper path),adapt_400_to_375_q0.6,0.0033423085957210285,0.18894457858249286,0.3869639171879128,0.1989127132517467,110,187.0,3538.0,955,0.9471452798191068,0.20112396245578423,157.0,540
HAP1,55,0.2,0.5,GoCo-dense-knap (tie-level path),adapt_404.949_to_394.825_q0.6,0.3273120455759568,0.19814217976871937,0.3942476842495327,0.20937312870252095,109,182.0,2991.0,1005,0.9391507856904046,0.2124849408203583,149.0,408
HAP1,56,0.05,0.1,GoCo-knap (paper path),adapt_550_to_525_q0.4,0.06860889679892082,0.046748315096166046,0.2076980737956415,0.05504618185628958,63,100.0,637.0,294,0.8430141287284144,0.05627417416240287,91.0,53
HAP1,56,0.05,0.1,GoCo-dense-knap (tie-level path),adapt_538.398_to_526.433_q0.35,0.04005425395960896,0.04619349929501203,0.20648302507585914,0.05483905062297689,63,100.0,638.0,293,0.8432601880877743,0.056059645378901804,91.0,49
HAP1,56,0.05,0.5,GoCo-knap (paper path),adapt_550_to_525_q0.5,0.27025297560753014,0.04863468882008971,0.2117662286344234,0.055933887138136004,63,100.0,645.0,298,0.8449612403100775,0.0571618794442493,91.0,57
HAP1,56,0.05,0.5,GoCo-dense-knap (tie-level path),adapt_538.398_to_526.433_q0.5,0.27025297560753014,0.04863468882008971,0.2117662286344234,0.05594868222528492,63,100.0,648.0,298,0.845679012345679,0.05716927698120984,91.0,54
HAP1,56,0.2,0.1,GoCo-knap (paper path),adapt_400_to_375_q0.5,0.000845234828816589,0.18724027344327845,0.38578565916530577,0.19166712465547636,112,190.0,3410.0,923,0.9442815249266863,0.1946638865413742,155.0,481
HAP1,56,0.2,0.1,GoCo-dense-knap (tie-level path),adapt_404.949_to_394.825_q0.5,0.0006415747595295361,0.18691554606701605,0.3857872007464655,0.19028961875083655,103,178.0,2811.0,916,0.936677339025258,0.19336877438197175,147.0,308
HAP1,56,0.2,0.5,GoCo-knap (paper path),adapt_400_to_375_q0.6,0.3155894607110772,0.19800739877729537,0.39402889729597984,0.20127917630403666,114,196.0,3528.0,967,0.9444444444444444,0.20428914809248155,160.0,581
HAP1,56,0.2,0.5,GoCo-dense-knap (tie-level path),adapt_404.949_to_394.825_q0.5,0.0006415747595295361,0.18691554606701605,0.3857872007464655,0.19028961875083655,103,178.0,2811.0,916,0.936677339025258,0.19336877438197175,147.0,308
HAP1,57,0.05,0.1,GoCo-knap (paper path),adapt_550_to_525_q0.25,0.0990387818309501,0.04716892630404173,0.2088175650669587,0.04466390493997616,62,92.0,551.0,246,0.8330308529945554,0.04610026140002425,80.0,25
HAP1,57,0.05,0.1,GoCo-dense-knap (tie-level path),adapt_538.398_to_526.433_q0.25,0.03137767594271482,0.04596056473014411,0.20606457508151926,0.043723360074397144,62,94.0,546.0,242,0.8278388278388278,0.04515971653444525,82.0,21
HAP1,57,0.05,0.5,GoCo-knap (paper path),adapt_550_to_525_q0.25,0.0990387818309501,0.04716892630404173,0.2088175650669587,0.04466390493997616,62,92.0,551.0,246,0.8330308529945554,0.04610026140002425,80.0,25
HAP1,57,0.05,0.5,GoCo-dense-knap (tie-level path),adapt_538.398_to_526.433_q0.25,0.03137767594271482,0.04596056473014411,0.20606457508151926,0.043723360074397144,62,94.0,546.0,242,0.8278388278388278,0.04515971653444525,82.0,21
HAP1,57,0.2,0.1,GoCo-knap (paper path),adapt_400_to_375_q0.6,0.015465709591623335,0.1911674224640521,0.38855803584423537,0.19697960453249325,96,159.0,3400.0,937,0.9532352941176471,0.19954308969308893,130.0,503
HAP1,57,0.2,0.1,GoCo-dense-knap (tie-level path),adapt_404.949_to_394.825_q0.6,0.02085415992127971,0.19165291244315402,0.3891154403095982,0.19915348571827293,93,152.0,2871.0,947,0.9470567746429815,0.2018302757899813,124.0,356
HAP1,57,0.2,0.5,GoCo-knap (paper path),adapt_400_to_375_q0.6,0.015465709591623335,0.1911674224640521,0.38855803584423537,0.19697960453249325,96,159.0,3400.0,937,0.9532352941176471,0.19954308969308893,130.0,503
HAP1,57,0.2,0.5,GoCo-dense-knap (tie-level path),adapt_404.949_to_394.825_q0.6,0.02085415992127971,0.19165291244315402,0.3891154403095982,0.19915348571827293,93,152.0,2871.0,947,0.9470567746429815,0.2018302757899813,124.0,356
HAP1,58,0.05,0.1,GoCo-knap (paper path),adapt_550_to_525_q0.15,0.003361818653166005,0.044259529912995595,0.20107207015188758,0.04370997402332541,51,86.0,505.0,239,0.8297029702970297,0.045048929489669515,76.0,25
HAP1,58,0.05,0.1,GoCo-dense-knap (tie-level path),adapt_538.398_to_526.433_q0.175,0.017957252884538904,0.04549491976268335,0.20385885034989149,0.045485384587018264,51,86.0,531.0,247,0.8380414312617702,0.04682434005336237,76.0,32
HAP1,58,0.05,0.5,GoCo-knap (paper path),adapt_550_to_525_q0.3,0.2788740858986315,0.04869805632222773,0.21084569974973222,0.05081161627809683,51,86.0,586.0,271,0.8532423208191127,0.052150571744440925,76.0,63
HAP1,58,0.05,0.5,GoCo-dense-knap (tie-level path),adapt_538.398_to_526.433_q0.3,0.4685058764284853,0.04982248301168468,0.21324516882158007,0.05169932155994326,51,86.0,600.0,275,0.8566666666666667,0.053038277026287356,76.0,65
HAP1,58,0.2,0.1,GoCo-knap (paper path),adapt_400_to_375_q0.5,0.021346802471738414,0.19170437706076351,0.388571711336896,0.19260349252980072,96,167.0,3367.0,922,0.9504009504009504,0.19433767466586377,146.0,499
HAP1,58,0.2,0.1,GoCo-dense-knap (tie-level path),adapt_404.949_to_394.825_q0.4,0.00010503020842223515,0.18502946060086375,0.3834178547189471,0.1848478043907439,87,152.0,2670.0,887,0.9430711610486892,0.18644408872074092,136.0,268
HAP1,58,0.2,0.5,GoCo-knap (paper path),adapt_400_to_375_q0.5,0.021346802471738414,0.19170437706076351,0.388571711336896,0.19260349252980072,96,167.0,3367.0,922,0.9504009504009504,0.19433767466586377,146.0,499
HAP1,58,0.2,0.5,GoCo-dense-knap (tie-level path),adapt_404.949_to_394.825_q0.5,0.3282249924680881,0.19815587408301621,0.39356552910726733,0.20294959459551376,91,158.0,2805.0,969,0.9436720142602496,0.2048232868260878,139.0,392
HAP1,59,0.05,0.1,GoCo-knap (paper path),adapt_550_to_525_q0.25,0.06939627129835552,0.04675576066671876,0.2080525347011036,0.04986075970976288,66,122.0,631.0,271,0.8066561014263075,0.05077277119959718,108.0,51
HAP1,59,0.05,0.1,GoCo-dense-knap (tie-level path),adapt_538.398_to_526.433_q0.4,0.00034339963936612253,0.0428794476022151,0.19911807496629153,0.044246023799438663,66,121.0,544.0,247,0.7775735294117647,0.04533557634828782,107.0,15
HAP1,59,0.05,0.5,GoCo-knap (paper path),adapt_550_to_525_q0.4,0.49536438120318754,0.04997369231341206,0.2149244520159005,0.05274580187576377,66,122.0,664.0,284,0.8162650602409639,0.05365781336559807,108.0,66
HAP1,59,0.05,0.5,GoCo-dense-knap (tie-level path),adapt_538.398_to_526.433_q0.4,0.00034339963936612253,0.0428794476022151,0.19911807496629153,0.044246023799438663,66,121.0,544.0,247,0.7775735294117647,0.04533557634828782,107.0,15
HAP1,59,0.2,0.1,GoCo-knap (paper path),adapt_400_to_375_q0.5,0.012054735884068172,0.1907723763874119,0.388401314865925,0.20031330692492957,101,184.0,3426.0,955,0.9462930531231757,0.20173666160264334,158.0,504
HAP1,59,0.2,0.1,GoCo-dense-knap (tie-level path),adapt_404.949_to_394.825_q0.5,0.0008203078229038532,0.18720367800029342,0.3858157707082946,0.19548079723643558,97,176.0,2845.0,933,0.9381370826010544,0.19690608136650195,152.0,330
HAP1,59,0.2,0.5,GoCo-knap (paper path),adapt_400_to_375_q0.5,0.012054735884068172,0.1907723763874119,0.388401314865925,0.20031330692492957,101,184.0,3426.0,955,0.9462930531231757,0.20173666160264334,158.0,504
HAP1,59,0.2,0.5,GoCo-dense-knap (tie-level path),adapt_404.949_to_394.825_q0.5,0.0008203078229038532,0.18720367800029342,0.3858157707082946,0.19548079723643558,97,176.0,2845.0,933,0.9381370826010544,0.19690608136650195,152.0,330
HAP1,60,0.05,0.1,GoCo-knap (paper path),adapt_550_to_525_q0.175,0.03448911365068345,0.04605345433942488,0.2060153258215223,0.04555310735531082,64,93.0,547.0,256,0.829981718464351,0.047483866340681226,81.0,30
HAP1,60,0.05,0.1,GoCo-dense-knap (tie-level path),adapt_538.398_to_526.433_q0.125,0.08655535767886158,0.04701437850396367,0.20805595495913068,0.047099810518585625,64,94.0,567.0,263,0.8342151675485009,0.04902317195376766,82.0,36
HAP1,60,0.05,0.5,GoCo-knap (paper path),adapt_550_to_525_q0.175,0.03448911365068345,0.04605345433942488,0.2060153258215223,0.04555310735531082,64,93.0,547.0,256,0.829981718464351,0.047483866340681226,81.0,30
HAP1,60,0.05,0.5,GoCo-dense-knap (tie-level path),adapt_538.398_to_526.433_q0.125,0.08655535767886158,0.04701437850396367,0.20805595495913068,0.047099810518585625,64,94.0,567.0,263,0.8342151675485009,0.04902317195376766,82.0,36
HAP1,60,0.2,0.1,GoCo-knap (paper path),adapt_400_to_375_q0.5,0.06371778539209681,0.19372292057909915,0.3909307212201442,0.18993765097549636,112,178.0,3253.0,918,0.9452812788195512,0.19302085766224028,147.0,472
HAP1,60,0.2,0.1,GoCo-dense-knap (tie-level path),adapt_404.949_to_394.825_q0.5,0.0010561786673494128,0.18749447995643853,0.38620130172109796,0.185213086171728,102,163.0,2686.0,895,0.9393149664929263,0.18819642601690978,135.0,285
HAP1,60,0.2,0.5,GoCo-knap (paper path),adapt_400_to_375_q0.6,0.12469337550442317,0.19524285167826053,0.3920713043787984,0.1915297081344296,112,178.0,3304.0,925,0.9461259079903148,0.19460763085486357,147.0,510
HAP1,60,0.2,0.5,GoCo-dense-knap (tie-level path),adapt_404.949_to_394.825_q0.5,0.0010561786673494128,0.18749447995643853,0.38620130172109796,0.185213086171728,102,163.0,2686.0,895,0.9393149664929263,0.18819642601690978,135.0,285
HAP1,61,0.05,0.1,GoCo-knap (paper path),adapt_550_to_525_q0.2,0.03572056357288579,0.04608527417189272,0.2061566522220088,0.04570942449135829,62,98.0,536.0,253,0.8171641791044776,0.04688193521735618,88.0,21
HAP1,61,0.05,0.1,GoCo-dense-knap (tie-level path),adapt_538.398_to_526.433_q0.15,0.029314719756774917,0.04590363406336048,0.2056489871111713,0.04542399459397375,63,102.0,539.0,252,0.8107606679035251,0.04658910776978326,92.0,20
HAP1,61,0.05,0.5,GoCo-knap (paper path),adapt_550_to_525_q0.275,0.22715765047575143,0.0483374260448637,0.21093591933647596,0.04940387327513375,63,102.0,594.0,270,0.8282828282828283,0.050576384001131645,92.0,50
HAP1,61,0.05,0.5,GoCo-dense-knap (tie-level path),adapt_538.398_to_526.433_q0.225,0.22818468519803276,0.048344823588438154,0.21095643407432274,0.04941866836228267,63,102.0,598.0,270,0.8294314381270903,0.05058378153809218,92.0,46
HAP1,61,0.2,0.1,GoCo-knap (paper path),adapt_400_to_375_q0.4,0.001692301076569945,0.18807706365314686,0.3862406431379038,0.17614813413532163,102,165.0,3093.0,847,0.9466537342386033,0.17809578979406895,137.0,416
HAP1,61,0.2,0.1,GoCo-dense-knap (tie-level path),adapt_404.949_to_394.825_q0.5,0.05610493106291701,0.19346278082931564,0.3907154905713825,0.18018466972320596,92,150.0,2581.0,864,0.9418829910887253,0.18217023779194566,126.0,273
HAP1,61,0.2,0.5,GoCo-knap (paper path),adapt_400_to_375_q0.6,0.42695316854034276,0.19923388102632122,0.39497246216063125,0.18657867119701713,102,165.0,3209.0,894,0.9485821128077283,0.18852632685576445,137.0,471
HAP1,61,0.2,0.5,GoCo-dense-knap (tie-level path),adapt_404.949_to_394.825_q0.5,0.05610493106291701,0.19346278082931564,0.3907154905713825,0.18018466972320596,92,150.0,2581.0,864,0.9418829910887253,0.18217023779194566,126.0,273
HAP1,62,0.05,0.1,GoCo-knap (paper path),adapt_550_to_525_q0.275,0.08631935061347268,0.04700914657266734,0.2081916516764343,0.049142997766461735,73,111.0,644.0,275,0.827639751552795,0.05104954661764254,97.0,50
HAP1,62,0.05,0.1,GoCo-dense-knap (tie-level path),adapt_538.398_to_526.433_q0.275,0.08498349118285703,0.04699135324357617,0.20812756005317007,0.04908151970246184,74,114.0,650.0,275,0.8246153846153846,0.05098806855364265,100.0,46
HAP1,62,0.05,0.5,GoCo-knap (paper path),adapt_550_to_525_q0.3,0.4034245812891397,0.04945033609774501,0.2134232355535592,0.05358152417569387,73,111.0,694.0,295,0.840057636887608,0.055488073026874675,97.0,75
HAP1,62,0.05,0.5,GoCo-dense-knap (tie-level path),adapt_538.398_to_526.433_q0.3,0.4003346151660691,0.049432542768653845,0.21336091904060442,0.053520046111693975,74,114.0,700.0,295,0.8371428571428572,0.05542659496287478,100.0,71
HAP1,62,0.2,0.1,GoCo-knap (paper path),adapt_400_to_375_q0.5,0.0073109673270578285,0.19002917942190456,0.38767268749525347,0.20705416679871755,111,193.0,3557.0,994,0.9457407928029238,0.2095398376458124,158.0,563
HAP1,62,0.2,0.1,GoCo-dense-knap (tie-level path),adapt_404.949_to_394.825_q0.5,3.611335300029787e-05,0.18398106686317864,0.38316144257269197,0.20026914581914398,103,180.0,2939.0,963,0.938754678462062,0.20254240147984404,151.0,335
HAP1,62,0.2,0.5,GoCo-knap (paper path),adapt_400_to_375_q0.5,0.0073109673270578285,0.19002917942190456,0.38767268749525347,0.20705416679871755,111,193.0,3557.0,994,0.9457407928029238,0.2095398376458124,158.0,563
HAP1,62,0.2,0.5,GoCo-dense-knap (tie-level path),adapt_404.949_to_394.825_q0.5,3.611335300029787e-05,0.18398106686317864,0.38316144257269197,0.20026914581914398,103,180.0,2939.0,963,0.938754678462062,0.20254240147984404,151.0,335
HAP1,63,0.05,0.1,GoCo-knap (paper path),adapt_550_to_525_q0.075,0.003036584410297317,0.044164350554776945,0.20190478783847987,0.04793120959680238,60,97.0,553.0,256,0.8245931283905967,0.04932362913318174,83.0,15
HAP1,63,0.05,0.1,GoCo-dense-knap (tie-level path),adapt_538.398_to_526.433_q0.075,0.0027321245609292695,0.04409711217673895,0.20169468274539654,0.047830181913115534,62,103.0,561.0,256,0.8163992869875223,0.04920780634911813,89.0,15
HAP1,63,0.05,0.5,GoCo-knap (paper path),adapt_550_to_525_q0.275,0.49728578913433175,0.04998463252042592,0.21442546801908283,0.05477182424258932,60,100.0,644.0,287,0.84472049689441,0.056149448678591916,86.0,66
HAP1,63,0.05,0.5,GoCo-dense-knap (tie-level path),adapt_538.398_to_526.433_q0.275,0.49287395337985185,0.04995966581334234,0.21434936698861617,0.05470989784742534,62,103.0,647.0,287,0.8408037094281299,0.056087522283427935,89.0,61
HAP1,63,0.2,0.1,GoCo-knap (paper path),adapt_400_to_375_q0.5,0.020881338320516297,0.19165900412283893,0.3889348825326015,0.1913718313600453,104,171.0,3198.0,916,0.9465290806754222,0.1935721243579971,140.0,487
HAP1,63,0.2,0.1,GoCo-dense-knap (tie-level path),adapt_404.949_to_394.825_q0.4,0.00036581605429817087,0.18630459220130022,0.3849440206586716,0.18489741763166995,96,160.0,2626.0,885,0.9390708301599391,0.18711845817179135,131.0,275
HAP1,63,0.2,0.5,GoCo-knap (paper path),adapt_400_to_375_q0.5,0.020881338320516297,0.19165900412283893,0.3889348825326015,0.1913718313600453,104,171.0,3198.0,916,0.9465290806754222,0.1935721243579971,140.0,487
HAP1,63,0.2,0.5,GoCo-dense-knap (tie-level path),adapt_404.949_to_394.825_q0.5,0.43684736714141775,0.1993385363755441,0.3950109157776134,0.19942513730623326,98,164.0,2734.0,950,0.9400146305779078,0.2017037730103485,134.0,371
HAP1,64,0.05,0.1,GoCo-knap (paper path),adapt_550_to_525_q0.25,0.03003070517940695,0.045920238500693294,0.20597210021124668,0.052489177530149436,69,106.0,638.0,288,0.8338557993730408,0.05404847412573937,92.0,47
HAP1,64,0.05,0.1,GoCo-dense-knap (tie-level path),adapt_538.398_to_526.433_q0.4,3.456623341645342e-05,0.04176343522744342,0.19649670813409562,0.04736267953542302,72,109.0,557.0,266,0.8043087971274686,0.048914578580824576,95.0,22
HAP1,64,0.05,0.5,GoCo-knap (paper path),adapt_550_to_525_q0.4,0.2626737140034916,0.04858335434623258,0.21174500677796415,0.05737155658030478,69,106.0,686.0,310,0.8454810495626822,0.058930853175894714,92.0,71
HAP1,64,0.05,0.5,GoCo-dense-knap (tie-level path),adapt_538.398_to_526.433_q0.4,3.456623341645342e-05,0.04176343522744342,0.19649670813409562,0.04736267953542302,72,109.0,557.0,266,0.8043087971274686,0.048914578580824576,95.0,22
HAP1,64,0.2,0.1,GoCo-knap (paper path),adapt_400_to_375_q0.5,0.002366835959402752,0.18848746801204433,0.38692020726378035,0.1909632676054095,116,189.0,3413.0,924,0.9446234983885144,0.1930883081916751,159.0,477
HAP1,64,0.2,0.1,GoCo-dense-knap (tie-level path),adapt_404.949_to_394.825_q0.5,0.0009454747657968163,0.18735577201630293,0.3863520305508365,0.18955783028762394,108,175.0,2823.0,917,0.9380092100602196,0.19158660674685116,149.0,297
HAP1,64,0.2,0.5,GoCo-knap (paper path),adapt_400_to_375_q0.6,0.16470244667853012,0.1959647998226996,0.3927638832710543,0.1992759935084947,117,191.0,3511.0,960,0.9455995442893762,0.20143802181263262,160.0,557
HAP1,64,0.2,0.5,GoCo-dense-knap (tie-level path),adapt_404.949_to_394.825_q0.5,0.0009454747657968163,0.18735577201630293,0.3863520305508365,0.18955783028762394,108,175.0,2823.0,917,0.9380092100602196,0.19158660674685116,149.0,297
HAP1,65,0.05,0.1,GoCo-knap (paper path),adapt_550_to_525_q0.2,0.012435156687343924,0.045169403793887994,0.20441014812409436,0.04892730812099421,73,115.0,619.0,273,0.81421647819063,0.05079158528799276,99.0,36
HAP1,65,0.05,0.1,GoCo-dense-knap (tie-level path),adapt_538.398_to_526.433_q0.175,0.0024421587434146565,0.04401697212465593,0.20179955724405046,0.04800155834256412,73,117.0,611.0,269,0.8085106382978723,0.049858437959374294,101.0,27
HAP1,65,0.05,0.5,GoCo-knap (paper path),adapt_550_to_525_q0.3,0.3183403234726021,0.04894215124173531,0.21260573128419635,0.05225620292791831,73,115.0,666.0,288,0.8273273273273273,0.054120480094916865,99.0,59
HAP1,65,0.05,0.5,GoCo-dense-knap (tie-level path),adapt_538.398_to_526.433_q0.3,0.31145704049925915,0.048899351174811284,0.21248950007884004,0.05221815843133465,73,117.0,670.0,288,0.8253731343283582,0.05407503804814482,101.0,56
HAP1,65,0.2,0.1,GoCo-knap (paper path),adapt_400_to_375_q0.5,0.08138385638223977,0.19424520507355664,0.3913902481968157,0.18801408539506737,118,203.0,3338.0,911,0.939185140802876,0.1901534447174468,172.0,454
HAP1,65,0.2,0.1,GoCo-dense-knap (tie-level path),adapt_404.949_to_394.825_q0.4,0.0005651393121811795,0.18676837978167793,0.38578972228749076,0.18169812393476845,112,192.0,2707.0,882,0.9290727742888807,0.18369380358889323,165.0,248
HAP1,65,0.2,0.5,GoCo-knap (paper path),adapt_400_to_375_q0.5,0.08138385638223977,0.19424520507355664,0.3913902481968157,0.18801408539506737,118,203.0,3338.0,911,0.939185140802876,0.1901534447174468,172.0,454
HAP1,65,0.2,0.5,GoCo-dense-knap (tie-level path),adapt_404.949_to_394.825_q0.4,0.0005651393121811795,0.18676837978167793,0.38578972228749076,0.18169812393476845,112,192.0,2707.0,882,0.9290727742888807,0.18369380358889323,165.0,248
HAP1,66,0.05,0.1,GoCo-knap (paper path),adapt_550_to_525_q0.4,0.011323004836494574,0.045130286476530605,0.20281597455376535,0.04220069891285801,62,106.0,522.0,236,0.7969348659003831,0.04414651719162954,92.0,21
HAP1,66,0.05,0.1,GoCo-dense-knap (tie-level path),adapt_538.398_to_526.433_q0.4,0.01039508148633157,0.04506595026994355,0.20261370306581516,0.04206427671197145,63,112.0,528.0,236,0.7878787878787878,0.044007012679266815,98.0,20
HAP1,66,0.05,0.5,GoCo-knap (paper path),adapt_550_to_525_q0.4,0.011323004836494574,0.045130286476530605,0.20281597455376535,0.04220069891285801,62,106.0,522.0,236,0.7969348659003831,0.04414651719162954,92.0,21
HAP1,66,0.05,0.5,GoCo-dense-knap (tie-level path),adapt_538.398_to_526.433_q0.4,0.01039508148633157,0.04506595026994355,0.20261370306581516,0.04206427671197145,63,112.0,528.0,236,0.7878787878787878,0.044007012679266815,98.0,20
HAP1,66,0.2,0.1,GoCo-knap (paper path),adapt_400_to_375_q0.5,0.08243099288992006,0.19427763461352346,0.3911235722793983,0.18939434133116215,112,198.0,3391.0,914,0.9416101445001475,0.1919188052647335,165.0,504
HAP1,66,0.2,0.1,GoCo-dense-knap (tie-level path),adapt_404.949_to_394.825_q0.5,0.004841802277971578,0.18943897724197908,0.38755412231817155,0.18518666638316866,102,188.0,2800.0,894,0.9328571428571428,0.18748026529696588,161.0,320
HAP1,66,0.2,0.5,GoCo-knap (paper path),adapt_400_to_375_q0.6,0.4940276604035956,0.19993764446627496,0.3953984303620547,0.1939234876574488,117,204.0,3486.0,936,0.9414802065404475,0.1967592649046072,168.0,599
HAP1,66,0.2,0.5,GoCo-dense-knap (tie-level path),adapt_404.949_to_394.825_q0.5,0.004841802277971578,0.18943897724197908,0.38755412231817155,0.18518666638316866,102,188.0,2800.0,894,0.9328571428571428,0.18748026529696588,161.0,320
HAP1,67,0.05,0.1,GoCo-knap (paper path),adapt_550_to_525_q0.175,0.002432094722736589,0.04402717175454073,0.20136060190136654,0.04719333660851253,59,88.0,555.0,257,0.8414414414414414,0.048845454772683816,77.0,16
HAP1,67,0.05,0.1,GoCo-dense-knap (tie-level path),adapt_538.398_to_526.433_q0.125,0.002376560702315059,0.04401338542904581,0.2012954563258197,0.04713863962446908,60,91.0,558.0,257,0.8369175627240143,0.04878829193416829,80.0,15
HAP1,67,0.05,0.5,GoCo-knap (paper path),adapt_550_to_525_q0.25,0.3127303540948304,0.048909550804696084,0.21207243748545604,0.050744157735898236,59,88.0,621.0,273,0.8582930756843801,0.052396275900069525,77.0,45
HAP1,67,0.05,0.5,GoCo-dense-knap (tie-level path),adapt_538.398_to_526.433_q0.2,0.3104975280255378,0.04889576447920116,0.21201090090015548,0.050689460751854785,60,91.0,624.0,273,0.8541666666666666,0.052339113061554,80.0,44
HAP1,67,0.2,0.1,GoCo-knap (paper path),adapt_400_to_375_q0.5,0.008942443261542537,0.1903218567566479,0.3879915519153034,0.1902092665407428,98,159.0,3331.0,911,0.9522665866106275,0.19177873474303955,136.0,478
HAP1,67,0.2,0.1,GoCo-dense-knap (tie-level path),adapt_404.949_to_394.825_q0.5,0.0005287511686042751,0.1867070938470863,0.38534569117300993,0.18511327539636355,93,147.0,2786.0,888,0.9472361809045227,0.18688349804770296,125.0,306
HAP1,67,0.2,0.5,GoCo-knap (paper path),adapt_400_to_375_q0.6,0.15236697341318584,0.19575905160795726,0.3922696038209003,0.1937600876681285,98,159.0,3376.0,927,0.9529028436018957,0.19532955587042528,136.0,502
HAP1,67,0.2,0.5,GoCo-dense-knap (tie-level path),adapt_404.949_to_394.825_q0.5,0.0005287511686042751,0.1867070938470863,0.38534569117300993,0.18511327539636355,93,147.0,2786.0,888,0.9472361809045227,0.18688349804770296,125.0,306
HAP1,68,0.05,0.1,GoCo-knap (paper path),adapt_550_to_525_q0.275,0.06188325381891571,0.04663933741810901,0.20727799498222468,0.042376911017136,67,106.0,543.0,240,0.8047882136279927,0.04449595510959625,89.0,24
HAP1,68,0.05,0.1,GoCo-dense-knap (tie-level path),adapt_538.398_to_526.433_q0.25,0.06275266859693371,0.04665413250525793,0.20731986726602414,0.042376911017136,67,106.0,544.0,240,0.8051470588235294,0.04449595510959625,89.0,19
HAP1,68,0.05,0.5,GoCo-knap (paper path),adapt_550_to_525_q0.35,0.11016344535755757,0.047305116379493826,0.20872805255728985,0.04326461629898242,67,106.0,555.0,244,0.809009009009009,0.045383660391442676,89.0,30
HAP1,68,0.05,0.5,GoCo-dense-knap (tie-level path),adapt_538.398_to_526.433_q0.25,0.06275266859693371,0.04665413250525793,0.20731986726602414,0.042376911017136,67,106.0,544.0,240,0.8051470588235294,0.04449595510959625,89.0,19
HAP1,68,0.2,0.1,GoCo-knap (paper path),adapt_400_to_375_q0.4,9.904394556845209e-05,0.1849669528140447,0.383483150506695,0.17718408496854468,104,186.0,3169.0,855,0.941306405806248,0.17919367902010638,157.0,420
HAP1,68,0.2,0.1,GoCo-dense-knap (tie-level path),adapt_404.949_to_394.825_q0.5,0.03739215276820633,0.1926820036908467,0.3898948407695051,0.1867935266420146,97,177.0,2752.0,898,0.9356831395348837,0.18871627162019253,152.0,311
HAP1,68,0.2,0.5,GoCo-knap (paper path),adapt_400_to_375_q0.5,0.17040889165180012,0.19606326883712505,0.3923360944290432,0.1883728702896127,105,188.0,3308.0,906,0.9431680773881499,0.19036397047893133,159.0,477
HAP1,68,0.2,0.5,GoCo-dense-knap (tie-level path),adapt_404.949_to_394.825_q0.5,0.03739215276820633,0.1926820036908467,0.3898948407695051,0.1867935266420146,97,177.0,2752.0,898,0.9356831395348837,0.18871627162019253,152.0,311
HAP1,69,0.05,0.1,GoCo-knap (paper path),adapt_550_to_525_q0.175,0.016458299794623644,0.045405933053901976,0.20445459878055008,0.045681067237682574,66,95.0,517.0,253,0.816247582205029,0.046934950942999515,85.0,18
HAP1,69,0.05,0.1,GoCo-dense-knap (tie-level path),adapt_538.398_to_526.433_q0.175,0.014721713161002452,0.045317066473745,0.2041600707890374,0.04562329595823368,66,98.0,524.0,253,0.8129770992366412,0.04686978211336225,88.0,18
HAP1,69,0.05,0.5,GoCo-knap (paper path),adapt_550_to_525_q0.225,0.39473484910564965,0.049400606822210896,0.2131141373370556,0.05233885685153077,66,95.0,589.0,283,0.8387096774193549,0.053592740556847714,85.0,54
HAP1,69,0.05,0.5,GoCo-dense-knap (tie-level path),adapt_538.398_to_526.433_q0.225,0.3794256962326309,0.04931174024205392,0.21283326117169682,0.05228108557208189,66,98.0,598.0,283,0.8361204013377926,0.05352757172721045,88.0,55
HAP1,69,0.2,0.1,GoCo-knap (paper path),adapt_400_to_375_q0.6,0.04432338859119723,0.19300725254491866,0.389898010498036,0.19970448016855805,113,177.0,3412.0,958,0.9481242672919109,0.2011104618714642,155.0,535
HAP1,69,0.2,0.1,GoCo-dense-knap (tie-level path),adapt_404.949_to_394.825_q0.6,0.00024093271883182495,0.18586078761381095,0.3845304831979164,0.19588478798475786,106,167.0,2793.0,939,0.9402076620121733,0.1970763209755824,147.0,314
HAP1,69,0.2,0.5,GoCo-knap (paper path),adapt_400_to_375_q0.6,0.04432338859119723,0.19300725254491866,0.389898010498036,0.19970448016855805,113,177.0,3412.0,958,0.9481242672919109,0.2011104618714642,155.0,535
HAP1,69,0.2,0.5,GoCo-dense-knap (tie-level path),adapt_404.949_to_394.825_q0.6,0.00024093271883182495,0.18586078761381095,0.3845304831979164,0.19588478798475786,106,167.0,2793.0,939,0.9402076620121733,0.1970763209755824,147.0,314
HAP1,70,0.05,0.1,GoCo-knap (paper path),adapt_550_to_525_q0.15,0.04546401960820901,0.04632912894328118,0.2061383370850475,0.042302327087546686,59,86.0,521.0,237,0.8349328214971209,0.04412828753563863,72.0,21
HAP1,70,0.05,0.1,GoCo-dense-knap (tie-level path),adapt_538.398_to_526.433_q0.175,0.044019273797744556,0.046298081682779185,0.20601557326164274,0.042282151973517375,60,88.0,526.0,237,0.8326996197718631,0.04409824901694887,74.0,20
HAP1,70,0.05,0.5,GoCo-knap (paper path),adapt_550_to_525_q0.175,0.3258244622673487,0.04899224478882046,0.21190157621151245,0.045853148214932395,59,86.0,565.0,253,0.8477876106194691,0.04767910866302434,72.0,43
HAP1,70,0.05,0.5,GoCo-dense-knap (tie-level path),adapt_538.398_to_526.433_q0.175,0.044019273797744556,0.046298081682779185,0.20601557326164274,0.042282151973517375,60,88.0,526.0,237,0.8326996197718631,0.04409824901694887,74.0,20
HAP1,70,0.2,0.1,GoCo-knap (paper path),adapt_400_to_375_q0.6,0.005381849787211838,0.18959854359672804,0.38718381045822026,0.19938075821557363,103,162.0,3481.0,956,0.9534616489514507,0.20185637597740358,128.0,539
HAP1,70,0.2,0.1,GoCo-dense-knap (tie-level path),adapt_404.949_to_394.825_q0.5,0.00010152604420906209,0.18498094418427968,0.38377116711291975,0.19308785989358063,94,146.0,2828.0,925,0.9483734087694484,0.19529330472164666,118.0,305
HAP1,70,0.2,0.5,GoCo-knap (paper path),adapt_400_to_375_q0.6,0.005381849787211838,0.18959854359672804,0.38718381045822026,0.19938075821557363,103,162.0,3481.0,956,0.9534616489514507,0.20185637597740358,128.0,539
HAP1,70,0.2,0.5,GoCo-dense-knap (tie-level path),adapt_404.949_to_394.825_q0.5,0.00010152604420906209,0.18498094418427968,0.38377116711291975,0.19308785989358063,94,146.0,2828.0,925,0.9483734087694484,0.19529330472164666,118.0,305
HAP1,71,0.05,0.1,GoCo-knap (paper path),adapt_550_to_525_q0.15,0.04371974358883509,0.04628511195480691,0.20634717772240563,0.04230634609540727,66,98.0,570.0,241,0.8280701754385965,0.044064944068484976,84.0,28
HAP1,71,0.05,0.1,GoCo-dense-knap (tie-level path),adapt_538.398_to_526.433_q0.15,0.053311739101194966,0.04648585440619914,0.20675020136540442,0.04248837051897434,67,100.0,579.0,242,0.8272884283246977,0.04424696849205205,86.0,26
HAP1,71,0.05,0.5,GoCo-knap (paper path),adapt_550_to_525_q0.225,0.49061242101258185,0.049946896242423426,0.2142161552872149,0.047854504106947436,66,98.0,644.0,266,0.8478260869565217,0.049613102080025145,84.0,64
HAP1,71,0.05,0.5,GoCo-dense-knap (tie-level path),adapt_538.398_to_526.433_q0.175,0.4868637718981967,0.04992571237335404,0.21413514806233389,0.0478146022100529,67,100.0,649.0,266,0.8459167950693375,0.04957320018313061,86.0,61
HAP1,71,0.2,0.1,GoCo-knap (paper path),adapt_400_to_375_q0.4,2.0199194330857834e-05,0.183462490113944,0.38242609396945304,0.17477102047249946,106,167.0,3067.0,846,0.9455493968046952,0.17670699137213808,143.0,398
HAP1,71,0.2,0.1,GoCo-dense-knap (tie-level path),adapt_404.949_to_394.825_q0.5,0.014233533082218626,0.1910271835321196,0.3888112547026759,0.18352269130947851,100,155.0,2706.0,884,0.942719881744272,0.18526279543354096,135.0,292
HAP1,71,0.2,0.5,GoCo-knap (paper path),adapt_400_to_375_q0.5,0.12929216390067289,0.19533554825863994,0.39195061469365555,0.18697696809788783,106,167.0,3198.0,901,0.9477798624140088,0.18891293899752645,143.0,453
HAP1,71,0.2,0.5,GoCo-dense-knap (tie-level path),adapt_404.949_to_394.825_q0.5,0.014233533082218626,0.1910271835321196,0.3888112547026759,0.18352269130947851,100,155.0,2706.0,884,0.942719881744272,0.18526279543354096,135.0,292
HAP1,72,0.05,0.1,GoCo-knap (paper path),adapt_550_to_525_q0.15,0.019311540243819144,0.045544917212821515,0.20449278621152828,0.043147632600041,71,110.0,561.0,249,0.803921568627451,0.04441059511394645,100.0,26
HAP1,72,0.05,0.1,GoCo-dense-knap (tie-level path),adapt_538.398_to_526.433_q0.125,0.0182560921679899,0.045498946776693784,0.20433083476537517,0.04311592884186475,71,112.0,564.0,249,0.8014184397163121,0.044378891355770195,102.0,23
HAP1,72,0.05,0.5,GoCo-knap (paper path),adapt_550_to_525_q0.2,0.4774287459869895,0.04987248046182285,0.21385027013792385,0.04780808532973475,71,110.0,631.0,270,0.8256735340729001,0.049071047843640185,100.0,61
HAP1,72,0.05,0.5,GoCo-dense-knap (tie-level path),adapt_538.398_to_526.433_q0.175,0.4107197171178765,0.04949362054500271,0.21299366067411413,0.047776381571558495,71,112.0,634.0,270,0.8233438485804416,0.04903934408546393,102.0,58
HAP1,72,0.2,0.1,GoCo-knap (paper path),adapt_400_to_375_q0.5,0.0030861385888197347,0.18883998910295027,0.3868696594659774,0.1941131304336081,111,184.0,3343.0,936,0.9449596171103799,0.19574499584956007,160.0,470
HAP1,72,0.2,0.1,GoCo-dense-knap (tie-level path),adapt_404.949_to_394.825_q0.5,0.002764752364469515,0.1886863852034687,0.38711054144251605,0.19254667029492442,105,170.0,2735.0,927,0.9378427787934186,0.19409901767149004,149.0,287
HAP1,72,0.2,0.5,GoCo-knap (paper path),adapt_400_to_375_q0.6,0.25560173999288105,0.1972771522552238,0.393452016822946,0.20390008117456304,111,185.0,3461.0,979,0.9465472406818839,0.2055134527282719,161.0,550
HAP1,72,0.2,0.5,GoCo-dense-knap (tie-level path),adapt_404.949_to_394.825_q0.5,0.002764752364469515,0.1886863852034687,0.38711054144251605,0.19254667029492442,105,170.0,2735.0,927,0.9378427787934186,0.19409901767149004,149.0,287
HAP1,73,0.05,0.1,GoCo-knap (paper path),adapt_550_to_525_q0.125,0.06828063193709225,0.04675122126573147,0.20716570674400553,0.0417887261720218,55,82.0,511.0,231,0.8395303326810176,0.0431880949141976,70.0,21
HAP1,73,0.05,0.1,GoCo-dense-knap (tie-level path),adapt_538.398_to_526.433_q0.35,0.021415018598910585,0.045635248928322984,0.20458183076394967,0.04054347293090143,57,83.0,443.0,226,0.8126410835214447,0.041942841673077234,71.0,18
HAP1,73,0.05,0.5,GoCo-knap (paper path),adapt_550_to_525_q0.125,0.06828063193709225,0.04675122126573147,0.20716570674400553,0.0417887261720218,55,82.0,511.0,231,0.8395303326810176,0.0431880949141976,70.0,21
HAP1,73,0.05,0.5,GoCo-dense-knap (tie-level path),adapt_538.398_to_526.433_q0.35,0.021415018598910585,0.045635248928322984,0.20458183076394967,0.04054347293090143,57,83.0,443.0,226,0.8126410835214447,0.041942841673077234,71.0,18
HAP1,73,0.2,0.1,GoCo-knap (paper path),adapt_400_to_375_q0.5,0.002129410463894411,0.18837214958400553,0.3861874976102342,0.1824535300704674,95,160.0,3210.0,873,0.9501557632398754,0.18447035355960534,130.0,443
HAP1,73,0.2,0.1,GoCo-dense-knap (tie-level path),adapt_404.949_to_394.825_q0.6,0.0685662228183858,0.19387944110475325,0.3908595817359026,0.18787769115452654,88,147.0,2724.0,895,0.9460352422907489,0.1897000649136223,122.0,308
HAP1,73,0.2,0.5,GoCo-knap (paper path),adapt_400_to_375_q0.6,0.38397111201887874,0.1987744174613272,0.3943043802679692,0.1928285855454336,97,163.0,3334.0,920,0.9511097780443911,0.19482691517232842,133.0,517
HAP1,73,0.2,0.5,GoCo-dense-knap (tie-level path),adapt_404.949_to_394.825_q0.6,0.0685662228183858,0.19387944110475325,0.3908595817359026,0.18787769115452654,88,147.0,2724.0,895,0.9460352422907489,0.1897000649136223,122.0,308
HAP1,74,0.05,0.1,GoCo-knap (paper path),adapt_550_to_525_q0.3,0.09679598165825182,0.047156288839555874,0.2076557414635138,0.040223705255345035,48,73.0,419.0,220,0.8257756563245824,0.04207705423612887,61.0,6
HAP1,74,0.05,0.1,GoCo-dense-knap (tie-level path),adapt_538.398_to_526.433_q0.3,0.09213182202744341,0.04710013878065059,0.20733584920917697,0.04018187391932573,48,75.0,422.0,220,0.8222748815165877,0.04203214058863339,63.0,6
HAP1,74,0.05,0.5,GoCo-knap (paper path),adapt_550_to_525_q0.3,0.09679598165825182,0.047156288839555874,0.2076557414635138,0.040223705255345035,48,73.0,419.0,220,0.8257756563245824,0.04207705423612887,61.0,6
HAP1,74,0.05,0.5,GoCo-dense-knap (tie-level path),adapt_538.398_to_526.433_q0.3,0.09213182202744341,0.04710013878065059,0.20733584920917697,0.04018187391932573,48,75.0,422.0,220,0.8222748815165877,0.04203214058863339,63.0,6
HAP1,74,0.2,0.1,GoCo-knap (paper path),adapt_400_to_375_q0.5,0.020554771237479067,0.19164378241637098,0.38839581035336557,0.18228361067761858,95,147.0,3271.0,875,0.9550596147966982,0.18465883878075806,119.0,465
HAP1,74,0.2,0.1,GoCo-dense-knap (tie-level path),adapt_404.949_to_394.825_q0.5,0.005000394798792675,0.18950029521935843,0.38696813417791526,0.1796684027167886,85,135.0,2646.0,862,0.9489795918367347,0.18193848001205598,110.0,274
HAP1,74,0.2,0.5,GoCo-knap (paper path),adapt_400_to_375_q0.6,0.18542127026087263,0.19630423514606474,0.3920506916615671,0.1874101086789589,95,147.0,3334.0,898,0.9559088182363528,0.18978533678209838,119.0,505
HAP1,74,0.2,0.5,GoCo-dense-knap (tie-level path),adapt_404.949_to_394.825_q0.5,0.005000394798792675,0.18950029521935843,0.38696813417791526,0.1796684027167886,85,135.0,2646.0,862,0.9489795918367347,0.18193848001205598,110.0,274
HAP1,75,0.05,0.1,GoCo-knap (paper path),adapt_550_to_525_q0.175,0.08400431134128389,0.046973155589035975,0.20842639637272373,0.04874822992089056,68,101.0,596.0,270,0.8305369127516778,0.050408978549258424,87.0,35
HAP1,75,0.05,0.1,GoCo-dense-knap (tie-level path),adapt_538.398_to_526.433_q0.175,0.00045965866710481805,0.043033515076292286,0.19955193335063204,0.047446262172418756,68,101.0,582.0,264,0.8264604810996563,0.04909221570040986,87.0,24
HAP1,75,0.05,0.5,GoCo-knap (paper path),adapt_550_to_525_q0.3,0.43594372727822306,0.04963627143457525,0.2141200515003767,0.05252097736873788,68,101.0,640.0,287,0.8421875,0.05418172599710574,87.0,56
HAP1,75,0.05,0.5,GoCo-dense-knap (tie-level path),adapt_538.398_to_526.433_q0.275,0.40681991704826526,0.04946937836967888,0.21368551991396306,0.05232864122257411,68,101.0,642.0,286,0.8426791277258567,0.05397459475056521,87.0,53
HAP1,75,0.2,0.1,GoCo-knap (paper path),adapt_400_to_375_q0.6,0.0010623431199921311,0.18750839515415976,0.385989628117129,0.19044302793486723,119,191.0,3350.0,920,0.9429850746268656,0.19308958983373706,156.0,505
HAP1,75,0.2,0.1,GoCo-dense-knap (tie-level path),adapt_404.949_to_394.825_q0.5,0.00015291138572407205,0.185372961991782,0.3846109289191916,0.18791557556779662,109,173.0,2779.0,907,0.937747391147895,0.19035474759602197,144.0,297
HAP1,75,0.2,0.5,GoCo-knap (paper path),adapt_400_to_375_q0.6,0.0010623431199921311,0.18750839515415976,0.385989628117129,0.19044302793486723,119,191.0,3350.0,920,0.9429850746268656,0.19308958983373706,156.0,505
HAP1,75,0.2,0.5,GoCo-dense-knap (tie-level path),adapt_404.949_to_394.825_q0.5,0.00015291138572407205,0.185372961991782,0.3846109289191916,0.18791557556779662,109,173.0,2779.0,907,0.937747391147895,0.19035474759602197,144.0,297
HAP1,76,0.05,0.1,GoCo-knap (paper path),adapt_550_to_525_q0.225,0.023478717695389992,0.04569225163061355,0.20584112302472068,0.040421557575927226,73,120.0,537.0,233,0.776536312849162,0.042255363905371636,104.0,16
HAP1,76,0.05,0.1,GoCo-dense-knap (tie-level path),adapt_538.398_to_526.433_q0.175,0.013335856281191332,0.045219817577046496,0.204752239996835,0.03973067180479679,75,123.0,523.0,231,0.7648183556405354,0.04155708058405282,107.0,10
HAP1,76,0.05,0.5,GoCo-knap (paper path),adapt_550_to_525_q0.225,0.023478717695389992,0.04569225163061355,0.20584112302472068,0.040421557575927226,73,120.0,537.0,233,0.776536312849162,0.042255363905371636,104.0,16
HAP1,76,0.05,0.5,GoCo-dense-knap (tie-level path),adapt_538.398_to_526.433_q0.175,0.013335856281191332,0.045219817577046496,0.204752239996835,0.03973067180479679,75,123.0,523.0,231,0.7648183556405354,0.04155708058405282,107.0,10
HAP1,76,0.2,0.1,GoCo-knap (paper path),adapt_400_to_375_q0.4,1.143853094583775e-06,0.18103889867008605,0.38085783401180806,0.18108791463768223,113,197.0,3187.0,876,0.9381863821775965,0.18349654376639085,167.0,422
HAP1,76,0.2,0.1,GoCo-dense-knap (tie-level path),adapt_404.949_to_394.825_q0.5,0.0014820197048590572,0.1878917496858096,0.38683395335287785,0.18860161769101738,107,188.0,2753.0,908,0.9317108608790411,0.19087735523502403,161.0,295
HAP1,76,0.2,0.5,GoCo-knap (paper path),adapt_400_to_375_q0.4,1.143853094583775e-06,0.18103889867008605,0.38085783401180806,0.18108791463768223,113,197.0,3187.0,876,0.9381863821775965,0.18349654376639085,167.0,422
HAP1,76,0.2,0.5,GoCo-dense-knap (tie-level path),adapt_404.949_to_394.825_q0.5,0.0014820197048590572,0.1878917496858096,0.38683395335287785,0.18860161769101738,107,188.0,2753.0,908,0.9317108608790411,0.19087735523502403,161.0,295
HAP1,77,0.05,0.1,GoCo-knap (paper path),adapt_550_to_525_q0.275,0.025379273588253128,0.04577757156575144,0.20518992674073827,0.044250603217947396,58,100.0,518.0,244,0.806949806949807,0.045557150391541845,87.0,26
HAP1,77,0.05,0.1,GoCo-dense-knap (tie-level path),adapt_538.398_to_526.433_q0.225,0.004932309843472658,0.04450096684035544,0.20229562635299891,0.04379512587230681,58,101.0,508.0,242,0.8011811023622047,0.045094275495712884,88.0,17
HAP1,77,0.05,0.5,GoCo-knap (paper path),adapt_550_to_525_q0.35,0.4597269330042318,0.04977224533406036,0.213812743907004,0.04868912962717953,58,100.0,568.0,264,0.823943661971831,0.049995676800773985,87.0,51
HAP1,77,0.05,0.5,GoCo-dense-knap (tie-level path),adapt_538.398_to_526.433_q0.3,0.4498326300543789,0.0497162353712032,0.21365257069045868,0.04867750492246216,58,101.0,570.0,264,0.8228070175438597,0.049976654545868235,88.0,48
HAP1,77,0.2,0.1,GoCo-knap (paper path),adapt_400_to_375_q0.5,7.223435580500567e-05,0.18465116291682665,0.38340514396761155,0.1866104494246228,102,189.0,3172.0,896,0.9404161412358134,0.18848321695646286,159.0,452
HAP1,77,0.2,0.1,GoCo-dense-knap (tie-level path),adapt_404.949_to_394.825_q0.5,5.23477445256815e-06,0.18227297874044376,0.3818383276334769,0.18576831028983162,96,181.0,2667.0,892,0.9321334833145857,0.18759375034479686,154.0,297
HAP1,77,0.2,0.5,GoCo-knap (paper path),adapt_400_to_375_q0.5,7.223435580500567e-05,0.18465116291682665,0.38340514396761155,0.1866104494246228,102,189.0,3172.0,896,0.9404161412358134,0.18848321695646286,159.0,452
HAP1,77,0.2,0.5,GoCo-dense-knap (tie-level path),adapt_404.949_to_394.825_q0.5,5.23477445256815e-06,0.18227297874044376,0.3818383276334769,0.18576831028983162,96,181.0,2667.0,892,0.9321334833145857,0.18759375034479686,154.0,297
HAP1,78,0.05,0.1,GoCo-knap (paper path),adapt_550_to_525_q0.225,0.04819786521184464,0.04638319345471386,0.20651531658243238,0.04884968194044065,70,111.0,601.0,274,0.8153078202995009,0.05066701191110819,95.0,37
HAP1,78,0.05,0.1,GoCo-dense-knap (tie-level path),adapt_538.398_to_526.433_q0.2,0.05192081233376723,0.0464592824875647,0.20665487581043468,0.04946156452615368,70,114.0,615.0,277,0.8146341463414634,0.051271496946632834,98.0,40
HAP1,78,0.05,0.5,GoCo-knap (paper path),adapt_550_to_525_q0.275,0.3909982410157572,0.04937919878094555,0.21297341775954867,0.051068945145056714,70,111.0,633.0,284,0.8246445497630331,0.05288627511572425,95.0,53
HAP1,78,0.05,0.5,GoCo-dense-knap (tie-level path),adapt_538.398_to_526.433_q0.25,0.34744158286055504,0.049122398333103987,0.21240246809542646,0.051015048769384924,70,114.0,639.0,284,0.8215962441314554,0.05282498118986408,98.0,52
HAP1,78,0.2,0.1,GoCo-knap (paper path),adapt_400_to_375_q0.5,0.0008853206100777777,0.18730559517516596,0.38548036827432075,0.18940819818088334,104,185.0,3193.0,914,0.9420607579079235,0.19184658561303675,154.0,438
HAP1,78,0.2,0.1,GoCo-dense-knap (tie-level path),adapt_404.949_to_394.825_q0.5,5.463090626819878e-05,0.18437180368505052,0.38345596868115417,0.185566230851097,100,178.0,2685.0,896,0.933705772811918,0.18792324529731744,149.0,270
HAP1,78,0.2,0.5,GoCo-knap (paper path),adapt_400_to_375_q0.5,0.0008853206100777777,0.18730559517516596,0.38548036827432075,0.18940819818088334,104,185.0,3193.0,914,0.9420607579079235,0.19184658561303675,154.0,438
HAP1,78,0.2,0.5,GoCo-dense-knap (tie-level path),adapt_404.949_to_394.825_q0.5,5.463090626819878e-05,0.18437180368505052,0.38345596868115417,0.185566230851097,100,178.0,2685.0,896,0.933705772811918,0.18792324529731744,149.0,270
HAP1,79,0.05,0.1,GoCo-knap (paper path),adapt_550_to_525_q0.25,0.07523256021830749,0.04685478687908085,0.20765139373115715,0.04820486268254317,59,104.0,574.0,263,0.818815331010453,0.049506830431014975,95.0,44
HAP1,79,0.05,0.1,GoCo-dense-knap (tie-level path),adapt_538.398_to_526.433_q0.225,0.0716573675901868,0.046801418899378666,0.20747128581088897,0.048187954011515835,59,106.0,579.0,263,0.8169257340241797,0.04948252420979926,97.0,43
HAP1,79,0.05,0.5,GoCo-knap (paper path),adapt_550_to_525_q0.35,0.4150804517880754,0.04951790272462014,0.21336720818174115,0.050424125887159235,59,104.0,594.0,273,0.8249158249158249,0.05172609363563104,95.0,54
HAP1,79,0.05,0.5,GoCo-dense-knap (tie-level path),adapt_538.398_to_526.433_q0.35,0.4057719122692632,0.04946453474491795,0.21319259577909075,0.0504072172161319,59,106.0,599.0,273,0.8230383973288815,0.05170178741441533,97.0,53
HAP1,79,0.2,0.1,GoCo-knap (paper path),adapt_400_to_375_q0.5,0.03864446516119865,0.19274412410038608,0.3898997478985119,0.18742001216728,90,165.0,3263.0,892,0.9494330370824394,0.18899737028971386,145.0,487
HAP1,79,0.2,0.1,GoCo-dense-knap (tie-level path),adapt_404.949_to_394.825_q0.6,0.0871559297996351,0.1944007037469561,0.3912832231733772,0.190912117276306,82,150.0,2738.0,904,0.9452154857560263,0.192313951863033,134.0,336
HAP1,79,0.2,0.5,GoCo-knap (paper path),adapt_400_to_375_q0.5,0.03864446516119865,0.19274412410038608,0.3898997478985119,0.18742001216728,90,165.0,3263.0,892,0.9494330370824394,0.18899737028971386,145.0,487
HAP1,79,0.2,0.5,GoCo-dense-knap (tie-level path),adapt_404.949_to_394.825_q0.6,0.0871559297996351,0.1944007037469561,0.3912832231733772,0.190912117276306,82,150.0,2738.0,904,0.9452154857560263,0.192313951863033,134.0,336
HAP1,80,0.05,0.1,GoCo-knap (paper path),adapt_550_to_525_q0.15,0.03555549812166572,0.04607969799268738,0.20620953275449713,0.044521502221207376,58,93.0,543.0,243,0.8287292817679558,0.04612245403736155,78.0,21
HAP1,80,0.05,0.1,GoCo-dense-knap (tie-level path),adapt_538.398_to_526.433_q0.1,0.019564050917073673,0.04554703080992777,0.20492518454985398,0.0442269054575068,60,98.0,543.0,242,0.8195211786372008,0.04581737741199642,83.0,18
HAP1,80,0.05,0.5,GoCo-knap (paper path),adapt_550_to_525_q0.15,0.03555549812166572,0.04607969799268738,0.20620953275449713,0.044521502221207376,58,93.0,543.0,243,0.8287292817679558,0.04612245403736155,78.0,21
HAP1,80,0.05,0.5,GoCo-dense-knap (tie-level path),adapt_538.398_to_526.433_q0.15,0.49744995462248887,0.049985557219159905,0.21449669870912808,0.048887358187200546,60,98.0,597.0,263,0.8358458961474037,0.05047783014169017,83.0,45
HAP1,80,0.2,0.1,GoCo-knap (paper path),adapt_400_to_375_q0.5,0.010088538600973784,0.19050054592268498,0.3881975650868885,0.18699955059272472,102,172.0,3294.0,898,0.9477838494231937,0.1891128784198524,143.0,464
HAP1,80,0.2,0.1,GoCo-dense-knap (tie-level path),adapt_404.949_to_394.825_q0.5,0.00573956084946006,0.189672071939765,0.38787083974864933,0.18666711190357455,98,163.0,2778.0,896,0.941324694024478,0.18874546952952398,136.0,302
HAP1,80,0.2,0.5,GoCo-knap (paper path),adapt_400_to_375_q0.5,0.010088538600973784,0.19050054592268498,0.3881975650868885,0.18699955059272472,102,172.0,3294.0,898,0.9477838494231937,0.1891128784198524,143.0,464
HAP1,80,0.2,0.5,GoCo-dense-knap (tie-level path),adapt_404.949_to_394.825_q0.6,0.10577090921056354,0.19484427619578307,0.391760470302492,0.1953481298040878,99,165.0,2860.0,936,0.9423076923076923,0.19764841375049885,137.0,360
HAP1,81,0.05,0.1,GoCo-knap (paper path),adapt_550_to_525_q0.05,0.027511515330097748,0.045847628075469084,0.20544758823193365,0.04277075012948214,64,101.0,499.0,240,0.7975951903807615,0.04414361100883628,87.0,3
HAP1,81,0.05,0.1,GoCo-dense-knap (tie-level path),adapt_538.398_to_526.433_q0.125,0.09726563935119797,0.04715562035745904,0.20814258387050724,0.043581045413355904,64,106.0,546.0,244,0.8058608058608059,0.04494096057657342,92.0,14
HAP1,81,0.05,0.5,GoCo-knap (paper path),adapt_550_to_525_q0.175,0.12172706030738017,0.047434401268092355,0.20881085312915276,0.043880381731790166,64,101.0,541.0,245,0.8133086876155268,0.045253242611144315,87.0,15
HAP1,81,0.05,0.5,GoCo-dense-knap (tie-level path),adapt_538.398_to_526.433_q0.175,0.11430832940681546,0.04735535404719726,0.2085340206765973,0.04380297173381751,64,106.0,550.0,245,0.8072727272727273,0.045162886897035036,92.0,15
HAP1,81,0.2,0.1,GoCo-knap (paper path),adapt_400_to_375_q0.5,0.04336028901281879,0.19296244974506468,0.39001904549884203,0.19677348601926553,114,206.0,3438.0,950,0.9400814426992438,0.19953260182196755,168.0,491
HAP1,81,0.2,0.1,GoCo-dense-knap (tie-level path),adapt_404.949_to_394.825_q0.5,0.0015144683411519018,0.18793701962516193,0.3862530120490978,0.19082647707533212,107,193.0,2834.0,923,0.9318983768525053,0.19358744226888822,160.0,303
HAP1,81,0.2,0.5,GoCo-knap (paper path),adapt_400_to_375_q0.6,0.12705099642908052,0.19529267610991155,0.3918422640376106,0.19921467554434322,114,206.0,3475.0,961,0.9407194244604317,0.20197379134704524,168.0,509
HAP1,81,0.2,0.5,GoCo-dense-knap (tie-level path),adapt_404.949_to_394.825_q0.5,0.0015144683411519018,0.18793701962516193,0.3862530120490978,0.19082647707533212,107,193.0,2834.0,923,0.9318983768525053,0.19358744226888822,160.0,303
HAP1,82,0.05,0.1,GoCo-knap (paper path),adapt_550_to_525_q0.275,0.08398019580877852,0.0469709539408161,0.20855434550204355,0.045624961230789775,65,110.0,589.0,251,0.8132427843803056,0.04619545278234901,101.0,33
HAP1,82,0.05,0.1,GoCo-dense-knap (tie-level path),adapt_538.398_to_526.433_q0.25,0.031958063010032504,0.04597228549873887,0.2063711851636299,0.044544919802779574,65,110.0,583.0,246,0.8113207547169812,0.045100616253962056,101.0,22
HAP1,82,0.05,0.5,GoCo-knap (paper path),adapt_550_to_525_q0.3,0.22297214333142384,0.048302511863585744,0.21142282471940868,0.0465126665126362,65,110.0,607.0,255,0.8187808896210873,0.047083158064195434,101.0,42
HAP1,82,0.05,0.5,GoCo-dense-knap (tie-level path),adapt_538.398_to_526.433_q0.3,0.47461669183666183,0.04985599610681699,0.21471051991016638,0.0487615198915501,65,110.0,641.0,265,0.828393135725429,0.04931721634273258,101.0,51
HAP1,82,0.2,0.1,GoCo-knap (paper path),adapt_400_to_375_q0.4,0.003980788290123647,0.18917202595348523,0.3873528892968457,0.17895084715093235,105,194.0,3128.0,861,0.9379795396419437,0.18002358159646425,172.0,403
HAP1,82,0.2,0.1,GoCo-dense-knap (tie-level path),adapt_404.949_to_394.825_q0.5,0.023702405660389978,0.1918591109781968,0.38979205912455384,0.18713681589311035,101,183.0,2717.0,898,0.9326463010673537,0.18829076073458603,163.0,292
HAP1,82,0.2,0.5,GoCo-knap (paper path),adapt_400_to_375_q0.5,0.13373379787373868,0.19541854735445668,0.39220778547934043,0.18975161367517232,106,195.0,3282.0,910,0.9405850091407678,0.19093531128093502,172.0,460
HAP1,82,0.2,0.5,GoCo-dense-knap (tie-level path),adapt_404.949_to_394.825_q0.5,0.023702405660389978,0.1918591109781968,0.38979205912455384,0.18713681589311035,101,183.0,2717.0,898,0.9326463010673537,0.18829076073458603,163.0,292
HAP1,83,0.05,0.1,GoCo-knap (paper path),adapt_550_to_525_q0.25,0.09288637231985447,0.047099170053052836,0.20811874038935677,0.04939657179212972,56,88.0,618.0,265,0.8576051779935275,0.05058387759866262,79.0,43
HAP1,83,0.05,0.1,GoCo-dense-knap (tie-level path),adapt_538.398_to_526.433_q0.175,0.0013720597574083944,0.04367410717304685,0.20050734839598733,0.046289603305667226,56,88.0,572.0,251,0.8461538461538461,0.04747690911220012,79.0,17
HAP1,83,0.05,0.5,GoCo-knap (paper path),adapt_550_to_525_q0.3,0.45797346196336863,0.04976228589859212,0.21381901849139834,0.05028427707397615,56,88.0,634.0,269,0.861198738170347,0.05147158288050904,79.0,49
HAP1,83,0.05,0.5,GoCo-dense-knap (tie-level path),adapt_538.398_to_526.433_q0.25,0.4605877568071354,0.04977708098574104,0.21385939404053725,0.05028427707397615,56,88.0,637.0,269,0.8618524332810047,0.05147158288050904,79.0,47
HAP1,83,0.2,0.1,GoCo-knap (paper path),adapt_400_to_375_q0.6,0.021703230923175033,0.19172567298616824,0.3889015923913892,0.19059308189063723,101,165.0,3343.0,914,0.9506431349087646,0.19343091510781912,135.0,492
HAP1,83,0.2,0.1,GoCo-dense-knap (tie-level path),adapt_404.949_to_394.825_q0.5,0.0011657893568691048,0.18762015813735924,0.3860347121996366,0.18549073427333548,92,151.0,2740.0,889,0.9448905109489051,0.1879455820255104,128.0,277
HAP1,83,0.2,0.5,GoCo-knap (paper path),adapt_400_to_375_q0.6,0.021703230923175033,0.19172567298616824,0.3889015923913892,0.19059308189063723,101,165.0,3343.0,914,0.9506431349087646,0.19343091510781912,135.0,492
HAP1,83,0.2,0.5,GoCo-dense-knap (tie-level path),adapt_404.949_to_394.825_q0.5,0.0011657893568691048,0.18762015813735924,0.3860347121996366,0.18549073427333548,92,151.0,2740.0,889,0.9448905109489051,0.1879455820255104,128.0,277
HAP1,84,0.05,0.1,GoCo-knap (paper path),adapt_550_to_525_q0.25,0.003327776485774763,0.04421184614095696,0.20249022977810666,0.04515460870343211,70,109.0,581.0,257,0.8123924268502581,0.046493564169776215,100.0,28
HAP1,84,0.05,0.1,GoCo-dense-knap (tie-level path),adapt_538.398_to_526.433_q0.25,0.0028720581276169407,0.04411791976999295,0.2021674918356261,0.045106957005597303,71,112.0,587.0,257,0.8091993185689949,0.04643851492175302,103.0,28
HAP1,84,0.05,0.5,GoCo-knap (paper path),adapt_550_to_525_q0.35,0.47725960280970353,0.049870967312727936,0.21477660088064965,0.04959313511266425,71,110.0,640.0,278,0.828125,0.05093209057900835,101.0,58
HAP1,84,0.05,0.5,GoCo-dense-knap (tie-level path),adapt_538.398_to_526.433_q0.35,0.46069344669986195,0.04977704094176392,0.21447483061373984,0.049545483414829436,72,113.0,646.0,278,0.8250773993808049,0.05087704133098516,104.0,58
HAP1,84,0.2,0.1,GoCo-knap (paper path),adapt_400_to_375_q0.5,0.016291607462874915,0.19123932834147508,0.38914060167546904,0.19721964040016313,125,205.0,3466.0,957,0.9408540103866128,0.19956551447239548,175.0,493
HAP1,84,0.2,0.1,GoCo-dense-knap (tie-level path),adapt_404.949_to_394.825_q0.5,0.0013857122556356484,0.1878157407144573,0.38658582565610267,0.19609641859161553,116,193.0,2915.0,951,0.9337907375643225,0.19826726149478277,168.0,316
HAP1,84,0.2,0.5,GoCo-knap (paper path),adapt_400_to_375_q0.5,0.016291607462874915,0.19123932834147508,0.38914060167546904,0.19721964040016313,125,205.0,3466.0,957,0.9408540103866128,0.19956551447239548,175.0,493
HAP1,84,0.2,0.5,GoCo-dense-knap (tie-level path),adapt_404.949_to_394.825_q0.5,0.0013857122556356484,0.1878157407144573,0.38658582565610267,0.19609641859161553,116,193.0,2915.0,951,0.9337907375643225,0.19826726149478277,168.0,316
HAP1,85,0.05,0.1,GoCo-knap (paper path),adapt_550_to_525_q0.35,0.0003489053811148274,0.04288210958917036,0.199299450693085,0.05081378592155904,74,118.0,625.0,280,0.8112,0.05227278335010852,101.0,23
HAP1,85,0.05,0.1,GoCo-dense-knap (tie-level path),adapt_538.398_to_526.433_q0.35,0.0002961326352108482,0.04279844290578942,0.1990185556309493,0.05074561484855808,75,122.0,632.0,280,0.8069620253164557,0.05219474887244711,105.0,23
HAP1,85,0.05,0.5,GoCo-knap (paper path),adapt_550_to_525_q0.35,0.0003489053811148274,0.04288210958917036,0.199299450693085,0.05081378592155904,74,118.0,625.0,280,0.8112,0.05227278335010852,101.0,23
HAP1,85,0.05,0.5,GoCo-dense-knap (tie-level path),adapt_538.398_to_526.433_q0.35,0.0002961326352108482,0.04279844290578942,0.1990185556309493,0.05074561484855808,75,122.0,632.0,280,0.8069620253164557,0.05219474887244711,105.0,23
HAP1,85,0.2,0.1,GoCo-knap (paper path),adapt_400_to_375_q0.5,0.007618573259466512,0.19007480976697186,0.388270689337378,0.19279250805834586,121,203.0,3435.0,925,0.9409024745269287,0.19469511792678806,172.0,456
HAP1,85,0.2,0.1,GoCo-dense-knap (tie-level path),adapt_404.949_to_394.825_q0.5,0.0008232617167203769,0.1871933502753179,0.3862560524249334,0.1913293659640745,114,192.0,2867.0,917,0.9330310429019881,0.19304457139529707,165.0,283
HAP1,85,0.2,0.5,GoCo-knap (paper path),adapt_400_to_375_q0.6,0.32795060479583926,0.1981483403952107,0.39449980767965664,0.2009426641116341,122,206.0,3543.0,962,0.9418571831780976,0.20282149616475112,175.0,535
HAP1,85,0.2,0.5,GoCo-dense-knap (tie-level path),adapt_404.949_to_394.825_q0.5,0.0008232617167203769,0.1871933502753179,0.3862560524249334,0.1913293659640745,114,192.0,2867.0,917,0.9330310429019881,0.19304457139529707,165.0,283
HAP1,86,0.05,0.1,GoCo-knap (paper path),adapt_550_to_525_q0.05,0.06995186880566207,0.04677845767826913,0.20717820266053116,0.04388368822207622,50,72.0,463.0,234,0.8444924406047516,0.04475458091330751,64.0,10
HAP1,86,0.05,0.1,GoCo-dense-knap (tie-level path),adapt_538.398_to_526.433_q0.3,0.02424549694620525,0.04574808549455045,0.20457812934329453,0.04332534979435269,51,73.0,439.0,231,0.8337129840546698,0.04412226703661154,65.0,14
HAP1,86,0.05,0.5,GoCo-knap (paper path),adapt_550_to_525_q0.075,0.11717028774934374,0.04738875505953855,0.20844158473184884,0.04454946718346104,50,72.0,496.0,237,0.8548387096774194,0.045420359874692326,64.0,21
HAP1,86,0.05,0.5,GoCo-dense-knap (tie-level path),adapt_538.398_to_526.433_q0.3,0.02424549694620525,0.04574808549455045,0.20457812934329453,0.04332534979435269,51,73.0,439.0,231,0.8337129840546698,0.04412226703661154,65.0,14
HAP1,86,0.2,0.1,GoCo-knap (paper path),adapt_400_to_375_q0.4,0.0001917077373231628,0.1856351323571276,0.3840004782810404,0.17810879793899406,105,166.0,3104.0,859,0.946520618556701,0.1801845896054891,138.0,429
HAP1,86,0.2,0.1,GoCo-dense-knap (tie-level path),adapt_404.949_to_394.825_q0.5,0.015396139180062668,0.19115752519281556,0.38867050927384367,0.18359684289374778,97,152.0,2678.0,883,0.9432412247946228,0.18577114438420658,127.0,297
HAP1,86,0.2,0.5,GoCo-knap (paper path),adapt_400_to_375_q0.5,0.2738310098343771,0.19750819050182356,0.3934213295116412,0.1887612613211512,105,166.0,3223.0,907,0.94849519081601,0.19083705298764622,138.0,478
HAP1,86,0.2,0.5,GoCo-dense-knap (tie-level path),adapt_404.949_to_394.825_q0.5,0.015396139180062668,0.19115752519281556,0.38867050927384367,0.18359684289374778,97,152.0,2678.0,883,0.9432412247946228,0.18577114438420658,127.0,297
HAP1,87,0.05,0.1,GoCo-knap (paper path),adapt_550_to_525_q0.275,0.019706257233390496,0.04556825470643947,0.20424384397855497,0.03994001263626089,45,68.0,466.0,214,0.8540772532188842,0.04097735006783837,60.0,10
HAP1,87,0.05,0.1,GoCo-dense-knap (tie-level path),adapt_538.398_to_526.433_q0.25,0.018217340056098347,0.04550343814078194,0.204042474688935,0.039804551153515264,47,74.0,472.0,214,0.8432203389830508,0.04084188858509275,66.0,8
HAP1,87,0.05,0.5,GoCo-knap (paper path),adapt_550_to_525_q0.275,0.019706257233390496,0.04556825470643947,0.20424384397855497,0.03994001263626089,45,68.0,466.0,214,0.8540772532188842,0.04097735006783837,60.0,10
HAP1,87,0.05,0.5,GoCo-dense-knap (tie-level path),adapt_538.398_to_526.433_q0.25,0.018217340056098347,0.04550343814078194,0.204042474688935,0.039804551153515264,47,74.0,472.0,214,0.8432203389830508,0.04084188858509275,66.0,8
HAP1,87,0.2,0.1,GoCo-knap (paper path),adapt_400_to_375_q0.5,0.08594172100745767,0.19437548070749175,0.39083105085502434,0.18730950534105617,97,152.0,3217.0,894,0.9527510102580043,0.18942188043304406,126.0,475
HAP1,87,0.2,0.1,GoCo-dense-knap (tie-level path),adapt_404.949_to_394.825_q0.5,0.023401874883302056,0.1918529183469478,0.3890277627541988,0.1851572603337827,86,138.0,2646.0,882,0.9478458049886621,0.18705660378237168,117.0,295
HAP1,87,0.2,0.5,GoCo-knap (paper path),adapt_400_to_375_q0.5,0.08594172100745767,0.19437548070749175,0.39083105085502434,0.18730950534105617,97,152.0,3217.0,894,0.9527510102580043,0.18942188043304406,126.0,475
HAP1,87,0.2,0.5,GoCo-dense-knap (tie-level path),adapt_404.949_to_394.825_q0.5,0.023401874883302056,0.1918529183469478,0.3890277627541988,0.1851572603337827,86,138.0,2646.0,882,0.9478458049886621,0.18705660378237168,117.0,295
HAP1,88,0.05,0.1,GoCo-knap (paper path),adapt_550_to_525_q0.125,0.008066513725558826,0.04483904421025258,0.20364069863873685,0.044814321699007,67,112.0,569.0,249,0.8031634446397188,0.04660417508586904,98.0,18
HAP1,88,0.05,0.1,GoCo-dense-knap (tie-level path),adapt_538.398_to_526.433_q0.15,0.015449518432867265,0.04534577597486565,0.2047066151402156,0.04527296942707913,67,112.0,602.0,251,0.813953488372093,0.04705542526375279,98.0,25
HAP1,88,0.05,0.5,GoCo-knap (paper path),adapt_550_to_525_q0.25,0.49979385764096196,0.049998831160984934,0.21473760050576093,0.05235981659470163,67,112.0,671.0,283,0.8330849478390462,0.05414966998156367,98.0,64
HAP1,88,0.05,0.5,GoCo-dense-knap (tie-level path),adapt_538.398_to_526.433_q0.2,0.42297399428139404,0.049562376063636185,0.21382518244730736,0.052152685361388944,67,112.0,671.0,282,0.8330849478390462,0.0539351411980626,98.0,59
HAP1,88,0.2,0.1,GoCo-knap (paper path),adapt_400_to_375_q0.5,0.0050976509596233135,0.18950959726427324,0.3876287607952672,0.1815303582061517,113,200.0,3267.0,878,0.9387817569635751,0.18333659187799234,173.0,434
HAP1,88,0.2,0.1,GoCo-dense-knap (tie-level path),adapt_404.949_to_394.825_q0.5,0.010303948013088192,0.19052046374696865,0.38871332033546097,0.1828355843947826,107,190.0,2731.0,883,0.9304284145001831,0.18456969200189094,166.0,274
HAP1,88,0.2,0.5,GoCo-knap (paper path),adapt_400_to_375_q0.5,0.0050976509596233135,0.18950959726427324,0.3876287607952672,0.1815303582061517,113,200.0,3267.0,878,0.9387817569635751,0.18333659187799234,173.0,434
HAP1,88,0.2,0.5,GoCo-dense-knap (tie-level path),adapt_404.949_to_394.825_q0.5,0.010303948013088192,0.19052046374696865,0.38871332033546097,0.1828355843947826,107,190.0,2731.0,883,0.9304284145001831,0.18456969200189094,166.0,274
HAP1,89,0.05,0.1,GoCo-knap (paper path),adapt_550_to_525_q0.2,0.007226657154940534,0.04476054137117112,0.20336534560449096,0.04515258319712299,64,101.0,557.0,251,0.8186714542190305,0.047140673153462855,87.0,19
HAP1,89,0.05,0.1,GoCo-dense-knap (tie-level path),adapt_538.398_to_526.433_q0.225,0.039191077847988275,0.046172323422171625,0.20644093816034773,0.04800203870494155,65,103.0,604.0,264,0.8294701986754967,0.04998704634980525,89.0,33
HAP1,89,0.05,0.5,GoCo-knap (paper path),adapt_550_to_525_q0.275,0.4370582164821801,0.049642920421326474,0.21396011160698056,0.04914725696543191,64,101.0,620.0,269,0.8370967741935483,0.051135346921771775,87.0,47
HAP1,89,0.05,0.5,GoCo-dense-knap (tie-level path),adapt_538.398_to_526.433_q0.275,0.43165357036791613,0.04961218138932653,0.21384160919632456,0.04911167030724958,65,103.0,625.0,269,0.8352,0.051096677952113284,89.0,43
HAP1,89,0.2,0.1,GoCo-knap (paper path),adapt_400_to_375_q0.4,0.00047342158360557865,0.18659347948885682,0.38498321576026756,0.1814963429127859,116,192.0,3312.0,882,0.9420289855072463,0.18440739502588802,157.0,432
HAP1,89,0.2,0.1,GoCo-dense-knap (tie-level path),adapt_404.949_to_394.825_q0.5,0.09174719227146388,0.19451471720233104,0.3915022834712188,0.18605121034637748,110,181.0,2815.0,901,0.9357015985790409,0.1888590266227828,149.0,304
HAP1,89,0.2,0.5,GoCo-knap (paper path),adapt_400_to_375_q0.5,0.10634639274395496,0.1948602349260517,0.3915325101400601,0.18915280096871134,116,192.0,3400.0,916,0.9435294117647058,0.19206385308181345,157.0,467
HAP1,89,0.2,0.5,GoCo-dense-knap (tie-level path),adapt_404.949_to_394.825_q0.5,0.09174719227146388,0.19451471720233104,0.3915022834712188,0.18605121034637748,110,181.0,2815.0,901,0.9357015985790409,0.1888590266227828,149.0,304
HAP1,90,0.05,0.1,GoCo-knap (paper path),adapt_550_to_525_q0.25,0.000539267134975406,0.04313577572359173,0.1993246683027755,0.04685513112368289,57,89.0,521.0,256,0.8291746641074856,0.048114394875721986,81.0,23
HAP1,90,0.05,0.1,GoCo-dense-knap (tie-level path),adapt_538.398_to_526.433_q0.3,0.023159425586131117,0.04569532595247467,0.20509626675021997,0.04951824696922218,57,89.0,554.0,268,0.8393501805054152,0.05077751072126127,81.0,37
HAP1,90,0.05,0.5,GoCo-knap (paper path),adapt_550_to_525_q0.4,0.3859756396756028,0.04934971269651672,0.21300131776818595,0.054178699698915915,57,89.0,613.0,289,0.8548123980424144,0.05543796345095501,81.0,69
HAP1,90,0.05,0.5,GoCo-dense-knap (tie-level path),adapt_538.398_to_526.433_q0.4,0.3872478911779814,0.04935711024009118,0.21302159844753837,0.05440062601937752,57,89.0,616.0,290,0.8555194805194806,0.055659889771416615,81.0,68
HAP1,90,0.2,0.1,GoCo-knap (paper path),adapt_400_to_375_q0.4,6.831254810400233e-06,0.182508958395301,0.38178185866182557,0.17906191228127089,106,174.0,3181.0,864,0.945300220056586,0.18091267130068553,147.0,420
HAP1,90,0.2,0.1,GoCo-dense-knap (tie-level path),adapt_404.949_to_394.825_q0.5,0.0105557578884362,0.1905606098397012,0.3885958904087308,0.18444139586783917,97,160.0,2694.0,886,0.9406087602078693,0.18629872380589255,135.0,277
HAP1,90,0.2,0.5,GoCo-knap (paper path),adapt_400_to_375_q0.6,0.1864842497808562,0.19631356812428222,0.39280303406374617,0.18994158595019958,106,174.0,3356.0,912,0.9481525625744934,0.1917923449696142,147.0,514
HAP1,90,0.2,0.5,GoCo-dense-knap (tie-level path),adapt_404.949_to_394.825_q0.5,0.0105557578884362,0.1905606098397012,0.3885958904087308,0.18444139586783917,97,160.0,2694.0,886,0.9406087602078693,0.18629872380589255,135.0,277
HAP1,91,0.05,0.1,GoCo-knap (paper path),adapt_550_to_525_q0.05,0.03427173200154699,0.046048286460634344,0.2059617699641496,0.039648370079024865,66,105.0,454.0,231,0.7687224669603524,0.04059155694098669,100.0,2
HAP1,91,0.05,0.1,GoCo-dense-knap (tie-level path),adapt_538.398_to_526.433_q0.05,0.08349075021211622,0.04697363597125516,0.2078900692450945,0.04022573079472375,66,109.0,494.0,234,0.7793522267206477,0.04116891765668558,104.0,8
HAP1,91,0.05,0.5,GoCo-knap (paper path),adapt_550_to_525_q0.125,0.28306772834083305,0.04872104153863811,0.21161313428698345,0.043623317064468564,66,106.0,550.0,249,0.8072727272727273,0.04456650392643039,101.0,31
HAP1,91,0.05,0.5,GoCo-dense-knap (tie-level path),adapt_538.398_to_526.433_q0.125,0.14799367919572126,0.04769489651275538,0.20938844276886504,0.041557288717493396,66,109.0,536.0,240,0.7966417910447762,0.04250047557945522,104.0,20
HAP1,91,0.2,0.1,GoCo-knap (paper path),adapt_400_to_375_q0.6,0.008737088845755107,0.19028806837529433,0.38794000233508863,0.19028628821895222,112,197.0,3342.0,924,0.9410532615200479,0.192108197647812,175.0,515
HAP1,91,0.2,0.1,GoCo-dense-knap (tie-level path),adapt_404.949_to_394.825_q0.5,0.006611372442462419,0.1898741233586286,0.3879647069873273,0.19147517922662174,105,186.0,2794.0,927,0.933428775948461,0.19310845128441195,168.0,328
HAP1,91,0.2,0.5,GoCo-knap (paper path),adapt_400_to_375_q0.6,0.008737088845755107,0.19028806837529433,0.38794000233508863,0.19028628821895222,112,197.0,3342.0,924,0.9410532615200479,0.192108197647812,175.0,515
HAP1,91,0.2,0.5,GoCo-dense-knap (tie-level path),adapt_404.949_to_394.825_q0.5,0.006611372442462419,0.1898741233586286,0.3879647069873273,0.19147517922662174,105,186.0,2794.0,927,0.933428775948461,0.19310845128441195,168.0,328
HAP1,92,0.05,0.1,GoCo-knap (paper path),adapt_550_to_525_q0.15,0.09147463221232033,0.04707240597028707,0.20869190115174732,0.04111369231304909,66,109.0,489.0,230,0.7770961145194274,0.04288540409503383,93.0,14
HAP1,92,0.05,0.1,GoCo-dense-knap (tie-level path),adapt_538.398_to_526.433_q0.1,0.06833327646197984,0.04673951648959466,0.20796790408086696,0.04025557720550049,66,109.0,473.0,226,0.7695560253699789,0.04201249388710848,93.0,4
HAP1,92,0.05,0.5,GoCo-knap (paper path),adapt_550_to_525_q0.25,0.16587483273844328,0.047849148091902695,0.21036948960972687,0.0415575449539723,66,109.0,513.0,232,0.7875243664717348,0.04332925673595704,93.0,21
HAP1,92,0.05,0.5,GoCo-dense-knap (tie-level path),adapt_538.398_to_526.433_q0.3,0.22158999596183077,0.04829300073282591,0.21132085049261068,0.04180906144873174,66,109.0,521.0,233,0.7907869481765835,0.04356597813033973,93.0,18
HAP1,92,0.2,0.1,GoCo-knap (paper path),adapt_400_to_375_q0.5,0.036282759349803975,0.19262210789305656,0.3900717363910698,0.18168921881432645,120,202.0,3160.0,883,0.9360759493670886,0.18435693011051593,167.0,441
HAP1,92,0.2,0.1,GoCo-dense-knap (tie-level path),adapt_404.949_to_394.825_q0.5,0.02280385868392407,0.19179280929158277,0.3897544159498147,0.18199919756787966,115,194.0,2626.0,884,0.9261233815689262,0.18448197026809374,162.0,283
HAP1,92,0.2,0.5,GoCo-knap (paper path),adapt_400_to_375_q0.5,0.036282759349803975,0.19262210789305656,0.3900717363910698,0.18168921881432645,120,202.0,3160.0,883,0.9360759493670886,0.18435693011051593,167.0,441
HAP1,92,0.2,0.5,GoCo-dense-knap (tie-level path),adapt_404.949_to_394.825_q0.6,0.18145705170021498,0.1962313357008149,0.39322356967334093,0.18577194501572697,115,194.0,2662.0,901,0.927122464312547,0.18825471771594104,162.0,301
HAP1,93,0.05,0.1,GoCo-knap (paper path),adapt_550_to_525_q0.225,0.03531939322648382,0.04606638401349915,0.20656367344268942,0.04569172324125787,75,121.0,569.0,263,0.7873462214411248,0.0476375415200294,106.0,21
HAP1,93,0.05,0.1,GoCo-dense-knap (tie-level path),adapt_538.398_to_526.433_q0.225,0.03221638777316282,0.045982277001797016,0.20625901545881836,0.04562443282489929,76,125.0,573.0,263,0.7818499127399651,0.04756716879219465,110.0,21
HAP1,93,0.05,0.5,GoCo-knap (paper path),adapt_550_to_525_q0.25,0.4716422473731082,0.04983913146134646,0.21466129447397625,0.051461807573259646,75,121.0,643.0,289,0.8118195956454122,0.053407625852031175,106.0,57
HAP1,93,0.05,0.5,GoCo-dense-knap (tie-level path),adapt_538.398_to_526.433_q0.275,0.45680545050088306,0.04975502444964433,0.214369625288131,0.05139451715690106,76,125.0,647.0,289,0.8068006182380216,0.053337253124196425,110.0,57
HAP1,93,0.2,0.1,GoCo-knap (paper path),adapt_400_to_375_q0.5,0.0004140807774222876,0.18643920418061893,0.38506365241679247,0.19406990139115612,116,196.0,3377.0,936,0.9419603198104827,0.19586870947970955,164.0,474
HAP1,93,0.2,0.1,GoCo-dense-knap (tie-level path),adapt_404.949_to_394.825_q0.5,4.252386329775037e-05,0.18412945406652798,0.38339085918818994,0.19242493903509944,105,181.0,2810.0,927,0.9355871886120997,0.19416532333472333,155.0,298
HAP1,93,0.2,0.5,GoCo-knap (paper path),adapt_400_to_375_q0.5,0.0004140807774222876,0.18643920418061893,0.38506365241679247,0.19406990139115612,116,196.0,3377.0,936,0.9419603198104827,0.19586870947970955,164.0,474
HAP1,93,0.2,0.5,GoCo-dense-knap (tie-level path),adapt_404.949_to_394.825_q0.5,4.252386329775037e-05,0.18412945406652798,0.38339085918818994,0.19242493903509944,105,181.0,2810.0,927,0.9355871886120997,0.19416532333472333,155.0,298
HAP1,94,0.05,0.1,GoCo-knap (paper path),adapt_550_to_525_q0.15,0.02112164041047082,0.04560832472917402,0.20526088355571948,0.046141796525033696,58,93.0,527.0,250,0.8235294117647058,0.0478605886617873,77.0,18
HAP1,94,0.05,0.1,GoCo-dense-knap (tie-level path),adapt_538.398_to_526.433_q0.15,0.010797883996139372,0.04506503759531566,0.2039187595016013,0.04520266070214579,58,97.0,512.0,246,0.810546875,0.04691158943423895,81.0,12
HAP1,94,0.05,0.5,GoCo-knap (paper path),adapt_550_to_525_q0.175,0.11751111017066973,0.04738373529286687,0.20914669922345125,0.04791720708872655,58,93.0,553.0,258,0.8318264014466547,0.049635999225480155,77.0,31
HAP1,94,0.05,0.5,GoCo-dense-knap (tie-level path),adapt_538.398_to_526.433_q0.175,0.10847022668712952,0.04728430079993173,0.20879936827638335,0.04786577654768508,58,97.0,560.0,258,0.8267857142857142,0.049574705279778225,81.0,31
HAP1,94,0.2,0.1,GoCo-knap (paper path),adapt_400_to_375_q0.5,0.0007894694934937062,0.1871696533135081,0.38547263707161894,0.19277098052669936,107,187.0,3271.0,928,0.9428309385509018,0.1962990110191937,147.0,444
HAP1,94,0.2,0.1,GoCo-dense-knap (tie-level path),adapt_404.949_to_394.825_q0.5,0.00012638203427403733,0.18519171418459268,0.38414960791168573,0.19113845487290151,101,177.0,2711.0,920,0.9347104389524161,0.1946790843534036,139.0,273
HAP1,94,0.2,0.5,GoCo-knap (paper path),adapt_400_to_375_q0.5,0.0007894694934937062,0.1871696533135081,0.38547263707161894,0.19277098052669936,107,187.0,3271.0,928,0.9428309385509018,0.1962990110191937,147.0,444
HAP1,94,0.2,0.5,GoCo-dense-knap (tie-level path),adapt_404.949_to_394.825_q0.5,0.00012638203427403733,0.18519171418459268,0.38414960791168573,0.19113845487290151,101,177.0,2711.0,920,0.9347104389524161,0.1946790843534036,139.0,273
HAP1,95,0.05,0.1,GoCo-knap (paper path),adapt_550_to_525_q0.2,0.007625338052719164,0.04479449882911567,0.20366479058691755,0.04588605288235918,69,106.0,550.0,258,0.8072727272727273,0.04746710979642203,94.0,21
HAP1,95,0.05,0.1,GoCo-dense-knap (tie-level path),adapt_538.398_to_526.433_q0.175,0.007625338052719164,0.04479449882911567,0.20366479058691755,0.0459008479695081,69,106.0,549.0,258,0.8069216757741348,0.04747450733338257,94.0,18
HAP1,95,0.05,0.5,GoCo-knap (paper path),adapt_550_to_525_q0.3,0.4821562411022313,0.049898804199732624,0.2147098245544864,0.05076843193251453,69,106.0,614.0,280,0.8273615635179153,0.052349488846577384,94.0,51
HAP1,95,0.05,0.5,GoCo-dense-knap (tie-level path),adapt_538.398_to_526.433_q0.275,0.4821562411022313,0.049898804199732624,0.2147098245544864,0.050783227019663445,69,106.0,615.0,280,0.8276422764227642,0.05235688638353792,94.0,49
HAP1,95,0.2,0.1,GoCo-knap (paper path),adapt_400_to_375_q0.4,5.396692337786601e-07,0.1804762260415424,0.3800649820728952,0.17595992354395862,122,195.0,3104.0,861,0.9371778350515464,0.17943453955097405,157.0,401
HAP1,95,0.2,0.1,GoCo-dense-knap (tie-level path),adapt_404.949_to_394.825_q0.5,0.0004573873623557501,0.18654440391992286,0.3852687227201302,0.18430298814509533,113,183.0,2695.0,899,0.9320964749536178,0.18781736595957108,152.0,293
HAP1,95,0.2,0.5,GoCo-knap (paper path),adapt_400_to_375_q0.4,5.396692337786601e-07,0.1804762260415424,0.3800649820728952,0.17595992354395862,122,195.0,3104.0,861,0.9371778350515464,0.17943453955097405,157.0,401
HAP1,95,0.2,0.5,GoCo-dense-knap (tie-level path),adapt_404.949_to_394.825_q0.5,0.0004573873623557501,0.18654440391992286,0.3852687227201302,0.18430298814509533,113,183.0,2695.0,899,0.9320964749536178,0.18781736595957108,152.0,293
HAP1,96,0.05,0.1,GoCo-knap (paper path),adapt_550_to_525_q0.3,0.0168643841822254,0.045425439675913566,0.20452608588333998,0.05145969399599515,67,112.0,653.0,283,0.8284839203675345,0.05290124635801176,99.0,43
HAP1,96,0.05,0.1,GoCo-dense-knap (tie-level path),adapt_538.398_to_526.433_q0.3,0.07452573494869497,0.04684461927048852,0.20760085930975447,0.05253373894012085,68,115.0,672.0,288,0.8288690476190477,0.05396234558600084,102.0,47
HAP1,96,0.05,0.5,GoCo-knap (paper path),adapt_550_to_525_q0.4,0.4563520480600004,0.04975300292491489,0.21388453035566682,0.05478858880291925,67,112.0,685.0,298,0.8364963503649635,0.056230141164935854,99.0,59
HAP1,96,0.05,0.5,GoCo-dense-knap (tie-level path),adapt_538.398_to_526.433_q0.4,0.45222431366128996,0.04972966143648941,0.21378619712263588,0.05475300214473692,68,115.0,692.0,298,0.8338150289017341,0.056181608790616906,102.0,57
HAP1,96,0.2,0.1,GoCo-knap (paper path),adapt_400_to_375_q0.4,0.0043212031414700935,0.18928668219091835,0.3873101795319828,0.17930265821936497,110,194.0,3222.0,862,0.9397889509621353,0.18122307745234678,165.0,421
HAP1,96,0.2,0.1,GoCo-dense-knap (tie-level path),adapt_404.949_to_394.825_q0.4,0.011447993681176284,0.19068467080480672,0.38868318540221736,0.18119868562716776,101,177.0,2739.0,870,0.9353778751369113,0.18322174578468586,152.0,282
HAP1,96,0.2,0.5,GoCo-knap (paper path),adapt_400_to_375_q0.5,0.37895927000680246,0.19871855081053666,0.39469156237158265,0.1870700794355212,110,194.0,3313.0,897,0.9414428010866285,0.18899049866850304,165.0,463
HAP1,96,0.2,0.5,GoCo-dense-knap (tie-level path),adapt_404.949_to_394.825_q0.5,0.13151090734928383,0.19537418531613565,0.39233864476472813,0.18453867675276053,101,177.0,2772.0,885,0.9361471861471862,0.1865617369102786,152.0,302
HAP1,97,0.05,0.1,GoCo-knap (paper path),adapt_550_to_525_q0.175,0.013832423422514931,0.045265996179684395,0.20408946726770585,0.04609488137314386,60,93.0,546.0,250,0.8296703296703297,0.04789001871970194,76.0,23
HAP1,97,0.05,0.1,GoCo-dense-knap (tie-level path),adapt_538.398_to_526.433_q0.2,0.02015371359978072,0.045576693032960386,0.20477644578259732,0.0462375483180066,60,96.0,567.0,251,0.8306878306878307,0.04803268566456467,79.0,27
HAP1,97,0.05,0.5,GoCo-knap (paper path),adapt_550_to_525_q0.25,0.4869961581321325,0.049926448909378134,0.21417124804405516,0.04964570250052957,60,93.0,607.0,266,0.8467874794069192,0.051440839847087645,76.0,52
HAP1,97,0.05,0.5,GoCo-dense-knap (tie-level path),adapt_538.398_to_526.433_q0.225,0.4830706027841987,0.04990425628196172,0.21412089143546767,0.0495664431249307,60,96.0,611.0,266,0.8428805237315876,0.051361580471488776,79.0,49
HAP1,97,0.2,0.1,GoCo-knap (paper path),adapt_400_to_375_q0.4,1.3622061015900319e-05,0.18310685277388616,0.38225410465425125,0.18109447155205663,103,170.0,3192.0,869,0.9467418546365914,0.18285676827046587,144.0,428
HAP1,97,0.2,0.1,GoCo-dense-knap (tie-level path),adapt_404.949_to_394.825_q0.5,0.0037525633922320134,0.18908787009798575,0.38746322389979154,0.1874575122522874,98,164.0,2711.0,897,0.9395057174474364,0.18905872826477288,141.0,283
HAP1,97,0.2,0.5,GoCo-knap (paper path),adapt_400_to_375_q0.5,0.21240295476893678,0.19669561274101668,0.393041198486989,0.19573421115564124,106,173.0,3357.0,936,0.948465892165624,0.19758897717865212,146.0,536
HAP1,97,0.2,0.5,GoCo-dense-knap (tie-level path),adapt_404.949_to_394.825_q0.5,0.0037525633922320134,0.18908787009798575,0.38746322389979154,0.1874575122522874,98,164.0,2711.0,897,0.9395057174474364,0.18905872826477288,141.0,283
HAP1,98,0.05,0.1,GoCo-knap (paper path),adapt_550_to_525_q0.225,0.047773167686954554,0.04637385847578565,0.2065197418409718,0.045582081059376715,59,100.0,576.0,249,0.8263888888888888,0.04736576982990033,85.0,39
HAP1,98,0.05,0.1,GoCo-dense-knap (tie-level path),adapt_538.398_to_526.433_q0.125,0.004215477849380213,0.04439131667878011,0.2021181661398408,0.04380667049568386,59,100.0,549.0,241,0.8178506375227687,0.04559035926620748,85.0,22
HAP1,98,0.05,0.5,GoCo-knap (paper path),adapt_550_to_525_q0.275,0.48668200270578355,0.04992467960317136,0.21414781346980924,0.04802327058445439,59,100.0,604.0,260,0.8344370860927153,0.049806959354978,85.0,52
HAP1,98,0.05,0.5,GoCo-dense-knap (tie-level path),adapt_538.398_to_526.433_q0.25,0.4892993484632791,0.04993947469032028,0.2141881158220574,0.04802327058445439,59,100.0,606.0,260,0.834983498349835,0.049806959354978,85.0,49
HAP1,98,0.2,0.1,GoCo-knap (paper path),adapt_400_to_375_q0.6,0.006305493825188566,0.18982099432331215,0.38736490027247933,0.18711626851130103,105,187.0,3210.0,901,0.9417445482866044,0.18988520365011624,149.0,452
HAP1,98,0.2,0.1,GoCo-dense-knap (tie-level path),adapt_404.949_to_394.825_q0.5,0.004287903861349244,0.18927757628344716,0.3872511997845619,0.1882459351117485,101,180.0,2730.0,906,0.9340659340659341,0.19103605013143948,146.0,299
HAP1,98,0.2,0.5,GoCo-knap (paper path),adapt_400_to_375_q0.6,0.006305493825188566,0.18982099432331215,0.38736490027247933,0.18711626851130103,105,187.0,3210.0,901,0.9417445482866044,0.18988520365011624,149.0,452
HAP1,98,0.2,0.5,GoCo-dense-knap (tie-level path),adapt_404.949_to_394.825_q0.5,0.004287903861349244,0.18927757628344716,0.3872511997845619,0.1882459351117485,101,180.0,2730.0,906,0.9340659340659341,0.19103605013143948,146.0,299
HAP1,99,0.05,0.1,GoCo-knap (paper path),adapt_550_to_525_q0.225,0.07809539707550188,0.04689844761207482,0.20764119167399891,0.04232616095584178,57,90.0,546.0,233,0.8351648351648352,0.043563232070543585,79.0,25
HAP1,99,0.05,0.1,GoCo-dense-knap (tie-level path),adapt_538.398_to_526.433_q0.2,0.07685101454992212,0.04688065428298365,0.20757692060129526,0.04227947797899081,58,93.0,553.0,233,0.8318264014466547,0.04350915154350423,82.0,22
HAP1,99,0.05,0.5,GoCo-knap (paper path),adapt_550_to_525_q0.225,0.07809539707550188,0.04689844761207482,0.20764119167399891,0.04232616095584178,57,90.0,546.0,233,0.8351648351648352,0.043563232070543585,79.0,25
HAP1,99,0.05,0.5,GoCo-dense-knap (tie-level path),adapt_538.398_to_526.433_q0.225,0.22497204696084544,0.04832317536598409,0.21069733153949968,0.04294525694037563,58,93.0,562.0,236,0.8345195729537367,0.04417493050488905,82.0,25
HAP1,99,0.2,0.1,GoCo-knap (paper path),adapt_400_to_375_q0.4,8.762687335227029e-06,0.18273021220744212,0.381773942953055,0.1766899666168983,99,166.0,3083.0,847,0.9461563412260785,0.17868692322712287,135.0,412
HAP1,99,0.2,0.1,GoCo-dense-knap (tie-level path),adapt_404.949_to_394.825_q0.5,0.011679097518208925,0.19072043762120255,0.38849556987157097,0.18070081649517622,90,153.0,2617.0,861,0.9415361100496752,0.1827633382411094,123.0,260
HAP1,99,0.2,0.5,GoCo-knap (paper path),adapt_400_to_375_q0.6,0.4539665643656341,0.1995189383549924,0.39489426030673136,0.18977269934406824,100,168.0,3248.0,906,0.9482758620689655,0.19198629831505837,136.0,504
HAP1,99,0.2,0.5,GoCo-dense-knap (tie-level path),adapt_404.949_to_394.825_q0.5,0.011679097518208925,0.19072043762120255,0.38849556987157097,0.18070081649517622,90,153.0,2617.0,861,0.9415361100496752,0.1827633382411094,123.0,260
