dataset,seed,alpha,delta,method,policy,p_selected,cal_mean,cal_sd,unit_fdp,unit_yield,go_yield,total_calls,genes_with_calls,term_fdp,unit_fdp_direct,go_yield_direct,n_relaxed_eval
Sanger,0,0.05,0.1,GoCo-learned (paper path),adapt_575_to_550_q0.75,0.07711259207783186,0.04692555645349791,0.2039377792313545,0.049840825552502514,123,218.0,740.0,313,0.7054054054054054,0.05092642962398614,203.0,41
Sanger,0,0.05,0.1,GoCo-dense-learned (tie-level path),global_564.036,0.07711259207784299,0.04692555645349791,0.20393777923136558,0.05026635746873106,122,217.0,740.0,314,0.7067567567567568,0.051351961540214694,202.0,0
Sanger,0,0.05,0.5,GoCo-learned (paper path),adapt_550_to_525_q0.6,0.34499862564329575,0.04912357199962129,0.20766888325193023,0.05346777906009358,128,247.0,1012.0,323,0.7559288537549407,0.05467981077722312,224.0,116
Sanger,0,0.05,0.5,GoCo-dense-learned (tie-level path),adapt_528.952_to_526.433_q0.6,0.4230301282723727,0.049571400033656225,0.20863843061584786,0.054550272530030294,128,249.0,1019.0,328,0.7556427870461236,0.05576230424715984,226.0,100
Sanger,0,0.2,0.1,GoCo-learned (paper path),adapt_150_to_125_q0.75,0.027174878260055817,0.1922757089842049,0.37941913050111203,0.1936057320701048,387,1396.0,17009.0,960,0.917925803986125,0.1974266024045688,1077.0,749
Sanger,0,0.2,0.1,GoCo-dense-learned (tie-level path),adapt_137.57_to_137.33_q0.75,0.09125310405282616,0.1946171370893383,0.3816208682793639,0.19479867252964456,371,1275.0,15236.0,958,0.9163166185350485,0.1982312691872491,984.0,61
Sanger,0,0.2,0.5,GoCo-learned (paper path),adapt_150_to_125_q0.75,0.027174878260055817,0.1922757089842049,0.37941913050111203,0.1936057320701048,387,1396.0,17009.0,960,0.917925803986125,0.1974266024045688,1077.0,749
Sanger,0,0.2,0.5,GoCo-dense-learned (tie-level path),adapt_131.687_to_131.608_q0.75,0.337922379846644,0.19829845804499235,0.384587622191847,0.1989486678817371,380,1330.0,16383.0,981,0.9188182872489776,0.20367409869577957,1019.0,234
Sanger,1,0.05,0.1,GoCo-learned (paper path),adapt_600_to_575_q0.6,0.0411605647870889,0.04628358478376377,0.2021646419463986,0.0421006255827986,102,198.0,609.0,264,0.6748768472906403,0.043398373498094306,183.0,22
Sanger,1,0.05,0.1,GoCo-dense-learned (tie-level path),adapt_592.237_to_584.926_q0.75,0.04180728402714073,0.04629291453224845,0.20250641351894427,0.041708688292765,100,196.0,597.0,262,0.6716917922948074,0.04289445412519397,182.0,4
Sanger,1,0.05,0.5,GoCo-learned (paper path),adapt_575_to_550_q0.75,0.1510899615113298,0.047759058613762215,0.2052683543261191,0.04213014813713638,106,210.0,633.0,267,0.6682464454976303,0.0436294638096018,190.0,17
Sanger,1,0.05,0.5,GoCo-dense-learned (tie-level path),global_564.036,0.49721501864695367,0.049984515157052344,0.20963578005899197,0.04416448930476574,107,211.0,647.0,277,0.6738794435857806,0.04566380497723117,191.0,0
Sanger,1,0.2,0.1,GoCo-learned (paper path),adapt_150_to_125_q0.75,0.01097105239846793,0.19083923585896423,0.3778427590884359,0.1938175821925064,373,1362.0,16034.0,959,0.915055507047524,0.19761642049101139,1068.0,704
Sanger,1,0.2,0.1,GoCo-dense-learned (tie-level path),global_136.618,0.09498177664927437,0.19471523642499938,0.38106665578975446,0.1978501934353742,356,1246.0,14575.0,969,0.9145111492281304,0.20142196758930786,980.0,0
Sanger,1,0.2,0.5,GoCo-learned (paper path),adapt_150_to_125_q0.75,0.01097105239846793,0.19083923585896423,0.3778427590884359,0.1938175821925064,373,1362.0,16034.0,959,0.915055507047524,0.19761642049101139,1068.0,704
Sanger,1,0.2,0.5,GoCo-dense-learned (tie-level path),adapt_131.687_to_131.608_q0.75,0.15946024356829236,0.19596994825898667,0.3821464222494667,0.20008293136970995,366,1296.0,15532.0,984,0.9165593613185681,0.2049717167757393,1010.0,202
Sanger,2,0.05,0.1,GoCo-learned (paper path),adapt_575_to_550_q0.5,0.06842779321851107,0.046790590083524354,0.20389776376556978,0.044959642912479156,108,202.0,683.0,279,0.7042459736456809,0.04569685828245233,194.0,21
Sanger,2,0.05,0.1,GoCo-dense-learned (tie-level path),global_580.625,0.08129358428581956,0.04697326740581147,0.2048478610556079,0.0446243268444984,108,196.0,659.0,278,0.7025796661608498,0.04562283374561041,188.0,0
Sanger,2,0.05,0.5,GoCo-learned (paper path),adapt_550_to_525_q0.4,0.4864988299989146,0.04992472138497737,0.21018499659886278,0.04815952193830475,115,222.0,828.0,294,0.7318840579710145,0.04882208259081654,214.0,55
Sanger,2,0.05,0.5,GoCo-dense-learned (tie-level path),global_539.932,0.45422503558903105,0.04974438916379648,0.21007741207955768,0.04716195720440863,114,209.0,714.0,294,0.7072829131652661,0.04782451785692042,201.0,0
Sanger,2,0.2,0.1,GoCo-learned (paper path),adapt_150_to_125_q0.75,0.08346494002711091,0.1944305680098285,0.38083286074350897,0.18754171700720557,379,1325.0,15415.0,929,0.9140447615958482,0.19122497617263942,1048.0,597
Sanger,2,0.2,0.1,GoCo-dense-learned (tie-level path),adapt_144.009_to_143.573_q0.75,0.0883903966970001,0.1945512776988347,0.3812407688326531,0.18572225730536632,365,1182.0,13314.0,918,0.911221270842722,0.18907766884478583,936.0,91
Sanger,2,0.2,0.5,GoCo-learned (paper path),adapt_150_to_125_q0.75,0.08346494002711091,0.1944305680098285,0.38083286074350897,0.18754171700720557,379,1325.0,15415.0,929,0.9140447615958482,0.19122497617263942,1048.0,597
Sanger,2,0.2,0.5,GoCo-dense-learned (tie-level path),adapt_132.938_to_132.714_q0.25,0.4992100899359092,0.19999192710640556,0.3853325711952974,0.19106868847887568,372,1254.0,14420.0,938,0.9130374479889043,0.19433262824411487,990.0,10
Sanger,3,0.05,0.1,GoCo-learned (paper path),adapt_575_to_550_q0.6,0.07187399017838737,0.046830502022983674,0.20489190613114316,0.0498742020677479,136,271.0,771.0,317,0.648508430609598,0.05134473040883512,249.0,47
Sanger,3,0.05,0.1,GoCo-dense-learned (tie-level path),adapt_574.291_to_564.036_q0.6,0.01675741351715542,0.045457162717052815,0.2019606009253386,0.048754381239080484,134,269.0,759.0,310,0.6455862977602108,0.050224909580167704,247.0,26
Sanger,3,0.05,0.5,GoCo-learned (paper path),adapt_550_to_525_q0.5,0.40076489419362815,0.04944426727685969,0.20894440456062088,0.052060234930453884,144,297.0,1045.0,323,0.7157894736842105,0.0537431843169993,268.0,129
Sanger,3,0.05,0.5,GoCo-dense-learned (tie-level path),adapt_528.952_to_526.433_q0.35,0.4454811720210453,0.04969554855265107,0.20989272919780838,0.05188133021084485,142,296.0,1005.0,323,0.7054726368159204,0.0534949573530729,268.0,94
Sanger,3,0.2,0.1,GoCo-learned (paper path),adapt_150_to_125_q0.75,0.002884596651976429,0.18899670308159702,0.37669574469373,0.19603244517111165,397,1470.0,16405.0,978,0.9103931728131667,0.20003818746109692,1135.0,693
Sanger,3,0.2,0.1,GoCo-dense-learned (tie-level path),adapt_131.687_to_131.608_q0.75,0.08161702467314302,0.19437308267152634,0.3814133646421199,0.20384673255621918,393,1414.0,16065.0,1010,0.9119825708061002,0.20877155481033602,1081.0,223
Sanger,3,0.2,0.5,GoCo-learned (paper path),adapt_150_to_125_q0.75,0.002884596651976429,0.18899670308159702,0.37669574469373,0.19603244517111165,397,1470.0,16405.0,978,0.9103931728131667,0.20003818746109692,1135.0,693
Sanger,3,0.2,0.5,GoCo-dense-learned (tie-level path),adapt_127.62_to_127.363_q0.75,0.40355474143868264,0.19900548283929947,0.38496216052247456,0.2080494681638139,398,1453.0,16368.0,1031,0.9112292277614858,0.21240359669903758,1115.0,5
Sanger,4,0.05,0.1,GoCo-learned (paper path),adapt_575_to_550_q0.6,0.049106651939580664,0.04643163700248968,0.20394765787598398,0.04461495464819944,125,244.0,691.0,291,0.6468885672937771,0.04591937623792907,229.0,21
Sanger,4,0.05,0.1,GoCo-dense-learned (tie-level path),adapt_580.625_to_574.291_q0.75,0.05749622809179643,0.0465905981774801,0.20443556754378256,0.0450081361768494,121,229.0,662.0,291,0.6540785498489426,0.04609232633671862,218.0,1
Sanger,4,0.05,0.5,GoCo-learned (paper path),adapt_550_to_525_q0.2,0.490267297466874,0.049945528078882674,0.21099908795939332,0.0479873928384311,132,264.0,807.0,309,0.6728624535315985,0.04929661366333486,247.0,42
Sanger,4,0.05,0.5,GoCo-dense-learned (tie-level path),adapt_539.932_to_538.398_q0.75,0.4759177600538619,0.049865041817323645,0.21116539541944346,0.04728644516606881,133,258.0,741.0,310,0.6518218623481782,0.048589431098166935,242.0,3
Sanger,4,0.2,0.1,GoCo-learned (paper path),adapt_150_to_125_q0.75,0.009958651128981456,0.19068256505017211,0.3782735827936826,0.19193099762531038,381,1419.0,16205.0,950,0.9124344338167232,0.19541695197378803,1109.0,668
Sanger,4,0.2,0.1,GoCo-dense-learned (tie-level path),adapt_137.57_to_137.33_q0.75,0.05863153038656856,0.19368725410669682,0.3808899726431661,0.19450202889965737,380,1328.0,14642.0,964,0.909302007922415,0.19822387537456973,1035.0,40
Sanger,4,0.2,0.5,GoCo-learned (paper path),adapt_150_to_125_q0.75,0.009958651128981456,0.19068256505017211,0.3782735827936826,0.19193099762531038,381,1419.0,16205.0,950,0.9124344338167232,0.19541695197378803,1109.0,668
Sanger,4,0.2,0.5,GoCo-dense-learned (tie-level path),adapt_131.687_to_131.608_q0.75,0.18291806864943944,0.19633402788333437,0.3831340883965038,0.19746138177152978,382,1381.0,15787.0,975,0.9125229619307025,0.20110898849211242,1076.0,226
Sanger,5,0.05,0.1,GoCo-learned (paper path),adapt_575_to_550_q0.75,0.0968368577444299,0.047193675706112166,0.20405148703587245,0.048483265003592006,120,230.0,727.0,309,0.6836313617606602,0.049820828768200466,211.0,43
Sanger,5,0.05,0.1,GoCo-dense-learned (tie-level path),global_564.036,0.09592691611957183,0.04718248000592861,0.20402938474265897,0.048483265003592006,120,230.0,727.0,309,0.6836313617606602,0.049820828768200466,211.0,0
Sanger,5,0.05,0.5,GoCo-learned (paper path),adapt_550_to_525_q0.5,0.3275971718246449,0.04902345443080212,0.2066755751846038,0.050296880643551985,125,252.0,982.0,314,0.7433808553971487,0.05156976229866835,231.0,108
Sanger,5,0.05,0.5,GoCo-dense-learned (tie-level path),adapt_528.952_to_526.433_q0.5,0.42820835856023615,0.04960189897698829,0.20794061302189878,0.050707481616288255,125,255.0,987.0,316,0.7416413373860182,0.05198036327140462,234.0,93
Sanger,5,0.2,0.1,GoCo-learned (paper path),adapt_150_to_125_q0.75,0.01647987694216677,0.191457317101878,0.37858612756595383,0.1899773852822495,377,1313.0,16487.0,945,0.9203614969369807,0.1939082838553197,1014.0,679
Sanger,5,0.2,0.1,GoCo-dense-learned (tie-level path),adapt_137.57_to_137.33_q0.75,0.060193302473630965,0.19374671119294037,0.38051223496993236,0.1922286303186203,363,1214.0,14975.0,949,0.918931552587646,0.19608069559494565,940.0,40
Sanger,5,0.2,0.5,GoCo-learned (paper path),adapt_150_to_125_q0.75,0.01647987694216677,0.191457317101878,0.37858612756595383,0.1899773852822495,377,1313.0,16487.0,945,0.9203614969369807,0.1939082838553197,1014.0,679
Sanger,5,0.2,0.5,GoCo-dense-learned (tie-level path),adapt_131.687_to_131.608_q0.75,0.2780251497243118,0.19760975962195276,0.38371470564368854,0.19604552326784422,375,1264.0,16150.0,971,0.921733746130031,0.20153961300115703,967.0,225
Sanger,6,0.05,0.1,GoCo-learned (paper path),adapt_575_to_550_q0.5,0.0708825675416005,0.04683963791456822,0.2032898313617695,0.04334328738932914,110,220.0,659.0,278,0.6661608497723824,0.04481274115812338,200.0,14
Sanger,6,0.05,0.1,GoCo-dense-learned (tie-level path),global_580.625,0.07523275380601427,0.04689827398219773,0.20386955849088903,0.04357347277484309,109,209.0,639.0,278,0.672926447574335,0.044907925924555316,194.0,0
Sanger,6,0.05,0.5,GoCo-learned (paper path),adapt_550_to_525_q0.15,0.4973099530329456,0.0499850445469959,0.20961426843617192,0.04644270261951951,115,230.0,750.0,290,0.6933333333333334,0.04785616534688038,210.0,33
Sanger,6,0.05,0.5,GoCo-dense-learned (tie-level path),global_539.932,0.4150393957148847,0.04952549140114609,0.20897179916172964,0.046027124645595184,113,225.0,694.0,291,0.6757925072046109,0.04749657841438943,205.0,0
Sanger,6,0.2,0.1,GoCo-learned (paper path),adapt_150_to_125_q0.75,0.006539746452880356,0.19010466403101411,0.3768543749087393,0.19328670730649558,372,1319.0,15979.0,956,0.9174541585831404,0.19720409082338497,1030.0,653
Sanger,6,0.2,0.1,GoCo-dense-learned (tie-level path),adapt_132.938_to_132.714_q0.6,0.0994470293755979,0.19482342501959618,0.3808133493166015,0.1976739277564665,359,1229.0,14977.0,968,0.9179408426253589,0.20135407753514015,958.0,49
Sanger,6,0.2,0.5,GoCo-learned (paper path),adapt_150_to_125_q0.75,0.006539746452880356,0.19010466403101411,0.3768543749087393,0.19328670730649558,372,1319.0,15979.0,956,0.9174541585831404,0.19720409082338497,1030.0,653
Sanger,6,0.2,0.5,GoCo-dense-learned (tie-level path),global_127.62,0.491570962669427,0.19991394667729795,0.3848945605680923,0.20623622995541585,371,1290.0,15989.0,1014,0.9193195321783726,0.21063289237850058,1002.0,0
Sanger,7,0.05,0.1,GoCo-learned (paper path),adapt_575_to_550_q0.75,0.09928144122609261,0.0472145565654924,0.20475931457580562,0.04223875300948324,112,214.0,659.0,271,0.6752655538694993,0.043143941497081874,201.0,15
Sanger,7,0.05,0.1,GoCo-dense-learned (tie-level path),global_580.625,0.09240826206967617,0.047125564466876615,0.20486156778548031,0.04232585017985486,110,209.0,639.0,271,0.672926447574335,0.04323414928234972,196.0,0
Sanger,7,0.05,0.5,GoCo-learned (paper path),adapt_575_to_550_q0.75,0.09928144122609261,0.0472145565654924,0.20475931457580562,0.04223875300948324,112,214.0,659.0,271,0.6752655538694993,0.043143941497081874,201.0,15
Sanger,7,0.05,0.5,GoCo-dense-learned (tie-level path),global_564.036,0.4373357089136707,0.04964962150055733,0.20994425471045483,0.04441867089284895,115,217.0,676.0,283,0.6789940828402367,0.045323859380447584,204.0,0
Sanger,7,0.2,0.1,GoCo-learned (paper path),adapt_150_to_125_q0.75,0.04153361939506026,0.19304207577113608,0.37941579026948935,0.1838408875638934,362,1287.0,15271.0,917,0.9157226114858228,0.1876131592178665,1007.0,623
Sanger,7,0.2,0.1,GoCo-dense-learned (tie-level path),adapt_141.261_to_141.009_q0.75,0.0907418718562008,0.19461381778394593,0.3809638481509862,0.1838481894432497,350,1138.0,13567.0,910,0.9161199970516695,0.18726145709215058,887.0,75
Sanger,7,0.2,0.5,GoCo-learned (paper path),adapt_150_to_125_q0.75,0.04153361939506026,0.19304207577113608,0.37941579026948935,0.1838408875638934,362,1287.0,15271.0,917,0.9157226114858228,0.1876131592178665,1007.0,623
Sanger,7,0.2,0.5,GoCo-dense-learned (tie-level path),adapt_131.687_to_131.608_q0.75,0.41367165675519363,0.19911263325404704,0.38450473503112625,0.18926795056926177,359,1214.0,14935.0,939,0.9187144291931704,0.19421443855442097,938.0,229
Sanger,8,0.05,0.1,GoCo-learned (paper path),adapt_575_to_550_q0.6,0.042856203151963264,0.04632858568831671,0.20191466240723457,0.04605343153602198,114,211.0,682.0,292,0.6906158357771262,0.046890186542626326,201.0,33
Sanger,8,0.05,0.1,GoCo-dense-learned (tie-level path),adapt_574.291_to_564.036_q0.6,0.059919256390406135,0.04666445671384291,0.20266763000547297,0.04694928819895591,114,211.0,690.0,296,0.6942028985507246,0.04778604320556026,201.0,24
Sanger,8,0.05,0.5,GoCo-learned (paper path),adapt_550_to_525_q0.75,0.48656768726679855,0.049925664946123244,0.2086148439767141,0.04929836753835069,124,238.0,977.0,308,0.7563971340839304,0.05027507280916276,222.0,114
Sanger,8,0.05,0.5,GoCo-dense-learned (tie-level path),adapt_528.952_to_526.433_q0.6,0.4288806745166929,0.049604899834289284,0.20834541670934562,0.04895340391462888,123,234.0,901.0,307,0.7402885682574917,0.049871745879145515,221.0,63
Sanger,8,0.2,0.1,GoCo-learned (paper path),adapt_150_to_125_q0.75,0.08711399921889668,0.19452795948027443,0.3806153499497049,0.18750648142108725,356,1296.0,15333.0,938,0.9154764234005087,0.19103053040293536,1037.0,587
Sanger,8,0.2,0.1,GoCo-dense-learned (tie-level path),adapt_144.009_to_143.573_q0.75,0.07640292788078705,0.19424034960891598,0.3807399385728609,0.18680089825945764,337,1137.0,13376.0,927,0.914997009569378,0.18999297123606768,905.0,97
Sanger,8,0.2,0.5,GoCo-learned (paper path),adapt_150_to_125_q0.75,0.08711399921889668,0.19452795948027443,0.3806153499497049,0.18750648142108725,356,1296.0,15333.0,938,0.9154764234005087,0.19103053040293536,1037.0,587
Sanger,8,0.2,0.5,GoCo-dense-learned (tie-level path),global_134.461,0.48212888375458335,0.19981749072183796,0.3849216713511408,0.1915218267402083,345,1210.0,14393.0,946,0.9159313555200445,0.19460859533653815,964.0,0
Sanger,9,0.05,0.1,GoCo-learned (paper path),adapt_575_to_550_q0.6,0.05138132638480186,0.04648492564528553,0.2036074925404943,0.0495278089704599,111,220.0,728.0,305,0.6978021978021978,0.0504796566748272,209.0,25
Sanger,9,0.05,0.1,GoCo-dense-learned (tie-level path),adapt_574.291_to_564.036_q0.75,0.08138835095340918,0.046979402435090155,0.2045248428475533,0.050177305052421926,111,220.0,732.0,308,0.6994535519125683,0.05112915275678923,209.0,18
Sanger,9,0.05,0.5,GoCo-learned (paper path),adapt_550_to_525_q0.4,0.3254155749001232,0.04900387716277319,0.20800088281361417,0.05258659477797227,118,246.0,929.0,320,0.7351991388589881,0.053644887016708616,230.0,85
Sanger,9,0.05,0.5,GoCo-dense-learned (tie-level path),adapt_528.952_to_526.433_q0.4,0.4294552749453613,0.04960657906603023,0.2091678547324937,0.053079315949928055,120,250.0,949.0,322,0.7365648050579557,0.05413760819533905,233.0,82
Sanger,9,0.2,0.1,GoCo-learned (paper path),adapt_150_to_125_q0.75,0.006580815277259349,0.19009361152511725,0.37761490912508267,0.18999414878155857,377,1310.0,15794.0,941,0.9170571102950488,0.1936112585587037,1031.0,647
Sanger,9,0.2,0.1,GoCo-dense-learned (tie-level path),global_137.239,0.09296712047740896,0.19466360544796701,0.3812940473350034,0.19329555226533704,367,1212.0,14420.0,952,0.9159500693481276,0.19683365783125395,954.0,0
Sanger,9,0.2,0.5,GoCo-learned (paper path),adapt_150_to_125_q0.75,0.006580815277259349,0.19009361152511725,0.37761490912508267,0.18999414878155857,377,1310.0,15794.0,941,0.9170571102950488,0.1936112585587037,1031.0,647
Sanger,9,0.2,0.5,GoCo-dense-learned (tie-level path),global_130.521,0.4957616829991727,0.19995664917616582,0.38563831104474067,0.19922326026277873,373,1281.0,15665.0,979,0.9182253431216086,0.20317088006124784,1004.0,0
Sanger,10,0.05,0.1,GoCo-learned (paper path),adapt_575_to_550_q0.6,0.03850067798923612,0.0462137853290487,0.20235307816662237,0.04752306304079421,96,173.0,660.0,283,0.7378787878787879,0.04912627319672874,156.0,23
Sanger,10,0.05,0.1,GoCo-dense-learned (tie-level path),adapt_574.291_to_564.036_q0.6,0.06402135177360029,0.04672256773575453,0.20353153923489875,0.04797381920883931,97,173.0,662.0,286,0.7386706948640483,0.04957391874987761,156.0,12
Sanger,10,0.05,0.5,GoCo-learned (paper path),adapt_550_to_525_q0.225,0.48700085703888596,0.04992778542206739,0.20941978470903772,0.05033630180732667,104,184.0,776.0,297,0.7628865979381443,0.05199239238979835,165.0,42
Sanger,10,0.05,0.5,GoCo-dense-learned (tie-level path),adapt_528.952_to_526.433_q0.02,0.4785386438994928,0.049880481755925674,0.2098707100529249,0.05099903215286045,103,186.0,725.0,302,0.743448275862069,0.05250954604295707,169.0,2
Sanger,10,0.2,0.1,GoCo-learned (paper path),adapt_150_to_125_q0.75,0.03717824891719781,0.19284976900718268,0.3787031585821394,0.19271975527752153,373,1252.0,15958.0,953,0.9215440531394912,0.19691994523948678,953.0,676
Sanger,10,0.2,0.1,GoCo-dense-learned (tie-level path),adapt_137.57_to_137.33_q0.75,0.09195980114802099,0.19465013735740375,0.3805072668637155,0.19494314626576786,362,1154.0,14517.0,953,0.9205069918027141,0.19860173767851821,874.0,71
Sanger,10,0.2,0.5,GoCo-learned (paper path),adapt_150_to_125_q0.75,0.03717824891719781,0.19284976900718268,0.3787031585821394,0.19271975527752153,373,1252.0,15958.0,953,0.9215440531394912,0.19691994523948678,953.0,676
Sanger,10,0.2,0.5,GoCo-dense-learned (tie-level path),adapt_131.687_to_131.608_q0.75,0.34860323838695084,0.19842078324375642,0.38358477674094216,0.1982824850956777,373,1208.0,15661.0,974,0.9228657173871401,0.2034069319755206,911.0,242
Sanger,11,0.05,0.1,GoCo-learned (paper path),adapt_575_to_550_q0.6,0.05633273093496122,0.046596906884029954,0.20274765948426202,0.04585794766766227,103,210.0,677.0,281,0.689807976366322,0.04702363590577415,193.0,21
Sanger,11,0.05,0.1,GoCo-dense-learned (tie-level path),adapt_574.291_to_564.036_q0.6,0.0689479442532092,0.04680962520086386,0.2032254463221705,0.047183068986035144,104,211.0,687.0,288,0.6928675400291121,0.048348757224147026,194.0,12
Sanger,11,0.05,0.5,GoCo-learned (paper path),adapt_550_to_525_q0.4,0.44412977325255937,0.04969028036489222,0.20832702955021232,0.049833852930405376,109,234.0,912.0,299,0.743421052631579,0.05108583849194603,213.0,83
Sanger,11,0.05,0.5,GoCo-dense-learned (tie-level path),adapt_528.952_to_526.433_q0.3,0.47847978863032364,0.049880714155316516,0.20888921311236586,0.05047791957321252,108,233.0,885.0,303,0.7367231638418079,0.05157313021807228,214.0,52
Sanger,11,0.2,0.1,GoCo-learned (paper path),adapt_150_to_125_q0.6,0.06998898208034474,0.19406627123258705,0.3799732583132651,0.18492975206284346,354,1329.0,15092.0,917,0.9119401007156109,0.18859944137653872,1005.0,415
Sanger,11,0.2,0.1,GoCo-dense-learned (tie-level path),adapt_144.009_to_143.573_q0.75,0.09322814075400343,0.1946774162835889,0.38075848294188536,0.18553671688342013,350,1227.0,13670.0,919,0.9102414045354792,0.18908834017537876,930.0,113
Sanger,11,0.2,0.5,GoCo-learned (paper path),adapt_150_to_125_q0.75,0.1162599237688079,0.19519247989175675,0.3805660833973604,0.18609091172960543,367,1401.0,15821.0,929,0.9114468112003034,0.19010787655631745,1056.0,643
Sanger,11,0.2,0.5,GoCo-dense-learned (tie-level path),global_134.461,0.4892698488035478,0.19989057321500148,0.38445883713476686,0.19039630811465413,353,1286.0,14717.0,938,0.912618060746076,0.19399058349255352,970.0,0
Sanger,12,0.05,0.1,GoCo-learned (paper path),adapt_575_to_550_q0.75,0.04511014661150568,0.04636344096910724,0.20285741471097254,0.04639319131048636,95,193.0,671.0,278,0.7123695976154992,0.04784087078835636,176.0,24
Sanger,12,0.05,0.1,GoCo-dense-learned (tie-level path),adapt_574.291_to_564.036_q0.75,0.07636825940714734,0.04691389626316623,0.20397149241892887,0.046766464924491935,98,196.0,679.0,282,0.711340206185567,0.04821414440236193,179.0,15
Sanger,12,0.05,0.5,GoCo-learned (paper path),adapt_550_to_525_q0.5,0.4709462637364698,0.04983881353477806,0.2089905079650838,0.050197132627614265,109,235.0,973.0,299,0.7584789311408017,0.05148521661090957,215.0,119
Sanger,12,0.05,0.5,GoCo-dense-learned (tie-level path),adapt_528.952_to_526.433_q0.35,0.4719977959225706,0.04984416934943925,0.20964668898138908,0.05055940025063672,108,219.0,857.0,302,0.7444574095682613,0.051745079699716,201.0,52
Sanger,12,0.2,0.1,GoCo-learned (paper path),adapt_150_to_125_q0.75,0.06687193826991408,0.19396879422393712,0.3801298115669054,0.18935690480477332,362,1326.0,16324.0,932,0.918769909335947,0.19270143013985666,1022.0,649
Sanger,12,0.2,0.1,GoCo-dense-learned (tie-level path),adapt_144.009_to_143.573_q0.75,0.04796690595553029,0.19330413973703814,0.3800966381597561,0.1887626371385002,344,1188.0,14225.0,928,0.9164850615114235,0.19205841603297802,917.0,103
Sanger,12,0.2,0.5,GoCo-learned (paper path),adapt_150_to_125_q0.75,0.06687193826991408,0.19396879422393712,0.3801298115669054,0.18935690480477332,362,1326.0,16324.0,932,0.918769909335947,0.19270143013985666,1022.0,649
Sanger,12,0.2,0.5,GoCo-dense-learned (tie-level path),adapt_131.687_to_131.608_q0.75,0.38674017750827683,0.1988293864533632,0.38437816605496533,0.19421398303943946,355,1271.0,16021.0,947,0.9206666250546158,0.19725927127836,975.0,202
Sanger,13,0.05,0.1,GoCo-learned (paper path),adapt_575_to_550_q0.35,0.09871496541470037,0.04720169283279484,0.2051859812144835,0.04486433695104862,119,238.0,706.0,289,0.6628895184135978,0.04618182310799068,224.0,24
Sanger,13,0.05,0.1,GoCo-dense-learned (tie-level path),global_580.625,0.06029011266380665,0.0466432809876424,0.20436274039936955,0.044677700150720485,117,231.0,677.0,287,0.6587887740029542,0.045827213183362435,219.0,0
Sanger,13,0.05,0.5,GoCo-learned (paper path),adapt_550_to_525_q0.175,0.43298655699536925,0.04962583206864253,0.20952272668140604,0.04663276512505359,121,245.0,806.0,296,0.6960297766749379,0.04801646291809146,229.0,38
Sanger,13,0.05,0.5,GoCo-dense-learned (tie-level path),adapt_528.952_to_526.433_q0.15,0.49580909629384623,0.04997663069274518,0.210239633778474,0.04778618057991596,121,248.0,815.0,301,0.6957055214723926,0.04914001649264392,232.0,34
Sanger,13,0.2,0.1,GoCo-learned (paper path),adapt_150_to_125_q0.75,0.007263546382509112,0.19023692952548235,0.37754344439227133,0.19481279724856373,381,1306.0,16613.0,957,0.9213868657075784,0.19811677448826967,1021.0,641
Sanger,13,0.2,0.1,GoCo-dense-learned (tie-level path),adapt_137.57_to_137.33_q0.75,0.04797103206860894,0.19330988907948823,0.3797797048197841,0.19807834098280344,377,1241.0,15291.0,973,0.9188411483879406,0.20161836167332306,971.0,57
Sanger,13,0.2,0.5,GoCo-learned (paper path),adapt_150_to_125_q0.75,0.007263546382509112,0.19023692952548235,0.37754344439227133,0.19481279724856373,381,1306.0,16613.0,957,0.9213868657075784,0.19811677448826967,1021.0,641
Sanger,13,0.2,0.5,GoCo-dense-learned (tie-level path),adapt_131.687_to_131.608_q0.75,0.178854022643459,0.1962803975331559,0.38221283638378944,0.20014657304441807,383,1282.0,16275.0,981,0.9212288786482334,0.2036274968376352,1002.0,221
Sanger,14,0.05,0.1,GoCo-learned (paper path),adapt_600_to_575_q0.75,0.08158200306779628,0.04697505257393125,0.20500805289321533,0.04161314802767849,98,179.0,608.0,255,0.7055921052631579,0.04270186271405834,165.0,23
Sanger,14,0.05,0.1,GoCo-dense-learned (tie-level path),adapt_592.237_to_584.926_q0.75,0.09422987577727038,0.04714298808669436,0.2053105994591723,0.04183711219341197,98,179.0,609.0,256,0.7060755336617406,0.04292582687979182,165.0,18
Sanger,14,0.05,0.5,GoCo-learned (paper path),adapt_575_to_550_q0.75,0.17636699106275489,0.04796969285005419,0.20648118168763943,0.04322720899894283,102,189.0,649.0,264,0.7087827426810478,0.044170969090563186,174.0,30
Sanger,14,0.05,0.5,GoCo-dense-learned (tie-level path),global_564.036,0.4852792782813431,0.04991774479877346,0.21062993814745293,0.04367513733040979,104,191.0,653.0,268,0.7075038284839203,0.04461889742203015,176.0,0
Sanger,14,0.2,0.1,GoCo-learned (paper path),adapt_150_to_125_q0.75,0.013652655534127629,0.19117444203278167,0.37791101652314196,0.1903545054683226,346,1148.0,15038.0,940,0.9236600611783482,0.19410760383656683,891.0,589
Sanger,14,0.2,0.1,GoCo-dense-learned (tie-level path),adapt_137.57_to_137.33_q0.75,0.04224253785380678,0.19306818736851403,0.37972818682782933,0.19332725666338224,336,1032.0,13824.0,945,0.9253472222222222,0.19637212169263824,809.0,38
Sanger,14,0.2,0.5,GoCo-learned (paper path),adapt_150_to_125_q0.75,0.013652655534127629,0.19117444203278167,0.37791101652314196,0.1903545054683226,346,1148.0,15038.0,940,0.9236600611783482,0.19410760383656683,891.0,589
Sanger,14,0.2,0.5,GoCo-dense-learned (tie-level path),adapt_131.687_to_131.608_q0.75,0.26523664257017765,0.19745612697174503,0.3832708450916459,0.19663455262363025,347,1092.0,14835.0,964,0.9263902932254803,0.201329490298787,839.0,199
Sanger,15,0.05,0.1,GoCo-learned (paper path),global_550,0.07937379336993422,0.04696640540773539,0.20343684026913672,0.05187734819673344,111,213.0,740.0,314,0.7121621621621622,0.052796675850536094,198.0,0
Sanger,15,0.05,0.1,GoCo-dense-learned (tie-level path),global_539.932,0.07968136090045014,0.04697200325949545,0.20336131596968893,0.05213863971452296,111,213.0,746.0,315,0.7144772117962467,0.053057967368325624,198.0,0
Sanger,15,0.05,0.5,GoCo-learned (paper path),adapt_550_to_525_q0.6,0.18084959580245735,0.048025123354596404,0.20462401405672226,0.05317775367822786,114,230.0,954.0,316,0.7589098532494759,0.05413382634737457,211.0,98
Sanger,15,0.05,0.5,GoCo-dense-learned (tie-level path),adapt_528.952_to_526.433_q0.6,0.20227475664812455,0.04819305886569122,0.2048804310753726,0.05360328559445641,116,233.0,970.0,319,0.7597938144329897,0.054772124225054716,213.0,95
Sanger,15,0.2,0.1,GoCo-learned (paper path),adapt_150_to_125_q0.75,0.03194853710629163,0.19256395119898426,0.3792846181018885,0.18780954094710034,379,1371.0,16233.0,924,0.915542413601922,0.1910937808595873,1065.0,690
Sanger,15,0.2,0.1,GoCo-dense-learned (tie-level path),adapt_141.261_to_141.009_q0.75,0.08458878032419892,0.1944583117047661,0.38094364555517424,0.18937901053556802,371,1245.0,14298.0,933,0.9129248845992447,0.19262977443376822,970.0,110
Sanger,15,0.2,0.5,GoCo-learned (paper path),adapt_150_to_125_q0.75,0.03194853710629163,0.19256395119898426,0.3792846181018885,0.18780954094710034,379,1371.0,16233.0,924,0.915542413601922,0.1910937808595873,1065.0,690
Sanger,15,0.2,0.5,GoCo-dense-learned (tie-level path),adapt_131.687_to_131.608_q0.75,0.31684205375480057,0.19806480901862172,0.38378822858483436,0.19302764166843184,380,1329.0,15784.0,948,0.9158008109477952,0.19637084290935905,1027.0,225
Sanger,16,0.05,0.1,GoCo-learned (paper path),adapt_550_to_525_q0.02,0.09183316488489823,0.04712459516402483,0.20439413620939959,0.0496028111202586,115,230.0,732.0,306,0.6857923497267759,0.05049493505733144,214.0,1
Sanger,16,0.05,0.1,GoCo-dense-learned (tie-level path),global_548.368,0.08859260786418305,0.0470835442600152,0.20425169841121416,0.0496028111202586,115,231.0,743.0,306,0.6890982503364738,0.05049493505733144,215.0,0
Sanger,16,0.05,0.5,GoCo-learned (paper path),adapt_550_to_525_q0.5,0.2381309019197837,0.048447778062253484,0.20594358633433363,0.05101681892975981,117,256.0,975.0,307,0.7374358974358974,0.0520572044614448,234.0,118
Sanger,16,0.05,0.5,GoCo-dense-learned (tie-level path),adapt_528.952_to_526.433_q0.5,0.29758586821363064,0.04883776164033517,0.20672049561164565,0.05172603878569096,117,257.0,982.0,310,0.7382892057026477,0.052766424317375944,235.0,100
Sanger,16,0.2,0.1,GoCo-learned (paper path),adapt_150_to_125_q0.75,0.00034673210604044963,0.1865522005514772,0.37467137164055403,0.19812144326069053,383,1379.0,16207.0,985,0.9149133090639847,0.20252046624463457,1044.0,602
Sanger,16,0.2,0.1,GoCo-dense-learned (tie-level path),adapt_131.687_to_131.608_q0.75,0.028360033948171236,0.19235068229825786,0.3793995474671579,0.205064865970131,383,1330.0,16006.0,1012,0.9169061601899288,0.21042078342309592,1004.0,218
Sanger,16,0.2,0.5,GoCo-learned (paper path),adapt_125_to_100_q0.75,0.43850958456662653,0.19937098305380457,0.384156995438874,0.21359814171494723,425,1655.0,21209.0,1049,0.921967089443161,0.21821459013163577,1229.0,773
Sanger,16,0.2,0.5,GoCo-dense-learned (tie-level path),global_124.474,0.45187912471446173,0.19950741687952217,0.3850110520034175,0.2128842077757183,395,1427.0,17103.0,1049,0.9165643454364731,0.21718475725856368,1085.0,0
Sanger,17,0.05,0.1,GoCo-learned (paper path),adapt_575_to_550_q0.75,0.05822016048730927,0.046626027026186595,0.20311700198451124,0.046886987051397794,100,189.0,681.0,282,0.7224669603524229,0.04778595432922795,176.0,24
Sanger,17,0.05,0.1,GoCo-dense-learned (tie-level path),global_580.625,0.05740836251052699,0.046601188061713,0.2037019428113126,0.0466368937312155,99,182.0,653.0,281,0.7212863705972435,0.04747986996093763,171.0,0
Sanger,17,0.05,0.5,GoCo-learned (paper path),adapt_550_to_525_q0.4,0.4260860965167333,0.0495889426442176,0.20847453376405822,0.05150418273879326,109,220.0,946.0,302,0.7674418604651163,0.05248972203202904,201.0,109
Sanger,17,0.05,0.5,GoCo-dense-learned (tie-level path),adapt_528.952_to_526.433_q0.05,0.47981405097377616,0.049887727453897635,0.20961549377835437,0.051378801698647315,108,207.0,809.0,304,0.7441285537700866,0.052223910933646214,192.0,30
Sanger,17,0.2,0.1,GoCo-learned (paper path),adapt_150_to_125_q0.75,0.05856037964670876,0.19369770118535445,0.3801119698830918,0.18927229621842886,377,1346.0,16218.0,941,0.9170057960291035,0.1933625412848335,1034.0,673
Sanger,17,0.2,0.1,GoCo-dense-learned (tie-level path),adapt_141.261_to_141.009_q0.75,0.09484772196563879,0.19471086174136204,0.38115130080626664,0.19085553096229793,363,1196.0,14442.0,943,0.9171859853205927,0.19492459348241264,918.0,99
Sanger,17,0.2,0.5,GoCo-learned (paper path),adapt_150_to_125_q0.75,0.05856037964670876,0.19369770118535445,0.3801119698830918,0.18927229621842886,377,1346.0,16218.0,941,0.9170057960291035,0.1933625412848335,1034.0,673
Sanger,17,0.2,0.5,GoCo-dense-learned (tie-level path),adapt_131.687_to_131.608_q0.75,0.3761889427527062,0.1987168956673097,0.3843522359698435,0.19477654839015887,366,1275.0,15880.0,957,0.9197103274559194,0.19863924447860057,977.0,224
Sanger,18,0.05,0.1,GoCo-learned (paper path),adapt_575_to_550_q0.6,0.0314845665143533,0.04602092603931393,0.20224665664295416,0.048044135275506494,120,246.0,779.0,299,0.6842105263157895,0.05011580378851725,218.0,31
Sanger,18,0.05,0.1,GoCo-dense-learned (tie-level path),adapt_574.291_to_564.036_q0.75,0.08250682420032301,0.04699868391540304,0.20430068116701836,0.04826809944123998,121,247.0,781.0,301,0.6837387964148528,0.050339767954250735,219.0,24
Sanger,18,0.05,0.5,GoCo-learned (paper path),adapt_550_to_525_q0.275,0.48969858564336394,0.04994267450150918,0.20979113664883656,0.05082653454209762,125,266.0,979.0,310,0.72829417773238,0.05254963662763192,237.0,83
Sanger,18,0.05,0.5,GoCo-dense-learned (tie-level path),adapt_528.952_to_526.433_q0.225,0.4900998086517747,0.04994493036080891,0.20970485357953364,0.050759117837582295,126,265.0,901.0,313,0.7058823529411765,0.05289212854752215,236.0,37
Sanger,18,0.2,0.1,GoCo-learned (paper path),adapt_150_to_125_q0.75,0.05827854036320199,0.19368013575926685,0.3805846000850484,0.19078749484671456,392,1482.0,16761.0,958,0.9115804546268123,0.19519345293787266,1141.0,695
Sanger,18,0.2,0.1,GoCo-dense-learned (tie-level path),global_141.69,0.09507808172462923,0.19470927524983056,0.38166237647266954,0.19095829840736986,373,1311.0,14558.0,951,0.9099464212117049,0.1951557003871057,1010.0,0
Sanger,18,0.2,0.5,GoCo-learned (paper path),adapt_150_to_125_q0.75,0.05827854036320199,0.19368013575926685,0.3805846000850484,0.19078749484671456,392,1482.0,16761.0,958,0.9115804546268123,0.19519345293787266,1141.0,695
Sanger,18,0.2,0.5,GoCo-dense-learned (tie-level path),adapt_131.687_to_131.608_q0.75,0.45243425432052703,0.19951279522276383,0.3852731664988944,0.19569084243838492,389,1415.0,16328.0,978,0.9133390494855463,0.20181309317154153,1082.0,248
Sanger,19,0.05,0.1,GoCo-learned (paper path),adapt_575_to_550_q0.6,0.019559930896806885,0.045591935206770205,0.20194779959566303,0.04831564737127182,123,253.0,759.0,306,0.6666666666666666,0.049433601823659384,238.0,31
Sanger,19,0.05,0.1,GoCo-dense-learned (tie-level path),adapt_574.291_to_564.036_q0.75,0.09404245342336248,0.0471441391663625,0.20505381828144223,0.04922750147366177,126,259.0,775.0,312,0.6658064516129032,0.05034545592604933,244.0,31
Sanger,19,0.05,0.5,GoCo-learned (paper path),adapt_550_to_525_q0.4,0.433915764346342,0.04963237312286625,0.2087819669483465,0.05081372852087822,131,277.0,979.0,317,0.7170582226762002,0.05209592336503015,259.0,95
Sanger,19,0.05,0.5,GoCo-dense-learned (tie-level path),adapt_528.952_to_526.433_q0.3,0.47810413808837904,0.049878198223040876,0.20963210051721437,0.05129003086923085,132,282.0,935.0,321,0.6983957219251337,0.05280934582231827,263.0,60
Sanger,19,0.2,0.1,GoCo-learned (paper path),adapt_150_to_125_q0.75,0.0012943620694792466,0.18799367598919017,0.3766326753512914,0.19856417538203958,407,1482.0,15775.0,994,0.906053882725832,0.20273759259288548,1166.0,722
Sanger,19,0.2,0.1,GoCo-dense-learned (tie-level path),adapt_131.687_to_131.608_q0.75,0.08169411624481315,0.19436506523787841,0.3820967434011112,0.20357381762876223,401,1419.0,15356.0,1013,0.9075931232091691,0.20853602485720815,1110.0,240
Sanger,19,0.2,0.5,GoCo-learned (paper path),adapt_150_to_125_q0.75,0.0012943620694792466,0.18799367598919017,0.3766326753512914,0.19856417538203958,407,1482.0,15775.0,994,0.906053882725832,0.20273759259288548,1166.0,722
Sanger,19,0.2,0.5,GoCo-dense-learned (tie-level path),global_127.07,0.49976037884799085,0.19999754396498712,0.3864504335867959,0.2094662120334245,407,1456.0,15650.0,1043,0.906964856230032,0.21392053138435488,1144.0,0
Sanger,20,0.05,0.1,GoCo-learned (paper path),adapt_575_to_550_q0.6,0.050305406433957575,0.046470773495997326,0.20314554016054048,0.05013300509161805,122,221.0,739.0,313,0.7009472259810555,0.05135406222682517,206.0,37
Sanger,20,0.05,0.1,GoCo-dense-learned (tie-level path),global_564.036,0.0925856919079513,0.047131319846866165,0.20461658751612524,0.05102886175455198,123,222.0,744.0,318,0.7016129032258065,0.0522499188897591,207.0,0
Sanger,20,0.05,0.5,GoCo-learned (paper path),adapt_550_to_525_q0.5,0.46739517532079033,0.04981944405720259,0.2085595109206692,0.053770374307306724,130,254.0,1041.0,326,0.7560038424591738,0.05517538029028881,234.0,136
Sanger,20,0.05,0.5,GoCo-dense-learned (tie-level path),adapt_528.952_to_526.433_q0.4,0.4376475172876063,0.04965372989517234,0.20852872531968009,0.054039575681841256,126,245.0,969.0,328,0.7471620227038184,0.05539418972219358,227.0,89
Sanger,20,0.2,0.1,GoCo-learned (paper path),adapt_150_to_125_q0.75,0.023654347015492887,0.19204493203486928,0.3790358871573328,0.19387683154887875,397,1484.0,16975.0,964,0.9125773195876289,0.19759219428993685,1161.0,797
Sanger,20,0.2,0.1,GoCo-dense-learned (tie-level path),adapt_137.57_to_137.33_q0.75,0.05648574435081582,0.1936195192836055,0.380456236162626,0.19314999723888324,380,1338.0,15193.0,957,0.9119331270980057,0.19708405501498086,1048.0,47
Sanger,20,0.2,0.5,GoCo-learned (paper path),adapt_150_to_125_q0.75,0.023654347015492887,0.19204493203486928,0.3790358871573328,0.19387683154887875,397,1484.0,16975.0,964,0.9125773195876289,0.19759219428993685,1161.0,797
Sanger,20,0.2,0.5,GoCo-dense-learned (tie-level path),adapt_131.687_to_131.608_q0.75,0.2389202064062113,0.19712047399998886,0.3834170710963761,0.19708451833930554,389,1404.0,16291.0,977,0.9138174452151495,0.20173813262818777,1093.0,249
Sanger,21,0.05,0.1,GoCo-learned (paper path),adapt_575_to_550_q0.15,0.07845305099905582,0.04693679252628569,0.2045145929644651,0.044920279524494525,122,237.0,732.0,292,0.6762295081967213,0.04664044873111058,219.0,8
Sanger,21,0.05,0.1,GoCo-dense-learned (tie-level path),global_580.625,0.08561839531906767,0.04703328879929635,0.2049213315116707,0.04498000329846364,121,232.0,723.0,292,0.6791147994467497,0.04681215458794644,214.0,0
Sanger,21,0.05,0.5,GoCo-learned (paper path),adapt_575_to_550_q0.75,0.23535280484362792,0.04841804999209176,0.20726799324688255,0.04583604411875948,123,247.0,755.0,296,0.6728476821192053,0.047393839313228346,226.0,28
Sanger,21,0.05,0.5,GoCo-dense-learned (tie-level path),global_564.036,0.4673074637617782,0.04981751259845092,0.21022373172970013,0.04603761186925454,123,247.0,755.0,297,0.6728476821192053,0.047595407063723415,226.0,0
Sanger,21,0.2,0.1,GoCo-learned (paper path),adapt_150_to_125_q0.75,0.058532330587032756,0.19369790011385446,0.3800417555867585,0.18744631663281866,388,1382.0,15813.0,932,0.912603554037817,0.19119239964784193,1055.0,700
Sanger,21,0.2,0.1,GoCo-dense-learned (tie-level path),global_141.261,0.09981434190665223,0.19482798839177298,0.381100191914426,0.1880236587926228,377,1236.0,13724.0,934,0.9099387933547071,0.19186873980292013,940.0,0
Sanger,21,0.2,0.5,GoCo-learned (paper path),adapt_150_to_125_q0.75,0.058532330587032756,0.19369790011385446,0.3800417555867585,0.18744631663281866,388,1382.0,15813.0,932,0.912603554037817,0.19119239964784193,1055.0,700
Sanger,21,0.2,0.5,GoCo-dense-learned (tie-level path),adapt_131.687_to_131.608_q0.75,0.3353228023132877,0.19827220325833259,0.383981506896506,0.1932117749068131,381,1325.0,15338.0,952,0.9136132481418698,0.19685261784515615,1007.0,226
Sanger,22,0.05,0.1,GoCo-learned (paper path),adapt_575_to_550_q0.6,0.04208648271005262,0.04629304377629893,0.2028648951419843,0.04912707308371951,121,209.0,692.0,306,0.6979768786127167,0.050694822237179235,192.0,45
Sanger,22,0.05,0.1,GoCo-dense-learned (tie-level path),adapt_574.291_to_564.036_q0.6,0.07179333755710991,0.04684163311865903,0.20409013180977487,0.048679144752252546,120,208.0,689.0,303,0.6981132075471698,0.05024689390571227,191.0,26
Sanger,22,0.05,0.5,GoCo-learned (paper path),adapt_550_to_525_q0.5,0.3162239865502758,0.0489490046860309,0.20767735516659833,0.052138933132236776,128,241.0,982.0,316,0.754582484725051,0.05369847848394016,221.0,114
Sanger,22,0.05,0.5,GoCo-dense-learned (tie-level path),adapt_528.952_to_526.433_q0.5,0.41819867659888654,0.04954356424413718,0.2088939444851261,0.05286681667087059,129,244.0,994.0,320,0.7545271629778671,0.05459433514687409,223.0,100
Sanger,22,0.2,0.1,GoCo-learned (paper path),adapt_150_to_125_q0.75,0.029081945135554798,0.19238849191276203,0.3797165070610274,0.19451519688393207,375,1376.0,16602.0,958,0.917118419467534,0.19823378643223313,1062.0,745
Sanger,22,0.2,0.1,GoCo-dense-learned (tie-level path),adapt_141.261_to_141.009_q0.75,0.07759635798650062,0.19426711400294325,0.38117390304238913,0.1969344859928193,372,1252.0,14519.0,974,0.9137681658516427,0.2007483544435106,965.0,111
Sanger,22,0.2,0.5,GoCo-learned (paper path),adapt_150_to_125_q0.75,0.029081945135554798,0.19238849191276203,0.3797165070610274,0.19451519688393207,375,1376.0,16602.0,958,0.917118419467534,0.19823378643223313,1062.0,745
Sanger,22,0.2,0.5,GoCo-dense-learned (tie-level path),adapt_131.687_to_131.608_q0.75,0.3358609137540819,0.19827603263320862,0.3844649081380884,0.20051824413114805,376,1339.0,16040.0,986,0.9165211970074812,0.20429563534686973,1031.0,241
Sanger,23,0.05,0.1,GoCo-learned (paper path),adapt_575_to_550_q0.6,0.07514017620686743,0.046899437178652005,0.20370062923714022,0.04766285485876901,114,221.0,758.0,296,0.7084432717678101,0.048776454450969335,209.0,38
Sanger,23,0.05,0.1,GoCo-dense-learned (tie-level path),adapt_574.291_to_564.036_q0.6,0.07698394484212115,0.046922717118311294,0.20399863945512384,0.04694883576766374,109,213.0,737.0,289,0.7109905020352781,0.048062435359864056,201.0,9
Sanger,23,0.05,0.5,GoCo-learned (paper path),adapt_550_to_525_q0.5,0.47076227483730865,0.04983767726117861,0.20913699853627044,0.051116210058715285,118,245.0,1004.0,307,0.7559760956175299,0.052265509926325,231.0,98
Sanger,23,0.05,0.5,GoCo-dense-learned (tie-level path),adapt_528.952_to_526.433_q0.125,0.476550151135589,0.049869642088726074,0.2094746383651417,0.050210616930334726,119,234.0,851.0,309,0.7250293772032902,0.05148099144922792,221.0,25
Sanger,23,0.2,0.1,GoCo-learned (paper path),adapt_150_to_125_q0.75,0.010076469847699008,0.1907193429477803,0.3774962193617496,0.19490834914423183,369,1377.0,17060.0,963,0.919284876905041,0.19851723737172022,1071.0,736
Sanger,23,0.2,0.1,GoCo-dense-learned (tie-level path),adapt_135.214_to_134.983_q0.75,0.0906371609851721,0.1946140542673093,0.3807644151886691,0.19950252252089617,354,1277.0,15688.0,977,0.9186002039775625,0.20277313778942402,998.0,46
Sanger,23,0.2,0.5,GoCo-learned (paper path),adapt_150_to_125_q0.75,0.010076469847699008,0.1907193429477803,0.3774962193617496,0.19490834914423183,369,1377.0,17060.0,963,0.919284876905041,0.19851723737172022,1071.0,736
Sanger,23,0.2,0.5,GoCo-dense-learned (tie-level path),adapt_131.687_to_131.608_q0.75,0.18718024680491713,0.19640633608333422,0.3823269972007858,0.2006893586972259,361,1312.0,16463.0,986,0.9203061410435522,0.20505805492134138,1019.0,191
Sanger,24,0.05,0.1,GoCo-learned (paper path),adapt_575_to_550_q0.75,0.030374347449520164,0.045986054576115924,0.20228813189334788,0.047494089947168666,129,234.0,730.0,307,0.6794520547945205,0.04899776045979738,217.0,22
Sanger,24,0.05,0.1,GoCo-dense-learned (tie-level path),adapt_574.291_to_564.036_q0.75,0.06666771121866985,0.04675957573218245,0.20402012600180924,0.047948239508428074,129,239.0,740.0,309,0.677027027027027,0.04952345413697126,220.0,18
Sanger,24,0.05,0.5,GoCo-learned (paper path),adapt_550_to_525_q0.35,0.4956125111841248,0.04997557590841126,0.2098833876724275,0.050634532132314274,132,263.0,935.0,319,0.718716577540107,0.05217856956355916,240.0,79
Sanger,24,0.05,0.5,GoCo-dense-learned (tie-level path),adapt_528.952_to_526.433_q0.2,0.4915416615919897,0.04995285953360452,0.21011676221902226,0.051017979284683775,132,257.0,878.0,322,0.7072892938496583,0.05256306228685753,235.0,42
Sanger,24,0.2,0.1,GoCo-learned (paper path),adapt_150_to_125_q0.75,0.05297495227825619,0.19349860192426266,0.3800670311623449,0.19107907482517794,382,1379.0,15979.0,947,0.9136992302396896,0.19476102026219064,1083.0,659
Sanger,24,0.2,0.1,GoCo-dense-learned (tie-level path),adapt_141.261_to_141.009_q0.75,0.07248933233670125,0.1941269680630771,0.3808276123680417,0.19260929538581567,374,1254.0,14241.0,954,0.9119443859279545,0.19637619309035553,986.0,107
Sanger,24,0.2,0.5,GoCo-learned (paper path),adapt_150_to_125_q0.75,0.05297495227825619,0.19349860192426266,0.3800670311623449,0.19107907482517794,382,1379.0,15979.0,947,0.9136992302396896,0.19476102026219064,1083.0,659
Sanger,24,0.2,0.5,GoCo-dense-learned (tie-level path),adapt_131.687_to_131.608_q0.75,0.43843107453859775,0.199368643703292,0.38509006916415084,0.19692804809046485,382,1335.0,15593.0,974,0.914384659783236,0.20156452118148996,1042.0,227
Sanger,25,0.05,0.1,GoCo-learned (paper path),adapt_575_to_550_q0.75,0.03279138281955362,0.04606251007190372,0.2021052364387816,0.04619394239759926,115,218.0,702.0,290,0.6894586894586895,0.0475402158825822,202.0,24
Sanger,25,0.05,0.1,GoCo-dense-learned (tie-level path),adapt_574.291_to_564.036_q0.75,0.057261777375114314,0.04660487958416509,0.20331627987381432,0.046977816977666446,115,218.0,707.0,293,0.6916548797736917,0.048212108379782646,202.0,20
Sanger,25,0.05,0.5,GoCo-learned (paper path),adapt_550_to_525_q0.4,0.4675352947325414,0.04981965155737367,0.20922095250733946,0.0496695398416658,117,236.0,901.0,304,0.7380688124306326,0.05098181471712512,217.0,78
Sanger,25,0.05,0.5,GoCo-dense-learned (tie-level path),adapt_528.952_to_526.433_q0.075,0.4630853293840835,0.04979423203485139,0.2098659717458424,0.049898173981257544,118,229.0,764.0,308,0.7002617801047121,0.05131095803331288,212.0,4
Sanger,25,0.2,0.1,GoCo-learned (paper path),adapt_150_to_125_q0.75,0.06796466333009109,0.19399529599250565,0.38058584152394365,0.1880063207025357,359,1250.0,15736.0,927,0.9205643111337062,0.19136252217703945,954.0,617
Sanger,25,0.2,0.1,GoCo-dense-learned (tie-level path),adapt_144.009_to_143.573_q0.75,0.051582294183485276,0.19344568412218774,0.38009630249062953,0.187489401025975,343,1138.0,13613.0,923,0.9164034378902519,0.1908105611233802,869.0,88
Sanger,25,0.2,0.5,GoCo-learned (paper path),adapt_150_to_125_q0.75,0.06796466333009109,0.19399529599250565,0.38058584152394365,0.1880063207025357,359,1250.0,15736.0,927,0.9205643111337062,0.19136252217703945,954.0,617
Sanger,25,0.2,0.5,GoCo-dense-learned (tie-level path),adapt_131.687_to_131.608_q0.5,0.4967595089644029,0.19996690994025984,0.3850050039542723,0.19129828657508563,352,1215.0,15272.0,939,0.9204426401257203,0.194778238619028,923.0,143
Sanger,26,0.05,0.1,GoCo-learned (paper path),adapt_575_to_550_q0.75,0.08977939965983467,0.04709951388217973,0.20424691535928896,0.04732669851881392,108,220.0,700.0,290,0.6857142857142857,0.0484942531131817,202.0,38
Sanger,26,0.05,0.1,GoCo-dense-learned (tie-level path),adapt_574.291_to_564.036_q0.6,0.043307287131379504,0.04632327862274097,0.20278819468068504,0.04660254771271585,106,218.0,688.0,285,0.6831395348837209,0.04780742967248897,200.0,19
Sanger,26,0.05,0.5,GoCo-learned (paper path),adapt_550_to_525_q0.5,0.41467333798508993,0.04952573616089332,0.20795405202747508,0.050709385290524996,115,245.0,966.0,301,0.7463768115942029,0.051822795976716754,223.0,116
Sanger,26,0.05,0.5,GoCo-dense-learned (tie-level path),adapt_528.952_to_526.433_q0.5,0.48006932391768536,0.049889596431873545,0.20876838103968517,0.05156791459472823,115,248.0,976.0,305,0.7459016393442623,0.052643997922189295,226.0,105
Sanger,26,0.2,0.1,GoCo-learned (paper path),adapt_150_to_125_q0.75,0.012112674983958993,0.19098476717891685,0.37808263571618916,0.19202024623634834,406,1421.0,16894.0,955,0.9158872972653013,0.19565336868450597,1099.0,736
Sanger,26,0.2,0.1,GoCo-dense-learned (tie-level path),adapt_137.57_to_137.33_q0.75,0.04840341125598489,0.1933220353626479,0.38007593511719706,0.1936874474516641,391,1282.0,15160.0,958,0.9154353562005277,0.19727455063870078,994.0,60
Sanger,26,0.2,0.5,GoCo-learned (paper path),adapt_150_to_125_q0.75,0.012112674983958993,0.19098476717891685,0.37808263571618916,0.19202024623634834,406,1421.0,16894.0,955,0.9158872972653013,0.19565336868450597,1099.0,736
Sanger,26,0.2,0.5,GoCo-dense-learned (tie-level path),adapt_131.687_to_131.608_q0.75,0.2744006981475865,0.19756663402152927,0.3835757878028496,0.19667802051894476,399,1343.0,16298.0,972,0.9175972511964658,0.2009872306601331,1032.0,251
Sanger,27,0.05,0.1,GoCo-learned (paper path),adapt_575_to_550_q0.5,0.06313098868665401,0.04670513199414579,0.2036582778060392,0.04732704595448856,126,256.0,783.0,299,0.6730523627075351,0.04881872647219783,232.0,28
Sanger,27,0.05,0.1,GoCo-dense-learned (tie-level path),adapt_574.291_to_564.036_q0.5,0.09265321448601849,0.04713243457951249,0.20459993119268494,0.04819179648180959,128,259.0,794.0,305,0.6738035264483627,0.049736357426056005,234.0,18
Sanger,27,0.05,0.5,GoCo-learned (paper path),adapt_550_to_525_q0.3,0.48538844284139343,0.049918697995959084,0.2097452047843579,0.0504835466454838,131,274.0,927.0,315,0.7044228694714132,0.05191512613454031,248.0,52
Sanger,27,0.05,0.5,GoCo-dense-learned (tie-level path),adapt_528.952_to_526.433_q0.225,0.4858969776832207,0.04992144846470432,0.2099599310672787,0.05056541144247151,132,278.0,888.0,317,0.6869369369369369,0.05194095141876985,252.0,23
Sanger,27,0.2,0.1,GoCo-learned (paper path),adapt_150_to_125_q0.75,0.010316503406892245,0.1907521454367972,0.37760100754271875,0.1894995729139644,375,1371.0,16309.0,937,0.9159359862652523,0.1929427285444029,1058.0,646
Sanger,27,0.2,0.1,GoCo-dense-learned (tie-level path),adapt_137.57_to_137.33_q0.75,0.050609894030151564,0.19341351556480332,0.3798021155207579,0.1926615528670564,368,1284.0,14913.0,952,0.9139006236169784,0.1959926089173869,996.0,55
Sanger,27,0.2,0.5,GoCo-learned (paper path),adapt_150_to_125_q0.75,0.010316503406892245,0.1907521454367972,0.37760100754271875,0.1894995729139644,375,1371.0,16309.0,937,0.9159359862652523,0.1929427285444029,1058.0,646
Sanger,27,0.2,0.5,GoCo-dense-learned (tie-level path),adapt_131.687_to_131.608_q0.75,0.1940514753889363,0.19650772177233486,0.3824201838207218,0.1942149898539999,370,1340.0,15962.0,958,0.9160506202230297,0.19752226179551172,1037.0,229
Sanger,28,0.05,0.1,GoCo-learned (paper path),adapt_575_to_550_q0.6,0.029035601390694863,0.045940249933090864,0.2024546541156877,0.04567446190058718,107,209.0,714.0,277,0.7072829131652661,0.04665368298133303,191.0,22
Sanger,28,0.05,0.1,GoCo-dense-learned (tie-level path),adapt_574.291_to_564.036_q0.75,0.07875823957551031,0.04694253173054092,0.2044318568475008,0.04742884786772434,110,212.0,730.0,287,0.7095890410958904,0.0484080689484702,194.0,29
Sanger,28,0.05,0.5,GoCo-learned (paper path),adapt_550_to_525_q0.5,0.438107771506037,0.049655964081724076,0.20873662391503167,0.04924357704659726,114,231.0,970.0,294,0.7618556701030927,0.05020737351989426,209.0,103
Sanger,28,0.05,0.5,GoCo-dense-learned (tie-level path),adapt_528.952_to_526.433_q0.275,0.49082355666628846,0.04994891823319059,0.20986385392662574,0.04957152459215611,113,233.0,920.0,296,0.7467391304347826,0.05050545917846855,212.0,64
Sanger,28,0.2,0.1,GoCo-learned (paper path),adapt_150_to_125_q0.75,0.014236424889776696,0.19123793116937932,0.37800392066418576,0.1911116044438566,360,1347.0,16589.0,947,0.9188016155283621,0.1944092295638391,1040.0,654
Sanger,28,0.2,0.1,GoCo-dense-learned (tie-level path),adapt_137.57_to_137.33_q0.75,0.06282557200146685,0.1938371783547,0.38031461519633863,0.19265913299857435,345,1228.0,15137.0,947,0.9188742815617361,0.19603802922524904,938.0,47
Sanger,28,0.2,0.5,GoCo-learned (paper path),adapt_150_to_125_q0.75,0.014236424889776696,0.19123793116937932,0.37800392066418576,0.1911116044438566,360,1347.0,16589.0,947,0.9188016155283621,0.1944092295638391,1040.0,654
Sanger,28,0.2,0.5,GoCo-dense-learned (tie-level path),adapt_131.687_to_131.608_q0.75,0.28765877997403666,0.19772668243241961,0.3834973903008007,0.19675518853667068,353,1278.0,16201.0,967,0.9211159804950312,0.20070440214865687,973.0,216
Sanger,29,0.05,0.1,GoCo-learned (paper path),adapt_575_to_550_q0.75,0.026744496014423972,0.04588508730077765,0.20140187573230747,0.04474542264775493,106,187.0,706.0,275,0.7351274787535411,0.045753713844871736,173.0,25
Sanger,29,0.05,0.1,GoCo-dense-learned (tie-level path),adapt_574.291_to_564.036_q0.75,0.04644099068579013,0.04639946756091184,0.20250310623942247,0.0451933509792219,108,190.0,714.0,279,0.7338935574229691,0.0462016421763387,176.0,17
Sanger,29,0.05,0.5,GoCo-learned (paper path),adapt_550_to_525_q0.6,0.3613060374209335,0.049221301472179034,0.2073251911692956,0.048756365483044774,116,220.0,993.0,293,0.7784491440080564,0.04995064318246831,201.0,109
Sanger,29,0.05,0.5,GoCo-dense-learned (tie-level path),adapt_528.952_to_526.433_q0.5,0.44585184500228353,0.049699962114105295,0.20827483452586523,0.04983386208135363,115,219.0,965.0,298,0.7730569948186529,0.05103767111747289,200.0,86
Sanger,29,0.2,0.1,GoCo-learned (paper path),adapt_150_to_125_q0.75,0.00903419475305762,0.19054991772596044,0.3777663128590388,0.1918293677579115,389,1303.0,16327.0,949,0.9201935444355974,0.1957180811670032,993.0,597
Sanger,29,0.2,0.1,GoCo-dense-learned (tie-level path),adapt_131.687_to_131.608_q0.5,0.09629144828642022,0.19474389421075008,0.3812430902279385,0.19817719684803206,381,1249.0,15962.0,969,0.9217516601929583,0.2019119681996968,946.0,124
Sanger,29,0.2,0.5,GoCo-learned (paper path),adapt_150_to_125_q0.75,0.00903419475305762,0.19054991772596044,0.3777663128590388,0.1918293677579115,389,1303.0,16327.0,949,0.9201935444355974,0.1957180811670032,993.0,597
Sanger,29,0.2,0.5,GoCo-dense-learned (tie-level path),global_129.514,0.4965393525290134,0.19996462321760566,0.385425057292969,0.2017186445525085,388,1273.0,16387.0,990,0.9223164703728566,0.2067616066032935,958.0,0
Sanger,30,0.05,0.1,GoCo-learned (paper path),global_650,1.2158997661361051e-29,0.030361852215321887,0.1650397917130299,0.020962423850414066,87,166.0,362.0,167,0.5414364640883977,0.022000124476524642,157.0,0
Sanger,30,0.05,0.1,GoCo-dense-learned (tie-level path),global_638.101,1.945332103163429e-25,0.031561658160066154,0.1682531597124973,0.022156899403217526,87,168.0,371.0,172,0.5471698113207547,0.0231946000293281,159.0,0
Sanger,30,0.05,0.5,GoCo-learned (paper path),adapt_575_to_550_q0.6,0.41117225484768294,0.04950352408996196,0.2089763435641701,0.041444964842059444,103,211.0,660.0,262,0.6803030303030303,0.04268592992528422,193.0,23
Sanger,30,0.05,0.5,GoCo-dense-learned (tie-level path),global_580.625,0.4234283603872232,0.0495717564586882,0.20956279497522096,0.04142550936871921,100,194.0,629.0,261,0.6915739268680445,0.04260301792875249,180.0,0
Sanger,30,0.2,0.1,GoCo-learned (paper path),adapt_150_to_125_q0.75,0.058721981815828245,0.1937135513980347,0.3794904887127197,0.19320586444883037,355,1295.0,16106.0,959,0.9195951819197814,0.1969756500217709,991.0,674
Sanger,30,0.2,0.1,GoCo-dense-learned (tie-level path),adapt_141.261_to_141.009_q0.75,0.07664983519951407,0.19425666287534715,0.38011824309405345,0.19594364042111234,337,1141.0,14183.0,963,0.9195515758302193,0.19943704272704857,871.0,80
Sanger,30,0.2,0.5,GoCo-learned (paper path),adapt_150_to_125_q0.75,0.058721981815828245,0.1937135513980347,0.3794904887127197,0.19320586444883037,355,1295.0,16106.0,959,0.9195951819197814,0.1969756500217709,991.0,674
Sanger,30,0.2,0.5,GoCo-dense-learned (tie-level path),adapt_131.687_to_131.608_q0.75,0.47673324456923344,0.19976257026509164,0.3845362477803071,0.19980982184944068,350,1222.0,15722.0,984,0.9222745197811983,0.20469623283803262,923.0,250
Sanger,31,0.05,0.1,GoCo-learned (paper path),adapt_550_to_525_q0.4,0.09290489090285209,0.0471262261221428,0.20527773129258475,0.05490723427172337,152,326.0,1114.0,343,0.7073608617594255,0.05645573181240983,297.0,96
Sanger,31,0.05,0.1,GoCo-dense-learned (tie-level path),adapt_528.952_to_526.433_q0.125,0.07770252913091605,0.0469127284021747,0.20537516928184746,0.05477887999437424,152,312.0,963.0,345,0.67601246105919,0.056368330741783004,287.0,16
Sanger,31,0.05,0.5,GoCo-learned (paper path),adapt_550_to_525_q0.6,0.292598291420036,0.0487985005339485,0.2080446205602225,0.05773025734427261,155,336.0,1268.0,354,0.7350157728706624,0.05925912974863277,306.0,162
Sanger,31,0.05,0.5,GoCo-dense-learned (tie-level path),adapt_528.952_to_526.433_q0.5,0.206680293764118,0.04820688529314612,0.20717258627576135,0.05574808561254589,152,329.0,1183.0,345,0.7218934911242604,0.0572862898482454,300.0,109
Sanger,31,0.2,0.1,GoCo-learned (paper path),adapt_150_to_125_q0.75,0.008482302179056841,0.19042823482863688,0.3789027422190322,0.19413906763342167,447,1647.0,17491.0,974,0.9058372877479847,0.1985487559307596,1265.0,675
Sanger,31,0.2,0.1,GoCo-dense-learned (tie-level path),adapt_137.57_to_137.33_q0.75,0.03420515602923326,0.192657204110474,0.3808178077136222,0.19685069453409243,440,1531.0,15975.0,982,0.9041627543035994,0.20111491130153916,1176.0,46
Sanger,31,0.2,0.5,GoCo-learned (paper path),adapt_150_to_125_q0.75,0.008482302179056841,0.19042823482863688,0.3789027422190322,0.19413906763342167,447,1647.0,17491.0,974,0.9058372877479847,0.1985487559307596,1265.0,675
Sanger,31,0.2,0.5,GoCo-dense-learned (tie-level path),adapt_131.687_to_131.608_q0.75,0.15799917679135628,0.19593115575674985,0.3835022158163705,0.19922134914964204,441,1593.0,17080.0,990,0.9067330210772834,0.20323543409751219,1222.0,219
Sanger,32,0.05,0.1,GoCo-learned (paper path),adapt_575_to_550_q0.6,0.02851499710814269,0.04594175644182219,0.2015372008426975,0.04632485478882827,116,207.0,692.0,293,0.7008670520231214,0.04750066665559173,192.0,18
Sanger,32,0.05,0.1,GoCo-dense-learned (tie-level path),adapt_574.291_to_564.036_q0.75,0.06006866098567137,0.04666112464937297,0.2030338111460111,0.04597024485752537,117,207.0,685.0,293,0.6978102189781021,0.04702660916967595,193.0,8
Sanger,32,0.05,0.5,GoCo-learned (paper path),adapt_550_to_525_q0.35,0.44471404776190615,0.04969337589595011,0.20843884618566122,0.04989325355775946,121,230.0,893.0,307,0.7424412094064949,0.051086129373291975,211.0,74
Sanger,32,0.05,0.5,GoCo-dense-learned (tie-level path),adapt_528.952_to_526.433_q0.3,0.49424594053829624,0.04996806305223818,0.20926106284929363,0.05008134342654955,122,228.0,842.0,309,0.7292161520190024,0.0512351168830611,211.0,37
Sanger,32,0.2,0.1,GoCo-learned (paper path),adapt_150_to_125_q0.75,0.019938700098872712,0.19177425319918645,0.37829827195712784,0.1890862392117702,362,1215.0,15915.0,940,0.9236569274269557,0.19322906974849083,930.0,676
Sanger,32,0.2,0.1,GoCo-dense-learned (tie-level path),adapt_137.57_to_137.33_q0.75,0.06916884611798715,0.19403687174871156,0.38027470406994196,0.1917122565618688,348,1093.0,14500.0,945,0.9246206896551724,0.1955950298408111,841.0,57
Sanger,32,0.2,0.5,GoCo-learned (paper path),adapt_150_to_125_q0.75,0.019938700098872712,0.19177425319918645,0.37829827195712784,0.1890862392117702,362,1215.0,15915.0,940,0.9236569274269557,0.19322906974849083,930.0,676
Sanger,32,0.2,0.5,GoCo-dense-learned (tie-level path),adapt_131.687_to_131.608_q0.75,0.1874951322348824,0.19641072833572756,0.38236352951941877,0.19553013946881886,352,1139.0,15492.0,960,0.9264781822876323,0.19928280230599046,871.0,217
Sanger,33,0.05,0.1,GoCo-learned (paper path),adapt_550_to_525_q0.4,0.09860487392508577,0.047217396421185324,0.20393427693809876,0.0520988599483804,114,235.0,1005.0,308,0.7661691542288557,0.05297285594705238,217.0,93
Sanger,33,0.05,0.1,GoCo-dense-learned (tie-level path),global_539.932,0.07890788639720558,0.04695337201834419,0.20385383816399322,0.051664614580646744,109,210.0,779.0,308,0.730423620025674,0.05236388047758703,198.0,0
Sanger,33,0.05,0.5,GoCo-learned (paper path),adapt_550_to_525_q0.5,0.13330194611140284,0.04759645087838814,0.20447752448655232,0.05218471287679832,115,236.0,1029.0,308,0.7706511175898931,0.052984054158008914,218.0,106
Sanger,33,0.05,0.5,GoCo-dense-learned (tie-level path),adapt_528.952_to_526.433_q0.5,0.2797936865433621,0.048724106741936495,0.20667202755062794,0.05252065912539855,115,236.0,1033.0,309,0.771539206195547,0.053320000406609135,218.0,95
Sanger,33,0.2,0.1,GoCo-learned (paper path),adapt_150_to_125_q0.75,0.001405457773080329,0.188116987782626,0.37589357263381185,0.194090811022185,366,1328.0,16817.0,954,0.9210322887554261,0.19738029352027384,1049.0,688
Sanger,33,0.2,0.1,GoCo-dense-learned (tie-level path),adapt_131.687_to_131.608_q0.75,0.06735500929122663,0.1939728605893365,0.38081740109802276,0.1995990036416294,365,1284.0,16307.0,978,0.9212608082418593,0.20293868806834717,1012.0,227
Sanger,33,0.2,0.5,GoCo-learned (paper path),adapt_150_to_125_q0.75,0.001405457773080329,0.188116987782626,0.37589357263381185,0.194090811022185,366,1328.0,16817.0,954,0.9210322887554261,0.19738029352027384,1049.0,688
Sanger,33,0.2,0.5,GoCo-dense-learned (tie-level path),adapt_127.62_to_127.363_q0.75,0.4112892285419009,0.19908709358632484,0.3847753015525386,0.20580350925180171,380,1335.0,16607.0,1018,0.9196122117179503,0.21015607942926123,1051.0,8
Sanger,34,0.05,0.1,GoCo-learned (paper path),global_600,0.05078492557874576,0.046459751466411785,0.20435367435606508,0.04344433788356162,92,165.0,589.0,263,0.7198641765704584,0.0440166907441309,157.0,0
Sanger,34,0.05,0.1,GoCo-dense-learned (tie-level path),global_592.237,0.05665389509925209,0.04657737498346381,0.2042753217049025,0.043329689564122864,97,172.0,598.0,265,0.7123745819397993,0.04390204242469215,164.0,0
Sanger,34,0.05,0.5,GoCo-learned (paper path),adapt_575_to_550_q0.75,0.3739890834458478,0.0492893194557037,0.20903997077434247,0.045325459157766444,101,186.0,662.0,274,0.7190332326283988,0.046155370803589515,172.0,31
Sanger,34,0.05,0.5,GoCo-dense-learned (tie-level path),adapt_574.291_to_564.036_q0.75,0.2478855565818423,0.048505620396142576,0.20734187257804088,0.044593842879922234,101,186.0,656.0,271,0.7164634146341463,0.045461081891150654,172.0,18
Sanger,34,0.2,0.1,GoCo-learned (paper path),adapt_150_to_125_q0.75,0.007359812653584992,0.19026214070868397,0.3773024227513111,0.1950294648079162,365,1297.0,16490.0,959,0.9213462704669496,0.1990250557861296,989.0,712
Sanger,34,0.2,0.1,GoCo-dense-learned (tie-level path),adapt_132.938_to_132.714_q0.75,0.09750334429112345,0.19477355546091524,0.38115888854321184,0.19934356953168636,353,1220.0,15309.0,973,0.9203083153700438,0.20327106735273812,935.0,64
Sanger,34,0.2,0.5,GoCo-learned (paper path),adapt_150_to_125_q0.75,0.007359812653584992,0.19026214070868397,0.3773024227513111,0.1950294648079162,365,1297.0,16490.0,959,0.9213462704669496,0.1990250557861296,989.0,712
Sanger,34,0.2,0.5,GoCo-dense-learned (tie-level path),global_129.514,0.4926315259800989,0.1999246848474369,0.38535813516867196,0.20421472379368336,361,1259.0,16136.0,999,0.9219757064947942,0.2090843466167888,957.0,0
Sanger,35,0.05,0.1,GoCo-learned (paper path),adapt_550_to_525_q0.4,0.08211437502813368,0.04701621007829891,0.20273040668931558,0.05203367606856655,123,257.0,916.0,319,0.7194323144104804,0.05278787376298616,240.0,66
Sanger,35,0.05,0.1,GoCo-dense-learned (tie-level path),adapt_528.952_to_526.433_q0.075,0.08900639087101059,0.04709714309108455,0.2036877793489627,0.05170417063246916,123,248.0,827.0,319,0.7001209189842805,0.052408488717217996,233.0,17
Sanger,35,0.05,0.5,GoCo-learned (paper path),adapt_550_to_525_q0.5,0.2506145307088015,0.04853912209195243,0.20528587859799757,0.0521738755442661,128,268.0,1031.0,319,0.7400581959262852,0.05293285880417199,250.0,124
Sanger,35,0.05,0.5,GoCo-dense-learned (tie-level path),adapt_528.952_to_526.433_q0.4,0.17576024024077952,0.04798090630250558,0.2048239744023929,0.051996348709835855,124,262.0,929.0,319,0.7179763186221744,0.052713219038850116,245.0,60
Sanger,35,0.2,0.1,GoCo-learned (paper path),adapt_150_to_125_q0.75,0.0018133494903099254,0.18843444589437042,0.37575759598801384,0.19277968059595327,372,1417.0,16537.0,960,0.9143133579246538,0.1966572532761938,1109.0,684
Sanger,35,0.2,0.1,GoCo-dense-learned (tie-level path),adapt_131.687_to_131.608_q0.75,0.0650161002503816,0.19390492739495385,0.38048238879990975,0.19787754306000263,368,1353.0,16072.0,978,0.9158163265306123,0.20227478391512776,1049.0,213
Sanger,35,0.2,0.5,GoCo-learned (paper path),adapt_150_to_125_q0.75,0.0018133494903099254,0.18843444589437042,0.37575759598801384,0.19277968059595327,372,1417.0,16537.0,960,0.9143133579246538,0.1966572532761938,1109.0,684
Sanger,35,0.2,0.5,GoCo-dense-learned (tie-level path),global_127.62,0.38271931833832934,0.19878688337680903,0.38428710322106907,0.20307583954072614,372,1386.0,16352.0,1004,0.9152397260273972,0.2069728927376022,1079.0,0
Sanger,36,0.05,0.1,GoCo-learned (paper path),adapt_575_to_550_q0.75,0.027392854071820075,0.045905592556470615,0.20148135292928934,0.04659067890612035,102,194.0,687.0,284,0.7176128093158661,0.04703611874700527,185.0,27
Sanger,36,0.05,0.1,GoCo-dense-learned (tie-level path),adapt_574.291_to_564.036_q0.75,0.06444957070047262,0.04673407442010255,0.20327222504742315,0.046366714740386866,101,193.0,686.0,282,0.7186588921282799,0.04681215458127179,184.0,19
Sanger,36,0.05,0.5,GoCo-learned (paper path),adapt_550_to_525_q0.6,0.47219659913043044,0.049845845181206334,0.20887746251180067,0.04884874355819698,110,227.0,975.0,292,0.7671794871794871,0.04939538595857973,212.0,110
Sanger,36,0.05,0.5,GoCo-dense-learned (tie-level path),adapt_528.952_to_526.433_q0.4,0.4687718398197497,0.04982658791945112,0.20915735192943358,0.04939049698938047,107,221.0,918.0,294,0.7592592592592593,0.049927889186083804,207.0,75
Sanger,36,0.2,0.1,GoCo-learned (paper path),adapt_150_to_125_q0.75,0.027917249168553118,0.19233691602931982,0.37871821935946387,0.1923850348454974,350,1281.0,16398.0,954,0.9218807171606294,0.19583833805991446,1015.0,721
Sanger,36,0.2,0.1,GoCo-dense-learned (tie-level path),adapt_137.57_to_137.33_q0.75,0.06408221113869329,0.19388045994018527,0.38015030440614744,0.19548667491416782,329,1157.0,14811.0,959,0.9218823847140639,0.19851234292263145,920.0,44
Sanger,36,0.2,0.5,GoCo-learned (paper path),adapt_150_to_125_q0.75,0.027917249168553118,0.19233691602931982,0.37871821935946387,0.1923850348454974,350,1281.0,16398.0,954,0.9218807171606294,0.19583833805991446,1015.0,721
Sanger,36,0.2,0.5,GoCo-dense-learned (tie-level path),adapt_131.687_to_131.608_q0.75,0.283511560395602,0.1976782301890439,0.3833210287898555,0.19954636275167562,343,1223.0,15994.0,983,0.9235338251844442,0.20431324942715356,959.0,259
Sanger,37,0.05,0.1,GoCo-learned (paper path),adapt_575_to_550_q0.75,0.04500374301039736,0.04635368714979076,0.20326696753549037,0.04622993664805593,128,233.0,740.0,299,0.6851351351351351,0.047370909636658756,217.0,32
Sanger,37,0.05,0.1,GoCo-dense-learned (tie-level path),adapt_574.291_to_564.036_q0.75,0.02515260866635995,0.045812561610889604,0.20218651696671924,0.046406619492730526,127,232.0,739.0,300,0.6860622462787551,0.047378375121754204,217.0,14
Sanger,37,0.05,0.5,GoCo-learned (paper path),adapt_550_to_525_q0.5,0.3165262113129599,0.04894959558413747,0.20792977164134935,0.049226322536505884,139,268.0,1017.0,312,0.7364798426745329,0.05031166496495784,245.0,113
Sanger,37,0.05,0.5,GoCo-dense-learned (tie-level path),adapt_528.952_to_526.433_q0.5,0.46914026656601876,0.04982816729739649,0.20973179401492148,0.04959959615051145,139,270.0,1023.0,314,0.7360703812316716,0.05068493857896341,247.0,101
Sanger,37,0.2,0.1,GoCo-learned (paper path),adapt_150_to_125_q0.75,0.021386719413655178,0.19187363690249973,0.37909603428127375,0.19571264641816244,407,1437.0,17040.0,977,0.9156690140845071,0.19970070391659775,1105.0,752
Sanger,37,0.2,0.1,GoCo-dense-learned (tie-level path),global_137.239,0.09555474945605746,0.19472337626271113,0.3814643056366434,0.19925111879626956,394,1320.0,15488.0,990,0.9147727272727273,0.2031319609848409,1018.0,0
Sanger,37,0.2,0.5,GoCo-learned (paper path),adapt_150_to_125_q0.75,0.021386719413655178,0.19187363690249973,0.37909603428127375,0.19571264641816244,407,1437.0,17040.0,977,0.9156690140845071,0.19970070391659775,1105.0,752
Sanger,37,0.2,0.5,GoCo-dense-learned (tie-level path),adapt_131.687_to_131.608_q0.75,0.24162562297119583,0.19715478194504643,0.3835486898969377,0.2010277221844952,401,1372.0,16477.0,1001,0.9167324148813497,0.20580718346098636,1049.0,238
Sanger,38,0.05,0.1,GoCo-learned (paper path),adapt_575_to_550_q0.75,0.054827487354509465,0.04654934533370807,0.20385663997181394,0.04784416726895703,111,245.0,743.0,294,0.6702557200538358,0.04890115370875911,227.0,35
Sanger,38,0.05,0.1,GoCo-dense-learned (tie-level path),adapt_574.291_to_564.036_q0.75,0.04909714103910166,0.04643738832519933,0.20360742414907296,0.04843767230948569,112,246.0,750.0,297,0.672,0.04949465874928777,228.0,25
Sanger,38,0.05,0.5,GoCo-learned (paper path),adapt_550_to_525_q0.5,0.4181431346202671,0.04954341791847123,0.2088170936301047,0.050384326511107524,120,272.0,1012.0,305,0.7312252964426877,0.051428280689014165,251.0,125
Sanger,38,0.05,0.5,GoCo-dense-learned (tie-level path),adapt_528.952_to_526.433_q0.4,0.44885356055228304,0.049714956090581616,0.20954910881453112,0.05064917302211749,118,273.0,979.0,306,0.7211440245148111,0.05167321928871706,252.0,90
Sanger,38,0.2,0.1,GoCo-learned (paper path),adapt_150_to_125_q0.75,0.00590458937840261,0.18993805260620628,0.37769036622125646,0.19418249797714252,379,1385.0,16215.0,973,0.9145852605612088,0.19839155977009926,1089.0,750
Sanger,38,0.2,0.1,GoCo-dense-learned (tie-level path),adapt_131.687_to_131.608_q0.6,0.09262656958435633,0.19464849145308077,0.3817822379118974,0.19690313926269065,360,1295.0,15409.0,973,0.9159582062431046,0.20040680117996917,1019.0,192
Sanger,38,0.2,0.5,GoCo-learned (paper path),adapt_150_to_125_q0.75,0.00590458937840261,0.18993805260620628,0.37769036622125646,0.19418249797714252,379,1385.0,16215.0,973,0.9145852605612088,0.19839155977009926,1089.0,750
Sanger,38,0.2,0.5,GoCo-dense-learned (tie-level path),global_128.747,0.47884466140500914,0.1997834450735861,0.3857703242131385,0.20265322372667732,371,1331.0,15673.0,1009,0.9150768838129267,0.20711331911143102,1044.0,0
Sanger,39,0.05,0.1,GoCo-learned (paper path),adapt_575_to_550_q0.5,0.0679173244538065,0.046781369384446596,0.20395159037311147,0.044603570591562405,115,216.0,709.0,281,0.6953455571227081,0.0461450209075633,197.0,26
Sanger,39,0.05,0.1,GoCo-dense-learned (tie-level path),adapt_574.291_to_564.036_q0.4,0.07825736811118038,0.04693810919702614,0.2042337674641917,0.04544343621973762,115,215.0,714.0,284,0.6988795518207283,0.04683557708746642,196.0,14
Sanger,39,0.05,0.5,GoCo-learned (paper path),adapt_550_to_525_q0.35,0.47719762155214407,0.04987314368643624,0.2096426716536722,0.047929350219141326,119,242.0,878.0,296,0.724373576309795,0.04964878917541376,217.0,67
Sanger,39,0.05,0.5,GoCo-dense-learned (tie-level path),global_538.398,0.48448300541067696,0.04991338627919241,0.21040398562773516,0.047813723635967205,117,223.0,750.0,296,0.7026666666666667,0.04916853715163996,204.0,0
Sanger,39,0.2,0.1,GoCo-learned (paper path),adapt_150_to_125_q0.75,0.001061866243217207,0.18779825843767206,0.37533930158750817,0.19901840382433952,380,1460.0,17445.0,981,0.9163083978217255,0.20297143920204808,1117.0,745
Sanger,39,0.2,0.1,GoCo-dense-learned (tie-level path),adapt_131.687_to_131.608_q0.75,0.07769239901948922,0.19427523475208733,0.38081099940479246,0.20396594591397055,380,1398.0,16944.0,1003,0.9174929178470255,0.20929719960903134,1058.0,246
Sanger,39,0.2,0.5,GoCo-learned (paper path),adapt_150_to_125_q0.75,0.001061866243217207,0.18779825843767206,0.37533930158750817,0.19901840382433952,380,1460.0,17445.0,981,0.9163083978217255,0.20297143920204808,1117.0,745
Sanger,39,0.2,0.5,GoCo-dense-learned (tie-level path),global_127.363,0.4843966732923171,0.19984059451849429,0.38508774855010497,0.20932994215245476,385,1434.0,17272.0,1029,0.916975451597962,0.213933643378309,1090.0,0
Sanger,40,0.05,0.1,GoCo-learned (paper path),adapt_575_to_550_q0.6,0.09515228505985118,0.04716742315162365,0.2044049042625228,0.046941733854214795,112,232.0,744.0,294,0.6881720430107527,0.04765468644601901,222.0,27
Sanger,40,0.05,0.1,GoCo-dense-learned (tie-level path),adapt_580.625_to_574.291_q0.75,0.08021300516280871,0.04696766955238311,0.20417148056449547,0.04586048463290643,110,222.0,716.0,289,0.6899441340782123,0.046463943632425946,216.0,6
Sanger,40,0.05,0.5,GoCo-learned (paper path),adapt_550_to_525_q0.35,0.47888444293950705,0.049882869016374114,0.20905027432420425,0.04976566990238822,121,251.0,868.0,311,0.7108294930875576,0.05034196558017346,239.0,48
Sanger,40,0.05,0.5,GoCo-dense-learned (tie-level path),adapt_528.952_to_526.433_q0.1,0.47099940217561403,0.049838615610588305,0.20963121902466952,0.050508387445202065,121,247.0,798.0,316,0.6904761904761905,0.05126918692805065,236.0,8
Sanger,40,0.2,0.1,GoCo-learned (paper path),adapt_150_to_125_q0.75,0.034784448990523686,0.19271186821119324,0.379563096472279,0.19410795204650114,373,1433.0,16459.0,965,0.9129351722461875,0.19762694781931892,1138.0,733
Sanger,40,0.2,0.1,GoCo-dense-learned (tie-level path),adapt_137.57_to_137.33_q0.75,0.06687094456945454,0.19396269349468911,0.38051237776940394,0.1958288245679016,363,1307.0,14817.0,970,0.9117905108996422,0.1996724452877632,1039.0,49
Sanger,40,0.2,0.5,GoCo-learned (paper path),adapt_150_to_125_q0.75,0.034784448990523686,0.19271186821119324,0.379563096472279,0.19410795204650114,373,1433.0,16459.0,965,0.9129351722461875,0.19762694781931892,1138.0,733
Sanger,40,0.2,0.5,GoCo-dense-learned (tie-level path),adapt_131.687_to_131.608_q0.75,0.32118103410982946,0.19811324987759038,0.3839703409189574,0.19886420209624064,369,1363.0,15856.0,986,0.9140388496468214,0.20355793630823177,1076.0,246
Sanger,41,0.05,0.1,GoCo-learned (paper path),global_575,0.08600749035978084,0.047041152451692866,0.20474968465521673,0.048223573209724126,111,204.0,701.0,296,0.7089871611982882,0.049411827529397816,190.0,0
Sanger,41,0.05,0.1,GoCo-dense-learned (tie-level path),global_580.625,0.08600749035978084,0.047041152451692866,0.20474968465521673,0.048223573209724126,111,204.0,701.0,296,0.7089871611982882,0.049411827529397816,190.0,0
Sanger,41,0.05,0.5,GoCo-learned (paper path),adapt_550_to_525_q0.4,0.45713934765450254,0.049761809992566006,0.20912749335804,0.053415166510713326,130,250.0,994.0,321,0.7484909456740443,0.05471611640688286,228.0,99
Sanger,41,0.05,0.5,GoCo-dense-learned (tie-level path),adapt_528.952_to_526.433_q0.075,0.44696102129325177,0.04970383845299709,0.20990968540471946,0.05342842936849541,126,234.0,807.0,325,0.7100371747211895,0.054535468404931155,216.0,13
Sanger,41,0.2,0.1,GoCo-learned (paper path),adapt_150_to_125_q0.75,0.04596139685604623,0.19323245302823644,0.3795052968311003,0.19062070545864532,391,1474.0,17047.0,950,0.9135331729923154,0.19482819823441822,1131.0,653
Sanger,41,0.2,0.1,GoCo-dense-learned (tie-level path),adapt_141.261_to_141.009_q0.75,0.08479198079025019,0.19446576703164645,0.3807938269006791,0.1916242536345094,378,1321.0,15259.0,953,0.9134281407693821,0.1958463439982789,1009.0,126
Sanger,41,0.2,0.5,GoCo-learned (paper path),adapt_150_to_125_q0.75,0.04596139685604623,0.19323245302823644,0.3795052968311003,0.19062070545864532,391,1474.0,17047.0,950,0.9135331729923154,0.19482819823441822,1131.0,653
Sanger,41,0.2,0.5,GoCo-dense-learned (tie-level path),adapt_131.687_to_131.608_q0.75,0.3877315865932786,0.1988396738083225,0.3844587777360338,0.1971851921195012,387,1416.0,16659.0,978,0.9150009004141906,0.20245973300960537,1074.0,221
Sanger,42,0.05,0.1,GoCo-learned (paper path),adapt_600_to_575_q0.75,0.07380574302842134,0.046871750841173315,0.20417434177775792,0.038374215738236704,93,167.0,577.0,244,0.7105719237435009,0.0392924688230837,160.0,12
Sanger,42,0.05,0.1,GoCo-dense-learned (tie-level path),adapt_592.237_to_584.926_q0.75,0.08547375978234384,0.04703968635393641,0.20434127955800457,0.03893412615257041,94,168.0,581.0,247,0.7108433734939759,0.03985237923741741,161.0,5
Sanger,42,0.05,0.5,GoCo-learned (paper path),adapt_575_to_550_q0.75,0.18579488342352007,0.04804944001768824,0.20631907306209357,0.04052053899540747,97,172.0,599.0,254,0.7128547579298832,0.0415507741631212,164.0,4
Sanger,42,0.05,0.5,GoCo-dense-learned (tie-level path),adapt_574.291_to_564.036_q0.75,0.31257485826488773,0.048925192627106553,0.20791348926476133,0.04083985761725756,99,175.0,615.0,256,0.7154471544715447,0.041758110702104556,167.0,8
Sanger,42,0.2,0.1,GoCo-learned (paper path),adapt_150_to_125_q0.75,0.07451641178964945,0.19420004626540022,0.3798794078580046,0.18551455796565883,362,1200.0,15466.0,917,0.9224104487262382,0.1892530383615184,906.0,630
Sanger,42,0.2,0.1,GoCo-dense-learned (tie-level path),adapt_144.009_to_143.573_q0.75,0.04803431510952602,0.19331439486565047,0.37966848452265606,0.18497037866548088,344,1062.0,13327.0,917,0.9203121482704284,0.18890434883676743,809.0,103
Sanger,42,0.2,0.5,GoCo-learned (paper path),adapt_150_to_125_q0.75,0.07451641178964945,0.19420004626540022,0.3798794078580046,0.18551455796565883,362,1200.0,15466.0,917,0.9224104487262382,0.1892530383615184,906.0,630
Sanger,42,0.2,0.5,GoCo-dense-learned (tie-level path),adapt_131.687_to_131.608_q0.75,0.35421082331261844,0.1984820197925699,0.3836152945615854,0.1912331123735176,356,1143.0,14998.0,939,0.9237898386451527,0.19513370707080452,857.0,172
Sanger,43,0.05,0.1,GoCo-learned (paper path),adapt_575_to_550_q0.5,0.09573726389351667,0.04717201534350037,0.2046123872551498,0.04630050312765235,122,237.0,732.0,295,0.6762295081967213,0.04717894034649998,227.0,24
Sanger,43,0.05,0.1,GoCo-dense-learned (tie-level path),global_580.625,0.06344763964189021,0.04670050345357896,0.20428502495410356,0.0456934891349124,120,227.0,702.0,291,0.6766381766381766,0.04651158045881406,219.0,0
Sanger,43,0.05,0.5,GoCo-learned (paper path),adapt_550_to_525_q0.35,0.4911707219563446,0.049950858667339386,0.20983150762070513,0.04943314382236989,127,261.0,882.0,308,0.7040816326530612,0.050103409236249036,250.0,61
Sanger,43,0.05,0.5,GoCo-dense-learned (tie-level path),global_539.932,0.489110612898734,0.049939219400693735,0.21042242679790316,0.04803622541208684,127,244.0,759.0,308,0.6785243741765481,0.04891466263093446,234.0,0
Sanger,43,0.2,0.1,GoCo-learned (paper path),adapt_150_to_125_q0.75,0.004344370655003344,0.18952394744812562,0.3773093557549698,0.19375266538555386,388,1374.0,16320.0,965,0.9158088235294117,0.19790651872003198,1060.0,718
Sanger,43,0.2,0.1,GoCo-dense-learned (tie-level path),adapt_131.687_to_131.608_q0.75,0.09862965214287134,0.1947915755892969,0.3817625232103428,0.19794583039281083,370,1296.0,15794.0,971,0.917943522856781,0.20128872669891174,1006.0,234
Sanger,43,0.2,0.5,GoCo-learned (paper path),adapt_150_to_125_q0.75,0.004344370655003344,0.18952394744812562,0.3773093557549698,0.19375266538555386,388,1374.0,16320.0,965,0.9158088235294117,0.19790651872003198,1060.0,718
Sanger,43,0.2,0.5,GoCo-dense-learned (tie-level path),global_128.747,0.4406603602623108,0.19939129739545997,0.38533081241902306,0.20393855600781563,383,1335.0,16057.0,1010,0.9168586909136203,0.20853818556562917,1030.0,0
Sanger,44,0.05,0.1,GoCo-learned (paper path),adapt_575_to_550_q0.75,0.07005006337710763,0.046810513725141424,0.204305443519926,0.04618314818665802,123,230.0,698.0,296,0.670487106017192,0.048148886186945745,212.0,17
Sanger,44,0.05,0.1,GoCo-dense-learned (tie-level path),adapt_580.625_to_574.291_q0.75,0.06313928876534032,0.046696238419932735,0.2042169395548515,0.046522827164456666,119,221.0,678.0,296,0.6740412979351033,0.048331790248063486,205.0,3
Sanger,44,0.05,0.5,GoCo-learned (paper path),adapt_550_to_525_q0.275,0.43522127050982207,0.04963900307189228,0.20918643152418304,0.05098246774841663,131,244.0,887.0,319,0.7249154453213078,0.05265697631296626,225.0,59
Sanger,44,0.05,0.5,GoCo-dense-learned (tie-level path),adapt_528.952_to_526.433_q0.125,0.48261043405634546,0.049903159905216696,0.20990041127247114,0.05089643045942834,132,245.0,789.0,322,0.6894803548795945,0.05281364289002883,227.0,23
Sanger,44,0.2,0.1,GoCo-learned (paper path),adapt_150_to_125_q0.75,0.0036877453810959825,0.1893163189805787,0.376841059325965,0.19185953701597044,398,1452.0,16752.0,950,0.913323782234957,0.19548622901402288,1114.0,578
Sanger,44,0.2,0.1,GoCo-dense-learned (tie-level path),adapt_131.687_to_131.608_q0.75,0.09010221207171248,0.1945934825653166,0.38128206001331405,0.19955881519987761,396,1403.0,16632.0,980,0.9156445406445406,0.20319000190209435,1071.0,125
Sanger,44,0.2,0.5,GoCo-learned (paper path),adapt_150_to_125_q0.75,0.0036877453810959825,0.1893163189805787,0.376841059325965,0.19185953701597044,398,1452.0,16752.0,950,0.913323782234957,0.19548622901402288,1114.0,578
Sanger,44,0.2,0.5,GoCo-dense-learned (tie-level path),global_129.514,0.46470488235030327,0.19963883771571514,0.3853048175042765,0.20456020915828654,406,1438.0,17118.0,1011,0.9159948592125249,0.20995931872328344,1092.0,0
Sanger,45,0.05,0.1,GoCo-learned (paper path),adapt_575_to_550_q0.6,0.03511828787852862,0.04613099285921493,0.20197781815884783,0.04541864826991603,112,207.0,711.0,284,0.7088607594936709,0.046613576274035624,190.0,19
Sanger,45,0.05,0.1,GoCo-dense-learned (tie-level path),adapt_574.291_to_564.036_q0.6,0.07945690709418568,0.04696258464123281,0.20377435221317453,0.04541864826991603,112,207.0,714.0,284,0.7100840336134454,0.046613576274035624,190.0,11
Sanger,45,0.05,0.5,GoCo-learned (paper path),adapt_550_to_525_q0.4,0.46716557914584256,0.04981800837236245,0.20874461111404452,0.049068321396095085,120,236.0,972.0,298,0.757201646090535,0.05014067198768308,213.0,99
Sanger,45,0.05,0.5,GoCo-dense-learned (tie-level path),adapt_528.952_to_526.433_q0.125,0.4905077526468021,0.049947312658096286,0.20925733058019053,0.049193854044292704,119,231.0,851.0,302,0.7285546415981199,0.0502334316293443,209.0,33
Sanger,45,0.2,0.1,GoCo-learned (paper path),adapt_150_to_125_q0.75,0.05027713959238162,0.19341093613409538,0.37920960017370325,0.19053399382953815,369,1370.0,15701.0,950,0.9127444111840011,0.19468540239908128,1049.0,663
Sanger,45,0.2,0.1,GoCo-dense-learned (tie-level path),global_141.69,0.09700846423765253,0.19477056683884894,0.3805317819397345,0.19065191786473434,357,1202.0,13602.0,947,0.9116306425525658,0.19450411840622528,920.0,0
Sanger,45,0.2,0.5,GoCo-learned (paper path),adapt_150_to_125_q0.75,0.05027713959238162,0.19341093613409538,0.37920960017370325,0.19053399382953815,369,1370.0,15701.0,950,0.9127444111840011,0.19468540239908128,1049.0,663
Sanger,45,0.2,0.5,GoCo-dense-learned (tie-level path),adapt_131.687_to_131.608_q0.75,0.35404555817208583,0.19848088138689654,0.3834474334055616,0.1952903187121416,361,1287.0,15308.0,961,0.9159263130389339,0.19889331567127252,981.0,209
Sanger,46,0.05,0.1,GoCo-learned (paper path),adapt_600_to_575_q0.6,0.051325348276629344,0.0464839280315621,0.20359897553453268,0.04420790865533429,112,212.0,680.0,280,0.6882352941176471,0.04566910516841948,200.0,19
Sanger,46,0.05,0.1,GoCo-dense-learned (tie-level path),adapt_592.237_to_584.926_q0.75,0.05416874935919493,0.04653990653581647,0.20365491586435946,0.04420790865533429,112,212.0,680.0,280,0.6882352941176471,0.04566910516841948,200.0,13
Sanger,46,0.05,0.5,GoCo-learned (paper path),adapt_575_to_550_q0.75,0.11223364587060874,0.04736256438102682,0.20519878506118863,0.04493472569800438,116,221.0,712.0,285,0.6896067415730337,0.046209285410761435,209.0,23
Sanger,46,0.05,0.5,GoCo-dense-learned (tie-level path),global_557.4,0.4945502014453259,0.04996956329821099,0.21056590668367495,0.04790598363985807,119,225.0,737.0,299,0.694708276797829,0.048919251821476294,213.0,0
Sanger,46,0.2,0.1,GoCo-learned (paper path),adapt_150_to_125_q0.75,0.007870013797197836,0.1903491772451024,0.37769533001632455,0.1924189298143579,393,1432.0,16665.0,958,0.9140714071407141,0.19677213378342376,1111.0,651
Sanger,46,0.2,0.1,GoCo-dense-learned (tie-level path),global_133.839,0.09875474291788455,0.1947994495216929,0.3813982609465184,0.19713865965104183,385,1334.0,15552.0,975,0.9142232510288066,0.20146407308129954,1032.0,0
Sanger,46,0.2,0.5,GoCo-learned (paper path),adapt_150_to_125_q0.75,0.007870013797197836,0.1903491772451024,0.37769533001632455,0.1924189298143579,393,1432.0,16665.0,958,0.9140714071407141,0.19677213378342376,1111.0,651
Sanger,46,0.2,0.5,GoCo-dense-learned (tie-level path),global_128.747,0.4494092412923541,0.19948188406346468,0.38509790178817105,0.20373025444093237,397,1414.0,16714.0,1010,0.9154002632523632,0.2084719288322453,1090.0,0
Sanger,47,0.05,0.1,GoCo-learned (paper path),global_575,0.0894555705957214,0.04708187620915002,0.20518309654539604,0.04762009802083553,115,220.0,682.0,301,0.6774193548387096,0.04915051981556456,208.0,0
Sanger,47,0.05,0.1,GoCo-dense-learned (tie-level path),global_580.625,0.0894555705957214,0.04708187620915002,0.20518309654539604,0.04762009802083553,115,220.0,682.0,301,0.6774193548387096,0.04915051981556456,208.0,0
Sanger,47,0.05,0.5,GoCo-learned (paper path),adapt_550_to_525_q0.075,0.48662137364019425,0.049925317673327085,0.21043080238210954,0.0502289412269934,122,240.0,761.0,316,0.6846254927726675,0.051554062538691624,226.0,14
Sanger,47,0.05,0.5,GoCo-dense-learned (tie-level path),global_539.932,0.4642695556328706,0.04980029900626275,0.21044778969075809,0.05065820588243235,122,238.0,751.0,318,0.6830892143808256,0.0519273361526972,225.0,0
Sanger,47,0.2,0.1,GoCo-learned (paper path),adapt_150_to_125_q0.75,0.005949311341932177,0.18997746587894018,0.37660865840310126,0.19308907867879643,350,1250.0,16118.0,949,0.922446953716342,0.19665684743063713,974.0,649
Sanger,47,0.2,0.1,GoCo-dense-learned (tie-level path),adapt_131.687_to_131.608_q0.6,0.0608460350277421,0.19377559798644947,0.3800863991901736,0.19861343707910176,340,1204.0,15542.0,966,0.9225324926006949,0.2017615383442946,943.0,107
Sanger,47,0.2,0.5,GoCo-learned (paper path),adapt_150_to_125_q0.75,0.005949311341932177,0.18997746587894018,0.37660865840310126,0.19308907867879643,350,1250.0,16118.0,949,0.922446953716342,0.19665684743063713,974.0,649
Sanger,47,0.2,0.5,GoCo-dense-learned (tie-level path),adapt_127.62_to_127.363_q0.75,0.4771348354830148,0.19976653381047685,0.3847654844851361,0.20389349058454007,348,1252.0,16116.0,995,0.922313229089104,0.20748403860967343,977.0,4
Sanger,48,0.05,0.1,GoCo-learned (paper path),adapt_575_to_550_q0.75,0.0971122748434578,0.04718334834890893,0.20505561570374067,0.0455180424758862,119,209.0,690.0,287,0.6971014492753623,0.04685498410950583,190.0,38
Sanger,48,0.05,0.1,GoCo-dense-learned (tie-level path),global_564.036,0.09620502674896259,0.047172152648725374,0.20503362109006054,0.04618993497308665,119,209.0,693.0,290,0.6984126984126984,0.04752687660670628,190.0,0
Sanger,48,0.05,0.5,GoCo-learned (paper path),adapt_550_to_525_q0.6,0.300911940510228,0.048854457302059874,0.2074907048228854,0.04686744959664105,126,229.0,888.0,292,0.7421171171171171,0.04821185919498944,208.0,85
Sanger,48,0.05,0.5,GoCo-dense-learned (tie-level path),adapt_528.952_to_526.433_q0.6,0.44025628379356746,0.049667363478378815,0.20913611364028137,0.04839067253860888,127,232.0,920.0,298,0.7478260869565218,0.04971455208131207,210.0,85
Sanger,48,0.2,0.1,GoCo-learned (paper path),adapt_150_to_125_q0.75,0.001070925105614878,0.1877946924089558,0.3757592006747954,0.19460938711716372,383,1320.0,16267.0,954,0.9188541218417655,0.19818492462693776,1009.0,675
Sanger,48,0.2,0.1,GoCo-dense-learned (tie-level path),adapt_131.687_to_131.608_q0.75,0.047260155581626315,0.19327000280999837,0.38040628498954127,0.1995702024169625,382,1277.0,15816.0,976,0.9192589782498736,0.20315058739962263,969.0,210
Sanger,48,0.2,0.5,GoCo-learned (paper path),adapt_150_to_125_q0.75,0.001070925105614878,0.1877946924089558,0.3757592006747954,0.19460938711716372,383,1320.0,16267.0,954,0.9188541218417655,0.19818492462693776,1009.0,675
Sanger,48,0.2,0.5,GoCo-dense-learned (tie-level path),adapt_127.62_to_127.363_q0.75,0.4341498982501965,0.19932454246719003,0.38498114225249036,0.20518875231868342,390,1317.0,16094.0,1008,0.9181682614638996,0.2092587389310557,1003.0,10
Sanger,49,0.05,0.1,GoCo-learned (paper path),global_600,0.05108648097339931,0.04647499813701986,0.2038322578089219,0.04428427620537471,89,167.0,623.0,264,0.7319422150882825,0.044458470546117956,164.0,0
Sanger,49,0.05,0.1,GoCo-dense-learned (tie-level path),global_592.237,0.04072083832216555,0.04625986054693163,0.2028704780290488,0.04449935290474374,93,174.0,634.0,268,0.7255520504731862,0.04489502292731307,170.0,0
Sanger,49,0.05,0.5,GoCo-learned (paper path),global_575,0.12089661432205245,0.04745753397401865,0.20528254448108807,0.04561330800894794,95,176.0,656.0,271,0.7317073170731707,0.04612096011438402,171.0,0
Sanger,49,0.05,0.5,GoCo-dense-learned (tie-level path),global_564.036,0.47910150775006904,0.049883624592998665,0.2098610815880994,0.04782620647052368,100,188.0,706.0,285,0.7337110481586402,0.04840851329342115,181.0,0
Sanger,49,0.2,0.1,GoCo-learned (paper path),adapt_150_to_125_q0.75,0.05856312285955432,0.19370431540241115,0.37971873268681855,0.18992124742516478,373,1237.0,16308.0,934,0.9241476575913662,0.19345159572356224,943.0,633
Sanger,49,0.2,0.1,GoCo-dense-learned (tie-level path),adapt_144.009_to_143.573_q0.75,0.05574760380604324,0.1936023982214223,0.3799116637233175,0.18937790367798202,358,1097.0,14153.0,927,0.922489931463294,0.19277524880372396,845.0,100
Sanger,49,0.2,0.5,GoCo-learned (paper path),adapt_150_to_125_q0.75,0.05856312285955432,0.19370431540241115,0.37971873268681855,0.18992124742516478,373,1237.0,16308.0,934,0.9241476575913662,0.19345159572356224,943.0,633
Sanger,49,0.2,0.5,GoCo-dense-learned (tie-level path),adapt_131.687_to_131.608_q0.15,0.39743996015359645,0.19894373630108023,0.383979757541253,0.194767239986849,362,1176.0,15579.0,946,0.9245137685345658,0.19819896628982142,897.0,45
Sanger,50,0.05,0.1,GoCo-learned (paper path),adapt_575_to_550_q0.6,0.096740703654696,0.047189903411759,0.20423760190214615,0.0463787047586676,101,203.0,680.0,280,0.7014705882352941,0.048144911044388845,184.0,23
Sanger,50,0.05,0.1,GoCo-dense-learned (tie-level path),global_580.625,0.07001582255809814,0.04681777156158728,0.20380532223123018,0.04597104471781753,99,190.0,653.0,277,0.7090352220520674,0.04770987760046161,174.0,0
Sanger,50,0.05,0.5,GoCo-learned (paper path),adapt_550_to_525_q0.3,0.493406010140353,0.04996346031343569,0.20892056402333514,0.04941458265231411,107,213.0,826.0,295,0.7421307506053268,0.051106134220573966,194.0,58
Sanger,50,0.05,0.5,GoCo-dense-learned (tie-level path),adapt_528.952_to_526.433_q0.2,0.49781887855398443,0.04998789910031871,0.20917995825672092,0.04970370004452089,108,215.0,777.0,298,0.7232947232947233,0.05140984321361426,196.0,28
Sanger,50,0.2,0.1,GoCo-learned (paper path),adapt_150_to_125_q0.75,0.0699275310289546,0.19406422222282552,0.37998657940178826,0.1895718310741668,357,1304.0,16299.0,933,0.9199950917234186,0.19300756699761246,1003.0,673
Sanger,50,0.2,0.1,GoCo-dense-learned (tie-level path),adapt_141.261_to_141.009_q0.075,0.0983059008939936,0.19479864577321104,0.380693453129842,0.19080893247819028,338,1151.0,14194.0,931,0.9189093983373257,0.19391741728595763,882.0,10
Sanger,50,0.2,0.5,GoCo-learned (paper path),adapt_150_to_125_q0.75,0.0699275310289546,0.19406422222282552,0.37998657940178826,0.1895718310741668,357,1304.0,16299.0,933,0.9199950917234186,0.19300756699761246,1003.0,673
Sanger,50,0.2,0.5,GoCo-dense-learned (tie-level path),adapt_131.687_to_131.608_q0.75,0.4853041738318861,0.19985004195979342,0.3846466169171537,0.19494653355834998,350,1252.0,15880.0,953,0.9211586901763225,0.19911566604959205,956.0,217
Sanger,51,0.05,0.1,GoCo-learned (paper path),adapt_600_to_575_q0.75,0.055528581105591175,0.04656769789711969,0.20357237922011276,0.04198802139564164,103,196.0,636.0,263,0.6918238993710691,0.043254041054347596,182.0,9
Sanger,51,0.05,0.1,GoCo-dense-learned (tie-level path),adapt_592.237_to_584.926_q0.75,0.06201943897933448,0.046688984657449674,0.20345481379795913,0.042190655642100436,103,197.0,638.0,264,0.6912225705329154,0.043456675300806394,183.0,2
Sanger,51,0.05,0.5,GoCo-learned (paper path),adapt_575_to_550_q0.75,0.44659640715255466,0.04970258300347388,0.20935167894022777,0.04490267425475169,108,212.0,703.0,278,0.6984352773826458,0.04628192023827808,194.0,43
Sanger,51,0.05,0.5,GoCo-dense-learned (tie-level path),global_564.036,0.486795041991614,0.049926497020491345,0.20983262650166074,0.0457761345024472,110,214.0,708.0,284,0.6977401129943502,0.04715538048597359,196.0,0
Sanger,51,0.2,0.1,GoCo-learned (paper path),adapt_150_to_125_q0.75,0.034957872750646234,0.19273410141434683,0.3788752045999287,0.18772752385457178,363,1311.0,15576.0,930,0.9158320493066255,0.19193355337302603,1000.0,567
Sanger,51,0.2,0.1,GoCo-dense-learned (tie-level path),adapt_141.261_to_141.009_q0.75,0.0675073843914801,0.19398695908310004,0.3802235208586488,0.18904483307983147,353,1206.0,14036.0,934,0.91407808492448,0.19352179258093988,919.0,86
Sanger,51,0.2,0.5,GoCo-learned (paper path),adapt_150_to_125_q0.75,0.034957872750646234,0.19273410141434683,0.3788752045999287,0.18772752385457178,363,1311.0,15576.0,930,0.9158320493066255,0.19193355337302603,1000.0,567
Sanger,51,0.2,0.5,GoCo-dense-learned (tie-level path),adapt_131.687_to_131.608_q0.75,0.4597052887036713,0.19958829334563757,0.38457744941793076,0.1917607129554599,363,1283.0,15285.0,949,0.9160614982008505,0.1972118309003375,970.0,201
Sanger,52,0.05,0.1,GoCo-learned (paper path),adapt_575_to_550_q0.6,0.08199752868094068,0.04698997615026189,0.20439953973642505,0.04387955715982004,108,212.0,712.0,275,0.702247191011236,0.04522707489343133,197.0,35
Sanger,52,0.05,0.1,GoCo-dense-learned (tie-level path),adapt_574.291_to_564.036_q0.6,0.09038785520359782,0.04710193315877063,0.20464748863418775,0.043655592994086556,108,212.0,712.0,274,0.702247191011236,0.045003110727697845,197.0,23
Sanger,52,0.05,0.5,GoCo-learned (paper path),adapt_550_to_525_q0.6,0.4658855076520371,0.0498099941151376,0.20974047187008188,0.046581791469791835,118,240.0,931.0,291,0.7422126745435016,0.04778072691511066,222.0,82
Sanger,52,0.05,0.5,GoCo-dense-learned (tie-level path),adapt_528.952_to_526.433_q0.5,0.476537501856064,0.04986936121551754,0.20981267142991433,0.04679509066921332,116,239.0,908.0,292,0.736784140969163,0.04791190592532462,222.0,58
Sanger,52,0.2,0.1,GoCo-learned (paper path),adapt_150_to_125_q0.75,0.08975860985037654,0.19458828902350003,0.3810463491722276,0.1840990321099558,365,1411.0,16324.0,918,0.9135628522420975,0.18789987794362417,1097.0,671
Sanger,52,0.2,0.1,GoCo-dense-learned (tie-level path),adapt_144.009_to_143.573_q0.75,0.053186281431307686,0.19349743091854557,0.3805954745577915,0.184191361506869,347,1242.0,14094.0,914,0.9118773946360154,0.18778832333218745,968.0,103
Sanger,52,0.2,0.5,GoCo-learned (paper path),adapt_150_to_125_q0.75,0.08975860985037654,0.19458828902350003,0.3810463491722276,0.1840990321099558,365,1411.0,16324.0,918,0.9135628522420975,0.18789987794362417,1097.0,671
Sanger,52,0.2,0.5,GoCo-dense-learned (tie-level path),adapt_131.687_to_131.608_q0.4,0.48689151241631967,0.19986593971872244,0.3855261059584446,0.18875090282614795,354,1331.0,15556.0,930,0.9144381589097454,0.1921927112113989,1037.0,83
Sanger,53,0.05,0.1,GoCo-learned (paper path),adapt_550_to_525_q0.25,0.09265833859223327,0.04714306887361003,0.20384592990988357,0.05192872460718785,122,242.0,825.0,317,0.7066666666666667,0.053264949660151696,221.0,38
Sanger,53,0.05,0.1,GoCo-dense-learned (tie-level path),global_539.932,0.07634247051367628,0.046914162829124605,0.2039282444865866,0.051920807932285554,119,237.0,758.0,318,0.6873350923482849,0.053248870175869975,218.0,0
Sanger,53,0.05,0.5,GoCo-learned (paper path),adapt_550_to_525_q0.5,0.13317317031010717,0.047597190290956395,0.20430455400877018,0.05220954059086081,124,265.0,985.0,317,0.7309644670050761,0.05357159524655422,240.0,102
Sanger,53,0.05,0.5,GoCo-dense-learned (tie-level path),adapt_528.952_to_526.433_q0.5,0.29482219239496543,0.048819726912752694,0.20681642341225986,0.05301207885363067,125,267.0,1016.0,321,0.7372047244094488,0.05459809767505757,241.0,104
Sanger,53,0.2,0.1,GoCo-learned (paper path),adapt_150_to_125_q0.75,0.005056092887132657,0.18974486559435919,0.37683387234863536,0.1960311961601189,396,1401.0,15997.0,983,0.9124210789523035,0.2004369985550008,1095.0,673
Sanger,53,0.2,0.1,GoCo-dense-learned (tie-level path),adapt_131.687_to_131.608_q0.6,0.07870608347777813,0.1942995520274414,0.3810539875442013,0.20240925183688674,392,1330.0,15541.0,1004,0.9144199214979731,0.20709976579614342,1031.0,137
Sanger,53,0.2,0.5,GoCo-learned (paper path),adapt_150_to_125_q0.75,0.005056092887132657,0.18974486559435919,0.37683387234863536,0.1960311961601189,396,1401.0,15997.0,983,0.9124210789523035,0.2004369985550008,1095.0,673
Sanger,53,0.2,0.5,GoCo-dense-learned (tie-level path),global_128.747,0.4847834355509809,0.19984442634742408,0.38538829159345994,0.2060030820455156,400,1363.0,15961.0,1026,0.9146043480984901,0.21042673815404714,1058.0,0
Sanger,54,0.05,0.1,GoCo-learned (paper path),adapt_600_to_575_q0.75,0.03732608489835796,0.04618114734004284,0.20246709392927748,0.042984548825165725,100,175.0,618.0,263,0.7168284789644013,0.043994084247549595,162.0,14
Sanger,54,0.05,0.1,GoCo-dense-learned (tie-level path),adapt_592.237_to_584.926_q0.75,0.0497368443908008,0.04646103986131467,0.20302437670870854,0.04276058465943224,101,176.0,618.0,263,0.7152103559870551,0.04377012008181611,163.0,8
Sanger,54,0.05,0.5,GoCo-learned (paper path),adapt_550_to_525_q0.03,0.4845689826288576,0.04991416235242091,0.20968112269823636,0.047740054627815796,111,194.0,707.0,292,0.7256011315417256,0.048824244767661056,180.0,10
Sanger,54,0.05,0.5,GoCo-dense-learned (tie-level path),global_548.368,0.45007328572685573,0.04972196948759181,0.20941389011592787,0.047833373034654514,110,193.0,704.0,292,0.7258522727272727,0.048805581091633035,180.0,0
Sanger,54,0.2,0.1,GoCo-learned (paper path),adapt_150_to_125_q0.2,0.06752236213851696,0.19397742588671932,0.3808555636324438,0.18417281443701614,358,1184.0,13553.0,908,0.9126392680587324,0.18790961778978219,887.0,190
Sanger,54,0.2,0.1,GoCo-dense-learned (tie-level path),adapt_146.503_to_146.231_q0.75,0.0835673874216799,0.19442668722828194,0.38128226121565867,0.18438086576451113,354,1122.0,13002.0,909,0.9137055837563451,0.18807198593491,837.0,115
Sanger,54,0.2,0.5,GoCo-learned (paper path),adapt_150_to_125_q0.75,0.1567099519582416,0.19592668074552275,0.3818838217619722,0.18579369557130776,374,1278.0,15482.0,915,0.9174525255134995,0.189569488057631,957.0,660
Sanger,54,0.2,0.5,GoCo-dense-learned (tie-level path),global_137.239,0.48402814295301577,0.1998367927304523,0.3851699883791856,0.18878646149213477,360,1177.0,14068.0,926,0.9163349445550185,0.19240944290081036,876.0,0
Sanger,55,0.05,0.1,GoCo-learned (paper path),adapt_575_to_550_q0.75,0.09475797670445535,0.04715606993155206,0.2048591343267376,0.044403521781672554,116,212.0,675.0,282,0.6859259259259259,0.046001585270095645,195.0,16
Sanger,55,0.05,0.1,GoCo-dense-learned (tie-level path),global_580.625,0.0940688177601528,0.04714353333539724,0.2051218053817907,0.04439339006667976,113,207.0,651.0,282,0.6820276497695853,0.046140763003374934,191.0,0
Sanger,55,0.05,0.5,GoCo-learned (paper path),adapt_575_to_550_q0.75,0.09475797670445535,0.04715606993155206,0.2048591343267376,0.044403521781672554,116,212.0,675.0,282,0.6859259259259259,0.046001585270095645,195.0,16
Sanger,55,0.05,0.5,GoCo-dense-learned (tie-level path),global_564.036,0.4489493753371252,0.04971468339699616,0.21014542272952313,0.04622136426532655,117,221.0,700.0,291,0.6842857142857143,0.04793887531169985,202.0,0
Sanger,55,0.2,0.1,GoCo-learned (paper path),adapt_175_to_150_q0.75,4.269408355800427e-06,0.18249673313935455,0.37163403473501994,0.16586680932247894,351,1138.0,12015.0,841,0.9052850603412401,0.16929511729907348,895.0,552
Sanger,55,0.2,0.1,GoCo-dense-learned (tie-level path),adapt_151.026_to_150.41_q0.75,0.0773732547971873,0.1942573891918434,0.3814079507877867,0.17856611599780678,353,1155.0,12322.0,895,0.906265216685603,0.18186011996207818,909.0,128
Sanger,55,0.2,0.5,GoCo-learned (paper path),adapt_150_to_125_q0.75,0.30025996167667585,0.1978739062420093,0.38371889773369455,0.1820204107184693,389,1389.0,15277.0,921,0.9090790076585717,0.18589246924820566,1098.0,672
Sanger,55,0.2,0.5,GoCo-dense-learned (tie-level path),adapt_137.57_to_137.33_q0.75,0.4218109708565855,0.1991964474460548,0.3849848141532323,0.18320689427291958,367,1241.0,13817.0,913,0.9101831077657958,0.18640286712537021,978.0,40
Sanger,56,0.05,0.1,GoCo-learned (paper path),adapt_600_to_575_q0.75,0.03659632184314568,0.046159163873143866,0.20260604464549137,0.041767701056075655,108,183.0,606.0,270,0.698019801980198,0.04384559081222816,167.0,22
Sanger,56,0.05,0.1,GoCo-dense-learned (tie-level path),global_584.926,0.09558214377958274,0.04716677694972246,0.20484820225014735,0.04210364730467588,109,184.0,609.0,272,0.6978653530377669,0.044181537060828384,168.0,0
Sanger,56,0.05,0.5,GoCo-learned (paper path),adapt_550_to_525_q0.4,0.49579503919512735,0.049976586271202515,0.2099350789917733,0.046127022867907604,121,214.0,814.0,294,0.7371007371007371,0.04763380399876987,195.0,64
Sanger,56,0.05,0.5,GoCo-dense-learned (tie-level path),global_539.932,0.4338499601227285,0.049630671227413395,0.2095379144403547,0.04558968348439036,119,202.0,678.0,294,0.7020648967551623,0.0471823175503452,185.0,0
Sanger,56,0.2,0.1,GoCo-learned (paper path),adapt_150_to_125_q0.75,0.05581629854799841,0.1935963698609015,0.380415618639675,0.1891265274328988,389,1340.0,16033.0,937,0.916422378843635,0.19281612824886404,1039.0,670
Sanger,56,0.2,0.1,GoCo-dense-learned (tie-level path),adapt_144.009_to_143.573_q0.75,0.040007388592957376,0.19295595136695895,0.38028543763228684,0.187183902548649,374,1183.0,13745.0,929,0.9139323390323754,0.1906268474836766,915.0,114
Sanger,56,0.2,0.5,GoCo-learned (paper path),adapt_150_to_125_q0.75,0.05581629854799841,0.1935963698609015,0.380415618639675,0.1891265274328988,389,1340.0,16033.0,937,0.916422378843635,0.19281612824886404,1039.0,670
Sanger,56,0.2,0.5,GoCo-dense-learned (tie-level path),adapt_131.687_to_131.608_q0.75,0.4706324928505391,0.19969950289208152,0.3854471446189602,0.19291019798459824,388,1274.0,15499.0,955,0.9178011484611911,0.19735212118468118,979.0,242
Sanger,57,0.05,0.1,GoCo-learned (paper path),adapt_575_to_550_q0.6,0.017683787269344386,0.04553291546593746,0.20064440905099928,0.047064817182027215,121,248.0,744.0,303,0.6666666666666666,0.04832897046111599,233.0,23
Sanger,57,0.05,0.1,GoCo-dense-learned (tie-level path),adapt_574.291_to_564.036_q0.75,0.03233537391441535,0.04605600349288108,0.20175300049770034,0.047031222562506914,121,246.0,737.0,303,0.666214382632293,0.04829537584159569,231.0,10
Sanger,57,0.05,0.5,GoCo-learned (paper path),adapt_550_to_525_q0.5,0.37689795715914604,0.049310809204023726,0.20767537500148847,0.04988323369992674,132,282.0,1000.0,314,0.718,0.05127216952645365,263.0,113
Sanger,57,0.05,0.5,GoCo-dense-learned (tie-level path),adapt_528.952_to_526.433_q0.4,0.41264020041494265,0.04951286493590793,0.20854804246424408,0.050543927982833324,132,281.0,967.0,319,0.7094105480868665,0.051884338239673006,263.0,75
Sanger,57,0.2,0.1,GoCo-learned (paper path),adapt_150_to_125_q0.75,0.008990735094326803,0.19055279179326473,0.3773663760187696,0.1916875327487809,375,1333.0,15941.0,942,0.9163791481086506,0.19502670804637276,1050.0,586
Sanger,57,0.2,0.1,GoCo-dense-learned (tie-level path),global_137.239,0.09077452574121142,0.19461921135366522,0.3806392877483115,0.19893849681633183,368,1273.0,14937.0,974,0.9147753899712124,0.2021874589822594,1001.0,0
Sanger,57,0.2,0.5,GoCo-learned (paper path),adapt_150_to_125_q0.75,0.008990735094326803,0.19055279179326473,0.3773663760187696,0.1916875327487809,375,1333.0,15941.0,942,0.9163791481086506,0.19502670804637276,1050.0,586
Sanger,57,0.2,0.5,GoCo-dense-learned (tie-level path),adapt_131.687_to_131.608_q0.75,0.11301075265427085,0.19511827989825475,0.38108431840006857,0.19989618291913594,372,1310.0,15869.0,977,0.9174491146260004,0.20314576763655545,1027.0,186
Sanger,58,0.05,0.1,GoCo-learned (paper path),adapt_600_to_575_q0.75,0.05680907180731009,0.046598877839533884,0.20316660094715658,0.04431442088402666,103,191.0,638.0,274,0.700626959247649,0.04572974998766738,177.0,21
Sanger,58,0.05,0.1,GoCo-dense-learned (tie-level path),global_584.926,0.09447558734874095,0.04715866288207755,0.20441127345146373,0.04476234921549362,103,191.0,640.0,276,0.7015625,0.046177678319134344,177.0,0
Sanger,58,0.05,0.5,GoCo-learned (paper path),adapt_575_to_550_q0.75,0.4754930091996309,0.04986362823565018,0.20967443169670721,0.04619447562889449,111,211.0,693.0,287,0.6955266955266955,0.04752084120257037,194.0,41
Sanger,58,0.05,0.5,GoCo-dense-learned (tie-level path),global_564.036,0.47348121545867233,0.049852432535466625,0.20965306477182116,0.04619447562889449,111,211.0,692.0,287,0.6950867052023122,0.04752084120257037,194.0,0
Sanger,58,0.2,0.1,GoCo-learned (paper path),adapt_150_to_125_q0.75,0.09558372997667214,0.19473378439348374,0.3807615888088227,0.1900115376824361,382,1310.0,16248.0,946,0.9193746922698178,0.19408095516055857,1003.0,688
Sanger,58,0.2,0.1,GoCo-dense-learned (tie-level path),adapt_144.009_to_143.573_q0.75,0.05947848261990862,0.19372523886489856,0.38034616852869335,0.18920890265389492,366,1148.0,13901.0,939,0.9174160132364578,0.19328668953857123,875.0,105
Sanger,58,0.2,0.5,GoCo-learned (paper path),adapt_150_to_125_q0.75,0.09558372997667214,0.19473378439348374,0.3807615888088227,0.1900115376824361,382,1310.0,16248.0,946,0.9193746922698178,0.19408095516055857,1003.0,688
Sanger,58,0.2,0.5,GoCo-dense-learned (tie-level path),adapt_131.687_to_131.608_q0.75,0.4945246937105925,0.1999440770187535,0.38508152672084683,0.1959805863368151,381,1245.0,15733.0,973,0.9208669675204983,0.2016735977415008,938.0,228
Sanger,59,0.05,0.1,GoCo-learned (paper path),adapt_575_to_550_q0.6,0.08153154081958042,0.04698819905999953,0.20406812951969017,0.04254119348485953,114,208.0,650.0,277,0.68,0.04374313451274645,196.0,23
Sanger,59,0.05,0.1,GoCo-dense-learned (tie-level path),global_580.625,0.08668385688409391,0.04705204523722793,0.20463957587087742,0.04264622717461687,110,196.0,624.0,276,0.6858974358974359,0.04390291499530882,186.0,0
Sanger,59,0.05,0.5,GoCo-learned (paper path),adapt_550_to_525_q0.04,0.4936181047189289,0.0499643895373022,0.2103748608204343,0.04466885305265297,117,212.0,684.0,288,0.6900584795321637,0.045926785121973256,199.0,9
Sanger,59,0.05,0.5,GoCo-dense-learned (tie-level path),global_548.368,0.48792683731379655,0.04993266838511383,0.21024036104581342,0.04444488889359413,117,212.0,675.0,288,0.6859259259259259,0.04570282096291443,199.0,0
Sanger,59,0.2,0.1,GoCo-learned (paper path),adapt_150_to_125_q0.75,0.008749328793919311,0.1905220933208485,0.37698974634191634,0.19147745942882569,339,1206.0,15316.0,945,0.9212588143118308,0.19484962011705187,955.0,564
Sanger,59,0.2,0.1,GoCo-dense-learned (tie-level path),adapt_137.57_to_137.33_q0.75,0.040048537030739656,0.19298183442870437,0.37899141224316074,0.19345903680279167,327,1110.0,14288.0,944,0.9223124300111982,0.19612351639607184,882.0,34
Sanger,59,0.2,0.5,GoCo-learned (paper path),adapt_150_to_125_q0.75,0.008749328793919311,0.1905220933208485,0.37698974634191634,0.19147745942882569,339,1206.0,15316.0,945,0.9212588143118308,0.19484962011705187,955.0,564
Sanger,59,0.2,0.5,GoCo-dense-learned (tie-level path),adapt_131.687_to_131.608_q0.75,0.20762287375826133,0.19670622875898128,0.3820952611593615,0.19709834276228175,338,1161.0,15317.0,968,0.924201867206372,0.20174495483365865,912.0,229
Sanger,60,0.05,0.1,GoCo-learned (paper path),adapt_575_to_550_q0.6,0.04722338575362795,0.04640261784189227,0.20329302911722194,0.04784937046743587,104,194.0,708.0,285,0.7259887005649718,0.04888814567251409,179.0,20
Sanger,60,0.05,0.1,GoCo-dense-learned (tie-level path),adapt_574.291_to_564.036_q0.75,0.06207657862792616,0.046683528159853056,0.2038520330648429,0.048079555862961795,104,196.0,715.0,286,0.7258741258741259,0.04918987517727983,180.0,11
Sanger,60,0.05,0.5,GoCo-learned (paper path),adapt_550_to_525_q0.225,0.4909719912418499,0.04994974870600083,0.20984693386884562,0.04980165980097161,115,223.0,845.0,301,0.736094674556213,0.05091018794565425,203.0,49
Sanger,60,0.05,0.5,GoCo-dense-learned (tie-level path),global_538.398,0.4615771532447524,0.04978547238090409,0.21018659462893655,0.05016002981753526,113,211.0,759.0,303,0.7220026350461133,0.0512875771502498,194.0,0
Sanger,60,0.2,0.1,GoCo-learned (paper path),adapt_150_to_125_q0.75,0.01985822315255233,0.19176664013720873,0.37834106132106493,0.19307258374747077,387,1291.0,16080.0,956,0.9197139303482587,0.1970237851343123,963.0,599
Sanger,60,0.2,0.1,GoCo-dense-learned (tie-level path),adapt_137.57_to_137.33_q0.75,0.0916203945721818,0.19463847360193756,0.3807466523484914,0.19459530698825905,378,1202.0,14933.0,955,0.9195071318556218,0.19818452938072892,898.0,62
Sanger,60,0.2,0.5,GoCo-learned (paper path),adapt_150_to_125_q0.75,0.01985822315255233,0.19176664013720873,0.37834106132106493,0.19307258374747077,387,1291.0,16080.0,956,0.9197139303482587,0.1970237851343123,963.0,599
Sanger,60,0.2,0.5,GoCo-dense-learned (tie-level path),adapt_131.687_to_131.608_q0.75,0.37291827748411266,0.19868302843093444,0.38399547906571124,0.19775117129454553,390,1267.0,15941.0,973,0.9205194153440813,0.20250362086069143,939.0,206
Sanger,61,0.05,0.1,GoCo-learned (paper path),adapt_575_to_550_q0.75,0.016537892356472905,0.0454692752473807,0.20092109603683303,0.04680646660613586,103,190.0,698.0,279,0.7277936962750716,0.04760589425400951,178.0,20
Sanger,61,0.05,0.1,GoCo-dense-learned (tie-level path),adapt_574.291_to_564.036_q0.75,0.03203229359645428,0.04603839004174562,0.20219405496797838,0.047372598250262014,102,188.0,702.0,281,0.7321937321937322,0.04816891528323944,176.0,12
Sanger,61,0.05,0.5,GoCo-learned (paper path),adapt_550_to_525_q0.6,0.3918262813870638,0.04939559810080445,0.20804598218518952,0.05151308325744022,112,215.0,978.0,301,0.7801635991820041,0.05247612916942673,197.0,119
Sanger,61,0.05,0.5,GoCo-dense-learned (tie-level path),adapt_528.952_to_526.433_q0.5,0.43213713428169875,0.04962272113593661,0.20859499084393085,0.05200687092202241,113,216.0,967.0,304,0.7766287487073423,0.05296991683400892,198.0,94
Sanger,61,0.2,0.1,GoCo-learned (paper path),adapt_150_to_125_q0.75,0.008197638183556058,0.19042048256959393,0.3772311727438113,0.1965977926937757,376,1347.0,16882.0,971,0.9202108754886862,0.20017798909081055,1053.0,684
Sanger,61,0.2,0.1,GoCo-dense-learned (tie-level path),adapt_137.57_to_137.33_q0.75,0.04746172531296679,0.19329028490695566,0.37972337968666,0.19828737955811576,365,1221.0,15241.0,970,0.919887146512696,0.2015356793949612,954.0,49
Sanger,61,0.2,0.5,GoCo-learned (paper path),adapt_150_to_125_q0.75,0.008197638183556058,0.19042048256959393,0.3772311727438113,0.1965977926937757,376,1347.0,16882.0,971,0.9202108754886862,0.20017798909081055,1053.0,684
Sanger,61,0.2,0.5,GoCo-dense-learned (tie-level path),adapt_131.687_to_131.608_q0.75,0.17873526838691128,0.19627835308783426,0.3822340371657274,0.19994089094481837,367,1264.0,16310.0,976,0.922501532801962,0.20312748356135135,984.0,214
Sanger,62,0.05,0.1,GoCo-learned (paper path),adapt_575_to_550_q0.75,0.09498790100822957,0.04715575491513205,0.2050946869069803,0.04959691307045444,115,216.0,724.0,302,0.7016574585635359,0.051194354451249986,197.0,41
Sanger,62,0.05,0.1,GoCo-dense-learned (tie-level path),adapt_574.291_to_564.036_q0.75,0.018559095437285483,0.04555182941041076,0.2016795540875793,0.048538060264384494,113,211.0,703.0,296,0.6998577524893315,0.05011559372052367,193.0,14
Sanger,62,0.05,0.5,GoCo-learned (paper path),adapt_550_to_525_q0.6,0.33391029868628125,0.04905589481259321,0.20791925272212775,0.05216587144143103,118,233.0,941.0,310,0.7523910733262487,0.05376464036384061,213.0,98
Sanger,62,0.05,0.5,GoCo-dense-learned (tie-level path),adapt_528.952_to_526.433_q0.6,0.40952747581534343,0.04949439309480689,0.20888441089440413,0.05287509130403683,118,235.0,947.0,313,0.7518479408658922,0.05443653286104106,215.0,82
Sanger,62,0.2,0.1,GoCo-learned (paper path),adapt_150_to_125_q0.75,0.024731959690353647,0.19212565658821742,0.3788096160466008,0.18945928954864535,382,1339.0,15477.0,946,0.913484525424824,0.19415152925927054,1004.0,584
Sanger,62,0.2,0.1,GoCo-dense-learned (tie-level path),adapt_137.57_to_137.33_q0.75,0.09169118563036316,0.19463749577412678,0.38093919625193495,0.19110207222944411,371,1243.0,14293.0,944,0.9130343524802351,0.19514452453623427,926.0,52
Sanger,62,0.2,0.5,GoCo-learned (paper path),adapt_150_to_125_q0.75,0.024731959690353647,0.19212565658821742,0.3788096160466008,0.18945928954864535,382,1339.0,15477.0,946,0.913484525424824,0.19415152925927054,1004.0,584
Sanger,62,0.2,0.5,GoCo-dense-learned (tie-level path),adapt_131.687_to_131.608_q0.75,0.2580690990186574,0.19736716369950233,0.38321835622313055,0.19353341881064792,373,1283.0,15158.0,955,0.9153582266789814,0.197539364580745,955.0,159
Sanger,63,0.05,0.1,GoCo-learned (paper path),adapt_575_to_550_q0.6,0.09283950401149793,0.04713147736008104,0.20484172331302256,0.04434561589597187,104,194.0,655.0,269,0.7038167938931298,0.04538953775521222,180.0,18
Sanger,63,0.05,0.1,GoCo-dense-learned (tie-level path),adapt_574.291_to_564.036_q0.5,0.07811633937371465,0.04693182069346129,0.2045138996805301,0.044968982816810436,102,191.0,652.0,271,0.7070552147239264,0.04590092259318404,177.0,3
Sanger,63,0.05,0.5,GoCo-learned (paper path),adapt_550_to_525_q0.1,0.4168159838255686,0.04953482115630392,0.20930539252769223,0.04733233802596239,109,204.0,716.0,285,0.7150837988826816,0.04821041975950474,189.0,21
Sanger,63,0.05,0.5,GoCo-dense-learned (tie-level path),global_538.398,0.4855301752210316,0.049919165872734754,0.21058171038529244,0.04746157795958396,109,203.0,695.0,287,0.7079136690647482,0.04835211829535772,189.0,0
Sanger,63,0.2,0.1,GoCo-learned (paper path),adapt_150_to_125_q0.75,0.009904049629198006,0.19068222195977755,0.37795288707998037,0.19104577115708743,386,1357.0,16017.0,945,0.9152775176375102,0.19474295953086349,1060.0,610
Sanger,63,0.2,0.1,GoCo-dense-learned (tie-level path),adapt_132.938_to_132.714_q0.75,0.09816134783142355,0.19478885503798604,0.38116372243402885,0.19688807326762167,375,1279.0,15119.0,962,0.9154044579667967,0.20015927399326144,998.0,58
Sanger,63,0.2,0.5,GoCo-learned (paper path),adapt_150_to_125_q0.75,0.009904049629198006,0.19068222195977755,0.37795288707998037,0.19104577115708743,386,1357.0,16017.0,945,0.9152775176375102,0.19474295953086349,1060.0,610
Sanger,63,0.2,0.5,GoCo-dense-learned (tie-level path),global_128.747,0.4654076722143523,0.19964631109181882,0.3850177609697436,0.20362688813604674,387,1339.0,16063.0,999,0.9166407271368985,0.20753165833560244,1042.0,0
Sanger,64,0.05,0.1,GoCo-learned (paper path),adapt_575_to_550_q0.6,0.03823930232505801,0.04619834881210829,0.20281821695826896,0.048009692304345285,123,235.0,755.0,301,0.6887417218543046,0.04933713243029019,215.0,32
Sanger,64,0.05,0.1,GoCo-dense-learned (tie-level path),adapt_574.291_to_564.036_q0.75,0.05995463958566762,0.04664617684614322,0.20381726811722786,0.04798729588910687,123,235.0,756.0,301,0.6891534391534392,0.04931473601505177,215.0,24
Sanger,64,0.05,0.5,GoCo-learned (paper path),adapt_550_to_525_q0.5,0.2541334255050554,0.04855343359791533,0.20666047379122834,0.05138427078857401,133,264.0,1040.0,313,0.7461538461538462,0.05269678162967772,239.0,112
Sanger,64,0.05,0.5,GoCo-dense-learned (tie-level path),adapt_528.952_to_526.433_q0.5,0.36140526813206186,0.049218834025399116,0.20813746138110029,0.05182812704484647,133,265.0,1050.0,315,0.7476190476190476,0.05313656581075568,240.0,100
Sanger,64,0.2,0.1,GoCo-learned (paper path),adapt_150_to_125_q0.75,0.005426789513569847,0.18983642981323862,0.3770745754142836,0.19024998315371164,377,1430.0,16559.0,948,0.913642128147835,0.19442998333714176,1090.0,647
Sanger,64,0.2,0.1,GoCo-dense-learned (tie-level path),adapt_131.687_to_131.608_q0.75,0.08282346031103316,0.19441108723399195,0.3810095375448345,0.19513309025617623,367,1374.0,16228.0,960,0.9153315257579492,0.19864632890779788,1048.0,204
Sanger,64,0.2,0.5,GoCo-learned (paper path),adapt_150_to_125_q0.75,0.005426789513569847,0.18983642981323862,0.3770745754142836,0.19024998315371164,377,1430.0,16559.0,948,0.913642128147835,0.19442998333714176,1090.0,647
Sanger,64,0.2,0.5,GoCo-dense-learned (tie-level path),adapt_127.62_to_127.363_q0.75,0.44115074530410037,0.1993970755676197,0.3848770993605707,0.20178995993142698,381,1427.0,16577.0,1000,0.9139168727755324,0.2064232018700105,1084.0,11
Sanger,65,0.05,0.1,GoCo-learned (paper path),adapt_550_to_525_q0.6,0.06525506333154751,0.046756260997903115,0.20274103914542344,0.05511687277813107,113,237.0,1027.0,320,0.7692307692307693,0.05642847394088882,215.0,89
Sanger,65,0.05,0.1,GoCo-dense-learned (tie-level path),adapt_528.952_to_526.433_q0.5,0.07997786845507354,0.046972993923125116,0.20358378794353454,0.0554901463988113,114,239.0,1014.0,322,0.7642998027613412,0.05676442019616369,217.0,69
Sanger,65,0.05,0.5,GoCo-learned (paper path),adapt_550_to_525_q0.6,0.06525506333154751,0.046756260997903115,0.20274103914542344,0.05511687277813107,113,237.0,1027.0,320,0.7692307692307693,0.05642847394088882,215.0,89
Sanger,65,0.05,0.5,GoCo-dense-learned (tie-level path),adapt_528.952_to_526.433_q0.6,0.11154263154525818,0.04737015859633884,0.20399826191545092,0.0555573356512012,114,239.0,1037.0,322,0.7695274831243973,0.0568316094485536,217.0,77
Sanger,65,0.2,0.1,GoCo-learned (paper path),adapt_150_to_125_q0.75,0.015014291503171117,0.19131338429181394,0.378375183349287,0.19439778509158703,398,1427.0,17426.0,968,0.9181108688167107,0.1985435626441394,1101.0,735
Sanger,65,0.2,0.1,GoCo-dense-learned (tie-level path),global_137.239,0.09595552393728435,0.19473484329515597,0.3813229412537223,0.1972822395744676,379,1285.0,15767.0,973,0.9185006659478658,0.20113952117163816,991.0,0
Sanger,65,0.2,0.5,GoCo-learned (paper path),adapt_150_to_125_q0.75,0.015014291503171117,0.19131338429181394,0.378375183349287,0.19439778509158703,398,1427.0,17426.0,968,0.9181108688167107,0.1985435626441394,1101.0,735
Sanger,65,0.2,0.5,GoCo-dense-learned (tie-level path),adapt_131.687_to_131.608_q0.75,0.22144150387585454,0.1968890144550181,0.38316687368000035,0.19938391235147052,393,1334.0,16758.0,990,0.9203962286669054,0.20522284369586163,1018.0,223
Sanger,66,0.05,0.1,GoCo-learned (paper path),adapt_550_to_525_q0.5,0.07913912992050559,0.04696487375621405,0.2033102261017496,0.05461715458488678,138,246.0,1034.0,336,0.7620889748549323,0.05642130392596276,221.0,110
Sanger,66,0.05,0.1,GoCo-dense-learned (tie-level path),adapt_528.952_to_526.433_q0.35,0.09859423359867403,0.04721101762312333,0.20439206345008853,0.05403508781585822,138,242.0,903.0,338,0.7320044296788483,0.05576921036302176,220.0,49
Sanger,66,0.05,0.5,GoCo-learned (paper path),adapt_550_to_525_q0.5,0.07913912992050559,0.04696487375621405,0.2033102261017496,0.05461715458488678,138,246.0,1034.0,336,0.7620889748549323,0.05642130392596276,221.0,110
Sanger,66,0.05,0.5,GoCo-dense-learned (tie-level path),adapt_528.952_to_526.433_q0.5,0.14559486392956333,0.04771142345350578,0.20491572083225487,0.055027755550948396,139,247.0,1037.0,338,0.7618129218900676,0.056831904892024374,222.0,99
Sanger,66,0.2,0.1,GoCo-learned (paper path),adapt_150_to_125_q0.75,0.0015414492357820639,0.18822215093434044,0.37613536764596345,0.196788132811447,388,1355.0,17248.0,964,0.9214401669758813,0.20056945246384633,1018.0,729
Sanger,66,0.2,0.1,GoCo-dense-learned (tie-level path),adapt_131.687_to_131.608_q0.75,0.07311370351213752,0.19414060378669892,0.3811233362282557,0.20188721303576718,387,1316.0,16698.0,988,0.9211881662474548,0.20587989926538436,985.0,229
Sanger,66,0.2,0.5,GoCo-learned (paper path),adapt_150_to_125_q0.75,0.0015414492357820639,0.18822215093434044,0.37613536764596345,0.196788132811447,388,1355.0,17248.0,964,0.9214401669758813,0.20056945246384633,1018.0,729
Sanger,66,0.2,0.5,GoCo-dense-learned (tie-level path),global_128.747,0.46814388238475985,0.19967399892742144,0.3854324632632515,0.20659501952393458,397,1348.0,17014.0,1016,0.9207711296579287,0.21122094398116212,1008.0,0
Sanger,67,0.05,0.1,GoCo-learned (paper path),adapt_575_to_550_q0.6,0.014353506095024778,0.045369576153950576,0.2000551240735644,0.04914307055654878,119,213.0,744.0,303,0.7137096774193549,0.05096589000801757,190.0,28
Sanger,67,0.05,0.1,GoCo-dense-learned (tie-level path),global_564.036,0.08967488483422575,0.04710304383747363,0.20390034253333839,0.0508228017995499,122,216.0,759.0,313,0.7154150197628458,0.05264562125101869,193.0,0
Sanger,67,0.05,0.5,GoCo-learned (paper path),adapt_550_to_525_q0.5,0.3151367254833414,0.04894799073808566,0.20655711636634666,0.05340313470577206,128,243.0,1039.0,318,0.766121270452358,0.05531876271075391,214.0,126
Sanger,67,0.05,0.5,GoCo-dense-learned (tie-level path),adapt_528.952_to_526.433_q0.5,0.47803301623206684,0.049878421326723,0.20856995955087002,0.053833191155185894,128,244.0,1047.0,320,0.766953199617956,0.05573762095588586,215.0,110
Sanger,67,0.2,0.1,GoCo-learned (paper path),adapt_150_to_125_q0.75,0.02380876574662376,0.19205956105968636,0.3788660715440907,0.1904596344754517,379,1369.0,16693.0,944,0.9179895764691787,0.19472234152999998,1028.0,700
Sanger,67,0.2,0.1,GoCo-dense-learned (tie-level path),adapt_137.57_to_137.33_q0.75,0.07194888143806737,0.19411583282670739,0.38052365202903654,0.1920932662580475,363,1252.0,15100.0,945,0.9170860927152318,0.19590120274502645,941.0,48
Sanger,67,0.2,0.5,GoCo-learned (paper path),adapt_150_to_125_q0.75,0.02380876574662376,0.19205956105968636,0.3788660715440907,0.1904596344754517,379,1369.0,16693.0,944,0.9179895764691787,0.19472234152999998,1028.0,700
Sanger,67,0.2,0.5,GoCo-dense-learned (tie-level path),adapt_131.687_to_131.608_q0.75,0.24737251911877367,0.19723183861894028,0.38316350286774375,0.19712221775984043,372,1311.0,16285.0,972,0.9194964691433835,0.2024540513486905,974.0,261
Sanger,68,0.05,0.1,GoCo-learned (paper path),adapt_575_to_550_q0.75,0.01892772551081256,0.045576894523194696,0.2013201253547166,0.04888151239641303,122,224.0,692.0,309,0.6763005780346821,0.05019543550049204,209.0,31
Sanger,68,0.05,0.1,GoCo-dense-learned (tie-level path),global_564.036,0.08849269055289422,0.04707711843787903,0.2046072954205662,0.05000133322508044,126,228.0,702.0,318,0.6752136752136753,0.05131525632915945,213.0,0
Sanger,68,0.05,0.5,GoCo-learned (paper path),adapt_550_to_525_q0.5,0.21258919786571517,0.048261201385353586,0.20606752154416275,0.05200271808353544,131,249.0,915.0,324,0.7278688524590164,0.05337335938902745,231.0,102
Sanger,68,0.05,0.5,GoCo-dense-learned (tie-level path),adapt_528.952_to_526.433_q0.5,0.3005232094100384,0.048852836824136096,0.20734042535601765,0.052871379076032864,132,253.0,932.0,328,0.7285407725321889,0.054186029346766154,235.0,94
Sanger,68,0.2,0.1,GoCo-learned (paper path),adapt_150_to_125_q0.75,0.08689716603406533,0.194518664467244,0.3808780271653499,0.18758378191397412,377,1329.0,15898.0,934,0.9164045791923512,0.19169774058818284,1030.0,675
Sanger,68,0.2,0.1,GoCo-dense-learned (tie-level path),adapt_141.261_to_141.009_q0.75,0.09338901657164878,0.1946747284908093,0.3812290823167137,0.19018568163622934,360,1197.0,14096.0,939,0.9150822928490352,0.19392108549796722,928.0,119
Sanger,68,0.2,0.5,GoCo-learned (paper path),adapt_150_to_125_q0.75,0.08689716603406533,0.194518664467244,0.3808780271653499,0.18758378191397412,377,1329.0,15898.0,934,0.9164045791923512,0.19169774058818284,1030.0,675
Sanger,68,0.2,0.5,GoCo-dense-learned (tie-level path),adapt_131.687_to_131.608_q0.75,0.4615618536267233,0.19960669325510322,0.38519421877605403,0.19353736835257604,373,1269.0,15458.0,958,0.9179065855867512,0.19869103158374649,970.0,210
Sanger,69,0.05,0.1,GoCo-learned (paper path),adapt_575_to_550_q0.35,0.07781181545765063,0.0469349306168521,0.20400606472356922,0.04312554444337612,113,227.0,701.0,275,0.6761768901569187,0.044910414431823996,205.0,20
Sanger,69,0.05,0.1,GoCo-dense-learned (tie-level path),adapt_580.625_to_574.291_q0.75,0.08598466802497257,0.047043414215068885,0.20457139509786013,0.04325299072439166,110,219.0,688.0,275,0.6816860465116279,0.044836292959007144,200.0,10
Sanger,69,0.05,0.5,GoCo-learned (paper path),adapt_550_to_525_q0.04,0.49967709126552745,0.04999819878226858,0.21031526549497004,0.045327858741980254,118,233.0,739.0,289,0.6847090663058186,0.04700074664756138,211.0,9
Sanger,69,0.05,0.5,GoCo-dense-learned (tie-level path),global_539.932,0.48897443336715624,0.049938488371279864,0.21032235409407707,0.04555182290103908,118,234.0,740.0,290,0.6837837837837838,0.04722471080662021,212.0,0
Sanger,69,0.2,0.1,GoCo-learned (paper path),adapt_150_to_125_q0.75,0.05532915755500749,0.19358093595316578,0.38029421253580886,0.1876871862643777,371,1403.0,15835.0,936,0.9113988001263025,0.19142226340188692,1110.0,642
Sanger,69,0.2,0.1,GoCo-dense-learned (tie-level path),global_141.69,0.09734672025793223,0.1947663883026731,0.3814138502483124,0.18789588582742656,356,1247.0,13870.0,930,0.9100937274693583,0.19118164142662575,982.0,0
Sanger,69,0.2,0.5,GoCo-learned (paper path),adapt_150_to_125_q0.75,0.05532915755500749,0.19358093595316578,0.38029421253580886,0.1876871862643777,371,1403.0,15835.0,936,0.9113988001263025,0.19142226340188692,1110.0,642
Sanger,69,0.2,0.5,GoCo-dense-learned (tie-level path),adapt_131.687_to_131.608_q0.75,0.46673763214996494,0.1996597914743386,0.3851876403163811,0.19301564490541498,369,1334.0,15382.0,957,0.913275256793655,0.19832883852660188,1042.0,197
Sanger,70,0.05,0.1,GoCo-learned (paper path),adapt_575_to_550_q0.75,0.08095273268874204,0.04697727395135674,0.20424487111955406,0.0453378935176608,120,221.0,711.0,289,0.6891701828410689,0.04668292275067807,206.0,28
Sanger,70,0.05,0.1,GoCo-dense-learned (tie-level path),adapt_574.291_to_564.036_q0.75,0.08927194399711053,0.047089230959865475,0.2044930145082253,0.04576342543388935,120,221.0,713.0,291,0.6900420757363254,0.047108454666906614,206.0,14
Sanger,70,0.05,0.5,GoCo-learned (paper path),adapt_550_to_525_q0.5,0.4416159220079137,0.049674933228226345,0.20917192716248675,0.050608020333400096,132,258.0,1000.0,313,0.742,0.05205540832253079,239.0,123
Sanger,70,0.05,0.5,GoCo-dense-learned (tie-level path),adapt_528.952_to_526.433_q0.35,0.4957398355866553,0.04997628013008227,0.20992400891688276,0.05001089192117582,131,250.0,925.0,314,0.7297297297297297,0.051574186154736114,232.0,72
Sanger,70,0.2,0.1,GoCo-learned (paper path),adapt_150_to_125_q0.75,0.0749010007330464,0.19420394637241153,0.38034222271698287,0.184223814780875,380,1395.0,16118.0,918,0.9134508003474376,0.18831487422160312,1064.0,571
Sanger,70,0.2,0.1,GoCo-dense-learned (tie-level path),adapt_144.009_to_143.573_q0.75,0.06362969930952102,0.193861252358421,0.38043865485118605,0.18299851077801704,369,1251.0,14160.0,910,0.9116525423728814,0.18703525858323225,955.0,110
Sanger,70,0.2,0.5,GoCo-learned (paper path),adapt_150_to_125_q0.75,0.0749010007330464,0.19420394637241153,0.38034222271698287,0.184223814780875,380,1395.0,16118.0,918,0.9134508003474376,0.18831487422160312,1064.0,571
Sanger,70,0.2,0.5,GoCo-dense-learned (tie-level path),adapt_131.687_to_131.608_q0.275,0.4948175401196528,0.199947076564779,0.38502088253925204,0.1874795915999044,374,1347.0,15598.0,927,0.913642774714707,0.1915560738403613,1029.0,51
Sanger,71,0.05,0.1,GoCo-learned (paper path),global_550,0.08588583550959794,0.04704426642068554,0.20441815244005698,0.049271849922477066,119,221.0,756.0,303,0.7076719576719577,0.050359320373577876,206.0,0
Sanger,71,0.05,0.1,GoCo-dense-learned (tie-level path),global_539.932,0.08907608872059453,0.04708718327305747,0.20445231140303755,0.04971977825394403,119,221.0,760.0,305,0.7092105263157895,0.05080724870504484,206.0,0
Sanger,71,0.05,0.5,GoCo-learned (paper path),adapt_550_to_525_q0.6,0.4790878154492912,0.04988417419760525,0.20873308999974816,0.05074990158452165,126,250.0,1032.0,307,0.7577519379844961,0.051978730611411346,226.0,135
Sanger,71,0.05,0.5,GoCo-dense-learned (tie-level path),adapt_528.952_to_526.433_q0.5,0.36325325838545997,0.04923124107887966,0.20771795135290863,0.05039662477150476,123,243.0,986.0,305,0.7535496957403651,0.0515414672362444,221.0,97
Sanger,71,0.2,0.1,GoCo-learned (paper path),adapt_150_to_125_q0.75,0.006630914358068643,0.19011118080495346,0.3773570425385155,0.19216243642375022,381,1417.0,16725.0,950,0.9152765321375187,0.19638878980449173,1060.0,726
Sanger,71,0.2,0.1,GoCo-dense-learned (tie-level path),adapt_131.687_to_131.608_q0.6,0.09244332943762285,0.19465103602488107,0.38128255866415534,0.1971416456802161,376,1357.0,16139.0,966,0.915917962699052,0.2009483869038397,1014.0,225
Sanger,71,0.2,0.5,GoCo-learned (paper path),adapt_150_to_125_q0.75,0.006630914358068643,0.19011118080495346,0.3773570425385155,0.19216243642375022,381,1417.0,16725.0,950,0.9152765321375187,0.19638878980449173,1060.0,726
Sanger,71,0.2,0.5,GoCo-dense-learned (tie-level path),global_128.747,0.44711839438105455,0.19945835277097831,0.3850512223393348,0.20193653683045676,380,1388.0,16418.0,991,0.9154586429528566,0.2060566326838992,1037.0,0
Sanger,72,0.05,0.1,GoCo-learned (paper path),adapt_575_to_550_q0.75,0.02686950428240328,0.04588802355023387,0.20146867082810663,0.04867674513132815,99,198.0,675.0,287,0.7066666666666667,0.05002799558746321,185.0,27
Sanger,72,0.05,0.1,GoCo-dense-learned (tie-level path),adapt_574.291_to_564.036_q0.75,0.035827311666690696,0.04615027436455216,0.20198381950360686,0.04925158649582879,99,198.0,680.0,289,0.7088235294117647,0.05045352750369175,185.0,17
Sanger,72,0.05,0.5,GoCo-learned (paper path),adapt_550_to_525_q0.4,0.4734891729519731,0.04985307371248005,0.20880487590116578,0.05236130182913944,109,221.0,925.0,305,0.7610810810810811,0.05335990011291568,207.0,94
Sanger,72,0.05,0.5,GoCo-dense-learned (tie-level path),adapt_528.952_to_526.433_q0.35,0.4488813520454513,0.04971623735688376,0.2087212294588074,0.05251061126406222,109,221.0,923.0,306,0.7605633802816901,0.053509209547838464,207.0,74
Sanger,72,0.2,0.1,GoCo-learned (paper path),adapt_150_to_125_q0.6,0.09179195072635088,0.19464909805479574,0.38028986316525126,0.1872377268210771,348,1184.0,14958.0,925,0.9208450327583901,0.19053232032734763,923.0,409
Sanger,72,0.2,0.1,GoCo-dense-learned (tie-level path),global_146.231,0.09287729274578094,0.19467091649450424,0.380616211849594,0.18630950666488486,338,1084.0,13513.0,915,0.9197809516761637,0.18930313596866966,845.0,0
Sanger,72,0.2,0.5,GoCo-learned (paper path),adapt_150_to_125_q0.75,0.1258818573684563,0.19538463910218318,0.38059809702740377,0.18765363813047312,357,1247.0,15901.0,925,0.9215772592918684,0.19087308104267847,974.0,651
Sanger,72,0.2,0.5,GoCo-dense-learned (tie-level path),global_137.239,0.4875840346618721,0.1998734035038302,0.38437531604431596,0.1901099365275491,345,1152.0,14566.0,931,0.9209117122065084,0.19302777178076588,900.0,0
Sanger,73,0.05,0.1,GoCo-learned (paper path),adapt_600_to_575_q0.75,0.017966399713329508,0.045534373469153594,0.20119447901221438,0.04290158028765462,88,147.0,591.0,253,0.751269035532995,0.044015179883192264,133.0,8
Sanger,73,0.05,0.1,GoCo-dense-learned (tie-level path),global_592.237,0.026810728852399844,0.04587446509677361,0.2020337211433065,0.0428082618808159,88,147.0,585.0,254,0.7487179487179487,0.04392186147635354,133.0,0
Sanger,73,0.05,0.5,GoCo-learned (paper path),adapt_575_to_550_q0.75,0.13842547018243911,0.04764428246804699,0.20473872169831164,0.0441942542591127,92,158.0,629.0,261,0.7488076311605724,0.04542108017947078,141.0,20
Sanger,73,0.05,0.5,GoCo-dense-learned (tie-level path),adapt_574.291_to_564.036_q0.75,0.23320972643586896,0.048410565997325836,0.20625111595759552,0.043746325927645734,93,160.0,630.0,260,0.746031746031746,0.04489849713054243,143.0,13
Sanger,73,0.2,0.1,GoCo-learned (paper path),adapt_150_to_125_q0.5,0.08473356748211563,0.19447756447381787,0.37987804308583817,0.18533549653856377,332,1076.0,14266.0,903,0.9245759147623721,0.18899509588387886,797.0,377
Sanger,73,0.2,0.1,GoCo-dense-learned (tie-level path),adapt_144.009_to_143.573_q0.3,0.09943145607504833,0.19482840626490955,0.38042052070276855,0.18638506492668677,330,1011.0,13091.0,910,0.9227713696432663,0.19055678081872882,741.0,50
Sanger,73,0.2,0.5,GoCo-learned (paper path),adapt_150_to_125_q0.75,0.1529561349065246,0.19587559926632644,0.3807188599582137,0.18687791831349204,348,1158.0,15378.0,915,0.92469761997659,0.19074463074378176,852.0,689
Sanger,73,0.2,0.5,GoCo-dense-learned (tie-level path),global_136.618,0.492268484260471,0.19992122660022757,0.38412465189074313,0.19095942028292348,334,1062.0,14028.0,928,0.9242942686056459,0.19485288281056276,782.0,0
Sanger,74,0.05,0.1,GoCo-learned (paper path),adapt_550_to_525_q0.175,0.09218348088350725,0.047131198695687715,0.20425075654392513,0.05249368597118211,132,245.0,815.0,327,0.6993865030674846,0.05394492850858981,228.0,22
Sanger,74,0.05,0.1,GoCo-dense-learned (tie-level path),adapt_528.952_to_526.433_q0.075,0.0940643516044205,0.04715031054599959,0.20463099793684092,0.05344845723331575,135,253.0,801.0,333,0.6841448189762797,0.05488706590881006,236.0,0
Sanger,74,0.05,0.5,GoCo-learned (paper path),adapt_550_to_525_q0.6,0.4646833998160419,0.049804075059272014,0.20889441279440216,0.055805399590083224,139,277.0,1103.0,336,0.7488667271078876,0.05712509314130162,256.0,143
Sanger,74,0.05,0.5,GoCo-dense-learned (tie-level path),adapt_528.952_to_526.433_q0.5,0.19666092228670995,0.04814175176035915,0.2057402494004972,0.054600259064293125,136,272.0,1034.0,333,0.7369439071566731,0.055817302377333435,253.0,100
Sanger,74,0.2,0.1,GoCo-learned (paper path),adapt_150_to_125_q0.75,0.005293330913320871,0.1897814632666602,0.37782701215273995,0.19304326163294067,396,1474.0,16694.0,961,0.9117048041212412,0.19722057806551122,1122.0,688
Sanger,74,0.2,0.1,GoCo-dense-learned (tie-level path),adapt_131.687_to_131.608_q0.4,0.06786780560834103,0.19398018808353923,0.38135456010359325,0.19980549600062952,386,1405.0,16049.0,984,0.9124556047105739,0.2037876150142172,1065.0,80
Sanger,74,0.2,0.5,GoCo-learned (paper path),adapt_150_to_125_q0.75,0.005293330913320871,0.1897814632666602,0.37782701215273995,0.19304326163294067,396,1474.0,16694.0,961,0.9117048041212412,0.19722057806551122,1122.0,688
Sanger,74,0.2,0.5,GoCo-dense-learned (tie-level path),global_128.747,0.48752217410498006,0.1998722330353023,0.3860052852813893,0.2040083867705282,397,1445.0,16572.0,1010,0.9128047308713493,0.20875086886484973,1088.0,0
Sanger,75,0.05,0.1,GoCo-learned (paper path),adapt_575_to_550_q0.6,0.09344777813321381,0.047146049559623524,0.2043649939063879,0.04500986516542424,97,172.0,642.0,271,0.7320872274143302,0.04580867068564638,160.0,22
Sanger,75,0.05,0.1,GoCo-dense-learned (tie-level path),adapt_580.625_to_574.291_q0.75,0.06505797756713572,0.046739361281025,0.20358841847625161,0.04505677482515807,97,163.0,623.0,271,0.7383627608346709,0.04578465836379189,155.0,8
Sanger,75,0.05,0.5,GoCo-learned (paper path),adapt_575_to_550_q0.6,0.09344777813321381,0.047146049559623524,0.2043649939063879,0.04500986516542424,97,172.0,642.0,271,0.7320872274143302,0.04580867068564638,160.0,22
Sanger,75,0.05,0.5,GoCo-dense-learned (tie-level path),global_564.036,0.42938630784543314,0.04960537184341788,0.20960260139613443,0.04644323583412811,105,182.0,666.0,280,0.7267267267267268,0.047242041354350256,170.0,0
Sanger,75,0.2,0.1,GoCo-learned (paper path),adapt_150_to_125_q0.75,0.06308095830792079,0.19384341940710859,0.38044243101818653,0.19103902374109522,371,1286.0,15461.0,948,0.9168229739344156,0.194622318695267,994.0,590
Sanger,75,0.2,0.1,GoCo-dense-learned (tie-level path),global_141.69,0.09848381033616538,0.19479269051212822,0.3814323431281141,0.191673037446493,354,1168.0,13697.0,945,0.9147258523764328,0.19488977940058522,906.0,0
Sanger,75,0.2,0.5,GoCo-learned (paper path),adapt_150_to_125_q0.75,0.06308095830792079,0.19384341940710859,0.38044243101818653,0.19103902374109522,371,1286.0,15461.0,948,0.9168229739344156,0.194622318695267,994.0,590
Sanger,75,0.2,0.5,GoCo-dense-learned (tie-level path),adapt_131.687_to_131.608_q0.75,0.37775878616314773,0.19873338125135617,0.3844503200406057,0.19604859422529397,359,1245.0,15270.0,962,0.918467583497053,0.19923255309078755,961.0,191
Sanger,76,0.05,0.1,GoCo-learned (paper path),adapt_575_to_550_q0.75,0.05466857871094373,0.04655050449790679,0.2036056878484247,0.04324080679411317,124,228.0,673.0,286,0.6612184249628529,0.04483344086006801,211.0,10
Sanger,76,0.05,0.1,GoCo-dense-learned (tie-level path),adapt_580.625_to_574.291_q0.75,0.0600879607596208,0.046648325521183615,0.20383334055395186,0.04334656766721142,122,224.0,662.0,286,0.6616314199395771,0.044808555974271504,209.0,3
Sanger,76,0.05,0.5,GoCo-learned (paper path),adapt_550_to_525_q0.4,0.49629770023812686,0.049979381758738034,0.2099704732551341,0.046719089140416795,135,262.0,844.0,304,0.6895734597156398,0.04832751557047396,240.0,57
Sanger,76,0.05,0.5,GoCo-dense-learned (tie-level path),global_539.932,0.4510986605762303,0.04972661821279246,0.2102525640465314,0.04646962352455797,133,244.0,731.0,305,0.6662106703146374,0.047957740982729535,225.0,0
Sanger,76,0.2,0.1,GoCo-learned (paper path),adapt_150_to_125_q0.75,0.018060041035639813,0.1915968374015102,0.3789782795320197,0.18929780470697502,381,1427.0,16387.0,943,0.9129187770793922,0.19310717396146107,1112.0,668
Sanger,76,0.2,0.1,GoCo-dense-learned (tie-level path),adapt_137.57_to_137.33_q0.75,0.0690499321336841,0.19402571013334938,0.3807566972673362,0.19190772130401243,373,1314.0,15032.0,947,0.9125864821713677,0.19565492536025778,1021.0,53
Sanger,76,0.2,0.5,GoCo-learned (paper path),adapt_150_to_125_q0.75,0.018060041035639813,0.1915968374015102,0.3789782795320197,0.18929780470697502,381,1427.0,16387.0,943,0.9129187770793922,0.19310717396146107,1112.0,668
Sanger,76,0.2,0.5,GoCo-dense-learned (tie-level path),adapt_131.687_to_131.608_q0.75,0.2995187675782429,0.1978639729581256,0.38394837805816573,0.19446974811201534,380,1376.0,15973.0,961,0.9138546296875978,0.19886530928088464,1067.0,227
Sanger,77,0.05,0.1,GoCo-learned (paper path),adapt_575_to_550_q0.75,0.03038704085743236,0.04598903122320071,0.20215802091501364,0.04302404955747013,114,233.0,667.0,276,0.6506746626686657,0.044174976521750446,216.0,22
Sanger,77,0.05,0.1,GoCo-dense-learned (tie-level path),adapt_574.291_to_564.036_q0.75,0.05781527791633357,0.04661225857345769,0.20349354129684474,0.04332266844733965,115,235.0,672.0,278,0.6502976190476191,0.04447359541161997,218.0,17
Sanger,77,0.05,0.5,GoCo-learned (paper path),adapt_550_to_525_q0.6,0.45078948415202785,0.04972661534333464,0.20892710598048125,0.048633021313158956,119,255.0,897.0,297,0.7157190635451505,0.04974198824948186,235.0,110
Sanger,77,0.05,0.5,GoCo-dense-learned (tie-level path),adapt_528.952_to_526.433_q0.4,0.4912394784774537,0.04995126731316711,0.20972002957098745,0.048351821860701076,119,251.0,842.0,298,0.7019002375296912,0.049602632763537956,232.0,62
Sanger,77,0.2,0.1,GoCo-learned (paper path),adapt_150_to_125_q0.75,0.0038881385825973017,0.18938032959775972,0.37708333102924674,0.18829159888147906,368,1312.0,15838.0,928,0.9171612577345625,0.1917210879511422,1023.0,634
Sanger,77,0.2,0.1,GoCo-dense-learned (tie-level path),global_134.461,0.09309136343624708,0.1946641457702112,0.3814707456978516,0.19388915197579618,371,1251.0,14781.0,954,0.9153643190582504,0.1972644632333871,974.0,0
Sanger,77,0.2,0.5,GoCo-learned (paper path),adapt_150_to_125_q0.75,0.0038881385825973017,0.18938032959775972,0.37708333102924674,0.18829159888147906,368,1312.0,15838.0,928,0.9171612577345625,0.1917210879511422,1023.0,634
Sanger,77,0.2,0.5,GoCo-dense-learned (tie-level path),adapt_131.687_to_131.608_q0.75,0.11541898804890294,0.19515866803591742,0.38186407002299627,0.19405446364924997,373,1278.0,15523.0,954,0.9176705533724151,0.1974101142513525,992.0,185
Sanger,78,0.05,0.1,GoCo-learned (paper path),adapt_600_to_575_q0.75,0.0882329511601489,0.04707719115361044,0.20435677126051863,0.041346984551041015,110,195.0,595.0,268,0.6722689075630253,0.04216880861415308,185.0,23
Sanger,78,0.05,0.1,GoCo-dense-learned (tie-level path),adapt_592.237_to_584.926_q0.6,0.08410468778185043,0.047021212649356076,0.20430117032409373,0.041346984551041015,110,195.0,595.0,268,0.6722689075630253,0.04216880861415308,185.0,14
Sanger,78,0.05,0.5,GoCo-learned (paper path),adapt_575_to_550_q0.6,0.1174164624264174,0.047425768408629054,0.20478827245253495,0.041879699331648805,112,205.0,624.0,271,0.6714743589743589,0.04278364358730573,192.0,20
Sanger,78,0.05,0.5,GoCo-dense-learned (tie-level path),adapt_574.291_to_564.036_q0.75,0.4956725385279094,0.04997590027392525,0.20996881740070578,0.043712472758795085,115,211.0,651.0,281,0.6758832565284179,0.044706002685417655,196.0,31
Sanger,78,0.2,0.1,GoCo-learned (paper path),adapt_150_to_125_q0.75,0.05899175875540637,0.19370986007077245,0.3802717577514342,0.19004919747889776,383,1391.0,16145.0,938,0.9138432951378136,0.19358896311760482,1062.0,663
Sanger,78,0.2,0.1,GoCo-dense-learned (tie-level path),adapt_141.261_to_141.009_q0.75,0.07443375418603686,0.19418393235288284,0.3807799013194615,0.18921712066598595,368,1265.0,14340.0,934,0.9117852161785216,0.19275474750581809,967.0,123
Sanger,78,0.2,0.5,GoCo-learned (paper path),adapt_150_to_125_q0.75,0.05899175875540637,0.19370986007077245,0.3802717577514342,0.19004919747889776,383,1391.0,16145.0,938,0.9138432951378136,0.19358896311760482,1062.0,663
Sanger,78,0.2,0.5,GoCo-dense-learned (tie-level path),adapt_131.687_to_131.608_q0.75,0.42477114088309137,0.1992275712305102,0.38482192039518404,0.19370150406576886,375,1334.0,15706.0,952,0.9150643066344072,0.19755167734849893,1015.0,218
Sanger,79,0.05,0.1,GoCo-learned (paper path),adapt_575_to_550_q0.6,0.0432580653774039,0.04631605716000957,0.20312297335824556,0.04697719484334029,124,229.0,714.0,299,0.6792717086834734,0.04845349196290383,212.0,23
Sanger,79,0.05,0.1,GoCo-dense-learned (tie-level path),adapt_574.291_to_564.036_q0.75,0.07100088348001822,0.04682732750175782,0.20420291729797618,0.04731936232173296,126,231.0,720.0,302,0.6791666666666667,0.04868056674353353,214.0,17
Sanger,79,0.05,0.5,GoCo-learned (paper path),adapt_550_to_525_q0.35,0.4734384362988361,0.04985207648246319,0.20981994385829683,0.049743315560820386,133,247.0,924.0,315,0.7326839826839827,0.05084941590753408,227.0,71
Sanger,79,0.05,0.5,GoCo-dense-learned (tie-level path),adapt_528.952_to_526.433_q0.2,0.4977924767595931,0.04998768906935255,0.21026539677559378,0.05040339415044026,134,246.0,821.0,319,0.7003654080389768,0.05149957432191556,228.0,26
Sanger,79,0.2,0.1,GoCo-learned (paper path),adapt_150_to_125_q0.75,0.0018153534912150808,0.1884265480220211,0.3760588368943431,0.19196562969270772,379,1417.0,16744.0,957,0.9153726708074534,0.19574831924740171,1099.0,626
Sanger,79,0.2,0.1,GoCo-dense-learned (tie-level path),adapt_131.687_to_131.608_q0.75,0.05800240382846593,0.19367036958126224,0.38059650341110673,0.19651874115926288,374,1370.0,16349.0,971,0.916202825860909,0.2000411744614331,1061.0,174
Sanger,79,0.2,0.5,GoCo-learned (paper path),adapt_150_to_125_q0.75,0.0018153534912150808,0.1884265480220211,0.3760588368943431,0.19196562969270772,379,1417.0,16744.0,957,0.9153726708074534,0.19574831924740171,1099.0,626
Sanger,79,0.2,0.5,GoCo-dense-learned (tie-level path),adapt_127.62_to_127.363_q0.75,0.44889185228040707,0.19947659710578144,0.3850678259852375,0.20326185627587032,383,1419.0,16823.0,1008,0.9156511918207216,0.20741691356743838,1101.0,14
Sanger,80,0.05,0.1,GoCo-learned (paper path),adapt_575_to_550_q0.6,0.08679919166524724,0.047057639061737315,0.20436084539502244,0.043316269491581204,96,187.0,628.0,260,0.7022292993630573,0.043693897945750064,179.0,22
Sanger,80,0.05,0.1,GoCo-dense-learned (tie-level path),global_580.625,0.09663932192354624,0.04717798879561112,0.2050102065774812,0.0430556889544142,94,177.0,599.0,258,0.7045075125208681,0.04336986089874088,171.0,0
Sanger,80,0.05,0.5,GoCo-learned (paper path),adapt_550_to_525_q0.075,0.48733195374174954,0.04992933633065363,0.21027999756726964,0.04590305560179814,100,193.0,672.0,274,0.7127976190476191,0.04633667509740037,184.0,13
Sanger,80,0.05,0.5,GoCo-dense-learned (tie-level path),global_548.368,0.4876677429008976,0.049931202285689084,0.2103035859848123,0.04555964387477712,101,195.0,656.0,274,0.7027439024390244,0.04597459969435133,186.0,0
Sanger,80,0.2,0.1,GoCo-learned (paper path),adapt_175_to_150_q0.75,1.7036459790668895e-07,0.1800443038187564,0.3698469457791909,0.16824430055073636,345,1201.0,12445.0,844,0.9034953796705504,0.1723181646688521,918.0,566
Sanger,80,0.2,0.1,GoCo-dense-learned (tie-level path),adapt_151.026_to_150.41_q0.75,0.06959731511507461,0.1940312509346158,0.38146014958901797,0.17825775130798943,356,1223.0,12734.0,890,0.9039579079629338,0.18240347182897546,936.0,125
Sanger,80,0.2,0.5,GoCo-learned (paper path),adapt_150_to_125_q0.75,0.1496452241335952,0.19579800294250904,0.38260538196950045,0.18081496211075435,376,1397.0,15827.0,896,0.9117331142983509,0.18475350800980914,1064.0,684
Sanger,80,0.2,0.5,GoCo-dense-learned (tie-level path),adapt_137.57_to_137.33_q0.6,0.43003821419963983,0.1992813851926234,0.3852788557928656,0.18334940343861617,372,1318.0,14281.0,911,0.9077095441495694,0.18743279223546203,1006.0,52
Sanger,81,0.05,0.1,GoCo-learned (paper path),adapt_550_to_525_q0.3,0.07918961804304503,0.04696456274869353,0.20338040433815638,0.053050978583558006,115,242.0,862.0,318,0.7192575406032483,0.054515899766199,224.0,64
Sanger,81,0.05,0.1,GoCo-dense-learned (tie-level path),adapt_528.952_to_526.433_q0.05,0.08877681089796924,0.04708725939209932,0.204165016106216,0.053374571275604264,114,234.0,748.0,321,0.6871657754010695,0.05478616764670924,218.0,3
Sanger,81,0.05,0.5,GoCo-learned (paper path),adapt_550_to_525_q0.5,0.33817780544284287,0.04908491406494654,0.2071766304279007,0.05410903153934778,119,253.0,976.0,320,0.7407786885245902,0.05559786000484048,233.0,125
Sanger,81,0.05,0.5,GoCo-dense-learned (tie-level path),adapt_528.952_to_526.433_q0.5,0.42845481140440367,0.049602715229299425,0.20823692483944053,0.05455695987081474,119,253.0,978.0,322,0.7413087934560327,0.056045788336307446,233.0,107
Sanger,81,0.2,0.1,GoCo-learned (paper path),adapt_150_to_125_q0.75,0.0010946818481459206,0.18782897496932138,0.3755061020195174,0.1931978554668245,376,1356.0,16544.0,951,0.918036750483559,0.19686767578391987,1057.0,638
Sanger,81,0.2,0.1,GoCo-dense-learned (tie-level path),adapt_131.687_to_131.608_q0.75,0.08428628902577318,0.1944472920207955,0.3811595372903428,0.1991223360396179,379,1320.0,16240.0,976,0.9187192118226601,0.2028896580985252,1024.0,197
Sanger,81,0.2,0.5,GoCo-learned (paper path),adapt_150_to_125_q0.75,0.0010946818481459206,0.18782897496932138,0.3755061020195174,0.1931978554668245,376,1356.0,16544.0,951,0.918036750483559,0.19686767578391987,1057.0,638
Sanger,81,0.2,0.5,GoCo-dense-learned (tie-level path),global_128.747,0.46684600822282696,0.1996609057198444,0.3851839983436163,0.20380339011766876,393,1367.0,16603.0,1008,0.9176654821417816,0.20856593383052716,1056.0,0
Sanger,82,0.05,0.1,GoCo-learned (paper path),adapt_575_to_550_q0.75,0.009977969645896844,0.04507547090946961,0.19999077965259232,0.04772142327045407,121,215.0,718.0,300,0.7005571030640668,0.04881013795683392,201.0,36
Sanger,82,0.05,0.1,GoCo-dense-learned (tie-level path),global_564.036,0.08628974328368405,0.047053378062014935,0.20417213231441206,0.04949074018108351,121,215.0,731.0,308,0.7058823529411765,0.05057945486746336,201.0,0
Sanger,82,0.05,0.5,GoCo-learned (paper path),adapt_550_to_525_q0.6,0.4959010735636694,0.04997730302673202,0.20877313070528633,0.05288328558773904,131,250.0,1040.0,322,0.7596153846153846,0.05446863917327274,227.0,138
Sanger,82,0.05,0.5,GoCo-dense-learned (tie-level path),adapt_528.952_to_526.433_q0.5,0.27018184344492713,0.04866309656665243,0.20636512100993237,0.051875972033614944,127,245.0,964.0,316,0.745850622406639,0.053125379370548426,225.0,81
Sanger,82,0.2,0.1,GoCo-learned (paper path),adapt_150_to_125_q0.75,0.0026603335832058837,0.18890045132142677,0.37640075415673446,0.19394633674541487,378,1350.0,16021.0,969,0.9157355970288996,0.19754854120973242,1052.0,670
Sanger,82,0.2,0.1,GoCo-dense-learned (tie-level path),adapt_131.687_to_131.608_q0.6,0.08362416553689361,0.19443126440722205,0.3810710422796316,0.1978950111122441,368,1289.0,15498.0,974,0.9168279778035876,0.20125739472643925,996.0,122
Sanger,82,0.2,0.5,GoCo-learned (paper path),adapt_150_to_125_q0.75,0.0026603335832058837,0.18890045132142677,0.37640075415673446,0.19394633674541487,378,1350.0,16021.0,969,0.9157355970288996,0.19754854120973242,1052.0,670
Sanger,82,0.2,0.5,GoCo-dense-learned (tie-level path),global_128.747,0.4431620074434331,0.19941757351620498,0.3850432902729913,0.20375998137312268,379,1333.0,15988.0,1008,0.9166249687265449,0.2077410563008916,1029.0,0
Sanger,83,0.05,0.1,GoCo-learned (paper path),adapt_575_to_550_q0.75,0.09959381313266469,0.04722328859423502,0.20440156896239772,0.05016348099321427,116,217.0,734.0,306,0.7043596730245232,0.05160663593122433,196.0,37
Sanger,83,0.05,0.1,GoCo-dense-learned (tie-level path),global_564.036,0.08133899895727192,0.046988178877034,0.20388271451623802,0.04993951682748079,114,215.0,731.0,303,0.7058823529411765,0.05138267176549085,194.0,0
Sanger,83,0.05,0.5,GoCo-learned (paper path),adapt_550_to_525_q0.5,0.22487295920223277,0.048356516447720696,0.2054994207812947,0.05111963075125738,122,245.0,1026.0,308,0.7612085769980507,0.05271600003271861,217.0,122
Sanger,83,0.05,0.5,GoCo-dense-learned (tie-level path),adapt_528.952_to_526.433_q0.5,0.3546432011667988,0.04918273251071619,0.20717894457424704,0.052589262282728214,122,250.0,1057.0,314,0.7634815515610217,0.054155769670530235,221.0,121
Sanger,83,0.2,0.1,GoCo-learned (paper path),adapt_150_to_125_q0.75,0.014075742835568228,0.19122369246756715,0.3778489788587451,0.19291542601945819,363,1365.0,16824.0,952,0.9188659058487875,0.19683596841231707,1054.0,727
Sanger,83,0.2,0.1,GoCo-dense-learned (tie-level path),adapt_137.57_to_137.33_q0.75,0.038583419277802816,0.19290394312128645,0.37945893278149423,0.19538131628898864,354,1252.0,15195.0,958,0.9176044751563014,0.19893924917979844,968.0,38
Sanger,83,0.2,0.5,GoCo-learned (paper path),adapt_150_to_125_q0.75,0.014075742835568228,0.19122369246756715,0.3778489788587451,0.19291542601945819,363,1365.0,16824.0,952,0.9188659058487875,0.19683596841231707,1054.0,727
Sanger,83,0.2,0.5,GoCo-dense-learned (tie-level path),adapt_131.687_to_131.608_q0.75,0.22506342095157644,0.19694124158860535,0.38278551451754284,0.19892223067539938,360,1312.0,16264.0,978,0.9193310378750615,0.20361165069252218,1010.0,237
Sanger,84,0.05,0.1,GoCo-learned (paper path),adapt_575_to_550_q0.6,0.05229004480005381,0.046517361677846085,0.202792809160398,0.04704917523788845,105,185.0,708.0,283,0.7387005649717514,0.04859763859434331,166.0,23
Sanger,84,0.05,0.1,GoCo-dense-learned (tie-level path),adapt_574.291_to_564.036_q0.6,0.08436296696358775,0.047030497964620055,0.20391162228262194,0.047553094610788785,107,187.0,717.0,286,0.7391910739191074,0.0489895758843769,168.0,15
Sanger,84,0.05,0.5,GoCo-learned (paper path),adapt_550_to_525_q0.6,0.49567199387987904,0.04997606060488097,0.2085456859676224,0.051064527655502186,114,218.0,1021.0,301,0.7864838393731636,0.05249256188631859,193.0,117
Sanger,84,0.05,0.5,GoCo-dense-learned (tie-level path),adapt_528.952_to_526.433_q0.5,0.46243459746872595,0.0497917096396225,0.20874796033238407,0.051005659675411257,114,215.0,948.0,303,0.7732067510548524,0.052425989154872274,192.0,66
Sanger,84,0.2,0.1,GoCo-learned (paper path),adapt_150_to_125_q0.4,0.07767527323157505,0.1942784456687154,0.3805658585053697,0.1873770432970158,361,1207.0,14661.0,927,0.9176727371939158,0.190880967471394,925.0,286
Sanger,84,0.2,0.1,GoCo-dense-learned (tie-level path),adapt_144.009_to_143.573_q0.75,0.09495591886625443,0.19471585650649298,0.38097746402836724,0.18829963911086955,356,1146.0,13861.0,929,0.9173219825409422,0.1916152926468502,879.0,103
Sanger,84,0.2,0.5,GoCo-learned (paper path),adapt_150_to_125_q0.75,0.12005682674548102,0.19526222392589695,0.3811719178364081,0.18896831386166751,373,1293.0,16231.0,932,0.9203376255313905,0.19251355207780707,990.0,715
Sanger,84,0.2,0.5,GoCo-dense-learned (tie-level path),adapt_131.687_to_131.608_q0.6,0.47608221167852405,0.1997556226470654,0.38500284873345186,0.1937693044159474,366,1237.0,15547.0,948,0.9204348105743874,0.19705621385894725,945.0,168
Sanger,85,0.05,0.1,GoCo-learned (paper path),adapt_575_to_550_q0.75,0.03939576052593,0.046229290456060224,0.20274140735816418,0.04424189918852867,118,213.0,696.0,284,0.6939655172413793,0.04537105184853544,198.0,22
Sanger,85,0.05,0.1,GoCo-dense-learned (tie-level path),adapt_574.291_to_564.036_q0.75,0.06161149285299407,0.046677118490095156,0.20374076714574432,0.04467365233454966,119,214.0,700.0,287,0.6942857142857143,0.04579969437966021,199.0,15
Sanger,85,0.05,0.5,GoCo-learned (paper path),adapt_550_to_525_q0.4,0.48386684286328685,0.049910358917777224,0.20943715310717595,0.04764800722494905,132,248.0,946.0,301,0.7378435517970402,0.049028367571707934,226.0,107
Sanger,85,0.05,0.5,GoCo-dense-learned (tie-level path),adapt_528.952_to_526.433_q0.1,0.49437875880988064,0.04996865456427527,0.2102384484799418,0.047136109650201784,130,232.0,793.0,302,0.7074401008827238,0.048540671244847684,215.0,27
Sanger,85,0.2,0.1,GoCo-learned (paper path),adapt_150_to_125_q0.75,0.028124968030529295,0.19233399601732462,0.3795037145818531,0.1893981600461855,378,1315.0,16323.0,937,0.9194388286466948,0.1928908350119265,1018.0,590
Sanger,85,0.2,0.1,GoCo-dense-learned (tie-level path),global_141.69,0.09468609530966626,0.19470352233890936,0.38140159744971885,0.19181282343415904,367,1230.0,14503.0,949,0.9151899606977867,0.19521105420616144,960.0,0
Sanger,85,0.2,0.5,GoCo-learned (paper path),adapt_150_to_125_q0.75,0.028124968030529295,0.19233399601732462,0.3795037145818531,0.1893981600461855,378,1315.0,16323.0,937,0.9194388286466948,0.1928908350119265,1018.0,590
Sanger,85,0.2,0.5,GoCo-dense-learned (tie-level path),adapt_131.687_to_131.608_q0.75,0.40834150634742045,0.19905647590416084,0.384670578105045,0.19494604573471416,377,1306.0,16068.0,960,0.9187204381379138,0.19831478400833796,1012.0,166
Sanger,86,0.05,0.1,GoCo-learned (paper path),adapt_575_to_550_q0.75,0.053098741472090906,0.04652310896162703,0.2034006289722006,0.04521654724807782,107,217.0,716.0,284,0.696927374301676,0.04652096885115676,201.0,23
Sanger,86,0.05,0.1,GoCo-dense-learned (tie-level path),adapt_574.291_to_564.036_q0.75,0.09350617578607251,0.047141982426811,0.20471046525648182,0.0454405114138113,107,218.0,721.0,285,0.6976421636615812,0.046670278299428845,202.0,16
Sanger,86,0.05,0.5,GoCo-learned (paper path),adapt_550_to_525_q0.3,0.4974075211843873,0.04998559661566597,0.20947427668987112,0.04862863971431471,112,229.0,830.0,299,0.7240963855421687,0.04987673093997618,211.0,52
Sanger,86,0.05,0.5,GoCo-dense-learned (tie-level path),adapt_528.952_to_526.433_q0.1,0.4994895345032931,0.04999716018034213,0.20975323759552475,0.04941757206219975,114,232.0,807.0,304,0.7125154894671624,0.05062087045738438,215.0,26
Sanger,86,0.2,0.1,GoCo-learned (paper path),adapt_150_to_125_q0.75,0.004829411328310488,0.18969010434914638,0.3765270931564974,0.1950218957055189,373,1295.0,16796.0,963,0.9228983091212193,0.19877923236114847,1004.0,712
Sanger,86,0.2,0.1,GoCo-dense-learned (tie-level path),adapt_131.687_to_131.608_q0.6,0.05273409258671649,0.1934952547267393,0.3797378487133419,0.1994740624744174,357,1203.0,15910.0,974,0.9243871778755499,0.20262114325536193,932.0,117
Sanger,86,0.2,0.5,GoCo-learned (paper path),adapt_150_to_125_q0.75,0.004829411328310488,0.18969010434914638,0.3765270931564974,0.1950218957055189,373,1295.0,16796.0,963,0.9228983091212193,0.19877923236114847,1004.0,712
Sanger,86,0.2,0.5,GoCo-dense-learned (tie-level path),adapt_127.62_to_127.363_q0.75,0.42935042020047204,0.19927619624193932,0.38424340766063536,0.20539607239129962,373,1256.0,16557.0,1011,0.9241408467717581,0.20952918004882828,968.0,13
Sanger,87,0.05,0.1,GoCo-learned (paper path),global_625,0.0493741298137229,0.04642866037876094,0.20444237234815404,0.04090198906845635,101,183.0,585.0,263,0.6871794871794872,0.04153033296378436,173.0,0
Sanger,87,0.05,0.1,GoCo-dense-learned (tie-level path),global_607.423,0.09137738833048914,0.04710226839485854,0.20555293794569898,0.04127899542167232,103,189.0,599.0,266,0.6844741235392321,0.041907339317000324,179.0,0
Sanger,87,0.05,0.5,GoCo-learned (paper path),adapt_575_to_550_q0.75,0.36333305349939427,0.04922840953293639,0.2086098446295577,0.04486002245582098,114,214.0,669.0,288,0.680119581464873,0.04604641040588947,198.0,25
Sanger,87,0.05,0.5,GoCo-dense-learned (tie-level path),adapt_574.291_to_564.036_q0.5,0.37812089645163777,0.049314243237680244,0.20878300322459065,0.04508398662155446,111,211.0,669.0,286,0.6846038863976084,0.04627037457162295,195.0,16
Sanger,87,0.2,0.1,GoCo-learned (paper path),adapt_150_to_125_q0.75,0.014741094644050932,0.19129939104876229,0.37771994188941366,0.19916305476914328,378,1348.0,16755.0,983,0.91954640405849,0.20283127560927913,1052.0,729
Sanger,87,0.2,0.1,GoCo-dense-learned (tie-level path),adapt_135.214_to_134.983_q0.75,0.0961533845301279,0.19474807850586104,0.3807031553296918,0.20212226769691885,368,1242.0,15496.0,989,0.9198502839442437,0.2055761556475854,966.0,61
Sanger,87,0.2,0.5,GoCo-learned (paper path),adapt_150_to_125_q0.75,0.014741094644050932,0.19129939104876229,0.37771994188941366,0.19916305476914328,378,1348.0,16755.0,983,0.91954640405849,0.20283127560927913,1052.0,729
Sanger,87,0.2,0.5,GoCo-dense-learned (tie-level path),adapt_131.687_to_131.608_q0.75,0.21809462440670302,0.19684897410398475,0.3824610345124898,0.20294525919676093,376,1285.0,16231.0,999,0.9208305095188221,0.207959017447902,992.0,193
Sanger,88,0.05,0.1,GoCo-learned (paper path),adapt_575_to_550_q0.6,0.05488150357209802,0.04655583578037191,0.20353510849861908,0.04394771593215084,117,212.0,670.0,279,0.6835820895522388,0.04501963331210787,198.0,22
Sanger,88,0.05,0.1,GoCo-dense-learned (tie-level path),adapt_574.291_to_564.036_q0.6,0.08200278945101125,0.04699060216586098,0.20436212943612606,0.04505153932136224,118,214.0,683.0,285,0.6866764275256223,0.04612345670131927,200.0,19
Sanger,88,0.05,0.5,GoCo-learned (paper path),adapt_550_to_525_q0.5,0.42058492957543575,0.04955722178397988,0.20881837160840036,0.04835590759557145,121,234.0,888.0,299,0.7364864864864865,0.04936090236214748,219.0,77
Sanger,88,0.05,0.5,GoCo-dense-learned (tie-level path),adapt_528.952_to_526.433_q0.075,0.48111961284457777,0.04989469912698917,0.21020511662171093,0.04778763487317661,122,225.0,731.0,301,0.6922024623803009,0.049042456334275335,210.0,9
Sanger,88,0.2,0.1,GoCo-learned (paper path),adapt_150_to_125_q0.75,0.001290457542579662,0.18799649929378368,0.3764295641982339,0.19299478611980814,396,1463.0,16620.0,967,0.9119735258724428,0.1974735651311255,1148.0,659
Sanger,88,0.2,0.1,GoCo-dense-learned (tie-level path),adapt_131.687_to_131.608_q0.75,0.047026819201671254,0.1932500787913479,0.38099211887022416,0.19823304907672215,382,1362.0,16122.0,975,0.9155191663565314,0.20195762636880457,1064.0,208
Sanger,88,0.2,0.5,GoCo-learned (paper path),adapt_150_to_125_q0.75,0.001290457542579662,0.18799649929378368,0.3764295641982339,0.19299478611980814,396,1463.0,16620.0,967,0.9119735258724428,0.1974735651311255,1148.0,659
Sanger,88,0.2,0.5,GoCo-dense-learned (tie-level path),adapt_127.62_to_127.363_q0.75,0.4015611815221692,0.19898319580878743,0.3854562248445555,0.20448376054125697,396,1416.0,16410.0,1016,0.9137111517367459,0.20915756335383967,1105.0,5
Sanger,89,0.05,0.1,GoCo-learned (paper path),adapt_575_to_550_q0.6,0.02930846626501121,0.04595650633254021,0.20208163341895896,0.05099335227741506,123,238.0,807.0,317,0.7050805452292441,0.05273654002358372,215.0,36
Sanger,89,0.05,0.1,GoCo-dense-learned (tie-level path),global_564.036,0.08838516633554006,0.04707607641762754,0.20457859163112033,0.051754830442243833,128,243.0,815.0,325,0.701840490797546,0.05349801818841249,220.0,0
Sanger,89,0.05,0.5,GoCo-learned (paper path),adapt_550_to_525_q0.4,0.3289954810745763,0.04902841765358477,0.20742237238232722,0.05354012101054325,132,264.0,1117.0,328,0.7636526410026858,0.055222364162143905,238.0,127
Sanger,89,0.05,0.5,GoCo-dense-learned (tie-level path),adapt_528.952_to_526.433_q0.4,0.44604224345463245,0.04970015970463716,0.2088766681051599,0.054398650314746486,132,265.0,1124.0,332,0.7642348754448398,0.056043566107616447,239.0,113
Sanger,89,0.2,0.1,GoCo-learned (paper path),adapt_150_to_125_q0.75,0.028725841711037498,0.19238147140883888,0.3789868915478675,0.19361380550589033,392,1480.0,16963.0,961,0.9127512822024406,0.1976587591853414,1108.0,753
Sanger,89,0.2,0.1,GoCo-dense-learned (tie-level path),adapt_137.57_to_137.33_q0.75,0.08515954446513857,0.19447609524801873,0.3807380753959081,0.19482927763915944,381,1343.0,15249.0,962,0.9119286510590858,0.19890566139178473,1003.0,66
Sanger,89,0.2,0.5,GoCo-learned (paper path),adapt_150_to_125_q0.75,0.028725841711037498,0.19238147140883888,0.3789868915478675,0.19361380550589033,392,1480.0,16963.0,961,0.9127512822024406,0.1976587591853414,1108.0,753
Sanger,89,0.2,0.5,GoCo-dense-learned (tie-level path),adapt_131.687_to_131.608_q0.75,0.3314982179088525,0.19823001874998658,0.38386263315051905,0.1983915547540981,387,1405.0,16361.0,981,0.9141250534808386,0.20333729461085756,1045.0,257
Sanger,90,0.05,0.1,GoCo-learned (paper path),adapt_575_to_550_q0.75,0.0918933543576001,0.047121036929556784,0.20470327363515903,0.04486348861275702,115,231.0,720.0,282,0.6791666666666667,0.04580600448578496,216.0,37
Sanger,90,0.05,0.1,GoCo-dense-learned (tie-level path),adapt_574.291_to_564.036_q0.75,0.06581115619221775,0.04674598094838327,0.2039714456825873,0.04492321239006346,113,226.0,709.0,282,0.6812411847672779,0.04582093542927724,212.0,14
Sanger,90,0.05,0.5,GoCo-learned (paper path),adapt_550_to_525_q0.4,0.47460373437942155,0.04985867743495063,0.20966813338701515,0.049124025300662434,118,263.0,1006.0,298,0.7385685884691849,0.0499741755267407,245.0,112
Sanger,90,0.05,0.5,GoCo-dense-learned (tie-level path),adapt_528.952_to_526.433_q0.3,0.48961206411485,0.049942132961413706,0.21000872333094148,0.04964287560370575,120,264.0,963.0,302,0.7258566978193146,0.0507169899955175,245.0,73
Sanger,90,0.2,0.1,GoCo-learned (paper path),adapt_150_to_125_q0.75,0.03147162908024013,0.19253751351108106,0.37926277902116445,0.18425624730004975,373,1369.0,15992.0,916,0.9143946973486743,0.18825216061057062,1043.0,619
Sanger,90,0.2,0.1,GoCo-dense-learned (tie-level path),adapt_137.57_to_137.33_q0.75,0.09653750459109289,0.19475148898994393,0.38111342257410447,0.18652990388977034,357,1252.0,14620.0,919,0.9143638850889193,0.19018724560070144,960.0,50
Sanger,90,0.2,0.5,GoCo-learned (paper path),adapt_150_to_125_q0.75,0.03147162908024013,0.19253751351108106,0.37926277902116445,0.18425624730004975,373,1369.0,15992.0,916,0.9143946973486743,0.18825216061057062,1043.0,619
Sanger,90,0.2,0.5,GoCo-dense-learned (tie-level path),adapt_131.687_to_131.608_q0.75,0.4374336245254621,0.19935863406346938,0.3849082517617185,0.18887975622064457,371,1305.0,15594.0,935,0.9163139669103502,0.19404225488926502,983.0,219
Sanger,91,0.05,0.1,GoCo-learned (paper path),adapt_575_to_550_q0.75,0.014715753664086402,0.04537337671746815,0.2007931160102336,0.047486495187408044,109,183.0,704.0,287,0.7400568181818182,0.048866815739890095,166.0,16
Sanger,91,0.05,0.1,GoCo-dense-learned (tie-level path),global_564.036,0.08502249145618684,0.04703531631481685,0.2042113345767848,0.051163240239307836,112,188.0,738.0,306,0.7452574525745257,0.052319596626056404,171.0,0
Sanger,91,0.05,0.5,GoCo-learned (paper path),adapt_550_to_525_q0.4,0.2429926286594129,0.048478565381091646,0.20638425459068943,0.052993830157420936,118,209.0,1008.0,310,0.7926587301587301,0.05415931246916097,187.0,111
Sanger,91,0.05,0.5,GoCo-dense-learned (tie-level path),adapt_528.952_to_526.433_q0.4,0.37939556499790317,0.04932539576920649,0.2076289739844042,0.05363212804177574,120,215.0,1044.0,314,0.7940613026819924,0.055085031025754114,190.0,111
Sanger,91,0.2,0.1,GoCo-learned (paper path),adapt_150_to_125_q0.75,0.03493189795256454,0.1927102819015053,0.3800466780034055,0.18882544260609724,388,1478.0,17282.0,937,0.9144774910311306,0.19281787224873184,1133.0,730
Sanger,91,0.2,0.1,GoCo-dense-learned (tie-level path),global_141.69,0.09782808858401087,0.19477249221168075,0.3817910890201407,0.18970427358270625,372,1327.0,14781.0,944,0.9102225830458021,0.19371572527012393,1022.0,0
Sanger,91,0.2,0.5,GoCo-learned (paper path),adapt_150_to_125_q0.75,0.03493189795256454,0.1927102819015053,0.3800466780034055,0.18882544260609724,388,1478.0,17282.0,937,0.9144774910311306,0.19281787224873184,1133.0,730
Sanger,91,0.2,0.5,GoCo-dense-learned (tie-level path),adapt_131.687_to_131.608_q0.75,0.4084282566504318,0.19905609327697507,0.38519773590238743,0.19374891361023516,381,1420.0,16625.0,958,0.9145864661654135,0.19781377045197823,1085.0,236
Sanger,92,0.05,0.1,GoCo-learned (paper path),global_625,0.04464527313519587,0.04633460759422569,0.2038743549065248,0.04137542445008192,96,159.0,559.0,260,0.7155635062611807,0.04220906884179003,150.0,0
Sanger,92,0.05,0.1,GoCo-dense-learned (tie-level path),global_607.423,0.09717356436716379,0.04717801707812184,0.2055002070239164,0.041338097091351216,98,162.0,570.0,260,0.7157894736842105,0.042171741483059334,153.0,0
Sanger,92,0.05,0.5,GoCo-learned (paper path),global_575,0.3153288923004354,0.048939231678049394,0.20851117706419614,0.04309451100473842,105,175.0,608.0,270,0.712171052631579,0.044046980833419895,164.0,0
Sanger,92,0.05,0.5,GoCo-dense-learned (tie-level path),global_574.291,0.37523091986317253,0.04929602396725754,0.20920088997965966,0.04427032288818851,107,177.0,626.0,275,0.7172523961661342,0.04507348326859789,166.0,0
Sanger,92,0.2,0.1,GoCo-learned (paper path),adapt_150_to_125_q0.75,0.00461707533946381,0.18961353616374413,0.37707200019889536,0.19512819228954573,378,1352.0,16352.0,960,0.9173189823874756,0.19846883936131254,1059.0,711
Sanger,92,0.2,0.1,GoCo-dense-learned (tie-level path),global_137.239,0.0927974417327907,0.19466323350951162,0.38102657918502364,0.1993834634277081,369,1257.0,14798.0,980,0.9150560886606298,0.20278578399276947,986.0,0
Sanger,92,0.2,0.5,GoCo-learned (paper path),adapt_150_to_125_q0.75,0.00461707533946381,0.18961353616374413,0.37707200019889536,0.19512819228954573,378,1352.0,16352.0,960,0.9173189823874756,0.19846883936131254,1059.0,711
Sanger,92,0.2,0.5,GoCo-dense-learned (tie-level path),global_130.521,0.49903781773520606,0.19999016581150753,0.385358712713102,0.20544201071892446,385,1335.0,16102.0,1014,0.9170910445907341,0.21082389316660294,1035.0,0
Sanger,93,0.05,0.1,GoCo-learned (paper path),adapt_575_to_550_q0.6,0.09048574248965308,0.04710722001802478,0.20436587013938584,0.04970404743347296,107,184.0,716.0,298,0.7430167597765364,0.051203363092589084,171.0,34
Sanger,93,0.05,0.1,GoCo-dense-learned (tie-level path),global_564.036,0.09856924698264657,0.04720798132634996,0.20459175553530523,0.050151975764939925,105,182.0,716.0,298,0.7458100558659218,0.05165129142405605,169.0,0
Sanger,93,0.05,0.5,GoCo-learned (paper path),adapt_550_to_525_q0.5,0.3258616545962712,0.04901062183005363,0.20715934762578653,0.05112222054637426,113,205.0,966.0,302,0.7877846790890269,0.0524681385293653,189.0,103
Sanger,93,0.05,0.5,GoCo-dense-learned (tie-level path),adapt_528.952_to_526.433_q0.4,0.38639408208626724,0.049364611162794475,0.20798036843766463,0.05192191480322087,111,201.0,911.0,306,0.7793633369923162,0.05324952461551312,187.0,68
Sanger,93,0.2,0.1,GoCo-learned (paper path),adapt_150_to_125_q0.75,0.002769659108303645,0.18895660797229968,0.37626183275400654,0.1922751655103378,370,1223.0,16365.0,944,0.925267338832875,0.19572347727628198,945.0,649
Sanger,93,0.2,0.1,GoCo-dense-learned (tie-level path),global_134.461,0.09073231523619735,0.19461486214981238,0.38087330700633965,0.19700523454024302,367,1165.0,15256.0,963,0.9236366019926586,0.20051209773755688,899.0,0
Sanger,93,0.2,0.5,GoCo-learned (paper path),adapt_150_to_125_q0.75,0.002769659108303645,0.18895660797229968,0.37626183275400654,0.1922751655103378,370,1223.0,16365.0,944,0.925267338832875,0.19572347727628198,945.0,649
Sanger,93,0.2,0.5,GoCo-dense-learned (tie-level path),adapt_131.687_to_131.608_q0.75,0.11522981214616668,0.19516095970171318,0.38137372402985004,0.19736832112307512,368,1192.0,16041.0,964,0.9256904183030983,0.20086479821437417,918.0,223
Sanger,94,0.05,0.1,GoCo-learned (paper path),adapt_575_to_550_q0.75,0.05126272941697445,0.04648694507794374,0.20335015095101036,0.04501586825423118,105,192.0,651.0,275,0.7050691244239631,0.04612058844972164,176.0,20
Sanger,94,0.05,0.1,GoCo-dense-learned (tie-level path),global_580.625,0.04865084297892003,0.046426741920988814,0.20367312901644632,0.044831542185145824,104,181.0,625.0,274,0.7104,0.04602211531572887,167.0,0
Sanger,94,0.05,0.5,GoCo-learned (paper path),adapt_550_to_525_q0.2,0.49366939615737754,0.0499646884247,0.21029945672685768,0.04814230014068416,115,210.0,787.0,294,0.7331639135959339,0.049170929961081716,194.0,44
Sanger,94,0.05,0.5,GoCo-dense-learned (tie-level path),global_538.398,0.4832114298200728,0.04990627043753315,0.2104355240346556,0.048019572294839684,115,208.0,707.0,296,0.7057991513437057,0.049010874749831894,192.0,0
Sanger,94,0.2,0.1,GoCo-learned (paper path),adapt_150_to_125_q0.75,0.09214025451483765,0.19464485022788672,0.3811968168805917,0.18789276958579845,392,1403.0,16087.0,938,0.9127867221980481,0.19239439916904402,1052.0,652
Sanger,94,0.2,0.1,GoCo-dense-learned (tie-level path),adapt_144.009_to_143.573_q0.75,0.05769602939917996,0.19365630440490694,0.3808010129161737,0.18723676673575718,378,1237.0,13847.0,934,0.9106665703762548,0.19190500328882545,928.0,95
Sanger,94,0.2,0.5,GoCo-learned (paper path),adapt_150_to_125_q0.75,0.09214025451483765,0.19464485022788672,0.3811968168805917,0.18789276958579845,392,1403.0,16087.0,938,0.9127867221980481,0.19239439916904402,1052.0,652
Sanger,94,0.2,0.5,GoCo-dense-learned (tie-level path),adapt_131.687_to_131.608_q0.75,0.494057761070755,0.1999392169312917,0.38565669512540995,0.19398855313007934,391,1343.0,15775.0,964,0.91486529318542,0.19971635717760944,997.0,241
Sanger,95,0.05,0.1,GoCo-learned (paper path),adapt_575_to_550_q0.75,0.02677617838917074,0.04587807179838619,0.20179876195513832,0.04792331416756415,116,213.0,729.0,301,0.7078189300411523,0.04932478690000557,199.0,17
Sanger,95,0.05,0.1,GoCo-dense-learned (tie-level path),adapt_574.291_to_564.036_q0.75,0.05581396163113487,0.04657588062154782,0.20341141848603786,0.04807155711987251,116,216.0,732.0,303,0.7049180327868853,0.04939837513485254,202.0,10
Sanger,95,0.05,0.5,GoCo-learned (paper path),adapt_550_to_525_q0.4,0.4655248126062802,0.04980832476133837,0.2093640846488745,0.05158689769958996,126,242.0,958.0,318,0.7473903966597077,0.052883853834260086,227.0,93
Sanger,95,0.05,0.5,GoCo-dense-learned (tie-level path),adapt_528.952_to_526.433_q0.125,0.48927486149577676,0.049940212356553076,0.21015543462144534,0.051197893285137276,127,239.0,831.0,320,0.7123947051744886,0.05271881358554088,224.0,24
Sanger,95,0.2,0.1,GoCo-learned (paper path),adapt_150_to_125_q0.75,0.044977219202902596,0.19317998947301254,0.38012482809797965,0.1908286581514664,388,1440.0,16588.0,947,0.9131902580178443,0.19475395784933383,1128.0,658
Sanger,95,0.2,0.1,GoCo-dense-learned (tie-level path),adapt_137.57_to_137.33_q0.75,0.08277737594277407,0.194406415289539,0.3812449719096833,0.19441304644371601,384,1339.0,15167.0,961,0.9117162260170106,0.19835228836216023,1050.0,63
Sanger,95,0.2,0.5,GoCo-learned (paper path),adapt_150_to_125_q0.75,0.044977219202902596,0.19317998947301254,0.38012482809797965,0.1908286581514664,388,1440.0,16588.0,947,0.9131902580178443,0.19475395784933383,1128.0,658
Sanger,95,0.2,0.5,GoCo-dense-learned (tie-level path),adapt_131.687_to_131.608_q0.75,0.3480424724273218,0.19841051544782243,0.384579762521224,0.1974713537187085,389,1404.0,16287.0,976,0.9137962792411125,0.20186861944692533,1099.0,231
Sanger,96,0.05,0.1,GoCo-learned (paper path),adapt_575_to_550_q0.75,0.031155680240730402,0.04602030406931671,0.20177212958114618,0.050836577340710204,134,246.0,794.0,330,0.690176322418136,0.05275209308805284,227.0,41
Sanger,96,0.05,0.1,GoCo-dense-learned (tie-level path),global_564.036,0.09287225357307699,0.047139874154404036,0.20427252143186533,0.05171003758840571,134,246.0,797.0,334,0.6913425345043914,0.05362555333574835,227.0,0
Sanger,96,0.05,0.5,GoCo-learned (paper path),adapt_550_to_525_q0.5,0.2726859111374519,0.04867909591106145,0.20644226753362335,0.05305320048185372,141,267.0,1032.0,336,0.7412790697674418,0.055048970058810674,242.0,108
Sanger,96,0.05,0.5,GoCo-dense-learned (tie-level path),adapt_528.952_to_526.433_q0.5,0.4061145945871287,0.049477441727688,0.20789872279363664,0.05399124838269972,141,269.0,1053.0,340,0.7445394112060779,0.055980796729864224,244.0,107
Sanger,96,0.2,0.1,GoCo-learned (paper path),adapt_150_to_125_q0.75,0.00606339711038856,0.18997725351236885,0.3776231290608908,0.19816445589799764,412,1459.0,17186.0,985,0.9151053182823228,0.20244168017439185,1096.0,685
Sanger,96,0.2,0.1,GoCo-dense-learned (tie-level path),adapt_131.687_to_131.608_q0.5,0.09232587163419226,0.1946451117906451,0.3815007217810797,0.2034141025444428,397,1374.0,16695.0,997,0.9176999101527403,0.20726791447714754,1030.0,123
Sanger,96,0.2,0.5,GoCo-learned (paper path),adapt_150_to_125_q0.75,0.00606339711038856,0.18997725351236885,0.3776231290608908,0.19816445589799764,412,1459.0,17186.0,985,0.9151053182823228,0.20244168017439185,1096.0,685
Sanger,96,0.2,0.5,GoCo-dense-learned (tie-level path),global_129.514,0.47055926161344186,0.1996987030357189,0.3855100576440675,0.20740326667352593,407,1408.0,17142.0,1023,0.9178625597946564,0.21257986315220495,1051.0,0
Sanger,97,0.05,0.1,GoCo-learned (paper path),global_625,0.05822731616728413,0.046596240460792575,0.20491821494614354,0.0392173697272981,96,194.0,567.0,251,0.6578483245149912,0.04021276601685121,185.0,0
Sanger,97,0.05,0.1,GoCo-dense-learned (tie-level path),global_615.312,0.057286017213736676,0.046579446912185525,0.20486670855978717,0.03906806028570066,97,196.0,570.0,251,0.656140350877193,0.04006345657525378,187.0,0
Sanger,97,0.05,0.5,GoCo-learned (paper path),adapt_575_to_550_q0.5,0.4820744336962814,0.049900123306482934,0.21000492474631854,0.041351250568269216,108,220.0,638.0,266,0.6551724137931034,0.042168719774531356,209.0,32
Sanger,97,0.05,0.5,GoCo-dense-learned (tie-level path),adapt_574.291_to_564.036_q0.2,0.4885997121230554,0.04993636797374532,0.2104191379537835,0.04105014317780566,104,209.0,621.0,262,0.6634460547504025,0.041802911625597274,200.0,6
Sanger,97,0.2,0.1,GoCo-learned (paper path),adapt_150_to_125_q0.4,0.07067469995727459,0.1940811900242636,0.380329229687468,0.18495388548958874,345,1168.0,13998.0,910,0.9165595085012145,0.18818674686240722,901.0,241
Sanger,97,0.2,0.1,GoCo-dense-learned (tie-level path),adapt_144.009_to_143.573_q0.75,0.09329439153377767,0.1946758603067394,0.3809843789019517,0.1863816772870227,347,1125.0,13401.0,917,0.916051040967092,0.18955002627674436,868.0,94
Sanger,97,0.2,0.5,GoCo-learned (paper path),adapt_150_to_125_q0.75,0.12146349828302494,0.19529033692506093,0.381181819366778,0.1866918720196503,356,1246.0,15394.0,920,0.919059373781993,0.18999731832695968,960.0,596
Sanger,97,0.2,0.5,GoCo-dense-learned (tie-level path),adapt_131.687_to_131.608_q0.4,0.49489622283456564,0.19994791231438871,0.3847830496404934,0.19181186393620853,352,1199.0,14884.0,937,0.9194436979306638,0.19487841948950277,925.0,72
Sanger,98,0.05,0.1,GoCo-learned (paper path),adapt_575_to_550_q0.75,0.06854666691285223,0.04679571540564952,0.2036954329170558,0.04521299226153204,100,197.0,682.0,274,0.7111436950146628,0.04680732301741938,180.0,19
Sanger,98,0.05,0.1,GoCo-dense-learned (tie-level path),global_580.625,0.08193544744224401,0.04698901490024318,0.20440459838101868,0.04542326973240159,95,189.0,655.0,273,0.7114503816793893,0.046998936812260916,174.0,0
Sanger,98,0.05,0.5,GoCo-learned (paper path),adapt_575_to_550_q0.75,0.06854666691285223,0.04679571540564952,0.2036954329170558,0.04521299226153204,100,197.0,682.0,274,0.7111436950146628,0.04680732301741938,180.0,19
Sanger,98,0.05,0.5,GoCo-dense-learned (tie-level path),global_564.036,0.4298041713609056,0.0496077022669137,0.20961831477018728,0.04727221834165652,101,199.0,699.0,284,0.7153075822603719,0.04878878376518626,182.0,0
Sanger,98,0.2,0.1,GoCo-learned (paper path),adapt_150_to_125_q0.75,0.019554485871566704,0.19174984104487588,0.37794564329523,0.19175938390537445,368,1284.0,16533.0,941,0.9223371438940301,0.19524425618258728,989.0,677
Sanger,98,0.2,0.1,GoCo-dense-learned (tie-level path),adapt_137.57_to_137.33_q0.75,0.06698338315303212,0.19397495224224415,0.3799594183836727,0.19363525516508942,355,1159.0,15074.0,943,0.9231126442881783,0.19679492717360597,890.0,53
Sanger,98,0.2,0.5,GoCo-learned (paper path),adapt_150_to_125_q0.75,0.019554485871566704,0.19174984104487588,0.37794564329523,0.19175938390537445,368,1284.0,16533.0,941,0.9223371438940301,0.19524425618258728,989.0,677
Sanger,98,0.2,0.5,GoCo-dense-learned (tie-level path),adapt_131.687_to_131.608_q0.75,0.2658560444319389,0.19746624249456124,0.3828999070060529,0.1951958537535598,358,1210.0,16064.0,949,0.9246762948207171,0.19842695343534464,926.0,214
Sanger,99,0.05,0.1,GoCo-learned (paper path),adapt_575_to_550_q0.6,0.07026690131296888,0.046815267460820285,0.20422409001429076,0.045379276788915526,118,236.0,775.0,287,0.6954838709677419,0.04699538184240177,218.0,23
Sanger,99,0.05,0.1,GoCo-dense-learned (tie-level path),global_580.625,0.0716735626038668,0.0468316086577531,0.20461542389725948,0.04576108237063097,113,224.0,745.0,287,0.6993288590604027,0.04730253269998117,208.0,0
Sanger,99,0.05,0.5,GoCo-learned (paper path),adapt_575_to_550_q0.75,0.44962510436031994,0.04971810429954657,0.21042613781321018,0.046953247185517,122,242.0,800.0,296,0.6975,0.04849158690664563,224.0,44
Sanger,99,0.05,0.5,GoCo-dense-learned (tie-level path),global_564.036,0.3903479986911752,0.04938223327402037,0.20970592118836703,0.04760274326747903,123,243.0,803.0,300,0.6973848069738481,0.04914108298860766,225.0,0
Sanger,99,0.2,0.1,GoCo-learned (paper path),adapt_175_to_150_q0.75,9.735052588587999e-06,0.18320468713917704,0.37165915998666915,0.1730713091865766,348,1243.0,13245.0,866,0.9061532653831634,0.1768740291190975,937.0,592
Sanger,99,0.2,0.1,GoCo-dense-learned (tie-level path),adapt_151.026_to_150.41_q0.75,0.09576950498909942,0.1947313801765415,0.3812543381954646,0.18580286894640224,348,1254.0,13482.0,922,0.9069870939029817,0.1895230211209076,947.0,144
Sanger,99,0.2,0.5,GoCo-learned (paper path),adapt_150_to_125_q0.75,0.3457977413443839,0.19838977485988582,0.3836267015930166,0.1876811161653993,378,1458.0,16606.0,931,0.9122004094905456,0.19159670739798637,1098.0,719
Sanger,99,0.2,0.5,GoCo-dense-learned (tie-level path),adapt_137.57_to_137.33_q0.75,0.397532122375148,0.19894397976957146,0.384244413440247,0.19160120237247408,360,1339.0,14971.0,945,0.9105604168058246,0.19561017723660187,1011.0,48
