dataset,seed,alpha,delta,method,policy,p_selected,cal_mean,cal_sd,unit_fdp,unit_yield,go_yield,total_calls,genes_with_calls,term_fdp,unit_fdp_direct,go_yield_direct,n_relaxed_eval
Sanger,0,0.05,0.1,GoCo-knap (paper path),adapt_575_to_550_q0.75,0.07711259207783186,0.04692555645349791,0.2039377792313545,0.050064789718236,123,218.0,739.0,314,0.7050067658998647,0.051150393789719625,203.0,40
Sanger,0,0.05,0.1,GoCo-dense-knap (tie-level path),global_564.036,0.07711259207784299,0.04692555645349791,0.20393777923136558,0.05026635746873106,122,217.0,740.0,314,0.7067567567567568,0.051351961540214694,202.0,0
Sanger,0,0.05,0.5,GoCo-knap (paper path),adapt_550_to_525_q0.2,0.4355704806052565,0.049640418126665316,0.2095058440615884,0.052983679960316,123,231.0,901.0,327,0.7436182019977803,0.05409485258220425,214.0,31
Sanger,0,0.05,0.5,GoCo-dense-knap (tie-level path),adapt_528.952_to_526.433_q0.175,0.27570663754683883,0.04869241852344978,0.20747059984964084,0.05381849900071592,124,237.0,894.0,331,0.7348993288590604,0.0548664065551384,221.0,21
Sanger,0,0.2,0.1,GoCo-knap (paper path),adapt_150_to_125_q0.6,0.08494014154079527,0.19446406296741733,0.3811756210909762,0.19539475357545852,384,1358.0,16814.0,967,0.9192339716902581,0.1991756784188387,1041.0,543
Sanger,0,0.2,0.1,GoCo-dense-knap (tie-level path),adapt_137.57_to_137.33_q0.75,0.08496338766013961,0.19445975158535414,0.3815140207274465,0.19478778077867237,371,1268.0,15152.0,958,0.9163146779303062,0.19820865287559164,978.0,8
Sanger,0,0.2,0.5,GoCo-knap (paper path),adapt_150_to_125_q0.75,0.17440264987704118,0.19620775167971677,0.38253717943219406,0.19728157502272628,386,1377.0,17089.0,975,0.9194218503130669,0.2010509859507722,1057.0,662
Sanger,0,0.2,0.5,GoCo-dense-knap (tie-level path),adapt_131.687_to_131.608_q0.75,0.47497364849952034,0.19974375971952896,0.3857883778077655,0.20016552557269776,380,1331.0,16417.0,986,0.9189255040506792,0.2048775698376396,1020.0,230
Sanger,1,0.05,0.1,GoCo-knap (paper path),adapt_600_to_575_q0.75,0.08732470915230911,0.047067283843324904,0.20418873507966384,0.04256099637385045,101,196.0,605.0,266,0.6760330578512397,0.04386123277305355,181.0,18
Sanger,1,0.05,0.1,GoCo-dense-knap (tie-level path),adapt_592.237_to_584.926_q0.75,0.03587959083856829,0.04614310539454769,0.20243450212612027,0.041820670375631745,100,196.0,594.0,262,0.67003367003367,0.04300643620806072,182.0,2
Sanger,1,0.05,0.5,GoCo-knap (paper path),adapt_575_to_550_q0.75,0.35379527671440025,0.049174692793726334,0.2079456636416807,0.04394052513903226,109,213.0,648.0,278,0.6712962962962963,0.04543984081149769,193.0,29
Sanger,1,0.05,0.5,GoCo-dense-knap (tie-level path),global_564.036,0.49721501864695367,0.049984515157052344,0.20963578005899197,0.04416448930476574,107,211.0,647.0,277,0.6738794435857806,0.04566380497723117,191.0,0
Sanger,1,0.2,0.1,GoCo-knap (paper path),adapt_150_to_125_q0.6,0.06808634454615152,0.1940024038814292,0.38037166699020913,0.19702249956624907,375,1346.0,15986.0,973,0.9158013261603903,0.20079433295587942,1055.0,546
Sanger,1,0.2,0.1,GoCo-dense-knap (tie-level path),global_136.618,0.09498177664927437,0.19471523642499938,0.38106665578975446,0.1978501934353742,356,1246.0,14575.0,969,0.9145111492281304,0.20142196758930786,980.0,0
Sanger,1,0.2,0.5,GoCo-knap (paper path),adapt_150_to_125_q0.75,0.14869855193735854,0.1957912384676282,0.3817225839717868,0.19949215878497847,379,1364.0,16333.0,984,0.916488091593706,0.20330485323441924,1068.0,694
Sanger,1,0.2,0.5,GoCo-dense-knap (tie-level path),adapt_131.687_to_131.608_q0.75,0.29581735871264164,0.19782225872221892,0.3836509838932221,0.2015288586812751,368,1299.0,15661.0,990,0.9170551050379925,0.2064154743714402,1011.0,260
Sanger,2,0.05,0.1,GoCo-knap (paper path),adapt_575_to_550_q0.4,0.09754232546949271,0.04718785167601255,0.20512271312200975,0.0446243268444984,108,196.0,659.0,278,0.7025796661608498,0.04562283374561041,188.0,0
Sanger,2,0.05,0.1,GoCo-dense-knap (tie-level path),global_580.625,0.08129358428581956,0.04697326740581147,0.2048478610556079,0.0446243268444984,108,196.0,659.0,278,0.7025796661608498,0.04562283374561041,188.0,0
Sanger,2,0.05,0.5,GoCo-knap (paper path),adapt_550_to_525_q0.1,0.4624769189154626,0.049790439137123756,0.21025883535941992,0.048000635144958836,115,215.0,766.0,298,0.7193211488250653,0.04874718235962068,205.0,12
Sanger,2,0.05,0.5,GoCo-dense-knap (tie-level path),global_539.932,0.45422503558903105,0.04974438916379648,0.21007741207955768,0.04716195720440863,114,209.0,714.0,294,0.7072829131652661,0.04782451785692042,201.0,0
Sanger,2,0.2,0.1,GoCo-knap (paper path),adapt_150_to_125_q0.35,0.08646446821252518,0.194500622450905,0.38136336656039266,0.186012442351589,361,1240.0,14727.0,915,0.9158009098933931,0.1892550905133949,982.0,269
Sanger,2,0.2,0.1,GoCo-dense-knap (tie-level path),adapt_144.009_to_143.573_q0.05,0.0848467311387186,0.19446192053011113,0.38115628577702165,0.18573952322243842,359,1169.0,13081.0,918,0.9106337435975843,0.18904327416139646,928.0,0
Sanger,2,0.2,0.5,GoCo-knap (paper path),adapt_150_to_125_q0.75,0.2586212416493586,0.1973746137696027,0.3831417352652438,0.18998889313699951,381,1337.0,15793.0,938,0.9153422402330146,0.19360268066271155,1055.0,623
Sanger,2,0.2,0.5,GoCo-dense-knap (tie-level path),adapt_132.938_to_132.714_q0.35,0.4993719112557933,0.19999358091842045,0.3853329329672572,0.19115599963859908,371,1252.0,14433.0,938,0.913254347675466,0.19440143230180323,988.0,37
Sanger,3,0.05,0.1,GoCo-knap (paper path),adapt_575_to_550_q0.4,0.025028749094198405,0.045792185577559354,0.20295128324687225,0.04891186714305856,131,258.0,734.0,309,0.6485013623978202,0.05043714227695081,237.0,10
Sanger,3,0.05,0.1,GoCo-dense-knap (tie-level path),adapt_574.291_to_564.036_q0.6,0.08680146314392945,0.04704322033981758,0.2053644624189462,0.0498742020677479,137,272.0,767.0,318,0.6453715775749674,0.05134473040883512,250.0,31
Sanger,3,0.05,0.5,GoCo-knap (paper path),adapt_550_to_525_q0.2,0.38899223371119207,0.0493729230812244,0.21019788050311672,0.052425858451831515,139,280.0,888.0,330,0.6846846846846847,0.053922515940692896,257.0,25
Sanger,3,0.05,0.5,GoCo-dense-knap (tie-level path),adapt_528.952_to_526.433_q0.15,0.4343462518056185,0.049631441998818075,0.21069590389059858,0.05290012476759288,140,286.0,900.0,332,0.6822222222222222,0.054342409617956916,264.0,21
Sanger,3,0.2,0.1,GoCo-knap (paper path),adapt_150_to_125_q0.75,0.06905477335039463,0.1940228818372339,0.3809463121083669,0.20096321500762712,400,1480.0,16775.0,997,0.9117734724292101,0.20501019535513235,1137.0,663
Sanger,3,0.2,0.1,GoCo-dense-knap (tie-level path),adapt_131.687_to_131.608_q0.3,0.09419873909815824,0.1946882095323034,0.3816621140509045,0.20369792954051347,390,1403.0,15846.0,1006,0.9114603054398587,0.20790556262415175,1077.0,63
Sanger,3,0.2,0.5,GoCo-knap (paper path),adapt_150_to_125_q0.75,0.06905477335039463,0.1940228818372339,0.3809463121083669,0.20096321500762712,400,1480.0,16775.0,997,0.9117734724292101,0.20501019535513235,1137.0,663
Sanger,3,0.2,0.5,GoCo-dense-knap (tie-level path),adapt_127.62_to_127.363_q0.6,0.4043786580014374,0.19901410982419812,0.384976853109599,0.20807664028607717,397,1452.0,16368.0,1031,0.9112903225806451,0.21243076882130088,1114.0,3
Sanger,4,0.05,0.1,GoCo-knap (paper path),adapt_575_to_550_q0.4,0.056032855079752336,0.04656474144634675,0.20432256261498374,0.04494947889884402,122,229.0,665.0,291,0.6556390977443609,0.04603366905871324,218.0,2
Sanger,4,0.05,0.1,GoCo-dense-knap (tie-level path),adapt_580.625_to_574.291_q0.5,0.058649330260901016,0.04661112362948491,0.20449332675540255,0.04502413361630541,121,228.0,663.0,291,0.6561085972850679,0.04610832377617463,217.0,1
Sanger,4,0.05,0.5,GoCo-knap (paper path),adapt_550_to_525_q0.075,0.4845913636648895,0.04991364249174658,0.21125757874495862,0.04733265314297073,133,259.0,750.0,310,0.6546666666666666,0.04869973137557573,241.0,3
Sanger,4,0.05,0.5,GoCo-dense-knap (tie-level path),adapt_539.932_to_538.398_q0.3,0.46233190073143166,0.04978887712106649,0.21100812518044268,0.04725773180652439,133,256.0,738.0,310,0.6531165311653117,0.048562153396254026,240.0,0
Sanger,4,0.2,0.1,GoCo-knap (paper path),adapt_150_to_125_q0.75,0.04017106254942767,0.1929660937158692,0.38014958998089793,0.1945299570697953,392,1452.0,16404.0,967,0.9114850036576445,0.19825800466711016,1134.0,631
Sanger,4,0.2,0.1,GoCo-dense-knap (tie-level path),adapt_137.57_to_137.33_q0.75,0.08954079728612546,0.19457501608943437,0.38159848153763903,0.19550254445393703,381,1328.0,14698.0,968,0.9096475710981086,0.19923617219738035,1034.0,46
Sanger,4,0.2,0.5,GoCo-knap (paper path),adapt_150_to_125_q0.75,0.04017106254942767,0.1929660937158692,0.38014958998089793,0.1945299570697953,392,1452.0,16404.0,967,0.9114850036576445,0.19825800466711016,1134.0,631
Sanger,4,0.2,0.5,GoCo-dense-knap (tie-level path),adapt_131.687_to_131.608_q0.75,0.34472219218896794,0.19837317746040856,0.3847503889376997,0.1995146757344249,386,1385.0,15845.0,988,0.9125907226254338,0.20404432094577712,1076.0,235
Sanger,5,0.05,0.1,GoCo-knap (paper path),adapt_575_to_550_q0.75,0.07972442009706165,0.046969761689094704,0.20355387458374918,0.048483265003592006,121,231.0,727.0,310,0.6822558459422283,0.049820828768200466,212.0,43
Sanger,5,0.05,0.1,GoCo-dense-knap (tie-level path),global_564.036,0.09592691611957183,0.04718248000592861,0.20402938474265897,0.048483265003592006,120,230.0,727.0,309,0.6836313617606602,0.049820828768200466,211.0,0
Sanger,5,0.05,0.5,GoCo-knap (paper path),adapt_550_to_525_q0.175,0.42465011467531943,0.049579395072186845,0.20920359787496134,0.0516350547316894,122,241.0,906.0,323,0.7339955849889624,0.052920626813059826,221.0,35
Sanger,5,0.05,0.5,GoCo-dense-knap (tie-level path),adapt_528.952_to_526.433_q0.125,0.4976806313377749,0.049987076299971546,0.21008694247616025,0.051294341563244014,124,253.0,911.0,323,0.7222832052689352,0.0525472400937342,233.0,30
Sanger,5,0.2,0.1,GoCo-knap (paper path),adapt_150_to_125_q0.6,0.055310797968503515,0.19357911368896222,0.3803629995703344,0.1934953533855558,379,1299.0,16465.0,959,0.9211053750379593,0.19746299868601835,998.0,519
Sanger,5,0.2,0.1,GoCo-dense-knap (tie-level path),adapt_137.57_to_137.33_q0.75,0.08573648952516572,0.1944856832610536,0.3811036712111521,0.19346043995486661,363,1219.0,15095.0,954,0.919244783040742,0.197349666144119,941.0,78
Sanger,5,0.2,0.5,GoCo-knap (paper path),adapt_150_to_125_q0.75,0.14255095931505646,0.19568002565300524,0.38195033531818295,0.19466047096759714,382,1318.0,16767.0,964,0.9213932128585913,0.19862025157201196,1013.0,657
Sanger,5,0.2,0.5,GoCo-dense-knap (tie-level path),adapt_131.687_to_131.608_q0.75,0.38228447441826807,0.19878108365535468,0.38465479910670886,0.19784996046331135,376,1267.0,16238.0,979,0.9219731494026357,0.20335777495702997,968.0,249
Sanger,6,0.05,0.1,GoCo-knap (paper path),adapt_575_to_550_q0.275,0.07834015624152822,0.046944922737967416,0.20386072866812982,0.04374020165051485,110,212.0,651.0,279,0.674347158218126,0.045093318476255105,196.0,4
Sanger,6,0.05,0.1,GoCo-dense-knap (tie-level path),global_580.625,0.07523275380601427,0.04689827398219773,0.20386955849088903,0.04357347277484309,109,209.0,639.0,278,0.672926447574335,0.044907925924555316,194.0,0
Sanger,6,0.05,0.5,GoCo-knap (paper path),adapt_550_to_525_q0.05,0.43202837957136925,0.049620921420332996,0.20925140927559086,0.04581993728509008,113,230.0,703.0,290,0.6728307254623044,0.047322616511736845,208.0,2
Sanger,6,0.05,0.5,GoCo-dense-knap (tie-level path),global_539.932,0.4150393957148847,0.04952549140114609,0.20897179916172964,0.046027124645595184,113,225.0,694.0,291,0.6757925072046109,0.04749657841438943,205.0,0
Sanger,6,0.2,0.1,GoCo-knap (paper path),adapt_150_to_125_q0.75,0.0768553403173534,0.19426147595875423,0.38017946709818917,0.1976288614087516,376,1315.0,16369.0,974,0.9196652208442788,0.20147689942016045,1026.0,656
Sanger,6,0.2,0.1,GoCo-dense-knap (tie-level path),adapt_132.938_to_132.714_q0.4,0.09977250050492437,0.19483060897083973,0.3808361964921673,0.19766418490671497,359,1226.0,14874.0,968,0.9175742907086191,0.20133210455984177,957.0,34
Sanger,6,0.2,0.5,GoCo-knap (paper path),adapt_150_to_125_q0.75,0.0768553403173534,0.19426147595875423,0.38017946709818917,0.1976288614087516,376,1315.0,16369.0,974,0.9196652208442788,0.20147689942016045,1026.0,656
Sanger,6,0.2,0.5,GoCo-dense-knap (tie-level path),global_127.62,0.491570962669427,0.19991394667729795,0.3848945605680923,0.20623622995541585,371,1290.0,15989.0,1014,0.9193195321783726,0.21063289237850058,1002.0,0
Sanger,7,0.05,0.1,GoCo-knap (paper path),adapt_575_to_550_q0.4,0.09552615805671022,0.04716599338754271,0.204853165916746,0.0424378322627216,112,211.0,650.0,272,0.6753846153846154,0.04334613136521646,198.0,4
Sanger,7,0.05,0.1,GoCo-dense-knap (tie-level path),global_580.625,0.09240826206967617,0.047125564466876615,0.20486156778548031,0.04232585017985486,110,209.0,639.0,271,0.672926447574335,0.04323414928234972,196.0,0
Sanger,7,0.05,0.5,GoCo-knap (paper path),adapt_575_to_550_q0.6,0.2583242815283042,0.04857398606119431,0.2078139193847519,0.04347055592101739,113,214.0,667.0,277,0.679160419790105,0.044375744408616025,201.0,18
Sanger,7,0.05,0.5,GoCo-dense-knap (tie-level path),global_564.036,0.4373357089136707,0.04964962150055733,0.20994425471045483,0.04441867089284895,115,217.0,676.0,283,0.6789940828402367,0.045323859380447584,204.0,0
Sanger,7,0.2,0.1,GoCo-knap (paper path),adapt_150_to_125_q0.3,0.0833830680108999,0.1944273533061834,0.3809056281408073,0.18455810478793547,347,1174.0,14222.0,913,0.9174518351849248,0.1881119668617227,908.0,200
Sanger,7,0.2,0.1,GoCo-dense-knap (tie-level path),adapt_141.261_to_141.009_q0.5,0.09088311083910033,0.19461714282825396,0.38097499997072737,0.18387703289844154,350,1138.0,13591.0,910,0.9162681186079022,0.18730925299552628,886.0,77
Sanger,7,0.2,0.5,GoCo-knap (paper path),adapt_150_to_125_q0.75,0.43212666749522816,0.19930456168332336,0.3844433743482255,0.19017882943820846,367,1296.0,15647.0,947,0.9171726209497029,0.19399351999580794,1010.0,633
Sanger,7,0.2,0.5,GoCo-dense-knap (tie-level path),adapt_131.687_to_131.608_q0.4,0.4945597231551852,0.19994441994899226,0.38518458853346904,0.1893487403868027,352,1205.0,14894.0,932,0.9190949375587485,0.19268947955542157,937.0,119
Sanger,8,0.05,0.1,GoCo-knap (paper path),adapt_575_to_550_q0.5,0.027506614952706076,0.04591900558514121,0.20100971503398873,0.04711672807861149,113,201.0,664.0,296,0.697289156626506,0.04802813780267722,192.0,9
Sanger,8,0.05,0.1,GoCo-dense-knap (tie-level path),adapt_574.291_to_564.036_q0.5,0.037580896560693564,0.046204358647943235,0.20158928600474893,0.04720631373956516,114,204.0,673.0,297,0.6968796433878157,0.04793108666330276,195.0,5
Sanger,8,0.05,0.5,GoCo-knap (paper path),adapt_550_to_525_q0.15,0.49383951103590135,0.04996573563499991,0.209698182149419,0.0497584387276234,118,219.0,797.0,311,0.7252195734002509,0.05061119118035841,208.0,15
Sanger,8,0.05,0.5,GoCo-dense-knap (tie-level path),adapt_528.952_to_526.433_q0.125,0.3824807437001968,0.04934105368650552,0.2083022787332132,0.04865603733970497,120,227.0,757.0,307,0.7001321003963011,0.04944906601847086,216.0,3
Sanger,8,0.2,0.1,GoCo-knap (paper path),adapt_150_to_125_q0.175,0.07645920113924584,0.19423957293009844,0.38089567734391533,0.18756346366840673,334,1141.0,13679.0,929,0.9165874698442869,0.19080473393168454,906.0,79
Sanger,8,0.2,0.1,GoCo-dense-knap (tie-level path),adapt_144.009_to_143.573_q0.05,0.08689419338124038,0.19451743154963783,0.3809584349820303,0.1869478184091551,336,1129.0,13161.0,928,0.914216244966188,0.19017147222932215,897.0,1
Sanger,8,0.2,0.5,GoCo-knap (paper path),adapt_150_to_125_q0.6,0.44523481741799537,0.19943969912136342,0.38453002677166936,0.19306816488738024,356,1300.0,15532.0,962,0.9163018284831316,0.19663269191079283,1034.0,481
Sanger,8,0.2,0.5,GoCo-dense-knap (tie-level path),global_134.461,0.48212888375458335,0.19981749072183796,0.3849216713511408,0.1915218267402083,345,1210.0,14393.0,946,0.9159313555200445,0.19460859533653815,964.0,0
Sanger,9,0.05,0.1,GoCo-knap (paper path),adapt_575_to_550_q0.5,0.06472321667045658,0.04672247482537956,0.20428598328510622,0.050333013476476424,111,217.0,726.0,308,0.7011019283746557,0.05128486118084372,206.0,17
Sanger,9,0.05,0.1,GoCo-dense-knap (tie-level path),adapt_574.291_to_564.036_q0.5,0.06659863295377016,0.046755924619036944,0.20417731032419176,0.05053458122029684,112,219.0,730.0,310,0.7,0.05148642892466414,208.0,11
Sanger,9,0.05,0.5,GoCo-knap (paper path),adapt_550_to_525_q0.05,0.34714491916000345,0.04913002234728039,0.20919223200726228,0.05190554135390385,118,236.0,797.0,320,0.7038895859473023,0.05291861003684036,222.0,6
Sanger,9,0.05,0.5,GoCo-dense-knap (tie-level path),adapt_528.952_to_526.433_q0.1,0.44522710480961464,0.04969353929655839,0.2102917344776797,0.05250536333206386,119,243.0,824.0,323,0.7050970873786407,0.05344980711165361,229.0,8
Sanger,9,0.2,0.1,GoCo-knap (paper path),adapt_150_to_125_q0.75,0.06031039375331738,0.19375192920856288,0.3804346966988109,0.19447825882763237,379,1310.0,16093.0,957,0.9185981482632201,0.19795200383543035,1027.0,608
Sanger,9,0.2,0.1,GoCo-dense-knap (tie-level path),global_137.239,0.09296712047740896,0.19466360544796701,0.3812940473350034,0.19329555226533704,367,1212.0,14420.0,952,0.9159500693481276,0.19683365783125395,954.0,0
Sanger,9,0.2,0.5,GoCo-knap (paper path),adapt_150_to_125_q0.75,0.06031039375331738,0.19375192920856288,0.3804346966988109,0.19447825882763237,379,1310.0,16093.0,957,0.9185981482632201,0.19795200383543035,1027.0,608
Sanger,9,0.2,0.5,GoCo-dense-knap (tie-level path),global_130.521,0.4957616829991727,0.19995664917616582,0.38563831104474067,0.19922326026277873,373,1281.0,15665.0,979,0.9182253431216086,0.20317088006124784,1004.0,0
Sanger,10,0.05,0.1,GoCo-knap (paper path),adapt_575_to_550_q0.5,0.07410161014141814,0.04688139966168961,0.2038419878033574,0.048191562151455,97,169.0,654.0,286,0.7415902140672783,0.04992541806628429,153.0,11
Sanger,10,0.05,0.1,GoCo-dense-knap (tie-level path),adapt_574.291_to_564.036_q0.225,0.08298245180676778,0.047005836728024365,0.2042726665790541,0.04811832941859994,96,168.0,650.0,286,0.7415384615384616,0.04967363612582409,152.0,1
Sanger,10,0.05,0.5,GoCo-knap (paper path),adapt_550_to_525_q0.1,0.4370830318024564,0.04964878143508286,0.2095953914924143,0.05017737339752385,102,184.0,728.0,298,0.7472527472527473,0.051822696471000705,165.0,5
Sanger,10,0.05,0.5,GoCo-dense-knap (tie-level path),adapt_528.952_to_526.433_q0.075,0.4719283842046893,0.049843566628165484,0.20993631065050694,0.05116485178070133,104,192.0,756.0,303,0.746031746031746,0.05272058920323648,173.0,4
Sanger,10,0.2,0.1,GoCo-knap (paper path),adapt_150_to_125_q0.6,0.09950306502865625,0.1948288511926958,0.3805091083488626,0.19523826357298443,376,1247.0,16021.0,963,0.9221646588852132,0.19937230106964623,943.0,519
Sanger,10,0.2,0.1,GoCo-dense-knap (tie-level path),adapt_137.57_to_137.33_q0.05,0.08572459361733997,0.19449565761655477,0.38039319728693516,0.19491068804584452,361,1147.0,14387.0,953,0.9202752484882185,0.19853588720118212,870.0,2
Sanger,10,0.2,0.5,GoCo-knap (paper path),adapt_150_to_125_q0.75,0.23133247843419985,0.19702942434830137,0.3822464448284202,0.19746058504832417,377,1263.0,16337.0,972,0.9226908245087837,0.20149330076284933,955.0,659
Sanger,10,0.2,0.5,GoCo-dense-knap (tie-level path),adapt_131.687_to_131.608_q0.75,0.41936044583636106,0.1991725288818649,0.3842368557486052,0.19897858237833085,373,1209.0,15712.0,977,0.9230524439918534,0.2041170166995197,910.0,247
Sanger,11,0.05,0.1,GoCo-knap (paper path),adapt_575_to_550_q0.35,0.08636649749602793,0.04705930710259276,0.2038341697690585,0.04699812885561555,102,202.0,670.0,286,0.6985074626865672,0.04823847181118883,185.0,9
Sanger,11,0.05,0.1,GoCo-dense-knap (tie-level path),adapt_574.291_to_564.036_q0.4,0.09662805761442594,0.04719116757809449,0.20404248709181502,0.047394768444848356,104,206.0,679.0,289,0.6966126656848306,0.04856045668296024,189.0,3
Sanger,11,0.05,0.5,GoCo-knap (paper path),adapt_550_to_525_q0.1,0.4463440614069779,0.04970117126359194,0.2093501599139432,0.04947626024384515,108,220.0,766.0,300,0.7127937336814621,0.05063690353948352,201.0,9
Sanger,11,0.05,0.5,GoCo-dense-knap (tie-level path),adapt_528.952_to_526.433_q0.075,0.4276735961894481,0.049596960159611715,0.20894661699954847,0.050280834555892905,109,227.0,760.0,304,0.7013157894736842,0.051400417760264834,208.0,3
Sanger,11,0.2,0.1,GoCo-knap (paper path),adapt_150_to_125_q0.2,0.09955667312941113,0.19482326723278182,0.3810109205316014,0.1866635082917411,353,1287.0,14697.0,922,0.9124311083894673,0.19029797184106884,968.0,187
Sanger,11,0.2,0.1,GoCo-dense-knap (tie-level path),adapt_144.009_to_143.573_q0.05,0.09202499973501688,0.1946482728220826,0.38075307252365514,0.18540635166683497,349,1218.0,13410.0,919,0.90917225950783,0.1889789355161609,925.0,0
Sanger,11,0.2,0.5,GoCo-knap (paper path),adapt_150_to_125_q0.6,0.2924580408612791,0.19778848190212592,0.38264745789443877,0.1891269128440075,367,1386.0,16028.0,940,0.9135263289243823,0.19301999203301756,1045.0,533
Sanger,11,0.2,0.5,GoCo-dense-knap (tie-level path),global_134.461,0.4892698488035478,0.19989057321500148,0.38445883713476686,0.19039630811465413,353,1286.0,14717.0,938,0.912618060746076,0.19399058349255352,970.0,0
Sanger,12,0.05,0.1,GoCo-knap (paper path),adapt_575_to_550_q0.5,0.07985263323401998,0.04696107006632209,0.20426318827179832,0.046646225562554856,97,193.0,668.0,280,0.7110778443113772,0.04817167037278247,176.0,15
Sanger,12,0.05,0.1,GoCo-dense-knap (tie-level path),adapt_574.291_to_564.036_q0.5,0.09986401408019824,0.04722230309062457,0.20472010314301917,0.04687844700735867,99,196.0,678.0,283,0.7109144542772862,0.048326126485228674,179.0,11
Sanger,12,0.05,0.5,GoCo-knap (paper path),adapt_550_to_525_q0.1,0.3825660698914801,0.049338688218921914,0.20920653582167933,0.049820067844492326,105,207.0,756.0,301,0.7261904761904762,0.05128403229916349,189.0,8
Sanger,12,0.05,0.5,GoCo-dense-knap (tie-level path),adapt_528.952_to_526.433_q0.125,0.4409674697582507,0.049670205369384844,0.2098661500094606,0.05028890472109881,108,218.0,776.0,304,0.7190721649484536,0.05169883587993139,200.0,7
Sanger,12,0.2,0.1,GoCo-knap (paper path),adapt_150_to_125_q0.35,0.09863838707314337,0.19479930538482268,0.38121081529031525,0.19000949168125164,357,1268.0,15496.0,936,0.9181724315952504,0.19353922221054556,966.0,247
Sanger,12,0.2,0.1,GoCo-dense-knap (tie-level path),adapt_144.009_to_143.573_q0.6,0.06485273690801995,0.19389803603998867,0.38058843853920493,0.18895651585644596,343,1185.0,14214.0,928,0.9166314900802026,0.19220543601544948,913.0,74
Sanger,12,0.2,0.5,GoCo-knap (paper path),adapt_150_to_125_q0.75,0.42219514191374574,0.19920178833286217,0.38433887392119576,0.1940980904113005,370,1345.0,16753.0,953,0.919715871784158,0.19733422199662562,1034.0,652
Sanger,12,0.2,0.5,GoCo-dense-knap (tie-level path),adapt_131.687_to_131.608_q0.3,0.4826365625420406,0.1998225800773113,0.38513582436529287,0.19510991982489925,355,1267.0,15920.0,951,0.9204145728643216,0.19814468478035152,974.0,88
Sanger,13,0.05,0.1,GoCo-knap (paper path),adapt_575_to_550_q0.5,0.09758156349243408,0.047189382399964966,0.20504708705075742,0.04529360160648756,118,232.0,697.0,290,0.667144906743185,0.046443114639129514,220.0,9
Sanger,13,0.05,0.1,GoCo-dense-knap (tie-level path),global_580.625,0.06029011266380665,0.0466432809876424,0.20436274039936955,0.044677700150720485,117,231.0,677.0,287,0.6587887740029542,0.045827213183362435,219.0,0
Sanger,13,0.05,0.5,GoCo-knap (paper path),adapt_550_to_525_q0.1,0.456672007375248,0.0497578558396503,0.21029714094465965,0.046622790658193636,121,247.0,768.0,298,0.6783854166666666,0.04798238973267802,231.0,5
Sanger,13,0.05,0.5,GoCo-dense-knap (tie-level path),adapt_528.952_to_526.433_q0.1,0.499791921138471,0.0499988374351601,0.21065589867547088,0.047552241947322514,121,252.0,762.0,302,0.6692913385826772,0.0488446517827663,236.0,2
Sanger,13,0.2,0.1,GoCo-knap (paper path),adapt_150_to_125_q0.4,0.04989262792426217,0.19337801310783057,0.38024226722796606,0.19695120395097593,381,1268.0,16205.0,968,0.9217525455106449,0.20033053744747017,988.0,360
Sanger,13,0.2,0.1,GoCo-dense-knap (tie-level path),adapt_137.57_to_137.33_q0.75,0.08707079866122197,0.19452487196034238,0.3807537125330045,0.19807598346892288,377,1241.0,15290.0,973,0.9188358404185742,0.201616593531238,971.0,56
Sanger,13,0.2,0.5,GoCo-knap (paper path),adapt_150_to_125_q0.75,0.1868843843957977,0.19640384850864234,0.3821180911724744,0.2006202742807809,392,1349.0,17087.0,989,0.9210510914730496,0.20430916802413251,1054.0,675
Sanger,13,0.2,0.5,GoCo-dense-knap (tie-level path),adapt_131.687_to_131.608_q0.75,0.3011510602716219,0.1978851255167908,0.3835693309555476,0.20139971028717207,383,1287.0,16386.0,986,0.9214573416331014,0.20485799396692173,1007.0,246
Sanger,14,0.05,0.1,GoCo-knap (paper path),adapt_600_to_575_q0.6,0.09884178592881382,0.04719896659094872,0.20550213839557716,0.04194909427627871,98,179.0,609.0,257,0.7060755336617406,0.04303780896265857,165.0,24
Sanger,14,0.05,0.1,GoCo-dense-knap (tie-level path),adapt_592.237_to_584.926_q0.6,0.09422987577727038,0.04714298808669436,0.2053105994591723,0.04194909427627871,98,179.0,609.0,257,0.7060755336617406,0.04303780896265857,165.0,18
Sanger,14,0.05,0.5,GoCo-knap (paper path),adapt_575_to_550_q0.5,0.21214463537229272,0.048247008591529986,0.20735107709798442,0.04268177706009864,100,185.0,629.0,260,0.7058823529411765,0.043665975132020564,170.0,10
Sanger,14,0.05,0.5,GoCo-dense-knap (tie-level path),global_564.036,0.4852792782813431,0.04991774479877346,0.21062993814745293,0.04367513733040979,104,191.0,653.0,268,0.7075038284839203,0.04461889742203015,176.0,0
Sanger,14,0.2,0.1,GoCo-knap (paper path),adapt_150_to_125_q0.6,0.08761164353647682,0.19453737461514875,0.3808386443348446,0.19337829589376523,348,1143.0,15262.0,949,0.9251081116498493,0.19702381092183133,880.0,489
Sanger,14,0.2,0.1,GoCo-dense-knap (tie-level path),adapt_137.57_to_137.33_q0.75,0.08235217132599165,0.19440134219154614,0.3808237147361663,0.19414417071211645,337,1039.0,13937.0,947,0.9254502403673674,0.19731543699544327,809.0,63
Sanger,14,0.2,0.5,GoCo-knap (paper path),adapt_150_to_125_q0.75,0.1505511053034405,0.1958228569249241,0.38177076216371303,0.1949504367348061,350,1155.0,15593.0,956,0.9259283011607773,0.19862710911976664,889.0,629
Sanger,14,0.2,0.5,GoCo-dense-knap (tie-level path),adapt_131.687_to_131.608_q0.75,0.3947945347714208,0.19891437297070502,0.38450069423896327,0.19812904110747784,347,1094.0,14978.0,970,0.9269595406596342,0.2028025727589747,841.0,241
Sanger,15,0.05,0.1,GoCo-knap (paper path),adapt_550_to_525_q0.1,0.09244878016348718,0.04714206102993581,0.2037234373082846,0.05187734819673344,111,213.0,761.0,314,0.7201051248357424,0.052796675850536094,198.0,3
Sanger,15,0.05,0.1,GoCo-dense-knap (tie-level path),global_539.932,0.07968136090045014,0.04697200325949545,0.20336131596968893,0.05213863971452296,111,213.0,746.0,315,0.7144772117962467,0.053057967368325624,198.0,0
Sanger,15,0.05,0.5,GoCo-knap (paper path),adapt_550_to_525_q0.2,0.39316421253240175,0.049401484313056014,0.2086652698574476,0.05431679999174223,112,220.0,874.0,324,0.7482837528604119,0.05524133583666362,204.0,32
Sanger,15,0.05,0.5,GoCo-dense-knap (tie-level path),adapt_528.952_to_526.433_q0.15,0.3459837862618348,0.04912809373129391,0.20799105936188625,0.05483026935699138,114,224.0,874.0,328,0.7437070938215103,0.05597193408986889,207.0,26
Sanger,15,0.2,0.1,GoCo-knap (paper path),adapt_150_to_125_q0.35,0.07743777437923395,0.19426490752167408,0.3810277541220595,0.18784672016526122,374,1312.0,15338.0,927,0.9144608162733081,0.19114687721780005,1020.0,289
Sanger,15,0.2,0.1,GoCo-dense-knap (tie-level path),adapt_141.261_to_141.009_q0.6,0.0849548871887959,0.194467519833283,0.3809639126547857,0.18939150356231851,371,1243.0,14298.0,933,0.9130647643026997,0.19264522059366926,968.0,91
Sanger,15,0.2,0.5,GoCo-knap (paper path),adapt_150_to_125_q0.75,0.2525880060114162,0.19729954818412962,0.38299822333560946,0.19105482318700362,393,1420.0,16452.0,948,0.9136883053732069,0.19492242266189344,1100.0,659
Sanger,15,0.2,0.5,GoCo-dense-knap (tie-level path),adapt_131.687_to_131.608_q0.75,0.44944541620366263,0.19948247472133757,0.38493562069137915,0.19460754495652233,380,1333.0,15815.0,955,0.9157129307619348,0.19797983281022358,1029.0,244
Sanger,16,0.05,0.1,GoCo-knap (paper path),adapt_550_to_525_q0.05,0.0903160578244177,0.047105111732271505,0.20435572011917147,0.04962278740670353,115,238.0,754.0,306,0.6843501326259946,0.050532139355498225,221.0,3
Sanger,16,0.05,0.1,GoCo-dense-knap (tie-level path),global_548.368,0.08859260786418305,0.0470835442600152,0.20425169841121416,0.0496028111202586,115,231.0,743.0,306,0.6890982503364738,0.05049493505733144,215.0,0
Sanger,16,0.05,0.5,GoCo-knap (paper path),adapt_550_to_525_q0.2,0.4474022765305649,0.049706457085170075,0.20980943533310153,0.052368400628863096,115,242.0,874.0,318,0.7231121281464531,0.05327135360187539,224.0,30
Sanger,16,0.05,0.5,GoCo-dense-knap (tie-level path),adapt_528.952_to_526.433_q0.175,0.4938091441805451,0.04996546811811656,0.21029868073038321,0.05269077330460607,117,250.0,897.0,320,0.7212931995540691,0.053585582127229366,232.0,26
Sanger,16,0.2,0.1,GoCo-knap (paper path),adapt_150_to_125_q0.75,0.04635540266314256,0.19323981266703993,0.3800109004466467,0.20511154606854928,390,1403.0,16830.0,1013,0.9166369578134284,0.20944131491632773,1063.0,691
Sanger,16,0.2,0.1,GoCo-dense-knap (tie-level path),adapt_131.687_to_131.608_q0.75,0.041745738852132695,0.19303993060450836,0.38005523251674306,0.20576736968415316,383,1328.0,16011.0,1015,0.9170570232964836,0.2111197078815366,1003.0,160
Sanger,16,0.2,0.5,GoCo-knap (paper path),adapt_125_to_100_q0.3,0.45230355348870294,0.19951182743471885,0.3849755714933592,0.21346106242225793,403,1542.0,19267.0,1049,0.9199667825816162,0.21792804112893605,1156.0,207
Sanger,16,0.2,0.5,GoCo-dense-knap (tie-level path),global_124.474,0.45187912471446173,0.19950741687952217,0.3850110520034175,0.2128842077757183,395,1427.0,17103.0,1049,0.9165643454364731,0.21718475725856368,1085.0,0
Sanger,17,0.05,0.1,GoCo-knap (paper path),adapt_575_to_550_q0.5,0.08898017233220912,0.04708731251043479,0.20435287024012094,0.047779110981795984,101,188.0,675.0,287,0.7214814814814815,0.048622087218192764,176.0,12
Sanger,17,0.05,0.1,GoCo-dense-knap (tie-level path),global_580.625,0.05740836251052699,0.046601188061713,0.2037019428113126,0.0466368937312155,99,182.0,653.0,281,0.7212863705972435,0.04747986996093763,171.0,0
Sanger,17,0.05,0.5,GoCo-knap (paper path),adapt_550_to_525_q0.125,0.3820855028013738,0.04933628844797104,0.20908400354203324,0.05095593601231612,105,200.0,763.0,303,0.7378768020969856,0.05189889625699363,185.0,8
Sanger,17,0.05,0.5,GoCo-dense-knap (tie-level path),adapt_528.952_to_526.433_q0.075,0.4372232621715359,0.04964936024476422,0.2097213219462697,0.05078609652174814,107,205.0,749.0,304,0.7263017356475301,0.05161520832396568,191.0,2
Sanger,17,0.2,0.1,GoCo-knap (paper path),adapt_150_to_125_q0.275,0.0708415847408841,0.19407761618461622,0.3808780923134801,0.18971833210909889,358,1227.0,14820.0,939,0.9172064777327935,0.19362979378104878,945.0,171
Sanger,17,0.2,0.1,GoCo-dense-knap (tie-level path),adapt_141.261_to_141.009_q0.6,0.09879002878201026,0.1948028355403113,0.38120995313423783,0.19083135040583296,363,1196.0,14444.0,943,0.9171974522292994,0.19490359042085967,918.0,82
Sanger,17,0.2,0.5,GoCo-knap (paper path),adapt_150_to_125_q0.4,0.17571382161791993,0.19622739504203635,0.3826325703984812,0.19087693352181326,365,1266.0,15470.0,943,0.918164188752424,0.19485152767927355,971.0,297
Sanger,17,0.2,0.5,GoCo-dense-knap (tie-level path),adapt_131.687_to_131.608_q0.175,0.4102805631669184,0.1990771525465636,0.38451790245923745,0.19492046908461902,364,1265.0,15497.0,959,0.9183712976705168,0.1989725654329458,971.0,20
Sanger,18,0.05,0.1,GoCo-knap (paper path),adapt_575_to_550_q0.6,0.039014350273107665,0.046219734535909156,0.20273630150780247,0.047378997239393726,119,236.0,755.0,295,0.6874172185430464,0.049303222683749565,211.0,7
Sanger,18,0.05,0.1,GoCo-dense-knap (tie-level path),adapt_574.291_to_564.036_q0.5,0.05342942399325858,0.046528100980753544,0.20349265583231732,0.04769503556000025,119,234.0,758.0,297,0.6912928759894459,0.04962734859707908,210.0,3
Sanger,18,0.05,0.5,GoCo-knap (paper path),adapt_550_to_525_q0.1,0.34566248560496315,0.049122903704563174,0.20877000390459902,0.049580778306702614,125,252.0,839.0,309,0.699642431466031,0.05165244681971337,224.0,8
Sanger,18,0.05,0.5,GoCo-dense-knap (tie-level path),adapt_528.952_to_526.433_q0.15,0.45259670020346665,0.0497354200194088,0.20994571216512492,0.050369757887764446,127,267.0,877.0,314,0.6955530216647663,0.052532630484688855,238.0,10
Sanger,18,0.2,0.1,GoCo-knap (paper path),adapt_150_to_125_q0.5,0.08739851567866191,0.1945223014366317,0.3815123261670036,0.1928857702524104,389,1420.0,16311.0,964,0.9129421862546747,0.1972846544436351,1085.0,377
Sanger,18,0.2,0.1,GoCo-dense-knap (tie-level path),global_141.69,0.09507808172462923,0.19470927524983056,0.38166237647266954,0.19095829840736986,373,1311.0,14558.0,951,0.9099464212117049,0.1951557003871057,1010.0,0
Sanger,18,0.2,0.5,GoCo-knap (paper path),adapt_150_to_125_q0.75,0.17427311675847962,0.19620553394249882,0.38255521525614333,0.19420101612572707,394,1476.0,17012.0,970,0.9132377145544321,0.1985006658888077,1133.0,656
Sanger,18,0.2,0.5,GoCo-dense-knap (tie-level path),adapt_131.687_to_131.608_q0.5,0.42979378403396223,0.1992792093211287,0.3850859321484857,0.19505407441102912,379,1401.0,16281.0,965,0.913948774645292,0.1989459983645735,1078.0,133
Sanger,19,0.05,0.1,GoCo-knap (paper path),adapt_575_to_550_q0.4,0.021090513440734544,0.04565986870644982,0.20188836658241574,0.04796137678596501,123,249.0,739.0,305,0.6630581867388363,0.048948685479457806,236.0,10
Sanger,19,0.05,0.1,GoCo-dense-knap (tie-level path),adapt_574.291_to_564.036_q0.75,0.05205544236220799,0.0464987869783602,0.2035985614167476,0.049357420075914225,126,257.0,768.0,313,0.6653645833333334,0.050512701893707136,242.0,24
Sanger,19,0.05,0.5,GoCo-knap (paper path),adapt_550_to_525_q0.15,0.4089100538923153,0.04948811770232867,0.2100182194946899,0.050150731532998205,128,263.0,828.0,318,0.6823671497584541,0.05123882409840121,248.0,9
Sanger,19,0.05,0.5,GoCo-dense-knap (tie-level path),adapt_528.952_to_526.433_q0.125,0.3597735523096728,0.04920463061291329,0.20934914439639937,0.05054694973474654,130,269.0,835.0,321,0.6778443113772455,0.05185349873305702,253.0,4
Sanger,19,0.2,0.1,GoCo-knap (paper path),adapt_150_to_125_q0.75,0.01962320085494926,0.19171751507937881,0.3796923617375292,0.2025714025452049,408,1479.0,15988.0,1011,0.9074931198398799,0.20678033465300535,1159.0,649
Sanger,19,0.2,0.1,GoCo-dense-knap (tie-level path),adapt_131.687_to_131.608_q0.75,0.09601940988901037,0.19472152785307562,0.3823972197198173,0.20445859480945422,401,1420.0,15398.0,1017,0.907780231198857,0.20944329377384763,1110.0,237
Sanger,19,0.2,0.5,GoCo-knap (paper path),adapt_150_to_125_q0.75,0.01962320085494926,0.19171751507937881,0.3796923617375292,0.2025714025452049,408,1479.0,15988.0,1011,0.9074931198398799,0.20678033465300535,1159.0,649
Sanger,19,0.2,0.5,GoCo-dense-knap (tie-level path),global_127.07,0.49976037884799085,0.19999754396498712,0.3864504335867959,0.2094662120334245,407,1456.0,15650.0,1043,0.906964856230032,0.21392053138435488,1144.0,0
Sanger,20,0.05,0.1,GoCo-knap (paper path),adapt_575_to_550_q0.75,0.08085850463945221,0.046974580034286624,0.20433508728912161,0.050804897588818496,124,223.0,743.0,318,0.6998654104979811,0.052025954724025616,208.0,41
Sanger,20,0.05,0.1,GoCo-dense-knap (tie-level path),global_564.036,0.0925856919079513,0.047131319846866165,0.20461658751612524,0.05102886175455198,123,222.0,744.0,318,0.7016129032258065,0.0522499188897591,207.0,0
Sanger,20,0.05,0.5,GoCo-knap (paper path),adapt_550_to_525_q0.2,0.41191560293773444,0.049506100457690515,0.20967596165919808,0.05362398156193309,126,234.0,879.0,331,0.7337883959044369,0.0548653773371076,217.0,27
Sanger,20,0.05,0.5,GoCo-dense-knap (tie-level path),adapt_528.952_to_526.433_q0.225,0.4606853936582854,0.049780584349594356,0.21008416641266672,0.05470274228598476,126,241.0,901.0,336,0.732519422863485,0.05591427618084936,224.0,27
Sanger,20,0.2,0.1,GoCo-knap (paper path),adapt_150_to_125_q0.6,0.0585525280153688,0.1936891490515977,0.3806114582488199,0.1941974020151115,398,1454.0,16691.0,966,0.9128871847103229,0.19804241192701283,1134.0,554
Sanger,20,0.2,0.1,GoCo-dense-knap (tie-level path),adapt_137.57_to_137.33_q0.75,0.055956016769870706,0.1936010652865282,0.38043326031667973,0.19317401378579263,380,1338.0,15215.0,957,0.9120604666447585,0.1971020776040076,1048.0,59
Sanger,20,0.2,0.5,GoCo-knap (paper path),adapt_150_to_125_q0.75,0.11129263747367907,0.19507572680471513,0.3815660442625395,0.19584850303803686,398,1470.0,16981.0,972,0.9134326600318002,0.19964850410101528,1147.0,692
Sanger,20,0.2,0.5,GoCo-dense-knap (tie-level path),adapt_131.687_to_131.608_q0.75,0.3359750531473028,0.19827779540621107,0.3843556344413168,0.1983824782081841,389,1405.0,16280.0,983,0.9136977886977887,0.20306250878838114,1093.0,224
Sanger,21,0.05,0.1,GoCo-knap (paper path),adapt_575_to_550_q0.3,0.08137983366131768,0.046976688310030164,0.20470032248055922,0.04498000329846364,121,232.0,723.0,292,0.6791147994467497,0.04681215458794644,214.0,0
Sanger,21,0.05,0.1,GoCo-dense-knap (tie-level path),global_580.625,0.08561839531906767,0.04703328879929635,0.2049213315116707,0.04498000329846364,121,232.0,723.0,292,0.6791147994467497,0.04681215458794644,214.0,0
Sanger,21,0.05,0.5,GoCo-knap (paper path),adapt_575_to_550_q0.75,0.4075555345718079,0.04948164157292472,0.20950297865562878,0.04606000828449296,123,247.0,756.0,297,0.6732804232804233,0.04761780347896183,226.0,29
Sanger,21,0.05,0.5,GoCo-dense-knap (tie-level path),global_564.036,0.4673074637617782,0.04981751259845092,0.21022373172970013,0.04603761186925454,123,247.0,755.0,297,0.6728476821192053,0.047595407063723415,226.0,0
Sanger,21,0.2,0.1,GoCo-knap (paper path),adapt_150_to_125_q0.4,0.09589876105045048,0.19473723689176767,0.38105221946781037,0.188699030879497,386,1331.0,15105.0,944,0.9118834822906322,0.19285299843729944,1013.0,314
Sanger,21,0.2,0.1,GoCo-dense-knap (tie-level path),adapt_141.261_to_141.009_q0.075,0.09981434190664557,0.19482798839177298,0.38110019191441474,0.18801012249102383,377,1237.0,13725.0,934,0.9098724954462659,0.19187120094745183,940.0,1
Sanger,21,0.2,0.5,GoCo-knap (paper path),adapt_150_to_125_q0.75,0.14289463954324422,0.19569055975130786,0.3815629932271009,0.19077188500765324,393,1388.0,16031.0,949,0.9134177531033623,0.1946425430918861,1057.0,635
Sanger,21,0.2,0.5,GoCo-dense-knap (tie-level path),adapt_131.687_to_131.608_q0.6,0.47209354682913285,0.19971474857506227,0.3850817720124853,0.19389960616660146,381,1321.0,15299.0,955,0.913654487221387,0.19752004255706493,1005.0,125
Sanger,22,0.05,0.1,GoCo-knap (paper path),adapt_575_to_550_q0.5,0.0713384567261896,0.04683475090758821,0.20407011414862095,0.049134538555465644,118,204.0,676.0,305,0.6982248520710059,0.050720951384953396,189.0,27
Sanger,22,0.05,0.1,GoCo-dense-knap (tie-level path),adapt_574.291_to_564.036_q0.6,0.05921655948300483,0.0466361120393257,0.20361327497335943,0.04902255646592425,118,205.0,679.0,304,0.6980854197349042,0.05047832353651724,189.0,14
Sanger,22,0.05,0.5,GoCo-knap (paper path),adapt_550_to_525_q0.1,0.38691920390934387,0.04936314276947176,0.2094563474717396,0.05192749339415539,124,220.0,809.0,320,0.7280593325092707,0.05354046608005365,201.0,17
Sanger,22,0.05,0.5,GoCo-dense-knap (tie-level path),adapt_528.952_to_526.433_q0.1,0.3519538107637066,0.04915947770550547,0.20901709770649252,0.05175463901655404,127,232.0,808.0,321,0.7128712871287128,0.05347442540182645,212.0,10
Sanger,22,0.2,0.1,GoCo-knap (paper path),adapt_150_to_125_q0.35,0.09717731717009348,0.19475503965705113,0.3819507778649773,0.195926238301086,372,1320.0,15562.0,968,0.9151779976866726,0.19978514910411727,1011.0,277
Sanger,22,0.2,0.1,GoCo-dense-knap (tie-level path),adapt_141.261_to_141.009_q0.6,0.0767967997121422,0.19424507755117196,0.3811573770775475,0.19693473948276324,372,1251.0,14542.0,974,0.9139733186631825,0.20077115256602127,964.0,100
Sanger,22,0.2,0.5,GoCo-knap (paper path),adapt_150_to_125_q0.75,0.44443484430264446,0.19943066334049103,0.38506988333682646,0.19867006665781925,386,1417.0,16791.0,983,0.9156095527365851,0.2028422322011608,1089.0,709
Sanger,22,0.2,0.5,GoCo-dense-knap (tie-level path),adapt_131.687_to_131.608_q0.75,0.45213848155861014,0.19950954325286946,0.3854365001828917,0.20204557645627927,376,1340.0,16061.0,993,0.9165680841790673,0.20585081352031512,1031.0,248
Sanger,23,0.05,0.1,GoCo-knap (paper path),adapt_575_to_550_q0.4,0.07973247501193409,0.046961902068953745,0.20408971817565608,0.047810128257763214,108,208.0,733.0,292,0.7162346521145976,0.04892372784996353,196.0,12
Sanger,23,0.05,0.1,GoCo-dense-knap (tie-level path),adapt_574.291_to_564.036_q0.225,0.09266603718826372,0.04713187316508503,0.2046519271486619,0.047176532672607616,107,207.0,727.0,289,0.7152682255845942,0.04829013226480794,195.0,0
Sanger,23,0.05,0.5,GoCo-knap (paper path),adapt_550_to_525_q0.125,0.46216388543090076,0.04978901745256852,0.20992868647002458,0.05100587553366568,120,236.0,902.0,314,0.738359201773836,0.05219226347705952,222.0,22
Sanger,23,0.05,0.5,GoCo-dense-knap (tie-level path),adapt_528.952_to_526.433_q0.125,0.4623629792066188,0.04979013032006726,0.20992932835068026,0.050526388618607004,121,243.0,898.0,313,0.7293986636971047,0.05182475865821689,229.0,16
Sanger,23,0.2,0.1,GoCo-knap (paper path),adapt_150_to_125_q0.75,0.05202365423941631,0.1934698184879569,0.3796659494406586,0.1992966332667886,370,1371.0,17210.0,981,0.920337013364323,0.20285046548485622,1065.0,668
Sanger,23,0.2,0.1,GoCo-dense-knap (tie-level path),adapt_135.214_to_134.983_q0.75,0.09990217800808032,0.19483221677643697,0.3809374250215907,0.19953595051439718,354,1279.0,15724.0,977,0.9186593742050368,0.20280351168898425,998.0,60
Sanger,23,0.2,0.5,GoCo-knap (paper path),adapt_150_to_125_q0.75,0.05202365423941631,0.1934698184879569,0.3796659494406586,0.1992966332667886,370,1371.0,17210.0,981,0.920337013364323,0.20285046548485622,1065.0,668
Sanger,23,0.2,0.5,GoCo-dense-knap (tie-level path),adapt_131.687_to_131.608_q0.75,0.2384176117996254,0.19711768302517624,0.38291385214934603,0.20140166829641562,361,1312.0,16514.0,989,0.9205522586895967,0.20576080736628038,1019.0,198
Sanger,24,0.05,0.1,GoCo-knap (paper path),adapt_575_to_550_q0.5,0.03608644760599996,0.04613763272622162,0.20301679617141474,0.04729376643195264,127,228.0,706.0,306,0.6770538243626062,0.04888951110279173,212.0,2
Sanger,24,0.05,0.1,GoCo-dense-knap (tie-level path),adapt_574.291_to_564.036_q0.5,0.0694788185403021,0.04680052969689814,0.20435417103315082,0.047859898076078794,127,233.0,720.0,308,0.6763888888888889,0.04941520477996561,215.0,2
Sanger,24,0.05,0.5,GoCo-knap (paper path),adapt_550_to_525_q0.125,0.4028267911427567,0.04945418947662839,0.20966011497480813,0.04976052993289033,131,247.0,808.0,318,0.6943069306930693,0.05130270409824333,227.0,8
Sanger,24,0.05,0.5,GoCo-dense-knap (tie-level path),adapt_528.952_to_526.433_q0.075,0.41731396524472314,0.049536650127031,0.20975662367155762,0.05049202643743688,131,253.0,791.0,322,0.6801517067003793,0.051985848023402864,233.0,1
Sanger,24,0.2,0.1,GoCo-knap (paper path),adapt_150_to_125_q0.6,0.09262501722107058,0.19465796842477112,0.38110344876593094,0.1919535003610848,384,1361.0,15748.0,954,0.9135763271526544,0.1958122436570427,1068.0,454
Sanger,24,0.2,0.1,GoCo-dense-knap (tie-level path),adapt_141.261_to_141.009_q0.75,0.09803217571819822,0.19478277542094077,0.3813880808614305,0.19267492959106888,374,1255.0,14280.0,954,0.9121148459383753,0.1964321961061151,987.0,128
Sanger,24,0.2,0.5,GoCo-knap (paper path),adapt_150_to_125_q0.75,0.24728338911657588,0.1972314231931843,0.38306274356071474,0.1943322516502218,388,1381.0,16077.0,964,0.9141008894694284,0.19817740689266436,1082.0,586
Sanger,24,0.2,0.5,GoCo-dense-knap (tie-level path),adapt_131.687_to_131.608_q0.6,0.49681567317973935,0.19996743404673079,0.3855901862028465,0.19736857475318673,383,1337.0,15606.0,976,0.9143278226323209,0.2020129973684153,1043.0,199
Sanger,25,0.05,0.1,GoCo-knap (paper path),adapt_575_to_550_q0.5,0.08131741921493252,0.04698397440729897,0.20414636966601507,0.047214223602984814,112,211.0,692.0,293,0.6950867052023122,0.04850326179790604,197.0,10
Sanger,25,0.05,0.1,GoCo-dense-knap (tie-level path),adapt_574.291_to_564.036_q0.4,0.09600905288486689,0.04717602995856161,0.20457206865349822,0.04767335014207099,111,208.0,691.0,294,0.6989869753979739,0.048730958702849915,196.0,5
Sanger,25,0.05,0.5,GoCo-knap (paper path),adapt_550_to_525_q0.1,0.3819207557559047,0.0493349556131743,0.20920263523497762,0.04950976742208338,117,228.0,783.0,305,0.7088122605363985,0.050772054344916266,211.0,9
Sanger,25,0.05,0.5,GoCo-dense-knap (tie-level path),adapt_528.952_to_526.433_q0.075,0.41919020470719953,0.04954792661079365,0.2094722274387908,0.049898173981257544,118,229.0,760.0,308,0.6986842105263158,0.05131095803331288,212.0,2
Sanger,25,0.2,0.1,GoCo-knap (paper path),adapt_150_to_125_q0.275,0.0689058333975574,0.1940206964531529,0.38079749879479313,0.1887914500738445,345,1184.0,14776.0,927,0.9198700595560368,0.19212363137710267,898.0,214
Sanger,25,0.2,0.1,GoCo-dense-knap (tie-level path),adapt_144.009_to_143.573_q0.4,0.06906387332706876,0.19402909017448675,0.38056820535717656,0.18815255150415863,343,1140.0,13632.0,926,0.9163732394366197,0.19148975636430443,871.0,64
Sanger,25,0.2,0.5,GoCo-knap (paper path),adapt_150_to_125_q0.6,0.24913662074626897,0.19725677521004306,0.3828361276423014,0.1918149056253081,364,1272.0,16054.0,944,0.9207674099912795,0.19537501381532876,965.0,607
Sanger,25,0.2,0.5,GoCo-dense-knap (tie-level path),adapt_131.687_to_131.608_q0.05,0.4786122379606505,0.19978164010620736,0.38475454244779556,0.1912796081747747,349,1201.0,14873.0,938,0.9192496470113629,0.19455111329125663,914.0,4
Sanger,26,0.05,0.1,GoCo-knap (paper path),adapt_575_to_550_q0.3,0.05148856774773126,0.04649485717246044,0.20315880454791088,0.04660661980459698,104,210.0,670.0,284,0.6865671641791045,0.047942147523264866,193.0,10
Sanger,26,0.05,0.1,GoCo-dense-knap (tie-level path),adapt_574.291_to_564.036_q0.5,0.09485331954294585,0.047162956186556464,0.20445112720498854,0.04799859101601437,111,223.0,705.0,296,0.6836879432624113,0.04916614561038215,205.0,32
Sanger,26,0.05,0.5,GoCo-knap (paper path),adapt_550_to_525_q0.125,0.3623185565881315,0.049222089865724974,0.20870377834088735,0.0500932575573713,111,231.0,811.0,305,0.7151664611590629,0.051280159499049856,211.0,20
Sanger,26,0.05,0.5,GoCo-dense-knap (tie-level path),adapt_528.952_to_526.433_q0.125,0.28125725495002885,0.04872717625768901,0.20772131732243238,0.05016214352972964,113,238.0,806.0,306,0.7047146401985112,0.05129644783320112,218.0,13
Sanger,26,0.2,0.1,GoCo-knap (paper path),adapt_150_to_125_q0.6,0.09658610661683814,0.19475097188862034,0.38123419472876907,0.19522510709914756,406,1414.0,16843.0,968,0.916048209938847,0.19888588791798636,1088.0,581
Sanger,26,0.2,0.1,GoCo-dense-knap (tie-level path),adapt_137.57_to_137.33_q0.75,0.07990381752288561,0.19433472543768002,0.3808876218583115,0.19421387627837639,391,1284.0,15190.0,959,0.9154707044107966,0.19780596899492342,995.0,43
Sanger,26,0.2,0.5,GoCo-knap (paper path),adapt_150_to_125_q0.75,0.15183933124591703,0.19584217620867547,0.3820355544902827,0.19654152537847286,408,1421.0,17060.0,974,0.9167057444314185,0.20017174053499173,1095.0,678
Sanger,26,0.2,0.5,GoCo-dense-knap (tie-level path),adapt_131.687_to_131.608_q0.75,0.3881551832483723,0.19884369499978066,0.38461736664803126,0.19844479887910013,399,1344.0,16354.0,980,0.9178182707594472,0.20276057861353222,1032.0,253
Sanger,27,0.05,0.1,GoCo-knap (paper path),adapt_575_to_550_q0.4,0.0805258229794864,0.04696973342159859,0.20433777016817517,0.047492094272862356,125,247.0,766.0,300,0.6775456919060052,0.04922515838370478,224.0,8
Sanger,27,0.05,0.1,GoCo-dense-knap (tie-level path),adapt_574.291_to_564.036_q0.6,0.0944409944538191,0.04715446248964189,0.20468143425213195,0.048006937161405035,127,253.0,782.0,304,0.6764705882352942,0.04953159018099508,229.0,4
Sanger,27,0.05,0.5,GoCo-knap (paper path),adapt_550_to_525_q0.1,0.36686551766327286,0.04924762234311973,0.20903476491558956,0.049763927043885964,131,269.0,861.0,314,0.6875725900116144,0.051302185113993364,242.0,8
Sanger,27,0.05,0.5,GoCo-dense-knap (tie-level path),adapt_528.952_to_526.433_q0.1,0.46232911253722264,0.049789765678709845,0.21010445212202547,0.05055174320302111,133,280.0,884.0,318,0.6832579185520362,0.051979637603209776,253.0,7
Sanger,27,0.2,0.1,GoCo-knap (paper path),adapt_150_to_125_q0.6,0.03234251962035394,0.19259066443992098,0.3790407871906585,0.19217153363772496,378,1380.0,16386.0,953,0.9157817649212743,0.19576428982471966,1063.0,499
Sanger,27,0.2,0.1,GoCo-dense-knap (tie-level path),adapt_137.57_to_137.33_q0.5,0.08903748625588354,0.1945741791820318,0.38077378684657487,0.1933281192854297,368,1283.0,14902.0,955,0.9139041739363843,0.19666518802271712,995.0,26
Sanger,27,0.2,0.5,GoCo-knap (paper path),adapt_150_to_125_q0.75,0.26455423459062277,0.1974505554739531,0.38283848533038634,0.19804650109932911,382,1410.0,16859.0,980,0.9163651462127054,0.20166242186059344,1088.0,747
Sanger,27,0.2,0.5,GoCo-dense-knap (tie-level path),adapt_131.687_to_131.608_q0.75,0.2443054985906969,0.19719367716553177,0.3829832969114826,0.19668528545410074,370,1341.0,16062.0,969,0.9165110197982816,0.2000213618307872,1036.0,237
Sanger,28,0.05,0.1,GoCo-knap (paper path),adapt_575_to_550_q0.4,0.05797743462813525,0.04660842972242453,0.20390495520401972,0.04719289368371013,108,207.0,710.0,285,0.7084507042253522,0.04818953420520496,190.0,16
Sanger,28,0.05,0.1,GoCo-dense-knap (tie-level path),adapt_574.291_to_564.036_q0.35,0.0842182193622169,0.04701707280414872,0.20469429108630782,0.046672346684059667,108,209.0,716.0,283,0.7081005586592178,0.0476689872055545,192.0,15
Sanger,28,0.05,0.5,GoCo-knap (paper path),adapt_550_to_525_q0.15,0.45896732478806396,0.04977040308616485,0.21059727287119842,0.04995950416381255,113,223.0,833.0,299,0.7322929171668667,0.05104859524050859,201.0,16
Sanger,28,0.05,0.5,GoCo-dense-knap (tie-level path),adapt_528.952_to_526.433_q0.1,0.28795146883809897,0.04876706124926916,0.2083097165245845,0.04908639153868193,111,223.0,763.0,296,0.7077326343381389,0.04999630904411282,205.0,1
Sanger,28,0.2,0.1,GoCo-knap (paper path),adapt_150_to_125_q0.6,0.07582377786337927,0.19423040016931747,0.3803214294551649,0.19337855042829225,357,1328.0,16570.0,957,0.9198551599275799,0.19666631868211312,1020.0,504
Sanger,28,0.2,0.1,GoCo-dense-knap (tie-level path),adapt_137.57_to_137.33_q0.75,0.09620993939011824,0.19474480703199493,0.3810372041355938,0.1933326202971404,345,1228.0,15158.0,950,0.9189866737036548,0.19671210589561056,938.0,49
Sanger,28,0.2,0.5,GoCo-knap (paper path),adapt_150_to_125_q0.75,0.1122406601521217,0.19510274533928107,0.38102963272255314,0.1937302600029201,361,1343.0,16919.0,957,0.9206217861575743,0.1970276959565826,1032.0,662
Sanger,28,0.2,0.5,GoCo-dense-knap (tie-level path),adapt_131.687_to_131.608_q0.75,0.3276588401329864,0.19818688009186172,0.3838745228432617,0.19789064050655217,353,1279.0,16284.0,972,0.9214566445590764,0.20184002055766734,973.0,243
Sanger,29,0.05,0.1,GoCo-knap (paper path),adapt_575_to_550_q0.5,0.03560161427006928,0.046143969698599296,0.20199245066246854,0.04510037191837926,105,182.0,694.0,276,0.7377521613832853,0.046127326791524086,169.0,11
Sanger,29,0.05,0.1,GoCo-dense-knap (tie-level path),adapt_574.291_to_564.036_q0.6,0.05342289454990609,0.0465394138148746,0.2028220409180994,0.04549230920841285,107,187.0,707.0,280,0.7355021216407355,0.04650060040552966,173.0,9
Sanger,29,0.05,0.5,GoCo-knap (paper path),adapt_550_to_525_q0.075,0.24236225825115199,0.048470361225817486,0.20689860599271975,0.04824215404998015,111,199.0,823.0,294,0.7582017010935601,0.04924643137820758,184.0,14
Sanger,29,0.05,0.5,GoCo-dense-knap (tie-level path),adapt_528.952_to_526.433_q0.1,0.2980177892634739,0.04883591781682729,0.20753526268434053,0.04924224764275524,111,206.0,834.0,299,0.7529976019184652,0.050243422445765004,191.0,12
Sanger,29,0.2,0.1,GoCo-knap (paper path),adapt_150_to_125_q0.75,0.07786285251415928,0.19428181699137223,0.3806869892408145,0.19694198503806637,390,1315.0,16871.0,968,0.9220555983640567,0.2007152142510035,999.0,638
Sanger,29,0.2,0.1,GoCo-dense-knap (tie-level path),adapt_131.687_to_131.608_q0.03,0.09536607773868339,0.19472209225707773,0.38123276086895286,0.19802974744513213,380,1245.0,15652.0,969,0.920457449527217,0.20178239889534696,942.0,5
Sanger,29,0.2,0.5,GoCo-knap (paper path),adapt_150_to_125_q0.75,0.07786285251415928,0.19428181699137223,0.3806869892408145,0.19694198503806637,390,1315.0,16871.0,968,0.9220555983640567,0.2007152142510035,999.0,638
Sanger,29,0.2,0.5,GoCo-dense-knap (tie-level path),global_129.514,0.4965393525290134,0.19996462321760566,0.385425057292969,0.2017186445525085,388,1273.0,16387.0,990,0.9223164703728566,0.2067616066032935,958.0,0
Sanger,30,0.05,0.1,GoCo-knap (paper path),global_650,1.2158997661361051e-29,0.030361852215321887,0.1650397917130299,0.020962423850414066,87,166.0,362.0,167,0.5414364640883977,0.022000124476524642,157.0,0
Sanger,30,0.05,0.1,GoCo-dense-knap (tie-level path),global_638.101,1.945332103163429e-25,0.031561658160066154,0.1682531597124973,0.022156899403217526,87,168.0,371.0,172,0.5471698113207547,0.0231946000293281,159.0,0
Sanger,30,0.05,0.5,GoCo-knap (paper path),adapt_575_to_550_q0.6,0.4194436819702243,0.04954936505832108,0.209471907370943,0.04207376119871556,101,198.0,645.0,264,0.6930232558139535,0.04331472626859103,182.0,6
Sanger,30,0.05,0.5,GoCo-dense-knap (tie-level path),global_580.625,0.4234283603872232,0.0495717564586882,0.20956279497522096,0.04142550936871921,100,194.0,629.0,261,0.6915739268680445,0.04260301792875249,180.0,0
Sanger,30,0.2,0.1,GoCo-knap (paper path),adapt_150_to_125_q0.35,0.09851445351446941,0.19480286529592158,0.3807391441397002,0.19538419443909558,350,1227.0,15325.0,969,0.9199347471451876,0.19911709026686955,934.0,296
Sanger,30,0.2,0.1,GoCo-dense-knap (tie-level path),adapt_141.261_to_141.009_q0.6,0.07974972891022397,0.1943411488241136,0.3801749918936883,0.19597022576801987,337,1142.0,14212.0,963,0.9196453701097664,0.19945262312755607,872.0,77
Sanger,30,0.2,0.5,GoCo-knap (paper path),adapt_150_to_125_q0.75,0.28006526036819074,0.19764164291685918,0.38254093996279326,0.19861038565502187,361,1305.0,16436.0,982,0.9206011194937941,0.20234653509210498,995.0,659
Sanger,30,0.2,0.5,GoCo-dense-knap (tie-level path),adapt_131.687_to_131.608_q0.4,0.3877121331841747,0.19884145042812723,0.38380178084681915,0.19999495925588276,344,1216.0,15654.0,979,0.9223201737575061,0.20354159079567183,922.0,144
Sanger,31,0.05,0.1,GoCo-knap (paper path),adapt_550_to_525_q0.15,0.07634962230098968,0.04689021976944101,0.20551768976648863,0.054569018294269266,149,305.0,988.0,343,0.6912955465587044,0.05624775824127646,279.0,12
Sanger,31,0.05,0.1,GoCo-dense-knap (tie-level path),adapt_528.952_to_526.433_q0.1,0.07220093068090103,0.046829027205078366,0.20532176554321085,0.05484631534119336,149,313.0,949.0,345,0.6701791359325606,0.05639220383706579,288.0,2
Sanger,31,0.05,0.5,GoCo-knap (paper path),adapt_550_to_525_q0.225,0.2881566979443902,0.04876174352832883,0.20943335205180397,0.05667746850317563,150,316.0,1102.0,353,0.7132486388384754,0.05832045349602203,287.0,44
Sanger,31,0.05,0.5,GoCo-dense-knap (tie-level path),adapt_528.952_to_526.433_q0.15,0.22569077213723643,0.04833847111148574,0.20850748964114568,0.055971913021329,150,320.0,1055.0,350,0.6966824644549763,0.05756179447069948,293.0,22
Sanger,31,0.2,0.1,GoCo-knap (paper path),adapt_150_to_125_q0.75,0.0832666442654229,0.19440735913429408,0.38206243284505637,0.199363366830656,450,1665.0,17906.0,995,0.9070144085781302,0.20356207341456334,1279.0,704
Sanger,31,0.2,0.1,GoCo-dense-knap (tie-level path),adapt_137.57_to_137.33_q0.5,0.04010084098512808,0.19294643570430012,0.38103494251612335,0.19693589793207397,440,1531.0,15966.0,982,0.9041087310534887,0.20119091203605208,1176.0,16
Sanger,31,0.2,0.5,GoCo-knap (paper path),adapt_150_to_125_q0.75,0.0832666442654229,0.19440735913429408,0.38206243284505637,0.199363366830656,450,1665.0,17906.0,995,0.9070144085781302,0.20356207341456334,1279.0,704
Sanger,31,0.2,0.5,GoCo-dense-knap (tie-level path),adapt_131.687_to_131.608_q0.75,0.3034202320136364,0.197903091057074,0.3851178824776839,0.20197650698771802,444,1597.0,17233.0,1005,0.9073289618754715,0.2066336407907065,1223.0,272
Sanger,32,0.05,0.1,GoCo-knap (paper path),adapt_575_to_550_q0.4,0.07915821903395864,0.046959813991190334,0.20366784443139677,0.04618425506093067,116,206.0,680.0,293,0.6970588235294117,0.04726550428557636,192.0,5
Sanger,32,0.05,0.1,GoCo-dense-knap (tie-level path),adapt_574.291_to_564.036_q0.5,0.085498329543086,0.04704364443233715,0.2040915015025386,0.04596029089519719,117,207.0,679.0,293,0.695139911634757,0.04704154011984288,193.0,2
Sanger,32,0.05,0.5,GoCo-knap (paper path),adapt_550_to_525_q0.175,0.44966710458553133,0.049719741190101766,0.20937975690389543,0.05045077242749803,120,217.0,816.0,314,0.7340686274509803,0.05155939504187158,201.0,18
Sanger,32,0.05,0.5,GoCo-dense-knap (tie-level path),adapt_528.952_to_526.433_q0.1,0.4888667413148936,0.04993805737204206,0.20974681101979853,0.050561266620241914,121,225.0,828.0,315,0.7282608695652174,0.05163451962147955,209.0,15
Sanger,32,0.2,0.1,GoCo-knap (paper path),adapt_150_to_125_q0.75,0.09982661908047619,0.19483121010557025,0.3808836010289914,0.1916329369065743,362,1207.0,16110.0,949,0.9250775915580385,0.19547985961696202,921.0,633
Sanger,32,0.2,0.1,GoCo-dense-knap (tie-level path),adapt_137.57_to_137.33_q0.5,0.0696263636889576,0.19405044814796124,0.3802891389451725,0.1917285442619281,347,1091.0,14458.0,945,0.9245400470327846,0.1955933550504127,840.0,17
Sanger,32,0.2,0.5,GoCo-knap (paper path),adapt_150_to_125_q0.75,0.09982661908047619,0.19483121010557025,0.3808836010289914,0.1916329369065743,362,1207.0,16110.0,949,0.9250775915580385,0.19547985961696202,921.0,633
Sanger,32,0.2,0.5,GoCo-dense-knap (tie-level path),adapt_131.687_to_131.608_q0.75,0.34230249276585456,0.19834993437659937,0.3839275118134681,0.19624278077820248,360,1147.0,15510.0,971,0.9260477111540941,0.20177679076573884,871.0,224
Sanger,33,0.05,0.1,GoCo-knap (paper path),adapt_550_to_525_q0.05,0.06366129472841574,0.04672012825617863,0.20329835274530955,0.05174673476985427,108,214.0,782.0,308,0.7263427109974424,0.05244600066679456,202.0,3
Sanger,33,0.05,0.1,GoCo-dense-knap (tie-level path),global_539.932,0.07890788639720558,0.04695337201834419,0.20385383816399322,0.051664614580646744,109,210.0,779.0,308,0.730423620025674,0.05236388047758703,198.0,0
Sanger,33,0.05,0.5,GoCo-knap (paper path),adapt_550_to_525_q0.175,0.3238068187283309,0.04899360355618712,0.20809006895413668,0.05340191671522574,109,230.0,949.0,316,0.7576396206533192,0.05420913239742847,213.0,38
Sanger,33,0.05,0.5,GoCo-dense-knap (tie-level path),adapt_528.952_to_526.433_q0.1,0.20968233123618257,0.04823455144265442,0.20662077907706902,0.05213644585310412,110,227.0,859.0,310,0.7357392316647264,0.05284246872413866,213.0,11
Sanger,33,0.2,0.1,GoCo-knap (paper path),adapt_150_to_125_q0.75,0.053364220150433773,0.19351102099776854,0.3801862846108856,0.19977127154757168,386,1379.0,17125.0,991,0.9194744525547445,0.20357213634726448,1086.0,682
Sanger,33,0.2,0.1,GoCo-dense-knap (tie-level path),adapt_131.687_to_131.608_q0.4,0.08056877979249238,0.19434874362165866,0.38115525264100825,0.2002928286056636,366,1284.0,16252.0,981,0.9209943391582575,0.2036362486750655,1012.0,126
Sanger,33,0.2,0.5,GoCo-knap (paper path),adapt_150_to_125_q0.75,0.053364220150433773,0.19351102099776854,0.3801862846108856,0.19977127154757168,386,1379.0,17125.0,991,0.9194744525547445,0.20357213634726448,1086.0,682
Sanger,33,0.2,0.5,GoCo-dense-knap (tie-level path),adapt_127.62_to_127.363_q0.6,0.44380293825345724,0.19942418462857503,0.3850437925604689,0.20606373428030217,379,1334.0,16603.0,1019,0.9196530747455279,0.21041630445776166,1050.0,2
Sanger,34,0.05,0.1,GoCo-knap (paper path),global_600,0.05078492557874576,0.046459751466411785,0.20435367435606508,0.04344433788356162,92,165.0,589.0,263,0.7198641765704584,0.0440166907441309,157.0,0
Sanger,34,0.05,0.1,GoCo-dense-knap (tie-level path),global_592.237,0.05665389509925209,0.04657737498346381,0.2042753217049025,0.043329689564122864,97,172.0,598.0,265,0.7123745819397993,0.04390204242469215,164.0,0
Sanger,34,0.05,0.5,GoCo-knap (paper path),adapt_575_to_550_q0.5,0.48427432598749925,0.04991228024000231,0.21026165276068054,0.046034679013697594,103,187.0,662.0,279,0.7175226586102719,0.04686459065952066,173.0,32
Sanger,34,0.05,0.5,GoCo-dense-knap (tie-level path),adapt_574.291_to_564.036_q0.6,0.41729094524734345,0.049537224258828796,0.20943755367248673,0.045340390101258725,104,188.0,662.0,277,0.716012084592145,0.046170301747081796,174.0,23
Sanger,34,0.2,0.1,GoCo-knap (paper path),adapt_150_to_125_q0.75,0.0521488027740501,0.19346981186651618,0.3799408743733593,0.19953899745311074,365,1302.0,16708.0,977,0.9220732583193679,0.20339201089048972,992.0,673
Sanger,34,0.2,0.1,GoCo-dense-knap (tie-level path),adapt_132.938_to_132.714_q0.75,0.09807993189482234,0.19478685610860494,0.3811711646621143,0.1992960607117795,353,1221.0,15314.0,973,0.9202690348700535,0.20322355853283125,936.0,69
Sanger,34,0.2,0.5,GoCo-knap (paper path),adapt_150_to_125_q0.75,0.0521488027740501,0.19346981186651618,0.3799408743733593,0.19953899745311074,365,1302.0,16708.0,977,0.9220732583193679,0.20339201089048972,992.0,673
Sanger,34,0.2,0.5,GoCo-dense-knap (tie-level path),global_129.514,0.4926315259800989,0.1999246848474369,0.38535813516867196,0.20421472379368336,361,1259.0,16136.0,999,0.9219757064947942,0.2090843466167888,957.0,0
Sanger,35,0.05,0.1,GoCo-knap (paper path),adapt_550_to_525_q0.125,0.04738852966432897,0.04642088899945284,0.20246312497956795,0.052405528922764476,121,240.0,852.0,322,0.7183098591549296,0.05313476648803254,226.0,12
Sanger,35,0.05,0.1,GoCo-dense-knap (tie-level path),adapt_528.952_to_526.433_q0.125,0.09514022497234592,0.047171849121814664,0.20407441087626782,0.05230551943066139,123,250.0,882.0,322,0.7165532879818595,0.05295991087613955,236.0,16
Sanger,35,0.05,0.5,GoCo-knap (paper path),adapt_550_to_525_q0.175,0.20691530853259105,0.04821581994398154,0.20634787591088938,0.053373943367703895,124,245.0,909.0,327,0.7304730473047305,0.05413658413681444,230.0,28
Sanger,35,0.05,0.5,GoCo-dense-knap (tie-level path),adapt_528.952_to_526.433_q0.15,0.26282734020701304,0.04860863072878568,0.2071955153079153,0.05252948359639487,123,250.0,887.0,323,0.7181510710259301,0.05318387504187303,236.0,17
Sanger,35,0.2,0.1,GoCo-knap (paper path),adapt_150_to_125_q0.75,0.015962902784098763,0.1914129821717926,0.3782865746884671,0.1966784663690298,377,1413.0,16753.0,976,0.9156568972721304,0.20041148601494072,1100.0,656
Sanger,35,0.2,0.1,GoCo-dense-knap (tie-level path),adapt_131.687_to_131.608_q0.5,0.09947976671504832,0.19481860212664726,0.3812237157226222,0.19860231976159343,365,1347.0,16047.0,978,0.9160590764628903,0.20230950134465303,1047.0,136
Sanger,35,0.2,0.5,GoCo-knap (paper path),adapt_150_to_125_q0.75,0.015962902784098763,0.1914129821717926,0.3782865746884671,0.1966784663690298,377,1413.0,16753.0,976,0.9156568972721304,0.20041148601494072,1100.0,656
Sanger,35,0.2,0.5,GoCo-dense-knap (tie-level path),global_127.62,0.38271931833832934,0.19878688337680903,0.38428710322106907,0.20307583954072614,372,1386.0,16352.0,1004,0.9152397260273972,0.2069728927376022,1079.0,0
Sanger,36,0.05,0.1,GoCo-knap (paper path),adapt_575_to_550_q0.4,0.02228386643157879,0.04572125929343129,0.20131343015671702,0.045758811987661165,97,185.0,660.0,276,0.7196969696969697,0.04620425182854609,176.0,1
Sanger,36,0.05,0.1,GoCo-dense-knap (tie-level path),adapt_574.291_to_564.036_q0.6,0.062315581983812894,0.046698710227621225,0.20317662146621077,0.0459827761600693,101,190.0,671.0,280,0.7168405365126677,0.046428216000954224,181.0,3
Sanger,36,0.05,0.5,GoCo-knap (paper path),adapt_550_to_525_q0.2,0.4987242299728571,0.04999288767442755,0.21019525927012864,0.04939212326506885,102,204.0,821.0,296,0.7515225334957369,0.04986784366050199,192.0,21
Sanger,36,0.05,0.5,GoCo-dense-knap (tie-level path),adapt_528.952_to_526.433_q0.175,0.3906945773084317,0.049386397344458544,0.20897013670430922,0.04898554215839702,104,210.0,804.0,295,0.7388059701492538,0.0494328363478384,198.0,12
Sanger,36,0.2,0.1,GoCo-knap (paper path),adapt_150_to_125_q0.35,0.07412044085803257,0.19417597580012108,0.3807127472706062,0.19327067884659313,336,1182.0,15364.0,953,0.923066909658943,0.19643823720039205,931.0,250
Sanger,36,0.2,0.1,GoCo-dense-knap (tie-level path),adapt_137.57_to_137.33_q0.175,0.08449503016328552,0.19446031109459508,0.38063872767728135,0.19728520902714297,328,1154.0,14818.0,967,0.9221217438250776,0.20029469671735303,919.0,12
Sanger,36,0.2,0.5,GoCo-knap (paper path),adapt_150_to_125_q0.75,0.26718012087547105,0.1974816445146128,0.3830411192537141,0.19744853324946204,351,1275.0,16569.0,975,0.9230490675357595,0.2009289654011422,1002.0,641
Sanger,36,0.2,0.5,GoCo-dense-knap (tie-level path),adapt_131.687_to_131.608_q0.75,0.435619270628509,0.19934023986455843,0.3846948034313454,0.2007211363529171,343,1223.0,16043.0,988,0.9237673751792059,0.2054844339877734,959.0,264
Sanger,37,0.05,0.1,GoCo-knap (paper path),adapt_575_to_550_q0.5,0.09015355447443124,0.04709735309535807,0.20475067228637797,0.04734975747672334,129,232.0,738.0,305,0.6856368563685636,0.04852805783073152,216.0,27
Sanger,37,0.05,0.1,GoCo-dense-knap (tie-level path),adapt_574.291_to_564.036_q0.5,0.0413447237323329,0.04626988902841509,0.20315337371129913,0.04689187518292819,128,231.0,737.0,303,0.6865671641791045,0.047863630811951864,216.0,10
Sanger,37,0.05,0.5,GoCo-knap (paper path),adapt_550_to_525_q0.125,0.34939887457802044,0.04914329555661381,0.20924610643482075,0.04807028119668181,132,246.0,830.0,311,0.7036144578313253,0.049087513314115774,228.0,12
Sanger,37,0.05,0.5,GoCo-dense-knap (tie-level path),adapt_528.952_to_526.433_q0.125,0.4194164783798071,0.04954802839980497,0.2100213266550598,0.04835532652704339,134,254.0,838.0,313,0.6968973747016707,0.049345750818060335,236.0,10
Sanger,37,0.2,0.1,GoCo-knap (paper path),adapt_150_to_125_q0.6,0.05717286865968986,0.19364245255605766,0.38053398103438224,0.19833036270680912,409,1418.0,17011.0,988,0.9166421727117747,0.2023515735601658,1087.0,594
Sanger,37,0.2,0.1,GoCo-dense-knap (tie-level path),global_137.239,0.09555474945605746,0.19472337626271113,0.3814643056366434,0.19925111879626956,394,1320.0,15488.0,990,0.9147727272727273,0.2031319609848409,1018.0,0
Sanger,37,0.2,0.5,GoCo-knap (paper path),adapt_150_to_125_q0.75,0.11407369806184708,0.19513379735392516,0.38161488472966026,0.198985626395846,410,1434.0,17174.0,991,0.916501688599045,0.2031639841943145,1097.0,683
Sanger,37,0.2,0.5,GoCo-dense-knap (tie-level path),adapt_131.687_to_131.608_q0.75,0.34420177686248044,0.1983685025647516,0.3844961588781328,0.20215848166024164,402,1373.0,16520.0,1006,0.9168886198547216,0.2069620974086567,1049.0,232
Sanger,38,0.05,0.1,GoCo-knap (paper path),adapt_575_to_550_q0.6,0.07169482215009063,0.04683595041769852,0.20435674223784078,0.04855605336146018,114,247.0,741.0,300,0.6666666666666666,0.04976234924953435,229.0,30
Sanger,38,0.05,0.1,GoCo-dense-knap (tie-level path),adapt_574.291_to_564.036_q0.6,0.09904257688170981,0.047206159784515714,0.20515803523777604,0.04888560064095265,113,247.0,751.0,300,0.6711051930758988,0.04994258708075473,229.0,26
Sanger,38,0.05,0.5,GoCo-knap (paper path),adapt_550_to_525_q0.15,0.39968575820864066,0.049435645757277234,0.20985435552941825,0.04958628851582462,114,256.0,815.0,304,0.6858895705521473,0.05065927240175736,237.0,11
Sanger,38,0.05,0.5,GoCo-dense-knap (tie-level path),adapt_528.952_to_526.433_q0.125,0.35160771135238217,0.049156075738040095,0.20934932073774376,0.049678928230671174,116,264.0,817.0,305,0.6768665850673194,0.0506840441922458,245.0,6
Sanger,38,0.2,0.1,GoCo-knap (paper path),adapt_150_to_125_q0.75,0.05589639043542781,0.19359327908280022,0.38076946272079565,0.19701331906262598,379,1373.0,16204.0,984,0.9152678351024438,0.20097052630158047,1080.0,646
Sanger,38,0.2,0.1,GoCo-dense-knap (tie-level path),adapt_131.687_to_131.608_q0.075,0.08202255157595911,0.19438292890406755,0.3814797141940488,0.19677147438451398,358,1276.0,14942.0,973,0.9146031321108286,0.20023398498805345,1009.0,8
Sanger,38,0.2,0.5,GoCo-knap (paper path),adapt_150_to_125_q0.75,0.05589639043542781,0.19359327908280022,0.38076946272079565,0.19701331906262598,379,1373.0,16204.0,984,0.9152678351024438,0.20097052630158047,1080.0,646
Sanger,38,0.2,0.5,GoCo-dense-knap (tie-level path),global_128.747,0.47884466140500914,0.1997834450735861,0.3857703242131385,0.20265322372667732,371,1331.0,15673.0,1009,0.9150768838129267,0.20711331911143102,1044.0,0
Sanger,39,0.05,0.1,GoCo-knap (paper path),adapt_575_to_550_q0.4,0.08333606436198604,0.04700403943144042,0.20473670438454228,0.04471563343772162,112,205.0,682.0,280,0.6994134897360704,0.04618553964448269,187.0,2
Sanger,39,0.05,0.1,GoCo-dense-knap (tie-level path),adapt_574.291_to_564.036_q0.225,0.09393697189126127,0.04714407454850798,0.20496051062653758,0.04556375635164182,112,208.0,697.0,283,0.7015781922525107,0.04695589721937062,189.0,0
Sanger,39,0.05,0.5,GoCo-knap (paper path),adapt_550_to_525_q0.15,0.4300546999465926,0.04960866620454669,0.2098600558520771,0.04808727240509042,116,225.0,791.0,296,0.7155499367888748,0.04950934476975231,204.0,10
Sanger,39,0.05,0.5,GoCo-dense-knap (tie-level path),global_538.398,0.48448300541067696,0.04991338627919241,0.21040398562773516,0.047813723635967205,117,223.0,750.0,296,0.7026666666666667,0.04916853715163996,204.0,0
Sanger,39,0.2,0.1,GoCo-knap (paper path),adapt_150_to_125_q0.75,0.025664795548688286,0.19218668976253958,0.37893203734653685,0.20348062628060412,388,1463.0,17716.0,1002,0.9174192820049673,0.20766577835779843,1113.0,697
Sanger,39,0.2,0.1,GoCo-dense-knap (tie-level path),adapt_131.687_to_131.608_q0.6,0.09181284078247987,0.19463792842163455,0.3811200215801136,0.20489766718559008,380,1399.0,16946.0,1007,0.9174436445178803,0.21021651908304764,1059.0,186
Sanger,39,0.2,0.5,GoCo-knap (paper path),adapt_150_to_125_q0.75,0.025664795548688286,0.19218668976253958,0.37893203734653685,0.20348062628060412,388,1463.0,17716.0,1002,0.9174192820049673,0.20766577835779843,1113.0,697
Sanger,39,0.2,0.5,GoCo-dense-knap (tie-level path),global_127.363,0.4843966732923171,0.19984059451849429,0.38508774855010497,0.20932994215245476,385,1434.0,17272.0,1029,0.916975451597962,0.213933643378309,1090.0,0
Sanger,40,0.05,0.1,GoCo-knap (paper path),adapt_575_to_550_q0.6,0.0987925958228072,0.04721282794070628,0.20444030739377997,0.046342007597242996,112,228.0,727.0,292,0.686382393397524,0.04703505226439084,219.0,9
Sanger,40,0.05,0.1,GoCo-dense-knap (tie-level path),adapt_580.625_to_574.291_q0.75,0.07614939264898526,0.0469085811297428,0.20410487490284301,0.04608444879863991,110,222.0,714.0,290,0.6890756302521008,0.04668790779815943,216.0,3
Sanger,40,0.05,0.5,GoCo-knap (paper path),adapt_550_to_525_q0.1,0.46914989476132357,0.04982803464169413,0.2099593460514222,0.04974937352528097,119,242.0,796.0,312,0.6959798994974874,0.050490321637801865,231.0,7
Sanger,40,0.05,0.5,GoCo-dense-knap (tie-level path),adapt_528.952_to_526.433_q0.1,0.4908375849909306,0.0499489075761577,0.21022907771320803,0.05072248652160234,121,247.0,803.0,317,0.6924034869240349,0.05145529048373424,236.0,4
Sanger,40,0.2,0.1,GoCo-knap (paper path),adapt_150_to_125_q0.6,0.08990408385587528,0.1945932576565453,0.3809511061994559,0.19517157903777524,370,1412.0,16241.0,968,0.913059540668678,0.19866430582217914,1120.0,511
Sanger,40,0.2,0.1,GoCo-dense-knap (tie-level path),adapt_137.57_to_137.33_q0.125,0.060545345941630246,0.19376099927611967,0.3803630829086433,0.19571274297034486,363,1305.0,14730.0,970,0.9114052953156823,0.19954118861463274,1038.0,1
Sanger,40,0.2,0.5,GoCo-knap (paper path),adapt_150_to_125_q0.75,0.16621921165750447,0.19608210270287635,0.38203901980363975,0.1963096834210239,372,1430.0,16549.0,973,0.9135899450117831,0.19972783753279208,1135.0,654
Sanger,40,0.2,0.5,GoCo-dense-knap (tie-level path),adapt_131.687_to_131.608_q0.75,0.45647407320851624,0.19955456157436405,0.385087764902732,0.19957906394896555,369,1363.0,15870.0,989,0.91411468178954,0.2042618958907325,1076.0,218
Sanger,41,0.05,0.1,GoCo-knap (paper path),global_575,0.08600749035978084,0.047041152451692866,0.20474968465521673,0.048223573209724126,111,204.0,701.0,296,0.7089871611982882,0.049411827529397816,190.0,0
Sanger,41,0.05,0.1,GoCo-dense-knap (tie-level path),global_580.625,0.08600749035978084,0.047041152451692866,0.20474968465521673,0.048223573209724126,111,204.0,701.0,296,0.7089871611982882,0.049411827529397816,190.0,0
Sanger,41,0.05,0.5,GoCo-knap (paper path),adapt_550_to_525_q0.125,0.41131275919337484,0.049503083127699674,0.20949894216861425,0.05213839299601376,124,229.0,820.0,321,0.7207317073170731,0.05332645589333499,211.0,9
Sanger,41,0.05,0.5,GoCo-dense-knap (tie-level path),adapt_528.952_to_526.433_q0.075,0.43767204267410414,0.04965159184546733,0.20989953039107684,0.05281252789937903,126,233.0,800.0,325,0.70875,0.053863575894381406,216.0,3
Sanger,41,0.2,0.1,GoCo-knap (paper path),adapt_150_to_125_q0.5,0.08638097905309045,0.19450912275925059,0.38062590322301443,0.19260903389296366,391,1451.0,16830.0,956,0.913784907902555,0.19657636976322163,1113.0,430
Sanger,41,0.2,0.1,GoCo-dense-knap (tie-level path),adapt_141.261_to_141.009_q0.5,0.09983909939767732,0.194828469896805,0.3811066818439,0.19207777664282288,379,1324.0,15290.0,955,0.913407455853499,0.19632430046896918,1010.0,142
Sanger,41,0.2,0.5,GoCo-knap (paper path),adapt_150_to_125_q0.75,0.14981849230631683,0.1958102206317929,0.3817665774675103,0.19367501700979065,393,1484.0,17425.0,961,0.9148350071736011,0.19774704829842887,1132.0,666
Sanger,41,0.2,0.5,GoCo-dense-knap (tie-level path),adapt_131.687_to_131.608_q0.75,0.43865159317551333,0.1993711830967219,0.384930905338243,0.19814838438992538,388,1418.0,16776.0,982,0.9154744873628994,0.20339099824895784,1075.0,231
Sanger,42,0.05,0.1,GoCo-knap (paper path),adapt_600_to_575_q0.75,0.0866850827065686,0.047046459508927156,0.20502849204927595,0.03865061595885778,90,160.0,565.0,244,0.7168141592920354,0.039590021210314845,153.0,1
Sanger,42,0.05,0.1,GoCo-dense-knap (tie-level path),adapt_592.237_to_584.926_q0.75,0.08576036229829015,0.04703968635393641,0.20461504231094865,0.03878481670429832,94,168.0,576.0,247,0.7083333333333334,0.03970306978914532,161.0,1
Sanger,42,0.05,0.5,GoCo-knap (paper path),adapt_575_to_550_q0.75,0.22557034762866124,0.04834931678619558,0.20703624217632594,0.04068477938049718,96,170.0,595.0,254,0.7142857142857143,0.04171501454821092,162.0,1
Sanger,42,0.05,0.5,GoCo-dense-knap (tie-level path),adapt_574.291_to_564.036_q0.75,0.36351430283784597,0.04922889014710186,0.20876830871788227,0.040836124878047164,97,172.0,605.0,255,0.715702479338843,0.04175437796289416,164.0,2
Sanger,42,0.2,0.1,GoCo-knap (paper path),adapt_150_to_125_q0.275,0.09895329047070539,0.1948097816835697,0.38097781175586976,0.18658529630834017,345,1100.0,14446.0,917,0.9238543541464765,0.19011943744117976,830.0,207
Sanger,42,0.2,0.1,GoCo-dense-knap (tie-level path),adapt_144.009_to_143.573_q0.25,0.0998395179895386,0.1948309141276692,0.3809272679011186,0.18667953211609753,345,1056.0,13250.0,925,0.9203018867924528,0.19060594124796676,806.0,26
Sanger,42,0.2,0.5,GoCo-knap (paper path),adapt_150_to_125_q0.75,0.4306735920419897,0.19929017120053882,0.3840924166016167,0.1923025798290334,366,1215.0,15897.0,946,0.9235704849971693,0.19604025712405715,913.0,681
Sanger,42,0.2,0.5,GoCo-dense-knap (tie-level path),adapt_131.687_to_131.608_q0.4,0.4184779507473939,0.19916336623925934,0.38422714036547867,0.1917876495192326,356,1143.0,15013.0,941,0.9238659828148937,0.19562864844903166,859.0,101
Sanger,43,0.05,0.1,GoCo-knap (paper path),adapt_575_to_550_q0.35,0.08648505033169757,0.04704943613432418,0.2046313022262289,0.04611777679917527,121,231.0,716.0,293,0.6773743016759777,0.046999324632919115,221.0,6
Sanger,43,0.05,0.1,GoCo-dense-knap (tie-level path),global_580.625,0.06344763964189021,0.04670050345357896,0.20428502495410356,0.0456934891349124,120,227.0,702.0,291,0.6766381766381766,0.04651158045881406,219.0,0
Sanger,43,0.05,0.5,GoCo-knap (paper path),adapt_550_to_525_q0.125,0.49166382594013625,0.0499534596790394,0.21048221961374763,0.048287098091366845,127,253.0,795.0,309,0.6817610062893081,0.04918276332193633,242.0,7
Sanger,43,0.05,0.5,GoCo-dense-knap (tie-level path),global_539.932,0.489110612898734,0.049939219400693735,0.21042242679790316,0.04803622541208684,127,244.0,759.0,308,0.6785243741765481,0.04891466263093446,234.0,0
Sanger,43,0.2,0.1,GoCo-knap (paper path),adapt_150_to_125_q0.75,0.019392125138642302,0.19171186125317177,0.37905527989529714,0.19785684616141197,386,1377.0,16495.0,981,0.9165201576235222,0.20207474182327545,1060.0,667
Sanger,43,0.2,0.1,GoCo-dense-knap (tie-level path),adapt_131.687_to_131.608_q0.175,0.08731104808150758,0.19452097570707966,0.38144984733610693,0.19780123242805947,370,1289.0,15385.0,971,0.9162170945726357,0.20117939954575606,1000.0,30
Sanger,43,0.2,0.5,GoCo-knap (paper path),adapt_150_to_125_q0.75,0.019392125138642302,0.19171186125317177,0.37905527989529714,0.19785684616141197,386,1377.0,16495.0,981,0.9165201576235222,0.20207474182327545,1060.0,667
Sanger,43,0.2,0.5,GoCo-dense-knap (tie-level path),global_128.747,0.4406603602623108,0.19939129739545997,0.38533081241902306,0.20393855600781563,383,1335.0,16057.0,1010,0.9168586909136203,0.20853818556562917,1030.0,0
Sanger,44,0.05,0.1,GoCo-knap (paper path),adapt_575_to_550_q0.4,0.09340928520700387,0.04713784662220065,0.20491659032599532,0.047791957441396166,123,226.0,702.0,304,0.6780626780626781,0.049600920525002985,210.0,14
Sanger,44,0.05,0.1,GoCo-dense-knap (tie-level path),adapt_580.625_to_574.291_q0.5,0.09360165363670564,0.0471388644205579,0.20502257157612885,0.047194719661657114,119,221.0,685.0,299,0.6773722627737226,0.049003682745263934,205.0,7
Sanger,44,0.05,0.5,GoCo-knap (paper path),adapt_550_to_525_q0.075,0.41286284440849896,0.04951124417937982,0.2097852990067308,0.05000862760546493,130,240.0,789.0,319,0.6958174904942965,0.05194132514256246,221.0,8
Sanger,44,0.05,0.5,GoCo-dense-knap (tie-level path),adapt_528.952_to_526.433_q0.1,0.48467329055826397,0.04991439379921848,0.21053962533928147,0.05079080550894892,131,245.0,815.0,323,0.6993865030674846,0.05271230484176456,226.0,11
Sanger,44,0.2,0.1,GoCo-knap (paper path),adapt_150_to_125_q0.75,0.02021875758916776,0.1917858322005447,0.3788284935765085,0.19557985817932202,411,1501.0,17533.0,971,0.9143900074145896,0.1995317364326383,1146.0,666
Sanger,44,0.2,0.1,GoCo-dense-knap (tie-level path),adapt_131.687_to_131.608_q0.075,0.08696442128382881,0.1945162656622327,0.38116381622611223,0.19946507677719547,394,1385.0,16335.0,980,0.9152127333945516,0.20311280358812175,1059.0,3
Sanger,44,0.2,0.5,GoCo-knap (paper path),adapt_150_to_125_q0.75,0.02021875758916776,0.1917858322005447,0.3788284935765085,0.19557985817932202,411,1501.0,17533.0,971,0.9143900074145896,0.1995317364326383,1146.0,666
Sanger,44,0.2,0.5,GoCo-dense-knap (tie-level path),global_129.514,0.46470488235030327,0.19963883771571514,0.3853048175042765,0.20456020915828654,406,1438.0,17118.0,1011,0.9159948592125249,0.20995931872328344,1092.0,0
Sanger,45,0.05,0.1,GoCo-knap (paper path),adapt_575_to_550_q0.4,0.08871864369352561,0.04708631085778265,0.20417669303597247,0.04557933366845997,112,204.0,701.0,286,0.7089871611982882,0.04694099054825132,188.0,7
Sanger,45,0.05,0.1,GoCo-dense-knap (tie-level path),adapt_574.291_to_564.036_q0.35,0.08643419938644337,0.04705320842534077,0.2043213048014505,0.04558679914020611,109,201.0,698.0,284,0.7120343839541547,0.04676181921966933,185.0,0
Sanger,45,0.05,0.5,GoCo-knap (paper path),adapt_550_to_525_q0.04,0.3256450808043391,0.04900502387152303,0.20805436501314822,0.047917694580915396,115,219.0,757.0,298,0.7107001321003963,0.04914584804288751,200.0,2
Sanger,45,0.05,0.5,GoCo-dense-knap (tie-level path),adapt_528.952_to_526.433_q0.4,0.4745046042758738,0.049858013589220415,0.209832861183716,0.04925013222592942,116,220.0,771.0,304,0.7146562905317769,0.0503626006948454,203.0,6
Sanger,45,0.2,0.1,GoCo-knap (paper path),adapt_150_to_125_q0.35,0.06551325557073057,0.19392626877562166,0.3801315489184032,0.1906646788387256,354,1270.0,14889.0,942,0.9147021290885889,0.19434140664999855,967.0,264
Sanger,45,0.2,0.1,GoCo-dense-knap (tie-level path),global_141.69,0.09700846423765253,0.19477056683884894,0.3805317819397345,0.19065191786473434,357,1202.0,13602.0,947,0.9116306425525658,0.19450411840622528,920.0,0
Sanger,45,0.2,0.5,GoCo-knap (paper path),adapt_150_to_125_q0.75,0.36403038141150246,0.1985899425786117,0.3832644986179219,0.19471410212898574,372,1373.0,16056.0,967,0.9144867962132536,0.19894253145340174,1044.0,647
Sanger,45,0.2,0.5,GoCo-dense-knap (tie-level path),adapt_131.687_to_131.608_q0.6,0.45778401734324853,0.19956883780768353,0.38435738984271517,0.19581169754700592,361,1285.0,15333.0,963,0.9161938303006587,0.19939725125022859,981.0,167
Sanger,46,0.05,0.1,GoCo-knap (paper path),adapt_600_to_575_q0.75,0.09946864715040371,0.04721164858686887,0.20514407119106381,0.044655836986801256,112,212.0,682.0,282,0.6891495601173021,0.046117033499886446,200.0,21
Sanger,46,0.05,0.1,GoCo-dense-knap (tie-level path),adapt_592.237_to_584.926_q0.75,0.09063008626215685,0.04709969157836014,0.2050333393770468,0.044655836986801256,112,212.0,682.0,282,0.6891495601173021,0.046117033499886446,200.0,15
Sanger,46,0.05,0.5,GoCo-knap (paper path),adapt_575_to_550_q0.75,0.4744914915510087,0.049857606289702254,0.21032646148377396,0.047682019474124586,120,226.0,736.0,299,0.6929347826086957,0.04869528765574281,214.0,43
Sanger,46,0.05,0.5,GoCo-dense-knap (tie-level path),global_557.4,0.4945502014453259,0.04996956329821099,0.21056590668367495,0.04790598363985807,119,225.0,737.0,299,0.694708276797829,0.048919251821476294,213.0,0
Sanger,46,0.2,0.1,GoCo-knap (paper path),adapt_150_to_125_q0.75,0.02666670837695075,0.19224711319542603,0.3792129471799532,0.1957306305211442,400,1448.0,17073.0,971,0.9151877233058044,0.1998241343229909,1119.0,652
Sanger,46,0.2,0.1,GoCo-dense-knap (tie-level path),global_133.839,0.09875474291788455,0.1947994495216929,0.3813982609465184,0.19713865965104183,385,1334.0,15552.0,975,0.9142232510288066,0.20146407308129954,1032.0,0
Sanger,46,0.2,0.5,GoCo-knap (paper path),adapt_150_to_125_q0.75,0.02666670837695075,0.19224711319542603,0.3792129471799532,0.1957306305211442,400,1448.0,17073.0,971,0.9151877233058044,0.1998241343229909,1119.0,652
Sanger,46,0.2,0.5,GoCo-dense-knap (tie-level path),global_128.747,0.4494092412923541,0.19948188406346468,0.38509790178817105,0.20373025444093237,397,1414.0,16714.0,1010,0.9154002632523632,0.2084719288322453,1090.0,0
Sanger,47,0.05,0.1,GoCo-knap (paper path),global_575,0.0894555705957214,0.04708187620915002,0.20518309654539604,0.04762009802083553,115,220.0,682.0,301,0.6774193548387096,0.04915051981556456,208.0,0
Sanger,47,0.05,0.1,GoCo-dense-knap (tie-level path),global_580.625,0.0894555705957214,0.04708187620915002,0.20518309654539604,0.04762009802083553,115,220.0,682.0,301,0.6774193548387096,0.04915051981556456,208.0,0
Sanger,47,0.05,0.5,GoCo-knap (paper path),adapt_550_to_525_q0.075,0.47186675720766275,0.049842740412829864,0.210582037399612,0.05024760490969608,122,237.0,745.0,316,0.6818791946308724,0.05151673517996093,224.0,1
Sanger,47,0.05,0.5,GoCo-dense-knap (tie-level path),global_539.932,0.4642695556328706,0.04980029900626275,0.21044778969075809,0.05065820588243235,122,238.0,751.0,318,0.6830892143808256,0.0519273361526972,225.0,0
Sanger,47,0.2,0.1,GoCo-knap (paper path),adapt_150_to_125_q0.75,0.0825844569215397,0.19441431762122596,0.38035915411404586,0.19787860174662322,353,1268.0,16477.0,970,0.9230442434909267,0.2012855914612233,987.0,643
Sanger,47,0.2,0.1,GoCo-dense-knap (tie-level path),adapt_131.687_to_131.608_q0.3,0.07835512786413858,0.19429708469911003,0.3805744854596133,0.1991121781232776,342,1207.0,15663.0,968,0.922939411351593,0.202266891886379,944.0,77
Sanger,47,0.2,0.5,GoCo-knap (paper path),adapt_150_to_125_q0.75,0.0825844569215397,0.19441431762122596,0.38035915411404586,0.19787860174662322,353,1268.0,16477.0,970,0.9230442434909267,0.2012855914612233,987.0,643
Sanger,47,0.2,0.5,GoCo-dense-knap (tie-level path),adapt_127.62_to_127.363_q0.75,0.478962436380988,0.19978519331411934,0.38480024909531224,0.20389349058454007,348,1252.0,16113.0,995,0.9222987649723825,0.20748403860967343,977.0,1
Sanger,48,0.05,0.1,GoCo-knap (paper path),adapt_575_to_550_q0.5,0.019301199297091405,0.04558555381952301,0.20170468932168853,0.043983096147971884,114,202.0,660.0,277,0.693939393939394,0.04534181207251575,185.0,9
Sanger,48,0.05,0.1,GoCo-dense-knap (tie-level path),global_564.036,0.09620502674896259,0.047172152648725374,0.20503362109006054,0.04618993497308665,119,209.0,693.0,290,0.6984126984126984,0.04752687660670628,190.0,0
Sanger,48,0.05,0.5,GoCo-knap (paper path),adapt_550_to_525_q0.1,0.4186935751968584,0.04954361082945124,0.2101621670653367,0.048111057885550174,123,218.0,797.0,301,0.726474278544542,0.04952078787036332,197.0,19
Sanger,48,0.05,0.5,GoCo-dense-knap (tie-level path),adapt_528.952_to_526.433_q0.125,0.49604988764294117,0.04997789255684126,0.21101163117731622,0.04909704837526747,125,227.0,828.0,306,0.7258454106280193,0.05042661590979321,206.0,20
Sanger,48,0.2,0.1,GoCo-knap (paper path),adapt_150_to_125_q0.75,0.010842931672724225,0.19081661538744368,0.3780404433442416,0.19774407140351624,391,1346.0,16528.0,973,0.9185624394966118,0.20166756105249434,1024.0,627
Sanger,48,0.2,0.1,GoCo-dense-knap (tie-level path),adapt_131.687_to_131.608_q0.4,0.0625464164017564,0.19381936311895304,0.38085084724437174,0.19952287542125813,383,1277.0,15696.0,976,0.9186416921508664,0.20310101765400884,970.0,93
Sanger,48,0.2,0.5,GoCo-knap (paper path),adapt_150_to_125_q0.75,0.010842931672724225,0.19081661538744368,0.3780404433442416,0.19774407140351624,391,1346.0,16528.0,973,0.9185624394966118,0.20166756105249434,1024.0,627
Sanger,48,0.2,0.5,GoCo-dense-knap (tie-level path),adapt_127.62_to_127.363_q0.75,0.4317865907202594,0.19930014539588423,0.38493697260268633,0.20517349741426855,390,1317.0,16085.0,1008,0.9181224743549892,0.2092474190945855,1003.0,4
Sanger,49,0.05,0.1,GoCo-knap (paper path),global_600,0.05108648097339931,0.04647499813701986,0.2038322578089219,0.04428427620537471,89,167.0,623.0,264,0.7319422150882825,0.044458470546117956,164.0,0
Sanger,49,0.05,0.1,GoCo-dense-knap (tie-level path),global_592.237,0.04072083832216555,0.04625986054693163,0.2028704780290488,0.04449935290474374,93,174.0,634.0,268,0.7255520504731862,0.04489502292731307,170.0,0
Sanger,49,0.05,0.5,GoCo-knap (paper path),global_575,0.12089661432205245,0.04745753397401865,0.20528254448108807,0.04561330800894794,95,176.0,656.0,271,0.7317073170731707,0.04612096011438402,171.0,0
Sanger,49,0.05,0.5,GoCo-dense-knap (tie-level path),global_564.036,0.47910150775006904,0.049883624592998665,0.2098610815880994,0.04782620647052368,100,188.0,706.0,285,0.7337110481586402,0.04840851329342115,181.0,0
Sanger,49,0.2,0.1,GoCo-knap (paper path),adapt_150_to_125_q0.275,0.08620444174912845,0.19450387840967942,0.38067623214640156,0.190779699920807,365,1177.0,15334.0,936,0.9232424677187948,0.19413994000713608,901.0,224
Sanger,49,0.2,0.1,GoCo-dense-knap (tie-level path),adapt_144.009_to_143.573_q0.75,0.07924479256764155,0.1943226702381184,0.3804933788486756,0.1899901138975265,358,1101.0,14239.0,929,0.9226771542945431,0.19327767667217724,848.0,144
Sanger,49,0.2,0.5,GoCo-knap (paper path),adapt_150_to_125_q0.75,0.4421952958500447,0.19940910907107728,0.38406112647306584,0.19364531419979364,376,1255.0,16711.0,949,0.9248997666207887,0.19710906253750088,956.0,648
Sanger,49,0.2,0.5,GoCo-dense-knap (tie-level path),adapt_131.687_to_131.608_q0.275,0.4156397936021775,0.1991339590295355,0.38415754386690343,0.19482398966925943,362,1182.0,15809.0,946,0.9252324625213486,0.19824071497158935,901.0,56
Sanger,50,0.05,0.1,GoCo-knap (paper path),adapt_575_to_550_q0.175,0.07001582255808922,0.04681777156158728,0.20380532223122097,0.04597104471781753,99,190.0,653.0,277,0.7090352220520674,0.04770987760046161,174.0,0
Sanger,50,0.05,0.1,GoCo-dense-knap (tie-level path),global_580.625,0.07001582255809814,0.04681777156158728,0.20380532223123018,0.04597104471781753,99,190.0,653.0,277,0.7090352220520674,0.04770987760046161,174.0,0
Sanger,50,0.05,0.5,GoCo-knap (paper path),adapt_550_to_525_q0.15,0.44929655767623033,0.0497176571462622,0.20938690272157678,0.04916652536138575,106,214.0,761.0,296,0.7187910643889619,0.05094872909323766,194.0,9
Sanger,50,0.05,0.5,GoCo-dense-knap (tie-level path),adapt_528.952_to_526.433_q0.125,0.4100841423700745,0.04949752288251995,0.20889915803343492,0.04968503634179426,107,220.0,754.0,299,0.7082228116710876,0.0514071769570183,200.0,6
Sanger,50,0.2,0.1,GoCo-knap (paper path),adapt_150_to_125_q0.3,0.06506426537358038,0.19391042138235057,0.3802347872075787,0.1916641151150824,337,1170.0,15046.0,934,0.9222384686959989,0.19468852124716107,898.0,186
Sanger,50,0.2,0.1,GoCo-dense-knap (tie-level path),adapt_141.261_to_141.009_q0.3,0.09998437883726358,0.1948369354129745,0.3807287429420771,0.1908319903281074,341,1158.0,14420.0,931,0.9196948682385575,0.19393278063344796,887.0,59
Sanger,50,0.2,0.5,GoCo-knap (paper path),adapt_150_to_125_q0.75,0.2963298229605983,0.19783227099460227,0.382945574730454,0.19333486978177394,360,1307.0,16562.0,950,0.9210844100953991,0.19669856839257419,1005.0,650
Sanger,50,0.2,0.5,GoCo-dense-knap (tie-level path),adapt_131.687_to_131.608_q0.4,0.4217145651222647,0.19919713279770407,0.38417657283567486,0.1952316473372706,346,1245.0,15827.0,949,0.9213369558349656,0.19827375217754922,955.0,111
Sanger,51,0.05,0.1,GoCo-knap (paper path),adapt_600_to_575_q0.5,0.07027910718584561,0.04681062683683311,0.20453425286804197,0.04238386917087559,103,197.0,638.0,265,0.6912225705329154,0.04376187091244829,182.0,9
Sanger,51,0.05,0.1,GoCo-dense-knap (tie-level path),adapt_592.237_to_584.926_q0.4,0.05369434339002786,0.04653384423061064,0.20346289842147114,0.04239009040066803,103,197.0,640.0,265,0.6921875,0.04365611005937399,183.0,2
Sanger,51,0.05,0.5,GoCo-knap (paper path),adapt_575_to_550_q0.5,0.4867924772697483,0.049926497020491345,0.20979186495931165,0.04425521420204359,108,207.0,681.0,275,0.6960352422907489,0.045615796509541964,190.0,24
Sanger,51,0.05,0.5,GoCo-dense-knap (tie-level path),global_564.036,0.486795041991614,0.049926497020491345,0.20983262650166074,0.0457761345024472,110,214.0,708.0,284,0.6977401129943502,0.04715538048597359,196.0,0
Sanger,51,0.2,0.1,GoCo-knap (paper path),adapt_150_to_125_q0.4,0.09499299995450305,0.1947195526000581,0.3807747237504134,0.18883192171441748,364,1285.0,15355.0,936,0.9163139042657115,0.19337598838971684,973.0,346
Sanger,51,0.2,0.1,GoCo-dense-knap (tie-level path),adapt_141.261_to_141.009_q0.75,0.08922499752993257,0.19457966292613138,0.38071774636177275,0.18915389487551149,353,1203.0,14104.0,934,0.9147050482132728,0.19360399424095304,916.0,105
Sanger,51,0.2,0.5,GoCo-knap (paper path),adapt_150_to_125_q0.75,0.2819320804542961,0.1976624881065431,0.38279696470548014,0.190996904899799,370,1336.0,16131.0,945,0.9171781042712789,0.19522546790415068,1016.0,640
Sanger,51,0.2,0.5,GoCo-dense-knap (tie-level path),adapt_131.687_to_131.608_q0.4,0.47480573212484434,0.19974268908144058,0.38481492544018675,0.1918992021850082,364,1282.0,15318.0,949,0.9163076119597858,0.1972849993195806,970.0,136
Sanger,52,0.05,0.1,GoCo-knap (paper path),adapt_575_to_550_q0.5,0.09566239371978807,0.04716737872173954,0.20487875508837045,0.04392061726443578,108,208.0,700.0,275,0.7028571428571428,0.045380117080913815,193.0,20
Sanger,52,0.05,0.1,GoCo-dense-knap (tie-level path),adapt_574.291_to_564.036_q0.2,0.08546539341537907,0.047033684612641784,0.2047475541095727,0.04386782569086965,106,201.0,678.0,274,0.7035398230088495,0.045080964919701136,190.0,0
Sanger,52,0.05,0.5,GoCo-knap (paper path),adapt_550_to_525_q0.15,0.37746501192520115,0.04930851799533926,0.20936221224063098,0.046470075989223404,116,223.0,799.0,292,0.72090112640801,0.04787358476426807,207.0,11
Sanger,52,0.05,0.5,GoCo-dense-knap (tie-level path),adapt_528.952_to_526.433_q0.125,0.43264791161177796,0.04962336275838332,0.20983488335940204,0.046208784474771204,116,229.0,792.0,291,0.7108585858585859,0.04755223013986265,213.0,7
Sanger,52,0.2,0.1,GoCo-knap (paper path),adapt_150_to_125_q0.2,0.07066000676500109,0.19406862362912297,0.38110856780457064,0.18416582792163028,346,1275.0,14637.0,912,0.9128919860627178,0.1878317347165585,986.0,122
Sanger,52,0.2,0.1,GoCo-dense-knap (tie-level path),adapt_144.009_to_143.573_q0.15,0.05004299479476503,0.19337965113615915,0.3804854212375625,0.18418888316175838,344,1228.0,13866.0,914,0.9114380499062454,0.1877554614693427,959.0,2
Sanger,52,0.2,0.5,GoCo-knap (paper path),adapt_150_to_125_q0.75,0.47063046505145023,0.19969974271369204,0.3851128859705879,0.1874818705230918,367,1416.0,16511.0,932,0.9142389921870269,0.19112994100185152,1101.0,632
Sanger,52,0.2,0.5,GoCo-dense-knap (tie-level path),adapt_131.687_to_131.608_q0.04,0.47169260457298784,0.19971049314409,0.3852817564843782,0.18876554716007174,353,1317.0,15291.0,930,0.9138709044536002,0.19219644390388674,1027.0,1
Sanger,53,0.05,0.1,GoCo-knap (paper path),adapt_550_to_525_q0.05,0.0633158556980282,0.046711040826733746,0.20349131643403923,0.051881593689405904,118,240.0,778.0,317,0.6915167095115681,0.05326154506687088,219.0,4
Sanger,53,0.05,0.1,GoCo-dense-knap (tie-level path),global_539.932,0.07634247051367628,0.046914162829124605,0.2039282444865866,0.051920807932285554,119,237.0,758.0,318,0.6873350923482849,0.053248870175869975,218.0,0
Sanger,53,0.05,0.5,GoCo-knap (paper path),adapt_550_to_525_q0.1,0.2496676147707082,0.048518695003960735,0.20723842753424437,0.054457085260084734,119,247.0,891.0,329,0.7227833894500562,0.05589496365519948,223.0,26
Sanger,53,0.05,0.5,GoCo-dense-knap (tie-level path),adapt_528.952_to_526.433_q0.125,0.4361700416698562,0.049643693322485145,0.20956468847766066,0.055142760163325345,121,256.0,920.0,334,0.7217391304347827,0.05674344330258492,231.0,28
Sanger,53,0.2,0.1,GoCo-knap (paper path),adapt_150_to_125_q0.75,0.037461430637333065,0.1928484678565388,0.3795116145582762,0.1981628555232974,400,1407.0,16282.0,989,0.913585554600172,0.20231520965745442,1095.0,631
Sanger,53,0.2,0.1,GoCo-dense-knap (tie-level path),adapt_131.687_to_131.608_q0.35,0.07677021312147438,0.19424588492484676,0.3810546381613421,0.20246999426958676,388,1323.0,15555.0,1000,0.914946962391514,0.20625210770500735,1029.0,67
Sanger,53,0.2,0.5,GoCo-knap (paper path),adapt_150_to_125_q0.75,0.037461430637333065,0.1928484678565388,0.3795116145582762,0.1981628555232974,400,1407.0,16282.0,989,0.913585554600172,0.20231520965745442,1095.0,631
Sanger,53,0.2,0.5,GoCo-dense-knap (tie-level path),global_128.747,0.4847834355509809,0.19984442634742408,0.38538829159345994,0.2060030820455156,400,1363.0,15961.0,1026,0.9146043480984901,0.21042673815404714,1058.0,0
Sanger,54,0.05,0.1,GoCo-knap (paper path),adapt_600_to_575_q0.75,0.07072149497625672,0.0468281877702173,0.20386135991428644,0.043122126811162086,101,176.0,623.0,264,0.7174959871589085,0.04413166223354596,163.0,18
Sanger,54,0.05,0.1,GoCo-dense-knap (tie-level path),adapt_592.237_to_584.926_q0.75,0.06568820485333406,0.04674732992888511,0.20375700272908448,0.0428981626454286,101,176.0,622.0,263,0.7170418006430869,0.04390769806781248,163.0,11
Sanger,54,0.05,0.5,GoCo-knap (paper path),adapt_550_to_525_q0.05,0.4731687758064864,0.049850661637894624,0.20969472787992016,0.04784868682285172,110,193.0,702.0,292,0.7250712250712251,0.04882089487983025,180.0,2
Sanger,54,0.05,0.5,GoCo-dense-knap (tie-level path),global_548.368,0.45007328572685573,0.04972196948759181,0.20941389011592787,0.047833373034654514,110,193.0,704.0,292,0.7258522727272727,0.048805581091633035,180.0,0
Sanger,54,0.2,0.1,GoCo-knap (paper path),adapt_150_to_125_q0.125,0.06825672215427492,0.1939976657926369,0.3810032789121203,0.18413064100707632,353,1143.0,13238.0,908,0.9136576522133253,0.18778453696882072,857.0,53
Sanger,54,0.2,0.1,GoCo-dense-knap (tie-level path),adapt_146.503_to_146.231_q0.75,0.09354893976704348,0.1946749557518687,0.38148952925025703,0.18484320159989,354,1122.0,13033.0,911,0.9139108417095066,0.1885280615605272,837.0,125
Sanger,54,0.2,0.5,GoCo-knap (paper path),adapt_150_to_125_q0.75,0.43824911183001813,0.19936739607137305,0.38470489819898535,0.18844893920461647,378,1280.0,15584.0,926,0.917864476386037,0.19225656348139816,953.0,598
Sanger,54,0.2,0.5,GoCo-dense-knap (tie-level path),global_137.239,0.48402814295301577,0.1998367927304523,0.3851699883791856,0.18878646149213477,360,1177.0,14068.0,926,0.9163349445550185,0.19240944290081036,876.0,0
Sanger,55,0.05,0.1,GoCo-knap (paper path),adapt_575_to_550_q0.4,0.09788787482941164,0.04719169262214407,0.20515963310102286,0.044572561401936404,114,208.0,662.0,283,0.6858006042296072,0.04631993433863158,192.0,4
Sanger,55,0.05,0.1,GoCo-dense-knap (tie-level path),global_580.625,0.0940688177601528,0.04714353333539724,0.2051218053817907,0.04439339006667976,113,207.0,651.0,282,0.6820276497695853,0.046140763003374934,191.0,0
Sanger,55,0.05,0.5,GoCo-knap (paper path),adapt_575_to_550_q0.75,0.49101417083870436,0.049949793114197186,0.21064580877513003,0.046445328431060036,120,224.0,703.0,295,0.6813655761024182,0.048162839477433335,205.0,38
Sanger,55,0.05,0.5,GoCo-dense-knap (tie-level path),global_564.036,0.4489493753371252,0.04971468339699616,0.21014542272952313,0.04622136426532655,117,221.0,700.0,291,0.6842857142857143,0.04793887531169985,202.0,0
Sanger,55,0.2,0.1,GoCo-knap (paper path),adapt_175_to_150_q0.75,0.0002839903329106488,0.18632665337920457,0.37495212537244305,0.17042826043998807,352,1154.0,12265.0,859,0.9059111292295149,0.17371813696616173,909.0,619
Sanger,55,0.2,0.1,GoCo-dense-knap (tie-level path),adapt_151.026_to_150.41_q0.2,0.09833424128598078,0.194783003689647,0.38188667033226975,0.17849285594226263,350,1144.0,12107.0,896,0.9055092095481952,0.18181139648895114,901.0,5
Sanger,55,0.2,0.5,GoCo-knap (paper path),adapt_150_to_125_q0.6,0.40392586510634854,0.19900951047202317,0.38491389350294775,0.1830802394354597,387,1355.0,15093.0,926,0.9102232823163056,0.1869492997180708,1067.0,471
Sanger,55,0.2,0.5,GoCo-dense-knap (tie-level path),adapt_137.57_to_137.33_q0.4,0.4304810913336559,0.19928635589267926,0.385076661840135,0.1833711624145508,365,1233.0,13782.0,913,0.9105354810622551,0.18654460110696405,972.0,6
Sanger,56,0.05,0.1,GoCo-knap (paper path),adapt_600_to_575_q0.75,0.06775046983308584,0.046774927419941895,0.20418549214965626,0.04199166522180914,108,183.0,603.0,271,0.6965174129353234,0.044069554977961646,167.0,20
Sanger,56,0.05,0.1,GoCo-dense-knap (tie-level path),global_584.926,0.09558214377958274,0.04716677694972246,0.20484820225014735,0.04210364730467588,109,184.0,609.0,272,0.6978653530377669,0.044181537060828384,168.0,0
Sanger,56,0.05,0.5,GoCo-knap (paper path),adapt_550_to_525_q0.15,0.47007749534825927,0.04983319143109454,0.20998923099977804,0.04596709923407799,119,208.0,742.0,295,0.7196765498652291,0.047565250767839184,190.0,13
Sanger,56,0.05,0.5,GoCo-dense-knap (tie-level path),global_539.932,0.4338499601227285,0.049630671227413395,0.2095379144403547,0.04558968348439036,119,202.0,678.0,294,0.7020648967551623,0.0471823175503452,185.0,0
Sanger,56,0.2,0.1,GoCo-knap (paper path),adapt_150_to_125_q0.35,0.08493406921687846,0.1944570790290619,0.3816456422003502,0.18871659565746182,379,1245.0,15116.0,930,0.9176369409896799,0.19215994736916006,956.0,275
Sanger,56,0.2,0.1,GoCo-dense-knap (tie-level path),adapt_144.009_to_143.573_q0.75,0.0810796732658961,0.19435809820429978,0.3814526020140193,0.18801424296745928,375,1184.0,13792.0,932,0.91415313225058,0.19139896348903054,915.0,128
Sanger,56,0.2,0.5,GoCo-knap (paper path),adapt_150_to_125_q0.75,0.2256160269144979,0.19694653416675567,0.38305696975826975,0.1912005265909774,393,1330.0,16226.0,946,0.9180327868852459,0.19487810543710146,1025.0,651
Sanger,56,0.2,0.5,GoCo-dense-knap (tie-level path),adapt_131.687_to_131.608_q0.5,0.43861669254512076,0.1993702887984946,0.38525742974605387,0.19222751186048864,384,1268.0,15448.0,948,0.9179181771103055,0.19576960968944554,977.0,142
Sanger,57,0.05,0.1,GoCo-knap (paper path),adapt_575_to_550_q0.4,0.0197956822909998,0.045621406735724734,0.2010788060992446,0.0475416378505019,119,238.0,727.0,304,0.672627235213205,0.04859302517147641,227.0,5
Sanger,57,0.05,0.1,GoCo-dense-knap (tie-level path),adapt_574.291_to_564.036_q0.5,0.05305173223476661,0.0465338563590748,0.20271735546584738,0.04759113297684062,120,244.0,738.0,305,0.6693766937669376,0.048743304173062656,230.0,7
Sanger,57,0.05,0.5,GoCo-knap (paper path),adapt_550_to_525_q0.075,0.3460517146695506,0.04912706963681235,0.20833219718450244,0.048881415407040885,126,256.0,812.0,314,0.6847290640394089,0.05013934746968653,241.0,8
Sanger,57,0.05,0.5,GoCo-dense-knap (tie-level path),adapt_528.952_to_526.433_q0.075,0.412754108107364,0.049512303528153626,0.20906544895848858,0.0499296181813333,127,263.0,827.0,319,0.6819830713422007,0.05117084430687104,248.0,6
Sanger,57,0.2,0.1,GoCo-knap (paper path),adapt_150_to_125_q0.6,0.07716528965859205,0.19426818725857775,0.38030693376419755,0.19620206993144143,385,1374.0,16318.0,970,0.9157985047187155,0.19989685505328225,1075.0,519
Sanger,57,0.2,0.1,GoCo-dense-knap (tie-level path),global_137.239,0.09077452574121142,0.19461921135366522,0.3806392877483115,0.19893849681633183,368,1273.0,14937.0,974,0.9147753899712124,0.2021874589822594,1001.0,0
Sanger,57,0.2,0.5,GoCo-knap (paper path),adapt_150_to_125_q0.75,0.11434485445234671,0.19514797387358537,0.38094689939573595,0.19829486275106367,388,1392.0,16657.0,978,0.9164315302875667,0.2019560552557799,1088.0,672
Sanger,57,0.2,0.5,GoCo-dense-knap (tie-level path),adapt_131.687_to_131.608_q0.75,0.2876021578462701,0.19772742745544522,0.3832581106014321,0.2026730333904403,381,1322.0,16014.0,996,0.9174472336705383,0.20747193831946253,1028.0,256
Sanger,58,0.05,0.1,GoCo-knap (paper path),adapt_600_to_575_q0.75,0.08174879220000542,0.04699072736931445,0.2041074067238509,0.04453838504976014,102,190.0,638.0,274,0.7021943573667712,0.04572974998766738,177.0,21
Sanger,58,0.05,0.1,GoCo-dense-knap (tie-level path),global_584.926,0.09447558734874095,0.04715866288207755,0.20441127345146373,0.04476234921549362,103,191.0,640.0,276,0.7015625,0.046177678319134344,177.0,0
Sanger,58,0.05,0.5,GoCo-knap (paper path),adapt_575_to_550_q0.75,0.4754930091996309,0.04986362823565018,0.20967443169670721,0.04619447562889449,111,211.0,693.0,287,0.6955266955266955,0.04752084120257037,194.0,41
Sanger,58,0.05,0.5,GoCo-dense-knap (tie-level path),global_564.036,0.47348121545867233,0.049852432535466625,0.20965306477182116,0.04619447562889449,111,211.0,692.0,287,0.6950867052023122,0.04752084120257037,194.0,0
Sanger,58,0.2,0.1,GoCo-knap (paper path),adapt_150_to_125_q0.225,0.09872358963938932,0.19480288718888378,0.3810931650375077,0.19046077515016344,374,1214.0,14715.0,950,0.9174991505266734,0.19447822149630223,926.0,164
Sanger,58,0.2,0.1,GoCo-dense-knap (tie-level path),adapt_144.009_to_143.573_q0.75,0.07327849566025589,0.19415269872658306,0.380647328162119,0.19023972189373026,366,1147.0,13960.0,943,0.917836676217765,0.19429758239833667,874.0,106
Sanger,58,0.2,0.5,GoCo-knap (paper path),adapt_150_to_125_q0.75,0.23606709740506315,0.19708867461503593,0.38267458635265367,0.19207215742328,384,1319.0,16368.0,953,0.9194159335288368,0.19591002584771908,1008.0,626
Sanger,58,0.2,0.5,GoCo-dense-knap (tie-level path),adapt_131.687_to_131.608_q0.3,0.4901136317984358,0.19989903265692918,0.38502072839226487,0.1960549060000818,381,1239.0,15583.0,973,0.9204902778669063,0.2016737430086328,938.0,89
Sanger,59,0.05,0.1,GoCo-knap (paper path),adapt_575_to_550_q0.225,0.08668385688407787,0.04705204523722793,0.2046395758708622,0.04264622717461687,110,196.0,624.0,276,0.6858974358974359,0.04390291499530882,186.0,0
Sanger,59,0.05,0.1,GoCo-dense-knap (tie-level path),global_580.625,0.08668385688409391,0.04705204523722793,0.20463957587087742,0.04264622717461687,110,196.0,624.0,276,0.6858974358974359,0.04390291499530882,186.0,0
Sanger,59,0.05,0.5,GoCo-knap (paper path),adapt_550_to_525_q0.04,0.4915630354260181,0.04995292726782369,0.21034646925122144,0.04447073091785157,117,215.0,691.0,288,0.6888567293777135,0.04574589099889373,201.0,2
Sanger,59,0.05,0.5,GoCo-dense-knap (tie-level path),global_548.368,0.48792683731379655,0.04993266838511383,0.21024036104581342,0.04444488889359413,117,212.0,675.0,288,0.6859259259259259,0.04570282096291443,199.0,0
Sanger,59,0.2,0.1,GoCo-knap (paper path),adapt_150_to_125_q0.6,0.07566073747130887,0.1942295263426698,0.38007598347363664,0.19542384865502896,344,1206.0,15727.0,962,0.9233165893050168,0.1986534790355975,951.0,522
Sanger,59,0.2,0.1,GoCo-dense-knap (tie-level path),adapt_137.57_to_137.33_q0.175,0.09826798940863579,0.19480062973136278,0.38048378239272196,0.19503230471894029,327,1110.0,14301.0,951,0.9223830501363541,0.19769905570973742,882.0,11
Sanger,59,0.2,0.5,GoCo-knap (paper path),adapt_150_to_125_q0.75,0.1099335768138297,0.19505900163929185,0.3806154986635169,0.196398512369975,344,1220.0,16025.0,966,0.9238689547581903,0.19958902763292477,961.0,656
Sanger,59,0.2,0.5,GoCo-dense-knap (tie-level path),adapt_131.687_to_131.608_q0.75,0.2742564069778495,0.19756953563062374,0.3828419418131839,0.19736034850791215,330,1155.0,15408.0,960,0.9250389408099688,0.1999954282670112,914.0,247
Sanger,60,0.05,0.1,GoCo-knap (paper path),adapt_575_to_550_q0.6,0.06158547651642664,0.046675579699963346,0.20380682755195192,0.048396838422184695,105,196.0,706.0,288,0.7223796033994334,0.04971556882775511,179.0,11
Sanger,60,0.05,0.1,GoCo-dense-knap (tie-level path),adapt_574.291_to_564.036_q0.75,0.08500448627939788,0.047030594890567684,0.2045193071345158,0.04838439597594912,105,199.0,714.0,288,0.7212885154061625,0.04951337896629517,182.0,6
Sanger,60,0.05,0.5,GoCo-knap (paper path),adapt_550_to_525_q0.05,0.3856566499996219,0.04935642096109311,0.20926411227709746,0.05005739928293068,112,210.0,773.0,302,0.7283311772315654,0.05119189974108308,192.0,4
Sanger,60,0.05,0.5,GoCo-dense-knap (tie-level path),global_538.398,0.4615771532447524,0.04978547238090409,0.21018659462893655,0.05016002981753526,113,211.0,759.0,303,0.7220026350461133,0.0512875771502498,194.0,0
Sanger,60,0.2,0.1,GoCo-knap (paper path),adapt_150_to_125_q0.3,0.0915482275295395,0.19463595282328114,0.38080014104895704,0.19599995512310894,385,1248.0,15607.0,970,0.9200358813352982,0.19999367089447756,925.0,303
Sanger,60,0.2,0.1,GoCo-dense-knap (tie-level path),adapt_137.57_to_137.33_q0.075,0.08572948871308067,0.19449257744210108,0.3806147609927589,0.19445883565960914,377,1194.0,14806.0,955,0.9193570174253681,0.19798528362828968,895.0,0
Sanger,60,0.2,0.5,GoCo-knap (paper path),adapt_150_to_125_q0.75,0.3972558972245401,0.1989418473286555,0.3839615783138539,0.1989452661118342,398,1337.0,16771.0,979,0.9202790531274223,0.20296968413560681,994.0,688
Sanger,60,0.2,0.5,GoCo-dense-knap (tie-level path),adapt_131.687_to_131.608_q0.4,0.49709090517290555,0.19997029067874222,0.38504849127119484,0.1998694971887956,390,1267.0,16027.0,982,0.9209459037873589,0.20460659287878274,939.0,161
Sanger,61,0.05,0.1,GoCo-knap (paper path),adapt_575_to_550_q0.6,0.07630300334010116,0.04691369029448484,0.20392024229211134,0.048641728527201514,106,190.0,708.0,290,0.731638418079096,0.049512700277640334,178.0,26
Sanger,61,0.05,0.1,GoCo-dense-knap (tie-level path),adapt_574.291_to_564.036_q0.5,0.037278821372523356,0.046180727303134876,0.20242343594601336,0.0474883130790138,102,187.0,699.0,282,0.7324749642346209,0.048284630111991224,175.0,7
Sanger,61,0.05,0.5,GoCo-knap (paper path),adapt_550_to_525_q0.175,0.4685195550704174,0.04982445839970997,0.21002556265009784,0.052937566446430336,108,199.0,866.0,309,0.7702078521939953,0.05380667183060128,185.0,28
Sanger,61,0.05,0.5,GoCo-dense-knap (tie-level path),adapt_528.952_to_526.433_q0.1,0.46993346001564956,0.049832396304332456,0.2099775218812793,0.05234983017436601,110,208.0,848.0,308,0.7547169811320755,0.05315174631949635,194.0,16
Sanger,61,0.2,0.1,GoCo-knap (paper path),adapt_150_to_125_q0.75,0.06856811178006021,0.19402100585744725,0.38012440329875524,0.19909716992735996,382,1343.0,17102.0,983,0.9214711729622267,0.20258022938236545,1045.0,662
Sanger,61,0.2,0.1,GoCo-dense-knap (tie-level path),adapt_137.57_to_137.33_q0.75,0.07511483933096444,0.1942081768941543,0.38046364230324053,0.1985254714797352,365,1221.0,15259.0,971,0.919981650173668,0.2017693509747173,954.0,60
Sanger,61,0.2,0.5,GoCo-knap (paper path),adapt_150_to_125_q0.75,0.06856811178006021,0.19402100585744725,0.38012440329875524,0.19909716992735996,382,1343.0,17102.0,983,0.9214711729622267,0.20258022938236545,1045.0,662
Sanger,61,0.2,0.5,GoCo-dense-knap (tie-level path),adapt_131.687_to_131.608_q0.75,0.2654654175499914,0.19745951990542313,0.3831860275854951,0.2013893943517766,372,1270.0,16405.0,987,0.9225845778725998,0.20565823979033335,985.0,248
Sanger,62,0.05,0.1,GoCo-knap (paper path),adapt_575_to_550_q0.75,0.02898103886888728,0.04594079519347177,0.20233942444962574,0.04914649624173078,113,210.0,701.0,300,0.7004279600570613,0.05072402969786995,193.0,18
Sanger,62,0.05,0.1,GoCo-dense-knap (tie-level path),adapt_574.291_to_564.036_q0.75,0.021751112597594987,0.04568342331661753,0.20207312164715702,0.048922532075997296,109,203.0,685.0,296,0.7036496350364964,0.050343290612118244,187.0,1
Sanger,62,0.05,0.5,GoCo-knap (paper path),adapt_550_to_525_q0.175,0.40341878795360303,0.04945692276366078,0.2099149021804071,0.05271307710236958,117,232.0,842.0,316,0.7244655581947743,0.054142375702553605,211.0,25
Sanger,62,0.05,0.5,GoCo-dense-knap (tie-level path),adapt_528.952_to_526.433_q0.15,0.4441628205649732,0.04968753507785396,0.2102988078466495,0.05336721082617427,118,234.0,855.0,319,0.7263157894736842,0.05475510998575845,213.0,19
Sanger,62,0.2,0.1,GoCo-knap (paper path),adapt_150_to_125_q0.6,0.07947500865123491,0.19432783367064732,0.38056778569601774,0.1914824763544463,385,1351.0,15840.0,953,0.914709595959596,0.19596170500037652,1011.0,594
Sanger,62,0.2,0.1,GoCo-dense-knap (tie-level path),adapt_137.57_to_137.33_q0.225,0.0927707651926768,0.19466306285017604,0.38099253836953934,0.1911540338100004,371,1240.0,14239.0,944,0.9129152328112929,0.19517737682762765,924.0,6
Sanger,62,0.2,0.5,GoCo-knap (paper path),adapt_150_to_125_q0.75,0.15813031444063952,0.1959510580325842,0.3818332418193465,0.19278703091993576,386,1359.0,15942.0,959,0.9147534813699661,0.19727109986350091,1017.0,640
Sanger,62,0.2,0.5,GoCo-dense-knap (tie-level path),adapt_131.687_to_131.608_q0.75,0.41590249815193225,0.19913554322216417,0.384670930543471,0.19478842186567363,373,1283.0,15325.0,960,0.9162805872756933,0.19874574125881025,955.0,217
Sanger,63,0.05,0.1,GoCo-knap (paper path),adapt_575_to_550_q0.4,0.07078873574218213,0.04681813504348354,0.20457657850199037,0.04418171485687824,102,188.0,638.0,268,0.7053291536050157,0.04528162775755196,175.0,2
Sanger,63,0.05,0.1,GoCo-dense-knap (tie-level path),adapt_574.291_to_564.036_q0.2,0.08857504428893609,0.0470723889424456,0.2050163258526259,0.0449991840531284,101,188.0,648.0,271,0.7098765432098766,0.04588633099568785,176.0,0
Sanger,63,0.05,0.5,GoCo-knap (paper path),adapt_550_to_525_q0.05,0.46558980484772233,0.04980782742257135,0.210304772847067,0.04707929133234206,108,206.0,720.0,285,0.7138888888888889,0.04804445656656819,190.0,5
Sanger,63,0.05,0.5,GoCo-dense-knap (tie-level path),global_538.398,0.4855301752210316,0.049919165872734754,0.21058171038529244,0.04746157795958396,109,203.0,695.0,287,0.7079136690647482,0.04835211829535772,189.0,0
Sanger,63,0.2,0.1,GoCo-knap (paper path),adapt_150_to_125_q0.6,0.08497510654490525,0.1944714710650239,0.38072788825057735,0.19584936788608084,387,1367.0,16358.0,964,0.9164323266903044,0.19930532013649102,1067.0,537
Sanger,63,0.2,0.1,GoCo-dense-knap (tie-level path),adapt_132.938_to_132.714_q0.75,0.09888114358393485,0.19480526496010195,0.3811866718201533,0.196939710586896,375,1280.0,15154.0,962,0.9155338524481985,0.20020613529180226,999.0,73
Sanger,63,0.2,0.5,GoCo-knap (paper path),adapt_150_to_125_q0.75,0.20682972540940492,0.19669150889079987,0.38250058182501445,0.1982559911080731,389,1382.0,16654.0,974,0.9170169328689804,0.20176673148073515,1076.0,679
Sanger,63,0.2,0.5,GoCo-dense-knap (tie-level path),global_128.747,0.4654076722143523,0.19964631109181882,0.3850177609697436,0.20362688813604674,387,1339.0,16063.0,999,0.9166407271368985,0.20753165833560244,1042.0,0
Sanger,64,0.05,0.1,GoCo-knap (paper path),adapt_575_to_550_q0.5,0.025131011412524093,0.0458164510191608,0.20196077263764564,0.04688161420328219,121,232.0,736.0,296,0.6847826086956522,0.048212164944123316,212.0,11
Sanger,64,0.05,0.1,GoCo-dense-knap (tie-level path),adapt_574.291_to_564.036_q0.6,0.07862117352108175,0.04694073040170142,0.20441728602250644,0.048416560544545816,124,235.0,757.0,304,0.6895640686922061,0.049744000670490715,215.0,23
Sanger,64,0.05,0.5,GoCo-knap (paper path),adapt_550_to_525_q0.175,0.4413237969136925,0.04967190727651573,0.21006036131444186,0.052342081133355485,128,250.0,954.0,322,0.7379454926624738,0.053545098378837176,226.0,37
Sanger,64,0.05,0.5,GoCo-dense-knap (tie-level path),adapt_528.952_to_526.433_q0.15,0.43736007025551615,0.0496497898910193,0.20992564671604452,0.05268718957700761,129,258.0,981.0,324,0.7370030581039755,0.05376668720936855,234.0,36
Sanger,64,0.2,0.1,GoCo-knap (paper path),adapt_150_to_125_q0.75,0.0280897775685446,0.19233907126240596,0.3791440376869771,0.19506077245128114,382,1437.0,16941.0,967,0.9151761997520808,0.19904378431641642,1092.0,637
Sanger,64,0.2,0.1,GoCo-dense-knap (tie-level path),adapt_131.687_to_131.608_q0.4,0.0937077231154661,0.19468177632298161,0.38127534280027126,0.19606399319540346,369,1375.0,16214.0,964,0.9151967435549525,0.19955837074813224,1048.0,123
Sanger,64,0.2,0.5,GoCo-knap (paper path),adapt_150_to_125_q0.75,0.0280897775685446,0.19233907126240596,0.3791440376869771,0.19506077245128114,382,1437.0,16941.0,967,0.9151761997520808,0.19904378431641642,1092.0,637
Sanger,64,0.2,0.5,GoCo-dense-knap (tie-level path),adapt_127.62_to_127.363_q0.6,0.4792060477746304,0.19978743954572079,0.38524149653480233,0.20200349840378307,381,1426.0,16567.0,1001,0.9139252731333374,0.20664067540363662,1083.0,1
Sanger,65,0.05,0.1,GoCo-knap (paper path),adapt_550_to_525_q0.1,0.09209883151687698,0.04712639576882671,0.20451378925052105,0.05523283121166678,109,225.0,901.0,321,0.7502774694783574,0.056347483620131006,205.0,19
Sanger,65,0.05,0.1,GoCo-dense-knap (tie-level path),adapt_528.952_to_526.433_q0.125,0.09703227751629767,0.047187972126509437,0.20464556183620133,0.05559715148716464,111,232.0,903.0,324,0.743078626799557,0.056833209185824546,212.0,14
Sanger,65,0.05,0.5,GoCo-knap (paper path),adapt_550_to_525_q0.2,0.30328769216853246,0.04886594596220888,0.20812673293071218,0.056644735230844206,110,230.0,987.0,327,0.7669706180344478,0.05774247410716562,208.0,42
Sanger,65,0.05,0.5,GoCo-dense-knap (tie-level path),adapt_528.952_to_526.433_q0.15,0.30415262647391106,0.04887105915753819,0.208188471997919,0.056685551700640095,112,236.0,981.0,328,0.7594291539245668,0.0577466767085226,214.0,32
Sanger,65,0.2,0.1,GoCo-knap (paper path),adapt_150_to_125_q0.6,0.0776695368632672,0.1942736141874125,0.38087664459340836,0.19706244817439547,395,1414.0,17252.0,981,0.9180384882912126,0.20114115877421146,1092.0,548
Sanger,65,0.2,0.1,GoCo-dense-knap (tie-level path),global_137.239,0.09595552393728435,0.19473484329515597,0.3813229412537223,0.1972822395744676,379,1285.0,15767.0,973,0.9185006659478658,0.20113952117163816,991.0,0
Sanger,65,0.2,0.5,GoCo-knap (paper path),adapt_150_to_125_q0.75,0.1312678848726444,0.1954735365353835,0.3818153486621058,0.19824342630544942,400,1430.0,17522.0,985,0.9183883118365483,0.20219002328354194,1105.0,669
Sanger,65,0.2,0.5,GoCo-dense-knap (tie-level path),adapt_131.687_to_131.608_q0.6,0.4829930147037635,0.19982606322540866,0.38549335166870263,0.20189219791638224,394,1337.0,16759.0,1001,0.9202219702846232,0.20771174150511773,1021.0,188
Sanger,66,0.05,0.1,GoCo-knap (paper path),adapt_550_to_525_q0.1,0.043425130439343096,0.046319265864485856,0.20316138042129783,0.05413045698290843,135,234.0,840.0,338,0.7214285714285714,0.05580577348074214,214.0,9
Sanger,66,0.05,0.1,GoCo-dense-knap (tie-level path),adapt_528.952_to_526.433_q0.1,0.06481937139691704,0.04672903113611013,0.20397963026930377,0.05444276256764189,137,242.0,849.0,340,0.7149587750294464,0.05606955350246301,222.0,8
Sanger,66,0.05,0.5,GoCo-knap (paper path),adapt_550_to_525_q0.15,0.22240144383249233,0.04832243199839327,0.20749123063417826,0.05602551103973175,136,238.0,944.0,346,0.7478813559322034,0.057584552118118776,215.0,34
Sanger,66,0.05,0.5,GoCo-dense-knap (tie-level path),adapt_528.952_to_526.433_q0.175,0.31826459774184174,0.048956111287035003,0.20877296865208197,0.05642864653404723,139,247.0,962.0,349,0.7432432432432432,0.05792049837339365,224.0,37
Sanger,66,0.2,0.1,GoCo-knap (paper path),adapt_150_to_125_q0.75,0.04946894145734671,0.19336220283066272,0.38019630132384385,0.20297944792707984,403,1386.0,17593.0,999,0.9212186665150912,0.20720898882806102,1038.0,707
Sanger,66,0.2,0.1,GoCo-dense-knap (tie-level path),adapt_131.687_to_131.608_q0.5,0.09154850167093248,0.194625580559063,0.3815369582536818,0.20274869373103674,388,1317.0,16696.0,991,0.9211188308576904,0.2067591405161818,985.0,145
Sanger,66,0.2,0.5,GoCo-knap (paper path),adapt_150_to_125_q0.75,0.04946894145734671,0.19336220283066272,0.38019630132384385,0.20297944792707984,403,1386.0,17593.0,999,0.9212186665150912,0.20720898882806102,1038.0,707
Sanger,66,0.2,0.5,GoCo-dense-knap (tie-level path),global_128.747,0.46814388238475985,0.19967399892742144,0.3854324632632515,0.20659501952393458,397,1348.0,17014.0,1016,0.9207711296579287,0.21122094398116212,1008.0,0
Sanger,67,0.05,0.1,GoCo-knap (paper path),adapt_575_to_550_q0.6,0.011181785304476308,0.04516995986493991,0.1998495795439631,0.04939067538614903,118,208.0,727.0,304,0.7138927097661623,0.051272596493947414,186.0,10
Sanger,67,0.05,0.1,GoCo-dense-knap (tie-level path),global_564.036,0.08967488483422575,0.04710304383747363,0.20390034253333839,0.0508228017995499,122,216.0,759.0,313,0.7154150197628458,0.05264562125101869,193.0,0
Sanger,67,0.05,0.5,GoCo-knap (paper path),adapt_550_to_525_q0.175,0.47988478879635815,0.04988804649256347,0.2097555142521366,0.0541358298777466,125,226.0,909.0,328,0.7513751375137514,0.05602372649468874,200.0,29
Sanger,67,0.05,0.5,GoCo-dense-knap (tie-level path),adapt_528.952_to_526.433_q0.1,0.3175904437257935,0.048956807524272804,0.20780247584005596,0.05182802943139434,125,232.0,839.0,319,0.7234803337306317,0.05356521079481516,208.0,8
Sanger,67,0.2,0.1,GoCo-knap (paper path),adapt_150_to_125_q0.6,0.04012914267162997,0.1929750503731105,0.3795602588697877,0.1925985634627294,375,1350.0,16577.0,951,0.9185618628219823,0.19686767094145963,1009.0,507
Sanger,67,0.2,0.1,GoCo-dense-knap (tie-level path),adapt_137.57_to_137.33_q0.4,0.07570721896619087,0.19422237790597163,0.3806333245818031,0.19230135773357593,363,1254.0,15106.0,945,0.9169866278300013,0.19613356059969872,941.0,21
Sanger,67,0.2,0.5,GoCo-knap (paper path),adapt_150_to_125_q0.75,0.19406526605582175,0.19650836232540803,0.38237226619977527,0.19546804178802324,378,1372.0,16925.0,963,0.9189364844903988,0.19969214386862577,1027.0,660
Sanger,67,0.2,0.5,GoCo-dense-knap (tie-level path),adapt_131.687_to_131.608_q0.75,0.2846380804556512,0.19769045732251422,0.383528937005149,0.19757875350928653,372,1310.0,16304.0,974,0.9196516192345436,0.2029094265362984,974.0,238
Sanger,68,0.05,0.1,GoCo-knap (paper path),adapt_575_to_550_q0.75,0.06611268620951216,0.04675244311253639,0.2038843166784556,0.04977736905934696,128,230.0,702.0,319,0.6723646723646723,0.05109129216342597,215.0,41
Sanger,68,0.05,0.1,GoCo-dense-knap (tie-level path),global_564.036,0.08849269055289422,0.04707711843787903,0.2046072954205662,0.05000133322508044,126,228.0,702.0,318,0.6752136752136753,0.05131525632915945,213.0,0
Sanger,68,0.05,0.5,GoCo-knap (paper path),adapt_550_to_525_q0.225,0.39186966311147403,0.04939190126151394,0.20940462080868852,0.05299214357958662,130,239.0,824.0,333,0.7099514563106796,0.054348193284245117,222.0,25
Sanger,68,0.05,0.5,GoCo-dense-knap (tie-level path),adapt_528.952_to_526.433_q0.25,0.46933605148513324,0.0498288076252506,0.21028701497689356,0.05371222229046624,132,249.0,852.0,337,0.7077464788732394,0.055008208885171515,232.0,25
Sanger,68,0.2,0.1,GoCo-knap (paper path),adapt_150_to_125_q0.3,0.09618882128660633,0.1947374287717448,0.38153594124188484,0.1878424739250277,359,1231.0,15024.0,928,0.9180644302449414,0.1915520109861989,952.0,284
Sanger,68,0.2,0.1,GoCo-dense-knap (tie-level path),adapt_141.261_to_141.009_q0.75,0.09656868774597327,0.19474959100875627,0.381304651673489,0.1902655589653957,360,1198.0,14120.0,939,0.9151558073654391,0.19398769325798865,929.0,123
Sanger,68,0.2,0.5,GoCo-knap (paper path),adapt_150_to_125_q0.75,0.33348097561719997,0.19825263576314314,0.38376466018605904,0.19315349911522092,381,1339.0,16168.0,958,0.9171820880752103,0.1971198573758594,1033.0,648
Sanger,68,0.2,0.5,GoCo-dense-knap (tie-level path),adapt_131.687_to_131.608_q0.4,0.44025401269984915,0.1993875841618892,0.3850249584117819,0.19399491272207603,367,1259.0,15396.0,953,0.918225513120291,0.19755785881405047,969.0,115
Sanger,69,0.05,0.1,GoCo-knap (paper path),adapt_575_to_550_q0.275,0.08556770284920223,0.047037864820443614,0.20455679885785444,0.04322632833197296,109,215.0,682.0,275,0.6847507331378299,0.04486562160134716,198.0,3
Sanger,69,0.05,0.1,GoCo-dense-knap (tie-level path),adapt_580.625_to_574.291_q0.5,0.0803231571229,0.046965181620677275,0.20444664481627242,0.04325299072439166,109,214.0,678.0,275,0.6843657817109144,0.04489228399376586,197.0,1
Sanger,69,0.05,0.5,GoCo-knap (paper path),adapt_550_to_525_q0.05,0.4665949676910087,0.04981359274056104,0.21014879116536095,0.04528306591150341,119,234.0,739.0,289,0.6833558863328822,0.04695595381708455,212.0,2
Sanger,69,0.05,0.5,GoCo-dense-knap (tie-level path),global_539.932,0.48897443336715624,0.049938488371279864,0.21032235409407707,0.04555182290103908,118,234.0,740.0,290,0.6837837837837838,0.04722471080662021,212.0,0
Sanger,69,0.2,0.1,GoCo-knap (paper path),adapt_150_to_125_q0.35,0.06851818285422265,0.19400860217557966,0.3808161699826345,0.18779475502377796,368,1307.0,14746.0,938,0.9113657941136579,0.1916076582263058,1022.0,193
Sanger,69,0.2,0.1,GoCo-dense-knap (tie-level path),global_141.69,0.09734672025793223,0.1947663883026731,0.3814138502483124,0.18789588582742656,356,1247.0,13870.0,930,0.9100937274693583,0.19118164142662575,982.0,0
Sanger,69,0.2,0.5,GoCo-knap (paper path),adapt_150_to_125_q0.75,0.44922410646470695,0.19948044015062105,0.3847554609732937,0.19241985301554937,373,1407.0,16198.0,956,0.9131374243733794,0.19618440309470606,1109.0,637
Sanger,69,0.2,0.5,GoCo-dense-knap (tie-level path),adapt_131.687_to_131.608_q0.4,0.47808838722426383,0.19977597953176957,0.3852824697135323,0.19277420082658295,360,1325.0,15332.0,947,0.9135794416905818,0.19608243274995754,1041.0,98
Sanger,70,0.05,0.1,GoCo-knap (paper path),adapt_575_to_550_q0.6,0.09358911081606375,0.04714423205838628,0.20462629786766007,0.04573791030740151,117,214.0,692.0,290,0.6907514450867052,0.047048722789909646,200.0,6
Sanger,70,0.05,0.1,GoCo-dense-knap (tie-level path),adapt_574.291_to_564.036_q0.6,0.09150828087191365,0.047116242806259104,0.20468402966112512,0.04605491818799684,117,214.0,698.0,291,0.6934097421203438,0.04724317250433321,202.0,1
Sanger,70,0.05,0.5,GoCo-knap (paper path),adapt_550_to_525_q0.125,0.4267903259491821,0.049590683360765504,0.20961175967071388,0.04900123901156268,127,234.0,772.0,311,0.6968911917098446,0.05042905841535844,216.0,7
Sanger,70,0.05,0.5,GoCo-dense-knap (tie-level path),adapt_528.952_to_526.433_q0.1,0.38447874687318556,0.04934965277426829,0.20924655384679008,0.04927169272106679,131,241.0,786.0,314,0.693384223918575,0.050919404215401524,222.0,5
Sanger,70,0.2,0.1,GoCo-knap (paper path),adapt_150_to_125_q0.175,0.051052131536349674,0.1934244033771676,0.3801558849050537,0.18265495459149692,365,1276.0,14680.0,905,0.9130790190735695,0.1864610581922638,969.0,114
Sanger,70,0.2,0.1,GoCo-dense-knap (tie-level path),adapt_144.009_to_143.573_q0.75,0.08209883808301777,0.1943942736075216,0.38084701040883556,0.18369407418193368,369,1252.0,14192.0,913,0.9117812852311161,0.1876992502144443,957.0,108
Sanger,70,0.2,0.5,GoCo-knap (paper path),adapt_150_to_125_q0.75,0.36234418181720185,0.19856988916743298,0.3837557045917736,0.18824828877828156,386,1424.0,16737.0,933,0.9149190416442612,0.19218531347402398,1086.0,648
Sanger,70,0.2,0.5,GoCo-dense-knap (tie-level path),adapt_131.687_to_131.608_q0.125,0.4957529648188275,0.19995662653747825,0.3850476298250914,0.1875085420964947,375,1347.0,15653.0,926,0.913946208394557,0.1913710444498169,1027.0,25
Sanger,71,0.05,0.1,GoCo-knap (paper path),adapt_550_to_525_q0.075,0.09890745159268666,0.04720998055935974,0.20475404888480614,0.049437669550317934,120,227.0,788.0,304,0.7119289340101523,0.050570363533857285,210.0,4
Sanger,71,0.05,0.1,GoCo-dense-knap (tie-level path),global_539.932,0.08907608872059453,0.04708718327305747,0.20445231140303755,0.04971977825394403,119,221.0,760.0,305,0.7092105263157895,0.05080724870504484,206.0,0
Sanger,71,0.05,0.5,GoCo-knap (paper path),adapt_550_to_525_q0.125,0.3845446091590934,0.04934964811807249,0.20937091089587945,0.0508294742191492,123,235.0,879.0,311,0.732650739476678,0.05203788941611368,215.0,28
Sanger,71,0.05,0.5,GoCo-dense-knap (tie-level path),adapt_528.952_to_526.433_q0.1,0.3359852859006883,0.04906501771821284,0.20867992075659056,0.05063915689875271,122,235.0,847.0,310,0.7225501770956316,0.051801343607608845,216.0,15
Sanger,71,0.2,0.1,GoCo-knap (paper path),adapt_150_to_125_q0.5,0.07232167571444013,0.19412387933697178,0.38071008529748596,0.19589270735441103,379,1388.0,16289.0,966,0.9147891214930322,0.20003266770054753,1043.0,414
Sanger,71,0.2,0.1,GoCo-dense-knap (tie-level path),adapt_131.687_to_131.608_q0.3,0.09135935628749359,0.19462500805051083,0.3812479856000735,0.19708323382250006,376,1346.0,15881.0,966,0.9152446319501291,0.20084423891374004,1009.0,56
Sanger,71,0.2,0.5,GoCo-knap (paper path),adapt_150_to_125_q0.75,0.1587797267779067,0.19595939215427816,0.382071344501228,0.1980793249133186,383,1419.0,16894.0,974,0.9160056824908251,0.2021081442695449,1061.0,649
Sanger,71,0.2,0.5,GoCo-dense-knap (tie-level path),global_128.747,0.44711839438105455,0.19945835277097831,0.3850512223393348,0.20193653683045676,380,1388.0,16418.0,991,0.9154586429528566,0.2060566326838992,1037.0,0
Sanger,72,0.05,0.1,GoCo-knap (paper path),adapt_575_to_550_q0.5,0.05358960490081881,0.04653914321832896,0.20303074595485734,0.0492403882781976,100,198.0,674.0,291,0.7062314540059347,0.05033034720319383,186.0,17
Sanger,72,0.05,0.1,GoCo-dense-knap (tie-level path),adapt_574.291_to_564.036_q0.6,0.08781832095325759,0.047075519067153127,0.20408176714532833,0.050446062048632244,104,203.0,693.0,298,0.7070707070707071,0.051648003056495216,190.0,23
Sanger,72,0.05,0.5,GoCo-knap (paper path),adapt_550_to_525_q0.125,0.47569569455157434,0.04986444491671171,0.21015905403567825,0.05175616352381925,106,211.0,805.0,304,0.737888198757764,0.05279946325207077,197.0,16
Sanger,72,0.05,0.5,GoCo-dense-knap (tie-level path),adapt_528.952_to_526.433_q0.075,0.3711578645889992,0.0492735669247062,0.20881113351434263,0.05183385490436703,108,220.0,758.0,306,0.7097625329815304,0.05300975814378275,206.0,4
Sanger,72,0.2,0.1,GoCo-knap (paper path),adapt_150_to_125_q0.225,0.09758294586959065,0.19478170614751314,0.3807001626313648,0.18752248690349924,341,1122.0,14408.0,919,0.9221265963353692,0.19055314023644232,865.0,142
Sanger,72,0.2,0.1,GoCo-dense-knap (tie-level path),global_146.231,0.09287729274578094,0.19467091649450424,0.380616211849594,0.18630950666488486,338,1084.0,13513.0,915,0.9197809516761637,0.18930313596866966,845.0,0
Sanger,72,0.2,0.5,GoCo-knap (paper path),adapt_150_to_125_q0.6,0.42363667025292623,0.19921810587678743,0.3836800142485021,0.19158259678928208,359,1232.0,16014.0,941,0.9230673160984139,0.1949061774793691,954.0,505
Sanger,72,0.2,0.5,GoCo-dense-knap (tie-level path),global_137.239,0.4875840346618721,0.1998734035038302,0.38437531604431596,0.1901099365275491,345,1152.0,14566.0,931,0.9209117122065084,0.19302777178076588,900.0,0
Sanger,73,0.05,0.1,GoCo-knap (paper path),adapt_600_to_575_q0.5,0.045122486258682634,0.04635716862793039,0.2032228864149606,0.04308821708798275,87,145.0,586.0,254,0.7525597269624573,0.0442018166835204,131.0,5
Sanger,73,0.05,0.1,GoCo-dense-knap (tie-level path),global_592.237,0.026810728852399844,0.04587446509677361,0.2020337211433065,0.0428082618808159,88,147.0,585.0,254,0.7487179487179487,0.04392186147635354,133.0,0
Sanger,73,0.05,0.5,GoCo-knap (paper path),adapt_575_to_550_q0.75,0.3112665220185379,0.04891889604902086,0.20756022472124797,0.04510051733902828,92,157.0,631.0,266,0.751188589540412,0.04630743533472999,141.0,15
Sanger,73,0.05,0.5,GoCo-dense-knap (tie-level path),adapt_574.291_to_564.036_q0.6,0.2827727411766551,0.04874100880276126,0.20706807177427164,0.044673288732867224,92,157.0,630.0,264,0.7507936507936508,0.045805552011107545,141.0,7
Sanger,73,0.2,0.1,GoCo-knap (paper path),adapt_150_to_125_q0.15,0.08055624244291137,0.19436471813524778,0.3800550816890936,0.18605634235054222,324,1016.0,13330.0,906,0.923780945236309,0.19004405451915565,741.0,74
Sanger,73,0.2,0.1,GoCo-dense-knap (tie-level path),adapt_144.009_to_143.573_q0.075,0.09576862506948003,0.19474391702794464,0.3803456240189432,0.18647831204823925,327,1004.0,12971.0,910,0.9225965615604039,0.19063447834996866,736.0,0
Sanger,73,0.2,0.5,GoCo-knap (paper path),adapt_150_to_125_q0.75,0.3498867397067267,0.19843816835278094,0.3827735953146461,0.1898026427823512,348,1160.0,15506.0,927,0.9251902489358957,0.1935777949025356,851.0,614
Sanger,73,0.2,0.5,GoCo-dense-knap (tie-level path),global_136.618,0.492268484260471,0.19992122660022757,0.38412465189074313,0.19095942028292348,334,1062.0,14028.0,928,0.9242942686056459,0.19485288281056276,782.0,0
Sanger,74,0.05,0.1,GoCo-knap (paper path),adapt_550_to_525_q0.05,0.08359816644545037,0.04701390231184184,0.2043149622750351,0.052269434675257256,133,249.0,789.0,327,0.6844106463878327,0.05373790522438682,231.0,2
Sanger,74,0.05,0.1,GoCo-dense-knap (tie-level path),adapt_528.952_to_526.433_q0.05,0.0940643516044205,0.04715031054599959,0.20463099793684092,0.05340366440283892,136,254.0,804.0,333,0.6840796019900498,0.054842273078333226,237.0,1
Sanger,74,0.05,0.5,GoCo-knap (paper path),adapt_550_to_525_q0.2,0.4334141658442895,0.049627664132378214,0.20984852067276322,0.05434510919775434,135,258.0,945.0,335,0.726984126984127,0.05562766679257054,239.0,37
Sanger,74,0.05,0.5,GoCo-dense-knap (tie-level path),adapt_528.952_to_526.433_q0.175,0.46499200889451936,0.04980459013362396,0.2101866837519979,0.055491898231383535,137,265.0,955.0,341,0.7225130890052356,0.05677738309507274,246.0,33
Sanger,74,0.2,0.1,GoCo-knap (paper path),adapt_150_to_125_q0.75,0.07950559861691214,0.19431541518104273,0.3814569819668898,0.198611004401962,400,1482.0,17021.0,984,0.9129310851301333,0.2027982499938529,1122.0,668
Sanger,74,0.2,0.1,GoCo-dense-knap (tie-level path),adapt_131.687_to_131.608_q0.35,0.08988271058881608,0.19458008323497053,0.38184185620988065,0.20063995538072918,388,1409.0,16216.0,987,0.9131105081401085,0.20459139325383796,1065.0,78
Sanger,74,0.2,0.5,GoCo-knap (paper path),adapt_150_to_125_q0.75,0.07950559861691214,0.19431541518104273,0.3814569819668898,0.198611004401962,400,1482.0,17021.0,984,0.9129310851301333,0.2027982499938529,1122.0,668
Sanger,74,0.2,0.5,GoCo-dense-knap (tie-level path),global_128.747,0.48752217410498006,0.1998722330353023,0.3860052852813893,0.2040083867705282,397,1445.0,16572.0,1010,0.9128047308713493,0.20875086886484973,1088.0,0
Sanger,75,0.05,0.1,GoCo-knap (paper path),adapt_575_to_550_q0.5,0.07333597463580724,0.046868959996487276,0.20388231351081515,0.04500700500016784,99,165.0,625.0,272,0.736,0.046089498463429905,156.0,4
Sanger,75,0.05,0.1,GoCo-dense-knap (tie-level path),adapt_580.625_to_574.291_q0.75,0.08806457010720176,0.047075232306551196,0.20433454323591485,0.044832810659424585,98,164.0,622.0,271,0.7363344051446945,0.045710003646330495,156.0,8
Sanger,75,0.05,0.5,GoCo-knap (paper path),adapt_575_to_550_q0.75,0.42260016851732995,0.04956703504278048,0.20957760259559677,0.045969711586182224,106,182.0,662.0,279,0.7250755287009063,0.04676851710640436,170.0,34
Sanger,75,0.05,0.5,GoCo-dense-knap (tie-level path),global_564.036,0.42938630784543314,0.04960537184341788,0.20960260139613443,0.04644323583412811,105,182.0,666.0,280,0.7267267267267268,0.047242041354350256,170.0,0
Sanger,75,0.2,0.1,GoCo-knap (paper path),adapt_150_to_125_q0.4,0.049402200351011914,0.19335636357408545,0.3803802213275987,0.19083486991660192,360,1225.0,14875.0,941,0.9176470588235294,0.19414360033971864,941.0,255
Sanger,75,0.2,0.1,GoCo-dense-knap (tie-level path),global_141.69,0.09848381033616538,0.19479269051212822,0.3814323431281141,0.191673037446493,354,1168.0,13697.0,945,0.9147258523764328,0.19488977940058522,906.0,0
Sanger,75,0.2,0.5,GoCo-knap (paper path),adapt_150_to_125_q0.75,0.2761134333838992,0.1975884482738313,0.38341822533229114,0.19430088282699415,375,1305.0,15983.0,960,0.9183507476693987,0.19782662197430217,1004.0,620
Sanger,75,0.2,0.5,GoCo-dense-knap (tie-level path),adapt_131.687_to_131.608_q0.5,0.49306889123818065,0.1999291408401645,0.38543917920549836,0.19816353262672232,363,1247.0,15270.0,975,0.9183366077275704,0.20223690249684945,959.0,115
Sanger,76,0.05,0.1,GoCo-knap (paper path),adapt_575_to_550_q0.35,0.07032551543502938,0.04681812698898217,0.2041009792857364,0.04328587432657885,123,226.0,668.0,286,0.6616766467065869,0.04476963692456317,210.0,3
Sanger,76,0.05,0.1,GoCo-dense-knap (tie-level path),adapt_580.625_to_574.291_q0.35,0.09101627389959965,0.047107349258738676,0.20485394296742945,0.04352228095189722,123,226.0,666.0,287,0.6606606606606606,0.04506203459798956,210.0,3
Sanger,76,0.05,0.5,GoCo-knap (paper path),adapt_550_to_525_q0.075,0.4962027522688123,0.04997876713421918,0.21082278607344845,0.046250971334111386,133,248.0,751.0,304,0.6697736351531292,0.047784312324721495,227.0,4
Sanger,76,0.05,0.5,GoCo-dense-knap (tie-level path),global_539.932,0.4510986605762303,0.04972661821279246,0.2102525640465314,0.04646962352455797,133,244.0,731.0,305,0.6662106703146374,0.047957740982729535,225.0,0
Sanger,76,0.2,0.1,GoCo-knap (paper path),adapt_150_to_125_q0.6,0.04091175444610515,0.1930003884430696,0.38014437475183466,0.19047155019817802,378,1415.0,16320.0,948,0.913296568627451,0.1943384222561141,1099.0,487
Sanger,76,0.2,0.1,GoCo-dense-knap (tie-level path),adapt_137.57_to_137.33_q0.3,0.07830300771747221,0.19428932838445548,0.38099625521022623,0.19258448554980928,372,1313.0,15022.0,950,0.912594860870723,0.19631665565932852,1021.0,28
Sanger,76,0.2,0.5,GoCo-knap (paper path),adapt_150_to_125_q0.75,0.13883053306204518,0.19561182075600106,0.3820264744312473,0.19284732236974317,380,1443.0,16675.0,957,0.913463268365817,0.1966407978254363,1125.0,645
Sanger,76,0.2,0.5,GoCo-dense-knap (tie-level path),adapt_131.687_to_131.608_q0.75,0.3784148322584335,0.1987395668314729,0.3847049473995557,0.194736021082986,380,1376.0,16007.0,962,0.914037608546261,0.19912996029800423,1067.0,229
Sanger,77,0.05,0.1,GoCo-knap (paper path),adapt_575_to_550_q0.5,0.06769304438289608,0.0467766318178289,0.20401761965839527,0.04362626431169862,116,231.0,664.0,280,0.6521084337349398,0.044869265434189315,215.0,12
Sanger,77,0.05,0.1,GoCo-dense-knap (tie-level path),adapt_574.291_to_564.036_q0.6,0.07878471437007545,0.046944567330592,0.20432179588599397,0.04407419264316559,116,232.0,669.0,282,0.6532137518684604,0.045205211682789535,216.0,9
Sanger,77,0.05,0.5,GoCo-knap (paper path),adapt_550_to_525_q0.25,0.48070213440847526,0.04989226484913971,0.21040841075500694,0.04781384045906857,119,244.0,763.0,301,0.6802096985583224,0.04900713329018831,224.0,14
Sanger,77,0.05,0.5,GoCo-dense-knap (tie-level path),adapt_528.952_to_526.433_q0.175,0.3839568331606788,0.04934641385206555,0.20931512960219564,0.04745891855118123,120,248.0,748.0,300,0.6684491978609626,0.04884509926480382,229.0,6
Sanger,77,0.2,0.1,GoCo-knap (paper path),adapt_150_to_125_q0.5,0.041424811618573365,0.19302536250228472,0.380058321953627,0.1908846959588509,381,1332.0,15911.0,945,0.9162843315944944,0.19459408253998667,1034.0,488
Sanger,77,0.2,0.1,GoCo-dense-knap (tie-level path),global_134.461,0.09309136343624708,0.1946641457702112,0.3814707456978516,0.19388915197579618,371,1251.0,14781.0,954,0.9153643190582504,0.1972644632333871,974.0,0
Sanger,77,0.2,0.5,GoCo-knap (paper path),adapt_150_to_125_q0.75,0.23485936100072657,0.1970693242126818,0.3831261624135248,0.19518915382438118,388,1357.0,16382.0,967,0.917165181296545,0.19899070096710095,1052.0,693
Sanger,77,0.2,0.5,GoCo-dense-knap (tie-level path),adapt_131.687_to_131.608_q0.75,0.45161969657193374,0.1995043201339496,0.3853438255483337,0.1976179775505557,380,1291.0,15665.0,976,0.9175869773380146,0.20251272333762949,996.0,213
Sanger,78,0.05,0.1,GoCo-knap (paper path),adapt_600_to_575_q0.35,0.04396294703615135,0.046322523369764564,0.20367271527874994,0.040793917484139276,105,183.0,569.0,264,0.6783831282952548,0.04149069488716019,176.0,0
Sanger,78,0.05,0.1,GoCo-dense-knap (tie-level path),adapt_592.237_to_584.926_q0.275,0.05225784289100216,0.04650167881628349,0.2036681989709904,0.04066815982673897,109,192.0,580.0,266,0.6689655172413793,0.04141532917238964,183.0,0
Sanger,78,0.05,0.5,GoCo-knap (paper path),adapt_575_to_550_q0.75,0.49768309464829713,0.0499870959741088,0.2099901456143774,0.04438436525599553,116,212.0,655.0,285,0.6763358778625954,0.0453778951826181,197.0,43
Sanger,78,0.05,0.5,GoCo-dense-knap (tie-level path),adapt_574.291_to_564.036_q0.75,0.4354224601757637,0.04964002924839905,0.20924744050891553,0.0434885085930616,116,212.0,650.0,281,0.6738461538461539,0.04448203851968417,197.0,31
Sanger,78,0.2,0.1,GoCo-knap (paper path),adapt_150_to_125_q0.4,0.09041455161419543,0.1946005936656973,0.38132669237428607,0.18975193428432555,373,1345.0,15428.0,938,0.9128208452164895,0.19352668504765694,1021.0,307
Sanger,78,0.2,0.1,GoCo-dense-knap (tie-level path),adapt_141.261_to_141.009_q0.6,0.07761474074615721,0.19427284385643623,0.3808268308438509,0.1892574642533551,368,1264.0,14321.0,934,0.9117380071224076,0.19280132584582518,966.0,89
Sanger,78,0.2,0.5,GoCo-knap (paper path),adapt_150_to_125_q0.75,0.37674046886816637,0.19872338787568722,0.3841763737992602,0.19374999015822522,384,1403.0,16521.0,953,0.9150777797954119,0.1973063527603299,1071.0,749
Sanger,78,0.2,0.5,GoCo-dense-knap (tie-level path),adapt_131.687_to_131.608_q0.75,0.46833961848930017,0.1996762153850614,0.385183651652767,0.1941278876809764,375,1333.0,15651.0,954,0.9148297233403616,0.19798191716395994,1014.0,135
Sanger,79,0.05,0.1,GoCo-knap (paper path),adapt_575_to_550_q0.35,0.07315449306561882,0.046860518787294775,0.20424826433590057,0.04776514150861396,123,225.0,706.0,302,0.6813031161473088,0.049241438628177495,208.0,10
Sanger,79,0.05,0.1,GoCo-dense-knap (tie-level path),adapt_574.291_to_564.036_q0.35,0.06505457024713418,0.04672807671273176,0.2042893821632061,0.047232782243347385,123,222.0,701.0,300,0.6833095577746077,0.04854919382799646,206.0,0
Sanger,79,0.05,0.5,GoCo-knap (paper path),adapt_550_to_525_q0.1,0.3704318702744346,0.049267590436308684,0.2093058520862015,0.04953361237369486,131,239.0,817.0,316,0.7074663402692778,0.050863006897896426,221.0,10
Sanger,79,0.05,0.5,GoCo-dense-knap (tie-level path),adapt_528.952_to_526.433_q0.1,0.4328421696530417,0.0496243174787172,0.20991423629661246,0.05038671225542985,132,246.0,830.0,320,0.7036144578313253,0.051619055653606256,228.0,8
Sanger,79,0.2,0.1,GoCo-knap (paper path),adapt_150_to_125_q0.75,0.036100557976331694,0.19277726782613466,0.379684548579452,0.19546166406433366,382,1438.0,17231.0,970,0.9165457605478498,0.19911484318511083,1115.0,651
Sanger,79,0.2,0.1,GoCo-dense-knap (tie-level path),adapt_131.687_to_131.608_q0.5,0.0826156248703615,0.19440225784387816,0.3812365845693333,0.19816749955945692,378,1376.0,16446.0,981,0.9163322388422717,0.2023580610151387,1064.0,142
Sanger,79,0.2,0.5,GoCo-knap (paper path),adapt_150_to_125_q0.75,0.036100557976331694,0.19277726782613466,0.379684548579452,0.19546166406433366,382,1438.0,17231.0,970,0.9165457605478498,0.19911484318511083,1115.0,651
Sanger,79,0.2,0.5,GoCo-dense-knap (tie-level path),adapt_127.62_to_127.363_q0.75,0.4539274696789356,0.19952828399553407,0.38517149698260184,0.20326581631368912,383,1418.0,16809.0,1008,0.9156404307216373,0.2074225203954893,1100.0,5
Sanger,80,0.05,0.1,GoCo-knap (paper path),global_575,0.09663932192354624,0.04717798879561112,0.2050102065774812,0.0430556889544142,94,177.0,599.0,258,0.7045075125208681,0.04336986089874088,171.0,0
Sanger,80,0.05,0.1,GoCo-dense-knap (tie-level path),global_580.625,0.09663932192354624,0.04717798879561112,0.2050102065774812,0.0430556889544142,94,177.0,599.0,258,0.7045075125208681,0.04336986089874088,171.0,0
Sanger,80,0.05,0.5,GoCo-knap (paper path),adapt_550_to_525_q0.04,0.4876677429008982,0.049931202285689084,0.21030358598482277,0.045641764070659306,100,192.0,661.0,274,0.7095310136157338,0.04607538356626154,183.0,1
Sanger,80,0.05,0.5,GoCo-dense-knap (tie-level path),global_548.368,0.4876677429008976,0.049931202285689084,0.2103035859848123,0.04555964387477712,101,195.0,656.0,274,0.7027439024390244,0.04597459969435133,186.0,0
Sanger,80,0.2,0.1,GoCo-knap (paper path),adapt_175_to_150_q0.75,0.000305384069233927,0.18639803835784327,0.37513605135679096,0.17481419012567898,354,1221.0,12747.0,874,0.9042127559425748,0.17891360689517766,934.0,667
Sanger,80,0.2,0.1,GoCo-dense-knap (tie-level path),adapt_151.026_to_150.41_q0.2,0.09651402599543146,0.19473746423290494,0.3820915060827906,0.17958334565896872,355,1215.0,12624.0,896,0.903754752851711,0.18370804051802914,934.0,27
Sanger,80,0.2,0.5,GoCo-knap (paper path),adapt_150_to_125_q0.6,0.4858504201938738,0.19985526531894698,0.38558701807770596,0.18496370805137502,386,1428.0,15758.0,925,0.9093793628633076,0.18952142005204353,1085.0,502
Sanger,80,0.2,0.5,GoCo-dense-knap (tie-level path),adapt_137.57_to_137.33_q0.275,0.4870294096083531,0.19986727392652137,0.3857486287177363,0.18372639246777217,372,1316.0,14264.0,912,0.9077397644419518,0.187778473661301,1005.0,11
Sanger,81,0.05,0.1,GoCo-knap (paper path),adapt_550_to_525_q0.125,0.06562809877575934,0.0467475902737922,0.20367719509512416,0.053003430660200815,113,230.0,736.0,319,0.6875,0.05446088635774636,213.0,3
Sanger,81,0.05,0.1,GoCo-dense-knap (tie-level path),adapt_528.952_to_526.433_q0.125,0.09093657790006981,0.04711257274134566,0.2044094511924831,0.053608133898336706,114,237.0,767.0,322,0.6910039113428944,0.055035727715572344,220.0,3
Sanger,81,0.05,0.5,GoCo-knap (paper path),adapt_550_to_525_q0.2,0.39484879191749395,0.04940920441415189,0.2093549087056432,0.05409374510053825,113,234.0,821.0,323,0.7149817295980512,0.055508540959534426,217.0,21
Sanger,81,0.05,0.5,GoCo-dense-knap (tie-level path),adapt_528.952_to_526.433_q0.2,0.4395382767993395,0.04966222987319662,0.20982262614979771,0.054698448338674134,114,241.0,852.0,326,0.7171361502347418,0.05608338231736041,224.0,21
Sanger,81,0.2,0.1,GoCo-knap (paper path),adapt_150_to_125_q0.6,0.07989392596897882,0.1943350205864412,0.38084973483949636,0.1991896349932552,395,1400.0,16835.0,987,0.9168399168399168,0.20345697984650046,1086.0,543
Sanger,81,0.2,0.1,GoCo-dense-knap (tie-level path),adapt_131.687_to_131.608_q0.275,0.08282948252793632,0.19440979985174073,0.38110814955166583,0.19913298096194915,381,1319.0,16157.0,976,0.918363557591137,0.2029061175106888,1023.0,89
Sanger,81,0.2,0.5,GoCo-knap (paper path),adapt_150_to_125_q0.75,0.10881850080842087,0.19502581116621184,0.38132155885101154,0.19959403477350515,397,1413.0,17088.0,988,0.917310393258427,0.20375608367655607,1095.0,663
Sanger,81,0.2,0.5,GoCo-dense-knap (tie-level path),global_128.747,0.46684600822282696,0.1996609057198444,0.3851839983436163,0.20380339011766876,393,1367.0,16603.0,1008,0.9176654821417816,0.20856593383052716,1056.0,0
Sanger,82,0.05,0.1,GoCo-knap (paper path),adapt_575_to_550_q0.75,0.05122918557204792,0.04649359301947127,0.2029257025772227,0.04934312742941858,122,215.0,721.0,309,0.7018030513176144,0.05054382419866517,201.0,34
Sanger,82,0.05,0.1,GoCo-dense-knap (tie-level path),global_564.036,0.08628974328368405,0.047053378062014935,0.20417213231441206,0.04949074018108351,121,215.0,731.0,308,0.7058823529411765,0.05057945486746336,201.0,0
Sanger,82,0.05,0.5,GoCo-knap (paper path),adapt_550_to_525_q0.15,0.49472366960603487,0.0499705689647675,0.2103029270500079,0.05334236365883775,123,226.0,923.0,325,0.7551462621885157,0.05443872880495142,210.0,34
Sanger,82,0.05,0.5,GoCo-dense-knap (tie-level path),adapt_528.952_to_526.433_q0.125,0.14210605980091934,0.047672755762674435,0.20538340488530574,0.05181504439600104,124,232.0,863.0,319,0.7311703360370799,0.05281595815002318,217.0,15
Sanger,82,0.2,0.1,GoCo-knap (paper path),adapt_150_to_125_q0.75,0.048278296741478426,0.1933190796926344,0.379958994303792,0.1979631110174792,383,1374.0,16364.0,984,0.9160351992177952,0.2016775599519189,1070.0,649
Sanger,82,0.2,0.1,GoCo-dense-knap (tie-level path),adapt_131.687_to_131.608_q0.175,0.08214699378247625,0.19439291952539067,0.3810259914098031,0.19786474149745095,368,1282.0,15332.0,974,0.9163840333942082,0.20122600466446808,992.0,20
Sanger,82,0.2,0.5,GoCo-knap (paper path),adapt_150_to_125_q0.75,0.048278296741478426,0.1933190796926344,0.379958994303792,0.1979631110174792,383,1374.0,16364.0,984,0.9160351992177952,0.2016775599519189,1070.0,649
Sanger,82,0.2,0.5,GoCo-dense-knap (tie-level path),global_128.747,0.4431620074434331,0.19941757351620498,0.3850432902729913,0.20375998137312268,379,1333.0,15988.0,1008,0.9166249687265449,0.2077410563008916,1029.0,0
Sanger,83,0.05,0.1,GoCo-knap (paper path),adapt_575_to_550_q0.75,0.08214599555948549,0.046999374577217555,0.20390484337621106,0.050387445158947754,116,217.0,735.0,307,0.7047619047619048,0.051830600096957814,196.0,38
Sanger,83,0.05,0.1,GoCo-dense-knap (tie-level path),global_564.036,0.08133899895727192,0.046988178877034,0.20388271451623802,0.04993951682748079,114,215.0,731.0,303,0.7058823529411765,0.05138267176549085,194.0,0
Sanger,83,0.05,0.5,GoCo-knap (paper path),adapt_550_to_525_q0.1,0.28044651362356954,0.0487228251836837,0.2075694123429578,0.05103807610533673,117,228.0,832.0,309,0.7259615384615384,0.052477129122444656,205.0,16
Sanger,83,0.05,0.5,GoCo-dense-knap (tie-level path),adapt_528.952_to_526.433_q0.075,0.21364011357728607,0.04826439049410222,0.20662627560282715,0.051468681975414876,119,237.0,839.0,312,0.7175208581644815,0.052783148880101,215.0,12
Sanger,83,0.2,0.1,GoCo-knap (paper path),adapt_150_to_125_q0.75,0.09506901732183015,0.19472322754638643,0.38064031287283007,0.19718213439454957,364,1369.0,17001.0,969,0.9194753249808835,0.20094468218148223,1052.0,658
Sanger,83,0.2,0.1,GoCo-dense-knap (tie-level path),adapt_137.57_to_137.33_q0.75,0.07454958864848459,0.1941917252664709,0.380486504243778,0.195888575093877,355,1259.0,15280.0,960,0.9176047120418848,0.19950071558573212,969.0,59
Sanger,83,0.2,0.5,GoCo-knap (paper path),adapt_150_to_125_q0.75,0.09506901732183015,0.19472322754638643,0.38064031287283007,0.19718213439454957,364,1369.0,17001.0,969,0.9194753249808835,0.20094468218148223,1052.0,658
Sanger,83,0.2,0.5,GoCo-dense-knap (tie-level path),adapt_131.687_to_131.608_q0.75,0.28035765040294147,0.1976401126016377,0.3833604625805989,0.19955685173410584,360,1314.0,16339.0,980,0.9195789215986291,0.2042129112117635,1011.0,231
Sanger,84,0.05,0.1,GoCo-knap (paper path),adapt_575_to_550_q0.4,0.06531346161454951,0.04674056485842495,0.2037839451305122,0.04627604640077503,106,182.0,685.0,280,0.7343065693430657,0.04787179107828877,165.0,2
Sanger,84,0.05,0.1,GoCo-dense-knap (tie-level path),adapt_574.291_to_564.036_q0.6,0.09651015106981164,0.047181639933780974,0.20462619975739701,0.047099284395525465,107,184.0,699.0,284,0.7367668097281831,0.04847106490730572,167.0,1
Sanger,84,0.05,0.5,GoCo-knap (paper path),adapt_550_to_525_q0.125,0.35261347615402583,0.04916652218274775,0.20823884570340642,0.05051122564751517,110,197.0,811.0,302,0.7570900123304563,0.051915897023504284,177.0,9
Sanger,84,0.05,0.5,GoCo-dense-knap (tie-level path),adapt_528.952_to_526.433_q0.1,0.4194756190222381,0.04955059227371397,0.20898545597931806,0.05110065860617468,112,205.0,844.0,305,0.7571090047393365,0.05244153414634948,185.0,11
Sanger,84,0.2,0.1,GoCo-knap (paper path),adapt_150_to_125_q0.225,0.09983853304027784,0.1948267110125852,0.3812353392258398,0.1883211251702848,359,1163.0,14550.0,926,0.9200687285223368,0.1914982055196036,882.0,147
Sanger,84,0.2,0.1,GoCo-dense-knap (tie-level path),adapt_144.009_to_143.573_q0.225,0.09599811275733422,0.19473994918170928,0.38102617525907156,0.18838636591813598,356,1134.0,13795.0,929,0.9177963030083364,0.1917040543086318,870.0,45
Sanger,84,0.2,0.5,GoCo-knap (paper path),adapt_150_to_125_q0.75,0.41240859216573117,0.19910032566731894,0.38412561176033494,0.19332181794979805,374,1305.0,16469.0,951,0.9207602161637015,0.1969108932729798,996.0,718
Sanger,84,0.2,0.5,GoCo-dense-knap (tie-level path),adapt_131.687_to_131.608_q0.1,0.46171116294230896,0.19960866105920844,0.3847662119631684,0.19368087842242848,364,1224.0,15118.0,948,0.9190369096441329,0.19694789044667466,938.0,6
Sanger,85,0.05,0.1,GoCo-knap (paper path),adapt_575_to_550_q0.4,0.07535650078879452,0.04689468342128539,0.20422935293461708,0.04475628962241789,119,208.0,687.0,286,0.6972343522561864,0.04607207908275279,193.0,9
Sanger,85,0.05,0.1,GoCo-dense-knap (tie-level path),adapt_574.291_to_564.036_q0.4,0.09773672128021299,0.04719425324288869,0.20483397269811787,0.044762510852210335,119,210.0,694.0,286,0.6974063400576369,0.04588855289732088,195.0,6
Sanger,85,0.05,0.5,GoCo-knap (paper path),adapt_550_to_525_q0.1,0.4684240655632849,0.04982369504718838,0.21029963508506555,0.04820570943403618,128,226.0,833.0,308,0.7286914765906363,0.04939254174240493,209.0,20
Sanger,85,0.05,0.5,GoCo-dense-knap (tie-level path),adapt_528.952_to_526.433_q0.075,0.44889192587410626,0.049714459082135905,0.2100729302182214,0.046524474151591035,130,232.0,760.0,302,0.6947368421052632,0.04787304470480356,216.0,3
Sanger,85,0.2,0.1,GoCo-knap (paper path),adapt_150_to_125_q0.25,0.057150453222297073,0.19363934358192356,0.3806729445125733,0.19081716681314342,370,1258.0,15279.0,944,0.9176647686366909,0.1943256412247928,975.0,168
Sanger,85,0.2,0.1,GoCo-dense-knap (tie-level path),global_141.69,0.09468609530966626,0.19470352233890936,0.38140159744971885,0.19181282343415904,367,1230.0,14503.0,949,0.9151899606977867,0.19521105420616144,960.0,0
Sanger,85,0.2,0.5,GoCo-knap (paper path),adapt_150_to_125_q0.6,0.4051936352326755,0.19902390135519718,0.38449431873288215,0.19457442009235415,387,1357.0,16633.0,964,0.9184151987013768,0.19837211507965977,1048.0,502
Sanger,85,0.2,0.5,GoCo-dense-knap (tie-level path),adapt_131.687_to_131.608_q0.2,0.49231145227996903,0.19992142007175284,0.38532292607095014,0.1960493280632632,376,1303.0,16012.0,965,0.9186235323507369,0.19941927462248893,1010.0,61
Sanger,86,0.05,0.1,GoCo-knap (paper path),adapt_575_to_550_q0.6,0.0734464448606865,0.04686791392396076,0.2040619853585781,0.04523555027677658,107,217.0,704.0,284,0.6917613636363636,0.04640932612096075,202.0,10
Sanger,86,0.05,0.1,GoCo-dense-knap (tie-level path),adapt_574.291_to_564.036_q0.35,0.08656359049289769,0.047051528271035765,0.20456097005333004,0.045231817534228856,107,214.0,698.0,284,0.6934097421203438,0.046371998748880754,201.0,0
Sanger,86,0.05,0.5,GoCo-knap (paper path),adapt_550_to_525_q0.1,0.38926592967510143,0.04937708271401269,0.20933352691911083,0.04832031730841949,112,228.0,795.0,301,0.7132075471698113,0.049578079714753726,211.0,8
Sanger,86,0.05,0.5,GoCo-dense-knap (tie-level path),adapt_528.952_to_526.433_q0.1,0.4426158711602405,0.049679329673031014,0.20996430728426624,0.04928132719115207,114,236.0,818.0,306,0.7114914425427873,0.050467828276576546,219.0,8
Sanger,86,0.2,0.1,GoCo-knap (paper path),adapt_150_to_125_q0.6,0.015424360560449124,0.19136462792040146,0.37800628532931985,0.1968653612114147,371,1280.0,16737.0,970,0.9235227340622573,0.20052840779770129,991.0,556
Sanger,86,0.2,0.1,GoCo-dense-knap (tie-level path),adapt_131.687_to_131.608_q0.5,0.09396751966101569,0.19469518513254824,0.38076205109286804,0.20065593035664298,366,1219.0,16240.0,984,0.9249384236453202,0.20492164790296608,938.0,159
Sanger,86,0.2,0.5,GoCo-knap (paper path),adapt_150_to_125_q0.75,0.1514744967121074,0.19584336729726073,0.3813502018699944,0.20296202332348734,373,1293.0,17093.0,997,0.9243549991224478,0.20667021863270982,1000.0,722
Sanger,86,0.2,0.5,GoCo-dense-knap (tie-level path),adapt_127.62_to_127.363_q0.75,0.4356121169098573,0.19934073847289369,0.3843609888365081,0.2053800201195752,373,1256.0,16541.0,1011,0.9240674687141044,0.20951541604814178,968.0,3
Sanger,87,0.05,0.1,GoCo-knap (paper path),global_625,0.0493741298137229,0.04642866037876094,0.20444237234815404,0.04090198906845635,101,183.0,585.0,263,0.6871794871794872,0.04153033296378436,173.0,0
Sanger,87,0.05,0.1,GoCo-dense-knap (tie-level path),global_607.423,0.09137738833048914,0.04710226839485854,0.20555293794569898,0.04127899542167232,103,189.0,599.0,266,0.6844741235392321,0.041907339317000324,179.0,0
Sanger,87,0.05,0.5,GoCo-knap (paper path),adapt_575_to_550_q0.5,0.3070931081148669,0.04888968707378862,0.20815989464976725,0.04471871172393957,113,209.0,659.0,286,0.6828528072837633,0.04590509967400806,193.0,10
Sanger,87,0.05,0.5,GoCo-dense-knap (tie-level path),adapt_574.291_to_564.036_q0.75,0.47202802705763014,0.04984417307973442,0.20986861672527177,0.04586786120162165,116,215.0,678.0,294,0.6828908554572272,0.04705424915169014,199.0,22
Sanger,87,0.2,0.1,GoCo-knap (paper path),adapt_150_to_125_q0.6,0.07320425199163304,0.1941587248165619,0.3801152080640283,0.2019975374387066,380,1345.0,16842.0,996,0.9201401258757868,0.205758865199324,1045.0,618
Sanger,87,0.2,0.1,GoCo-dense-knap (tie-level path),adapt_135.214_to_134.983_q0.125,0.09468003898483662,0.19471389989994642,0.3806438868909062,0.2021021946413653,368,1234.0,15342.0,989,0.9195672011471777,0.20556848627188706,961.0,1
Sanger,87,0.2,0.5,GoCo-knap (paper path),adapt_150_to_125_q0.75,0.16365313090637768,0.19604475996751075,0.38160913871141294,0.20333822134294008,384,1353.0,16960.0,1002,0.9202240566037736,0.20706686951211692,1052.0,672
Sanger,87,0.2,0.5,GoCo-dense-knap (tie-level path),adapt_131.687_to_131.608_q0.75,0.2532569320573734,0.19730866005234637,0.3829080901780617,0.20365254980452518,376,1289.0,16351.0,1002,0.921166901106966,0.20868457217366004,994.0,232
Sanger,88,0.05,0.1,GoCo-knap (paper path),adapt_575_to_550_q0.4,0.07262292980830382,0.046849936985924164,0.20439668008237835,0.04407632564510504,113,205.0,642.0,278,0.6806853582554517,0.044916813384245115,194.0,1
Sanger,88,0.05,0.1,GoCo-dense-knap (tie-level path),adapt_574.291_to_564.036_q0.4,0.08463570669625442,0.04702471431880269,0.2045704541813788,0.04522697791407116,113,208.0,656.0,284,0.6829268292682927,0.04614212037734729,196.0,0
Sanger,88,0.05,0.5,GoCo-knap (paper path),adapt_550_to_525_q0.075,0.33961424668803,0.049086541910036446,0.20877116235702034,0.048197770969731546,121,222.0,772.0,301,0.7124352331606217,0.04924585626346934,208.0,13
Sanger,88,0.05,0.5,GoCo-dense-knap (tie-level path),adapt_528.952_to_526.433_q0.1,0.48223100822870024,0.04990079894201455,0.21042351452768032,0.04862625624604882,122,229.0,792.0,304,0.7108585858585859,0.049881077707147545,214.0,15
Sanger,88,0.2,0.1,GoCo-knap (paper path),adapt_150_to_125_q0.75,0.04426126189139744,0.19314069704449183,0.3806077451756661,0.19865971059775164,399,1458.0,16944.0,989,0.9139518413597734,0.2030054789941762,1137.0,661
Sanger,88,0.2,0.1,GoCo-dense-knap (tie-level path),adapt_131.687_to_131.608_q0.75,0.0967041812427325,0.19474027244615225,0.38221390989054743,0.20030422224376396,391,1372.0,16209.0,993,0.9153556666049726,0.2060359248622401,1064.0,254
Sanger,88,0.2,0.5,GoCo-knap (paper path),adapt_150_to_125_q0.75,0.04426126189139744,0.19314069704449183,0.3806077451756661,0.19865971059775164,399,1458.0,16944.0,989,0.9139518413597734,0.2030054789941762,1137.0,661
Sanger,88,0.2,0.5,GoCo-dense-knap (tie-level path),adapt_127.62_to_127.363_q0.75,0.4009623856935138,0.19897691693792577,0.38544219280404945,0.20448434991305245,396,1416.0,16406.0,1016,0.9136901133731562,0.20915815272563515,1105.0,3
Sanger,89,0.05,0.1,GoCo-knap (paper path),adapt_575_to_550_q0.4,0.010779253132703507,0.04512531035552631,0.20047508314003445,0.05090998782622988,120,227.0,776.0,315,0.7074742268041238,0.05276702402153314,206.0,5
Sanger,89,0.05,0.1,GoCo-dense-knap (tie-level path),global_564.036,0.08838516633554006,0.04707607641762754,0.20457859163112033,0.051754830442243833,128,243.0,815.0,325,0.701840490797546,0.05349801818841249,220.0,0
Sanger,89,0.05,0.5,GoCo-knap (paper path),adapt_550_to_525_q0.2,0.4114372901081374,0.04950364741492154,0.20956026394663332,0.0533783299291521,132,254.0,975.0,333,0.7394871794871795,0.05524694882875594,227.0,31
Sanger,89,0.05,0.5,GoCo-dense-knap (tie-level path),adapt_528.952_to_526.433_q0.15,0.40401729160774524,0.049461509753811056,0.20946586680314824,0.053650984995709555,133,264.0,971.0,335,0.7281153450051493,0.05543570871582758,237.0,22
Sanger,89,0.2,0.1,GoCo-knap (paper path),adapt_150_to_125_q0.6,0.098706790273621,0.19480267793200393,0.381079937684421,0.19496513548716987,393,1458.0,16840.0,967,0.9134204275534442,0.19914175052725588,1086.0,589
Sanger,89,0.2,0.1,GoCo-dense-knap (tie-level path),adapt_137.57_to_137.33_q0.35,0.09909412798627526,0.19481194553003417,0.381058194982079,0.1964235065465278,381,1342.0,15258.0,969,0.9120461397299777,0.2005097172828965,1003.0,31
Sanger,89,0.2,0.5,GoCo-knap (paper path),adapt_150_to_125_q0.75,0.44762430494851796,0.1994640040797366,0.38473592740593326,0.20046131625220864,395,1477.0,17200.0,991,0.9141279069767442,0.2046283181377114,1100.0,774
Sanger,89,0.2,0.5,GoCo-dense-knap (tie-level path),adapt_131.687_to_131.608_q0.75,0.44870836631153904,0.1994749130727035,0.384917191098524,0.19999673342851615,387,1407.0,16433.0,988,0.914379602020325,0.20494894566220906,1045.0,267
Sanger,90,0.05,0.1,GoCo-knap (paper path),adapt_575_to_550_q0.35,0.0835179605328567,0.047010719692739095,0.20445544323514156,0.044781368416874835,114,226.0,703.0,282,0.6785206258890469,0.04585453004879754,212.0,19
Sanger,90,0.05,0.1,GoCo-dense-knap (tie-level path),adapt_574.291_to_564.036_q0.5,0.09933730426487591,0.04721326010274182,0.2049056075473909,0.045098650989447035,115,230.0,713.0,284,0.6774193548387096,0.046041166862474975,215.0,13
Sanger,90,0.05,0.5,GoCo-knap (paper path),adapt_550_to_525_q0.175,0.43825702022811347,0.04965456589836205,0.21009567586433264,0.0483723289088199,119,247.0,850.0,300,0.7094117647058824,0.04937686562404654,230.0,19
Sanger,90,0.05,0.5,GoCo-dense-knap (tie-level path),adapt_528.952_to_526.433_q0.175,0.4411874781092937,0.04967101210577308,0.21014170832014395,0.04892798826048382,120,252.0,858.0,303,0.7062937062937062,0.05003899932575119,235.0,16
Sanger,90,0.2,0.1,GoCo-knap (paper path),adapt_150_to_125_q0.3,0.05928046139476143,0.19371414168888393,0.38060971517650155,0.18481431986890476,357,1268.0,14966.0,914,0.9152746224776159,0.1885425916711267,967.0,217
Sanger,90,0.2,0.1,GoCo-dense-knap (tie-level path),adapt_137.57_to_137.33_q0.175,0.09450795850058208,0.1947031414150471,0.3811220090840167,0.18636791595953442,357,1248.0,14535.0,919,0.9141382868937048,0.18998394089209672,958.0,4
Sanger,90,0.2,0.5,GoCo-knap (paper path),adapt_150_to_125_q0.75,0.34660781247241623,0.19839764299163945,0.3838770499822878,0.18905877696907133,373,1369.0,16415.0,936,0.9166006701187938,0.1930031069048575,1040.0,662
Sanger,90,0.2,0.5,GoCo-dense-knap (tie-level path),adapt_131.687_to_131.608_q0.6,0.49944711559203453,0.19999434772930602,0.3854542993025197,0.1891289717973547,371,1302.0,15561.0,936,0.9163292847503374,0.19429553654399456,981.0,147
Sanger,91,0.05,0.1,GoCo-knap (paper path),adapt_575_to_550_q0.5,0.0318478150531565,0.04603321223356667,0.20217725940706868,0.048386423935548456,108,182.0,704.0,291,0.7414772727272727,0.04965476240516376,165.0,12
Sanger,91,0.05,0.1,GoCo-dense-knap (tie-level path),global_564.036,0.08502249145618684,0.04703531631481685,0.2042113345767848,0.051163240239307836,112,188.0,738.0,306,0.7452574525745257,0.052319596626056404,171.0,0
Sanger,91,0.05,0.5,GoCo-knap (paper path),adapt_550_to_525_q0.125,0.3743800869791064,0.04929179310017886,0.20898350534999993,0.05451215318375979,115,198.0,905.0,321,0.7812154696132597,0.05578395132588646,177.0,33
Sanger,91,0.05,0.5,GoCo-dense-knap (tie-level path),adapt_528.952_to_526.433_q0.125,0.4399988314807634,0.04966508752620119,0.209656706683427,0.05560414817472054,116,206.0,934.0,327,0.7794432548179872,0.057021523025908905,184.0,33
Sanger,91,0.2,0.1,GoCo-knap (paper path),adapt_150_to_125_q0.3,0.09795955234146947,0.19477315789419763,0.3819670550137464,0.190171563475156,380,1395.0,16053.0,946,0.9131003550738179,0.194238277852602,1064.0,249
Sanger,91,0.2,0.1,GoCo-dense-knap (tie-level path),global_141.69,0.09782808858401087,0.19477249221168075,0.3817910890201407,0.18970427358270625,372,1327.0,14781.0,944,0.9102225830458021,0.19371572527012393,1022.0,0
Sanger,91,0.2,0.5,GoCo-knap (paper path),adapt_150_to_125_q0.75,0.2714196969516814,0.19752921669027007,0.3837343348791855,0.1929118882702019,396,1497.0,17426.0,960,0.9140938827040055,0.19726248787004763,1141.0,661
Sanger,91,0.2,0.5,GoCo-dense-knap (tie-level path),adapt_131.687_to_131.608_q0.175,0.43464222864163027,0.19932911429092107,0.3852822244912258,0.19437760247161648,379,1404.0,16279.0,961,0.9137539160882118,0.1984149857371011,1076.0,33
Sanger,92,0.05,0.1,GoCo-knap (paper path),global_625,0.04464527313519587,0.04633460759422569,0.2038743549065248,0.04137542445008192,96,159.0,559.0,260,0.7155635062611807,0.04220906884179003,150.0,0
Sanger,92,0.05,0.1,GoCo-dense-knap (tie-level path),global_607.423,0.09717356436716379,0.04717801707812184,0.2055002070239164,0.041338097091351216,98,162.0,570.0,260,0.7157894736842105,0.042171741483059334,153.0,0
Sanger,92,0.05,0.5,GoCo-knap (paper path),global_575,0.3153288923004354,0.048939231678049394,0.20851117706419614,0.04309451100473842,105,175.0,608.0,270,0.712171052631579,0.044046980833419895,164.0,0
Sanger,92,0.05,0.5,GoCo-dense-knap (tie-level path),global_574.291,0.37523091986317253,0.04929602396725754,0.20920088997965966,0.04427032288818851,107,177.0,626.0,275,0.7172523961661342,0.04507348326859789,166.0,0
Sanger,92,0.2,0.1,GoCo-knap (paper path),adapt_150_to_125_q0.5,0.038681843020825446,0.19290540562888406,0.37963310531393224,0.19772161345132122,386,1373.0,16049.0,982,0.914449498411116,0.20176639179099448,1069.0,449
Sanger,92,0.2,0.1,GoCo-dense-knap (tie-level path),global_137.239,0.0927974417327907,0.19466323350951162,0.38102657918502364,0.1993834634277081,369,1257.0,14798.0,980,0.9150560886606298,0.20278578399276947,986.0,0
Sanger,92,0.2,0.5,GoCo-knap (paper path),adapt_150_to_125_q0.75,0.24764835432997312,0.1972375389770761,0.3828638038827742,0.20188849052082652,388,1400.0,16667.0,1000,0.9160016799664007,0.20586819157154537,1089.0,689
Sanger,92,0.2,0.5,GoCo-dense-knap (tie-level path),global_130.521,0.49903781773520606,0.19999016581150753,0.385358712713102,0.20544201071892446,385,1335.0,16102.0,1014,0.9170910445907341,0.21082389316660294,1035.0,0
Sanger,93,0.05,0.1,GoCo-knap (paper path),adapt_575_to_550_q0.4,0.029888440211425844,0.045974095531752225,0.202123899448092,0.048204731761007535,103,177.0,692.0,288,0.7442196531791907,0.04959517595215314,165.0,10
Sanger,93,0.05,0.1,GoCo-dense-knap (tie-level path),global_564.036,0.09856924698264657,0.04720798132634996,0.20459175553530523,0.050151975764939925,105,182.0,716.0,298,0.7458100558659218,0.05165129142405605,169.0,0
Sanger,93,0.05,0.5,GoCo-knap (paper path),adapt_550_to_525_q0.225,0.4375188875728527,0.04965105747567983,0.20970191022832743,0.05311079124720874,108,187.0,878.0,312,0.7870159453302962,0.05446826293647356,173.0,30
Sanger,93,0.05,0.5,GoCo-dense-knap (tie-level path),adapt_528.952_to_526.433_q0.2,0.46205081875538423,0.049788442489962594,0.20987171386367334,0.05369309807010621,110,193.0,882.0,315,0.7811791383219955,0.05503937155508915,179.0,26
Sanger,93,0.2,0.1,GoCo-knap (paper path),adapt_150_to_125_q0.75,0.07271637884149769,0.1941394579871668,0.3804469198989459,0.19648879199786257,380,1252.0,16746.0,966,0.9252358772244118,0.20018128469035715,963.0,627
Sanger,93,0.2,0.1,GoCo-dense-knap (tie-level path),global_134.461,0.09073231523619735,0.19461486214981238,0.38087330700633965,0.19700523454024302,367,1165.0,15256.0,963,0.9236366019926586,0.20051209773755688,899.0,0
Sanger,93,0.2,0.5,GoCo-knap (paper path),adapt_150_to_125_q0.75,0.07271637884149769,0.1941394579871668,0.3804469198989459,0.19648879199786257,380,1252.0,16746.0,966,0.9252358772244118,0.20018128469035715,963.0,627
Sanger,93,0.2,0.5,GoCo-dense-knap (tie-level path),adapt_131.687_to_131.608_q0.75,0.22117643263399062,0.19688789138092463,0.38286004065538687,0.1987644025252888,368,1193.0,16146.0,970,0.9261117304595565,0.20224501115143767,919.0,246
Sanger,94,0.05,0.1,GoCo-knap (paper path),adapt_575_to_550_q0.5,0.0944544984807777,0.047152863103901384,0.20480898703696152,0.04567389629055378,105,185.0,647.0,278,0.714064914992272,0.04692792593431633,169.0,9
Sanger,94,0.05,0.1,GoCo-dense-knap (tie-level path),global_580.625,0.04865084297892003,0.046426741920988814,0.20367312901644632,0.044831542185145824,104,181.0,625.0,274,0.7104,0.04602211531572887,167.0,0
Sanger,94,0.05,0.5,GoCo-knap (paper path),adapt_550_to_525_q0.1,0.4695459833171596,0.04982997245496023,0.21029874134601292,0.047891099722628366,114,202.0,717.0,295,0.7182705718270572,0.04890945465674192,186.0,4
Sanger,94,0.05,0.5,GoCo-dense-knap (tie-level path),global_538.398,0.4832114298200728,0.04990627043753315,0.2104355240346556,0.048019572294839684,115,208.0,707.0,296,0.7057991513437057,0.049010874749831894,192.0,0
Sanger,94,0.2,0.1,GoCo-knap (paper path),adapt_150_to_125_q0.3,0.04365671929147201,0.1931168623652311,0.38047841112625497,0.18733919220168274,373,1278.0,14836.0,929,0.913858182798598,0.19148172387417325,953.0,190
Sanger,94,0.2,0.1,GoCo-dense-knap (tie-level path),adapt_144.009_to_143.573_q0.75,0.07448427930117751,0.1941792849689869,0.38117893886835025,0.18808402857281192,380,1240.0,13926.0,937,0.9109579204365934,0.19270403755271823,929.0,125
Sanger,94,0.2,0.5,GoCo-knap (paper path),adapt_150_to_125_q0.75,0.22187468686788203,0.19689611585763234,0.3830193533918052,0.19060126587097748,396,1408.0,16369.0,948,0.9139837497709085,0.194968705601815,1050.0,639
Sanger,94,0.2,0.5,GoCo-dense-knap (tie-level path),adapt_131.687_to_131.608_q0.15,0.36739492244266037,0.19862147627012164,0.3845876218847217,0.19312876203626161,384,1326.0,15340.0,955,0.9135593220338983,0.1975611336053686,990.0,28
Sanger,95,0.05,0.1,GoCo-knap (paper path),adapt_575_to_550_q0.3,0.022645620372631715,0.0457264774842242,0.2017480794130856,0.04796437427885455,114,209.0,707.0,301,0.7043847241867044,0.04917921020429319,197.0,0
Sanger,95,0.05,0.1,GoCo-dense-knap (tie-level path),adapt_574.291_to_564.036_q0.35,0.05550426365088305,0.04657028276978775,0.20339137129834656,0.04814994458321895,115,215.0,718.0,303,0.7005571030640668,0.04936478051533224,202.0,0
Sanger,95,0.05,0.5,GoCo-knap (paper path),adapt_550_to_525_q0.1,0.4230249514203594,0.04956941913014242,0.20958844079779346,0.05028195900452497,125,236.0,822.0,318,0.7128953771289538,0.05163677254022169,221.0,10
Sanger,95,0.05,0.5,GoCo-dense-knap (tie-level path),adapt_528.952_to_526.433_q0.075,0.4969778239261489,0.049983142471825975,0.2103073254136593,0.050606254597527184,127,243.0,817.0,321,0.7025703794369645,0.05215517041864748,227.0,4
Sanger,95,0.2,0.1,GoCo-knap (paper path),adapt_150_to_125_q0.6,0.06433181264832478,0.1938780739443002,0.3807959677942619,0.19191160583482744,390,1420.0,16498.0,952,0.9139289610861923,0.19571988097363863,1109.0,485
Sanger,95,0.2,0.1,GoCo-dense-knap (tie-level path),adapt_137.57_to_137.33_q0.75,0.0828907933875469,0.19440943495179847,0.38124347688269483,0.1944017625635976,383,1332.0,15076.0,961,0.9116476518970549,0.19837730407114126,1041.0,14
Sanger,95,0.2,0.5,GoCo-knap (paper path),adapt_150_to_125_q0.75,0.10711277426580817,0.19498508997124725,0.3815974547217539,0.1928990143911302,391,1443.0,16874.0,956,0.9144838212634823,0.19672259643990941,1126.0,654
Sanger,95,0.2,0.5,GoCo-dense-knap (tie-level path),adapt_131.687_to_131.608_q0.75,0.4879085424274312,0.1998762813881807,0.3857218993676461,0.19814139878562956,389,1406.0,16329.0,979,0.9138955233021006,0.20255373685317238,1100.0,243
Sanger,96,0.05,0.1,GoCo-knap (paper path),adapt_575_to_550_q0.75,0.08429544706746661,0.047027917145895305,0.20402413765983818,0.05150846983791065,135,247.0,798.0,334,0.6904761904761905,0.05342398558525329,228.0,45
Sanger,96,0.05,0.1,GoCo-dense-knap (tie-level path),global_564.036,0.09287225357307699,0.047139874154404036,0.20427252143186533,0.05171003758840571,134,246.0,797.0,334,0.6913425345043914,0.05362555333574835,227.0,0
Sanger,96,0.05,0.5,GoCo-knap (paper path),adapt_550_to_525_q0.175,0.39071614896894324,0.049386401908898425,0.20901090601300346,0.05536240674346719,137,251.0,968.0,350,0.7407024793388429,0.057164074041675214,230.0,33
Sanger,96,0.05,0.5,GoCo-dense-knap (tie-level path),adapt_528.952_to_526.433_q0.175,0.45793164877822684,0.04976545449594879,0.20982091709513087,0.05605296292337031,140,257.0,989.0,354,0.7401415571284126,0.05783596653887566,236.0,33
Sanger,96,0.2,0.1,GoCo-knap (paper path),adapt_150_to_125_q0.75,0.04204546595152992,0.19305451486411512,0.3799943484353376,0.20158065575167686,413,1462.0,17554.0,997,0.9167141392275265,0.20584342869839237,1095.0,665
Sanger,96,0.2,0.1,GoCo-dense-knap (tie-level path),adapt_131.687_to_131.608_q0.125,0.09949126794818419,0.1948136337872209,0.3816088062843318,0.20424054925812854,395,1366.0,16462.0,1001,0.9170210181022962,0.2081304046868744,1025.0,18
Sanger,96,0.2,0.5,GoCo-knap (paper path),adapt_150_to_125_q0.75,0.04204546595152992,0.19305451486411512,0.3799943484353376,0.20158065575167686,413,1462.0,17554.0,997,0.9167141392275265,0.20584342869839237,1095.0,665
Sanger,96,0.2,0.5,GoCo-dense-knap (tie-level path),global_129.514,0.47055926161344186,0.1996987030357189,0.3855100576440675,0.20740326667352593,407,1408.0,17142.0,1023,0.9178625597946564,0.21257986315220495,1051.0,0
Sanger,97,0.05,0.1,GoCo-knap (paper path),global_625,0.05822731616728413,0.046596240460792575,0.20491821494614354,0.0392173697272981,96,194.0,567.0,251,0.6578483245149912,0.04021276601685121,185.0,0
Sanger,97,0.05,0.1,GoCo-dense-knap (tie-level path),global_615.312,0.057286017213736676,0.046579446912185525,0.20486670855978717,0.03906806028570066,97,196.0,570.0,251,0.656140350877193,0.04006345657525378,187.0,0
Sanger,97,0.05,0.5,GoCo-knap (paper path),adapt_575_to_550_q0.4,0.47109413436586856,0.04983858732807759,0.21035630607537859,0.040247604901686496,103,204.0,601.0,258,0.6605657237936772,0.04122433751521159,195.0,0
Sanger,97,0.05,0.5,GoCo-dense-knap (tie-level path),adapt_574.291_to_564.036_q0.2,0.4970069775655808,0.04998328328880023,0.21058198556333574,0.04107147309708035,104,208.0,615.0,262,0.6617886178861788,0.04182424154487196,199.0,0
Sanger,97,0.2,0.1,GoCo-knap (paper path),adapt_150_to_125_q0.175,0.0913567417450053,0.19462861552954627,0.38098755449577093,0.18502252597824856,346,1136.0,13686.0,911,0.9169954698231769,0.1882103008358903,876.0,85
Sanger,97,0.2,0.1,GoCo-dense-knap (tie-level path),adapt_144.009_to_143.573_q0.075,0.08967786905255681,0.19458818506404418,0.38091224025458764,0.1862930826584142,346,1115.0,13182.0,917,0.9154149597936581,0.18944644172741612,862.0,0
Sanger,97,0.2,0.5,GoCo-knap (paper path),adapt_150_to_125_q0.6,0.39851310647131816,0.19895522230364418,0.3839116458267726,0.1916634282566532,360,1245.0,15649.0,940,0.9204422007796025,0.19485834027991983,958.0,522
Sanger,97,0.2,0.5,GoCo-dense-knap (tie-level path),adapt_131.687_to_131.608_q0.05,0.49260621290802803,0.19992454086738587,0.384772855387703,0.19175960454601723,351,1194.0,14721.0,937,0.9188913796617078,0.19481834876710863,923.0,7
Sanger,98,0.05,0.1,GoCo-knap (paper path),adapt_575_to_550_q0.35,0.08116107270867012,0.04697835232863979,0.2043747550297496,0.04542326973240159,95,189.0,658.0,273,0.7127659574468085,0.046998936812260916,174.0,1
Sanger,98,0.05,0.1,GoCo-dense-knap (tie-level path),global_580.625,0.08193544744224401,0.04698901490024318,0.20440459838101868,0.04542326973240159,95,189.0,655.0,273,0.7114503816793893,0.046998936812260916,174.0,0
Sanger,98,0.05,0.5,GoCo-knap (paper path),adapt_575_to_550_q0.75,0.30697266832922787,0.048889085286756936,0.20813117194889394,0.04704825417592304,98,195.0,687.0,281,0.7161572052401747,0.048639474316914164,179.0,21
Sanger,98,0.05,0.5,GoCo-dense-knap (tie-level path),global_564.036,0.4298041713609056,0.0496077022669137,0.20961831477018728,0.04727221834165652,101,199.0,699.0,284,0.7153075822603719,0.04878878376518626,182.0,0
Sanger,98,0.2,0.1,GoCo-knap (paper path),adapt_150_to_125_q0.4,0.0838279320275146,0.19444430563924187,0.380543546481815,0.1943272753331856,356,1211.0,15775.0,947,0.9232329635499208,0.19770127532196471,929.0,308
Sanger,98,0.2,0.1,GoCo-dense-knap (tie-level path),adapt_137.57_to_137.33_q0.2,0.06481182459135576,0.1939070366299638,0.37994598865885093,0.1936637898241686,354,1153.0,15007.0,943,0.9231691877124009,0.19682635827133932,885.0,2
Sanger,98,0.2,0.5,GoCo-knap (paper path),adapt_150_to_125_q0.75,0.2184799222521142,0.1968572462720824,0.3820984251570129,0.19669942915239366,372,1295.0,16884.0,963,0.9233001658374793,0.200266276361694,996.0,689
Sanger,98,0.2,0.5,GoCo-dense-knap (tie-level path),adapt_131.687_to_131.608_q0.75,0.4632689098391488,0.1996247729047152,0.38461818260673003,0.19861734486440527,363,1215.0,16168.0,969,0.9248515586343394,0.20294778083366616,926.0,238
Sanger,99,0.05,0.1,GoCo-knap (paper path),adapt_575_to_550_q0.35,0.06941448707099668,0.04679739956885403,0.20448747659715746,0.04571628954015414,114,227.0,753.0,287,0.6985391766268261,0.04733239459364038,210.0,3
Sanger,99,0.05,0.1,GoCo-dense-knap (tie-level path),global_580.625,0.0716735626038668,0.0468316086577531,0.20461542389725948,0.04576108237063097,113,224.0,745.0,287,0.6993288590604027,0.04730253269998117,208.0,0
Sanger,99,0.05,0.5,GoCo-knap (paper path),adapt_575_to_550_q0.75,0.310071998360262,0.04890513161853777,0.20876823661585733,0.046733015765668566,122,240.0,784.0,295,0.6938775510204082,0.04838333756966393,222.0,28
Sanger,99,0.05,0.5,GoCo-dense-knap (tie-level path),global_564.036,0.3903479986911752,0.04938223327402037,0.20970592118836703,0.04760274326747903,123,243.0,803.0,300,0.6973848069738481,0.04914108298860766,225.0,0
Sanger,99,0.2,0.1,GoCo-knap (paper path),adapt_175_to_150_q0.75,0.00035096427338168046,0.18657161894496704,0.3744974826904857,0.17565142902454897,347,1253.0,13407.0,877,0.9065413589915716,0.17939539571091415,944.0,652
Sanger,99,0.2,0.1,GoCo-dense-knap (tie-level path),adapt_151.026_to_150.41_q0.04,0.0941901484636179,0.1946941693077774,0.38121906932908595,0.1856361221225905,348,1241.0,13107.0,922,0.9053177691309987,0.18938220804442485,938.0,0
Sanger,99,0.2,0.5,GoCo-knap (paper path),adapt_150_to_125_q0.6,0.4855204882791104,0.1998521612495838,0.3848782824111344,0.19103112405985762,375,1429.0,16393.0,945,0.9128286463734521,0.19499221667730796,1071.0,496
Sanger,99,0.2,0.5,GoCo-dense-knap (tie-level path),adapt_137.57_to_137.33_q0.75,0.4122096073808785,0.19909772878463525,0.3843467918072935,0.19164594608418484,360,1339.0,14987.0,945,0.910655901781544,0.19565492094831263,1011.0,55
