dataset,seed,alpha,delta,method,policy,p_selected,cal_mean,cal_sd,unit_fdp,unit_yield,go_yield,total_calls,genes_with_calls,term_fdp,unit_fdp_direct,go_yield_direct,n_relaxed_eval
Wainberg,0,0.05,0.1,GoCo-knap (paper path),global_1100,3.647474257638787e-11,0.037550770424772596,0.18603694611403468,0.034233267710348785,124,201.0,476.0,270,0.5777310924369747,0.035464448238687205,193.0,0
Wainberg,0,0.05,0.1,GoCo-dense-knap (tie-level path),adapt_1076.8_to_1052.87_q0.275,0.0667635555112485,0.04682243918302103,0.20617712115382753,0.04332005004872245,134,219.0,674.0,316,0.6750741839762612,0.044603995450466886,210.0,73
Wainberg,0,0.05,0.5,GoCo-knap (paper path),global_1100,3.647474257638787e-11,0.037550770424772596,0.18603694611403468,0.034233267710348785,124,201.0,476.0,270,0.5777310924369747,0.035464448238687205,193.0,0
Wainberg,0,0.05,0.5,GoCo-dense-knap (tie-level path),adapt_1076.8_to_1052.87_q0.4,0.3612501566218135,0.04922914313335415,0.21131730556007575,0.0458316583235136,134,220.0,702.0,328,0.6866096866096866,0.04711560372525803,211.0,87
Wainberg,0,0.2,0.1,GoCo-knap (paper path),global_789.65,1.142583358617532e-64,0.1408627784219462,0.33984864308706697,0.13689079581936384,230,412.0,2357.0,787,0.8252015273652948,0.13926781174904085,384.0,0
Wainberg,0,0.2,0.1,GoCo-dense-knap (tie-level path),adapt_638.101_to_631.72_q0.25,0.042622624047691515,0.19319250162070192,0.38506528080137664,0.20025262675012603,298,584.0,4679.0,1096,0.8751870057704638,0.20350858678592312,515.0,196
Wainberg,0,0.2,0.5,GoCo-knap (paper path),global_789.65,1.142583358617532e-64,0.1408627784219462,0.33984864308706697,0.13689079581936384,230,412.0,2357.0,787,0.8252015273652948,0.13926781174904085,384.0,0
Wainberg,0,0.2,0.5,GoCo-dense-knap (tie-level path),adapt_638.101_to_631.72_q0.35,0.23325313089195415,0.1970966907100762,0.3881439124366358,0.2029436356146258,299,585.0,4716.0,1109,0.8759541984732825,0.20619959565042292,516.0,213
Wainberg,1,0.05,0.1,GoCo-knap (paper path),global_1100,5.0756935680732843e-11,0.0376463233984333,0.18603072713217964,0.034249683459155314,122,179.0,479.0,267,0.6263048016701461,0.03541051080617889,170.0,0
Wainberg,1,0.05,0.1,GoCo-dense-knap (tie-level path),adapt_1076.8_to_1052.87_q0.275,0.08403247956627835,0.04707300785165982,0.20671241267798038,0.04394467048891087,132,202.0,669.0,317,0.6980568011958147,0.04514770974346534,191.0,67
Wainberg,1,0.05,0.5,GoCo-knap (paper path),global_1100,5.0756935680732843e-11,0.0376463233984333,0.18603072713217964,0.034249683459155314,122,179.0,479.0,267,0.6263048016701461,0.03541051080617889,170.0,0
Wainberg,1,0.05,0.5,GoCo-dense-knap (tie-level path),adapt_1076.8_to_1052.87_q0.35,0.24560159189917968,0.04851685436079871,0.20973970002172104,0.04568591151888132,132,202.0,688.0,325,0.7063953488372093,0.046888950773435786,191.0,76
Wainberg,1,0.2,0.1,GoCo-knap (paper path),global_789.65,2.0503990312987532e-70,0.13872875381090904,0.33696759670624343,0.14146829214388934,208,364.0,2319.0,798,0.8430357912893489,0.14358935655798777,338.0,0
Wainberg,1,0.2,0.1,GoCo-dense-knap (tie-level path),adapt_638.101_to_631.72_q0.2,0.08950764504606379,0.1946824959867348,0.38522179325855116,0.19123434188585836,277,514.0,4502.0,1051,0.8858285206574855,0.19445652046086367,456.0,169
Wainberg,1,0.2,0.5,GoCo-knap (paper path),global_789.65,2.0503990312987532e-70,0.13872875381090904,0.33696759670624343,0.14146829214388934,208,364.0,2319.0,798,0.8430357912893489,0.14358935655798777,338.0,0
Wainberg,1,0.2,0.5,GoCo-dense-knap (tie-level path),adapt_638.101_to_631.72_q0.35,0.49585305231304894,0.19995842718859194,0.38933058566767015,0.19752500434561387,277,514.0,4597.0,1080,0.888187948662171,0.2007419064376816,456.0,213
Wainberg,2,0.05,0.1,GoCo-knap (paper path),global_1100,7.698215790758624e-16,0.035223079811700274,0.18040900822192588,0.037183075759570874,115,192.0,512.0,272,0.625,0.03910254482958275,176.0,0
Wainberg,2,0.05,0.1,GoCo-dense-knap (tie-level path),adapt_1076.8_to_1052.87_q0.225,0.0601251088551238,0.04671164081043064,0.20603488497549236,0.047179089112969176,126,218.0,723.0,324,0.6984785615491009,0.04916304858450952,198.0,77
Wainberg,2,0.05,0.5,GoCo-knap (paper path),global_1100,7.698215790758624e-16,0.035223079811700274,0.18040900822192588,0.037183075759570874,115,192.0,512.0,272,0.625,0.03910254482958275,176.0,0
Wainberg,2,0.05,0.5,GoCo-dense-knap (tie-level path),adapt_1076.8_to_1052.87_q0.3,0.3395175450845459,0.04910339629070233,0.21094356067110448,0.0503907114638463,128,221.0,753.0,340,0.7065073041168659,0.052269141175994495,201.0,105
Wainberg,2,0.2,0.1,GoCo-knap (paper path),global_789.65,2.289605461590764e-73,0.13760286800573557,0.3359705244042312,0.14310789699227863,208,386.0,2389.0,803,0.8384261197153621,0.14637404301904736,346.0,0
Wainberg,2,0.2,0.1,GoCo-dense-knap (tie-level path),adapt_638.101_to_631.72_q0.4,0.08693344124623242,0.19461807740052894,0.38527539441210845,0.20421266563648713,269,538.0,4635.0,1105,0.8839266450916936,0.20846663648164337,462.0,202
Wainberg,2,0.2,0.5,GoCo-knap (paper path),global_789.65,2.289605461590764e-73,0.13760286800573557,0.3359705244042312,0.14310789699227863,208,386.0,2389.0,803,0.8384261197153621,0.14637404301904736,346.0,0
Wainberg,2,0.2,0.5,GoCo-dense-knap (tie-level path),adapt_638.101_to_631.72_q0.4,0.08693344124623242,0.19461807740052894,0.38527539441210845,0.20421266563648713,269,538.0,4635.0,1105,0.8839266450916936,0.20846663648164337,462.0,202
Wainberg,3,0.05,0.1,GoCo-knap (paper path),global_1100,9.904981200591426e-18,0.03446510436823691,0.17802680435982998,0.037128803311973345,119,180.0,471.0,278,0.6178343949044586,0.03853821187406313,168.0,0
Wainberg,3,0.05,0.1,GoCo-dense-knap (tie-level path),adapt_1076.8_to_1052.87_q0.3,0.0207690388332274,0.04573530043946347,0.2037015990927769,0.05074507367917887,125,201.0,710.0,341,0.7169014084507043,0.0519287658044687,188.0,88
Wainberg,3,0.05,0.5,GoCo-knap (paper path),global_1100,9.904981200591426e-18,0.03446510436823691,0.17802680435982998,0.037128803311973345,119,180.0,471.0,278,0.6178343949044586,0.03853821187406313,168.0,0
Wainberg,3,0.05,0.5,GoCo-dense-knap (tie-level path),adapt_1076.8_to_1052.87_q0.3,0.0207690388332274,0.04573530043946347,0.2037015990927769,0.05074507367917887,125,201.0,710.0,341,0.7169014084507043,0.0519287658044687,188.0,88
Wainberg,3,0.2,0.1,GoCo-knap (paper path),global_789.65,1.4047808695656408e-75,0.13676301187807036,0.3353229700584761,0.13827515952996736,220,380.0,2308.0,783,0.8353552859618717,0.14058961902629882,350.0,0
Wainberg,3,0.2,0.1,GoCo-dense-knap (tie-level path),adapt_638.101_to_631.72_q0.2,0.09976538106191579,0.19491763223798714,0.3856667947120498,0.1931200211230035,291,553.0,4507.0,1065,0.8773019747060129,0.1965556894773016,486.0,187
Wainberg,3,0.2,0.5,GoCo-knap (paper path),global_789.65,1.4047808695656408e-75,0.13676301187807036,0.3353229700584761,0.13827515952996736,220,380.0,2308.0,783,0.8353552859618717,0.14058961902629882,350.0,0
Wainberg,3,0.2,0.5,GoCo-dense-knap (tie-level path),adapt_638.101_to_631.72_q0.3,0.3948935603751192,0.19893525384694347,0.3888145037193132,0.19714774026894377,291,553.0,4571.0,1084,0.8790199081163859,0.20057461448501263,486.0,211
Wainberg,4,0.05,0.1,GoCo-knap (paper path),global_1100,8.331197419662687e-16,0.03527931454873002,0.17994285129701254,0.037703772976132775,129,228.0,573.0,292,0.6020942408376964,0.03929023702859677,213.0,0
Wainberg,4,0.05,0.1,GoCo-dense-knap (tie-level path),adapt_1076.8_to_1052.87_q0.35,0.011917343544576239,0.045295909771980135,0.2026488942310772,0.049277920676918156,137,253.0,807.0,349,0.6864931846344485,0.0509171495964981,237.0,80
Wainberg,4,0.05,0.5,GoCo-knap (paper path),global_1100,8.331197419662687e-16,0.03527931454873002,0.17994285129701254,0.037703772976132775,129,228.0,573.0,292,0.6020942408376964,0.03929023702859677,213.0,0
Wainberg,4,0.05,0.5,GoCo-dense-knap (tie-level path),adapt_1076.8_to_1052.87_q0.35,0.011917343544576239,0.045295909771980135,0.2026488942310772,0.049277920676918156,137,253.0,807.0,349,0.6864931846344485,0.0509171495964981,237.0,80
Wainberg,4,0.2,0.1,GoCo-knap (paper path),global_789.65,6.653986510207559e-76,0.13659394374342299,0.3354786981430278,0.1456709805956215,247,476.0,2569.0,840,0.8147138964577657,0.1484967492498794,436.0,0
Wainberg,4,0.2,0.1,GoCo-dense-knap (tie-level path),adapt_638.101_to_631.72_q0.3,0.047956641180840566,0.19341565806792482,0.38497654186734265,0.2019841650956137,308,641.0,4879.0,1109,0.868620618979299,0.20549811049824074,562.0,187
Wainberg,4,0.2,0.5,GoCo-knap (paper path),global_789.65,6.653986510207559e-76,0.13659394374342299,0.3354786981430278,0.1456709805956215,247,476.0,2569.0,840,0.8147138964577657,0.1484967492498794,436.0,0
Wainberg,4,0.2,0.5,GoCo-dense-knap (tie-level path),adapt_638.101_to_631.72_q0.4,0.29537720433927916,0.19785413987226247,0.3884740304575527,0.20551941203525068,309,642.0,4931.0,1126,0.8698032853376597,0.20903335743787774,563.0,208
Wainberg,5,0.05,0.1,GoCo-knap (paper path),global_1100,1.0313247767859731e-08,0.03909180293301307,0.1894017459892859,0.03178053833276927,110,167.0,433.0,248,0.6143187066974596,0.03362730912213187,156.0,0
Wainberg,5,0.05,0.1,GoCo-dense-knap (tie-level path),adapt_1076.8_to_1052.87_q0.175,0.001043311144512524,0.04369885569806465,0.19931507924308353,0.03817660113385379,118,182.0,562.0,282,0.6761565836298933,0.040164078273265964,169.0,34
Wainberg,5,0.05,0.5,GoCo-knap (paper path),global_1100,1.0313247767859731e-08,0.03909180293301307,0.1894017459892859,0.03178053833276927,110,167.0,433.0,248,0.6143187066974596,0.03362730912213187,156.0,0
Wainberg,5,0.05,0.5,GoCo-dense-knap (tie-level path),adapt_1076.8_to_1052.87_q0.3,0.45522747988909557,0.049754745405258934,0.21229334251880913,0.04361615772801343,123,188.0,657.0,307,0.7138508371385084,0.04551569339707211,174.0,78
Wainberg,5,0.2,0.1,GoCo-knap (paper path),global_789.65,7.9474747830010495e-59,0.1433022852888386,0.3422054586080597,0.1377676034298261,204,353.0,2296.0,774,0.8462543554006968,0.14047009415795603,318.0,0
Wainberg,5,0.2,0.1,GoCo-dense-knap (tie-level path),adapt_638.101_to_631.72_q0.225,0.0005652936096319746,0.18730277430757108,0.37964846970633365,0.17959373378273102,269,518.0,4318.0,991,0.8800370541917555,0.18336882771835292,451.0,87
Wainberg,5,0.2,0.5,GoCo-knap (paper path),global_789.65,7.9474747830010495e-59,0.1433022852888386,0.3422054586080597,0.1377676034298261,204,353.0,2296.0,774,0.8462543554006968,0.14047009415795603,318.0,0
Wainberg,5,0.2,0.5,GoCo-dense-knap (tie-level path),adapt_638.101_to_631.72_q0.3,0.48482128185907464,0.19984777615463306,0.3893931224304535,0.1943866329581338,271,523.0,4521.0,1059,0.8843176288431763,0.19817683004147899,454.0,186
Wainberg,6,0.05,0.1,GoCo-knap (paper path),global_1100,6.8867125973079764e-15,0.03571256899602229,0.1806702698891931,0.03483562487534905,103,156.0,441.0,256,0.6462585034013606,0.036105499643346535,145.0,0
Wainberg,6,0.05,0.1,GoCo-dense-knap (tie-level path),adapt_1076.8_to_1052.87_q0.4,0.0280923200729842,0.046001754003800306,0.2038273122301283,0.04799694472624311,114,177.0,700.0,322,0.7471428571428571,0.04930903139548143,165.0,93
Wainberg,6,0.05,0.5,GoCo-knap (paper path),global_1100,6.8867125973079764e-15,0.03571256899602229,0.1806702698891931,0.03483562487534905,103,156.0,441.0,256,0.6462585034013606,0.036105499643346535,145.0,0
Wainberg,6,0.05,0.5,GoCo-dense-knap (tie-level path),adapt_1076.8_to_1052.87_q0.4,0.0280923200729842,0.046001754003800306,0.2038273122301283,0.04799694472624311,114,177.0,700.0,322,0.7471428571428571,0.04930903139548143,165.0,93
Wainberg,6,0.2,0.1,GoCo-knap (paper path),global_789.65,3.545257445211596e-67,0.1400113099468802,0.3380282787286454,0.13805575261215663,193,326.0,2321.0,769,0.8595433003015941,0.14094945321031743,290.0,0
Wainberg,6,0.2,0.1,GoCo-dense-knap (tie-level path),adapt_638.101_to_631.72_q0.3,0.07739986107991009,0.1943775469760949,0.384700981138552,0.1918079444235163,255,470.0,4445.0,1040,0.8942632170978627,0.1954876293879161,405.0,166
Wainberg,6,0.2,0.5,GoCo-knap (paper path),global_789.65,3.545257445211596e-67,0.1400113099468802,0.3380282787286454,0.13805575261215663,193,326.0,2321.0,769,0.8595433003015941,0.14094945321031743,290.0,0
Wainberg,6,0.2,0.5,GoCo-dense-knap (tie-level path),adapt_638.101_to_631.72_q0.4,0.2713955740670342,0.19757958530587236,0.38716397009414927,0.19606726326649077,255,470.0,4500.0,1060,0.8955555555555555,0.1997439963542595,405.0,191
Wainberg,7,0.05,0.1,GoCo-knap (paper path),global_1100,1.1675835233490472e-16,0.034883745317344894,0.17938298625327026,0.03716833508306538,123,180.0,484.0,279,0.628099173553719,0.038719622551162014,167.0,0
Wainberg,7,0.05,0.1,GoCo-dense-knap (tie-level path),adapt_1076.8_to_1052.87_q0.35,0.023545058267562077,0.04583078868576302,0.20441930595877314,0.04910701731241117,133,213.0,727.0,338,0.7070151306740028,0.05064071647259896,198.0,88
Wainberg,7,0.05,0.5,GoCo-knap (paper path),global_1100,1.1675835233490472e-16,0.034883745317344894,0.17938298625327026,0.03716833508306538,123,180.0,484.0,279,0.628099173553719,0.038719622551162014,167.0,0
Wainberg,7,0.05,0.5,GoCo-dense-knap (tie-level path),adapt_1076.8_to_1052.87_q0.35,0.023545058267562077,0.04583078868576302,0.20441930595877314,0.04910701731241117,133,213.0,727.0,338,0.7070151306740028,0.05064071647259896,198.0,88
Wainberg,7,0.2,0.1,GoCo-knap (paper path),global_789.65,4.6044789543449e-65,0.14079633523853843,0.33916167722687024,0.13601358379553824,210,363.0,2305.0,773,0.8425162689804773,0.13888977223015778,325.0,0
Wainberg,7,0.2,0.1,GoCo-dense-knap (tie-level path),adapt_638.101_to_631.72_q0.35,0.07950570142104396,0.1944324502486952,0.38483292468251534,0.19261405926469813,270,499.0,4472.0,1051,0.8884168157423972,0.19573301998697892,430.0,192
Wainberg,7,0.2,0.5,GoCo-knap (paper path),global_789.65,4.6044789543449e-65,0.14079633523853843,0.33916167722687024,0.13601358379553824,210,363.0,2305.0,773,0.8425162689804773,0.13888977223015778,325.0,0
Wainberg,7,0.2,0.5,GoCo-dense-knap (tie-level path),adapt_638.101_to_631.72_q0.4,0.32851324764181794,0.19823112071403234,0.3878188377002923,0.1955822931312468,270,499.0,4516.0,1065,0.8895039858281665,0.1987012538535276,430.0,212
Wainberg,8,0.05,0.1,GoCo-knap (paper path),global_1100,1.410787392343254e-15,0.03537620743191216,0.1802386249358506,0.039418882863739964,123,211.0,541.0,293,0.609981515711645,0.04097368797454818,197.0,0
Wainberg,8,0.05,0.1,GoCo-dense-knap (tie-level path),adapt_1076.8_to_1052.87_q0.5,0.04779912692489765,0.04648435703873119,0.20535932937058543,0.04881111522071117,133,236.0,764.0,340,0.6910994764397905,0.05034129670673707,218.0,82
Wainberg,8,0.05,0.5,GoCo-knap (paper path),global_1100,1.410787392343254e-15,0.03537620743191216,0.1802386249358506,0.039418882863739964,123,211.0,541.0,293,0.609981515711645,0.04097368797454818,197.0,0
Wainberg,8,0.05,0.5,GoCo-dense-knap (tie-level path),adapt_1076.8_to_1052.87_q0.5,0.04779912692489765,0.04648435703873119,0.20535932937058543,0.04881111522071117,133,236.0,764.0,340,0.6910994764397905,0.05034129670673707,218.0,82
Wainberg,8,0.2,0.1,GoCo-knap (paper path),global_789.65,8.926380042369393e-72,0.13815874173267112,0.336761035928328,0.14619361748230916,222,425.0,2572.0,821,0.8347589424572317,0.14842825961004788,386.0,0
Wainberg,8,0.2,0.1,GoCo-dense-knap (tie-level path),adapt_638.101_to_631.72_q0.2,0.059398174684262346,0.19384026808383734,0.3844285309340377,0.192934624853895,277,583.0,4727.0,1055,0.8766659614977788,0.1957874421789808,510.0,153
Wainberg,8,0.2,0.5,GoCo-knap (paper path),global_789.65,8.926380042369393e-72,0.13815874173267112,0.336761035928328,0.14619361748230916,222,425.0,2572.0,821,0.8347589424572317,0.14842825961004788,386.0,0
Wainberg,8,0.2,0.5,GoCo-dense-knap (tie-level path),adapt_638.101_to_631.72_q0.225,0.27053979989161375,0.19756821595258925,0.3873382876851436,0.1987035850360958,278,586.0,4796.0,1083,0.877814845704754,0.2016267555362064,512.0,185
Wainberg,9,0.05,0.1,GoCo-knap (paper path),global_1100,6.6271094794167246e-21,0.03324159078706452,0.1753064474149312,0.039816797056395375,120,175.0,549.0,287,0.6812386156648452,0.04086740443277782,165.0,0
Wainberg,9,0.05,0.1,GoCo-dense-knap (tie-level path),adapt_1076.8_to_1052.87_q0.3,0.0016477881400721668,0.04396029217649238,0.20007431992767816,0.05014965285060777,126,190.0,778.0,336,0.7557840616966581,0.051166256192290066,180.0,81
Wainberg,9,0.05,0.5,GoCo-knap (paper path),global_1100,6.6271094794167246e-21,0.03324159078706452,0.1753064474149312,0.039816797056395375,120,175.0,549.0,287,0.6812386156648452,0.04086740443277782,165.0,0
Wainberg,9,0.05,0.5,GoCo-dense-knap (tie-level path),adapt_1076.8_to_1052.87_q0.3,0.0016477881400721668,0.04396029217649238,0.20007431992767816,0.05014965285060777,126,190.0,778.0,336,0.7557840616966581,0.051166256192290066,180.0,81
Wainberg,9,0.2,0.1,GoCo-knap (paper path),global_789.65,3.8650639943331e-72,0.13800968846603576,0.33669473740767064,0.13991898743914571,215,375.0,2441.0,784,0.8463744367062679,0.14232189091273934,341.0,0
Wainberg,9,0.2,0.1,GoCo-dense-knap (tie-level path),adapt_638.101_to_631.72_q0.275,0.02558207126613733,0.19231328197586972,0.38372438450939583,0.19599587066156446,290,552.0,4772.0,1068,0.8843252305113161,0.1992299718764222,475.0,178
Wainberg,9,0.2,0.5,GoCo-knap (paper path),global_789.65,3.8650639943331e-72,0.13800968846603576,0.33669473740767064,0.13991898743914571,215,375.0,2441.0,784,0.8463744367062679,0.14232189091273934,341.0,0
Wainberg,9,0.2,0.5,GoCo-dense-knap (tie-level path),adapt_638.101_to_631.72_q0.35,0.15517652807213939,0.19597126094458714,0.38659875447488246,0.19941260600552976,290,552.0,4831.0,1084,0.8857379424549783,0.2026467072203875,475.0,202
Wainberg,10,0.05,0.1,GoCo-knap (paper path),global_1100,2.441216693709283e-12,0.036951031044111404,0.1838651387732719,0.033399666356431525,100,165.0,454.0,246,0.6365638766519823,0.0345253171253778,157.0,0
Wainberg,10,0.05,0.1,GoCo-dense-knap (tie-level path),adapt_1076.8_to_1052.87_q0.2,0.08719987276202401,0.04712154185192059,0.2063151616775394,0.04110381849748568,111,188.0,634.0,286,0.7034700315457413,0.04228223414612803,179.0,65
Wainberg,10,0.05,0.5,GoCo-knap (paper path),global_1100,2.441216693709283e-12,0.036951031044111404,0.1838651387732719,0.033399666356431525,100,165.0,454.0,246,0.6365638766519823,0.0345253171253778,157.0,0
Wainberg,10,0.05,0.5,GoCo-dense-knap (tie-level path),adapt_1076.8_to_1052.87_q0.4,0.298557022442986,0.048859961188592975,0.2099736157615273,0.0415611141257117,111,188.0,646.0,288,0.7089783281733746,0.04272194147273527,179.0,71
Wainberg,10,0.2,0.1,GoCo-knap (paper path),global_789.65,4.28884653983124e-63,0.1416231375464762,0.33978396434987884,0.1381366394048202,198,365.0,2280.0,777,0.8399122807017544,0.14072153223194922,339.0,0
Wainberg,10,0.2,0.1,GoCo-dense-knap (tie-level path),adapt_638.101_to_631.72_q0.225,4.3669300158039806e-05,0.18480992571605942,0.37691384210805456,0.18489230270373666,261,526.0,4399.0,1012,0.8804273698567856,0.1880176327446434,472.0,102
Wainberg,10,0.2,0.5,GoCo-knap (paper path),global_789.65,4.28884653983124e-63,0.1416231375464762,0.33978396434987884,0.1381366394048202,198,365.0,2280.0,777,0.8399122807017544,0.14072153223194922,339.0,0
Wainberg,10,0.2,0.5,GoCo-dense-knap (tie-level path),adapt_638.101_to_631.72_q0.35,0.41793933447345966,0.19917341610783323,0.38841834689576693,0.19736944469232104,262,530.0,4577.0,1070,0.8842036268298011,0.2005775927956369,473.0,185
Wainberg,11,0.05,0.1,GoCo-knap (paper path),global_1100,1.825015970692299e-16,0.034981517538851266,0.17940021554007574,0.03629788209134992,109,182.0,492.0,264,0.6300813008130082,0.037420015205004487,170.0,0
Wainberg,11,0.05,0.1,GoCo-dense-knap (tie-level path),adapt_1076.8_to_1052.87_q0.3,0.049858223840768275,0.04652611531888783,0.2054283453038169,0.04581999372409436,119,197.0,686.0,311,0.7128279883381924,0.04713559805491445,182.0,66
Wainberg,11,0.05,0.5,GoCo-knap (paper path),global_1100,1.825015970692299e-16,0.034981517538851266,0.17940021554007574,0.03629788209134992,109,182.0,492.0,264,0.6300813008130082,0.037420015205004487,170.0,0
Wainberg,11,0.05,0.5,GoCo-dense-knap (tie-level path),adapt_1076.8_to_1052.87_q0.4,0.14116499084601353,0.04770264797753091,0.20802433654652633,0.04603105324287866,119,197.0,688.0,312,0.7136627906976745,0.04734665757369874,182.0,67
Wainberg,11,0.2,0.1,GoCo-knap (paper path),global_789.65,1.3150779391988092e-62,0.14178560423872397,0.34019885291147556,0.13885199215063418,198,350.0,2282.0,777,0.8466257668711656,0.14156435819090343,316.0,0
Wainberg,11,0.2,0.1,GoCo-dense-knap (tie-level path),adapt_638.101_to_631.72_q0.225,0.08918563268509033,0.19467600964664647,0.38512030570857886,0.18869832864777356,260,487.0,4334.0,1025,0.8876326718966313,0.19209960129767745,426.0,127
Wainberg,11,0.2,0.5,GoCo-knap (paper path),global_789.65,1.3150779391988092e-62,0.14178560423872397,0.34019885291147556,0.13885199215063418,198,350.0,2282.0,777,0.8466257668711656,0.14156435819090343,316.0,0
Wainberg,11,0.2,0.5,GoCo-dense-knap (tie-level path),adapt_638.101_to_631.72_q0.3,0.4318552186626091,0.19931471823601957,0.38864540509211215,0.19206229911204278,261,488.0,4390.0,1041,0.8888382687927107,0.19545829527900913,427.0,151
Wainberg,12,0.05,0.1,GoCo-knap (paper path),global_1100,1.0736108380526996e-15,0.035297445323166116,0.18043318048270282,0.03727177101230259,118,182.0,518.0,272,0.6486486486486487,0.038552198765045384,168.0,0
Wainberg,12,0.05,0.1,GoCo-dense-knap (tie-level path),adapt_1076.8_to_1052.87_q0.275,0.04491484204049562,0.04641908928288102,0.20550722148816938,0.04846250915914812,131,203.0,752.0,328,0.7300531914893617,0.049725348610272134,188.0,84
Wainberg,12,0.05,0.5,GoCo-knap (paper path),global_1100,1.0736108380526996e-15,0.035297445323166116,0.18043318048270282,0.03727177101230259,118,182.0,518.0,272,0.6486486486486487,0.038552198765045384,168.0,0
Wainberg,12,0.05,0.5,GoCo-dense-knap (tie-level path),adapt_1076.8_to_1052.87_q0.35,0.4101515530642891,0.049505509040684494,0.21191964649611655,0.051540460483139205,132,207.0,783.0,342,0.735632183908046,0.05280329993426322,192.0,111
Wainberg,12,0.2,0.1,GoCo-knap (paper path),global_789.65,7.155479408592674e-70,0.1388958353410482,0.33739293073537185,0.143826832508125,202,366.0,2436.0,795,0.8497536945812808,0.14608366934621117,332.0,0
Wainberg,12,0.2,0.1,GoCo-dense-knap (tie-level path),adapt_638.101_to_631.72_q0.25,0.0607873608508892,0.1938836551566686,0.3845926720866612,0.2008316650257024,276,529.0,4708.0,1088,0.8876380628717078,0.20374602045739637,466.0,189
Wainberg,12,0.2,0.5,GoCo-knap (paper path),global_789.65,7.155479408592674e-70,0.1388958353410482,0.33739293073537185,0.143826832508125,202,366.0,2436.0,795,0.8497536945812808,0.14608366934621117,332.0,0
Wainberg,12,0.2,0.5,GoCo-dense-knap (tie-level path),adapt_638.101_to_631.72_q0.35,0.264793926350783,0.1974980448782161,0.3874504768382492,0.20493860763869945,276,529.0,4776.0,1107,0.8892378559463987,0.20777834606867593,466.0,217
Wainberg,13,0.05,0.1,GoCo-knap (paper path),global_1100,7.821949306174344e-16,0.035237609563377494,0.1802761534913777,0.03760829368199715,102,163.0,482.0,264,0.6618257261410788,0.03852288493215912,155.0,0
Wainberg,13,0.05,0.1,GoCo-dense-knap (tie-level path),adapt_1076.8_to_1052.87_q0.4,0.09296642814386435,0.047184578943091554,0.2072121247857334,0.05094551931911,119,199.0,745.0,335,0.7328859060402685,0.052062375937246885,187.0,101
Wainberg,13,0.05,0.5,GoCo-knap (paper path),global_1100,7.821949306174344e-16,0.035237609563377494,0.1802761534913777,0.03760829368199715,102,163.0,482.0,264,0.6618257261410788,0.03852288493215912,155.0,0
Wainberg,13,0.05,0.5,GoCo-dense-knap (tie-level path),adapt_1076.8_to_1052.87_q0.4,0.09296642814386435,0.047184578943091554,0.2072121247857334,0.05094551931911,119,199.0,745.0,335,0.7328859060402685,0.052062375937246885,187.0,101
Wainberg,13,0.2,0.1,GoCo-knap (paper path),global_789.65,3.229850042833132e-73,0.1377128352734111,0.3357308948727257,0.14595610102730594,201,375.0,2431.0,811,0.8457424928013163,0.14899569308269672,338.0,0
Wainberg,13,0.2,0.1,GoCo-dense-knap (tie-level path),adapt_638.101_to_631.72_q0.15,3.86908446904902e-05,0.1846930121487425,0.37702298559957775,0.18765459613502655,259,520.0,4414.0,1025,0.8821930222020843,0.19151053863859419,456.0,99
Wainberg,13,0.2,0.5,GoCo-knap (paper path),global_789.65,3.229850042833132e-73,0.1377128352734111,0.3357308948727257,0.14595610102730594,201,375.0,2431.0,811,0.8457424928013163,0.14899569308269672,338.0,0
Wainberg,13,0.2,0.5,GoCo-dense-knap (tie-level path),adapt_638.101_to_631.72_q0.25,0.45711214112495596,0.19956992342525662,0.3887029255669775,0.19891725633090535,263,528.0,4604.0,1077,0.8853171155516942,0.20276902925180654,462.0,191
Wainberg,14,0.05,0.1,GoCo-knap (paper path),global_1100,1.0050585271859306e-16,0.03487788318134856,0.17905983158823618,0.038914768837483536,111,163.0,513.0,276,0.682261208576998,0.040480126933037056,151.0,0
Wainberg,14,0.05,0.1,GoCo-dense-knap (tie-level path),adapt_1076.8_to_1052.87_q0.35,0.06291406783133568,0.046761328222203934,0.20596555794267074,0.04909356336595641,123,196.0,731.0,330,0.7318741450068399,0.05061495072633317,181.0,79
Wainberg,14,0.05,0.5,GoCo-knap (paper path),global_1100,1.0050585271859306e-16,0.03487788318134856,0.17905983158823618,0.038914768837483536,111,163.0,513.0,276,0.682261208576998,0.040480126933037056,151.0,0
Wainberg,14,0.05,0.5,GoCo-dense-knap (tie-level path),adapt_1076.8_to_1052.87_q0.35,0.06291406783133568,0.046761328222203934,0.20596555794267074,0.04909356336595641,123,196.0,731.0,330,0.7318741450068399,0.05061495072633317,181.0,79
Wainberg,14,0.2,0.1,GoCo-knap (paper path),global_789.65,3.894991121561401e-71,0.13845254659300504,0.33671206748812105,0.14065018906692453,207,362.0,2380.0,791,0.8478991596638655,0.14259059657057713,333.0,0
Wainberg,14,0.2,0.1,GoCo-dense-knap (tie-level path),adapt_638.101_to_631.72_q0.25,3.415779574667336e-05,0.18458892564783874,0.3767547051149214,0.1879082183707812,261,509.0,4416.0,1029,0.8847373188405797,0.19078939201749795,450.0,100
Wainberg,14,0.2,0.5,GoCo-knap (paper path),global_789.65,3.894991121561401e-71,0.13845254659300504,0.33671206748812105,0.14065018906692453,207,362.0,2380.0,791,0.8478991596638655,0.14259059657057713,333.0,0
Wainberg,14,0.2,0.5,GoCo-dense-knap (tie-level path),adapt_638.101_to_631.72_q0.4,0.4655053066680049,0.19965427001499736,0.38876578268246087,0.20292386733728301,264,516.0,4615.0,1098,0.8881906825568797,0.20579681262443114,456.0,194
Wainberg,15,0.05,0.1,GoCo-knap (paper path),global_1100,2.5601832816355366e-11,0.03745316568841861,0.18598442462439832,0.032630974202782055,115,177.0,442.0,252,0.5995475113122172,0.033246564463806236,171.0,0
Wainberg,15,0.05,0.1,GoCo-dense-knap (tie-level path),adapt_1076.8_to_1052.87_q0.225,0.08801064907001632,0.04711638390388974,0.20746296876908898,0.04462827645547282,125,200.0,685.0,309,0.708029197080292,0.0453933672110659,191.0,81
Wainberg,15,0.05,0.5,GoCo-knap (paper path),global_1100,2.5601832816355366e-11,0.03745316568841861,0.18598442462439832,0.032630974202782055,115,177.0,442.0,252,0.5995475113122172,0.033246564463806236,171.0,0
Wainberg,15,0.05,0.5,GoCo-dense-knap (tie-level path),adapt_1076.8_to_1052.87_q0.35,0.2767209432727713,0.048716749703882865,0.210803351260162,0.04633609973501183,125,201.0,709.0,317,0.7165021156558533,0.047101190490604905,192.0,95
Wainberg,15,0.2,0.1,GoCo-knap (paper path),global_789.65,1.845696718952498e-67,0.13984491009808825,0.3382294670008327,0.13735376175456834,201,353.0,2265.0,770,0.844150110375276,0.13992843659946114,323.0,0
Wainberg,15,0.2,0.1,GoCo-dense-knap (tie-level path),adapt_638.101_to_631.72_q0.275,0.0989898204604866,0.19490714926243935,0.3851295450354253,0.1903184996363532,260,499.0,4329.0,1039,0.8847308847308847,0.193643582950996,434.0,150
Wainberg,15,0.2,0.5,GoCo-knap (paper path),global_789.65,1.845696718952498e-67,0.13984491009808825,0.3382294670008327,0.13735376175456834,201,353.0,2265.0,770,0.844150110375276,0.13992843659946114,323.0,0
Wainberg,15,0.2,0.5,GoCo-dense-knap (tie-level path),adapt_638.101_to_631.72_q0.4,0.4069035093377269,0.19906033943779197,0.38840344158247175,0.19541742958980757,261,500.0,4407.0,1063,0.886544134331745,0.19874251290445039,435.0,184
Wainberg,16,0.05,0.1,GoCo-knap (paper path),global_1100,1.4027351411928322e-14,0.035848612649551206,0.1811012534457316,0.034921807511766635,89,128.0,404.0,242,0.6831683168316832,0.03611781144944763,119.0,0
Wainberg,16,0.05,0.1,GoCo-dense-knap (tie-level path),adapt_1076.8_to_1052.87_q0.275,0.07469093218471183,0.04695092294460688,0.20588439707415182,0.04386122129722304,101,154.0,620.0,287,0.7516129032258064,0.04503963692699519,143.0,72
Wainberg,16,0.05,0.5,GoCo-knap (paper path),global_1100,1.4027351411928322e-14,0.035848612649551206,0.1811012534457316,0.034921807511766635,89,128.0,404.0,242,0.6831683168316832,0.03611781144944763,119.0,0
Wainberg,16,0.05,0.5,GoCo-dense-knap (tie-level path),adapt_1076.8_to_1052.87_q0.35,0.1309472513922364,0.04761041434483902,0.20734538549021206,0.04470545937236023,101,154.0,634.0,291,0.7570977917981072,0.04588387500213238,143.0,79
Wainberg,16,0.2,0.1,GoCo-knap (paper path),global_789.65,3.4621127114641594e-67,0.14000956079867288,0.33801134957790785,0.13996652128161535,190,325.0,2345.0,774,0.8614072494669509,0.14240644388797163,293.0,0
Wainberg,16,0.2,0.1,GoCo-dense-knap (tie-level path),adapt_638.101_to_631.72_q0.225,0.06123340526818928,0.19390486195405174,0.38417629326804625,0.19398426310441927,259,486.0,4530.0,1049,0.8927152317880794,0.19688649761457894,423.0,161
Wainberg,16,0.2,0.5,GoCo-knap (paper path),global_789.65,3.4621127114641594e-67,0.14000956079867288,0.33801134957790785,0.13996652128161535,190,325.0,2345.0,774,0.8614072494669509,0.14240644388797163,293.0,0
Wainberg,16,0.2,0.5,GoCo-dense-knap (tie-level path),adapt_638.101_to_631.72_q0.3,0.32484568429169436,0.19819202101518676,0.38751659485645434,0.1974492825130563,259,486.0,4603.0,1064,0.8944166847708016,0.20034624054027841,423.0,190
Wainberg,17,0.05,0.1,GoCo-knap (paper path),global_1100,5.324727014413399e-16,0.0351564607216334,0.18019615270882325,0.03729698087732316,106,168.0,501.0,264,0.6646706586826348,0.0382467487118525,162.0,0
Wainberg,17,0.05,0.1,GoCo-dense-knap (tie-level path),adapt_1076.8_to_1052.87_q0.35,0.05270458979597825,0.0465791982016735,0.20566908645193607,0.049578634802678205,115,193.0,746.0,325,0.7412868632707775,0.05057589102138593,185.0,85
Wainberg,17,0.05,0.5,GoCo-knap (paper path),global_1100,5.324727014413399e-16,0.0351564607216334,0.18019615270882325,0.03729698087732316,106,168.0,501.0,264,0.6646706586826348,0.0382467487118525,162.0,0
Wainberg,17,0.05,0.5,GoCo-dense-knap (tie-level path),adapt_1076.8_to_1052.87_q0.35,0.05270458979597825,0.0465791982016735,0.20566908645193607,0.049578634802678205,115,193.0,746.0,325,0.7412868632707775,0.05057589102138593,185.0,85
Wainberg,17,0.2,0.1,GoCo-knap (paper path),global_789.65,2.0188663455491194e-74,0.13728967808533712,0.33518341978946564,0.14254157314978858,199,369.0,2415.0,789,0.8472049689440994,0.1445557677158327,341.0,0
Wainberg,17,0.2,0.1,GoCo-dense-knap (tie-level path),adapt_638.101_to_631.72_q0.35,0.08798413027333879,0.19464379184870223,0.38530735355495116,0.19673555573930515,270,520.0,4675.0,1057,0.8887700534759359,0.1995588523009851,458.0,199
Wainberg,17,0.2,0.5,GoCo-knap (paper path),global_789.65,2.0188663455491194e-74,0.13728967808533712,0.33518341978946564,0.14254157314978858,199,369.0,2415.0,789,0.8472049689440994,0.1445557677158327,341.0,0
Wainberg,17,0.2,0.5,GoCo-dense-knap (tie-level path),adapt_638.101_to_631.72_q0.4,0.39098601258557475,0.19889531307448388,0.38858579471975424,0.20079769769981473,270,520.0,4727.0,1076,0.8899936534800085,0.20361521525277826,458.0,223
Wainberg,18,0.05,0.1,GoCo-knap (paper path),global_1100,5.737898730438339e-18,0.03434493037433429,0.17807947224294046,0.03695660555611788,119,198.0,499.0,275,0.6032064128256514,0.038211237134411144,190.0,0
Wainberg,18,0.05,0.1,GoCo-dense-knap (tie-level path),adapt_1076.8_to_1052.87_q0.4,0.027402362432643143,0.04596627659060299,0.20447728818948988,0.04727622827003152,130,234.0,749.0,327,0.6875834445927904,0.0485935914222074,222.0,93
Wainberg,18,0.05,0.5,GoCo-knap (paper path),global_1100,5.737898730438339e-18,0.03434493037433429,0.17807947224294046,0.03695660555611788,119,198.0,499.0,275,0.6032064128256514,0.038211237134411144,190.0,0
Wainberg,18,0.05,0.5,GoCo-dense-knap (tie-level path),adapt_1076.8_to_1052.87_q0.4,0.027402362432643143,0.04596627659060299,0.20447728818948988,0.04727622827003152,130,234.0,749.0,327,0.6875834445927904,0.0485935914222074,222.0,93
Wainberg,18,0.2,0.1,GoCo-knap (paper path),global_789.65,1.4304710353192388e-70,0.13861121965904988,0.33722794748874907,0.14132124489372216,211,420.0,2392.0,794,0.8244147157190636,0.1448033919228487,383.0,0
Wainberg,18,0.2,0.1,GoCo-dense-knap (tie-level path),adapt_638.101_to_631.72_q0.3,0.08779559565204764,0.1946283623323016,0.3860801740089318,0.1965773484377531,275,579.0,4584.0,1066,0.8736910994764397,0.20029199799878933,514.0,195
Wainberg,18,0.2,0.5,GoCo-knap (paper path),global_789.65,1.4304710353192388e-70,0.13861121965904988,0.33722794748874907,0.14132124489372216,211,420.0,2392.0,794,0.8244147157190636,0.1448033919228487,383.0,0
Wainberg,18,0.2,0.5,GoCo-dense-knap (tie-level path),adapt_638.101_to_631.72_q0.4,0.35100436269663937,0.198470998893084,0.38903311687009007,0.20058747929465473,275,579.0,4635.0,1085,0.8750809061488674,0.20430212885569096,514.0,218
Wainberg,19,0.05,0.1,GoCo-knap (paper path),global_1100,1.387918767854022e-14,0.03581285356399793,0.18152611781999786,0.03623707682749751,111,173.0,496.0,265,0.6512096774193549,0.03759137540426673,161.0,0
Wainberg,19,0.05,0.1,GoCo-dense-knap (tie-level path),adapt_1076.8_to_1052.87_q0.3,0.016592822569250768,0.04554936383813824,0.20342886602170207,0.04968119511729104,118,200.0,777.0,328,0.7425997425997426,0.050942275728189074,185.0,90
Wainberg,19,0.05,0.5,GoCo-knap (paper path),global_1100,1.387918767854022e-14,0.03581285356399793,0.18152611781999786,0.03623707682749751,111,173.0,496.0,265,0.6512096774193549,0.03759137540426673,161.0,0
Wainberg,19,0.05,0.5,GoCo-dense-knap (tie-level path),adapt_1076.8_to_1052.87_q0.35,0.3201372194148655,0.048989270984264845,0.21055246926422577,0.05334659542852235,121,205.0,807.0,348,0.7459727385377943,0.054607676039420384,190.0,119
Wainberg,19,0.2,0.1,GoCo-knap (paper path),global_789.65,1.938214077698511e-77,0.1361777409305801,0.3342179160489862,0.14313986907218165,199,368.0,2419.0,800,0.8478710210830922,0.14502642288609063,337.0,0
Wainberg,19,0.2,0.1,GoCo-dense-knap (tie-level path),adapt_638.101_to_631.72_q0.275,0.049826464205063516,0.1934964289937679,0.3845168901379834,0.19730449139556083,270,522.0,4698.0,1071,0.8888888888888888,0.19985788559274564,458.0,176
Wainberg,19,0.2,0.5,GoCo-knap (paper path),global_789.65,1.938214077698511e-77,0.1361777409305801,0.3342179160489862,0.14313986907218165,199,368.0,2419.0,800,0.8478710210830922,0.14502642288609063,337.0,0
Wainberg,19,0.2,0.5,GoCo-dense-knap (tie-level path),adapt_638.101_to_631.72_q0.4,0.3219301538089133,0.19815683489083816,0.38812182788321997,0.20117391591499303,270,522.0,4747.0,1089,0.8900358120918475,0.20372731011217785,458.0,199
Wainberg,20,0.05,0.1,GoCo-knap (paper path),global_1100,6.564294279111894e-13,0.036615674420790265,0.18369833797990517,0.034052862078517536,99,154.0,453.0,244,0.6600441501103753,0.03477398209893386,148.0,0
Wainberg,20,0.05,0.1,GoCo-dense-knap (tie-level path),adapt_1076.8_to_1052.87_q0.35,0.09135157179523534,0.04716731606813326,0.20695384034335476,0.04332981117733323,110,181.0,660.0,293,0.7257575757575757,0.04407203714207991,174.0,74
Wainberg,20,0.05,0.5,GoCo-knap (paper path),global_1100,6.564294279111894e-13,0.036615674420790265,0.18369833797990517,0.034052862078517536,99,154.0,453.0,244,0.6600441501103753,0.03477398209893386,148.0,0
Wainberg,20,0.05,0.5,GoCo-dense-knap (tie-level path),adapt_1076.8_to_1052.87_q0.4,0.19704406626595472,0.04816974299648611,0.20907025343154392,0.0456514658839605,110,181.0,689.0,304,0.737300435413643,0.04639369184870718,174.0,89
Wainberg,20,0.2,0.1,GoCo-knap (paper path),global_789.65,2.1218008693796036e-67,0.13987228852026798,0.33823233864105257,0.13621172868737494,196,336.0,2239.0,760,0.8499330058061635,0.1373375545528278,318.0,0
Wainberg,20,0.2,0.1,GoCo-dense-knap (tie-level path),adapt_638.101_to_631.72_q0.225,0.09351344313026799,0.1947844050281395,0.3848171422828199,0.18918160148477595,258,489.0,4420.0,1027,0.889366515837104,0.19079203917198717,443.0,178
Wainberg,20,0.2,0.5,GoCo-knap (paper path),global_789.65,2.1218008693796036e-67,0.13987228852026798,0.33823233864105257,0.13621172868737494,196,336.0,2239.0,760,0.8499330058061635,0.1373375545528278,318.0,0
Wainberg,20,0.2,0.5,GoCo-dense-knap (tie-level path),adapt_638.101_to_631.72_q0.4,0.473472322331567,0.19973431718183415,0.38867742805927497,0.19489779678099062,258,489.0,4509.0,1054,0.8915502328675982,0.19649944032997257,443.0,215
Wainberg,21,0.05,0.1,GoCo-knap (paper path),global_1100,1.538871175236515e-11,0.037349238226002904,0.1853961796984981,0.033340619948530256,114,185.0,466.0,255,0.6030042918454935,0.03439239988086998,174.0,0
Wainberg,21,0.05,0.1,GoCo-dense-knap (tie-level path),adapt_1076.8_to_1052.87_q0.225,0.00012803631733373431,0.04260267251413608,0.19696595512456366,0.03872695481251342,118,200.0,599.0,282,0.666110183639399,0.039849087913587856,187.0,30
Wainberg,21,0.05,0.5,GoCo-knap (paper path),global_1100,1.538871175236515e-11,0.037349238226002904,0.1853961796984981,0.033340619948530256,114,185.0,466.0,255,0.6030042918454935,0.03439239988086998,174.0,0
Wainberg,21,0.05,0.5,GoCo-dense-knap (tie-level path),adapt_1076.8_to_1052.87_q0.4,0.30016801764152373,0.04886758958939901,0.21041491598759623,0.04573061319092448,121,210.0,707.0,316,0.7029702970297029,0.04683515799038015,197.0,84
Wainberg,21,0.2,0.1,GoCo-knap (paper path),global_789.65,7.466556397491567e-60,0.14295581271845392,0.3412202074756237,0.135986261006874,201,369.0,2262.0,765,0.8368700265251989,0.13835841920832231,338.0,0
Wainberg,21,0.2,0.1,GoCo-dense-knap (tie-level path),adapt_638.101_to_631.72_q0.2,0.0003429037554994254,0.186785302090031,0.37890337624734755,0.1830672377137858,264,521.0,4307.0,1002,0.8790341304852566,0.18586648159977653,458.0,108
Wainberg,21,0.2,0.5,GoCo-knap (paper path),global_789.65,7.466556397491567e-60,0.14295581271845392,0.3412202074756237,0.135986261006874,201,369.0,2262.0,765,0.8368700265251989,0.13835841920832231,338.0,0
Wainberg,21,0.2,0.5,GoCo-dense-knap (tie-level path),adapt_638.101_to_631.72_q0.3,0.41062558342145905,0.19909816670766217,0.38857619575219915,0.19641188696284695,266,525.0,4488.0,1065,0.8830213903743316,0.19920981172181323,462.0,195
Wainberg,22,0.05,0.1,GoCo-knap (paper path),global_1100,1.257959341427298e-12,0.03674757269611965,0.1842396818569659,0.03504835949473967,117,174.0,468.0,261,0.6282051282051282,0.0360719981595855,166.0,0
Wainberg,22,0.05,0.1,GoCo-dense-knap (tie-level path),adapt_1076.8_to_1052.87_q0.225,0.08375878088591565,0.04706624734089749,0.20692322288007028,0.04592666556408457,130,202.0,699.0,319,0.7110157367668097,0.04700306910862647,193.0,81
Wainberg,22,0.05,0.5,GoCo-knap (paper path),global_1100,1.257959341427298e-12,0.03674757269611965,0.1842396818569659,0.03504835949473967,117,174.0,468.0,261,0.6282051282051282,0.0360719981595855,166.0,0
Wainberg,22,0.05,0.5,GoCo-dense-knap (tie-level path),adapt_1076.8_to_1052.87_q0.3,0.186620247871165,0.04808801935388781,0.20903745358957976,0.047544788545624224,131,203.0,721.0,327,0.7184466019417476,0.04860360378854735,194.0,91
Wainberg,22,0.2,0.1,GoCo-knap (paper path),global_789.65,3.7282631375038596e-69,0.13914721559544863,0.33779770741055987,0.14404876321654825,212,371.0,2380.0,809,0.8441176470588235,0.14638331596951487,344.0,0
Wainberg,22,0.2,0.1,GoCo-dense-knap (tie-level path),adapt_638.101_to_631.72_q0.35,0.07674744343709712,0.19434840127022265,0.38547216293646136,0.20019746450381018,278,530.0,4585.0,1084,0.8844056706652127,0.2035586730828261,462.0,177
Wainberg,22,0.2,0.5,GoCo-knap (paper path),global_789.65,3.7282631375038596e-69,0.13914721559544863,0.33779770741055987,0.14404876321654825,212,371.0,2380.0,809,0.8441176470588235,0.14638331596951487,344.0,0
Wainberg,22,0.2,0.5,GoCo-dense-knap (tie-level path),adapt_638.101_to_631.72_q0.4,0.22452334706019905,0.19698636687115123,0.3875492566668631,0.20251911921043747,278,530.0,4619.0,1095,0.885256549036588,0.20588032778945337,462.0,191
Wainberg,23,0.05,0.1,GoCo-knap (paper path),global_1100,2.87430135238825e-14,0.035956894845427675,0.18194730732103725,0.03525070861491436,119,191.0,520.0,267,0.6326923076923077,0.03623917069539283,182.0,0
Wainberg,23,0.05,0.1,GoCo-dense-knap (tie-level path),adapt_1076.8_to_1052.87_q0.3,0.08087540519199188,0.047033198548102916,0.2064152797585129,0.04589895829212419,127,221.0,741.0,320,0.7017543859649122,0.04690852631693301,211.0,79
Wainberg,23,0.05,0.5,GoCo-knap (paper path),global_1100,2.87430135238825e-14,0.035956894845427675,0.18194730732103725,0.03525070861491436,119,191.0,520.0,267,0.6326923076923077,0.03623917069539283,182.0,0
Wainberg,23,0.05,0.5,GoCo-dense-knap (tie-level path),adapt_1076.8_to_1052.87_q0.35,0.12631427900051234,0.04756079166828863,0.20756915401745452,0.04632107732969278,127,221.0,745.0,322,0.7033557046979866,0.047330645354501606,211.0,81
Wainberg,23,0.2,0.1,GoCo-knap (paper path),global_789.65,1.9763753071692423e-71,0.13832605788259172,0.33668571349475607,0.14169319410234024,202,378.0,2412.0,793,0.8432835820895522,0.1440317746536447,347.0,0
Wainberg,23,0.2,0.1,GoCo-dense-knap (tie-level path),adapt_638.101_to_631.72_q0.35,0.09340325787971326,0.19477408105177102,0.38538613948289796,0.19785931246939364,261,530.0,4660.0,1073,0.8862660944206009,0.20037884407339845,469.0,179
Wainberg,23,0.2,0.5,GoCo-knap (paper path),global_789.65,1.9763753071692423e-71,0.13832605788259172,0.33668571349475607,0.14169319410234024,202,378.0,2412.0,793,0.8432835820895522,0.1440317746536447,347.0,0
Wainberg,23,0.2,0.5,GoCo-dense-knap (tie-level path),adapt_638.101_to_631.72_q0.5,0.3002627304347916,0.19791394660804196,0.3878143550908725,0.2022150151680018,262,532.0,4719.0,1094,0.8872642509006146,0.20473422205375186,471.0,211
Wainberg,24,0.05,0.1,GoCo-knap (paper path),global_1100,4.271276870785005e-14,0.03603754123014225,0.18216320909754835,0.036317815479722994,115,184.0,487.0,272,0.62217659137577,0.037605278543049195,171.0,0
Wainberg,24,0.05,0.1,GoCo-dense-knap (tie-level path),adapt_1076.8_to_1052.87_q0.3,0.06550206498876963,0.04679978997776299,0.2062968897453531,0.0446112668051303,122,203.0,660.0,312,0.6924242424242424,0.04595149474186251,189.0,67
Wainberg,24,0.05,0.5,GoCo-knap (paper path),global_1100,4.271276870785005e-14,0.03603754123014225,0.18216320909754835,0.036317815479722994,115,184.0,487.0,272,0.62217659137577,0.037605278543049195,171.0,0
Wainberg,24,0.05,0.5,GoCo-dense-knap (tie-level path),adapt_1076.8_to_1052.87_q0.35,0.2746294832748267,0.04870540608210794,0.21044362759972002,0.0448223263239146,122,203.0,667.0,313,0.6956521739130435,0.04616255426064681,189.0,70
Wainberg,24,0.2,0.1,GoCo-knap (paper path),global_789.65,4.632795232900079e-72,0.13802845360666208,0.3367822243882582,0.1388684283987587,207,370.0,2229.0,784,0.8340062808434275,0.1420474704866069,331.0,0
Wainberg,24,0.2,0.1,GoCo-dense-knap (tie-level path),adapt_638.101_to_631.72_q0.225,0.07160449076763788,0.19420550935464884,0.3853239032981391,0.19808787722006888,269,525.0,4363.0,1077,0.8796699518679807,0.2010784348753647,460.0,184
Wainberg,24,0.2,0.5,GoCo-knap (paper path),global_789.65,4.632795232900079e-72,0.13802845360666208,0.3367822243882582,0.1388684283987587,207,370.0,2229.0,784,0.8340062808434275,0.1420474704866069,331.0,0
Wainberg,24,0.2,0.5,GoCo-dense-knap (tie-level path),adapt_638.101_to_631.72_q0.35,0.3438165442609597,0.1983954780549833,0.38849038985916173,0.20167588903940192,269,525.0,4422.0,1094,0.8812754409769336,0.20466644669469775,460.0,209
Wainberg,25,0.05,0.1,GoCo-knap (paper path),global_1100,5.413129572024746e-13,0.03656923784898456,0.18364630809026725,0.03306079859998268,103,160.0,455.0,243,0.6483516483516484,0.03403401749075692,152.0,0
Wainberg,25,0.05,0.1,GoCo-dense-knap (tie-level path),adapt_1076.8_to_1052.87_q0.2,9.432163108203998e-06,0.041444883475364534,0.19468306199196667,0.03744747884706789,111,180.0,577.0,267,0.6880415944540728,0.03855554132068545,169.0,31
Wainberg,25,0.05,0.5,GoCo-knap (paper path),global_1100,5.413129572024746e-13,0.03656923784898456,0.18364630809026725,0.03306079859998268,103,160.0,455.0,243,0.6483516483516484,0.03403401749075692,152.0,0
Wainberg,25,0.05,0.5,GoCo-dense-knap (tie-level path),adapt_1076.8_to_1052.87_q0.35,0.37322237688870885,0.04929722775899246,0.2115938318380347,0.044538576163763534,113,190.0,677.0,301,0.7193500738552437,0.04550593228733152,179.0,80
Wainberg,25,0.2,0.1,GoCo-knap (paper path),global_789.65,2.7851255032902395e-64,0.14107978367548873,0.33965415802154314,0.13354554198094187,199,366.0,2264.0,753,0.838339222614841,0.13600379907289806,334.0,0
Wainberg,25,0.2,0.1,GoCo-dense-knap (tie-level path),adapt_638.101_to_631.72_q0.35,0.041553828718113896,0.1931604586633635,0.38422070001976133,0.19002376382941685,261,524.0,4356.0,1034,0.8797061524334252,0.19316949915815476,452.0,165
Wainberg,25,0.2,0.5,GoCo-knap (paper path),global_789.65,2.7851255032902395e-64,0.14107978367548873,0.33965415802154314,0.13354554198094187,199,366.0,2264.0,753,0.838339222614841,0.13600379907289806,334.0,0
Wainberg,25,0.2,0.5,GoCo-dense-knap (tie-level path),adapt_638.101_to_631.72_q0.4,0.25901917796518525,0.19742642588959824,0.38760508558634604,0.19502310294448802,261,524.0,4426.0,1057,0.8816086760054225,0.19816457444024319,452.0,196
Wainberg,26,0.05,0.1,GoCo-knap (paper path),global_1100,8.554297358575553e-16,0.035260011332629036,0.18025279710707018,0.037306193820581805,121,205.0,530.0,278,0.6132075471698113,0.038445915216984955,194.0,0
Wainberg,26,0.05,0.1,GoCo-dense-knap (tie-level path),adapt_1076.8_to_1052.87_q0.25,0.0627794741034013,0.04675679836668671,0.20610691750547286,0.04697494309768238,133,240.0,752.0,327,0.6808510638297872,0.04820612361344068,227.0,75
Wainberg,26,0.05,0.5,GoCo-knap (paper path),global_1100,8.554297358575553e-16,0.035260011332629036,0.18025279710707018,0.037306193820581805,121,205.0,530.0,278,0.6132075471698113,0.038445915216984955,194.0,0
Wainberg,26,0.05,0.5,GoCo-dense-knap (tie-level path),adapt_1076.8_to_1052.87_q0.25,0.0627794741034013,0.04675679836668671,0.20610691750547286,0.04697494309768238,133,240.0,752.0,327,0.6808510638297872,0.04820612361344068,227.0,75
Wainberg,26,0.2,0.1,GoCo-knap (paper path),global_789.65,6.848972346876328e-70,0.1390043151341524,0.33674667464188424,0.1373892205457941,196,384.0,2384.0,767,0.8389261744966443,0.13953055335391973,350.0,0
Wainberg,26,0.2,0.1,GoCo-dense-knap (tie-level path),adapt_638.101_to_631.72_q0.3,0.03910515051964753,0.19306317494270783,0.38343863976130477,0.19594729326291144,254,526.0,4543.0,1056,0.8842174774378164,0.19834513068765264,469.0,162
Wainberg,26,0.2,0.5,GoCo-knap (paper path),global_789.65,6.848972346876328e-70,0.1390043151341524,0.33674667464188424,0.1373892205457941,196,384.0,2384.0,767,0.8389261744966443,0.13953055335391973,350.0,0
Wainberg,26,0.2,0.5,GoCo-dense-knap (tie-level path),adapt_638.101_to_631.72_q0.4,0.17718002311705489,0.19632759076282044,0.3860094821176949,0.1997840537954202,254,526.0,4608.0,1074,0.8858506944444444,0.20217309706935202,469.0,191
Wainberg,27,0.05,0.1,GoCo-knap (paper path),global_1100,2.195631132967847e-10,0.03804875971132081,0.18646720473544218,0.03125322455089773,111,153.0,412.0,245,0.6286407766990292,0.032279208321368054,146.0,0
Wainberg,27,0.05,0.1,GoCo-dense-knap (tie-level path),adapt_1076.8_to_1052.87_q0.25,0.07805506945518319,0.04699555900739167,0.20622356982164108,0.04029699552720888,121,176.0,627.0,288,0.7192982456140351,0.04144902872971313,168.0,67
Wainberg,27,0.05,0.5,GoCo-knap (paper path),global_1100,2.195631132967847e-10,0.03804875971132081,0.18646720473544218,0.03125322455089773,111,153.0,412.0,245,0.6286407766990292,0.032279208321368054,146.0,0
Wainberg,27,0.05,0.5,GoCo-dense-knap (tie-level path),adapt_1076.8_to_1052.87_q0.35,0.3160833044728274,0.048965239991514795,0.21044092042821533,0.04177441215869896,121,176.0,641.0,295,0.7254290171606864,0.04292644536120321,168.0,74
Wainberg,27,0.2,0.1,GoCo-knap (paper path),global_789.65,6.587763442971609e-72,0.13814522972857385,0.3365158649045976,0.13727235269161556,220,370.0,2319.0,781,0.8404484691677447,0.14033447453534367,337.0,0
Wainberg,27,0.2,0.1,GoCo-dense-knap (tie-level path),adapt_638.101_to_631.72_q0.3,0.09196395769620558,0.1947393334338317,0.38541659985913573,0.19203103651988854,279,531.0,4544.0,1050,0.8831426056338029,0.19619466612526715,455.0,179
Wainberg,27,0.2,0.5,GoCo-knap (paper path),global_789.65,6.587763442971609e-72,0.13814522972857385,0.3365158649045976,0.13727235269161556,220,370.0,2319.0,781,0.8404484691677447,0.14033447453534367,337.0,0
Wainberg,27,0.2,0.5,GoCo-dense-knap (tie-level path),adapt_638.101_to_631.72_q0.35,0.41264189059677414,0.19911835633137312,0.38879390043910156,0.19642823546143612,280,532.0,4605.0,1071,0.8844733984799131,0.20058658858387718,456.0,207
Wainberg,28,0.05,0.1,GoCo-knap (paper path),global_1100,1.7153130036682221e-18,0.03413431185407831,0.17760812906409654,0.03918445602833042,122,198.0,543.0,287,0.6353591160220995,0.040155329813480176,190.0,0
Wainberg,28,0.05,0.1,GoCo-dense-knap (tie-level path),adapt_1076.8_to_1052.87_q0.275,0.028357403555406273,0.045993611708690665,0.2046816918439841,0.04911078621172211,132,224.0,776.0,338,0.711340206185567,0.050336690250832906,213.0,80
Wainberg,28,0.05,0.5,GoCo-knap (paper path),global_1100,1.7153130036682221e-18,0.03413431185407831,0.17760812906409654,0.03918445602833042,122,198.0,543.0,287,0.6353591160220995,0.040155329813480176,190.0,0
Wainberg,28,0.05,0.5,GoCo-dense-knap (tie-level path),adapt_1076.8_to_1052.87_q0.3,0.1432713509926068,0.04772235850461666,0.20805152464434512,0.052241502415409265,132,224.0,800.0,352,0.72,0.05346740645452007,213.0,103
Wainberg,28,0.2,0.1,GoCo-knap (paper path),global_789.65,9.714879444647826e-70,0.13890688488305314,0.3376631866175464,0.14164524652148763,210,403.0,2389.0,799,0.8313101716199247,0.1447128961110427,369.0,0
Wainberg,28,0.2,0.1,GoCo-dense-knap (tie-level path),adapt_638.101_to_631.72_q0.3,0.04318540810755437,0.19322411589724636,0.38465610204194256,0.1976917833844636,278,567.0,4625.0,1078,0.8774054054054055,0.20160934878784476,492.0,173
Wainberg,28,0.2,0.5,GoCo-knap (paper path),global_789.65,9.714879444647826e-70,0.13890688488305314,0.3376631866175464,0.14164524652148763,210,403.0,2389.0,799,0.8313101716199247,0.1447128961110427,369.0,0
Wainberg,28,0.2,0.5,GoCo-dense-knap (tie-level path),adapt_638.101_to_631.72_q0.4,0.28320437807946064,0.19771395236256883,0.3881521888459034,0.2023614752375662,279,568.0,4690.0,1101,0.8788912579957356,0.20627904064094735,493.0,206
Wainberg,29,0.05,0.1,GoCo-knap (paper path),global_1100,5.023680339058142e-14,0.03606693569908442,0.18230262274468886,0.036342439098215246,110,176.0,461.0,265,0.6182212581344902,0.03723592439146674,168.0,0
Wainberg,29,0.05,0.1,GoCo-dense-knap (tie-level path),adapt_1076.8_to_1052.87_q0.3,0.07239110801949789,0.046905803451800225,0.206567872512523,0.046922635055886584,123,212.0,690.0,318,0.6927536231884058,0.047828432148949114,201.0,77
Wainberg,29,0.05,0.5,GoCo-knap (paper path),global_1100,5.023680339058142e-14,0.03606693569908442,0.18230262274468886,0.036342439098215246,110,176.0,461.0,265,0.6182212581344902,0.03723592439146674,168.0,0
Wainberg,29,0.05,0.5,GoCo-dense-knap (tie-level path),adapt_1076.8_to_1052.87_q0.4,0.25751825255637417,0.04859410143639451,0.21023166184471964,0.047766873131023777,123,212.0,698.0,322,0.6962750716332379,0.0486726702240863,201.0,81
Wainberg,29,0.2,0.1,GoCo-knap (paper path),global_789.65,2.9684188742623467e-71,0.13837585785890338,0.33684365006760675,0.14224622585115276,214,388.0,2299.0,799,0.8312309699869509,0.1449512291861617,354.0,0
Wainberg,29,0.2,0.1,GoCo-dense-knap (tie-level path),adapt_638.101_to_631.72_q0.275,0.0855001103031931,0.19458637028929426,0.38496522380593556,0.19428568244697475,268,537.0,4465.0,1057,0.8797312430011198,0.19743549749852737,477.0,156
Wainberg,29,0.2,0.5,GoCo-knap (paper path),global_789.65,2.9684188742623467e-71,0.13837585785890338,0.33684365006760675,0.14224622585115276,214,388.0,2299.0,799,0.8312309699869509,0.1449512291861617,354.0,0
Wainberg,29,0.2,0.5,GoCo-dense-knap (tie-level path),adapt_638.101_to_631.72_q0.4,0.3977140749177651,0.1989656751186294,0.38836743311063976,0.19911366893916554,269,538.0,4535.0,1080,0.881367144432194,0.20231624887041424,477.0,185
Wainberg,30,0.05,0.1,GoCo-knap (paper path),global_1100,1.5042203949747886e-13,0.036338771785489235,0.18233008130986172,0.033300166874935276,95,167.0,463.0,241,0.6393088552915767,0.03416902855598459,159.0,0
Wainberg,30,0.05,0.1,GoCo-dense-knap (tie-level path),adapt_1076.8_to_1052.87_q0.2,0.04407402618111795,0.046409633723293486,0.20496819254449491,0.044680843352265076,101,192.0,671.0,296,0.713859910581222,0.045620058202049105,183.0,74
Wainberg,30,0.05,0.5,GoCo-knap (paper path),global_1100,1.5042203949747886e-13,0.036338771785489235,0.18233008130986172,0.033300166874935276,95,167.0,463.0,241,0.6393088552915767,0.03416902855598459,159.0,0
Wainberg,30,0.05,0.5,GoCo-dense-knap (tie-level path),adapt_1076.8_to_1052.87_q0.275,0.4890431271247629,0.049940111026540515,0.2122516827799971,0.048184431375406525,102,194.0,708.0,313,0.7259887005649718,0.049106057923571776,185.0,100
Wainberg,30,0.2,0.1,GoCo-knap (paper path),global_789.65,1.3279850542420354e-68,0.13946554441642972,0.33742269186526264,0.14025375198882659,183,345.0,2226.0,778,0.8450134770889488,0.1425830282620007,313.0,0
Wainberg,30,0.2,0.1,GoCo-dense-knap (tie-level path),adapt_638.101_to_631.72_q0.3,0.08386837549981502,0.19454898666112852,0.38466883322248613,0.19980266787121195,245,494.0,4394.0,1069,0.8875739644970414,0.20236683176785594,436.0,195
Wainberg,30,0.2,0.5,GoCo-knap (paper path),global_789.65,1.3279850542420354e-68,0.13946554441642972,0.33742269186526264,0.14025375198882659,183,345.0,2226.0,778,0.8450134770889488,0.1425830282620007,313.0,0
Wainberg,30,0.2,0.5,GoCo-dense-knap (tie-level path),adapt_638.101_to_631.72_q0.4,0.13936415467438257,0.19570969152553708,0.38558765666318795,0.203390679690545,245,494.0,4437.0,1086,0.8886635113815641,0.205954843587189,436.0,214
Wainberg,31,0.05,0.1,GoCo-knap (paper path),global_1100,6.146453798286879e-12,0.03711408242100563,0.1851103985043031,0.03536352494777935,114,177.0,467.0,264,0.6209850107066381,0.03668264693389114,166.0,0
Wainberg,31,0.05,0.1,GoCo-dense-knap (tie-level path),adapt_1076.8_to_1052.87_q0.3,0.09862462715725417,0.04724921860485574,0.20767984275843984,0.04615834374853507,123,210.0,699.0,316,0.6995708154506438,0.047560130703192614,196.0,79
Wainberg,31,0.05,0.5,GoCo-knap (paper path),global_1100,6.146453798286879e-12,0.03711408242100563,0.1851103985043031,0.03536352494777935,114,177.0,467.0,264,0.6209850107066381,0.03668264693389114,166.0,0
Wainberg,31,0.05,0.5,GoCo-dense-knap (tie-level path),adapt_1076.8_to_1052.87_q0.4,0.3735907453652647,0.04929803855700673,0.21198748965232614,0.04706589968182357,123,211.0,717.0,320,0.705718270571827,0.04843954536898723,197.0,87
Wainberg,31,0.2,0.1,GoCo-knap (paper path),global_789.65,1.4391819805249156e-67,0.1397571436926397,0.3384431130173759,0.14133181656310206,204,388.0,2384.0,787,0.837248322147651,0.1431837876815995,359.0,0
Wainberg,31,0.2,0.1,GoCo-dense-knap (tie-level path),adapt_638.101_to_631.72_q0.275,0.09292323530998081,0.19476240978841478,0.38540563666529004,0.19009966661138541,270,544.0,4560.0,1033,0.8807017543859649,0.19231937195100882,488.0,167
Wainberg,31,0.2,0.5,GoCo-knap (paper path),global_789.65,1.4391819805249156e-67,0.1397571436926397,0.3384431130173759,0.14133181656310206,204,388.0,2384.0,787,0.837248322147651,0.1431837876815995,359.0,0
Wainberg,31,0.2,0.5,GoCo-dense-knap (tie-level path),adapt_638.101_to_631.72_q0.35,0.17541623765491726,0.1962950899701739,0.3865829876969497,0.19140706307251978,270,544.0,4583.0,1039,0.8813004582151429,0.19362676841214319,488.0,175
Wainberg,32,0.05,0.1,GoCo-knap (paper path),global_1100,1.398216740621684e-16,0.03490313226894649,0.17962783037659383,0.03809389810413185,119,192.0,524.0,277,0.6335877862595419,0.039573659841246424,175.0,0
Wainberg,32,0.05,0.1,GoCo-dense-knap (tie-level path),adapt_1076.8_to_1052.87_q0.4,0.03700223961941448,0.046234420272410134,0.20518397586900652,0.05015628463787185,129,211.0,755.0,336,0.7205298013245033,0.051572142232566405,192.0,85
Wainberg,32,0.05,0.5,GoCo-knap (paper path),global_1100,1.398216740621684e-16,0.03490313226894649,0.17962783037659383,0.03809389810413185,119,192.0,524.0,277,0.6335877862595419,0.039573659841246424,175.0,0
Wainberg,32,0.05,0.5,GoCo-dense-knap (tie-level path),adapt_1076.8_to_1052.87_q0.4,0.03700223961941448,0.046234420272410134,0.20518397586900652,0.05015628463787185,129,211.0,755.0,336,0.7205298013245033,0.051572142232566405,192.0,85
Wainberg,32,0.2,0.1,GoCo-knap (paper path),global_789.65,2.247673942374291e-73,0.1376418269651027,0.3357418279126045,0.1468019574981241,219,403.0,2466.0,823,0.8365774533657745,0.14940192599168756,361.0,0
Wainberg,32,0.2,0.1,GoCo-dense-knap (tie-level path),adapt_638.101_to_631.72_q0.3,0.04301921281497576,0.19322876535828537,0.3839856732854566,0.2042962953089762,274,543.0,4706.0,1097,0.8846153846153846,0.20755120890774068,467.0,184
Wainberg,32,0.2,0.5,GoCo-knap (paper path),global_789.65,2.247673942374291e-73,0.1376418269651027,0.3357418279126045,0.1468019574981241,219,403.0,2466.0,823,0.8365774533657745,0.14940192599168756,361.0,0
Wainberg,32,0.2,0.5,GoCo-dense-knap (tie-level path),adapt_638.101_to_631.72_q0.4,0.2960240444440596,0.1978663088834599,0.3876208958890538,0.2095727832785836,275,544.0,4787.0,1122,0.8863588886567788,0.21277493199765204,468.0,217
Wainberg,33,0.05,0.1,GoCo-knap (paper path),global_1100,2.3287437457921265e-14,0.035916404178138274,0.1818066916286402,0.03643071556478777,115,177.0,484.0,271,0.6342975206611571,0.03734765192057423,168.0,0
Wainberg,33,0.05,0.1,GoCo-dense-knap (tie-level path),adapt_1076.8_to_1052.87_q0.3,0.07623106142763104,0.04696771001386859,0.20630052119055298,0.04538772522195476,124,210.0,691.0,318,0.6960926193921853,0.04636915198555975,199.0,69
Wainberg,33,0.05,0.5,GoCo-knap (paper path),global_1100,2.3287437457921265e-14,0.035916404178138274,0.1818066916286402,0.03643071556478777,115,177.0,484.0,271,0.6342975206611571,0.03734765192057423,168.0,0
Wainberg,33,0.05,0.5,GoCo-dense-knap (tie-level path),adapt_1076.8_to_1052.87_q0.35,0.11005715347864425,0.04738978451001716,0.20722488665139463,0.04644302281587624,124,210.0,702.0,323,0.7008547008547008,0.047424449579481234,199.0,74
Wainberg,33,0.2,0.1,GoCo-knap (paper path),global_789.65,2.0791735920503767e-71,0.13826618948710598,0.3370661257010613,0.14291192529547714,207,386.0,2434.0,804,0.8414133114215283,0.14577178177437536,348.0,0
Wainberg,33,0.2,0.1,GoCo-dense-knap (tie-level path),adapt_638.101_to_631.72_q0.35,0.06476797318408688,0.1940110401710629,0.38459748366807495,0.19712556608936463,262,524.0,4589.0,1070,0.88581390281107,0.200748704619149,455.0,184
Wainberg,33,0.2,0.5,GoCo-knap (paper path),global_789.65,2.0791735920503767e-71,0.13826618948710598,0.3370661257010613,0.14291192529547714,207,386.0,2434.0,804,0.8414133114215283,0.14577178177437536,348.0,0
Wainberg,33,0.2,0.5,GoCo-dense-knap (tie-level path),adapt_638.101_to_631.72_q0.4,0.2506487878079332,0.19732520428434183,0.38722766790335145,0.20116207938611433,262,524.0,4647.0,1089,0.8872390789756832,0.20478521791589868,455.0,209
Wainberg,34,0.05,0.1,GoCo-knap (paper path),global_1100,1.4285416752015333e-16,0.034925994645559275,0.17941249735179107,0.037517002060751516,103,168.0,485.0,264,0.6536082474226804,0.03903545804381522,156.0,0
Wainberg,34,0.05,0.1,GoCo-dense-knap (tie-level path),adapt_1076.8_to_1052.87_q0.3,0.0165834472218951,0.0455592152855876,0.2029569377512117,0.04739035418789414,108,190.0,709.0,312,0.7320169252468265,0.048906465046463156,177.0,80
Wainberg,34,0.05,0.5,GoCo-knap (paper path),global_1100,1.4285416752015333e-16,0.034925994645559275,0.17941249735179107,0.037517002060751516,103,168.0,485.0,264,0.6536082474226804,0.03903545804381522,156.0,0
Wainberg,34,0.05,0.5,GoCo-dense-knap (tie-level path),adapt_1076.8_to_1052.87_q0.3,0.0165834472218951,0.0455592152855876,0.2029569377512117,0.04739035418789414,108,190.0,709.0,312,0.7320169252468265,0.048906465046463156,177.0,80
Wainberg,34,0.2,0.1,GoCo-knap (paper path),global_789.65,1.8854867203335038e-64,0.14107549877009262,0.33921676330168493,0.1344805969787882,197,362.0,2322.0,759,0.8440999138673557,0.13679060987804248,332.0,0
Wainberg,34,0.2,0.1,GoCo-dense-knap (tie-level path),adapt_638.101_to_631.72_q0.175,0.08014142499237259,0.19445048555318245,0.38475646134826735,0.1821944565241374,255,510.0,4386.0,990,0.8837209302325582,0.1850938443432583,447.0,132
Wainberg,34,0.2,0.5,GoCo-knap (paper path),global_789.65,1.8854867203335038e-64,0.14107549877009262,0.33921676330168493,0.1344805969787882,197,362.0,2322.0,759,0.8440999138673557,0.13679060987804248,332.0,0
Wainberg,34,0.2,0.5,GoCo-dense-knap (tie-level path),adapt_638.101_to_631.72_q0.225,0.4545359729055176,0.19954406215261028,0.38863322959637797,0.1878402986579074,257,515.0,4454.0,1017,0.884373596766951,0.19084521623642045,450.0,166
Wainberg,35,0.05,0.1,GoCo-knap (paper path),global_1100,4.7037158142399486e-14,0.03601748431434583,0.1827362631195389,0.037880577222487756,128,203.0,525.0,285,0.6133333333333333,0.03922315025855439,191.0,0
Wainberg,35,0.05,0.1,GoCo-dense-knap (tie-level path),adapt_1076.8_to_1052.87_q0.35,0.05084546134509717,0.04652859721679885,0.2064754940575317,0.05088749317843082,137,234.0,826.0,344,0.7167070217917676,0.05205535582345767,219.0,103
Wainberg,35,0.05,0.5,GoCo-knap (paper path),global_1100,4.7037158142399486e-14,0.03601748431434583,0.1827362631195389,0.037880577222487756,128,203.0,525.0,285,0.6133333333333333,0.03922315025855439,191.0,0
Wainberg,35,0.05,0.5,GoCo-dense-knap (tie-level path),adapt_1076.8_to_1052.87_q0.4,0.15708928211045342,0.047838786800689835,0.20903661826134354,0.05215385029742666,137,234.0,834.0,349,0.7194244604316546,0.05328653635808615,219.0,111
Wainberg,35,0.2,0.1,GoCo-knap (paper path),global_789.65,4.126722253601772e-66,0.14036333965509265,0.33883315797877045,0.1422514394932077,216,399.0,2487.0,798,0.8395657418576599,0.14498692920448006,363.0,0
Wainberg,35,0.2,0.1,GoCo-dense-knap (tie-level path),adapt_638.101_to_631.72_q0.175,0.00010100906962641085,0.18556908495355484,0.3780050358366877,0.1872273310358487,273,541.0,4518.0,1024,0.880256750774679,0.19056579796459766,475.0,101
Wainberg,35,0.2,0.5,GoCo-knap (paper path),global_789.65,4.126722253601772e-66,0.14036333965509265,0.33883315797877045,0.1422514394932077,216,399.0,2487.0,798,0.8395657418576599,0.14498692920448006,363.0,0
Wainberg,35,0.2,0.5,GoCo-dense-knap (tie-level path),adapt_638.101_to_631.72_q0.3,0.42458648789932274,0.1992407303621488,0.38866988381358136,0.2003746534787738,274,545.0,4716.0,1084,0.8844359626802375,0.20375512009459038,478.0,194
Wainberg,36,0.05,0.1,GoCo-knap (paper path),global_1100,1.4736733328689675e-14,0.035850622531129195,0.18122755772380766,0.03479316170492873,104,168.0,444.0,256,0.6216216216216216,0.03634093151773366,156.0,0
Wainberg,36,0.05,0.1,GoCo-dense-knap (tie-level path),adapt_1076.8_to_1052.87_q0.275,0.0368980983467527,0.04624338479022933,0.20454790258579,0.04479176381586372,114,195.0,655.0,306,0.7022900763358778,0.04627269809006537,181.0,73
Wainberg,36,0.05,0.5,GoCo-knap (paper path),global_1100,1.4736733328689675e-14,0.035850622531129195,0.18122755772380766,0.03479316170492873,104,168.0,444.0,256,0.6216216216216216,0.03634093151773366,156.0,0
Wainberg,36,0.05,0.5,GoCo-dense-knap (tie-level path),adapt_1076.8_to_1052.87_q0.35,0.32050839317855867,0.048992144947654775,0.21042092916545552,0.04600887371045519,115,196.0,669.0,312,0.7070254110612855,0.04748980798465685,182.0,83
Wainberg,36,0.2,0.1,GoCo-knap (paper path),global_789.65,7.6867868741833225e-62,0.14211284894788268,0.3404517078261902,0.1327854595691557,198,353.0,2221.0,750,0.8410625844214318,0.13534103857283353,322.0,0
Wainberg,36,0.2,0.1,GoCo-dense-knap (tie-level path),adapt_638.101_to_631.72_q0.2,0.0002633796140872983,0.1865145135346603,0.3786844431669632,0.1721997942921732,264,495.0,4168.0,951,0.8812380038387716,0.17590289373924178,438.0,89
Wainberg,36,0.2,0.5,GoCo-knap (paper path),global_789.65,7.6867868741833225e-62,0.14211284894788268,0.3404517078261902,0.1327854595691557,198,353.0,2221.0,750,0.8410625844214318,0.13534103857283353,322.0,0
Wainberg,36,0.2,0.5,GoCo-dense-knap (tie-level path),adapt_638.101_to_631.72_q0.225,0.4309310799278275,0.1993051660382271,0.3887377723435315,0.18418298760777338,265,496.0,4317.0,1006,0.8851053972666203,0.18788313517821092,439.0,162
Wainberg,37,0.05,0.1,GoCo-knap (paper path),global_1100,8.402379003655904e-16,0.035233715426271524,0.18052409802822086,0.036131128322831586,135,221.0,551.0,284,0.5989110707803993,0.03768593343992986,209.0,0
Wainberg,37,0.05,0.1,GoCo-dense-knap (tie-level path),adapt_1076.8_to_1052.87_q0.35,0.04160029267455454,0.04633942501157777,0.20569989098808295,0.047019012807013365,143,250.0,802.0,334,0.6882793017456359,0.048498188247279105,237.0,83
Wainberg,37,0.05,0.5,GoCo-knap (paper path),global_1100,8.402379003655904e-16,0.035233715426271524,0.18052409802822086,0.036131128322831586,135,221.0,551.0,284,0.5989110707803993,0.03768593343992986,209.0,0
Wainberg,37,0.05,0.5,GoCo-dense-knap (tie-level path),adapt_1076.8_to_1052.87_q0.4,0.10188359171546801,0.047289092627912054,0.20765461103875668,0.04872507725890652,143,256.0,826.0,341,0.6900726392251816,0.05006354634912269,243.0,104
Wainberg,37,0.2,0.1,GoCo-knap (paper path),global_789.65,8.89511158885039e-59,0.1432848169784877,0.34245864530195597,0.13350967917262677,224,437.0,2471.0,766,0.8231485228652368,0.13590638486077988,407.0,0
Wainberg,37,0.2,0.1,GoCo-dense-knap (tie-level path),adapt_638.101_to_631.72_q0.225,0.08222155681978494,0.19449023149732272,0.3858031241132441,0.18818060436383136,287,598.0,4702.0,1036,0.8728200765631646,0.19121743009318376,527.0,173
Wainberg,37,0.2,0.5,GoCo-knap (paper path),global_789.65,8.89511158885039e-59,0.1432848169784877,0.34245864530195597,0.13350967917262677,224,437.0,2471.0,766,0.8231485228652368,0.13590638486077988,407.0,0
Wainberg,37,0.2,0.5,GoCo-dense-knap (tie-level path),adapt_638.101_to_631.72_q0.35,0.21070570317395326,0.19679905855166355,0.3875882650507237,0.19118236023861931,287,601.0,4764.0,1049,0.8738455079764903,0.19420216347017386,530.0,198
Wainberg,38,0.05,0.1,GoCo-knap (paper path),global_1100,3.831844634682455e-12,0.037047379589148735,0.1842208283362867,0.03225014577653147,111,172.0,442.0,251,0.6108597285067874,0.03381198621679329,160.0,0
Wainberg,38,0.05,0.1,GoCo-dense-knap (tie-level path),adapt_1076.8_to_1052.87_q0.25,0.06079811256037747,0.04672973353714081,0.20564456835285552,0.04111363293124232,119,198.0,657.0,293,0.6986301369863014,0.042652608574367666,183.0,69
Wainberg,38,0.05,0.5,GoCo-knap (paper path),global_1100,3.831844634682455e-12,0.037047379589148735,0.1842208283362867,0.03225014577653147,111,172.0,442.0,251,0.6108597285067874,0.03381198621679329,160.0,0
Wainberg,38,0.05,0.5,GoCo-dense-knap (tie-level path),adapt_1076.8_to_1052.87_q0.35,0.18770972142106412,0.048101475649623665,0.20851519688089257,0.04325940470974271,121,200.0,682.0,304,0.7067448680351907,0.04486873352160279,184.0,82
Wainberg,38,0.2,0.1,GoCo-knap (paper path),global_789.65,1.9305369266725094e-65,0.14064780215717915,0.3389971754896446,0.13735492339411987,199,358.0,2188.0,774,0.8363802559414991,0.1403102591577186,325.0,0
Wainberg,38,0.2,0.1,GoCo-dense-knap (tie-level path),adapt_638.101_to_631.72_q0.225,0.09489293233072738,0.19481024411178233,0.3853090204387603,0.19002268597666047,265,515.0,4247.0,1040,0.8787379326583471,0.19392420141417147,452.0,159
Wainberg,38,0.2,0.5,GoCo-knap (paper path),global_789.65,1.9305369266725094e-65,0.14064780215717915,0.3389971754896446,0.13735492339411987,199,358.0,2188.0,774,0.8363802559414991,0.1403102591577186,325.0,0
Wainberg,38,0.2,0.5,GoCo-dense-knap (tie-level path),adapt_638.101_to_631.72_q0.3,0.21217400713633428,0.1968255222120453,0.3868253713822634,0.19245308021192764,265,515.0,4302.0,1051,0.8802882380288238,0.19626414918632837,452.0,182
Wainberg,39,0.05,0.1,GoCo-knap (paper path),global_1100,4.179660387198894e-18,0.03433479723880547,0.1774387303350787,0.03749522609567783,126,204.0,509.0,289,0.5992141453831041,0.03893746613651049,196.0,0
Wainberg,39,0.05,0.1,GoCo-dense-knap (tie-level path),adapt_1076.8_to_1052.87_q0.4,0.0018749346913235407,0.04403689214042864,0.20028071804795602,0.047689355199047156,143,240.0,757.0,343,0.6829590488771466,0.04927230158992939,230.0,84
Wainberg,39,0.05,0.5,GoCo-knap (paper path),global_1100,4.179660387198894e-18,0.03433479723880547,0.1774387303350787,0.03749522609567783,126,204.0,509.0,289,0.5992141453831041,0.03893746613651049,196.0,0
Wainberg,39,0.05,0.5,GoCo-dense-knap (tie-level path),adapt_1076.8_to_1052.87_q0.4,0.0018749346913235407,0.04403689214042864,0.20028071804795602,0.047689355199047156,143,240.0,757.0,343,0.6829590488771466,0.04927230158992939,230.0,84
Wainberg,39,0.2,0.1,GoCo-knap (paper path),global_789.65,8.925093906787084e-67,0.13997437240856792,0.33928404110300925,0.14024899285734832,230,410.0,2397.0,803,0.8289528577388402,0.14329084627874394,377.0,0
Wainberg,39,0.2,0.1,GoCo-dense-knap (tie-level path),adapt_638.101_to_631.72_q0.175,4.671151398908901e-05,0.18481962572576074,0.37823960004440565,0.181980142554637,287,562.0,4521.0,1008,0.8756912187569121,0.1852220775344896,499.0,106
Wainberg,39,0.2,0.5,GoCo-knap (paper path),global_789.65,8.925093906787084e-67,0.13997437240856792,0.33928404110300925,0.14024899285734832,230,410.0,2397.0,803,0.8289528577388402,0.14329084627874394,377.0,0
Wainberg,39,0.2,0.5,GoCo-dense-knap (tie-level path),adapt_638.101_to_631.72_q0.275,0.3446775411232299,0.1984034160074836,0.38883021771163434,0.1933361346105726,288,568.0,4701.0,1059,0.8791746436928313,0.1966316865913573,503.0,193
Wainberg,40,0.05,0.1,GoCo-knap (paper path),global_1100,8.918823122819384e-12,0.03722186215828023,0.18503704686990333,0.03417581263827392,124,195.0,468.0,269,0.5833333333333334,0.03606479532258729,181.0,0
Wainberg,40,0.05,0.1,GoCo-dense-knap (tie-level path),adapt_1076.8_to_1052.87_q0.275,0.09008537861638416,0.04715187273392059,0.20687864942102674,0.043920275322391594,135,231.0,685.0,321,0.6627737226277373,0.04580925800670497,216.0,76
Wainberg,40,0.05,0.5,GoCo-knap (paper path),global_1100,8.918823122819384e-12,0.03722186215828023,0.18503704686990333,0.03417581263827392,124,195.0,468.0,269,0.5833333333333334,0.03606479532258729,181.0,0
Wainberg,40,0.05,0.5,GoCo-dense-knap (tie-level path),adapt_1076.8_to_1052.87_q0.35,0.2934810317073535,0.04882610156948184,0.21036394751554727,0.04521477370259127,136,232.0,702.0,327,0.6695156695156695,0.047075615119410746,217.0,86
Wainberg,40,0.2,0.1,GoCo-knap (paper path),global_789.65,3.8722027897859595e-64,0.14114767116931493,0.3396541430807987,0.13534103101532186,217,396.0,2332.0,775,0.8301886792452831,0.13814695005227665,360.0,0
Wainberg,40,0.2,0.1,GoCo-dense-knap (tie-level path),adapt_638.101_to_631.72_q0.175,0.000345159968614305,0.18678609175723326,0.3790812459478909,0.1812912048249116,274,535.0,4338.0,1003,0.8766712770862148,0.18457733522102068,473.0,95
Wainberg,40,0.2,0.5,GoCo-knap (paper path),global_789.65,3.8722027897859595e-64,0.14114767116931493,0.3396541430807987,0.13534103101532186,217,396.0,2332.0,775,0.8301886792452831,0.13814695005227665,360.0,0
Wainberg,40,0.2,0.5,GoCo-dense-knap (tie-level path),adapt_638.101_to_631.72_q0.225,0.42970556478412636,0.1992923683716147,0.3889248549636165,0.19556874198758084,275,542.0,4538.0,1068,0.880564125165271,0.19891567807212163,478.0,191
Wainberg,41,0.05,0.1,GoCo-knap (paper path),global_1100,1.0118945387150487e-17,0.03444387502649911,0.17832220378619984,0.038688884927734334,118,188.0,506.0,281,0.6284584980237155,0.03968789998037798,177.0,0
Wainberg,41,0.05,0.1,GoCo-dense-knap (tie-level path),adapt_1076.8_to_1052.87_q0.35,0.06342300291229976,0.04676804303890217,0.206091068339304,0.05074222606035565,132,212.0,758.0,342,0.7203166226912929,0.05180104130956884,198.0,97
Wainberg,41,0.05,0.5,GoCo-knap (paper path),global_1100,1.0118945387150487e-17,0.03444387502649911,0.17832220378619984,0.038688884927734334,118,188.0,506.0,281,0.6284584980237155,0.03968789998037798,177.0,0
Wainberg,41,0.05,0.5,GoCo-dense-knap (tie-level path),adapt_1076.8_to_1052.87_q0.35,0.06342300291229976,0.04676804303890217,0.206091068339304,0.05074222606035565,132,212.0,758.0,342,0.7203166226912929,0.05180104130956884,198.0,97
Wainberg,41,0.2,0.1,GoCo-knap (paper path),global_789.65,5.556745192399261e-71,0.13851261505588042,0.3367603665172521,0.14054563290248093,211,390.0,2372.0,790,0.8355817875210793,0.14224642084627626,360.0,0
Wainberg,41,0.2,0.1,GoCo-dense-knap (tie-level path),adapt_638.101_to_631.72_q0.35,0.08713547138668448,0.19462314374187495,0.3852740906326693,0.19982113799260307,286,556.0,4655.0,1088,0.8805585392051557,0.2025510950266384,487.0,206
Wainberg,41,0.2,0.5,GoCo-knap (paper path),global_789.65,5.556745192399261e-71,0.13851261505588042,0.3367603665172521,0.14054563290248093,211,390.0,2372.0,790,0.8355817875210793,0.14224642084627626,360.0,0
Wainberg,41,0.2,0.5,GoCo-dense-knap (tie-level path),adapt_638.101_to_631.72_q0.4,0.3267828228851698,0.19821077695913777,0.38809072922104,0.20277597125558322,286,556.0,4692.0,1102,0.8815004262574595,0.20550592828961856,487.0,222
Wainberg,42,0.05,0.1,GoCo-knap (paper path),global_1100,4.158521463819427e-17,0.03468284120165473,0.17907871117727936,0.038314170534724475,118,197.0,513.0,279,0.6159844054580896,0.03942809576925823,187.0,0
Wainberg,42,0.05,0.1,GoCo-dense-knap (tie-level path),adapt_1076.8_to_1052.87_q0.35,0.0235931108040709,0.04582746553027304,0.2046712966190322,0.047713019457005304,127,225.0,727.0,324,0.6905089408528198,0.04880349362271403,212.0,78
Wainberg,42,0.05,0.5,GoCo-knap (paper path),global_1100,4.158521463819427e-17,0.03468284120165473,0.17907871117727936,0.038314170534724475,118,197.0,513.0,279,0.6159844054580896,0.03942809576925823,187.0,0
Wainberg,42,0.05,0.5,GoCo-dense-knap (tie-level path),adapt_1076.8_to_1052.87_q0.35,0.0235931108040709,0.04582746553027304,0.2046712966190322,0.047713019457005304,127,225.0,727.0,324,0.6905089408528198,0.04880349362271403,212.0,78
Wainberg,42,0.2,0.1,GoCo-knap (paper path),global_789.65,1.6807819524193019e-68,0.13942437299076257,0.3379124388020562,0.13959567398524778,213,410.0,2363.0,791,0.826491747778248,0.14186372627445593,381.0,0
Wainberg,42,0.2,0.1,GoCo-dense-knap (tie-level path),adapt_638.101_to_631.72_q0.3,0.08822052940971448,0.19464568228356582,0.3855927839473647,0.19379874138942293,277,557.0,4460.0,1061,0.8751121076233184,0.19693906645814593,493.0,202
Wainberg,42,0.2,0.5,GoCo-knap (paper path),global_789.65,1.6807819524193019e-68,0.13942437299076257,0.3379124388020562,0.13959567398524778,213,410.0,2363.0,791,0.826491747778248,0.14186372627445593,381.0,0
Wainberg,42,0.2,0.5,GoCo-dense-knap (tie-level path),adapt_638.101_to_631.72_q0.4,0.21471730766429253,0.19685629745588606,0.38731303359252606,0.19698222246022604,277,557.0,4502.0,1076,0.8762772101288316,0.2001137533907198,493.0,221
Wainberg,43,0.05,0.1,GoCo-knap (paper path),global_1100,1.1795522212746637e-12,0.03676314926812879,0.18378670624599097,0.03401173896845407,114,178.0,442.0,261,0.5972850678733032,0.034926330212325975,173.0,0
Wainberg,43,0.05,0.1,GoCo-dense-knap (tie-level path),adapt_1076.8_to_1052.87_q0.2,0.09123637053476913,0.0471672665847056,0.20684849056756027,0.04561169806878845,123,205.0,681.0,316,0.6989720998531571,0.04644890080818198,198.0,81
Wainberg,43,0.05,0.5,GoCo-knap (paper path),global_1100,1.1795522212746637e-12,0.03676314926812879,0.18378670624599097,0.03401173896845407,114,178.0,442.0,261,0.5972850678733032,0.034926330212325975,173.0,0
Wainberg,43,0.05,0.5,GoCo-dense-knap (tie-level path),adapt_1076.8_to_1052.87_q0.4,0.3856047456740038,0.04936908854045256,0.21121250105095019,0.04871779066027343,123,207.0,715.0,329,0.7104895104895105,0.049449463640274804,200.0,108
Wainberg,43,0.2,0.1,GoCo-knap (paper path),global_789.65,2.981405654814282e-71,0.13846608867773064,0.336355054312736,0.1394224078935025,206,369.0,2325.0,788,0.8412903225806452,0.14158936938111316,342.0,0
Wainberg,43,0.2,0.1,GoCo-dense-knap (tie-level path),adapt_638.101_to_631.72_q0.2,0.08089230984719359,0.19446300781482606,0.3852674101062372,0.19714431114315534,268,516.0,4583.0,1071,0.8874099934540693,0.20021248649398501,461.0,184
Wainberg,43,0.2,0.5,GoCo-knap (paper path),global_789.65,2.981405654814282e-71,0.13846608867773064,0.336355054312736,0.1394224078935025,206,369.0,2325.0,788,0.8412903225806452,0.14158936938111316,342.0,0
Wainberg,43,0.2,0.5,GoCo-dense-knap (tie-level path),adapt_638.101_to_631.72_q0.4,0.4042183461680089,0.19903158738861687,0.3888532238090933,0.20172258821556266,268,516.0,4646.0,1092,0.8889367197589324,0.20479076356639234,461.0,212
Wainberg,44,0.05,0.1,GoCo-knap (paper path),global_1100,1.2549023233664503e-19,0.03373463913504303,0.1761649057661042,0.03994921176254422,107,159.0,502.0,277,0.6832669322709163,0.04122143162987613,149.0,0
Wainberg,44,0.05,0.1,GoCo-dense-knap (tie-level path),adapt_1076.8_to_1052.87_q0.35,0.016964411589737216,0.04557210058870101,0.2032401934893104,0.04967591864378858,123,190.0,729.0,331,0.7393689986282579,0.05122544725278904,174.0,77
Wainberg,44,0.05,0.5,GoCo-knap (paper path),global_1100,1.2549023233664503e-19,0.03373463913504303,0.1761649057661042,0.03994921176254422,107,159.0,502.0,277,0.6832669322709163,0.04122143162987613,149.0,0
Wainberg,44,0.05,0.5,GoCo-dense-knap (tie-level path),adapt_1076.8_to_1052.87_q0.35,0.016964411589737216,0.04557210058870101,0.2032401934893104,0.04967591864378858,123,190.0,729.0,331,0.7393689986282579,0.05122544725278904,174.0,77
Wainberg,44,0.2,0.1,GoCo-knap (paper path),global_789.65,6.946604015175283e-77,0.1363523523852432,0.33453792678305927,0.1460079116602898,206,362.0,2419.0,813,0.8503513848697809,0.1483268024562632,327.0,0
Wainberg,44,0.2,0.1,GoCo-dense-knap (tie-level path),adapt_638.101_to_631.72_q0.275,0.07030722107105121,0.19417272569308794,0.38498939766245815,0.20394780195906675,281,526.0,4647.0,1102,0.886808693780934,0.206870844497264,454.0,167
Wainberg,44,0.2,0.5,GoCo-knap (paper path),global_789.65,6.946604015175283e-77,0.1363523523852432,0.33453792678305927,0.1460079116602898,206,362.0,2419.0,813,0.8503513848697809,0.1483268024562632,327.0,0
Wainberg,44,0.2,0.5,GoCo-dense-knap (tie-level path),adapt_638.101_to_631.72_q0.4,0.19403012147969523,0.19657013395409476,0.38683977565902145,0.20632222154539012,281,526.0,4684.0,1113,0.8877028181041845,0.20924526408358735,454.0,184
Wainberg,45,0.05,0.1,GoCo-knap (paper path),global_1100,2.4312656386810256e-10,0.038027823474496,0.18727309829574756,0.0341057107009783,116,187.0,471.0,263,0.6029723991507431,0.03525246742054499,178.0,0
Wainberg,45,0.05,0.1,GoCo-dense-knap (tie-level path),adapt_1076.8_to_1052.87_q0.225,2.2104629487544562e-07,0.04005505245855442,0.19171542690267204,0.03658054346032362,117,194.0,560.0,274,0.6535714285714286,0.03772730017989031,185.0,17
Wainberg,45,0.05,0.5,GoCo-knap (paper path),global_1100,2.4312656386810256e-10,0.038027823474496,0.18727309829574756,0.0341057107009783,116,187.0,471.0,263,0.6029723991507431,0.03525246742054499,178.0,0
Wainberg,45,0.05,0.5,GoCo-dense-knap (tie-level path),adapt_1076.8_to_1052.87_q0.4,0.48652512486710564,0.04992606852255102,0.21304313251012919,0.045531225898261814,121,207.0,724.0,317,0.7140883977900553,0.0466779826178285,198.0,85
Wainberg,45,0.2,0.1,GoCo-knap (paper path),global_789.65,4.5905842792075757e-60,0.1427501550442913,0.34182553127339277,0.13742698589713326,204,383.0,2312.0,774,0.8343425605536332,0.1400879347290405,351.0,0
Wainberg,45,0.2,0.1,GoCo-dense-knap (tie-level path),adapt_638.101_to_631.72_q0.2,0.0012935305749064699,0.18822401546282244,0.3804855205479416,0.1788851884207478,275,530.0,4300.0,994,0.8767441860465116,0.18237116907079695,468.0,91
Wainberg,45,0.2,0.5,GoCo-knap (paper path),global_789.65,4.5905842792075757e-60,0.1427501550442913,0.34182553127339277,0.13742698589713326,204,383.0,2312.0,774,0.8343425605536332,0.1400879347290405,351.0,0
Wainberg,45,0.2,0.5,GoCo-dense-knap (tie-level path),adapt_638.101_to_631.72_q0.25,0.47652077075794214,0.1997644423438462,0.3894107597802429,0.19232159041563335,276,532.0,4461.0,1055,0.8807442277516252,0.1958339534992405,468.0,170
Wainberg,46,0.05,0.1,GoCo-knap (paper path),global_1100,4.921202273315622e-14,0.03604725563628042,0.18249335498168615,0.036660535944293145,117,174.0,465.0,273,0.6258064516129033,0.03850730672107562,160.0,0
Wainberg,46,0.05,0.1,GoCo-dense-knap (tie-level path),adapt_1076.8_to_1052.87_q0.4,0.04715208466160381,0.04646748624969236,0.20553834842967603,0.04817751025464174,125,195.0,716.0,330,0.7276536312849162,0.0499451337118801,180.0,83
Wainberg,46,0.05,0.5,GoCo-knap (paper path),global_1100,4.921202273315622e-14,0.03604725563628042,0.18249335498168615,0.036660535944293145,117,174.0,465.0,273,0.6258064516129033,0.03850730672107562,160.0,0
Wainberg,46,0.05,0.5,GoCo-dense-knap (tie-level path),adapt_1076.8_to_1052.87_q0.4,0.04715208466160381,0.04646748624969236,0.20553834842967603,0.04817751025464174,125,195.0,716.0,330,0.7276536312849162,0.0499451337118801,180.0,83
Wainberg,46,0.2,0.1,GoCo-knap (paper path),global_789.65,1.2141165204409232e-69,0.1389363641991474,0.337742277063422,0.13760986272520837,214,379.0,2324.0,783,0.8369191049913941,0.14076897902937063,338.0,0
Wainberg,46,0.2,0.1,GoCo-dense-knap (tie-level path),adapt_638.101_to_631.72_q0.175,1.0298114752870887e-05,0.1835165820482022,0.37682844465451204,0.18477140373950168,275,531.0,4552.0,1020,0.8833479789103691,0.18838655352340866,456.0,115
Wainberg,46,0.2,0.5,GoCo-knap (paper path),global_789.65,1.2141165204409232e-69,0.1389363641991474,0.337742277063422,0.13760986272520837,214,379.0,2324.0,783,0.8369191049913941,0.14076897902937063,338.0,0
Wainberg,46,0.2,0.5,GoCo-dense-knap (tie-level path),adapt_638.101_to_631.72_q0.3,0.2947255825581152,0.19784776434511453,0.3882647307995426,0.1977584836929848,276,535.0,4742.0,1080,0.8871784057359764,0.20137127440103553,458.0,204
Wainberg,47,0.05,0.1,GoCo-knap (paper path),global_1100,7.047007614912191e-13,0.03663485201398595,0.18368950726853187,0.03474969351125599,116,181.0,484.0,263,0.6260330578512396,0.03639244009870776,169.0,0
Wainberg,47,0.05,0.1,GoCo-dense-knap (tie-level path),adapt_1076.8_to_1052.87_q0.1,4.4367768720421476e-05,0.042109422422642824,0.19598118125553982,0.03830188918196737,121,198.0,581.0,282,0.6592082616179001,0.040014988944443934,185.0,24
Wainberg,47,0.05,0.5,GoCo-knap (paper path),global_1100,7.047007614912191e-13,0.03663485201398595,0.18368950726853187,0.03474969351125599,116,181.0,484.0,263,0.6260330578512396,0.03639244009870776,169.0,0
Wainberg,47,0.05,0.5,GoCo-dense-knap (tie-level path),adapt_1076.8_to_1052.87_q0.275,0.2882042240566531,0.048792896708368415,0.21035313986577997,0.044264320597058864,121,204.0,666.0,308,0.6936936936936937,0.04583671400948585,191.0,64
Wainberg,47,0.2,0.1,GoCo-knap (paper path),global_789.65,3.5600458206893294e-57,0.14411370085301348,0.34232867201665396,0.13155109263915662,198,377.0,2264.0,746,0.8334805653710248,0.13423657375153936,343.0,0
Wainberg,47,0.2,0.1,GoCo-dense-knap (tie-level path),adapt_638.101_to_631.72_q0.2,0.0037792721421773313,0.1895453838343181,0.38101372839632824,0.17695302117431955,266,527.0,4247.0,978,0.8759124087591241,0.18015860797308225,464.0,105
Wainberg,47,0.2,0.5,GoCo-knap (paper path),global_789.65,3.5600458206893294e-57,0.14411370085301348,0.34232867201665396,0.13155109263915662,198,377.0,2264.0,746,0.8334805653710248,0.13423657375153936,343.0,0
Wainberg,47,0.2,0.5,GoCo-dense-knap (tie-level path),adapt_638.101_to_631.72_q0.225,0.2243491544159411,0.19698889712983197,0.38692657703598055,0.18368437461973294,266,531.0,4337.0,1009,0.8775651371916071,0.18684084027213052,467.0,150
Wainberg,48,0.05,0.1,GoCo-knap (paper path),global_1100,3.425057114815627e-13,0.03647686717498148,0.18329200655206906,0.032912386893446104,113,189.0,489.0,252,0.6134969325153374,0.0339805825588672,178.0,0
Wainberg,48,0.05,0.1,GoCo-dense-knap (tie-level path),adapt_1076.8_to_1052.87_q0.4,0.016321219346069636,0.045526840227483205,0.20382447609173465,0.04476965283570082,123,214.0,747.0,308,0.713520749665328,0.045909374219523846,201.0,87
Wainberg,48,0.05,0.5,GoCo-knap (paper path),global_1100,3.425057114815627e-13,0.03647686717498148,0.18329200655206906,0.032912386893446104,113,189.0,489.0,252,0.6134969325153374,0.0339805825588672,178.0,0
Wainberg,48,0.05,0.5,GoCo-dense-knap (tie-level path),adapt_1076.8_to_1052.87_q0.4,0.016321219346069636,0.045526840227483205,0.20382447609173465,0.04476965283570082,123,214.0,747.0,308,0.713520749665328,0.045909374219523846,201.0,87
Wainberg,48,0.2,0.1,GoCo-knap (paper path),global_789.65,1.3044751459313822e-69,0.13907547643369067,0.3370507093853609,0.13779915910121407,193,372.0,2287.0,774,0.8373414954088325,0.14065147771544476,336.0,0
Wainberg,48,0.2,0.1,GoCo-dense-knap (tie-level path),adapt_638.101_to_631.72_q0.275,0.0002914800743096198,0.18660600353226928,0.3791056844553866,0.17967701942017936,266,533.0,4315.0,993,0.8764774044032445,0.18319787546117983,463.0,110
Wainberg,48,0.2,0.5,GoCo-knap (paper path),global_789.65,1.3044751459313822e-69,0.13907547643369067,0.3370507093853609,0.13779915910121407,193,372.0,2287.0,774,0.8373414954088325,0.14065147771544476,336.0,0
Wainberg,48,0.2,0.5,GoCo-dense-knap (tie-level path),adapt_638.101_to_631.72_q0.35,0.479648836744754,0.19979590079893075,0.38932212093193036,0.1922966198183505,266,533.0,4491.0,1051,0.8813181919394344,0.19577526397069026,463.0,191
Wainberg,49,0.05,0.1,GoCo-knap (paper path),global_1100,3.7975008726529946e-12,0.03702577339441852,0.1844933880166724,0.0357582564939422,124,204.0,511.0,276,0.6007827788649707,0.03677485984191456,195.0,0
Wainberg,49,0.05,0.1,GoCo-dense-knap (tie-level path),adapt_1076.8_to_1052.87_q0.175,0.00013508908066279387,0.04262807006616815,0.19703209724631882,0.040658354985658604,130,215.0,665.0,302,0.6766917293233082,0.04171892906880771,204.0,39
Wainberg,49,0.05,0.5,GoCo-knap (paper path),global_1100,3.7975008726529946e-12,0.03702577339441852,0.1844933880166724,0.0357582564939422,124,204.0,511.0,276,0.6007827788649707,0.03677485984191456,195.0,0
Wainberg,49,0.05,0.5,GoCo-dense-knap (tie-level path),adapt_1076.8_to_1052.87_q0.275,0.39512059336238037,0.04942145958736223,0.21173453396482553,0.04699014056491268,138,231.0,774.0,334,0.7015503875968992,0.047881867030518326,220.0,99
Wainberg,49,0.2,0.1,GoCo-knap (paper path),global_789.65,2.0290478105105923e-62,0.1417726298808498,0.34080578559870683,0.13694642968837498,232,413.0,2394.0,788,0.827485380116959,0.13908751126191646,382.0,0
Wainberg,49,0.2,0.1,GoCo-dense-knap (tie-level path),adapt_638.101_to_631.72_q0.2,0.09870784835929852,0.19489137382588834,0.38583685911006993,0.19995420347504497,301,575.0,4738.0,1097,0.8786407766990292,0.20293534320962736,511.0,205
Wainberg,49,0.2,0.5,GoCo-knap (paper path),global_789.65,2.0290478105105923e-62,0.1417726298808498,0.34080578559870683,0.13694642968837498,232,413.0,2394.0,788,0.827485380116959,0.13908751126191646,382.0,0
Wainberg,49,0.2,0.5,GoCo-dense-knap (tie-level path),adapt_638.101_to_631.72_q0.4,0.38962379316076634,0.19888045579128985,0.38882489733137543,0.2036653333490989,301,576.0,4800.0,1114,0.88,0.20664647308368128,512.0,231
Wainberg,50,0.05,0.1,GoCo-knap (paper path),global_1100,2.3201621740274386e-13,0.036354348327623735,0.1835967349777488,0.0343413938634151,132,217.0,508.0,276,0.5728346456692913,0.03637108289148799,199.0,0
Wainberg,50,0.05,0.1,GoCo-dense-knap (tie-level path),adapt_1076.8_to_1052.87_q0.35,0.07964191111477797,0.046999011560999365,0.2075659903543701,0.04398865649007251,142,242.0,691.0,322,0.6497829232995659,0.0460869398529442,220.0,71
Wainberg,50,0.05,0.5,GoCo-knap (paper path),global_1100,2.3201621740274386e-13,0.036354348327623735,0.1835967349777488,0.0343413938634151,132,217.0,508.0,276,0.5728346456692913,0.03637108289148799,199.0,0
Wainberg,50,0.05,0.5,GoCo-dense-knap (tie-level path),adapt_1076.8_to_1052.87_q0.4,0.11425640199466447,0.04742108605714794,0.2084846817701736,0.045255013602778296,142,242.0,705.0,328,0.6567375886524822,0.04735329696564999,220.0,77
Wainberg,50,0.2,0.1,GoCo-knap (paper path),global_789.65,2.583148523590345e-67,0.13980310265840803,0.3388434538206606,0.13769388827544418,215,423.0,2329.0,781,0.8183769858308286,0.14095358528218827,380.0,0
Wainberg,50,0.2,0.1,GoCo-dense-knap (tie-level path),adapt_638.101_to_631.72_q0.2,2.4755016926902943e-05,0.1842657776054758,0.377464742164764,0.1816200735499558,284,587.0,4346.0,1005,0.8649332719742292,0.18531516333353978,506.0,98
Wainberg,50,0.2,0.5,GoCo-knap (paper path),global_789.65,2.583148523590345e-67,0.13980310265840803,0.3388434538206606,0.13769388827544418,215,423.0,2329.0,781,0.8183769858308286,0.14095358528218827,380.0,0
Wainberg,50,0.2,0.5,GoCo-dense-knap (tie-level path),adapt_638.101_to_631.72_q0.275,0.46952505689144464,0.19969397666611047,0.38961360213322754,0.19544635938284718,285,591.0,4540.0,1070,0.8698237885462555,0.19908963781008995,509.0,190
Wainberg,51,0.05,0.1,GoCo-knap (paper path),global_1100,8.872887353569629e-18,0.034475907474249945,0.17763593958422488,0.03807957618548026,119,201.0,531.0,283,0.6214689265536724,0.039130183561862694,190.0,0
Wainberg,51,0.05,0.1,GoCo-dense-knap (tie-level path),adapt_1076.8_to_1052.87_q0.4,0.007011349049782667,0.04490400629700444,0.20193680597263,0.0497148184678936,132,236.0,794.0,340,0.7027707808564232,0.05065755096038921,222.0,89
Wainberg,51,0.05,0.5,GoCo-knap (paper path),global_1100,8.872887353569629e-18,0.034475907474249945,0.17763593958422488,0.03807957618548026,119,201.0,531.0,283,0.6214689265536724,0.039130183561862694,190.0,0
Wainberg,51,0.05,0.5,GoCo-dense-knap (tie-level path),adapt_1076.8_to_1052.87_q0.4,0.007011349049782667,0.04490400629700444,0.20193680597263,0.0497148184678936,132,236.0,794.0,340,0.7027707808564232,0.05065755096038921,222.0,89
Wainberg,51,0.2,0.1,GoCo-knap (paper path),global_789.65,1.5642424440937365e-64,0.14098078461844069,0.3395410718127938,0.1354869400595703,208,402.0,2404.0,768,0.8327787021630616,0.13760374060294556,370.0,0
Wainberg,51,0.2,0.1,GoCo-dense-knap (tie-level path),adapt_638.101_to_631.72_q0.225,0.0005036142591325491,0.1871846554757825,0.379374298269036,0.17568406925932573,269,554.0,4337.0,977,0.8722619322112058,0.17829945647625944,496.0,83
Wainberg,51,0.2,0.5,GoCo-knap (paper path),global_789.65,1.5642424440937365e-64,0.14098078461844069,0.3395410718127938,0.1354869400595703,208,402.0,2404.0,768,0.8327787021630616,0.13760374060294556,370.0,0
Wainberg,51,0.2,0.5,GoCo-dense-knap (tie-level path),adapt_638.101_to_631.72_q0.35,0.4601846102517296,0.1996004458619432,0.38908750046017443,0.1913691235367333,270,558.0,4548.0,1050,0.8773087071240105,0.19392229979578682,500.0,182
Wainberg,52,0.05,0.1,GoCo-knap (paper path),global_1100,2.619645210215787e-16,0.035015517983920115,0.1799618551386758,0.036996723595753456,133,210.0,520.0,289,0.5961538461538461,0.038523387451647906,197.0,0
Wainberg,52,0.05,0.1,GoCo-dense-knap (tie-level path),adapt_1076.8_to_1052.87_q0.35,0.06317181741248151,0.046762915564587164,0.2061449514870362,0.04711853509942607,142,233.0,733.0,340,0.6821282401091405,0.04864519895532052,220.0,77
Wainberg,52,0.05,0.5,GoCo-knap (paper path),global_1100,2.619645210215787e-16,0.035015517983920115,0.1799618551386758,0.036996723595753456,133,210.0,520.0,289,0.5961538461538461,0.038523387451647906,197.0,0
Wainberg,52,0.05,0.5,GoCo-dense-knap (tie-level path),adapt_1076.8_to_1052.87_q0.4,0.3954902103030121,0.049423743537411455,0.21166234208222548,0.05004522709491234,143,239.0,757.0,354,0.6842800528401585,0.05157189095080679,226.0,101
Wainberg,52,0.2,0.1,GoCo-knap (paper path),global_789.65,2.3033876475205232e-63,0.14143324279767547,0.3401368868584957,0.13419684081791625,225,410.0,2343.0,771,0.8250106700810926,0.13694204596677578,377.0,0
Wainberg,52,0.2,0.1,GoCo-dense-knap (tie-level path),adapt_638.101_to_631.72_q0.2,4.984010966442633e-05,0.1849219913854747,0.37720463188079845,0.17537031997327013,276,556.0,4310.0,976,0.8709976798143851,0.17870724901600998,490.0,87
Wainberg,52,0.2,0.5,GoCo-knap (paper path),global_789.65,2.3033876475205232e-63,0.14143324279767547,0.3401368868584957,0.13419684081791625,225,410.0,2343.0,771,0.8250106700810926,0.13694204596677578,377.0,0
Wainberg,52,0.2,0.5,GoCo-dense-knap (tie-level path),adapt_638.101_to_631.72_q0.3,0.37282687605253345,0.1987069298745057,0.38806944471117716,0.18801453298861187,278,563.0,4487.0,1035,0.8745264096278137,0.1913289579819556,497.0,171
Wainberg,53,0.05,0.1,GoCo-knap (paper path),global_1100,5.1406103202018626e-14,0.036054625193680516,0.18253827861457156,0.03793292333489483,137,206.0,520.0,297,0.6038461538461538,0.03949828142415828,193.0,0
Wainberg,53,0.05,0.1,GoCo-dense-knap (tie-level path),adapt_1076.8_to_1052.87_q0.35,0.04836328940922841,0.046486648614678036,0.2059228266949604,0.05097466563187153,145,233.0,785.0,357,0.7031847133757961,0.0523272053621247,219.0,86
Wainberg,53,0.05,0.5,GoCo-knap (paper path),global_1100,5.1406103202018626e-14,0.036054625193680516,0.18253827861457156,0.03793292333489483,137,206.0,520.0,297,0.6038461538461538,0.03949828142415828,193.0,0
Wainberg,53,0.05,0.5,GoCo-dense-knap (tie-level path),adapt_1076.8_to_1052.87_q0.35,0.04836328940922841,0.046486648614678036,0.2059228266949604,0.05097466563187153,145,233.0,785.0,357,0.7031847133757961,0.0523272053621247,219.0,86
Wainberg,53,0.2,0.1,GoCo-knap (paper path),global_789.65,9.968335583993627e-69,0.13925153747715124,0.33829863049914205,0.1416110896476717,240,419.0,2465.0,815,0.8300202839756592,0.14439205006048014,386.0,0
Wainberg,53,0.2,0.1,GoCo-dense-knap (tie-level path),adapt_638.101_to_631.72_q0.25,0.09047931281141675,0.19470604686397686,0.38523109765319274,0.20130309518843373,282,542.0,4622.0,1099,0.8827347468628299,0.20415864945552478,480.0,178
Wainberg,53,0.2,0.5,GoCo-knap (paper path),global_789.65,9.968335583993627e-69,0.13925153747715124,0.33829863049914205,0.1416110896476717,240,419.0,2465.0,815,0.8300202839756592,0.14439205006048014,386.0,0
Wainberg,53,0.2,0.5,GoCo-dense-knap (tie-level path),adapt_638.101_to_631.72_q0.35,0.3940046693655679,0.19892679182546255,0.38853869786675777,0.204693448092551,282,542.0,4675.0,1115,0.8840641711229946,0.20754900235964208,480.0,200
Wainberg,54,0.05,0.1,GoCo-knap (paper path),global_1100,5.158972334700157e-11,0.03764058687119113,0.18618800505500252,0.034068189010986454,118,191.0,489.0,265,0.6094069529652352,0.035530362459062374,178.0,0
Wainberg,54,0.05,0.1,GoCo-dense-knap (tie-level path),adapt_1076.8_to_1052.87_q0.25,0.003778839869826625,0.044471277152987564,0.20148889206099188,0.041839991370274984,128,217.0,688.0,304,0.684593023255814,0.043428214244094765,201.0,57
Wainberg,54,0.05,0.5,GoCo-knap (paper path),global_1100,5.158972334700157e-11,0.03764058687119113,0.18618800505500252,0.034068189010986454,118,191.0,489.0,265,0.6094069529652352,0.035530362459062374,178.0,0
Wainberg,54,0.05,0.5,GoCo-dense-knap (tie-level path),adapt_1076.8_to_1052.87_q0.35,0.22317893366236385,0.048357628572838735,0.20995988651928657,0.047985341030366814,129,219.0,758.0,333,0.7110817941952506,0.049555975602567824,203.0,93
Wainberg,54,0.2,0.1,GoCo-knap (paper path),global_789.65,2.0971776010287873e-61,0.1422242710764453,0.3410434876354506,0.13824412406572767,207,391.0,2337.0,777,0.832691484809585,0.14026317634742036,359.0,0
Wainberg,54,0.2,0.1,GoCo-dense-knap (tie-level path),adapt_638.101_to_631.72_q0.175,0.056619389177206214,0.19373323543767104,0.3851925912005496,0.18438888150599497,279,547.0,4427.0,1013,0.8764400271063926,0.18762113211488562,482.0,151
Wainberg,54,0.2,0.5,GoCo-knap (paper path),global_789.65,2.0971776010287873e-61,0.1422242710764453,0.3410434876354506,0.13824412406572767,207,391.0,2337.0,777,0.832691484809585,0.14026317634742036,359.0,0
Wainberg,54,0.2,0.5,GoCo-dense-knap (tie-level path),adapt_638.101_to_631.72_q0.225,0.45355208669327335,0.19953297030495556,0.389618038542045,0.19086137341957346,279,548.0,4521.0,1043,0.8787878787878788,0.1941463889081602,482.0,193
Wainberg,55,0.05,0.1,GoCo-knap (paper path),global_1100,1.2764656518852861e-18,0.03402393600653153,0.17815773414315247,0.03859449443735619,135,220.0,541.0,295,0.5933456561922366,0.03921712000896378,213.0,0
Wainberg,55,0.05,0.1,GoCo-dense-knap (tie-level path),adapt_1076.8_to_1052.87_q0.3,0.04906381915918966,0.0464897814120398,0.20660187522041382,0.04913796055802518,145,257.0,762.0,347,0.6627296587926509,0.049711338898938334,248.0,76
Wainberg,55,0.05,0.5,GoCo-knap (paper path),global_1100,1.2764656518852861e-18,0.03402393600653153,0.17815773414315247,0.03859449443735619,135,220.0,541.0,295,0.5933456561922366,0.03921712000896378,213.0,0
Wainberg,55,0.05,0.5,GoCo-dense-knap (tie-level path),adapt_1076.8_to_1052.87_q0.35,0.4256586679201153,0.04959027032044865,0.21280191559359452,0.05079829544080567,145,261.0,785.0,355,0.6675159235668789,0.05137167378171882,251.0,97
Wainberg,55,0.2,0.1,GoCo-knap (paper path),global_789.65,3.930357179499478e-61,0.14228522728028348,0.3414703178550793,0.13629759228861046,242,461.0,2464.0,796,0.8129058441558441,0.13876673738040116,431.0,0
Wainberg,55,0.2,0.1,GoCo-dense-knap (tie-level path),adapt_638.101_to_631.72_q0.15,1.8953088251683792e-05,0.18401811060817908,0.3776404282991181,0.18152732335097077,304,618.0,4547.0,1022,0.864086210688366,0.18477459603809718,556.0,99
Wainberg,55,0.2,0.5,GoCo-knap (paper path),global_789.65,3.930357179499478e-61,0.14228522728028348,0.3414703178550793,0.13629759228861046,242,461.0,2464.0,796,0.8129058441558441,0.13876673738040116,431.0,0
Wainberg,55,0.2,0.5,GoCo-dense-knap (tie-level path),adapt_638.101_to_631.72_q0.3,0.2955297879244104,0.1978558288843707,0.38848751846206886,0.19381248645890156,306,624.0,4725.0,1079,0.8679365079365079,0.1970248688790757,560.0,178
Wainberg,56,0.05,0.1,GoCo-knap (paper path),global_1100,1.6733648398404173e-14,0.03586511039854643,0.181434941407353,0.03532432817605136,107,169.0,480.0,260,0.6479166666666667,0.03644646127712581,159.0,0
Wainberg,56,0.05,0.1,GoCo-dense-knap (tie-level path),adapt_1076.8_to_1052.87_q0.35,0.09223353446627264,0.04718167832365164,0.20673495121420246,0.04718340622593754,113,197.0,720.0,314,0.7263888888888889,0.048393480791075416,183.0,84
Wainberg,56,0.05,0.5,GoCo-knap (paper path),global_1100,1.6733648398404173e-14,0.03586511039854643,0.181434941407353,0.03532432817605136,107,169.0,480.0,260,0.6479166666666667,0.03644646127712581,159.0,0
Wainberg,56,0.05,0.5,GoCo-dense-knap (tie-level path),adapt_1076.8_to_1052.87_q0.4,0.1306414189403381,0.047603752819800206,0.2076569479612833,0.04781658478229043,113,197.0,726.0,317,0.7286501377410468,0.04902665934742831,183.0,87
Wainberg,56,0.2,0.1,GoCo-knap (paper path),global_789.65,2.1355883598588758e-67,0.139869533803904,0.3382551256806036,0.14047042301192772,197,360.0,2358.0,783,0.8473282442748091,0.14245815140479423,327.0,0
Wainberg,56,0.2,0.1,GoCo-dense-knap (tie-level path),adapt_638.101_to_631.72_q0.225,3.2329631391434522e-06,0.182593195602161,0.37568584460984417,0.18757028434285639,258,498.0,4379.0,1015,0.8862754053436858,0.1901727703558387,434.0,114
Wainberg,56,0.2,0.5,GoCo-knap (paper path),global_789.65,2.1355883598588758e-67,0.139869533803904,0.3382551256806036,0.14047042301192772,197,360.0,2358.0,783,0.8473282442748091,0.14245815140479423,327.0,0
Wainberg,56,0.2,0.5,GoCo-dense-knap (tie-level path),adapt_638.101_to_631.72_q0.35,0.3513296302559197,0.19847716729613538,0.38835391301739547,0.20552862552259984,261,505.0,4628.0,1100,0.8908815903197925,0.20816357089414936,440.0,234
Wainberg,57,0.05,0.1,GoCo-knap (paper path),global_1100,1.7583641029356424e-11,0.03738562539935276,0.18541203543409285,0.03484735040661654,115,191.0,490.0,264,0.610204081632653,0.0360562524220872,180.0,0
Wainberg,57,0.05,0.1,GoCo-dense-knap (tie-level path),adapt_1076.8_to_1052.87_q0.25,0.09535037449330203,0.04721838144973271,0.2069456608225581,0.046260980172920144,124,215.0,717.0,321,0.700139470013947,0.04767507893996885,201.0,83
Wainberg,57,0.05,0.5,GoCo-knap (paper path),global_1100,1.7583641029356424e-11,0.03738562539935276,0.18541203543409285,0.03484735040661654,115,191.0,490.0,264,0.610204081632653,0.0360562524220872,180.0,0
Wainberg,57,0.05,0.5,GoCo-dense-knap (tie-level path),adapt_1076.8_to_1052.87_q0.3,0.21282711944382499,0.04828763684228187,0.2092491340761736,0.04816051584197882,127,222.0,746.0,333,0.7024128686327078,0.049574614609027526,208.0,101
Wainberg,57,0.2,0.1,GoCo-knap (paper path),global_789.65,1.243285705134488e-78,0.13569957368847085,0.3340847122068704,0.1453261520979323,202,392.0,2428.0,802,0.8385502471169687,0.14755618014935454,361.0,0
Wainberg,57,0.2,0.1,GoCo-dense-knap (tie-level path),adapt_638.101_to_631.72_q0.275,0.09787090867986292,0.19487794901331706,0.38540672422662253,0.20004257484924548,267,553.0,4601.0,1080,0.8798087372310367,0.20271275038078093,499.0,197
Wainberg,57,0.2,0.5,GoCo-knap (paper path),global_789.65,1.243285705134488e-78,0.13569957368847085,0.3340847122068704,0.1453261520979323,202,392.0,2428.0,802,0.8385502471169687,0.14755618014935454,361.0,0
Wainberg,57,0.2,0.5,GoCo-dense-knap (tie-level path),adapt_638.101_to_631.72_q0.4,0.23498193959952518,0.19712637502759447,0.38717289202977995,0.20341952714979422,267,553.0,4647.0,1096,0.8809984936518184,0.2060897026813297,499.0,219
Wainberg,58,0.05,0.1,GoCo-knap (paper path),global_1100,5.6485246834568226e-11,0.03765641465441919,0.18634544310957707,0.033482582619317025,107,171.0,447.0,250,0.6174496644295302,0.03458009210818928,161.0,0
Wainberg,58,0.05,0.1,GoCo-dense-knap (tie-level path),adapt_1076.8_to_1052.87_q0.35,0.08087475229173513,0.04702954802304818,0.20666862175889694,0.04639194826188597,121,205.0,717.0,318,0.7140864714086471,0.04753342847964491,193.0,97
Wainberg,58,0.05,0.5,GoCo-knap (paper path),global_1100,5.6485246834568226e-11,0.03765641465441919,0.18634544310957707,0.033482582619317025,107,171.0,447.0,250,0.6174496644295302,0.03458009210818928,161.0,0
Wainberg,58,0.05,0.5,GoCo-dense-knap (tie-level path),adapt_1076.8_to_1052.87_q0.4,0.10639580760840123,0.04734610389515961,0.20736103762528385,0.04639194826188597,121,205.0,717.0,318,0.7140864714086471,0.04753342847964491,193.0,97
Wainberg,58,0.2,0.1,GoCo-knap (paper path),global_789.65,6.609072755334682e-65,0.14083331309347777,0.33937339261857363,0.13509492155002512,201,390.0,2316.0,765,0.8316062176165803,0.13758433504842313,358.0,0
Wainberg,58,0.2,0.1,GoCo-dense-knap (tie-level path),adapt_638.101_to_631.72_q0.25,0.09468552460355456,0.1948036824639895,0.3854348748696042,0.19290892646477764,251,548.0,4502.0,1047,0.8782763216348289,0.19592948670551313,475.0,189
Wainberg,58,0.2,0.5,GoCo-knap (paper path),global_789.65,6.609072755334682e-65,0.14083331309347777,0.33937339261857363,0.13509492155002512,201,390.0,2316.0,765,0.8316062176165803,0.13758433504842313,358.0,0
Wainberg,58,0.2,0.5,GoCo-dense-knap (tie-level path),adapt_638.101_to_631.72_q0.4,0.40681728024652997,0.1990587837924129,0.38867971031588516,0.19838767980236,251,548.0,4585.0,1072,0.8804798255179934,0.20136602815443477,475.0,224
Wainberg,59,0.05,0.1,GoCo-knap (paper path),global_1100,1.9003466993775286e-14,0.03588881021978936,0.18152593590350252,0.03527633725980406,123,204.0,529.0,274,0.6143667296786389,0.03610298703961254,197.0,0
Wainberg,59,0.05,0.1,GoCo-dense-knap (tie-level path),adapt_1076.8_to_1052.87_q0.35,0.08689408085262335,0.04711250881108728,0.20666886529141265,0.04533780037840996,132,224.0,766.0,322,0.7075718015665796,0.04628756820035917,215.0,78
Wainberg,59,0.05,0.5,GoCo-knap (paper path),global_1100,1.9003466993775286e-14,0.03588881021978936,0.18152593590350252,0.03527633725980406,123,204.0,529.0,274,0.6143667296786389,0.03610298703961254,197.0,0
Wainberg,59,0.05,0.5,GoCo-dense-knap (tie-level path),adapt_1076.8_to_1052.87_q0.4,0.15452490895475107,0.047824759523337985,0.20817508667968293,0.04628756821293929,132,224.0,775.0,326,0.7109677419354838,0.04723733603488851,215.0,86
Wainberg,59,0.2,0.1,GoCo-knap (paper path),global_789.65,6.303432439637853e-66,0.1403895632302043,0.33917226151857943,0.1370096941092891,219,409.0,2493.0,780,0.8359406337745688,0.1396254082868853,374.0,0
Wainberg,59,0.2,0.1,GoCo-dense-knap (tie-level path),adapt_638.101_to_631.72_q0.275,0.08081629189295686,0.1944506075533933,0.38599028621174486,0.1949181149765981,299,599.0,4891.0,1074,0.877530157432018,0.1980337470851653,523.0,178
Wainberg,59,0.2,0.5,GoCo-knap (paper path),global_789.65,6.303432439637853e-66,0.1403895632302043,0.33917226151857943,0.1370096941092891,219,409.0,2493.0,780,0.8359406337745688,0.1396254082868853,374.0,0
Wainberg,59,0.2,0.5,GoCo-dense-knap (tie-level path),adapt_638.101_to_631.72_q0.4,0.4136109029233172,0.1991265062618145,0.38959107442070784,0.19811918434902,299,599.0,4939.0,1089,0.8787203887426605,0.20123481645758717,523.0,200
Wainberg,60,0.05,0.1,GoCo-knap (paper path),global_1100,1.507466265083105e-16,0.03493022376712118,0.17950444195790574,0.035412018380370405,112,172.0,458.0,260,0.6244541484716157,0.036766316950849566,159.0,0
Wainberg,60,0.05,0.1,GoCo-dense-knap (tie-level path),adapt_1076.8_to_1052.87_q0.3,0.09132410679805297,0.04716461719378044,0.20712501447162662,0.04502778959178683,126,204.0,671.0,309,0.6959761549925484,0.04641902355540901,187.0,75
Wainberg,60,0.05,0.5,GoCo-knap (paper path),global_1100,1.507466265083105e-16,0.03493022376712118,0.17950444195790574,0.035412018380370405,112,172.0,458.0,260,0.6244541484716157,0.036766316950849566,159.0,0
Wainberg,60,0.05,0.5,GoCo-dense-knap (tie-level path),adapt_1076.8_to_1052.87_q0.3,0.09132410679805297,0.04716461719378044,0.20712501447162662,0.04502778959178683,126,204.0,671.0,309,0.6959761549925484,0.04641902355540901,187.0,75
Wainberg,60,0.2,0.1,GoCo-knap (paper path),global_789.65,1.1766639061152839e-79,0.1353639232589686,0.3336019697836564,0.14431188810961113,211,364.0,2275.0,812,0.84,0.147761119907795,318.0,0
Wainberg,60,0.2,0.1,GoCo-dense-knap (tie-level path),adapt_638.101_to_631.72_q0.3,0.032970176115783026,0.19274880012605994,0.38388751650021774,0.20373402046862912,281,523.0,4509.0,1107,0.8840097582612553,0.20698609358779285,452.0,193
Wainberg,60,0.2,0.5,GoCo-knap (paper path),global_789.65,1.1766639061152839e-79,0.1353639232589686,0.3336019697836564,0.14431188810961113,211,364.0,2275.0,812,0.84,0.147761119907795,318.0,0
Wainberg,60,0.2,0.5,GoCo-dense-knap (tie-level path),adapt_638.101_to_631.72_q0.4,0.1918753171607751,0.19653834239351256,0.38689951157634134,0.20715243089433055,281,523.0,4551.0,1123,0.8850802021533729,0.21040450401349428,452.0,215
Wainberg,61,0.05,0.1,GoCo-knap (paper path),global_1100,5.25736918796522e-19,0.0339397723565716,0.17707251977541352,0.03811776791823066,127,205.0,540.0,286,0.6203703703703703,0.039073398513676194,195.0,0
Wainberg,61,0.05,0.1,GoCo-dense-knap (tie-level path),adapt_1076.8_to_1052.87_q0.4,0.004037161248115016,0.04451298593399305,0.20165008247117494,0.049561244502833446,137,233.0,790.0,340,0.7050632911392405,0.050519806475592045,220.0,87
Wainberg,61,0.05,0.5,GoCo-knap (paper path),global_1100,5.25736918796522e-19,0.0339397723565716,0.17707251977541352,0.03811776791823066,127,205.0,540.0,286,0.6203703703703703,0.039073398513676194,195.0,0
Wainberg,61,0.05,0.5,GoCo-dense-knap (tie-level path),adapt_1076.8_to_1052.87_q0.4,0.004037161248115016,0.04451298593399305,0.20165008247117494,0.049561244502833446,137,233.0,790.0,340,0.7050632911392405,0.050519806475592045,220.0,87
Wainberg,61,0.2,0.1,GoCo-knap (paper path),global_789.65,3.1114959648651805e-70,0.13872386968449046,0.3374424918156219,0.14315813320027268,225,424.0,2552.0,807,0.8338557993730408,0.1450925180370066,394.0,0
Wainberg,61,0.2,0.1,GoCo-dense-knap (tie-level path),adapt_638.101_to_631.72_q0.175,2.9769808360586814e-05,0.18442123562924606,0.37776623339285004,0.1844166183506904,290,596.0,4639.0,1018,0.8715240353524466,0.18738879285730758,527.0,91
Wainberg,61,0.2,0.5,GoCo-knap (paper path),global_789.65,3.1114959648651805e-70,0.13872386968449046,0.3374424918156219,0.14315813320027268,225,424.0,2552.0,807,0.8338557993730408,0.1450925180370066,394.0,0
Wainberg,61,0.2,0.5,GoCo-dense-knap (tie-level path),adapt_638.101_to_631.72_q0.225,0.45310428663256236,0.19952856716040984,0.389518692521906,0.19882226092823452,292,601.0,4842.0,1087,0.875877736472532,0.2018647886035864,530.0,187
Wainberg,62,0.05,0.1,GoCo-knap (paper path),global_1100,1.1665147974380632e-11,0.037294636522275784,0.18506258608768092,0.03489282870340468,120,207.0,495.0,272,0.5818181818181818,0.03605951881763451,197.0,0
Wainberg,62,0.05,0.1,GoCo-dense-knap (tie-level path),adapt_1076.8_to_1052.87_q0.35,0.0454011747196918,0.04643084403330658,0.20545230823329452,0.046516596711149896,133,244.0,731.0,333,0.6662106703146374,0.04781813040822304,232.0,82
Wainberg,62,0.05,0.5,GoCo-knap (paper path),global_1100,1.1665147974380632e-11,0.037294636522275784,0.18506258608768092,0.03489282870340468,120,207.0,495.0,272,0.5818181818181818,0.03605951881763451,197.0,0
Wainberg,62,0.05,0.5,GoCo-dense-knap (tie-level path),adapt_1076.8_to_1052.87_q0.4,0.11840570302380438,0.047475478411903235,0.20774562029151428,0.0465731305090271,133,244.0,736.0,333,0.6684782608695652,0.047874664206100245,232.0,85
Wainberg,62,0.2,0.1,GoCo-knap (paper path),global_789.65,1.053565955202979e-62,0.14168449577505834,0.3405187334232623,0.1334354712231947,222,439.0,2372.0,770,0.8149241146711635,0.13591232928244965,404.0,0
Wainberg,62,0.2,0.1,GoCo-dense-knap (tie-level path),adapt_638.101_to_631.72_q0.175,0.0003874962923855614,0.18689607464148927,0.37948448396969003,0.1795944240920752,282,603.0,4399.0,1004,0.8629233916799273,0.18292944773295702,536.0,98
Wainberg,62,0.2,0.5,GoCo-knap (paper path),global_789.65,1.053565955202979e-62,0.14168449577505834,0.3405187334232623,0.1334354712231947,222,439.0,2372.0,770,0.8149241146711635,0.13591232928244965,404.0,0
Wainberg,62,0.2,0.5,GoCo-dense-knap (tie-level path),adapt_638.101_to_631.72_q0.225,0.46924777858998656,0.19969126974918727,0.38950893052548685,0.19148850400408093,282,606.0,4545.0,1059,0.8666666666666667,0.1949407172893713,537.0,171
Wainberg,63,0.05,0.1,GoCo-knap (paper path),global_1100,2.7282344970672885e-11,0.03751115906907748,0.18539229544155136,0.03196320532746031,103,166.0,435.0,241,0.6183908045977011,0.03303609121042045,159.0,0
Wainberg,63,0.05,0.1,GoCo-dense-knap (tie-level path),adapt_1076.8_to_1052.87_q0.225,0.05332536190246369,0.04659733279220311,0.20530725532980085,0.044419980781296727,116,193.0,680.0,305,0.7161764705882353,0.045617743540333516,184.0,84
Wainberg,63,0.05,0.5,GoCo-knap (paper path),global_1100,2.7282344970672885e-11,0.03751115906907748,0.18539229544155136,0.03196320532746031,103,166.0,435.0,241,0.6183908045977011,0.03303609121042045,159.0,0
Wainberg,63,0.05,0.5,GoCo-dense-knap (tie-level path),adapt_1076.8_to_1052.87_q0.3,0.1146224139187969,0.04744148178450025,0.20716137505044574,0.04526421885643392,116,193.0,692.0,309,0.7210982658959537,0.0464619816154707,184.0,89
Wainberg,63,0.2,0.1,GoCo-knap (paper path),global_789.65,1.2782757578613804e-70,0.13870686064500326,0.3365824010736375,0.13828131011791397,182,337.0,2228.0,770,0.8487432675044884,0.14060949763450606,314.0,0
Wainberg,63,0.2,0.1,GoCo-dense-knap (tie-level path),adapt_638.101_to_631.72_q0.25,0.01135012518633671,0.1910543425247062,0.38221674392935195,0.19155600090200964,246,483.0,4313.0,1034,0.8880129840018549,0.19425066470558908,441.0,163
Wainberg,63,0.2,0.5,GoCo-knap (paper path),global_789.65,1.2782757578613804e-70,0.13870686064500326,0.3365824010736375,0.13828131011791397,182,337.0,2228.0,770,0.8487432675044884,0.14060949763450606,314.0,0
Wainberg,63,0.2,0.5,GoCo-dense-knap (tie-level path),adapt_638.101_to_631.72_q0.4,0.46045289433090275,0.19960334696723928,0.3888914788188485,0.20058340178908754,247,487.0,4436.0,1077,0.8902164111812444,0.20327806559266698,445.0,221
Wainberg,64,0.05,0.1,GoCo-knap (paper path),global_1100,8.299136745130132e-13,0.03666587950836899,0.18385201127612344,0.0360379103663955,117,168.0,458.0,269,0.6331877729257642,0.037216326002457716,159.0,0
Wainberg,64,0.05,0.1,GoCo-dense-knap (tie-level path),adapt_1076.8_to_1052.87_q0.4,0.09757723763074178,0.04724403023027954,0.2070994579534514,0.047207687218363346,128,191.0,690.0,325,0.7231884057971014,0.04855143279780714,178.0,79
Wainberg,64,0.05,0.5,GoCo-knap (paper path),global_1100,8.299136745130132e-13,0.03666587950836899,0.18385201127612344,0.0360379103663955,117,168.0,458.0,269,0.6331877729257642,0.037216326002457716,159.0,0
Wainberg,64,0.05,0.5,GoCo-dense-knap (tie-level path),adapt_1076.8_to_1052.87_q0.4,0.09757723763074178,0.04724403023027954,0.2070994579534514,0.047207687218363346,128,191.0,690.0,325,0.7231884057971014,0.04855143279780714,178.0,79
Wainberg,64,0.2,0.1,GoCo-knap (paper path),global_789.65,3.814694553970785e-74,0.13731430570630443,0.33569440427781183,0.14096397381635997,206,357.0,2353.0,788,0.8482787930301743,0.14365288880352936,321.0,0
Wainberg,64,0.2,0.1,GoCo-dense-knap (tie-level path),adapt_638.101_to_631.72_q0.3,0.0916990222638906,0.19473130750677511,0.38553826210995346,0.20011727653094716,284,533.0,4586.0,1086,0.8837767117313563,0.20371977204622826,456.0,175
Wainberg,64,0.2,0.5,GoCo-knap (paper path),global_789.65,3.814694553970785e-74,0.13731430570630443,0.33569440427781183,0.14096397381635997,206,357.0,2353.0,788,0.8482787930301743,0.14365288880352936,321.0,0
Wainberg,64,0.2,0.5,GoCo-dense-knap (tie-level path),adapt_638.101_to_631.72_q0.4,0.4308122275210883,0.19930350904859948,0.38898862775074394,0.20330175879120876,285,535.0,4638.0,1102,0.8846485554118154,0.20688810012684233,458.0,201
Wainberg,65,0.05,0.1,GoCo-knap (paper path),global_1100,5.804162678109944e-13,0.03658439568688601,0.18368724782951107,0.03770394050254757,117,190.0,517.0,273,0.632495164410058,0.03848368816357617,182.0,0
Wainberg,65,0.05,0.1,GoCo-dense-knap (tie-level path),adapt_1076.8_to_1052.87_q0.275,0.08327654159680159,0.04705905670277916,0.2069595240895348,0.04809225653484935,128,212.0,731.0,324,0.7099863201094391,0.04875181751847016,203.0,78
Wainberg,65,0.05,0.5,GoCo-knap (paper path),global_1100,5.804162678109944e-13,0.03658439568688601,0.18368724782951107,0.03770394050254757,117,190.0,517.0,273,0.632495164410058,0.03848368816357617,182.0,0
Wainberg,65,0.05,0.5,GoCo-dense-knap (tie-level path),adapt_1076.8_to_1052.87_q0.35,0.15516570740462354,0.04782582537224993,0.20862498086341186,0.04851437557241795,128,212.0,739.0,326,0.713125845737483,0.04917393655603875,203.0,81
Wainberg,65,0.2,0.1,GoCo-knap (paper path),global_789.65,4.000863781227952e-62,0.14191942244620342,0.34078099806717455,0.1397712712532712,223,409.0,2377.0,788,0.8279343710559529,0.1423443547937879,377.0,0
Wainberg,65,0.2,0.1,GoCo-dense-knap (tie-level path),adapt_638.101_to_631.72_q0.25,6.199271229053994e-05,0.18510708079831667,0.3777443388756674,0.18932217761477924,276,566.0,4469.0,1035,0.8733497426717386,0.19250204009678154,505.0,111
Wainberg,65,0.2,0.5,GoCo-knap (paper path),global_789.65,4.000863781227952e-62,0.14191942244620342,0.34078099806717455,0.1397712712532712,223,409.0,2377.0,788,0.8279343710559529,0.1423443547937879,377.0,0
Wainberg,65,0.2,0.5,GoCo-dense-knap (tie-level path),adapt_638.101_to_631.72_q0.4,0.36149095025761857,0.19858552462518547,0.3884575138958218,0.20603643040734537,278,571.0,4706.0,1113,0.878665533361666,0.2092156409619729,510.0,220
Wainberg,66,0.05,0.1,GoCo-knap (paper path),global_1100,1.9205585350495683e-13,0.03638592018216449,0.18252594972472339,0.03535816470635194,117,186.0,492.0,268,0.6219512195121951,0.036877793245372915,176.0,0
Wainberg,66,0.05,0.1,GoCo-dense-knap (tie-level path),adapt_1076.8_to_1052.87_q0.275,0.042209319530105524,0.04637492907139097,0.204508212959493,0.044719857369333746,123,214.0,717.0,313,0.701534170153417,0.0463573274675579,201.0,72
Wainberg,66,0.05,0.5,GoCo-knap (paper path),global_1100,1.9205585350495683e-13,0.03638592018216449,0.18252594972472339,0.03535816470635194,117,186.0,492.0,268,0.6219512195121951,0.036877793245372915,176.0,0
Wainberg,66,0.05,0.5,GoCo-dense-knap (tie-level path),adapt_1076.8_to_1052.87_q0.35,0.16036213026348123,0.04788032810912173,0.2078105881478577,0.04598621448203953,123,214.0,730.0,319,0.7068493150684931,0.047623684580263684,201.0,78
Wainberg,66,0.2,0.1,GoCo-knap (paper path),global_789.65,1.3944357428767687e-70,0.13864763611741895,0.33700060954911615,0.14152610996708984,214,395.0,2477.0,798,0.8405329027048849,0.14431377065023224,360.0,0
Wainberg,66,0.2,0.1,GoCo-dense-knap (tie-level path),adapt_638.101_to_631.72_q0.275,0.09093715640380412,0.194721436488285,0.3849177199593728,0.19236574644036514,262,554.0,4681.0,1044,0.8816492202520829,0.19562022990884032,482.0,169
Wainberg,66,0.2,0.5,GoCo-knap (paper path),global_789.65,1.3944357428767687e-70,0.13864763611741895,0.33700060954911615,0.14152610996708984,214,395.0,2477.0,798,0.8405329027048849,0.14431377065023224,360.0,0
Wainberg,66,0.2,0.5,GoCo-dense-knap (tie-level path),adapt_638.101_to_631.72_q0.4,0.4982172664399645,0.19998214705572534,0.38892644143182165,0.19760623417319806,264,559.0,4783.0,1069,0.883127744093665,0.20086306927009392,485.0,212
Wainberg,67,0.05,0.1,GoCo-knap (paper path),global_1100,6.7306355715169386e-15,0.03566349445955907,0.18122187998323863,0.03635022818174177,108,193.0,495.0,266,0.6101010101010101,0.03770100909692922,181.0,0
Wainberg,67,0.05,0.1,GoCo-dense-knap (tie-level path),adapt_1076.8_to_1052.87_q0.35,0.06783024521560461,0.04683637890248934,0.20639927016396145,0.0476137712006581,123,229.0,749.0,326,0.6942590120160214,0.04912460557628956,212.0,84
Wainberg,67,0.05,0.5,GoCo-knap (paper path),global_1100,6.7306355715169386e-15,0.03566349445955907,0.18122187998323863,0.03635022818174177,108,193.0,495.0,266,0.6101010101010101,0.03770100909692922,181.0,0
Wainberg,67,0.05,0.5,GoCo-dense-knap (tie-level path),adapt_1076.8_to_1052.87_q0.4,0.11055485224882672,0.04739035167868434,0.20762713543966607,0.048669068794579586,123,229.0,759.0,331,0.6982872200263505,0.050179903170211045,212.0,89
Wainberg,67,0.2,0.1,GoCo-knap (paper path),global_789.65,8.162018528752309e-70,0.13885624336142247,0.337754123764267,0.142903187544525,210,395.0,2414.0,799,0.8363711681855841,0.14569495216722778,358.0,0
Wainberg,67,0.2,0.1,GoCo-dense-knap (tie-level path),adapt_638.101_to_631.72_q0.35,0.02081228407546862,0.1919739745165007,0.38352240352012973,0.20496928990642047,276,542.0,4663.0,1109,0.8837658159982844,0.2079822627104954,482.0,190
Wainberg,67,0.2,0.5,GoCo-knap (paper path),global_789.65,8.162018528752309e-70,0.13885624336142247,0.337754123764267,0.142903187544525,210,395.0,2414.0,799,0.8363711681855841,0.14569495216722778,358.0,0
Wainberg,67,0.2,0.5,GoCo-dense-knap (tie-level path),adapt_638.101_to_631.72_q0.4,0.10272239667808797,0.19498125530784866,0.385861459169208,0.20694106321588454,276,542.0,4691.0,1118,0.8844596034960562,0.2099540360199595,482.0,204
Wainberg,68,0.05,0.1,GoCo-knap (paper path),global_1100,2.6953560448164797e-16,0.03500513360258068,0.18016357239295,0.036642863915634837,124,214.0,564.0,273,0.6205673758865248,0.03819766903273312,201.0,0
Wainberg,68,0.05,0.1,GoCo-dense-knap (tie-level path),adapt_1076.8_to_1052.87_q0.35,0.040090893499872694,0.04630561108810308,0.20555652694324833,0.04887240776008269,134,239.0,800.0,332,0.70125,0.05027947120396786,225.0,84
Wainberg,68,0.05,0.5,GoCo-knap (paper path),global_1100,2.6953560448164797e-16,0.03500513360258068,0.18016357239295,0.036642863915634837,124,214.0,564.0,273,0.6205673758865248,0.03819766903273312,201.0,0
Wainberg,68,0.05,0.5,GoCo-dense-knap (tie-level path),adapt_1076.8_to_1052.87_q0.4,0.11266660923196026,0.04741355664049307,0.20766727548233338,0.0492663855301574,134,241.0,808.0,334,0.7017326732673267,0.050673448974042565,227.0,92
Wainberg,68,0.2,0.1,GoCo-knap (paper path),global_789.65,9.17092879952954e-61,0.14250970407699348,0.3412078255910341,0.13365472205307172,213,419.0,2413.0,760,0.8263572316618317,0.13632671877194577,385.0,0
Wainberg,68,0.2,0.1,GoCo-dense-knap (tie-level path),adapt_638.101_to_631.72_q0.2,0.009033640262045884,0.19071241428961014,0.3824259716284933,0.18418156170691555,283,593.0,4530.0,1015,0.8690949227373068,0.18783549938638686,514.0,133
Wainberg,68,0.2,0.5,GoCo-knap (paper path),global_789.65,9.17092879952954e-61,0.14250970407699348,0.3412078255910341,0.13365472205307172,213,419.0,2413.0,760,0.8263572316618317,0.13632671877194577,385.0,0
Wainberg,68,0.2,0.5,GoCo-dense-knap (tie-level path),adapt_638.101_to_631.72_q0.275,0.4586534141639422,0.19958481000762102,0.38928978467196274,0.19104879191589536,284,598.0,4628.0,1048,0.8707865168539326,0.19477499469819076,516.0,181
Wainberg,69,0.05,0.1,GoCo-knap (paper path),global_1100,4.35389380795208e-17,0.03475096772884887,0.17839875258015767,0.03811182137680939,104,162.0,482.0,272,0.6639004149377593,0.03904400091601002,154.0,0
Wainberg,69,0.05,0.1,GoCo-dense-knap (tie-level path),adapt_1076.8_to_1052.87_q0.35,0.030742436739099977,0.04607551425327489,0.20430469891325395,0.04978667920767481,120,197.0,735.0,335,0.7319727891156462,0.050789211921900224,187.0,94
Wainberg,69,0.05,0.5,GoCo-knap (paper path),global_1100,4.35389380795208e-17,0.03475096772884887,0.17839875258015767,0.03811182137680939,104,162.0,482.0,272,0.6639004149377593,0.03904400091601002,154.0,0
Wainberg,69,0.05,0.5,GoCo-dense-knap (tie-level path),adapt_1076.8_to_1052.87_q0.4,0.13096483601979614,0.04760905159221642,0.20747892678390709,0.051826921226783056,123,200.0,754.0,347,0.7347480106100795,0.05282945394100847,190.0,113
Wainberg,69,0.2,0.1,GoCo-knap (paper path),global_789.65,5.363157626768165e-75,0.137078878353313,0.33497821418120416,0.1452927598977401,210,362.0,2463.0,816,0.853024766544864,0.14784004727953243,329.0,0
Wainberg,69,0.2,0.1,GoCo-dense-knap (tie-level path),adapt_638.101_to_631.72_q0.3,0.09116521293125845,0.19472476786873796,0.38507639970029917,0.20561727102407176,275,498.0,4764.0,1112,0.8954659949622166,0.2084595626475641,445.0,207
Wainberg,69,0.2,0.5,GoCo-knap (paper path),global_789.65,5.363157626768165e-75,0.137078878353313,0.33497821418120416,0.1452927598977401,210,362.0,2463.0,816,0.853024766544864,0.14784004727953243,329.0,0
Wainberg,69,0.2,0.5,GoCo-dense-knap (tie-level path),adapt_638.101_to_631.72_q0.4,0.2950020598948786,0.19785515371726964,0.3875072183086467,0.20985253203350465,275,498.0,4822.0,1132,0.8967233513065118,0.212694823656997,445.0,232
Wainberg,70,0.05,0.1,GoCo-knap (paper path),global_1100,2.054428416981915e-13,0.03636573764503512,0.18302638817576686,0.03591420603055097,103,164.0,461.0,257,0.6442516268980477,0.03646882353275826,156.0,0
Wainberg,70,0.05,0.1,GoCo-dense-knap (tie-level path),adapt_1076.8_to_1052.87_q0.275,0.07570378188035948,0.04695471049210461,0.20665220675183266,0.04626675921308687,114,191.0,691.0,310,0.723589001447178,0.0470265734668722,179.0,81
Wainberg,70,0.05,0.5,GoCo-knap (paper path),global_1100,2.054428416981915e-13,0.03636573764503512,0.18302638817576686,0.03591420603055097,103,164.0,461.0,257,0.6442516268980477,0.03646882353275826,156.0,0
Wainberg,70,0.05,0.5,GoCo-dense-knap (tie-level path),adapt_1076.8_to_1052.87_q0.35,0.17578427418534237,0.04800110351590274,0.20889067190622718,0.04653058361156724,114,191.0,695.0,311,0.7251798561151079,0.04729039786535257,179.0,83
Wainberg,70,0.2,0.1,GoCo-knap (paper path),global_789.65,1.867567490598542e-63,0.14141060744796585,0.3400155146689012,0.13752008581423167,197,362.0,2271.0,770,0.8405988551298987,0.13972624404211997,329.0,0
Wainberg,70,0.2,0.1,GoCo-dense-knap (tie-level path),adapt_638.101_to_631.72_q0.175,0.0003111132750069444,0.18667088670702667,0.37921907674136235,0.18009558372253,257,512.0,4180.0,981,0.877511961722488,0.18284162463216955,449.0,78
Wainberg,70,0.2,0.5,GoCo-knap (paper path),global_789.65,1.867567490598542e-63,0.14141060744796585,0.3400155146689012,0.13752008581423167,197,362.0,2271.0,770,0.8405988551298987,0.13972624404211997,329.0,0
Wainberg,70,0.2,0.5,GoCo-dense-knap (tie-level path),adapt_638.101_to_631.72_q0.225,0.41435969476291845,0.19913586998200938,0.388838356470738,0.19252189776851136,258,514.0,4352.0,1039,0.8818933823529411,0.19534532717004915,449.0,162
Wainberg,71,0.05,0.1,GoCo-knap (paper path),global_1100,2.3493219499293296e-12,0.036911503423916914,0.18427695200462246,0.035796866971966386,106,185.0,496.0,259,0.6270161290322581,0.03655902634395633,177.0,0
Wainberg,71,0.05,0.1,GoCo-dense-knap (tie-level path),adapt_1076.8_to_1052.87_q0.35,0.0783709438642908,0.046996518268267715,0.20647238060615059,0.04623057755514658,111,205.0,715.0,308,0.7132867132867133,0.04706602146689426,194.0,75
Wainberg,71,0.05,0.5,GoCo-knap (paper path),global_1100,2.3493219499293296e-12,0.036911503423916914,0.18427695200462246,0.035796866971966386,106,185.0,496.0,259,0.6270161290322581,0.03655902634395633,177.0,0
Wainberg,71,0.05,0.5,GoCo-dense-knap (tie-level path),adapt_1076.8_to_1052.87_q0.35,0.0783709438642908,0.046996518268267715,0.20647238060615059,0.04623057755514658,111,205.0,715.0,308,0.7132867132867133,0.04706602146689426,194.0,75
Wainberg,71,0.2,0.1,GoCo-knap (paper path),global_789.65,5.582540380562393e-69,0.13930982947066525,0.3373366865520298,0.14194752131272287,196,370.0,2365.0,791,0.8435517970401691,0.1437341568589764,343.0,0
Wainberg,71,0.2,0.1,GoCo-dense-knap (tie-level path),adapt_638.101_to_631.72_q0.3,0.05151346876451896,0.19356032019176223,0.3845192615340053,0.19611154714934984,263,518.0,4652.0,1055,0.8886500429922614,0.19870780622244585,462.0,173
Wainberg,71,0.2,0.5,GoCo-knap (paper path),global_789.65,5.582540380562393e-69,0.13930982947066525,0.3373366865520298,0.14194752131272287,196,370.0,2365.0,791,0.8435517970401691,0.1437341568589764,343.0,0
Wainberg,71,0.2,0.5,GoCo-dense-knap (tie-level path),adapt_638.101_to_631.72_q0.4,0.307210667920199,0.19799210240132223,0.3880097545676636,0.199511275343273,263,518.0,4721.0,1069,0.8902774835839864,0.20209447643257686,462.0,203
Wainberg,72,0.05,0.1,GoCo-knap (paper path),global_1100,9.384962499858765e-16,0.035257959573080457,0.18053810259101413,0.03419515977068358,119,197.0,488.0,260,0.5963114754098361,0.03587308293621266,183.0,0
Wainberg,72,0.05,0.1,GoCo-dense-knap (tie-level path),adapt_1076.8_to_1052.87_q0.4,0.08647802885069128,0.04710454922619532,0.20683790108514225,0.04731984113831719,129,224.0,736.0,327,0.6956521739130435,0.049024146743694305,209.0,87
Wainberg,72,0.05,0.5,GoCo-knap (paper path),global_1100,9.384962499858765e-16,0.035257959573080457,0.18053810259101413,0.03419515977068358,119,197.0,488.0,260,0.5963114754098361,0.03587308293621266,183.0,0
Wainberg,72,0.05,0.5,GoCo-dense-knap (tie-level path),adapt_1076.8_to_1052.87_q0.4,0.08647802885069128,0.04710454922619532,0.20683790108514225,0.04731984113831719,129,224.0,736.0,327,0.6956521739130435,0.049024146743694305,209.0,87
Wainberg,72,0.2,0.1,GoCo-knap (paper path),global_789.65,1.0497904395919774e-67,0.1397494470597043,0.33813244178904733,0.14144775889099978,199,389.0,2407.0,789,0.8383880348982136,0.14356212296557355,354.0,0
Wainberg,72,0.2,0.1,GoCo-dense-knap (tie-level path),adapt_638.101_to_631.72_q0.225,1.891677833851579e-05,0.18404887344617815,0.37687310831390197,0.18378740296541463,259,541.0,4512.0,1006,0.8800975177304965,0.18624965337986885,475.0,91
Wainberg,72,0.2,0.5,GoCo-knap (paper path),global_789.65,1.0497904395919774e-67,0.1397494470597043,0.33813244178904733,0.14144775889099978,199,389.0,2407.0,789,0.8383880348982136,0.14356212296557355,354.0,0
Wainberg,72,0.2,0.5,GoCo-dense-knap (tie-level path),adapt_638.101_to_631.72_q0.3,0.3242456038041348,0.19818310671979975,0.3880021257123104,0.19616909572007837,259,547.0,4711.0,1063,0.8838887709615793,0.19861887378084253,479.0,183
Wainberg,73,0.05,0.1,GoCo-knap (paper path),global_1100,2.2209342332974953e-14,0.03589952956514418,0.18187552841083,0.035762025415268364,105,171.0,466.0,259,0.6330472103004292,0.03656053392758295,164.0,0
Wainberg,73,0.05,0.1,GoCo-dense-knap (tie-level path),adapt_1076.8_to_1052.87_q0.4,0.04049626879723375,0.046320034245455,0.20530274225316064,0.04503041640420964,117,203.0,683.0,307,0.7027818448023426,0.045832442559235805,195.0,76
Wainberg,73,0.05,0.5,GoCo-knap (paper path),global_1100,2.2209342332974953e-14,0.03589952956514418,0.18187552841083,0.035762025415268364,105,171.0,466.0,259,0.6330472103004292,0.03656053392758295,164.0,0
Wainberg,73,0.05,0.5,GoCo-dense-knap (tie-level path),adapt_1076.8_to_1052.87_q0.4,0.04049626879723375,0.046320034245455,0.20530274225316064,0.04503041640420964,117,203.0,683.0,307,0.7027818448023426,0.045832442559235805,195.0,76
Wainberg,73,0.2,0.1,GoCo-knap (paper path),global_789.65,2.8497157948483164e-70,0.13879176498660686,0.3369741452861306,0.13898736440390663,208,378.0,2277.0,789,0.83399209486166,0.14099544493042,351.0,0
Wainberg,73,0.2,0.1,GoCo-dense-knap (tie-level path),adapt_638.101_to_631.72_q0.3,0.06220045039467172,0.19392827184338401,0.3846785877211476,0.19402972615094766,277,529.0,4485.0,1060,0.882051282051282,0.1967576041805085,465.0,156
Wainberg,73,0.2,0.5,GoCo-knap (paper path),global_789.65,2.8497157948483164e-70,0.13879176498660686,0.3369741452861306,0.13898736440390663,208,378.0,2277.0,789,0.83399209486166,0.14099544493042,351.0,0
Wainberg,73,0.2,0.5,GoCo-dense-knap (tie-level path),adapt_638.101_to_631.72_q0.4,0.3046771803518691,0.1979640463969118,0.38787021153852996,0.19698455941392784,277,529.0,4527.0,1074,0.8831455710183345,0.19971243744348866,465.0,173
Wainberg,74,0.05,0.1,GoCo-knap (paper path),global_1100,6.226039397338467e-11,0.03768802837277938,0.18629496077135613,0.03326775417920656,116,194.0,472.0,257,0.5889830508474576,0.034787382705647414,182.0,0
Wainberg,74,0.05,0.1,GoCo-dense-knap (tie-level path),adapt_1076.8_to_1052.87_q0.175,0.011585393014633483,0.0452589249546749,0.2032686106473629,0.041422524479634154,124,218.0,657.0,297,0.6681887366818874,0.04308285934354445,202.0,54
Wainberg,74,0.05,0.5,GoCo-knap (paper path),global_1100,6.226039397338467e-11,0.03768802837277938,0.18629496077135613,0.03326775417920656,116,194.0,472.0,257,0.5889830508474576,0.034787382705647414,182.0,0
Wainberg,74,0.05,0.5,GoCo-dense-knap (tie-level path),adapt_1076.8_to_1052.87_q0.35,0.4612464962243742,0.04978718134161162,0.21294109645843418,0.04629799936858347,128,229.0,725.0,321,0.6841379310344827,0.047930192964999875,213.0,88
Wainberg,74,0.2,0.1,GoCo-knap (paper path),global_789.65,1.5041681158034274e-60,0.14269067359628512,0.3407587030515489,0.13794456285205559,201,376.0,2237.0,776,0.8319177469825659,0.14044000663463957,347.0,0
Wainberg,74,0.2,0.1,GoCo-dense-knap (tie-level path),adapt_638.101_to_631.72_q0.25,0.07785558344275974,0.19438813459782633,0.38482479261828473,0.1878178060438473,259,518.0,4306.0,1024,0.8797027403622851,0.19078147307874885,467.0,134
Wainberg,74,0.2,0.5,GoCo-knap (paper path),global_789.65,1.5041681158034274e-60,0.14269067359628512,0.3407587030515489,0.13794456285205559,201,376.0,2237.0,776,0.8319177469825659,0.14044000663463957,347.0,0
Wainberg,74,0.2,0.5,GoCo-dense-knap (tie-level path),adapt_638.101_to_631.72_q0.275,0.3376353857499287,0.19833109404003746,0.3878205166880103,0.1917565368106467,259,518.0,4358.0,1042,0.8811381367599816,0.1947149273626107,467.0,157
Wainberg,75,0.05,0.1,GoCo-knap (paper path),global_1100,1.0256349853651778e-13,0.036192636850816834,0.18299113729664682,0.036216975941014924,113,186.0,494.0,267,0.6234817813765182,0.03752085475000262,174.0,0
Wainberg,75,0.05,0.1,GoCo-dense-knap (tie-level path),adapt_1076.8_to_1052.87_q0.3,0.04554661065327446,0.04642925287640219,0.20572898466965553,0.04727607596557117,124,213.0,711.0,323,0.70042194092827,0.04881153396598495,197.0,75
Wainberg,75,0.05,0.5,GoCo-knap (paper path),global_1100,1.0256349853651778e-13,0.036192636850816834,0.18299113729664682,0.036216975941014924,113,186.0,494.0,267,0.6234817813765182,0.03752085475000262,174.0,0
Wainberg,75,0.05,0.5,GoCo-dense-knap (tie-level path),adapt_1076.8_to_1052.87_q0.35,0.12997466880815906,0.04758995774081076,0.20826903620678872,0.049073599536819466,126,215.0,738.0,333,0.7086720867208672,0.05060905753723324,199.0,89
Wainberg,75,0.2,0.1,GoCo-knap (paper path),global_789.65,4.796901474286416e-60,0.14278248679987599,0.34168878778477574,0.13660304479492824,209,382.0,2335.0,771,0.8364025695931477,0.1392438927403529,343.0,0
Wainberg,75,0.2,0.1,GoCo-dense-knap (tie-level path),adapt_638.101_to_631.72_q0.2,0.0006550350845001873,0.1874636971753673,0.3797439368729514,0.18029121084649033,273,543.0,4346.0,996,0.8750575241601473,0.1830073127600904,479.0,102
Wainberg,75,0.2,0.5,GoCo-knap (paper path),global_789.65,4.796901474286416e-60,0.14278248679987599,0.34168878778477574,0.13660304479492824,209,382.0,2335.0,771,0.8364025695931477,0.1392438927403529,343.0,0
Wainberg,75,0.2,0.5,GoCo-dense-knap (tie-level path),adapt_638.101_to_631.72_q0.2,0.0006550350845001873,0.1874636971753673,0.3797439368729514,0.18029121084649033,273,543.0,4346.0,996,0.8750575241601473,0.1830073127600904,479.0,102
Wainberg,76,0.05,0.1,GoCo-knap (paper path),global_1100,2.908326504155192e-15,0.035456853804047936,0.18132668364073612,0.03822765288950774,119,201.0,539.0,280,0.62708719851577,0.039712104831581226,188.0,0
Wainberg,76,0.05,0.1,GoCo-dense-knap (tie-level path),adapt_1076.8_to_1052.87_q0.4,0.07916135397695456,0.04699908008401349,0.2070829502021016,0.04795216692870254,130,224.0,761.0,331,0.7056504599211564,0.049770796425411,207.0,76
Wainberg,76,0.05,0.5,GoCo-knap (paper path),global_1100,2.908326504155192e-15,0.035456853804047936,0.18132668364073612,0.03822765288950774,119,201.0,539.0,280,0.62708719851577,0.039712104831581226,188.0,0
Wainberg,76,0.05,0.5,GoCo-dense-knap (tie-level path),adapt_1076.8_to_1052.87_q0.4,0.07916135397695456,0.04699908008401349,0.2070829502021016,0.04795216692870254,130,224.0,761.0,331,0.7056504599211564,0.049770796425411,207.0,76
Wainberg,76,0.2,0.1,GoCo-knap (paper path),global_789.65,4.058319478238921e-73,0.13770027206148341,0.33603319356068656,0.1415107392746469,215,400.0,2423.0,802,0.8349153941394964,0.1444020947357329,358.0,0
Wainberg,76,0.2,0.1,GoCo-dense-knap (tie-level path),adapt_638.101_to_631.72_q0.2,0.0057963434543735134,0.19009691903557696,0.3819123631957336,0.186448612687154,287,575.0,4549.0,1035,0.8735985930973841,0.19031554229051165,494.0,132
Wainberg,76,0.2,0.5,GoCo-knap (paper path),global_789.65,4.058319478238921e-73,0.13770027206148341,0.33603319356068656,0.1415107392746469,215,400.0,2423.0,802,0.8349153941394964,0.1444020947357329,358.0,0
Wainberg,76,0.2,0.5,GoCo-dense-knap (tie-level path),adapt_638.101_to_631.72_q0.3,0.42813895714572453,0.1992761735783054,0.3890606384888905,0.1967175377036711,290,580.0,4692.0,1084,0.876385336743393,0.2007766194034599,496.0,198
Wainberg,77,0.05,0.1,GoCo-knap (paper path),global_1100,2.8938024516761243e-14,0.035972890146827474,0.18176147092513925,0.03537173279230481,104,181.0,483.0,256,0.6252587991718427,0.03628632404246678,172.0,0
Wainberg,77,0.05,0.1,GoCo-dense-knap (tie-level path),adapt_1076.8_to_1052.87_q0.2,0.00210705572833348,0.04411546394450636,0.20018320045787208,0.041092869587818145,115,207.0,638.0,289,0.6755485893416928,0.04217454962158767,195.0,46
Wainberg,77,0.05,0.5,GoCo-knap (paper path),global_1100,2.8938024516761243e-14,0.035972890146827474,0.18176147092513925,0.03537173279230481,104,181.0,483.0,256,0.6252587991718427,0.03628632404246678,172.0,0
Wainberg,77,0.05,0.5,GoCo-dense-knap (tie-level path),adapt_1076.8_to_1052.87_q0.35,0.18206819823657017,0.04805394658857953,0.20875557479227128,0.044791185152007335,117,212.0,705.0,305,0.699290780141844,0.04590804176385416,199.0,78
Wainberg,77,0.2,0.1,GoCo-knap (paper path),global_789.65,9.596985275722434e-67,0.14012447307887707,0.33851818896172503,0.13855796688188726,199,384.0,2287.0,775,0.8320944468736335,0.14238819460757626,341.0,0
Wainberg,77,0.2,0.1,GoCo-dense-knap (tie-level path),adapt_638.101_to_631.72_q0.275,0.09860464681421394,0.1948940965637975,0.38545361930391625,0.19801677241072266,251,542.0,4501.0,1070,0.879582315041102,0.20222347121844567,463.0,187
Wainberg,77,0.2,0.5,GoCo-knap (paper path),global_789.65,9.596985275722434e-67,0.14012447307887707,0.33851818896172503,0.13855796688188726,199,384.0,2287.0,775,0.8320944468736335,0.14238819460757626,341.0,0
Wainberg,77,0.2,0.5,GoCo-dense-knap (tie-level path),adapt_638.101_to_631.72_q0.35,0.4026993621240522,0.19901637964589794,0.3886706276789731,0.20013163143154838,251,542.0,4535.0,1080,0.8804851157662624,0.20433406640628865,463.0,202
Wainberg,78,0.05,0.1,GoCo-knap (paper path),global_1100,8.957902143862832e-17,0.034831907210614695,0.17930349211755642,0.03734522307533008,112,171.0,488.0,269,0.6495901639344263,0.038488462133315006,163.0,0
Wainberg,78,0.05,0.1,GoCo-dense-knap (tie-level path),adapt_1076.8_to_1052.87_q0.4,0.016580638926076592,0.04554419828936736,0.2036367535467099,0.04613007304725289,127,204.0,687.0,317,0.7030567685589519,0.04743336556568182,192.0,73
Wainberg,78,0.05,0.5,GoCo-knap (paper path),global_1100,8.957902143862832e-17,0.034831907210614695,0.17930349211755642,0.03734522307533008,112,171.0,488.0,269,0.6495901639344263,0.038488462133315006,163.0,0
Wainberg,78,0.05,0.5,GoCo-dense-knap (tie-level path),adapt_1076.8_to_1052.87_q0.5,0.25809838357547826,0.048598962460274155,0.21008445741027507,0.050150756882609775,130,211.0,727.0,337,0.7097661623108665,0.05124298988225441,199.0,111
Wainberg,78,0.2,0.1,GoCo-knap (paper path),global_789.65,6.598276069032141e-74,0.1374276899798983,0.3356425367754198,0.13824115124318406,206,380.0,2274.0,781,0.8328935795954265,0.14002318033667846,354.0,0
Wainberg,78,0.2,0.1,GoCo-dense-knap (tie-level path),adapt_638.101_to_631.72_q0.3,0.05659528723791551,0.19374194350834573,0.3846059100418859,0.193460562042719,276,536.0,4427.0,1056,0.8789247797605602,0.19607445608970736,473.0,169
Wainberg,78,0.2,0.5,GoCo-knap (paper path),global_789.65,6.598276069032141e-74,0.1374276899798983,0.3356425367754198,0.13824115124318406,206,380.0,2274.0,781,0.8328935795954265,0.14002318033667846,354.0,0
Wainberg,78,0.2,0.5,GoCo-dense-knap (tie-level path),adapt_638.101_to_631.72_q0.4,0.2640524209086177,0.19748845112006774,0.3875390062576846,0.1957848304847264,276,536.0,4460.0,1067,0.8798206278026905,0.19839872453171475,473.0,183
Wainberg,79,0.05,0.1,GoCo-knap (paper path),global_1100,4.061828546662555e-12,0.037042480511253764,0.18451558252572764,0.033104685564089444,97,162.0,468.0,240,0.6538461538461539,0.03410721827202479,154.0,0
Wainberg,79,0.05,0.1,GoCo-dense-knap (tie-level path),adapt_1076.8_to_1052.87_q0.275,0.0829163063583579,0.04706094858734947,0.20647493470268213,0.04483287928978971,107,180.0,690.0,299,0.7391304347826086,0.04586003560992724,170.0,81
Wainberg,79,0.05,0.5,GoCo-knap (paper path),global_1100,4.061828546662555e-12,0.037042480511253764,0.18451558252572764,0.033104685564089444,97,162.0,468.0,240,0.6538461538461539,0.03410721827202479,154.0,0
Wainberg,79,0.05,0.5,GoCo-dense-knap (tie-level path),adapt_1076.8_to_1052.87_q0.35,0.22339829951716678,0.04836586223878073,0.20910902417732083,0.046626885199456236,110,185.0,711.0,310,0.739803094233474,0.04765404151959377,175.0,98
Wainberg,79,0.2,0.1,GoCo-knap (paper path),global_789.65,8.286992228042405e-69,0.13935786124188726,0.33750323522344394,0.13805325573358218,199,347.0,2289.0,776,0.8484054172127566,0.14100574390980805,311.0,0
Wainberg,79,0.2,0.1,GoCo-dense-knap (tie-level path),adapt_638.101_to_631.72_q0.2,2.6735858627350044e-05,0.18435924231433737,0.37689600872160794,0.18366067556514173,262,486.0,4384.0,1004,0.8891423357664233,0.18701447372247318,425.0,109
Wainberg,79,0.2,0.5,GoCo-knap (paper path),global_789.65,8.286992228042405e-69,0.13935786124188726,0.33750323522344394,0.13805325573358218,199,347.0,2289.0,776,0.8484054172127566,0.14100574390980805,311.0,0
Wainberg,79,0.2,0.5,GoCo-dense-knap (tie-level path),adapt_638.101_to_631.72_q0.4,0.4367673613741034,0.19936446797260318,0.3886967563779232,0.20062058129646246,264,492.0,4618.0,1084,0.8934603724556085,0.20397209477681255,429.0,222
Wainberg,80,0.05,0.1,GoCo-knap (paper path),global_1100,8.705693482678509e-20,0.033684727142943204,0.17592047316431722,0.039992763733577005,123,189.0,537.0,292,0.6480446927374302,0.04052041253682781,182.0,0
Wainberg,80,0.05,0.1,GoCo-dense-knap (tie-level path),adapt_1076.8_to_1052.87_q0.4,0.0005456843933963644,0.043352745477315734,0.1981444001306902,0.05017887531088193,135,218.0,748.0,346,0.7085561497326203,0.05077687728286746,210.0,75
Wainberg,80,0.05,0.5,GoCo-knap (paper path),global_1100,8.705693482678509e-20,0.033684727142943204,0.17592047316431722,0.039992763733577005,123,189.0,537.0,292,0.6480446927374302,0.04052041253682781,182.0,0
Wainberg,80,0.05,0.5,GoCo-dense-knap (tie-level path),adapt_1076.8_to_1052.87_q0.5,0.36138981376535884,0.04923189148327287,0.2107851887181652,0.05784033584526794,140,227.0,815.0,384,0.7214723926380369,0.05854386757664562,218.0,139
Wainberg,80,0.2,0.1,GoCo-knap (paper path),global_789.65,1.1769836404546426e-78,0.1356422449952001,0.33433053478691144,0.14605081979611495,212,376.0,2445.0,814,0.8462167689161554,0.14817867585001437,347.0,0
Wainberg,80,0.2,0.1,GoCo-dense-knap (tie-level path),adapt_638.101_to_631.72_q0.225,0.0624940390574424,0.19393264509912808,0.38500080010826354,0.199384571191076,274,519.0,4766.0,1078,0.8911036508602602,0.20241463624661157,464.0,173
Wainberg,80,0.2,0.5,GoCo-knap (paper path),global_789.65,1.1769836404546426e-78,0.1356422449952001,0.33433053478691144,0.14605081979611495,212,376.0,2445.0,814,0.8462167689161554,0.14817867585001437,347.0,0
Wainberg,80,0.2,0.5,GoCo-dense-knap (tie-level path),adapt_638.101_to_631.72_q0.35,0.3223856817418662,0.19816118926580312,0.3882717345973619,0.20450303511385073,275,520.0,4836.0,1102,0.8924731182795699,0.20753310016938634,465.0,212
Wainberg,81,0.05,0.1,GoCo-knap (paper path),global_1100,2.2768991483540744e-14,0.03592209883369926,0.1816624753670899,0.036145701450907064,102,148.0,436.0,258,0.6605504587155964,0.03691958635101946,141.0,0
Wainberg,81,0.05,0.1,GoCo-dense-knap (tie-level path),adapt_1076.8_to_1052.87_q0.35,0.028962480490227444,0.04601622664772459,0.2045177212281301,0.04790875199300018,114,178.0,648.0,317,0.7253086419753086,0.04880399612018759,168.0,81
Wainberg,81,0.05,0.5,GoCo-knap (paper path),global_1100,2.2768991483540744e-14,0.03592209883369926,0.1816624753670899,0.036145701450907064,102,148.0,436.0,258,0.6605504587155964,0.03691958635101946,141.0,0
Wainberg,81,0.05,0.5,GoCo-dense-knap (tie-level path),adapt_1076.8_to_1052.87_q0.4,0.10095107349460186,0.0472824501361703,0.2073055349208221,0.048541930549353074,114,178.0,654.0,320,0.72782874617737,0.049437174676540484,168.0,84
Wainberg,81,0.2,0.1,GoCo-knap (paper path),global_789.65,2.24019388062199e-78,0.13577043047097961,0.3342760941228024,0.14631606653842205,197,328.0,2380.0,802,0.8621848739495799,0.14909309049719946,298.0,0
Wainberg,81,0.2,0.1,GoCo-dense-knap (tie-level path),adapt_638.101_to_631.72_q0.3,0.0703438610902883,0.19417717637291962,0.38476635875707016,0.20212613523270623,255,447.0,4649.0,1076,0.9038502903850291,0.2052631119432053,394.0,189
Wainberg,81,0.2,0.5,GoCo-knap (paper path),global_789.65,2.24019388062199e-78,0.13577043047097961,0.3342760941228024,0.14631606653842205,197,328.0,2380.0,802,0.8621848739495799,0.14909309049719946,298.0,0
Wainberg,81,0.2,0.5,GoCo-dense-knap (tie-level path),adapt_638.101_to_631.72_q0.4,0.21114061446619342,0.1968113118738417,0.38682877018757655,0.2046588494581178,255,447.0,4684.0,1088,0.9045687446626814,0.20779582616861686,394.0,205
Wainberg,82,0.05,0.1,GoCo-knap (paper path),global_1100,9.896822765767096e-23,0.0326204127062596,0.1736557497192786,0.038438628646657154,125,197.0,539.0,285,0.634508348794063,0.03973547213248132,187.0,0
Wainberg,82,0.05,0.1,GoCo-dense-knap (tie-level path),adapt_1076.8_to_1052.87_q0.3,0.000735037514531944,0.0434926147512259,0.19917869802192728,0.05064875684417517,133,223.0,797.0,343,0.7202007528230866,0.05181661950807221,211.0,93
Wainberg,82,0.05,0.5,GoCo-knap (paper path),global_1100,9.896822765767096e-23,0.0326204127062596,0.1736557497192786,0.038438628646657154,125,197.0,539.0,285,0.634508348794063,0.03973547213248132,187.0,0
Wainberg,82,0.05,0.5,GoCo-dense-knap (tie-level path),adapt_1076.8_to_1052.87_q0.35,0.16765531883880175,0.04793319018050388,0.20883187820472232,0.0558021267653518,134,229.0,848.0,365,0.7299528301886793,0.0568644596698567,217.0,142
Wainberg,82,0.2,0.1,GoCo-knap (paper path),global_789.65,4.147727054766176e-68,0.13953943024635618,0.3382721414122518,0.13817199865264096,210,389.0,2435.0,774,0.8402464065708419,0.1407599141888097,353.0,0
Wainberg,82,0.2,0.1,GoCo-dense-knap (tie-level path),adapt_638.101_to_631.72_q0.3,4.643087300415254e-06,0.18285913599075818,0.3764044150207618,0.1836508222430655,282,546.0,4474.0,1004,0.877961555654895,0.18682050914729684,476.0,94
Wainberg,82,0.2,0.5,GoCo-knap (paper path),global_789.65,4.147727054766176e-68,0.13953943024635618,0.3382721414122518,0.13817199865264096,210,389.0,2435.0,774,0.8402464065708419,0.1407599141888097,353.0,0
Wainberg,82,0.2,0.5,GoCo-dense-knap (tie-level path),adapt_638.101_to_631.72_q0.4,0.33529871083686946,0.19830152802613513,0.3887493026630726,0.1970480368509983,284,550.0,4686.0,1065,0.8826291079812206,0.20015481829882273,479.0,196
Wainberg,83,0.05,0.1,GoCo-knap (paper path),global_1100,4.904757097135467e-16,0.03514532264217088,0.18010483088425394,0.035847621757982145,106,167.0,465.0,259,0.6408602150537634,0.03713742992693284,158.0,0
Wainberg,83,0.05,0.1,GoCo-dense-knap (tie-level path),adapt_1076.8_to_1052.87_q0.35,0.023717013326641504,0.04584107791319595,0.20423211212802875,0.042901364895375584,117,197.0,642.0,297,0.6931464174454829,0.04425566346585474,187.0,69
Wainberg,83,0.05,0.5,GoCo-knap (paper path),global_1100,4.904757097135467e-16,0.03514532264217088,0.18010483088425394,0.035847621757982145,106,167.0,465.0,259,0.6408602150537634,0.03713742992693284,158.0,0
Wainberg,83,0.05,0.5,GoCo-dense-knap (tie-level path),adapt_1076.8_to_1052.87_q0.4,0.12022943164316979,0.04749420302520765,0.20781274565606156,0.045223019602002854,117,197.0,668.0,308,0.7050898203592815,0.04657731817248201,187.0,81
Wainberg,83,0.2,0.1,GoCo-knap (paper path),global_789.65,4.3181503806613546e-68,0.13959735272503535,0.33799287981586623,0.14001420299405032,195,363.0,2234.0,781,0.8375111906893464,0.14276149437152266,331.0,0
Wainberg,83,0.2,0.1,GoCo-dense-knap (tie-level path),adapt_638.101_to_631.72_q0.3,0.041921342969906746,0.1931783187074275,0.3841306937177079,0.19993001964838006,260,498.0,4372.0,1076,0.8860933211344922,0.20254688130659412,450.0,178
Wainberg,83,0.2,0.5,GoCo-knap (paper path),global_789.65,4.3181503806613546e-68,0.13959735272503535,0.33799287981586623,0.14001420299405032,195,363.0,2234.0,781,0.8375111906893464,0.14276149437152266,331.0,0
Wainberg,83,0.2,0.5,GoCo-dense-knap (tie-level path),adapt_638.101_to_631.72_q0.4,0.26268400116231017,0.19747204738345292,0.3874960639968506,0.204151210024066,260,498.0,4429.0,1096,0.8875592684578911,0.20676807168228006,450.0,203
Wainberg,84,0.05,0.1,GoCo-knap (paper path),global_1100,1.1524289166586052e-11,0.03730954312694542,0.18479626500016047,0.03382580558450577,117,175.0,447.0,263,0.6085011185682326,0.03449416071893596,170.0,0
Wainberg,84,0.05,0.1,GoCo-dense-knap (tie-level path),adapt_1076.8_to_1052.87_q0.275,0.09444435499894965,0.04721411045963432,0.20641711943021876,0.04607027283181315,127,198.0,704.0,324,0.71875,0.04690923440514259,189.0,84
Wainberg,84,0.05,0.5,GoCo-knap (paper path),global_1100,1.1524289166586052e-11,0.03730954312694542,0.18479626500016047,0.03382580558450577,117,175.0,447.0,263,0.6085011185682326,0.03449416071893596,170.0,0
Wainberg,84,0.05,0.5,GoCo-dense-knap (tie-level path),adapt_1076.8_to_1052.87_q0.35,0.25499696487130863,0.048583214612176705,0.20934126356019486,0.04670345138816604,127,199.0,713.0,327,0.7208976157082749,0.04754241296149548,189.0,88
Wainberg,84,0.2,0.1,GoCo-knap (paper path),global_789.65,2.884456488191962e-65,0.1407306097432935,0.3389914915219313,0.1396640763441537,201,378.0,2361.0,787,0.8398983481575604,0.14185541776689412,344.0,0
Wainberg,84,0.2,0.1,GoCo-dense-knap (tie-level path),adapt_638.101_to_631.72_q0.225,0.0005788200098444812,0.18735526821948412,0.3788608770577156,0.1912998669714352,256,507.0,4557.0,1040,0.8887425938117183,0.19392585603747503,446.0,135
Wainberg,84,0.2,0.5,GoCo-knap (paper path),global_789.65,2.884456488191962e-65,0.1407306097432935,0.3389914915219313,0.1396640763441537,201,378.0,2361.0,787,0.8398983481575604,0.14185541776689412,344.0,0
Wainberg,84,0.2,0.5,GoCo-dense-knap (tie-level path),adapt_638.101_to_631.72_q0.3,0.3547814159186955,0.198516830097551,0.387673572464032,0.20024532527863703,259,513.0,4679.0,1083,0.8903611882880957,0.2028765317010145,450.0,193
Wainberg,85,0.05,0.1,GoCo-knap (paper path),global_1100,9.092768072252562e-15,0.03575862871011853,0.18092437114036256,0.036294783187622054,111,163.0,460.0,266,0.6456521739130435,0.03739112013311716,154.0,0
Wainberg,85,0.05,0.1,GoCo-dense-knap (tie-level path),adapt_1076.8_to_1052.87_q0.35,0.0670031636653344,0.04683021223216768,0.20592646022271896,0.04879501924616921,121,182.0,689.0,326,0.7358490566037735,0.04988549342445806,173.0,90
Wainberg,85,0.05,0.5,GoCo-knap (paper path),global_1100,9.092768072252562e-15,0.03575862871011853,0.18092437114036256,0.036294783187622054,111,163.0,460.0,266,0.6456521739130435,0.03739112013311716,154.0,0
Wainberg,85,0.05,0.5,GoCo-dense-knap (tie-level path),adapt_1076.8_to_1052.87_q0.35,0.0670031636653344,0.04683021223216768,0.20592646022271896,0.04879501924616921,121,182.0,689.0,326,0.7358490566037735,0.04988549342445806,173.0,90
Wainberg,85,0.2,0.1,GoCo-knap (paper path),global_789.65,3.1088471027431856e-64,0.1412290591010316,0.3389238889458067,0.1378151000131027,188,329.0,2227.0,773,0.8522676246070947,0.14099992874265976,297.0,0
Wainberg,85,0.2,0.1,GoCo-dense-knap (tie-level path),adapt_638.101_to_631.72_q0.175,5.200111921386154e-05,0.18497897691806936,0.3767771989602407,0.18435537625763074,255,491.0,4261.0,1010,0.8847688336071344,0.18866846817689084,421.0,96
Wainberg,85,0.2,0.5,GoCo-knap (paper path),global_789.65,3.1088471027431856e-64,0.1412290591010316,0.3389238889458067,0.1378151000131027,188,329.0,2227.0,773,0.8522676246070947,0.14099992874265976,297.0,0
Wainberg,85,0.2,0.5,GoCo-dense-knap (tie-level path),adapt_638.101_to_631.72_q0.275,0.4118956321293508,0.1991127601976924,0.3878930717588184,0.20516470652081484,256,494.0,4519.0,1108,0.890683779597256,0.20947133607882495,423.0,221
Wainberg,86,0.05,0.1,GoCo-knap (paper path),global_1100,1.8201577210130424e-10,0.03794646526962893,0.18718502247016908,0.03326038382208362,127,197.0,507.0,265,0.611439842209073,0.03473780045986377,187.0,0
Wainberg,86,0.05,0.1,GoCo-dense-knap (tie-level path),adapt_1076.8_to_1052.87_q0.25,0.023183208246449916,0.04582001225938522,0.20427343470512216,0.04135886397969124,139,224.0,705.0,307,0.6822695035460993,0.04289783963539672,212.0,65
Wainberg,86,0.05,0.5,GoCo-knap (paper path),global_1100,1.8201577210130424e-10,0.03794646526962893,0.18718502247016908,0.03326038382208362,127,197.0,507.0,265,0.611439842209073,0.03473780045986377,187.0,0
Wainberg,86,0.05,0.5,GoCo-dense-knap (tie-level path),adapt_1076.8_to_1052.87_q0.4,0.4376234045040601,0.04965737289085259,0.21245374578654885,0.04444560944191159,140,227.0,748.0,322,0.696524064171123,0.04598458509761706,215.0,85
Wainberg,86,0.2,0.1,GoCo-knap (paper path),global_789.65,3.7228735891990873e-60,0.14277909472356734,0.34138478921224935,0.13680926030725807,225,408.0,2332.0,790,0.8250428816466552,0.13979282872039792,372.0,0
Wainberg,86,0.2,0.1,GoCo-dense-knap (tie-level path),adapt_638.101_to_631.72_q0.125,2.4183995342411294e-05,0.18426538097546474,0.3769681384622588,0.18525734824966206,279,554.0,4331.0,1025,0.8720849688293697,0.1882627652246472,495.0,102
Wainberg,86,0.2,0.5,GoCo-knap (paper path),global_789.65,3.7228735891990873e-60,0.14277909472356734,0.34138478921224935,0.13680926030725807,225,408.0,2332.0,790,0.8250428816466552,0.13979282872039792,372.0,0
Wainberg,86,0.2,0.5,GoCo-dense-knap (tie-level path),adapt_638.101_to_631.72_q0.3,0.4985575962872232,0.1999855359008547,0.38944767762111177,0.19736014110924271,279,559.0,4518.0,1079,0.8762726870296591,0.20048279939522065,497.0,190
Wainberg,87,0.05,0.1,GoCo-knap (paper path),global_1100,2.187818871675007e-12,0.03691133593090277,0.1840107816556181,0.03443938575813971,104,162.0,438.0,253,0.6301369863013698,0.03584293155302323,150.0,0
Wainberg,87,0.05,0.1,GoCo-dense-knap (tie-level path),adapt_1076.8_to_1052.87_q0.175,0.0003279688641136938,0.04307323531805368,0.19790075077337294,0.0384319283354378,112,182.0,546.0,277,0.6666666666666666,0.039835474130321326,169.0,30
Wainberg,87,0.05,0.5,GoCo-knap (paper path),global_1100,2.187818871675007e-12,0.03691133593090277,0.1840107816556181,0.03443938575813971,104,162.0,438.0,253,0.6301369863013698,0.03584293155302323,150.0,0
Wainberg,87,0.05,0.5,GoCo-dense-knap (tie-level path),adapt_1076.8_to_1052.87_q0.275,0.28269239432853255,0.04876043793048689,0.20991346271902417,0.04385615797511331,114,188.0,633.0,302,0.7030015797788309,0.045312468649692905,174.0,72
Wainberg,87,0.2,0.1,GoCo-knap (paper path),global_789.65,1.91553234025104e-67,0.13986737274558808,0.3381449247568256,0.13908958255791776,211,358.0,2272.0,787,0.8424295774647887,0.14204935726987605,322.0,0
Wainberg,87,0.2,0.1,GoCo-dense-knap (tie-level path),adapt_638.101_to_631.72_q0.225,4.211070033075448e-05,0.18475965194823157,0.3773204154861207,0.18290964796755474,273,501.0,4312.0,1006,0.8838126159554731,0.1861027248955417,444.0,99
Wainberg,87,0.2,0.5,GoCo-knap (paper path),global_789.65,1.91553234025104e-67,0.13986737274558808,0.3381449247568256,0.13908958255791776,211,358.0,2272.0,787,0.8424295774647887,0.14204935726987605,322.0,0
Wainberg,87,0.2,0.5,GoCo-dense-knap (tie-level path),adapt_638.101_to_631.72_q0.35,0.47171801557594345,0.19971646643979296,0.38902349854964674,0.1995601211798347,273,503.0,4555.0,1081,0.8895718990120747,0.20280226495206582,444.0,214
Wainberg,88,0.05,0.1,GoCo-knap (paper path),global_1100,1.0895102018662773e-17,0.03447871291462575,0.17810301401165582,0.036933070728802996,128,212.0,520.0,289,0.5923076923076923,0.037724543917954045,205.0,0
Wainberg,88,0.05,0.1,GoCo-dense-knap (tie-level path),adapt_1076.8_to_1052.87_q0.275,0.04557111152179609,0.04643806892664256,0.20525213621309638,0.046436520515866,141,252.0,763.0,338,0.6697247706422018,0.04737045886384228,241.0,78
Wainberg,88,0.05,0.5,GoCo-knap (paper path),global_1100,1.0895102018662773e-17,0.03447871291462575,0.17810301401165582,0.036933070728802996,128,212.0,520.0,289,0.5923076923076923,0.037724543917954045,205.0,0
Wainberg,88,0.05,0.5,GoCo-dense-knap (tie-level path),adapt_1076.8_to_1052.87_q0.275,0.04557111152179609,0.04643806892664256,0.20525213621309638,0.046436520515866,141,252.0,763.0,338,0.6697247706422018,0.04737045886384228,241.0,78
Wainberg,88,0.2,0.1,GoCo-knap (paper path),global_789.65,8.124036936754058e-74,0.137394036354364,0.33603471435588533,0.1392572187060241,246,454.0,2418.0,814,0.8122415219189413,0.14177016700657674,419.0,0
Wainberg,88,0.2,0.1,GoCo-dense-knap (tie-level path),adapt_638.101_to_631.72_q0.275,0.05724338365692183,0.19375942933310358,0.38490918905004234,0.19860066257105843,299,604.0,4646.0,1095,0.8699956952216961,0.20118449975564642,544.0,200
Wainberg,88,0.2,0.5,GoCo-knap (paper path),global_789.65,8.124036936754058e-74,0.137394036354364,0.33603471435588533,0.1392572187060241,246,454.0,2418.0,814,0.8122415219189413,0.14177016700657674,419.0,0
Wainberg,88,0.2,0.5,GoCo-dense-knap (tie-level path),adapt_638.101_to_631.72_q0.4,0.18003385266325594,0.19636222206144957,0.3869354237643105,0.20221505683023952,299,604.0,4697.0,1112,0.8714072812433468,0.2047988940148275,544.0,225
Wainberg,89,0.05,0.1,GoCo-knap (paper path),global_1100,6.968259532326906e-11,0.037739238407436496,0.18601541660993837,0.03431559767638545,102,156.0,451.0,248,0.6541019955654102,0.03508479236524887,150.0,0
Wainberg,89,0.05,0.1,GoCo-dense-knap (tie-level path),adapt_1076.8_to_1052.87_q0.25,0.003035210788257294,0.04434480325568385,0.20063489999003048,0.04121154109263732,113,172.0,618.0,284,0.7216828478964401,0.042330156532129994,162.0,50
Wainberg,89,0.05,0.5,GoCo-knap (paper path),global_1100,6.968259532326906e-11,0.037739238407436496,0.18601541660993837,0.03431559767638545,102,156.0,451.0,248,0.6541019955654102,0.03508479236524887,150.0,0
Wainberg,89,0.05,0.5,GoCo-dense-knap (tie-level path),adapt_1076.8_to_1052.87_q0.4,0.30852125230033317,0.048918784386412034,0.2104929551753741,0.04666391199980672,113,179.0,695.0,309,0.7424460431654676,0.047782527439299394,169.0,88
Wainberg,89,0.2,0.1,GoCo-knap (paper path),global_789.65,7.180175781266225e-63,0.1416588210444467,0.3402013137717632,0.13923039888658822,185,327.0,2219.0,771,0.8526363226678684,0.14161369633189028,296.0,0
Wainberg,89,0.2,0.1,GoCo-dense-knap (tie-level path),adapt_638.101_to_631.72_q0.275,0.0001188321015456821,0.18572798875253185,0.3780417577825113,0.18345586688534124,255,474.0,4165.0,1001,0.8861944777911165,0.18661350075669708,412.0,105
Wainberg,89,0.2,0.5,GoCo-knap (paper path),global_789.65,7.180175781266225e-63,0.1416588210444467,0.3402013137717632,0.13923039888658822,185,327.0,2219.0,771,0.8526363226678684,0.14161369633189028,296.0,0
Wainberg,89,0.2,0.5,GoCo-dense-knap (tie-level path),adapt_638.101_to_631.72_q0.275,0.0001188321015456821,0.18572798875253185,0.3780417577825113,0.18345586688534124,255,474.0,4165.0,1001,0.8861944777911165,0.18661350075669708,412.0,105
Wainberg,90,0.05,0.1,GoCo-knap (paper path),global_1100,9.849273738327953e-12,0.037244012699017004,0.18511470221034076,0.036060440132717586,116,175.0,480.0,268,0.6354166666666666,0.037555445059536376,161.0,0
Wainberg,90,0.05,0.1,GoCo-dense-knap (tie-level path),adapt_1076.8_to_1052.87_q0.3,0.09505708302888993,0.04721375643401957,0.20701565215905995,0.04334303668439514,125,203.0,685.0,303,0.7036496350364964,0.04475889429166982,188.0,68
Wainberg,90,0.05,0.5,GoCo-knap (paper path),global_1100,9.849273738327953e-12,0.037244012699017004,0.18511470221034076,0.036060440132717586,116,175.0,480.0,268,0.6354166666666666,0.037555445059536376,161.0,0
Wainberg,90,0.05,0.5,GoCo-dense-knap (tie-level path),adapt_1076.8_to_1052.87_q0.4,0.22505791271883852,0.048374461298428144,0.20953576161110848,0.04402898012044411,125,203.0,697.0,306,0.7087517934002869,0.04544483772771879,188.0,74
Wainberg,90,0.2,0.1,GoCo-knap (paper path),global_789.65,4.684037446420729e-65,0.14078373017222542,0.33925394553607063,0.13993847233338816,207,374.0,2383.0,783,0.8430549727234579,0.14275955080470237,336.0,0
Wainberg,90,0.2,0.1,GoCo-dense-knap (tie-level path),adapt_638.101_to_631.72_q0.2,0.07907446357870085,0.19442054168470074,0.3848580448384967,0.19491024098035503,270,518.0,4628.0,1059,0.8880726015557476,0.19797325170130708,457.0,190
Wainberg,90,0.2,0.5,GoCo-knap (paper path),global_789.65,4.684037446420729e-65,0.14078373017222542,0.33925394553607063,0.13993847233338816,207,374.0,2383.0,783,0.8430549727234579,0.14275955080470237,336.0,0
Wainberg,90,0.2,0.5,GoCo-dense-knap (tie-level path),adapt_638.101_to_631.72_q0.35,0.48081886749935054,0.1998077839663276,0.3890392718696057,0.1991340450914211,270,518.0,4687.0,1079,0.8894815446981011,0.20219705581237316,457.0,218
Wainberg,91,0.05,0.1,GoCo-knap (paper path),global_1100,2.323814547658512e-16,0.03504520557821583,0.17928338622942408,0.03859415938138157,122,195.0,548.0,285,0.6441605839416058,0.04075400179991897,179.0,0
Wainberg,91,0.05,0.1,GoCo-dense-knap (tie-level path),adapt_1076.8_to_1052.87_q0.4,0.028503970185507797,0.04600705277149947,0.2042364191940969,0.04816981252171209,133,225.0,765.0,333,0.7058823529411765,0.05032965493395943,207.0,75
Wainberg,91,0.05,0.5,GoCo-knap (paper path),global_1100,2.323814547658512e-16,0.03504520557821583,0.17928338622942408,0.03859415938138157,122,195.0,548.0,285,0.6441605839416058,0.04075400179991897,179.0,0
Wainberg,91,0.05,0.5,GoCo-dense-knap (tie-level path),adapt_1076.8_to_1052.87_q0.5,0.42702594757536816,0.04959996192122205,0.2117067084717605,0.0520110957736504,134,233.0,803.0,351,0.709838107098381,0.0540654084265056,215.0,112
Wainberg,91,0.2,0.1,GoCo-knap (paper path),global_789.65,4.923593402766248e-77,0.1362823551844806,0.3345712586327182,0.14558423216167307,215,401.0,2449.0,810,0.8362596978358514,0.14804693584441636,366.0,0
Wainberg,91,0.2,0.1,GoCo-dense-knap (tie-level path),adapt_638.101_to_631.72_q0.3,0.06302444121385085,0.1939546764494435,0.3846807280930961,0.2044821356848958,267,555.0,4719.0,1096,0.8823903369357915,0.2074443980353248,490.0,183
Wainberg,91,0.2,0.5,GoCo-knap (paper path),global_789.65,4.923593402766248e-77,0.1362823551844806,0.3345712586327182,0.14558423216167307,215,401.0,2449.0,810,0.8362596978358514,0.14804693584441636,366.0,0
Wainberg,91,0.2,0.5,GoCo-dense-knap (tie-level path),adapt_638.101_to_631.72_q0.4,0.35142761661642274,0.198478787455036,0.38820938621870865,0.20744576309868534,267,555.0,4762.0,1109,0.8834523309533809,0.21035526056941828,490.0,203
Wainberg,92,0.05,0.1,GoCo-knap (paper path),global_1100,1.581874237130268e-22,0.032735855119998436,0.1733520179304585,0.04132436500817424,121,193.0,548.0,299,0.6478102189781022,0.042773640372170435,179.0,0
Wainberg,92,0.05,0.1,GoCo-dense-knap (tie-level path),adapt_1076.8_to_1052.87_q0.4,0.00045590302911976803,0.0432476646222557,0.19820777638189233,0.05322484026394498,132,214.0,783.0,360,0.7266922094508301,0.05466532147713179,199.0,90
Wainberg,92,0.05,0.5,GoCo-knap (paper path),global_1100,1.581874237130268e-22,0.032735855119998436,0.1733520179304585,0.04132436500817424,121,193.0,548.0,299,0.6478102189781022,0.042773640372170435,179.0,0
Wainberg,92,0.05,0.5,GoCo-dense-knap (tie-level path),adapt_1076.8_to_1052.87_q0.4,0.00045590302911976803,0.0432476646222557,0.19820777638189233,0.05322484026394498,132,214.0,783.0,360,0.7266922094508301,0.05466532147713179,199.0,90
Wainberg,92,0.2,0.1,GoCo-knap (paper path),global_789.65,1.5133542235124846e-79,0.13539147870103127,0.33369520865888824,0.1444149670651463,216,385.0,2410.0,815,0.8402489626556017,0.14740078920186345,349.0,0
Wainberg,92,0.2,0.1,GoCo-dense-knap (tie-level path),adapt_638.101_to_631.72_q0.35,0.03835769988380357,0.1930170780456782,0.3840449583198775,0.20417848942386999,282,532.0,4640.0,1113,0.8853448275862069,0.2078565360845368,468.0,199
Wainberg,92,0.2,0.5,GoCo-knap (paper path),global_789.65,1.5133542235124846e-79,0.13539147870103127,0.33369520865888824,0.1444149670651463,216,385.0,2410.0,815,0.8402489626556017,0.14740078920186345,349.0,0
Wainberg,92,0.2,0.5,GoCo-dense-knap (tie-level path),adapt_638.101_to_631.72_q0.4,0.11588981915860386,0.19526060497577122,0.3858375333983743,0.2075948821480589,282,532.0,4692.0,1129,0.886615515771526,0.2112598708249336,468.0,223
Wainberg,93,0.05,0.1,GoCo-knap (paper path),global_1100,8.965770523147587e-12,0.03720021409501352,0.18537161404941835,0.034038121414592164,116,173.0,463.0,257,0.6263498920086393,0.03507934837476671,162.0,0
Wainberg,93,0.05,0.1,GoCo-dense-knap (tie-level path),adapt_1076.8_to_1052.87_q0.35,0.06849480403960688,0.046842888162724014,0.20667434388283396,0.04529488036065426,126,200.0,692.0,315,0.7109826589595376,0.04639766633875413,186.0,82
Wainberg,93,0.05,0.5,GoCo-knap (paper path),global_1100,8.965770523147587e-12,0.03720021409501352,0.18537161404941835,0.034038121414592164,116,173.0,463.0,257,0.6263498920086393,0.03507934837476671,162.0,0
Wainberg,93,0.05,0.5,GoCo-dense-knap (tie-level path),adapt_1076.8_to_1052.87_q0.4,0.10276714025978578,0.047300135534599864,0.2076175246881653,0.04571699939822285,126,200.0,699.0,317,0.7138769670958512,0.046819785376322726,186.0,86
Wainberg,93,0.2,0.1,GoCo-knap (paper path),global_789.65,2.5539263611121717e-63,0.14149012611651202,0.3399310259080021,0.1343107201432618,206,393.0,2304.0,764,0.8294270833333334,0.13644987535330755,357.0,0
Wainberg,93,0.2,0.1,GoCo-dense-knap (tie-level path),adapt_638.101_to_631.72_q0.2,0.08630475185776382,0.19460002256745437,0.38543880819056764,0.18998388631867677,266,524.0,4394.0,1027,0.8807464724624487,0.19275594294486342,458.0,149
Wainberg,93,0.2,0.5,GoCo-knap (paper path),global_789.65,2.5539263611121717e-63,0.14149012611651202,0.3399310259080021,0.1343107201432618,206,393.0,2304.0,764,0.8294270833333334,0.13644987535330755,357.0,0
Wainberg,93,0.2,0.5,GoCo-dense-knap (tie-level path),adapt_638.101_to_631.72_q0.3,0.22516290507160552,0.19699675716767145,0.3873045459538337,0.19254758944927564,267,528.0,4449.0,1038,0.8813216453135536,0.19544276413018313,460.0,171
Wainberg,94,0.05,0.1,GoCo-knap (paper path),global_1100,1.3779452385287788e-13,0.03627311575195137,0.18291051837461972,0.03519383977364266,112,185.0,474.0,261,0.609704641350211,0.03728684666615692,170.0,0
Wainberg,94,0.05,0.1,GoCo-dense-knap (tie-level path),adapt_1076.8_to_1052.87_q0.225,0.09671990548071335,0.04723412930726426,0.20704600583044183,0.04373203486568971,116,199.0,641.0,302,0.6895475819032761,0.04565619414066051,184.0,66
Wainberg,94,0.05,0.5,GoCo-knap (paper path),global_1100,1.3779452385287788e-13,0.03627311575195137,0.18291051837461972,0.03519383977364266,112,185.0,474.0,261,0.609704641350211,0.03728684666615692,170.0,0
Wainberg,94,0.05,0.5,GoCo-dense-knap (tie-level path),adapt_1076.8_to_1052.87_q0.3,0.2108690970594833,0.04827348775969058,0.2092031601029494,0.044787332459611195,116,199.0,655.0,307,0.6961832061068702,0.04671149173458199,184.0,72
Wainberg,94,0.2,0.1,GoCo-knap (paper path),global_789.65,2.23749649108067e-63,0.14143076616713704,0.34011626336674033,0.1362708639927482,207,376.0,2264.0,768,0.833922261484099,0.13932311047716148,339.0,0
Wainberg,94,0.2,0.1,GoCo-dense-knap (tie-level path),adapt_638.101_to_631.72_q0.225,0.00032954369551655804,0.18674053333348284,0.37897429582161846,0.17847909721745978,269,535.0,4226.0,986,0.8734027449124467,0.18186127945132877,470.0,84
Wainberg,94,0.2,0.5,GoCo-knap (paper path),global_789.65,2.23749649108067e-63,0.14143076616713704,0.34011626336674033,0.1362708639927482,207,376.0,2264.0,768,0.833922261484099,0.13932311047716148,339.0,0
Wainberg,94,0.2,0.5,GoCo-dense-knap (tie-level path),adapt_638.101_to_631.72_q0.35,0.4635621554649104,0.1996344343555795,0.3890926430714744,0.191226955520523,271,540.0,4418.0,1045,0.8777727478497057,0.19466125070671333,474.0,174
Wainberg,95,0.05,0.1,GoCo-knap (paper path),global_1100,1.0970014109870705e-11,0.03728119546418403,0.18500940622490675,0.03410411938716712,112,169.0,456.0,256,0.6293859649122807,0.03484517280224659,160.0,0
Wainberg,95,0.05,0.1,GoCo-dense-knap (tie-level path),adapt_1076.8_to_1052.87_q0.275,0.07678664294794003,0.046974641807008624,0.2063865020429808,0.04580644843647781,120,192.0,683.0,314,0.718887262079063,0.046524050782732244,180.0,84
Wainberg,95,0.05,0.5,GoCo-knap (paper path),global_1100,1.0970014109870705e-11,0.03728119546418403,0.18500940622490675,0.03410411938716712,112,169.0,456.0,256,0.6293859649122807,0.03484517280224659,160.0,0
Wainberg,95,0.05,0.5,GoCo-dense-knap (tie-level path),adapt_1076.8_to_1052.87_q0.3,0.11557724553958293,0.04744947561517576,0.2073620182541556,0.04688988729789319,120,192.0,699.0,319,0.7253218884120172,0.04757934837665373,180.0,91
Wainberg,95,0.2,0.1,GoCo-knap (paper path),global_789.65,3.287990590852342e-64,0.14121523094765934,0.3390700707304205,0.13438301630013097,207,362.0,2250.0,771,0.8391111111111111,0.13663180520598422,329.0,0
Wainberg,95,0.2,0.1,GoCo-dense-knap (tie-level path),adapt_638.101_to_631.72_q0.15,2.0367985961782065e-06,0.18224219966691999,0.37518945931925074,0.181255906203871,282,518.0,4277.0,1012,0.8788870703764321,0.18432395323110864,449.0,88
Wainberg,95,0.2,0.5,GoCo-knap (paper path),global_789.65,3.287990590852342e-64,0.14121523094765934,0.3390700707304205,0.13438301630013097,207,362.0,2250.0,771,0.8391111111111111,0.13663180520598422,329.0,0
Wainberg,95,0.2,0.5,GoCo-dense-knap (tie-level path),adapt_638.101_to_631.72_q0.3,0.44948805508291434,0.1994929251709077,0.38882850405536395,0.1961979074926505,283,523.0,4498.0,1079,0.8837261004891063,0.19923304689363266,454.0,191
Wainberg,96,0.05,0.1,GoCo-knap (paper path),global_1100,7.627999239958486e-15,0.035657841663100466,0.1816709082944464,0.03671145825043365,127,218.0,560.0,279,0.6107142857142858,0.03800126641938434,204.0,0
Wainberg,96,0.05,0.1,GoCo-dense-knap (tie-level path),adapt_1076.8_to_1052.87_q0.3,0.07185103734756812,0.046891467838180684,0.20696695355339834,0.04663346370358968,136,244.0,802.0,328,0.6957605985037406,0.04797017397245006,228.0,83
Wainberg,96,0.05,0.5,GoCo-knap (paper path),global_1100,7.627999239958486e-15,0.035657841663100466,0.1816709082944464,0.03671145825043365,127,218.0,560.0,279,0.6107142857142858,0.03800126641938434,204.0,0
Wainberg,96,0.05,0.5,GoCo-dense-knap (tie-level path),adapt_1076.8_to_1052.87_q0.3,0.07185103734756812,0.046891467838180684,0.20696695355339834,0.04663346370358968,136,244.0,802.0,328,0.6957605985037406,0.04797017397245006,228.0,83
Wainberg,96,0.2,0.1,GoCo-knap (paper path),global_789.65,2.4942375081606983e-66,0.1402692228266367,0.33878930754050335,0.13654533818320114,216,421.0,2479.0,778,0.8301734570391287,0.14010319861934475,380.0,0
Wainberg,96,0.2,0.1,GoCo-dense-knap (tie-level path),adapt_638.101_to_631.72_q0.275,0.054430198287325496,0.1936740107528517,0.38409550782605106,0.19377561446960187,274,582.0,4748.0,1058,0.8774220724515586,0.1980809767212783,499.0,177
Wainberg,96,0.2,0.5,GoCo-knap (paper path),global_789.65,2.4942375081606983e-66,0.1402692228266367,0.33878930754050335,0.13654533818320114,216,421.0,2479.0,778,0.8301734570391287,0.14010319861934475,380.0,0
Wainberg,96,0.2,0.5,GoCo-dense-knap (tie-level path),adapt_638.101_to_631.72_q0.4,0.27719304066013517,0.19764854559368053,0.38720165322007455,0.19857721852194463,275,583.0,4815.0,1081,0.878920041536864,0.2028825807736211,500.0,206
Wainberg,97,0.05,0.1,GoCo-knap (paper path),global_1100,4.759548498044619e-16,0.035169776167826294,0.17972582549098565,0.03686456013676888,109,182.0,522.0,264,0.6513409961685823,0.037444973813425694,176.0,0
Wainberg,97,0.05,0.1,GoCo-dense-knap (tie-level path),adapt_1076.8_to_1052.87_q0.35,0.07366842349792489,0.046929301535817806,0.20630199947062325,0.046471605699315965,116,211.0,751.0,311,0.7190412782956058,0.04709423128350368,204.0,79
Wainberg,97,0.05,0.5,GoCo-knap (paper path),global_1100,4.759548498044619e-16,0.035169776167826294,0.17972582549098565,0.03686456013676888,109,182.0,522.0,264,0.6513409961685823,0.037444973813425694,176.0,0
Wainberg,97,0.05,0.5,GoCo-dense-knap (tie-level path),adapt_1076.8_to_1052.87_q0.4,0.16086333105147105,0.04787896915215209,0.20837501351524446,0.04684095985718848,117,212.0,760.0,313,0.7210526315789474,0.047463585441376195,205.0,84
Wainberg,97,0.2,0.1,GoCo-knap (paper path),global_789.65,6.192536662728968e-69,0.13932110699556216,0.3373877124298184,0.14190827785928625,195,381.0,2463.0,789,0.8453105968331304,0.143908653070198,358.0,0
Wainberg,97,0.2,0.1,GoCo-dense-knap (tie-level path),adapt_638.101_to_631.72_q0.225,4.66765172473787e-06,0.18289873987621832,0.375631100605237,0.18562320832111204,256,533.0,4530.0,1010,0.8823399558498897,0.18840651461007776,485.0,99
Wainberg,97,0.2,0.5,GoCo-knap (paper path),global_789.65,6.192536662728968e-69,0.13932110699556216,0.3373877124298184,0.14190827785928625,195,381.0,2463.0,789,0.8453105968331304,0.143908653070198,358.0,0
Wainberg,97,0.2,0.5,GoCo-dense-knap (tie-level path),adapt_638.101_to_631.72_q0.3,0.4563453036297153,0.19956209662532434,0.3887973837819699,0.19926511407301062,257,538.0,4727.0,1073,0.8861857414850857,0.2020556087727132,488.0,194
Wainberg,98,0.05,0.1,GoCo-knap (paper path),global_1100,4.592217810202541e-12,0.03708410175324392,0.18439796109876663,0.030329922911561256,111,184.0,447.0,238,0.5883668903803132,0.031455573680507526,176.0,0
Wainberg,98,0.05,0.1,GoCo-dense-knap (tie-level path),adapt_1076.8_to_1052.87_q0.4,0.09952332814066372,0.047275895197595036,0.20649146183140288,0.039816462025581006,120,206.0,625.0,287,0.6704,0.040804924087189276,197.0,71
Wainberg,98,0.05,0.5,GoCo-knap (paper path),global_1100,4.592217810202541e-12,0.03708410175324392,0.18439796109876663,0.030329922911561256,111,184.0,447.0,238,0.5883668903803132,0.031455573680507526,176.0,0
Wainberg,98,0.05,0.5,GoCo-dense-knap (tie-level path),adapt_1076.8_to_1052.87_q0.4,0.09952332814066372,0.047275895197595036,0.20649146183140288,0.039816462025581006,120,206.0,625.0,287,0.6704,0.040804924087189276,197.0,71
Wainberg,98,0.2,0.1,GoCo-knap (paper path),global_789.65,1.675670577938428e-68,0.13952133115320073,0.3373682086915651,0.13662856254599273,186,363.0,2182.0,763,0.8336388634280477,0.1388000467278727,336.0,0
Wainberg,98,0.2,0.1,GoCo-dense-knap (tie-level path),adapt_638.101_to_631.72_q0.3,1.1698117029900545e-05,0.18365904165714292,0.37609656610890263,0.18113931179134693,250,512.0,4079.0,990,0.8744790389801422,0.18413664687089953,453.0,100
Wainberg,98,0.2,0.5,GoCo-knap (paper path),global_789.65,1.675670577938428e-68,0.13952133115320073,0.3373682086915651,0.13662856254599273,186,363.0,2182.0,763,0.8336388634280477,0.1388000467278727,336.0,0
Wainberg,98,0.2,0.5,GoCo-dense-knap (tie-level path),adapt_638.101_to_631.72_q0.4,0.3781291801351703,0.19876240491332467,0.388146063606537,0.19582998535901294,252,516.0,4288.0,1058,0.8796641791044776,0.19884314989995835,455.0,198
Wainberg,99,0.05,0.1,GoCo-knap (paper path),global_1100,8.402389878887314e-16,0.03522982127973145,0.18057170925327373,0.035287644023782545,110,170.0,478.0,256,0.6443514644351465,0.036578624736110385,159.0,0
Wainberg,99,0.05,0.1,GoCo-dense-knap (tie-level path),adapt_1076.8_to_1052.87_q0.35,0.04021480772510676,0.046310753785911034,0.20543870632095362,0.04385314284874549,118,195.0,665.0,299,0.706766917293233,0.04519688842818927,182.0,71
Wainberg,99,0.05,0.5,GoCo-knap (paper path),global_1100,8.402389878887314e-16,0.03522982127973145,0.18057170925327373,0.035287644023782545,110,170.0,478.0,256,0.6443514644351465,0.036578624736110385,159.0,0
Wainberg,99,0.05,0.5,GoCo-dense-knap (tie-level path),adapt_1076.8_to_1052.87_q0.4,0.10854948554315003,0.04736594002628246,0.20775322364970494,0.044697380923882674,118,195.0,673.0,303,0.7102526002971769,0.04604112650332646,182.0,75
Wainberg,99,0.2,0.1,GoCo-knap (paper path),global_789.65,4.245684222407721e-67,0.13998491595575574,0.3383807874146305,0.13714571605067355,202,355.0,2291.0,767,0.8450458315146224,0.13989778138844963,324.0,0
Wainberg,99,0.2,0.1,GoCo-dense-knap (tie-level path),adapt_638.101_to_631.72_q0.25,0.09394293490995842,0.19478753579088035,0.3853356837421362,0.19128884439254018,252,488.0,4446.0,1030,0.890238416554206,0.19433419497619958,427.0,166
Wainberg,99,0.2,0.5,GoCo-knap (paper path),global_789.65,4.245684222407721e-67,0.13998491595575574,0.3383807874146305,0.13714571605067355,202,355.0,2291.0,767,0.8450458315146224,0.13989778138844963,324.0,0
Wainberg,99,0.2,0.5,GoCo-dense-knap (tie-level path),adapt_638.101_to_631.72_q0.4,0.4288570200007092,0.1992839862286598,0.3887883269121446,0.1958812733914793,253,489.0,4531.0,1052,0.8920768042374752,0.19892662397513866,428.0,199
