dataset,seed,alpha,delta,method,policy,p_selected,cal_mean,cal_sd,unit_fdp,unit_yield,go_yield,total_calls,genes_with_calls,term_fdp,unit_fdp_direct,go_yield_direct,n_relaxed_eval
Wainberg,0,0.1,0.1,"GoCoGrid-oracle (grid path, all blocks)",adapt_800_to_775_q0.35,0.04461697957121839,0.09502649307250977,0.28489782891310345,0.08817708631289463,226,408.0,1934.0,564,0.7890382626680456,0.0906713575363763,382.0,145
Wainberg,0,0.1,0.1,"GoCoGrid-knapk0.5 (grid path, all blocks)",adapt_800_to_775_q0.1,0.07140856178684052,0.09568831757681145,0.2864387604708732,0.0891559196737508,204,373.0,1741.0,556,0.7857553130384837,0.09111390258439134,351.0,25
Wainberg,0,0.1,0.1,"GoCoGrid-knapk2 (grid path, all blocks)",adapt_800_to_775_q0.05,0.057032325417604265,0.09535308657639563,0.2862808253617115,0.08908953513901362,202,365.0,1704.0,555,0.7857981220657277,0.090941988290262,344.0,13
Wainberg,0,0.1,0.1,"GoCoGrid-knapk4 (grid path, all blocks)",adapt_800_to_775_q0.05,0.09793407226411122,0.09618249646647137,0.28732774058347604,0.08935290856507822,201,366.0,1733.0,555,0.7888055395268321,0.0909943021975423,346.0,17
Wainberg,0,0.1,0.5,"GoCoGrid-oracle (grid path, all blocks)",adapt_800_to_775_q0.4,0.22499839505108987,0.09776897236769293,0.28750916519567765,0.09172405879952425,230,413.0,1981.0,573,0.7915194346289752,0.09410107472920126,385.0,171
Wainberg,0,0.1,0.5,"GoCoGrid-knapk0.5 (grid path, all blocks)",adapt_800_to_775_q0.125,0.3477988778650573,0.09883238464417785,0.2905084803485534,0.09116116022386848,211,384.0,1844.0,566,0.7917570498915402,0.09317818953612023,360.0,53
Wainberg,0,0.1,0.5,"GoCoGrid-knapk2 (grid path, all blocks)",adapt_800_to_775_q0.1,0.311169663646584,0.09853156296430389,0.290236049321418,0.09122606179428885,208,374.0,1839.0,565,0.7966286025013595,0.09305213250568921,353.0,45
Wainberg,0,0.1,0.5,"GoCoGrid-knapk4 (grid path, all blocks)",adapt_800_to_775_q0.1,0.34879738368191016,0.09883932561984203,0.29078857127527263,0.09138787409495884,207,372.0,1840.0,566,0.7978260869565217,0.0932139448063592,351.0,44
Wainberg,1,0.1,0.1,"GoCoGrid-oracle (grid path, all blocks)",adapt_800_to_775_q0.4,0.01984771416406438,0.09403575437002523,0.2822778926666952,0.09386482271855268,209,365.0,1908.0,582,0.8087002096436059,0.09627785279862536,340.0,171
Wainberg,1,0.1,0.1,"GoCoGrid-knapk0.5 (grid path, all blocks)",adapt_800_to_775_q0.1,0.021961088112103837,0.09413216548751802,0.28351386065760786,0.09345889417946011,190,327.0,1598.0,572,0.795369211514393,0.09550820131903713,304.0,9
Wainberg,1,0.1,0.1,"GoCoGrid-knapk2 (grid path, all blocks)",adapt_800_to_775_q0.1,0.04900163139902484,0.09515556291734743,0.28502479091523514,0.09479811708979488,192,331.0,1693.0,577,0.8044890726520969,0.09688260080744919,307.0,26
Wainberg,1,0.1,0.1,"GoCoGrid-knapk4 (grid path, all blocks)",adapt_800_to_775_q0.1,0.0591344479083331,0.09541935947744029,0.28546842990322513,0.09500917660857917,192,331.0,1712.0,578,0.8066588785046729,0.09709366032623348,307.0,28
Wainberg,1,0.1,0.5,"GoCoGrid-oracle (grid path, all blocks)",adapt_800_to_775_q0.4,0.01984771416406438,0.09403575437002523,0.2822778926666952,0.09386482271855268,209,365.0,1908.0,582,0.8087002096436059,0.09627785279862536,340.0,171
Wainberg,1,0.1,0.5,"GoCoGrid-knapk0.5 (grid path, all blocks)",adapt_800_to_775_q0.125,0.24991093241539192,0.09799820496268799,0.28880136656258376,0.09690636717830342,192,332.0,1759.0,586,0.8112563956793633,0.09882200327841427,308.0,45
Wainberg,1,0.1,0.5,"GoCoGrid-knapk2 (grid path, all blocks)",adapt_800_to_775_q0.125,0.2127684039269223,0.09763964719994103,0.28835967221036907,0.09709632074017724,192,331.0,1779.0,587,0.8139404159640248,0.09901195684028809,307.0,45
Wainberg,1,0.1,0.5,"GoCoGrid-knapk4 (grid path, all blocks)",adapt_800_to_775_q0.15,0.49001579071110624,0.09992509228359663,0.29134867299919714,0.09879534986890685,193,332.0,1817.0,595,0.8172812328013208,0.10076375084871378,307.0,57
Wainberg,2,0.1,0.1,"GoCoGrid-oracle (grid path, all blocks)",adapt_800_to_775_q0.4,0.009640268174505013,0.09323630634240489,0.2813792037179518,0.09346200795289886,205,381.0,1947.0,572,0.8043143297380585,0.09677505610473752,343.0,164
Wainberg,2,0.1,0.1,"GoCoGrid-knapk0.5 (grid path, all blocks)",adapt_800_to_775_q0.2,0.09582132339741672,0.09615433057051766,0.2867162457201393,0.09637686023673411,196,361.0,1833.0,581,0.8030551009274414,0.09884474902036774,327.0,44
Wainberg,2,0.1,0.1,"GoCoGrid-knapk2 (grid path, all blocks)",adapt_800_to_775_q0.175,0.07648555205871026,0.09579732589336391,0.2862819018319697,0.09630650706170933,195,359.0,1825.0,580,0.8032876712328767,0.09877439584534296,325.0,39
Wainberg,2,0.1,0.1,"GoCoGrid-knapk4 (grid path, all blocks)",adapt_800_to_775_q0.175,0.09693563702623986,0.09617191700995364,0.2868381077384761,0.09715074513684652,194,358.0,1853.0,583,0.806799784133837,0.09961863392048015,324.0,44
Wainberg,2,0.1,0.5,"GoCoGrid-oracle (grid path, all blocks)",adapt_800_to_775_q0.5,0.45008390712834556,0.09962671521728371,0.28967250916368203,0.09973516588210557,209,388.0,2031.0,598,0.8089611029049729,0.1030013119088743,348.0,198
Wainberg,2,0.1,0.5,"GoCoGrid-knapk0.5 (grid path, all blocks)",adapt_800_to_775_q0.225,0.32797793837963446,0.0986729314236484,0.2899863879243763,0.09876216782289197,198,363.0,1911.0,592,0.8100470957613815,0.10137076294399505,327.0,70
Wainberg,2,0.1,0.5,"GoCoGrid-knapk2 (grid path, all blocks)",adapt_800_to_775_q0.225,0.49106385599389907,0.09993287404041773,0.29170880104809044,0.10087276301073494,197,363.0,1968.0,601,0.8155487804878049,0.10348135813183802,327.0,83
Wainberg,2,0.1,0.5,"GoCoGrid-knapk4 (grid path, all blocks)",adapt_800_to_775_q0.225,0.4219912729537039,0.0994115617919084,0.2910763806070093,0.10038029079814156,196,360.0,1953.0,598,0.815668202764977,0.10298888591924464,324.0,76
Wainberg,3,0.1,0.1,"GoCoGrid-oracle (grid path, all blocks)",adapt_800_to_775_q0.5,0.00038752212693686137,0.09044033592576478,0.27684559839761097,0.09975679735183313,221,382.0,1995.0,601,0.8085213032581454,0.10207125684816458,352.0,198
Wainberg,3,0.1,0.1,"GoCoGrid-knapk0.5 (grid path, all blocks)",adapt_800_to_775_q0.225,0.02388195562869151,0.0942308078923406,0.28372857167768273,0.1031701110992164,201,346.0,1909.0,615,0.818753273965427,0.10461596016480783,324.0,88
Wainberg,3,0.1,0.1,"GoCoGrid-knapk2 (grid path, all blocks)",adapt_800_to_775_q0.3,0.07830201354683701,0.09583796688203282,0.2860210855988037,0.10344448847615201,201,345.0,1928.0,616,0.821058091286307,0.10489033754174344,323.0,89
Wainberg,3,0.1,0.1,"GoCoGrid-knapk4 (grid path, all blocks)",adapt_800_to_775_q0.3,0.08105065511293291,0.0958907261940514,0.28614172170657876,0.10355001823554415,198,342.0,1925.0,614,0.8223376623376624,0.10489033754174344,321.0,86
Wainberg,3,0.1,0.5,"GoCoGrid-oracle (grid path, all blocks)",adapt_800_to_775_q0.6,0.3141481981055054,0.09856526997662476,0.28850088616812175,0.10376692820873477,221,382.0,2024.0,620,0.8112648221343873,0.10608138770506623,352.0,217
Wainberg,3,0.1,0.5,"GoCoGrid-knapk0.5 (grid path, all blocks)",adapt_800_to_775_q0.225,0.02388195562869151,0.0942308078923406,0.28372857167768273,0.1031701110992164,201,346.0,1909.0,615,0.818753273965427,0.10461596016480783,324.0,88
Wainberg,3,0.1,0.5,"GoCoGrid-knapk2 (grid path, all blocks)",adapt_800_to_775_q0.3,0.07830201354683701,0.09583796688203282,0.2860210855988037,0.10344448847615201,201,345.0,1928.0,616,0.821058091286307,0.10489033754174344,323.0,89
Wainberg,3,0.1,0.5,"GoCoGrid-knapk4 (grid path, all blocks)",adapt_800_to_775_q0.3,0.08105065511293291,0.0958907261940514,0.28614172170657876,0.10355001823554415,198,342.0,1925.0,614,0.8223376623376624,0.10489033754174344,321.0,86
Wainberg,4,0.1,0.1,"GoCoGrid-oracle (grid path, all blocks)",adapt_800_to_775_q0.4,0.0007297712155078277,0.09087448258892801,0.2791319593386134,0.09720099456969974,242,469.0,2126.0,617,0.7793979303857008,0.10010884193968501,432.0,161
Wainberg,4,0.1,0.1,"GoCoGrid-knapk0.5 (grid path, all blocks)",adapt_800_to_775_q0.2,0.07253842170418806,0.09571158437364348,0.28650358655276875,0.10265464465727077,233,448.0,2097.0,634,0.7863614687649022,0.10516851424931876,411.0,85
Wainberg,4,0.1,0.1,"GoCoGrid-knapk2 (grid path, all blocks)",adapt_800_to_775_q0.2,0.09337722918388958,0.09610505997065415,0.2871989797014509,0.10324575911630252,227,441.0,2100.0,635,0.79,0.10559314590320149,406.0,74
Wainberg,4,0.1,0.1,"GoCoGrid-knapk4 (grid path, all blocks)",adapt_800_to_775_q0.175,0.03551468709501789,0.09470948861994245,0.2852897772018845,0.10060818514595207,225,436.0,2031.0,623,0.7853274249138356,0.10282072836258785,403.0,50
Wainberg,4,0.1,0.5,"GoCoGrid-oracle (grid path, all blocks)",adapt_800_to_775_q0.5,0.45635706859285124,0.09967297719534256,0.2904294210833149,0.10630838034235007,248,478.0,2230.0,654,0.7856502242152467,0.10913414899660798,438.0,212
Wainberg,4,0.1,0.5,"GoCoGrid-knapk0.5 (grid path, all blocks)",adapt_800_to_775_q0.2,0.07253842170418806,0.09571158437364348,0.28650358655276875,0.10265464465727077,233,448.0,2097.0,634,0.7863614687649022,0.10516851424931876,411.0,85
Wainberg,4,0.1,0.5,"GoCoGrid-knapk2 (grid path, all blocks)",adapt_800_to_775_q0.3,0.36355353698570597,0.09895689492079984,0.2909829348173085,0.10682558277586483,230,445.0,2185.0,652,0.7963386727688787,0.10934699020427509,408.0,103
Wainberg,4,0.1,0.5,"GoCoGrid-knapk4 (grid path, all blocks)",adapt_800_to_775_q0.3,0.3901405891104007,0.09916526756389013,0.29130790509551835,0.10714217205404128,229,444.0,2189.0,653,0.7971676564641389,0.10955804972305938,408.0,103
Wainberg,5,0.1,0.1,"GoCoGrid-oracle (grid path, all blocks)",adapt_800_to_775_q0.35,0.06903171977388325,0.09564800473837909,0.28567393046345024,0.0882431088859092,201,349.0,1798.0,553,0.8058954393770856,0.09136487103907455,316.0,131
Wainberg,5,0.1,0.1,"GoCoGrid-knapk0.5 (grid path, all blocks)",adapt_800_to_775_q0.15,0.09433072960895572,0.0961272065954532,0.28680249932172347,0.08862949680393886,184,318.0,1545.0,543,0.7941747572815534,0.09112511570504468,291.0,9
Wainberg,5,0.1,0.1,"GoCoGrid-knapk2 (grid path, all blocks)",adapt_800_to_775_q0.05,0.09878510769825133,0.09620115982259114,0.2870121890511985,0.08895794384624948,183,315.0,1572.0,544,0.799618320610687,0.0914535627473553,288.0,8
Wainberg,5,0.1,0.1,"GoCoGrid-knapk4 (grid path, all blocks)",adapt_800_to_775_q0.01,0.0976014911269606,0.09618055212044245,0.2870465075165278,0.08874549578329641,182,310.0,1510.0,543,0.7947019867549668,0.09129387956409829,284.0,0
Wainberg,5,0.1,0.5,"GoCoGrid-oracle (grid path, all blocks)",adapt_800_to_775_q0.4,0.16264828609243948,0.0971014582118342,0.2868682177669261,0.09062980500365572,202,352.0,1857.0,554,0.810446957458266,0.09356563376343768,319.0,162
Wainberg,5,0.1,0.5,"GoCoGrid-knapk0.5 (grid path, all blocks)",adapt_800_to_775_q0.175,0.12648462420361678,0.096624189771384,0.28747744389734675,0.0890313121570772,185,321.0,1627.0,545,0.8027043638598648,0.091526931058183,294.0,22
Wainberg,5,0.1,0.5,"GoCoGrid-knapk2 (grid path, all blocks)",adapt_800_to_775_q0.175,0.43780732367516,0.09953189158211331,0.2911267417177967,0.09361888343407766,189,327.0,1797.0,566,0.8180300500834724,0.0959344317152964,298.0,59
Wainberg,5,0.1,0.5,"GoCoGrid-knapk4 (grid path, all blocks)",adapt_800_to_775_q0.15,0.44875711183736355,0.09961449611494533,0.29136754171486645,0.09425206199043056,189,325.0,1804.0,569,0.8198447893569845,0.0965676102716493,296.0,60
Wainberg,6,0.1,0.1,"GoCoGrid-oracle (grid path, all blocks)",adapt_800_to_775_q0.4,0.004499830073882455,0.09246769072298286,0.28072381886621384,0.09013122170471652,190,322.0,1859.0,554,0.8267885960193653,0.0931861483192786,289.0,127
Wainberg,6,0.1,0.1,"GoCoGrid-knapk0.5 (grid path, all blocks)",adapt_800_to_775_q0.15,0.09242765130223585,0.09610668951412589,0.28584222636184364,0.09306405337803371,178,309.0,1798.0,556,0.8281423804226918,0.09583463592147365,276.0,54
Wainberg,6,0.1,0.1,"GoCoGrid-knapk2 (grid path, all blocks)",adapt_800_to_775_q0.1,0.041551729994653716,0.09493740078840525,0.28439464174216184,0.09233120782949493,174,300.0,1731.0,552,0.8266897746967071,0.09486434841430252,270.0,32
Wainberg,6,0.1,0.1,"GoCoGrid-knapk4 (grid path, all blocks)",adapt_800_to_775_q0.1,0.05111889808663069,0.0952187837847894,0.28483615836917425,0.09306991614523996,172,298.0,1745.0,555,0.8292263610315186,0.09560305673004757,268.0,33
Wainberg,6,0.1,0.5,"GoCoGrid-oracle (grid path, all blocks)",adapt_800_to_775_q0.4,0.004499830073882455,0.09246769072298286,0.28072381886621384,0.09013122170471652,190,322.0,1859.0,554,0.8267885960193653,0.0931861483192786,289.0,127
Wainberg,6,0.1,0.5,"GoCoGrid-knapk0.5 (grid path, all blocks)",adapt_800_to_775_q0.2,0.431943969872395,0.09948878442846774,0.2903086732856333,0.0971269491209215,178,310.0,1907.0,573,0.8374410068169901,0.09987994336903272,277.0,90
Wainberg,6,0.1,0.5,"GoCoGrid-knapk2 (grid path, all blocks)",adapt_800_to_775_q0.175,0.2257748392841034,0.09777263744563333,0.28802297726042475,0.09482288270962294,178,304.0,1855.0,563,0.8361185983827494,0.09736481743894985,273.0,66
Wainberg,6,0.1,0.5,"GoCoGrid-knapk4 (grid path, all blocks)",adapt_800_to_775_q0.175,0.26964269419456965,0.09817983111107388,0.28863816343593024,0.09461768595175483,178,304.0,1847.0,563,0.8354087709799675,0.09717134620920422,273.0,62
Wainberg,7,0.1,0.1,"GoCoGrid-oracle (grid path, all blocks)",adapt_800_to_775_q0.4,0.0013614765808792164,0.0914125304877085,0.278904995262239,0.09429415224498211,208,362.0,1911.0,579,0.8105703819989535,0.09734622360772853,324.0,151
Wainberg,7,0.1,0.1,"GoCoGrid-knapk0.5 (grid path, all blocks)",adapt_800_to_775_q0.175,0.0014141531663279573,0.09141422092908291,0.2799325153366315,0.09554991071179679,196,339.0,1751.0,580,0.8063963449457453,0.09784191655629594,307.0,34
Wainberg,7,0.1,0.1,"GoCoGrid-knapk2 (grid path, all blocks)",adapt_800_to_775_q0.225,0.029575720641309707,0.09449410477531878,0.28403789131110324,0.09912184180684762,196,341.0,1869.0,595,0.817549491706795,0.1013334440236456,309.0,58
Wainberg,7,0.1,0.1,"GoCoGrid-knapk4 (grid path, all blocks)",adapt_800_to_775_q0.175,0.03166260368774132,0.09457621581823347,0.2843472525152655,0.09986934427025701,195,338.0,1880.0,598,0.8202127659574469,0.10197541672766285,307.0,59
Wainberg,7,0.1,0.5,"GoCoGrid-oracle (grid path, all blocks)",adapt_800_to_775_q0.4,0.0013614765808792164,0.0914125304877085,0.278904995262239,0.09429415224498211,208,362.0,1911.0,579,0.8105703819989535,0.09734622360772853,324.0,151
Wainberg,7,0.1,0.5,"GoCoGrid-knapk0.5 (grid path, all blocks)",adapt_800_to_775_q0.225,0.21864724313394018,0.09770045713670422,0.2881937193694873,0.101911680149398,200,347.0,1943.0,610,0.8214101904271744,0.1041127293830232,315.0,88
Wainberg,7,0.1,0.5,"GoCoGrid-knapk2 (grid path, all blocks)",adapt_800_to_775_q0.275,0.39172767022546545,0.0991804234788075,0.29032088352769386,0.10319445299990271,200,346.0,1970.0,616,0.8243654822335026,0.10539784733757987,314.0,93
Wainberg,7,0.1,0.5,"GoCoGrid-knapk4 (grid path, all blocks)",adapt_800_to_775_q0.275,0.435251547710462,0.09951305838467464,0.2907855514588696,0.10355911694652625,197,343.0,1969.0,616,0.8257998984255968,0.10565932663672581,312.0,90
Wainberg,8,0.1,0.1,"GoCoGrid-oracle (grid path, all blocks)",adapt_800_to_775_q0.4,0.0024356944619831405,0.09190817016129807,0.2797946218871405,0.09927843659235587,219,420.0,2129.0,603,0.8027242837012682,0.10181676992048136,382.0,161
Wainberg,8,0.1,0.1,"GoCoGrid-knapk0.5 (grid path, all blocks)",adapt_800_to_775_q0.1,0.013108339976272355,0.09353087333887831,0.28329843900341894,0.10071587049291827,209,395.0,1992.0,604,0.8017068273092369,0.10294539074119811,357.0,53
Wainberg,8,0.1,0.1,"GoCoGrid-knapk2 (grid path, all blocks)",adapt_800_to_775_q0.15,0.027147885641884507,0.09437853961528901,0.2843633240026723,0.10202912971811387,209,395.0,2048.0,610,0.80712890625,0.10425864996639371,357.0,61
Wainberg,8,0.1,0.1,"GoCoGrid-knapk4 (grid path, all blocks)",adapt_800_to_775_q0.15,0.02955681860122617,0.09448405823932615,0.28451377847202447,0.10245124875568247,206,391.0,2046.0,611,0.8088954056695992,0.104469709485178,355.0,57
Wainberg,8,0.1,0.5,"GoCoGrid-oracle (grid path, all blocks)",adapt_800_to_775_q0.4,0.0024356944619831405,0.09190817016129807,0.2797946218871405,0.09927843659235587,219,420.0,2129.0,603,0.8027242837012682,0.10181676992048136,382.0,161
Wainberg,8,0.1,0.5,"GoCoGrid-knapk0.5 (grid path, all blocks)",adapt_800_to_775_q0.15,0.1331484073404366,0.09671791644948337,0.2874249087287371,0.10502667742069384,210,396.0,2133.0,623,0.8143459915611815,0.10723860937364497,358.0,92
Wainberg,8,0.1,0.5,"GoCoGrid-knapk2 (grid path, all blocks)",adapt_800_to_775_q0.25,0.40449756671643744,0.0992776741274389,0.29090513908364624,0.1086146892400269,210,396.0,2201.0,640,0.8200817810086325,0.11082662119297802,358.0,111
Wainberg,8,0.1,0.5,"GoCoGrid-knapk4 (grid path, all blocks)",adapt_800_to_775_q0.25,0.4168925994278013,0.09937264088655658,0.2910340982445787,0.10910716144633022,209,395.0,2205.0,642,0.8208616780045351,0.11131909339928134,357.0,110
Wainberg,9,0.1,0.1,"GoCoGrid-oracle (grid path, all blocks)",adapt_800_to_775_q0.4,0.0018528866435135927,0.09168994358801774,0.2787502676574522,0.09931314612061427,214,374.0,2103.0,593,0.8221588207322872,0.10188489721175134,340.0,163
Wainberg,9,0.1,0.1,"GoCoGrid-knapk0.5 (grid path, all blocks)",adapt_800_to_775_q0.175,0.08910605139605937,0.09603658024883224,0.286595907754264,0.1020411009455643,204,358.0,2042.0,605,0.8246816846229187,0.10402681396109688,327.0,76
Wainberg,9,0.1,0.1,"GoCoGrid-knapk2 (grid path, all blocks)",adapt_800_to_775_q0.175,0.02414999292921353,0.09423438914043938,0.28423355500970815,0.09980476401044931,201,350.0,1961.0,593,0.8215196328403875,0.1016013807117461,322.0,42
Wainberg,9,0.1,0.1,"GoCoGrid-knapk4 (grid path, all blocks)",adapt_800_to_775_q0.175,0.029734851974365,0.09448939248395895,0.28463715104893844,0.10006858840892968,200,349.0,1963.0,594,0.8222109016811003,0.10186520511022647,321.0,42
Wainberg,9,0.1,0.5,"GoCoGrid-oracle (grid path, all blocks)",adapt_800_to_775_q0.4,0.0018528866435135927,0.09168994358801774,0.2787502676574522,0.09931314612061427,214,374.0,2103.0,593,0.8221588207322872,0.10188489721175134,340.0,163
Wainberg,9,0.1,0.5,"GoCoGrid-knapk0.5 (grid path, all blocks)",adapt_800_to_775_q0.175,0.08910605139605937,0.09603658024883224,0.286595907754264,0.1020411009455643,204,358.0,2042.0,605,0.8246816846229187,0.10402681396109688,327.0,76
Wainberg,9,0.1,0.5,"GoCoGrid-knapk2 (grid path, all blocks)",adapt_800_to_775_q0.25,0.3918946527076868,0.09918015592379624,0.2908757005437801,0.10447230559265427,204,358.0,2094.0,615,0.8290353390639924,0.10645801860818686,327.0,91
Wainberg,9,0.1,0.5,"GoCoGrid-knapk4 (grid path, all blocks)",adapt_800_to_775_q0.25,0.47457781306252567,0.0998088710581601,0.2917862404578717,0.10464818852707121,203,354.0,2086.0,615,0.8302972195589645,0.10652837178321165,324.0,83
Wainberg,10,0.1,0.1,"GoCoGrid-oracle (grid path, all blocks)",adapt_800_to_775_q0.35,0.03659779559950897,0.09477232841656305,0.28405370406795644,0.08647382408757913,198,359.0,1786.0,546,0.7989921612541994,0.089284433345218,333.0,129
Wainberg,10,0.1,0.1,"GoCoGrid-knapk0.5 (grid path, all blocks)",adapt_800_to_775_q0.125,0.06601511696381315,0.09557991422350376,0.2856930443148504,0.08724422534591994,181,330.0,1579.0,538,0.7910069664344522,0.08934378473629877,308.0,13
Wainberg,10,0.1,0.1,"GoCoGrid-knapk2 (grid path, all blocks)",adapt_800_to_775_q0.075,0.06924406032988746,0.09565025997181362,0.28583361886237685,0.08734975510531208,179,326.0,1582.0,537,0.7939317319848294,0.08934378473629877,305.0,11
Wainberg,10,0.1,0.1,"GoCoGrid-knapk4 (grid path, all blocks)",adapt_800_to_775_q0.05,0.07082561958939086,0.09568383407889004,0.2858997911470545,0.08734975510531208,179,326.0,1570.0,537,0.7923566878980892,0.08934378473629877,305.0,7
Wainberg,10,0.1,0.5,"GoCoGrid-oracle (grid path, all blocks)",adapt_800_to_775_q0.4,0.11773189164012537,0.09652045786607186,0.28551297960326033,0.08776460510610579,199,365.0,1843.0,547,0.801953336950624,0.09053710639577417,339.0,151
Wainberg,10,0.1,0.5,"GoCoGrid-knapk0.5 (grid path, all blocks)",adapt_800_to_775_q0.125,0.06601511696381315,0.09557991422350376,0.2856930443148504,0.08724422534591994,181,330.0,1579.0,538,0.7910069664344522,0.08934378473629877,308.0,13
Wainberg,10,0.1,0.5,"GoCoGrid-knapk2 (grid path, all blocks)",adapt_800_to_775_q0.125,0.22008297518599446,0.0977114665641291,0.2886186165888647,0.0894825128424062,181,332.0,1679.0,547,0.802263251935676,0.09158207223278503,310.0,30
Wainberg,10,0.1,0.5,"GoCoGrid-knapk4 (grid path, all blocks)",adapt_800_to_775_q0.1,0.48690020641618736,0.09990166891607992,0.29146996802215447,0.09165466705446457,181,333.0,1754.0,555,0.8101482326111744,0.09365749083626064,311.0,47
Wainberg,11,0.1,0.1,"GoCoGrid-oracle (grid path, all blocks)",adapt_800_to_775_q0.4,0.0038154754701903524,0.09230927934708369,0.2806211601185574,0.09147923873755538,192,339.0,1806.0,564,0.8122923588039868,0.09416044838081788,309.0,111
Wainberg,11,0.1,0.1,"GoCoGrid-knapk0.5 (grid path, all blocks)",adapt_800_to_775_q0.125,0.08438282202820568,0.09595599038459787,0.2860698605247807,0.09340071349505787,180,324.0,1731.0,560,0.8128249566724437,0.09535259525136336,297.0,39
Wainberg,11,0.1,0.1,"GoCoGrid-knapk2 (grid path, all blocks)",adapt_800_to_775_q0.125,0.06014499372038082,0.09544330386515093,0.28553421603162477,0.0926916540178532,179,322.0,1692.0,556,0.8096926713947991,0.09460484153449963,296.0,23
Wainberg,11,0.1,0.1,"GoCoGrid-knapk4 (grid path, all blocks)",adapt_800_to_775_q0.1,0.05244037541231289,0.09524587674682196,0.2853985757789165,0.0926916540178532,179,322.0,1677.0,556,0.8079904591532499,0.09460484153449963,296.0,18
Wainberg,11,0.1,0.5,"GoCoGrid-oracle (grid path, all blocks)",adapt_800_to_775_q0.4,0.0038154754701903524,0.09230927934708369,0.2806211601185574,0.09147923873755538,192,339.0,1806.0,564,0.8122923588039868,0.09416044838081788,309.0,111
Wainberg,11,0.1,0.5,"GoCoGrid-knapk0.5 (grid path, all blocks)",adapt_800_to_775_q0.175,0.3209269359924176,0.09861648337768328,0.2895780853053047,0.09802023686213854,184,329.0,1846.0,580,0.8217768147345612,0.10017731535744194,299.0,74
Wainberg,11,0.1,0.5,"GoCoGrid-knapk2 (grid path, all blocks)",adapt_800_to_775_q0.2,0.49816145528482797,0.09998619951322711,0.291517195467848,0.09842828526596019,184,329.0,1874.0,582,0.8244397011739595,0.10058536376126359,299.0,77
Wainberg,11,0.1,0.5,"GoCoGrid-knapk4 (grid path, all blocks)",adapt_800_to_775_q0.175,0.2480490174665767,0.09798017322114591,0.2888888713922169,0.0949112966266701,180,324.0,1779.0,566,0.8178752107925801,0.09686317838297559,297.0,43
Wainberg,12,0.1,0.1,"GoCoGrid-oracle (grid path, all blocks)",adapt_800_to_775_q0.4,0.015801686962942648,0.09378662356516977,0.2814152103096682,0.10100285615182315,202,366.0,2084.0,592,0.8243761996161229,0.10325969298990934,332.0,171
Wainberg,12,0.1,0.1,"GoCoGrid-knapk0.5 (grid path, all blocks)",adapt_800_to_775_q0.125,0.018032534133044145,0.09389777514968377,0.283395119982405,0.10185606394917615,190,342.0,1925.0,597,0.8223376623376624,0.10350593717264797,313.0,47
Wainberg,12,0.1,0.1,"GoCoGrid-knapk2 (grid path, all blocks)",adapt_800_to_775_q0.125,0.04956367050178604,0.09516751593482184,0.2852719858027624,0.10203596705837359,190,342.0,1945.0,598,0.8241645244215938,0.1036858402818454,313.0,48
Wainberg,12,0.1,0.1,"GoCoGrid-knapk4 (grid path, all blocks)",adapt_800_to_775_q0.15,0.07305454410674321,0.09572852328553336,0.28610431625928123,0.10309126465229507,190,342.0,1971.0,603,0.8264840182648402,0.10474113787576689,313.0,53
Wainberg,12,0.1,0.5,"GoCoGrid-oracle (grid path, all blocks)",adapt_800_to_775_q0.5,0.34922340482194847,0.09885151751895262,0.288589193822937,0.1052240465275091,202,366.0,2121.0,612,0.8274398868458275,0.10748088336559528,332.0,191
Wainberg,12,0.1,0.5,"GoCoGrid-knapk0.5 (grid path, all blocks)",adapt_800_to_775_q0.15,0.34411726417089306,0.09880423353932082,0.2901111987890357,0.10461852239085533,192,347.0,2022.0,610,0.8283877349159249,0.10649453080583594,316.0,77
Wainberg,12,0.1,0.5,"GoCoGrid-knapk2 (grid path, all blocks)",adapt_800_to_775_q0.175,0.4649083000109178,0.0997363147225085,0.29145115326594817,0.10565271402786633,191,346.0,2054.0,614,0.8315481986368062,0.10731766292406265,316.0,81
Wainberg,12,0.1,0.5,"GoCoGrid-knapk4 (grid path, all blocks)",adapt_800_to_775_q0.15,0.07305454410674321,0.09572852328553336,0.28610431625928123,0.10309126465229507,190,342.0,1971.0,603,0.8264840182648402,0.10474113787576689,313.0,53
Wainberg,13,0.1,0.1,"GoCoGrid-oracle (grid path, all blocks)",adapt_800_to_775_q0.4,4.4083341707240206e-05,0.08889572352479125,0.27569199053378124,0.09666443511107743,198,369.0,1911.0,589,0.8069073783359497,0.09974866794440353,334.0,132
Wainberg,13,0.1,0.1,"GoCoGrid-knapk0.5 (grid path, all blocks)",adapt_800_to_775_q0.2,0.07817788324495567,0.09584121577071404,0.28562660385895844,0.10487018519624873,183,340.0,1948.0,611,0.8254620123203286,0.10686034243750442,311.0,77
Wainberg,13,0.1,0.1,"GoCoGrid-knapk2 (grid path, all blocks)",adapt_800_to_775_q0.25,0.09529651895239333,0.0961542543587119,0.2860446495280526,0.10645854336934132,182,339.0,1990.0,618,0.8296482412060302,0.10844870061059701,310.0,84
Wainberg,13,0.1,0.1,"GoCoGrid-knapk4 (grid path, all blocks)",adapt_800_to_775_q0.225,0.008816386488325006,0.09312821470513127,0.2818793425040614,0.10307779483286425,180,335.0,1901.0,603,0.8237769594950026,0.10507232698333972,307.0,53
Wainberg,13,0.1,0.5,"GoCoGrid-oracle (grid path, all blocks)",adapt_800_to_775_q0.4,4.4083341707240206e-05,0.08889572352479125,0.27569199053378124,0.09666443511107743,198,369.0,1911.0,589,0.8069073783359497,0.09974866794440353,334.0,132
Wainberg,13,0.1,0.5,"GoCoGrid-knapk0.5 (grid path, all blocks)",adapt_800_to_775_q0.25,0.1870245563778879,0.09737374817358362,0.2876152374586472,0.10740596610768126,184,341.0,2007.0,622,0.8300946686596911,0.10939612334893695,312.0,99
Wainberg,13,0.1,0.5,"GoCoGrid-knapk2 (grid path, all blocks)",adapt_800_to_775_q0.3,0.2344314357157078,0.0978538579110658,0.2884411071501228,0.10902643418541032,184,341.0,2039.0,631,0.8327611574301128,0.11108694459540072,311.0,99
Wainberg,13,0.1,0.5,"GoCoGrid-knapk4 (grid path, all blocks)",adapt_800_to_775_q0.3,0.23316615190111983,0.09784179864046606,0.2884177229528368,0.10913079140142531,183,340.0,2040.0,631,0.8333333333333334,0.11118543904420947,310.0,98
Wainberg,14,0.1,0.1,"GoCoGrid-oracle (grid path, all blocks)",adapt_800_to_775_q0.4,0.008102947438856218,0.09307367610845861,0.2804525939833649,0.09655834802058036,205,361.0,1995.0,584,0.819047619047619,0.09884348606990329,332.0,168
Wainberg,14,0.1,0.1,"GoCoGrid-knapk0.5 (grid path, all blocks)",adapt_800_to_775_q0.125,0.04779049561866635,0.09512245449710902,0.2848973409478656,0.10009024484077553,196,337.0,1905.0,601,0.8230971128608924,0.1020226957344868,310.0,62
Wainberg,14,0.1,0.1,"GoCoGrid-knapk2 (grid path, all blocks)",adapt_800_to_775_q0.1,0.058814355868766946,0.09541263071321116,0.28539016581378857,0.09973847897194166,193,334.0,1906.0,597,0.8247639034627492,0.10167092986565292,307.0,57
Wainberg,14,0.1,0.1,"GoCoGrid-knapk4 (grid path, all blocks)",adapt_800_to_775_q0.1,0.05965355110532978,0.09543292275823041,0.28542576698399225,0.09973847897194166,193,334.0,1906.0,597,0.8247639034627492,0.10167092986565292,307.0,57
Wainberg,14,0.1,0.5,"GoCoGrid-oracle (grid path, all blocks)",adapt_800_to_775_q0.4,0.008102947438856218,0.09307367610845861,0.2804525939833649,0.09655834802058036,205,361.0,1995.0,584,0.819047619047619,0.09884348606990329,332.0,168
Wainberg,14,0.1,0.5,"GoCoGrid-knapk0.5 (grid path, all blocks)",adapt_800_to_775_q0.15,0.4026660989692714,0.09926461849872278,0.29047946232464955,0.10180217204729482,197,339.0,1969.0,609,0.8278313864906044,0.10372876017379982,312.0,84
Wainberg,14,0.1,0.5,"GoCoGrid-knapk2 (grid path, all blocks)",adapt_800_to_775_q0.175,0.44462455573698284,0.09958387997641749,0.2909009140506891,0.10166146569724524,196,338.0,1985.0,608,0.8297229219143577,0.10358805382375025,311.0,85
Wainberg,14,0.1,0.5,"GoCoGrid-knapk4 (grid path, all blocks)",adapt_800_to_775_q0.125,0.34636833482981655,0.09882258294352476,0.2900750982302024,0.10109864030962706,193,335.0,1944.0,603,0.8276748971193416,0.10302522843613209,308.0,69
Wainberg,15,0.1,0.1,"GoCoGrid-oracle (grid path, all blocks)",adapt_800_to_775_q0.4,0.019542101716467364,0.09401356569193858,0.28244990762352423,0.09076086540559819,199,351.0,1853.0,554,0.8105774419859687,0.09321242220206018,323.0,153
Wainberg,15,0.1,0.1,"GoCoGrid-knapk0.5 (grid path, all blocks)",adapt_800_to_775_q0.175,0.07003013835335196,0.09566677938228897,0.2858824034623951,0.09264725685408971,184,324.0,1713.0,557,0.8108581436077058,0.09413673401621134,304.0,37
Wainberg,15,0.1,0.1,"GoCoGrid-knapk2 (grid path, all blocks)",adapt_800_to_775_q0.2,0.06595183937883707,0.09557553546374843,0.28588243645181605,0.09294977550480929,184,323.0,1729.0,558,0.8131868131868132,0.0944251820268939,303.0,39
Wainberg,15,0.1,0.1,"GoCoGrid-knapk4 (grid path, all blocks)",adapt_800_to_775_q0.2,0.07544391728348092,0.09577777949524942,0.28615424335237283,0.09326636478298572,184,322.0,1738.0,560,0.8147295742232451,0.09474177130507035,302.0,40
Wainberg,15,0.1,0.5,"GoCoGrid-oracle (grid path, all blocks)",adapt_800_to_775_q0.5,0.3895054170422908,0.09916748053176978,0.2888213510297322,0.09516296395461939,201,353.0,1900.0,570,0.8142105263157895,0.09773763879951217,323.0,178
Wainberg,15,0.1,0.5,"GoCoGrid-knapk0.5 (grid path, all blocks)",adapt_800_to_775_q0.225,0.3851617745861764,0.09912898363733236,0.2904361939052844,0.09569388424522417,186,327.0,1833.0,570,0.8216039279869067,0.09719567320715682,306.0,72
Wainberg,15,0.1,0.5,"GoCoGrid-knapk2 (grid path, all blocks)",adapt_800_to_775_q0.25,0.41254867025179626,0.09934002088540665,0.29072725298072716,0.09653812232036135,186,327.0,1857.0,574,0.8239095315024233,0.098039911282294,306.0,77
Wainberg,15,0.1,0.5,"GoCoGrid-knapk4 (grid path, all blocks)",adapt_800_to_775_q0.275,0.25627964553418336,0.09805495477249769,0.2891466185616598,0.09571113753804379,186,325.0,1818.0,571,0.8212321232123212,0.09721292649997644,304.0,62
Wainberg,16,0.1,0.1,"GoCoGrid-oracle (grid path, all blocks)",adapt_800_to_775_q0.4,0.009352578655821403,0.09321129732907063,0.28106317530239056,0.09388519299274359,188,323.0,1938.0,560,0.8333333333333334,0.09625476243036515,292.0,165
Wainberg,16,0.1,0.1,"GoCoGrid-knapk0.5 (grid path, all blocks)",adapt_800_to_775_q0.15,0.036064670786689554,0.0947509862178298,0.2841520531624864,0.09604806618418257,174,297.0,1774.0,564,0.8325817361894025,0.09797348934054727,271.0,45
Wainberg,16,0.1,0.1,"GoCoGrid-knapk2 (grid path, all blocks)",adapt_800_to_775_q0.175,0.043187716759538655,0.09498840312191337,0.2845045154859388,0.09692161808277092,174,297.0,1800.0,568,0.835,0.09884704123913562,271.0,49
Wainberg,16,0.1,0.1,"GoCoGrid-knapk4 (grid path, all blocks)",adapt_800_to_775_q0.175,0.08016457378821562,0.09588003550005875,0.28567517599714676,0.09691156763009454,174,297.0,1822.0,568,0.8369923161361141,0.09883699078645923,271.0,51
Wainberg,16,0.1,0.5,"GoCoGrid-oracle (grid path, all blocks)",adapt_800_to_775_q0.4,0.009352578655821403,0.09321129732907063,0.28106317530239056,0.09388519299274359,188,323.0,1938.0,560,0.8333333333333334,0.09625476243036515,292.0,165
Wainberg,16,0.1,0.5,"GoCoGrid-knapk0.5 (grid path, all blocks)",adapt_800_to_775_q0.2,0.36440033640356384,0.09896805626082247,0.2897416187091626,0.10037777100486461,178,304.0,1892.0,584,0.8393234672304439,0.10236768456275779,277.0,80
Wainberg,16,0.1,0.5,"GoCoGrid-knapk2 (grid path, all blocks)",adapt_800_to_775_q0.225,0.4791686625673533,0.09984386084158862,0.2909662978459547,0.10060695180753557,178,303.0,1911.0,585,0.8414442700156985,0.10259686536542874,276.0,82
Wainberg,16,0.1,0.5,"GoCoGrid-knapk4 (grid path, all blocks)",adapt_800_to_775_q0.2,0.1250130107118858,0.09661257825732873,0.2866809331695253,0.09733368666766312,174,297.0,1837.0,570,0.8383233532934131,0.09925910982402783,271.0,55
Wainberg,17,0.1,0.1,"GoCoGrid-oracle (grid path, all blocks)",adapt_800_to_775_q0.4,0.013103904645969907,0.09358662759168397,0.2808402061303035,0.09504849121207273,198,367.0,1985.0,568,0.8151133501259445,0.09759502478632659,339.0,155
Wainberg,17,0.1,0.1,"GoCoGrid-knapk0.5 (grid path, all blocks)",adapt_800_to_775_q0.15,0.04984298575733568,0.09518262277119167,0.2848502184755824,0.0974223018793327,186,344.0,1866.0,574,0.8156484458735263,0.09915744857025227,318.0,44
Wainberg,17,0.1,0.1,"GoCoGrid-knapk2 (grid path, all blocks)",adapt_800_to_775_q0.175,0.07423842229040092,0.0957588716968776,0.28573884823540874,0.09894427552240566,186,344.0,1915.0,581,0.8203655352480418,0.10057623755798505,319.0,49
Wainberg,17,0.1,0.1,"GoCoGrid-knapk4 (grid path, all blocks)",adapt_800_to_775_q0.175,0.06921584834041448,0.09565335307284047,0.28558951017403,0.09894427552240566,186,344.0,1915.0,581,0.8203655352480418,0.10057623755798505,319.0,49
Wainberg,17,0.1,0.5,"GoCoGrid-oracle (grid path, all blocks)",adapt_800_to_775_q0.4,0.013103904645969907,0.09358662759168397,0.2808402061303035,0.09504849121207273,198,367.0,1985.0,568,0.8151133501259445,0.09759502478632659,339.0,155
Wainberg,17,0.1,0.5,"GoCoGrid-knapk0.5 (grid path, all blocks)",adapt_800_to_775_q0.2,0.25529089218963635,0.09804879333967396,0.28870722760917544,0.10135958666424552,187,348.0,1975.0,592,0.8237974683544304,0.10309287106854949,322.0,76
Wainberg,17,0.1,0.5,"GoCoGrid-knapk2 (grid path, all blocks)",adapt_800_to_775_q0.275,0.4963682595519056,0.09997274958000564,0.2914056075757029,0.10334957641368175,187,348.0,2019.0,601,0.8276374442793462,0.10508286081798572,322.0,85
Wainberg,17,0.1,0.5,"GoCoGrid-knapk4 (grid path, all blocks)",adapt_800_to_775_q0.25,0.4714478518780783,0.09978574712976847,0.291180375265353,0.10333081556711332,187,347.0,2016.0,601,0.8278769841269841,0.10496091531607711,322.0,82
Wainberg,18,0.1,0.1,"GoCoGrid-oracle (grid path, all blocks)",adapt_800_to_775_q0.5,0.0035695405865063326,0.09226492762571903,0.2798990176099199,0.09406987633343838,208,417.0,1970.0,576,0.7883248730964467,0.0976165137766735,382.0,147
Wainberg,18,0.1,0.1,"GoCoGrid-knapk0.5 (grid path, all blocks)",adapt_800_to_775_q0.225,0.0961432552717581,0.09616231984059193,0.2865354260958395,0.09893853850615533,196,390.0,1913.0,593,0.796131730266597,0.10200794691234864,356.0,69
Wainberg,18,0.1,0.1,"GoCoGrid-knapk2 (grid path, all blocks)",adapt_800_to_775_q0.2,0.02287592334384589,0.09417379623200554,0.28392011091100083,0.09618421176463403,196,388.0,1848.0,583,0.79004329004329,0.09920085529742134,355.0,40
Wainberg,18,0.1,0.1,"GoCoGrid-knapk4 (grid path, all blocks)",adapt_800_to_775_q0.2,0.062387833125162426,0.09549277903246983,0.2858423077250668,0.09706903821263901,196,388.0,1869.0,587,0.792402354200107,0.10008568174542631,355.0,44
Wainberg,18,0.1,0.5,"GoCoGrid-oracle (grid path, all blocks)",adapt_800_to_775_q0.6,0.3546507230517111,0.09889400957398517,0.2888134330305347,0.10058675776835281,211,421.0,2044.0,601,0.7940313111545988,0.10406890479747934,384.0,182
Wainberg,18,0.1,0.5,"GoCoGrid-knapk0.5 (grid path, all blocks)",adapt_800_to_775_q0.275,0.3501185508646711,0.0988524851761778,0.2901566560897826,0.10205166640822372,200,402.0,2000.0,608,0.799,0.10512107481441703,368.0,105
Wainberg,18,0.1,0.5,"GoCoGrid-knapk2 (grid path, all blocks)",adapt_800_to_775_q0.3,0.26614287050844115,0.0981443113254019,0.2892635981015266,0.10022789569011012,197,390.0,1962.0,599,0.8012232415902141,0.10329730409630344,356.0,76
Wainberg,18,0.1,0.5,"GoCoGrid-knapk4 (grid path, all blocks)",adapt_800_to_775_q0.3,0.4046246656517801,0.09927863653380119,0.2909123183479583,0.10086107424646301,197,390.0,1977.0,602,0.802731411229135,0.10393048265265634,356.0,79
Wainberg,19,0.1,0.1,"GoCoGrid-oracle (grid path, all blocks)",adapt_800_to_775_q0.5,0.03441347323381661,0.09471947354890255,0.2825190288613674,0.10356620930012594,201,370.0,2104.0,614,0.8241444866920152,0.1054527631140349,339.0,187
Wainberg,19,0.1,0.1,"GoCoGrid-knapk0.5 (grid path, all blocks)",adapt_800_to_775_q0.225,0.06407480862652483,0.0955460164843386,0.2849898531635254,0.10602856097831763,182,341.0,2037.0,622,0.8325969563082966,0.10739030073832842,315.0,86
Wainberg,19,0.1,0.1,"GoCoGrid-knapk2 (grid path, all blocks)",adapt_800_to_775_q0.225,0.09223686621072497,0.0961041758343038,0.28577832420972216,0.10579215454660221,182,340.0,2027.0,621,0.8322644301924026,0.10715766322479413,314.0,77
Wainberg,19,0.1,0.1,"GoCoGrid-knapk4 (grid path, all blocks)",adapt_800_to_775_q0.225,0.09117786919604876,0.0960840770499709,0.28586738192926253,0.10559516566156485,182,339.0,2018.0,620,0.83201189296333,0.10696067433975678,313.0,72
Wainberg,19,0.1,0.5,"GoCoGrid-oracle (grid path, all blocks)",adapt_800_to_775_q0.5,0.03441347323381661,0.09471947354890255,0.2825190288613674,0.10356620930012594,201,370.0,2104.0,614,0.8241444866920152,0.1054527631140349,339.0,187
Wainberg,19,0.1,0.5,"GoCoGrid-knapk0.5 (grid path, all blocks)",adapt_800_to_775_q0.25,0.4925022478134434,0.09994381874755702,0.2909914787473747,0.1092700834148994,185,349.0,2098.0,638,0.8336510962821735,0.11063182317491019,323.0,115
Wainberg,19,0.1,0.5,"GoCoGrid-knapk2 (grid path, all blocks)",adapt_800_to_775_q0.275,0.14195238172744779,0.0968428062025638,0.2868193934446911,0.10701454092413124,183,341.0,2047.0,627,0.8334147532975086,0.10844663385287676,314.0,86
Wainberg,19,0.1,0.5,"GoCoGrid-knapk4 (grid path, all blocks)",adapt_800_to_775_q0.3,0.20669680206626534,0.0975814365708238,0.2878548022427316,0.10787929868449034,183,341.0,2063.0,631,0.8347067377605429,0.10930343500329452,314.0,89
Wainberg,20,0.1,0.1,"GoCoGrid-oracle (grid path, all blocks)",adapt_800_to_775_q0.5,0.0314516266977378,0.09460479880833382,0.2823965550940482,0.09465410944377887,196,338.0,1908.0,563,0.8228511530398323,0.09577993530923176,320.0,170
Wainberg,20,0.1,0.1,"GoCoGrid-knapk0.5 (grid path, all blocks)",adapt_800_to_775_q0.2,0.041381570093530266,0.09493205825355695,0.28438005713479014,0.09367589751292302,177,305.0,1731.0,554,0.8238012709416522,0.09473564165360115,288.0,45
Wainberg,20,0.1,0.1,"GoCoGrid-knapk2 (grid path, all blocks)",adapt_800_to_775_q0.225,0.08605502050780167,0.09599076178433133,0.2858379329557564,0.09427931126711891,176,303.0,1763.0,556,0.8281338627339762,0.09533905540779705,286.0,48
Wainberg,20,0.1,0.1,"GoCoGrid-knapk4 (grid path, all blocks)",adapt_800_to_775_q0.15,0.06235823860999261,0.09550010018507438,0.2853332085789355,0.09436725273747242,174,301.0,1758.0,556,0.8287827076222981,0.09542699687815055,284.0,45
Wainberg,20,0.1,0.5,"GoCoGrid-oracle (grid path, all blocks)",adapt_800_to_775_q0.5,0.0314516266977378,0.09460479880833382,0.2823965550940482,0.09465410944377887,196,338.0,1908.0,563,0.8228511530398323,0.09577993530923176,320.0,170
Wainberg,20,0.1,0.5,"GoCoGrid-knapk0.5 (grid path, all blocks)",adapt_800_to_775_q0.25,0.353345378079639,0.0988800177374029,0.2897393741815294,0.09612474200241472,179,310.0,1824.0,565,0.8300438596491229,0.09718448614309286,293.0,74
Wainberg,20,0.1,0.5,"GoCoGrid-knapk2 (grid path, all blocks)",adapt_800_to_775_q0.275,0.4815061671102695,0.0998613409390615,0.2910792141065639,0.09652977527672352,179,310.0,1845.0,567,0.8319783197831978,0.09758951941740165,293.0,76
Wainberg,20,0.1,0.5,"GoCoGrid-knapk4 (grid path, all blocks)",adapt_800_to_775_q0.25,0.48961897816017114,0.09992213977110263,0.2912541067649756,0.09654736357205224,176,306.0,1836.0,566,0.8333333333333334,0.09760710771273037,289.0,71
Wainberg,21,0.1,0.1,"GoCoGrid-oracle (grid path, all blocks)",adapt_800_to_775_q0.4,0.04663002822544315,0.09510127431332241,0.2841261313186042,0.0922793523169057,198,366.0,1907.0,562,0.8080755112742527,0.09459874563865794,336.0,143
Wainberg,21,0.1,0.1,"GoCoGrid-knapk0.5 (grid path, all blocks)",adapt_800_to_775_q0.1,0.05968168946704507,0.09542899967180195,0.2857144612388081,0.09170677724859291,181,337.0,1607.0,556,0.790292470441817,0.09380204548195174,312.0,6
Wainberg,21,0.1,0.1,"GoCoGrid-knapk2 (grid path, all blocks)",adapt_800_to_775_q0.075,0.06474189733570612,0.09554819940146457,0.2858456947641519,0.09196154100827499,177,333.0,1642.0,553,0.797198538367844,0.09395127948224168,309.0,6
Wainberg,21,0.1,0.1,"GoCoGrid-knapk4 (grid path, all blocks)",adapt_800_to_775_q0.03,0.09800917305720891,0.09619115117630325,0.28677264872386204,0.09202485886642629,177,334.0,1664.0,553,0.7992788461538461,0.09401459734039298,310.0,9
Wainberg,21,0.1,0.5,"GoCoGrid-oracle (grid path, all blocks)",adapt_800_to_775_q0.4,0.04663002822544315,0.09510127431332241,0.2841261313186042,0.0922793523169057,198,366.0,1907.0,562,0.8080755112742527,0.09459874563865794,336.0,143
Wainberg,21,0.1,0.5,"GoCoGrid-knapk0.5 (grid path, all blocks)",adapt_800_to_775_q0.15,0.33018913769812586,0.09869152385577555,0.28990127908818697,0.0933987977145945,187,347.0,1745.0,564,0.8011461318051576,0.09558024857808085,319.0,35
Wainberg,21,0.1,0.5,"GoCoGrid-knapk2 (grid path, all blocks)",adapt_800_to_775_q0.2,0.4592717004041507,0.0996939507841284,0.29132918024007803,0.09425358876818693,188,349.0,1787.0,568,0.8047006155567991,0.09648780451136936,320.0,42
Wainberg,21,0.1,0.5,"GoCoGrid-knapk4 (grid path, all blocks)",adapt_800_to_775_q0.175,0.4485493071302397,0.09961312081496952,0.29121943500747777,0.09414805900879478,184,345.0,1779.0,564,0.806070826306914,0.09627674499258505,317.0,36
Wainberg,22,0.1,0.1,"GoCoGrid-oracle (grid path, all blocks)",adapt_800_to_775_q0.5,0.00596317084733634,0.09276298711455119,0.2802043514800041,0.0982532028428056,213,371.0,1982.0,595,0.8128153380423815,0.1007753640583116,344.0,164
Wainberg,22,0.1,0.1,"GoCoGrid-knapk0.5 (grid path, all blocks)",adapt_800_to_775_q0.175,0.005617785910475818,0.09266270870782913,0.2817372887448086,0.0971349559727476,194,341.0,1790.0,585,0.8094972067039106,0.09864941145635044,320.0,28
Wainberg,22,0.1,0.1,"GoCoGrid-knapk2 (grid path, all blocks)",adapt_800_to_775_q0.2,0.03430332912514675,0.0946779308387206,0.2845153465513479,0.09920861574857735,194,342.0,1866.0,594,0.8167202572347267,0.10070900059214319,321.0,44
Wainberg,22,0.1,0.1,"GoCoGrid-knapk4 (grid path, all blocks)",adapt_800_to_775_q0.225,0.07385628877323842,0.09574630690709666,0.28604572612725077,0.10010561870341061,193,341.0,1880.0,598,0.8186170212765957,0.10160600354697645,320.0,47
Wainberg,22,0.1,0.5,"GoCoGrid-oracle (grid path, all blocks)",adapt_800_to_775_q0.5,0.00596317084733634,0.09276298711455119,0.2802043514800041,0.0982532028428056,213,371.0,1982.0,595,0.8128153380423815,0.1007753640583116,344.0,164
Wainberg,22,0.1,0.5,"GoCoGrid-knapk0.5 (grid path, all blocks)",adapt_800_to_775_q0.225,0.27776370781785975,0.09824758553534504,0.2893943925755274,0.10285946260076276,195,345.0,1960.0,611,0.8239795918367347,0.10435212239050674,324.0,78
Wainberg,22,0.1,0.5,"GoCoGrid-knapk2 (grid path, all blocks)",adapt_800_to_775_q0.25,0.35481982917813626,0.0988897417388071,0.2902817028167646,0.10351374711402613,195,344.0,1974.0,614,0.8257345491388045,0.10500640690377011,323.0,79
Wainberg,22,0.1,0.5,"GoCoGrid-knapk4 (grid path, all blocks)",adapt_800_to_775_q0.275,0.4798271135072324,0.09984846904101824,0.2916041034854394,0.1049911637455162,195,344.0,1998.0,621,0.8278278278278278,0.10648382353526019,323.0,86
Wainberg,23,0.1,0.1,"GoCoGrid-oracle (grid path, all blocks)",adapt_800_to_775_q0.4,0.007311862444084603,0.09295346825714289,0.2809586631559292,0.09480983965215224,200,375.0,1991.0,575,0.8116524359618282,0.09724691465226544,345.0,162
Wainberg,23,0.1,0.1,"GoCoGrid-knapk0.5 (grid path, all blocks)",adapt_800_to_775_q0.15,0.012881047596412258,0.09351973419179013,0.28292177365028753,0.09689935173803163,187,355.0,1840.0,580,0.8070652173913043,0.09854453478170477,329.0,43
Wainberg,23,0.1,0.1,"GoCoGrid-knapk2 (grid path, all blocks)",adapt_800_to_775_q0.15,0.050371046816399576,0.09519082259465789,0.2852509610553299,0.09801696213854673,185,352.0,1891.0,583,0.8138551031200423,0.09945108566343558,328.0,47
Wainberg,23,0.1,0.1,"GoCoGrid-knapk4 (grid path, all blocks)",adapt_800_to_775_q0.15,0.05863024418523336,0.09540537713313513,0.2855545837758513,0.09843908117611531,185,352.0,1903.0,585,0.815028901734104,0.09987320470100418,328.0,50
Wainberg,23,0.1,0.5,"GoCoGrid-oracle (grid path, all blocks)",adapt_800_to_775_q0.4,0.007311862444084603,0.09295346825714289,0.2809586631559292,0.09480983965215224,200,375.0,1991.0,575,0.8116524359618282,0.09724691465226544,345.0,162
Wainberg,23,0.1,0.5,"GoCoGrid-knapk0.5 (grid path, all blocks)",adapt_800_to_775_q0.2,0.28504433220660713,0.09831262840583277,0.2892399684263346,0.10033627174583956,189,358.0,1970.0,596,0.8182741116751269,0.10204594519104118,331.0,79
Wainberg,23,0.1,0.5,"GoCoGrid-knapk2 (grid path, all blocks)",adapt_800_to_775_q0.275,0.4930955886903347,0.09994816707840848,0.2915431605535996,0.10323834012912365,189,358.0,2028.0,609,0.8234714003944773,0.10494801357432527,331.0,93
Wainberg,23,0.1,0.5,"GoCoGrid-knapk4 (grid path, all blocks)",adapt_800_to_775_q0.225,0.4645355680004649,0.09973361254622064,0.2913352609331429,0.10311873973598457,186,354.0,2018.0,606,0.8245787908820614,0.10461735366240188,329.0,86
Wainberg,24,0.1,0.1,"GoCoGrid-oracle (grid path, all blocks)",adapt_800_to_775_q0.4,0.0025465310171467006,0.09191545680396426,0.28097272607349166,0.08898178251824232,203,364.0,1766.0,556,0.7938844847112118,0.09207581452563021,327.0,113
Wainberg,24,0.1,0.1,"GoCoGrid-knapk0.5 (grid path, all blocks)",adapt_800_to_775_q0.175,0.043883466534524095,0.09498818517926248,0.28577318458656326,0.09187399069340282,195,349.0,1680.0,562,0.7922619047619047,0.09427060499164615,318.0,33
Wainberg,24,0.1,0.1,"GoCoGrid-knapk2 (grid path, all blocks)",adapt_800_to_775_q0.15,0.04693296955471124,0.09507799020727513,0.2860044810831247,0.09151753461961004,195,347.0,1680.0,560,0.7934523809523809,0.09391649402976791,316.0,28
Wainberg,24,0.1,0.1,"GoCoGrid-knapk4 (grid path, all blocks)",adapt_800_to_775_q0.1,0.055552411935151265,0.09531371611022768,0.28633930379380457,0.09165824096336954,194,343.0,1676.0,560,0.795346062052506,0.09405720037352742,312.0,26
Wainberg,24,0.1,0.5,"GoCoGrid-oracle (grid path, all blocks)",adapt_800_to_775_q0.5,0.19515371153640604,0.09746709452930025,0.2870324068922091,0.09349063186013482,207,372.0,1878.0,569,0.8019169329073482,0.09666967394798302,333.0,155
Wainberg,24,0.1,0.5,"GoCoGrid-knapk0.5 (grid path, all blocks)",adapt_800_to_775_q0.225,0.4892106083730719,0.09991879636531667,0.29226113369548046,0.09632927287211142,198,352.0,1817.0,583,0.806274078150798,0.09875201834888588,320.0,75
Wainberg,24,0.1,0.5,"GoCoGrid-knapk2 (grid path, all blocks)",adapt_800_to_775_q0.175,0.12057050495041882,0.09653446990106256,0.28782318435932996,0.09381456571403513,197,349.0,1742.0,571,0.7996555683122847,0.09618714268434496,318.0,44
Wainberg,24,0.1,0.5,"GoCoGrid-knapk4 (grid path, all blocks)",adapt_800_to_775_q0.2,0.44077744064806895,0.0995533173457472,0.2918454125884286,0.09552063015963821,198,350.0,1797.0,579,0.805230940456316,0.09795183477056031,318.0,60
Wainberg,25,0.1,0.1,"GoCoGrid-oracle (grid path, all blocks)",adapt_800_to_775_q0.4,0.0035100000611548382,0.09222049110673129,0.2809213903535326,0.08834844976097483,193,362.0,1829.0,544,0.8020776380535812,0.09063961807561353,333.0,132
Wainberg,25,0.1,0.1,"GoCoGrid-knapk0.5 (grid path, all blocks)",adapt_800_to_775_q0.15,0.024749441647445584,0.09426966424722064,0.2839974926349066,0.09076413462223912,175,332.0,1700.0,544,0.8047058823529412,0.09250210924722717,308.0,25
Wainberg,25,0.1,0.1,"GoCoGrid-knapk2 (grid path, all blocks)",adapt_800_to_775_q0.15,0.03044908197001607,0.09452470947342784,0.2843929131951022,0.0922439479064267,175,333.0,1743.0,551,0.8089500860585198,0.09401709910949206,308.0,32
Wainberg,25,0.1,0.1,"GoCoGrid-knapk4 (grid path, all blocks)",adapt_800_to_775_q0.075,0.03535966109375747,0.09471549567708212,0.28465270702176565,0.09210324155637714,174,332.0,1740.0,550,0.8091954022988506,0.09387639275944248,307.0,31
Wainberg,25,0.1,0.5,"GoCoGrid-oracle (grid path, all blocks)",adapt_800_to_775_q0.5,0.193959184374892,0.09745838450104977,0.2865721411268156,0.09238893581800392,199,368.0,1896.0,558,0.8059071729957806,0.0948471929099601,336.0,163
Wainberg,25,0.1,0.5,"GoCoGrid-knapk0.5 (grid path, all blocks)",adapt_800_to_775_q0.175,0.1267971254804614,0.09663237008984814,0.28715870518145004,0.09298818398057886,178,337.0,1791.0,555,0.8118369625907315,0.09477716464503701,311.0,45
Wainberg,25,0.1,0.5,"GoCoGrid-knapk2 (grid path, all blocks)",adapt_800_to_775_q0.2,0.3582004550201463,0.09891684830638443,0.2902628947946271,0.09699412715201038,181,340.0,1872.0,574,0.8183760683760684,0.09884759821799698,313.0,70
Wainberg,25,0.1,0.5,"GoCoGrid-knapk4 (grid path, all blocks)",adapt_800_to_775_q0.2,0.21619221130763022,0.09767231475445896,0.2886189173858971,0.09347060573420579,181,340.0,1810.0,558,0.8121546961325967,0.09531235127836,313.0,49
Wainberg,26,0.1,0.1,"GoCoGrid-oracle (grid path, all blocks)",adapt_800_to_775_q0.4,0.002232886779348751,0.09182574163575559,0.2798791941854052,0.09017949285274218,195,383.0,1938.0,552,0.8023735810113519,0.09235725855968228,350.0,130
Wainberg,26,0.1,0.1,"GoCoGrid-knapk0.5 (grid path, all blocks)",adapt_800_to_775_q0.175,0.06974103775001343,0.09566802593195528,0.2853832037848344,0.09513543987605028,187,368.0,1908.0,568,0.8071278825995807,0.09669920664363996,339.0,56
Wainberg,26,0.1,0.1,"GoCoGrid-knapk2 (grid path, all blocks)",adapt_800_to_775_q0.175,0.09060256560205732,0.09607075534661108,0.28608539250504295,0.09478719167508823,184,365.0,1897.0,565,0.8075909330521877,0.09635095844267792,336.0,49
Wainberg,26,0.1,0.1,"GoCoGrid-knapk4 (grid path, all blocks)",adapt_800_to_775_q0.125,0.08213877582821022,0.09591518301613863,0.2859134450726017,0.09478719167508823,183,364.0,1894.0,564,0.8078141499472017,0.09613989892389363,336.0,47
Wainberg,26,0.1,0.5,"GoCoGrid-oracle (grid path, all blocks)",adapt_800_to_775_q0.5,0.22817620984499437,0.09780984431256771,0.2862410899451572,0.09581049534528756,197,386.0,2037.0,571,0.810505645557192,0.09795182815341318,352.0,167
Wainberg,26,0.1,0.5,"GoCoGrid-knapk0.5 (grid path, all blocks)",adapt_800_to_775_q0.225,0.4561278326176265,0.09967102176110126,0.2906333061966203,0.09912362726033364,189,372.0,2027.0,586,0.8164775530340405,0.10075774719665805,342.0,95
Wainberg,26,0.1,0.5,"GoCoGrid-knapk2 (grid path, all blocks)",adapt_800_to_775_q0.225,0.46835238220749575,0.09976267678942423,0.2909299437161127,0.09881608338956593,188,370.0,2015.0,584,0.8163771712158809,0.10045020332589034,340.0,88
Wainberg,26,0.1,0.5,"GoCoGrid-knapk4 (grid path, all blocks)",adapt_800_to_775_q0.2,0.18091118548766583,0.09730451156805749,0.28775747239696337,0.09537363562335088,185,366.0,1921.0,568,0.8094742321707444,0.09693740239094058,337.0,55
Wainberg,27,0.1,0.1,"GoCoGrid-oracle (grid path, all blocks)",adapt_800_to_775_q0.35,0.02015977449323136,0.09404941546277959,0.2825164477797649,0.08884374103235665,217,365.0,1878.0,560,0.8056443024494143,0.09205712220458956,335.0,159
Wainberg,27,0.1,0.1,"GoCoGrid-knapk0.5 (grid path, all blocks)",adapt_800_to_775_q0.075,0.011834914179818261,0.09342439272593783,0.2829391092060218,0.08930206898271208,194,323.0,1606.0,552,0.798879202988792,0.09175984329339974,300.0,12
Wainberg,27,0.1,0.1,"GoCoGrid-knapk2 (grid path, all blocks)",adapt_800_to_775_q0.1,0.06981701782500577,0.09566067573254253,0.28597720249743525,0.09080276917862762,194,334.0,1709.0,557,0.8045640725570509,0.09303893099207575,309.0,31
Wainberg,27,0.1,0.1,"GoCoGrid-knapk4 (grid path, all blocks)",adapt_800_to_775_q0.075,0.02068046705970278,0.09405356846137353,0.2837816888859513,0.08880959677640876,192,324.0,1630.0,549,0.8012269938650307,0.0911090764480082,301.0,9
Wainberg,27,0.1,0.5,"GoCoGrid-oracle (grid path, all blocks)",adapt_800_to_775_q0.4,0.32286973770193717,0.09863905689158343,0.2882115038969356,0.09379409182205035,221,372.0,1950.0,576,0.8092307692307692,0.09685621366577844,339.0,189
Wainberg,27,0.1,0.5,"GoCoGrid-knapk0.5 (grid path, all blocks)",adapt_800_to_775_q0.15,0.44050416440167783,0.09955254203174214,0.2909991373799395,0.09578355328475135,199,340.0,1843.0,581,0.8155181768855128,0.09820546126154316,312.0,73
Wainberg,27,0.1,0.5,"GoCoGrid-knapk2 (grid path, all blocks)",adapt_800_to_775_q0.175,0.4825613391253055,0.09986909790385357,0.29143425628575753,0.09662723594725309,199,340.0,1860.0,585,0.8172043010752689,0.09904914392404487,312.0,75
Wainberg,27,0.1,0.5,"GoCoGrid-knapk4 (grid path, all blocks)",adapt_800_to_775_q0.15,0.19595398567943534,0.09746448376079495,0.28830070124429336,0.09244405007427782,196,335.0,1766.0,565,0.8103057757644394,0.09462744700802987,310.0,42
Wainberg,28,0.1,0.1,"GoCoGrid-oracle (grid path, all blocks)",adapt_800_to_775_q0.5,0.08658080610257318,0.09601356421195469,0.284909188031606,0.10156504390938165,210,404.0,2066.0,609,0.8044530493707648,0.10463269349893672,370.0,190
Wainberg,28,0.1,0.1,"GoCoGrid-knapk0.5 (grid path, all blocks)",adapt_800_to_775_q0.125,0.026826556887762833,0.09436451392758304,0.2843109140819888,0.09813779074527282,194,372.0,1837.0,591,0.7974959172563963,0.10036487454362135,345.0,38
Wainberg,28,0.1,0.1,"GoCoGrid-knapk2 (grid path, all blocks)",adapt_800_to_775_q0.15,0.0673879534356477,0.09560435776001946,0.2861293108625316,0.09925830031797422,195,371.0,1872.0,596,0.8018162393162394,0.1013798543569306,345.0,41
Wainberg,28,0.1,0.1,"GoCoGrid-knapk4 (grid path, all blocks)",adapt_800_to_775_q0.15,0.07208054436495911,0.09570409798198855,0.28635008804938406,0.09928820041940402,193,368.0,1868.0,596,0.8029978586723768,0.1014097544583604,342.0,38
Wainberg,28,0.1,0.5,"GoCoGrid-oracle (grid path, all blocks)",adapt_800_to_775_q0.5,0.08658080610257318,0.09601356421195469,0.284909188031606,0.10156504390938165,210,404.0,2066.0,609,0.8044530493707648,0.10463269349893672,370.0,190
Wainberg,28,0.1,0.5,"GoCoGrid-knapk0.5 (grid path, all blocks)",adapt_800_to_775_q0.175,0.42147155403712266,0.099407727806625,0.29100862214674084,0.10170768715563883,196,377.0,1954.0,608,0.8070624360286591,0.1040201997954466,348.0,73
Wainberg,28,0.1,0.5,"GoCoGrid-knapk2 (grid path, all blocks)",adapt_800_to_775_q0.2,0.44808647379760846,0.09960954325953478,0.29127731292932846,0.10217025926051235,196,375.0,1975.0,610,0.810126582278481,0.10448277190032011,346.0,75
Wainberg,28,0.1,0.5,"GoCoGrid-knapk4 (grid path, all blocks)",adapt_800_to_775_q0.2,0.49530556814747956,0.09996471540046993,0.2919023806443043,0.1024200130189557,194,371.0,1974.0,611,0.8120567375886525,0.10462699589937133,343.0,73
Wainberg,29,0.1,0.1,"GoCoGrid-oracle (grid path, all blocks)",adapt_800_to_775_q0.4,0.01397572629448285,0.09363989726808034,0.2816945140184019,0.09662571085837884,211,385.0,1914.0,584,0.7988505747126436,0.09926036102465308,352.0,139
Wainberg,29,0.1,0.1,"GoCoGrid-knapk0.5 (grid path, all blocks)",adapt_800_to_775_q0.125,0.009929430389865814,0.09323342205024765,0.28283576100366753,0.09646544889332676,193,353.0,1712.0,580,0.7938084112149533,0.09879222017846162,323.0,17
Wainberg,29,0.1,0.1,"GoCoGrid-knapk2 (grid path, all blocks)",adapt_800_to_775_q0.125,0.018750613734559805,0.09393222408794308,0.2839528935440353,0.09730675558486081,194,355.0,1755.0,584,0.7977207977207977,0.09958662475750586,325.0,24
Wainberg,29,0.1,0.1,"GoCoGrid-knapk4 (grid path, all blocks)",adapt_800_to_775_q0.125,0.046915912845584856,0.09508508269930485,0.2855626985156245,0.097793365036538,194,358.0,1784.0,585,0.7993273542600897,0.09989735126847604,328.0,29
Wainberg,29,0.1,0.5,"GoCoGrid-oracle (grid path, all blocks)",adapt_800_to_775_q0.4,0.01397572629448285,0.09363989726808034,0.2816945140184019,0.09662571085837884,211,385.0,1914.0,584,0.7988505747126436,0.09926036102465308,352.0,139
Wainberg,29,0.1,0.5,"GoCoGrid-knapk0.5 (grid path, all blocks)",adapt_800_to_775_q0.2,0.35552389308939736,0.09889505145399331,0.29036801743388896,0.10055254948741779,199,366.0,1881.0,599,0.8054226475279107,0.10286759523814014,335.0,60
Wainberg,29,0.1,0.5,"GoCoGrid-knapk2 (grid path, all blocks)",adapt_800_to_775_q0.225,0.4778287304156624,0.0998334135088574,0.29165604334049244,0.10120582894912346,199,365.0,1897.0,602,0.8075909330521877,0.1035208746998458,334.0,62
Wainberg,29,0.1,0.5,"GoCoGrid-knapk4 (grid path, all blocks)",adapt_800_to_775_q0.225,0.4230417372152648,0.09941933284810138,0.29120367603525266,0.10078488245493201,199,364.0,1882.0,601,0.8065887353878852,0.10309992820565436,333.0,57
Wainberg,30,0.1,0.1,"GoCoGrid-oracle (grid path, all blocks)",adapt_800_to_775_q0.4,0.0019565428278879326,0.09171696860880568,0.27948995510173524,0.09189298088827834,179,342.0,1802.0,556,0.8102108768035516,0.09428557502589381,312.0,151
Wainberg,30,0.1,0.1,"GoCoGrid-knapk0.5 (grid path, all blocks)",adapt_800_to_775_q0.175,0.06935675742720211,0.09566442733376014,0.28506540563445776,0.09501300708289738,167,320.0,1695.0,561,0.8112094395280236,0.0966903439594402,295.0,47
Wainberg,30,0.1,0.1,"GoCoGrid-knapk2 (grid path, all blocks)",adapt_800_to_775_q0.175,0.08322708827247399,0.09594053440397395,0.2856053260368587,0.09580312051750176,162,308.0,1689.0,562,0.8176435760805211,0.0973134720631167,283.0,36
Wainberg,30,0.1,0.1,"GoCoGrid-knapk4 (grid path, all blocks)",adapt_800_to_775_q0.15,0.09982039765725398,0.09623071062007608,0.2860961015987706,0.09664735859263894,162,308.0,1710.0,566,0.8198830409356725,0.09815771013825389,283.0,40
Wainberg,30,0.1,0.5,"GoCoGrid-oracle (grid path, all blocks)",adapt_800_to_775_q0.5,0.48038872533958016,0.09985385295540217,0.2893041707004122,0.09994138390102583,184,348.0,1903.0,588,0.8171308460325801,0.10227066017419993,316.0,197
Wainberg,30,0.1,0.5,"GoCoGrid-knapk0.5 (grid path, all blocks)",adapt_800_to_775_q0.225,0.40817355177053155,0.0993080859202127,0.2900278691145568,0.0991386877016686,169,322.0,1810.0,580,0.8220994475138121,0.10077615777001496,295.0,82
Wainberg,30,0.1,0.5,"GoCoGrid-knapk2 (grid path, all blocks)",adapt_800_to_775_q0.225,0.4415580259398461,0.09956133062482019,0.29046623526264786,0.0998678785532952,168,319.0,1824.0,583,0.825109649122807,0.10150534862164155,292.0,80
Wainberg,30,0.1,0.5,"GoCoGrid-knapk4 (grid path, all blocks)",adapt_800_to_775_q0.2,0.4357714482472213,0.09951736453251961,0.29056771297264355,0.10016687953614292,164,310.0,1812.0,583,0.8289183222958058,0.10180434960448928,283.0,74
Wainberg,31,0.1,0.1,"GoCoGrid-oracle (grid path, all blocks)",adapt_800_to_775_q0.4,0.01494224894326431,0.09372054045620731,0.28149734305116025,0.09911991280624262,204,388.0,2034.0,587,0.8092428711897739,0.10097188392474009,359.0,170
Wainberg,31,0.1,0.1,"GoCoGrid-knapk0.5 (grid path, all blocks)",adapt_800_to_775_q0.175,0.07735377871077995,0.09581530526464369,0.2862623379439973,0.10060242515367111,190,367.0,1886.0,596,0.805408271474019,0.10247903959743078,340.0,52
Wainberg,31,0.1,0.1,"GoCoGrid-knapk2 (grid path, all blocks)",adapt_800_to_775_q0.15,0.07060756982471189,0.09567461376487926,0.28619675666363564,0.09993700139655398,188,365.0,1877.0,591,0.8055407565263719,0.10182324752570104,338.0,43
Wainberg,31,0.1,0.1,"GoCoGrid-knapk4 (grid path, all blocks)",adapt_800_to_775_q0.15,0.08338941722258869,0.09592936587044995,0.28661045899047066,0.10075147466953417,187,361.0,1890.0,594,0.808994708994709,0.10263772079868123,334.0,44
Wainberg,31,0.1,0.5,"GoCoGrid-oracle (grid path, all blocks)",adapt_800_to_775_q0.4,0.01494224894326431,0.09372054045620731,0.28149734305116025,0.09911991280624262,204,388.0,2034.0,587,0.8092428711897739,0.10097188392474009,359.0,170
Wainberg,31,0.1,0.5,"GoCoGrid-knapk0.5 (grid path, all blocks)",adapt_800_to_775_q0.225,0.43954429187603977,0.09954501558682882,0.29116034586651207,0.10261404308627657,190,367.0,1952.0,605,0.8119877049180327,0.10447706971529819,340.0,74
Wainberg,31,0.1,0.5,"GoCoGrid-knapk2 (grid path, all blocks)",adapt_800_to_775_q0.2,0.46754794188441984,0.09975605283175841,0.29162129685527743,0.10279872017150289,188,365.0,1964.0,604,0.8141547861507128,0.10466551571870565,338.0,72
Wainberg,31,0.1,0.5,"GoCoGrid-knapk4 (grid path, all blocks)",adapt_800_to_775_q0.175,0.47810590338895614,0.09983539735467749,0.29183481851930665,0.10300346594437511,188,365.0,1958.0,605,0.813585291113381,0.1048819870197003,338.0,67
Wainberg,32,0.1,0.1,"GoCoGrid-oracle (grid path, all blocks)",adapt_800_to_775_q0.4,0.0009768755052709775,0.09112285286065483,0.27902508032639795,0.09663595749500081,216,397.0,2020.0,593,0.8034653465346535,0.09914044668813857,357.0,143
Wainberg,32,0.1,0.1,"GoCoGrid-knapk0.5 (grid path, all blocks)",adapt_800_to_775_q0.125,0.008899164413650736,0.09312658356572426,0.2823571301117557,0.09908126053074434,203,371.0,1839.0,597,0.7982599238716693,0.10087704497482666,337.0,29
Wainberg,32,0.1,0.1,"GoCoGrid-knapk2 (grid path, all blocks)",adapt_800_to_775_q0.15,0.061243115924587616,0.0954699135363146,0.28554599026677413,0.10155099191938387,203,373.0,1933.0,606,0.8070356958096223,0.10305531321698072,341.0,47
Wainberg,32,0.1,0.1,"GoCoGrid-knapk4 (grid path, all blocks)",adapt_800_to_775_q0.15,0.0941912393136109,0.09612940493340204,0.28645881785680133,0.10138052077346736,203,373.0,1940.0,605,0.8077319587628866,0.10288484207106421,341.0,48
Wainberg,32,0.1,0.5,"GoCoGrid-oracle (grid path, all blocks)",adapt_800_to_775_q0.4,0.0009768755052709775,0.09112285286065483,0.27902508032639795,0.09663595749500081,216,397.0,2020.0,593,0.8034653465346535,0.09914044668813857,357.0,143
Wainberg,32,0.1,0.5,"GoCoGrid-knapk0.5 (grid path, all blocks)",adapt_800_to_775_q0.175,0.23234107780606872,0.0978313533565069,0.28874369975857356,0.10485569203060958,208,384.0,2050.0,622,0.8126829268292682,0.1066546394018344,348.0,89
Wainberg,32,0.1,0.5,"GoCoGrid-knapk2 (grid path, all blocks)",adapt_800_to_775_q0.275,0.496923434084998,0.09997689870983233,0.29161590847836677,0.10577569506298193,208,383.0,2071.0,626,0.8150651859005311,0.10757464243420672,347.0,94
Wainberg,32,0.1,0.5,"GoCoGrid-knapk4 (grid path, all blocks)",adapt_800_to_775_q0.225,0.427586251601071,0.09945458152210636,0.29090305798109395,0.10619781410055051,205,380.0,2072.0,626,0.8166023166023166,0.10778570195299103,346.0,92
Wainberg,33,0.1,0.1,"GoCoGrid-oracle (grid path, all blocks)",adapt_800_to_775_q0.4,0.002761363444891361,0.0920208100985409,0.2799334639226668,0.09665471409105862,205,386.0,2013.0,590,0.8082463984103329,0.099620100329349,349.0,175
Wainberg,33,0.1,0.1,"GoCoGrid-knapk0.5 (grid path, all blocks)",adapt_800_to_775_q0.175,0.05374526599578736,0.0952843026189949,0.2852134354924419,0.09990511441964195,187,358.0,1900.0,599,0.8115789473684211,0.10151854718521508,330.0,56
Wainberg,33,0.1,0.1,"GoCoGrid-knapk2 (grid path, all blocks)",adapt_800_to_775_q0.175,0.07047258934000236,0.09567706638170191,0.28584031499074486,0.09954631324022467,187,357.0,1883.0,598,0.8104089219330854,0.1011597460057978,329.0,49
Wainberg,33,0.1,0.1,"GoCoGrid-knapk4 (grid path, all blocks)",adapt_800_to_775_q0.175,0.06564867785037146,0.09557154775766477,0.28569099975425216,0.09954631324022467,187,357.0,1883.0,598,0.8104089219330854,0.1011597460057978,329.0,49
Wainberg,33,0.1,0.5,"GoCoGrid-oracle (grid path, all blocks)",adapt_800_to_775_q0.5,0.15118808143178303,0.09696620004148414,0.28636227821592625,0.10259955720767637,207,388.0,2078.0,613,0.8132820019249278,0.10545941368657459,350.0,208
Wainberg,33,0.1,0.5,"GoCoGrid-knapk0.5 (grid path, all blocks)",adapt_800_to_775_q0.275,0.4275999557440734,0.09945476255305422,0.290862163968014,0.10420151569858137,190,362.0,2022.0,618,0.820969337289812,0.10588530163288921,333.0,96
Wainberg,33,0.1,0.5,"GoCoGrid-knapk2 (grid path, all blocks)",adapt_800_to_775_q0.25,0.36915220376712876,0.09900379605285475,0.290273742615166,0.10341004250314026,190,362.0,2002.0,615,0.8191808191808192,0.1050938284374481,333.0,86
Wainberg,33,0.1,0.5,"GoCoGrid-knapk4 (grid path, all blocks)",adapt_800_to_775_q0.275,0.4601855440465905,0.09970097267685578,0.2912009175720072,0.10446534009706174,190,362.0,2021.0,620,0.8208807521029193,0.10614912603136958,333.0,91
Wainberg,34,0.1,0.1,"GoCoGrid-oracle (grid path, all blocks)",adapt_800_to_775_q0.4,0.0003767936939293125,0.09038669610480737,0.2777589984949041,0.09049968779049326,196,356.0,1879.0,563,0.8105375199574242,0.09318315878718048,327.0,148
Wainberg,34,0.1,0.1,"GoCoGrid-knapk0.5 (grid path, all blocks)",adapt_800_to_775_q0.175,0.016509158763599947,0.09380623486674862,0.28283385534568056,0.09363443598170078,171,325.0,1752.0,556,0.8144977168949772,0.09581128038613793,299.0,39
Wainberg,34,0.1,0.1,"GoCoGrid-knapk2 (grid path, all blocks)",adapt_800_to_775_q0.225,0.034929639967095076,0.0947083535113704,0.28416533708326747,0.0957309605357968,171,326.0,1815.0,564,0.8203856749311295,0.09756307439456362,300.0,50
Wainberg,34,0.1,0.1,"GoCoGrid-knapk4 (grid path, all blocks)",adapt_800_to_775_q0.225,0.05228610744520065,0.09524913645956075,0.28494953872375883,0.0957309605357968,171,326.0,1819.0,564,0.8207806487080813,0.09756307439456362,300.0,49
Wainberg,34,0.1,0.5,"GoCoGrid-oracle (grid path, all blocks)",adapt_800_to_775_q0.5,0.13890028493187812,0.09682098785143078,0.28515990212797254,0.09691200263518329,198,363.0,2009.0,582,0.8193130910900945,0.09922201553443757,333.0,202
Wainberg,34,0.1,0.5,"GoCoGrid-knapk0.5 (grid path, all blocks)",adapt_800_to_775_q0.225,0.1767505332431205,0.09726045233524461,0.2874422995494693,0.09798008449133462,172,327.0,1869.0,576,0.8250401284109149,0.10021555653638405,300.0,75
Wainberg,34,0.1,0.5,"GoCoGrid-knapk2 (grid path, all blocks)",adapt_800_to_775_q0.275,0.3137682246425612,0.09855820579397108,0.2892813307358401,0.09923237097029346,172,328.0,1922.0,580,0.8293444328824141,0.10112311246967255,301.0,84
Wainberg,34,0.1,0.5,"GoCoGrid-knapk4 (grid path, all blocks)",adapt_800_to_775_q0.275,0.3828717295918536,0.09911217857016609,0.2900826465318164,0.09944343048907775,172,328.0,1925.0,581,0.8296103896103896,0.10133417198845684,301.0,84
Wainberg,35,0.1,0.1,"GoCoGrid-oracle (grid path, all blocks)",adapt_800_to_775_q0.35,0.01129489563950481,0.09340696572987002,0.28146761363604794,0.09861237135566,215,397.0,2100.0,596,0.810952380952381,0.10134786106693236,361.0,160
Wainberg,35,0.1,0.1,"GoCoGrid-knapk0.5 (grid path, all blocks)",adapt_800_to_775_q0.125,0.027567564719372578,0.09439764025295738,0.2843812074938682,0.10062644010155751,204,374.0,1956.0,600,0.8087934560327198,0.10265791526873336,342.0,43
Wainberg,35,0.1,0.1,"GoCoGrid-knapk2 (grid path, all blocks)",adapt_800_to_775_q0.15,0.07861397086238844,0.09583774400613372,0.2864670423194435,0.10151339260371439,203,373.0,1991.0,604,0.8126569563033651,0.10354486777089024,341.0,47
Wainberg,35,0.1,0.1,"GoCoGrid-knapk4 (grid path, all blocks)",adapt_800_to_775_q0.125,0.08571822654519529,0.09597089846177331,0.2868029968460032,0.10172445212249868,202,372.0,1994.0,604,0.8134403209628887,0.10375592728967453,340.0,47
Wainberg,35,0.1,0.5,"GoCoGrid-oracle (grid path, all blocks)",adapt_800_to_775_q0.4,0.29158278461731457,0.09837747915322939,0.28783127409184217,0.10278330948054414,216,401.0,2148.0,611,0.8133147113594041,0.10551879919181649,365.0,183
Wainberg,35,0.1,0.5,"GoCoGrid-knapk0.5 (grid path, all blocks)",adapt_800_to_775_q0.175,0.36274232968582176,0.09895234774663325,0.29045208228643904,0.10474279045479969,204,376.0,2076.0,619,0.8188824662813102,0.10676654056815368,344.0,82
Wainberg,35,0.1,0.5,"GoCoGrid-knapk2 (grid path, all blocks)",adapt_800_to_775_q0.225,0.3907554546133898,0.09917167574481722,0.29074128685788175,0.10470761387043233,204,374.0,2077.0,619,0.8199325950890708,0.10673136398378633,342.0,76
Wainberg,35,0.1,0.5,"GoCoGrid-knapk4 (grid path, all blocks)",adapt_800_to_775_q0.175,0.2030880737448566,0.09753550517306847,0.2888349165617253,0.10305412709335578,202,372.0,2027.0,610,0.8164775530340405,0.10508560226053162,340.0,57
Wainberg,36,0.1,0.1,"GoCoGrid-oracle (grid path, all blocks)",adapt_800_to_775_q0.4,0.09981860856187158,0.09624507549984666,0.28500351210201835,0.08888859732989371,200,357.0,1840.0,545,0.8059782608695653,0.09162005926169842,326.0,172
Wainberg,36,0.1,0.1,"GoCoGrid-knapk0.5 (grid path, all blocks)",adapt_800_to_775_q0.15,0.08623781404001224,0.09599139272672938,0.28603657070102967,0.08812081162161645,176,322.0,1617.0,535,0.8008658008658008,0.09056734321061043,294.0,32
Wainberg,36,0.1,0.1,"GoCoGrid-knapk2 (grid path, all blocks)",adapt_800_to_775_q0.1,0.06966109118445858,0.09566039085102016,0.285770663336848,0.08819861889338383,174,318.0,1584.0,535,0.7992424242424242,0.09064891940055894,290.0,18
Wainberg,36,0.1,0.1,"GoCoGrid-knapk4 (grid path, all blocks)",adapt_800_to_775_q0.075,0.07735979706649483,0.09581866878707587,0.2860405962546046,0.08811947157383972,172,315.0,1571.0,533,0.7994907702100573,0.09006850572390213,290.0,11
Wainberg,36,0.1,0.5,"GoCoGrid-oracle (grid path, all blocks)",adapt_800_to_775_q0.4,0.09981860856187158,0.09624507549984666,0.28500351210201835,0.08888859732989371,200,357.0,1840.0,545,0.8059782608695653,0.09162005926169842,326.0,172
Wainberg,36,0.1,0.5,"GoCoGrid-knapk0.5 (grid path, all blocks)",adapt_800_to_775_q0.175,0.2233342546067677,0.09774557704854216,0.2884012332481256,0.08925207388858948,179,326.0,1687.0,540,0.8067575577949022,0.09161820184988229,298.0,49
Wainberg,36,0.1,0.5,"GoCoGrid-knapk2 (grid path, all blocks)",adapt_800_to_775_q0.175,0.3146016546530246,0.09856429334835651,0.2894611372454695,0.09067320798509178,179,326.0,1728.0,546,0.8113425925925926,0.09286345301825771,298.0,53
Wainberg,36,0.1,0.5,"GoCoGrid-knapk4 (grid path, all blocks)",adapt_800_to_775_q0.175,0.36613003031349445,0.09898071506376997,0.29003585863094733,0.09129507978690128,179,326.0,1740.0,549,0.8126436781609195,0.09348909373824835,298.0,55
Wainberg,37,0.1,0.1,"GoCoGrid-oracle (grid path, all blocks)",adapt_800_to_775_q0.5,0.004481682005122525,0.09245188979549324,0.28116402846817246,0.09099374919400129,223,434.0,2084.0,572,0.791746641074856,0.09349598464154654,405.0,152
Wainberg,37,0.1,0.1,"GoCoGrid-knapk0.5 (grid path, all blocks)",adapt_800_to_775_q0.175,0.07500883381091551,0.09576609579617683,0.2863347980187854,0.09495170205774917,215,415.0,1993.0,587,0.7917711991971902,0.09646456094860477,393.0,56
Wainberg,37,0.1,0.1,"GoCoGrid-knapk2 (grid path, all blocks)",adapt_800_to_775_q0.15,0.06034262444142123,0.09544016049137671,0.28603567798359947,0.09434364963937732,213,412.0,1971.0,582,0.7909690512430239,0.09585650853023292,390.0,43
Wainberg,37,0.1,0.1,"GoCoGrid-knapk4 (grid path, all blocks)",adapt_800_to_775_q0.15,0.09291966269428692,0.09609965189160885,0.2870006382618475,0.09543412382395623,212,411.0,2010.0,587,0.7955223880597015,0.09694698271481182,389.0,50
Wainberg,37,0.1,0.5,"GoCoGrid-oracle (grid path, all blocks)",adapt_800_to_775_q0.6,0.3323574897429167,0.09871375018771444,0.2889077132622791,0.09509684675388469,225,438.0,2139.0,585,0.7952314165497896,0.09749355244203779,408.0,177
Wainberg,37,0.1,0.5,"GoCoGrid-knapk0.5 (grid path, all blocks)",adapt_800_to_775_q0.225,0.3550146723924637,0.09889041394595922,0.2905143322679459,0.09743853892899858,217,417.0,2068.0,599,0.7983558994197292,0.09900816317385086,394.0,80
Wainberg,37,0.1,0.5,"GoCoGrid-knapk2 (grid path, all blocks)",adapt_800_to_775_q0.25,0.4302778686495486,0.09947428367485588,0.2913380908219365,0.097926372477416,216,415.0,2094.0,600,0.8018147086914995,0.09949599672226828,392.0,79
Wainberg,37,0.1,0.5,"GoCoGrid-knapk4 (grid path, all blocks)",adapt_800_to_775_q0.25,0.45211712285446254,0.0996395961854281,0.29161367457961945,0.097926372477416,214,413.0,2090.0,598,0.8023923444976077,0.09949599672226828,390.0,76
Wainberg,38,0.1,0.1,"GoCoGrid-oracle (grid path, all blocks)",adapt_800_to_775_q0.4,0.01620465869057577,0.09378473772628532,0.28282515648337553,0.08717972569799766,197,355.0,1765.0,545,0.7988668555240793,0.09009988487722904,324.0,133
Wainberg,38,0.1,0.1,"GoCoGrid-knapk0.5 (grid path, all blocks)",adapt_800_to_775_q0.1,0.025538887731063165,0.09430851983400769,0.2840155925508676,0.08708687363771911,181,325.0,1537.0,534,0.7885491216655823,0.08928926295371638,299.0,6
Wainberg,38,0.1,0.1,"GoCoGrid-knapk2 (grid path, all blocks)",adapt_800_to_775_q0.075,0.05959704611996689,0.09542922530088593,0.28556945627069824,0.08747061821618328,178,322.0,1566.0,533,0.7943805874840357,0.0895674777727884,297.0,8
Wainberg,38,0.1,0.1,"GoCoGrid-knapk4 (grid path, all blocks)",adapt_800_to_775_q0.03,0.06505918589438722,0.09555660135760216,0.28577845293680454,0.08769926603658636,177,322.0,1573.0,534,0.7952956134774316,0.08983130217126876,296.0,8
Wainberg,38,0.1,0.5,"GoCoGrid-oracle (grid path, all blocks)",adapt_800_to_775_q0.5,0.4255820878031733,0.09944277947067498,0.28910313127017906,0.09366560300577034,199,359.0,1849.0,567,0.8058409951325041,0.0966209387693691,326.0,174
Wainberg,38,0.1,0.5,"GoCoGrid-knapk0.5 (grid path, all blocks)",adapt_800_to_775_q0.15,0.45358416641932,0.09965144444744056,0.2909832460626842,0.08989193992757656,185,333.0,1668.0,548,0.8003597122302158,0.09212950582165112,306.0,36
Wainberg,38,0.1,0.5,"GoCoGrid-knapk2 (grid path, all blocks)",adapt_800_to_775_q0.175,0.4389745777751771,0.09954123610705908,0.290816863572982,0.09027008823625847,183,330.0,1674.0,548,0.8028673835125448,0.09240212437094088,304.0,34
Wainberg,38,0.1,0.5,"GoCoGrid-knapk4 (grid path, all blocks)",adapt_800_to_775_q0.15,0.48532586803183553,0.0998899043604796,0.29131660387509006,0.09069220727382707,182,329.0,1684.0,549,0.8046318289786223,0.09282424340850948,303.0,35
Wainberg,39,0.1,0.1,"GoCoGrid-oracle (grid path, all blocks)",adapt_800_to_775_q0.6,0.06235128232460981,0.0955088242418318,0.2847695161605598,0.09845920813805747,230,412.0,2036.0,605,0.7976424361493124,0.1015010615594531,379.0,176
Wainberg,39,0.1,0.1,"GoCoGrid-knapk0.5 (grid path, all blocks)",adapt_800_to_775_q0.175,0.00454025432375129,0.09243192858471201,0.2823873451529262,0.09471195502503102,213,382.0,1812.0,586,0.7891832229580574,0.09691191549578414,357.0,30
Wainberg,39,0.1,0.1,"GoCoGrid-knapk2 (grid path, all blocks)",adapt_800_to_775_q0.175,0.07810134651025637,0.09581881757226941,0.2870587827872852,0.09647430200562189,211,377.0,1867.0,592,0.7980717728976968,0.098660191836338,352.0,40
Wainberg,39,0.1,0.1,"GoCoGrid-knapk4 (grid path, all blocks)",adapt_800_to_775_q0.15,0.0863649887123672,0.09597533685997894,0.28735243641958685,0.09644791956577385,211,377.0,1861.0,592,0.7974207415368082,0.09863380939648995,352.0,38
Wainberg,39,0.1,0.5,"GoCoGrid-oracle (grid path, all blocks)",adapt_800_to_775_q0.6,0.06235128232460981,0.0955088242418318,0.2847695161605598,0.09845920813805747,230,412.0,2036.0,605,0.7976424361493124,0.1015010615594531,379.0,176
Wainberg,39,0.1,0.5,"GoCoGrid-knapk0.5 (grid path, all blocks)",adapt_800_to_775_q0.225,0.23324625095802226,0.0978332640377356,0.2896623562617421,0.10116920376148542,215,385.0,1970.0,615,0.8045685279187818,0.10348993716246471,358.0,77
Wainberg,39,0.1,0.5,"GoCoGrid-knapk2 (grid path, all blocks)",adapt_800_to_775_q0.275,0.3430221915190499,0.09879172486749847,0.2909872013420513,0.10259385551327943,216,386.0,2004.0,622,0.8073852295409182,0.10496735379395479,358.0,85
Wainberg,39,0.1,0.5,"GoCoGrid-knapk4 (grid path, all blocks)",adapt_800_to_775_q0.275,0.4262371363618084,0.09944242305115732,0.29188728989481066,0.10322703406963232,215,385.0,2012.0,624,0.808648111332008,0.10560053235030768,357.0,86
Wainberg,40,0.1,0.1,"GoCoGrid-oracle (grid path, all blocks)",adapt_800_to_775_q0.35,0.0755024506147513,0.09580321985451093,0.2845115750408397,0.09002303466697743,216,396.0,1925.0,563,0.7942857142857143,0.09317368424960258,360.0,168
Wainberg,40,0.1,0.1,"GoCoGrid-knapk0.5 (grid path, all blocks)",adapt_800_to_775_q0.05,0.0326335136254742,0.0946083421683002,0.2847294322805763,0.08864813879660637,194,355.0,1552.0,555,0.7712628865979382,0.09152231716427837,325.0,6
Wainberg,40,0.1,0.1,"GoCoGrid-knapk2 (grid path, all blocks)",adapt_800_to_775_q0.05,0.046011999615626964,0.09506268270680883,0.2852816883277772,0.0889101182690473,195,356.0,1613.0,556,0.7792932424054557,0.0917842966367193,326.0,13
Wainberg,40,0.1,0.1,"GoCoGrid-knapk4 (grid path, all blocks)",adapt_800_to_775_q0.05,0.08228188249606261,0.09591022337132067,0.2864548131663215,0.08930585486676784,196,362.0,1676.0,558,0.7840095465393795,0.09208036624225396,331.0,23
Wainberg,40,0.1,0.5,"GoCoGrid-oracle (grid path, all blocks)",adapt_800_to_775_q0.4,0.3031640508524819,0.09847593961121023,0.2879115059854373,0.0933401867772467,217,397.0,1966.0,576,0.7980671414038657,0.09614610581420151,361.0,185
Wainberg,40,0.1,0.5,"GoCoGrid-knapk0.5 (grid path, all blocks)",adapt_800_to_775_q0.05,0.0326335136254742,0.0946083421683002,0.2847294322805763,0.08864813879660637,194,355.0,1552.0,555,0.7712628865979382,0.09152231716427837,325.0,6
Wainberg,40,0.1,0.5,"GoCoGrid-knapk2 (grid path, all blocks)",adapt_800_to_775_q0.075,0.10711962235386646,0.09633793455362949,0.2870400443160654,0.090621459203878,196,366.0,1721.0,563,0.7873329459616502,0.09322712296182066,334.0,32
Wainberg,40,0.1,0.5,"GoCoGrid-knapk4 (grid path, all blocks)",adapt_800_to_775_q0.125,0.4260692745521524,0.09944269445213673,0.29107509982612284,0.09363362193264857,200,371.0,1845.0,577,0.7989159891598916,0.09607043807304776,339.0,62
Wainberg,41,0.1,0.1,"GoCoGrid-oracle (grid path, all blocks)",adapt_800_to_775_q0.4,0.0012375328139801,0.09131572566084487,0.279348590672235,0.09172894151503147,209,382.0,1908.0,570,0.79979035639413,0.09343098576698387,353.0,138
Wainberg,41,0.1,0.1,"GoCoGrid-knapk0.5 (grid path, all blocks)",adapt_800_to_775_q0.15,0.09740883374524156,0.09618422283918858,0.2865232846006794,0.09622732753389342,196,361.0,1863.0,581,0.8062265163714439,0.09752851331495645,334.0,56
Wainberg,41,0.1,0.1,"GoCoGrid-knapk2 (grid path, all blocks)",adapt_800_to_775_q0.175,0.07501166824071831,0.09577152776943929,0.28597141651963787,0.09694358983866119,198,363.0,1884.0,585,0.8073248407643312,0.09825063838693048,336.0,56
Wainberg,41,0.1,0.1,"GoCoGrid-knapk4 (grid path, all blocks)",adapt_800_to_775_q0.15,0.06635493859495697,0.09558687017737429,0.2857448407183871,0.09663796469525175,195,359.0,1867.0,581,0.8077129084092126,0.09782440781140438,334.0,49
Wainberg,41,0.1,0.5,"GoCoGrid-oracle (grid path, all blocks)",adapt_800_to_775_q0.5,0.21088986310410146,0.09763470010640715,0.2866313222640546,0.09917796722075868,212,391.0,2011.0,595,0.8055693684733963,0.10087875516455402,361.0,188
Wainberg,41,0.1,0.5,"GoCoGrid-knapk0.5 (grid path, all blocks)",adapt_800_to_775_q0.2,0.3328372465340268,0.09871323090103643,0.28990770675715355,0.0999012707330447,198,365.0,1955.0,598,0.8132992327365729,0.10120245651410772,338.0,82
Wainberg,41,0.1,0.5,"GoCoGrid-knapk2 (grid path, all blocks)",adapt_800_to_775_q0.225,0.34482075925543976,0.09881022277151442,0.29003909338337225,0.10053444928939759,198,365.0,1970.0,601,0.8147208121827412,0.10183563507046062,338.0,84
Wainberg,41,0.1,0.5,"GoCoGrid-knapk4 (grid path, all blocks)",adapt_800_to_775_q0.225,0.34482075925543976,0.09881022277151442,0.29003909338337225,0.10063997904878973,195,362.0,1967.0,599,0.8159633960345705,0.10183563507046062,336.0,81
Wainberg,42,0.1,0.1,"GoCoGrid-oracle (grid path, all blocks)",adapt_800_to_775_q0.4,0.0012306793347708646,0.09129706068834927,0.2797938025682698,0.09449426489522458,212,406.0,1982.0,583,0.7951564076690212,0.09684272081213392,377.0,159
Wainberg,42,0.1,0.1,"GoCoGrid-knapk0.5 (grid path, all blocks)",adapt_800_to_775_q0.15,0.009589105431696674,0.09319630798734264,0.2828030960228124,0.09591877200228345,199,376.0,1781.0,581,0.7888826501965188,0.09783161162965254,351.0,34
Wainberg,42,0.1,0.1,"GoCoGrid-knapk2 (grid path, all blocks)",adapt_800_to_775_q0.175,0.04477226449344433,0.09502355976705751,0.285342437268783,0.09806680513420855,200,379.0,1885.0,589,0.7989389920424403,0.09985878805399143,354.0,53
Wainberg,42,0.1,0.1,"GoCoGrid-knapk4 (grid path, all blocks)",adapt_800_to_775_q0.175,0.07765156775842683,0.09581758741671065,0.28651932012869574,0.09880087477948757,200,377.0,1905.0,592,0.8020997375328084,0.10048732793987829,353.0,54
Wainberg,42,0.1,0.5,"GoCoGrid-oracle (grid path, all blocks)",adapt_800_to_775_q0.5,0.2022067657062992,0.09754403111293647,0.2867574713659294,0.09981095469440776,214,411.0,2051.0,603,0.7996099463676255,0.10207900698361592,382.0,189
Wainberg,42,0.1,0.5,"GoCoGrid-knapk0.5 (grid path, all blocks)",adapt_800_to_775_q0.175,0.30243672849096664,0.09845958262685106,0.28982991627085136,0.09864638127628737,202,381.0,1929.0,592,0.80248833592535,0.10043250142886398,356.0,72
Wainberg,42,0.1,0.5,"GoCoGrid-knapk2 (grid path, all blocks)",adapt_800_to_775_q0.2,0.4072072092171306,0.0992982501333696,0.29103145093295424,0.09929753468384114,202,381.0,1958.0,595,0.8054136874361594,0.10108365483641775,356.0,74
Wainberg,42,0.1,0.5,"GoCoGrid-knapk4 (grid path, all blocks)",adapt_800_to_775_q0.2,0.4306948313979597,0.09947763179926426,0.2912422425919943,0.09934024911086083,201,380.0,1955.0,595,0.8056265984654731,0.10112636926343745,355.0,72
Wainberg,43,0.1,0.1,"GoCoGrid-oracle (grid path, all blocks)",adapt_800_to_775_q0.4,0.006081341189073254,0.0927915985390294,0.2798676584286322,0.09425449833028575,205,369.0,1925.0,578,0.8083116883116883,0.09695379882610614,342.0,164
Wainberg,43,0.1,0.1,"GoCoGrid-knapk0.5 (grid path, all blocks)",adapt_800_to_775_q0.1,0.0016505124086256331,0.0915465489378946,0.2800819646393076,0.09329567964744245,188,336.0,1610.0,566,0.7913043478260869,0.09564371680020783,313.0,6
Wainberg,43,0.1,0.1,"GoCoGrid-knapk2 (grid path, all blocks)",adapt_800_to_775_q0.1,0.08623738657184071,0.09598910900938797,0.2861989566463002,0.09684220114593116,189,340.0,1801.0,580,0.8112159911160466,0.09873528776980493,317.0,41
Wainberg,43,0.1,0.1,"GoCoGrid-knapk4 (grid path, all blocks)",adapt_800_to_775_q0.1,0.011332521182171346,0.09338066349716218,0.28274770563370766,0.09534367855753059,188,338.0,1753.0,574,0.80718767826583,0.09740561279894783,315.0,29
Wainberg,43,0.1,0.5,"GoCoGrid-oracle (grid path, all blocks)",adapt_800_to_775_q0.4,0.006081341189073254,0.0927915985390294,0.2798676584286322,0.09425449833028575,205,369.0,1925.0,578,0.8083116883116883,0.09695379882610614,342.0,164
Wainberg,43,0.1,0.5,"GoCoGrid-knapk0.5 (grid path, all blocks)",adapt_800_to_775_q0.15,0.3805719678193757,0.09909400818037109,0.29014575435528084,0.0994628568291161,192,345.0,1880.0,592,0.8164893617021277,0.10128559028425514,321.0,73
Wainberg,43,0.1,0.5,"GoCoGrid-knapk2 (grid path, all blocks)",adapt_800_to_775_q0.175,0.4484769657266469,0.09961305932036002,0.29085448079255705,0.09990608182359517,191,343.0,1905.0,593,0.8199475065616798,0.10172881527873422,319.0,74
Wainberg,43,0.1,0.5,"GoCoGrid-knapk4 (grid path, all blocks)",adapt_800_to_775_q0.175,0.48358458331148413,0.09987685588045288,0.2912625627501874,0.10002568221673426,190,341.0,1902.0,593,0.8207150368033649,0.10174288591248117,318.0,72
Wainberg,44,0.1,0.1,"GoCoGrid-oracle (grid path, all blocks)",adapt_800_to_775_q0.4,0.00041839609009378776,0.09044897918574378,0.2783530585921098,0.09496870999562182,206,358.0,1918.0,582,0.8133472367049009,0.09721724762286049,324.0,134
Wainberg,44,0.1,0.1,"GoCoGrid-knapk0.5 (grid path, all blocks)",adapt_800_to_775_q0.175,0.04398842466634222,0.0950056245151333,0.2849672156648517,0.09989310003763616,191,334.0,1878.0,594,0.8221512247071352,0.10187026255427156,304.0,50
Wainberg,44,0.1,0.1,"GoCoGrid-knapk2 (grid path, all blocks)",adapt_800_to_775_q0.175,0.04855534105778609,0.0951399352989947,0.28518354709650956,0.10031521907520476,191,334.0,1893.0,596,0.8235604860010565,0.10229238159184015,304.0,52
Wainberg,44,0.1,0.1,"GoCoGrid-knapk4 (grid path, all blocks)",adapt_800_to_775_q0.175,0.05779268943992332,0.09538614541965157,0.28543778894186517,0.10010415955642045,191,334.0,1891.0,595,0.8233738762559493,0.10208132207305586,304.0,51
Wainberg,44,0.1,0.5,"GoCoGrid-oracle (grid path, all blocks)",adapt_800_to_775_q0.5,0.13320674718482073,0.09674066092421564,0.28550274438430406,0.10252965079072458,207,363.0,2024.0,608,0.8206521739130435,0.10484854158669799,328.0,184
Wainberg,44,0.1,0.5,"GoCoGrid-knapk0.5 (grid path, all blocks)",adapt_800_to_775_q0.25,0.4412063014361701,0.09955781026912085,0.29103291971865936,0.10658930590216648,193,340.0,2019.0,626,0.8315998018821199,0.10858154409152639,309.0,102
Wainberg,44,0.1,0.5,"GoCoGrid-knapk2 (grid path, all blocks)",adapt_800_to_775_q0.275,0.3286367586897343,0.09867862944561079,0.2899276379225104,0.10484806487219603,192,338.0,2002.0,617,0.8311688311688312,0.10684030306155594,307.0,87
Wainberg,44,0.1,0.5,"GoCoGrid-knapk4 (grid path, all blocks)",adapt_800_to_775_q0.3,0.4732757884358336,0.09979934610919358,0.2913821852099666,0.10612028475210807,192,338.0,2028.0,623,0.8333333333333334,0.10810666017426172,307.0,95
Wainberg,45,0.1,0.1,"GoCoGrid-oracle (grid path, all blocks)",adapt_800_to_775_q0.4,0.04088412233665699,0.09490421812179861,0.2850151554942018,0.08870960643720203,203,378.0,1869.0,556,0.797752808988764,0.09119115469198077,349.0,130
Wainberg,45,0.1,0.1,"GoCoGrid-knapk0.5 (grid path, all blocks)",adapt_800_to_775_q0.125,0.058510303041289506,0.09539607596574132,0.28594533388392956,0.0892141700709304,184,338.0,1614.0,547,0.7905824039653035,0.09100650849725789,315.0,8
Wainberg,45,0.1,0.1,"GoCoGrid-knapk2 (grid path, all blocks)",adapt_800_to_775_q0.075,0.07982124626914944,0.0958597298306265,0.2866116754523327,0.08967706196893867,183,341.0,1661.0,548,0.7947019867549668,0.09141663551557008,317.0,14
Wainberg,45,0.1,0.1,"GoCoGrid-knapk4 (grid path, all blocks)",adapt_800_to_775_q0.075,0.0814740008993815,0.09589138541909553,0.2866728706672251,0.08978259172833082,181,339.0,1665.0,548,0.7963963963963964,0.09152216527496224,315.0,12
Wainberg,45,0.1,0.5,"GoCoGrid-oracle (grid path, all blocks)",adapt_800_to_775_q0.5,0.17925085467013063,0.0972939042400632,0.28689967369747776,0.0917326000803329,206,386.0,1936.0,559,0.8006198347107438,0.09439354891224017,354.0,161
Wainberg,45,0.1,0.5,"GoCoGrid-knapk0.5 (grid path, all blocks)",adapt_800_to_775_q0.2,0.26358342973253857,0.09812099357342259,0.2892779214600986,0.09243789102619537,188,351.0,1775.0,562,0.8022535211267605,0.09422319412306926,325.0,45
Wainberg,45,0.1,0.5,"GoCoGrid-knapk2 (grid path, all blocks)",adapt_800_to_775_q0.25,0.41120503894147736,0.09932913994885352,0.29097454438516235,0.09266402623028432,188,352.0,1808.0,562,0.8053097345132744,0.0944493293271582,326.0,48
Wainberg,45,0.1,0.5,"GoCoGrid-knapk4 (grid path, all blocks)",adapt_800_to_775_q0.225,0.42250840391151034,0.09941531349139789,0.2911756734240425,0.09266402623028432,187,351.0,1807.0,561,0.8057553956834532,0.0944493293271582,325.0,47
Wainberg,46,0.1,0.1,"GoCoGrid-oracle (grid path, all blocks)",adapt_800_to_775_q0.5,0.09187310040676827,0.09610635470498699,0.28514517932235456,0.09444819113381958,216,382.0,1954.0,580,0.804503582395087,0.09760730743798188,341.0,168
Wainberg,46,0.1,0.1,"GoCoGrid-knapk0.5 (grid path, all blocks)",adapt_800_to_775_q0.2,0.08056843409723913,0.09587595568806911,0.2865105300961081,0.09363769686557966,198,349.0,1767.0,573,0.8024900962082626,0.09556813238667455,318.0,39
Wainberg,46,0.1,0.1,"GoCoGrid-knapk2 (grid path, all blocks)",adapt_800_to_775_q0.175,0.022491798949117663,0.09414311648012653,0.2843997976251277,0.09253867979937085,196,345.0,1736.0,568,0.8012672811059908,0.09471836656571038,314.0,26
Wainberg,46,0.1,0.1,"GoCoGrid-knapk4 (grid path, all blocks)",adapt_800_to_775_q0.125,0.09394353113898352,0.09611771747955758,0.2870016886654564,0.09378895619408448,197,347.0,1786.0,573,0.8057110862262038,0.09561386195578722,317.0,37
Wainberg,46,0.1,0.5,"GoCoGrid-oracle (grid path, all blocks)",adapt_800_to_775_q0.5,0.09187310040676827,0.09610635470498699,0.28514517932235456,0.09444819113381958,216,382.0,1954.0,580,0.804503582395087,0.09760730743798188,341.0,168
Wainberg,46,0.1,0.5,"GoCoGrid-knapk0.5 (grid path, all blocks)",adapt_800_to_775_q0.25,0.33419309257038576,0.09872269743169626,0.29027948030957934,0.0987398094781067,200,351.0,1884.0,597,0.8136942675159236,0.10079688069663405,318.0,78
Wainberg,46,0.1,0.5,"GoCoGrid-knapk2 (grid path, all blocks)",adapt_800_to_775_q0.3,0.473143079547271,0.09979810807773354,0.2917291323452884,0.09948313187016823,200,352.0,1940.0,600,0.8185567010309278,0.10155527876142008,318.0,87
Wainberg,46,0.1,0.5,"GoCoGrid-knapk4 (grid path, all blocks)",adapt_800_to_775_q0.225,0.453074927979021,0.09964686471619434,0.291592615469566,0.09973530688174871,199,349.0,1935.0,601,0.8196382428940568,0.1016868483408839,317.0,83
Wainberg,47,0.1,0.1,"GoCoGrid-oracle (grid path, all blocks)",adapt_800_to_775_q0.35,0.03178997705371905,0.09459165844724716,0.28381082527695994,0.08754874247571696,194,371.0,1840.0,547,0.7983695652173913,0.09031462721580089,340.0,137
Wainberg,47,0.1,0.1,"GoCoGrid-knapk0.5 (grid path, all blocks)",adapt_800_to_775_q0.075,0.0966578388377326,0.0961668019461974,0.2868634427510566,0.08804186775104161,183,339.0,1585.0,542,0.7861198738170347,0.09045387989121582,313.0,8
Wainberg,47,0.1,0.1,"GoCoGrid-knapk2 (grid path, all blocks)",adapt_800_to_775_q0.05,0.08474035021884685,0.0959557646981231,0.28656612248601904,0.08783080823225732,183,339.0,1570.0,541,0.7840764331210192,0.09024282037243153,313.0,5
Wainberg,47,0.1,0.1,"GoCoGrid-knapk4 (grid path, all blocks)",adapt_800_to_775_q0.03,0.09055675683335734,0.09606128332216025,0.28671484057510943,0.08804186775104161,182,338.0,1595.0,541,0.7880877742946708,0.09024282037243153,313.0,6
Wainberg,47,0.1,0.5,"GoCoGrid-oracle (grid path, all blocks)",adapt_800_to_775_q0.4,0.17543710590108486,0.09726033321950989,0.28589097353293735,0.09006030890900357,198,377.0,1905.0,551,0.8020997375328084,0.09286890806981711,344.0,168
Wainberg,47,0.1,0.5,"GoCoGrid-knapk0.5 (grid path, all blocks)",adapt_800_to_775_q0.1,0.48394119115463385,0.09987933313678661,0.29174462658730965,0.0912996803238554,187,350.0,1758.0,557,0.800910125142207,0.09355741799972188,321.0,46
Wainberg,47,0.1,0.5,"GoCoGrid-knapk2 (grid path, all blocks)",adapt_800_to_775_q0.075,0.18283623554035827,0.09731962717342342,0.2884494112214839,0.0886750463073945,183,339.0,1617.0,545,0.7903525046382189,0.09108705844756872,313.0,12
Wainberg,47,0.1,0.5,"GoCoGrid-knapk4 (grid path, all blocks)",adapt_800_to_775_q0.075,0.26537705125142763,0.09813614034040752,0.2894552025090229,0.08929298168662331,183,343.0,1657.0,547,0.7929993964996982,0.09153614620925404,316.0,20
Wainberg,48,0.1,0.1,"GoCoGrid-oracle (grid path, all blocks)",adapt_800_to_775_q0.5,0.02350966433300791,0.09424404661099695,0.2821278112443448,0.08832329022275491,192,372.0,1868.0,542,0.8008565310492506,0.09110525566825085,337.0,141
Wainberg,48,0.1,0.1,"GoCoGrid-knapk0.5 (grid path, all blocks)",adapt_800_to_775_q0.2,0.046692161178823084,0.09509294709648476,0.2847171113141979,0.08993268509601027,175,333.0,1708.0,541,0.8050351288056206,0.09132324904203415,309.0,28
Wainberg,48,0.1,0.1,"GoCoGrid-knapk2 (grid path, all blocks)",adapt_800_to_775_q0.125,0.049215656200115976,0.09516212042199794,0.28500158854469615,0.08986046963436989,173,330.0,1692.0,540,0.8049645390070922,0.09125289586700937,306.0,20
Wainberg,48,0.1,0.1,"GoCoGrid-knapk4 (grid path, all blocks)",adapt_800_to_775_q0.075,0.0398688454005153,0.09487722013835553,0.28461314819998185,0.08984170878937396,173,330.0,1688.0,540,0.8045023696682464,0.09123413502201344,306.0,19
Wainberg,48,0.1,0.5,"GoCoGrid-oracle (grid path, all blocks)",adapt_800_to_775_q0.5,0.02350966433300791,0.09424404661099695,0.2821278112443448,0.08832329022275491,192,372.0,1868.0,542,0.8008565310492506,0.09110525566825085,337.0,141
Wainberg,48,0.1,0.5,"GoCoGrid-knapk0.5 (grid path, all blocks)",adapt_800_to_775_q0.25,0.19602684685768074,0.0974695866168256,0.2878090453869394,0.09284354762381368,175,335.0,1782.0,554,0.8120089786756454,0.09423411156983756,311.0,48
Wainberg,48,0.1,0.5,"GoCoGrid-knapk2 (grid path, all blocks)",adapt_800_to_775_q0.2,0.19423384346393047,0.09744873412965256,0.28799346780451646,0.09266766468939674,175,333.0,1774.0,553,0.8122886133032694,0.09405822863542063,309.0,42
Wainberg,48,0.1,0.5,"GoCoGrid-knapk4 (grid path, all blocks)",adapt_800_to_775_q0.225,0.3590534819761986,0.09892452933531817,0.29002731645266083,0.09354707935519135,174,332.0,1794.0,557,0.8149386845039019,0.09500799646994997,307.0,46
Wainberg,49,0.1,0.1,"GoCoGrid-oracle (grid path, all blocks)",adapt_800_to_775_q0.4,0.051060269836464306,0.0952293697610565,0.28410835891928615,0.09230734146549611,230,412.0,2029.0,576,0.7969443075406605,0.0944484230390376,381.0,180
Wainberg,49,0.1,0.1,"GoCoGrid-knapk0.5 (grid path, all blocks)",adapt_800_to_775_q0.1,0.051873066299286626,0.09522192340300557,0.28589881144048945,0.09167245933656303,207,376.0,1770.0,569,0.7875706214689265,0.09312770092673521,352.0,21
Wainberg,49,0.1,0.1,"GoCoGrid-knapk2 (grid path, all blocks)",adapt_800_to_775_q0.125,0.060898281591853606,0.09545054708422646,0.28623758495132756,0.09209457837413161,207,376.0,1781.0,571,0.7888826501965188,0.09354981996430381,352.0,23
Wainberg,49,0.1,0.1,"GoCoGrid-knapk4 (grid path, all blocks)",adapt_800_to_775_q0.125,0.07024513567777103,0.09566158433230074,0.28653561821971624,0.09220010813352376,207,375.0,1779.0,572,0.7892074198988196,0.09365534972369595,351.0,22
Wainberg,49,0.1,0.5,"GoCoGrid-oracle (grid path, all blocks)",adapt_800_to_775_q0.4,0.051060269836464306,0.0952293697610565,0.28410835891928615,0.09230734146549611,230,412.0,2029.0,576,0.7969443075406605,0.0944484230390376,381.0,180
Wainberg,49,0.1,0.5,"GoCoGrid-knapk0.5 (grid path, all blocks)",adapt_800_to_775_q0.2,0.4836170655389815,0.09987680595519485,0.29195868938952946,0.09642659471149734,213,383.0,1953.0,592,0.8038914490527393,0.09795912133459805,357.0,76
Wainberg,49,0.1,0.5,"GoCoGrid-knapk2 (grid path, all blocks)",adapt_800_to_775_q0.2,0.4922474382253192,0.09994170828117555,0.2919979451462224,0.09584618103484052,212,382.0,1951.0,589,0.8042029728344439,0.09737870765794124,356.0,72
Wainberg,49,0.1,0.5,"GoCoGrid-knapk4 (grid path, all blocks)",adapt_800_to_775_q0.2,0.2443653733620057,0.09794095791526468,0.2895263828044999,0.09371987196552749,211,380.0,1876.0,579,0.7974413646055437,0.09518390770650906,355.0,46
Wainberg,50,0.1,0.1,"GoCoGrid-oracle (grid path, all blocks)",adapt_800_to_775_q0.4,0.005231559165806218,0.09258569575751067,0.28193097470153866,0.09259030159363117,215,419.0,1914.0,576,0.7810867293625914,0.09587763734838035,378.0,148
Wainberg,50,0.1,0.1,"GoCoGrid-knapk0.5 (grid path, all blocks)",adapt_800_to_775_q0.175,0.019507236343552614,0.09397025617291382,0.284392022773709,0.09410780409108037,198,392.0,1748.0,573,0.7757437070938215,0.09665608362665454,356.0,32
Wainberg,50,0.1,0.1,"GoCoGrid-knapk2 (grid path, all blocks)",adapt_800_to_775_q0.175,0.09358148399554495,0.09610785059556184,0.2872592987444986,0.09467138327365689,202,396.0,1810.0,575,0.7812154696132597,0.09706011186198577,360.0,43
Wainberg,50,0.1,0.1,"GoCoGrid-knapk4 (grid path, all blocks)",adapt_800_to_775_q0.125,0.03057491409189998,0.09451370285500627,0.2852421422012346,0.09437328387081699,197,389.0,1752.0,574,0.7779680365296804,0.09681789593361459,354.0,27
Wainberg,50,0.1,0.5,"GoCoGrid-oracle (grid path, all blocks)",adapt_800_to_775_q0.5,0.2514429390225852,0.09801772753969959,0.2880398300223093,0.09708603686637746,217,426.0,1983.0,590,0.7851739788199698,0.10034573387312154,383.0,178
Wainberg,50,0.1,0.5,"GoCoGrid-knapk0.5 (grid path, all blocks)",adapt_800_to_775_q0.225,0.4090943057802751,0.09931210328789342,0.2913172640553156,0.09720644260469294,202,400.0,1881.0,587,0.7873471557682084,0.09968897542429152,363.0,71
Wainberg,50,0.1,0.5,"GoCoGrid-knapk2 (grid path, all blocks)",adapt_800_to_775_q0.25,0.49859564820075164,0.09998943236708276,0.2922445448276301,0.09749639819271205,202,398.0,1902.0,588,0.7907465825446898,0.09997893101231063,361.0,73
Wainberg,50,0.1,0.5,"GoCoGrid-knapk4 (grid path, all blocks)",adapt_800_to_775_q0.2,0.22371035353760582,0.09774075129876299,0.2894974304487725,0.0959729169770201,201,395.0,1840.0,581,0.7853260869565217,0.09836164556534897,359.0,49
Wainberg,51,0.1,0.1,"GoCoGrid-oracle (grid path, all blocks)",adapt_800_to_775_q0.4,0.018210761511090204,0.09392165565674374,0.28282618712360863,0.09031216266500945,209,401.0,2012.0,562,0.8006958250497018,0.0925978108259282,369.0,144
Wainberg,51,0.1,0.1,"GoCoGrid-knapk0.5 (grid path, all blocks)",adapt_800_to_775_q0.175,0.05151300225690178,0.09521775873993298,0.28555129300486526,0.0906746293225083,197,385.0,1827.0,557,0.789272030651341,0.09244110751637631,355.0,30
Wainberg,51,0.1,0.1,"GoCoGrid-knapk2 (grid path, all blocks)",adapt_800_to_775_q0.15,0.062004513831007704,0.09548159336976465,0.28596882795935546,0.09104750114825266,194,381.0,1854.0,558,0.7944983818770227,0.09270844958272852,352.0,27
Wainberg,51,0.1,0.1,"GoCoGrid-knapk4 (grid path, all blocks)",adapt_800_to_775_q0.125,0.08979317610133303,0.09604913282538437,0.28659309904440156,0.09183247201537824,195,382.0,1882.0,562,0.7970244420828906,0.0934934204498541,353.0,31
Wainberg,51,0.1,0.5,"GoCoGrid-oracle (grid path, all blocks)",adapt_800_to_775_q0.4,0.018210761511090204,0.09392165565674374,0.28282618712360863,0.09031216266500945,209,401.0,2012.0,562,0.8006958250497018,0.0925978108259282,369.0,144
Wainberg,51,0.1,0.5,"GoCoGrid-knapk0.5 (grid path, all blocks)",adapt_800_to_775_q0.25,0.4673290009681955,0.09975459898896795,0.29138898195411733,0.09506317945775124,198,387.0,1951.0,577,0.8016401845207586,0.09681606983059114,357.0,68
Wainberg,51,0.1,0.5,"GoCoGrid-knapk2 (grid path, all blocks)",adapt_800_to_775_q0.25,0.3844226530969962,0.09912232468701672,0.2907307614743944,0.09465444132327128,196,385.0,1963.0,574,0.803871625063678,0.09630952699054088,356.0,57
Wainberg,51,0.1,0.5,"GoCoGrid-knapk4 (grid path, all blocks)",adapt_800_to_775_q0.225,0.40109162764312545,0.09925129189277558,0.29093845187765527,0.0951117369514973,195,384.0,1969.0,576,0.8049771457592687,0.0967668226187669,355.0,58
Wainberg,52,0.1,0.1,"GoCoGrid-oracle (grid path, all blocks)",adapt_800_to_775_q0.4,0.020532816658261618,0.09405172105937161,0.28345670379037485,0.08671883452776466,220,402.0,1881.0,557,0.7862838915470495,0.08977652502782035,370.0,143
Wainberg,52,0.1,0.1,"GoCoGrid-knapk0.5 (grid path, all blocks)",adapt_800_to_775_q0.075,0.0675183889570161,0.09560886211359163,0.28602728738119754,0.08897352917139517,200,367.0,1704.0,558,0.7846244131455399,0.09138365517303178,341.0,21
Wainberg,52,0.1,0.1,"GoCoGrid-knapk2 (grid path, all blocks)",adapt_800_to_775_q0.075,0.06913695996236695,0.0956440349924636,0.2860872545880222,0.08916113763393456,200,367.0,1712.0,558,0.7856308411214953,0.09138365517303178,341.0,22
Wainberg,52,0.1,0.1,"GoCoGrid-knapk4 (grid path, all blocks)",adapt_800_to_775_q0.075,0.07170640085166306,0.09569858721119072,0.2861824667204019,0.08914706700018761,200,367.0,1711.0,558,0.7855055523085914,0.09136958453928483,341.0,21
Wainberg,52,0.1,0.5,"GoCoGrid-oracle (grid path, all blocks)",adapt_800_to_775_q0.4,0.020532816658261618,0.09405172105937161,0.28345670379037485,0.08671883452776466,220,402.0,1881.0,557,0.7862838915470495,0.08977652502782035,370.0,143
Wainberg,52,0.1,0.5,"GoCoGrid-knapk0.5 (grid path, all blocks)",adapt_800_to_775_q0.125,0.45409582938912973,0.0996548656656846,0.29135319911871527,0.09355497188196246,208,378.0,1872.0,580,0.7980769230769231,0.09604690561079687,348.0,67
Wainberg,52,0.1,0.5,"GoCoGrid-knapk2 (grid path, all blocks)",adapt_800_to_775_q0.125,0.2968953268229535,0.0984126769687866,0.2897261344604977,0.09124976474871964,207,377.0,1814.0,569,0.7921719955898566,0.0935383640125916,348.0,46
Wainberg,52,0.1,0.5,"GoCoGrid-knapk4 (grid path, all blocks)",adapt_800_to_775_q0.15,0.36289862307636167,0.09895345991697696,0.2904884289240066,0.09185379698602093,208,378.0,1835.0,572,0.7940054495912806,0.09414239624989289,349.0,51
Wainberg,53,0.1,0.1,"GoCoGrid-oracle (grid path, all blocks)",adapt_800_to_775_q0.4,0.004563887039444724,0.09247806250822624,0.2808572491558215,0.09698808213649494,239,418.0,2079.0,608,0.798941798941799,0.09969868938056867,386.0,156
Wainberg,53,0.1,0.1,"GoCoGrid-knapk0.5 (grid path, all blocks)",adapt_800_to_775_q0.15,0.07200210341972461,0.0956977980770151,0.286657853929007,0.09919872339351009,229,399.0,1929.0,619,0.7931570762052877,0.10143587053287578,371.0,42
Wainberg,53,0.1,0.1,"GoCoGrid-knapk2 (grid path, all blocks)",adapt_800_to_775_q0.15,0.09523337306445218,0.09613653781045599,0.2872805616100448,0.09986209518713708,229,397.0,1960.0,622,0.7974489795918367,0.10209924232650276,369.0,44
Wainberg,53,0.1,0.1,"GoCoGrid-knapk4 (grid path, all blocks)",adapt_800_to_775_q0.15,0.09275500885471649,0.09609433036335689,0.28717712780933147,0.10007315470592137,229,397.0,1967.0,623,0.7981698017285206,0.10231030184528705,369.0,45
Wainberg,53,0.1,0.5,"GoCoGrid-oracle (grid path, all blocks)",adapt_800_to_775_q0.5,0.38814285746519583,0.09915446034303707,0.2896692423218211,0.10311383342644795,241,420.0,2148.0,633,0.8044692737430168,0.10589479383925639,387.0,188
Wainberg,53,0.1,0.5,"GoCoGrid-knapk0.5 (grid path, all blocks)",adapt_800_to_775_q0.2,0.32770423523059095,0.09866794179411545,0.2905824400753743,0.10195995980788002,231,402.0,2032.0,631,0.8021653543307087,0.10426159734877417,373.0,71
Wainberg,53,0.1,0.5,"GoCoGrid-knapk2 (grid path, all blocks)",adapt_800_to_775_q0.2,0.3741804610493692,0.09904060677248956,0.2911359767731948,0.10199161873066562,230,401.0,2031.0,631,0.8025603151157066,0.10429325627155976,372.0,68
Wainberg,53,0.1,0.5,"GoCoGrid-knapk4 (grid path, all blocks)",adapt_800_to_775_q0.2,0.1794662403839839,0.09727907002560257,0.2887310794302803,0.10101325864364649,230,398.0,1998.0,627,0.8008008008008008,0.1033207589517469,369.0,55
Wainberg,54,0.1,0.1,"GoCoGrid-oracle (grid path, all blocks)",adapt_800_to_775_q0.4,0.02668848402144908,0.0943655454245778,0.28393046896326324,0.09035455173533292,207,387.0,1917.0,561,0.7981220657276995,0.09264161610726618,357.0,146
Wainberg,54,0.1,0.1,"GoCoGrid-knapk0.5 (grid path, all blocks)",adapt_800_to_775_q0.1,0.04533347015722252,0.09503891108891903,0.2854567490484128,0.09003860801112405,190,357.0,1631.0,552,0.7811158798283262,0.09180857658184949,333.0,5
Wainberg,54,0.1,0.1,"GoCoGrid-knapk2 (grid path, all blocks)",adapt_800_to_775_q0.05,0.033386266078154855,0.09463530235323483,0.2848855104169021,0.09009958075736081,189,355.0,1622.0,552,0.781134401972873,0.09186954932808625,331.0,2
Wainberg,54,0.1,0.1,"GoCoGrid-knapk4 (grid path, all blocks)",adapt_800_to_775_q0.02,0.07982329625390833,0.09585935265294382,0.28664060108631906,0.0904982487386845,190,357.0,1655.0,553,0.7842900302114804,0.09203370673438073,333.0,7
Wainberg,54,0.1,0.5,"GoCoGrid-oracle (grid path, all blocks)",adapt_800_to_775_q0.4,0.02668848402144908,0.0943655454245778,0.28393046896326324,0.09035455173533292,207,387.0,1917.0,561,0.7981220657276995,0.09264161610726618,357.0,146
Wainberg,54,0.1,0.5,"GoCoGrid-knapk0.5 (grid path, all blocks)",adapt_800_to_775_q0.175,0.34888758039410384,0.09884117498256441,0.2905075211375605,0.09280981111968052,194,366.0,1779.0,563,0.7942664418212478,0.09412415913762599,341.0,38
Wainberg,54,0.1,0.5,"GoCoGrid-knapk2 (grid path, all blocks)",adapt_800_to_775_q0.175,0.41943026779192644,0.09939163047150115,0.29124343400830177,0.09432781612403839,194,366.0,1846.0,570,0.8017334777898159,0.09564216414198386,341.0,49
Wainberg,54,0.1,0.5,"GoCoGrid-knapk4 (grid path, all blocks)",adapt_800_to_775_q0.15,0.38740410863807684,0.09914516911289543,0.2908781099280348,0.09480270004130306,193,365.0,1852.0,572,0.8029157667386609,0.09611704805924853,340.0,50
Wainberg,55,0.1,0.1,"GoCoGrid-oracle (grid path, all blocks)",adapt_800_to_775_q0.4,0.007401519377354608,0.09293522122943529,0.28219517104697084,0.08886233570015648,239,451.0,2003.0,585,0.7748377433849226,0.09133851612140077,423.0,149
Wainberg,55,0.1,0.1,"GoCoGrid-knapk0.5 (grid path, all blocks)",adapt_800_to_775_q0.125,0.04154608949027965,0.0949175021304251,0.28550200490321087,0.09066831402609549,222,421.0,1804.0,582,0.766629711751663,0.09243468118146685,399.0,24
Wainberg,55,0.1,0.1,"GoCoGrid-knapk2 (grid path, all blocks)",adapt_800_to_775_q0.1,0.07235552536727105,0.09570690770544582,0.28655512393764576,0.09132243103495928,221,423.0,1851.0,584,0.7714748784440842,0.09308879819033064,401.0,31
Wainberg,55,0.1,0.1,"GoCoGrid-knapk4 (grid path, all blocks)",adapt_800_to_775_q0.075,0.08297471553009661,0.09591794495352012,0.2868526386865319,0.09116466937813894,221,423.0,1842.0,584,0.7703583061889251,0.0929310365335103,401.0,27
Wainberg,55,0.1,0.5,"GoCoGrid-oracle (grid path, all blocks)",adapt_800_to_775_q0.5,0.43302586088639705,0.09949742523322216,0.290057140141652,0.09685056823285736,243,463.0,2131.0,610,0.7827311121539183,0.09931971332464806,433.0,204
Wainberg,55,0.1,0.5,"GoCoGrid-knapk0.5 (grid path, all blocks)",adapt_800_to_775_q0.15,0.28713750580667974,0.0983266587830727,0.2899772917268404,0.09334039456006997,225,432.0,1948.0,592,0.7782340862422998,0.09495902004851828,409.0,61
Wainberg,55,0.1,0.5,"GoCoGrid-knapk2 (grid path, all blocks)",adapt_800_to_775_q0.175,0.31080390736834945,0.09852831659767212,0.2902675517090627,0.09375899592976673,225,431.0,1955.0,594,0.779539641943734,0.09537762141821504,408.0,59
Wainberg,55,0.1,0.5,"GoCoGrid-knapk4 (grid path, all blocks)",adapt_800_to_775_q0.175,0.33608757181634913,0.09873700898757423,0.29055364631308855,0.09378127443005436,225,429.0,1953.0,594,0.7803379416282642,0.09539989991850267,406.0,57
Wainberg,56,0.1,0.1,"GoCoGrid-oracle (grid path, all blocks)",adapt_800_to_775_q0.5,0.023184274006678805,0.09423272890783983,0.281845746439861,0.09931381684898978,198,361.0,2012.0,589,0.8205765407554672,0.10130154524185628,328.0,173
Wainberg,56,0.1,0.1,"GoCoGrid-knapk0.5 (grid path, all blocks)",adapt_800_to_775_q0.15,0.010190623554665292,0.09326891944329674,0.28253473108304133,0.0988415916048937,181,334.0,1853.0,582,0.8197517539125742,0.1001546063809115,305.0,43
Wainberg,56,0.1,0.1,"GoCoGrid-knapk2 (grid path, all blocks)",adapt_800_to_775_q0.15,0.012188690971689248,0.09345885296782147,0.28287138112873467,0.09898229795494327,179,331.0,1850.0,581,0.8210810810810811,0.10018978297156893,303.0,40
Wainberg,56,0.1,0.1,"GoCoGrid-knapk4 (grid path, all blocks)",adapt_800_to_775_q0.2,0.024662077318512346,0.09426613808168796,0.2839540048918718,0.10024865506764906,179,331.0,1880.0,587,0.823936170212766,0.10145614008427471,303.0,46
Wainberg,56,0.1,0.5,"GoCoGrid-oracle (grid path, all blocks)",adapt_800_to_775_q0.5,0.023184274006678805,0.09423272890783983,0.281845746439861,0.09931381684898978,198,361.0,2012.0,589,0.8205765407554672,0.10130154524185628,328.0,173
Wainberg,56,0.1,0.5,"GoCoGrid-knapk0.5 (grid path, all blocks)",adapt_800_to_775_q0.175,0.2927856268185506,0.09837862075324852,0.2894758960367579,0.10154551826653324,182,337.0,1937.0,594,0.8260196179659267,0.10285080798872918,308.0,71
Wainberg,56,0.1,0.5,"GoCoGrid-knapk2 (grid path, all blocks)",adapt_800_to_775_q0.225,0.4835098875987473,0.09987617353478778,0.2915490567055664,0.10369129004503364,182,336.0,1980.0,604,0.8303030303030303,0.10499657976722959,307.0,80
Wainberg,56,0.1,0.5,"GoCoGrid-knapk4 (grid path, all blocks)",adapt_800_to_775_q0.225,0.44845314261817293,0.09961237697469492,0.29123196932209267,0.10337470076685719,180,334.0,1972.0,601,0.8306288032454361,0.10457446072966099,306.0,76
Wainberg,57,0.1,0.1,"GoCoGrid-oracle (grid path, all blocks)",adapt_800_to_775_q0.35,0.03716619920843527,0.09481110687407811,0.28306002326799645,0.09825987940903402,202,393.0,2008.0,579,0.8042828685258964,0.10048990746045626,362.0,165
Wainberg,57,0.1,0.1,"GoCoGrid-knapk0.5 (grid path, all blocks)",adapt_800_to_775_q0.15,0.0763646542770038,0.09579424454801204,0.2863231237452963,0.09879221982936308,195,368.0,1891.0,590,0.8053939714436806,0.10071454332404722,342.0,49
Wainberg,57,0.1,0.1,"GoCoGrid-knapk2 (grid path, all blocks)",adapt_800_to_775_q0.15,0.0879170010316061,0.09601434147881847,0.2866256166511589,0.09879221982936308,195,368.0,1890.0,590,0.8052910052910053,0.10071454332404722,342.0,48
Wainberg,57,0.1,0.1,"GoCoGrid-knapk4 (grid path, all blocks)",adapt_800_to_775_q0.125,0.07816421693246298,0.09582968388675348,0.28639971495512195,0.09900327934814737,195,368.0,1895.0,591,0.8058047493403694,0.10092560284283152,342.0,49
Wainberg,57,0.1,0.5,"GoCoGrid-oracle (grid path, all blocks)",adapt_800_to_775_q0.4,0.10926942771675086,0.09639388623463525,0.2853123215290708,0.09931517700295552,202,393.0,2017.0,584,0.8051561725334655,0.10154520505437774,362.0,170
Wainberg,57,0.1,0.5,"GoCoGrid-knapk0.5 (grid path, all blocks)",adapt_800_to_775_q0.175,0.34869379554017244,0.0988399642667552,0.2904192696058115,0.10366972450303749,195,370.0,2007.0,610,0.8156452416542103,0.10559018571110605,344.0,88
Wainberg,57,0.1,0.5,"GoCoGrid-knapk2 (grid path, all blocks)",adapt_800_to_775_q0.2,0.31607633159610593,0.09857350309774747,0.29009724702038436,0.10402149037187136,195,369.0,2009.0,612,0.8163265306122449,0.10594195157993992,343.0,86
Wainberg,57,0.1,0.5,"GoCoGrid-knapk4 (grid path, all blocks)",adapt_800_to_775_q0.225,0.47279673506046327,0.09979549402773374,0.29173833367470126,0.1050826507329991,195,369.0,2037.0,617,0.8188512518409425,0.10699724917386141,343.0,95
Wainberg,58,0.1,0.1,"GoCoGrid-oracle (grid path, all blocks)",adapt_800_to_775_q0.4,0.015150330351801366,0.09371447398231869,0.28248213930940447,0.0895822814285579,201,388.0,1918.0,555,0.7977059436913452,0.09225930338949531,356.0,136
Wainberg,58,0.1,0.1,"GoCoGrid-knapk0.5 (grid path, all blocks)",adapt_800_to_775_q0.125,0.05134862826391336,0.09521538741675134,0.285420071696802,0.09149444286124572,188,365.0,1805.0,555,0.7977839335180056,0.09367791063526905,336.0,39
Wainberg,58,0.1,0.1,"GoCoGrid-knapk2 (grid path, all blocks)",adapt_800_to_775_q0.15,0.09554673754311643,0.09614981345811122,0.28669819190954715,0.09311306836856423,187,364.0,1869.0,562,0.8052434456928839,0.09527015370273953,335.0,45
Wainberg,58,0.1,0.1,"GoCoGrid-knapk4 (grid path, all blocks)",adapt_800_to_775_q0.125,0.07140245864136405,0.09569256608938007,0.2861477767668181,0.09247988981221134,185,361.0,1850.0,558,0.8048648648648649,0.09453144538699448,333.0,38
Wainberg,58,0.1,0.5,"GoCoGrid-oracle (grid path, all blocks)",adapt_800_to_775_q0.4,0.015150330351801366,0.09371447398231869,0.28248213930940447,0.0895822814285579,201,388.0,1918.0,555,0.7977059436913452,0.09225930338949531,356.0,136
Wainberg,58,0.1,0.5,"GoCoGrid-knapk0.5 (grid path, all blocks)",adapt_800_to_775_q0.15,0.11459326459729224,0.09645502569272421,0.2869980785814568,0.09220970012703592,189,366.0,1830.0,558,0.8,0.09435505993308876,337.0,45
Wainberg,58,0.1,0.5,"GoCoGrid-knapk2 (grid path, all blocks)",adapt_800_to_775_q0.2,0.4997591811309024,0.09999819035436755,0.2918424793160209,0.09424560665675435,187,364.0,1905.0,567,0.8089238845144356,0.0963891041761916,335.0,57
Wainberg,58,0.1,0.5,"GoCoGrid-knapk4 (grid path, all blocks)",adapt_800_to_775_q0.175,0.12290797858173902,0.09657490277190972,0.2873003921547027,0.09321859812795638,185,362.0,1865.0,561,0.8058981233243968,0.09527015370273953,334.0,42
Wainberg,59,0.1,0.1,"GoCoGrid-oracle (grid path, all blocks)",adapt_800_to_775_q0.4,0.0066492071311791325,0.09283437111860239,0.2817707571564281,0.09256240201240454,217,405.0,2051.0,581,0.802535348610434,0.09511781348023247,372.0,154
Wainberg,59,0.1,0.1,"GoCoGrid-knapk0.5 (grid path, all blocks)",adapt_800_to_775_q0.125,0.01825042663737114,0.09390364876697999,0.2837842746547819,0.09362962490687546,200,372.0,1826.0,576,0.7962760131434831,0.09545831168097954,344.0,21
Wainberg,59,0.1,0.1,"GoCoGrid-knapk2 (grid path, all blocks)",adapt_800_to_775_q0.125,0.036852191120903745,0.09476473239673346,0.2849698730890947,0.09590772766448516,195,370.0,1889.0,584,0.8041291688724193,0.0976308846791971,343.0,29
Wainberg,59,0.1,0.1,"GoCoGrid-knapk4 (grid path, all blocks)",adapt_800_to_775_q0.075,0.0376213870144941,0.09479111205274274,0.28504208908240175,0.09611878718326947,195,370.0,1894.0,585,0.8046462513199577,0.09784194419798141,343.0,30
Wainberg,59,0.1,0.5,"GoCoGrid-oracle (grid path, all blocks)",adapt_800_to_775_q0.5,0.22503739805694917,0.09777059098411817,0.28735004250368834,0.10007427832203708,220,410.0,2154.0,606,0.8096564531104921,0.1026899924996333,375.0,200
Wainberg,59,0.1,0.5,"GoCoGrid-knapk0.5 (grid path, all blocks)",adapt_800_to_775_q0.15,0.1966064088838511,0.09746982337500308,0.28848775126184617,0.10025481968086548,205,382.0,2058.0,606,0.814382896015549,0.10216255030296381,352.0,81
Wainberg,59,0.1,0.5,"GoCoGrid-knapk2 (grid path, all blocks)",adapt_800_to_775_q0.175,0.4332016830642752,0.09949678590705378,0.29119784449121366,0.10223760660902867,205,383.0,2124.0,614,0.8196798493408662,0.10420982763265547,352.0,100
Wainberg,59,0.1,0.5,"GoCoGrid-knapk4 (grid path, all blocks)",adapt_800_to_775_q0.15,0.274124325352435,0.09821456713450412,0.2894996293260587,0.10154580040577345,199,377.0,2080.0,609,0.81875,0.10334800126847964,348.0,82
Wainberg,60,0.1,0.1,"GoCoGrid-oracle (grid path, all blocks)",adapt_800_to_775_q0.4,0.003605796974668797,0.09224534631593073,0.28095993730691227,0.08847508735486152,210,359.0,1809.0,557,0.8015478164731896,0.09190673085771668,315.0,138
Wainberg,60,0.1,0.1,"GoCoGrid-knapk0.5 (grid path, all blocks)",adapt_800_to_775_q0.175,0.08802035631858651,0.09601852346211279,0.28646186545514696,0.0918503997241233,202,343.0,1722.0,567,0.8008130081300813,0.09473982128778959,303.0,51
Wainberg,60,0.1,0.1,"GoCoGrid-knapk2 (grid path, all blocks)",adapt_800_to_775_q0.125,0.02835532644783664,0.09443082407681364,0.28451790757619955,0.09029659965229266,195,334.0,1648.0,556,0.7973300970873787,0.09288702022682116,298.0,25
Wainberg,60,0.1,0.1,"GoCoGrid-knapk4 (grid path, all blocks)",adapt_800_to_775_q0.15,0.09678107505513656,0.09616926435089897,0.28683783274140684,0.09212929980790832,197,338.0,1714.0,564,0.8028004667444574,0.09480766185279031,300.0,40
Wainberg,60,0.1,0.5,"GoCoGrid-oracle (grid path, all blocks)",adapt_800_to_775_q0.5,0.36430762779833203,0.0989705498310739,0.28883590148833854,0.09566266902983063,212,366.0,1883.0,582,0.8056293149229952,0.09911190082801451,320.0,184
Wainberg,60,0.1,0.5,"GoCoGrid-knapk0.5 (grid path, all blocks)",adapt_800_to_775_q0.225,0.4302599260159901,0.09947456136602156,0.29110851075369737,0.09386543947031802,202,347.0,1789.0,575,0.8060368921185019,0.09676407393950257,306.0,72
Wainberg,60,0.1,0.5,"GoCoGrid-knapk2 (grid path, all blocks)",adapt_800_to_775_q0.2,0.2953746669236885,0.09839909899281313,0.2898138413427349,0.09354885019214157,198,340.0,1761.0,571,0.8069278818852924,0.09623642514254183,301.0,56
Wainberg,60,0.1,0.5,"GoCoGrid-knapk4 (grid path, all blocks)",adapt_800_to_775_q0.175,0.23715329789044876,0.09787521641742734,0.2890991716336952,0.09381267459062194,197,339.0,1775.0,572,0.8090140845070423,0.0965002495410222,300.0,57
Wainberg,61,0.1,0.1,"GoCoGrid-oracle (grid path, all blocks)",adapt_800_to_775_q0.4,0.000701925048355915,0.09083401462794533,0.27938234408743656,0.09531139430490512,222,415.0,2083.0,588,0.8007681228996639,0.09739243201738473,387.0,157
Wainberg,61,0.1,0.1,"GoCoGrid-knapk0.5 (grid path, all blocks)",adapt_800_to_775_q0.175,0.013617793948963517,0.09356450875659929,0.2837223615011715,0.09764743379937188,211,402.0,1920.0,593,0.790625,0.09894519328832023,379.0,35
Wainberg,61,0.1,0.1,"GoCoGrid-knapk2 (grid path, all blocks)",adapt_800_to_775_q0.175,0.05828159907803272,0.09538661505230195,0.2861748796795559,0.09888200635155729,213,404.0,2005.0,598,0.798503740648379,0.10007297977295643,381.0,52
Wainberg,61,0.1,0.1,"GoCoGrid-knapk4 (grid path, all blocks)",adapt_800_to_775_q0.125,0.09786105457478966,0.09618101955023045,0.28734502208073576,0.099866950770454,212,402.0,2021.0,602,0.8010885700148441,0.10105792419185312,379.0,55
Wainberg,61,0.1,0.5,"GoCoGrid-oracle (grid path, all blocks)",adapt_800_to_775_q0.5,0.12868839541952998,0.09667469800568915,0.2858149728997578,0.10181157347546091,225,425.0,2194.0,611,0.8062898814949864,0.10374595831219482,395.0,201
Wainberg,61,0.1,0.5,"GoCoGrid-knapk0.5 (grid path, all blocks)",adapt_800_to_775_q0.225,0.3257279620770751,0.0986520176604225,0.29048960480687136,0.10248459134299627,216,409.0,2085.0,615,0.8038369304556355,0.1038045455737424,384.0,84
Wainberg,61,0.1,0.5,"GoCoGrid-knapk2 (grid path, all blocks)",adapt_800_to_775_q0.225,0.4828874817242705,0.09987120226008285,0.29221773994552647,0.10457408057392877,216,408.0,2130.0,625,0.8084507042253521,0.10589403480467488,383.0,93
Wainberg,61,0.1,0.5,"GoCoGrid-knapk4 (grid path, all blocks)",adapt_800_to_775_q0.175,0.4382024785115213,0.09953374822088544,0.291841408997701,0.10382833694131025,215,406.0,2115.0,620,0.8080378250591016,0.10497944355451291,381.0,86
Wainberg,62,0.1,0.1,"GoCoGrid-oracle (grid path, all blocks)",adapt_800_to_775_q0.4,0.008881406670169035,0.09314006655681885,0.28171546653327056,0.09153060880503407,217,434.0,1967.0,574,0.7793594306049823,0.09405319643340165,401.0,159
Wainberg,62,0.1,0.1,"GoCoGrid-knapk0.5 (grid path, all blocks)",adapt_800_to_775_q0.125,0.021059033914675406,0.09406624626852961,0.28422750385424334,0.09284878221020863,203,406.0,1813.0,577,0.7760617760617761,0.09533076895319897,376.0,35
Wainberg,62,0.1,0.1,"GoCoGrid-knapk2 (grid path, all blocks)",adapt_800_to_775_q0.125,0.08013865656954361,0.09586410840798924,0.2867439940180581,0.09523978505288312,206,411.0,1893.0,588,0.7828843106180665,0.09751473245186965,380.0,53
Wainberg,62,0.1,0.1,"GoCoGrid-knapk4 (grid path, all blocks)",adapt_800_to_775_q0.125,0.09665569461599627,0.09616307784066468,0.28713937715563376,0.0955563743247695,206,408.0,1902.0,589,0.7854889589905363,0.09786649831441345,376.0,54
Wainberg,62,0.1,0.5,"GoCoGrid-oracle (grid path, all blocks)",adapt_800_to_775_q0.4,0.008881406670169035,0.09314006655681885,0.28171546653327056,0.09153060880503407,217,434.0,1967.0,574,0.7793594306049823,0.09405319643340165,401.0,159
Wainberg,62,0.1,0.5,"GoCoGrid-knapk0.5 (grid path, all blocks)",adapt_800_to_775_q0.15,0.3140159698100994,0.09855550328355883,0.29024137556152163,0.0966111891201248,208,415.0,1940.0,594,0.7860824742268041,0.09894055676905603,383.0,72
Wainberg,62,0.1,0.5,"GoCoGrid-knapk2 (grid path, all blocks)",adapt_800_to_775_q0.175,0.47250231780619617,0.09979316975083723,0.29188996064279976,0.09867370963794815,209,416.0,2007.0,604,0.7927254608868959,0.10104059898158879,383.0,89
Wainberg,62,0.1,0.5,"GoCoGrid-knapk4 (grid path, all blocks)",adapt_800_to_775_q0.175,0.3881246918315398,0.09914984111828908,0.2912031341403973,0.09765358862210397,209,413.0,1968.0,599,0.7901422764227642,0.10008496837356314,379.0,75
Wainberg,63,0.1,0.1,"GoCoGrid-oracle (grid path, all blocks)",adapt_800_to_775_q0.4,0.07330264820223142,0.09577133252680572,0.28358541012728566,0.09385328141381943,184,340.0,1861.0,561,0.8173025255239119,0.0961814689304115,317.0,156
Wainberg,63,0.1,0.1,"GoCoGrid-knapk0.5 (grid path, all blocks)",adapt_800_to_775_q0.15,0.059718188335589686,0.09544320932131622,0.28488253972236327,0.09331483952150711,171,318.0,1687.0,559,0.8114997036158862,0.09557503867546885,296.0,31
Wainberg,63,0.1,0.1,"GoCoGrid-knapk2 (grid path, all blocks)",adapt_800_to_775_q0.15,0.08404337320338545,0.09595416296873714,0.2857430194913959,0.09463396151390897,170,316.0,1723.0,565,0.816598955310505,0.09678863090847856,295.0,35
Wainberg,63,0.1,0.1,"GoCoGrid-knapk4 (grid path, all blocks)",adapt_800_to_775_q0.15,0.0908557442128376,0.09607726803221028,0.28594264035970296,0.09422063662400473,170,314.0,1713.0,563,0.8166958552247519,0.09637530601857432,293.0,32
Wainberg,63,0.1,0.5,"GoCoGrid-oracle (grid path, all blocks)",adapt_800_to_775_q0.4,0.07330264820223142,0.09577133252680572,0.28358541012728566,0.09385328141381943,184,340.0,1861.0,561,0.8173025255239119,0.0961814689304115,317.0,156
Wainberg,63,0.1,0.5,"GoCoGrid-knapk0.5 (grid path, all blocks)",adapt_800_to_775_q0.2,0.382919963031314,0.0991137377438986,0.28969609751214603,0.09666936551784855,171,318.0,1774.0,574,0.8207440811724915,0.0989277023851947,296.0,58
Wainberg,63,0.1,0.5,"GoCoGrid-knapk2 (grid path, all blocks)",adapt_800_to_775_q0.25,0.48028573301898536,0.0998523681121586,0.29071549128656204,0.09814678214933863,171,318.0,1821.0,581,0.8253706754530478,0.10040511901668478,296.0,67
Wainberg,63,0.1,0.5,"GoCoGrid-knapk4 (grid path, all blocks)",adapt_800_to_775_q0.2,0.2423745634379938,0.0979302923175508,0.28837874535147506,0.09632429995079894,170,316.0,1763.0,573,0.8207600680657969,0.09847710705875294,295.0,46
Wainberg,64,0.1,0.1,"GoCoGrid-oracle (grid path, all blocks)",adapt_800_to_775_q0.4,0.012453460006447805,0.09352407673089026,0.2810853423984549,0.0969791701067445,208,361.0,1994.0,581,0.8189568706118355,0.09966808509391388,325.0,182
Wainberg,64,0.1,0.1,"GoCoGrid-knapk0.5 (grid path, all blocks)",adapt_800_to_775_q0.125,0.037013136263160405,0.09477496798580377,0.2847300470441748,0.09743061742704848,190,330.0,1823.0,580,0.8189797037849699,0.09963057787421385,299.0,46
Wainberg,64,0.1,0.1,"GoCoGrid-knapk2 (grid path, all blocks)",adapt_800_to_775_q0.125,0.04301816168697876,0.09497076364946955,0.28519788077840114,0.09753614718644063,188,328.0,1823.0,580,0.8200767964893033,0.09973610763360599,297.0,43
Wainberg,64,0.1,0.1,"GoCoGrid-knapk4 (grid path, all blocks)",adapt_800_to_775_q0.15,0.07912442564291677,0.09584949930452327,0.28636065069856365,0.09844911490193949,191,331.0,1856.0,584,0.8216594827586207,0.1004802277315614,300.0,51
Wainberg,64,0.1,0.5,"GoCoGrid-oracle (grid path, all blocks)",adapt_800_to_775_q0.5,0.46650215342643436,0.09974967554908168,0.2898815683786509,0.10204459855756763,208,361.0,2031.0,605,0.8222550467749877,0.104733513544737,325.0,206
Wainberg,64,0.1,0.5,"GoCoGrid-knapk0.5 (grid path, all blocks)",adapt_800_to_775_q0.15,0.2595438091959461,0.09808533156869079,0.2890919600435329,0.10030337199317146,193,333.0,1906.0,594,0.8252885624344176,0.10247988137780185,302.0,71
Wainberg,64,0.1,0.5,"GoCoGrid-knapk2 (grid path, all blocks)",adapt_800_to_775_q0.225,0.49605764040329126,0.09997039208957335,0.2916687902905623,0.10244752023071868,193,333.0,1959.0,603,0.8300153139356815,0.10445518199780562,302.0,86
Wainberg,64,0.1,0.5,"GoCoGrid-knapk4 (grid path, all blocks)",adapt_800_to_775_q0.2,0.4995702470478762,0.09999677174558264,0.2917388773588141,0.1016032821555815,193,333.0,1948.0,599,0.8290554414784395,0.10361094392266842,302.0,82
Wainberg,65,0.1,0.1,"GoCoGrid-oracle (grid path, all blocks)",adapt_800_to_775_q0.35,0.01188796025018901,0.09342727377512315,0.28302975563724075,0.09244682091343699,219,401.0,1920.0,573,0.7911458333333333,0.0950597712558601,371.0,140
Wainberg,65,0.1,0.1,"GoCoGrid-knapk0.5 (grid path, all blocks)",adapt_800_to_775_q0.1,0.028208504690470905,0.09441788337902264,0.28484027293524394,0.09311818484643081,193,359.0,1693.0,560,0.7879503839338452,0.09487350331599725,336.0,10
Wainberg,65,0.1,0.1,"GoCoGrid-knapk2 (grid path, all blocks)",adapt_800_to_775_q0.1,0.0964629094040676,0.09615745143374273,0.2873115107883607,0.09430715347981845,195,365.0,1783.0,565,0.7952888390353338,0.09605074641497238,341.0,24
Wainberg,65,0.1,0.1,"GoCoGrid-knapk4 (grid path, all blocks)",adapt_800_to_775_q0.05,0.09062396934060118,0.09605632941956459,0.2871638991877111,0.09494033203617135,195,365.0,1800.0,568,0.7972222222222223,0.09668392497132527,341.0,27
Wainberg,65,0.1,0.5,"GoCoGrid-oracle (grid path, all blocks)",adapt_800_to_775_q0.4,0.2249790537400571,0.09777043015157873,0.2872967757132423,0.09650406990249029,223,410.0,2019.0,583,0.7969291728578505,0.099077153443007,378.0,176
Wainberg,65,0.1,0.5,"GoCoGrid-knapk0.5 (grid path, all blocks)",adapt_800_to_775_q0.1,0.028208504690470905,0.09441788337902264,0.28484027293524394,0.09311818484643081,193,359.0,1693.0,560,0.7879503839338452,0.09487350331599725,336.0,10
Wainberg,65,0.1,0.5,"GoCoGrid-knapk2 (grid path, all blocks)",adapt_800_to_775_q0.15,0.34570766775450157,0.0988147830504323,0.29067910406251335,0.09640443182258276,199,371.0,1870.0,575,0.8016042780748663,0.09801435373085066,346.0,45
Wainberg,65,0.1,0.5,"GoCoGrid-knapk4 (grid path, all blocks)",adapt_800_to_775_q0.125,0.3484510859775283,0.09883676609972729,0.2907292911020225,0.09647126733602578,198,369.0,1866.0,575,0.8022508038585209,0.09808118924429367,344.0,43
Wainberg,66,0.1,0.1,"GoCoGrid-oracle (grid path, all blocks)",adapt_800_to_775_q0.35,0.010728351523471857,0.09333178368602936,0.28225754072016684,0.09218357710357254,211,391.0,2022.0,574,0.8066271018793274,0.09500055161016609,359.0,154
Wainberg,66,0.1,0.1,"GoCoGrid-knapk0.5 (grid path, all blocks)",adapt_800_to_775_q0.1,0.07112105966447972,0.09569427297203252,0.28563145601278117,0.09589272442184556,194,359.0,1896.0,579,0.8106540084388185,0.09814528223644485,330.0,45
Wainberg,66,0.1,0.1,"GoCoGrid-knapk2 (grid path, all blocks)",adapt_800_to_775_q0.1,0.09498085595701311,0.09614568397243956,0.2862740515737515,0.09600880715969294,194,359.0,1913.0,580,0.8123366440146367,0.09826136497429223,330.0,45
Wainberg,66,0.1,0.1,"GoCoGrid-knapk4 (grid path, all blocks)",adapt_800_to_775_q0.1,0.05767877237436282,0.09538102502877342,0.2855756941771788,0.09451216903038295,192,357.0,1845.0,573,0.8065040650406504,0.09671196196528617,329.0,27
Wainberg,66,0.1,0.5,"GoCoGrid-oracle (grid path, all blocks)",adapt_800_to_775_q0.4,0.16490273444852482,0.09713660942372282,0.2860431886693116,0.09635937294725025,214,396.0,2092.0,584,0.8107074569789675,0.09914703363039264,361.0,184
Wainberg,66,0.1,0.5,"GoCoGrid-knapk0.5 (grid path, all blocks)",adapt_800_to_775_q0.15,0.38231771730916675,0.09910729555225428,0.29026350242001714,0.09997354348144133,197,365.0,2026.0,598,0.8198420533070089,0.10229059169756909,335.0,84
Wainberg,66,0.1,0.5,"GoCoGrid-knapk2 (grid path, all blocks)",adapt_800_to_775_q0.2,0.4854396639009705,0.09989077133698794,0.2912824187324989,0.10055395715809815,197,365.0,2049.0,600,0.8218643240605173,0.1028710053742259,335.0,87
Wainberg,66,0.1,0.5,"GoCoGrid-knapk4 (grid path, all blocks)",adapt_800_to_775_q0.2,0.49367983353320927,0.09995257510824572,0.2914104821513353,0.1005398865243512,197,365.0,2049.0,600,0.8218643240605173,0.10285693474047895,335.0,86
Wainberg,67,0.1,0.1,"GoCoGrid-oracle (grid path, all blocks)",adapt_800_to_775_q0.5,0.0897675349493377,0.09606844131436117,0.2851588633035557,0.10029027070700745,210,395.0,2057.0,597,0.8079727758872144,0.10308203532971023,358.0,194
Wainberg,67,0.1,0.1,"GoCoGrid-knapk0.5 (grid path, all blocks)",adapt_800_to_775_q0.175,0.030532539489148535,0.09452309762361093,0.2846604368197613,0.09807796797680925,190,362.0,1850.0,584,0.8043243243243243,0.10024668826061545,330.0,45
Wainberg,67,0.1,0.1,"GoCoGrid-knapk2 (grid path, all blocks)",adapt_800_to_775_q0.175,0.04933916881683204,0.09515490752176178,0.2856359231231372,0.09936132710057505,192,362.0,1889.0,590,0.8083642138697724,0.1014245176249891,331.0,51
Wainberg,67,0.1,0.1,"GoCoGrid-knapk4 (grid path, all blocks)",adapt_800_to_775_q0.175,0.07237695773272694,0.09570888029795678,0.28645401856876623,0.09962515149905542,191,361.0,1895.0,591,0.8094986807387863,0.10168834202346946,330.0,52
Wainberg,67,0.1,0.5,"GoCoGrid-oracle (grid path, all blocks)",adapt_800_to_775_q0.5,0.0897675349493377,0.09606844131436117,0.2851588633035557,0.10029027070700745,210,395.0,2057.0,597,0.8079727758872144,0.10308203532971023,358.0,194
Wainberg,67,0.1,0.5,"GoCoGrid-knapk0.5 (grid path, all blocks)",adapt_800_to_775_q0.2,0.25111574171247397,0.09800528073670606,0.28940486735999305,0.10336207754126879,194,369.0,2006.0,608,0.8160518444666002,0.10550734676254002,337.0,92
Wainberg,67,0.1,0.5,"GoCoGrid-knapk2 (grid path, all blocks)",adapt_800_to_775_q0.25,0.4360220234673837,0.09951771435209804,0.2915042582821723,0.10394500382794968,193,368.0,2023.0,610,0.8180919426594168,0.1060902730492209,336.0,96
Wainberg,67,0.1,0.5,"GoCoGrid-knapk4 (grid path, all blocks)",adapt_800_to_775_q0.225,0.44073720583266396,0.09955340493036069,0.29158861369469946,0.10394500382794968,193,367.0,2022.0,610,0.8184965380811078,0.10598474328982875,336.0,95
Wainberg,68,0.1,0.1,"GoCoGrid-oracle (grid path, all blocks)",adapt_800_to_775_q0.4,0.04298723593525577,0.0949964263075777,0.2836866761914516,0.09030292937024931,212,418.0,2014.0,558,0.7924528301886793,0.09316253455166275,384.0,168
Wainberg,68,0.1,0.1,"GoCoGrid-knapk0.5 (grid path, all blocks)",adapt_800_to_775_q0.1,0.04168652493830566,0.09492647327176879,0.28525782714545284,0.08993420721597438,192,380.0,1749.0,547,0.7827329902801601,0.09180039597330036,355.0,9
Wainberg,68,0.1,0.1,"GoCoGrid-knapk2 (grid path, all blocks)",adapt_800_to_775_q0.1,0.05783058503750815,0.09537903093044499,0.28593744592856496,0.09119736646023316,193,382.0,1806.0,553,0.7884828349944629,0.09309873179563645,356.0,20
Wainberg,68,0.1,0.1,"GoCoGrid-knapk4 (grid path, all blocks)",adapt_800_to_775_q0.125,0.09140602469761899,0.09607444890924455,0.2868693060923538,0.09208219290823813,193,382.0,1841.0,557,0.7925040738728951,0.09398355824364142,356.0,26
Wainberg,68,0.1,0.5,"GoCoGrid-oracle (grid path, all blocks)",adapt_800_to_775_q0.4,0.04298723593525577,0.0949964263075777,0.2836866761914516,0.09030292937024931,212,418.0,2014.0,558,0.7924528301886793,0.09316253455166275,384.0,168
Wainberg,68,0.1,0.5,"GoCoGrid-knapk0.5 (grid path, all blocks)",adapt_800_to_775_q0.125,0.2266522049492437,0.0977734453143595,0.289038259523281,0.09245275943817192,193,383.0,1848.0,559,0.7927489177489178,0.09436920044629973,356.0,31
Wainberg,68,0.1,0.5,"GoCoGrid-knapk2 (grid path, all blocks)",adapt_800_to_775_q0.15,0.3031596995454335,0.09846459230306066,0.29004812453643936,0.09333758588617691,193,383.0,1887.0,563,0.7970323264440912,0.0952540268943047,356.0,38
Wainberg,68,0.1,0.5,"GoCoGrid-knapk4 (grid path, all blocks)",adapt_800_to_775_q0.15,0.3063029664425122,0.09849097195906995,0.29011874004463706,0.09334855002094392,193,382.0,1877.0,563,0.7964837506659563,0.0952499153563472,356.0,35
Wainberg,69,0.1,0.1,"GoCoGrid-oracle (grid path, all blocks)",adapt_800_to_775_q0.4,3.0212256976215956e-05,0.08865940431363852,0.27523442181959806,0.0958606593795168,207,355.0,1928.0,596,0.8158713692946058,0.09876015109633937,325.0,126
Wainberg,69,0.1,0.1,"GoCoGrid-knapk0.5 (grid path, all blocks)",adapt_800_to_775_q0.175,0.047142358341749055,0.09510947920054189,0.28453680857054514,0.1052786771077529,196,341.0,2017.0,625,0.8309370352007932,0.10721648825075417,314.0,95
Wainberg,69,0.1,0.1,"GoCoGrid-knapk2 (grid path, all blocks)",adapt_800_to_775_q0.2,0.08738791473770224,0.09601518072772029,0.2858635625884301,0.1064921323054322,192,338.0,2047.0,628,0.8348803126526624,0.10821888392964915,313.0,96
Wainberg,69,0.1,0.1,"GoCoGrid-knapk4 (grid path, all blocks)",adapt_800_to_775_q0.175,0.09009996920760821,0.09606325032339451,0.2859717776729607,0.1060700132678636,192,337.0,2032.0,626,0.8341535433070866,0.10769123513268841,313.0,89
Wainberg,69,0.1,0.5,"GoCoGrid-oracle (grid path, all blocks)",adapt_800_to_775_q0.5,0.33421875529540196,0.09873341038073116,0.28789224390275353,0.10582462988507652,210,362.0,2118.0,629,0.8290840415486308,0.10837191726686884,329.0,220
Wainberg,69,0.1,0.5,"GoCoGrid-knapk0.5 (grid path, all blocks)",adapt_800_to_775_q0.2,0.1620989784976058,0.09709088447080881,0.2872616809283413,0.1068158939436751,196,342.0,2064.0,632,0.8343023255813954,0.10875135998262439,315.0,110
Wainberg,69,0.1,0.5,"GoCoGrid-knapk2 (grid path, all blocks)",adapt_800_to_775_q0.3,0.3389370156073911,0.09876452709654407,0.28955947213235184,0.10818007547343869,196,342.0,2086.0,638,0.8360498561840843,0.11011788661643995,315.0,115
Wainberg,69,0.1,0.5,"GoCoGrid-knapk4 (grid path, all blocks)",adapt_800_to_775_q0.25,0.24270162129266365,0.09793210239982485,0.28855856842445277,0.10756448520612445,192,337.0,2061.0,633,0.8364871421639981,0.10918570707094925,313.0,99
Wainberg,70,0.1,0.1,"GoCoGrid-oracle (grid path, all blocks)",adapt_800_to_775_q0.35,0.036805411934366386,0.09477399694330899,0.2843732504759716,0.0889191088947177,195,352.0,1828.0,549,0.8074398249452954,0.09116044370697339,319.0,138
Wainberg,70,0.1,0.1,"GoCoGrid-knapk0.5 (grid path, all blocks)",adapt_800_to_775_q0.075,0.046518401771838525,0.09507730273574895,0.2853217474861894,0.08935497878862363,178,327.0,1552.0,543,0.7893041237113402,0.09098541355739419,301.0,5
Wainberg,70,0.1,0.1,"GoCoGrid-knapk2 (grid path, all blocks)",adapt_800_to_775_q0.05,0.06305849309170601,0.09550681289875446,0.285965383023685,0.08974661145307385,179,326.0,1613.0,545,0.7978921264724117,0.09137704622184441,300.0,11
Wainberg,70,0.1,0.1,"GoCoGrid-knapk4 (grid path, all blocks)",adapt_800_to_775_q0.03,0.09991939962170698,0.09621997719039592,0.28703715747192043,0.09016579910703931,180,328.0,1652.0,547,0.801452784503632,0.09174933176332005,302.0,17
Wainberg,70,0.1,0.5,"GoCoGrid-oracle (grid path, all blocks)",adapt_800_to_775_q0.4,0.1193193315010061,0.09654274858338578,0.28561107472699165,0.09080557899416726,195,359.0,1869.0,549,0.8079186730872124,0.09301173722205558,326.0,157
Wainberg,70,0.1,0.5,"GoCoGrid-knapk0.5 (grid path, all blocks)",adapt_800_to_775_q0.1,0.22467453888600197,0.09775446149286394,0.288965927162331,0.09149413403011969,180,337.0,1708.0,552,0.8026932084309133,0.09307766668640043,311.0,34
Wainberg,70,0.1,0.5,"GoCoGrid-knapk2 (grid path, all blocks)",adapt_800_to_775_q0.1,0.37803553781221233,0.09907287902091517,0.2905417277353786,0.09268327016161684,182,339.0,1762.0,558,0.8076049943246311,0.09430901471913843,312.0,44
Wainberg,70,0.1,0.5,"GoCoGrid-knapk4 (grid path, all blocks)",adapt_800_to_775_q0.1,0.4468858658185106,0.09960047214110089,0.29126838136400474,0.09289432968040115,182,337.0,1763.0,559,0.8088485536018151,0.09452007423792272,310.0,43
Wainberg,71,0.1,0.1,"GoCoGrid-oracle (grid path, all blocks)",adapt_800_to_775_q0.4,0.001064589029329514,0.0912002877188695,0.2788944316781864,0.09597055025559127,193,367.0,1946.0,579,0.8114080164439876,0.09804915146781906,341.0,143
Wainberg,71,0.1,0.1,"GoCoGrid-knapk0.5 (grid path, all blocks)",adapt_800_to_775_q0.175,0.0502998363753102,0.095193635035136,0.28496490146543857,0.10002035760222834,178,335.0,1864.0,586,0.8202789699570815,0.10167114453295104,311.0,48
Wainberg,71,0.1,0.1,"GoCoGrid-knapk2 (grid path, all blocks)",adapt_800_to_775_q0.15,0.05117424853989626,0.0952157437010469,0.28510922882601025,0.10010478140471,174,331.0,1867.0,583,0.822710230316015,0.10165003857604056,308.0,43
Wainberg,71,0.1,0.1,"GoCoGrid-knapk4 (grid path, all blocks)",adapt_800_to_775_q0.175,0.0889292903099857,0.09603778402743315,0.28627550609479363,0.10061835956792381,176,333.0,1884.0,586,0.8232484076433121,0.10216361673925435,310.0,47
Wainberg,71,0.1,0.5,"GoCoGrid-oracle (grid path, all blocks)",adapt_800_to_775_q0.4,0.001064589029329514,0.0912002877188695,0.2788944316781864,0.09597055025559127,193,367.0,1946.0,579,0.8114080164439876,0.09804915146781906,341.0,143
Wainberg,71,0.1,0.5,"GoCoGrid-knapk0.5 (grid path, all blocks)",adapt_800_to_775_q0.2,0.32112896175693484,0.0986185881419374,0.28948869515144415,0.10316121561547884,182,341.0,1952.0,602,0.8253073770491803,0.10482707821892605,316.0,76
Wainberg,71,0.1,0.5,"GoCoGrid-knapk2 (grid path, all blocks)",adapt_800_to_775_q0.225,0.4986741483122289,0.09999005257740572,0.2913803960290464,0.10375569991330247,182,341.0,1984.0,604,0.828125,0.10547432739644576,315.0,83
Wainberg,71,0.1,0.5,"GoCoGrid-knapk4 (grid path, all blocks)",adapt_800_to_775_q0.175,0.0889292903099857,0.09603778402743315,0.28627550609479363,0.10061835956792381,176,333.0,1884.0,586,0.8232484076433121,0.10216361673925435,310.0,47
Wainberg,72,0.1,0.1,"GoCoGrid-oracle (grid path, all blocks)",adapt_800_to_775_q0.4,0.005232338037030767,0.09259681684930351,0.28151378077447936,0.09204513826806518,198,386.0,1931.0,564,0.8001035732780942,0.09440699475394769,352.0,134
Wainberg,72,0.1,0.1,"GoCoGrid-knapk0.5 (grid path, all blocks)",adapt_800_to_775_q0.15,0.08333265695312542,0.0959327777253496,0.2862935912713774,0.09676861061029365,188,369.0,1863.0,578,0.8019323671497585,0.09862868533752396,338.0,52
Wainberg,72,0.1,0.1,"GoCoGrid-knapk2 (grid path, all blocks)",adapt_800_to_775_q0.125,0.03837584262585876,0.09482123114233897,0.28485565788293843,0.09513528631200464,185,361.0,1803.0,570,0.7997781475318912,0.0968295285574944,333.0,30
Wainberg,72,0.1,0.1,"GoCoGrid-knapk4 (grid path, all blocks)",adapt_800_to_775_q0.125,0.049509123097756354,0.09516416667045968,0.28537749272729124,0.09538152242144636,184,360.0,1807.0,571,0.8007747648035418,0.09707576466693613,332.0,29
Wainberg,72,0.1,0.5,"GoCoGrid-oracle (grid path, all blocks)",adapt_800_to_775_q0.5,0.22290072498638408,0.09775303469292157,0.2868996130796654,0.09661871710624712,200,391.0,2023.0,577,0.8067226890756303,0.09873308118082089,356.0,171
Wainberg,72,0.1,0.5,"GoCoGrid-knapk0.5 (grid path, all blocks)",adapt_800_to_775_q0.2,0.4179546167517385,0.09938131061075885,0.29078199999353943,0.0995793949895994,189,373.0,1970.0,590,0.8106598984771574,0.10144868262234796,341.0,84
Wainberg,72,0.1,0.5,"GoCoGrid-knapk2 (grid path, all blocks)",adapt_800_to_775_q0.175,0.44997256211296854,0.09962375220778096,0.29131857334926764,0.0995746649496663,189,370.0,1957.0,591,0.8109351047521717,0.10121781739090605,341.0,72
Wainberg,72,0.1,0.5,"GoCoGrid-knapk4 (grid path, all blocks)",adapt_800_to_775_q0.175,0.20135979262369552,0.09752083302465586,0.2884250747364148,0.09819038251297743,188,366.0,1919.0,584,0.8092756644085461,0.09983939772142343,337.0,58
Wainberg,73,0.1,0.1,"GoCoGrid-oracle (grid path, all blocks)",adapt_800_to_775_q0.4,0.002584506708635908,0.09197717124687238,0.27930452859034466,0.09471763032632018,206,376.0,1915.0,583,0.8036553524804178,0.09667294597313746,350.0,163
Wainberg,73,0.1,0.1,"GoCoGrid-knapk0.5 (grid path, all blocks)",adapt_800_to_775_q0.175,0.04562726997574322,0.0950611817658457,0.28469244229319624,0.09491768004447411,191,349.0,1724.0,583,0.7975638051044084,0.0963871400408626,329.0,37
Wainberg,73,0.1,0.1,"GoCoGrid-knapk2 (grid path, all blocks)",adapt_800_to_775_q0.15,0.058045031644762705,0.09539532407739311,0.28526475390224404,0.0950337627823215,187,346.0,1735.0,580,0.8005763688760807,0.09650322277871,326.0,34
Wainberg,73,0.1,0.1,"GoCoGrid-knapk4 (grid path, all blocks)",adapt_800_to_775_q0.15,0.09138491503709956,0.09608390073921781,0.2861509843110109,0.09608906037624299,187,346.0,1755.0,585,0.8028490028490028,0.09755852037263148,326.0,38
Wainberg,73,0.1,0.5,"GoCoGrid-oracle (grid path, all blocks)",adapt_800_to_775_q0.4,0.002584506708635908,0.09197717124687238,0.27930452859034466,0.09471763032632018,206,376.0,1915.0,583,0.8036553524804178,0.09667294597313746,350.0,163
Wainberg,73,0.1,0.5,"GoCoGrid-knapk0.5 (grid path, all blocks)",adapt_800_to_775_q0.25,0.20546608084641532,0.0975679745816085,0.28793693626253064,0.09882362120863052,192,352.0,1840.0,599,0.808695652173913,0.10029308120501902,332.0,73
Wainberg,73,0.1,0.5,"GoCoGrid-knapk2 (grid path, all blocks)",adapt_800_to_775_q0.35,0.45632139651752446,0.09967225945136134,0.2908281830712739,0.1011206523030556,194,355.0,1904.0,610,0.8135504201680672,0.1026780537697976,333.0,88
Wainberg,73,0.1,0.5,"GoCoGrid-knapk4 (grid path, all blocks)",adapt_800_to_775_q0.3,0.44466516691779256,0.09958432726676018,0.29080287367306207,0.10096235766396738,190,351.0,1897.0,606,0.8149710068529257,0.10251975913070938,329.0,83
Wainberg,74,0.1,0.1,"GoCoGrid-oracle (grid path, all blocks)",adapt_800_to_775_q0.4,0.0392839045546808,0.09486824165570959,0.2840021960544157,0.08584361458444907,201,374.0,1734.0,544,0.7843137254901961,0.08869811080776724,346.0,107
Wainberg,74,0.1,0.1,"GoCoGrid-knapk0.5 (grid path, all blocks)",adapt_800_to_775_q0.1,0.0809394938354312,0.0958883020870794,0.2861588940015418,0.08654656004728321,181,351.0,1556.0,532,0.7744215938303342,0.08868579901110124,326.0,8
Wainberg,74,0.1,0.1,"GoCoGrid-knapk2 (grid path, all blocks)",adapt_800_to_775_q0.05,0.08564022858334264,0.09597623427168055,0.2863188628852203,0.08663977799742924,180,345.0,1542.0,532,0.7762645914396887,0.08877901696124726,320.0,3
Wainberg,74,0.1,0.1,"GoCoGrid-knapk4 (grid path, all blocks)",adapt_800_to_775_q0.01,0.08098056584461993,0.09588848721085438,0.28620203007914746,0.08645216953488985,180,345.0,1526.0,532,0.7739187418086501,0.08877901696124726,320.0,1
Wainberg,74,0.1,0.5,"GoCoGrid-oracle (grid path, all blocks)",adapt_800_to_775_q0.5,0.29186689425609674,0.09838340336560474,0.28721353194967,0.08992852232862797,203,378.0,1839.0,550,0.7944535073409462,0.09242396611121195,349.0,156
Wainberg,74,0.1,0.5,"GoCoGrid-knapk0.5 (grid path, all blocks)",adapt_800_to_775_q0.15,0.4864003024503375,0.09989795183737947,0.29136494889550973,0.09001118732076147,183,353.0,1695.0,547,0.791740412979351,0.09197454335645262,328.0,37
Wainberg,74,0.1,0.5,"GoCoGrid-knapk2 (grid path, all blocks)",adapt_800_to_775_q0.15,0.49062171218052464,0.09992960742584849,0.2914800196506174,0.09030667064202742,182,349.0,1692.0,548,0.7937352245862884,0.0922700266777186,324.0,34
Wainberg,74,0.1,0.5,"GoCoGrid-knapk4 (grid path, all blocks)",adapt_800_to_775_q0.1,0.2139136504867271,0.09765002828956569,0.28851699295961963,0.08886443059804974,181,346.0,1647.0,541,0.7899210686095932,0.0908277866337409,321.0,22
Wainberg,75,0.1,0.1,"GoCoGrid-oracle (grid path, all blocks)",adapt_800_to_775_q0.4,0.039199697627183866,0.09487393291971156,0.28352725670538637,0.09435596444741137,208,381.0,1941.0,575,0.80370942812983,0.09711993044126684,343.0,168
Wainberg,75,0.1,0.1,"GoCoGrid-knapk0.5 (grid path, all blocks)",adapt_800_to_775_q0.175,0.049948315860306694,0.09517541111468439,0.28545400928542586,0.09630554995616311,194,350.0,1807.0,580,0.8063087991145546,0.09842647415844888,315.0,46
Wainberg,75,0.1,0.1,"GoCoGrid-knapk2 (grid path, all blocks)",adapt_800_to_775_q0.2,0.07785874806774161,0.0958242926805963,0.28634690676467284,0.09790432582730832,195,351.0,1851.0,588,0.8103727714748784,0.10002901894777523,316.0,50
Wainberg,75,0.1,0.1,"GoCoGrid-knapk4 (grid path, all blocks)",adapt_800_to_775_q0.15,0.0820710999277815,0.09590343164547946,0.28664397470877884,0.0979570907070044,194,348.0,1845.0,588,0.8113821138211382,0.1000817838274713,313.0,46
Wainberg,75,0.1,0.5,"GoCoGrid-oracle (grid path, all blocks)",adapt_800_to_775_q0.4,0.039199697627183866,0.09487393291971156,0.28352725670538637,0.09435596444741137,208,381.0,1941.0,575,0.80370942812983,0.09711993044126684,343.0,168
Wainberg,75,0.1,0.5,"GoCoGrid-knapk0.5 (grid path, all blocks)",adapt_800_to_775_q0.2,0.47871320663587935,0.09984003383753935,0.2917139195563701,0.09941467739022095,195,353.0,1901.0,593,0.814308258811152,0.10152787653868488,318.0,75
Wainberg,75,0.1,0.5,"GoCoGrid-knapk2 (grid path, all blocks)",adapt_800_to_775_q0.2,0.07785874806774161,0.0958242926805963,0.28634690676467284,0.09790432582730832,195,351.0,1851.0,588,0.8103727714748784,0.10002901894777523,316.0,50
Wainberg,75,0.1,0.5,"GoCoGrid-knapk4 (grid path, all blocks)",adapt_800_to_775_q0.2,0.15364852725512806,0.0969792191429368,0.2880495355234816,0.098379209744573,194,348.0,1858.0,590,0.8127018299246501,0.10050390286503989,313.0,50
Wainberg,76,0.1,0.1,"GoCoGrid-oracle (grid path, all blocks)",adapt_800_to_775_q0.4,0.0007668785050597124,0.09095267426952526,0.2779971933441138,0.09735357027961615,215,398.0,2037.0,597,0.8046146293568974,0.1004137733582456,356.0,151
Wainberg,76,0.1,0.1,"GoCoGrid-knapk0.5 (grid path, all blocks)",adapt_800_to_775_q0.2,0.0624512074956682,0.09549324138435342,0.28590906123906984,0.10278396255900056,201,377.0,2013.0,614,0.8127173373075013,0.10522738993859784,339.0,80
Wainberg,76,0.1,0.1,"GoCoGrid-knapk2 (grid path, all blocks)",adapt_800_to_775_q0.2,0.03637289174400894,0.09474352018417682,0.2851712724482603,0.10108283958753587,200,375.0,1967.0,607,0.8093543467208948,0.1034303688931284,338.0,61
Wainberg,76,0.1,0.1,"GoCoGrid-knapk4 (grid path, all blocks)",adapt_800_to_775_q0.225,0.06442412380895585,0.0955349098644554,0.28622349735845315,0.10192707766267306,200,375.0,1986.0,611,0.8111782477341389,0.10427460696826558,338.0,64
Wainberg,76,0.1,0.5,"GoCoGrid-oracle (grid path, all blocks)",adapt_800_to_775_q0.4,0.0007668785050597124,0.09095267426952526,0.2779971933441138,0.09735357027961615,215,398.0,2037.0,597,0.8046146293568974,0.1004137733582456,356.0,151
Wainberg,76,0.1,0.5,"GoCoGrid-knapk0.5 (grid path, all blocks)",adapt_800_to_775_q0.225,0.18776346050909176,0.09737457146077415,0.28841610189009587,0.1038451229201283,201,377.0,2041.0,619,0.8152866242038217,0.10628268753251933,339.0,89
Wainberg,76,0.1,0.5,"GoCoGrid-knapk2 (grid path, all blocks)",adapt_800_to_775_q0.275,0.35877040658211423,0.09892041930040252,0.29052609788615896,0.10574465858918698,201,377.0,2081.0,628,0.8188370975492552,0.108182223201578,339.0,101
Wainberg,76,0.1,0.5,"GoCoGrid-knapk4 (grid path, all blocks)",adapt_800_to_775_q0.275,0.363654532486811,0.09895899907812686,0.29062001312218555,0.1055072166368447,201,376.0,2076.0,627,0.8188824662813102,0.10784302040802471,339.0,96
Wainberg,77,0.1,0.1,"GoCoGrid-oracle (grid path, all blocks)",adapt_800_to_775_q0.4,0.006102422333456993,0.09275512860346359,0.28142090689020827,0.08981621508522343,196,374.0,1827.0,555,0.7952928297755884,0.09364644281091243,333.0,123
Wainberg,77,0.1,0.1,"GoCoGrid-knapk0.5 (grid path, all blocks)",adapt_800_to_775_q0.125,0.02359963864412621,0.09421658939678508,0.28370480549008936,0.09176636087354752,185,355.0,1683.0,553,0.7890671420083185,0.0944664988929383,321.0,30
Wainberg,77,0.1,0.1,"GoCoGrid-knapk2 (grid path, all blocks)",adapt_800_to_775_q0.1,0.034607960490572784,0.09468923599059363,0.2845349735058077,0.09236116497079598,179,345.0,1684.0,554,0.7951306413301663,0.09474471371201032,314.0,22
Wainberg,77,0.1,0.1,"GoCoGrid-knapk4 (grid path, all blocks)",adapt_800_to_775_q0.075,0.03534039878417615,0.09471561564660291,0.2846073068477587,0.0922908117957712,179,344.0,1682.0,554,0.7954815695600476,0.09467436053698552,313.0,21
Wainberg,77,0.1,0.5,"GoCoGrid-oracle (grid path, all blocks)",adapt_800_to_775_q0.5,0.19330518082625125,0.09745274152077237,0.28641811981133,0.09402440841840057,200,385.0,1910.0,565,0.7984293193717278,0.09785463614408957,342.0,159
Wainberg,77,0.1,0.5,"GoCoGrid-knapk0.5 (grid path, all blocks)",adapt_800_to_775_q0.2,0.4210175825295893,0.09940540874049647,0.290446671091877,0.09769251168170474,188,360.0,1885.0,579,0.8090185676392573,0.10042313606792384,325.0,87
Wainberg,77,0.1,0.5,"GoCoGrid-knapk2 (grid path, all blocks)",adapt_800_to_775_q0.175,0.141852157616369,0.09683749197473301,0.2871825946843562,0.09514086908802749,183,352.0,1791.0,567,0.803461753210497,0.09756662973048265,320.0,50
Wainberg,77,0.1,0.5,"GoCoGrid-knapk4 (grid path, all blocks)",adapt_800_to_775_q0.175,0.186492239520882,0.09736508509491873,0.28792182249048204,0.09598510716316468,183,352.0,1815.0,571,0.806060606060606,0.09841086780561985,320.0,55
Wainberg,78,0.1,0.1,"GoCoGrid-oracle (grid path, all blocks)",adapt_800_to_775_q0.4,0.014005497008602007,0.09365270258574794,0.2812341571666733,0.09365332033524487,208,382.0,1918.0,572,0.8008342022940563,0.09543534942873926,356.0,174
Wainberg,78,0.1,0.1,"GoCoGrid-knapk0.5 (grid path, all blocks)",adapt_800_to_775_q0.175,0.05604049900596806,0.0953428719357447,0.28533475073122794,0.09481757398696326,190,346.0,1726.0,573,0.7995365005793743,0.09602696563987201,326.0,43
Wainberg,78,0.1,0.1,"GoCoGrid-knapk2 (grid path, all blocks)",adapt_800_to_775_q0.15,0.06254110941247946,0.09549847003624788,0.2857134684358427,0.0950075275614172,185,342.0,1740.0,571,0.803448275862069,0.09621691921432594,322.0,38
Wainberg,78,0.1,0.1,"GoCoGrid-knapk4 (grid path, all blocks)",adapt_800_to_775_q0.125,0.08022660178035879,0.09587233566424634,0.28629400053066534,0.09477941273586214,185,342.0,1729.0,570,0.8021978021978022,0.09598880438877087,322.0,34
Wainberg,78,0.1,0.5,"GoCoGrid-oracle (grid path, all blocks)",adapt_800_to_775_q0.4,0.014005497008602007,0.09365270258574794,0.2812341571666733,0.09365332033524487,208,382.0,1918.0,572,0.8008342022940563,0.09543534942873926,356.0,174
Wainberg,78,0.1,0.5,"GoCoGrid-knapk0.5 (grid path, all blocks)",adapt_800_to_775_q0.225,0.4948854563312533,0.09996161472700538,0.29146831582589766,0.09752851626499638,193,351.0,1839.0,584,0.8091353996737357,0.09877073938406787,330.0,74
Wainberg,78,0.1,0.5,"GoCoGrid-knapk2 (grid path, all blocks)",adapt_800_to_775_q0.2,0.4178180410521085,0.09938034110445004,0.29074667846235963,0.09731745674621209,193,351.0,1824.0,583,0.8075657894736842,0.09855967986528358,330.0,66
Wainberg,78,0.1,0.5,"GoCoGrid-knapk4 (grid path, all blocks)",adapt_800_to_775_q0.15,0.13558538835212225,0.09675150369354425,0.28739481226924685,0.09564963556156222,187,344.0,1770.0,574,0.8056497175141243,0.09684495657443397,324.0,45
Wainberg,79,0.1,0.1,"GoCoGrid-oracle (grid path, all blocks)",adapt_800_to_775_q0.4,0.0035075550205372757,0.09223567233333937,0.2803490518146705,0.09191413735754633,198,346.0,1885.0,565,0.8164456233421751,0.09493697870250692,311.0,136
Wainberg,79,0.1,0.1,"GoCoGrid-knapk0.5 (grid path, all blocks)",adapt_800_to_775_q0.15,0.06569365682651647,0.09557736737653023,0.28538211672303115,0.0958328596797861,179,315.0,1808.0,569,0.8257743362831859,0.09738391559805333,290.0,44
Wainberg,79,0.1,0.1,"GoCoGrid-knapk2 (grid path, all blocks)",adapt_800_to_775_q0.15,0.06350231116512449,0.09552695291324974,0.2853503345204221,0.09637809677836562,180,316.0,1821.0,572,0.8264689730917079,0.09792915269663284,291.0,46
Wainberg,79,0.1,0.1,"GoCoGrid-knapk4 (grid path, all blocks)",adapt_800_to_775_q0.15,0.08517656870970591,0.09597209533775759,0.28599273183156504,0.09626039051214519,180,316.0,1825.0,572,0.8268493150684931,0.09781144643041241,291.0,46
Wainberg,79,0.1,0.5,"GoCoGrid-oracle (grid path, all blocks)",adapt_800_to_775_q0.4,0.0035075550205372757,0.09223567233333937,0.2803490518146705,0.09191413735754633,198,346.0,1885.0,565,0.8164456233421751,0.09493697870250692,311.0,136
Wainberg,79,0.1,0.5,"GoCoGrid-knapk0.5 (grid path, all blocks)",adapt_800_to_775_q0.2,0.2880020414999618,0.09833967899617684,0.2890255717836742,0.09909559152910306,180,317.0,1877.0,584,0.8311134789557805,0.10064478516075469,292.0,66
Wainberg,79,0.1,0.5,"GoCoGrid-knapk2 (grid path, all blocks)",adapt_800_to_775_q0.25,0.4627402238314881,0.09972048079139184,0.2909270245191615,0.10019147749589233,180,317.0,1908.0,589,0.8338574423480084,0.10174067112754397,292.0,73
Wainberg,79,0.1,0.5,"GoCoGrid-knapk4 (grid path, all blocks)",adapt_800_to_775_q0.275,0.49180625962488445,0.09993855261398264,0.291230048751322,0.10019147749589233,180,317.0,1908.0,589,0.8338574423480084,0.10174067112754397,292.0,73
Wainberg,80,0.1,0.1,"GoCoGrid-oracle (grid path, all blocks)",adapt_800_to_775_q0.5,0.0011319193390474417,0.09127166358758167,0.2782952523500124,0.09942777210169575,212,378.0,2045.0,593,0.8151589242053789,0.1015556281555952,349.0,175
Wainberg,80,0.1,0.1,"GoCoGrid-knapk0.5 (grid path, all blocks)",adapt_800_to_775_q0.175,0.011272698979647703,0.09336932365453053,0.2829815846601699,0.10167773062919151,192,351.0,1916.0,599,0.8168058455114823,0.10275992078084692,330.0,62
Wainberg,80,0.1,0.1,"GoCoGrid-knapk2 (grid path, all blocks)",adapt_800_to_775_q0.2,0.09934987494505731,0.09621258372384132,0.28687047475737826,0.10487003673501737,195,356.0,2023.0,614,0.8240237271379139,0.10601671728820125,334.0,91
Wainberg,80,0.1,0.1,"GoCoGrid-knapk4 (grid path, all blocks)",adapt_800_to_775_q0.2,0.030590121407251102,0.09452687198459517,0.28459088912462943,0.10280399853516954,191,351.0,1948.0,604,0.8198151950718686,0.10388618868682495,330.0,65
Wainberg,80,0.1,0.5,"GoCoGrid-oracle (grid path, all blocks)",adapt_800_to_775_q0.6,0.4757691125612205,0.09981867213459021,0.2904513819813868,0.11103604563483209,212,378.0,2144.0,648,0.8236940298507462,0.11316390168873154,349.0,230
Wainberg,80,0.1,0.5,"GoCoGrid-knapk0.5 (grid path, all blocks)",adapt_800_to_775_q0.2,0.10156798471757833,0.09624834281647018,0.2869746608064524,0.10460676774917246,196,357.0,2018.0,613,0.8230921704658077,0.10575344830235633,335.0,93
Wainberg,80,0.1,0.5,"GoCoGrid-knapk2 (grid path, all blocks)",adapt_800_to_775_q0.275,0.36897067119027505,0.09900087149281334,0.29070720540671263,0.10833530651335477,197,358.0,2091.0,631,0.8287900526064084,0.10948198706653864,336.0,120
Wainberg,80,0.1,0.5,"GoCoGrid-knapk4 (grid path, all blocks)",adapt_800_to_775_q0.275,0.42111721487115505,0.09940452209782019,0.2912520726208162,0.10835754402758653,197,358.0,2088.0,631,0.828544061302682,0.10957457774950513,335.0,117
Wainberg,81,0.1,0.1,"GoCoGrid-oracle (grid path, all blocks)",adapt_800_to_775_q0.5,0.019995913726979203,0.09404836652920923,0.2821021680782336,0.10093826999979816,197,328.0,1987.0,587,0.8349270256668344,0.10371529395857558,298.0,185
Wainberg,81,0.1,0.1,"GoCoGrid-knapk0.5 (grid path, all blocks)",adapt_800_to_775_q0.2,0.06551011117261,0.09556693931530709,0.2857827535103214,0.1031446308809627,183,305.0,1894.0,597,0.8389651531151003,0.10502465189748698,282.0,86
Wainberg,81,0.1,0.1,"GoCoGrid-knapk2 (grid path, all blocks)",adapt_800_to_775_q0.2,0.03672596043813614,0.0947648302739502,0.2847148840692734,0.10166570667842613,179,300.0,1861.0,588,0.8387963460505105,0.10333466817616611,279.0,66
Wainberg,81,0.1,0.1,"GoCoGrid-knapk4 (grid path, all blocks)",adapt_800_to_775_q0.175,0.03526973647687544,0.09471207095878693,0.2846552226546816,0.10236923840351375,178,299.0,1874.0,591,0.8404482390608324,0.103967846732519,279.0,69
Wainberg,81,0.1,0.5,"GoCoGrid-oracle (grid path, all blocks)",adapt_800_to_775_q0.5,0.019995913726979203,0.09404836652920923,0.2821021680782336,0.10093826999979816,197,328.0,1987.0,587,0.8349270256668344,0.10371529395857558,298.0,185
Wainberg,81,0.1,0.5,"GoCoGrid-knapk0.5 (grid path, all blocks)",adapt_800_to_775_q0.2,0.06551011117261,0.09556693931530709,0.2857827535103214,0.1031446308809627,183,305.0,1894.0,597,0.8389651531151003,0.10502465189748698,282.0,86
Wainberg,81,0.1,0.5,"GoCoGrid-knapk2 (grid path, all blocks)",adapt_800_to_775_q0.275,0.23884135426507658,0.09789253629086024,0.2889455833678467,0.10691907861316793,184,306.0,1989.0,614,0.8461538461538461,0.10886945279842693,282.0,109
Wainberg,81,0.1,0.5,"GoCoGrid-knapk4 (grid path, all blocks)",adapt_800_to_775_q0.25,0.27944984504393955,0.09826185147499024,0.289504407900966,0.10713013813195223,181,303.0,1986.0,613,0.8474320241691843,0.10886945279842693,281.0,106
Wainberg,82,0.1,0.1,"GoCoGrid-oracle (grid path, all blocks)",adapt_800_to_775_q0.5,9.79857799943669e-05,0.08943617272203427,0.27613988703144965,0.09793701904415833,207,386.0,2071.0,586,0.8136166103331723,0.1007993119572627,351.0,158
Wainberg,82,0.1,0.1,"GoCoGrid-knapk0.5 (grid path, all blocks)",adapt_800_to_775_q0.225,0.05379497230601185,0.09527941587775823,0.2855897071054173,0.10337102973622177,194,359.0,2013.0,603,0.821659215101838,0.105132295486292,331.0,78
Wainberg,82,0.1,0.1,"GoCoGrid-knapk2 (grid path, all blocks)",adapt_800_to_775_q0.25,0.07109904075477201,0.0956859138191935,0.28615438850797825,0.10308375428149649,195,360.0,2015.0,601,0.8213399503722084,0.10459878393470512,333.0,76
Wainberg,82,0.1,0.1,"GoCoGrid-knapk4 (grid path, all blocks)",adapt_800_to_775_q0.25,0.08590917352890981,0.09597703699882214,0.28662138366479384,0.10487776019116302,191,356.0,2044.0,607,0.8258317025440313,0.10646314301310636,328.0,80
Wainberg,82,0.1,0.5,"GoCoGrid-oracle (grid path, all blocks)",adapt_800_to_775_q0.5,9.79857799943669e-05,0.08943617272203427,0.27613988703144965,0.09793701904415833,207,386.0,2071.0,586,0.8136166103331723,0.1007993119572627,351.0,158
Wainberg,82,0.1,0.5,"GoCoGrid-knapk0.5 (grid path, all blocks)",adapt_800_to_775_q0.225,0.05379497230601185,0.09527941587775823,0.2855897071054173,0.10337102973622177,194,359.0,2013.0,603,0.821659215101838,0.105132295486292,331.0,78
Wainberg,82,0.1,0.5,"GoCoGrid-knapk2 (grid path, all blocks)",adapt_800_to_775_q0.275,0.13540014359843078,0.09674631801633451,0.28763112485044945,0.10473705384111344,196,361.0,2054.0,609,0.8242453748782863,0.10632243666305678,333.0,86
Wainberg,82,0.1,0.5,"GoCoGrid-knapk4 (grid path, all blocks)",adapt_800_to_775_q0.3,0.20834290322486498,0.09759046700863165,0.28881094815430197,0.1057501395337941,196,361.0,2079.0,613,0.8263588263588264,0.10716667473819398,333.0,93
Wainberg,83,0.1,0.1,"GoCoGrid-oracle (grid path, all blocks)",adapt_800_to_775_q0.4,0.011454057813935409,0.09340875241164481,0.2820516341559585,0.09223635819276309,192,357.0,1823.0,562,0.8041689522764673,0.09518767377843632,328.0,142
Wainberg,83,0.1,0.1,"GoCoGrid-knapk0.5 (grid path, all blocks)",adapt_800_to_775_q0.175,0.03949892743461983,0.0948636992323986,0.28466244325291074,0.09325798853929912,180,344.0,1663.0,562,0.7931449188214071,0.0957250397836372,319.0,33
Wainberg,83,0.1,0.1,"GoCoGrid-knapk2 (grid path, all blocks)",adapt_800_to_775_q0.15,0.04264836500293578,0.0949640884795772,0.2849026516682462,0.09369769587848649,175,338.0,1657.0,561,0.796016898008449,0.09605921736343243,314.0,25
Wainberg,83,0.1,0.1,"GoCoGrid-knapk4 (grid path, all blocks)",adapt_800_to_775_q0.125,0.050344049308029985,0.09519051386294415,0.28522404016525116,0.09408463832539765,175,336.0,1666.0,562,0.7983193277310925,0.09627027688221672,312.0,25
Wainberg,83,0.1,0.5,"GoCoGrid-oracle (grid path, all blocks)",adapt_800_to_775_q0.4,0.011454057813935409,0.09340875241164481,0.2820516341559585,0.09223635819276309,192,357.0,1823.0,562,0.8041689522764673,0.09518767377843632,328.0,142
Wainberg,83,0.1,0.5,"GoCoGrid-knapk0.5 (grid path, all blocks)",adapt_800_to_775_q0.2,0.1846582167248682,0.09734573176802243,0.2878211119054758,0.09455449699745394,181,345.0,1720.0,568,0.7994186046511628,0.09705672483244944,319.0,49
Wainberg,83,0.1,0.5,"GoCoGrid-knapk2 (grid path, all blocks)",adapt_800_to_775_q0.2,0.32488566844480415,0.09864876115920863,0.28969120174304636,0.09552659488563399,178,341.0,1749.0,569,0.8050314465408805,0.09774154726590421,316.0,50
Wainberg,83,0.1,0.5,"GoCoGrid-knapk4 (grid path, all blocks)",adapt_800_to_775_q0.2,0.31959472766241337,0.09860479506376336,0.2897049051448602,0.09582559587477178,176,339.0,1753.0,570,0.8066172276098118,0.09804054825504202,314.0,50
Wainberg,84,0.1,0.1,"GoCoGrid-oracle (grid path, all blocks)",adapt_800_to_775_q0.4,0.0022875999704246863,0.0918538933923517,0.27967504891905054,0.09184545868871684,200,372.0,1881.0,574,0.8022328548644339,0.09401334904892227,340.0,121
Wainberg,84,0.1,0.1,"GoCoGrid-knapk0.5 (grid path, all blocks)",adapt_800_to_775_q0.1,0.010227115558608132,0.09328465213000907,0.2820378849174779,0.09322984150853425,182,335.0,1668.0,569,0.7991606714628298,0.09475048949706902,309.0,7
Wainberg,84,0.1,0.1,"GoCoGrid-knapk2 (grid path, all blocks)",adapt_800_to_775_q0.1,0.04985183318615108,0.09518495043964718,0.2847274559773874,0.09538189482152991,182,343.0,1783.0,578,0.807627593942793,0.09680287581787879,316.0,28
Wainberg,84,0.1,0.1,"GoCoGrid-knapk4 (grid path, all blocks)",adapt_800_to_775_q0.075,0.04233816978758512,0.09496051399887294,0.2845381193030202,0.09474871626517702,182,343.0,1769.0,575,0.8061051441492368,0.0961696972615259,316.0,25
Wainberg,84,0.1,0.5,"GoCoGrid-oracle (grid path, all blocks)",adapt_800_to_775_q0.5,0.1450501588282273,0.09689817332078023,0.28543531484087376,0.09766323210607857,202,380.0,1999.0,589,0.8099049524762382,0.09985457352881896,346.0,174
Wainberg,84,0.1,0.5,"GoCoGrid-knapk0.5 (grid path, all blocks)",adapt_800_to_775_q0.1,0.010227115558608132,0.09328465213000907,0.2820378849174779,0.09322984150853425,182,335.0,1668.0,569,0.7991606714628298,0.09475048949706902,309.0,7
Wainberg,84,0.1,0.5,"GoCoGrid-knapk2 (grid path, all blocks)",adapt_800_to_775_q0.1,0.04985183318615108,0.09518495043964718,0.2847274559773874,0.09538189482152991,182,343.0,1783.0,578,0.807627593942793,0.09680287581787879,316.0,28
Wainberg,84,0.1,0.5,"GoCoGrid-knapk4 (grid path, all blocks)",adapt_800_to_775_q0.1,0.18015306302335282,0.09729695595054796,0.2876543785114908,0.09737992493310725,184,346.0,1855.0,587,0.813477088948787,0.09885367080915221,318.0,46
Wainberg,85,0.1,0.1,"GoCoGrid-oracle (grid path, all blocks)",adapt_800_to_775_q0.4,0.009554415401938235,0.09322809267046583,0.28131949463261363,0.09074530965004253,186,324.0,1819.0,555,0.8218801539307312,0.09414421304047686,293.0,142
Wainberg,85,0.1,0.1,"GoCoGrid-knapk0.5 (grid path, all blocks)",adapt_800_to_775_q0.125,0.03367687613327589,0.09466831776739688,0.28373525042833075,0.0921739083948695,168,298.0,1619.0,550,0.8159357628165534,0.09412544987759242,276.0,21
Wainberg,85,0.1,0.1,"GoCoGrid-knapk2 (grid path, all blocks)",adapt_800_to_775_q0.1,0.029525505167524713,0.09450124661476787,0.2835571654323276,0.09192515967540371,167,296.0,1602.0,549,0.815230961298377,0.0939571047858278,274.0,15
Wainberg,85,0.1,0.1,"GoCoGrid-knapk4 (grid path, all blocks)",adapt_800_to_775_q0.125,0.05575684250818343,0.09534399771556404,0.28481451142422665,0.09269904458809623,168,300.0,1654.0,552,0.8186215235792019,0.09468576264889646,277.0,26
Wainberg,85,0.1,0.5,"GoCoGrid-oracle (grid path, all blocks)",adapt_800_to_775_q0.4,0.009554415401938235,0.09322809267046583,0.28131949463261363,0.09074530965004253,186,324.0,1819.0,555,0.8218801539307312,0.09414421304047686,293.0,142
Wainberg,85,0.1,0.5,"GoCoGrid-knapk0.5 (grid path, all blocks)",adapt_800_to_775_q0.125,0.03367687613327589,0.09466831776739688,0.28373525042833075,0.0921739083948695,168,298.0,1619.0,550,0.8159357628165534,0.09412544987759242,276.0,21
Wainberg,85,0.1,0.5,"GoCoGrid-knapk2 (grid path, all blocks)",adapt_800_to_775_q0.2,0.4962342997260615,0.09997179862035155,0.2908463794630253,0.09620883038095303,172,305.0,1784.0,568,0.8290358744394619,0.09802670082420979,282.0,63
Wainberg,85,0.1,0.5,"GoCoGrid-knapk4 (grid path, all blocks)",adapt_800_to_775_q0.2,0.26488599375672095,0.09813777458127496,0.2885115644760244,0.09491985974658033,172,305.0,1752.0,562,0.8259132420091324,0.0967377301898371,282.0,51
Wainberg,86,0.1,0.1,"GoCoGrid-oracle (grid path, all blocks)",adapt_800_to_775_q0.4,0.06855897435419372,0.09563587768376974,0.28578236064866575,0.08668011197652833,222,400.0,1871.0,562,0.7862105825761625,0.08980564304158475,366.0,135
Wainberg,86,0.1,0.1,"GoCoGrid-knapk0.5 (grid path, all blocks)",adapt_800_to_775_q0.1,0.09482086215354874,0.09613559337526834,0.28681621364279614,0.08771027450372318,198,361.0,1625.0,551,0.7778461538461539,0.09007614593105308,336.0,8
Wainberg,86,0.1,0.1,"GoCoGrid-knapk2 (grid path, all blocks)",adapt_800_to_775_q0.04,0.08897075593314008,0.09603223448720073,0.28673128344740023,0.08734092034585067,197,356.0,1614.0,549,0.7794299876084263,0.08970679177318056,331.0,1
Wainberg,86,0.1,0.1,"GoCoGrid-knapk4 (grid path, all blocks)",adapt_800_to_775_q0.02,0.08035771074747777,0.09587179681517548,0.2865109050029504,0.08734092034585067,197,356.0,1614.0,549,0.7794299876084263,0.08970679177318056,331.0,1
Wainberg,86,0.1,0.5,"GoCoGrid-oracle (grid path, all blocks)",adapt_800_to_775_q0.4,0.06855897435419372,0.09563587768376974,0.28578236064866575,0.08668011197652833,222,400.0,1871.0,562,0.7862105825761625,0.08980564304158475,366.0,135
Wainberg,86,0.1,0.5,"GoCoGrid-knapk0.5 (grid path, all blocks)",adapt_800_to_775_q0.15,0.19867617064003212,0.09749153192971997,0.2885288546568022,0.08861783043072162,200,365.0,1670.0,555,0.781437125748503,0.09106284917759563,339.0,20
Wainberg,86,0.1,0.5,"GoCoGrid-knapk2 (grid path, all blocks)",adapt_800_to_775_q0.1,0.21289502742102634,0.09763657817552396,0.28889265007234394,0.08883533900727095,199,365.0,1694.0,556,0.7845336481700118,0.09121703988341351,338.0,17
Wainberg,86,0.1,0.5,"GoCoGrid-knapk4 (grid path, all blocks)",adapt_800_to_775_q0.075,0.20473604430750852,0.09755304259606476,0.2888025933130722,0.08906398681509389,198,359.0,1685.0,557,0.7869436201780415,0.0914368935530072,333.0,13
Wainberg,87,0.1,0.1,"GoCoGrid-oracle (grid path, all blocks)",adapt_800_to_775_q0.4,0.007094872833885497,0.09290531177497859,0.2816263233636771,0.09070807579966123,205,349.0,1798.0,567,0.8058954393770856,0.09399206139093816,316.0,136
Wainberg,87,0.1,0.1,"GoCoGrid-knapk0.5 (grid path, all blocks)",adapt_800_to_775_q0.125,0.041428724075050084,0.09492678611124696,0.2847632311244053,0.09247950381458234,187,327.0,1636.0,563,0.8001222493887531,0.09502478109011422,300.0,32
Wainberg,87,0.1,0.1,"GoCoGrid-knapk2 (grid path, all blocks)",adapt_800_to_775_q0.125,0.05134271178648494,0.09521989340792605,0.2851414587742242,0.09376362962164723,186,324.0,1689.0,566,0.8081705150976909,0.0960157686752476,298.0,37
Wainberg,87,0.1,0.1,"GoCoGrid-knapk4 (grid path, all blocks)",adapt_800_to_775_q0.1,0.0491794319538524,0.09515783840343647,0.28519244067741695,0.09332040463974829,182,319.0,1656.0,563,0.8073671497584541,0.09557254369334865,293.0,27
Wainberg,87,0.1,0.5,"GoCoGrid-oracle (grid path, all blocks)",adapt_800_to_775_q0.5,0.14361900717549603,0.09687908531537197,0.28549203671295514,0.09582238120713683,211,358.0,1906.0,582,0.8121720881427072,0.09878215591909514,322.0,173
Wainberg,87,0.1,0.5,"GoCoGrid-knapk0.5 (grid path, all blocks)",adapt_800_to_775_q0.2,0.459674977762085,0.09969720466030389,0.29112433772131235,0.0997445706157002,194,336.0,1863.0,595,0.8196457326892109,0.10224001438884908,306.0,94
Wainberg,87,0.1,0.5,"GoCoGrid-knapk2 (grid path, all blocks)",adapt_800_to_775_q0.2,0.4963448096713721,0.09997255801824348,0.2915713885745483,0.10062398527520475,194,334.0,1888.0,598,0.823093220338983,0.10294354612022676,304.0,97
Wainberg,87,0.1,0.5,"GoCoGrid-knapk4 (grid path, all blocks)",adapt_800_to_775_q0.175,0.23489380477894034,0.0978559884091866,0.28875506003466245,0.09718807030637439,189,328.0,1813.0,580,0.8190843905129619,0.09934347375139198,300.0,69
Wainberg,88,0.1,0.1,"GoCoGrid-oracle (grid path, all blocks)",adapt_800_to_775_q0.4,0.024895754252452627,0.09430726487462728,0.2824961849299173,0.09247671390709468,246,456.0,2010.0,594,0.7731343283582089,0.09517727067018672,421.0,174
Wainberg,88,0.1,0.1,"GoCoGrid-knapk0.5 (grid path, all blocks)",adapt_800_to_775_q0.175,0.06699948239905919,0.09560010317660741,0.28583555039290165,0.09403947623011782,225,418.0,1849.0,595,0.7739318550567874,0.09595234843372745,388.0,39
Wainberg,88,0.1,0.1,"GoCoGrid-knapk2 (grid path, all blocks)",adapt_800_to_775_q0.15,0.0882656711793327,0.09602217767275599,0.2865238503143147,0.09443814421144152,223,416.0,1858.0,595,0.7761033369214209,0.09613995689626684,388.0,38
Wainberg,88,0.1,0.1,"GoCoGrid-knapk4 (grid path, all blocks)",adapt_800_to_775_q0.175,0.0947777787944678,0.09613648951336642,0.28669389948998686,0.09464920373022581,223,416.0,1867.0,596,0.7771826459560792,0.09635101641505114,388.0,39
Wainberg,88,0.1,0.5,"GoCoGrid-oracle (grid path, all blocks)",adapt_800_to_775_q0.5,0.2827794097437125,0.0982993861486027,0.2881191616311335,0.09727748042485944,246,456.0,2066.0,615,0.7792836398838335,0.09979042872541209,421.0,197
Wainberg,88,0.1,0.5,"GoCoGrid-knapk0.5 (grid path, all blocks)",adapt_800_to_775_q0.225,0.32276844794408704,0.09863020826382288,0.2899074300751112,0.09733085189157772,227,423.0,1941.0,609,0.7820710973724884,0.09923013627415923,393.0,71
Wainberg,88,0.1,0.5,"GoCoGrid-knapk2 (grid path, all blocks)",adapt_800_to_775_q0.25,0.35315153802644733,0.09887641838447975,0.29026819373330726,0.09757708800101944,226,421.0,1955.0,609,0.7846547314578005,0.09947637238360095,391.0,70
Wainberg,88,0.1,0.5,"GoCoGrid-knapk4 (grid path, all blocks)",adapt_800_to_775_q0.225,0.4003341035124785,0.09924573356860975,0.2908232274325888,0.09785850068853846,223,418.0,1955.0,609,0.7861892583120205,0.09954672555233568,390.0,68
Wainberg,89,0.1,0.1,"GoCoGrid-oracle (grid path, all blocks)",adapt_800_to_775_q0.35,0.09922569647340923,0.09622015667022048,0.2861385240525088,0.08977412838770298,182,323.0,1787.0,542,0.8192501398992725,0.09225592028181379,293.0,134
Wainberg,89,0.1,0.1,"GoCoGrid-knapk0.5 (grid path, all blocks)",adapt_800_to_775_q0.03,0.097578502941915,0.09617722536427091,0.28726695390501833,0.08926673318424926,167,292.0,1497.0,530,0.8049432197728791,0.09102380366303238,269.0,0
Wainberg,89,0.1,0.1,"GoCoGrid-knapk2 (grid path, all blocks)",adapt_800_to_775_q0.03,0.097578502941915,0.09617722536427091,0.28726695390501833,0.08926673318424926,167,292.0,1497.0,530,0.8049432197728791,0.09102380366303238,269.0,0
Wainberg,89,0.1,0.1,"GoCoGrid-knapk4 (grid path, all blocks)",adapt_800_to_775_q0.03,0.09655494042573415,0.0961603153309478,0.28721610733348363,0.08944261611237612,168,294.0,1509.0,531,0.805168986083499,0.09119968659115925,271.0,1
Wainberg,89,0.1,0.5,"GoCoGrid-oracle (grid path, all blocks)",adapt_800_to_775_q0.4,0.17676960772443961,0.09726780586646706,0.2866934632579484,0.09009071766587942,182,324.0,1792.0,542,0.8191964285714286,0.09257250955999023,294.0,137
Wainberg,89,0.1,0.5,"GoCoGrid-knapk0.5 (grid path, all blocks)",adapt_800_to_775_q0.125,0.17325909848458987,0.09721024657784477,0.2884984808770142,0.09024874622583288,169,296.0,1562.0,534,0.8104993597951344,0.0919589145921262,273.0,14
Wainberg,89,0.1,0.5,"GoCoGrid-knapk2 (grid path, all blocks)",adapt_800_to_775_q0.125,0.15439716008020593,0.09698622886646117,0.2882719532292313,0.09003768670704859,169,296.0,1573.0,533,0.8118245390972664,0.09174785507334189,273.0,13
Wainberg,89,0.1,0.5,"GoCoGrid-knapk4 (grid path, all blocks)",adapt_800_to_775_q0.15,0.364603736934289,0.09896558239133069,0.2908904215364751,0.09124958864894785,170,300.0,1630.0,538,0.8159509202453987,0.09300196890390186,275.0,24
Wainberg,90,0.1,0.1,"GoCoGrid-oracle (grid path, all blocks)",adapt_800_to_775_q0.4,0.04092126247749621,0.09493103081243909,0.2835844402046415,0.09131287180167202,205,373.0,1935.0,557,0.807235142118863,0.09406359710425151,336.0,160
Wainberg,90,0.1,0.1,"GoCoGrid-knapk0.5 (grid path, all blocks)",adapt_800_to_775_q0.075,0.09943720562137726,0.09621629867908307,0.28670058888460853,0.09210052701328916,190,344.0,1763.0,556,0.8048780487804879,0.09406505560965515,314.0,28
Wainberg,90,0.1,0.1,"GoCoGrid-knapk2 (grid path, all blocks)",adapt_800_to_775_q0.075,0.0951490954715612,0.09614360806945633,0.28664581697120417,0.09210052701328916,190,344.0,1759.0,556,0.8044343376918703,0.09406505560965515,314.0,27
Wainberg,90,0.1,0.1,"GoCoGrid-knapk4 (grid path, all blocks)",adapt_800_to_775_q0.05,0.03584308662026694,0.09473178415100597,0.28474737317124976,0.0910102203205297,188,333.0,1672.0,551,0.8008373205741627,0.09302047848600836,305.0,10
Wainberg,90,0.1,0.5,"GoCoGrid-oracle (grid path, all blocks)",adapt_800_to_775_q0.4,0.04092126247749621,0.09493103081243909,0.2835844402046415,0.09131287180167202,205,373.0,1935.0,557,0.807235142118863,0.09406359710425151,336.0,160
Wainberg,90,0.1,0.5,"GoCoGrid-knapk0.5 (grid path, all blocks)",adapt_800_to_775_q0.1,0.2375796082113002,0.09788160867673808,0.28878628716971083,0.09350042954030646,191,347.0,1836.0,561,0.8110021786492375,0.09534410142908624,317.0,47
Wainberg,90,0.1,0.5,"GoCoGrid-knapk2 (grid path, all blocks)",adapt_800_to_775_q0.125,0.2583939402169366,0.09807505948537637,0.28905039598035887,0.09388737198721764,191,347.0,1847.0,563,0.8121277747698972,0.0957310438759974,317.0,48
Wainberg,90,0.1,0.5,"GoCoGrid-knapk4 (grid path, all blocks)",adapt_800_to_775_q0.125,0.20900285888119796,0.09760022567720922,0.2884575884477074,0.09409843150600193,191,347.0,1852.0,564,0.812634989200864,0.09594210339478171,317.0,49
Wainberg,91,0.1,0.1,"GoCoGrid-oracle (grid path, all blocks)",adapt_800_to_775_q0.4,0.0002817739604838603,0.0901998597112426,0.2766481399387116,0.10070477058397863,212,399.0,2068.0,602,0.8070599613152805,0.10340784760895738,366.0,155
Wainberg,91,0.1,0.1,"GoCoGrid-knapk0.5 (grid path, all blocks)",adapt_800_to_775_q0.2,0.06412040428797132,0.09553870642544965,0.2855258132378874,0.10502908473504953,204,385.0,2028.0,619,0.8101577909270217,0.10728567036685686,352.0,70
Wainberg,91,0.1,0.1,"GoCoGrid-knapk2 (grid path, all blocks)",adapt_800_to_775_q0.2,0.0855789406381196,0.09597638324712844,0.2862263012318637,0.10590849939455409,204,383.0,2047.0,623,0.8128969223253542,0.10816508502636141,350.0,72
Wainberg,91,0.1,0.1,"GoCoGrid-knapk4 (grid path, all blocks)",adapt_800_to_775_q0.175,0.09518628400146034,0.09614621798417558,0.28649989077491256,0.10569743987576978,204,381.0,2034.0,622,0.8126843657817109,0.10795402550757711,348.0,66
Wainberg,91,0.1,0.5,"GoCoGrid-oracle (grid path, all blocks)",adapt_800_to_775_q0.4,0.0002817739604838603,0.0901998597112426,0.2766481399387116,0.10070477058397863,212,399.0,2068.0,602,0.8070599613152805,0.10340784760895738,366.0,155
Wainberg,91,0.1,0.5,"GoCoGrid-knapk0.5 (grid path, all blocks)",adapt_800_to_775_q0.225,0.12264374040216908,0.09657539557785479,0.2869376814968579,0.10513461449444168,204,386.0,2041.0,619,0.8108770210681039,0.107391200126249,353.0,74
Wainberg,91,0.1,0.5,"GoCoGrid-knapk2 (grid path, all blocks)",adapt_800_to_775_q0.275,0.34835184522063567,0.0988387700621936,0.29002860066362646,0.10724520968228465,204,385.0,2080.0,629,0.8149038461538461,0.10950179531409197,352.0,83
Wainberg,91,0.1,0.5,"GoCoGrid-knapk4 (grid path, all blocks)",adapt_800_to_775_q0.275,0.3320840244640489,0.09870713824830604,0.2898891235015933,0.10728038626665201,204,384.0,2079.0,629,0.8152958152958153,0.10953697189845935,351.0,82
Wainberg,92,0.1,0.1,"GoCoGrid-oracle (grid path, all blocks)",adapt_800_to_775_q0.5,0.008158283435993088,0.09307851046213712,0.280547264178441,0.10866148458811843,217,386.0,2136.0,646,0.8192883895131086,0.11164730672483557,350.0,205
Wainberg,92,0.1,0.1,"GoCoGrid-knapk0.5 (grid path, all blocks)",adapt_800_to_775_q0.25,0.026239881864443024,0.09434342234650657,0.2839694991204144,0.10815245199928107,205,368.0,2023.0,639,0.8180919426594168,0.11034261325508696,337.0,84
Wainberg,92,0.1,0.1,"GoCoGrid-knapk2 (grid path, all blocks)",adapt_800_to_775_q0.275,0.07479091170301559,0.0957661651258065,0.28602390061576805,0.10962986863077115,205,366.0,2052.0,646,0.8216374269005848,0.11182002988657704,335.0,91
Wainberg,92,0.1,0.1,"GoCoGrid-knapk4 (grid path, all blocks)",adapt_800_to_775_q0.275,0.08289896938566149,0.09592444306186222,0.28629353629046284,0.11015751742773189,204,364.0,2056.0,648,0.8229571984435797,0.11234767868353777,333.0,91
Wainberg,92,0.1,0.5,"GoCoGrid-oracle (grid path, all blocks)",adapt_800_to_775_q0.5,0.008158283435993088,0.09307851046213712,0.280547264178441,0.10866148458811843,217,386.0,2136.0,646,0.8192883895131086,0.11164730672483557,350.0,205
Wainberg,92,0.1,0.5,"GoCoGrid-knapk0.5 (grid path, all blocks)",adapt_800_to_775_q0.275,0.3068054842485073,0.09849747734739268,0.2896869465930841,0.11056204817626183,206,371.0,2069.0,650,0.8206863218946351,0.11275220943206772,340.0,107
Wainberg,92,0.1,0.5,"GoCoGrid-knapk2 (grid path, all blocks)",adapt_800_to_775_q0.3,0.14709519826301226,0.09690182263827014,0.28752609954152264,0.11117294821974696,205,366.0,2083.0,653,0.8242918867018723,0.1133572467083466,335.0,104
Wainberg,92,0.1,0.5,"GoCoGrid-knapk4 (grid path, all blocks)",adapt_800_to_775_q0.3,0.10094180740683589,0.09624099893397366,0.2867398013787575,0.11058549923250674,204,364.0,2065.0,650,0.823728813559322,0.11276979772110637,333.0,94
Wainberg,93,0.1,0.1,"GoCoGrid-oracle (grid path, all blocks)",adapt_800_to_775_q0.4,0.007074486154651184,0.09290371644348489,0.28157080419367675,0.0884682728601136,204,388.0,1913.0,555,0.7971772085729221,0.0904315451357424,355.0,151
Wainberg,93,0.1,0.1,"GoCoGrid-knapk0.5 (grid path, all blocks)",adapt_800_to_775_q0.125,0.022321180650834417,0.09414178578693479,0.28401095122357983,0.08906197000991549,183,347.0,1666.0,544,0.7917166866746699,0.09081225644729468,320.0,14
Wainberg,93,0.1,0.1,"GoCoGrid-knapk2 (grid path, all blocks)",adapt_800_to_775_q0.1,0.07919194026073711,0.0958516319984309,0.28630639735257074,0.0894154947063952,183,349.0,1708.0,546,0.7956674473067916,0.09112005157466174,320.0,18
Wainberg,93,0.1,0.1,"GoCoGrid-knapk4 (grid path, all blocks)",adapt_800_to_775_q0.04,0.07003101911322072,0.09566404333207833,0.2860641845097757,0.0894154947063952,182,348.0,1706.0,545,0.7960140679953107,0.09090899205587745,320.0,16
Wainberg,93,0.1,0.5,"GoCoGrid-oracle (grid path, all blocks)",adapt_800_to_775_q0.5,0.4045257945590555,0.099282676501655,0.28897760933184663,0.09602452344082237,207,394.0,2004.0,583,0.8033932135728543,0.0981636786508681,358.0,198
Wainberg,93,0.1,0.5,"GoCoGrid-knapk0.5 (grid path, all blocks)",adapt_800_to_775_q0.125,0.022321180650834417,0.09414178578693479,0.28401095122357983,0.08906197000991549,183,347.0,1666.0,544,0.7917166866746699,0.09081225644729468,320.0,14
Wainberg,93,0.1,0.5,"GoCoGrid-knapk2 (grid path, all blocks)",adapt_800_to_775_q0.125,0.289884116758384,0.0983538470523159,0.28940953372629663,0.09039516264864442,185,356.0,1770.0,551,0.7988700564971751,0.09214193141815179,326.0,34
Wainberg,93,0.1,0.5,"GoCoGrid-knapk4 (grid path, all blocks)",adapt_800_to_775_q0.125,0.3515004266175078,0.09886385373306561,0.2900907568014056,0.090817281686213,185,352.0,1774.0,553,0.8015783540022547,0.09256405045572037,322.0,34
Wainberg,94,0.1,0.1,"GoCoGrid-oracle (grid path, all blocks)",adapt_800_to_775_q0.4,0.022482946129905815,0.09417073309918401,0.2830354073387365,0.09206327521735579,204,373.0,1889.0,563,0.8025410269984119,0.09523277699557373,337.0,160
Wainberg,94,0.1,0.1,"GoCoGrid-knapk0.5 (grid path, all blocks)",adapt_800_to_775_q0.15,0.07254243871540311,0.0957191047335622,0.28600687461043744,0.09266360257089817,183,341.0,1666.0,556,0.7953181272509003,0.09508034509853151,310.0,23
Wainberg,94,0.1,0.1,"GoCoGrid-knapk2 (grid path, all blocks)",adapt_800_to_775_q0.15,0.07151911946942506,0.09569666870752065,0.2860421621877742,0.09295674079282971,182,340.0,1671.0,557,0.7965290245362059,0.09537348332046305,309.0,20
Wainberg,94,0.1,0.1,"GoCoGrid-knapk4 (grid path, all blocks)",adapt_800_to_775_q0.125,0.0661157485442418,0.09557802306300064,0.2859640804677388,0.09295071052122388,182,338.0,1672.0,557,0.7978468899521531,0.09536745304885721,307.0,19
Wainberg,94,0.1,0.5,"GoCoGrid-oracle (grid path, all blocks)",adapt_800_to_775_q0.5,0.23882300151477037,0.09790433375181573,0.2873041308203967,0.09640172089942652,207,377.0,1945.0,579,0.8061696658097687,0.0994539673838398,340.0,185
Wainberg,94,0.1,0.5,"GoCoGrid-knapk0.5 (grid path, all blocks)",adapt_800_to_775_q0.175,0.22349887162344112,0.09774471972390444,0.28871999408753335,0.09433576644706092,186,345.0,1734.0,564,0.801038062283737,0.09673657604804166,314.0,42
Wainberg,94,0.1,0.5,"GoCoGrid-knapk2 (grid path, all blocks)",adapt_800_to_775_q0.2,0.25023253233678444,0.09799917785190788,0.2890945295816185,0.0945977285589257,185,344.0,1748.0,565,0.8032036613272311,0.09700040044652203,313.0,38
Wainberg,94,0.1,0.5,"GoCoGrid-knapk4 (grid path, all blocks)",adapt_800_to_775_q0.225,0.42946788810426473,0.09946852469288298,0.2911120162299648,0.09544382892067849,185,344.0,1785.0,569,0.8072829131652661,0.09784463852165921,313.0,47
Wainberg,95,0.1,0.1,"GoCoGrid-oracle (grid path, all blocks)",adapt_800_to_775_q0.4,0.042910528683968205,0.0950062806135594,0.282989477403048,0.0885655124223197,205,359.0,1869.0,556,0.8079186730872124,0.09074394815943825,327.0,145
Wainberg,95,0.1,0.1,"GoCoGrid-knapk0.5 (grid path, all blocks)",adapt_800_to_775_q0.1,0.06100060247437535,0.09546794921515095,0.2852991430396818,0.08973886185699548,185,324.0,1686.0,550,0.8078291814946619,0.0914107547399111,296.0,18
Wainberg,95,0.1,0.1,"GoCoGrid-knapk2 (grid path, all blocks)",adapt_800_to_775_q0.125,0.057759929816500924,0.09538881024712309,0.2852215822832152,0.0902352628874824,185,324.0,1713.0,552,0.8108581436077058,0.09189208009767351,297.0,21
Wainberg,95,0.1,0.1,"GoCoGrid-knapk4 (grid path, all blocks)",adapt_800_to_775_q0.125,0.09001314278476524,0.09605716251271604,0.2862998340393434,0.09043501565172331,185,324.0,1722.0,553,0.8118466898954704,0.09209560178009554,297.0,21
Wainberg,95,0.1,0.5,"GoCoGrid-oracle (grid path, all blocks)",adapt_800_to_775_q0.4,0.042910528683968205,0.0950062806135594,0.282989477403048,0.0885655124223197,205,359.0,1869.0,556,0.8079186730872124,0.09074394815943825,327.0,145
Wainberg,95,0.1,0.5,"GoCoGrid-knapk0.5 (grid path, all blocks)",adapt_800_to_775_q0.1,0.06100060247437535,0.09546794921515095,0.2852991430396818,0.08973886185699548,185,324.0,1686.0,550,0.8078291814946619,0.0914107547399111,296.0,18
Wainberg,95,0.1,0.5,"GoCoGrid-knapk2 (grid path, all blocks)",adapt_800_to_775_q0.125,0.057759929816500924,0.09538881024712309,0.2852215822832152,0.0902352628874824,185,324.0,1713.0,552,0.8108581436077058,0.09189208009767351,297.0,21
Wainberg,95,0.1,0.5,"GoCoGrid-knapk4 (grid path, all blocks)",adapt_800_to_775_q0.15,0.325316423691956,0.09865300440676318,0.28954455531080453,0.09188387985940773,186,326.0,1772.0,560,0.8160270880361173,0.09355954166050448,298.0,34
Wainberg,96,0.1,0.1,"GoCoGrid-oracle (grid path, all blocks)",adapt_800_to_775_q0.4,0.0008753766427476608,0.09102263415684941,0.27925612987865644,0.09114492704730942,214,414.0,2022.0,574,0.7952522255192879,0.09483536971916172,374.0,136
Wainberg,96,0.1,0.1,"GoCoGrid-knapk0.5 (grid path, all blocks)",adapt_800_to_775_q0.15,0.0633545086036894,0.09551549105546991,0.2858589694593555,0.09468540293587165,199,389.0,1968.0,575,0.8023373983739838,0.09720696499763837,355.0,49
Wainberg,96,0.1,0.1,"GoCoGrid-knapk2 (grid path, all blocks)",adapt_800_to_775_q0.125,0.08023404569243109,0.0958709883269434,0.28639764657918315,0.09488942714407254,199,388.0,1969.0,576,0.8029456576942611,0.09730545944644711,355.0,46
Wainberg,96,0.1,0.1,"GoCoGrid-knapk4 (grid path, all blocks)",adapt_800_to_775_q0.1,0.020530442531791558,0.09403672291012495,0.2841647484584104,0.09294864273350568,199,387.0,1879.0,568,0.7940393826503459,0.09548553174346648,354.0,23
Wainberg,96,0.1,0.5,"GoCoGrid-oracle (grid path, all blocks)",adapt_800_to_775_q0.5,0.2627584735059181,0.09812508438871771,0.2874989646636468,0.09771038672689045,216,422.0,2147.0,594,0.8034466697717746,0.10126824716303408,381.0,189
Wainberg,96,0.1,0.5,"GoCoGrid-knapk0.5 (grid path, all blocks)",adapt_800_to_775_q0.2,0.45871380354931574,0.09968971393761082,0.2913570025412063,0.09798602334315287,200,392.0,2054.0,590,0.8091528724440117,0.10049585987679714,358.0,76
Wainberg,96,0.1,0.5,"GoCoGrid-knapk2 (grid path, all blocks)",adapt_800_to_775_q0.175,0.4205210862254968,0.09940051622008729,0.2909827658547758,0.09840110707013805,200,392.0,2062.0,592,0.8098933074684772,0.10091094360378232,358.0,76
Wainberg,96,0.1,0.5,"GoCoGrid-knapk4 (grid path, all blocks)",adapt_800_to_775_q0.175,0.44705075392083665,0.09960175531237163,0.2912424131132177,0.09903428562649094,200,391.0,2077.0,595,0.8117477130476649,0.10143859240074307,358.0,78
Wainberg,97,0.1,0.1,"GoCoGrid-oracle (grid path, all blocks)",adapt_800_to_775_q0.35,0.018515298930301297,0.09394273897118995,0.2827592550946428,0.09167812246657867,192,378.0,1979.0,558,0.8089944416371905,0.09377699212629918,356.0,159
Wainberg,97,0.1,0.1,"GoCoGrid-knapk0.5 (grid path, all blocks)",adapt_800_to_775_q0.15,0.04658473559461218,0.09508688772961826,0.2848817059489103,0.0933974460301997,177,354.0,1815.0,556,0.8049586776859504,0.094612900549825,338.0,34
Wainberg,97,0.1,0.1,"GoCoGrid-knapk2 (grid path, all blocks)",adapt_800_to_775_q0.125,0.053290876959013675,0.09526949357314113,0.2853690921536886,0.09385154378368865,177,346.0,1822.0,558,0.8100987925356751,0.09506699830331396,330.0,31
Wainberg,97,0.1,0.1,"GoCoGrid-knapk4 (grid path, all blocks)",adapt_800_to_775_q0.075,0.06100282492780981,0.09546294438177942,0.2856176059962963,0.09403915224622804,177,346.0,1826.0,559,0.8105147864184009,0.09525460676585334,330.0,31
Wainberg,97,0.1,0.5,"GoCoGrid-oracle (grid path, all blocks)",adapt_800_to_775_q0.4,0.46104508591964655,0.09970941553453459,0.2892435926283885,0.09864107650850533,195,382.0,2062.0,584,0.8147429679922406,0.1006414517194171,359.0,199
Wainberg,97,0.1,0.5,"GoCoGrid-knapk0.5 (grid path, all blocks)",adapt_800_to_775_q0.2,0.4208508364148828,0.09940411067356776,0.29045933087816195,0.1007615546729304,180,361.0,2046.0,589,0.8235581622678397,0.10186492692900892,344.0,101
Wainberg,97,0.1,0.5,"GoCoGrid-knapk2 (grid path, all blocks)",adapt_800_to_775_q0.2,0.43550760853769704,0.09951515646329645,0.29069242627392394,0.1007656053230701,180,359.0,2049.0,589,0.8247925817471937,0.10186897757914862,342.0,98
Wainberg,97,0.1,0.5,"GoCoGrid-knapk4 (grid path, all blocks)",adapt_800_to_775_q0.2,0.4429363203093613,0.09957105621272556,0.29093572175889026,0.1009766648418544,180,353.0,2044.0,590,0.8272994129158513,0.10208003709793292,336.0,95
Wainberg,98,0.1,0.1,"GoCoGrid-oracle (grid path, all blocks)",adapt_800_to_775_q0.4,0.0014634592776674674,0.09147292267701364,0.278999423192214,0.08894686708474471,184,357.0,1738.0,546,0.7945914844649021,0.09120042997606197,332.0,145
Wainberg,98,0.1,0.1,"GoCoGrid-knapk0.5 (grid path, all blocks)",adapt_800_to_775_q0.15,0.04893757768603987,0.09516164518549207,0.2845583379233397,0.09368109328805167,171,332.0,1665.0,557,0.8006006006006006,0.09495279775384409,313.0,44
Wainberg,98,0.1,0.1,"GoCoGrid-knapk2 (grid path, all blocks)",adapt_800_to_775_q0.175,0.07131238436410807,0.09570330746100021,0.2853055191281385,0.09369214879228577,171,331.0,1661.0,557,0.8007224563515954,0.09496385325807818,312.0,40
Wainberg,98,0.1,0.1,"GoCoGrid-knapk4 (grid path, all blocks)",adapt_800_to_775_q0.2,0.09575196210236991,0.09616296352531457,0.2859832732886525,0.09391727894481701,171,330.0,1660.0,558,0.8012048192771084,0.09518898341060943,311.0,39
Wainberg,98,0.1,0.5,"GoCoGrid-oracle (grid path, all blocks)",adapt_800_to_775_q0.5,0.32169352177993793,0.098632864338808,0.287472123317099,0.0940156457084752,186,363.0,1812.0,561,0.7996688741721855,0.09618712989035515,336.0,182
Wainberg,98,0.1,0.5,"GoCoGrid-knapk0.5 (grid path, all blocks)",adapt_800_to_775_q0.25,0.34685192762367917,0.09882906585824858,0.28943769009674264,0.09713777919241325,173,337.0,1764.0,573,0.8089569160997733,0.09847983682694039,317.0,77
Wainberg,98,0.1,0.5,"GoCoGrid-knapk2 (grid path, all blocks)",adapt_800_to_775_q0.25,0.3902174569737841,0.09916962988944299,0.28999377181189573,0.09664530698610993,173,335.0,1749.0,571,0.808461978273299,0.09798736462063706,315.0,71
Wainberg,98,0.1,0.5,"GoCoGrid-knapk4 (grid path, all blocks)",adapt_800_to_775_q0.225,0.3520910453052144,0.09887049296375341,0.28960450157363954,0.09642419701464924,173,334.0,1732.0,570,0.8071593533487298,0.09776625464917638,314.0,63
Wainberg,99,0.1,0.1,"GoCoGrid-oracle (grid path, all blocks)",adapt_800_to_775_q0.4,0.004460215349026799,0.0924440199744919,0.2812806328965464,0.08797484210783946,200,352.0,1856.0,541,0.8103448275862069,0.09077380956439542,323.0,137
Wainberg,99,0.1,0.1,"GoCoGrid-knapk0.5 (grid path, all blocks)",adapt_800_to_775_q0.15,0.047850306577441305,0.09511991043555355,0.2851487558563466,0.08960134461805155,181,319.0,1692.0,536,0.8114657210401891,0.09164634768710754,295.0,32
Wainberg,99,0.1,0.1,"GoCoGrid-knapk2 (grid path, all blocks)",adapt_800_to_775_q0.125,0.05973117378235862,0.09542913862823547,0.28578229327142723,0.08960134461805155,180,318.0,1689.0,535,0.8117229129662522,0.09164634768710754,294.0,30
Wainberg,99,0.1,0.1,"GoCoGrid-knapk4 (grid path, all blocks)",adapt_800_to_775_q0.1,0.06582514052385532,0.09556983012485519,0.2860633424265797,0.0896752154546581,178,314.0,1681.0,535,0.8132064247471743,0.09172021852371409,290.0,26
Wainberg,99,0.1,0.5,"GoCoGrid-oracle (grid path, all blocks)",adapt_800_to_775_q0.5,0.1951256318317348,0.09747146233370677,0.2865034896501379,0.09145133023387322,203,357.0,1928.0,551,0.8148340248962656,0.0942033955716493,326.0,165
Wainberg,99,0.1,0.5,"GoCoGrid-knapk0.5 (grid path, all blocks)",adapt_800_to_775_q0.175,0.2152736482957343,0.09766503750343948,0.28836886219182595,0.09273834233107371,185,326.0,1798.0,551,0.8186874304783093,0.09486073389202797,300.0,63
Wainberg,99,0.1,0.5,"GoCoGrid-knapk2 (grid path, all blocks)",adapt_800_to_775_q0.175,0.3745729943204319,0.09904624279197338,0.29036312660212277,0.09342361574952439,186,329.0,1845.0,554,0.8216802168021681,0.09561636047921336,302.0,74
Wainberg,99,0.1,0.5,"GoCoGrid-knapk4 (grid path, all blocks)",adapt_800_to_775_q0.175,0.23217442369669283,0.0978287969252738,0.2888684164777595,0.09251019704902962,184,324.0,1797.0,549,0.8196994991652755,0.09463258860998387,298.0,57
