dataset,seed,alpha,delta,method,policy,p_selected,cal_mean,cal_sd,unit_fdp,unit_yield,go_yield,total_calls,genes_with_calls,term_fdp,unit_fdp_direct,go_yield_direct,n_relaxed_eval
Wainberg,0,0.1,0.1,"GoCoGrid-knap (grid path, all blocks)",adapt_800_to_775_q0.1,0.0933502992393469,0.09610687478255707,0.28703007533383706,0.08935994388195169,205,372.0,1751.0,557,0.7875499714448886,0.09131792679259222,350.0,26
Wainberg,0,0.1,0.1,"GoCoGrid-knapEB (grid path, all blocks)",adapt_800_to_775_q0.1,0.07055505898678445,0.09567032002444835,0.28640521108175926,0.08912074308309338,204,374.0,1742.0,556,0.7853042479908151,0.09107872599373391,352.0,26
Wainberg,0,0.1,0.1,"GoCoGrid-learned (grid path, all blocks)",adapt_800_to_775_q0.3,0.0825946343912411,0.09592327575706487,0.28596374038829514,0.08987259778004249,209,390.0,1894.0,553,0.7940865892291447,0.09190077923077881,366.0,118
Wainberg,0,0.1,0.1,"GoCoGrid-learnedgb (grid path, all blocks)",adapt_800_to_775_q0.275,0.06181552337450405,0.09548593684441306,0.2854066760365741,0.08907157666084886,209,389.0,1856.0,550,0.7904094827586207,0.09099422835219304,366.0,103
Wainberg,0,0.1,0.1,"GoCoGrid-ens (grid path, all blocks)",adapt_800_to_775_q0.2,0.06623179530970051,0.09558243766133011,0.2858499912912304,0.08927577893761152,209,387.0,1870.0,555,0.793048128342246,0.09121659231392228,364.0,67
Wainberg,0,0.1,0.5,"GoCoGrid-knap (grid path, all blocks)",adapt_800_to_775_q0.125,0.4720640356727884,0.09978992429066524,0.29181142026616413,0.09202801182067258,211,384.0,1869.0,570,0.7945425361155698,0.09404504113292432,360.0,59
Wainberg,0,0.1,0.5,"GoCoGrid-knapEB (grid path, all blocks)",adapt_800_to_775_q0.125,0.20203946357644353,0.09752478129934558,0.28879938228698077,0.09052253005662111,209,379.0,1818.0,563,0.7915291529152916,0.09245413052741361,357.0,45
Wainberg,0,0.1,0.5,"GoCoGrid-learned (grid path, all blocks)",adapt_800_to_775_q0.4,0.4142418408582621,0.09935438968976289,0.2901040566454762,0.09408089007793875,214,395.0,1984.0,571,0.8009072580645161,0.09610614014507196,370.0,156
Wainberg,0,0.1,0.5,"GoCoGrid-learnedgb (grid path, all blocks)",adapt_800_to_775_q0.35,0.41046940741976334,0.09932492288171307,0.29035681168852956,0.09397988302225098,213,394.0,1975.0,572,0.800506329113924,0.09586442673933461,369.0,142
Wainberg,0,0.1,0.5,"GoCoGrid-ens (grid path, all blocks)",adapt_800_to_775_q0.275,0.43952849397210225,0.09954535479933398,0.29086667527128734,0.0924788993929146,213,391.0,1965.0,570,0.8010178117048347,0.09448772082604552,367.0,105
Wainberg,1,0.1,0.1,"GoCoGrid-knap (grid path, all blocks)",adapt_800_to_775_q0.1,0.05995046235979609,0.09544046320098984,0.28541239318063183,0.09538908374490694,192,331.0,1707.0,579,0.8060925600468658,0.09730471984501779,307.0,30
Wainberg,1,0.1,0.1,"GoCoGrid-knapEB (grid path, all blocks)",adapt_800_to_775_q0.1,0.05286128940318238,0.09526108154138457,0.285174608894259,0.09500917660857917,192,331.0,1710.0,578,0.8064327485380117,0.09709366032623348,307.0,28
Wainberg,1,0.1,0.1,"GoCoGrid-learned (grid path, all blocks)",adapt_800_to_775_q0.35,0.08154021394923494,0.09591984802614703,0.2847765654134487,0.09709403336161347,197,353.0,1928.0,579,0.816908713692946,0.09917288587447107,328.0,166
Wainberg,1,0.1,0.1,"GoCoGrid-learnedgb (grid path, all blocks)",adapt_800_to_775_q0.275,0.025767306092184614,0.09434735495272827,0.28263176854727307,0.09455287526017657,199,349.0,1860.0,573,0.8123655913978495,0.09661790839588658,325.0,127
Wainberg,1,0.1,0.1,"GoCoGrid-ens (grid path, all blocks)",adapt_800_to_775_q0.175,0.04961618545760346,0.09518309745187181,0.28444057920158855,0.09479366738228115,196,346.0,1831.0,575,0.8110322228290552,0.09676020607547249,321.0,80
Wainberg,1,0.1,0.5,"GoCoGrid-knap (grid path, all blocks)",adapt_800_to_775_q0.125,0.24991093241539192,0.09799820496268799,0.28880136656258376,0.09688526122139295,192,332.0,1758.0,586,0.8111490329920364,0.0988008973215038,308.0,44
Wainberg,1,0.1,0.5,"GoCoGrid-knapEB (grid path, all blocks)",adapt_800_to_775_q0.125,0.23426689459657668,0.09785068444801531,0.2886539139934355,0.09688526122139295,192,331.0,1775.0,586,0.8135211267605634,0.0988008973215038,307.0,44
Wainberg,1,0.1,0.5,"GoCoGrid-learned (grid path, all blocks)",adapt_800_to_775_q0.4,0.24896940819471325,0.0979985649262826,0.28748560825022196,0.09836039047746428,198,354.0,1943.0,585,0.817807514153371,0.10048145489156271,328.0,175
Wainberg,1,0.1,0.5,"GoCoGrid-learnedgb (grid path, all blocks)",adapt_800_to_775_q0.35,0.3820652787991186,0.09910865740627883,0.289181440713105,0.09708307687556407,201,352.0,1925.0,584,0.8171428571428572,0.09903202727342668,327.0,152
Wainberg,1,0.1,0.5,"GoCoGrid-ens (grid path, all blocks)",adapt_800_to_775_q0.25,0.49126029270979615,0.09993457976267586,0.29068725532211376,0.09940161746594411,196,348.0,1961.0,594,0.8225395206527282,0.10136815615913546,323.0,132
Wainberg,2,0.1,0.1,"GoCoGrid-knap (grid path, all blocks)",adapt_800_to_775_q0.2,0.08975612337751315,0.09604881194648052,0.28656756262171096,0.09648238999612627,195,360.0,1831.0,581,0.803386127799017,0.0989502787797599,326.0,42
Wainberg,2,0.1,0.1,"GoCoGrid-knapEB (grid path, all blocks)",adapt_800_to_775_q0.175,0.06073348475967913,0.09545380414912781,0.28577983139708574,0.09616580071794982,196,361.0,1819.0,580,0.8015393073117097,0.09863368950158345,327.0,41
Wainberg,2,0.1,0.1,"GoCoGrid-learned (grid path, all blocks)",adapt_800_to_775_q0.35,0.09354163292753226,0.09613279258197302,0.285366872838439,0.09575141745247183,197,376.0,1970.0,572,0.8091370558375635,0.09827885517607564,341.0,153
Wainberg,2,0.1,0.1,"GoCoGrid-learnedgb (grid path, all blocks)",adapt_800_to_775_q0.35,0.02334855689172143,0.09422051875767633,0.282866441029824,0.09451948316062539,199,378.0,1928.0,569,0.803941908713693,0.09705772511299374,343.0,126
Wainberg,2,0.1,0.1,"GoCoGrid-ens (grid path, all blocks)",adapt_800_to_775_q0.25,0.03053320545183414,0.09453647337886141,0.28396669813989805,0.09505631442548555,197,371.0,1920.0,573,0.8067708333333333,0.09752420320911918,337.0,84
Wainberg,2,0.1,0.5,"GoCoGrid-knap (grid path, all blocks)",adapt_800_to_775_q0.225,0.3409491466338994,0.09877845004768554,0.29013236463272574,0.09958295484178425,198,363.0,1935.0,596,0.8124031007751938,0.10219154996288733,327.0,75
Wainberg,2,0.1,0.5,"GoCoGrid-knapEB (grid path, all blocks)",adapt_800_to_775_q0.225,0.3808682539190983,0.09909500591979696,0.2905696248320992,0.09897322734167627,198,363.0,1917.0,593,0.810641627543036,0.10158182246277934,327.0,72
Wainberg,2,0.1,0.5,"GoCoGrid-learned (grid path, all blocks)",adapt_800_to_775_q0.4,0.2983642357028582,0.09843259611920464,0.28838295761010363,0.09948013562185445,200,379.0,2040.0,591,0.8142156862745098,0.10246486896110417,341.0,177
Wainberg,2,0.1,0.5,"GoCoGrid-learnedgb (grid path, all blocks)",adapt_800_to_775_q0.4,0.1356411426170423,0.09676477377508039,0.28628740998980157,0.09716124480701087,199,378.0,1979.0,581,0.8089944416371905,0.09969948675937923,343.0,149
Wainberg,2,0.1,0.5,"GoCoGrid-ens (grid path, all blocks)",adapt_800_to_775_q0.275,0.14164163261685342,0.09683828680081573,0.2868594426388672,0.09788099431687138,199,375.0,1989.0,587,0.8114630467571644,0.10041923626923974,340.0,108
Wainberg,3,0.1,0.1,"GoCoGrid-knap (grid path, all blocks)",adapt_800_to_775_q0.225,0.031496402815247286,0.09457174339358711,0.28422339658488993,0.10323342895736771,201,345.0,1925.0,615,0.8207792207792208,0.10467927802295915,323.0,88
Wainberg,3,0.1,0.1,"GoCoGrid-knapEB (grid path, all blocks)",adapt_800_to_775_q0.2,0.018227917759743972,0.09391132094830014,0.2833590122791062,0.1025369325428635,201,344.0,1896.0,612,0.8185654008438819,0.10398278160845494,322.0,83
Wainberg,3,0.1,0.1,"GoCoGrid-learned (grid path, all blocks)",adapt_800_to_775_q0.5,0.004983736145936568,0.09257746490293053,0.2804017673931508,0.10129225534910187,211,368.0,1991.0,602,0.8151682571572074,0.10339565532664903,339.0,180
Wainberg,3,0.1,0.1,"GoCoGrid-learnedgb (grid path, all blocks)",adapt_800_to_775_q0.4,0.00018094667648659436,0.08985784799064955,0.27684281562969043,0.09963418182603616,207,362.0,1928.0,591,0.8122406639004149,0.1013192316904859,337.0,147
Wainberg,3,0.1,0.1,"GoCoGrid-ens (grid path, all blocks)",adapt_800_to_775_q0.35,0.06748451742693597,0.09562255586326984,0.2850858236228475,0.10372996236224777,209,362.0,2029.0,616,0.8215869886643666,0.10556275387475036,335.0,152
Wainberg,3,0.1,0.5,"GoCoGrid-knap (grid path, all blocks)",adapt_800_to_775_q0.225,0.031496402815247286,0.09457174339358711,0.28422339658488993,0.10323342895736771,201,345.0,1925.0,615,0.8207792207792208,0.10467927802295915,323.0,88
Wainberg,3,0.1,0.5,"GoCoGrid-knapEB (grid path, all blocks)",adapt_800_to_775_q0.225,0.39344516841788496,0.09919361900186392,0.2903674707846011,0.10546479708487196,204,352.0,1983.0,626,0.8224911749873929,0.10691064615046339,330.0,117
Wainberg,3,0.1,0.5,"GoCoGrid-learned (grid path, all blocks)",adapt_800_to_775_q0.5,0.004983736145936568,0.09257746490293053,0.2804017673931508,0.10129225534910187,211,368.0,1991.0,602,0.8151682571572074,0.10339565532664903,339.0,180
Wainberg,3,0.1,0.5,"GoCoGrid-learnedgb (grid path, all blocks)",adapt_800_to_775_q0.4,0.00018094667648659436,0.08985784799064955,0.27684281562969043,0.09963418182603616,207,362.0,1928.0,591,0.8122406639004149,0.1013192316904859,337.0,147
Wainberg,3,0.1,0.5,"GoCoGrid-ens (grid path, all blocks)",adapt_800_to_775_q0.4,0.26040542347953877,0.0980970255713731,0.288515016543356,0.10563653334188984,209,362.0,2051.0,625,0.8235007313505607,0.10746932485439245,335.0,166
Wainberg,4,0.1,0.1,"GoCoGrid-knap (grid path, all blocks)",adapt_800_to_775_q0.2,0.08283443418812031,0.09591470772617286,0.2868898995933458,0.10214207155190475,230,445.0,2093.0,630,0.7873865265169613,0.10466347898031499,408.0,78
Wainberg,4,0.1,0.1,"GoCoGrid-knapEB (grid path, all blocks)",adapt_800_to_775_q0.175,0.03855465129169274,0.09481831897477429,0.2853612228818213,0.10018606610838347,225,438.0,2025.0,621,0.7837037037037037,0.10239860932501925,405.0,49
Wainberg,4,0.1,0.1,"GoCoGrid-learned (grid path, all blocks)",adapt_800_to_775_q0.4,0.03243334497495136,0.0946168764518436,0.2838551278813269,0.10157712945874203,233,460.0,2190.0,620,0.7899543378995434,0.10412148542548091,422.0,167
Wainberg,4,0.1,0.1,"GoCoGrid-learnedgb (grid path, all blocks)",adapt_800_to_775_q0.4,0.09104811305641886,0.09607969118319346,0.2860177343963176,0.10324977614447858,234,460.0,2176.0,630,0.7886029411764706,0.10572377894248274,423.0,162
Wainberg,4,0.1,0.1,"GoCoGrid-ens (grid path, all blocks)",adapt_800_to_775_q0.3,0.0687970246502046,0.09563806158046978,0.2859854656538702,0.10273435540141915,233,456.0,2185.0,631,0.7913043478260869,0.1052435347775006,419.0,123
Wainberg,4,0.1,0.5,"GoCoGrid-knap (grid path, all blocks)",adapt_800_to_775_q0.25,0.26306218245643753,0.0981127459285027,0.2898159338292707,0.10520997240434925,233,448.0,2165.0,646,0.7930715935334873,0.10772384199639723,411.0,102
Wainberg,4,0.1,0.5,"GoCoGrid-knapEB (grid path, all blocks)",adapt_800_to_775_q0.3,0.36355353698570597,0.09895689492079984,0.2909829348173085,0.10682558277586483,230,445.0,2185.0,652,0.7963386727688787,0.10934699020427509,408.0,103
Wainberg,4,0.1,0.5,"GoCoGrid-learned (grid path, all blocks)",adapt_800_to_775_q0.4,0.03243334497495136,0.0946168764518436,0.2838551278813269,0.10157712945874203,233,460.0,2190.0,620,0.7899543378995434,0.10412148542548091,422.0,167
Wainberg,4,0.1,0.5,"GoCoGrid-learnedgb (grid path, all blocks)",adapt_800_to_775_q0.4,0.09104811305641886,0.09607969118319346,0.2860177343963176,0.10324977614447858,234,460.0,2176.0,630,0.7886029411764706,0.10572377894248274,423.0,162
Wainberg,4,0.1,0.5,"GoCoGrid-ens (grid path, all blocks)",adapt_800_to_775_q0.35,0.4312193543367886,0.09948178749365232,0.2911510607697492,0.10613542880097136,235,460.0,2237.0,647,0.7943674564148413,0.10885566769583711,421.0,148
Wainberg,5,0.1,0.1,"GoCoGrid-knap (grid path, all blocks)",adapt_800_to_775_q0.075,0.09361226751927937,0.09611381384938833,0.28685922885072224,0.0886458287911105,184,314.0,1532.0,543,0.7950391644908616,0.0911942125719124,288.0,5
Wainberg,5,0.1,0.1,"GoCoGrid-knapEB (grid path, all blocks)",adapt_800_to_775_q0.15,0.09519476177375746,0.09614253836042508,0.2867844122280822,0.08891053920798082,184,318.0,1568.0,544,0.7971938775510204,0.09140615810908663,291.0,12
Wainberg,5,0.1,0.1,"GoCoGrid-learned (grid path, all blocks)",adapt_800_to_775_q0.04,0.09590968444816306,0.09615417246443317,0.2868421149461101,0.0886047894395369,184,313.0,1518.0,543,0.7938076416337286,0.09122352639536356,286.0,8
Wainberg,5,0.1,0.1,"GoCoGrid-learnedgb (grid path, all blocks)",adapt_800_to_775_q0.02,0.09752997602503538,0.09618055212044245,0.2869545925149439,0.08849925968014474,184,314.0,1515.0,543,0.7927392739273927,0.09115317322033878,287.0,5
Wainberg,5,0.1,0.1,"GoCoGrid-ens (grid path, all blocks)",adapt_800_to_775_q0.05,0.09693302908900853,0.09617067665849115,0.2869276897108509,0.08872321728300878,182,312.0,1523.0,543,0.7951411687458962,0.09127160106381066,286.0,3
Wainberg,5,0.1,0.5,"GoCoGrid-knap (grid path, all blocks)",adapt_800_to_775_q0.175,0.2419681748323117,0.09792077080416908,0.289167014480031,0.0905204543229798,185,320.0,1677.0,551,0.8091830649970185,0.09282846476154621,293.0,30
Wainberg,5,0.1,0.5,"GoCoGrid-knapEB (grid path, all blocks)",adapt_800_to_775_q0.175,0.12648462420361678,0.096624189771384,0.28747744389734675,0.0890313121570772,185,321.0,1627.0,545,0.8027043638598648,0.091526931058183,294.0,22
Wainberg,5,0.1,0.5,"GoCoGrid-learned (grid path, all blocks)",adapt_800_to_775_q0.35,0.18200706818188483,0.09732028373726513,0.287383248235403,0.09052193014492914,191,335.0,1830.0,544,0.8169398907103825,0.09298873774836264,304.0,130
Wainberg,5,0.1,0.5,"GoCoGrid-learnedgb (grid path, all blocks)",adapt_800_to_775_q0.35,0.45255277557415313,0.09964441519768741,0.29036893802065783,0.09313655557223341,193,339.0,1884.0,557,0.8200636942675159,0.09554004531751559,307.0,145
Wainberg,5,0.1,0.5,"GoCoGrid-ens (grid path, all blocks)",adapt_800_to_775_q0.25,0.3723733165586021,0.09902933438131549,0.29023867206729226,0.0930279577870367,192,333.0,1861.0,560,0.8210639441160666,0.09524501161944669,303.0,96
Wainberg,6,0.1,0.1,"GoCoGrid-knap (grid path, all blocks)",adapt_800_to_775_q0.15,0.09950541965809812,0.09622761720300689,0.2859297955011765,0.0933454660718428,178,306.0,1801.0,557,0.830094392004442,0.09611604861528272,273.0,52
Wainberg,6,0.1,0.1,"GoCoGrid-knapEB (grid path, all blocks)",adapt_800_to_775_q0.15,0.09950541965809812,0.09622761720300689,0.2859297955011765,0.0933454660718428,178,306.0,1801.0,557,0.830094392004442,0.09611604861528272,273.0,52
Wainberg,6,0.1,0.1,"GoCoGrid-learned (grid path, all blocks)",adapt_800_to_775_q0.4,0.03946217252080814,0.09488681471176737,0.28331181563085484,0.09208171292290299,182,316.0,1906.0,549,0.8342077649527807,0.09516888474451937,282.0,126
Wainberg,6,0.1,0.1,"GoCoGrid-learnedgb (grid path, all blocks)",adapt_800_to_775_q0.4,0.05852188017376539,0.0954319105343161,0.28373762495870314,0.09251388241000294,180,313.0,1906.0,549,0.835781741867786,0.0953196415441003,280.0,124
Wainberg,6,0.1,0.1,"GoCoGrid-ens (grid path, all blocks)",adapt_800_to_775_q0.25,0.06772475956971748,0.0956307622167057,0.2849016846390963,0.09368667894964129,181,313.0,1905.0,556,0.8356955380577428,0.09654520295714467,279.0,97
Wainberg,6,0.1,0.5,"GoCoGrid-knap (grid path, all blocks)",adapt_800_to_775_q0.225,0.45526269666929015,0.09966464880395945,0.2905107873793559,0.09716212569899879,178,310.0,1914.0,573,0.8380355276907001,0.09991511994711001,277.0,92
Wainberg,6,0.1,0.5,"GoCoGrid-knapEB (grid path, all blocks)",adapt_800_to_775_q0.225,0.45526269666929015,0.09966464880395945,0.2905107873793559,0.09716212569899879,178,310.0,1914.0,573,0.8380355276907001,0.09991511994711001,277.0,92
Wainberg,6,0.1,0.5,"GoCoGrid-learned (grid path, all blocks)",adapt_800_to_775_q0.4,0.03946217252080814,0.09488681471176737,0.28331181563085484,0.09208171292290299,182,316.0,1906.0,549,0.8342077649527807,0.09516888474451937,282.0,126
Wainberg,6,0.1,0.5,"GoCoGrid-learnedgb (grid path, all blocks)",adapt_800_to_775_q0.4,0.05852188017376539,0.0954319105343161,0.28373762495870314,0.09251388241000294,180,313.0,1906.0,549,0.835781741867786,0.0953196415441003,280.0,124
Wainberg,6,0.1,0.5,"GoCoGrid-ens (grid path, all blocks)",adapt_800_to_775_q0.3,0.2676802094202331,0.0981649678387986,0.28820176445926016,0.09590138769844203,184,318.0,1967.0,567,0.8383324860193188,0.0989709712247297,282.0,121
Wainberg,7,0.1,0.1,"GoCoGrid-knap (grid path, all blocks)",adapt_800_to_775_q0.225,0.015705597544817314,0.0937446713089075,0.28299500325468135,0.09869972276927902,197,342.0,1861.0,594,0.816227834497582,0.100911324986077,310.0,58
Wainberg,7,0.1,0.1,"GoCoGrid-knapEB (grid path, all blocks)",adapt_800_to_775_q0.175,0.0014095098954079299,0.09141422092908291,0.27983826370007886,0.09540920436803728,198,342.0,1748.0,580,0.8043478260869565,0.09770121021253643,310.0,36
Wainberg,7,0.1,0.1,"GoCoGrid-learned (grid path, all blocks)",adapt_800_to_775_q0.4,0.009473799710468295,0.09322355668278351,0.2811289232869896,0.0960107696658954,201,352.0,1910.0,579,0.8157068062827225,0.0986758985754406,316.0,136
Wainberg,7,0.1,0.1,"GoCoGrid-learnedgb (grid path, all blocks)",adapt_800_to_775_q0.3,0.04802489862220601,0.09514738731907807,0.2838415271709704,0.09770100465954079,202,354.0,1931.0,587,0.8166752977731745,0.1002538197557098,318.0,141
Wainberg,7,0.1,0.1,"GoCoGrid-ens (grid path, all blocks)",adapt_800_to_775_q0.275,0.08767792333333124,0.0960253685998982,0.2855163090388912,0.09836914662370806,199,346.0,1931.0,591,0.8208182288969446,0.10064054902606798,313.0,96
Wainberg,7,0.1,0.5,"GoCoGrid-knap (grid path, all blocks)",adapt_800_to_775_q0.225,0.015705597544817314,0.0937446713089075,0.28299500325468135,0.09869972276927902,197,342.0,1861.0,594,0.816227834497582,0.100911324986077,310.0,58
Wainberg,7,0.1,0.5,"GoCoGrid-knapEB (grid path, all blocks)",adapt_800_to_775_q0.2,0.192199930611675,0.09742786736003807,0.2878726458029708,0.10142624325367809,200,346.0,1906.0,608,0.8184679958027282,0.10362729248730328,314.0,82
Wainberg,7,0.1,0.5,"GoCoGrid-learned (grid path, all blocks)",adapt_800_to_775_q0.4,0.009473799710468295,0.09322355668278351,0.2811289232869896,0.0960107696658954,201,352.0,1910.0,579,0.8157068062827225,0.0986758985754406,316.0,136
Wainberg,7,0.1,0.5,"GoCoGrid-learnedgb (grid path, all blocks)",adapt_800_to_775_q0.35,0.20474899607512642,0.09756740671560409,0.28712314549460033,0.10036563107790249,203,355.0,1982.0,600,0.8208879919273461,0.10291467725589035,319.0,160
Wainberg,7,0.1,0.5,"GoCoGrid-ens (grid path, all blocks)",adapt_800_to_775_q0.3,0.23295642378773218,0.09784291147041059,0.28799794441028964,0.10231969047317328,203,353.0,2026.0,610,0.8257650542941757,0.10487250556934227,317.0,140
Wainberg,8,0.1,0.1,"GoCoGrid-knap (grid path, all blocks)",adapt_800_to_775_q0.125,0.017841460743065227,0.09387908479945876,0.2836772496195985,0.10132559799302626,210,396.0,2035.0,607,0.8054054054054054,0.10355511824130609,358.0,60
Wainberg,8,0.1,0.1,"GoCoGrid-knapEB (grid path, all blocks)",adapt_800_to_775_q0.125,0.01906937244604868,0.09395646511914044,0.28376031601323437,0.10160701068054527,209,395.0,2038.0,608,0.8061825318940138,0.10383653092882511,357.0,59
Wainberg,8,0.1,0.1,"GoCoGrid-learned (grid path, all blocks)",adapt_800_to_775_q0.35,0.01010562326948517,0.09327966103740441,0.2817014206126092,0.1005406897812264,210,407.0,2132.0,599,0.8090994371482176,0.10292659123117986,369.0,148
Wainberg,8,0.1,0.1,"GoCoGrid-learnedgb (grid path, all blocks)",adapt_800_to_775_q0.35,0.06994258143952374,0.09568033535558236,0.28486214411193833,0.10325104577499082,212,405.0,2143.0,616,0.811012599160056,0.10545603906418916,368.0,146
Wainberg,8,0.1,0.1,"GoCoGrid-ens (grid path, all blocks)",adapt_800_to_775_q0.225,0.05522734209255394,0.09532719457374038,0.28499594155926167,0.10344741620837308,212,406.0,2178.0,615,0.8135904499540864,0.10565884563554535,368.0,122
Wainberg,8,0.1,0.5,"GoCoGrid-knap (grid path, all blocks)",adapt_800_to_775_q0.2,0.2211941210047222,0.09772127442289105,0.2887832995310751,0.10565985597704673,210,396.0,2148.0,626,0.8156424581005587,0.10787178792999787,358.0,95
Wainberg,8,0.1,0.5,"GoCoGrid-knapEB (grid path, all blocks)",adapt_800_to_775_q0.2,0.2158315323712885,0.09766758406581764,0.28875273879070457,0.10565985597704673,210,396.0,2145.0,626,0.8153846153846154,0.10787178792999787,358.0,94
Wainberg,8,0.1,0.5,"GoCoGrid-learned (grid path, all blocks)",adapt_800_to_775_q0.4,0.14124568392032527,0.09683764855406563,0.28644573313947264,0.10402568445433641,213,412.0,2219.0,614,0.8143307796304642,0.10626032658207513,373.0,174
Wainberg,8,0.1,0.5,"GoCoGrid-learnedgb (grid path, all blocks)",adapt_800_to_775_q0.4,0.28157572713463097,0.09828664536804191,0.2884891542283473,0.10536164096283379,212,405.0,2179.0,626,0.8141349242771914,0.10756663425203213,368.0,160
Wainberg,8,0.1,0.5,"GoCoGrid-ens (grid path, all blocks)",adapt_800_to_775_q0.3,0.45377645633005803,0.09965334756487945,0.29060381517837824,0.10800692028967124,212,410.0,2271.0,634,0.8194627917217085,0.11028050791995844,371.0,169
Wainberg,9,0.1,0.1,"GoCoGrid-knap (grid path, all blocks)",adapt_800_to_775_q0.175,0.011121755746102973,0.09335506727555966,0.2829533868838868,0.09955852790100758,202,353.0,1965.0,593,0.8203562340966921,0.10146067436169652,324.0,48
Wainberg,9,0.1,0.1,"GoCoGrid-knapEB (grid path, all blocks)",adapt_800_to_775_q0.15,0.0027844935626061777,0.09199069471418751,0.28126510389911774,0.09845222426132594,202,354.0,1923.0,589,0.8159126365054602,0.10052321833955834,325.0,41
Wainberg,9,0.1,0.1,"GoCoGrid-learned (grid path, all blocks)",adapt_800_to_775_q0.4,0.017657675626852175,0.09389586903455956,0.28233463402326575,0.10076041138778512,205,362.0,2124.0,592,0.8295668549905838,0.1028396902663288,331.0,148
Wainberg,9,0.1,0.1,"GoCoGrid-learnedgb (grid path, all blocks)",adapt_800_to_775_q0.4,0.048755937981885475,0.09516385118393024,0.2841206088629138,0.10219787746831403,210,368.0,2141.0,604,0.8281177020084073,0.10421760740688754,336.0,153
Wainberg,9,0.1,0.1,"GoCoGrid-ens (grid path, all blocks)",adapt_800_to_775_q0.225,0.05529973522165707,0.09533025257362523,0.28492516308989213,0.10105954767934075,204,360.0,2096.0,597,0.8282442748091603,0.10304526069487334,329.0,105
Wainberg,9,0.1,0.5,"GoCoGrid-knap (grid path, all blocks)",adapt_800_to_775_q0.2,0.15266214883027712,0.09696866142573055,0.2878797380847323,0.1022747739860155,204,358.0,2050.0,606,0.8253658536585365,0.1042604870015481,327.0,78
Wainberg,9,0.1,0.5,"GoCoGrid-knapEB (grid path, all blocks)",adapt_800_to_775_q0.15,0.0027844935626061777,0.09199069471418751,0.28126510389911774,0.09845222426132594,202,354.0,1923.0,589,0.8159126365054602,0.10052321833955834,325.0,41
Wainberg,9,0.1,0.5,"GoCoGrid-learned (grid path, all blocks)",adapt_800_to_775_q0.4,0.017657675626852175,0.09389586903455956,0.28233463402326575,0.10076041138778512,205,362.0,2124.0,592,0.8295668549905838,0.1028396902663288,331.0,148
Wainberg,9,0.1,0.5,"GoCoGrid-learnedgb (grid path, all blocks)",adapt_800_to_775_q0.4,0.048755937981885475,0.09516385118393024,0.2841206088629138,0.10219787746831403,210,368.0,2141.0,604,0.8281177020084073,0.10421760740688754,336.0,153
Wainberg,9,0.1,0.5,"GoCoGrid-ens (grid path, all blocks)",adapt_800_to_775_q0.3,0.47294564176116516,0.09979713914533249,0.29098676199437606,0.1043944040422653,204,361.0,2155.0,612,0.8324825986078886,0.10637895739647144,330.0,134
Wainberg,10,0.1,0.1,"GoCoGrid-knap (grid path, all blocks)",adapt_800_to_775_q0.1,0.0599795168287848,0.09543922272373934,0.28553484449792155,0.08705661688338055,181,328.0,1561.0,538,0.7898782831518257,0.08934378473629877,306.0,10
Wainberg,10,0.1,0.1,"GoCoGrid-knapEB (grid path, all blocks)",adapt_800_to_775_q0.125,0.0646009245797137,0.09554825863503474,0.28563160465761633,0.08705661688338055,181,330.0,1563.0,538,0.7888675623800384,0.08934378473629877,308.0,11
Wainberg,10,0.1,0.1,"GoCoGrid-learned (grid path, all blocks)",adapt_800_to_775_q0.275,0.09618269792757833,0.09617685238476278,0.2855010161427034,0.08867668373366357,190,353.0,1807.0,541,0.8046485888212507,0.09098309525058661,330.0,121
Wainberg,10,0.1,0.1,"GoCoGrid-learnedgb (grid path, all blocks)",adapt_800_to_775_q0.225,0.08499291314493485,0.0959772797162062,0.28537915054679736,0.08851490231406191,187,347.0,1759.0,537,0.8027288231949972,0.0908330393591074,324.0,100
Wainberg,10,0.1,0.1,"GoCoGrid-ens (grid path, all blocks)",adapt_800_to_775_q0.15,0.06829199162674178,0.09563457493752735,0.28547907195500277,0.0876636853502138,185,344.0,1690.0,538,0.7964497041420119,0.08998602979378943,321.0,45
Wainberg,10,0.1,0.5,"GoCoGrid-knap (grid path, all blocks)",adapt_800_to_775_q0.125,0.10704030966843087,0.0963405276394864,0.2867375103276583,0.08848043110059656,181,328.0,1626.0,543,0.7982779827798278,0.09057999049097538,306.0,20
Wainberg,10,0.1,0.5,"GoCoGrid-knapEB (grid path, all blocks)",adapt_800_to_775_q0.15,0.47679525989342464,0.09982584167884676,0.29131840161816797,0.09170743193416064,183,337.0,1750.0,556,0.8074285714285714,0.09381578547534886,314.0,50
Wainberg,10,0.1,0.5,"GoCoGrid-learned (grid path, all blocks)",adapt_800_to_775_q0.4,0.3115653953620974,0.09854465680741505,0.28830338578606945,0.09061307107511579,192,358.0,1860.0,550,0.8075268817204301,0.0929869043834605,333.0,149
Wainberg,10,0.1,0.5,"GoCoGrid-learnedgb (grid path, all blocks)",adapt_800_to_775_q0.35,0.21899108220976587,0.09771278407316589,0.2870793327785381,0.08934328005931809,191,353.0,1820.0,542,0.8060439560439561,0.09144742620197617,330.0,131
Wainberg,10,0.1,0.5,"GoCoGrid-ens (grid path, all blocks)",adapt_800_to_775_q0.25,0.42276906009853976,0.099418937896574,0.2903598551055489,0.09036993425309582,189,351.0,1846.0,548,0.8098591549295775,0.09246235486763145,328.0,96
Wainberg,11,0.1,0.1,"GoCoGrid-knap (grid path, all blocks)",adapt_800_to_775_q0.125,0.08724844239958018,0.09600816348285958,0.2861817121279843,0.0933705621370287,180,324.0,1736.0,559,0.8133640552995391,0.09532244389333419,297.0,39
Wainberg,11,0.1,0.1,"GoCoGrid-knapEB (grid path, all blocks)",adapt_800_to_775_q0.125,0.043279007894379495,0.09498639146751073,0.2847839107552809,0.09265848751773105,179,322.0,1687.0,557,0.8091286307053942,0.09457167503437748,296.0,28
Wainberg,11,0.1,0.1,"GoCoGrid-learned (grid path, all blocks)",adapt_800_to_775_q0.4,0.04857726112413498,0.09516638744427104,0.28366855731349283,0.09385762039419467,183,330.0,1866.0,557,0.8231511254019293,0.09609510252348931,302.0,122
Wainberg,11,0.1,0.1,"GoCoGrid-learnedgb (grid path, all blocks)",adapt_800_to_775_q0.35,0.03316567488824177,0.09465744895051775,0.28324963866138064,0.09353952354497173,185,334.0,1844.0,559,0.8188720173535792,0.09553076957740478,307.0,111
Wainberg,11,0.1,0.1,"GoCoGrid-ens (grid path, all blocks)",adapt_800_to_775_q0.25,0.08166160804924172,0.09591070398840834,0.28557948412141415,0.09383646156615273,184,332.0,1834.0,559,0.8189749182115594,0.09599354006145613,302.0,76
Wainberg,11,0.1,0.5,"GoCoGrid-knap (grid path, all blocks)",adapt_800_to_775_q0.175,0.10282071020901723,0.09627631478034407,0.2864162507492719,0.0940670585515329,180,325.0,1760.0,562,0.8153409090909091,0.09601894030783839,298.0,44
Wainberg,11,0.1,0.5,"GoCoGrid-knapEB (grid path, all blocks)",adapt_800_to_775_q0.225,0.46269444908660495,0.09972003232493133,0.29103520209914774,0.09890668683851656,185,329.0,1851.0,585,0.8222582387898433,0.10106376533381996,299.0,79
Wainberg,11,0.1,0.5,"GoCoGrid-learned (grid path, all blocks)",adapt_800_to_775_q0.4,0.04857726112413498,0.09516638744427104,0.28366855731349283,0.09385762039419467,183,330.0,1866.0,557,0.8231511254019293,0.09609510252348931,302.0,122
Wainberg,11,0.1,0.5,"GoCoGrid-learnedgb (grid path, all blocks)",adapt_800_to_775_q0.4,0.11902004221458995,0.09653812956776035,0.2856282349422224,0.09570288361251078,186,335.0,1881.0,569,0.8219032429558746,0.09769412964494383,308.0,128
Wainberg,11,0.1,0.5,"GoCoGrid-ens (grid path, all blocks)",adapt_800_to_775_q0.3,0.2945783540852892,0.09839716737495767,0.2889234753281138,0.09660837659671268,188,336.0,1909.0,572,0.8239916186485071,0.09894133802014295,304.0,105
Wainberg,12,0.1,0.1,"GoCoGrid-knap (grid path, all blocks)",adapt_800_to_775_q0.125,0.0134048985958373,0.09356363284442575,0.2829726706146453,0.10204601751104997,190,342.0,1939.0,598,0.8236204228984012,0.10369589073452179,313.0,48
Wainberg,12,0.1,0.1,"GoCoGrid-knapEB (grid path, all blocks)",adapt_800_to_775_q0.125,0.012761525997500498,0.09351087353240718,0.28285024884028187,0.10164500443039186,190,342.0,1919.0,596,0.8217821782178217,0.10329487765386368,313.0,46
Wainberg,12,0.1,0.1,"GoCoGrid-learned (grid path, all blocks)",adapt_800_to_775_q0.35,0.03399563517322095,0.09468704914573729,0.2833955197227992,0.10355315866627336,196,358.0,2085.0,601,0.8282973621103118,0.10559893598557525,325.0,165
Wainberg,12,0.1,0.1,"GoCoGrid-learnedgb (grid path, all blocks)",adapt_800_to_775_q0.35,0.026683237116622207,0.09438456242737595,0.28295971687296834,0.10261042615490756,192,352.0,2056.0,594,0.8287937743190662,0.10422704912605744,323.0,147
Wainberg,12,0.1,0.1,"GoCoGrid-ens (grid path, all blocks)",adapt_800_to_775_q0.225,0.0974713873252353,0.09619075718155086,0.2861127945971861,0.10474944474476709,193,353.0,2099.0,609,0.8318246784182944,0.10651757828844102,322.0,114
Wainberg,12,0.1,0.5,"GoCoGrid-knap (grid path, all blocks)",adapt_800_to_775_q0.2,0.467239783519405,0.0997539011556551,0.2914199908185197,0.1058848795035611,191,346.0,2058.0,615,0.8318756073858115,0.10754982839975744,316.0,83
Wainberg,12,0.1,0.5,"GoCoGrid-knapEB (grid path, all blocks)",adapt_800_to_775_q0.175,0.4532249768737615,0.09964838253161795,0.29127501279586876,0.10482958190963962,192,347.0,2036.0,611,0.8295677799607073,0.10670559032462025,316.0,80
Wainberg,12,0.1,0.5,"GoCoGrid-learned (grid path, all blocks)",adapt_800_to_775_q0.4,0.12145622773800346,0.09657231523251752,0.2857530628787593,0.10557581238376285,196,358.0,2117.0,610,0.8308927727916864,0.10762158970306472,325.0,176
Wainberg,12,0.1,0.5,"GoCoGrid-learnedgb (grid path, all blocks)",adapt_800_to_775_q0.4,0.10194225217903202,0.09627334579826974,0.28553455010423795,0.10508032504794668,192,352.0,2095.0,605,0.831980906921241,0.10669694801909654,323.0,162
Wainberg,12,0.1,0.5,"GoCoGrid-ens (grid path, all blocks)",adapt_800_to_775_q0.25,0.1892793441961897,0.09739718678660618,0.2877543669952552,0.105528575275054,194,354.0,2117.0,613,0.8327822390174776,0.10729670881872794,323.0,122
Wainberg,13,0.1,0.1,"GoCoGrid-knap (grid path, all blocks)",adapt_800_to_775_q0.225,0.08727938156036091,0.09601356285580279,0.2858356595188125,0.10593089457238057,183,340.0,1976.0,616,0.8279352226720648,0.10792105181363626,311.0,82
Wainberg,13,0.1,0.1,"GoCoGrid-knapEB (grid path, all blocks)",adapt_800_to_775_q0.225,0.08347202920320806,0.09594321711063762,0.28574646803992715,0.10582536481298843,182,339.0,1972.0,615,0.8280933062880325,0.10781552205424412,310.0,80
Wainberg,13,0.1,0.1,"GoCoGrid-learned (grid path, all blocks)",adapt_800_to_775_q0.4,0.002245714571350651,0.09185406440349901,0.27908869937639863,0.09962275762342108,190,357.0,1962.0,586,0.8180428134556575,0.10256561407022911,322.0,142
Wainberg,13,0.1,0.1,"GoCoGrid-learnedgb (grid path, all blocks)",adapt_800_to_775_q0.4,0.056623848679101085,0.0953841724780789,0.28372320842893345,0.10404646465198658,188,355.0,2033.0,603,0.8253812100344319,0.10646167230183387,322.0,156
Wainberg,13,0.1,0.1,"GoCoGrid-ens (grid path, all blocks)",adapt_800_to_775_q0.3,0.003209347545096892,0.09215827845449726,0.2800828753492529,0.10150440085055004,186,348.0,1976.0,595,0.8238866396761133,0.1035590484933342,318.0,95
Wainberg,13,0.1,0.5,"GoCoGrid-knap (grid path, all blocks)",adapt_800_to_775_q0.275,0.42684158442366626,0.09944970147829463,0.29048474504147304,0.10924921922917202,184,341.0,2039.0,631,0.8327611574301128,0.11123937647042771,312.0,108
Wainberg,13,0.1,0.5,"GoCoGrid-knapEB (grid path, all blocks)",adapt_800_to_775_q0.275,0.1642551653268821,0.0971152275428058,0.2874085106831681,0.10740831120387066,183,340.0,2009.0,623,0.8307615729218517,0.10939846844512634,311.0,90
Wainberg,13,0.1,0.5,"GoCoGrid-learned (grid path, all blocks)",adapt_800_to_775_q0.5,0.145680685952507,0.09690350742704622,0.2856902769908683,0.10683973686460606,192,360.0,2096.0,618,0.8282442748091603,0.10987932891999684,323.0,191
Wainberg,13,0.1,0.5,"GoCoGrid-learnedgb (grid path, all blocks)",adapt_800_to_775_q0.4,0.056623848679101085,0.0953841724780789,0.28372320842893345,0.10404646465198658,188,355.0,2033.0,603,0.8253812100344319,0.10646167230183387,322.0,156
Wainberg,13,0.1,0.5,"GoCoGrid-ens (grid path, all blocks)",adapt_800_to_775_q0.35,0.1265313773159783,0.09664039138161684,0.28615412422041714,0.10521201306302218,187,353.0,2062.0,612,0.8288069835111542,0.10747772022459064,321.0,133
Wainberg,14,0.1,0.1,"GoCoGrid-knap (grid path, all blocks)",adapt_800_to_775_q0.125,0.06435003244896201,0.09554452899325758,0.2854962236253294,0.10009024484077553,196,337.0,1907.0,601,0.8232826428945988,0.1020226957344868,310.0,62
Wainberg,14,0.1,0.1,"GoCoGrid-knapEB (grid path, all blocks)",adapt_800_to_775_q0.125,0.05559378741536724,0.0953334917451833,0.285197017565865,0.10030130435955982,196,337.0,1909.0,602,0.8234677841801991,0.1022337552532711,310.0,63
Wainberg,14,0.1,0.1,"GoCoGrid-learned (grid path, all blocks)",adapt_800_to_775_q0.25,0.018297214270682757,0.09394081307354388,0.28219507548143824,0.09728097560260808,194,345.0,1950.0,582,0.823076923076923,0.09935505413314671,317.0,132
Wainberg,14,0.1,0.1,"GoCoGrid-learnedgb (grid path, all blocks)",adapt_800_to_775_q0.3,0.03965904432623091,0.09489144376527538,0.28342719612679645,0.09823049218368309,199,351.0,1959.0,590,0.8208269525267994,0.10036110451838899,322.0,137
Wainberg,14,0.1,0.1,"GoCoGrid-ens (grid path, all blocks)",adapt_800_to_775_q0.2,0.07001303996693153,0.09568099800520485,0.28491975231685024,0.09841341045698872,196,343.0,1980.0,590,0.8267676767676768,0.10033999858349373,316.0,100
Wainberg,14,0.1,0.5,"GoCoGrid-knap (grid path, all blocks)",adapt_800_to_775_q0.175,0.4796948650943839,0.09984767653651035,0.2912183877110577,0.10201323156607911,197,339.0,1990.0,610,0.8296482412060302,0.10393981969258412,312.0,90
Wainberg,14,0.1,0.5,"GoCoGrid-knapEB (grid path, all blocks)",adapt_800_to_775_q0.15,0.43032359146452254,0.09947565574679708,0.29077037964678154,0.10201323156607911,197,339.0,1972.0,610,0.8280933062880325,0.10393981969258412,312.0,84
Wainberg,14,0.1,0.5,"GoCoGrid-learned (grid path, all blocks)",adapt_800_to_775_q0.4,0.4964416473069835,0.09997342169203058,0.2900801992533595,0.10287757051511875,195,347.0,2069.0,604,0.8322861285645239,0.10477576611753052,319.0,180
Wainberg,14,0.1,0.5,"GoCoGrid-learnedgb (grid path, all blocks)",adapt_800_to_775_q0.4,0.35328127712108504,0.09888306257593188,0.28881929991265476,0.1025044474390651,201,353.0,2036.0,612,0.8266208251473477,0.10463505977377101,324.0,166
Wainberg,14,0.1,0.5,"GoCoGrid-ens (grid path, all blocks)",adapt_800_to_775_q0.225,0.24400809017978065,0.09794863586946795,0.2879731858895633,0.1007104415514138,198,346.0,2035.0,602,0.82997542997543,0.10263702967791881,319.0,123
Wainberg,15,0.1,0.1,"GoCoGrid-knap (grid path, all blocks)",adapt_800_to_775_q0.175,0.05877836959989078,0.09540846431111942,0.28559334855621354,0.09264725685408971,184,324.0,1718.0,557,0.8114086146682189,0.09413673401621134,304.0,38
Wainberg,15,0.1,0.1,"GoCoGrid-knapEB (grid path, all blocks)",adapt_800_to_775_q0.15,0.031157852932200865,0.09455091612297761,0.2845791467314999,0.09064596034382003,183,320.0,1648.0,548,0.8058252427184466,0.09220880582305942,301.0,23
Wainberg,15,0.1,0.1,"GoCoGrid-learned (grid path, all blocks)",adapt_800_to_775_q0.35,0.029936262688925144,0.0945205994282919,0.28347248585097806,0.090987000597107,187,334.0,1802.0,544,0.8146503884572697,0.09278779054188738,310.0,106
Wainberg,15,0.1,0.1,"GoCoGrid-learnedgb (grid path, all blocks)",adapt_800_to_775_q0.4,0.0587286025967409,0.0954309906859658,0.28411511088207064,0.09245533419088152,191,342.0,1844.0,552,0.8145336225596529,0.09436165389505405,317.0,130
Wainberg,15,0.1,0.1,"GoCoGrid-ens (grid path, all blocks)",adapt_800_to_775_q0.275,0.04926436765753214,0.09516948100835497,0.28465032990180533,0.09267055091034164,188,331.0,1836.0,555,0.8197167755991286,0.094242693041009,309.0,85
Wainberg,15,0.1,0.5,"GoCoGrid-knap (grid path, all blocks)",adapt_800_to_775_q0.225,0.3443293953769486,0.09880648187328343,0.2899821656034421,0.09548282472643987,186,327.0,1835.0,569,0.8217983651226158,0.09698461368837252,306.0,72
Wainberg,15,0.1,0.5,"GoCoGrid-knapEB (grid path, all blocks)",adapt_800_to_775_q0.225,0.3320363019592438,0.0987069091411838,0.28985273798742,0.09548282472643987,186,327.0,1830.0,569,0.8213114754098361,0.09698461368837252,306.0,71
Wainberg,15,0.1,0.5,"GoCoGrid-learned (grid path, all blocks)",adapt_800_to_775_q0.4,0.1572590167923329,0.09703964722506216,0.2865318357306156,0.09409007806222415,190,338.0,1871.0,557,0.8193479422768573,0.09622504557421964,311.0,140
Wainberg,15,0.1,0.5,"GoCoGrid-learnedgb (grid path, all blocks)",adapt_800_to_775_q0.4,0.0587286025967409,0.0954309906859658,0.28411511088207064,0.09245533419088152,191,342.0,1844.0,552,0.8145336225596529,0.09436165389505405,317.0,130
Wainberg,15,0.1,0.5,"GoCoGrid-ens (grid path, all blocks)",adapt_800_to_775_q0.3,0.141276305795294,0.09683550284974772,0.2866765662187828,0.09507108645166915,188,331.0,1889.0,565,0.8247750132345156,0.09664322858233651,309.0,101
Wainberg,16,0.1,0.1,"GoCoGrid-knap (grid path, all blocks)",adapt_800_to_775_q0.175,0.04692717553329494,0.09510271496252382,0.28455775548611856,0.09686885320307485,175,298.0,1805.0,568,0.8349030470914127,0.09879427635943955,272.0,51
Wainberg,16,0.1,0.1,"GoCoGrid-knapEB (grid path, all blocks)",adapt_800_to_775_q0.15,0.060445677739998864,0.09545796100391017,0.285077165997771,0.09692563826384148,174,296.0,1820.0,568,0.8373626373626374,0.09885106142020618,270.0,50
Wainberg,16,0.1,0.1,"GoCoGrid-learned (grid path, all blocks)",adapt_800_to_775_q0.3,0.03591181085379778,0.09476631524769882,0.2830179133452385,0.0945887247178312,177,311.0,1921.0,550,0.8381051535658511,0.09653617511788416,282.0,148
Wainberg,16,0.1,0.1,"GoCoGrid-learnedgb (grid path, all blocks)",adapt_800_to_775_q0.35,0.06450824179883492,0.09556829865828866,0.28420814492365437,0.09539552488662664,180,314.0,1901.0,557,0.8348237769594951,0.09744172097950758,284.0,139
Wainberg,16,0.1,0.1,"GoCoGrid-ens (grid path, all blocks)",adapt_800_to_775_q0.25,0.04510116066882535,0.09505647535821965,0.28403625409603134,0.09646517521422239,178,308.0,1905.0,565,0.8383202099737532,0.098452743660201,281.0,94
Wainberg,16,0.1,0.5,"GoCoGrid-knap (grid path, all blocks)",adapt_800_to_775_q0.2,0.36842954398590333,0.09899971184929149,0.28980181347154377,0.10041294759552204,178,303.0,1891.0,584,0.8397673188789001,0.10240286115341521,276.0,79
Wainberg,16,0.1,0.5,"GoCoGrid-knapEB (grid path, all blocks)",adapt_800_to_775_q0.2,0.13266577443681687,0.09671809688136587,0.2868293501023948,0.09733368666766312,174,297.0,1837.0,570,0.8383233532934131,0.09925910982402783,271.0,55
Wainberg,16,0.1,0.5,"GoCoGrid-learned (grid path, all blocks)",adapt_800_to_775_q0.4,0.3689265828976876,0.0990085407888712,0.28837500460841925,0.09726214530587246,183,317.0,1984.0,566,0.8402217741935484,0.09949100839344446,286.0,173
Wainberg,16,0.1,0.5,"GoCoGrid-learnedgb (grid path, all blocks)",adapt_800_to_775_q0.4,0.39122314380320694,0.0991800504198957,0.28907134240975724,0.09700108479917578,181,315.0,1933.0,564,0.8370408691153647,0.09925834041084101,284.0,154
Wainberg,16,0.1,0.5,"GoCoGrid-ens (grid path, all blocks)",adapt_800_to_775_q0.3,0.3745500893006846,0.09904935035233106,0.2893623755067737,0.10052929641564921,179,310.0,2003.0,581,0.8452321517723415,0.10257549250853017,282.0,139
Wainberg,17,0.1,0.1,"GoCoGrid-knap (grid path, all blocks)",adapt_800_to_775_q0.175,0.06229743132966419,0.09549917864330311,0.2852995643069858,0.09811879829383692,186,345.0,1897.0,577,0.8181338956246705,0.09985394498475647,319.0,50
Wainberg,17,0.1,0.1,"GoCoGrid-knapEB (grid path, all blocks)",adapt_800_to_775_q0.175,0.05893376314606309,0.09541828102692906,0.28522409074352467,0.09810003744726847,186,345.0,1895.0,577,0.8179419525065963,0.09983752924224001,319.0,47
Wainberg,17,0.1,0.1,"GoCoGrid-learned (grid path, all blocks)",adapt_800_to_775_q0.35,0.025891969792237263,0.09435414995770547,0.2825932589088193,0.0964496918950417,192,360.0,1999.0,567,0.8199099549774888,0.098421674559845,333.0,139
Wainberg,17,0.1,0.1,"GoCoGrid-learnedgb (grid path, all blocks)",adapt_800_to_775_q0.35,0.0723588975093297,0.0957405474494879,0.28431451286888343,0.09865878153169341,189,356.0,2022.0,576,0.8239366963402571,0.10046191657895326,329.0,151
Wainberg,17,0.1,0.1,"GoCoGrid-ens (grid path, all blocks)",adapt_800_to_775_q0.275,0.08225296822447381,0.09592598472276015,0.2853117702759211,0.09854119123537966,192,358.0,2015.0,579,0.822332506203474,0.10034482880841836,331.0,100
Wainberg,17,0.1,0.5,"GoCoGrid-knap (grid path, all blocks)",adapt_800_to_775_q0.225,0.25529089218963635,0.09804879333967396,0.28870722760917544,0.1022038247393827,187,348.0,1998.0,596,0.8258258258258259,0.10393710914368667,322.0,80
Wainberg,17,0.1,0.5,"GoCoGrid-knapEB (grid path, all blocks)",adapt_800_to_775_q0.25,0.4092107281420143,0.09931501682811968,0.2904620114059984,0.10313851689489746,187,348.0,2018.0,600,0.8275520317145689,0.10487180129920143,322.0,86
Wainberg,17,0.1,0.5,"GoCoGrid-learned (grid path, all blocks)",adapt_800_to_775_q0.4,0.1460368712785146,0.09690418337717757,0.2860498957421649,0.09908793587984542,192,360.0,2049.0,579,0.8243045387994143,0.10105991854464871,333.0,155
Wainberg,17,0.1,0.5,"GoCoGrid-learnedgb (grid path, all blocks)",adapt_800_to_775_q0.4,0.20976799890331632,0.09762171003132213,0.286816961659044,0.10047037573039859,191,359.0,2074.0,585,0.8269045323047252,0.10227351077765842,332.0,163
Wainberg,17,0.1,0.5,"GoCoGrid-ens (grid path, all blocks)",adapt_800_to_775_q0.3,0.33482691422853383,0.09873330903648261,0.2890424886248907,0.10227443212419182,193,359.0,2083.0,595,0.8276524243879021,0.10407756717145167,332.0,131
Wainberg,18,0.1,0.1,"GoCoGrid-knap (grid path, all blocks)",adapt_800_to_775_q0.2,0.08200287639099169,0.09590790270689835,0.2862384874934905,0.09852345477917014,196,389.0,1903.0,592,0.7955859169732002,0.10159286318536347,355.0,61
Wainberg,18,0.1,0.1,"GoCoGrid-knapEB (grid path, all blocks)",adapt_800_to_775_q0.2,0.023428260434723437,0.09420369317841779,0.28389579035083057,0.09654184040067416,195,388.0,1855.0,584,0.7908355795148247,0.09955262116625521,355.0,45
Wainberg,18,0.1,0.1,"GoCoGrid-learned (grid path, all blocks)",adapt_800_to_775_q0.4,0.013239757280482305,0.09356933880754195,0.2821064547922131,0.09763075195256041,205,411.0,1982.0,584,0.7926337033299697,0.10130050744422632,374.0,148
Wainberg,18,0.1,0.1,"GoCoGrid-learnedgb (grid path, all blocks)",adapt_800_to_775_q0.4,0.07200299239428738,0.09572304931322935,0.2849766152338978,0.09848772061366781,203,411.0,2024.0,590,0.7969367588932806,0.10153719562677051,377.0,143
Wainberg,18,0.1,0.1,"GoCoGrid-ens (grid path, all blocks)",adapt_800_to_775_q0.3,0.06784225485265034,0.09562717188356848,0.28530722714051476,0.0986399012273779,202,405.0,2023.0,590,0.7998022738507168,0.10170930963357122,371.0,117
Wainberg,18,0.1,0.5,"GoCoGrid-knap (grid path, all blocks)",adapt_800_to_775_q0.3,0.28020569406404894,0.09826890856791766,0.28944126436652845,0.1001575425213754,198,392.0,1967.0,599,0.800711743772242,0.10322695092756871,358.0,81
Wainberg,18,0.1,0.5,"GoCoGrid-knapEB (grid path, all blocks)",adapt_800_to_775_q0.3,0.25566228671094016,0.09804934456628424,0.2891334458168525,0.1001575425213754,198,392.0,1965.0,599,0.8005089058524173,0.10322695092756871,358.0,79
Wainberg,18,0.1,0.5,"GoCoGrid-learned (grid path, all blocks)",adapt_800_to_775_q0.5,0.18283711575746797,0.09733233393068817,0.2870830225687751,0.10116717144500963,205,412.0,2059.0,599,0.7999028654686741,0.10464931847413615,375.0,173
Wainberg,18,0.1,0.5,"GoCoGrid-learnedgb (grid path, all blocks)",adapt_800_to_775_q0.4,0.07200299239428738,0.09572304931322935,0.2849766152338978,0.09848772061366781,203,411.0,2024.0,590,0.7969367588932806,0.10153719562677051,377.0,143
Wainberg,18,0.1,0.5,"GoCoGrid-ens (grid path, all blocks)",adapt_800_to_775_q0.35,0.39731155018359293,0.09922435203282355,0.2900720433035671,0.10204817744977568,202,408.0,2079.0,604,0.8037518037518038,0.10515041734257445,373.0,146
Wainberg,19,0.1,0.1,"GoCoGrid-knap (grid path, all blocks)",adapt_800_to_775_q0.225,0.06848292702345653,0.09564422285684468,0.28512544890517477,0.10557230087071846,182,341.0,2029.0,620,0.8319369147363234,0.10693404063072925,315.0,81
Wainberg,19,0.1,0.1,"GoCoGrid-knapEB (grid path, all blocks)",adapt_800_to_775_q0.225,0.06356087378194145,0.09553443323956444,0.28496093279539203,0.10558938663397825,182,341.0,2031.0,620,0.8321024126046282,0.10695112639398904,315.0,83
Wainberg,19,0.1,0.1,"GoCoGrid-learned (grid path, all blocks)",adapt_800_to_775_q0.4,0.00466696661550077,0.09253172074218861,0.2796750149469753,0.10266920633271255,186,352.0,2071.0,599,0.8300338000965717,0.10406328794031819,324.0,159
Wainberg,19,0.1,0.1,"GoCoGrid-learnedgb (grid path, all blocks)",adapt_800_to_775_q0.4,0.001536229325794923,0.09152901613053181,0.27856066126321516,0.101930330518858,190,358.0,2054.0,600,0.8257059396299903,0.10342784803683067,329.0,154
Wainberg,19,0.1,0.1,"GoCoGrid-ens (grid path, all blocks)",adapt_800_to_775_q0.3,0.021880585901010708,0.0941470768792073,0.2825776233577274,0.10404977140143834,186,350.0,2072.0,611,0.831081081081081,0.10557566856145356,322.0,114
Wainberg,19,0.1,0.5,"GoCoGrid-knap (grid path, all blocks)",adapt_800_to_775_q0.225,0.06848292702345653,0.09564422285684468,0.28512544890517477,0.10557230087071846,182,341.0,2029.0,620,0.8319369147363234,0.10693404063072925,315.0,81
Wainberg,19,0.1,0.5,"GoCoGrid-knapEB (grid path, all blocks)",adapt_800_to_775_q0.225,0.06356087378194145,0.09553443323956444,0.28496093279539203,0.10558938663397825,182,341.0,2031.0,620,0.8321024126046282,0.10695112639398904,315.0,83
Wainberg,19,0.1,0.5,"GoCoGrid-learned (grid path, all blocks)",adapt_800_to_775_q0.4,0.00466696661550077,0.09253172074218861,0.2796750149469753,0.10266920633271255,186,352.0,2071.0,599,0.8300338000965717,0.10406328794031819,324.0,159
Wainberg,19,0.1,0.5,"GoCoGrid-learnedgb (grid path, all blocks)",adapt_800_to_775_q0.4,0.001536229325794923,0.09152901613053181,0.27856066126321516,0.101930330518858,190,358.0,2054.0,600,0.8257059396299903,0.10342784803683067,329.0,154
Wainberg,19,0.1,0.5,"GoCoGrid-ens (grid path, all blocks)",adapt_800_to_775_q0.35,0.3988307333433217,0.09923755491762282,0.28951343502571136,0.10884797376839608,188,353.0,2152.0,632,0.8359665427509294,0.11054809166943287,323.0,157
Wainberg,20,0.1,0.1,"GoCoGrid-knap (grid path, all blocks)",adapt_800_to_775_q0.2,0.050395980471413054,0.09519937210405277,0.28478555022873825,0.0937164858857908,177,305.0,1744.0,554,0.8251146788990825,0.09477623002646894,288.0,47
Wainberg,20,0.1,0.1,"GoCoGrid-knapEB (grid path, all blocks)",adapt_800_to_775_q0.225,0.07509902333486321,0.09577972453625705,0.2855394147644773,0.0937164858857908,177,305.0,1751.0,554,0.8258138206739006,0.09477623002646894,288.0,48
Wainberg,20,0.1,0.1,"GoCoGrid-learned (grid path, all blocks)",adapt_800_to_775_q0.4,0.015771384841682924,0.09377471895249091,0.28185397114944466,0.09251889064058869,180,317.0,1842.0,542,0.8279044516829533,0.09375024626543373,300.0,128
Wainberg,20,0.1,0.1,"GoCoGrid-learnedgb (grid path, all blocks)",adapt_800_to_775_q0.4,0.01271246845078907,0.09353772079194914,0.2814920204552504,0.09460134454835764,187,324.0,1873.0,556,0.8270154831820609,0.09572717041381053,306.0,143
Wainberg,20,0.1,0.1,"GoCoGrid-ens (grid path, all blocks)",adapt_800_to_775_q0.275,0.025487808697050116,0.09431952861362436,0.2833414407380171,0.09298849805290058,180,313.0,1821.0,550,0.828116419549698,0.09411859536231344,295.0,79
Wainberg,20,0.1,0.5,"GoCoGrid-knap (grid path, all blocks)",adapt_800_to_775_q0.275,0.45013052262763403,0.09962568267703471,0.29074671868778906,0.09652977527672352,179,310.0,1845.0,567,0.8319783197831978,0.09758951941740165,293.0,76
Wainberg,20,0.1,0.5,"GoCoGrid-knapEB (grid path, all blocks)",adapt_800_to_775_q0.275,0.45013052262763403,0.09962568267703471,0.29074671868778906,0.09652977527672352,179,310.0,1845.0,567,0.8319783197831978,0.09758951941740165,293.0,76
Wainberg,20,0.1,0.5,"GoCoGrid-learned (grid path, all blocks)",adapt_800_to_775_q0.5,0.32634761590421013,0.09866726583376381,0.28830096905994435,0.09831247443184665,184,322.0,1943.0,570,0.8342768914050438,0.09943830029729954,304.0,172
Wainberg,20,0.1,0.5,"GoCoGrid-learnedgb (grid path, all blocks)",adapt_800_to_775_q0.4,0.01271246845078907,0.09353772079194914,0.2814920204552504,0.09460134454835764,187,324.0,1873.0,556,0.8270154831820609,0.09572717041381053,306.0,143
Wainberg,20,0.1,0.5,"GoCoGrid-ens (grid path, all blocks)",adapt_800_to_775_q0.3,0.22064968330426088,0.09772408777926307,0.28773965778371957,0.09532522845112255,181,317.0,1886.0,559,0.8319194061505832,0.09645482323475657,299.0,106
Wainberg,21,0.1,0.1,"GoCoGrid-knap (grid path, all blocks)",adapt_800_to_775_q0.1,0.06022490951044149,0.09544268077742743,0.28569633474380385,0.09199991546737941,178,334.0,1630.0,554,0.7950920245398773,0.09409518370073824,309.0,6
Wainberg,21,0.1,0.1,"GoCoGrid-knapEB (grid path, all blocks)",adapt_800_to_775_q0.1,0.0745437439839082,0.09575923664953885,0.28614406418521876,0.09199991546737941,178,334.0,1637.0,554,0.7959682345754429,0.09409518370073824,309.0,7
Wainberg,21,0.1,0.1,"GoCoGrid-learned (grid path, all blocks)",adapt_800_to_775_q0.35,0.09381594608981597,0.0961401302992851,0.28517988885308543,0.09359143899557912,191,357.0,1893.0,560,0.8114104595879557,0.09569977279854706,328.0,132
Wainberg,21,0.1,0.1,"GoCoGrid-learnedgb (grid path, all blocks)",adapt_800_to_775_q0.3,0.06942956366090403,0.0956700130616284,0.284803148225196,0.09250238862355685,191,354.0,1863.0,557,0.8099838969404187,0.09461541263777377,326.0,111
Wainberg,21,0.1,0.1,"GoCoGrid-ens (grid path, all blocks)",adapt_800_to_775_q0.175,0.08111504132025232,0.09589606729884735,0.28585746341301876,0.09181309506806606,189,353.0,1790.0,556,0.8027932960893854,0.09400962160427694,324.0,53
Wainberg,21,0.1,0.5,"GoCoGrid-knap (grid path, all blocks)",adapt_800_to_775_q0.15,0.3900210216906811,0.09916635766394269,0.2906028483511223,0.09346211557274581,187,348.0,1767.0,564,0.8030560271646859,0.09564356643623217,320.0,38
Wainberg,21,0.1,0.5,"GoCoGrid-knapEB (grid path, all blocks)",adapt_800_to_775_q0.175,0.40369510477430753,0.09927187628797983,0.29074833647747594,0.09346211557274581,187,348.0,1767.0,564,0.8030560271646859,0.09564356643623217,320.0,38
Wainberg,21,0.1,0.5,"GoCoGrid-learned (grid path, all blocks)",adapt_800_to_775_q0.35,0.09381594608981597,0.0961401302992851,0.28517988885308543,0.09359143899557912,191,357.0,1893.0,560,0.8114104595879557,0.09569977279854706,328.0,132
Wainberg,21,0.1,0.5,"GoCoGrid-learnedgb (grid path, all blocks)",adapt_800_to_775_q0.4,0.34849833214567894,0.09884551058995947,0.28863843777222514,0.09586761540541824,193,359.0,1919.0,572,0.8129233976029182,0.09801112579275355,330.0,139
Wainberg,21,0.1,0.5,"GoCoGrid-ens (grid path, all blocks)",adapt_800_to_775_q0.275,0.3998859180009413,0.09924451354684691,0.2899614516782145,0.09334679421881877,193,357.0,1871.0,562,0.809192944949225,0.09558201499468871,327.0,93
Wainberg,22,0.1,0.1,"GoCoGrid-knap (grid path, all blocks)",adapt_800_to_775_q0.2,0.038488644678231536,0.09482865649457972,0.28466473595596203,0.0992226863823243,194,342.0,1861.0,594,0.816227834497582,0.10072307122589014,321.0,45
Wainberg,22,0.1,0.1,"GoCoGrid-knapEB (grid path, all blocks)",adapt_800_to_775_q0.225,0.038511906883951806,0.0948291742002598,0.2846810646149768,0.09963073478614595,194,342.0,1872.0,596,0.8173076923076923,0.10113111962971177,321.0,46
Wainberg,22,0.1,0.1,"GoCoGrid-learned (grid path, all blocks)",adapt_800_to_775_q0.5,0.03274891301047973,0.09463945996903463,0.2833289193019564,0.10050718448254166,204,362.0,1994.0,598,0.8184553660982948,0.10220855867915538,338.0,151
Wainberg,22,0.1,0.1,"GoCoGrid-learnedgb (grid path, all blocks)",adapt_800_to_775_q0.4,0.056085461497281705,0.09536044593317493,0.28432926315672874,0.10056346702381949,202,358.0,1988.0,597,0.8199195171026157,0.10219448804540844,335.0,137
Wainberg,22,0.1,0.1,"GoCoGrid-ens (grid path, all blocks)",adapt_800_to_775_q0.4,0.08972560602898,0.09605799940545133,0.2858611159550245,0.10139703790237754,199,352.0,1998.0,603,0.8238238238238238,0.1029928823395991,330.0,104
Wainberg,22,0.1,0.5,"GoCoGrid-knap (grid path, all blocks)",adapt_800_to_775_q0.25,0.3427242039115984,0.09879276509496675,0.2901547909578344,0.10373887726655737,195,344.0,1978.0,615,0.8260869565217391,0.10523153705630135,323.0,81
Wainberg,22,0.1,0.5,"GoCoGrid-knapEB (grid path, all blocks)",adapt_800_to_775_q0.25,0.3297281899633117,0.09868724647092961,0.2900088307463114,0.10352781774777307,195,344.0,1975.0,614,0.8258227848101266,0.10502047753751706,323.0,80
Wainberg,22,0.1,0.5,"GoCoGrid-learned (grid path, all blocks)",adapt_800_to_775_q0.5,0.03274891301047973,0.09463945996903463,0.2833289193019564,0.10050718448254166,204,362.0,1994.0,598,0.8184553660982948,0.10220855867915538,338.0,151
Wainberg,22,0.1,0.5,"GoCoGrid-learnedgb (grid path, all blocks)",adapt_800_to_775_q0.5,0.1934427286050286,0.0974480140208569,0.2871159783989479,0.10267406221795253,205,362.0,2023.0,609,0.8210578348986654,0.10437543641456626,338.0,154
Wainberg,22,0.1,0.5,"GoCoGrid-ens (grid path, all blocks)",adapt_800_to_775_q0.4,0.08972560602898,0.09605799940545133,0.2858611159550245,0.10139703790237754,199,352.0,1998.0,603,0.8238238238238238,0.1029928823395991,330.0,104
Wainberg,23,0.1,0.1,"GoCoGrid-knap (grid path, all blocks)",adapt_800_to_775_q0.15,0.026302312030916215,0.09434667360236075,0.28395633531423603,0.09750338397533292,188,356.0,1883.0,583,0.8109399893786511,0.09914856701900608,330.0,50
Wainberg,23,0.1,0.1,"GoCoGrid-knapEB (grid path, all blocks)",adapt_800_to_775_q0.15,0.02345427231950167,0.09420598210574102,0.28385077324829583,0.09750338397533292,188,356.0,1883.0,583,0.8109399893786511,0.09914856701900608,330.0,50
Wainberg,23,0.1,0.1,"GoCoGrid-learned (grid path, all blocks)",adapt_800_to_775_q0.4,0.05093489581840877,0.09522161620905017,0.2843619459980651,0.09592493743320818,190,365.0,1977.0,569,0.8153768335862418,0.09772883387696849,338.0,137
Wainberg,23,0.1,0.1,"GoCoGrid-learnedgb (grid path, all blocks)",adapt_800_to_775_q0.35,0.029312530256708942,0.09449328647562254,0.28348992405337753,0.09620705237175756,193,367.0,1964.0,575,0.8131364562118126,0.09794436456496426,341.0,133
Wainberg,23,0.1,0.1,"GoCoGrid-ens (grid path, all blocks)",adapt_800_to_775_q0.25,0.03131173009594516,0.09457003804318975,0.28391363743209264,0.09781156740720989,191,361.0,1981.0,583,0.817768803634528,0.09969008846995497,334.0,94
Wainberg,23,0.1,0.5,"GoCoGrid-knap (grid path, all blocks)",adapt_800_to_775_q0.275,0.402389539091152,0.09926229602216706,0.2905542917323238,0.10197198301641787,189,358.0,2004.0,603,0.8213572854291418,0.10368165646161949,331.0,88
Wainberg,23,0.1,0.5,"GoCoGrid-knapEB (grid path, all blocks)",adapt_800_to_775_q0.275,0.437916019322471,0.09953312715677642,0.2908708344404274,0.10198957131174659,190,360.0,2008.0,603,0.8207171314741036,0.1036992447569482,333.0,91
Wainberg,23,0.1,0.5,"GoCoGrid-learned (grid path, all blocks)",adapt_800_to_775_q0.4,0.05093489581840877,0.09522161620905017,0.2843619459980651,0.09592493743320818,190,365.0,1977.0,569,0.8153768335862418,0.09772883387696849,338.0,137
Wainberg,23,0.1,0.5,"GoCoGrid-learnedgb (grid path, all blocks)",adapt_800_to_775_q0.4,0.10579784622428906,0.09633291157140779,0.28577775666997457,0.0994432983285468,196,371.0,2033.0,590,0.8175110673880964,0.10132131685922295,343.0,158
Wainberg,23,0.1,0.5,"GoCoGrid-ens (grid path, all blocks)",adapt_800_to_775_q0.3,0.33658365083526853,0.09874539324927081,0.2895551278574514,0.10089229021823673,193,365.0,2055.0,596,0.8223844282238443,0.10263714024780571,337.0,129
Wainberg,24,0.1,0.1,"GoCoGrid-knap (grid path, all blocks)",adapt_800_to_775_q0.175,0.04469969815668866,0.09501271483181674,0.28583477067897317,0.09172859413839433,195,347.0,1674.0,561,0.7927120669056152,0.0941275535485522,316.0,28
Wainberg,24,0.1,0.1,"GoCoGrid-knapEB (grid path, all blocks)",adapt_800_to_775_q0.175,0.08163429304086295,0.09589124873706632,0.28690092094550157,0.09322477160859027,194,347.0,1708.0,568,0.7968384074941453,0.09557917400559277,317.0,40
Wainberg,24,0.1,0.1,"GoCoGrid-learned (grid path, all blocks)",adapt_800_to_775_q0.35,0.06389258898593661,0.09554137963276065,0.2850140072073531,0.09115666533797137,200,361.0,1827.0,557,0.8024083196496989,0.09398394156327576,325.0,117
Wainberg,24,0.1,0.1,"GoCoGrid-learnedgb (grid path, all blocks)",adapt_800_to_775_q0.35,0.09634099535425072,0.09617625003790847,0.28574930787781616,0.09232101036544689,201,364.0,1832.0,562,0.8013100436681223,0.09530658122983951,326.0,121
Wainberg,24,0.1,0.1,"GoCoGrid-ens (grid path, all blocks)",adapt_800_to_775_q0.2,0.017146128828736798,0.0938316955651439,0.28369958360913106,0.09107112698021091,198,352.0,1750.0,558,0.7988571428571428,0.09342728820643177,321.0,58
Wainberg,24,0.1,0.5,"GoCoGrid-knap (grid path, all blocks)",adapt_800_to_775_q0.2,0.37316352107144324,0.099032565540964,0.29113955114031465,0.0954549671958624,198,352.0,1792.0,579,0.8035714285714286,0.09788382669486996,320.0,64
Wainberg,24,0.1,0.5,"GoCoGrid-knapEB (grid path, all blocks)",adapt_800_to_775_q0.2,0.38770092365532166,0.09914659188998026,0.2911827644402651,0.09590715383454283,198,352.0,1802.0,581,0.804661487236404,0.09832989931131728,320.0,71
Wainberg,24,0.1,0.5,"GoCoGrid-learned (grid path, all blocks)",adapt_800_to_775_q0.4,0.3193976142989414,0.09860669566858692,0.2889702975519821,0.0929067005187512,203,364.0,1857.0,565,0.8039849219170705,0.0957339767440556,328.0,131
Wainberg,24,0.1,0.5,"GoCoGrid-learnedgb (grid path, all blocks)",adapt_800_to_775_q0.4,0.4357474460694837,0.09951767312822506,0.29027249922400933,0.09548690314721135,201,364.0,1873.0,576,0.8056593699946609,0.09847247401160397,326.0,137
Wainberg,24,0.1,0.5,"GoCoGrid-ens (grid path, all blocks)",adapt_800_to_775_q0.275,0.372620876986356,0.09903107247983302,0.29030233176251624,0.09455296476149469,202,360.0,1869.0,576,0.8073836276083467,0.09739782927583772,324.0,108
Wainberg,25,0.1,0.1,"GoCoGrid-knap (grid path, all blocks)",adapt_800_to_775_q0.15,0.02790373348093192,0.09441605040883545,0.28422828077088835,0.09139970983128952,175,333.0,1720.0,547,0.8063953488372093,0.09317286103435486,308.0,28
Wainberg,25,0.1,0.1,"GoCoGrid-knapEB (grid path, all blocks)",adapt_800_to_775_q0.15,0.03650514926592673,0.09475787061405067,0.2846554439250802,0.0922439479064267,175,333.0,1743.0,551,0.8089500860585198,0.09401709910949206,308.0,32
Wainberg,25,0.1,0.1,"GoCoGrid-learned (grid path, all blocks)",adapt_800_to_775_q0.4,0.06131599140098922,0.0954922208010402,0.2842506436405021,0.09332111535091449,185,351.0,1886.0,552,0.8138918345705196,0.09528690023656734,322.0,143
Wainberg,25,0.1,0.1,"GoCoGrid-learnedgb (grid path, all blocks)",adapt_800_to_775_q0.35,0.035023894214813535,0.09472566149940946,0.2834267001421673,0.09181857260974866,182,347.0,1858.0,546,0.8132400430570506,0.09367204367573526,320.0,116
Wainberg,25,0.1,0.1,"GoCoGrid-ens (grid path, all blocks)",adapt_800_to_775_q0.225,0.08405330541084655,0.09595493823399935,0.28570160737964123,0.09263411399846642,181,340.0,1854.0,553,0.8166127292340885,0.09441723189571831,314.0,74
Wainberg,25,0.1,0.5,"GoCoGrid-knap (grid path, all blocks)",adapt_800_to_775_q0.175,0.12613562841495335,0.09662299065637327,0.28715678042017573,0.09298818398057886,178,337.0,1791.0,555,0.8118369625907315,0.09477716464503701,311.0,45
Wainberg,25,0.1,0.5,"GoCoGrid-knapEB (grid path, all blocks)",adapt_800_to_775_q0.2,0.19149906205874195,0.0974173114109394,0.2882033735551888,0.09347060573420579,181,340.0,1810.0,558,0.8121546961325967,0.09531235127836,313.0,49
Wainberg,25,0.1,0.5,"GoCoGrid-learned (grid path, all blocks)",adapt_800_to_775_q0.4,0.06131599140098922,0.0954922208010402,0.2842506436405021,0.09332111535091449,185,351.0,1886.0,552,0.8138918345705196,0.09528690023656734,322.0,143
Wainberg,25,0.1,0.5,"GoCoGrid-learnedgb (grid path, all blocks)",adapt_800_to_775_q0.4,0.17763714494127908,0.09727510869962147,0.2869599257298676,0.09378846146012218,185,350.0,1905.0,556,0.8162729658792651,0.09571228569484351,322.0,132
Wainberg,25,0.1,0.5,"GoCoGrid-ens (grid path, all blocks)",adapt_800_to_775_q0.3,0.3206806024451233,0.09861620015656256,0.2892094910530404,0.0963738876689381,187,348.0,1939.0,572,0.8205260443527591,0.09849118313340509,318.0,112
Wainberg,26,0.1,0.1,"GoCoGrid-knap (grid path, all blocks)",adapt_800_to_775_q0.175,0.023554299627343882,0.09421852664522598,0.2834933645415892,0.09351480428448655,187,367.0,1866.0,561,0.8033226152197214,0.09518535711962546,338.0,44
Wainberg,26,0.1,0.1,"GoCoGrid-knapEB (grid path, all blocks)",adapt_800_to_775_q0.15,0.08836529293021633,0.09602972032545337,0.2861122597354264,0.09478719167508823,184,365.0,1893.0,565,0.8071843634442684,0.09635095844267792,336.0,48
Wainberg,26,0.1,0.1,"GoCoGrid-learned (grid path, all blocks)",adapt_800_to_775_q0.35,0.08555329750461965,0.0960017073043756,0.28439075850309714,0.09347929270232766,188,377.0,1983.0,555,0.8098840141200202,0.09509297671349252,346.0,130
Wainberg,26,0.1,0.1,"GoCoGrid-learnedgb (grid path, all blocks)",adapt_800_to_775_q0.35,0.0623472014461189,0.09552662227241075,0.2836348646166547,0.09267500516871653,188,376.0,1953.0,551,0.8074756784434204,0.09435075073616572,345.0,120
Wainberg,26,0.1,0.1,"GoCoGrid-ens (grid path, all blocks)",adapt_800_to_775_q0.25,0.08401398046279274,0.09596372832316845,0.2850280550622985,0.09490595453364932,187,373.0,2006.0,564,0.8140578265204387,0.09632901495118944,344.0,95
Wainberg,26,0.1,0.5,"GoCoGrid-knap (grid path, all blocks)",adapt_800_to_775_q0.25,0.47370098610111455,0.09980292004114769,0.29082623952282816,0.09933468677911793,189,372.0,2032.0,587,0.8169291338582677,0.10096880671544234,342.0,96
Wainberg,26,0.1,0.5,"GoCoGrid-knapEB (grid path, all blocks)",adapt_800_to_775_q0.225,0.17080832470709606,0.09719074786753422,0.28757867866824566,0.09577347616063185,187,369.0,1940.0,570,0.8097938144329897,0.09733724292822155,340.0,62
Wainberg,26,0.1,0.5,"GoCoGrid-learned (grid path, all blocks)",adapt_800_to_775_q0.4,0.24633191942864513,0.09797691545890733,0.28706212396092934,0.09551149435614976,189,378.0,2039.0,564,0.8146150073565473,0.09723070812670678,346.0,150
Wainberg,26,0.1,0.5,"GoCoGrid-learnedgb (grid path, all blocks)",adapt_800_to_775_q0.4,0.20571416086394007,0.09758373297781611,0.28637481527356634,0.09362577805480357,188,376.0,1975.0,555,0.809620253164557,0.09530102109647391,345.0,131
Wainberg,26,0.1,0.5,"GoCoGrid-ens (grid path, all blocks)",adapt_800_to_775_q0.3,0.36329874013035734,0.09896246713589198,0.28886658887300526,0.0966401602467463,188,374.0,2050.0,572,0.817560975609756,0.0980456323689577,345.0,112
Wainberg,27,0.1,0.1,"GoCoGrid-knap (grid path, all blocks)",adapt_800_to_775_q0.075,0.011834914179818261,0.09342439272593783,0.2829391092060218,0.08907661904333614,193,322.0,1590.0,551,0.7974842767295598,0.0915343933540238,299.0,9
Wainberg,27,0.1,0.1,"GoCoGrid-knapEB (grid path, all blocks)",adapt_800_to_775_q0.075,0.05952448203537865,0.09542508511144149,0.28571578072129244,0.09046859161141252,192,331.0,1699.0,555,0.8051795173631549,0.0925992236654685,307.0,22
Wainberg,27,0.1,0.1,"GoCoGrid-learned (grid path, all blocks)",adapt_800_to_775_q0.3,0.022735092164377527,0.09418834831734253,0.2828424044228918,0.08945229598594245,203,351.0,1846.0,549,0.8098591549295775,0.09182143908303818,325.0,131
Wainberg,27,0.1,0.1,"GoCoGrid-learnedgb (grid path, all blocks)",adapt_800_to_775_q0.3,0.026190668293907347,0.09436149098481435,0.2829443478380905,0.09095550879188206,208,354.0,1870.0,556,0.8106951871657754,0.09297992134330745,328.0,142
Wainberg,27,0.1,0.1,"GoCoGrid-ens (grid path, all blocks)",adapt_800_to_775_q0.2,0.07751366672780581,0.09582621575744642,0.28573732712283906,0.08944762102495321,205,351.0,1818.0,552,0.806930693069307,0.09179917583301028,324.0,77
Wainberg,27,0.1,0.5,"GoCoGrid-knap (grid path, all blocks)",adapt_800_to_775_q0.175,0.496619079330375,0.0999746165278907,0.2915790752559251,0.09662779135988854,199,340.0,1867.0,585,0.8178896625602571,0.09904969933668034,312.0,79
Wainberg,27,0.1,0.5,"GoCoGrid-knapEB (grid path, all blocks)",adapt_800_to_775_q0.125,0.2499001660961951,0.09799647349083966,0.28903665265986334,0.09282395721060559,196,335.0,1783.0,566,0.8121144139091419,0.09483850652681418,310.0,43
Wainberg,27,0.1,0.5,"GoCoGrid-learned (grid path, all blocks)",adapt_800_to_775_q0.4,0.4399314180899043,0.09955003434335984,0.2898187573907484,0.09701274948351088,213,363.0,1983.0,585,0.8169440242057489,0.09965275228967038,332.0,192
Wainberg,27,0.1,0.5,"GoCoGrid-learnedgb (grid path, all blocks)",adapt_800_to_775_q0.4,0.49979797447960633,0.09999848848922828,0.29056981704967866,0.09744424893414234,210,358.0,1979.0,587,0.8191005558362809,0.09946866148556774,332.0,185
Wainberg,27,0.1,0.5,"GoCoGrid-ens (grid path, all blocks)",adapt_800_to_775_q0.275,0.4943940238336295,0.09995802359511433,0.2907938422573512,0.09693720358718343,208,356.0,1980.0,585,0.8202020202020202,0.09926061711516648,327.0,142
Wainberg,28,0.1,0.1,"GoCoGrid-knap (grid path, all blocks)",adapt_800_to_775_q0.175,0.05116241077226748,0.09520866291988019,0.2855115003852398,0.09867788664131741,194,371.0,1857.0,593,0.8002154011847065,0.10090497043966593,344.0,39
Wainberg,28,0.1,0.1,"GoCoGrid-knapEB (grid path, all blocks)",adapt_800_to_775_q0.125,0.026826556887762833,0.09436451392758304,0.2843109140819888,0.09817296732964019,194,371.0,1832.0,591,0.7974890829694323,0.10040005112798871,344.0,36
Wainberg,28,0.1,0.1,"GoCoGrid-learned (grid path, all blocks)",adapt_800_to_775_q0.5,0.033482054287864674,0.09466820174919172,0.28333737516541874,0.10090020642395309,200,390.0,2057.0,599,0.8104035002430724,0.10354573697593958,358.0,165
Wainberg,28,0.1,0.1,"GoCoGrid-learnedgb (grid path, all blocks)",adapt_800_to_775_q0.4,0.02659824513779608,0.09437191214971029,0.28339489219751657,0.09925963742829114,198,390.0,2024.0,592,0.8073122529644269,0.10141269577397431,361.0,149
Wainberg,28,0.1,0.1,"GoCoGrid-ens (grid path, all blocks)",adapt_800_to_775_q0.2,0.035861349264986055,0.09474023783274237,0.28432703287252603,0.09852053144213116,197,380.0,1970.0,592,0.8071065989847716,0.10083304408193892,351.0,91
Wainberg,28,0.1,0.5,"GoCoGrid-knap (grid path, all blocks)",adapt_800_to_775_q0.225,0.46371180841246923,0.09972729849638637,0.2914523102111438,0.10240242472991706,196,377.0,1984.0,611,0.8099798387096774,0.10471493736972483,348.0,80
Wainberg,28,0.1,0.5,"GoCoGrid-knapEB (grid path, all blocks)",adapt_800_to_775_q0.2,0.4497097730427609,0.09962177987234923,0.29130733863709685,0.10195392325250043,196,377.0,1960.0,609,0.8076530612244898,0.10426643589230819,348.0,75
Wainberg,28,0.1,0.5,"GoCoGrid-learned (grid path, all blocks)",adapt_800_to_775_q0.5,0.033482054287864674,0.09466820174919172,0.28333737516541874,0.10090020642395309,200,390.0,2057.0,599,0.8104035002430724,0.10354573697593958,358.0,165
Wainberg,28,0.1,0.5,"GoCoGrid-learnedgb (grid path, all blocks)",adapt_800_to_775_q0.4,0.02659824513779608,0.09437191214971029,0.28339489219751657,0.09925963742829114,198,390.0,2024.0,592,0.8073122529644269,0.10141269577397431,361.0,149
Wainberg,28,0.1,0.5,"GoCoGrid-ens (grid path, all blocks)",adapt_800_to_775_q0.25,0.18502430458887614,0.09734964641486213,0.2878365746885602,0.10053902793063953,197,384.0,2034.0,601,0.8112094395280236,0.10285154057044729,355.0,118
Wainberg,29,0.1,0.1,"GoCoGrid-knap (grid path, all blocks)",adapt_800_to_775_q0.125,0.013325890651122142,0.09354837915370821,0.2833484212142679,0.09667650841211105,193,353.0,1719.0,581,0.7946480511925538,0.09900327969724591,323.0,18
Wainberg,29,0.1,0.1,"GoCoGrid-knapEB (grid path, all blocks)",adapt_800_to_775_q0.125,0.013325890651122142,0.09354837915370821,0.2833484212142679,0.09667650841211105,193,353.0,1719.0,581,0.7946480511925538,0.09900327969724591,323.0,18
Wainberg,29,0.1,0.1,"GoCoGrid-learned (grid path, all blocks)",adapt_800_to_775_q0.35,0.06757754299183716,0.0956320218962809,0.2846049557379726,0.09877148264945937,204,377.0,1921.0,587,0.803748047891723,0.10105436694689972,345.0,135
Wainberg,29,0.1,0.1,"GoCoGrid-learnedgb (grid path, all blocks)",adapt_800_to_775_q0.3,0.03462866356413494,0.09471187438122819,0.2833642377747444,0.09725520426762059,202,375.0,1882.0,578,0.8007438894792773,0.09936220563693407,345.0,104
Wainberg,29,0.1,0.1,"GoCoGrid-ens (grid path, all blocks)",adapt_800_to_775_q0.225,0.035836277958105345,0.09473914409741654,0.28433592495288545,0.09747698425510705,199,370.0,1852.0,584,0.8002159827213823,0.0997920300058294,339.0,60
Wainberg,29,0.1,0.5,"GoCoGrid-knap (grid path, all blocks)",adapt_800_to_775_q0.225,0.46379824696944766,0.09972789488482026,0.29151121149565895,0.10126110644513366,199,366.0,1899.0,602,0.8072669826224329,0.103576152195856,335.0,64
Wainberg,29,0.1,0.5,"GoCoGrid-knapEB (grid path, all blocks)",adapt_800_to_775_q0.225,0.43584760617084223,0.09951685763674596,0.2912212170221427,0.10078370991155486,199,365.0,1887.0,600,0.8065712771595125,0.1030987556622772,334.0,60
Wainberg,29,0.1,0.5,"GoCoGrid-learned (grid path, all blocks)",adapt_800_to_775_q0.4,0.3828271698017854,0.09911413649422365,0.289329534562681,0.10107554905446786,206,380.0,1971.0,599,0.8072044647387113,0.10356949287069252,347.0,149
Wainberg,29,0.1,0.5,"GoCoGrid-learnedgb (grid path, all blocks)",adapt_800_to_775_q0.35,0.13961889749009004,0.09681872957785748,0.28621702200995464,0.09912676617987501,206,379.0,1922.0,589,0.8028095733610822,0.1017262397554918,346.0,124
Wainberg,29,0.1,0.5,"GoCoGrid-ens (grid path, all blocks)",adapt_800_to_775_q0.3,0.37927827591069535,0.0990843644883168,0.2899926039883925,0.10064773477925285,203,375.0,1958.0,598,0.8084780388151175,0.10315976941658506,343.0,105
Wainberg,30,0.1,0.1,"GoCoGrid-knap (grid path, all blocks)",adapt_800_to_775_q0.2,0.08604954926283365,0.0959950523549046,0.2855247526962042,0.09546326739424993,167,318.0,1715.0,562,0.8145772594752186,0.0969717566532493,293.0,48
Wainberg,30,0.1,0.1,"GoCoGrid-knapEB (grid path, all blocks)",adapt_800_to_775_q0.175,0.06935675742720211,0.09566442733376014,0.28506540563445776,0.09503006238966816,167,320.0,1697.0,561,0.8114319387153801,0.09670739926621098,295.0,48
Wainberg,30,0.1,0.1,"GoCoGrid-learned (grid path, all blocks)",adapt_800_to_775_q0.35,0.022430975232953284,0.09418817279590916,0.28205173527982574,0.0944608717106374,167,329.0,1790.0,552,0.8162011173184358,0.09643134681068427,301.0,139
Wainberg,30,0.1,0.1,"GoCoGrid-learnedgb (grid path, all blocks)",adapt_800_to_775_q0.4,0.07336261344728227,0.0957623759131901,0.28427045711305277,0.09609231154354578,173,335.0,1812.0,563,0.815121412803532,0.09799067463463196,306.0,145
Wainberg,30,0.1,0.1,"GoCoGrid-ens (grid path, all blocks)",adapt_800_to_775_q0.25,0.06654996843955954,0.09561175303713511,0.2844197398255161,0.09625881406804487,170,330.0,1812.0,565,0.8178807947019867,0.0978915939204247,303.0,96
Wainberg,30,0.1,0.5,"GoCoGrid-knap (grid path, all blocks)",adapt_800_to_775_q0.225,0.3785608512049693,0.09907946223899183,0.28976738787631867,0.0991386877016686,169,322.0,1810.0,580,0.8220994475138121,0.10077615777001496,295.0,82
Wainberg,30,0.1,0.5,"GoCoGrid-knapEB (grid path, all blocks)",adapt_800_to_775_q0.2,0.36327215940930463,0.09895987445963225,0.2895297841357641,0.09871656866410002,169,322.0,1791.0,578,0.820212171970966,0.10035403873244636,295.0,79
Wainberg,30,0.1,0.5,"GoCoGrid-learned (grid path, all blocks)",adapt_800_to_775_q0.4,0.119564108816961,0.09655287866541086,0.2850711977369546,0.09649407841287216,168,331.0,1844.0,559,0.8204989154013015,0.09826052931100822,303.0,158
Wainberg,30,0.1,0.5,"GoCoGrid-learnedgb (grid path, all blocks)",adapt_800_to_775_q0.5,0.3276508905554665,0.09867819960678104,0.28824932936305375,0.10070572085851554,174,338.0,1872.0,585,0.8194444444444444,0.10260408394960172,309.0,172
Wainberg,30,0.1,0.5,"GoCoGrid-ens (grid path, all blocks)",adapt_800_to_775_q0.3,0.4201094269642145,0.09940037411345048,0.28953168922314787,0.09940711856077068,170,332.0,1894.0,577,0.8247096092925026,0.10125095793193481,303.0,132
Wainberg,31,0.1,0.1,"GoCoGrid-knap (grid path, all blocks)",adapt_800_to_775_q0.15,0.03692228314029116,0.09476891224399026,0.28488076065413864,0.0995148823589854,190,367.0,1858.0,591,0.802475780409042,0.10140112848813244,340.0,41
Wainberg,31,0.1,0.1,"GoCoGrid-knapEB (grid path, all blocks)",adapt_800_to_775_q0.15,0.029603282602749366,0.0944875292476061,0.28443886822236447,0.09933020527375906,190,367.0,1857.0,590,0.8023694130317717,0.101212682484725,340.0,43
Wainberg,31,0.1,0.1,"GoCoGrid-learned (grid path, all blocks)",adapt_800_to_775_q0.4,0.013220162896490592,0.09356628226129468,0.2821672337717462,0.0976344558000313,190,370.0,1975.0,576,0.8126582278481013,0.09954974477668008,343.0,136
Wainberg,31,0.1,0.1,"GoCoGrid-learnedgb (grid path, all blocks)",adapt_800_to_775_q0.35,0.03954949647504248,0.09487379201356401,0.2841989584424283,0.09942621561596796,190,371.0,1987.0,582,0.813286361348767,0.10119024527040198,344.0,133
Wainberg,31,0.1,0.1,"GoCoGrid-ens (grid path, all blocks)",adapt_800_to_775_q0.3,0.06409065166522106,0.09554136413960966,0.2853112270590256,0.10018207820949297,194,372.0,2009.0,590,0.8148332503733201,0.1018340453197303,346.0,106
Wainberg,31,0.1,0.5,"GoCoGrid-knap (grid path, all blocks)",adapt_800_to_775_q0.225,0.4815695407823975,0.09986157145894026,0.2915952323875535,0.1030097796902872,190,367.0,1969.0,607,0.813610970035551,0.10487657523748994,340.0,75
Wainberg,31,0.1,0.5,"GoCoGrid-knapEB (grid path, all blocks)",adapt_800_to_775_q0.225,0.46752895338912354,0.09975605283490312,0.2914503805181308,0.10282510260506086,190,367.0,1955.0,606,0.8122762148337596,0.1046881292340825,340.0,75
Wainberg,31,0.1,0.5,"GoCoGrid-learned (grid path, all blocks)",adapt_800_to_775_q0.4,0.013220162896490592,0.09356628226129468,0.2821672337717462,0.0976344558000313,190,370.0,1975.0,576,0.8126582278481013,0.09954974477668008,343.0,136
Wainberg,31,0.1,0.5,"GoCoGrid-learnedgb (grid path, all blocks)",adapt_800_to_775_q0.4,0.12188618675176832,0.09657088322102099,0.2863944812549578,0.10136972201391331,191,372.0,2020.0,591,0.8158415841584158,0.10313375166834735,345.0,148
Wainberg,31,0.1,0.5,"GoCoGrid-ens (grid path, all blocks)",adapt_800_to_775_q0.3,0.06409065166522106,0.09554136413960966,0.2853112270590256,0.10018207820949297,194,372.0,2009.0,590,0.8148332503733201,0.1018340453197303,346.0,106
Wainberg,32,0.1,0.1,"GoCoGrid-knap (grid path, all blocks)",adapt_800_to_775_q0.125,0.019773582167074012,0.09400584262779925,0.283480843604802,0.10008647336568345,203,372.0,1890.0,600,0.8031746031746032,0.10180185418206461,338.0,40
Wainberg,32,0.1,0.1,"GoCoGrid-knapEB (grid path, all blocks)",adapt_800_to_775_q0.15,0.07278897861540644,0.09572579620400724,0.28590991647207714,0.10175049341444528,207,378.0,1968.0,608,0.8079268292682927,0.10346587423082644,344.0,62
Wainberg,32,0.1,0.1,"GoCoGrid-learned (grid path, all blocks)",adapt_800_to_775_q0.4,0.07523545498694516,0.09580017525026212,0.2843458871573278,0.10077339410152854,211,393.0,2071.0,600,0.8102366006760019,0.10316230307630771,352.0,152
Wainberg,32,0.1,0.1,"GoCoGrid-learnedgb (grid path, all blocks)",adapt_800_to_775_q0.4,0.08127210576057275,0.09591725067843537,0.28459468489054546,0.10270308112861638,213,397.0,2096.0,611,0.8105916030534351,0.10477540082521909,358.0,165
Wainberg,32,0.1,0.1,"GoCoGrid-ens (grid path, all blocks)",adapt_800_to_775_q0.25,0.01763931553004119,0.09388432636899487,0.2828118422978645,0.10076526999976777,208,385.0,2039.0,601,0.8111819519372241,0.1026345705397273,348.0,98
Wainberg,32,0.1,0.5,"GoCoGrid-knap (grid path, all blocks)",adapt_800_to_775_q0.225,0.41304505299348626,0.09934378696560947,0.29074545327555507,0.10531839944104597,208,384.0,2065.0,624,0.814043583535109,0.10711734681227077,348.0,93
Wainberg,32,0.1,0.5,"GoCoGrid-knapEB (grid path, all blocks)",adapt_800_to_775_q0.2,0.3621079043602319,0.09894809212547019,0.2902334776962739,0.10531839944104597,208,384.0,2065.0,624,0.814043583535109,0.10711734681227077,348.0,93
Wainberg,32,0.1,0.5,"GoCoGrid-learned (grid path, all blocks)",adapt_800_to_775_q0.5,0.3800774637279358,0.09909411496101986,0.28887765412296,0.10615541183052812,212,394.0,2152.0,626,0.8169144981412639,0.10854432080530728,353.0,186
Wainberg,32,0.1,0.5,"GoCoGrid-learnedgb (grid path, all blocks)",adapt_800_to_775_q0.4,0.08127210576057275,0.09591725067843537,0.28459468489054546,0.10270308112861638,213,397.0,2096.0,611,0.8105916030534351,0.10477540082521909,358.0,165
Wainberg,32,0.1,0.5,"GoCoGrid-ens (grid path, all blocks)",adapt_800_to_775_q0.35,0.36690987913539846,0.09898867942310277,0.2895229556051707,0.10593723326154075,211,390.0,2151.0,626,0.8186889818688982,0.10812262055389787,350.0,150
Wainberg,33,0.1,0.1,"GoCoGrid-knap (grid path, all blocks)",adapt_800_to_775_q0.175,0.06718421096166723,0.09560672063339205,0.2856766660323557,0.09972219616835154,188,358.0,1889.0,599,0.8104817363684489,0.10133562893392467,330.0,52
Wainberg,33,0.1,0.1,"GoCoGrid-knapEB (grid path, all blocks)",adapt_800_to_775_q0.15,0.043570914217547704,0.09499471261271875,0.28483799269001747,0.09950572486735688,187,357.0,1870.0,598,0.8090909090909091,0.10111915763293002,329.0,47
Wainberg,33,0.1,0.1,"GoCoGrid-learned (grid path, all blocks)",adapt_800_to_775_q0.4,0.014022308551523255,0.09363474258582048,0.28209035443978614,0.09704969689696587,194,372.0,1987.0,582,0.8127830900855562,0.09910049188509426,340.0,147
Wainberg,33,0.1,0.1,"GoCoGrid-learnedgb (grid path, all blocks)",adapt_800_to_775_q0.35,0.009390826607567019,0.09320106941542697,0.2816685647474454,0.09739116104394387,196,374.0,1965.0,584,0.8096692111959287,0.09934522042348949,342.0,137
Wainberg,33,0.1,0.1,"GoCoGrid-ens (grid path, all blocks)",adapt_800_to_775_q0.275,0.055730391894632574,0.09534246873959995,0.2848659281302843,0.09994682380768406,191,368.0,2014.0,597,0.817279046673287,0.1017009629170167,338.0,107
Wainberg,33,0.1,0.5,"GoCoGrid-knap (grid path, all blocks)",adapt_800_to_775_q0.25,0.34186441642468635,0.09878647793624878,0.2899901827862176,0.10319898298435595,190,362.0,1993.0,614,0.8183642749623683,0.1048827689186638,333.0,85
Wainberg,33,0.1,0.5,"GoCoGrid-knapEB (grid path, all blocks)",adapt_800_to_775_q0.25,0.36836133386736436,0.09899751518432306,0.29028193807200076,0.10319898298435595,190,362.0,1993.0,614,0.8183642749623683,0.1048827689186638,333.0,85
Wainberg,33,0.1,0.5,"GoCoGrid-learned (grid path, all blocks)",adapt_800_to_775_q0.5,0.3810757266570915,0.09909943488626097,0.28966777296831103,0.10501970634738722,197,376.0,2124.0,617,0.8229755178907722,0.10738709061998213,341.0,202
Wainberg,33,0.1,0.5,"GoCoGrid-learnedgb (grid path, all blocks)",adapt_800_to_775_q0.4,0.18466636484030508,0.09735197110292818,0.28715431149427345,0.10174250479436917,197,377.0,2056.0,605,0.8166342412451362,0.10374932905361088,344.0,169
Wainberg,33,0.1,0.5,"GoCoGrid-ens (grid path, all blocks)",adapt_800_to_775_q0.3,0.1639565820342812,0.09711166433427887,0.28740846305294915,0.1008965916422134,191,369.0,2037.0,601,0.8188512518409425,0.10275626051093818,338.0,118
Wainberg,34,0.1,0.1,"GoCoGrid-knap (grid path, all blocks)",adapt_800_to_775_q0.225,0.040417325040034036,0.09490159876354513,0.28428839519867743,0.09567601806745593,171,327.0,1824.0,565,0.8207236842105263,0.09785286247189309,301.0,57
Wainberg,34,0.1,0.1,"GoCoGrid-knapEB (grid path, all blocks)",adapt_800_to_775_q0.175,0.07829788120445187,0.09584004075668451,0.28587286450841337,0.0961530795733654,170,325.0,1831.0,565,0.8225013653741126,0.09777413391334792,300.0,50
Wainberg,34,0.1,0.1,"GoCoGrid-learned (grid path, all blocks)",adapt_800_to_775_q0.4,0.03426147128278181,0.09470797739816866,0.28282349383902544,0.09378580913834554,181,343.0,1933.0,555,0.8225556130367304,0.09622949306448586,314.0,153
Wainberg,34,0.1,0.1,"GoCoGrid-learnedgb (grid path, all blocks)",adapt_800_to_775_q0.4,0.03537291384428243,0.09475040182170956,0.28279907814221716,0.09391573407683709,185,348.0,1926.0,559,0.8193146417445483,0.09590212238733152,321.0,153
Wainberg,34,0.1,0.1,"GoCoGrid-ens (grid path, all blocks)",adapt_800_to_775_q0.35,0.09332673012271603,0.0961270193230619,0.28551432229956003,0.09551923100570427,176,337.0,1932.0,563,0.8255693581780539,0.09757647501071227,310.0,109
Wainberg,34,0.1,0.5,"GoCoGrid-knap (grid path, all blocks)",adapt_800_to_775_q0.275,0.29006523680120544,0.09835772041081628,0.289004735049102,0.09902131145150916,172,328.0,1915.0,579,0.8287206266318538,0.10091205295088826,301.0,83
Wainberg,34,0.1,0.5,"GoCoGrid-knapEB (grid path, all blocks)",adapt_800_to_775_q0.275,0.48948416683860824,0.09992115468988064,0.29115709873290435,0.09944343048907775,172,328.0,1929.0,581,0.8299637117677553,0.10133417198845684,301.0,84
Wainberg,34,0.1,0.5,"GoCoGrid-learned (grid path, all blocks)",adapt_800_to_775_q0.5,0.15850616520824207,0.09706016339442644,0.2860164722630838,0.097130097464551,181,343.0,1990.0,568,0.8276381909547739,0.09939789846256444,314.0,178
Wainberg,34,0.1,0.5,"GoCoGrid-learnedgb (grid path, all blocks)",adapt_800_to_775_q0.5,0.43895429584059414,0.09954357770653582,0.28923560309924723,0.09703489226309144,186,349.0,1999.0,572,0.8254127063531765,0.09892278612477712,321.0,177
Wainberg,34,0.1,0.5,"GoCoGrid-ens (grid path, all blocks)",adapt_800_to_775_q0.35,0.09332673012271603,0.0961270193230619,0.28551432229956003,0.09551923100570427,176,337.0,1932.0,563,0.8255693581780539,0.09757647501071227,310.0,109
Wainberg,35,0.1,0.1,"GoCoGrid-knap (grid path, all blocks)",adapt_800_to_775_q0.15,0.07218325578269985,0.09570924120653376,0.2861537278879471,0.10111187699727742,204,374.0,1985.0,602,0.8115869017632242,0.10314335216445326,342.0,49
Wainberg,35,0.1,0.1,"GoCoGrid-knapEB (grid path, all blocks)",adapt_800_to_775_q0.15,0.07861397086238844,0.09583774400613372,0.2864670423194435,0.10151339260371439,203,373.0,1991.0,604,0.8126569563033651,0.10354486777089024,341.0,47
Wainberg,35,0.1,0.1,"GoCoGrid-learned (grid path, all blocks)",adapt_800_to_775_q0.3,0.030434037586923996,0.09454706933876501,0.28319850904073796,0.09983450647344465,206,385.0,2074.0,592,0.8143683702989393,0.10193681762836411,352.0,137
Wainberg,35,0.1,0.1,"GoCoGrid-learnedgb (grid path, all blocks)",adapt_800_to_775_q0.275,0.05557364258176388,0.09535035081706973,0.28413462883946156,0.10091643778897379,205,388.0,2087.0,597,0.8140872065165309,0.10304337254980538,355.0,136
Wainberg,35,0.1,0.1,"GoCoGrid-ens (grid path, all blocks)",adapt_800_to_775_q0.3,0.0960961404332425,0.09616850754188136,0.28601280627002573,0.10062634557133338,206,384.0,2080.0,599,0.8153846153846154,0.10265009568468736,352.0,95
Wainberg,35,0.1,0.5,"GoCoGrid-knap (grid path, all blocks)",adapt_800_to_775_q0.225,0.3620012305549393,0.0989465693477099,0.2904193891042649,0.10470761387043233,204,374.0,2078.0,619,0.8200192492781521,0.10673136398378633,342.0,77
Wainberg,35,0.1,0.5,"GoCoGrid-knapEB (grid path, all blocks)",adapt_800_to_775_q0.225,0.4740199336716016,0.09980478748904006,0.29161212816394083,0.10512973290800093,204,374.0,2088.0,621,0.8208812260536399,0.10715348302135491,342.0,79
Wainberg,35,0.1,0.5,"GoCoGrid-learned (grid path, all blocks)",adapt_800_to_775_q0.4,0.4162741152562246,0.09937111285871955,0.2895558090791506,0.10340241739686001,208,391.0,2142.0,609,0.8174603174603174,0.10571578807056378,357.0,166
Wainberg,35,0.1,0.5,"GoCoGrid-learnedgb (grid path, all blocks)",adapt_800_to_775_q0.35,0.47649905466680215,0.09982421486497466,0.29032932800214706,0.10485973313872247,207,391.0,2148.0,614,0.8179702048417132,0.10698666789955406,358.0,161
Wainberg,35,0.1,0.5,"GoCoGrid-ens (grid path, all blocks)",adapt_800_to_775_q0.3,0.0960961404332425,0.09616850754188136,0.28601280627002573,0.10062634557133338,206,384.0,2080.0,599,0.8153846153846154,0.10265009568468736,352.0,95
Wainberg,36,0.1,0.1,"GoCoGrid-knap (grid path, all blocks)",adapt_800_to_775_q0.125,0.06769186425245098,0.09561856025219644,0.28564923487542554,0.08811025865574133,176,321.0,1599.0,535,0.799249530956848,0.09055679024473531,293.0,24
Wainberg,36,0.1,0.1,"GoCoGrid-knapEB (grid path, all blocks)",adapt_800_to_775_q0.15,0.09214053775182585,0.09609691135076653,0.28618555083879127,0.08812081162161645,176,322.0,1617.0,535,0.8008658008658008,0.09056734321061043,294.0,32
Wainberg,36,0.1,0.1,"GoCoGrid-learned (grid path, all blocks)",adapt_800_to_775_q0.35,0.05547349875765452,0.09534251441794055,0.28445395562967163,0.08766545713853614,183,334.0,1738.0,530,0.807825086306099,0.08980017340651239,307.0,105
Wainberg,36,0.1,0.1,"GoCoGrid-learnedgb (grid path, all blocks)",adapt_800_to_775_q0.3,0.06285145571423695,0.09552365471803023,0.28458205688510285,0.08831346012044929,182,335.0,1738.0,529,0.8072497123130035,0.09008636007320533,309.0,108
Wainberg,36,0.1,0.1,"GoCoGrid-ens (grid path, all blocks)",adapt_800_to_775_q0.225,0.07809153058857697,0.0958419531399821,0.2854568752122945,0.08806779547903094,184,333.0,1732.0,535,0.8077367205542725,0.09042219790591123,305.0,69
Wainberg,36,0.1,0.5,"GoCoGrid-knap (grid path, all blocks)",adapt_800_to_775_q0.175,0.2233342546067677,0.09774557704854216,0.2884012332481256,0.08923096794425912,179,326.0,1685.0,540,0.8065281899109792,0.09159709590555193,298.0,47
Wainberg,36,0.1,0.5,"GoCoGrid-knapEB (grid path, all blocks)",adapt_800_to_775_q0.15,0.09214053775182585,0.09609691135076653,0.28618555083879127,0.08812081162161645,176,322.0,1617.0,535,0.8008658008658008,0.09056734321061043,294.0,32
Wainberg,36,0.1,0.5,"GoCoGrid-learned (grid path, all blocks)",adapt_800_to_775_q0.4,0.27461273993264046,0.09822941184911821,0.28779507535204213,0.09053310273870127,185,339.0,1857.0,539,0.8174474959612278,0.09245550318602622,311.0,156
Wainberg,36,0.1,0.5,"GoCoGrid-learnedgb (grid path, all blocks)",adapt_800_to_775_q0.4,0.44010216387739787,0.09955153509642714,0.28968183255694047,0.09077582118341619,186,340.0,1838.0,541,0.8150163220892275,0.092592691871349,313.0,146
Wainberg,36,0.1,0.5,"GoCoGrid-ens (grid path, all blocks)",adapt_800_to_775_q0.35,0.49427924870642737,0.09995717947428596,0.29068963645279783,0.09280746741202271,185,335.0,1863.0,556,0.8201825013419216,0.09508917155825372,306.0,117
Wainberg,37,0.1,0.1,"GoCoGrid-knap (grid path, all blocks)",adapt_800_to_775_q0.175,0.05954713007329062,0.09542257405194073,0.28590768798175725,0.094564759610838,215,414.0,1988.0,585,0.7917505030181087,0.0960776185016936,392.0,50
Wainberg,37,0.1,0.1,"GoCoGrid-knapEB (grid path, all blocks)",adapt_800_to_775_q0.2,0.09893573365763719,0.0962045842995306,0.28694620443853797,0.09542072321409764,215,415.0,2001.0,589,0.7926036981509246,0.09692185657683079,393.0,59
Wainberg,37,0.1,0.1,"GoCoGrid-learned (grid path, all blocks)",adapt_800_to_775_q0.5,0.010229040217281929,0.09327895481953506,0.2822857894549328,0.09274001544401987,217,428.0,2094.0,570,0.7956064947468959,0.09474977867897173,402.0,145
Wainberg,37,0.1,0.1,"GoCoGrid-learnedgb (grid path, all blocks)",adapt_800_to_775_q0.5,0.010084946195914468,0.09326673567867409,0.2821497454260091,0.0926884539919143,221,431.0,2096.0,574,0.7943702290076335,0.09466680956067995,403.0,144
Wainberg,37,0.1,0.1,"GoCoGrid-ens (grid path, all blocks)",adapt_800_to_775_q0.3,0.06166723242387983,0.09548203296030927,0.2854278398642382,0.09501309161192005,217,424.0,2108.0,585,0.7988614800759013,0.09686412854429134,398.0,104
Wainberg,37,0.1,0.5,"GoCoGrid-knap (grid path, all blocks)",adapt_800_to_775_q0.25,0.4572375118768064,0.09967828634212424,0.2916203535456038,0.09793642293009239,216,415.0,2088.0,600,0.8012452107279694,0.09950604717494466,392.0,82
Wainberg,37,0.1,0.5,"GoCoGrid-knapEB (grid path, all blocks)",adapt_800_to_775_q0.225,0.3550146723924637,0.09889041394595922,0.2905143322679459,0.09743853892899858,217,417.0,2068.0,599,0.7983558994197292,0.09900816317385086,394.0,80
Wainberg,37,0.1,0.5,"GoCoGrid-learned (grid path, all blocks)",adapt_800_to_775_q0.6,0.4040329749294388,0.09927651618048274,0.28993303989172875,0.09942356688896278,220,432.0,2203.0,601,0.8039037675896504,0.10139815353954729,404.0,191
Wainberg,37,0.1,0.5,"GoCoGrid-learnedgb (grid path, all blocks)",adapt_800_to_775_q0.6,0.17898997333988215,0.09728422405297864,0.28761358937662734,0.09557173067114937,221,431.0,2152.0,585,0.7997211895910781,0.097550086239915,403.0,167
Wainberg,37,0.1,0.5,"GoCoGrid-ens (grid path, all blocks)",adapt_800_to_775_q0.3,0.06166723242387983,0.09548203296030927,0.2854278398642382,0.09501309161192005,217,424.0,2108.0,585,0.7988614800759013,0.09686412854429134,398.0,104
Wainberg,38,0.1,0.1,"GoCoGrid-knap (grid path, all blocks)",adapt_800_to_775_q0.1,0.04435108112943667,0.09501833074801933,0.28489074428934374,0.08734750016775247,180,325.0,1568.0,533,0.7927295918367347,0.0894795363024349,299.0,10
Wainberg,38,0.1,0.1,"GoCoGrid-knapEB (grid path, all blocks)",adapt_800_to_775_q0.1,0.03574638974786182,0.09473059433015625,0.28461753761724834,0.08729793315650342,181,325.0,1543.0,535,0.7893713545042126,0.08950032247250067,299.0,7
Wainberg,38,0.1,0.1,"GoCoGrid-learned (grid path, all blocks)",adapt_800_to_775_q0.35,0.04539324169150433,0.09506693887436353,0.28394920354910685,0.08888552365561184,183,341.0,1729.0,536,0.8027761711972238,0.09110215111604568,313.0,105
Wainberg,38,0.1,0.1,"GoCoGrid-learnedgb (grid path, all blocks)",adapt_800_to_775_q0.35,0.09559481589061192,0.09616710755836867,0.28547225376103014,0.08982088585703017,184,343.0,1737.0,538,0.8025331030512378,0.09207972520612473,314.0,109
Wainberg,38,0.1,0.1,"GoCoGrid-ens (grid path, all blocks)",adapt_800_to_775_q0.2,0.09479791908299862,0.09614635170861438,0.2859880892309294,0.08746673510189346,184,339.0,1671.0,533,0.7971274685816876,0.08976879139749648,311.0,46
Wainberg,38,0.1,0.5,"GoCoGrid-knap (grid path, all blocks)",adapt_800_to_775_q0.15,0.3853413643422774,0.09913088590177137,0.29026891785229775,0.08989193992757656,185,333.0,1668.0,548,0.8003597122302158,0.09212950582165112,306.0,35
Wainberg,38,0.1,0.5,"GoCoGrid-knapEB (grid path, all blocks)",adapt_800_to_775_q0.15,0.46761414242621985,0.0997569630714777,0.29112836827150823,0.09031188137650037,186,336.0,1689.0,550,0.8010657193605684,0.09261980043930965,308.0,42
Wainberg,38,0.1,0.5,"GoCoGrid-learned (grid path, all blocks)",adapt_800_to_775_q0.4,0.1052216635851328,0.09632713272436468,0.2855064201678014,0.09024116230217301,184,343.0,1769.0,540,0.8061051441492368,0.09249296634068414,314.0,126
Wainberg,38,0.1,0.5,"GoCoGrid-learnedgb (grid path, all blocks)",adapt_800_to_775_q0.4,0.1538593451061993,0.09699864152194303,0.2864470585316354,0.09167351941359904,185,344.0,1767.0,547,0.8053197509903792,0.09400271193142831,314.0,125
Wainberg,38,0.1,0.5,"GoCoGrid-ens (grid path, all blocks)",adapt_800_to_775_q0.275,0.33211881881695815,0.09870951404639584,0.2894202997941463,0.08966878941538164,184,340.0,1741.0,542,0.8047099368179207,0.09204119888600945,311.0,69
Wainberg,39,0.1,0.1,"GoCoGrid-knap (grid path, all blocks)",adapt_800_to_775_q0.2,0.09809053465780965,0.0961826512674761,0.28751720315230644,0.09759995277456816,213,382.0,1895.0,599,0.7984168865435356,0.09978584260528427,357.0,50
Wainberg,39,0.1,0.1,"GoCoGrid-knapEB (grid path, all blocks)",adapt_800_to_775_q0.15,0.019965971873297426,0.0939920891995758,0.2846838771519252,0.09569689944392773,211,377.0,1839.0,589,0.7949972811310495,0.09789685991468083,352.0,33
Wainberg,39,0.1,0.1,"GoCoGrid-learned (grid path, all blocks)",adapt_800_to_775_q0.5,0.012960490432689317,0.09353537472935684,0.28254123007511994,0.09620321638577092,219,398.0,1981.0,589,0.7990913679959616,0.09935528977780766,367.0,135
Wainberg,39,0.1,0.1,"GoCoGrid-learnedgb (grid path, all blocks)",adapt_800_to_775_q0.4,0.0034729438218449797,0.092204709519147,0.28112279802370543,0.09507589095966783,216,391.0,1928.0,583,0.7971991701244814,0.09753733071698675,363.0,106
Wainberg,39,0.1,0.1,"GoCoGrid-ens (grid path, all blocks)",adapt_800_to_775_q0.3,0.026704447729574136,0.09435251599278545,0.2846251369552965,0.096924618550145,217,394.0,1970.0,592,0.8,0.09936847000584516,365.0,88
Wainberg,39,0.1,0.5,"GoCoGrid-knap (grid path, all blocks)",adapt_800_to_775_q0.25,0.293383273584592,0.0983784435910679,0.2904329230543368,0.10238279599449512,216,386.0,1995.0,621,0.8065162907268171,0.1047562942751705,358.0,84
Wainberg,39,0.1,0.5,"GoCoGrid-knapEB (grid path, all blocks)",adapt_800_to_775_q0.275,0.46801295827290207,0.09975897892326875,0.29232120604006967,0.10280491503206372,215,385.0,2004.0,622,0.8078842315369261,0.10517841331273908,357.0,84
Wainberg,39,0.1,0.5,"GoCoGrid-learned (grid path, all blocks)",adapt_800_to_775_q0.5,0.012960490432689317,0.09353537472935684,0.28254123007511994,0.09620321638577092,219,398.0,1981.0,589,0.7990913679959616,0.09935528977780766,367.0,135
Wainberg,39,0.1,0.5,"GoCoGrid-learnedgb (grid path, all blocks)",adapt_800_to_775_q0.5,0.20206535542385212,0.09753226948662425,0.28795741163930766,0.10172658004794458,223,401.0,2066.0,616,0.8059051306873185,0.10438149102242902,370.0,156
Wainberg,39,0.1,0.5,"GoCoGrid-ens (grid path, all blocks)",adapt_800_to_775_q0.4,0.4343719455834682,0.09950559337069066,0.29125082849128753,0.10364306443549752,219,397.0,2092.0,625,0.8102294455066922,0.10629797540998197,366.0,143
Wainberg,40,0.1,0.1,"GoCoGrid-knap (grid path, all blocks)",adapt_800_to_775_q0.05,0.03493693896281559,0.09469627435290136,0.28482886169959565,0.08863190344997528,195,356.0,1564.0,555,0.7723785166240409,0.09150608181764729,326.0,7
Wainberg,40,0.1,0.1,"GoCoGrid-knapEB (grid path, all blocks)",adapt_800_to_775_q0.05,0.036323849241310796,0.09474777749561616,0.28484263180178215,0.08863190344997528,195,356.0,1564.0,555,0.7723785166240409,0.09150608181764729,326.0,7
Wainberg,40,0.1,0.1,"GoCoGrid-learned (grid path, all blocks)",adapt_800_to_775_q0.2,0.07015552258572536,0.09568501386421573,0.2848594854509717,0.08994062093930588,204,383.0,1876.0,555,0.7958422174840085,0.09242668429939191,351.0,132
Wainberg,40,0.1,0.1,"GoCoGrid-learnedgb (grid path, all blocks)",adapt_800_to_775_q0.225,0.09310547360451227,0.0961268940555077,0.2852368166740938,0.0907348732547752,205,382.0,1898.0,555,0.7987355110642782,0.09287620606919088,350.0,143
Wainberg,40,0.1,0.1,"GoCoGrid-ens (grid path, all blocks)",adapt_800_to_775_q0.075,0.06670460808190742,0.09560101323550646,0.285343128932101,0.08895284411567785,201,376.0,1801.0,554,0.7912270960577457,0.09131227176417878,346.0,66
Wainberg,40,0.1,0.5,"GoCoGrid-knap (grid path, all blocks)",adapt_800_to_775_q0.075,0.28377146273956755,0.09829957602401945,0.2895638230633013,0.09278335358590555,200,371.0,1820.0,573,0.7961538461538461,0.09522016972630473,339.0,59
Wainberg,40,0.1,0.5,"GoCoGrid-knapEB (grid path, all blocks)",adapt_800_to_775_q0.075,0.28377146273956755,0.09829957602401945,0.2895638230633013,0.09278335358590555,200,371.0,1820.0,573,0.7961538461538461,0.09522016972630473,339.0,59
Wainberg,40,0.1,0.5,"GoCoGrid-learned (grid path, all blocks)",adapt_800_to_775_q0.3,0.19487777474617285,0.09746413324073458,0.28703359931138567,0.09017002253265208,204,383.0,1891.0,555,0.7974616604970914,0.0926171403901896,351.0,142
Wainberg,40,0.1,0.5,"GoCoGrid-learnedgb (grid path, all blocks)",adapt_800_to_775_q0.35,0.458095774659295,0.09968651458660334,0.2900040541082002,0.09569274661799129,205,384.0,1984.0,578,0.8064516129032258,0.09779890284803962,352.0,175
Wainberg,40,0.1,0.5,"GoCoGrid-ens (grid path, all blocks)",adapt_800_to_775_q0.15,0.4363108637448355,0.09952156303728181,0.29050086780268136,0.0941313249277208,204,381.0,1960.0,578,0.8056122448979591,0.09656814106812,349.0,119
Wainberg,41,0.1,0.1,"GoCoGrid-knap (grid path, all blocks)",adapt_800_to_775_q0.175,0.058884486504104376,0.09541393688245955,0.2854179310353215,0.09576299659508399,198,364.0,1865.0,579,0.8048257372654155,0.09706418237614702,337.0,53
Wainberg,41,0.1,0.1,"GoCoGrid-knapEB (grid path, all blocks)",adapt_800_to_775_q0.15,0.06635493859495697,0.09558687017737429,0.2857448407183871,0.09663796469525175,195,359.0,1867.0,581,0.8077129084092126,0.09782440781140438,334.0,49
Wainberg,41,0.1,0.1,"GoCoGrid-learned (grid path, all blocks)",adapt_800_to_775_q0.4,0.09008580612086747,0.09607830039714224,0.2848599918465577,0.09646233474091168,201,377.0,1982.0,574,0.8097880928355197,0.09816312268470702,347.0,157
Wainberg,41,0.1,0.1,"GoCoGrid-learnedgb (grid path, all blocks)",adapt_800_to_775_q0.4,0.032497190635399936,0.09463802848427535,0.2828744504347756,0.09622062135718955,201,375.0,1975.0,574,0.810126582278481,0.09771411870038173,346.0,142
Wainberg,41,0.1,0.1,"GoCoGrid-ens (grid path, all blocks)",adapt_800_to_775_q0.3,0.09849006099063179,0.09621225043437873,0.2857976076296858,0.09819190179926779,202,374.0,2004.0,589,0.8133732534930139,0.09959861733972297,346.0,115
Wainberg,41,0.1,0.5,"GoCoGrid-knap (grid path, all blocks)",adapt_800_to_775_q0.2,0.2599439771599322,0.09808917884269042,0.289064456905021,0.0994791516954761,198,365.0,1946.0,596,0.8124357656731758,0.10078033747653913,338.0,79
Wainberg,41,0.1,0.5,"GoCoGrid-knapEB (grid path, all blocks)",adapt_800_to_775_q0.225,0.34482075925543976,0.09881022277151442,0.29003909338337225,0.10053444928939759,198,365.0,1970.0,601,0.8147208121827412,0.10183563507046062,338.0,84
Wainberg,41,0.1,0.5,"GoCoGrid-learned (grid path, all blocks)",adapt_800_to_775_q0.4,0.09008580612086747,0.09607830039714224,0.2848599918465577,0.09646233474091168,201,377.0,1982.0,574,0.8097880928355197,0.09816312268470702,347.0,157
Wainberg,41,0.1,0.5,"GoCoGrid-learnedgb (grid path, all blocks)",adapt_800_to_775_q0.4,0.032497190635399936,0.09463802848427535,0.2828744504347756,0.09622062135718955,201,375.0,1975.0,574,0.810126582278481,0.09771411870038173,346.0,142
Wainberg,41,0.1,0.5,"GoCoGrid-ens (grid path, all blocks)",adapt_800_to_775_q0.3,0.09849006099063179,0.09621225043437873,0.2857976076296858,0.09819190179926779,202,374.0,2004.0,589,0.8133732534930139,0.09959861733972297,346.0,115
Wainberg,42,0.1,0.1,"GoCoGrid-knap (grid path, all blocks)",adapt_800_to_775_q0.175,0.04191873087525937,0.09493562757931166,0.2851713488213915,0.09780298073572818,201,380.0,1872.0,588,0.7970085470085471,0.09959496365551106,355.0,54
Wainberg,42,0.1,0.1,"GoCoGrid-knapEB (grid path, all blocks)",adapt_800_to_775_q0.15,0.0069303673923482995,0.09286216567893993,0.2823685507924556,0.09535594661466529,198,374.0,1762.0,578,0.7877412031782066,0.09726878624203437,349.0,27
Wainberg,42,0.1,0.1,"GoCoGrid-learned (grid path, all blocks)",adapt_800_to_775_q0.4,0.06339956541261757,0.09553440378708994,0.2847209673751253,0.09719507294951134,201,387.0,1981.0,582,0.8046441191317516,0.09918171254491041,360.0,136
Wainberg,42,0.1,0.1,"GoCoGrid-learnedgb (grid path, all blocks)",adapt_800_to_775_q0.4,0.025958107089356548,0.09434845745626401,0.2830379313856648,0.09629254225199613,205,398.0,1973.0,584,0.7982767359351242,0.09834953502241998,370.0,133
Wainberg,42,0.1,0.1,"GoCoGrid-ens (grid path, all blocks)",adapt_800_to_775_q0.275,0.04320844413503376,0.09498386455636318,0.28479970025178714,0.09763717694611376,201,386.0,1993.0,586,0.8063221274460612,0.09942329709869037,361.0,104
Wainberg,42,0.1,0.5,"GoCoGrid-knap (grid path, all blocks)",adapt_800_to_775_q0.2,0.3164560596459646,0.0985772062014009,0.289990618365819,0.09906850031385597,202,381.0,1947.0,594,0.8043143297380585,0.10085462046643258,356.0,75
Wainberg,42,0.1,0.5,"GoCoGrid-knapEB (grid path, all blocks)",adapt_800_to_775_q0.2,0.3164560596459646,0.0985772062014009,0.289990618365819,0.09906850031385597,202,381.0,1947.0,594,0.8043143297380585,0.10085462046643258,356.0,75
Wainberg,42,0.1,0.5,"GoCoGrid-learned (grid path, all blocks)",adapt_800_to_775_q0.5,0.4561656922892603,0.0996719900268259,0.2900291953455938,0.10092605247860872,201,391.0,2066.0,598,0.8107454017424975,0.1029830452490326,363.0,167
Wainberg,42,0.1,0.5,"GoCoGrid-learnedgb (grid path, all blocks)",adapt_800_to_775_q0.5,0.30519200281609954,0.09848905090033108,0.2886818261549567,0.09895339975846675,206,400.0,2036.0,596,0.8035363457760314,0.1010103925288906,372.0,151
Wainberg,42,0.1,0.5,"GoCoGrid-ens (grid path, all blocks)",adapt_800_to_775_q0.3,0.3469479618612076,0.09882825976234706,0.28982837182289123,0.10021623922059837,203,391.0,2053.0,597,0.8095470043838285,0.10210672947124068,365.0,131
Wainberg,43,0.1,0.1,"GoCoGrid-knap (grid path, all blocks)",adapt_800_to_775_q0.1,0.006498081882256259,0.09280801559266277,0.28187369344091145,0.09481602976056985,189,339.0,1711.0,572,0.8018702513150204,0.09698349376137924,315.0,23
Wainberg,43,0.1,0.1,"GoCoGrid-knapEB (grid path, all blocks)",adapt_800_to_775_q0.125,0.09665050348475618,0.09617376660145296,0.28633279936042205,0.09709195491066458,192,344.0,1821.0,583,0.8110928061504667,0.09909057129393051,320.0,48
Wainberg,43,0.1,0.1,"GoCoGrid-learned (grid path, all blocks)",adapt_800_to_775_q0.3,0.015883941083019968,0.09378586034175022,0.2817214093130609,0.0949193358062792,191,350.0,1883.0,570,0.8141263940520446,0.0974075767833153,324.0,132
Wainberg,43,0.1,0.1,"GoCoGrid-learnedgb (grid path, all blocks)",adapt_800_to_775_q0.35,0.06188442857575469,0.09551084916451014,0.2839357329900168,0.09686225593253599,194,355.0,1962.0,577,0.8190621814475025,0.09877594600012153,330.0,154
Wainberg,43,0.1,0.1,"GoCoGrid-ens (grid path, all blocks)",adapt_800_to_775_q0.2,0.018372287558465084,0.09393750633889139,0.2825747679472188,0.09610994184706573,194,351.0,1908.0,577,0.8160377358490566,0.09810855823033166,327.0,96
Wainberg,43,0.1,0.5,"GoCoGrid-knap (grid path, all blocks)",adapt_800_to_775_q0.175,0.41479271239595683,0.09935780474046395,0.2904644982934848,0.09988497586668468,192,345.0,1909.0,594,0.8192771084337349,0.10170770932182374,321.0,78
Wainberg,43,0.1,0.5,"GoCoGrid-knapEB (grid path, all blocks)",adapt_800_to_775_q0.175,0.4554747237165429,0.09966581863237858,0.29088175404555133,0.09987090523293775,192,345.0,1907.0,594,0.8190875721027793,0.10169363868807679,321.0,76
Wainberg,43,0.1,0.5,"GoCoGrid-learned (grid path, all blocks)",adapt_800_to_775_q0.4,0.17934228791605517,0.09730151478840704,0.28620168113021566,0.09825173109367256,194,356.0,1979.0,583,0.82011116725619,0.1003764806800424,330.0,164
Wainberg,43,0.1,0.5,"GoCoGrid-learnedgb (grid path, all blocks)",adapt_800_to_775_q0.35,0.06188442857575469,0.09551084916451014,0.2839357329900168,0.09686225593253599,194,355.0,1962.0,577,0.8190621814475025,0.09877594600012153,330.0,154
Wainberg,43,0.1,0.5,"GoCoGrid-ens (grid path, all blocks)",adapt_800_to_775_q0.3,0.44010263297214014,0.09955101338833007,0.29002111376388295,0.10037935917364389,195,354.0,2011.0,595,0.8239681750372949,0.10230711986239624,329.0,138
Wainberg,44,0.1,0.1,"GoCoGrid-knap (grid path, all blocks)",adapt_800_to_775_q0.2,0.043256165093525,0.09498334835935296,0.28491541427809164,0.10031521907520476,191,334.0,1889.0,596,0.8231868713605082,0.10229238159184015,304.0,52
Wainberg,44,0.1,0.1,"GoCoGrid-knapEB (grid path, all blocks)",adapt_800_to_775_q0.2,0.05086140264342593,0.09520493747234672,0.2852320002023522,0.10031521907520476,191,334.0,1894.0,596,0.8236536430834214,0.10229238159184015,304.0,54
Wainberg,44,0.1,0.1,"GoCoGrid-learned (grid path, all blocks)",adapt_800_to_775_q0.4,0.04254106340304604,0.09497879300896624,0.28387553853797676,0.09957733013147843,200,353.0,1959.0,591,0.819806023481368,0.10189622092745182,318.0,142
Wainberg,44,0.1,0.1,"GoCoGrid-learnedgb (grid path, all blocks)",adapt_800_to_775_q0.3,0.0032690049638532392,0.09217448352783104,0.2801295385465197,0.09648619725224639,195,346.0,1890.0,574,0.816931216931217,0.09866554137207678,313.0,105
Wainberg,44,0.1,0.1,"GoCoGrid-ens (grid path, all blocks)",adapt_800_to_775_q0.3,0.02969025111811726,0.0945038754708017,0.28378957530081317,0.09957604162133962,195,347.0,1958.0,592,0.8227783452502554,0.10173829997162016,314.0,85
Wainberg,44,0.1,0.5,"GoCoGrid-knap (grid path, all blocks)",adapt_800_to_775_q0.225,0.20044723452111685,0.09751139247943873,0.28840297104435714,0.10337064824070594,192,338.0,1966.0,610,0.8280773143438453,0.10536288643006586,307.0,78
Wainberg,44,0.1,0.5,"GoCoGrid-knapEB (grid path, all blocks)",adapt_800_to_775_q0.275,0.30501742264329706,0.09848281834932952,0.28958939179367704,0.10400382679705883,192,340.0,1989.0,613,0.8290598290598291,0.10599606498641875,309.0,86
Wainberg,44,0.1,0.5,"GoCoGrid-learned (grid path, all blocks)",adapt_800_to_775_q0.4,0.04254106340304604,0.09497879300896624,0.28387553853797676,0.09957733013147843,200,353.0,1959.0,591,0.819806023481368,0.10189622092745182,318.0,142
Wainberg,44,0.1,0.5,"GoCoGrid-learnedgb (grid path, all blocks)",adapt_800_to_775_q0.4,0.2778454710200156,0.09825511986087669,0.2882694033227329,0.10361911991116567,200,354.0,2045.0,608,0.8268948655256724,0.10593801070713907,319.0,167
Wainberg,44,0.1,0.5,"GoCoGrid-ens (grid path, all blocks)",adapt_800_to_775_q0.35,0.3044229595292708,0.09848088078799096,0.28899718389399837,0.10390041664450317,198,350.0,2064.0,612,0.8304263565891473,0.10627373451356799,315.0,134
Wainberg,45,0.1,0.1,"GoCoGrid-knap (grid path, all blocks)",adapt_800_to_775_q0.15,0.0854187252354382,0.09596744676352402,0.2866472924941,0.08990517679449374,184,342.0,1670.0,550,0.7952095808383234,0.09164475034112515,318.0,18
Wainberg,45,0.1,0.1,"GoCoGrid-knapEB (grid path, all blocks)",adapt_800_to_775_q0.1,0.08112769031310108,0.0958861094866358,0.28656833316733366,0.08967706196893867,183,341.0,1664.0,548,0.7950721153846154,0.09141663551557008,317.0,15
Wainberg,45,0.1,0.1,"GoCoGrid-learned (grid path, all blocks)",adapt_800_to_775_q0.3,0.0711257086849687,0.09569095374663142,0.28585830803846773,0.0899686617607706,193,367.0,1846.0,548,0.8011917659804983,0.09190849057855159,340.0,106
Wainberg,45,0.1,0.1,"GoCoGrid-learnedgb (grid path, all blocks)",adapt_800_to_775_q0.3,0.09570202648315446,0.09616072101455028,0.2860860633775004,0.0902313136032937,192,363.0,1845.0,547,0.8032520325203252,0.09203043607102511,337.0,109
Wainberg,45,0.1,0.1,"GoCoGrid-ens (grid path, all blocks)",adapt_800_to_775_q0.2,0.07180123083892491,0.09570507767948405,0.2858860378859345,0.0902256187619213,189,362.0,1803.0,550,0.7992235163616195,0.0919581569790991,337.0,57
Wainberg,45,0.1,0.5,"GoCoGrid-knap (grid path, all blocks)",adapt_800_to_775_q0.225,0.290204023536357,0.0983554794032186,0.2896113192311715,0.09266402623028432,188,352.0,1800.0,562,0.8044444444444444,0.0944493293271582,326.0,48
Wainberg,45,0.1,0.5,"GoCoGrid-knapEB (grid path, all blocks)",adapt_800_to_775_q0.25,0.3072641213246895,0.09850056751126968,0.28984055436690837,0.09287508574906861,188,352.0,1810.0,563,0.8055248618784531,0.09466038884594251,326.0,49
Wainberg,45,0.1,0.5,"GoCoGrid-learned (grid path, all blocks)",adapt_800_to_775_q0.4,0.19445856943780682,0.09745276838437256,0.28781064709630205,0.092312008702287,195,369.0,1908.0,556,0.8066037735849056,0.09426942580910663,341.0,135
Wainberg,45,0.1,0.5,"GoCoGrid-learnedgb (grid path, all blocks)",adapt_800_to_775_q0.4,0.3471236021390427,0.09883084466805296,0.2895389364946378,0.09356781283024747,194,368.0,1913.0,563,0.8076319916361735,0.09543728846671361,341.0,138
Wainberg,45,0.1,0.5,"GoCoGrid-ens (grid path, all blocks)",adapt_800_to_775_q0.3,0.485674673664799,0.09989250503607008,0.2913638975933054,0.09288533418150378,193,369.0,1898.0,562,0.8055848261327714,0.09477616703776984,342.0,92
Wainberg,46,0.1,0.1,"GoCoGrid-knap (grid path, all blocks)",adapt_800_to_775_q0.2,0.08559575236837602,0.09597092245347617,0.2866372760891371,0.09391207424251527,198,350.0,1779.0,574,0.8032602585722316,0.09584250976361017,319.0,41
Wainberg,46,0.1,0.1,"GoCoGrid-knapEB (grid path, all blocks)",adapt_800_to_775_q0.175,0.07773832197954006,0.09581967909193698,0.28649631255639135,0.09378895619408448,197,348.0,1788.0,573,0.8053691275167785,0.09571939171517937,317.0,39
Wainberg,46,0.1,0.1,"GoCoGrid-learned (grid path, all blocks)",adapt_800_to_775_q0.4,0.09694618317099779,0.09618666609423918,0.2857464801967918,0.0942089903475414,207,371.0,1930.0,574,0.8077720207253886,0.09686859912223683,334.0,143
Wainberg,46,0.1,0.1,"GoCoGrid-learnedgb (grid path, all blocks)",adapt_800_to_775_q0.4,0.021680555295224474,0.09412769251883854,0.28297409336728263,0.09272180536330224,203,366.0,1877.0,567,0.8050079914757592,0.0948004979544322,333.0,121
Wainberg,46,0.1,0.1,"GoCoGrid-ens (grid path, all blocks)",adapt_800_to_775_q0.275,0.036906850642705095,0.09477522888898825,0.28450633106881057,0.09397799607386766,203,364.0,1891.0,575,0.807509254362771,0.09622602589324639,328.0,87
Wainberg,46,0.1,0.5,"GoCoGrid-knap (grid path, all blocks)",adapt_800_to_775_q0.3,0.4885829246007481,0.09991417856040076,0.2918953236010925,0.0998700743170794,200,353.0,1944.0,602,0.8184156378600823,0.10194222120833125,319.0,90
Wainberg,46,0.1,0.5,"GoCoGrid-knapEB (grid path, all blocks)",adapt_800_to_775_q0.275,0.4312219543966255,0.09948155220562212,0.29129437676254305,0.09928303648615094,200,351.0,1935.0,599,0.8186046511627907,0.10134010770467829,318.0,85
Wainberg,46,0.1,0.5,"GoCoGrid-learned (grid path, all blocks)",adapt_800_to_775_q0.4,0.09694618317099779,0.09618666609423918,0.2857464801967918,0.0942089903475414,207,371.0,1930.0,574,0.8077720207253886,0.09686859912223683,334.0,143
Wainberg,46,0.1,0.5,"GoCoGrid-learnedgb (grid path, all blocks)",adapt_800_to_775_q0.4,0.021680555295224474,0.09412769251883854,0.28297409336728263,0.09272180536330224,203,366.0,1877.0,567,0.8050079914757592,0.0948004979544322,333.0,121
Wainberg,46,0.1,0.5,"GoCoGrid-ens (grid path, all blocks)",adapt_800_to_775_q0.3,0.15084270189721555,0.09695092242195773,0.2873934164320566,0.09560365688862454,203,366.0,1936.0,581,0.8109504132231405,0.09792203988302806,329.0,104
Wainberg,47,0.1,0.1,"GoCoGrid-knap (grid path, all blocks)",adapt_800_to_775_q0.075,0.0966578388377326,0.0961668019461974,0.2868634427510566,0.08783080823225732,183,339.0,1577.0,541,0.7850348763474952,0.09024282037243153,313.0,6
Wainberg,47,0.1,0.1,"GoCoGrid-knapEB (grid path, all blocks)",adapt_800_to_775_q0.05,0.08474035021884685,0.0959557646981231,0.28656612248601904,0.08783080823225732,183,339.0,1570.0,541,0.7840764331210192,0.09024282037243153,313.0,5
Wainberg,47,0.1,0.1,"GoCoGrid-learned (grid path, all blocks)",adapt_800_to_775_q0.3,0.08843545878154552,0.09603795018316359,0.285611767174807,0.08812676919895468,186,359.0,1799.0,540,0.8004446914952752,0.09065722206465149,329.0,100
Wainberg,47,0.1,0.1,"GoCoGrid-learnedgb (grid path, all blocks)",adapt_800_to_775_q0.225,0.0951345990071758,0.09615786551605288,0.2855673797174834,0.08829881468809019,183,352.0,1705.0,540,0.7935483870967742,0.0908151969263301,324.0,62
Wainberg,47,0.1,0.1,"GoCoGrid-ens (grid path, all blocks)",adapt_800_to_775_q0.1,0.09654725707282913,0.09617052479463627,0.28644253214704085,0.0879172840359695,185,350.0,1710.0,540,0.7953216374269005,0.09016748386918366,323.0,41
Wainberg,47,0.1,0.5,"GoCoGrid-knap (grid path, all blocks)",adapt_800_to_775_q0.1,0.4118441237321655,0.09933377672260015,0.29109365700239326,0.09000882523039214,185,347.0,1716.0,551,0.7977855477855478,0.09229420165426372,319.0,35
Wainberg,47,0.1,0.5,"GoCoGrid-knapEB (grid path, all blocks)",adapt_800_to_775_q0.075,0.18283623554035827,0.09731962717342342,0.2884494112214839,0.0886750463073945,183,339.0,1617.0,545,0.7903525046382189,0.09108705844756872,313.0,12
Wainberg,47,0.1,0.5,"GoCoGrid-learned (grid path, all blocks)",adapt_800_to_775_q0.35,0.3062583248223051,0.09850101448399766,0.2881156288658516,0.09054750461978921,188,363.0,1868.0,549,0.8056745182012848,0.09307469109308372,332.0,138
Wainberg,47,0.1,0.5,"GoCoGrid-learnedgb (grid path, all blocks)",adapt_800_to_775_q0.3,0.1895092914061272,0.09740877109979217,0.28675014818430905,0.08959622921421338,187,361.0,1849.0,544,0.8047593293672255,0.09185959128902753,332.0,122
Wainberg,47,0.1,0.5,"GoCoGrid-ens (grid path, all blocks)",adapt_800_to_775_q0.25,0.4536003406619917,0.09965176533184764,0.2908171630442832,0.09130018285906934,190,357.0,1857.0,555,0.8077544426494345,0.09366345029432797,327.0,90
Wainberg,48,0.1,0.1,"GoCoGrid-knap (grid path, all blocks)",adapt_800_to_775_q0.15,0.0317055184050539,0.09458009308480984,0.28423625824877985,0.08817433858342993,173,328.0,1638.0,532,0.7997557997557998,0.089559729505486,305.0,9
Wainberg,48,0.1,0.1,"GoCoGrid-knapEB (grid path, all blocks)",adapt_800_to_775_q0.15,0.0317055184050539,0.09458009308480984,0.28423625824877985,0.08817433858342993,173,328.0,1638.0,532,0.7997557997557998,0.089559729505486,305.0,9
Wainberg,48,0.1,0.1,"GoCoGrid-learned (grid path, all blocks)",adapt_800_to_775_q0.4,0.03178548387658182,0.09460368925595292,0.2831698822745683,0.08874540926346854,180,354.0,1827.0,533,0.80623973727422,0.09061278345880251,324.0,113
Wainberg,48,0.1,0.1,"GoCoGrid-learnedgb (grid path, all blocks)",adapt_800_to_775_q0.4,0.02618812048949497,0.09436347450437181,0.28283870038438086,0.08921551924558972,181,357.0,1820.0,536,0.8038461538461539,0.09111128596501694,327.0,101
Wainberg,48,0.1,0.1,"GoCoGrid-ens (grid path, all blocks)",adapt_800_to_775_q0.3,0.09323048866050365,0.09612304032229416,0.2856827938659399,0.09166293110700034,176,348.0,1852.0,547,0.8120950323974082,0.09313657878256891,322.0,82
Wainberg,48,0.1,0.5,"GoCoGrid-knap (grid path, all blocks)",adapt_800_to_775_q0.2,0.19591424088166687,0.09746632056908855,0.2880434888025586,0.09266766468939674,175,333.0,1774.0,553,0.8122886133032694,0.09405822863542063,309.0,42
Wainberg,48,0.1,0.5,"GoCoGrid-knapEB (grid path, all blocks)",adapt_800_to_775_q0.225,0.21370695035896953,0.09765097815486415,0.28814247015442856,0.09284354762381368,175,334.0,1780.0,554,0.8123595505617978,0.09423411156983756,310.0,46
Wainberg,48,0.1,0.5,"GoCoGrid-learned (grid path, all blocks)",adapt_800_to_775_q0.5,0.30064911119433285,0.0984534441377589,0.2881284020220896,0.09225955025877516,183,359.0,1892.0,550,0.8102536997885835,0.09468974983543724,325.0,139
Wainberg,48,0.1,0.5,"GoCoGrid-learnedgb (grid path, all blocks)",adapt_800_to_775_q0.4,0.02618812048949497,0.09436347450437181,0.28283870038438086,0.08921551924558972,181,357.0,1820.0,536,0.8038461538461539,0.09111128596501694,327.0,101
Wainberg,48,0.1,0.5,"GoCoGrid-ens (grid path, all blocks)",adapt_800_to_775_q0.35,0.244817676495733,0.09795497903843853,0.28815421705480193,0.09281207393082751,179,352.0,1895.0,553,0.8142480211081794,0.09456713430020516,323.0,101
Wainberg,49,0.1,0.1,"GoCoGrid-knap (grid path, all blocks)",adapt_800_to_775_q0.125,0.055192590794520824,0.09530985558760673,0.2859976456656171,0.09188351885534732,207,376.0,1775.0,570,0.788169014084507,0.0933387604455195,352.0,22
Wainberg,49,0.1,0.1,"GoCoGrid-knapEB (grid path, all blocks)",adapt_800_to_775_q0.125,0.060898281591853606,0.09545054708422646,0.28623758495132756,0.09209457837413161,207,376.0,1777.0,571,0.7884074282498593,0.09354981996430381,352.0,22
Wainberg,49,0.1,0.1,"GoCoGrid-learned (grid path, all blocks)",adapt_800_to_775_q0.3,0.06823386293828089,0.09563373219014673,0.28544954505538006,0.09159225169152538,215,394.0,1964.0,565,0.7993890020366599,0.09295944836495446,368.0,135
Wainberg,49,0.1,0.1,"GoCoGrid-learnedgb (grid path, all blocks)",adapt_800_to_775_q0.3,0.06687086313676917,0.09560567383350067,0.2852848793923076,0.09220323552180565,214,391.0,1949.0,565,0.7993842996408415,0.09357746750581813,365.0,124
Wainberg,49,0.1,0.1,"GoCoGrid-ens (grid path, all blocks)",adapt_800_to_775_q0.2,0.0773819105534264,0.09581785620129962,0.28612685904965707,0.09218447467680972,213,388.0,1948.0,570,0.8008213552361396,0.09350594178112613,363.0,81
Wainberg,49,0.1,0.5,"GoCoGrid-knap (grid path, all blocks)",adapt_800_to_775_q0.2,0.4258485573051053,0.09944049481699911,0.2913439621686999,0.09558235663636015,213,383.0,1942.0,588,0.8027806385169928,0.09711488325946087,357.0,71
Wainberg,49,0.1,0.5,"GoCoGrid-knapEB (grid path, all blocks)",adapt_800_to_775_q0.2,0.47237456468166183,0.09979222356169312,0.2918671028830314,0.09567570988892402,212,382.0,1953.0,588,0.8044034818228366,0.09720823651202473,356.0,72
Wainberg,49,0.1,0.5,"GoCoGrid-learned (grid path, all blocks)",adapt_800_to_775_q0.4,0.3166533022827274,0.09858297773701638,0.2891497062402057,0.09461492553208638,216,397.0,2024.0,576,0.8038537549407114,0.09612282854927497,369.0,165
Wainberg,49,0.1,0.5,"GoCoGrid-learnedgb (grid path, all blocks)",adapt_800_to_775_q0.4,0.4646029317518835,0.09973464957317044,0.2907548519350117,0.09633238049701277,217,398.0,2035.0,585,0.8044226044226044,0.09784731882478477,370.0,167
Wainberg,49,0.1,0.5,"GoCoGrid-ens (grid path, all blocks)",adapt_800_to_775_q0.25,0.1091322544834692,0.09637294811334894,0.28679799332938083,0.09269503770107557,214,390.0,1968.0,572,0.801829268292683,0.09401650480539198,365.0,88
Wainberg,50,0.1,0.1,"GoCoGrid-knap (grid path, all blocks)",adapt_800_to_775_q0.175,0.021279908553389744,0.0940730949621846,0.2845080470007328,0.09391785052920656,198,391.0,1751.0,572,0.7766990291262136,0.09646613006478072,355.0,29
Wainberg,50,0.1,0.1,"GoCoGrid-knapEB (grid path, all blocks)",adapt_800_to_775_q0.175,0.08651592933961944,0.09598203992650543,0.2870755278442387,0.09467138327365689,202,396.0,1810.0,575,0.7812154696132597,0.09706011186198577,360.0,43
Wainberg,50,0.1,0.1,"GoCoGrid-learned (grid path, all blocks)",adapt_800_to_775_q0.3,0.028832627836005004,0.0944629223258407,0.28396596738315705,0.09435398863143385,205,408.0,1891.0,573,0.7842411422527763,0.09703452826967819,369.0,125
Wainberg,50,0.1,0.1,"GoCoGrid-learnedgb (grid path, all blocks)",adapt_800_to_775_q0.35,0.08678744388501658,0.09600502302422231,0.2857941842265968,0.09599145874538317,206,410.0,1918.0,579,0.786235662148071,0.09856646862423536,372.0,141
Wainberg,50,0.1,0.1,"GoCoGrid-ens (grid path, all blocks)",adapt_800_to_775_q0.225,0.033861276104400664,0.09465603835521474,0.28477131530666916,0.09458159922031271,203,405.0,1899.0,574,0.7867298578199052,0.09706178692799673,368.0,83
Wainberg,50,0.1,0.5,"GoCoGrid-knap (grid path, all blocks)",adapt_800_to_775_q0.225,0.2141352457064366,0.09764725388502087,0.2891348984691284,0.09658498958275256,202,399.0,1864.0,584,0.7859442060085837,0.09906752240235114,362.0,64
Wainberg,50,0.1,0.5,"GoCoGrid-knapEB (grid path, all blocks)",adapt_800_to_775_q0.25,0.49859564820075164,0.09998943236708276,0.2922445448276301,0.09749639819271205,202,398.0,1902.0,588,0.7907465825446898,0.09997893101231063,361.0,73
Wainberg,50,0.1,0.5,"GoCoGrid-learned (grid path, all blocks)",adapt_800_to_775_q0.4,0.46827888246712973,0.09976230211570895,0.2907126598317439,0.0999177520777818,212,419.0,2012.0,600,0.7917495029821073,0.10317744908452588,376.0,179
Wainberg,50,0.1,0.5,"GoCoGrid-learnedgb (grid path, all blocks)",adapt_800_to_775_q0.4,0.32023391038295324,0.0986118978814157,0.2893332260952945,0.09850583088679775,208,413.0,1967.0,591,0.7900355871886121,0.10115998808519404,374.0,165
Wainberg,50,0.1,0.5,"GoCoGrid-ens (grid path, all blocks)",adapt_800_to_775_q0.3,0.1748387666937578,0.0972327026717897,0.28805792071788683,0.09597107439402942,205,407.0,1937.0,580,0.7898812596799174,0.09866232162049773,368.0,100
Wainberg,51,0.1,0.1,"GoCoGrid-knap (grid path, all blocks)",adapt_800_to_775_q0.175,0.09325458843547157,0.09610922362506422,0.2867322852143491,0.09101232455759524,196,383.0,1851.0,558,0.7930848190167477,0.09267327299207109,354.0,31
Wainberg,51,0.1,0.1,"GoCoGrid-knapEB (grid path, all blocks)",adapt_800_to_775_q0.1,0.047603489780192715,0.09510656258637133,0.28550305373633356,0.09127081918371735,194,380.0,1837.0,560,0.7931409907457811,0.09310061523573668,351.0,19
Wainberg,51,0.1,0.1,"GoCoGrid-learned (grid path, all blocks)",adapt_800_to_775_q0.35,0.06801769614612117,0.09563767321315812,0.2848773808617088,0.09206144406970114,201,394.0,2016.0,557,0.8045634920634921,0.09375612557550783,364.0,136
Wainberg,51,0.1,0.1,"GoCoGrid-learnedgb (grid path, all blocks)",adapt_800_to_775_q0.275,0.05300074024095129,0.09527593188343941,0.28450822004533477,0.09183941281146267,201,395.0,1985.0,556,0.801007556675063,0.09359230318430256,365.0,119
Wainberg,51,0.1,0.1,"GoCoGrid-ens (grid path, all blocks)",adapt_800_to_775_q0.275,0.08058672584889415,0.09588631889142604,0.28581552554783013,0.09239444910297417,201,395.0,1997.0,562,0.8022033049574362,0.09414733947581408,365.0,86
Wainberg,51,0.1,0.5,"GoCoGrid-knap (grid path, all blocks)",adapt_800_to_775_q0.25,0.27580699954745896,0.09822985486266884,0.2894521806551343,0.09406347466815922,198,388.0,1956.0,572,0.8016359918200409,0.09582409009482097,358.0,59
Wainberg,51,0.1,0.5,"GoCoGrid-knapEB (grid path, all blocks)",adapt_800_to_775_q0.175,0.2636379171377343,0.09812048396848985,0.28943272287763994,0.09478730527835841,195,384.0,1946.0,575,0.802672147995889,0.09644825371283426,355.0,48
Wainberg,51,0.1,0.5,"GoCoGrid-learned (grid path, all blocks)",adapt_800_to_775_q0.4,0.18427435679435955,0.09735059221484961,0.28683377186121967,0.0954383963702499,201,395.0,2079.0,572,0.81000481000481,0.09713307787605659,365.0,158
Wainberg,51,0.1,0.5,"GoCoGrid-learnedgb (grid path, all blocks)",adapt_800_to_775_q0.3,0.17059033228541015,0.09719467457429862,0.2869174843384406,0.09449918152046587,202,396.0,2060.0,569,0.8077669902912621,0.09623607492122332,366.0,143
Wainberg,51,0.1,0.5,"GoCoGrid-ens (grid path, all blocks)",adapt_800_to_775_q0.3,0.16536035986088715,0.09712891869653412,0.28735479304442624,0.09281656814054277,201,395.0,2011.0,564,0.8035803083043263,0.09456945851338266,365.0,92
Wainberg,52,0.1,0.1,"GoCoGrid-knap (grid path, all blocks)",adapt_800_to_775_q0.075,0.06913695996236695,0.0956440349924636,0.2860872545880222,0.08897352917139517,200,367.0,1704.0,558,0.7846244131455399,0.09138365517303178,341.0,21
Wainberg,52,0.1,0.1,"GoCoGrid-knapEB (grid path, all blocks)",adapt_800_to_775_q0.075,0.06913695996236695,0.0956440349924636,0.2860872545880222,0.08916113763393456,200,367.0,1712.0,558,0.7856308411214953,0.09138365517303178,341.0,22
Wainberg,52,0.1,0.1,"GoCoGrid-learned (grid path, all blocks)",adapt_800_to_775_q0.35,0.05135101540527037,0.09523111766867966,0.28448565340861715,0.0885937466003463,211,395.0,1876.0,554,0.7894456289978679,0.09122931806283341,365.0,126
Wainberg,52,0.1,0.1,"GoCoGrid-learnedgb (grid path, all blocks)",adapt_800_to_775_q0.275,0.05811179648494895,0.09540539089827343,0.2847452898939549,0.08848352662970517,211,393.0,1866.0,552,0.7893890675241158,0.09093148962965289,363.0,119
Wainberg,52,0.1,0.1,"GoCoGrid-ens (grid path, all blocks)",adapt_800_to_775_q0.175,0.09855203598852025,0.09620635327900262,0.28632179318576206,0.08903742842014553,211,393.0,1856.0,558,0.7882543103448276,0.09131830263019564,364.0,72
Wainberg,52,0.1,0.5,"GoCoGrid-knap (grid path, all blocks)",adapt_800_to_775_q0.15,0.4751212181976684,0.09981314360174032,0.2915026993081463,0.09371326652105069,209,379.0,1882.0,581,0.7986184909670563,0.09620520024988509,349.0,70
Wainberg,52,0.1,0.5,"GoCoGrid-knapEB (grid path, all blocks)",adapt_800_to_775_q0.125,0.2541586386605544,0.0980345685680833,0.2892608564088923,0.09105088173676362,206,376.0,1805.0,568,0.7916897506925208,0.09333948100063558,347.0,44
Wainberg,52,0.1,0.5,"GoCoGrid-learned (grid path, all blocks)",adapt_800_to_775_q0.4,0.1675199060787877,0.09716114543643294,0.28667911598352364,0.0897967858580458,214,399.0,1934.0,557,0.7936918304033092,0.09240597488068487,369.0,148
Wainberg,52,0.1,0.5,"GoCoGrid-learnedgb (grid path, all blocks)",adapt_800_to_775_q0.4,0.37984796131050746,0.09909071259368028,0.28939122888423324,0.09301309840444676,215,400.0,1978.0,572,0.7977755308392316,0.09526583134700296,370.0,159
Wainberg,52,0.1,0.5,"GoCoGrid-ens (grid path, all blocks)",adapt_800_to_775_q0.275,0.48546406346845006,0.0998910468866129,0.2910355252616467,0.09345180069207643,215,399.0,1981.0,578,0.7985865724381626,0.09615479393969512,367.0,117
Wainberg,53,0.1,0.1,"GoCoGrid-knap (grid path, all blocks)",adapt_800_to_775_q0.175,0.09734918162588307,0.09617346933138475,0.2872539661825145,0.099809330307441,230,400.0,1966.0,622,0.7965412004069176,0.10204647744680669,372.0,47
Wainberg,53,0.1,0.1,"GoCoGrid-knapEB (grid path, all blocks)",adapt_800_to_775_q0.15,0.015382182939391673,0.09370047482408853,0.28390166295662395,0.09829116746022158,225,395.0,1893.0,614,0.7913365029054411,0.10049313800892985,368.0,33
Wainberg,53,0.1,0.1,"GoCoGrid-learned (grid path, all blocks)",adapt_800_to_775_q0.4,0.043084647223150196,0.09498785648106195,0.2843489852101273,0.0999622625255947,236,411.0,2089.0,618,0.8032551460028722,0.1024216084338885,381.0,151
Wainberg,53,0.1,0.1,"GoCoGrid-learnedgb (grid path, all blocks)",adapt_800_to_775_q0.4,0.09646910084684418,0.09617397794337845,0.28608376475358094,0.10115123116841745,237,415.0,2106.0,624,0.8029439696106363,0.10396234293925506,382.0,144
Wainberg,53,0.1,0.1,"GoCoGrid-ens (grid path, all blocks)",adapt_800_to_775_q0.275,0.06329826745606132,0.095511524142143,0.2860270595549569,0.09917107146782128,236,408.0,2043.0,618,0.8002936857562408,0.10149909144856346,379.0,86
Wainberg,53,0.1,0.5,"GoCoGrid-knap (grid path, all blocks)",adapt_800_to_775_q0.225,0.431468749692749,0.09948278005611573,0.2916615418503973,0.10238207884544862,231,402.0,2050.0,633,0.8039024390243903,0.10468371638634276,373.0,76
Wainberg,53,0.1,0.5,"GoCoGrid-knapEB (grid path, all blocks)",adapt_800_to_775_q0.2,0.32770423523059095,0.09866794179411545,0.2905824400753743,0.10195995980788002,231,402.0,2039.0,631,0.8028445316331535,0.10426159734877417,373.0,73
Wainberg,53,0.1,0.5,"GoCoGrid-learned (grid path, all blocks)",adapt_800_to_775_q0.5,0.3845020343950116,0.09912506586308845,0.2900277712654314,0.10412264766887856,238,415.0,2156.0,637,0.8075139146567718,0.10665234674590708,384.0,178
Wainberg,53,0.1,0.5,"GoCoGrid-learnedgb (grid path, all blocks)",adapt_800_to_775_q0.4,0.09646910084684418,0.09617397794337845,0.28608376475358094,0.10115123116841745,237,415.0,2106.0,624,0.8029439696106363,0.10396234293925506,382.0,144
Wainberg,53,0.1,0.5,"GoCoGrid-ens (grid path, all blocks)",adapt_800_to_775_q0.3,0.20421421703388637,0.09754975035454863,0.28854767987926105,0.10192238305781451,238,413.0,2121.0,630,0.8052805280528053,0.10443508011749295,382.0,117
Wainberg,54,0.1,0.1,"GoCoGrid-knap (grid path, all blocks)",adapt_800_to_775_q0.075,0.03324646922142763,0.0946300264207751,0.284872910086612,0.09012303181360572,189,355.0,1628.0,552,0.7819410319410319,0.09189300038433115,331.0,4
Wainberg,54,0.1,0.1,"GoCoGrid-knapEB (grid path, all blocks)",adapt_800_to_775_q0.075,0.077924890389831,0.09582242113201506,0.28656689154507,0.09043727599244773,191,359.0,1664.0,553,0.7842548076923077,0.09197273398814397,335.0,10
Wainberg,54,0.1,0.1,"GoCoGrid-learned (grid path, all blocks)",adapt_800_to_775_q0.35,0.0512875165595799,0.09522665276851434,0.28464681779895257,0.09229177661136315,199,383.0,1924.0,554,0.8009355509355509,0.09439290759620309,353.0,139
Wainberg,54,0.1,0.1,"GoCoGrid-learnedgb (grid path, all blocks)",adapt_800_to_775_q0.275,0.043831367230861715,0.09501264257604367,0.28428518699606686,0.09210571379362656,200,383.0,1898.0,556,0.7982086406743941,0.09376546238270325,355.0,119
Wainberg,54,0.1,0.1,"GoCoGrid-ens (grid path, all blocks)",adapt_800_to_775_q0.15,0.08587157929000994,0.09598189041252767,0.28622538077765197,0.09176386174942029,195,375.0,1856.0,554,0.7979525862068966,0.09313683740168797,349.0,70
Wainberg,54,0.1,0.5,"GoCoGrid-knap (grid path, all blocks)",adapt_800_to_775_q0.15,0.35219780753214186,0.0988675546385737,0.2905779908169733,0.09280981111968052,194,366.0,1778.0,563,0.7941507311586051,0.09412415913762599,341.0,37
Wainberg,54,0.1,0.5,"GoCoGrid-knapEB (grid path, all blocks)",adapt_800_to_775_q0.15,0.37057718591085675,0.099013270832849,0.2907983279502925,0.09344298967603341,194,366.0,1820.0,566,0.798901098901099,0.09475733769397889,341.0,44
Wainberg,54,0.1,0.5,"GoCoGrid-learned (grid path, all blocks)",adapt_800_to_775_q0.4,0.21532398182815965,0.09767079071881865,0.28772116465806113,0.09430856756793643,200,384.0,1969.0,562,0.8049771457592687,0.0960462071621101,354.0,157
Wainberg,54,0.1,0.5,"GoCoGrid-learnedgb (grid path, all blocks)",adapt_800_to_775_q0.35,0.35578907908425256,0.09890075264109631,0.28942595950722816,0.09413237246394207,202,386.0,1950.0,565,0.8020512820512821,0.09585242376278703,356.0,143
Wainberg,54,0.1,0.5,"GoCoGrid-ens (grid path, all blocks)",adapt_800_to_775_q0.2,0.3066958229844657,0.09849683469806252,0.28963172400938964,0.09430499702421559,196,376.0,1938.0,566,0.8059855521155831,0.09574598073330344,349.0,97
Wainberg,55,0.1,0.1,"GoCoGrid-knap (grid path, all blocks)",adapt_800_to_775_q0.1,0.0350761492636288,0.09469474059070378,0.28519463206665824,0.09021101839786946,221,418.0,1791.0,580,0.7666108319374652,0.09197738555324082,396.0,19
Wainberg,55,0.1,0.1,"GoCoGrid-knapEB (grid path, all blocks)",adapt_800_to_775_q0.125,0.03709416548050033,0.09476831051900038,0.2852526392321363,0.09002399621959878,222,421.0,1777.0,579,0.7630838491840181,0.09183726548745995,399.0,23
Wainberg,55,0.1,0.1,"GoCoGrid-learned (grid path, all blocks)",adapt_800_to_775_q0.4,0.03829126495685891,0.09482939853765825,0.2842432306785467,0.09179393391711846,230,445.0,2037.0,579,0.7815414825724104,0.0939394544201493,418.0,149
Wainberg,55,0.1,0.1,"GoCoGrid-learnedgb (grid path, all blocks)",adapt_800_to_775_q0.3,0.02468545553245528,0.09427187421898732,0.28372831171777924,0.09138809402075031,227,443.0,1986.0,575,0.7769385699899295,0.09343185368257013,417.0,126
Wainberg,55,0.1,0.1,"GoCoGrid-ens (grid path, all blocks)",adapt_800_to_775_q0.2,0.07835821922250925,0.09583770577680138,0.2861166189813726,0.09189111919607378,228,441.0,2010.0,584,0.7805970149253731,0.09358009785325681,417.0,94
Wainberg,55,0.1,0.5,"GoCoGrid-knap (grid path, all blocks)",adapt_800_to_775_q0.15,0.26034703060078596,0.09808924187898913,0.2896139853774167,0.09339433198314319,226,429.0,1945.0,593,0.7794344473007712,0.0950129574715915,406.0,57
Wainberg,55,0.1,0.5,"GoCoGrid-knapEB (grid path, all blocks)",adapt_800_to_775_q0.125,0.03709416548050033,0.09476831051900038,0.2852526392321363,0.09002399621959878,222,421.0,1777.0,579,0.7630838491840181,0.09183726548745995,399.0,23
Wainberg,55,0.1,0.5,"GoCoGrid-learned (grid path, all blocks)",adapt_800_to_775_q0.5,0.4175622492394862,0.09937959610063642,0.29017991634498497,0.09582341190328474,238,455.0,2122.0,602,0.7855796418473139,0.09808149747629114,426.0,188
Wainberg,55,0.1,0.5,"GoCoGrid-learnedgb (grid path, all blocks)",adapt_800_to_775_q0.4,0.3910399011830869,0.09917572665858573,0.2900943441059007,0.09586662888438856,232,449.0,2089.0,599,0.7850646242221159,0.09774154092866492,423.0,166
Wainberg,55,0.1,0.5,"GoCoGrid-ens (grid path, all blocks)",adapt_800_to_775_q0.3,0.28598736234845296,0.09831915208687571,0.28953661828926813,0.09424694545438089,230,443.0,2076.0,594,0.7866088631984586,0.09600627728029866,418.0,118
Wainberg,56,0.1,0.1,"GoCoGrid-knap (grid path, all blocks)",adapt_800_to_775_q0.175,0.029887968513642046,0.09450378045447581,0.2842351303585322,0.09939034635876492,182,336.0,1868.0,585,0.8201284796573876,0.10070336113478273,307.0,48
Wainberg,56,0.1,0.1,"GoCoGrid-knapEB (grid path, all blocks)",adapt_800_to_775_q0.15,0.010190623554665292,0.09326891944329674,0.28253473108304133,0.0988415916048937,181,334.0,1853.0,582,0.8197517539125742,0.1001546063809115,305.0,43
Wainberg,56,0.1,0.1,"GoCoGrid-learned (grid path, all blocks)",adapt_800_to_775_q0.4,0.024138335302075188,0.09426564065460617,0.28266351703343195,0.09803791179995136,189,349.0,1961.0,579,0.8220295767465579,0.09981458067403357,317.0,140
Wainberg,56,0.1,0.1,"GoCoGrid-learnedgb (grid path, all blocks)",adapt_800_to_775_q0.35,0.02675203354959924,0.094389301506077,0.28288395282272827,0.09808916911803604,187,349.0,1962.0,577,0.8221202854230377,0.09940854237018229,320.0,137
Wainberg,56,0.1,0.1,"GoCoGrid-ens (grid path, all blocks)",adapt_800_to_775_q0.25,0.05712484394229931,0.09537720268438345,0.2849407593310635,0.09978967360167777,186,344.0,1995.0,586,0.8275689223057644,0.10109496332387373,315.0,111
Wainberg,56,0.1,0.5,"GoCoGrid-knap (grid path, all blocks)",adapt_800_to_775_q0.175,0.029887968513642046,0.09450378045447581,0.2842351303585322,0.09939034635876492,182,336.0,1868.0,585,0.8201284796573876,0.10070336113478273,307.0,48
Wainberg,56,0.1,0.5,"GoCoGrid-knapEB (grid path, all blocks)",adapt_800_to_775_q0.175,0.2927856268185506,0.09837862075324852,0.2894758960367579,0.10154551826653324,182,337.0,1937.0,594,0.8260196179659267,0.10285080798872918,308.0,71
Wainberg,56,0.1,0.5,"GoCoGrid-learned (grid path, all blocks)",adapt_800_to_775_q0.5,0.11845595059286673,0.09653303491153507,0.2853614751831588,0.10028921333784391,191,352.0,2001.0,590,0.824087956021989,0.10206588221192611,320.0,160
Wainberg,56,0.1,0.5,"GoCoGrid-learnedgb (grid path, all blocks)",adapt_800_to_775_q0.4,0.10561339823134275,0.0963338590066393,0.28547323328218643,0.09888064231347715,188,350.0,1974.0,581,0.8226950354609929,0.10025278044531948,320.0,142
Wainberg,56,0.1,0.5,"GoCoGrid-ens (grid path, all blocks)",adapt_800_to_775_q0.3,0.22776203711739929,0.09779260068946313,0.287964787084279,0.10258269457027801,188,347.0,2043.0,599,0.8301517376407245,0.10395833746749875,317.0,132
Wainberg,57,0.1,0.1,"GoCoGrid-knap (grid path, all blocks)",adapt_800_to_775_q0.15,0.087423363066086,0.09600528179608632,0.2866208150067208,0.09879221982936308,195,368.0,1890.0,590,0.8052910052910053,0.10071454332404722,342.0,48
Wainberg,57,0.1,0.1,"GoCoGrid-knapEB (grid path, all blocks)",adapt_800_to_775_q0.15,0.0763646542770038,0.09579424454801204,0.2863231237452963,0.09879221982936308,195,368.0,1891.0,590,0.8053939714436806,0.10071454332404722,342.0,49
Wainberg,57,0.1,0.1,"GoCoGrid-learned (grid path, all blocks)",adapt_800_to_775_q0.3,0.0573657704271781,0.09538970065164681,0.2845484879442569,0.09928938083794107,201,391.0,1999.0,588,0.8044022011005503,0.10205174789757304,360.0,156
Wainberg,57,0.1,0.1,"GoCoGrid-learnedgb (grid path, all blocks)",adapt_800_to_775_q0.25,0.03506882064415489,0.09472516405503181,0.2835443340608124,0.0991560143570751,199,386.0,1982.0,585,0.805247225025227,0.10124533606473783,357.0,140
Wainberg,57,0.1,0.1,"GoCoGrid-ens (grid path, all blocks)",adapt_800_to_775_q0.2,0.07318725445233257,0.09573608515313423,0.2857857736256044,0.09901606008479645,199,383.0,2001.0,587,0.8085957021489255,0.10100101169439346,356.0,101
Wainberg,57,0.1,0.5,"GoCoGrid-knap (grid path, all blocks)",adapt_800_to_775_q0.2,0.3341887974837039,0.09872272135107102,0.29026604804635237,0.10402149037187136,195,369.0,2013.0,612,0.8166915052160953,0.10594195157993992,343.0,88
Wainberg,57,0.1,0.5,"GoCoGrid-knapEB (grid path, all blocks)",adapt_800_to_775_q0.2,0.34869379554017244,0.0988399642667552,0.2904192696058115,0.1038807840218218,195,370.0,2011.0,611,0.8160119343610144,0.10580124522989034,344.0,89
Wainberg,57,0.1,0.5,"GoCoGrid-learned (grid path, all blocks)",adapt_800_to_775_q0.35,0.257494810371552,0.09807339099636683,0.288064188511576,0.10359968523364774,201,391.0,2086.0,605,0.8125599232981783,0.10582971328506997,360.0,182
Wainberg,57,0.1,0.5,"GoCoGrid-learnedgb (grid path, all blocks)",adapt_800_to_775_q0.275,0.30181098081981744,0.09846027211648849,0.288699179784798,0.10276161447173687,199,387.0,2021.0,601,0.8085106382978723,0.10492128935442438,357.0,161
Wainberg,57,0.1,0.5,"GoCoGrid-ens (grid path, all blocks)",adapt_800_to_775_q0.275,0.427615170798902,0.09945519793363164,0.29069167806045015,0.10497157213719599,200,387.0,2100.0,614,0.8157142857142857,0.10723677677927565,357.0,143
Wainberg,58,0.1,0.1,"GoCoGrid-knap (grid path, all blocks)",adapt_800_to_775_q0.125,0.01735769391130634,0.0938448805361593,0.2837575147405702,0.0908992885269536,185,360.0,1770.0,552,0.7966101694915254,0.09306165035035652,332.0,25
Wainberg,58,0.1,0.1,"GoCoGrid-knapEB (grid path, all blocks)",adapt_800_to_775_q0.15,0.0934736800105393,0.09611464057923923,0.28661796248708626,0.09216279800825604,189,366.0,1833.0,558,0.8003273322422259,0.09431988334243134,337.0,43
Wainberg,58,0.1,0.1,"GoCoGrid-learned (grid path, all blocks)",adapt_800_to_775_q0.35,0.027672915273504108,0.09442032582903004,0.283474804111282,0.09104210976786431,190,375.0,1890.0,550,0.8015873015873016,0.09356963124052288,344.0,112
Wainberg,58,0.1,0.1,"GoCoGrid-learnedgb (grid path, all blocks)",adapt_800_to_775_q0.4,0.08268526312505486,0.09593502055294242,0.28526216767494655,0.09322188556848472,191,377.0,1937.0,560,0.8053691275167785,0.09533608214809403,347.0,124
Wainberg,58,0.1,0.1,"GoCoGrid-ens (grid path, all blocks)",adapt_800_to_775_q0.2,0.03305881775115076,0.09463563407506446,0.28418219855682053,0.09091153629391492,190,373.0,1877.0,551,0.8012786361214704,0.09305268870143761,344.0,63
Wainberg,58,0.1,0.5,"GoCoGrid-knap (grid path, all blocks)",adapt_800_to_775_q0.175,0.47828570264044723,0.0998368976006619,0.29157176523732925,0.0934219720127488,190,368.0,1899.0,564,0.8062137967351237,0.09556546953218605,339.0,61
Wainberg,58,0.1,0.5,"GoCoGrid-knapEB (grid path, all blocks)",adapt_800_to_775_q0.175,0.49233419306750953,0.09994241622469904,0.2917165275903021,0.0938440910503174,190,368.0,1902.0,566,0.8065194532071503,0.09598758856975463,339.0,64
Wainberg,58,0.1,0.5,"GoCoGrid-learned (grid path, all blocks)",adapt_800_to_775_q0.4,0.14674661594787347,0.09690729169147709,0.2866043580015783,0.09402508429833835,190,375.0,1942.0,563,0.8069001029866117,0.09649104674049146,344.0,138
Wainberg,58,0.1,0.5,"GoCoGrid-learnedgb (grid path, all blocks)",adapt_800_to_775_q0.4,0.08268526312505486,0.09593502055294242,0.28526216767494655,0.09322188556848472,191,377.0,1937.0,560,0.8053691275167785,0.09533608214809403,347.0,124
Wainberg,58,0.1,0.5,"GoCoGrid-ens (grid path, all blocks)",adapt_800_to_775_q0.275,0.18820449009141954,0.09738564280262599,0.287731036570725,0.09286651694923073,191,376.0,1951.0,560,0.8072783188108662,0.0951108540120936,346.0,92
Wainberg,59,0.1,0.1,"GoCoGrid-knap (grid path, all blocks)",adapt_800_to_775_q0.125,0.03536266643852311,0.09471197308471488,0.2848485321377164,0.09566149155504344,200,375.0,1898.0,585,0.8024236037934668,0.09749017832914754,347.0,35
Wainberg,59,0.1,0.1,"GoCoGrid-knapEB (grid path, all blocks)",adapt_800_to_775_q0.125,0.02854727934074746,0.09443938330804873,0.28452082053550126,0.09545043203625915,200,375.0,1887.0,584,0.8012718600953895,0.09727911881036323,347.0,33
Wainberg,59,0.1,0.1,"GoCoGrid-learned (grid path, all blocks)",adapt_800_to_775_q0.35,0.0743523372688601,0.09576866819069357,0.28523883490422625,0.09721542688211644,210,398.0,2085.0,587,0.8091127098321343,0.09919796250335976,366.0,156
Wainberg,59,0.1,0.1,"GoCoGrid-learnedgb (grid path, all blocks)",adapt_800_to_775_q0.3,0.027382933635245018,0.09440680798994183,0.2834843248040792,0.09494301936215316,207,394.0,2024.0,578,0.8053359683794467,0.09679540163067234,365.0,128
Wainberg,59,0.1,0.1,"GoCoGrid-ens (grid path, all blocks)",adapt_800_to_775_q0.175,0.06691447008364296,0.09560180640511841,0.2856000203440094,0.09780066650016442,208,389.0,2093.0,593,0.8141423793597706,0.09977054241187666,358.0,104
Wainberg,59,0.1,0.5,"GoCoGrid-knap (grid path, all blocks)",adapt_800_to_775_q0.175,0.405285624313984,0.09928373877425681,0.29090990653635984,0.10202654709024438,206,384.0,2121.0,614,0.8189533239038189,0.10399876811387117,353.0,100
Wainberg,59,0.1,0.5,"GoCoGrid-knapEB (grid path, all blocks)",adapt_800_to_775_q0.175,0.405285624313984,0.09928373877425681,0.29090990653635984,0.10202654709024438,206,384.0,2121.0,614,0.8189533239038189,0.10399876811387117,353.0,100
Wainberg,59,0.1,0.5,"GoCoGrid-learned (grid path, all blocks)",adapt_800_to_775_q0.35,0.0743523372688601,0.09576866819069357,0.28523883490422625,0.09721542688211644,210,398.0,2085.0,587,0.8091127098321343,0.09919796250335976,366.0,156
Wainberg,59,0.1,0.5,"GoCoGrid-learnedgb (grid path, all blocks)",adapt_800_to_775_q0.4,0.4036462492558893,0.09927335204775731,0.2900089745960263,0.10183511772214637,211,400.0,2187.0,610,0.8171010516689529,0.10387041822937583,368.0,178
Wainberg,59,0.1,0.5,"GoCoGrid-ens (grid path, all blocks)",adapt_800_to_775_q0.225,0.2786065149380941,0.09825735844233827,0.2890118675274412,0.10139557659160542,209,395.0,2182.0,609,0.8189734188817599,0.10343580567834246,363.0,141
Wainberg,60,0.1,0.1,"GoCoGrid-knap (grid path, all blocks)",adapt_800_to_775_q0.175,0.0998170210848967,0.09622202366291753,0.28675115060933826,0.09207653492821224,199,340.0,1722.0,565,0.8025551684088269,0.09496595649187854,300.0,47
Wainberg,60,0.1,0.1,"GoCoGrid-knapEB (grid path, all blocks)",adapt_800_to_775_q0.175,0.08851862198593163,0.09602731667868608,0.28648833366238824,0.0918503997241233,202,343.0,1722.0,567,0.8008130081300813,0.09473982128778959,303.0,51
Wainberg,60,0.1,0.1,"GoCoGrid-learned (grid path, all blocks)",adapt_800_to_775_q0.35,0.03654049564126121,0.09477693822057587,0.28368994760272875,0.09170781565635906,205,357.0,1829.0,561,0.8048113723346091,0.09473492841697434,313.0,143
Wainberg,60,0.1,0.1,"GoCoGrid-learnedgb (grid path, all blocks)",adapt_800_to_775_q0.3,0.0218532933066057,0.09414029310395398,0.2828318280274628,0.08952837486768282,203,354.0,1786.0,552,0.8017917133258678,0.0924399074099395,312.0,116
Wainberg,60,0.1,0.1,"GoCoGrid-ens (grid path, all blocks)",adapt_800_to_775_q0.25,0.06839523162001057,0.09563568482246029,0.28555673340600596,0.09090361188910037,206,357.0,1807.0,563,0.8024349750968456,0.09397578417449724,314.0,88
Wainberg,60,0.1,0.5,"GoCoGrid-knap (grid path, all blocks)",adapt_800_to_775_q0.25,0.45817417938415866,0.09968559861409584,0.29139864802229537,0.0942875585078866,202,347.0,1800.0,577,0.8072222222222222,0.09718619297707116,306.0,75
Wainberg,60,0.1,0.5,"GoCoGrid-knapEB (grid path, all blocks)",adapt_800_to_775_q0.225,0.4302599260159901,0.09947456136602156,0.29110851075369737,0.09386543947031802,202,347.0,1789.0,575,0.8060368921185019,0.09676407393950257,306.0,72
Wainberg,60,0.1,0.5,"GoCoGrid-learned (grid path, all blocks)",adapt_800_to_775_q0.4,0.14868392083648685,0.0969336635313344,0.2864495344982337,0.094504354280251,206,358.0,1861.0,574,0.8076303062869425,0.09753146704086628,314.0,164
Wainberg,60,0.1,0.5,"GoCoGrid-learnedgb (grid path, all blocks)",adapt_800_to_775_q0.35,0.206168415407187,0.09757810661885083,0.2875999270649106,0.09339880443238266,203,354.0,1850.0,569,0.8086486486486486,0.09627465786449313,312.0,140
Wainberg,60,0.1,0.5,"GoCoGrid-ens (grid path, all blocks)",adapt_800_to_775_q0.3,0.3288797322279652,0.09868287007441635,0.28943552365003067,0.09464757324975973,206,358.0,1877.0,578,0.8092701118806607,0.09771740043110463,315.0,120
Wainberg,61,0.1,0.1,"GoCoGrid-knap (grid path, all blocks)",adapt_800_to_775_q0.175,0.042384544594911075,0.09494424851113412,0.28554157124228075,0.0980377682764201,213,404.0,1984.0,594,0.7963709677419355,0.09922874169781924,381.0,48
Wainberg,61,0.1,0.1,"GoCoGrid-knapEB (grid path, all blocks)",adapt_800_to_775_q0.175,0.014712217183871383,0.09365156162331674,0.2837878107116119,0.09748913916028366,211,402.0,1924.0,592,0.7910602910602911,0.09876051620938396,379.0,36
Wainberg,61,0.1,0.1,"GoCoGrid-learned (grid path, all blocks)",adapt_800_to_775_q0.4,0.012193052382855056,0.0934730870720957,0.2822730999225947,0.09790345470378951,216,413.0,2089.0,590,0.8022977501196745,0.09918883152906781,389.0,142
Wainberg,61,0.1,0.1,"GoCoGrid-learnedgb (grid path, all blocks)",adapt_800_to_775_q0.35,0.01899139073991632,0.09397669870025488,0.2825813210510402,0.09755840441844996,218,415.0,2099.0,589,0.802286803239638,0.0987699104071217,390.0,140
Wainberg,61,0.1,0.1,"GoCoGrid-ens (grid path, all blocks)",adapt_800_to_775_q0.3,0.024961434444500954,0.09427858799085896,0.2840823741712189,0.09783785854363652,219,413.0,2074.0,593,0.8008678881388621,0.09915781277438265,388.0,90
Wainberg,61,0.1,0.5,"GoCoGrid-knap (grid path, all blocks)",adapt_800_to_775_q0.25,0.40864538947598994,0.09930843626731456,0.2914053611220933,0.10396200797448635,216,409.0,2118.0,622,0.8068932955618509,0.10528196220523248,384.0,92
Wainberg,61,0.1,0.5,"GoCoGrid-knapEB (grid path, all blocks)",adapt_800_to_775_q0.2,0.2738424158876115,0.09820904499718795,0.2899862000767428,0.10227353182421198,216,409.0,2077.0,614,0.8030813673567646,0.10359348605495809,384.0,82
Wainberg,61,0.1,0.5,"GoCoGrid-learned (grid path, all blocks)",adapt_800_to_775_q0.5,0.2688744649481897,0.09817482110624312,0.2883398453083272,0.10213519806422076,221,421.0,2191.0,610,0.8078502966681881,0.10381631148092955,393.0,187
Wainberg,61,0.1,0.5,"GoCoGrid-learnedgb (grid path, all blocks)",adapt_800_to_775_q0.35,0.01899139073991632,0.09397669870025488,0.2825813210510402,0.09755840441844996,218,415.0,2099.0,589,0.802286803239638,0.0987699104071217,390.0,140
Wainberg,61,0.1,0.5,"GoCoGrid-ens (grid path, all blocks)",adapt_800_to_775_q0.35,0.26910300659050157,0.09817215670330609,0.28908563502426016,0.10159537277930192,220,415.0,2162.0,610,0.8080481036077706,0.1030208567694402,389.0,127
Wainberg,62,0.1,0.1,"GoCoGrid-knap (grid path, all blocks)",adapt_800_to_775_q0.125,0.023048563205777,0.09417176489256675,0.28447089353278376,0.09284878221020863,203,406.0,1813.0,577,0.7760617760617761,0.09533076895319897,376.0,35
Wainberg,62,0.1,0.1,"GoCoGrid-knapEB (grid path, all blocks)",adapt_800_to_775_q0.125,0.09665569461599627,0.09616307784066468,0.28713937715563376,0.09523978505288312,206,411.0,1897.0,588,0.783342119135477,0.09751473245186965,380.0,54
Wainberg,62,0.1,0.1,"GoCoGrid-learned (grid path, all blocks)",adapt_800_to_775_q0.3,0.020767807555319588,0.09407474382826582,0.2830139741465423,0.09229368946694684,207,423.0,1959.0,569,0.7840735068912711,0.09439415805774583,392.0,136
Wainberg,62,0.1,0.1,"GoCoGrid-learnedgb (grid path, all blocks)",adapt_800_to_775_q0.3,0.03833215391521555,0.09484101766188763,0.2836832199537326,0.0923998055216153,208,424.0,1941.0,571,0.7815558990211231,0.0943844426358838,393.0,125
Wainberg,62,0.1,0.1,"GoCoGrid-ens (grid path, all blocks)",adapt_800_to_775_q0.2,0.02560686253681086,0.0943118745677894,0.28401432650134595,0.09330506965914272,209,420.0,1952.0,578,0.7848360655737705,0.09566961389873138,387.0,84
Wainberg,62,0.1,0.5,"GoCoGrid-knap (grid path, all blocks)",adapt_800_to_775_q0.175,0.4448193646300091,0.09958447736093512,0.2915154555539144,0.098270351446948,209,416.0,1999.0,602,0.791895947973987,0.10063489568653666,383.0,89
Wainberg,62,0.1,0.5,"GoCoGrid-knapEB (grid path, all blocks)",adapt_800_to_775_q0.175,0.4865293684911284,0.09989868837487437,0.2920345810653106,0.09867370963794815,209,416.0,2007.0,604,0.7927254608868959,0.10104059898158879,383.0,89
Wainberg,62,0.1,0.5,"GoCoGrid-learned (grid path, all blocks)",adapt_800_to_775_q0.4,0.2381484481401382,0.09789426679335479,0.28780175828824756,0.09699604531011786,213,431.0,2064.0,591,0.7911821705426356,0.09947290336937278,396.0,176
Wainberg,62,0.1,0.5,"GoCoGrid-learnedgb (grid path, all blocks)",adapt_800_to_775_q0.35,0.2618543008406682,0.09811233862380733,0.28819374649698254,0.09446567620762847,210,427.0,1987.0,580,0.7851031706089582,0.09656170584220532,394.0,141
Wainberg,62,0.1,0.5,"GoCoGrid-ens (grid path, all blocks)",adapt_800_to_775_q0.275,0.4582738710071205,0.09968703592126726,0.2907620743161143,0.09747349515513258,212,423.0,2053.0,597,0.7939600584510472,0.09983803939472125,390.0,120
Wainberg,63,0.1,0.1,"GoCoGrid-knap (grid path, all blocks)",adapt_800_to_775_q0.15,0.06654439548649892,0.09560067557884165,0.2851295209624059,0.09331483952150711,171,318.0,1684.0,559,0.8111638954869359,0.09557503867546885,296.0,30
Wainberg,63,0.1,0.1,"GoCoGrid-knapEB (grid path, all blocks)",adapt_800_to_775_q0.15,0.09831754963541262,0.09620858009928601,0.28585418160372705,0.093527761326907,171,318.0,1696.0,560,0.8125,0.09578609819425314,296.0,34
Wainberg,63,0.1,0.1,"GoCoGrid-learned (grid path, all blocks)",adapt_800_to_775_q0.3,0.04125936046416137,0.09495159517118697,0.28305840456815695,0.09306180821208825,177,332.0,1828.0,553,0.8183807439824945,0.0952141127942634,310.0,127
Wainberg,63,0.1,0.1,"GoCoGrid-learnedgb (grid path, all blocks)",adapt_800_to_775_q0.275,0.09209160143880829,0.09611356764374572,0.28490070443551435,0.09418092618993991,178,333.0,1826.0,561,0.8176341730558598,0.09633323077211504,311.0,123
Wainberg,63,0.1,0.1,"GoCoGrid-ens (grid path, all blocks)",adapt_800_to_775_q0.275,0.09807549231343837,0.09621208215990662,0.28528132269546214,0.09509521328406577,176,329.0,1841.0,565,0.8212927756653993,0.09735355015141192,307.0,92
Wainberg,63,0.1,0.5,"GoCoGrid-knap (grid path, all blocks)",adapt_800_to_775_q0.2,0.337222512032648,0.09875195960389344,0.28923947786127974,0.09624724648027996,171,318.0,1782.0,572,0.8215488215488216,0.0985055833476261,296.0,58
Wainberg,63,0.1,0.5,"GoCoGrid-knapEB (grid path, all blocks)",adapt_800_to_775_q0.2,0.35602270051006457,0.09890270049582431,0.2894038363772881,0.09603618696149566,171,318.0,1763.0,571,0.8196256381168463,0.09829452382884181,296.0,55
Wainberg,63,0.1,0.5,"GoCoGrid-learned (grid path, all blocks)",adapt_800_to_775_q0.4,0.4494700425584472,0.09962276229787202,0.28916482043550823,0.09670258491740744,180,335.0,1899.0,572,0.8235913638757241,0.09903077243399952,312.0,161
Wainberg,63,0.1,0.5,"GoCoGrid-learnedgb (grid path, all blocks)",adapt_800_to_775_q0.35,0.4385953994965547,0.0995405362045336,0.28944773401043045,0.09602015914294024,178,333.0,1865.0,568,0.8214477211796246,0.09817246372511539,311.0,140
Wainberg,63,0.1,0.5,"GoCoGrid-ens (grid path, all blocks)",adapt_800_to_775_q0.3,0.16752215914618657,0.09716174977624091,0.2866207595921315,0.09551733232163437,176,329.0,1852.0,567,0.822354211663067,0.09777566918898052,307.0,96
Wainberg,64,0.1,0.1,"GoCoGrid-knap (grid path, all blocks)",adapt_800_to_775_q0.125,0.038832915322003975,0.09483652051439564,0.2848935142754747,0.09721955790826418,190,330.0,1821.0,579,0.8187808896210873,0.09941951835542955,299.0,45
Wainberg,64,0.1,0.1,"GoCoGrid-knapEB (grid path, all blocks)",adapt_800_to_775_q0.125,0.041475125879901015,0.09492269406008472,0.28507890630864396,0.09753614718644063,188,328.0,1826.0,580,0.8203723986856517,0.09973610763360599,297.0,44
Wainberg,64,0.1,0.1,"GoCoGrid-learned (grid path, all blocks)",adapt_800_to_775_q0.35,0.03303420040524853,0.09465840193300015,0.28292462764930953,0.09715505303487137,197,349.0,1986.0,575,0.824269889224572,0.09942184898447215,315.0,166
Wainberg,64,0.1,0.1,"GoCoGrid-learnedgb (grid path, all blocks)",adapt_800_to_775_q0.35,0.04971091200337797,0.09519030791811013,0.2841739723412132,0.09728872406175741,197,347.0,1973.0,578,0.8241256969082615,0.0995731083066869,313.0,152
Wainberg,64,0.1,0.1,"GoCoGrid-ens (grid path, all blocks)",adapt_800_to_775_q0.2,0.0384397795275575,0.09483521327988009,0.2842097276607763,0.09709299190473888,194,342.0,1928.0,577,0.8226141078838174,0.09917100684685061,310.0,92
Wainberg,64,0.1,0.5,"GoCoGrid-knap (grid path, all blocks)",adapt_800_to_775_q0.175,0.3938983464949651,0.09919658884873078,0.290564188195338,0.10122337501925373,193,333.0,1937.0,598,0.8280846670108415,0.10339988440388413,302.0,80
Wainberg,64,0.1,0.5,"GoCoGrid-knapEB (grid path, all blocks)",adapt_800_to_775_q0.175,0.3613144225682485,0.09894158550521122,0.2902865882872697,0.10101231550046944,193,333.0,1931.0,597,0.827550491973071,0.10318882488509984,302.0,78
Wainberg,64,0.1,0.5,"GoCoGrid-learned (grid path, all blocks)",adapt_800_to_775_q0.4,0.2980372488197239,0.09843069274232799,0.2882194698152714,0.10098930096364615,198,351.0,2046.0,593,0.8284457478005866,0.10346715643203122,316.0,189
Wainberg,64,0.1,0.5,"GoCoGrid-learnedgb (grid path, all blocks)",adapt_800_to_775_q0.4,0.10879460995044926,0.09637973729355546,0.2858414151925349,0.09897720021832186,199,349.0,2012.0,586,0.8265407554671969,0.10126158446325134,315.0,167
Wainberg,64,0.1,0.5,"GoCoGrid-ens (grid path, all blocks)",adapt_800_to_775_q0.25,0.42378333636130644,0.09942683880372151,0.29027149905838534,0.10197253986790543,197,345.0,2027.0,600,0.8297977306364085,0.10415608456940931,312.0,137
Wainberg,65,0.1,0.1,"GoCoGrid-knap (grid path, all blocks)",adapt_800_to_775_q0.1,0.0497686740111613,0.09516295449550964,0.2858876929177897,0.09382054402814127,194,361.0,1746.0,563,0.7932416953035509,0.09552896038521791,338.0,18
Wainberg,65,0.1,0.1,"GoCoGrid-knapEB (grid path, all blocks)",adapt_800_to_775_q0.1,0.03303033510262083,0.09461686135649719,0.2851167396964826,0.0931111495358474,193,359.0,1692.0,560,0.7878250591016549,0.09486646800541385,336.0,9
Wainberg,65,0.1,0.1,"GoCoGrid-learned (grid path, all blocks)",adapt_800_to_775_q0.3,0.042728557513607886,0.09497309791943664,0.28453892707150313,0.09453660989107085,207,388.0,1915.0,566,0.7973890339425588,0.09661018590841076,360.0,116
Wainberg,65,0.1,0.1,"GoCoGrid-learnedgb (grid path, all blocks)",adapt_800_to_775_q0.3,0.04209960563326245,0.09495563711705711,0.28437642741896496,0.09415670276103316,205,387.0,1911.0,562,0.7974882260596546,0.09595590140143745,360.0,112
Wainberg,65,0.1,0.1,"GoCoGrid-ens (grid path, all blocks)",adapt_800_to_775_q0.15,0.09843397443047797,0.09620021273799369,0.28663408086457703,0.09407592899452638,204,381.0,1880.0,565,0.7973404255319149,0.0958411107055997,356.0,63
Wainberg,65,0.1,0.5,"GoCoGrid-knap (grid path, all blocks)",adapt_800_to_775_q0.125,0.24921144978729926,0.09798708994016625,0.2894598114608901,0.09556722905802897,200,372.0,1850.0,572,0.798918918918919,0.09717715096629688,347.0,43
Wainberg,65,0.1,0.5,"GoCoGrid-knapEB (grid path, all blocks)",adapt_800_to_775_q0.1,0.03303033510262083,0.09461686135649719,0.2851167396964826,0.0931111495358474,193,359.0,1692.0,560,0.7878250591016549,0.09486646800541385,336.0,9
Wainberg,65,0.1,0.5,"GoCoGrid-learned (grid path, all blocks)",adapt_800_to_775_q0.4,0.48057019973618936,0.0998544229731676,0.29086952043494435,0.09945186782343672,211,395.0,2009.0,588,0.8033847685415629,0.1019827394627126,364.0,160
Wainberg,65,0.1,0.5,"GoCoGrid-learnedgb (grid path, all blocks)",adapt_800_to_775_q0.4,0.4886125341448535,0.09991471934503451,0.29081041608990393,0.10046972748900124,207,390.0,2036.0,590,0.8084479371316307,0.1023041027137729,362.0,156
Wainberg,65,0.1,0.5,"GoCoGrid-ens (grid path, all blocks)",adapt_800_to_775_q0.225,0.4188863130532486,0.0993883407135119,0.2908272829876698,0.0975082454681648,207,387.0,1980.0,581,0.8045454545454546,0.09949152200860582,358.0,99
Wainberg,66,0.1,0.1,"GoCoGrid-knap (grid path, all blocks)",adapt_800_to_775_q0.1,0.09327049277405064,0.09611634746818108,0.28622795948186414,0.09600880715969294,194,360.0,1920.0,580,0.8125,0.09826136497429223,331.0,48
Wainberg,66,0.1,0.1,"GoCoGrid-knapEB (grid path, all blocks)",adapt_800_to_775_q0.1,0.09327049277405064,0.09611634746818108,0.28622795948186414,0.09600880715969294,194,360.0,1920.0,580,0.8125,0.09826136497429223,331.0,48
Wainberg,66,0.1,0.1,"GoCoGrid-learned (grid path, all blocks)",adapt_800_to_775_q0.3,0.03539235614111711,0.09473995485297736,0.28340097206881865,0.09392749826369179,203,384.0,2017.0,569,0.8096182449181953,0.09660376642652582,352.0,139
Wainberg,66,0.1,0.1,"GoCoGrid-learnedgb (grid path, all blocks)",adapt_800_to_775_q0.3,0.061512386930974286,0.09549592043373094,0.28431549766647574,0.09504552744093098,202,384.0,2039.0,571,0.8116723884256989,0.09748142226781961,353.0,142
Wainberg,66,0.1,0.1,"GoCoGrid-ens (grid path, all blocks)",adapt_800_to_775_q0.175,0.06860274631867115,0.09564525308102209,0.2852319618921348,0.09439367179807201,201,376.0,2010.0,572,0.8129353233830846,0.0967810731829345,345.0,94
Wainberg,66,0.1,0.5,"GoCoGrid-knap (grid path, all blocks)",adapt_800_to_775_q0.2,0.4276503028917932,0.09945550701283473,0.290669413284434,0.10055395715809815,197,365.0,2047.0,600,0.8216902784562775,0.1028710053742259,335.0,87
Wainberg,66,0.1,0.5,"GoCoGrid-knapEB (grid path, all blocks)",adapt_800_to_775_q0.2,0.41309697425053854,0.09934471245633784,0.2905116821779325,0.10055395715809815,197,365.0,2047.0,600,0.8216902784562775,0.1028710053742259,335.0,87
Wainberg,66,0.1,0.5,"GoCoGrid-learned (grid path, all blocks)",adapt_800_to_775_q0.4,0.21014412100008695,0.09762375373257683,0.2870346100602351,0.09821669671192305,205,387.0,2108.0,587,0.8164136622390892,0.10079329787628115,353.0,175
Wainberg,66,0.1,0.5,"GoCoGrid-learnedgb (grid path, all blocks)",adapt_800_to_775_q0.4,0.41528617223771436,0.09936355486145827,0.2895665908019502,0.10157957837872487,204,386.0,2137.0,602,0.8193729527374825,0.10406823807901952,354.0,185
Wainberg,66,0.1,0.5,"GoCoGrid-ens (grid path, all blocks)",adapt_800_to_775_q0.275,0.3020350934787619,0.09846138604629187,0.2888478828638166,0.09878722744030306,202,380.0,2115.0,592,0.8203309692671394,0.10138568834394984,347.0,133
Wainberg,67,0.1,0.1,"GoCoGrid-knap (grid path, all blocks)",adapt_800_to_775_q0.175,0.03200811716531711,0.09458133842455281,0.28482022590338185,0.09833592960808336,190,362.0,1862.0,585,0.8055853920515574,0.10050464989188956,330.0,46
Wainberg,67,0.1,0.1,"GoCoGrid-knapEB (grid path, all blocks)",adapt_800_to_775_q0.175,0.030532539489148535,0.09452309762361093,0.2846604368197613,0.09786690845802495,190,362.0,1841.0,583,0.8033677349266702,0.10003562874183115,330.0,44
Wainberg,67,0.1,0.1,"GoCoGrid-learned (grid path, all blocks)",adapt_800_to_775_q0.35,0.02314381136302652,0.09420595384825253,0.28304935688491983,0.09761609633658797,198,380.0,1981.0,580,0.8081776880363453,0.10015458953926562,345.0,144
Wainberg,67,0.1,0.1,"GoCoGrid-learnedgb (grid path, all blocks)",adapt_800_to_775_q0.4,0.09334361824113557,0.0961271046544978,0.2855299199132465,0.09948355432186211,199,383.0,2034.0,589,0.811701081612586,0.10193787497865746,349.0,157
Wainberg,67,0.1,0.1,"GoCoGrid-ens (grid path, all blocks)",adapt_800_to_775_q0.225,0.07592773951407313,0.09579090992458714,0.2859400368405034,0.10068625855503731,199,382.0,2039.0,596,0.8126532614026484,0.10300741071072547,348.0,116
Wainberg,67,0.1,0.5,"GoCoGrid-knap (grid path, all blocks)",adapt_800_to_775_q0.225,0.32721069524909474,0.09866503860624176,0.2903263784599868,0.10357313706005308,194,369.0,2018.0,609,0.8171456888007929,0.10571840628132431,337.0,95
Wainberg,67,0.1,0.5,"GoCoGrid-knapEB (grid path, all blocks)",adapt_800_to_775_q0.175,0.030532539489148535,0.09452309762361093,0.2846604368197613,0.09786690845802495,190,362.0,1841.0,583,0.8033677349266702,0.10003562874183115,330.0,44
Wainberg,67,0.1,0.5,"GoCoGrid-learned (grid path, all blocks)",adapt_800_to_775_q0.4,0.12224012238740783,0.09657807114054612,0.28622344679951917,0.09988146850822746,199,383.0,2033.0,591,0.8116084604033448,0.10241996171090512,348.0,162
Wainberg,67,0.1,0.5,"GoCoGrid-learnedgb (grid path, all blocks)",adapt_800_to_775_q0.4,0.09334361824113557,0.0961271046544978,0.2855299199132465,0.09948355432186211,199,383.0,2034.0,589,0.811701081612586,0.10193787497865746,349.0,157
Wainberg,67,0.1,0.5,"GoCoGrid-ens (grid path, all blocks)",adapt_800_to_775_q0.3,0.49997753063111633,0.09999983142395116,0.2913738028366798,0.1036410918305976,200,383.0,2101.0,609,0.817705854355069,0.10603209462924162,348.0,148
Wainberg,68,0.1,0.1,"GoCoGrid-knap (grid path, all blocks)",adapt_800_to_775_q0.1,0.05903336964376332,0.09540968157655266,0.2859143703331025,0.09119736646023316,193,382.0,1806.0,553,0.7884828349944629,0.09309873179563645,356.0,20
Wainberg,68,0.1,0.1,"GoCoGrid-knapEB (grid path, all blocks)",adapt_800_to_775_q0.1,0.059127954069549626,0.09541068651891402,0.28599883861435244,0.09119736646023316,193,382.0,1806.0,553,0.7884828349944629,0.09309873179563645,356.0,20
Wainberg,68,0.1,0.1,"GoCoGrid-learned (grid path, all blocks)",adapt_800_to_775_q0.35,0.04652324615389963,0.0950954128251343,0.28428050088492784,0.09083602216398227,199,404.0,1995.0,548,0.7974937343358396,0.09322660619533732,372.0,139
Wainberg,68,0.1,0.1,"GoCoGrid-learnedgb (grid path, all blocks)",adapt_800_to_775_q0.275,0.057730394717814874,0.09539773205834325,0.2846235241854461,0.09023008644329239,202,406.0,1959.0,550,0.7927514037774375,0.09263147470341196,374.0,122
Wainberg,68,0.1,0.1,"GoCoGrid-ens (grid path, all blocks)",adapt_800_to_775_q0.15,0.031732874963228574,0.09457997815545707,0.28430108623520284,0.08958036098401222,196,390.0,1873.0,546,0.791777896422851,0.09156129239366849,362.0,48
Wainberg,68,0.1,0.5,"GoCoGrid-knap (grid path, all blocks)",adapt_800_to_775_q0.15,0.22992282236290162,0.09780510090282853,0.2890987315428108,0.09308593799452482,193,383.0,1865.0,562,0.7946380697050939,0.09500237900265263,356.0,34
Wainberg,68,0.1,0.5,"GoCoGrid-knapEB (grid path, all blocks)",adapt_800_to_775_q0.15,0.2817153812119395,0.09827993471099566,0.28982645163555754,0.09334855002094392,193,382.0,1877.0,563,0.7964837506659563,0.0952499153563472,356.0,35
Wainberg,68,0.1,0.5,"GoCoGrid-learned (grid path, all blocks)",adapt_800_to_775_q0.4,0.2066121217618096,0.09758690853523683,0.28709941986893245,0.09234685656162897,199,404.0,2025.0,554,0.8004938271604938,0.09459673424293442,372.0,155
Wainberg,68,0.1,0.5,"GoCoGrid-learnedgb (grid path, all blocks)",adapt_800_to_775_q0.4,0.312236868504164,0.09854809108245369,0.28873840043609567,0.09439248167396648,204,409.0,2052.0,569,0.800682261208577,0.09679386993408606,377.0,155
Wainberg,68,0.1,0.5,"GoCoGrid-ens (grid path, all blocks)",adapt_800_to_775_q0.2,0.26965891280548593,0.09817736766626277,0.2890519216001314,0.09321021159372535,197,394.0,2003.0,561,0.8032950574138792,0.0951559664127242,366.0,93
Wainberg,69,0.1,0.1,"GoCoGrid-knap (grid path, all blocks)",adapt_800_to_775_q0.225,0.08950543549384093,0.09605387088441643,0.28587086643166004,0.106322249179842,196,342.0,2053.0,630,0.8334145153433999,0.10826006032284326,315.0,103
Wainberg,69,0.1,0.1,"GoCoGrid-knapEB (grid path, all blocks)",adapt_800_to_775_q0.225,0.07281682936381827,0.09573379772819143,0.2854141509969976,0.10629812809341867,196,342.0,2051.0,630,0.833252072159922,0.10823593923641993,315.0,101
Wainberg,69,0.1,0.1,"GoCoGrid-learned (grid path, all blocks)",adapt_800_to_775_q0.4,0.06333130999405824,0.09554536613127948,0.2839199191708179,0.10183091477069134,199,346.0,2038.0,603,0.830225711481845,0.10431957450558134,315.0,175
Wainberg,69,0.1,0.1,"GoCoGrid-learnedgb (grid path, all blocks)",adapt_800_to_775_q0.4,0.009314090909716478,0.09321491194951254,0.28073039989664356,0.10072050720088438,198,346.0,2033.0,596,0.8298081652729956,0.10281049896074076,316.0,159
Wainberg,69,0.1,0.1,"GoCoGrid-ens (grid path, all blocks)",adapt_800_to_775_q0.3,0.007722829106438421,0.09300235139300983,0.2812917116162744,0.1017240449666675,200,347.0,2050.0,606,0.8307317073170731,0.10390574710876845,317.0,126
Wainberg,69,0.1,0.5,"GoCoGrid-knap (grid path, all blocks)",adapt_800_to_775_q0.275,0.3458859774688785,0.0988208036926762,0.2895552528284604,0.10916803502813831,197,343.0,2105.0,642,0.8370546318289787,0.11110584617113957,316.0,127
Wainberg,69,0.1,0.5,"GoCoGrid-knapEB (grid path, all blocks)",adapt_800_to_775_q0.25,0.4828710719170729,0.09987159332318862,0.29105122059601823,0.1099770965251982,196,343.0,2107.0,645,0.8372093023255814,0.11198526084322424,315.0,128
Wainberg,69,0.1,0.5,"GoCoGrid-learned (grid path, all blocks)",adapt_800_to_775_q0.4,0.06333130999405824,0.09554536613127948,0.2839199191708179,0.10183091477069134,199,346.0,2038.0,603,0.830225711481845,0.10431957450558134,315.0,175
Wainberg,69,0.1,0.5,"GoCoGrid-learnedgb (grid path, all blocks)",adapt_800_to_775_q0.4,0.009314090909716478,0.09321491194951254,0.28073039989664356,0.10072050720088438,198,346.0,2033.0,596,0.8298081652729956,0.10281049896074076,316.0,159
Wainberg,69,0.1,0.5,"GoCoGrid-ens (grid path, all blocks)",adapt_800_to_775_q0.35,0.18652614127160838,0.0973728323150715,0.2871159955398152,0.10502034238291572,201,348.0,2113.0,621,0.8353052531945102,0.10720204452501665,318.0,152
Wainberg,70,0.1,0.1,"GoCoGrid-knap (grid path, all blocks)",adapt_800_to_775_q0.075,0.06614109402482413,0.09557810560744612,0.2859962159991561,0.08981696462809863,179,329.0,1619.0,545,0.7967881408276714,0.09144739939686919,303.0,14
Wainberg,70,0.1,0.1,"GoCoGrid-knapEB (grid path, all blocks)",adapt_800_to_775_q0.075,0.04449172731408194,0.0950157502008677,0.2852896016227789,0.0889328597573451,177,326.0,1538.0,541,0.788036410923277,0.09056329452611565,300.0,4
Wainberg,70,0.1,0.1,"GoCoGrid-learned (grid path, all blocks)",adapt_800_to_775_q0.3,0.09759561093179137,0.0961947883481754,0.2859690693698205,0.09075432167922762,187,347.0,1807.0,545,0.8079690094078583,0.09271424380396429,316.0,113
Wainberg,70,0.1,0.1,"GoCoGrid-learnedgb (grid path, all blocks)",adapt_800_to_775_q0.225,0.07988829233331973,0.09587680881060137,0.2855210677605721,0.09044955692219804,183,343.0,1769.0,541,0.8061051441492368,0.09229691397695916,314.0,95
Wainberg,70,0.1,0.1,"GoCoGrid-ens (grid path, all blocks)",adapt_800_to_775_q0.175,0.07317373818586646,0.09573538051154576,0.2858138565937715,0.0900735024656863,186,345.0,1761.0,545,0.8040885860306644,0.09175201189661389,317.0,58
Wainberg,70,0.1,0.5,"GoCoGrid-knap (grid path, all blocks)",adapt_800_to_775_q0.1,0.4178458493019379,0.09937988797046847,0.29105920253197504,0.09247221064283255,182,339.0,1749.0,557,0.8061749571183533,0.09409795520035412,312.0,42
Wainberg,70,0.1,0.5,"GoCoGrid-knapEB (grid path, all blocks)",adapt_800_to_775_q0.125,0.44455714935880253,0.09958288570166489,0.2912391721514157,0.09247221063654248,182,340.0,1759.0,557,0.8067083570210347,0.09409795519406405,313.0,47
Wainberg,70,0.1,0.5,"GoCoGrid-learned (grid path, all blocks)",adapt_800_to_775_q0.4,0.31224601050653467,0.0985477280441286,0.28882583873879314,0.09260310255283542,188,351.0,1866.0,551,0.8118971061093248,0.09459820126193945,319.0,140
Wainberg,70,0.1,0.5,"GoCoGrid-learnedgb (grid path, all blocks)",adapt_800_to_775_q0.3,0.2223175992920568,0.09774122241335327,0.28766977265506616,0.0918654145168926,186,347.0,1839.0,548,0.811310494834149,0.09371277157165371,318.0,121
Wainberg,70,0.1,0.5,"GoCoGrid-ens (grid path, all blocks)",adapt_800_to_775_q0.225,0.4087076841902175,0.09931138226320387,0.29036555915773754,0.09239430440634602,188,348.0,1868.0,555,0.8137044967880086,0.09417834359666576,319.0,94
Wainberg,71,0.1,0.1,"GoCoGrid-knap (grid path, all blocks)",adapt_800_to_775_q0.175,0.05424007339586525,0.09529915365917314,0.28511473682412874,0.09999925164531785,177,334.0,1862.0,585,0.8206229860365198,0.10165003857604056,310.0,46
Wainberg,71,0.1,0.1,"GoCoGrid-knapEB (grid path, all blocks)",adapt_800_to_775_q0.175,0.04967266223783557,0.09517632627271456,0.28493560584492816,0.10002035760222834,178,335.0,1859.0,586,0.8197955890263583,0.10167114453295104,311.0,47
Wainberg,71,0.1,0.1,"GoCoGrid-learned (grid path, all blocks)",adapt_800_to_775_q0.4,0.03522317785112793,0.09474579723868501,0.28274603248267277,0.09882630278863903,181,351.0,1960.0,577,0.8209183673469388,0.10078178595243602,324.0,127
Wainberg,71,0.1,0.1,"GoCoGrid-learnedgb (grid path, all blocks)",adapt_800_to_775_q0.35,0.03583847215830196,0.09476304871567798,0.2830483176203779,0.09985900212058844,191,362.0,1968.0,591,0.8160569105691057,0.10159287278714589,336.0,137
Wainberg,71,0.1,0.1,"GoCoGrid-ens (grid path, all blocks)",adapt_800_to_775_q0.225,0.018813729506973395,0.09396742990676192,0.2824920953383902,0.09969781415278321,181,348.0,1969.0,585,0.8232605383443372,0.10136367675623043,323.0,91
Wainberg,71,0.1,0.5,"GoCoGrid-knap (grid path, all blocks)",adapt_800_to_775_q0.2,0.26747384034353605,0.09815855074500539,0.28891736394845663,0.10283448451515892,180,338.0,1949.0,600,0.8265777321703438,0.10448527144588163,314.0,73
Wainberg,71,0.1,0.5,"GoCoGrid-knapEB (grid path, all blocks)",adapt_800_to_775_q0.2,0.31899676160399637,0.09860100170250141,0.28945924669603046,0.10316121561547884,182,341.0,1952.0,602,0.8253073770491803,0.10482707821892605,316.0,76
Wainberg,71,0.1,0.5,"GoCoGrid-learned (grid path, all blocks)",adapt_800_to_775_q0.4,0.03522317785112793,0.09474579723868501,0.28274603248267277,0.09882630278863903,181,351.0,1960.0,577,0.8209183673469388,0.10078178595243602,324.0,127
Wainberg,71,0.1,0.5,"GoCoGrid-learnedgb (grid path, all blocks)",adapt_800_to_775_q0.4,0.42399501819447355,0.0994302379493159,0.2893636368866055,0.1048872286556843,194,365.0,2069.0,614,0.8235862735621073,0.10667386420193781,338.0,172
Wainberg,71,0.1,0.5,"GoCoGrid-ens (grid path, all blocks)",adapt_800_to_775_q0.275,0.2421113394903736,0.09793166412690954,0.2878405373129494,0.10258517232234088,183,351.0,2029.0,599,0.827008378511582,0.1042510349257881,326.0,116
Wainberg,72,0.1,0.1,"GoCoGrid-knap (grid path, all blocks)",adapt_800_to_775_q0.15,0.08333265695312542,0.0959327777253496,0.2862935912713774,0.09695856417216747,188,368.0,1862.0,579,0.8023630504833512,0.09881863889939778,337.0,49
Wainberg,72,0.1,0.1,"GoCoGrid-knapEB (grid path, all blocks)",adapt_800_to_775_q0.15,0.08239754950637984,0.0959151912859136,0.28626364912913,0.09676861061029365,188,369.0,1863.0,578,0.8019323671497585,0.09862868533752396,338.0,52
Wainberg,72,0.1,0.1,"GoCoGrid-learned (grid path, all blocks)",adapt_800_to_775_q0.4,0.041698929564531334,0.0949506777631239,0.2839197594483322,0.09377293127053093,194,385.0,1946.0,563,0.802158273381295,0.09608956071307963,350.0,132
Wainberg,72,0.1,0.1,"GoCoGrid-learnedgb (grid path, all blocks)",adapt_800_to_775_q0.4,0.05857523707503904,0.09542459038801557,0.2842751181404454,0.0947830018211186,194,383.0,1970.0,566,0.8055837563451776,0.09681821857614827,349.0,140
Wainberg,72,0.1,0.1,"GoCoGrid-ens (grid path, all blocks)",adapt_800_to_775_q0.225,0.0429503506673155,0.09497878202217043,0.2846200978024654,0.09450706651488554,190,376.0,1914.0,566,0.8035527690700105,0.09637635414763411,344.0,73
Wainberg,72,0.1,0.5,"GoCoGrid-knap (grid path, all blocks)",adapt_800_to_775_q0.2,0.3407608108057177,0.09877667213805154,0.29019107380313763,0.09922804027707731,190,371.0,1948.0,590,0.8095482546201233,0.10108225223710135,340.0,73
Wainberg,72,0.1,0.5,"GoCoGrid-knapEB (grid path, all blocks)",adapt_800_to_775_q0.2,0.4179546167517385,0.09938131061075885,0.29078199999353943,0.0995793949895994,189,373.0,1970.0,590,0.8106598984771574,0.10144868262234796,341.0,84
Wainberg,72,0.1,0.5,"GoCoGrid-learned (grid path, all blocks)",adapt_800_to_775_q0.4,0.041698929564531334,0.0949506777631239,0.2839197594483322,0.09377293127053093,194,385.0,1946.0,563,0.802158273381295,0.09608956071307963,350.0,132
Wainberg,72,0.1,0.5,"GoCoGrid-learnedgb (grid path, all blocks)",adapt_800_to_775_q0.4,0.05857523707503904,0.09542459038801557,0.2842751181404454,0.0947830018211186,194,383.0,1970.0,566,0.8055837563451776,0.09681821857614827,349.0,140
Wainberg,72,0.1,0.5,"GoCoGrid-ens (grid path, all blocks)",adapt_800_to_775_q0.3,0.31966689615616023,0.0986081963564017,0.2891231618993548,0.09936756762385418,194,380.0,2052.0,589,0.8148148148148148,0.10141273819101969,346.0,126
Wainberg,73,0.1,0.1,"GoCoGrid-knap (grid path, all blocks)",adapt_800_to_775_q0.175,0.05863706174855893,0.09541291051053971,0.28509699293455304,0.09561417645897831,189,348.0,1753.0,584,0.8014831717056474,0.09708363645536681,328.0,40
Wainberg,73,0.1,0.1,"GoCoGrid-knapEB (grid path, all blocks)",adapt_800_to_775_q0.15,0.09138491503709956,0.09608390073921781,0.2861509843110109,0.09608906037624299,187,346.0,1755.0,585,0.8028490028490028,0.09755852037263148,326.0,38
Wainberg,73,0.1,0.1,"GoCoGrid-learned (grid path, all blocks)",adapt_800_to_775_q0.4,0.01236988418175936,0.09351196476140707,0.2812851394225843,0.09702521439291042,200,368.0,1910.0,586,0.8073298429319372,0.09876947052094341,343.0,154
Wainberg,73,0.1,0.1,"GoCoGrid-learnedgb (grid path, all blocks)",adapt_800_to_775_q0.4,0.018687023677394336,0.09396142385592626,0.28239783027727144,0.09745612756870828,202,372.0,1894.0,592,0.8035902851108765,0.0992355602873987,347.0,147
Wainberg,73,0.1,0.1,"GoCoGrid-ens (grid path, all blocks)",adapt_800_to_775_q0.275,0.08152764558994408,0.09590987484500015,0.28545559367720563,0.09737765028877769,199,363.0,1906.0,591,0.8095487932843651,0.09900305981233987,340.0,107
Wainberg,73,0.1,0.5,"GoCoGrid-knap (grid path, all blocks)",adapt_800_to_775_q0.3,0.4486072474586275,0.09961422420373833,0.2907180856629512,0.1000738823625195,194,357.0,1894.0,605,0.8115100316789863,0.10163128382926151,335.0,87
Wainberg,73,0.1,0.5,"GoCoGrid-knapEB (grid path, all blocks)",adapt_800_to_775_q0.3,0.44466516691779256,0.09958432726676018,0.29080287367306207,0.10096235766396738,190,351.0,1897.0,606,0.8149710068529257,0.10251975913070938,329.0,83
Wainberg,73,0.1,0.5,"GoCoGrid-learned (grid path, all blocks)",adapt_800_to_775_q0.5,0.4400271810974159,0.09955114734862139,0.2895670395651578,0.10066599109193956,202,370.0,1974.0,604,0.8125633232016211,0.10246301209966861,344.0,180
Wainberg,73,0.1,0.5,"GoCoGrid-learnedgb (grid path, all blocks)",adapt_800_to_775_q0.4,0.018687023677394336,0.09396142385592626,0.28239783027727144,0.09745612756870828,202,372.0,1894.0,592,0.8035902851108765,0.0992355602873987,347.0,147
Wainberg,73,0.1,0.5,"GoCoGrid-ens (grid path, all blocks)",adapt_800_to_775_q0.3,0.11270525448455293,0.09643746796518586,0.2860857542888422,0.09779976932634629,199,363.0,1914.0,593,0.8103448275862069,0.09942517884990847,340.0,112
Wainberg,74,0.1,0.1,"GoCoGrid-knap (grid path, all blocks)",adapt_800_to_775_q0.075,0.08564022858334264,0.09597623427168055,0.2863188628852203,0.08663977799742924,180,345.0,1542.0,532,0.7762645914396887,0.08877901696124726,320.0,3
Wainberg,74,0.1,0.1,"GoCoGrid-knapEB (grid path, all blocks)",adapt_800_to_775_q0.02,0.08499899820459905,0.09596450998081969,0.2862932177432989,0.08663977799742924,180,345.0,1542.0,532,0.7762645914396887,0.08877901696124726,320.0,3
Wainberg,74,0.1,0.1,"GoCoGrid-learned (grid path, all blocks)",adapt_800_to_775_q0.3,0.08577165943560955,0.0959902242025746,0.28549855158714993,0.08669160633537024,189,360.0,1707.0,532,0.789103690685413,0.08909701481115571,334.0,76
Wainberg,74,0.1,0.1,"GoCoGrid-learnedgb (grid path, all blocks)",adapt_800_to_775_q0.225,0.09066223968399711,0.09607871095345746,0.28558423281419004,0.08683257917655375,187,359.0,1638.0,532,0.7808302808302808,0.08924971318046168,333.0,58
Wainberg,74,0.1,0.1,"GoCoGrid-ens (grid path, all blocks)",adapt_800_to_775_q0.175,0.08397378020150498,0.09595142239959252,0.2858430111178555,0.08636161648350307,185,355.0,1642.0,532,0.7838002436053593,0.08868260114265424,330.0,31
Wainberg,74,0.1,0.5,"GoCoGrid-knap (grid path, all blocks)",adapt_800_to_775_q0.15,0.4852276543988421,0.09988915862080618,0.2913390405540258,0.09001118732076147,183,353.0,1700.0,547,0.7923529411764706,0.09197454335645262,328.0,38
Wainberg,74,0.1,0.5,"GoCoGrid-knapEB (grid path, all blocks)",adapt_800_to_775_q0.15,0.29826639685299894,0.09842559017875445,0.2895175972670644,0.08927775548795398,181,348.0,1664.0,543,0.7908653846153846,0.09124111152364514,323.0,27
Wainberg,74,0.1,0.5,"GoCoGrid-learned (grid path, all blocks)",adapt_800_to_775_q0.4,0.13648104703129582,0.0967795202579128,0.2859827279467804,0.08754941252162055,189,362.0,1759.0,532,0.7942012507106311,0.08991587548856747,336.0,105
Wainberg,74,0.1,0.5,"GoCoGrid-learnedgb (grid path, all blocks)",adapt_800_to_775_q0.4,0.2361731753207022,0.09788005439537266,0.2871657760014948,0.08914333066768211,190,365.0,1806.0,538,0.7978959025470653,0.09118524775280133,339.0,124
Wainberg,74,0.1,0.5,"GoCoGrid-ens (grid path, all blocks)",adapt_800_to_775_q0.275,0.4941293389511029,0.09995603075073504,0.2908652743083332,0.08989443455588068,189,361.0,1799.0,545,0.7993329627570873,0.09191055546497785,335.0,80
Wainberg,75,0.1,0.1,"GoCoGrid-knap (grid path, all blocks)",adapt_800_to_775_q0.2,0.07096767634474066,0.09568372679587543,0.28611086206558256,0.09750155390013417,195,352.0,1848.0,586,0.8095238095238095,0.09962247810241993,317.0,54
Wainberg,75,0.1,0.1,"GoCoGrid-knapEB (grid path, all blocks)",adapt_800_to_775_q0.1,0.08804606540319188,0.09601422620197635,0.2868051623044372,0.0979570907070044,194,348.0,1842.0,588,0.8110749185667753,0.1000817838274713,313.0,45
Wainberg,75,0.1,0.1,"GoCoGrid-learned (grid path, all blocks)",adapt_800_to_775_q0.3,0.03225667861636084,0.09460975950505394,0.2838552947945108,0.09438762338277709,198,361.0,1874.0,569,0.8073639274279616,0.0967244451064357,326.0,123
Wainberg,75,0.1,0.1,"GoCoGrid-learnedgb (grid path, all blocks)",adapt_800_to_775_q0.3,0.05724222305166556,0.09538114957854983,0.2848820529056612,0.09379506541385385,202,368.0,1863.0,569,0.8024691358024691,0.09599997494456233,332.0,114
Wainberg,75,0.1,0.1,"GoCoGrid-ens (grid path, all blocks)",adapt_800_to_775_q0.25,0.07844624201388868,0.09584232829247798,0.2859202436945786,0.09637426297817617,196,360.0,1914.0,578,0.8119122257053292,0.09848746212664009,325.0,89
Wainberg,75,0.1,0.5,"GoCoGrid-knap (grid path, all blocks)",adapt_800_to_775_q0.225,0.48425219183508084,0.09988165507166775,0.2917844940958685,0.10025891546535814,195,353.0,1928.0,597,0.816908713692946,0.10237211461382206,318.0,80
Wainberg,75,0.1,0.5,"GoCoGrid-knapEB (grid path, all blocks)",adapt_800_to_775_q0.175,0.193700746704226,0.09743646651166796,0.2887288257270818,0.09922344781971018,194,348.0,1869.0,594,0.8138041733547352,0.10134814094017708,313.0,52
Wainberg,75,0.1,0.5,"GoCoGrid-learned (grid path, all blocks)",adapt_800_to_775_q0.4,0.4158029257312018,0.09936684893161747,0.2898630109586298,0.09924550996381756,199,368.0,1984.0,587,0.8145161290322581,0.10167529838416786,331.0,172
Wainberg,75,0.1,0.5,"GoCoGrid-learnedgb (grid path, all blocks)",adapt_800_to_775_q0.4,0.47467670888562974,0.09981037757467642,0.29061839339445433,0.09870203172433421,204,372.0,1952.0,590,0.8094262295081968,0.101118000773827,335.0,160
Wainberg,75,0.1,0.5,"GoCoGrid-ens (grid path, all blocks)",adapt_800_to_775_q0.3,0.1879421307696872,0.0973816590494303,0.28785286989215597,0.0990828601317146,197,362.0,1975.0,591,0.8167088607594937,0.10130158903957068,326.0,107
Wainberg,76,0.1,0.1,"GoCoGrid-knap (grid path, all blocks)",adapt_800_to_775_q0.2,0.04992714498500708,0.0951712474610605,0.2856646835154886,0.10168963569775066,201,377.0,1982.0,610,0.8097880928355197,0.10413892584455421,339.0,69
Wainberg,76,0.1,0.1,"GoCoGrid-knapEB (grid path, all blocks)",adapt_800_to_775_q0.2,0.04266427748144129,0.0949545574322511,0.28547094163429143,0.10129389910632017,200,375.0,1971.0,608,0.8097412480974124,0.10364142841191269,338.0,63
Wainberg,76,0.1,0.1,"GoCoGrid-learned (grid path, all blocks)",adapt_800_to_775_q0.35,0.0023150013998738143,0.0918641123192288,0.2796995908563481,0.09873274373147697,205,388.0,2012.0,593,0.8071570576540755,0.10158188729132213,347.0,130
Wainberg,76,0.1,0.1,"GoCoGrid-learnedgb (grid path, all blocks)",adapt_800_to_775_q0.35,0.046451542587071605,0.095099263104681,0.28393274519151535,0.10034068684542215,206,387.0,2033.0,601,0.809640924741761,0.10308806956405628,347.0,139
Wainberg,76,0.1,0.1,"GoCoGrid-ens (grid path, all blocks)",adapt_800_to_775_q0.275,0.04985887630504889,0.09518561956499326,0.2846997256612802,0.10053552681821568,205,385.0,2049.0,604,0.8121034651049293,0.10314662924681901,345.0,102
Wainberg,76,0.1,0.5,"GoCoGrid-knap (grid path, all blocks)",adapt_800_to_775_q0.25,0.3114862769400134,0.0985352763251827,0.29002958328518147,0.10490042051404978,201,377.0,2062.0,624,0.8171677982541222,0.10733798512644081,339.0,95
Wainberg,76,0.1,0.5,"GoCoGrid-knapEB (grid path, all blocks)",adapt_800_to_775_q0.275,0.34557164978369426,0.09881490067636538,0.29038037069989486,0.10532253955161838,201,377.0,2072.0,626,0.818050193050193,0.10776010416400941,339.0,98
Wainberg,76,0.1,0.5,"GoCoGrid-learned (grid path, all blocks)",adapt_800_to_775_q0.4,0.16807944913876677,0.09716880992109972,0.28656795363377696,0.10362555565286559,206,389.0,2097.0,614,0.8144969003338102,0.10630585159516727,348.0,169
Wainberg,76,0.1,0.5,"GoCoGrid-learnedgb (grid path, all blocks)",adapt_800_to_775_q0.4,0.3928672291305244,0.09919162708124028,0.2894755144320367,0.10369804076325194,208,391.0,2091.0,617,0.8130081300813008,0.10638210562373476,350.0,162
Wainberg,76,0.1,0.5,"GoCoGrid-ens (grid path, all blocks)",adapt_800_to_775_q0.3,0.16339388949959066,0.09710781717270225,0.28712252842493274,0.10169784650804121,205,386.0,2079.0,609,0.8143338143338144,0.10437930211166935,345.0,118
Wainberg,77,0.1,0.1,"GoCoGrid-knap (grid path, all blocks)",adapt_800_to_775_q0.125,0.030844768026849243,0.09454361339045361,0.284277623039077,0.09250187132084556,180,348.0,1691.0,554,0.7942046126552336,0.0948854200620599,317.0,26
Wainberg,77,0.1,0.1,"GoCoGrid-knapEB (grid path, all blocks)",adapt_800_to_775_q0.125,0.030844768026849243,0.09454361339045361,0.284277623039077,0.0923963415614534,180,347.0,1688.0,554,0.794431279620853,0.09477989030266774,316.0,25
Wainberg,77,0.1,0.1,"GoCoGrid-learned (grid path, all blocks)",adapt_800_to_775_q0.4,0.06799044393390084,0.09563798865802028,0.28481712741479764,0.092901019002879,187,368.0,1846.0,552,0.800650054171181,0.09567971805282764,330.0,122
Wainberg,77,0.1,0.1,"GoCoGrid-learnedgb (grid path, all blocks)",adapt_800_to_775_q0.35,0.06697397712182628,0.09561983144451851,0.2845166085209547,0.09311911383539175,190,369.0,1842.0,555,0.7996742671009772,0.09575710654158087,333.0,118
Wainberg,77,0.1,0.1,"GoCoGrid-ens (grid path, all blocks)",adapt_800_to_775_q0.225,0.08587034357545043,0.0959900783733991,0.2856404737013724,0.09360781711722387,189,369.0,1878.0,560,0.8035143769968051,0.09633375128747643,334.0,96
Wainberg,77,0.1,0.5,"GoCoGrid-knap (grid path, all blocks)",adapt_800_to_775_q0.225,0.49143322922077975,0.09993576544824502,0.29118143113646805,0.09803020691679167,189,362.0,1901.0,581,0.8095739084692267,0.10076083130301076,327.0,91
Wainberg,77,0.1,0.5,"GoCoGrid-knapEB (grid path, all blocks)",adapt_800_to_775_q0.2,0.43379741417572004,0.09950238538433684,0.29057325100311554,0.09790357120048904,187,359.0,1890.0,579,0.81005291005291,0.10063419558670814,324.0,86
Wainberg,77,0.1,0.5,"GoCoGrid-learned (grid path, all blocks)",adapt_800_to_775_q0.4,0.06799044393390084,0.09563798865802028,0.28481712741479764,0.092901019002879,187,368.0,1846.0,552,0.800650054171181,0.09567971805282764,330.0,122
Wainberg,77,0.1,0.5,"GoCoGrid-learnedgb (grid path, all blocks)",adapt_800_to_775_q0.4,0.2765965089887259,0.09824488489445697,0.28813720304149376,0.09512417927013263,191,374.0,1887.0,564,0.8018018018018018,0.09783252515134655,337.0,135
Wainberg,77,0.1,0.5,"GoCoGrid-ens (grid path, all blocks)",adapt_800_to_775_q0.25,0.2527322568416823,0.09802834646692002,0.2882347287655488,0.09541237600534563,190,370.0,1922.0,568,0.8074921956295525,0.0981383101755982,335.0,112
Wainberg,78,0.1,0.1,"GoCoGrid-knap (grid path, all blocks)",adapt_800_to_775_q0.175,0.06578525486376549,0.09557530601464005,0.2856507198700403,0.0953241168333036,191,348.0,1768.0,575,0.8031674208144797,0.09651943784617532,328.0,50
Wainberg,78,0.1,0.1,"GoCoGrid-knapEB (grid path, all blocks)",adapt_800_to_775_q0.175,0.05604049900596806,0.0953428719357447,0.28533475073122794,0.09481757398696326,190,346.0,1726.0,573,0.7995365005793743,0.09602696563987201,326.0,43
Wainberg,78,0.1,0.1,"GoCoGrid-learned (grid path, all blocks)",adapt_800_to_775_q0.4,0.04406069102371486,0.09503206548100096,0.28358753661787267,0.09548049274188851,195,365.0,1916.0,568,0.8094989561586639,0.0970514623165986,340.0,165
Wainberg,78,0.1,0.1,"GoCoGrid-learnedgb (grid path, all blocks)",adapt_800_to_775_q0.3,0.0319125345130599,0.09461012422107651,0.28310339218684294,0.09574909111325275,194,365.0,1911.0,570,0.8090005232862376,0.09726729581455683,341.0,148
Wainberg,78,0.1,0.1,"GoCoGrid-ens (grid path, all blocks)",adapt_800_to_775_q0.25,0.05273459486409547,0.09526127536261372,0.28495573364916715,0.09495708320577621,195,360.0,1869.0,571,0.8073836276083467,0.09626965949358242,338.0,94
Wainberg,78,0.1,0.5,"GoCoGrid-knap (grid path, all blocks)",adapt_800_to_775_q0.2,0.32529582954413666,0.09865142514311438,0.289847420570309,0.09715916210712386,193,351.0,1815.0,583,0.8066115702479338,0.09840138522619535,330.0,66
Wainberg,78,0.1,0.5,"GoCoGrid-knapEB (grid path, all blocks)",adapt_800_to_775_q0.225,0.4948854563312533,0.09996161472700538,0.29146831582589766,0.09752851626499638,193,351.0,1839.0,584,0.8091353996737357,0.09877073938406787,330.0,74
Wainberg,78,0.1,0.5,"GoCoGrid-learned (grid path, all blocks)",adapt_800_to_775_q0.4,0.04406069102371486,0.09503206548100096,0.28358753661787267,0.09548049274188851,195,365.0,1916.0,568,0.8094989561586639,0.0970514623165986,340.0,165
Wainberg,78,0.1,0.5,"GoCoGrid-learnedgb (grid path, all blocks)",adapt_800_to_775_q0.4,0.3717029318404995,0.09902783728160347,0.2891124318618194,0.09947780928263537,196,368.0,1972.0,589,0.8133874239350912,0.10106636715267418,343.0,169
Wainberg,78,0.1,0.5,"GoCoGrid-ens (grid path, all blocks)",adapt_800_to_775_q0.3,0.4917913932452048,0.09993851400571394,0.29088518839923505,0.09879060955100948,196,365.0,1966.0,588,0.8143438453713123,0.10038293633922941,340.0,142
Wainberg,79,0.1,0.1,"GoCoGrid-knap (grid path, all blocks)",adapt_800_to_775_q0.15,0.05456499036763279,0.09530888109380363,0.2850479674866884,0.09595597774079702,180,316.0,1811.0,570,0.8255107675317505,0.09750703365906425,291.0,44
Wainberg,79,0.1,0.1,"GoCoGrid-knapEB (grid path, all blocks)",adapt_800_to_775_q0.15,0.07171768440288893,0.09570926565657666,0.2854881014148488,0.09599115431887432,180,316.0,1812.0,570,0.82560706401766,0.09754221023714155,291.0,45
Wainberg,79,0.1,0.1,"GoCoGrid-learned (grid path, all blocks)",adapt_800_to_775_q0.4,0.07110974252642362,0.09571535833446464,0.2842165771043049,0.09440262958489173,188,333.0,1901.0,561,0.8248290373487638,0.0967219392047647,300.0,131
Wainberg,79,0.1,0.1,"GoCoGrid-learnedgb (grid path, all blocks)",adapt_800_to_775_q0.35,0.010810233488579195,0.0933567393982701,0.2815537781486579,0.09360730371592467,189,336.0,1876.0,559,0.8208955223880597,0.09582108357640548,304.0,122
Wainberg,79,0.1,0.1,"GoCoGrid-ens (grid path, all blocks)",adapt_800_to_775_q0.3,0.09766844964777521,0.0961983565976565,0.28579409716403703,0.09627770916816301,187,327.0,1904.0,571,0.8282563025210085,0.09810831549362374,299.0,88
Wainberg,79,0.1,0.5,"GoCoGrid-knap (grid path, all blocks)",adapt_800_to_775_q0.225,0.3921207043605375,0.09918382798847399,0.2901950910470417,0.09955829893953944,180,317.0,1896.0,586,0.8328059071729957,0.10110749257119107,292.0,70
Wainberg,79,0.1,0.5,"GoCoGrid-knapEB (grid path, all blocks)",adapt_800_to_775_q0.2,0.28701320118632423,0.09833115224261771,0.2890108906377832,0.09909559152910306,180,317.0,1877.0,584,0.8311134789557805,0.10064478516075469,292.0,66
Wainberg,79,0.1,0.5,"GoCoGrid-learned (grid path, all blocks)",adapt_800_to_775_q0.4,0.07110974252642362,0.09571535833446464,0.2842165771043049,0.09440262958489173,188,333.0,1901.0,561,0.8248290373487638,0.0967219392047647,300.0,131
Wainberg,79,0.1,0.5,"GoCoGrid-learnedgb (grid path, all blocks)",adapt_800_to_775_q0.4,0.19877854268172968,0.09750616011915673,0.2869707533329034,0.09600433682391492,190,337.0,1919.0,569,0.8243877019280875,0.09832364644378788,304.0,139
Wainberg,79,0.1,0.5,"GoCoGrid-ens (grid path, all blocks)",adapt_800_to_775_q0.3,0.09766844964777521,0.0961983565976565,0.28579409716403703,0.09627770916816301,187,327.0,1904.0,571,0.8282563025210085,0.09810831549362374,299.0,88
Wainberg,80,0.1,0.1,"GoCoGrid-knap (grid path, all blocks)",adapt_800_to_775_q0.2,0.010407731194884327,0.09328409707551266,0.2828659767928901,0.10178035987661377,194,354.0,1935.0,600,0.8170542635658915,0.10286255002826918,333.0,64
Wainberg,80,0.1,0.1,"GoCoGrid-knapEB (grid path, all blocks)",adapt_800_to_775_q0.2,0.010407731194884327,0.09328409707551266,0.2828659767928901,0.10178035987661377,194,354.0,1935.0,600,0.8170542635658915,0.10286255002826918,333.0,64
Wainberg,80,0.1,0.1,"GoCoGrid-learned (grid path, all blocks)",adapt_800_to_775_q0.4,0.0019113496141768007,0.09169901400990058,0.2793841195810366,0.0991639476843452,197,361.0,2013.0,583,0.8206656731246895,0.10055309542878965,337.0,147
Wainberg,80,0.1,0.1,"GoCoGrid-learnedgb (grid path, all blocks)",adapt_800_to_775_q0.4,0.09016104861668128,0.09606786190337668,0.28571688876679735,0.10352461094743544,202,367.0,2089.0,607,0.8243178554332217,0.10505823394753049,341.0,164
Wainberg,80,0.1,0.1,"GoCoGrid-ens (grid path, all blocks)",adapt_800_to_775_q0.3,0.08161836521932125,0.09590465357135818,0.2859432616676098,0.10409201994230094,199,362.0,2092.0,610,0.8269598470363289,0.1054497600142691,338.0,138
Wainberg,80,0.1,0.5,"GoCoGrid-knap (grid path, all blocks)",adapt_800_to_775_q0.225,0.18695445922338855,0.09736508158543347,0.288479702906229,0.10547306393334109,196,357.0,2041.0,617,0.8250857422831945,0.10661974448652498,335.0,99
Wainberg,80,0.1,0.5,"GoCoGrid-knapEB (grid path, all blocks)",adapt_800_to_775_q0.225,0.22806839774275545,0.09778715608158205,0.289067889435387,0.10568467886476086,196,357.0,2047.0,618,0.8255984367366879,0.10683135941794474,335.0,102
Wainberg,80,0.1,0.5,"GoCoGrid-learned (grid path, all blocks)",adapt_800_to_775_q0.5,0.16128318349593068,0.0970839811261978,0.286974046970078,0.10535502691669472,201,365.0,2116.0,614,0.8275047258979206,0.10706076393302556,338.0,184
Wainberg,80,0.1,0.5,"GoCoGrid-learnedgb (grid path, all blocks)",adapt_800_to_775_q0.4,0.09016104861668128,0.09606786190337668,0.28571688876679735,0.10352461094743544,202,367.0,2089.0,607,0.8243178554332217,0.10505823394753049,341.0,164
Wainberg,80,0.1,0.5,"GoCoGrid-ens (grid path, all blocks)",adapt_800_to_775_q0.3,0.08161836521932125,0.09590465357135818,0.2859432616676098,0.10409201994230094,199,362.0,2092.0,610,0.8269598470363289,0.1054497600142691,338.0,138
Wainberg,81,0.1,0.1,"GoCoGrid-knap (grid path, all blocks)",adapt_800_to_775_q0.2,0.09379810610071798,0.09612091209150209,0.28657662159173375,0.10480848342532495,184,306.0,1940.0,604,0.8422680412371134,0.10675885761058396,282.0,97
Wainberg,81,0.1,0.1,"GoCoGrid-knapEB (grid path, all blocks)",adapt_800_to_775_q0.2,0.07804878062911483,0.09583132208837064,0.2861276088123762,0.10449892946402198,184,306.0,1921.0,603,0.8407079646017699,0.10644930364928099,282.0,95
Wainberg,81,0.1,0.1,"GoCoGrid-learned (grid path, all blocks)",adapt_800_to_775_q0.5,0.06858885180206942,0.09565400825380034,0.28463837603128417,0.10202874416865192,185,312.0,2000.0,585,0.844,0.10406002450110088,287.0,169
Wainberg,81,0.1,0.1,"GoCoGrid-learnedgb (grid path, all blocks)",adapt_800_to_775_q0.4,0.009585346964848933,0.093225405003824,0.2815760557327911,0.10022393401764072,187,317.0,1942.0,580,0.8367662203913491,0.10200721942558225,294.0,146
Wainberg,81,0.1,0.1,"GoCoGrid-ens (grid path, all blocks)",adapt_800_to_775_q0.3,0.02494813772637997,0.09428978710030156,0.28349336434181455,0.10238720272514779,186,311.0,1977.0,589,0.8426909458775923,0.10440793008543157,286.0,123
Wainberg,81,0.1,0.5,"GoCoGrid-knap (grid path, all blocks)",adapt_800_to_775_q0.25,0.146162163634795,0.09689010936250739,0.28749956336071514,0.10561754491609478,184,307.0,1961.0,608,0.8434472208057113,0.10756791910135378,283.0,103
Wainberg,81,0.1,0.5,"GoCoGrid-knapEB (grid path, all blocks)",adapt_800_to_775_q0.2,0.07804878062911483,0.09583132208837064,0.2861276088123762,0.10449892946402198,184,306.0,1921.0,603,0.8407079646017699,0.10644930364928099,282.0,95
Wainberg,81,0.1,0.5,"GoCoGrid-learned (grid path, all blocks)",adapt_800_to_775_q0.5,0.06858885180206942,0.09565400825380034,0.28463837603128417,0.10202874416865192,185,312.0,2000.0,585,0.844,0.10406002450110088,287.0,169
Wainberg,81,0.1,0.5,"GoCoGrid-learnedgb (grid path, all blocks)",adapt_800_to_775_q0.4,0.009585346964848933,0.093225405003824,0.2815760557327911,0.10022393401764072,187,317.0,1942.0,580,0.8367662203913491,0.10200721942558225,294.0,146
Wainberg,81,0.1,0.5,"GoCoGrid-ens (grid path, all blocks)",adapt_800_to_775_q0.35,0.2981028974105499,0.09842692884611935,0.28901400088784784,0.10824986054719676,188,314.0,2084.0,617,0.8493282149712092,0.11023541131682313,288.0,171
Wainberg,82,0.1,0.1,"GoCoGrid-knap (grid path, all blocks)",adapt_800_to_775_q0.25,0.08727544516364855,0.09600297215776855,0.28658979895357467,0.10350587331906508,196,361.0,2023.0,604,0.8215521502718734,0.1052671390691353,333.0,80
Wainberg,82,0.1,0.1,"GoCoGrid-knapEB (grid path, all blocks)",adapt_800_to_775_q0.25,0.09178293772868529,0.09608255562285928,0.28677006526834614,0.10487776019116302,191,356.0,2048.0,607,0.826171875,0.10646314301310636,328.0,81
Wainberg,82,0.1,0.1,"GoCoGrid-learned (grid path, all blocks)",adapt_800_to_775_q0.4,0.0001061482249264792,0.08947498850320806,0.2766284681374633,0.09852505430308713,194,370.0,2019.0,577,0.8167409608717187,0.1005812171090248,339.0,123
Wainberg,82,0.1,0.1,"GoCoGrid-learnedgb (grid path, all blocks)",adapt_800_to_775_q0.4,0.0003686083662977356,0.09037084999977064,0.2777182923021712,0.09876729308326015,199,375.0,2034.0,580,0.8156342182890856,0.10046113704819878,344.0,127
Wainberg,82,0.1,0.1,"GoCoGrid-ens (grid path, all blocks)",adapt_800_to_775_q0.35,0.035290759610306845,0.09471757400384291,0.28440149585182206,0.10325747776152264,198,373.0,2116.0,601,0.8237240075614367,0.10508909668661764,342.0,132
Wainberg,82,0.1,0.5,"GoCoGrid-knap (grid path, all blocks)",adapt_800_to_775_q0.25,0.08727544516364855,0.09600297215776855,0.28658979895357467,0.10350587331906508,196,361.0,2023.0,604,0.8215521502718734,0.1052671390691353,333.0,80
Wainberg,82,0.1,0.5,"GoCoGrid-knapEB (grid path, all blocks)",adapt_800_to_775_q0.3,0.19816784090135187,0.09748494838459451,0.2886638689534343,0.10617225857136268,194,359.0,2083.0,613,0.8276524243879021,0.10758879377576257,331.0,93
Wainberg,82,0.1,0.5,"GoCoGrid-learned (grid path, all blocks)",adapt_800_to_775_q0.5,0.16137236770775754,0.09708928779810054,0.28655741273325575,0.10364617902978959,201,379.0,2143.0,603,0.8231451236584227,0.10602303504717406,344.0,177
Wainberg,82,0.1,0.5,"GoCoGrid-learnedgb (grid path, all blocks)",adapt_800_to_775_q0.5,0.12502067702715092,0.09661780378417752,0.2862479582153816,0.1025698820861043,201,379.0,2100.0,598,0.8195238095238095,0.10432528507525833,347.0,159
Wainberg,82,0.1,0.5,"GoCoGrid-ens (grid path, all blocks)",adapt_800_to_775_q0.4,0.28354962713694654,0.09829951256868946,0.2892432814379647,0.10514646045841614,200,377.0,2153.0,610,0.8248954946586159,0.10708360914290328,345.0,154
Wainberg,83,0.1,0.1,"GoCoGrid-knap (grid path, all blocks)",adapt_800_to_775_q0.175,0.04167671283084003,0.09493404498385316,0.28481399476645797,0.09360975440813299,177,340.0,1662.0,561,0.7954271961492179,0.09597127589307893,316.0,28
Wainberg,83,0.1,0.1,"GoCoGrid-knapEB (grid path, all blocks)",adapt_800_to_775_q0.175,0.03949892743461983,0.0948636992323986,0.28466244325291074,0.09325798853929912,180,344.0,1663.0,562,0.7931449188214071,0.0957250397836372,319.0,33
Wainberg,83,0.1,0.1,"GoCoGrid-learned (grid path, all blocks)",adapt_800_to_775_q0.35,0.04097823430811597,0.09492830434019862,0.283842780636464,0.09415214210622871,186,353.0,1834.0,560,0.8075245365321702,0.09668133865433336,325.0,133
Wainberg,83,0.1,0.1,"GoCoGrid-learnedgb (grid path, all blocks)",adapt_800_to_775_q0.35,0.08932471264543435,0.09605908583642511,0.2852556918385713,0.0955451349415272,187,350.0,1840.0,567,0.8097826086956522,0.09762407118456934,323.0,140
Wainberg,83,0.1,0.1,"GoCoGrid-ens (grid path, all blocks)",adapt_800_to_775_q0.25,0.0472694329789756,0.09511493248779512,0.2844388369523642,0.09346507941307826,183,348.0,1777.0,561,0.8041643218908272,0.09602945254555026,321.0,72
Wainberg,83,0.1,0.5,"GoCoGrid-knap (grid path, all blocks)",adapt_800_to_775_q0.2,0.2817121912881356,0.09828396819840884,0.2891420911697781,0.09512837787672607,181,345.0,1736.0,570,0.8012672811059908,0.09745472278359471,319.0,50
Wainberg,83,0.1,0.5,"GoCoGrid-knapEB (grid path, all blocks)",adapt_800_to_775_q0.2,0.1686102497591943,0.09716459146007099,0.2876261852785864,0.09466002675684608,181,345.0,1715.0,568,0.7988338192419825,0.0971622545918416,319.0,50
Wainberg,83,0.1,0.5,"GoCoGrid-learned (grid path, all blocks)",adapt_800_to_775_q0.4,0.14389837988082338,0.09687462049067945,0.28623206073324736,0.09599774034906913,188,355.0,1880.0,568,0.8111702127659575,0.09849176030651634,325.0,150
Wainberg,83,0.1,0.5,"GoCoGrid-learnedgb (grid path, all blocks)",adapt_800_to_775_q0.35,0.08932471264543435,0.09605908583642511,0.2852556918385713,0.0955451349415272,187,350.0,1840.0,567,0.8097826086956522,0.09762407118456934,323.0,140
Wainberg,83,0.1,0.5,"GoCoGrid-ens (grid path, all blocks)",adapt_800_to_775_q0.3,0.28860997488845663,0.09834611825302984,0.2888244160223336,0.09500933155801136,186,352.0,1838.0,568,0.808487486398259,0.09746817493738127,324.0,96
Wainberg,84,0.1,0.1,"GoCoGrid-knap (grid path, all blocks)",adapt_800_to_775_q0.1,0.009355023383439411,0.09319085779683278,0.28192106365720443,0.09344090102731854,182,335.0,1675.0,570,0.8,0.09496154901585331,309.0,8
Wainberg,84,0.1,0.1,"GoCoGrid-knapEB (grid path, all blocks)",adapt_800_to_775_q0.1,0.021490867237763136,0.09411226149691275,0.2832028359671423,0.0940711482000683,182,340.0,1723.0,573,0.8026697620429484,0.09549212919641718,313.0,16
Wainberg,84,0.1,0.1,"GoCoGrid-learned (grid path, all blocks)",adapt_800_to_775_q0.4,0.012299381905509223,0.09350340468975088,0.2813800603427282,0.09441191045769462,194,366.0,1915.0,572,0.8088772845953003,0.09612836796317034,335.0,127
Wainberg,84,0.1,0.1,"GoCoGrid-learnedgb (grid path, all blocks)",adapt_800_to_775_q0.4,0.01948292345731889,0.09401868730767739,0.28203765452227936,0.09542323732272942,191,363.0,1933.0,573,0.8122090015519917,0.09696381190007827,334.0,130
Wainberg,84,0.1,0.1,"GoCoGrid-ens (grid path, all blocks)",adapt_800_to_775_q0.175,0.04083807852453684,0.09492319757451963,0.2838679553675767,0.09516214460147086,189,360.0,1910.0,575,0.8115183246073299,0.09670438135963495,331.0,81
Wainberg,84,0.1,0.5,"GoCoGrid-knap (grid path, all blocks)",adapt_800_to_775_q0.1,0.009355023383439411,0.09319085779683278,0.28192106365720443,0.09344090102731854,182,335.0,1675.0,570,0.8,0.09496154901585331,309.0,8
Wainberg,84,0.1,0.5,"GoCoGrid-knapEB (grid path, all blocks)",adapt_800_to_775_q0.1,0.021490867237763136,0.09411226149691275,0.2832028359671423,0.0940711482000683,182,340.0,1723.0,573,0.8026697620429484,0.09549212919641718,313.0,16
Wainberg,84,0.1,0.5,"GoCoGrid-learned (grid path, all blocks)",adapt_800_to_775_q0.5,0.21150330546488,0.09763856232480761,0.28692098662461213,0.09822605748111661,196,373.0,2005.0,587,0.8139650872817955,0.10020633938507272,340.0,161
Wainberg,84,0.1,0.5,"GoCoGrid-learnedgb (grid path, all blocks)",adapt_800_to_775_q0.4,0.01948292345731889,0.09401868730767739,0.28203765452227936,0.09542323732272942,191,363.0,1933.0,573,0.8122090015519917,0.09696381190007827,334.0,130
Wainberg,84,0.1,0.5,"GoCoGrid-ens (grid path, all blocks)",adapt_800_to_775_q0.25,0.2782748588439539,0.09825908589211524,0.2882402549530145,0.09985118356496787,191,364.0,2031.0,596,0.8207779419005417,0.1015693032575489,333.0,132
Wainberg,85,0.1,0.1,"GoCoGrid-knap (grid path, all blocks)",adapt_800_to_775_q0.125,0.059276757978474724,0.09543310232925128,0.28483208783071406,0.09252567426370337,169,300.0,1644.0,552,0.8175182481751825,0.09451239232450359,277.0,26
Wainberg,85,0.1,0.1,"GoCoGrid-knapEB (grid path, all blocks)",adapt_800_to_775_q0.125,0.059276757978474724,0.09543310232925128,0.28483208783071406,0.09264627970840016,169,301.0,1649.0,552,0.8174651303820497,0.09463299776920038,278.0,27
Wainberg,85,0.1,0.1,"GoCoGrid-learned (grid path, all blocks)",adapt_800_to_775_q0.4,0.052135353264397485,0.09527599143462429,0.2830925004542013,0.09294032865923736,176,318.0,1819.0,551,0.8251786695986806,0.09516835424368167,292.0,134
Wainberg,85,0.1,0.1,"GoCoGrid-learnedgb (grid path, all blocks)",adapt_800_to_775_q0.4,0.038587496725427876,0.09486978659888819,0.2825896033657821,0.0918436994773771,176,317.0,1794.0,546,0.8232998885172799,0.09394182294682643,291.0,114
Wainberg,85,0.1,0.1,"GoCoGrid-ens (grid path, all blocks)",adapt_800_to_775_q0.25,0.0866503731965918,0.09601305730753311,0.2850376602011425,0.09270880102746443,173,310.0,1780.0,551,0.8258426966292135,0.09452667147072119,287.0,73
Wainberg,85,0.1,0.5,"GoCoGrid-knap (grid path, all blocks)",adapt_800_to_775_q0.175,0.42835431345227404,0.09946179193960182,0.2901688777167515,0.09561082841525756,171,304.0,1766.0,565,0.8278595696489242,0.09742869885851432,281.0,59
Wainberg,85,0.1,0.5,"GoCoGrid-knapEB (grid path, all blocks)",adapt_800_to_775_q0.175,0.19261305473205165,0.09743607573394372,0.2874532113634035,0.09453291729966917,171,304.0,1737.0,560,0.824985607369027,0.09635078774292592,281.0,49
Wainberg,85,0.1,0.5,"GoCoGrid-learned (grid path, all blocks)",adapt_800_to_775_q0.4,0.052135353264397485,0.09527599143462429,0.2830925004542013,0.09294032865923736,176,318.0,1819.0,551,0.8251786695986806,0.09516835424368167,292.0,134
Wainberg,85,0.1,0.5,"GoCoGrid-learnedgb (grid path, all blocks)",adapt_800_to_775_q0.4,0.038587496725427876,0.09486978659888819,0.2825896033657821,0.0918436994773771,176,317.0,1794.0,546,0.8232998885172799,0.09394182294682643,291.0,114
Wainberg,85,0.1,0.5,"GoCoGrid-ens (grid path, all blocks)",adapt_800_to_775_q0.3,0.1465392023243886,0.0969084582045962,0.28625015393610925,0.09343343870317247,173,310.0,1806.0,554,0.8283499446290143,0.09525130914642922,287.0,83
Wainberg,86,0.1,0.1,"GoCoGrid-knap (grid path, all blocks)",adapt_800_to_775_q0.075,0.08765383651564251,0.09600878590547901,0.28667552463502305,0.08734092034585067,197,360.0,1620.0,549,0.7777777777777778,0.08970679177318056,335.0,4
Wainberg,86,0.1,0.1,"GoCoGrid-knapEB (grid path, all blocks)",adapt_800_to_775_q0.125,0.09070826389915215,0.09606499638743726,0.2866434886555164,0.08772434513747013,198,362.0,1628.0,551,0.7776412776412777,0.09019574632419218,336.0,11
Wainberg,86,0.1,0.1,"GoCoGrid-learned (grid path, all blocks)",adapt_800_to_775_q0.2,0.09792937393353063,0.09619650970981307,0.28626700506353064,0.08682257716051382,205,379.0,1755.0,548,0.784045584045584,0.08949081260992435,348.0,64
Wainberg,86,0.1,0.1,"GoCoGrid-learnedgb (grid path, all blocks)",adapt_800_to_775_q0.225,0.09778819565302638,0.0961952711634084,0.2861793960369256,0.08712358824647695,206,381.0,1726.0,550,0.7792584009269988,0.08985514154774873,349.0,63
Wainberg,86,0.1,0.1,"GoCoGrid-ens (grid path, all blocks)",adapt_800_to_775_q0.15,0.09921726334466513,0.0962129609085996,0.2866724782430032,0.08726451405370825,206,378.0,1730.0,550,0.7815028901734105,0.08984420885386574,347.0,35
Wainberg,86,0.1,0.5,"GoCoGrid-knap (grid path, all blocks)",adapt_800_to_775_q0.15,0.2675220742435852,0.09815537807284698,0.28948352489672996,0.08920469316514347,200,366.0,1699.0,558,0.7845791642142437,0.09158639404128603,339.0,21
Wainberg,86,0.1,0.5,"GoCoGrid-knapEB (grid path, all blocks)",adapt_800_to_775_q0.15,0.24551806866120812,0.09795464145017095,0.2891338333678653,0.08912437328335202,201,370.0,1692.0,558,0.7813238770685579,0.09161160391888673,342.0,26
Wainberg,86,0.1,0.5,"GoCoGrid-learned (grid path, all blocks)",adapt_800_to_775_q0.35,0.28529264828425505,0.09832058111562424,0.28824788368128057,0.08972891698461286,209,388.0,1894.0,554,0.795142555438226,0.09239589611957626,355.0,132
Wainberg,86,0.1,0.5,"GoCoGrid-learnedgb (grid path, all blocks)",adapt_800_to_775_q0.4,0.4879238156959649,0.09990966049593637,0.2904872901684396,0.08990580497058749,210,389.0,1878.0,559,0.7928647497337593,0.09257278410555089,356.0,124
Wainberg,86,0.1,0.5,"GoCoGrid-ens (grid path, all blocks)",adapt_800_to_775_q0.225,0.32405643148222774,0.09864210693694953,0.28964715540945696,0.08823413152126583,207,382.0,1828.0,553,0.7910284463894968,0.09055753976559529,351.0,67
Wainberg,87,0.1,0.1,"GoCoGrid-knap (grid path, all blocks)",adapt_800_to_775_q0.125,0.04886962397504905,0.09515072008241289,0.28508537058696565,0.09294987791962843,188,327.0,1668.0,565,0.8039568345323741,0.09549515519516032,300.0,35
Wainberg,87,0.1,0.1,"GoCoGrid-knapEB (grid path, all blocks)",adapt_800_to_775_q0.075,0.05304764925763801,0.09526335702747361,0.2853421697910244,0.09370734708665945,182,319.0,1672.0,564,0.8092105263157895,0.09578360321213295,293.0,29
Wainberg,87,0.1,0.1,"GoCoGrid-learned (grid path, all blocks)",adapt_800_to_775_q0.4,0.08251148566653327,0.09593645225625835,0.28492733168722667,0.09378741565838601,194,337.0,1848.0,563,0.8176406926406926,0.09635321261284974,305.0,131
Wainberg,87,0.1,0.1,"GoCoGrid-learnedgb (grid path, all blocks)",adapt_800_to_775_q0.4,0.0980133323923097,0.09621209874426852,0.2852007870986219,0.09559900988225144,195,337.0,1852.0,570,0.8180345572354212,0.09803113579724901,304.0,134
Wainberg,87,0.1,0.1,"GoCoGrid-ens (grid path, all blocks)",adapt_800_to_775_q0.25,0.08090096056611545,0.09589478469047791,0.2856552525296571,0.09364846815799752,191,333.0,1799.0,564,0.8148971650917176,0.09607355876241166,304.0,78
Wainberg,87,0.1,0.5,"GoCoGrid-knap (grid path, all blocks)",adapt_800_to_775_q0.2,0.4778331417532164,0.09983362516368054,0.2913435099590583,0.09977974720006756,194,335.0,1862.0,595,0.8200859291084855,0.10227519097321644,305.0,93
Wainberg,87,0.1,0.5,"GoCoGrid-knapEB (grid path, all blocks)",adapt_800_to_775_q0.125,0.21997717847756937,0.09771046791745727,0.28861097727453155,0.09580211280052951,187,325.0,1776.0,574,0.8170045045045045,0.09788716307681238,298.0,55
Wainberg,87,0.1,0.5,"GoCoGrid-learned (grid path, all blocks)",adapt_800_to_775_q0.5,0.47443033101793153,0.09980898576817004,0.289926861086438,0.09867872002130824,198,342.0,1940.0,586,0.8237113402061855,0.10163849473326655,306.0,166
Wainberg,87,0.1,0.5,"GoCoGrid-learnedgb (grid path, all blocks)",adapt_800_to_775_q0.4,0.0980133323923097,0.09621209874426852,0.2852007870986219,0.09559900988225144,195,337.0,1852.0,570,0.8180345572354212,0.09803113579724901,304.0,134
Wainberg,87,0.1,0.5,"GoCoGrid-ens (grid path, all blocks)",adapt_800_to_775_q0.35,0.47882190390604074,0.09984137897355226,0.29074698135774285,0.1002089015419295,197,340.0,1944.0,594,0.8251028806584362,0.10270434531507838,308.0,132
Wainberg,88,0.1,0.1,"GoCoGrid-knap (grid path, all blocks)",adapt_800_to_775_q0.175,0.07447531996172047,0.09575838111266313,0.28610545544350946,0.09403947623011782,225,418.0,1849.0,595,0.7739318550567874,0.09595234843372745,388.0,39
Wainberg,88,0.1,0.1,"GoCoGrid-knapEB (grid path, all blocks)",adapt_800_to_775_q0.175,0.02021193428529552,0.09402682242029212,0.2837370056353876,0.09272445816469625,221,413.0,1765.0,589,0.7660056657223796,0.09478976224018784,384.0,22
Wainberg,88,0.1,0.1,"GoCoGrid-learned (grid path, all blocks)",adapt_800_to_775_q0.35,0.047179343960048484,0.09511799962696452,0.2841048834478823,0.09358343631721036,232,441.0,2014.0,588,0.7810327706057597,0.09546320606141012,409.0,152
Wainberg,88,0.1,0.1,"GoCoGrid-learnedgb (grid path, all blocks)",adapt_800_to_775_q0.4,0.03062737987467333,0.09454945524156226,0.28349815727909544,0.09490351046487822,236,446.0,2008.0,596,0.7778884462151394,0.09669910766319566,415.0,154
Wainberg,88,0.1,0.1,"GoCoGrid-ens (grid path, all blocks)",adapt_800_to_775_q0.3,0.09354223667547334,0.09612265636149345,0.28611562291260645,0.09574389585548183,229,433.0,2011.0,600,0.7846842366981601,0.0976408351261488,403.0,103
Wainberg,88,0.1,0.5,"GoCoGrid-knap (grid path, all blocks)",adapt_800_to_775_q0.25,0.4003036590366937,0.09924573356860975,0.2907325064424147,0.09778814751980375,227,422.0,1959.0,611,0.7845839714139867,0.09968743190238526,392.0,73
Wainberg,88,0.1,0.5,"GoCoGrid-knapEB (grid path, all blocks)",adapt_800_to_775_q0.2,0.1877107931627537,0.09737612778933928,0.288181548266257,0.09625545338601339,225,421.0,1913.0,604,0.7799268165185572,0.0981547377685949,391.0,64
Wainberg,88,0.1,0.5,"GoCoGrid-learned (grid path, all blocks)",adapt_800_to_775_q0.4,0.22089787739363442,0.0977278269329717,0.2875793545997558,0.09581765208240801,232,442.0,2064.0,597,0.7858527131782945,0.09769742182660777,410.0,171
Wainberg,88,0.1,0.5,"GoCoGrid-learnedgb (grid path, all blocks)",adapt_800_to_775_q0.4,0.03062737987467333,0.09454945524156226,0.28349815727909544,0.09490351046487822,236,446.0,2008.0,596,0.7778884462151394,0.09669910766319566,415.0,154
Wainberg,88,0.1,0.5,"GoCoGrid-ens (grid path, all blocks)",adapt_800_to_775_q0.35,0.4187978896141583,0.09938845777732984,0.29045052812161104,0.09785951628538817,232,438.0,2063.0,610,0.7876878332525449,0.09976298834714974,406.0,129
Wainberg,89,0.1,0.1,"GoCoGrid-knap (grid path, all blocks)",adapt_800_to_775_q0.03,0.097578502941915,0.09617722536427091,0.28726695390501833,0.08926673318424926,167,292.0,1497.0,530,0.8049432197728791,0.09102380366303238,269.0,0
Wainberg,89,0.1,0.1,"GoCoGrid-knapEB (grid path, all blocks)",adapt_800_to_775_q0.03,0.097578502941915,0.09617722536427091,0.28726695390501833,0.08926673318424926,167,292.0,1497.0,530,0.8049432197728791,0.09102380366303238,269.0,0
Wainberg,89,0.1,0.1,"GoCoGrid-learned (grid path, all blocks)",adapt_800_to_775_q0.175,0.08524551070685243,0.09597211178846975,0.28608383715164476,0.08966687787127625,168,306.0,1629.0,530,0.8121546961325967,0.0916063640629908,280.0,55
Wainberg,89,0.1,0.1,"GoCoGrid-learnedgb (grid path, all blocks)",adapt_800_to_775_q0.01,0.0943688558167457,0.09612446605225235,0.2870549602963876,0.08947779270303355,167,295.0,1504.0,530,0.8038563829787234,0.09144592270060097,270.0,7
Wainberg,89,0.1,0.1,"GoCoGrid-ens (grid path, all blocks)",adapt_800_to_775_q0.1,0.09919407138496672,0.09620550523830565,0.2872071746208533,0.08972660995274467,167,296.0,1596.0,530,0.8145363408521303,0.0914438136296214,272.0,21
Wainberg,89,0.1,0.5,"GoCoGrid-knap (grid path, all blocks)",adapt_800_to_775_q0.125,0.16414965294452583,0.09710347178135917,0.28845385745937335,0.09003768670704859,169,296.0,1555.0,533,0.8096463022508038,0.09174785507334189,273.0,11
Wainberg,89,0.1,0.5,"GoCoGrid-knapEB (grid path, all blocks)",adapt_800_to_775_q0.125,0.16414965294452583,0.09710347178135917,0.28845385745937335,0.09003768670704859,169,296.0,1555.0,533,0.8096463022508038,0.09174785507334189,273.0,11
Wainberg,89,0.1,0.5,"GoCoGrid-learned (grid path, all blocks)",adapt_800_to_775_q0.35,0.44856027854104036,0.09961492529338807,0.28992330126940646,0.09169627757842856,171,312.0,1803.0,536,0.826955074875208,0.09354489091618648,285.0,123
Wainberg,89,0.1,0.5,"GoCoGrid-learnedgb (grid path, all blocks)",adapt_800_to_775_q0.35,0.45205756348322845,0.0996407187419299,0.29034248504922217,0.09312092934909276,172,313.0,1787.0,544,0.8248461108002239,0.09491501897321869,285.0,122
Wainberg,89,0.1,0.5,"GoCoGrid-ens (grid path, all blocks)",adapt_800_to_775_q0.225,0.4782276465790009,0.0998366658118967,0.2912067717154894,0.09148543927175377,171,309.0,1755.0,538,0.8239316239316239,0.09321143708685975,284.0,72
Wainberg,90,0.1,0.1,"GoCoGrid-knap (grid path, all blocks)",adapt_800_to_775_q0.075,0.0951490954715612,0.09614360806945633,0.28664581697120417,0.09210052701328916,190,344.0,1759.0,556,0.8044343376918703,0.09406505560965515,314.0,27
Wainberg,90,0.1,0.1,"GoCoGrid-knapEB (grid path, all blocks)",adapt_800_to_775_q0.05,0.09509346851674527,0.0961426770244015,0.28664305790266575,0.09252264605085776,190,344.0,1766.0,558,0.8052095130237825,0.09448717464722375,314.0,27
Wainberg,90,0.1,0.1,"GoCoGrid-learned (grid path, all blocks)",adapt_800_to_775_q0.35,0.06524578153555147,0.09557682991191356,0.2847537987932133,0.09231657706870969,195,357.0,1886.0,554,0.810710498409332,0.09439015307975952,324.0,126
Wainberg,90,0.1,0.1,"GoCoGrid-learnedgb (grid path, all blocks)",adapt_800_to_775_q0.225,0.040187481612181074,0.09490444180116858,0.28369909382102293,0.09120323810271946,195,349.0,1795.0,547,0.8055710306406685,0.09332254368288198,318.0,95
Wainberg,90,0.1,0.1,"GoCoGrid-ens (grid path, all blocks)",adapt_800_to_775_q0.15,0.054020883570871245,0.09529887578561486,0.2847775605643161,0.09179324583445686,193,350.0,1848.0,552,0.8106060606060606,0.09363691772323664,320.0,60
Wainberg,90,0.1,0.5,"GoCoGrid-knap (grid path, all blocks)",adapt_800_to_775_q0.125,0.27011801128308055,0.09818057810941351,0.28919706329007017,0.09430949102478624,191,347.0,1855.0,565,0.8129380053908356,0.096153162913566,317.0,50
Wainberg,90,0.1,0.5,"GoCoGrid-knapEB (grid path, all blocks)",adapt_800_to_775_q0.15,0.3610382037649533,0.09893950052269278,0.2902553484430922,0.09599796717506061,191,347.0,1888.0,573,0.816207627118644,0.09784163906384037,317.0,58
Wainberg,90,0.1,0.5,"GoCoGrid-learned (grid path, all blocks)",adapt_800_to_775_q0.4,0.4026510406939639,0.09926684132366476,0.2895557203733892,0.09683308327698717,198,365.0,1986.0,574,0.8162134944612286,0.09923204271073278,329.0,171
Wainberg,90,0.1,0.5,"GoCoGrid-learnedgb (grid path, all blocks)",adapt_800_to_775_q0.3,0.20257820898948653,0.097542658640046,0.2873717639938361,0.0954191519986129,195,359.0,1907.0,566,0.8117461982170949,0.09746634556981469,326.0,137
Wainberg,90,0.1,0.5,"GoCoGrid-ens (grid path, all blocks)",adapt_800_to_775_q0.225,0.369614021319837,0.09901039822796949,0.2894101046619136,0.0950063605218459,195,356.0,1953.0,567,0.8177163338453661,0.09702591533875254,324.0,103
Wainberg,91,0.1,0.1,"GoCoGrid-knap (grid path, all blocks)",adapt_800_to_775_q0.2,0.07847228317296932,0.09584155389279445,0.2860094141372592,0.10502908473504953,204,384.0,2031.0,619,0.810930576070901,0.10728567036685686,351.0,70
Wainberg,91,0.1,0.1,"GoCoGrid-knapEB (grid path, all blocks)",adapt_800_to_775_q0.2,0.09688211525567197,0.09617569620434187,0.2864861205581694,0.10506426131941689,204,383.0,2036.0,619,0.8118860510805501,0.10732084695122422,350.0,71
Wainberg,91,0.1,0.1,"GoCoGrid-learned (grid path, all blocks)",adapt_800_to_775_q0.35,0.0101838338726742,0.0932993436710007,0.28122729023161147,0.1036596038469588,206,393.0,2075.0,609,0.8106024096385542,0.10630112184143208,359.0,145
Wainberg,91,0.1,0.1,"GoCoGrid-learnedgb (grid path, all blocks)",adapt_800_to_775_q0.35,0.044770112196941686,0.09505107845858304,0.2837607415785126,0.1042869424784722,205,391.0,2090.0,610,0.8129186602870814,0.10651597312076427,358.0,143
Wainberg,91,0.1,0.1,"GoCoGrid-ens (grid path, all blocks)",adapt_800_to_775_q0.275,0.013401655190156415,0.09358293002348882,0.28211225402127044,0.10483058828211073,206,392.0,2082.0,616,0.8117195004803074,0.1071927036733102,358.0,99
Wainberg,91,0.1,0.5,"GoCoGrid-knap (grid path, all blocks)",adapt_800_to_775_q0.25,0.17021620101295715,0.09718212766606835,0.2877544465378667,0.10640097160714747,204,386.0,2067.0,625,0.8132559264634737,0.10865755723895479,353.0,80
Wainberg,91,0.1,0.5,"GoCoGrid-knapEB (grid path, all blocks)",adapt_800_to_775_q0.25,0.20720642399293054,0.09758309843866737,0.28828564676833135,0.10661203112593176,204,386.0,2070.0,626,0.8135265700483092,0.1088686167577391,353.0,81
Wainberg,91,0.1,0.5,"GoCoGrid-learned (grid path, all blocks)",adapt_800_to_775_q0.4,0.1116134868035023,0.09642797087747562,0.28549989885009064,0.1056060416410874,207,394.0,2129.0,615,0.8149365899483325,0.10788406824489442,360.0,166
Wainberg,91,0.1,0.5,"GoCoGrid-learnedgb (grid path, all blocks)",adapt_800_to_775_q0.4,0.12341247408186307,0.0965986849465576,0.28591557836095055,0.10590506546001184,205,391.0,2113.0,617,0.8149550402271651,0.10813409610230393,358.0,153
Wainberg,91,0.1,0.5,"GoCoGrid-ens (grid path, all blocks)",adapt_800_to_775_q0.35,0.44196849850636,0.09956459573229191,0.2903581926025367,0.10789369233188473,206,393.0,2140.0,629,0.8163551401869159,0.11022063113871683,359.0,127
Wainberg,92,0.1,0.1,"GoCoGrid-knap (grid path, all blocks)",adapt_800_to_775_q0.275,0.07549405715392159,0.09578142720108056,0.2859772115167825,0.10989369302925152,205,368.0,2057.0,647,0.8210986874088478,0.1120838542850574,337.0,94
Wainberg,92,0.1,0.1,"GoCoGrid-knapEB (grid path, all blocks)",adapt_800_to_775_q0.3,0.057520077224726344,0.09537926350538523,0.28543523958271555,0.1091022198338104,206,369.0,2051.0,644,0.8200877620672843,0.1112923810896163,338.0,92
Wainberg,92,0.1,0.1,"GoCoGrid-learned (grid path, all blocks)",adapt_800_to_775_q0.5,0.008699587003961883,0.09314182162964106,0.2807390060394469,0.10702577331754012,206,374.0,2106.0,629,0.8224121557454891,0.10958947641668867,340.0,179
Wainberg,92,0.1,0.1,"GoCoGrid-learnedgb (grid path, all blocks)",adapt_800_to_775_q0.5,0.02477740570250645,0.09429586877095318,0.28276821666678853,0.10874239073530839,205,373.0,2119.0,638,0.8239735724398302,0.111077446026634,341.0,178
Wainberg,92,0.1,0.1,"GoCoGrid-ens (grid path, all blocks)",adapt_800_to_775_q0.4,0.09132597745756199,0.0960859426314838,0.2859247504517274,0.10864515262296201,206,372.0,2111.0,639,0.8237801989578399,0.11093498087095378,340.0,138
Wainberg,92,0.1,0.5,"GoCoGrid-knap (grid path, all blocks)",adapt_800_to_775_q0.275,0.07549405715392159,0.09578142720108056,0.2859772115167825,0.10989369302925152,205,368.0,2057.0,647,0.8210986874088478,0.1120838542850574,337.0,94
Wainberg,92,0.1,0.5,"GoCoGrid-knapEB (grid path, all blocks)",adapt_800_to_775_q0.3,0.057520077224726344,0.09537926350538523,0.28543523958271555,0.1091022198338104,206,369.0,2051.0,644,0.8200877620672843,0.1112923810896163,338.0,92
Wainberg,92,0.1,0.5,"GoCoGrid-learned (grid path, all blocks)",adapt_800_to_775_q0.5,0.008699587003961883,0.09314182162964106,0.2807390060394469,0.10702577331754012,206,374.0,2106.0,629,0.8224121557454891,0.10958947641668867,340.0,179
Wainberg,92,0.1,0.5,"GoCoGrid-learnedgb (grid path, all blocks)",adapt_800_to_775_q0.5,0.02477740570250645,0.09429586877095318,0.28276821666678853,0.10874239073530839,205,373.0,2119.0,638,0.8239735724398302,0.111077446026634,341.0,178
Wainberg,92,0.1,0.5,"GoCoGrid-ens (grid path, all blocks)",adapt_800_to_775_q0.4,0.09132597745756199,0.0960859426314838,0.2859247504517274,0.10864515262296201,206,372.0,2111.0,639,0.8237801989578399,0.11093498087095378,340.0,138
Wainberg,93,0.1,0.1,"GoCoGrid-knap (grid path, all blocks)",adapt_800_to_775_q0.125,0.07467795302785486,0.09576118746264344,0.28620125717565825,0.0894154947063952,183,353.0,1712.0,546,0.7938084112149533,0.09112005157466174,324.0,20
Wainberg,93,0.1,0.1,"GoCoGrid-knapEB (grid path, all blocks)",adapt_800_to_775_q0.125,0.02041444447501785,0.09403626716289765,0.28386010300869474,0.08857269567205917,183,347.0,1638.0,542,0.7881562881562881,0.09032298210943837,320.0,10
Wainberg,93,0.1,0.1,"GoCoGrid-learned (grid path, all blocks)",adapt_800_to_775_q0.35,0.04332358728629231,0.09500716234185567,0.28368438133502494,0.09043144618045836,191,377.0,1928.0,545,0.8044605809128631,0.09228918870298507,343.0,146
Wainberg,93,0.1,0.1,"GoCoGrid-learnedgb (grid path, all blocks)",adapt_800_to_775_q0.35,0.04472113516573124,0.09504758471883877,0.2838742773772652,0.08984022827818204,192,374.0,1898.0,546,0.8029504741833509,0.09163138653757502,341.0,130
Wainberg,93,0.1,0.1,"GoCoGrid-ens (grid path, all blocks)",adapt_800_to_775_q0.2,0.057771385715595924,0.09539267770538001,0.28500030460308334,0.08969600426969572,187,367.0,1850.0,546,0.8016216216216216,0.09124092642593706,337.0,73
Wainberg,93,0.1,0.5,"GoCoGrid-knap (grid path, all blocks)",adapt_800_to_775_q0.15,0.289884116758384,0.0983538470523159,0.28940953372629663,0.09083838764312349,185,356.0,1779.0,553,0.7998875772906127,0.09258515641263086,326.0,39
Wainberg,93,0.1,0.5,"GoCoGrid-knapEB (grid path, all blocks)",adapt_800_to_775_q0.125,0.02041444447501785,0.09403626716289765,0.28386010300869474,0.08857269567205917,183,347.0,1638.0,542,0.7881562881562881,0.09032298210943837,320.0,10
Wainberg,93,0.1,0.5,"GoCoGrid-learned (grid path, all blocks)",adapt_800_to_775_q0.4,0.4710793730573076,0.09978388996583142,0.28995580726380177,0.09324557310596908,192,378.0,1974.0,557,0.8085106382978723,0.0951736687972305,343.0,166
Wainberg,93,0.1,0.5,"GoCoGrid-learnedgb (grid path, all blocks)",adapt_800_to_775_q0.4,0.27607756147201395,0.09824090488345434,0.28803694242630534,0.09234605754740181,195,381.0,1955.0,559,0.8051150895140665,0.09420756898181959,347.0,154
Wainberg,93,0.1,0.5,"GoCoGrid-ens (grid path, all blocks)",adapt_800_to_775_q0.25,0.3967175682177607,0.0992201031318845,0.28994514285421996,0.09212436129481745,191,372.0,1919.0,558,0.8061490359562272,0.0939506961385778,340.0,100
Wainberg,94,0.1,0.1,"GoCoGrid-knap (grid path, all blocks)",adapt_800_to_775_q0.15,0.06877015458555376,0.09563863346304234,0.2859089122022823,0.09271636745059425,182,340.0,1652.0,556,0.7941888619854721,0.09513310997822759,309.0,17
Wainberg,94,0.1,0.1,"GoCoGrid-knapEB (grid path, all blocks)",adapt_800_to_775_q0.15,0.0724915278452641,0.09571696075253991,0.2860776620724028,0.09316780031161401,182,340.0,1701.0,558,0.8001175778953556,0.09558454283924735,309.0,26
Wainberg,94,0.1,0.1,"GoCoGrid-learned (grid path, all blocks)",adapt_800_to_775_q0.35,0.05192389600102047,0.0952494097945307,0.284337763127118,0.09400996426493873,192,359.0,1891.0,558,0.810153358011634,0.0968147183380433,324.0,142
Wainberg,94,0.1,0.1,"GoCoGrid-learnedgb (grid path, all blocks)",adapt_800_to_775_q0.3,0.07106938105695262,0.09570796663523148,0.2846492799467053,0.09372704402524341,194,362.0,1879.0,556,0.807344332091538,0.09660918657766611,326.0,135
Wainberg,94,0.1,0.1,"GoCoGrid-ens (grid path, all blocks)",adapt_800_to_775_q0.225,0.0714885449879717,0.09570332934575404,0.28555575080888657,0.09308850520859292,188,352.0,1817.0,558,0.806274078150798,0.09558370531410444,320.0,72
Wainberg,94,0.1,0.5,"GoCoGrid-knap (grid path, all blocks)",adapt_800_to_775_q0.175,0.2017587068851363,0.09752515572227102,0.2884110066757804,0.0943866690401414,185,344.0,1736.0,564,0.8018433179723502,0.09678934092773774,313.0,37
Wainberg,94,0.1,0.5,"GoCoGrid-knapEB (grid path, all blocks)",adapt_800_to_775_q0.225,0.42946788810426473,0.09946852469288298,0.2911120162299648,0.09544382892067849,185,344.0,1785.0,569,0.8072829131652661,0.09784463852165921,313.0,47
Wainberg,94,0.1,0.5,"GoCoGrid-learned (grid path, all blocks)",adapt_800_to_775_q0.4,0.18601077725796306,0.0973685754965639,0.28696186362999937,0.09537129818059664,194,362.0,1927.0,563,0.8121432278152568,0.09824640542243593,326.0,158
Wainberg,94,0.1,0.5,"GoCoGrid-learnedgb (grid path, all blocks)",adapt_800_to_775_q0.35,0.35448010552929377,0.09889161426853477,0.28908339726156435,0.09480344757607538,194,362.0,1906.0,561,0.8100734522560336,0.09768559012849808,326.0,144
Wainberg,94,0.1,0.5,"GoCoGrid-ens (grid path, all blocks)",adapt_800_to_775_q0.3,0.4585982444135297,0.09968940956916841,0.29082585282356416,0.09594836169063617,191,357.0,1908.0,571,0.8128930817610063,0.09873376863447611,322.0,108
Wainberg,95,0.1,0.1,"GoCoGrid-knap (grid path, all blocks)",adapt_800_to_775_q0.1,0.06100060247437535,0.09546794921515095,0.2852991430396818,0.08973886185699548,185,324.0,1686.0,550,0.8078291814946619,0.0914107547399111,296.0,18
Wainberg,95,0.1,0.1,"GoCoGrid-knapEB (grid path, all blocks)",adapt_800_to_775_q0.1,0.054270454783412754,0.09529824009943677,0.28521920367482045,0.09001289661415472,185,324.0,1706.0,551,0.8100820633059789,0.09167348274252696,297.0,18
Wainberg,95,0.1,0.1,"GoCoGrid-learned (grid path, all blocks)",adapt_800_to_775_q0.4,0.07801455262868326,0.0958536537850571,0.2845477470419692,0.08979669294436807,193,344.0,1862.0,548,0.8152524167561761,0.0917640691627023,313.0,122
Wainberg,95,0.1,0.1,"GoCoGrid-learnedgb (grid path, all blocks)",adapt_800_to_775_q0.275,0.07693644341780416,0.09583261770872271,0.28450116677343806,0.08924324799811804,191,341.0,1825.0,545,0.8131506849315069,0.09122234974457474,310.0,104
Wainberg,95,0.1,0.1,"GoCoGrid-ens (grid path, all blocks)",adapt_800_to_775_q0.175,0.0488677123388808,0.09515821230276936,0.2846416639902905,0.08874721714260458,187,335.0,1765.0,544,0.8101983002832861,0.09041911002552021,307.0,48
Wainberg,95,0.1,0.5,"GoCoGrid-knap (grid path, all blocks)",adapt_800_to_775_q0.125,0.20950719311520044,0.09760830238566842,0.28811058142587725,0.09126200805759822,186,326.0,1751.0,557,0.8138206739006282,0.09293390094051385,298.0,31
Wainberg,95,0.1,0.5,"GoCoGrid-knapEB (grid path, all blocks)",adapt_800_to_775_q0.125,0.15189906443122186,0.0969637594617871,0.2874367255857848,0.09126166543782185,186,325.0,1739.0,557,0.8131109833237493,0.09292225156619409,298.0,26
Wainberg,95,0.1,0.5,"GoCoGrid-learned (grid path, all blocks)",adapt_800_to_775_q0.4,0.07801455262868326,0.0958536537850571,0.2845477470419692,0.08979669294436807,193,344.0,1862.0,548,0.8152524167561761,0.0917640691627023,313.0,122
Wainberg,95,0.1,0.5,"GoCoGrid-learnedgb (grid path, all blocks)",adapt_800_to_775_q0.4,0.30541541063070826,0.09849538791905453,0.28783121034410747,0.09317599036312144,196,348.0,1902.0,567,0.8170347003154574,0.09522544527831285,316.0,138
Wainberg,95,0.1,0.5,"GoCoGrid-ens (grid path, all blocks)",adapt_800_to_775_q0.25,0.3065926228161665,0.09850007696400542,0.2888389680496956,0.09199171195985295,191,340.0,1879.0,559,0.8190526875997871,0.09371988737932888,311.0,85
Wainberg,96,0.1,0.1,"GoCoGrid-knap (grid path, all blocks)",adapt_800_to_775_q0.15,0.09480806473993614,0.09613654352909304,0.28672911757766617,0.09488942714407254,199,389.0,1972.0,576,0.802738336713996,0.09741098920583927,355.0,49
Wainberg,96,0.1,0.1,"GoCoGrid-knapEB (grid path, all blocks)",adapt_800_to_775_q0.15,0.06749314629479101,0.09560895040890732,0.28598454040403953,0.09467836762528824,199,389.0,1967.0,575,0.8022369089984749,0.09719992968705496,355.0,48
Wainberg,96,0.1,0.1,"GoCoGrid-learned (grid path, all blocks)",adapt_800_to_775_q0.4,0.014482833650903653,0.0936725752897324,0.28204541564723956,0.09396056258801722,203,407.0,2092.0,568,0.8054493307839388,0.0967005673888717,370.0,147
Wainberg,96,0.1,0.1,"GoCoGrid-learnedgb (grid path, all blocks)",adapt_800_to_775_q0.4,0.0961871110501954,0.0961785246151792,0.2853818031296309,0.09636052708904569,202,406.0,2112.0,578,0.8077651515151515,0.09896861969065998,370.0,147
Wainberg,96,0.1,0.1,"GoCoGrid-ens (grid path, all blocks)",adapt_800_to_775_q0.25,0.06760768609054901,0.09561998012829546,0.28543362508243375,0.09409841194390345,200,397.0,2045.0,571,0.8058679706601467,0.09660824847754772,363.0,82
Wainberg,96,0.1,0.5,"GoCoGrid-knap (grid path, all blocks)",adapt_800_to_775_q0.2,0.4307541167871139,0.09947839901252199,0.29106601660274406,0.09819708286193717,200,392.0,2059.0,591,0.8096163186012627,0.10070691939558143,358.0,77
Wainberg,96,0.1,0.5,"GoCoGrid-knapEB (grid path, all blocks)",adapt_800_to_775_q0.2,0.4307541167871139,0.09947839901252199,0.29106601660274406,0.09819708286193717,200,392.0,2059.0,591,0.8096163186012627,0.10070691939558143,358.0,77
Wainberg,96,0.1,0.5,"GoCoGrid-learned (grid path, all blocks)",adapt_800_to_775_q0.4,0.014482833650903653,0.0936725752897324,0.28204541564723956,0.09396056258801722,203,407.0,2092.0,568,0.8054493307839388,0.0967005673888717,370.0,147
Wainberg,96,0.1,0.5,"GoCoGrid-learnedgb (grid path, all blocks)",adapt_800_to_775_q0.4,0.0961871110501954,0.0961785246151792,0.2853818031296309,0.09636052708904569,202,406.0,2112.0,578,0.8077651515151515,0.09896861969065998,370.0,147
Wainberg,96,0.1,0.5,"GoCoGrid-ens (grid path, all blocks)",adapt_800_to_775_q0.3,0.33658658926612467,0.09874617873716672,0.2893793655846505,0.09853457543116775,202,404.0,2152.0,592,0.8122676579925651,0.10135865613107392,367.0,130
Wainberg,97,0.1,0.1,"GoCoGrid-knap (grid path, all blocks)",adapt_800_to_775_q0.125,0.04834451173891371,0.0951343711091771,0.285149747622309,0.09343262262085712,177,351.0,1809.0,556,0.8059701492537313,0.09464807714048243,335.0,31
Wainberg,97,0.1,0.1,"GoCoGrid-knapEB (grid path, all blocks)",adapt_800_to_775_q0.125,0.057650280558814014,0.09538292609429554,0.2854134306173205,0.09392189695871345,177,351.0,1828.0,558,0.8079868708971554,0.09513735147833874,335.0,34
Wainberg,97,0.1,0.1,"GoCoGrid-learned (grid path, all blocks)",adapt_800_to_775_q0.3,0.08325955648338401,0.09595420868088327,0.2846868744157649,0.09376911927799275,178,363.0,1976.0,549,0.8162955465587044,0.09523481038136038,344.0,142
Wainberg,97,0.1,0.1,"GoCoGrid-learnedgb (grid path, all blocks)",adapt_800_to_775_q0.3,0.08749801532621904,0.09603178549950618,0.284817756403321,0.09417096990580899,184,371.0,1962.0,556,0.8109072375127421,0.09549712721508431,352.0,134
Wainberg,97,0.1,0.1,"GoCoGrid-ens (grid path, all blocks)",adapt_800_to_775_q0.2,0.08332988430631716,0.09594270156693883,0.28559131300365065,0.09474108187948012,179,361.0,1976.0,561,0.8173076923076923,0.09594294858436737,345.0,89
Wainberg,97,0.1,0.5,"GoCoGrid-knap (grid path, all blocks)",adapt_800_to_775_q0.225,0.45321134408233005,0.09964881338854435,0.2908329408855264,0.10073042873241268,180,360.0,2045.0,589,0.823960880195599,0.1018338009884912,343.0,98
Wainberg,97,0.1,0.5,"GoCoGrid-knapEB (grid path, all blocks)",adapt_800_to_775_q0.2,0.43550760853769704,0.09951515646329645,0.29069242627392394,0.1007656053230701,180,359.0,2049.0,589,0.8247925817471937,0.10186897757914862,342.0,98
Wainberg,97,0.1,0.5,"GoCoGrid-learned (grid path, all blocks)",adapt_800_to_775_q0.4,0.4122709992831358,0.09934185898931668,0.28898482247153706,0.10031196435716093,184,370.0,2112.0,583,0.8248106060606061,0.10210128004928841,348.0,189
Wainberg,97,0.1,0.5,"GoCoGrid-learnedgb (grid path, all blocks)",adapt_800_to_775_q0.4,0.2864121593670315,0.09833275385093271,0.2878296154842882,0.0995365718922921,186,373.0,2071.0,581,0.8198937711250603,0.10083341537811626,354.0,170
Wainberg,97,0.1,0.5,"GoCoGrid-ens (grid path, all blocks)",adapt_800_to_775_q0.3,0.3465320462559598,0.0988275548723273,0.28917485510937296,0.09983515412986606,181,365.0,2096.0,583,0.8258587786259542,0.1011144093203615,346.0,135
Wainberg,98,0.1,0.1,"GoCoGrid-knap (grid path, all blocks)",adapt_800_to_775_q0.175,0.05971824023398722,0.09544302818502091,0.2848939440495007,0.0937162698787091,171,331.0,1664.0,557,0.8010817307692307,0.09498797434450151,312.0,43
Wainberg,98,0.1,0.1,"GoCoGrid-knapEB (grid path, all blocks)",adapt_800_to_775_q0.175,0.0714822119290365,0.09570682474511377,0.28531440709946093,0.0937162698787091,171,331.0,1664.0,557,0.8010817307692307,0.09498797434450151,312.0,43
Wainberg,98,0.1,0.1,"GoCoGrid-learned (grid path, all blocks)",adapt_800_to_775_q0.4,0.030763787406065134,0.09457567323011425,0.2824313113698298,0.09093769438448411,177,351.0,1767.0,540,0.801358234295416,0.09261670636006074,327.0,146
Wainberg,98,0.1,0.1,"GoCoGrid-learnedgb (grid path, all blocks)",adapt_800_to_775_q0.4,0.026541637565301465,0.09439126688857691,0.28228591759414445,0.09131358134603137,176,347.0,1721.0,543,0.7983730389308542,0.0928978677909804,324.0,125
Wainberg,98,0.1,0.1,"GoCoGrid-ens (grid path, all blocks)",adapt_800_to_775_q0.3,0.056403088019919737,0.09536748163899729,0.2844003401691885,0.09346465068232816,176,344.0,1773.0,556,0.8059785673998872,0.09501542272372505,322.0,98
Wainberg,98,0.1,0.5,"GoCoGrid-knap (grid path, all blocks)",adapt_800_to_775_q0.25,0.41886368049708633,0.09938946035409056,0.29021280699800994,0.09696189625170624,173,337.0,1768.0,572,0.8093891402714932,0.09830395388623339,317.0,78
Wainberg,98,0.1,0.5,"GoCoGrid-knapEB (grid path, all blocks)",adapt_800_to_775_q0.25,0.38339185219625416,0.09911687057742441,0.2898753355858501,0.09664530698610993,173,335.0,1749.0,571,0.808461978273299,0.09798736462063706,315.0,71
Wainberg,98,0.1,0.5,"GoCoGrid-learned (grid path, all blocks)",adapt_800_to_775_q0.4,0.030763787406065134,0.09457567323011425,0.2824313113698298,0.09093769438448411,177,351.0,1767.0,540,0.801358234295416,0.09261670636006074,327.0,146
Wainberg,98,0.1,0.5,"GoCoGrid-learnedgb (grid path, all blocks)",adapt_800_to_775_q0.5,0.14353581290284645,0.09687648172071366,0.2856315835247489,0.09505285249386924,177,348.0,1796.0,560,0.8062360801781737,0.09670749210755299,324.0,151
Wainberg,98,0.1,0.5,"GoCoGrid-ens (grid path, all blocks)",adapt_800_to_775_q0.35,0.2776525898417379,0.09825517465727508,0.2879792186769972,0.09555350035215139,177,347.0,1818.0,566,0.8091309130913091,0.0972801553279652,323.0,120
Wainberg,99,0.1,0.1,"GoCoGrid-knap (grid path, all blocks)",adapt_800_to_775_q0.15,0.05910058224878163,0.0954157394355355,0.28564144056564883,0.08957219829899996,181,319.0,1699.0,535,0.8122424955856387,0.09161720136805596,295.0,33
Wainberg,99,0.1,0.1,"GoCoGrid-knapEB (grid path, all blocks)",adapt_800_to_775_q0.15,0.05089859620233189,0.09520563323251605,0.2852526029883773,0.08957219829899996,182,320.0,1700.0,536,0.8117647058823529,0.09161720136805596,296.0,34
Wainberg,99,0.1,0.1,"GoCoGrid-learned (grid path, all blocks)",adapt_800_to_775_q0.4,0.07751030980846749,0.09583366254632127,0.28522288099022086,0.09019611235873112,190,340.0,1863.0,538,0.8174986580783682,0.092713667121478,311.0,129
Wainberg,99,0.1,0.1,"GoCoGrid-learnedgb (grid path, all blocks)",adapt_800_to_775_q0.4,0.07174700152609176,0.09571962498330461,0.2848405509681254,0.09045809419623604,187,337.0,1858.0,536,0.8186221743810549,0.09233074488079765,312.0,123
Wainberg,99,0.1,0.1,"GoCoGrid-ens (grid path, all blocks)",adapt_800_to_775_q0.225,0.04333067145881063,0.09499028649692534,0.2846560395943318,0.08906113273952017,188,338.0,1813.0,533,0.8135686707115278,0.09125153235729458,311.0,79
Wainberg,99,0.1,0.5,"GoCoGrid-knap (grid path, all blocks)",adapt_800_to_775_q0.175,0.19539908766516384,0.09745948174114379,0.2881934089891716,0.09208807801146103,185,325.0,1788.0,548,0.8182326621923938,0.09421046957241527,299.0,56
Wainberg,99,0.1,0.5,"GoCoGrid-knapEB (grid path, all blocks)",adapt_800_to_775_q0.2,0.47758402579809595,0.09983177033311093,0.2913142695095055,0.09470705862548996,187,331.0,1875.0,561,0.8234666666666667,0.09689980335517893,304.0,88
Wainberg,99,0.1,0.5,"GoCoGrid-learned (grid path, all blocks)",adapt_800_to_775_q0.4,0.07751030980846749,0.09583366254632127,0.28522288099022086,0.09019611235873112,190,340.0,1863.0,538,0.8174986580783682,0.092713667121478,311.0,129
Wainberg,99,0.1,0.5,"GoCoGrid-learnedgb (grid path, all blocks)",adapt_800_to_775_q0.4,0.07174700152609176,0.09571962498330461,0.2848405509681254,0.09045809419623604,187,337.0,1858.0,536,0.8186221743810549,0.09233074488079765,312.0,123
Wainberg,99,0.1,0.5,"GoCoGrid-ens (grid path, all blocks)",adapt_800_to_775_q0.275,0.24554062200709786,0.09795898370546191,0.2885500334035648,0.09186772180350836,192,342.0,1894.0,548,0.8194297782470961,0.09423400434940965,313.0,109
